trace_name,station_code,timestamp,window_start_utc,n_components_found,channels_found,npts,sampling_rate_hz,status,reason
PTGC.2018.061.07.55.44,PTGC,2018.061.07.55.44,2018-03-02T07:55:44.518393Z,3,"HHE,HHN,HHZ",15001,100.0,ok,
PTGC.2018.063.20.32.30,PTGC,2018.063.20.32.30,2018-03-04T20:32:30.938391Z,3,"HHE,HHN,HHZ",15001,100.0,ok,
PTGC.2018.063.22.53.17,PTGC,2018.063.22.53.17,2018-03-04T22:53:17.448393Z,3,"HHE,HHN,HHZ",15001,100.0,ok,
PTGC.2018.063.23.24.13,PTGC,2018.063.23.24.13,2018-03-04T23:24:13.188393Z,3,"HHE,HHN,HHZ",15001,100.0,ok,
PTGC.2018.064.06.08.39,PTGC,2018.064.06.08.39,2018-03-05T06:08:39.498393Z,3,"HHE,HHN,HHZ",15001,100.0,ok,
PTGC.2018.065.14.36.16,PTGC,2018.065.14.36.16,2018-03-06T14:36:16.158393Z,3,"HHE,HHN,HHZ",15001,100.0,ok,
PTGC.2018.068.02.03.44,PTGC,2018.068.02.03.44,2018-03-09T02:03:44.298393Z,3,"HHE,HHN,HHZ",15001,100.0,ok,
PTGC.2018.068.22.41.49,PTGC,2018.068.22.41.49,2018-03-09T22:41:49.568391Z,3,"HHE,HHN,HHZ",15001,100.0,ok,
PTGC.2018.069.09.54.35,PTGC,2018.069.09.54.35,2018-03-10T09:54:35.118393Z,3,"HHE,HHN,HHZ",15001,100.0,ok,
PTGC.2018.069.11.53.28,PTGC,2018.069.11.53.28,2018-03-10T11:53:28.808393Z,3,"HHE,HHN,HHZ",15001,100.0,ok,
PTGC.2018.069.12.25.54,PTGC,2018.069.12.25.54,2018-03-10T12:25:54.688393Z,3,"HHE,HHN,HHZ",15001,100.0,ok,
PTGC.2018.069.16.44.58,PTGC,2018.069.16.44.58,2018-03-10T16:44:58.058393Z,3,"HHE,HHN,HHZ",15001,100.0,ok,
PTGC.2018.069.21.59.53,PTGC,2018.069.21.59.53,2018-03-10T21:59:53.208393Z,3,"HHE,HHN,HHZ",15001,100.0,ok,
PTGC.2018.070.21.34.19,PTGC,2018.070.21.34.19,2018-03-11T21:34:19.688393Z,3,"HHE,HHN,HHZ",15001,100.0,ok,
PTGC.2018.071.10.20.29,PTGC,2018.071.10.20.29,2018-03-12T10:20:29.758393Z,3,"HHE,HHN,HHZ",15001,100.0,ok,
PTGC.2018.076.02.00.21,PTGC,2018.076.02.00.21,2018-03-17T02:00:21.228394Z,3,"HHE,HHN,HHZ",15001,100.0,ok,
PTGC.2018.076.11.21.37,PTGC,2018.076.11.21.37,2018-03-17T11:21:37.558393Z,3,"HHE,HHN,HHZ",15001,100.0,ok,
PTGC.2018.076.18.46.49,PTGC,2018.076.18.46.49,2018-03-17T18:46:49.518393Z,3,"HHE,HHN,HHZ",15001,100.0,ok,
PTGC.2018.077.05.45.56,PTGC,2018.077.05.45.56,2018-03-18T05:45:56.938393Z,3,"HHE,HHN,HHZ",15001,100.0,ok,
PTGC.2018.077.10.33.18,PTGC,2018.077.10.33.18,2018-03-18T10:33:18.838393Z,3,"HHE,HHN,HHZ",15001,100.0,ok,
PTGC.2018.078.08.04.26,PTGC,2018.078.08.04.26,2018-03-19T08:04:26.078393Z,3,"HHE,HHN,HHZ",15001,100.0,ok,
PTGC.2018.078.15.45.07,PTGC,2018.078.15.45.07,2018-03-19T15:45:07.138393Z,3,"HHE,HHN,HHZ",15001,100.0,ok,
PTGC.2018.078.16.28.37,PTGC,2018.078.16.28.37,2018-03-19T16:28:37.978393Z,3,"HHE,HHN,HHZ",15001,100.0,ok,
PTGC.2018.079.04.20.00,PTGC,2018.079.04.20.00,2018-03-20T04:20:00.958393Z,3,"HHE,HHN,HHZ",15001,100.0,ok,
PTGC.2018.079.06.45.43,PTGC,2018.079.06.45.43,2018-03-20T06:45:43.628393Z,3,"HHE,HHN,HHZ",15001,100.0,ok,
PTGC.2018.079.13.52.48,PTGC,2018.079.13.52.48,2018-03-20T13:52:48.588393Z,3,"HHE,HHN,HHZ",15001,100.0,ok,
PTGC.2018.079.21.23.04,PTGC,2018.079.21.23.04,2018-03-20T21:23:04.308393Z,3,"HHE,HHN,HHZ",15001,100.0,ok,
PTGC.2018.079.22.58.48,PTGC,2018.079.22.58.48,2018-03-20T22:58:48.398393Z,3,"HHE,HHN,HHZ",15001,100.0,ok,
PTGC.2018.083.16.00.41,PTGC,2018.083.16.00.41,2018-03-24T16:00:41.408393Z,3,"HHE,HHN,HHZ",15001,100.0,ok,
PTGC.2018.083.16.41.31,PTGC,2018.083.16.41.31,2018-03-24T16:41:31.398393Z,3,"HHE,HHN,HHZ",15001,100.0,ok,
PTGC.2018.084.01.59.00,PTGC,2018.084.01.59.00,2018-03-25T01:59:00.438393Z,3,"HHE,HHN,HHZ",15001,100.0,ok,
PTGC.2018.085.00.55.32,PTGC,2018.085.00.55.32,2018-03-26T00:55:32.518393Z,3,"HHE,HHN,HHZ",15001,100.0,ok,
PTGC.2018.086.16.50.17,PTGC,2018.086.16.50.17,2018-03-27T16:50:17.978393Z,3,"HHE,HHN,HHZ",15001,100.0,ok,
PTGC.2018.086.22.32.38,PTGC,2018.086.22.32.38,2018-03-27T22:32:38.658393Z,3,"HHE,HHN,HHZ",15001,100.0,ok,
PTGC.2018.087.07.29.23,PTGC,2018.087.07.29.23,2018-03-28T07:29:23.118393Z,3,"HHE,HHN,HHZ",15001,100.0,ok,
PTGC.2018.087.08.24.21,PTGC,2018.087.08.24.21,2018-03-28T08:24:21.228393Z,3,"HHE,HHN,HHZ",15001,100.0,ok,
PTGC.2018.087.14.30.01,PTGC,2018.087.14.30.01,2018-03-28T14:30:01.758393Z,3,"HHE,HHN,HHZ",15001,100.0,ok,
PTGC.2018.087.19.23.09,PTGC,2018.087.19.23.09,2018-03-28T19:23:09.038393Z,3,"HHE,HHN,HHZ",15001,100.0,ok,
PTGC.2018.088.11.48.28,PTGC,2018.088.11.48.28,2018-03-29T11:48:28.598393Z,3,"HHE,HHN,HHZ",15001,100.0,ok,
PTGC.2018.088.22.38.09,PTGC,2018.088.22.38.09,2018-03-29T22:38:09.998393Z,3,"HHE,HHN,HHZ",15001,100.0,ok,
PTGC.2018.091.21.45.44,PTGC,2018.091.21.45.44,2018-04-01T21:45:44.798393Z,3,"HHE,HHN,HHZ",15001,100.0,ok,
PTGC.2018.092.02.11.08,PTGC,2018.092.02.11.08,2018-04-02T02:11:08.938393Z,3,"HHE,HHN,HHZ",15001,100.0,ok,
PTGC.2018.092.05.25.34,PTGC,2018.092.05.25.34,2018-04-02T05:25:34.378393Z,3,"HHE,HHN,HHZ",15001,100.0,ok,
PTGC.2018.092.07.55.41,PTGC,2018.092.07.55.41,2018-04-02T07:55:41.198393Z,3,"HHE,HHN,HHZ",15001,100.0,ok,
PTGC.2018.093.00.12.17,PTGC,2018.093.00.12.17,2018-04-03T00:12:17.068393Z,3,"HHE,HHN,HHZ",15001,100.0,ok,
PTGC.2018.093.10.03.06,PTGC,2018.093.10.03.06,2018-04-03T10:03:06.338393Z,3,"HHE,HHN,HHZ",15001,100.0,ok,
PTGC.2018.093.10.12.32,PTGC,2018.093.10.12.32,2018-04-03T10:12:32.038393Z,3,"HHE,HHN,HHZ",15001,100.0,ok,
PTGC.2018.093.16.38.56,PTGC,2018.093.16.38.56,2018-04-03T16:38:56.398393Z,3,"HHE,HHN,HHZ",15001,100.0,ok,
PTGC.2018.095.18.05.56,PTGC,2018.095.18.05.56,2018-04-05T18:05:56.288393Z,3,"HHE,HHN,HHZ",15001,100.0,ok,
PTGC.2018.096.11.23.39,PTGC,2018.096.11.23.39,2018-04-06T11:23:39.188393Z,3,"HHE,HHN,HHZ",15001,100.0,ok,
PTGC.2018.096.12.15.41,PTGC,2018.096.12.15.41,2018-04-06T12:15:41.398393Z,3,"HHE,HHN,HHZ",15001,100.0,ok,
PTGC.2018.097.21.34.34,PTGC,2018.097.21.34.34,2018-04-07T21:34:34.208393Z,3,"HHE,HHN,HHZ",15001,100.0,ok,
PTGC.2018.097.23.08.59,PTGC,2018.097.23.08.59,2018-04-07T23:08:59.358393Z,3,"HHE,HHN,HHZ",15001,100.0,ok,
PTGC.2018.098.16.11.00,PTGC,2018.098.16.11.00,2018-04-08T16:11:00.128393Z,3,"HHE,HHN,HHZ",15001,100.0,ok,
PTGC.2018.099.09.30.12,PTGC,2018.099.09.30.12,2018-04-09T09:30:12.328393Z,3,"HHE,HHN,HHZ",15001,100.0,ok,
PTGC.2018.099.22.16.16,PTGC,2018.099.22.16.16,2018-04-09T22:16:16.648393Z,3,"HHE,HHN,HHZ",15001,100.0,ok,
PTGC.2018.100.02.15.50,PTGC,2018.100.02.15.50,2018-04-10T02:15:50.168393Z,3,"HHE,HHN,HHZ",15001,100.0,ok,
PTGC.2018.100.04.19.23,PTGC,2018.100.04.19.23,2018-04-10T04:19:23.398393Z,3,"HHE,HHN,HHZ",15001,100.0,ok,
PTGC.2018.100.14.17.48,PTGC,2018.100.14.17.48,2018-04-10T14:17:48.968393Z,3,"HHE,HHN,HHZ",15001,100.0,ok,
PTGC.2018.101.04.35.19,PTGC,2018.101.04.35.19,2018-04-11T04:35:19.428393Z,3,"HHE,HHN,HHZ",15001,100.0,ok,
PTGC.2018.101.09.31.49,PTGC,2018.101.09.31.49,2018-04-11T09:31:49.168393Z,3,"HHE,HHN,HHZ",15001,100.0,ok,
PTGC.2018.102.00.47.51,PTGC,2018.102.00.47.51,2018-04-12T00:47:51.488393Z,3,"HHE,HHN,HHZ",15001,100.0,ok,
PTGC.2018.102.08.46.04,PTGC,2018.102.08.46.04,2018-04-12T08:46:04.808393Z,3,"HHE,HHN,HHZ",15001,100.0,ok,
PTGC.2018.105.14.56.16,PTGC,2018.105.14.56.16,2018-04-15T14:56:16.568391Z,3,"HHE,HHN,HHZ",15001,100.0,ok,
PTGC.2018.106.02.22.37,PTGC,2018.106.02.22.37,2018-04-16T02:22:37.548393Z,3,"HHE,HHN,HHZ",15001,100.0,ok,
PTGC.2018.106.15.33.33,PTGC,2018.106.15.33.33,2018-04-16T15:33:33.928393Z,3,"HHE,HHN,HHZ",15001,100.0,ok,
PTGC.2018.106.15.54.27,PTGC,2018.106.15.54.27,2018-04-16T15:54:27.198393Z,3,"HHE,HHN,HHZ",15001,100.0,ok,
PTGC.2018.106.20.02.19,PTGC,2018.106.20.02.19,2018-04-16T20:02:19.788393Z,3,"HHE,HHN,HHZ",15001,100.0,ok,
PTGC.2018.106.21.26.03,PTGC,2018.106.21.26.03,2018-04-16T21:26:03.038393Z,3,"HHE,HHN,HHZ",15001,100.0,ok,
PTGC.2018.107.08.08.24,PTGC,2018.107.08.08.24,2018-04-17T08:08:24.908393Z,3,"HHE,HHN,HHZ",15001,100.0,ok,
PTGC.2018.108.06.02.15,PTGC,2018.108.06.02.15,2018-04-18T06:02:15.988393Z,3,"HHE,HHN,HHZ",15001,100.0,ok,
PTGC.2018.109.01.48.42,PTGC,2018.109.01.48.42,2018-04-19T01:48:42.568393Z,3,"HHE,HHN,HHZ",15001,100.0,ok,
PTGC.2018.109.06.37.07,PTGC,2018.109.06.37.07,2018-04-19T06:37:07.418393Z,3,"HHE,HHN,HHZ",15001,100.0,ok,
PTGC.2018.109.16.50.25,PTGC,2018.109.16.50.25,2018-04-19T16:50:25.238393Z,3,"HHE,HHN,HHZ",15001,100.0,ok,
PTGC.2018.109.23.35.14,PTGC,2018.109.23.35.14,2018-04-19T23:35:14.948393Z,3,"HHE,HHN,HHZ",15001,100.0,ok,
PTGC.2018.109.23.47.50,PTGC,2018.109.23.47.50,2018-04-19T23:47:50.058393Z,3,"HHE,HHN,HHZ",15001,100.0,ok,
PTGC.2018.109.23.52.20,PTGC,2018.109.23.52.20,2018-04-19T23:52:20.548393Z,3,"HHE,HHN,HHZ",15001,100.0,ok,
PTGC.2018.110.11.50.11,PTGC,2018.110.11.50.11,2018-04-20T11:50:11.838393Z,3,"HHE,HHN,HHZ",15001,100.0,ok,
PTGC.2018.110.12.53.10,PTGC,2018.110.12.53.10,2018-04-20T12:53:10.748393Z,3,"HHE,HHN,HHZ",15001,100.0,ok,
PTGC.2018.111.09.32.22,PTGC,2018.111.09.32.22,2018-04-21T09:32:22.898393Z,3,"HHE,HHN,HHZ",15001,100.0,ok,
PTGC.2018.112.00.54.45,PTGC,2018.112.00.54.45,2018-04-22T00:54:45.848393Z,3,"HHE,HHN,HHZ",15001,100.0,ok,
PTGC.2018.112.20.26.58,PTGC,2018.112.20.26.58,2018-04-22T20:26:58.978393Z,3,"HHE,HHN,HHZ",15001,100.0,ok,
PTGC.2018.115.12.42.42,PTGC,2018.115.12.42.42,2018-04-25T12:42:42.058393Z,3,"HHE,HHN,HHZ",15001,100.0,ok,
PTGC.2018.115.20.20.42,PTGC,2018.115.20.20.42,2018-04-25T20:20:42.778393Z,3,"HHE,HHN,HHZ",15001,100.0,ok,
PTGC.2018.116.04.02.42,PTGC,2018.116.04.02.42,2018-04-26T04:02:42.018393Z,3,"HHE,HHN,HHZ",15001,100.0,ok,
PTGC.2018.116.13.10.29,PTGC,2018.116.13.10.29,2018-04-26T13:10:29.398393Z,3,"HHE,HHN,HHZ",15001,100.0,ok,
PTGC.2018.116.14.44.21,PTGC,2018.116.14.44.21,2018-04-26T14:44:21.318393Z,3,"HHE,HHN,HHZ",15001,100.0,ok,
PTGC.2018.116.17.41.05,PTGC,2018.116.17.41.05,2018-04-26T17:41:05.318391Z,3,"HHE,HHN,HHZ",15001,100.0,ok,
PTGC.2018.118.14.46.53,PTGC,2018.118.14.46.53,2018-04-28T14:46:53.448393Z,3,"HHE,HHN,HHZ",15001,100.0,ok,
PTGC.2018.120.08.27.26,PTGC,2018.120.08.27.26,2018-04-30T08:27:26.668393Z,3,"HHE,HHN,HHZ",15001,100.0,ok,
PTGC.2018.121.14.45.28,PTGC,2018.121.14.45.28,2018-05-01T14:45:28.608393Z,3,"HHE,HHN,HHZ",15001,100.0,ok,
PTGC.2018.121.19.19.58,PTGC,2018.121.19.19.58,2018-05-01T19:19:57.998391Z,3,"HHE,HHN,HHZ",15001,100.0,ok,
PTGC.2018.121.20.10.00,PTGC,2018.121.20.10.00,2018-05-01T20:10:00.118393Z,3,"HHE,HHN,HHZ",15001,100.0,ok,
PTGC.2018.122.01.15.08,PTGC,2018.122.01.15.08,2018-05-02T01:15:08.348393Z,3,"HHE,HHN,HHZ",15001,100.0,ok,
PTGC.2018.122.01.34.32,PTGC,2018.122.01.34.32,2018-05-02T01:34:32.918393Z,3,"HHE,HHN,HHZ",15001,100.0,ok,
PTGC.2018.122.01.35.00,PTGC,2018.122.01.35.00,2018-05-02T01:35:00.228393Z,3,"HHE,HHN,HHZ",15001,100.0,ok,
PTGC.2018.122.07.33.27,PTGC,2018.122.07.33.27,2018-05-02T07:33:27.478393Z,3,"HHE,HHN,HHZ",15001,100.0,ok,
PTGC.2018.124.23.00.26,PTGC,2018.124.23.00.26,2018-05-04T23:00:26.948393Z,3,"HHE,HHN,HHZ",15001,100.0,ok,
PTGC.2018.125.21.06.27,PTGC,2018.125.21.06.27,2018-05-05T21:06:27.698393Z,3,"HHE,HHN,HHZ",15001,100.0,ok,
PTGC.2018.125.23.52.32,PTGC,2018.125.23.52.32,2018-05-05T23:52:32.088393Z,3,"HHE,HHN,HHZ",15001,100.0,ok,
PTGC.2018.127.03.06.59,PTGC,2018.127.03.06.59,2018-05-07T03:06:59.888393Z,3,"HHE,HHN,HHZ",15001,100.0,ok,
PTGC.2018.127.05.35.55,PTGC,2018.127.05.35.55,2018-05-07T05:35:55.448393Z,3,"HHE,HHN,HHZ",15001,100.0,ok,
PTGC.2018.127.22.40.19,PTGC,2018.127.22.40.19,2018-05-07T22:40:19.348393Z,3,"HHE,HHN,HHZ",15001,100.0,ok,
PTGC.2018.128.07.30.58,PTGC,2018.128.07.30.58,2018-05-08T07:30:58.368393Z,3,"HHE,HHN,HHZ",15001,100.0,ok,
PTGC.2018.128.09.29.27,PTGC,2018.128.09.29.27,2018-05-08T09:29:27.008393Z,3,"HHE,HHN,HHZ",15001,100.0,ok,
PTGC.2018.128.09.40.56,PTGC,2018.128.09.40.56,2018-05-08T09:40:56.958393Z,3,"HHE,HHN,HHZ",15001,100.0,ok,
PTGC.2018.128.17.12.42,PTGC,2018.128.17.12.42,2018-05-08T17:12:42.648393Z,3,"HHE,HHN,HHZ",15001,100.0,ok,
PTGC.2018.128.19.45.54,PTGC,2018.128.19.45.54,2018-05-08T19:45:54.168393Z,3,"HHE,HHN,HHZ",15001,100.0,ok,
PTGC.2018.128.19.52.58,PTGC,2018.128.19.52.58,2018-05-08T19:52:58.098391Z,3,"HHE,HHN,HHZ",15001,100.0,ok,
PTGC.2018.128.20.55.50,PTGC,2018.128.20.55.50,2018-05-08T20:55:50.808393Z,3,"HHE,HHN,HHZ",15001,100.0,ok,
PTGC.2018.129.12.06.52,PTGC,2018.129.12.06.52,2018-05-09T12:06:52.498393Z,3,"HHE,HHN,HHZ",15001,100.0,ok,
PTGC.2018.129.12.09.00,PTGC,2018.129.12.09.00,2018-05-09T12:09:00.178393Z,3,"HHE,HHN,HHZ",15001,100.0,ok,
PTGC.2018.130.10.35.19,PTGC,2018.130.10.35.19,2018-05-10T10:35:19.548393Z,3,"HHE,HHN,HHZ",15001,100.0,ok,
PTGC.2018.130.10.44.42,PTGC,2018.130.10.44.42,2018-05-10T10:44:42.738393Z,3,"HHE,HHN,HHZ",15001,100.0,ok,
PTGC.2018.130.10.47.33,PTGC,2018.130.10.47.33,2018-05-10T10:47:33.788393Z,3,"HHE,HHN,HHZ",15001,100.0,ok,
PTGC.2018.130.17.31.38,PTGC,2018.130.17.31.38,2018-05-10T17:31:38.928391Z,3,"HHE,HHN,HHZ",15001,100.0,ok,
PTGC.2018.130.20.54.59,PTGC,2018.130.20.54.59,2018-05-10T20:54:59.768393Z,3,"HHE,HHN,HHZ",15001,100.0,ok,
PTGC.2018.131.04.59.36,PTGC,2018.131.04.59.36,2018-05-11T04:59:36.118393Z,3,"HHE,HHN,HHZ",15001,100.0,ok,
PTGC.2018.131.23.20.04,PTGC,2018.131.23.20.04,2018-05-11T23:20:04.478391Z,3,"HHE,HHN,HHZ",15001,100.0,ok,
PTGC.2018.132.04.28.58,PTGC,2018.132.04.28.58,2018-05-12T04:28:58.438393Z,3,"HHE,HHN,HHZ",15001,100.0,ok,
PTGC.2018.133.07.07.12,PTGC,2018.133.07.07.12,2018-05-13T07:07:12.628393Z,3,"HHE,HHN,HHZ",15001,100.0,ok,
PTGC.2018.134.12.56.11,PTGC,2018.134.12.56.11,2018-05-14T12:56:11.948391Z,3,"HHE,HHN,HHZ",15001,100.0,ok,
PTGC.2018.134.22.05.25,PTGC,2018.134.22.05.25,2018-05-14T22:05:25.008393Z,3,"HHE,HHN,HHZ",15001,100.0,ok,
PTGC.2018.135.01.47.07,PTGC,2018.135.01.47.07,2018-05-15T01:47:07.138394Z,3,"HHE,HHN,HHZ",15001,100.0,ok,
PTGC.2018.136.14.38.57,PTGC,2018.136.14.38.57,2018-05-16T14:38:57.058393Z,3,"HHE,HHN,HHZ",15001,100.0,ok,
PTGC.2018.137.00.14.30,PTGC,2018.137.00.14.30,2018-05-17T00:14:30.308393Z,3,"HHE,HHN,HHZ",15001,100.0,ok,
PTGC.2018.137.00.29.32,PTGC,2018.137.00.29.32,2018-05-17T00:29:32.918393Z,3,"HHE,HHN,HHZ",15001,100.0,ok,
PTGC.2018.137.03.46.15,PTGC,2018.137.03.46.15,2018-05-17T03:46:15.968393Z,3,"HHE,HHN,HHZ",15001,100.0,ok,
PTGC.2018.137.19.15.37,PTGC,2018.137.19.15.37,2018-05-17T19:15:37.858391Z,3,"HHE,HHN,HHZ",15001,100.0,ok,
PTGC.2018.137.22.07.39,PTGC,2018.137.22.07.39,2018-05-17T22:07:39.628393Z,3,"HHE,HHN,HHZ",15001,100.0,ok,
PTGC.2018.138.01.24.17,PTGC,2018.138.01.24.17,2018-05-18T01:24:17.768393Z,3,"HHE,HHN,HHZ",15001,100.0,ok,
PTGC.2018.139.07.57.37,PTGC,2018.139.07.57.37,2018-05-19T07:57:37.218393Z,3,"HHE,HHN,HHZ",15001,100.0,ok,
PTGC.2018.139.12.04.27,PTGC,2018.139.12.04.27,2018-05-19T12:04:27.598393Z,3,"HHE,HHN,HHZ",15001,100.0,ok,
PTGC.2018.140.09.34.08,PTGC,2018.140.09.34.08,2018-05-20T09:34:08.538393Z,3,"HHE,HHN,HHZ",15001,100.0,ok,
PTGC.2018.140.19.41.54,PTGC,2018.140.19.41.54,2018-05-20T19:41:54.138391Z,3,"HHE,HHN,HHZ",15001,100.0,ok,
PTGC.2018.140.23.43.45,PTGC,2018.140.23.43.45,2018-05-20T23:43:45.028393Z,3,"HHE,HHN,HHZ",15001,100.0,ok,
PTGC.2018.141.08.12.50,PTGC,2018.141.08.12.50,2018-05-21T08:12:50.068393Z,3,"HHE,HHN,HHZ",15001,100.0,ok,
PTGC.2018.141.08.51.44,PTGC,2018.141.08.51.44,2018-05-21T08:51:44.858393Z,3,"HHE,HHN,HHZ",15001,100.0,ok,
PTGC.2018.141.13.40.28,PTGC,2018.141.13.40.28,2018-05-21T13:40:28.258393Z,3,"HHE,HHN,HHZ",15001,100.0,ok,
PTGC.2018.142.11.13.08,PTGC,2018.142.11.13.08,2018-05-22T11:13:08.038393Z,3,"HHE,HHN,HHZ",15001,100.0,ok,
PTGC.2018.142.23.05.23,PTGC,2018.142.23.05.23,2018-05-22T23:05:23.448393Z,3,"HHE,HHN,HHZ",15001,100.0,ok,
PTGC.2018.143.04.53.39,PTGC,2018.143.04.53.39,2018-05-23T04:53:39.098393Z,3,"HHE,HHN,HHZ",15001,100.0,ok,
PTGC.2018.143.12.49.04,PTGC,2018.143.12.49.04,2018-05-23T12:49:04.158393Z,3,"HHE,HHN,HHZ",15001,100.0,ok,
PTGC.2018.144.09.54.40,PTGC,2018.144.09.54.40,2018-05-24T09:54:40.578393Z,3,"HHE,HHN,HHZ",15001,100.0,ok,
PTGC.2018.145.13.35.22,PTGC,2018.145.13.35.22,2018-05-25T13:35:22.138393Z,3,"HHE,HHN,HHZ",15001,100.0,ok,
PTGC.2018.145.17.36.56,PTGC,2018.145.17.36.56,2018-05-25T17:36:56.588393Z,3,"HHE,HHN,HHZ",15001,100.0,ok,
PTGC.2018.146.06.15.11,PTGC,2018.146.06.15.11,2018-05-26T06:15:11.018393Z,3,"HHE,HHN,HHZ",15001,100.0,ok,
PTGC.2018.146.17.28.12,PTGC,2018.146.17.28.12,2018-05-26T17:28:12.128393Z,3,"HHE,HHN,HHZ",15001,100.0,ok,
PTGC.2018.146.22.58.17,PTGC,2018.146.22.58.17,2018-05-26T22:58:17.828393Z,3,"HHE,HHN,HHZ",15001,100.0,ok,
PTGC.2018.147.03.17.11,PTGC,2018.147.03.17.11,2018-05-27T03:17:11.848393Z,3,"HHE,HHN,HHZ",15001,100.0,ok,
PTGC.2018.147.07.56.04,PTGC,2018.147.07.56.04,2018-05-27T07:56:04.858393Z,3,"HHE,HHN,HHZ",15001,100.0,ok,
PTGC.2018.147.17.36.23,PTGC,2018.147.17.36.23,2018-05-27T17:36:23.188393Z,3,"HHE,HHN,HHZ",15001,100.0,ok,
PTGC.2018.149.01.57.12,PTGC,2018.149.01.57.12,2018-05-29T01:57:12.098391Z,3,"HHE,HHN,HHZ",15001,100.0,ok,
PTGC.2018.149.16.31.37,PTGC,2018.149.16.31.37,2018-05-29T16:31:37.858393Z,3,"HHE,HHN,HHZ",15001,100.0,ok,
PTGC.2018.150.01.44.38,PTGC,2018.150.01.44.38,2018-05-30T01:44:38.358393Z,3,"HHE,HHN,HHZ",15001,100.0,ok,
PTGC.2018.150.08.05.16,PTGC,2018.150.08.05.16,2018-05-30T08:05:16.438393Z,3,"HHE,HHN,HHZ",15001,100.0,ok,
PTGC.2018.150.19.42.32,PTGC,2018.150.19.42.32,2018-05-30T19:42:32.728391Z,3,"HHE,HHN,HHZ",15001,100.0,ok,
PTGC.2018.151.10.17.30,PTGC,2018.151.10.17.30,2018-05-31T10:17:30.278393Z,3,"HHE,HHN,HHZ",15001,100.0,ok,
PTGC.2018.155.04.51.04,PTGC,2018.155.04.51.04,2018-06-04T04:51:04.668393Z,3,"HHE,HHN,HHZ",15001,100.0,ok,
PTGC.2018.155.16.37.01,PTGC,2018.155.16.37.01,2018-06-04T16:37:01.238393Z,3,"HHE,HHN,HHZ",15001,100.0,ok,
PTGC.2018.155.20.33.50,PTGC,2018.155.20.33.50,2018-06-04T20:33:50.598393Z,3,"HHE,HHN,HHZ",15001,100.0,ok,
PTGC.2018.157.09.49.39,PTGC,2018.157.09.49.39,2018-06-06T09:49:39.588393Z,3,"HHE,HHN,HHZ",15001,100.0,ok,
PTGC.2018.157.18.22.24,PTGC,2018.157.18.22.24,2018-06-06T18:22:24.418393Z,3,"HHE,HHN,HHZ",15001,100.0,ok,
PTGC.2018.158.03.40.06,PTGC,2018.158.03.40.06,2018-06-07T03:40:06.978393Z,3,"HHE,HHN,HHZ",15001,100.0,ok,
PTGC.2018.160.03.09.03,PTGC,2018.160.03.09.03,2018-06-09T03:09:03.328393Z,3,"HHE,HHN,HHZ",15001,100.0,ok,
PTGC.2018.160.08.46.00,PTGC,2018.160.08.46.00,2018-06-09T08:46:00.418393Z,3,"HHE,HHN,HHZ",15001,100.0,ok,
PTGC.2018.161.23.33.21,PTGC,2018.161.23.33.21,2018-06-10T23:33:21.858393Z,3,"HHE,HHN,HHZ",15001,100.0,ok,
PTGC.2018.162.01.40.02,PTGC,2018.162.01.40.02,2018-06-11T01:40:02.838393Z,3,"HHE,HHN,HHZ",15001,100.0,ok,
PTGC.2018.162.01.43.52,PTGC,2018.162.01.43.52,2018-06-11T01:43:52.858393Z,3,"HHE,HHN,HHZ",15001,100.0,ok,
PTGC.2018.162.14.43.01,PTGC,2018.162.14.43.01,2018-06-11T14:43:01.158393Z,3,"HHE,HHN,HHZ",15001,100.0,ok,
PTGC.2018.163.14.56.58,PTGC,2018.163.14.56.58,2018-06-12T14:56:58.588391Z,3,"HHE,HHN,HHZ",15001,100.0,ok,
PTGC.2018.164.02.20.34,PTGC,2018.164.02.20.34,2018-06-13T02:20:34.768393Z,3,"HHE,HHN,HHZ",15001,100.0,ok,
PTGC.2018.165.01.22.20,PTGC,2018.165.01.22.20,2018-06-14T01:22:20.508393Z,3,"HHE,HHN,HHZ",15001,100.0,ok,
PTGC.2018.165.13.14.46,PTGC,2018.165.13.14.46,2018-06-14T13:14:46.868393Z,3,"HHE,HHN,HHZ",15001,100.0,ok,
PTGC.2018.166.04.19.03,PTGC,2018.166.04.19.03,2018-06-15T04:19:03.928393Z,3,"HHE,HHN,HHZ",15001,100.0,ok,
PTGC.2018.168.07.44.59,PTGC,2018.168.07.44.59,2018-06-17T07:44:59.768393Z,3,"HHE,HHN,HHZ",15001,100.0,ok,
PTGC.2018.169.12.00.32,PTGC,2018.169.12.00.32,2018-06-18T12:00:32.838393Z,3,"HHE,HHN,HHZ",15001,100.0,ok,
PTGC.2018.170.06.50.21,PTGC,2018.170.06.50.21,2018-06-19T06:50:21.858393Z,3,"HHE,HHN,HHZ",15001,100.0,ok,
PTGC.2018.175.18.39.01,PTGC,2018.175.18.39.01,2018-06-24T18:39:01.098393Z,3,"HHE,HHN,HHZ",15001,100.0,ok,
PTGC.2018.176.15.20.26,PTGC,2018.176.15.20.26,2018-06-25T15:20:26.968393Z,3,"HHE,HHN,HHZ",15001,100.0,ok,
PTGC.2018.176.22.36.44,PTGC,2018.176.22.36.44,2018-06-25T22:36:44.328393Z,3,"HHE,HHN,HHZ",15001,100.0,ok,
PTGC.2018.177.08.51.05,PTGC,2018.177.08.51.05,2018-06-26T08:51:05.218393Z,3,"HHE,HHN,HHZ",15001,100.0,ok,
PTGC.2018.179.04.33.31,PTGC,2018.179.04.33.31,2018-06-28T04:33:31.448393Z,3,"HHE,HHN,HHZ",15001,100.0,ok,
PTGC.2018.180.09.28.06,PTGC,2018.180.09.28.06,2018-06-29T09:28:06.198393Z,3,"HHE,HHN,HHZ",15001,100.0,ok,
PTGC.2018.181.03.40.48,PTGC,2018.181.03.40.48,2018-06-30T03:40:48.588393Z,3,"HHE,HHN,HHZ",15001,100.0,ok,
PTGC.2018.181.09.42.52,PTGC,2018.181.09.42.52,2018-06-30T09:42:52.978393Z,3,"HHE,HHN,HHZ",15001,100.0,ok,
PTGC.2018.182.04.20.49,PTGC,2018.182.04.20.49,2018-07-01T04:20:49.418393Z,3,"HHE,HHN,HHZ",15001,100.0,ok,
PTGC.2018.183.09.08.34,PTGC,2018.183.09.08.34,2018-07-02T09:08:34.398391Z,3,"HHE,HHN,HHZ",15001,100.0,ok,
PTGC.2018.183.21.19.34,PTGC,2018.183.21.19.34,2018-07-02T21:19:34.388393Z,3,"HHE,HHN,HHZ",15001,100.0,ok,
PTGC.2018.183.22.03.06,PTGC,2018.183.22.03.06,2018-07-02T22:03:06.488393Z,3,"HHE,HHN,HHZ",15001,100.0,ok,
PTGC.2018.186.02.14.06,PTGC,2018.186.02.14.06,2018-07-05T02:14:06.828393Z,3,"HHE,HHN,HHZ",15001,100.0,ok,
PTGC.2018.186.04.47.13,PTGC,2018.186.04.47.13,2018-07-05T04:47:13.868393Z,3,"HHE,HHN,HHZ",15001,100.0,ok,
PTGC.2018.187.07.38.30,PTGC,2018.187.07.38.30,2018-07-06T07:38:30.008393Z,3,"HHE,HHN,HHZ",15001,100.0,ok,
PTGC.2018.188.05.02.06,PTGC,2018.188.05.02.06,2018-07-07T05:02:06.978393Z,3,"HHE,HHN,HHZ",15001,100.0,ok,
PTGC.2018.188.10.18.14,PTGC,2018.188.10.18.14,2018-07-07T10:18:14.748393Z,3,"HHE,HHN,HHZ",15001,100.0,ok,
PTGC.2018.189.06.08.11,PTGC,2018.189.06.08.11,2018-07-08T06:08:11.178393Z,3,"HHE,HHN,HHZ",15001,100.0,ok,
PTGC.2018.189.13.46.20,PTGC,2018.189.13.46.20,2018-07-08T13:46:20.268393Z,3,"HHE,HHN,HHZ",15001,100.0,ok,
PTGC.2018.191.09.11.42,PTGC,2018.191.09.11.42,2018-07-10T09:11:42.218393Z,3,"HHE,HHN,HHZ",15001,100.0,ok,
PTGC.2018.191.23.35.36,PTGC,2018.191.23.35.36,2018-07-10T23:35:36.448393Z,3,"HHE,HHN,HHZ",15001,100.0,ok,
PTGC.2018.192.07.34.21,PTGC,2018.192.07.34.21,2018-07-11T07:34:21.708393Z,3,"HHE,HHN,HHZ",15001,100.0,ok,
PTGC.2018.192.07.48.47,PTGC,2018.192.07.48.47,2018-07-11T07:48:47.338393Z,3,"HHE,HHN,HHZ",15001,100.0,ok,
PTGC.2018.192.12.27.11,PTGC,2018.192.12.27.11,2018-07-11T12:27:11.518393Z,3,"HHE,HHN,HHZ",15001,100.0,ok,
PTGC.2018.194.22.55.24,PTGC,2018.194.22.55.24,2018-07-13T22:55:24.508393Z,3,"HHE,HHN,HHZ",15001,100.0,ok,
PTGC.2018.195.02.04.49,PTGC,2018.195.02.04.49,2018-07-14T02:04:49.298393Z,3,"HHE,HHN,HHZ",15001,100.0,ok,
PTGC.2018.195.02.26.53,PTGC,2018.195.02.26.53,2018-07-14T02:26:53.998393Z,3,"HHE,HHN,HHZ",15001,100.0,ok,
PTGC.2018.195.16.01.52,PTGC,2018.195.16.01.52,2018-07-14T16:01:52.828393Z,3,"HHE,HHN,HHZ",15001,100.0,ok,
PTGC.2018.195.20.04.50,PTGC,2018.195.20.04.50,2018-07-14T20:04:50.518393Z,3,"HHE,HHN,HHZ",15001,100.0,ok,
PTGC.2018.196.08.18.26,PTGC,2018.196.08.18.26,2018-07-15T08:18:26.558393Z,3,"HHE,HHN,HHZ",15001,100.0,ok,
PTGC.2018.197.22.52.38,PTGC,2018.197.22.52.38,2018-07-16T22:52:38.738393Z,3,"HHE,HHN,HHZ",15001,100.0,ok,
PTGC.2018.198.07.23.59,PTGC,2018.198.07.23.59,2018-07-17T07:23:59.438393Z,3,"HHE,HHN,HHZ",15001,100.0,ok,
PTGC.2018.199.01.08.32,PTGC,2018.199.01.08.32,2018-07-18T01:08:32.868393Z,3,"HHE,HHN,HHZ",15001,100.0,ok,
PTGC.2018.199.06.55.57,PTGC,2018.199.06.55.57,2018-07-18T06:55:57.398393Z,3,"HHE,HHN,HHZ",15001,100.0,ok,
PTGC.2018.200.03.34.08,PTGC,2018.200.03.34.08,2018-07-19T03:34:08.658394Z,3,"HHE,HHN,HHZ",15001,100.0,ok,
PTGC.2018.200.07.02.42,PTGC,2018.200.07.02.42,2018-07-19T07:02:42.208393Z,3,"HHE,HHN,HHZ",15001,100.0,ok,
PTGC.2018.201.01.56.32,PTGC,2018.201.01.56.32,2018-07-20T01:56:32.168391Z,3,"HHE,HHN,HHZ",15001,100.0,ok,
PTGC.2018.201.05.01.43,PTGC,2018.201.05.01.43,2018-07-20T05:01:43.828393Z,3,"HHE,HHN,HHZ",15001,100.0,ok,
PTGC.2018.201.12.05.40,PTGC,2018.201.12.05.40,2018-07-20T12:05:40.378393Z,3,"HHE,HHN,HHZ",15001,100.0,ok,
PTGC.2018.201.14.34.27,PTGC,2018.201.14.34.27,2018-07-20T14:34:27.348393Z,3,"HHE,HHN,HHZ",15001,100.0,ok,
PTGC.2018.202.09.44.41,PTGC,2018.202.09.44.41,2018-07-21T09:44:41.328393Z,3,"HHE,HHN,HHZ",15001,100.0,ok,
PTGC.2018.202.11.24.41,PTGC,2018.202.11.24.41,2018-07-21T11:24:41.238393Z,3,"HHE,HHN,HHZ",15001,100.0,ok,
PTGC.2018.203.00.12.15,PTGC,2018.203.00.12.15,2018-07-22T00:12:15.028393Z,3,"HHE,HHN,HHZ",15001,100.0,ok,
PTGC.2018.203.01.50.38,PTGC,2018.203.01.50.38,2018-07-22T01:50:38.638393Z,3,"HHE,HHN,HHZ",15001,100.0,ok,
PTGC.2018.203.15.08.46,PTGC,2018.203.15.08.46,2018-07-22T15:08:46.538393Z,3,"HHE,HHN,HHZ",15001,100.0,ok,
PTGC.2018.203.21.38.54,PTGC,2018.203.21.38.54,2018-07-22T21:38:54.368393Z,3,"HHE,HHN,HHZ",15001,100.0,ok,
PTGC.2018.204.00.42.43,PTGC,2018.204.00.42.43,2018-07-23T00:42:43.938393Z,3,"HHE,HHN,HHZ",15001,100.0,ok,
PTGC.2018.204.01.39.50,PTGC,2018.204.01.39.50,2018-07-23T01:39:50.638393Z,3,"HHE,HHN,HHZ",15001,100.0,ok,
PTGC.2018.204.11.35.55,PTGC,2018.204.11.35.55,2018-07-23T11:35:55.398393Z,3,"HHE,HHN,HHZ",15001,100.0,ok,
PTGC.2018.204.18.51.34,PTGC,2018.204.18.51.34,2018-07-23T18:51:34.628393Z,3,"HHE,HHN,HHZ",15001,100.0,ok,
PTGC.2018.205.01.24.44,PTGC,2018.205.01.24.44,2018-07-24T01:24:44.038393Z,3,"HHE,HHN,HHZ",15001,100.0,ok,
PTGC.2018.205.14.56.26,PTGC,2018.205.14.56.26,2018-07-24T14:56:26.848393Z,3,"HHE,HHN,HHZ",15001,100.0,ok,
PTGC.2018.205.20.15.56,PTGC,2018.205.20.15.56,2018-07-24T20:15:56.488391Z,3,"HHE,HHN,HHZ",15001,100.0,ok,
PTGC.2018.205.20.19.56,PTGC,2018.205.20.19.56,2018-07-24T20:19:56.548393Z,3,"HHE,HHN,HHZ",15001,100.0,ok,
PTGC.2018.205.20.20.35,PTGC,2018.205.20.20.35,2018-07-24T20:20:35.128393Z,3,"HHE,HHN,HHZ",15001,100.0,ok,
PTGC.2018.205.20.22.02,PTGC,2018.205.20.22.02,2018-07-24T20:22:02.718393Z,3,"HHE,HHN,HHZ",15001,100.0,ok,
PTGC.2018.205.21.29.15,PTGC,2018.205.21.29.15,2018-07-24T21:29:15.028393Z,3,"HHE,HHN,HHZ",15001,100.0,ok,
PTGC.2018.205.21.57.46,PTGC,2018.205.21.57.46,2018-07-24T21:57:46.838393Z,3,"HHE,HHN,HHZ",15001,100.0,ok,
PTGC.2018.205.22.22.51,PTGC,2018.205.22.22.51,2018-07-24T22:22:51.688393Z,3,"HHE,HHN,HHZ",15001,100.0,ok,
PTGC.2018.205.22.24.50,PTGC,2018.205.22.24.50,2018-07-24T22:24:50.838393Z,3,"HHE,HHN,HHZ",15001,100.0,ok,
PTGC.2018.205.23.45.25,PTGC,2018.205.23.45.25,2018-07-24T23:45:25.068393Z,3,"HHE,HHN,HHZ",15001,100.0,ok,
PTGC.2018.206.00.05.33,PTGC,2018.206.00.05.33,2018-07-25T00:05:33.688393Z,3,"HHE,HHN,HHZ",15001,100.0,ok,
PTGC.2018.206.01.51.24,PTGC,2018.206.01.51.24,2018-07-25T01:51:24.718393Z,3,"HHE,HHN,HHZ",15001,100.0,ok,
PTGC.2018.206.08.53.17,PTGC,2018.206.08.53.17,2018-07-25T08:53:17.158393Z,3,"HHE,HHN,HHZ",15001,100.0,ok,
PTGC.2018.206.08.55.16,PTGC,2018.206.08.55.16,2018-07-25T08:55:16.868393Z,3,"HHE,HHN,HHZ",15001,100.0,ok,
PTGC.2018.206.13.45.45,PTGC,2018.206.13.45.45,2018-07-25T13:45:45.198393Z,3,"HHE,HHN,HHZ",15001,100.0,ok,
PTGC.2018.206.15.32.37,PTGC,2018.206.15.32.37,2018-07-25T15:32:37.118393Z,3,"HHE,HHN,HHZ",15001,100.0,ok,
PTGC.2018.206.16.23.19,PTGC,2018.206.16.23.19,2018-07-25T16:23:19.358393Z,3,"HHE,HHN,HHZ",15001,100.0,ok,
PTGC.2018.206.19.04.38,PTGC,2018.206.19.04.38,2018-07-25T19:04:38.148393Z,3,"HHE,HHN,HHZ",15001,100.0,ok,
PTGC.2018.207.09.11.56,PTGC,2018.207.09.11.56,2018-07-26T09:11:56.078393Z,3,"HHE,HHN,HHZ",15001,100.0,ok,
PTGC.2018.207.16.33.16,PTGC,2018.207.16.33.16,2018-07-26T16:33:16.188393Z,3,"HHE,HHN,HHZ",15001,100.0,ok,
PTGC.2018.208.00.19.52,PTGC,2018.208.00.19.52,2018-07-27T00:19:52.478393Z,3,"HHE,HHN,HHZ",15001,100.0,ok,
PTGC.2018.208.19.11.44,PTGC,2018.208.19.11.44,2018-07-27T19:11:44.878393Z,3,"HHE,HHN,HHZ",15001,100.0,ok,
PTGC.2018.209.04.09.11,PTGC,2018.209.04.09.11,2018-07-28T04:09:11.188393Z,3,"HHE,HHN,HHZ",15001,100.0,ok,
PTGC.2018.209.06.03.57,PTGC,2018.209.06.03.57,2018-07-28T06:03:57.508393Z,3,"HHE,HHN,HHZ",15001,100.0,ok,
PTGC.2018.209.13.17.13,PTGC,2018.209.13.17.13,2018-07-28T13:17:13.008391Z,3,"HHE,HHN,HHZ",15001,100.0,ok,
PTGC.2018.210.03.00.23,PTGC,2018.210.03.00.23,2018-07-29T03:00:23.128393Z,3,"HHE,HHN,HHZ",15001,100.0,ok,
PTGC.2018.210.05.58.07,PTGC,2018.210.05.58.07,2018-07-29T05:58:07.028393Z,3,"HHE,HHN,HHZ",15001,100.0,ok,
PTGC.2018.211.06.51.39,PTGC,2018.211.06.51.39,2018-07-30T06:51:39.548393Z,3,"HHE,HHN,HHZ",15001,100.0,ok,
PTGC.2018.212.07.01.10,PTGC,2018.212.07.01.10,2018-07-31T07:01:10.918393Z,3,"HHE,HHN,HHZ",15001,100.0,ok,
PTGC.2018.212.08.35.25,PTGC,2018.212.08.35.25,2018-07-31T08:35:25.538393Z,3,"HHE,HHN,HHZ",15001,100.0,ok,
PTGC.2018.212.22.10.02,PTGC,2018.212.22.10.02,2018-07-31T22:10:02.218393Z,3,"HHE,HHN,HHZ",15001,100.0,ok,
PTGC.2018.213.15.44.04,PTGC,2018.213.15.44.04,2018-08-01T15:44:04.298393Z,3,"HHE,HHN,HHZ",15001,100.0,ok,
PTGC.2018.213.20.37.34,PTGC,2018.213.20.37.34,2018-08-01T20:37:34.158393Z,3,"HHE,HHN,HHZ",15001,100.0,ok,
PTGC.2018.213.21.34.06,PTGC,2018.213.21.34.06,2018-08-01T21:34:06.878393Z,3,"HHE,HHN,HHZ",15001,100.0,ok,
PTGC.2018.213.22.09.52,PTGC,2018.213.22.09.52,2018-08-01T22:09:52.358393Z,3,"HHE,HHN,HHZ",15001,100.0,ok,
PTGC.2018.214.02.45.17,PTGC,2018.214.02.45.17,2018-08-02T02:45:17.948391Z,3,"HHE,HHN,HHZ",15001,100.0,ok,
PTGC.2018.214.19.04.25,PTGC,2018.214.19.04.25,2018-08-02T19:04:25.578393Z,3,"HHE,HHN,HHZ",15001,100.0,ok,
PTGC.2018.215.09.07.59,PTGC,2018.215.09.07.59,2018-08-03T09:07:59.298393Z,3,"HHE,HHN,HHZ",15001,100.0,ok,
PTGC.2018.215.11.10.22,PTGC,2018.215.11.10.22,2018-08-03T11:10:22.158393Z,3,"HHE,HHN,HHZ",15001,100.0,ok,
PTGC.2018.215.12.02.20,PTGC,2018.215.12.02.20,2018-08-03T12:02:20.958393Z,3,"HHE,HHN,HHZ",15001,100.0,ok,
PTGC.2018.215.15.21.25,PTGC,2018.215.15.21.25,2018-08-03T15:21:25.858393Z,3,"HHE,HHN,HHZ",15001,100.0,ok,
PTGC.2018.216.18.48.10,PTGC,2018.216.18.48.10,2018-08-04T18:48:10.598393Z,3,"HHE,HHN,HHZ",15001,100.0,ok,
PTGC.2018.216.20.08.45,PTGC,2018.216.20.08.45,2018-08-04T20:08:45.688393Z,3,"HHE,HHN,HHZ",15001,100.0,ok,
PTGC.2018.218.16.02.02,PTGC,2018.218.16.02.02,2018-08-06T16:02:02.498393Z,3,"HHE,HHN,HHZ",15001,100.0,ok,
PTGC.2018.219.01.04.45,PTGC,2018.219.01.04.45,2018-08-07T01:04:45.208393Z,3,"HHE,HHN,HHZ",15001,100.0,ok,
PTGC.2018.219.20.12.28,PTGC,2018.219.20.12.28,2018-08-07T20:12:28.108391Z,3,"HHE,HHN,HHZ",15001,100.0,ok,
PTGC.2018.220.13.03.00,PTGC,2018.220.13.03.00,2018-08-08T13:03:00.378393Z,3,"HHE,HHN,HHZ",15001,100.0,ok,
PTGC.2018.220.15.26.15,PTGC,2018.220.15.26.15,2018-08-08T15:26:15.148393Z,3,"HHE,HHN,HHZ",15001,100.0,ok,
PTGC.2018.220.21.54.49,PTGC,2018.220.21.54.49,2018-08-08T21:54:49.368393Z,3,"HHE,HHN,HHZ",15001,100.0,ok,
PTGC.2018.221.00.13.21,PTGC,2018.221.00.13.21,2018-08-09T00:13:21.728393Z,3,"HHE,HHN,HHZ",15001,100.0,ok,
PTGC.2018.221.10.28.59,PTGC,2018.221.10.28.59,2018-08-09T10:28:59.818394Z,3,"HHE,HHN,HHZ",15001,100.0,ok,
PTGC.2018.221.11.38.43,PTGC,2018.221.11.38.43,2018-08-09T11:38:43.208393Z,3,"HHE,HHN,HHZ",15001,100.0,ok,
PTGC.2018.221.21.05.40,PTGC,2018.221.21.05.40,2018-08-09T21:05:40.928393Z,3,"HHE,HHN,HHZ",15001,100.0,ok,
PTGC.2018.222.19.06.55,PTGC,2018.222.19.06.55,2018-08-10T19:06:55.358393Z,3,"HHE,HHN,HHZ",15001,100.0,ok,
PTGC.2018.225.08.44.33,PTGC,2018.225.08.44.33,2018-08-13T08:44:33.168393Z,3,"HHE,HHN,HHZ",15001,100.0,ok,
PTGC.2018.225.19.27.04,PTGC,2018.225.19.27.04,2018-08-13T19:27:04.148393Z,3,"HHE,HHN,HHZ",15001,100.0,ok,
PTGC.2018.225.21.54.28,PTGC,2018.225.21.54.28,2018-08-13T21:54:28.578393Z,3,"HHE,HHN,HHZ",15001,100.0,ok,
PTGC.2018.226.05.21.26,PTGC,2018.226.05.21.26,2018-08-14T05:21:26.868391Z,3,"HHE,HHN,HHZ",15001,100.0,ok,
PTGC.2018.226.10.02.50,PTGC,2018.226.10.02.50,2018-08-14T10:02:50.798393Z,3,"HHE,HHN,HHZ",15001,100.0,ok,
PTGC.2018.226.13.05.18,PTGC,2018.226.13.05.18,2018-08-14T13:05:18.238393Z,3,"HHE,HHN,HHZ",15001,100.0,ok,
PTGC.2018.226.17.54.46,PTGC,2018.226.17.54.46,2018-08-14T17:54:46.578393Z,3,"HHE,HHN,HHZ",15001,100.0,ok,
PTGC.2018.227.08.38.37,PTGC,2018.227.08.38.37,2018-08-15T08:38:37.368393Z,3,"HHE,HHN,HHZ",15001,100.0,ok,
PTGC.2018.227.11.50.40,PTGC,2018.227.11.50.40,2018-08-15T11:50:40.278393Z,3,"HHE,HHN,HHZ",15001,100.0,ok,
PTGC.2018.227.16.25.44,PTGC,2018.227.16.25.44,2018-08-15T16:25:44.698393Z,3,"HHE,HHN,HHZ",15001,100.0,ok,
PTGC.2018.228.11.24.48,PTGC,2018.228.11.24.48,2018-08-16T11:24:48.168393Z,3,"HHE,HHN,HHZ",15001,100.0,ok,
PTGC.2018.229.07.58.58,PTGC,2018.229.07.58.58,2018-08-17T07:58:58.948393Z,3,"HHE,HHN,HHZ",15001,100.0,ok,
PTGC.2018.230.08.33.27,PTGC,2018.230.08.33.27,2018-08-18T08:33:27.528393Z,3,"HHE,HHN,HHZ",15001,100.0,ok,
PTGC.2018.230.13.19.44,PTGC,2018.230.13.19.44,2018-08-18T13:19:44.658393Z,3,"HHE,HHN,HHZ",15001,100.0,ok,
PTGC.2018.230.23.21.46,PTGC,2018.230.23.21.46,2018-08-18T23:21:46.288393Z,3,"HHE,HHN,HHZ",15001,100.0,ok,
PTGC.2018.231.10.39.57,PTGC,2018.231.10.39.57,2018-08-19T10:39:57.638393Z,3,"HHE,HHN,HHZ",15001,100.0,ok,
PTGC.2018.232.15.14.15,PTGC,2018.232.15.14.15,2018-08-20T15:14:15.148393Z,3,"HHE,HHN,HHZ",15001,100.0,ok,
PTGC.2018.232.21.14.16,PTGC,2018.232.21.14.16,2018-08-20T21:14:16.668393Z,3,"HHE,HHN,HHZ",15001,100.0,ok,
PTGC.2018.233.22.24.14,PTGC,2018.233.22.24.14,2018-08-21T22:24:14.138393Z,3,"HHE,HHN,HHZ",15001,100.0,ok,
PTGC.2018.233.23.07.58,PTGC,2018.233.23.07.58,2018-08-21T23:07:58.288393Z,3,"HHE,HHN,HHZ",15001,100.0,ok,
PTGC.2018.234.13.06.38,PTGC,2018.234.13.06.38,2018-08-22T13:06:38.258393Z,3,"HHE,HHN,HHZ",15001,100.0,ok,
PTGC.2018.234.23.17.28,PTGC,2018.234.23.17.28,2018-08-22T23:17:28.458393Z,3,"HHE,HHN,HHZ",15001,100.0,ok,
PTGC.2018.235.11.26.53,PTGC,2018.235.11.26.53,2018-08-23T11:26:53.528393Z,3,"HHE,HHN,HHZ",15001,100.0,ok,
PTGC.2018.236.11.34.00,PTGC,2018.236.11.34.00,2018-08-24T11:34:00.698393Z,3,"HHE,HHN,HHZ",15001,100.0,ok,
PTGC.2018.236.12.05.36,PTGC,2018.236.12.05.36,2018-08-24T12:05:36.028393Z,3,"HHE,HHN,HHZ",15001,100.0,ok,
PTGC.2018.236.12.18.26,PTGC,2018.236.12.18.26,2018-08-24T12:18:26.548393Z,3,"HHE,HHN,HHZ",15001,100.0,ok,
PTGC.2018.237.20.57.55,PTGC,2018.237.20.57.55,2018-08-25T20:57:55.548393Z,3,"HHE,HHN,HHZ",15001,100.0,ok,
PTGC.2018.238.19.30.18,PTGC,2018.238.19.30.18,2018-08-26T19:30:18.418393Z,3,"HHE,HHN,HHZ",15001,100.0,ok,
PTGC.2018.239.19.48.40,PTGC,2018.239.19.48.40,2018-08-27T19:48:40.678393Z,3,"HHE,HHN,HHZ",15001,100.0,ok,
PTGC.2018.240.00.46.56,PTGC,2018.240.00.46.56,2018-08-28T00:46:56.688393Z,3,"HHE,HHN,HHZ",15001,100.0,ok,
PTGC.2018.240.15.12.43,PTGC,2018.240.15.12.43,2018-08-28T15:12:43.028393Z,3,"HHE,HHN,HHZ",15001,100.0,ok,
PTGC.2018.241.06.53.06,PTGC,2018.241.06.53.06,2018-08-29T06:53:06.548393Z,3,"HHE,HHN,HHZ",15001,100.0,ok,
PTGC.2018.241.12.04.08,PTGC,2018.241.12.04.08,2018-08-29T12:04:08.268393Z,3,"HHE,HHN,HHZ",15001,100.0,ok,
PTGC.2018.242.07.46.14,PTGC,2018.242.07.46.14,2018-08-30T07:46:14.838393Z,3,"HHE,HHN,HHZ",15001,100.0,ok,
PTGC.2018.242.16.39.03,PTGC,2018.242.16.39.03,2018-08-30T16:39:03.998393Z,3,"HHE,HHN,HHZ",15001,100.0,ok,
PTGC.2018.243.03.38.13,PTGC,2018.243.03.38.13,2018-08-31T03:38:13.098393Z,3,"HHE,HHN,HHZ",15001,100.0,ok,
PTGC.2018.243.12.21.04,PTGC,2018.243.12.21.04,2018-08-31T12:21:04.288393Z,3,"HHE,HHN,HHZ",15001,100.0,ok,
PTGC.2018.243.18.07.10,PTGC,2018.243.18.07.10,2018-08-31T18:07:10.318393Z,3,"HHE,HHN,HHZ",15001,100.0,ok,
PTGC.2018.244.05.29.47,PTGC,2018.244.05.29.47,2018-09-01T05:29:47.578393Z,3,"HHE,HHN,HHZ",15001,100.0,ok,
PTGC.2018.245.10.42.18,PTGC,2018.245.10.42.18,2018-09-02T10:42:18.038393Z,3,"HHE,HHN,HHZ",15001,100.0,ok,
PTGC.2018.246.05.10.53,PTGC,2018.246.05.10.53,2018-09-03T05:10:53.228393Z,3,"HHE,HHN,HHZ",15001,100.0,ok,
PTGC.2018.246.12.43.32,PTGC,2018.246.12.43.32,2018-09-03T12:43:31.998393Z,3,"HHE,HHN,HHZ",15001,100.0,ok,
PTGC.2018.246.15.59.26,PTGC,2018.246.15.59.26,2018-09-03T15:59:26.738393Z,3,"HHE,HHN,HHZ",15001,100.0,ok,
PTGC.2018.246.20.08.02,PTGC,2018.246.20.08.02,2018-09-03T20:08:02.638393Z,3,"HHE,HHN,HHZ",15001,100.0,ok,
PTGC.2018.249.01.53.53,PTGC,2018.249.01.53.53,2018-09-06T01:53:53.688393Z,3,"HHE,HHN,HHZ",15001,100.0,ok,
PTGC.2018.251.08.19.53,PTGC,2018.251.08.19.53,2018-09-08T08:19:53.668393Z,3,"HHE,HHN,HHZ",15001,100.0,ok,
PTGC.2018.251.14.20.41,PTGC,2018.251.14.20.41,2018-09-08T14:20:41.538393Z,3,"HHE,HHN,HHZ",15001,100.0,ok,
PTGC.2018.251.16.12.59,PTGC,2018.251.16.12.59,2018-09-08T16:12:59.138393Z,3,"HHE,HHN,HHZ",15001,100.0,ok,
PTGC.2018.251.17.48.34,PTGC,2018.251.17.48.34,2018-09-08T17:48:34.218393Z,3,"HHE,HHN,HHZ",15001,100.0,ok,
PTGC.2018.252.09.58.14,PTGC,2018.252.09.58.14,2018-09-09T09:58:14.088393Z,3,"HHE,HHN,HHZ",15001,100.0,ok,
PTGC.2018.252.16.23.44,PTGC,2018.252.16.23.44,2018-09-09T16:23:44.748393Z,3,"HHE,HHN,HHZ",15001,100.0,ok,
PTGC.2018.254.15.33.04,PTGC,2018.254.15.33.04,2018-09-11T15:33:04.048393Z,3,"HHE,HHN,HHZ",15001,100.0,ok,
PTGC.2018.255.12.41.17,PTGC,2018.255.12.41.17,2018-09-12T12:41:17.408393Z,3,"HHE,HHN,HHZ",15001,100.0,ok,
PTGC.2018.255.20.43.30,PTGC,2018.255.20.43.30,2018-09-12T20:43:30.748393Z,3,"HHE,HHN,HHZ",15001,100.0,ok,
PTGC.2018.255.22.50.10,PTGC,2018.255.22.50.10,2018-09-12T22:50:10.588393Z,3,"HHE,HHN,HHZ",15001,100.0,ok,
PTGC.2018.255.23.53.40,PTGC,2018.255.23.53.40,2018-09-12T23:53:40.598393Z,3,"HHE,HHN,HHZ",15001,100.0,ok,
PTGC.2018.256.02.26.09,PTGC,2018.256.02.26.09,2018-09-13T02:26:09.168393Z,3,"HHE,HHN,HHZ",15001,100.0,ok,
PTGC.2018.257.02.46.55,PTGC,2018.257.02.46.55,2018-09-14T02:46:55.438393Z,3,"HHE,HHN,HHZ",15001,100.0,ok,
PTGC.2018.257.16.49.56,PTGC,2018.257.16.49.56,2018-09-14T16:49:56.338393Z,3,"HHE,HHN,HHZ",15001,100.0,ok,
PTGC.2018.258.20.04.03,PTGC,2018.258.20.04.03,2018-09-15T20:04:03.198393Z,3,"HHE,HHN,HHZ",15001,100.0,ok,
PTGC.2018.259.00.35.01,PTGC,2018.259.00.35.01,2018-09-16T00:35:01.748393Z,3,"HHE,HHN,HHZ",15001,100.0,ok,
PTGC.2018.259.11.21.31,PTGC,2018.259.11.21.31,2018-09-16T11:21:31.618393Z,3,"HHE,HHN,HHZ",15001,100.0,ok,
PTGC.2018.259.14.57.57,PTGC,2018.259.14.57.57,2018-09-16T14:57:57.088393Z,3,"HHE,HHN,HHZ",15001,100.0,ok,
PTGC.2018.260.08.32.36,PTGC,2018.260.08.32.36,2018-09-17T08:32:36.128393Z,3,"HHE,HHN,HHZ",15001,100.0,ok,
PTGC.2018.260.10.07.15,PTGC,2018.260.10.07.15,2018-09-17T10:07:15.898393Z,3,"HHE,HHN,HHZ",15001,100.0,ok,
PTGC.2018.260.19.21.04,PTGC,2018.260.19.21.04,2018-09-17T19:21:04.948393Z,3,"HHE,HHN,HHZ",15001,100.0,ok,
PTGC.2018.260.22.07.15,PTGC,2018.260.22.07.15,2018-09-17T22:07:15.468393Z,3,"HHE,HHN,HHZ",15001,100.0,ok,
PTGC.2018.261.03.36.47,PTGC,2018.261.03.36.47,2018-09-18T03:36:47.368393Z,3,"HHE,HHN,HHZ",15001,100.0,ok,
PTGC.2018.261.14.13.25,PTGC,2018.261.14.13.25,2018-09-18T14:13:25.808393Z,3,"HHE,HHN,HHZ",15001,100.0,ok,
PTGC.2018.262.10.46.55,PTGC,2018.262.10.46.55,2018-09-19T10:46:55.118393Z,3,"HHE,HHN,HHZ",15001,100.0,ok,
PTGC.2018.262.14.41.05,PTGC,2018.262.14.41.05,2018-09-19T14:41:05.848393Z,3,"HHE,HHN,HHZ",15001,100.0,ok,
PTGC.2018.262.19.35.43,PTGC,2018.262.19.35.43,2018-09-19T19:35:43.228393Z,3,"HHE,HHN,HHZ",15001,100.0,ok,
PTGC.2018.264.08.51.28,PTGC,2018.264.08.51.28,2018-09-21T08:51:28.178393Z,3,"HHE,HHN,HHZ",15001,100.0,ok,
PTGC.2018.264.11.39.59,PTGC,2018.264.11.39.59,2018-09-21T11:39:59.358391Z,3,"HHE,HHN,HHZ",15001,100.0,ok,
PTGC.2018.264.16.27.18,PTGC,2018.264.16.27.18,2018-09-21T16:27:18.088391Z,3,"HHE,HHN,HHZ",15001,100.0,ok,
PTGC.2018.267.07.39.10,PTGC,2018.267.07.39.10,2018-09-24T07:39:10.048393Z,3,"HHE,HHN,HHZ",15001,100.0,ok,
PTGC.2018.268.10.24.30,PTGC,2018.268.10.24.30,2018-09-25T10:24:30.698393Z,3,"HHE,HHN,HHZ",15001,100.0,ok,
PTGC.2018.268.22.10.46,PTGC,2018.268.22.10.46,2018-09-25T22:10:46.098393Z,3,"HHE,HHN,HHZ",15001,100.0,ok,
PTGC.2018.269.05.03.13,PTGC,2018.269.05.03.13,2018-09-26T05:03:13.708393Z,3,"HHE,HHN,HHZ",15001,100.0,ok,
PTGC.2018.269.13.49.49,PTGC,2018.269.13.49.49,2018-09-26T13:49:49.508393Z,3,"HHE,HHN,HHZ",15001,100.0,ok,
PTGC.2018.269.22.53.32,PTGC,2018.269.22.53.32,2018-09-26T22:53:32.978393Z,3,"HHE,HHN,HHZ",15001,100.0,ok,
PTGC.2018.270.01.35.10,PTGC,2018.270.01.35.10,2018-09-27T01:35:10.808393Z,3,"HHE,HHN,HHZ",15001,100.0,ok,
PTGC.2018.272.02.25.20,PTGC,2018.272.02.25.20,2018-09-29T02:25:20.048391Z,3,"HHE,HHN,HHZ",15001,100.0,ok,
PTGC.2018.272.02.52.07,PTGC,2018.272.02.52.07,2018-09-29T02:52:07.908393Z,3,"HHE,HHN,HHZ",15001,100.0,ok,
PTGC.2018.273.21.55.55,PTGC,2018.273.21.55.55,2018-09-30T21:55:55.058393Z,3,"HHE,HHN,HHZ",15001,100.0,ok,
PTGC.2018.273.23.54.55,PTGC,2018.273.23.54.55,2018-09-30T23:54:55.338393Z,3,"HHE,HHN,HHZ",15001,100.0,ok,
PTGC.2018.275.03.43.44,PTGC,2018.275.03.43.44,2018-10-02T03:43:44.278393Z,3,"HHE,HHN,HHZ",15001,100.0,ok,
PTGC.2018.275.11.01.57,PTGC,2018.275.11.01.57,2018-10-02T11:01:57.378393Z,3,"HHE,HHN,HHZ",15001,100.0,ok,
PTGC.2018.275.11.17.15,PTGC,2018.275.11.17.15,2018-10-02T11:17:15.588393Z,3,"HHE,HHN,HHZ",15001,100.0,ok,
PTGC.2018.275.18.14.58,PTGC,2018.275.18.14.58,2018-10-02T18:14:58.288393Z,3,"HHE,HHN,HHZ",15001,100.0,ok,
PTGC.2018.276.01.17.46,PTGC,2018.276.01.17.46,2018-10-03T01:17:46.848393Z,3,"HHE,HHN,HHZ",15001,100.0,ok,
PTGC.2018.276.07.53.59,PTGC,2018.276.07.53.59,2018-10-03T07:53:59.748393Z,3,"HHE,HHN,HHZ",15001,100.0,ok,
PTGC.2018.276.18.16.59,PTGC,2018.276.18.16.59,2018-10-03T18:16:59.488393Z,3,"HHE,HHN,HHZ",15001,100.0,ok,
PTGC.2018.276.21.21.35,PTGC,2018.276.21.21.35,2018-10-03T21:21:35.708393Z,3,"HHE,HHN,HHZ",15001,100.0,ok,
PTGC.2018.277.07.43.44,PTGC,2018.277.07.43.44,2018-10-04T07:43:44.938393Z,3,"HHE,HHN,HHZ",15001,100.0,ok,
PTGC.2018.277.15.02.31,PTGC,2018.277.15.02.31,2018-10-04T15:02:31.088393Z,3,"HHE,HHN,HHZ",15001,100.0,ok,
PTGC.2018.277.16.33.11,PTGC,2018.277.16.33.11,2018-10-04T16:33:11.408393Z,3,"HHE,HHN,HHZ",15001,100.0,ok,
PTGC.2018.277.19.25.07,PTGC,2018.277.19.25.07,2018-10-04T19:25:07.918393Z,3,"HHE,HHN,HHZ",15001,100.0,ok,
PTGC.2018.278.21.27.29,PTGC,2018.278.21.27.29,2018-10-05T21:27:29.708393Z,3,"HHE,HHN,HHZ",15001,100.0,ok,
PTGC.2018.279.16.36.19,PTGC,2018.279.16.36.19,2018-10-06T16:36:19.308393Z,3,"HHE,HHN,HHZ",15001,100.0,ok,
PTGC.2018.279.22.19.23,PTGC,2018.279.22.19.23,2018-10-06T22:19:23.098393Z,3,"HHE,HHN,HHZ",15001,100.0,ok,
PTGC.2018.280.10.19.24,PTGC,2018.280.10.19.24,2018-10-07T10:19:24.708393Z,3,"HHE,HHN,HHZ",15001,100.0,ok,
PTGC.2018.280.23.42.06,PTGC,2018.280.23.42.06,2018-10-07T23:42:06.628393Z,3,"HHE,HHN,HHZ",15001,100.0,ok,
PTGC.2018.281.01.53.10,PTGC,2018.281.01.53.10,2018-10-08T01:53:10.708393Z,3,"HHE,HHN,HHZ",15001,100.0,ok,
PTGC.2018.281.03.26.55,PTGC,2018.281.03.26.55,2018-10-08T03:26:55.498393Z,3,"HHE,HHN,HHZ",15001,100.0,ok,
PTGC.2018.282.06.43.46,PTGC,2018.282.06.43.46,2018-10-09T06:43:46.978391Z,3,"HHE,HHN,HHZ",15001,100.0,ok,
PTGC.2018.282.07.16.00,PTGC,2018.282.07.16.00,2018-10-09T07:16:00.868393Z,3,"HHE,HHN,HHZ",15001,100.0,ok,
PTGC.2018.282.15.35.31,PTGC,2018.282.15.35.31,2018-10-09T15:35:31.798391Z,3,"HHE,HHN,HHZ",15001,100.0,ok,
PTGC.2018.283.15.23.31,PTGC,2018.283.15.23.31,2018-10-10T15:23:31.248393Z,3,"HHE,HHN,HHZ",15001,100.0,ok,
PTGC.2018.284.03.01.30,PTGC,2018.284.03.01.30,2018-10-11T03:01:30.908393Z,3,"HHE,HHN,HHZ",15001,100.0,ok,
PTGC.2018.284.07.35.04,PTGC,2018.284.07.35.04,2018-10-11T07:35:04.218393Z,3,"HHE,HHN,HHZ",15001,100.0,ok,
PTGC.2018.285.07.37.38,PTGC,2018.285.07.37.38,2018-10-12T07:37:38.378393Z,3,"HHE,HHN,HHZ",15001,100.0,ok,
PTGC.2018.285.17.26.38,PTGC,2018.285.17.26.38,2018-10-12T17:26:38.218393Z,3,"HHE,HHN,HHZ",15001,100.0,ok,
PTGC.2018.285.19.34.16,PTGC,2018.285.19.34.16,2018-10-12T19:34:16.858393Z,3,"HHE,HHN,HHZ",15001,100.0,ok,
PTGC.2018.285.20.55.20,PTGC,2018.285.20.55.20,2018-10-12T20:55:20.468393Z,3,"HHE,HHN,HHZ",15001,100.0,ok,
PTGC.2018.286.03.45.19,PTGC,2018.286.03.45.19,2018-10-13T03:45:19.088393Z,3,"HHE,HHN,HHZ",15001,100.0,ok,
PTGC.2018.286.05.15.18,PTGC,2018.286.05.15.18,2018-10-13T05:15:18.458393Z,3,"HHE,HHN,HHZ",15001,100.0,ok,
PTGC.2018.288.08.23.48,PTGC,2018.288.08.23.48,2018-10-15T08:23:48.238393Z,3,"HHE,HHN,HHZ",15001,100.0,ok,
PTGC.2018.289.07.51.49,PTGC,2018.289.07.51.49,2018-10-16T07:51:49.448393Z,3,"HHE,HHN,HHZ",15001,100.0,ok,
PTGC.2018.290.17.01.04,PTGC,2018.290.17.01.04,2018-10-17T17:01:04.458393Z,3,"HHE,HHN,HHZ",15001,100.0,ok,
PTGC.2018.291.19.52.17,PTGC,2018.291.19.52.17,2018-10-18T19:52:17.128393Z,3,"HHE,HHN,HHZ",15001,100.0,ok,
PTGC.2018.292.10.18.43,PTGC,2018.292.10.18.43,2018-10-19T10:18:43.328393Z,3,"HHE,HHN,HHZ",15001,100.0,ok,
PTGC.2018.292.15.28.19,PTGC,2018.292.15.28.19,2018-10-19T15:28:19.718391Z,3,"HHE,HHN,HHZ",15001,100.0,ok,
PTGC.2018.292.19.59.09,PTGC,2018.292.19.59.09,2018-10-19T19:59:09.578393Z,3,"HHE,HHN,HHZ",15001,100.0,ok,
PTGC.2018.293.04.41.35,PTGC,2018.293.04.41.35,2018-10-20T04:41:35.788393Z,3,"HHE,HHN,HHZ",15001,100.0,ok,
PTGC.2018.294.00.16.51,PTGC,2018.294.00.16.51,2018-10-21T00:16:51.638393Z,3,"HHE,HHN,HHZ",15001,100.0,ok,
PTGC.2018.294.01.15.26,PTGC,2018.294.01.15.26,2018-10-21T01:15:26.438391Z,3,"HHE,HHN,HHZ",15001,100.0,ok,
PTGC.2018.294.01.56.37,PTGC,2018.294.01.56.37,2018-10-21T01:56:37.038393Z,3,"HHE,HHN,HHZ",15001,100.0,ok,
PTGC.2018.294.05.19.12,PTGC,2018.294.05.19.12,2018-10-21T05:19:12.528393Z,3,"HHE,HHN,HHZ",15001,100.0,ok,
PTGC.2018.294.11.28.09,PTGC,2018.294.11.28.09,2018-10-21T11:28:09.818393Z,3,"HHE,HHN,HHZ",15001,100.0,ok,
PTGC.2018.294.13.48.46,PTGC,2018.294.13.48.46,2018-10-21T13:48:46.758394Z,3,"HHE,HHN,HHZ",15001,100.0,ok,
PTGC.2018.294.14.43.30,PTGC,2018.294.14.43.30,2018-10-21T14:43:30.378393Z,3,"HHE,HHN,HHZ",15001,100.0,ok,
PTGC.2018.294.23.16.44,PTGC,2018.294.23.16.44,2018-10-21T23:16:44.248393Z,3,"HHE,HHN,HHZ",15001,100.0,ok,
PTGC.2018.295.20.49.44,PTGC,2018.295.20.49.44,2018-10-22T20:49:44.008393Z,3,"HHE,HHN,HHZ",15001,100.0,ok,
PTGC.2018.296.02.14.43,PTGC,2018.296.02.14.43,2018-10-23T02:14:43.688393Z,3,"HHE,HHN,HHZ",15001,100.0,ok,
PTGC.2018.296.23.42.31,PTGC,2018.296.23.42.31,2018-10-23T23:42:31.738393Z,3,"HHE,HHN,HHZ",15001,100.0,ok,
PTGC.2018.297.02.11.03,PTGC,2018.297.02.11.03,2018-10-24T02:11:03.748393Z,3,"HHE,HHN,HHZ",15001,100.0,ok,
PTGC.2018.298.05.25.52,PTGC,2018.298.05.25.52,2018-10-25T05:25:52.548393Z,3,"HHE,HHN,HHZ",15001,100.0,ok,
PTGC.2018.299.12.26.08,PTGC,2018.299.12.26.08,2018-10-26T12:26:08.248391Z,3,"HHE,HHN,HHZ",15001,100.0,ok,
PTGC.2018.300.08.19.22,PTGC,2018.300.08.19.22,2018-10-27T08:19:22.198393Z,3,"HHE,HHN,HHZ",15001,100.0,ok,
PTGC.2018.300.18.47.21,PTGC,2018.300.18.47.21,2018-10-27T18:47:21.638393Z,3,"HHE,HHN,HHZ",15001,100.0,ok,
PTGC.2018.303.19.29.26,PTGC,2018.303.19.29.26,2018-10-30T19:29:26.758393Z,3,"HHE,HHN,HHZ",15001,100.0,ok,
PTGC.2018.303.23.35.01,PTGC,2018.303.23.35.01,2018-10-30T23:35:01.418393Z,3,"HHE,HHN,HHZ",15001,100.0,ok,
PTGC.2018.305.22.46.29,PTGC,2018.305.22.46.29,2018-11-01T22:46:29.448393Z,3,"HHE,HHN,HHZ",15001,100.0,ok,
PTGC.2018.305.23.58.29,PTGC,2018.305.23.58.29,2018-11-01T23:58:29.558393Z,3,"HHE,HHN,HHZ",15001,100.0,ok,
PTGC.2018.308.01.22.13,PTGC,2018.308.01.22.13,2018-11-04T01:22:13.108394Z,3,"HHE,HHN,HHZ",15001,100.0,ok,
PTGC.2018.308.02.17.45,PTGC,2018.308.02.17.45,2018-11-04T02:17:45.988393Z,3,"HHE,HHN,HHZ",15001,100.0,ok,
PTGC.2018.308.02.48.23,PTGC,2018.308.02.48.23,2018-11-04T02:48:23.978393Z,3,"HHE,HHN,HHZ",15001,100.0,ok,
PTGC.2018.308.15.44.48,PTGC,2018.308.15.44.48,2018-11-04T15:44:48.768393Z,3,"HHE,HHN,HHZ",15001,100.0,ok,
PTGC.2018.310.00.15.04,PTGC,2018.310.00.15.04,2018-11-06T00:15:04.308394Z,3,"HHE,HHN,HHZ",15001,100.0,ok,
PTGC.2018.310.00.46.47,PTGC,2018.310.00.46.47,2018-11-06T00:46:47.308394Z,3,"HHE,HHN,HHZ",15001,100.0,ok,
PTGC.2018.311.08.47.47,PTGC,2018.311.08.47.47,2018-11-07T08:47:47.278393Z,3,"HHE,HHN,HHZ",15001,100.0,ok,
PTGC.2018.312.05.56.02,PTGC,2018.312.05.56.02,2018-11-08T05:56:02.018394Z,3,"HHE,HHN,HHZ",15001,100.0,ok,
PTGC.2018.312.12.29.36,PTGC,2018.312.12.29.36,2018-11-08T12:29:36.338393Z,3,"HHE,HHN,HHZ",15001,100.0,ok,
PTGC.2018.313.02.31.13,PTGC,2018.313.02.31.13,2018-11-09T02:31:13.328393Z,3,"HHE,HHN,HHZ",15001,100.0,ok,
PTGC.2018.313.09.51.48,PTGC,2018.313.09.51.48,2018-11-09T09:51:48.188393Z,3,"HHE,HHN,HHZ",15001,100.0,ok,
PTGC.2018.314.03.46.56,PTGC,2018.314.03.46.56,2018-11-10T03:46:56.738393Z,3,"HHE,HHN,HHZ",15001,100.0,ok,
PTGC.2018.314.05.43.25,PTGC,2018.314.05.43.25,2018-11-10T05:43:25.618393Z,3,"HHE,HHN,HHZ",15001,100.0,ok,
PTGC.2018.314.06.10.29,PTGC,2018.314.06.10.29,2018-11-10T06:10:29.568393Z,3,"HHE,HHN,HHZ",15001,100.0,ok,
PTGC.2018.314.11.42.58,PTGC,2018.314.11.42.58,2018-11-10T11:42:58.748393Z,3,"HHE,HHN,HHZ",15001,100.0,ok,
PTGC.2018.314.13.52.55,PTGC,2018.314.13.52.55,2018-11-10T13:52:55.008393Z,3,"HHE,HHN,HHZ",15001,100.0,ok,
PTGC.2018.315.09.36.47,PTGC,2018.315.09.36.47,2018-11-11T09:36:47.488394Z,3,"HHE,HHN,HHZ",15001,100.0,ok,
PTGC.2018.316.04.04.07,PTGC,2018.316.04.04.07,2018-11-12T04:04:07.188393Z,3,"HHE,HHN,HHZ",15001,100.0,ok,
PTGC.2018.316.04.58.08,PTGC,2018.316.04.58.08,2018-11-12T04:58:08.758393Z,3,"HHE,HHN,HHZ",15001,100.0,ok,
PTGC.2018.317.01.15.26,PTGC,2018.317.01.15.26,2018-11-13T01:15:26.778393Z,3,"HHE,HHN,HHZ",15001,100.0,ok,
PTGC.2018.318.18.20.10,PTGC,2018.318.18.20.10,2018-11-14T18:20:10.768393Z,3,"HHE,HHN,HHZ",15001,100.0,ok,
PTGC.2018.318.18.49.40,PTGC,2018.318.18.49.40,2018-11-14T18:49:40.308393Z,3,"HHE,HHN,HHZ",15001,100.0,ok,
PTGC.2018.319.19.44.19,PTGC,2018.319.19.44.19,2018-11-15T19:44:19.208393Z,3,"HHE,HHN,HHZ",15001,100.0,ok,
PTGC.2018.320.04.02.15,PTGC,2018.320.04.02.15,2018-11-16T04:02:15.338393Z,3,"HHE,HHN,HHZ",15001,100.0,ok,
PTGC.2018.323.22.00.01,PTGC,2018.323.22.00.01,2018-11-19T22:00:01.408393Z,3,"HHE,HHN,HHZ",15001,100.0,ok,
PTGC.2018.326.23.09.31,PTGC,2018.326.23.09.31,2018-11-22T23:09:31.128393Z,3,"HHE,HHN,HHZ",15001,100.0,ok,
PTGC.2018.327.12.31.06,PTGC,2018.327.12.31.06,2018-11-23T12:31:06.918393Z,3,"HHE,HHN,HHZ",15001,100.0,ok,
PTGC.2018.327.21.51.37,PTGC,2018.327.21.51.37,2018-11-23T21:51:37.538393Z,3,"HHE,HHN,HHZ",15001,100.0,ok,
PTGC.2018.328.14.24.37,PTGC,2018.328.14.24.37,2018-11-24T14:24:37.508393Z,3,"HHE,HHN,HHZ",15001,100.0,ok,
PTGC.2018.328.16.52.50,PTGC,2018.328.16.52.50,2018-11-24T16:52:50.848393Z,3,"HHE,HHN,HHZ",15001,100.0,ok,
PTGC.2018.330.15.15.57,PTGC,2018.330.15.15.57,2018-11-26T15:15:57.708393Z,3,"HHE,HHN,HHZ",15001,100.0,ok,
PTGC.2018.331.18.25.16,PTGC,2018.331.18.25.16,2018-11-27T18:25:16.388393Z,3,"HHE,HHN,HHZ",15001,100.0,ok,
PTGC.2018.332.15.55.45,PTGC,2018.332.15.55.45,2018-11-28T15:55:45.928391Z,3,"HHE,HHN,HHZ",15001,100.0,ok,
PTGC.2018.332.19.49.30,PTGC,2018.332.19.49.30,2018-11-28T19:49:30.388393Z,3,"HHE,HHN,HHZ",15001,100.0,ok,
PTGC.2018.333.02.52.00,PTGC,2018.333.02.52.00,2018-11-29T02:52:00.548393Z,3,"HHE,HHN,HHZ",15001,100.0,ok,
PTGC.2018.335.17.32.19,PTGC,2018.335.17.32.19,2018-12-01T17:32:19.708391Z,3,"HHE,HHN,HHZ",15001,100.0,ok,
PTGC.2018.335.22.04.13,PTGC,2018.335.22.04.13,2018-12-01T22:04:13.118391Z,3,"HHE,HHN,HHZ",15001,100.0,ok,
PTGC.2018.337.17.02.16,PTGC,2018.337.17.02.16,2018-12-03T17:02:16.828393Z,3,"HHE,HHN,HHZ",15001,100.0,ok,
PTGC.2018.338.14.32.50,PTGC,2018.338.14.32.50,2018-12-04T14:32:50.128394Z,3,"HHE,HHN,HHZ",15001,100.0,ok,
PTGC.2018.338.18.19.25,PTGC,2018.338.18.19.25,2018-12-04T18:19:25.938393Z,3,"HHE,HHN,HHZ",15001,100.0,ok,
PTGC.2018.341.20.10.17,PTGC,2018.341.20.10.17,2018-12-07T20:10:17.028393Z,3,"HHE,HHN,HHZ",15001,100.0,ok,
PTGC.2018.342.15.38.50,PTGC,2018.342.15.38.50,2018-12-08T15:38:50.898393Z,3,"HHE,HHN,HHZ",15001,100.0,ok,
PTGC.2018.343.12.53.53,PTGC,2018.343.12.53.53,2018-12-09T12:53:53.608391Z,3,"HHE,HHN,HHZ",15001,100.0,ok,
PTGC.2018.343.16.09.24,PTGC,2018.343.16.09.24,2018-12-09T16:09:24.358393Z,3,"HHE,HHN,HHZ",15001,100.0,ok,
PTGC.2018.343.21.04.40,PTGC,2018.343.21.04.40,2018-12-09T21:04:40.738393Z,3,"HHE,HHN,HHZ",15001,100.0,ok,
PTGC.2018.344.20.11.37,PTGC,2018.344.20.11.37,2018-12-10T20:11:37.148393Z,3,"HHE,HHN,HHZ",15001,100.0,ok,
PTGC.2018.346.23.05.59,PTGC,2018.346.23.05.59,2018-12-12T23:05:59.938391Z,3,"HHE,HHN,HHZ",15001,100.0,ok,
PTGC.2018.347.04.11.28,PTGC,2018.347.04.11.28,2018-12-13T04:11:28.418391Z,3,"HHE,HHN,HHZ",15001,100.0,ok,
PTGC.2018.347.11.41.35,PTGC,2018.347.11.41.35,2018-12-13T11:41:35.298394Z,3,"HHE,HHN,HHZ",15001,100.0,ok,
PTGC.2018.347.12.20.20,PTGC,2018.347.12.20.20,2018-12-13T12:20:20.748393Z,3,"HHE,HHN,HHZ",15001,100.0,ok,
PTGC.2018.350.14.03.48,PTGC,2018.350.14.03.48,2018-12-16T14:03:48.548393Z,3,"HHE,HHN,HHZ",15001,100.0,ok,
PTGC.2018.352.04.04.44,PTGC,2018.352.04.04.44,2018-12-18T04:04:44.948393Z,3,"HHE,HHN,HHZ",15001,100.0,ok,
PTGC.2018.352.04.25.18,PTGC,2018.352.04.25.18,2018-12-18T04:25:18.488393Z,3,"HHE,HHN,HHZ",15001,100.0,ok,
PTGC.2018.354.21.49.54,PTGC,2018.354.21.49.54,2018-12-20T21:49:54.878393Z,3,"HHE,HHN,HHZ",15001,100.0,ok,
PTGC.2018.354.23.49.03,PTGC,2018.354.23.49.03,2018-12-20T23:49:03.868393Z,3,"HHE,HHN,HHZ",15001,100.0,ok,
PTGC.2019.058.07.22.14,PTGC,2019.058.07.22.14,2019-02-27T07:22:14.058393Z,3,"HHE,HHN,HHZ",15001,100.0,ok,
PTGC.2019.059.00.35.37,PTGC,2019.059.00.35.37,2019-02-28T00:35:37.658393Z,3,"HHE,HHN,HHZ",15001,100.0,ok,
PTGC.2019.059.07.57.20,PTGC,2019.059.07.57.20,2019-02-28T07:57:20.468393Z,3,"HHE,HHN,HHZ",15001,100.0,ok,
PTGC.2019.059.19.53.11,PTGC,2019.059.19.53.11,2019-02-28T19:53:11.078393Z,3,"HHE,HHN,HHZ",15001,100.0,ok,
PTGC.2019.060.01.02.01,PTGC,2019.060.01.02.01,2019-03-01T01:02:01.288393Z,3,"HHE,HHN,HHZ",15001,100.0,ok,
PTGC.2019.060.08.42.46,PTGC,2019.060.08.42.46,2019-03-01T08:42:46.238393Z,3,"HHE,HHN,HHZ",15001,100.0,ok,
PTGC.2019.060.09.18.05,PTGC,2019.060.09.18.05,2019-03-01T09:18:05.988393Z,3,"HHE,HHN,HHZ",15001,100.0,ok,
PTGC.2019.060.09.44.56,PTGC,2019.060.09.44.56,2019-03-01T09:44:56.978391Z,3,"HHE,HHN,HHZ",15001,100.0,ok,
PTGC.2019.060.23.15.27,PTGC,2019.060.23.15.27,2019-03-01T23:15:27.838393Z,3,"HHE,HHN,HHZ",15001,100.0,ok,
PTGC.2019.061.00.02.08,PTGC,2019.061.00.02.08,2019-03-02T00:02:08.698393Z,3,"HHE,HHN,HHZ",15001,100.0,ok,
PTGC.2019.061.01.43.02,PTGC,2019.061.01.43.02,2019-03-02T01:43:02.478393Z,3,"HHE,HHN,HHZ",15001,100.0,ok,
PTGC.2019.061.02.26.16,PTGC,2019.061.02.26.16,2019-03-02T02:26:16.368393Z,3,"HHE,HHN,HHZ",15001,100.0,ok,
PTGC.2019.061.05.08.04,PTGC,2019.061.05.08.04,2019-03-02T05:08:04.008393Z,3,"HHE,HHN,HHZ",15001,100.0,ok,
PTGC.2019.061.06.00.30,PTGC,2019.061.06.00.30,2019-03-02T06:00:30.638393Z,3,"HHE,HHN,HHZ",15001,100.0,ok,
PTGC.2019.061.18.18.07,PTGC,2019.061.18.18.07,2019-03-02T18:18:07.378391Z,3,"HHE,HHN,HHZ",15001,100.0,ok,
PTGC.2019.062.03.15.20,PTGC,2019.062.03.15.20,2019-03-03T03:15:20.948393Z,3,"HHE,HHN,HHZ",15001,100.0,ok,
PTGC.2019.062.04.48.31,PTGC,2019.062.04.48.31,2019-03-03T04:48:31.988393Z,3,"HHE,HHN,HHZ",15001,100.0,ok,
PTGC.2019.062.05.28.24,PTGC,2019.062.05.28.24,2019-03-03T05:28:24.518393Z,3,"HHE,HHN,HHZ",15001,100.0,ok,
PTGC.2019.062.23.46.17,PTGC,2019.062.23.46.17,2019-03-03T23:46:17.208393Z,3,"HHE,HHN,HHZ",15001,100.0,ok,
PTGC.2019.081.18.05.43,PTGC,2019.081.18.05.43,2019-03-22T18:05:43.728393Z,3,"HHE,HHN,HHZ",15001,100.0,ok,
PTGC.2019.084.04.37.54,PTGC,2019.084.04.37.54,2019-03-25T04:37:54.218393Z,3,"HHE,HHN,HHZ",15001,100.0,ok,
PTGC.2019.084.04.44.48,PTGC,2019.084.04.44.48,2019-03-25T04:44:48.408393Z,3,"HHE,HHN,HHZ",15001,100.0,ok,
PTGC.2019.084.11.49.44,PTGC,2019.084.11.49.44,2019-03-25T11:49:44.308393Z,3,"HHE,HHN,HHZ",15001,100.0,ok,
PTGC.2019.084.21.31.21,PTGC,2019.084.21.31.21,2019-03-25T21:31:21.498393Z,3,"HHE,HHN,HHZ",15001,100.0,ok,
PTGC.2019.084.23.25.12,PTGC,2019.084.23.25.12,2019-03-25T23:25:12.658393Z,3,"HHE,HHN,HHZ",15001,100.0,ok,
PTGC.2019.085.07.47.11,PTGC,2019.085.07.47.11,2019-03-26T07:47:11.618393Z,3,"HHE,HHN,HHZ",15001,100.0,ok,
PTGC.2019.085.18.47.14,PTGC,2019.085.18.47.14,2019-03-26T18:47:14.058393Z,3,"HHE,HHN,HHZ",15001,100.0,ok,
PTGC.2019.086.14.50.05,PTGC,2019.086.14.50.05,2019-03-27T14:50:05.848393Z,3,"HHE,HHN,HHZ",15001,100.0,ok,
PTGC.2019.086.18.40.45,PTGC,2019.086.18.40.45,2019-03-27T18:40:45.128393Z,3,"HHE,HHN,HHZ",15001,100.0,ok,
PTGC.2019.086.23.21.11,PTGC,2019.086.23.21.11,2019-03-27T23:21:11.838393Z,3,"HHE,HHN,HHZ",15001,100.0,ok,
PTGC.2019.087.03.20.58,PTGC,2019.087.03.20.58,2019-03-28T03:20:58.018393Z,3,"HHE,HHN,HHZ",15001,100.0,ok,
PTGC.2019.087.22.27.59,PTGC,2019.087.22.27.59,2019-03-28T22:27:59.718393Z,3,"HHE,HHN,HHZ",15001,100.0,ok,
PTGC.2019.088.10.58.52,PTGC,2019.088.10.58.52,2019-03-29T10:58:52.598393Z,3,"HHE,HHN,HHZ",15001,100.0,ok,
PTGC.2019.088.13.16.01,PTGC,2019.088.13.16.01,2019-03-29T13:16:01.858393Z,3,"HHE,HHN,HHZ",15001,100.0,ok,
PTGC.2019.088.23.11.59,PTGC,2019.088.23.11.59,2019-03-29T23:11:59.688393Z,3,"HHE,HHN,HHZ",15001,100.0,ok,
PTGC.2019.089.10.50.24,PTGC,2019.089.10.50.24,2019-03-30T10:50:24.488393Z,3,"HHE,HHN,HHZ",15001,100.0,ok,
PTGC.2019.090.04.22.45,PTGC,2019.090.04.22.45,2019-03-31T04:22:45.238393Z,3,"HHE,HHN,HHZ",15001,100.0,ok,
PTGC.2019.091.06.09.27,PTGC,2019.091.06.09.27,2019-04-01T06:09:27.658393Z,3,"HHE,HHN,HHZ",15001,100.0,ok,
PTGC.2019.093.02.21.49,PTGC,2019.093.02.21.49,2019-04-03T02:21:49.898393Z,3,"HHE,HHN,HHZ",15001,100.0,ok,
PTGC.2019.093.08.02.58,PTGC,2019.093.08.02.58,2019-04-03T08:02:58.358393Z,3,"HHE,HHN,HHZ",15001,100.0,ok,
PTGC.2019.093.10.34.44,PTGC,2019.093.10.34.44,2019-04-03T10:34:44.428393Z,3,"HHE,HHN,HHZ",15001,100.0,ok,
PTGC.2019.094.00.33.34,PTGC,2019.094.00.33.34,2019-04-04T00:33:34.898393Z,3,"HHE,HHN,HHZ",15001,100.0,ok,
PTGC.2019.094.08.28.11,PTGC,2019.094.08.28.11,2019-04-04T08:28:11.648393Z,3,"HHE,HHN,HHZ",15001,100.0,ok,
PTGC.2019.095.19.21.33,PTGC,2019.095.19.21.33,2019-04-05T19:21:33.208391Z,3,"HHE,HHN,HHZ",15001,100.0,ok,
PTGC.2019.095.19.27.44,PTGC,2019.095.19.27.44,2019-04-05T19:27:44.498393Z,3,"HHE,HHN,HHZ",15001,100.0,ok,
PTGC.2019.095.19.45.22,PTGC,2019.095.19.45.22,2019-04-05T19:45:22.168393Z,3,"HHE,HHN,HHZ",15001,100.0,ok,
PTGC.2019.096.14.43.45,PTGC,2019.096.14.43.45,2019-04-06T14:43:45.018393Z,3,"HHE,HHN,HHZ",15001,100.0,ok,
PTGC.2019.097.06.55.48,PTGC,2019.097.06.55.48,2019-04-07T06:55:48.228394Z,3,"HHE,HHN,HHZ",15001,100.0,ok,
PTGC.2019.097.18.12.34,PTGC,2019.097.18.12.34,2019-04-07T18:12:34.078391Z,3,"HHE,HHN,HHZ",15001,100.0,ok,
PTGC.2019.097.22.49.14,PTGC,2019.097.22.49.14,2019-04-07T22:49:14.748393Z,3,"HHE,HHN,HHZ",15001,100.0,ok,
PTGC.2019.098.00.11.01,PTGC,2019.098.00.11.01,2019-04-08T00:11:01.498393Z,3,"HHE,HHN,HHZ",15001,100.0,ok,
PTGC.2019.098.01.42.27,PTGC,2019.098.01.42.27,2019-04-08T01:42:27.568393Z,3,"HHE,HHN,HHZ",15001,100.0,ok,
PTGC.2019.099.22.23.02,PTGC,2019.099.22.23.02,2019-04-09T22:23:02.648393Z,3,"HHE,HHN,HHZ",15001,100.0,ok,
PTGC.2019.099.23.50.44,PTGC,2019.099.23.50.44,2019-04-09T23:50:44.638391Z,3,"HHE,HHN,HHZ",15001,100.0,ok,
PTGC.2019.100.07.24.29,PTGC,2019.100.07.24.29,2019-04-10T07:24:29.238393Z,3,"HHE,HHN,HHZ",15001,100.0,ok,
PTGC.2019.100.20.13.48,PTGC,2019.100.20.13.48,2019-04-10T20:13:48.318393Z,3,"HHE,HHN,HHZ",15001,100.0,ok,
PTGC.2019.100.20.17.26,PTGC,2019.100.20.17.26,2019-04-10T20:17:26.408393Z,3,"HHE,HHN,HHZ",15001,100.0,ok,
PTGC.2019.101.12.15.51,PTGC,2019.101.12.15.51,2019-04-11T12:15:51.028393Z,3,"HHE,HHN,HHZ",15001,100.0,ok,
PTGC.2019.101.14.16.57,PTGC,2019.101.14.16.57,2019-04-11T14:16:57.218393Z,3,"HHE,HHN,HHZ",15001,100.0,ok,
PTGC.2019.102.01.35.31,PTGC,2019.102.01.35.31,2019-04-12T01:35:31.868393Z,3,"HHE,HHN,HHZ",15001,100.0,ok,
PTGC.2019.102.02.37.13,PTGC,2019.102.02.37.13,2019-04-12T02:37:13.228393Z,3,"HHE,HHN,HHZ",15001,100.0,ok,
PTGC.2019.102.12.56.27,PTGC,2019.102.12.56.27,2019-04-12T12:56:27.288393Z,3,"HHE,HHN,HHZ",15001,100.0,ok,
PTGC.2019.104.08.06.45,PTGC,2019.104.08.06.45,2019-04-14T08:06:45.758393Z,3,"HHE,HHN,HHZ",15001,100.0,ok,
PTGC.2019.104.12.05.47,PTGC,2019.104.12.05.47,2019-04-14T12:05:47.878393Z,3,"HHE,HHN,HHZ",15001,100.0,ok,
PTGC.2019.104.20.57.07,PTGC,2019.104.20.57.07,2019-04-14T20:57:07.488393Z,3,"HHE,HHN,HHZ",15001,100.0,ok,
PTGC.2019.105.02.59.46,PTGC,2019.105.02.59.46,2019-04-15T02:59:46.488391Z,3,"HHE,HHN,HHZ",15001,100.0,ok,
PTGC.2019.105.07.37.28,PTGC,2019.105.07.37.28,2019-04-15T07:37:28.428393Z,3,"HHE,HHN,HHZ",14954,100.0,discarded,too_short
PTGC.2019.106.00.52.50,PTGC,2019.106.00.52.50,2019-04-16T00:52:50.638393Z,3,"HHE,HHN,HHZ",15001,100.0,ok,
PTGC.2019.106.03.52.53,PTGC,2019.106.03.52.53,2019-04-16T03:52:53.838393Z,3,"HHE,HHN,HHZ",15001,100.0,ok,
PTGC.2019.106.06.46.19,PTGC,2019.106.06.46.19,2019-04-16T06:46:19.668391Z,3,"HHE,HHN,HHZ",15001,100.0,ok,
PTGC.2019.106.21.38.41,PTGC,2019.106.21.38.41,2019-04-16T21:38:41.598393Z,3,"HHE,HHN,HHZ",15001,100.0,ok,
PTGC.2019.107.02.56.32,PTGC,2019.107.02.56.32,2019-04-17T02:56:32.298393Z,3,"HHE,HHN,HHZ",15001,100.0,ok,
PTGC.2019.107.08.59.02,PTGC,2019.107.08.59.02,2019-04-17T08:59:02.678393Z,3,"HHE,HHN,HHZ",15001,100.0,ok,
PTGC.2019.107.10.02.28,PTGC,2019.107.10.02.28,2019-04-17T10:02:28.498393Z,3,"HHE,HHN,HHZ",15001,100.0,ok,
PTGC.2019.108.02.24.50,PTGC,2019.108.02.24.50,2019-04-18T02:24:50.258393Z,3,"HHE,HHN,HHZ",15001,100.0,ok,
PTGC.2019.108.02.58.22,PTGC,2019.108.02.58.22,2019-04-18T02:58:22.808394Z,3,"HHE,HHN,HHZ",15001,100.0,ok,
PTGC.2019.108.03.58.23,PTGC,2019.108.03.58.23,2019-04-18T03:58:23.908393Z,3,"HHE,HHN,HHZ",15001,100.0,ok,
PTGC.2019.109.10.54.27,PTGC,2019.109.10.54.27,2019-04-19T10:54:27.208393Z,3,"HHE,HHN,HHZ",15001,100.0,ok,
PTGC.2019.110.01.53.59,PTGC,2019.110.01.53.59,2019-04-20T01:53:59.028393Z,3,"HHE,HHN,HHZ",15001,100.0,ok,
PTGC.2019.112.04.39.28,PTGC,2019.112.04.39.28,2019-04-22T04:39:28.818393Z,3,"HHE,HHN,HHZ",15001,100.0,ok,
PTGC.2019.112.19.10.54,PTGC,2019.112.19.10.54,2019-04-22T19:10:54.098393Z,3,"HHE,HHN,HHZ",15001,100.0,ok,
PTGC.2019.114.16.21.48,PTGC,2019.114.16.21.48,2019-04-24T16:21:48.208393Z,3,"HHE,HHN,HHZ",15001,100.0,ok,
PTGC.2019.115.07.20.17,PTGC,2019.115.07.20.17,2019-04-25T07:20:17.318391Z,3,"HHE,HHN,HHZ",15001,100.0,ok,
PTGC.2019.115.15.01.18,PTGC,2019.115.15.01.18,2019-04-25T15:01:18.108393Z,3,"HHE,HHN,HHZ",15001,100.0,ok,
PTGC.2019.117.04.33.49,PTGC,2019.117.04.33.49,2019-04-27T04:33:49.788393Z,3,"HHE,HHN,HHZ",15001,100.0,ok,
PTGC.2019.117.22.49.32,PTGC,2019.117.22.49.32,2019-04-27T22:49:32.198393Z,3,"HHE,HHN,HHZ",15001,100.0,ok,
PTGC.2019.118.08.07.17,PTGC,2019.118.08.07.17,2019-04-28T08:07:17.568393Z,3,"HHE,HHN,HHZ",15001,100.0,ok,
PTGC.2019.118.19.25.31,PTGC,2019.118.19.25.31,2019-04-28T19:25:31.718391Z,3,"HHE,HHN,HHZ",15001,100.0,ok,
PTGC.2019.118.19.52.26,PTGC,2019.118.19.52.26,2019-04-28T19:52:26.258393Z,3,"HHE,HHN,HHZ",15001,100.0,ok,
PTGC.2019.119.01.41.39,PTGC,2019.119.01.41.39,2019-04-29T01:41:39.598393Z,3,"HHE,HHN,HHZ",15001,100.0,ok,
PTGC.2019.119.22.24.10,PTGC,2019.119.22.24.10,2019-04-29T22:24:10.698393Z,3,"HHE,HHN,HHZ",15001,100.0,ok,
PTGC.2019.120.18.02.39,PTGC,2019.120.18.02.39,2019-04-30T18:02:39.328391Z,3,"HHE,HHN,HHZ",15001,100.0,ok,
PTGC.2019.120.21.55.40,PTGC,2019.120.21.55.40,2019-04-30T21:55:40.138393Z,3,"HHE,HHN,HHZ",15001,100.0,ok,
PTGC.2019.121.17.05.00,PTGC,2019.121.17.05.00,2019-05-01T17:05:00.508393Z,3,"HHE,HHN,HHZ",15001,100.0,ok,
PTGC.2019.122.04.00.08,PTGC,2019.122.04.00.08,2019-05-02T04:00:08.578393Z,3,"HHE,HHN,HHZ",15001,100.0,ok,
PTGC.2019.122.15.50.30,PTGC,2019.122.15.50.30,2019-05-02T15:52:14.968393Z,3,"HHE,HHN,HHZ",4540,100.0,discarded,too_short
PTGC.2019.123.19.00.10,PTGC,2019.123.19.00.10,2019-05-03T19:00:10.388393Z,3,"HHE,HHN,HHZ",15001,100.0,ok,
PTGC.2019.124.23.53.31,PTGC,2019.124.23.53.31,2019-05-04T23:53:31.388393Z,3,"HHE,HHN,HHZ",15001,100.0,ok,
PTGC.2019.126.07.33.47,PTGC,2019.126.07.33.47,2019-05-06T07:33:47.818393Z,3,"HHE,HHN,HHZ",15001,100.0,ok,
PTGC.2019.126.14.32.43,PTGC,2019.126.14.32.43,2019-05-06T14:32:43.678391Z,3,"HHE,HHN,HHZ",15001,100.0,ok,
PTGC.2019.126.16.58.20,PTGC,2019.126.16.58.20,2019-05-06T16:58:20.208393Z,3,"HHE,HHN,HHZ",15001,100.0,ok,
PTGC.2019.126.23.23.17,PTGC,2019.126.23.23.17,2019-05-06T23:23:17.338393Z,3,"HHE,HHN,HHZ",15001,100.0,ok,
PTGC.2019.127.07.24.53,PTGC,2019.127.07.24.53,2019-05-07T07:24:53.018393Z,3,"HHE,HHN,HHZ",15001,100.0,ok,
PTGC.2019.127.15.11.35,PTGC,2019.127.15.11.35,2019-05-07T15:11:35.398393Z,3,"HHE,HHN,HHZ",15001,100.0,ok,
PTGC.2019.127.22.07.55,PTGC,2019.127.22.07.55,2019-05-07T22:07:55.898394Z,3,"HHE,HHN,HHZ",15001,100.0,ok,
PTGC.2019.127.23.26.20,PTGC,2019.127.23.26.20,2019-05-07T23:26:20.558393Z,3,"HHE,HHN,HHZ",15001,100.0,ok,
PTGC.2019.128.07.31.30,PTGC,2019.128.07.31.30,2019-05-08T07:31:30.628393Z,3,"HHE,HHN,HHZ",15001,100.0,ok,
PTGC.2019.128.08.27.18,PTGC,2019.128.08.27.18,2019-05-08T08:27:18.158393Z,3,"HHE,HHN,HHZ",15001,100.0,ok,
PTGC.2019.129.18.43.18,PTGC,2019.129.18.43.18,2019-05-09T18:43:18.948393Z,3,"HHE,HHN,HHZ",15001,100.0,ok,
PTGC.2019.132.03.14.11,PTGC,2019.132.03.14.11,2019-05-12T03:14:11.188393Z,3,"HHE,HHN,HHZ",15001,100.0,ok,
PTGC.2019.132.07.28.13,PTGC,2019.132.07.28.13,2019-05-12T07:28:13.568393Z,3,"HHE,HHN,HHZ",15001,100.0,ok,
PTGC.2019.135.15.44.59,PTGC,2019.135.15.44.59,2019-05-15T15:44:59.188393Z,3,"HHE,HHN,HHZ",15001,100.0,ok,
PTGC.2019.136.12.50.38,PTGC,2019.136.12.50.38,2019-05-16T12:50:38.518393Z,3,"HHE,HHN,HHZ",15001,100.0,ok,
PTGC.2019.141.05.56.25,PTGC,2019.141.05.56.25,2019-05-21T05:56:25.458393Z,3,"HHE,HHN,HHZ",15001,100.0,ok,
PTGC.2019.141.14.57.48,PTGC,2019.141.14.57.48,2019-05-21T14:57:48.298393Z,3,"HHE,HHN,HHZ",15001,100.0,ok,
PTGC.2019.141.16.41.20,PTGC,2019.141.16.41.20,2019-05-21T16:41:20.168393Z,3,"HHE,HHN,HHZ",15001,100.0,ok,
PTGC.2019.142.02.52.13,PTGC,2019.142.02.52.13,2019-05-22T02:52:13.048393Z,3,"HHE,HHN,HHZ",15001,100.0,ok,
PTGC.2019.142.15.51.41,PTGC,2019.142.15.51.41,2019-05-22T15:51:41.448391Z,3,"HHE,HHN,HHZ",15001,100.0,ok,
PTGC.2019.143.04.36.23,PTGC,2019.143.04.36.23,2019-05-23T04:36:23.938393Z,3,"HHE,HHN,HHZ",15001,100.0,ok,
PTGC.2019.144.19.54.36,PTGC,2019.144.19.54.36,2019-05-24T19:54:36.428393Z,3,"HHE,HHN,HHZ",15001,100.0,ok,
PTGC.2019.148.18.50.05,PTGC,2019.148.18.50.05,2019-05-28T18:50:05.688393Z,3,"HHE,HHN,HHZ",15001,100.0,ok,
PTGC.2019.149.15.55.49,PTGC,2019.149.15.55.49,2019-05-29T15:55:49.118391Z,3,"HHE,HHN,HHZ",15001,100.0,ok,
PTGC.2019.149.21.35.14,PTGC,2019.149.21.35.14,2019-05-29T21:35:14.688393Z,3,"HHE,HHN,HHZ",15001,100.0,ok,
PTGC.2019.149.23.25.47,PTGC,2019.149.23.25.47,2019-05-29T23:25:47.568393Z,3,"HHE,HHN,HHZ",15001,100.0,ok,
PTGC.2019.150.23.08.10,PTGC,2019.150.23.08.10,2019-05-30T23:08:10.308393Z,3,"HHE,HHN,HHZ",15001,100.0,ok,
PTGC.2019.151.01.11.14,PTGC,2019.151.01.11.14,2019-05-31T01:11:14.558393Z,3,"HHE,HHN,HHZ",15001,100.0,ok,
PTGC.2019.151.17.21.47,PTGC,2019.151.17.21.47,2019-05-31T17:21:47.698393Z,3,"HHE,HHN,HHZ",15001,100.0,ok,
PTGC.2019.151.17.50.47,PTGC,2019.151.17.50.47,2019-05-31T17:50:47.938393Z,3,"HHE,HHN,HHZ",15001,100.0,ok,
PTGC.2019.152.01.00.42,PTGC,2019.152.01.00.42,2019-06-01T01:00:42.468393Z,3,"HHE,HHN,HHZ",15001,100.0,ok,
PTGC.2019.152.02.35.39,PTGC,2019.152.02.35.39,2019-06-01T02:35:39.248393Z,3,"HHE,HHN,HHZ",15001,100.0,ok,
PTGC.2019.152.21.51.42,PTGC,2019.152.21.51.42,2019-06-01T21:51:42.198393Z,3,"HHE,HHN,HHZ",15001,100.0,ok,
PTGC.2019.154.03.29.56,PTGC,2019.154.03.29.56,2019-06-03T03:29:56.768393Z,3,"HHE,HHN,HHZ",15001,100.0,ok,
PTGC.2019.154.11.29.10,PTGC,2019.154.11.29.10,2019-06-03T11:29:10.198507Z,3,"HHE,HHN,HHZ",15001,100.0,ok,
PTGC.2019.154.16.17.30,PTGC,2019.154.16.17.30,2019-06-03T16:17:30.808393Z,3,"HHE,HHN,HHZ",15001,100.0,ok,
PTGC.2019.154.19.52.21,PTGC,2019.154.19.52.21,2019-06-03T19:52:21.188393Z,3,"HHE,HHN,HHZ",15001,100.0,ok,
PTGC.2019.154.20.16.03,PTGC,2019.154.20.16.03,2019-06-03T20:16:03.188393Z,3,"HHE,HHN,HHZ",15001,100.0,ok,
PTGC.2019.154.21.49.17,PTGC,2019.154.21.49.17,2019-06-03T21:49:17.428393Z,3,"HHE,HHN,HHZ",15001,100.0,ok,
PTGC.2019.155.00.18.06,PTGC,2019.155.00.18.06,2019-06-04T00:18:06.768393Z,3,"HHE,HHN,HHZ",15001,100.0,ok,
PTGC.2019.155.18.46.42,PTGC,2019.155.18.46.42,2019-06-04T18:46:42.408393Z,3,"HHE,HHN,HHZ",15001,100.0,ok,
PTGC.2019.155.20.30.11,PTGC,2019.155.20.30.11,2019-06-04T20:30:11.898393Z,3,"HHE,HHN,HHZ",15001,100.0,ok,
PTGC.2019.157.14.42.38,PTGC,2019.157.14.42.38,2019-06-06T14:42:38.278393Z,3,"HHE,HHN,HHZ",15001,100.0,ok,
PTGC.2019.158.15.14.11,PTGC,2019.158.15.14.11,2019-06-07T15:14:11.578393Z,3,"HHE,HHN,HHZ",15001,100.0,ok,
PTGC.2019.158.22.53.34,PTGC,2019.158.22.53.34,2019-06-07T22:53:34.798393Z,3,"HHE,HHN,HHZ",15001,100.0,ok,
PTGC.2019.159.16.10.57,PTGC,2019.159.16.10.57,2019-06-08T16:10:57.728393Z,3,"HHE,HHN,HHZ",15001,100.0,ok,
PTGC.2019.161.16.39.33,PTGC,2019.161.16.39.33,2019-06-10T16:39:33.888393Z,3,"HHE,HHN,HHZ",15001,100.0,ok,
PTGC.2019.162.20.25.52,PTGC,2019.162.20.25.52,2019-06-11T20:25:52.598393Z,3,"HHE,HHN,HHZ",15001,100.0,ok,
PTGC.2019.162.23.19.32,PTGC,2019.162.23.19.32,2019-06-11T23:19:32.778393Z,3,"HHE,HHN,HHZ",15001,100.0,ok,
PTGC.2019.163.14.55.09,PTGC,2019.163.14.55.09,2019-06-12T14:55:09.668393Z,3,"HHE,HHN,HHZ",15001,100.0,ok,
PTGC.2019.164.14.28.40,PTGC,2019.164.14.28.40,2019-06-13T14:28:40.578393Z,3,"HHE,HHN,HHZ",15001,100.0,ok,
PTGC.2019.164.21.09.16,PTGC,2019.164.21.09.16,2019-06-13T21:09:16.288391Z,3,"HHE,HHN,HHZ",15001,100.0,ok,
PTGC.2019.168.14.25.54,PTGC,2019.168.14.25.54,2019-06-17T14:25:54.868394Z,3,"HHE,HHN,HHZ",15001,100.0,ok,
PTGC.2019.170.18.28.13,PTGC,2019.170.18.28.13,2019-06-19T18:28:13.298393Z,3,"HHE,HHN,HHZ",15001,100.0,ok,
PTGC.2019.170.19.38.44,PTGC,2019.170.19.38.44,2019-06-19T19:38:44.518393Z,3,"HHE,HHN,HHZ",15001,100.0,ok,
PTGC.2019.171.01.02.28,PTGC,2019.171.01.02.28,2019-06-20T01:02:28.178393Z,3,"HHE,HHN,HHZ",15001,100.0,ok,
PTGC.2019.171.19.11.34,PTGC,2019.171.19.11.34,2019-06-20T19:11:34.438393Z,3,"HHE,HHN,HHZ",15001,100.0,ok,
PTGC.2019.173.21.50.05,PTGC,2019.173.21.50.05,2019-06-22T21:50:05.408393Z,3,"HHE,HHN,HHZ",15001,100.0,ok,
PTGC.2019.174.18.05.15,PTGC,2019.174.18.05.15,2019-06-23T18:05:15.868393Z,3,"HHE,HHN,HHZ",15001,100.0,ok,
PTGC.2019.174.19.39.38,PTGC,2019.174.19.39.38,2019-06-23T19:39:38.478393Z,3,"HHE,HHN,HHZ",15001,100.0,ok,
PTGC.2019.174.23.59.49,PTGC,2019.174.23.59.49,2019-06-23T23:59:49.548393Z,3,"HHE,HHN,HHZ",15001,100.0,ok,
PTGC.2019.176.01.18.48,PTGC,2019.176.01.18.48,2019-06-25T01:18:48.438393Z,3,"HHE,HHN,HHZ",15001,100.0,ok,
PTGC.2019.176.16.58.02,PTGC,2019.176.16.58.02,2019-06-25T16:58:02.108393Z,3,"HHE,HHN,HHZ",15001,100.0,ok,
PTGC.2019.177.14.00.06,PTGC,2019.177.14.00.06,2019-06-26T14:00:06.988393Z,3,"HHE,HHN,HHZ",15001,100.0,ok,
PTGC.2019.177.17.39.23,PTGC,2019.177.17.39.23,2019-06-26T17:39:23.398393Z,3,"HHE,HHN,HHZ",15001,100.0,ok,
PTGC.2019.178.11.28.16,PTGC,2019.178.11.28.16,2019-06-27T11:28:16.748393Z,3,"HHE,HHN,HHZ",15001,100.0,ok,
PTGC.2019.178.13.55.40,PTGC,2019.178.13.55.40,2019-06-27T13:55:40.758393Z,3,"HHE,HHN,HHZ",15001,100.0,ok,
PTGC.2019.178.20.54.04,PTGC,2019.178.20.54.04,2019-06-27T20:54:04.438393Z,3,"HHE,HHN,HHZ",15001,100.0,ok,
PTGC.2019.180.01.49.29,PTGC,2019.180.01.49.29,2019-06-29T01:49:29.148391Z,3,"HHE,HHN,HHZ",15001,100.0,ok,
PTGC.2019.180.12.14.36,PTGC,2019.180.12.14.36,2019-06-29T12:14:36.758544Z,3,"HHE,HHN,HHZ",15001,100.0,ok,
PTGC.2019.181.19.33.39,PTGC,2019.181.19.33.39,2019-06-30T19:33:39.638393Z,3,"HHE,HHN,HHZ",15001,100.0,ok,
PTGC.2019.182.14.31.46,PTGC,2019.182.14.31.46,2019-07-01T14:31:46.738393Z,3,"HHE,HHN,HHZ",15001,100.0,ok,
PTGC.2019.182.17.23.48,PTGC,2019.182.17.23.48,2019-07-01T17:23:48.038393Z,3,"HHE,HHN,HHZ",15001,100.0,ok,
PTGC.2019.185.21.32.49,PTGC,2019.185.21.32.49,2019-07-04T21:32:49.278393Z,3,"HHE,HHN,HHZ",15001,100.0,ok,
PTGC.2019.186.00.02.28,PTGC,2019.186.00.02.28,2019-07-05T00:02:28.538393Z,3,"HHE,HHN,HHZ",15001,100.0,ok,
PTGC.2019.186.13.58.00,PTGC,2019.186.13.58.00,2019-07-05T13:58:00.688393Z,3,"HHE,HHN,HHZ",15001,100.0,ok,
PTGC.2019.187.14.06.13,PTGC,2019.187.14.06.13,2019-07-06T14:06:13.448393Z,3,"HHE,HHN,HHZ",15001,100.0,ok,
PTGC.2019.187.15.17.49,PTGC,2019.187.15.17.49,2019-07-06T15:17:49.178393Z,3,"HHE,HHN,HHZ",15001,100.0,ok,
PTGC.2019.187.22.19.52,PTGC,2019.187.22.19.52,2019-07-06T22:19:52.988393Z,3,"HHE,HHN,HHZ",15001,100.0,ok,
PTGC.2019.188.20.13.04,PTGC,2019.188.20.13.04,2019-07-07T20:13:04.348393Z,3,"HHE,HHN,HHZ",15001,100.0,ok,
PTGC.2019.189.22.18.48,PTGC,2019.189.22.18.48,2019-07-08T22:18:48.928393Z,3,"HHE,HHN,HHZ",15001,100.0,ok,
PTGC.2019.192.23.18.29,PTGC,2019.192.23.18.29,2019-07-11T23:18:29.428393Z,3,"HHE,HHN,HHZ",15001,100.0,ok,
PTGC.2019.192.23.23.38,PTGC,2019.192.23.23.38,2019-07-11T23:23:38.118393Z,3,"HHE,HHN,HHZ",15001,100.0,ok,
PTGC.2019.193.13.47.50,PTGC,2019.193.13.47.50,2019-07-12T13:47:50.228393Z,3,"HHE,HHN,HHZ",15001,100.0,ok,
PTGC.2019.193.18.27.53,PTGC,2019.193.18.27.53,2019-07-12T18:27:53.998391Z,3,"HHE,HHN,HHZ",15001,100.0,ok,
PTGC.2019.198.23.10.02,PTGC,2019.198.23.10.02,2019-07-17T23:10:02.808393Z,3,"HHE,HHN,HHZ",15001,100.0,ok,
PTGC.2019.200.00.36.21,PTGC,2019.200.00.36.21,2019-07-19T00:36:21.088393Z,3,"HHE,HHN,HHZ",15001,100.0,ok,
PTGC.2019.202.16.45.14,PTGC,2019.202.16.45.14,2019-07-21T16:45:14.598393Z,3,"HHE,HHN,HHZ",15001,100.0,ok,
PTGC.2019.204.18.46.00,PTGC,2019.204.18.46.00,2019-07-23T18:46:00.628394Z,3,"HHE,HHN,HHZ",15001,100.0,ok,
PTGC.2019.204.19.01.02,PTGC,2019.204.19.01.02,2019-07-23T19:01:02.968393Z,3,"HHE,HHN,HHZ",15001,100.0,ok,
PTGC.2019.205.00.37.30,PTGC,2019.205.00.37.30,2019-07-24T00:37:30.588393Z,3,"HHE,HHN,HHZ",15001,100.0,ok,
PTGC.2019.206.00.37.20,PTGC,2019.206.00.37.20,2019-07-25T00:37:20.418393Z,3,"HHE,HHN,HHZ",15001,100.0,ok,
PTGC.2019.207.22.47.54,PTGC,2019.207.22.47.54,2019-07-26T22:47:54.258393Z,3,"HHE,HHN,HHZ",15001,100.0,ok,
PTGC.2019.210.12.25.29,PTGC,2019.210.12.25.29,2019-07-29T12:25:29.308393Z,3,"HHE,HHN,HHZ",15001,100.0,ok,
PTGC.2019.210.20.23.32,PTGC,2019.210.20.23.32,2019-07-29T20:23:32.258393Z,3,"HHE,HHN,HHZ",15001,100.0,ok,
PTGC.2019.211.22.11.31,PTGC,2019.211.22.11.31,2019-07-30T22:11:31.678393Z,3,"HHE,HHN,HHZ",15001,100.0,ok,
PTGC.2019.213.14.48.59,PTGC,2019.213.14.48.59,2019-08-01T14:48:59.578393Z,3,"HHE,HHN,HHZ",15001,100.0,ok,
PTGC.2019.213.16.38.33,PTGC,2019.213.16.38.33,2019-08-01T16:38:33.968393Z,3,"HHE,HHN,HHZ",15000,100.0,discarded,too_short
PTGC.2019.214.01.30.03,PTGC,2019.214.01.30.03,2019-08-02T01:30:03.248393Z,3,"HHE,HHN,HHZ",15001,100.0,ok,
PTGC.2019.214.15.25.33,PTGC,2019.214.15.25.33,2019-08-02T15:25:33.518393Z,3,"HHE,HHN,HHZ",15001,100.0,ok,
PTGC.2019.214.21.16.53,PTGC,2019.214.21.16.53,2019-08-02T21:16:53.068393Z,3,"HHE,HHN,HHZ",15001,100.0,ok,
PTGC.2019.215.20.12.04,PTGC,2019.215.20.12.04,2019-08-03T20:12:04.988393Z,3,"HHE,HHN,HHZ",15001,100.0,ok,
PTGC.2019.216.21.06.08,PTGC,2019.216.21.06.08,2019-08-04T21:06:08.548393Z,3,"HHE,HHN,HHZ",15001,100.0,ok,
PTGC.2019.219.11.39.13,PTGC,2019.219.11.39.13,2019-08-07T11:39:13.218588Z,3,"HHE,HHN,HHZ",15001,100.0,ok,
PTGC.2019.222.02.20.35,PTGC,2019.222.02.20.35,2019-08-10T02:20:35.698393Z,3,"HHE,HHN,HHZ",15001,100.0,ok,
PTGC.2019.222.22.06.07,PTGC,2019.222.22.06.07,2019-08-10T22:06:07.728393Z,3,"HHE,HHN,HHZ",15001,100.0,ok,
PTGC.2019.225.21.27.10,PTGC,2019.225.21.27.10,2019-08-13T21:27:10.908393Z,3,"HHE,HHN,HHZ",15001,100.0,ok,
PTGC.2019.227.20.12.48,PTGC,2019.227.20.12.48,2019-08-15T20:12:48.578394Z,3,"HHE,HHN,HHZ",15001,100.0,ok,
PTGC.2019.227.22.41.57,PTGC,2019.227.22.41.57,2019-08-15T22:43:15.968393Z,3,"HHE,HHN,HHZ",7144,100.0,discarded,too_short
PTGC.2019.229.13.56.16,PTGC,2019.229.13.56.16,2019-08-17T13:56:16.088393Z,3,"HHE,HHN,HHZ",15001,100.0,ok,
PTGC.2019.232.00.25.40,PTGC,2019.232.00.25.40,2019-08-20T00:25:40.488393Z,3,"HHE,HHN,HHZ",15001,100.0,ok,
PTGC.2019.232.16.33.57,PTGC,2019.232.16.33.57,2019-08-20T16:33:57.158391Z,3,"HHE,HHN,HHZ",15001,100.0,ok,
PTGC.2019.233.14.58.49,PTGC,2019.233.14.58.49,2019-08-21T14:58:49.378393Z,3,"HHE,HHN,HHZ",15001,100.0,ok,
PTGC.2019.235.11.50.58,PTGC,2019.235.11.50.58,2019-08-23T11:50:58.578393Z,3,"HHE,HHN,HHZ",5239,100.0,discarded,too_short
PTGC.2019.236.14.54.13,PTGC,2019.236.14.54.13,2019-08-24T14:54:13.868393Z,3,"HHE,HHN,HHZ",15001,100.0,ok,
PTGC.2019.236.19.51.32,PTGC,2019.236.19.51.32,2019-08-24T19:51:32.318393Z,3,"HHE,HHN,HHZ",15001,100.0,ok,
PTGC.2019.236.19.51.33,PTGC,2019.236.19.51.33,2019-08-24T19:51:33.328393Z,3,"HHE,HHN,HHZ",15001,100.0,ok,
PTGC.2019.237.18.06.53,PTGC,2019.237.18.06.53,2019-08-25T18:06:53.498393Z,3,"HHE,HHN,HHZ",15001,100.0,ok,
PTGC.2019.237.19.37.50,PTGC,2019.237.19.37.50,2019-08-25T19:37:50.088393Z,3,"HHE,HHN,HHZ",15001,100.0,ok,
PTGC.2019.237.20.35.16,PTGC,2019.237.20.35.16,2019-08-25T20:35:16.538393Z,3,"HHE,HHN,HHZ",15001,100.0,ok,
PTGC.2019.238.12.39.38,PTGC,2019.238.12.39.38,2019-08-26T12:39:38.398393Z,3,"HHE,HHN,HHZ",15001,100.0,ok,
PTGC.2019.240.16.35.50,PTGC,2019.240.16.35.50,2019-08-28T16:35:50.178393Z,3,"HHE,HHN,HHZ",15001,100.0,ok,
PTGC.2019.242.11.03.40,PTGC,2019.242.11.03.40,2019-08-30T11:04:26.968393Z,3,"HHE,HHN,HHZ",10335,100.0,discarded,too_short
PTGC.2019.243.14.41.44,PTGC,2019.243.14.41.44,2019-08-31T14:41:44.448393Z,3,"HHE,HHN,HHZ",15001,100.0,ok,
PTGC.2019.243.17.47.55,PTGC,2019.243.17.47.55,2019-08-31T17:47:55.158391Z,3,"HHE,HHN,HHZ",15001,100.0,ok,
PTGC.2019.243.23.13.58,PTGC,2019.243.23.13.58,2019-08-31T23:13:58.828393Z,3,"HHE,HHN,HHZ",15001,100.0,ok,
PTGC.2019.243.23.15.08,PTGC,2019.243.23.15.08,2019-08-31T23:15:08.278393Z,3,"HHE,HHN,HHZ",15001,100.0,ok,
PTGC.2019.244.15.14.14,PTGC,2019.244.15.14.14,2019-09-01T15:14:14.268393Z,3,"HHE,HHN,HHZ",15001,100.0,ok,
PTGC.2019.244.15.28.22,PTGC,2019.244.15.28.22,2019-09-01T15:28:22.248393Z,3,"HHE,HHN,HHZ",15001,100.0,ok,
PTGC.2019.245.15.44.33,PTGC,2019.245.15.44.33,2019-09-02T15:44:33.988393Z,3,"HHE,HHN,HHZ",15001,100.0,ok,
PTGC.2019.245.20.43.43,PTGC,2019.245.20.43.43,2019-09-02T20:43:43.748393Z,3,"HHE,HHN,HHZ",15001,100.0,ok,
PTGC.2019.246.00.54.22,PTGC,2019.246.00.54.22,2019-09-03T00:54:22.788393Z,3,"HHE,HHN,HHZ",15001,100.0,ok,
PTGC.2019.246.20.16.13,PTGC,2019.246.20.16.13,2019-09-03T20:16:13.878393Z,3,"HHE,HHN,HHZ",15001,100.0,ok,
PTGC.2019.250.21.58.11,PTGC,2019.250.21.58.11,2019-09-07T21:58:11.548393Z,3,"HHE,HHN,HHZ",15001,100.0,ok,
PTGC.2019.251.13.34.04,PTGC,2019.251.13.34.04,2019-09-08T13:34:04.048393Z,3,"HHE,HHN,HHZ",15001,100.0,ok,
PTGC.2019.251.22.15.27,PTGC,2019.251.22.15.27,2019-09-08T22:15:27.168393Z,3,"HHE,HHN,HHZ",15001,100.0,ok,
PTGC.2019.254.11.44.13,PTGC,2019.254.11.44.13,2019-09-11T11:44:13.228402Z,3,"HHE,HHN,HHZ",15001,100.0,ok,
PTGC.2019.254.18.55.23,PTGC,2019.254.18.55.23,2019-09-11T18:55:22.998393Z,3,"HHE,HHN,HHZ",15001,100.0,ok,
PTGC.2019.258.19.13.13,PTGC,2019.258.19.13.13,2019-09-15T19:13:13.468393Z,3,"HHE,HHN,HHZ",15001,100.0,ok,
PTGC.2019.258.23.23.05,PTGC,2019.258.23.23.05,2019-09-15T23:23:05.948393Z,3,"HHE,HHN,HHZ",15001,100.0,ok,
PTGC.2019.260.15.13.57,PTGC,2019.260.15.13.57,2019-09-17T15:13:57.848391Z,3,"HHE,HHN,HHZ",15001,100.0,ok,
PTGC.2019.263.13.34.40,PTGC,2019.263.13.34.40,2019-09-20T13:34:40.568393Z,3,"HHE,HHN,HHZ",15001,100.0,ok,
PTGC.2019.264.23.10.38,PTGC,2019.264.23.10.38,2019-09-21T23:10:38.938391Z,3,"HHE,HHN,HHZ",15001,100.0,ok,
PTGC.2019.267.23.49.26,PTGC,2019.267.23.49.26,2019-09-24T23:49:26.278393Z,3,"HHE,HHN,HHZ",15001,100.0,ok,
PTGC.2019.268.12.15.21,PTGC,2019.268.12.15.21,2019-09-25T12:15:21.278393Z,3,"HHE,HHN,HHZ",15001,100.0,ok,
PTGC.2019.268.20.07.17,PTGC,2019.268.20.07.17,2019-09-25T20:07:17.868393Z,3,"HHE,HHN,HHZ",15001,100.0,ok,
PTGC.2019.272.15.32.06,PTGC,2019.272.15.32.06,2019-09-29T15:32:06.068393Z,3,"HHE,HHN,HHZ",15001,100.0,ok,
PTGC.2019.272.16.13.41,PTGC,2019.272.16.13.41,2019-09-29T16:13:41.758393Z,3,"HHE,HHN,HHZ",15001,100.0,ok,
PTGC.2019.275.17.28.04,PTGC,2019.275.17.28.04,2019-10-02T17:28:04.878393Z,3,"HHE,HHN,HHZ",15001,100.0,ok,
PTGC.2019.275.23.03.17,PTGC,2019.275.23.03.17,2019-10-02T23:03:17.378393Z,3,"HHE,HHN,HHZ",15001,100.0,ok,
PTGC.2019.277.18.20.40,PTGC,2019.277.18.20.40,2019-10-04T18:20:40.818391Z,3,"HHE,HHN,HHZ",15001,100.0,ok,
PTGC.2019.279.14.09.56,PTGC,2019.279.14.09.56,2019-10-06T14:09:56.398393Z,3,"HHE,HHN,HHZ",15001,100.0,ok,
PTGC.2019.279.14.22.52,PTGC,2019.279.14.22.52,2019-10-06T14:22:52.108393Z,3,"HHE,HHN,HHZ",15001,100.0,ok,
PTGC.2019.281.12.45.26,PTGC,2019.281.12.45.26,2019-10-08T12:45:26.968393Z,3,"HHE,HHN,HHZ",15001,100.0,ok,
PTGC.2019.281.14.49.00,PTGC,2019.281.14.49.00,2019-10-08T14:49:00.098393Z,3,"HHE,HHN,HHZ",15001,100.0,ok,
PTGC.2019.282.14.15.32,PTGC,2019.282.14.15.32,2019-10-09T14:15:32.648393Z,3,"HHE,HHN,HHZ",15001,100.0,ok,
PTGC.2019.282.17.52.32,PTGC,2019.282.17.52.32,2019-10-09T17:52:32.968391Z,3,"HHE,HHN,HHZ",15001,100.0,ok,
PTGC.2019.285.16.44.40,PTGC,2019.285.16.44.40,2019-10-12T16:44:40.938393Z,3,"HHE,HHN,HHZ",15001,100.0,ok,
PTGC.2019.289.16.33.17,PTGC,2019.289.16.33.17,2019-10-16T16:33:17.548393Z,3,"HHE,HHN,HHZ",15001,100.0,ok,
PTGC.2019.292.16.19.54,PTGC,2019.292.16.19.54,2019-10-19T16:19:54.348393Z,3,"HHE,HHN,HHZ",15001,100.0,ok,
PTGC.2019.293.14.08.57,PTGC,2019.293.14.08.57,2019-10-20T14:08:57.358393Z,3,"HHE,HHN,HHZ",15001,100.0,ok,
PTGC.2019.293.18.54.50,PTGC,2019.293.18.54.50,2019-10-20T18:54:50.728393Z,3,"HHE,HHN,HHZ",15001,100.0,ok,
PTGC.2019.295.21.51.29,PTGC,2019.295.21.51.29,2019-10-22T21:51:29.578393Z,3,"HHE,HHN,HHZ",15001,100.0,ok,
PTGC.2019.296.12.20.25,PTGC,2019.296.12.20.25,2019-10-23T12:20:25.188393Z,3,"HHE,HHN,HHZ",15001,100.0,ok,
PTGC.2019.296.16.34.24,PTGC,2019.296.16.34.24,2019-10-23T16:34:24.798393Z,3,"HHE,HHN,HHZ",15001,100.0,ok,
PTGC.2019.296.19.28.30,PTGC,2019.296.19.28.30,2019-10-23T19:28:30.188393Z,3,"HHE,HHN,HHZ",15001,100.0,ok,
PTGC.2019.296.23.08.23,PTGC,2019.296.23.08.23,2019-10-23T23:08:23.698393Z,3,"HHE,HHN,HHZ",15001,100.0,ok,
PTGC.2019.300.21.57.20,PTGC,2019.300.21.57.20,2019-10-27T21:57:20.858394Z,3,"HHE,HHN,HHZ",15001,100.0,ok,
PTGC.2019.302.11.10.32,PTGC,2019.302.11.10.32,2019-10-29T11:10:32.328511Z,3,"HHE,HHN,HHZ",15001,100.0,ok,
PTGC.2019.302.20.36.17,PTGC,2019.302.20.36.17,2019-10-29T20:36:17.498393Z,3,"HHE,HHN,HHZ",15001,100.0,ok,
PTGC.2019.303.16.36.16,PTGC,2019.303.16.36.16,2019-10-30T16:36:16.078393Z,3,"HHE,HHN,HHZ",15001,100.0,ok,
PTGC.2019.304.18.22.26,PTGC,2019.304.18.22.26,2019-10-31T18:22:26.388393Z,3,"HHE,HHN,HHZ",15001,100.0,ok,
PTGC.2019.307.13.21.36,PTGC,2019.307.13.21.36,2019-11-03T13:21:36.338393Z,3,"HHE,HHN,HHZ",15001,100.0,ok,
PTGC.2019.309.19.14.52,PTGC,2019.309.19.14.52,2019-11-05T19:14:52.358393Z,3,"HHE,HHN,HHZ",15001,100.0,ok,
PTGC.2019.310.23.05.51,PTGC,2019.310.23.05.51,2019-11-06T23:05:51.638393Z,3,"HHE,HHN,HHZ",15001,100.0,ok,
PTGC.2019.313.11.39.49,PTGC,2019.313.11.39.49,2019-11-09T11:39:49.008677Z,3,"HHE,HHN,HHZ",15001,100.0,ok,
PTGC.2019.315.16.06.10,PTGC,2019.315.16.06.10,2019-11-11T16:06:10.588393Z,3,"HHE,HHN,HHZ",15001,100.0,ok,
PTGC.2019.315.16.11.55,PTGC,2019.315.16.11.55,2019-11-11T16:11:55.588393Z,3,"HHE,HHN,HHZ",15001,100.0,ok,
PTGC.2019.317.17.33.29,PTGC,2019.317.17.33.29,2019-11-13T17:33:29.978393Z,3,"HHE,HHN,HHZ",15001,100.0,ok,
PTGC.2019.319.11.24.48,PTGC,2019.319.11.24.48,2019-11-15T11:24:48.908393Z,3,"HHE,HHN,HHZ",15001,100.0,ok,
PTGC.2019.320.17.38.00,PTGC,2019.320.17.38.00,2019-11-16T17:38:00.528393Z,3,"HHE,HHN,HHZ",15001,100.0,ok,
PTGC.2019.322.16.15.42,PTGC,2019.322.16.15.42,2019-11-18T16:15:42.138393Z,3,"HHE,HHN,HHZ",15001,100.0,ok,
PTGC.2019.322.16.26.59,PTGC,2019.322.16.26.59,2019-11-18T16:26:59.268393Z,3,"HHE,HHN,HHZ",15001,100.0,ok,
PTGC.2019.323.13.59.51,PTGC,2019.323.13.59.51,2019-11-19T13:59:51.298393Z,3,"HHE,HHN,HHZ",15001,100.0,ok,
PTGC.2019.323.19.24.18,PTGC,2019.323.19.24.18,2019-11-19T19:24:18.928393Z,3,"HHE,HHN,HHZ",15001,100.0,ok,
PTGC.2019.325.21.39.20,PTGC,2019.325.21.39.20,2019-11-21T21:39:20.658394Z,3,"HHE,HHN,HHZ",15001,100.0,ok,
PTGC.2019.326.15.59.35,PTGC,2019.326.15.59.35,2019-11-22T15:59:35.388393Z,3,"HHE,HHN,HHZ",15001,100.0,ok,
PTGC.2019.326.21.44.44,PTGC,2019.326.21.44.44,2019-11-22T21:44:44.428393Z,3,"HHE,HHN,HHZ",15001,100.0,ok,
PTGC.2019.327.22.26.46,PTGC,2019.327.22.26.46,2019-11-23T22:26:46.428393Z,3,"HHE,HHN,HHZ",15001,100.0,ok,
PTGC.2019.329.13.25.19,PTGC,2019.329.13.25.19,2019-11-25T13:25:19.268393Z,3,"HHE,HHN,HHZ",15001,100.0,ok,
PTGC.2019.329.14.40.04,PTGC,2019.329.14.40.04,2019-11-25T14:40:04.738393Z,3,"HHE,HHN,HHZ",15001,100.0,ok,
PTGC.2019.332.16.40.29,PTGC,2019.332.16.40.29,2019-11-28T16:40:29.428393Z,3,"HHE,HHN,HHZ",15001,100.0,ok,
PTGC.2019.333.13.46.51,PTGC,2019.333.13.46.51,2019-11-29T13:46:51.398393Z,3,"HHE,HHN,HHZ",15001,100.0,ok,
PTGC.2019.333.17.06.27,PTGC,2019.333.17.06.27,2019-11-29T17:06:27.728393Z,3,"HHE,HHN,HHZ",15001,100.0,ok,
PTGC.2019.335.16.08.30,PTGC,2019.335.16.08.30,2019-12-01T16:08:30.408393Z,3,"HHE,HHN,HHZ",15001,100.0,ok,
PTGC.2019.337.19.11.17,PTGC,2019.337.19.11.17,2019-12-03T19:11:17.598393Z,3,"HHE,HHN,HHZ",15001,100.0,ok,
PTGC.2019.338.16.13.20,PTGC,2019.338.16.13.20,2019-12-04T16:13:20.788391Z,3,"HHE,HHN,HHZ",15001,100.0,ok,
PTGC.2019.338.19.17.17,PTGC,2019.338.19.17.17,2019-12-04T19:17:17.738391Z,3,"HHE,HHN,HHZ",15001,100.0,ok,
PTGC.2019.341.19.37.08,PTGC,2019.341.19.37.08,2019-12-07T19:37:08.788393Z,3,"HHE,HHN,HHZ",15001,100.0,ok,
PTGC.2019.342.11.02.25,PTGC,2019.342.11.02.25,2019-12-08T11:02:25.128393Z,3,"HHE,HHN,HHZ",10884,100.0,discarded,too_short
PTGC.2019.342.23.43.33,PTGC,2019.342.23.43.33,2019-12-08T23:43:33.458393Z,3,"HHE,HHN,HHZ",15001,100.0,ok,
PTGC.2019.345.19.43.34,PTGC,2019.345.19.43.34,2019-12-11T19:43:34.858393Z,3,"HHE,HHN,HHZ",15001,100.0,ok,
PTGC.2019.346.15.00.44,PTGC,2019.346.15.00.44,2019-12-12T15:00:44.598393Z,3,"HHE,HHN,HHZ",15001,100.0,ok,
PTGC.2019.346.22.15.06,PTGC,2019.346.22.15.06,2019-12-12T22:15:06.188393Z,3,"HHE,HHN,HHZ",15001,100.0,ok,
PTGC.2019.350.20.52.50,PTGC,2019.350.20.52.50,2019-12-16T20:52:50.238393Z,3,"HHE,HHN,HHZ",15001,100.0,ok,
PTGC.2019.353.15.47.24,PTGC,2019.353.15.47.24,2019-12-19T15:47:24.318393Z,3,"HHE,HHN,HHZ",15001,100.0,ok,
PTGC.2019.358.19.03.58,PTGC,2019.358.19.03.58,2019-12-24T19:03:58.508393Z,3,"HHE,HHN,HHZ",15001,100.0,ok,
PTGC.2019.358.19.09.04,PTGC,2019.358.19.09.04,2019-12-24T19:09:04.618393Z,3,"HHE,HHN,HHZ",15001,100.0,ok,
PTGC.2019.358.19.10.21,PTGC,2019.358.19.10.21,2019-12-24T19:10:21.628393Z,3,"HHE,HHN,HHZ",15001,100.0,ok,
PTGC.2019.358.19.11.07,PTGC,2019.358.19.11.07,2019-12-24T19:11:07.378393Z,3,"HHE,HHN,HHZ",15001,100.0,ok,
PTGC.2019.358.19.12.16,PTGC,2019.358.19.12.16,2019-12-24T19:12:16.238393Z,3,"HHE,HHN,HHZ",15001,100.0,ok,
PTGC.2019.358.19.14.32,PTGC,2019.358.19.14.32,2019-12-24T19:14:32.218393Z,3,"HHE,HHN,HHZ",15001,100.0,ok,
PTGC.2019.358.19.15.49,PTGC,2019.358.19.15.49,2019-12-24T19:15:49.548393Z,3,"HHE,HHN,HHZ",15001,100.0,ok,
PTGC.2019.358.19.19.10,PTGC,2019.358.19.19.10,2019-12-24T19:19:10.618393Z,3,"HHE,HHN,HHZ",15001,100.0,ok,
PTGC.2019.358.19.25.29,PTGC,2019.358.19.25.29,2019-12-24T19:25:29.118393Z,3,"HHE,HHN,HHZ",15001,100.0,ok,
PTGC.2019.358.19.26.18,PTGC,2019.358.19.26.18,2019-12-24T19:26:18.248393Z,3,"HHE,HHN,HHZ",15001,100.0,ok,
PTGC.2019.358.19.29.54,PTGC,2019.358.19.29.54,2019-12-24T19:29:54.398393Z,3,"HHE,HHN,HHZ",15001,100.0,ok,
PTGC.2019.358.19.31.58,PTGC,2019.358.19.31.58,2019-12-24T19:31:58.108393Z,3,"HHE,HHN,HHZ",15001,100.0,ok,
PTGC.2019.358.19.33.04,PTGC,2019.358.19.33.04,2019-12-24T19:33:04.728393Z,3,"HHE,HHN,HHZ",15001,100.0,ok,
PTGC.2019.358.19.33.49,PTGC,2019.358.19.33.49,2019-12-24T19:33:49.488393Z,3,"HHE,HHN,HHZ",15001,100.0,ok,
PTGC.2019.358.19.36.42,PTGC,2019.358.19.36.42,2019-12-24T19:36:42.308393Z,3,"HHE,HHN,HHZ",15001,100.0,ok,
PTGC.2019.358.19.37.32,PTGC,2019.358.19.37.32,2019-12-24T19:37:32.078393Z,3,"HHE,HHN,HHZ",15001,100.0,ok,
PTGC.2019.358.19.38.49,PTGC,2019.358.19.38.49,2019-12-24T19:38:49.298393Z,3,"HHE,HHN,HHZ",15001,100.0,ok,
PTGC.2019.358.19.43.25,PTGC,2019.358.19.43.25,2019-12-24T19:43:25.128391Z,3,"HHE,HHN,HHZ",15001,100.0,ok,
PTGC.2019.358.19.46.12,PTGC,2019.358.19.46.12,2019-12-24T19:46:12.398393Z,3,"HHE,HHN,HHZ",15001,100.0,ok,
PTGC.2019.358.19.48.17,PTGC,2019.358.19.48.17,2019-12-24T19:48:17.168393Z,3,"HHE,HHN,HHZ",15001,100.0,ok,
PTGC.2019.358.19.49.43,PTGC,2019.358.19.49.43,2019-12-24T19:49:43.288391Z,3,"HHE,HHN,HHZ",15001,100.0,ok,
PTGC.2019.358.19.52.05,PTGC,2019.358.19.52.05,2019-12-24T19:52:04.998393Z,3,"HHE,HHN,HHZ",15001,100.0,ok,
PTGC.2019.358.19.53.42,PTGC,2019.358.19.53.42,2019-12-24T19:53:42.408391Z,3,"HHE,HHN,HHZ",15001,100.0,ok,
PTGC.2019.358.19.56.42,PTGC,2019.358.19.56.42,2019-12-24T19:56:42.818391Z,3,"HHE,HHN,HHZ",15001,100.0,ok,
PTGC.2019.358.19.57.48,PTGC,2019.358.19.57.48,2019-12-24T19:57:48.978393Z,3,"HHE,HHN,HHZ",15001,100.0,ok,
PTGC.2019.358.19.58.51,PTGC,2019.358.19.58.51,2019-12-24T19:58:50.998393Z,3,"HHE,HHN,HHZ",15001,100.0,ok,
PTGC.2019.358.20.03.10,PTGC,2019.358.20.03.10,2019-12-24T20:03:10.668393Z,3,"HHE,HHN,HHZ",15001,100.0,ok,
PTGC.2019.358.20.05.07,PTGC,2019.358.20.05.07,2019-12-24T20:05:07.128393Z,3,"HHE,HHN,HHZ",15001,100.0,ok,
PTGC.2019.358.20.06.51,PTGC,2019.358.20.06.51,2019-12-24T20:06:51.368393Z,3,"HHE,HHN,HHZ",15001,100.0,ok,
PTGC.2019.358.20.09.55,PTGC,2019.358.20.09.55,2019-12-24T20:09:55.418393Z,3,"HHE,HHN,HHZ",15001,100.0,ok,
PTGC.2019.358.20.10.25,PTGC,2019.358.20.10.25,2019-12-24T20:10:25.098393Z,3,"HHE,HHN,HHZ",15001,100.0,ok,
PTGC.2019.358.20.11.20,PTGC,2019.358.20.11.20,2019-12-24T20:11:20.118393Z,3,"HHE,HHN,HHZ",15001,100.0,ok,
PTGC.2019.358.20.13.27,PTGC,2019.358.20.13.27,2019-12-24T20:13:27.708393Z,3,"HHE,HHN,HHZ",15001,100.0,ok,
PTGC.2019.358.20.16.20,PTGC,2019.358.20.16.20,2019-12-24T20:16:20.658391Z,3,"HHE,HHN,HHZ",15001,100.0,ok,
PTGC.2019.358.20.17.51,PTGC,2019.358.20.17.51,2019-12-24T20:17:51.268393Z,3,"HHE,HHN,HHZ",15001,100.0,ok,
PTGC.2019.358.20.19.14,PTGC,2019.358.20.19.14,2019-12-24T20:19:14.308393Z,3,"HHE,HHN,HHZ",15001,100.0,ok,
PTGC.2019.358.20.20.57,PTGC,2019.358.20.20.57,2019-12-24T20:20:57.978393Z,3,"HHE,HHN,HHZ",15001,100.0,ok,
PTGC.2019.358.20.23.32,PTGC,2019.358.20.23.32,2019-12-24T20:23:32.608393Z,3,"HHE,HHN,HHZ",15001,100.0,ok,
PTGC.2019.358.20.26.28,PTGC,2019.358.20.26.28,2019-12-24T20:26:28.178393Z,3,"HHE,HHN,HHZ",15001,100.0,ok,
PTGC.2019.358.20.27.31,PTGC,2019.358.20.27.31,2019-12-24T20:27:31.448393Z,3,"HHE,HHN,HHZ",15001,100.0,ok,
PTGC.2019.358.20.27.51,PTGC,2019.358.20.27.51,2019-12-24T20:27:51.098393Z,3,"HHE,HHN,HHZ",15001,100.0,ok,
PTGC.2019.358.20.30.09,PTGC,2019.358.20.30.09,2019-12-24T20:30:09.548393Z,3,"HHE,HHN,HHZ",15001,100.0,ok,
PTGC.2019.358.20.34.20,PTGC,2019.358.20.34.20,2019-12-24T20:34:20.608393Z,3,"HHE,HHN,HHZ",15001,100.0,ok,
PTGC.2019.358.20.35.37,PTGC,2019.358.20.35.37,2019-12-24T20:35:37.638393Z,3,"HHE,HHN,HHZ",15001,100.0,ok,
PTGC.2019.358.20.38.17,PTGC,2019.358.20.38.17,2019-12-24T20:38:17.408393Z,3,"HHE,HHN,HHZ",15001,100.0,ok,
PTGC.2019.358.20.39.19,PTGC,2019.358.20.39.19,2019-12-24T20:39:19.238393Z,3,"HHE,HHN,HHZ",15001,100.0,ok,
PTGC.2019.358.20.40.21,PTGC,2019.358.20.40.21,2019-12-24T20:40:21.348393Z,3,"HHE,HHN,HHZ",15001,100.0,ok,
PTGC.2019.358.20.43.16,PTGC,2019.358.20.43.16,2019-12-24T20:43:16.088393Z,3,"HHE,HHN,HHZ",15001,100.0,ok,
PTGC.2019.358.20.44.22,PTGC,2019.358.20.44.22,2019-12-24T20:44:22.488393Z,3,"HHE,HHN,HHZ",15001,100.0,ok,
PTGC.2019.358.20.45.55,PTGC,2019.358.20.45.55,2019-12-24T20:45:55.628393Z,3,"HHE,HHN,HHZ",15001,100.0,ok,
PTGC.2019.358.20.46.39,PTGC,2019.358.20.46.39,2019-12-24T20:46:39.728393Z,3,"HHE,HHN,HHZ",15001,100.0,ok,
PTGC.2019.358.20.48.25,PTGC,2019.358.20.48.25,2019-12-24T20:48:25.008393Z,3,"HHE,HHN,HHZ",15001,100.0,ok,
PTGC.2019.358.20.50.44,PTGC,2019.358.20.50.44,2019-12-24T20:50:44.488393Z,3,"HHE,HHN,HHZ",15001,100.0,ok,
PTGC.2019.358.20.55.04,PTGC,2019.358.20.55.04,2019-12-24T20:55:04.028393Z,3,"HHE,HHN,HHZ",15001,100.0,ok,
PTGC.2019.358.20.55.56,PTGC,2019.358.20.55.56,2019-12-24T20:55:56.418393Z,3,"HHE,HHN,HHZ",15001,100.0,ok,
PTGC.2019.358.20.56.13,PTGC,2019.358.20.56.13,2019-12-24T20:56:13.178393Z,3,"HHE,HHN,HHZ",15001,100.0,ok,
PTGC.2019.358.20.59.01,PTGC,2019.358.20.59.01,2019-12-24T20:59:01.838393Z,3,"HHE,HHN,HHZ",15001,100.0,ok,
PTGC.2019.358.21.01.56,PTGC,2019.358.21.01.56,2019-12-24T21:01:56.658393Z,3,"HHE,HHN,HHZ",15001,100.0,ok,
PTGC.2019.358.21.02.34,PTGC,2019.358.21.02.34,2019-12-24T21:02:34.658393Z,3,"HHE,HHN,HHZ",15001,100.0,ok,
PTGC.2019.358.21.03.19,PTGC,2019.358.21.03.19,2019-12-24T21:03:19.028393Z,3,"HHE,HHN,HHZ",15001,100.0,ok,
PTGC.2019.358.21.06.45,PTGC,2019.358.21.06.45,2019-12-24T21:06:45.548393Z,3,"HHE,HHN,HHZ",15001,100.0,ok,
PTGC.2019.358.21.08.51,PTGC,2019.358.21.08.51,2019-12-24T21:08:51.248391Z,3,"HHE,HHN,HHZ",15001,100.0,ok,
PTGC.2019.358.21.09.35,PTGC,2019.358.21.09.35,2019-12-24T21:09:35.728391Z,3,"HHE,HHN,HHZ",15001,100.0,ok,
PTGC.2019.358.21.10.42,PTGC,2019.358.21.10.42,2019-12-24T21:10:42.058393Z,3,"HHE,HHN,HHZ",15001,100.0,ok,
PTGC.2019.358.21.12.12,PTGC,2019.358.21.12.12,2019-12-24T21:12:12.678393Z,3,"HHE,HHN,HHZ",15001,100.0,ok,
PTGC.2019.358.21.14.09,PTGC,2019.358.21.14.09,2019-12-24T21:14:09.738393Z,3,"HHE,HHN,HHZ",15001,100.0,ok,
PTGC.2019.358.21.17.31,PTGC,2019.358.21.17.31,2019-12-24T21:17:31.848393Z,3,"HHE,HHN,HHZ",15001,100.0,ok,
PTGC.2019.358.21.20.27,PTGC,2019.358.21.20.27,2019-12-24T21:20:27.818393Z,3,"HHE,HHN,HHZ",15001,100.0,ok,
PTGC.2019.358.21.22.33,PTGC,2019.358.21.22.33,2019-12-24T21:22:33.208393Z,3,"HHE,HHN,HHZ",15001,100.0,ok,
PTGC.2019.358.21.23.32,PTGC,2019.358.21.23.32,2019-12-24T21:23:32.058393Z,3,"HHE,HHN,HHZ",15001,100.0,ok,
PTGC.2019.358.21.25.54,PTGC,2019.358.21.25.54,2019-12-24T21:25:54.448393Z,3,"HHE,HHN,HHZ",15001,100.0,ok,
PTGC.2019.358.21.27.32,PTGC,2019.358.21.27.32,2019-12-24T21:27:32.188393Z,3,"HHE,HHN,HHZ",15001,100.0,ok,
PTGC.2019.358.21.28.21,PTGC,2019.358.21.28.21,2019-12-24T21:28:21.958393Z,3,"HHE,HHN,HHZ",15001,100.0,ok,
PTGC.2019.358.21.29.47,PTGC,2019.358.21.29.47,2019-12-24T21:29:47.298393Z,3,"HHE,HHN,HHZ",15001,100.0,ok,
PTGC.2019.358.21.31.33,PTGC,2019.358.21.31.33,2019-12-24T21:31:33.708393Z,3,"HHE,HHN,HHZ",15001,100.0,ok,
PTGC.2019.358.21.32.39,PTGC,2019.358.21.32.39,2019-12-24T21:32:39.378391Z,3,"HHE,HHN,HHZ",15001,100.0,ok,
PTGC.2019.358.21.33.49,PTGC,2019.358.21.33.49,2019-12-24T21:33:49.078391Z,3,"HHE,HHN,HHZ",15001,100.0,ok,
PTGC.2019.358.21.34.55,PTGC,2019.358.21.34.55,2019-12-24T21:34:55.488391Z,3,"HHE,HHN,HHZ",15001,100.0,ok,
PTGC.2019.358.21.38.36,PTGC,2019.358.21.38.36,2019-12-24T21:38:36.078393Z,3,"HHE,HHN,HHZ",15001,100.0,ok,
PTGC.2019.358.21.40.47,PTGC,2019.358.21.40.47,2019-12-24T21:40:47.258393Z,3,"HHE,HHN,HHZ",15001,100.0,ok,
PTGC.2019.358.21.44.39,PTGC,2019.358.21.44.39,2019-12-24T21:44:39.208393Z,3,"HHE,HHN,HHZ",15001,100.0,ok,
PTGC.2019.358.21.45.54,PTGC,2019.358.21.45.54,2019-12-24T21:45:54.978393Z,3,"HHE,HHN,HHZ",15001,100.0,ok,
PTGC.2019.358.21.47.32,PTGC,2019.358.21.47.32,2019-12-24T21:47:32.678391Z,3,"HHE,HHN,HHZ",15001,100.0,ok,
PTGC.2019.358.21.49.08,PTGC,2019.358.21.49.08,2019-12-24T21:49:08.558393Z,3,"HHE,HHN,HHZ",15001,100.0,ok,
PTGC.2019.358.21.51.24,PTGC,2019.358.21.51.24,2019-12-24T21:51:24.378393Z,3,"HHE,HHN,HHZ",15001,100.0,ok,
PTGC.2019.358.21.54.40,PTGC,2019.358.21.54.40,2019-12-24T21:54:40.148393Z,3,"HHE,HHN,HHZ",15001,100.0,ok,
PTGC.2019.358.21.56.56,PTGC,2019.358.21.56.56,2019-12-24T21:56:56.258393Z,3,"HHE,HHN,HHZ",15001,100.0,ok,
PTGC.2019.358.21.58.47,PTGC,2019.358.21.58.47,2019-12-24T21:58:47.508393Z,3,"HHE,HHN,HHZ",15001,100.0,ok,
PTGC.2019.358.22.05.43,PTGC,2019.358.22.05.43,2019-12-24T22:05:43.378393Z,3,"HHE,HHN,HHZ",15001,100.0,ok,
PTGC.2019.358.22.12.48,PTGC,2019.358.22.12.48,2019-12-24T22:12:48.258393Z,3,"HHE,HHN,HHZ",11171,100.0,discarded,too_short
PTGC.2019.358.22.17.26,PTGC,2019.358.22.17.26,2019-12-24T22:17:26.698393Z,3,"HHE,HHN,HHZ",15001,100.0,ok,
PTGC.2019.358.22.18.20,PTGC,2019.358.22.18.20,2019-12-24T22:18:20.898393Z,3,"HHE,HHN,HHZ",11907,100.0,discarded,too_short
PTGC.2019.359.11.36.08,PTGC,2019.359.11.36.08,2019-12-25T11:36:08.478393Z,3,"HHE,HHN,HHZ",6849,100.0,discarded,too_short
PTGC.2019.359.12.05.59,PTGC,2019.359.12.05.59,2019-12-25T12:05:59.198393Z,3,"HHE,HHN,HHZ",15001,100.0,ok,
PTGC.2019.359.12.08.30,PTGC,2019.359.12.08.30,2019-12-25T12:08:30.278393Z,3,"HHE,HHN,HHZ",15001,100.0,ok,
PTGC.2019.359.12.10.08,PTGC,2019.359.12.10.08,2019-12-25T12:10:08.138393Z,3,"HHE,HHN,HHZ",15001,100.0,ok,
PTGC.2019.359.12.12.27,PTGC,2019.359.12.12.27,2019-12-25T12:12:27.558422Z,3,"HHE,HHN,HHZ",15001,100.0,ok,
PTGC.2019.359.12.22.03,PTGC,2019.359.12.22.03,2019-12-25T12:22:03.708496Z,3,"HHE,HHN,HHZ",15001,100.0,ok,
PTGC.2019.359.12.26.52,PTGC,2019.359.12.26.52,2019-12-25T12:26:52.358413Z,3,"HHE,HHN,HHZ",15001,100.0,ok,
PTGC.2019.359.12.29.58,PTGC,2019.359.12.29.58,2019-12-25T12:29:58.258399Z,3,"HHE,HHN,HHZ",15001,100.0,ok,
PTGC.2019.359.12.41.07,PTGC,2019.359.12.41.07,2019-12-25T12:41:07.488393Z,3,"HHE,HHN,HHZ",15001,100.0,ok,
PTGC.2019.359.12.46.00,PTGC,2019.359.12.46.00,2019-12-25T12:46:00.538393Z,3,"HHE,HHN,HHZ",15001,100.0,ok,
PTGC.2019.359.12.46.50,PTGC,2019.359.12.46.50,2019-12-25T12:46:50.118393Z,3,"HHE,HHN,HHZ",15001,100.0,ok,
PTGC.2019.359.12.48.31,PTGC,2019.359.12.48.31,2019-12-25T12:48:31.228393Z,3,"HHE,HHN,HHZ",15001,100.0,ok,
PTGC.2019.359.12.54.38,PTGC,2019.359.12.54.38,2019-12-25T12:54:38.218393Z,3,"HHE,HHN,HHZ",15001,100.0,ok,
PTGC.2019.359.12.56.28,PTGC,2019.359.12.56.28,2019-12-25T12:56:28.368391Z,3,"HHE,HHN,HHZ",15001,100.0,ok,
PTGC.2019.359.13.02.42,PTGC,2019.359.13.02.42,2019-12-25T13:02:42.408393Z,3,"HHE,HHN,HHZ",15001,100.0,ok,
PTGC.2019.359.13.11.44,PTGC,2019.359.13.11.44,2019-12-25T13:11:44.728393Z,3,"HHE,HHN,HHZ",15001,100.0,ok,
PTGC.2019.359.13.13.15,PTGC,2019.359.13.13.15,2019-12-25T13:13:15.448393Z,3,"HHE,HHN,HHZ",15001,100.0,ok,
PTGC.2019.359.13.17.47,PTGC,2019.359.13.17.47,2019-12-25T13:17:47.128393Z,3,"HHE,HHN,HHZ",15001,100.0,ok,
PTGC.2019.359.13.25.14,PTGC,2019.359.13.25.14,2019-12-25T13:25:14.268393Z,3,"HHE,HHN,HHZ",15001,100.0,ok,
PTGC.2019.359.13.30.14,PTGC,2019.359.13.30.14,2019-12-25T13:30:14.668393Z,3,"HHE,HHN,HHZ",15001,100.0,ok,
PTGC.2019.359.13.43.21,PTGC,2019.359.13.43.21,2019-12-25T13:43:21.348393Z,3,"HHE,HHN,HHZ",15001,100.0,ok,
PTGC.2019.359.13.44.18,PTGC,2019.359.13.44.18,2019-12-25T13:44:18.808393Z,3,"HHE,HHN,HHZ",15001,100.0,ok,
PTGC.2019.359.13.46.12,PTGC,2019.359.13.46.12,2019-12-25T13:46:12.228393Z,3,"HHE,HHN,HHZ",15001,100.0,ok,
PTGC.2019.359.13.48.35,PTGC,2019.359.13.48.35,2019-12-25T13:48:35.468393Z,3,"HHE,HHN,HHZ",15001,100.0,ok,
PTGC.2019.359.13.53.44,PTGC,2019.359.13.53.44,2019-12-25T13:53:44.418393Z,3,"HHE,HHN,HHZ",15001,100.0,ok,
PTGC.2019.359.13.58.03,PTGC,2019.359.13.58.03,2019-12-25T13:58:03.568393Z,3,"HHE,HHN,HHZ",15001,100.0,ok,
PTGC.2019.359.14.07.20,PTGC,2019.359.14.07.20,2019-12-25T14:07:20.178393Z,3,"HHE,HHN,HHZ",15001,100.0,ok,
PTGC.2019.359.14.19.13,PTGC,2019.359.14.19.13,2019-12-25T14:19:13.188393Z,3,"HHE,HHN,HHZ",15001,100.0,ok,
PTGC.2019.359.14.22.08,PTGC,2019.359.14.22.08,2019-12-25T14:22:08.768393Z,3,"HHE,HHN,HHZ",15001,100.0,ok,
PTGC.2019.359.14.27.56,PTGC,2019.359.14.27.56,2019-12-25T14:27:56.298393Z,3,"HHE,HHN,HHZ",15001,100.0,ok,
PTGC.2019.359.14.37.32,PTGC,2019.359.14.37.32,2019-12-25T14:37:32.308393Z,3,"HHE,HHN,HHZ",15001,100.0,ok,
PTGC.2019.359.14.41.17,PTGC,2019.359.14.41.17,2019-12-25T14:41:17.238393Z,3,"HHE,HHN,HHZ",15001,100.0,ok,
PTGC.2019.359.14.44.46,PTGC,2019.359.14.44.46,2019-12-25T14:44:46.118393Z,3,"HHE,HHN,HHZ",15001,100.0,ok,
PTGC.2019.359.14.47.23,PTGC,2019.359.14.47.23,2019-12-25T14:47:23.068393Z,3,"HHE,HHN,HHZ",15001,100.0,ok,
PTGC.2019.359.14.54.52,PTGC,2019.359.14.54.52,2019-12-25T14:54:52.978393Z,3,"HHE,HHN,HHZ",15001,100.0,ok,
PTGC.2019.359.14.57.27,PTGC,2019.359.14.57.27,2019-12-25T14:57:27.628393Z,3,"HHE,HHN,HHZ",15001,100.0,ok,
PTGC.2019.359.15.07.21,PTGC,2019.359.15.07.21,2019-12-25T15:07:21.128393Z,3,"HHE,HHN,HHZ",15001,100.0,ok,
PTGC.2019.359.15.10.13,PTGC,2019.359.15.10.13,2019-12-25T15:10:13.928393Z,3,"HHE,HHN,HHZ",15001,100.0,ok,
PTGC.2019.359.15.21.58,PTGC,2019.359.15.21.58,2019-12-25T15:21:58.888393Z,3,"HHE,HHN,HHZ",15001,100.0,ok,
PTGC.2019.359.15.29.46,PTGC,2019.359.15.29.46,2019-12-25T15:29:46.538393Z,3,"HHE,HHN,HHZ",15001,100.0,ok,
PTGC.2019.359.15.40.44,PTGC,2019.359.15.40.44,2019-12-25T15:40:44.308393Z,3,"HHE,HHN,HHZ",15001,100.0,ok,
PTGC.2019.359.15.44.28,PTGC,2019.359.15.44.28,2019-12-25T15:44:28.268391Z,3,"HHE,HHN,HHZ",15001,100.0,ok,
PTGC.2019.359.15.45.46,PTGC,2019.359.15.45.46,2019-12-25T15:45:46.288393Z,3,"HHE,HHN,HHZ",15001,100.0,ok,
PTGC.2019.359.15.52.30,PTGC,2019.359.15.52.30,2019-12-25T15:52:30.138393Z,3,"HHE,HHN,HHZ",15001,100.0,ok,
PTGC.2019.359.15.56.38,PTGC,2019.359.15.56.38,2019-12-25T15:56:38.298393Z,3,"HHE,HHN,HHZ",15001,100.0,ok,
PTGC.2019.359.16.09.59,PTGC,2019.359.16.09.59,2019-12-25T16:09:59.058393Z,3,"HHE,HHN,HHZ",15001,100.0,ok,
PTGC.2019.359.16.11.20,PTGC,2019.359.16.11.20,2019-12-25T16:11:20.278393Z,3,"HHE,HHN,HHZ",15001,100.0,ok,
PTGC.2019.359.16.14.47,PTGC,2019.359.16.14.47,2019-12-25T16:14:47.978393Z,3,"HHE,HHN,HHZ",15001,100.0,ok,
PTGC.2019.359.16.24.50,PTGC,2019.359.16.24.50,2019-12-25T16:24:50.628391Z,3,"HHE,HHN,HHZ",15001,100.0,ok,
PTGC.2019.359.16.33.28,PTGC,2019.359.16.33.28,2019-12-25T16:33:28.678393Z,3,"HHE,HHN,HHZ",15001,100.0,ok,
PTGC.2019.359.16.39.09,PTGC,2019.359.16.39.09,2019-12-25T16:39:09.368393Z,3,"HHE,HHN,HHZ",15001,100.0,ok,
PTGC.2019.359.16.53.43,PTGC,2019.359.16.53.43,2019-12-25T16:53:43.698393Z,3,"HHE,HHN,HHZ",15001,100.0,ok,
PTGC.2019.359.17.00.40,PTGC,2019.359.17.00.40,2019-12-25T17:00:40.518393Z,3,"HHE,HHN,HHZ",15001,100.0,ok,
PTGC.2019.359.17.06.24,PTGC,2019.359.17.06.24,2019-12-25T17:06:24.108393Z,3,"HHE,HHN,HHZ",15001,100.0,ok,
PTGC.2019.359.17.13.52,PTGC,2019.359.17.13.52,2019-12-25T17:13:52.808393Z,3,"HHE,HHN,HHZ",15001,100.0,ok,
PTGC.2019.359.17.53.27,PTGC,2019.359.17.53.27,2019-12-25T17:53:27.148393Z,3,"HHE,HHN,HHZ",15001,100.0,ok,
PTGC.2019.359.17.59.43,PTGC,2019.359.17.59.43,2019-12-25T17:59:43.298393Z,3,"HHE,HHN,HHZ",15001,100.0,ok,
PTGC.2019.359.18.08.35,PTGC,2019.359.18.08.35,2019-12-25T18:08:35.478393Z,3,"HHE,HHN,HHZ",15001,100.0,ok,
PTGC.2019.359.18.38.07,PTGC,2019.359.18.38.07,2019-12-25T18:38:07.858394Z,3,"HHE,HHN,HHZ",2911,100.0,discarded,too_short
PTGC.2019.359.18.41.52,PTGC,2019.359.18.41.52,2019-12-25T18:42:48.968393Z,3,"HHE,HHN,HHZ",9371,100.0,discarded,too_short
PTGC.2019.359.18.43.17,PTGC,2019.359.18.43.17,2019-12-25T18:43:17.988393Z,3,"HHE,HHN,HHZ",15001,100.0,ok,
PTGC.2019.359.19.09.27,PTGC,2019.359.19.09.27,2019-12-25T19:09:27.748393Z,3,"HHE,HHN,HHZ",15001,100.0,ok,
PTGC.2019.359.19.23.07,PTGC,2019.359.19.23.07,2019-12-25T19:23:07.718641Z,3,"HHE,HHN,HHZ",15001,100.0,ok,
PTGC.2019.359.19.28.41,PTGC,2019.359.19.28.41,2019-12-25T19:28:41.298444Z,3,"HHE,HHN,HHZ",15001,100.0,ok,
PTGC.2019.359.19.39.25,PTGC,2019.359.19.39.25,2019-12-25T19:39:25.358394Z,3,"HHE,HHN,HHZ",15001,100.0,ok,
PTGC.2019.359.19.40.31,PTGC,2019.359.19.40.31,2019-12-25T19:40:31.888393Z,3,"HHE,HHN,HHZ",15001,100.0,ok,
PTGC.2019.359.19.51.26,PTGC,2019.359.19.51.26,2019-12-25T19:51:26.218393Z,3,"HHE,HHN,HHZ",15001,100.0,ok,
PTGC.2019.359.19.52.44,PTGC,2019.359.19.52.44,2019-12-25T19:52:44.438393Z,3,"HHE,HHN,HHZ",15001,100.0,ok,
PTGC.2019.359.19.54.50,PTGC,2019.359.19.54.50,2019-12-25T19:54:50.428393Z,3,"HHE,HHN,HHZ",15001,100.0,ok,
PTGC.2019.359.20.09.39,PTGC,2019.359.20.09.39,2019-12-25T20:11:53.968393Z,3,"HHE,HHN,HHZ",1533,100.0,discarded,too_short
PTGC.2019.359.21.03.53,PTGC,2019.359.21.03.53,2019-12-25T21:03:53.508393Z,3,"HHE,HHN,HHZ",15001,100.0,ok,
PTGC.2019.360.12.09.09,PTGC,2019.360.12.09.09,2019-12-26T12:09:09.008466Z,3,"HHE,HHN,HHZ",15001,100.0,ok,
PTGC.2019.360.12.09.52,PTGC,2019.360.12.09.52,2019-12-26T12:09:52.018450Z,3,"HHE,HHN,HHZ",15001,100.0,ok,
PTGC.2019.360.12.18.54,PTGC,2019.360.12.18.54,2019-12-26T12:18:54.138396Z,3,"HHE,HHN,HHZ",15001,100.0,ok,
PTGC.2019.360.12.49.49,PTGC,2019.360.12.49.49,2019-12-26T12:49:49.008393Z,3,"HHE,HHN,HHZ",15001,100.0,ok,
PTGC.2019.360.12.54.42,PTGC,2019.360.12.54.42,2019-12-26T12:54:42.918393Z,3,"HHE,HHN,HHZ",15001,100.0,ok,
PTGC.2019.360.12.57.04,PTGC,2019.360.12.57.04,2019-12-26T12:57:04.378391Z,3,"HHE,HHN,HHZ",15001,100.0,ok,
PTGC.2019.360.13.02.33,PTGC,2019.360.13.02.33,2019-12-26T13:02:33.148393Z,3,"HHE,HHN,HHZ",15001,100.0,ok,
PTGC.2019.360.13.04.06,PTGC,2019.360.13.04.06,2019-12-26T13:04:06.878393Z,3,"HHE,HHN,HHZ",15001,100.0,ok,
PTGC.2019.360.13.09.59,PTGC,2019.360.13.09.59,2019-12-26T13:09:59.468393Z,3,"HHE,HHN,HHZ",15001,100.0,ok,
PTGC.2019.360.13.20.06,PTGC,2019.360.13.20.06,2019-12-26T13:20:06.198393Z,3,"HHE,HHN,HHZ",15001,100.0,ok,
PTGC.2019.360.13.24.06,PTGC,2019.360.13.24.06,2019-12-26T13:24:06.978393Z,3,"HHE,HHN,HHZ",15001,100.0,ok,
PTGC.2019.360.13.27.18,PTGC,2019.360.13.27.18,2019-12-26T13:27:18.848393Z,3,"HHE,HHN,HHZ",15001,100.0,ok,
PTGC.2019.360.13.37.52,PTGC,2019.360.13.37.52,2019-12-26T13:37:52.148393Z,3,"HHE,HHN,HHZ",15001,100.0,ok,
PTGC.2019.360.13.48.12,PTGC,2019.360.13.48.12,2019-12-26T13:48:12.868393Z,3,"HHE,HHN,HHZ",15001,100.0,ok,
PTGC.2019.360.13.52.31,PTGC,2019.360.13.52.31,2019-12-26T13:52:31.948393Z,3,"HHE,HHN,HHZ",15001,100.0,ok,
PTGC.2019.360.14.33.06,PTGC,2019.360.14.33.06,2019-12-26T14:33:06.018393Z,3,"HHE,HHN,HHZ",15001,100.0,ok,
PTGC.2019.360.14.34.39,PTGC,2019.360.14.34.39,2019-12-26T14:34:39.038393Z,3,"HHE,HHN,HHZ",15001,100.0,ok,
PTGC.2019.360.14.49.53,PTGC,2019.360.14.49.53,2019-12-26T14:49:53.978393Z,3,"HHE,HHN,HHZ",7599,100.0,discarded,too_short
PTGC.2019.361.13.35.24,PTGC,2019.361.13.35.24,2019-12-27T13:35:24.168393Z,3,"HHE,HHN,HHZ",15001,100.0,ok,
PTGC.2019.361.13.35.48,PTGC,2019.361.13.35.48,2019-12-27T13:35:48.408393Z,3,"HHE,HHN,HHZ",15001,100.0,ok,
PTGC.2019.361.13.39.47,PTGC,2019.361.13.39.47,2019-12-27T13:39:47.498393Z,3,"HHE,HHN,HHZ",15001,100.0,ok,
PTGC.2019.361.13.55.54,PTGC,2019.361.13.55.54,2019-12-27T13:55:54.308435Z,3,"HHE,HHN,HHZ",15001,100.0,ok,
PTGC.2019.361.13.59.10,PTGC,2019.361.13.59.10,2019-12-27T13:59:10.688405Z,3,"HHE,HHN,HHZ",15001,100.0,ok,
PTGC.2019.361.14.08.49,PTGC,2019.361.14.08.49,2019-12-27T14:08:49.798394Z,3,"HHE,HHN,HHZ",15001,100.0,ok,
PTGC.2019.361.14.14.10,PTGC,2019.361.14.14.10,2019-12-27T14:14:10.448393Z,3,"HHE,HHN,HHZ",15001,100.0,ok,
PTGC.2019.361.14.16.46,PTGC,2019.361.14.16.46,2019-12-27T14:16:46.248393Z,3,"HHE,HHN,HHZ",15001,100.0,ok,
PTGC.2019.361.14.22.33,PTGC,2019.361.14.22.33,2019-12-27T14:22:33.408393Z,3,"HHE,HHN,HHZ",15001,100.0,ok,
PTGC.2019.361.14.24.43,PTGC,2019.361.14.24.43,2019-12-27T14:24:43.098393Z,3,"HHE,HHN,HHZ",15001,100.0,ok,
PTGC.2019.361.14.53.20,PTGC,2019.361.14.53.20,2019-12-27T14:53:20.928393Z,3,"HHE,HHN,HHZ",15001,100.0,ok,
PTGC.2019.361.14.56.59,PTGC,2019.361.14.56.59,2019-12-27T14:56:59.408393Z,3,"HHE,HHN,HHZ",15001,100.0,ok,
PTGC.2019.361.14.58.16,PTGC,2019.361.14.58.16,2019-12-27T14:58:16.238393Z,3,"HHE,HHN,HHZ",15001,100.0,ok,
PTGC.2019.361.15.14.05,PTGC,2019.361.15.14.05,2019-12-27T15:14:05.978393Z,3,"HHE,HHN,HHZ",15001,100.0,ok,
PTGC.2019.361.16.22.59,PTGC,2019.361.16.22.59,2019-12-27T16:22:59.878393Z,3,"HHE,HHN,HHZ",15001,100.0,ok,
PTGC.2019.361.16.23.48,PTGC,2019.361.16.23.48,2019-12-27T16:23:48.268393Z,3,"HHE,HHN,HHZ",15001,100.0,ok,
PTGC.2019.361.16.34.35,PTGC,2019.361.16.34.35,2019-12-27T16:34:35.698393Z,3,"HHE,HHN,HHZ",15001,100.0,ok,
PTGC.2019.361.16.48.29,PTGC,2019.361.16.48.29,2019-12-27T16:48:29.028393Z,3,"HHE,HHN,HHZ",15001,100.0,ok,
PTGC.2019.361.17.00.10,PTGC,2019.361.17.00.10,2019-12-27T17:00:10.688393Z,3,"HHE,HHN,HHZ",15001,100.0,ok,
PTGC.2019.361.17.03.17,PTGC,2019.361.17.03.17,2019-12-27T17:03:17.978393Z,3,"HHE,HHN,HHZ",15001,100.0,ok,
PTGC.2019.361.17.34.25,PTGC,2019.361.17.34.25,2019-12-27T17:34:25.758393Z,3,"HHE,HHN,HHZ",15001,100.0,ok,
PTGC.2019.361.17.35.41,PTGC,2019.361.17.35.41,2019-12-27T17:35:41.298393Z,3,"HHE,HHN,HHZ",15001,100.0,ok,
PTGC.2019.361.18.15.12,PTGC,2019.361.18.15.12,2019-12-27T18:15:12.568393Z,3,"HHE,HHN,HHZ",15001,100.0,ok,
PTGC.2019.361.18.41.13,PTGC,2019.361.18.41.13,2019-12-27T18:41:13.518393Z,3,"HHE,HHN,HHZ",15001,100.0,ok,
PTGC.2019.361.18.44.20,PTGC,2019.361.18.44.20,2019-12-27T18:44:20.228393Z,3,"HHE,HHN,HHZ",15001,100.0,ok,
PTGC.2019.361.18.50.10,PTGC,2019.361.18.50.10,2019-12-27T18:50:10.858393Z,3,"HHE,HHN,HHZ",15001,100.0,ok,
PTGC.2019.361.18.54.49,PTGC,2019.361.18.54.49,2019-12-27T18:54:49.908393Z,3,"HHE,HHN,HHZ",15001,100.0,ok,
PTGC.2019.361.18.55.54,PTGC,2019.361.18.55.54,2019-12-27T18:55:54.818393Z,3,"HHE,HHN,HHZ",15001,100.0,ok,
PTGC.2019.361.18.59.29,PTGC,2019.361.18.59.29,2019-12-27T18:59:29.548393Z,3,"HHE,HHN,HHZ",15001,100.0,ok,
PTGC.2019.361.19.03.57,PTGC,2019.361.19.03.57,2019-12-27T19:03:57.358393Z,3,"HHE,HHN,HHZ",15001,100.0,ok,
PTGC.2019.361.19.12.18,PTGC,2019.361.19.12.18,2019-12-27T19:12:18.758393Z,3,"HHE,HHN,HHZ",15001,100.0,ok,
PTGC.2019.361.19.31.10,PTGC,2019.361.19.31.10,2019-12-27T19:31:10.448393Z,3,"HHE,HHN,HHZ",15001,100.0,ok,
PTGC.2019.361.19.40.25,PTGC,2019.361.19.40.25,2019-12-27T19:40:25.678393Z,3,"HHE,HHN,HHZ",15001,100.0,ok,
PTGC.2019.361.20.12.45,PTGC,2019.361.20.12.45,2019-12-27T20:12:45.398393Z,3,"HHE,HHN,HHZ",15001,100.0,ok,
PTGC.2019.361.20.40.01,PTGC,2019.361.20.40.01,2019-12-27T20:40:01.338393Z,3,"HHE,HHN,HHZ",15001,100.0,ok,
PTGC.2019.361.20.47.04,PTGC,2019.361.20.47.04,2019-12-27T20:47:04.258393Z,3,"HHE,HHN,HHZ",15001,100.0,ok,
PTGC.2019.361.21.17.38,PTGC,2019.361.21.17.38,2019-12-27T21:17:38.768393Z,3,"HHE,HHN,HHZ",15001,100.0,ok,
PTGC.2019.361.22.00.32,PTGC,2019.361.22.00.32,2019-12-27T22:00:32.868393Z,3,"HHE,HHN,HHZ",9310,100.0,discarded,too_short
PTGC.2019.362.12.46.46,PTGC,2019.362.12.46.46,2019-12-28T12:46:46.058393Z,3,"HHE,HHN,HHZ",15001,100.0,ok,
PTGC.2019.362.12.50.23,PTGC,2019.362.12.50.23,2019-12-28T12:52:49.968394Z,3,"HHE,HHN,HHZ",374,100.0,discarded,too_short
PTGC.2019.362.13.24.56,PTGC,2019.362.13.24.56,2019-12-28T13:24:56.188393Z,3,"HHE,HHN,HHZ",15001,100.0,ok,
PTGC.2019.362.13.43.47,PTGC,2019.362.13.43.47,2019-12-28T13:43:47.268391Z,3,"HHE,HHN,HHZ",15001,100.0,ok,
PTGC.2019.362.13.49.00,PTGC,2019.362.13.49.00,2019-12-28T13:49:00.908393Z,3,"HHE,HHN,HHZ",15001,100.0,ok,
PTGC.2019.362.14.32.05,PTGC,2019.362.14.32.05,2019-12-28T14:32:05.798393Z,3,"HHE,HHN,HHZ",15001,100.0,ok,
PTGC.2019.362.14.34.07,PTGC,2019.362.14.34.07,2019-12-28T14:34:07.838393Z,3,"HHE,HHN,HHZ",15001,100.0,ok,
PTGC.2019.362.16.01.24,PTGC,2019.362.16.01.24,2019-12-28T16:01:24.108393Z,3,"HHE,HHN,HHZ",15001,100.0,ok,
PTGC.2019.362.16.03.15,PTGC,2019.362.16.03.15,2019-12-28T16:03:15.288393Z,3,"HHE,HHN,HHZ",15001,100.0,ok,
PTGC.2019.362.16.29.24,PTGC,2019.362.16.29.24,2019-12-28T16:29:24.528393Z,3,"HHE,HHN,HHZ",15001,100.0,ok,
PTGC.2019.362.17.05.29,PTGC,2019.362.17.05.29,2019-12-28T17:05:29.628393Z,3,"HHE,HHN,HHZ",15001,100.0,ok,
PTGC.2019.362.17.11.51,PTGC,2019.362.17.11.51,2019-12-28T17:11:51.698393Z,3,"HHE,HHN,HHZ",15001,100.0,ok,
PTGC.2019.362.18.03.14,PTGC,2019.362.18.03.14,2019-12-28T18:03:14.428393Z,3,"HHE,HHN,HHZ",15001,100.0,ok,
PTGC.2019.362.18.04.40,PTGC,2019.362.18.04.40,2019-12-28T18:04:40.288393Z,3,"HHE,HHN,HHZ",15001,100.0,ok,
PTGC.2019.362.18.44.57,PTGC,2019.362.18.44.57,2019-12-28T18:44:57.148393Z,3,"HHE,HHN,HHZ",15001,100.0,ok,
PTGC.2019.362.20.17.43,PTGC,2019.362.20.17.43,2019-12-28T20:17:43.538393Z,3,"HHE,HHN,HHZ",15001,100.0,ok,
PTGC.2019.362.20.49.45,PTGC,2019.362.20.49.45,2019-12-28T20:49:45.038393Z,3,"HHE,HHN,HHZ",15001,100.0,ok,
PTGC.2019.362.21.54.16,PTGC,2019.362.21.54.16,2019-12-28T21:54:16.578393Z,3,"HHE,HHN,HHZ",15001,100.0,ok,
PTGC.2019.363.11.29.25,PTGC,2019.363.11.29.25,2019-12-29T11:29:25.608393Z,3,"HHE,HHN,HHZ",4236,100.0,discarded,too_short
PTGC.2019.363.14.00.17,PTGC,2019.363.14.00.17,2019-12-29T14:00:17.868393Z,3,"HHE,HHN,HHZ",15001,100.0,ok,
PTGC.2019.363.14.13.40,PTGC,2019.363.14.13.40,2019-12-29T14:13:40.578393Z,3,"HHE,HHN,HHZ",15001,100.0,ok,
PTGC.2019.363.14.24.07,PTGC,2019.363.14.24.07,2019-12-29T14:24:07.908393Z,3,"HHE,HHN,HHZ",15001,100.0,ok,
PTGC.2019.363.15.34.20,PTGC,2019.363.15.34.20,2019-12-29T15:34:20.888393Z,3,"HHE,HHN,HHZ",15001,100.0,ok,
PTGC.2019.363.18.06.40,PTGC,2019.363.18.06.40,2019-12-29T18:06:40.648391Z,3,"HHE,HHN,HHZ",15001,100.0,ok,
PTGC.2019.363.18.39.50,PTGC,2019.363.18.39.50,2019-12-29T18:39:50.378391Z,3,"HHE,HHN,HHZ",15001,100.0,ok,
PTGC.2019.363.19.25.37,PTGC,2019.363.19.25.37,2019-12-29T19:25:37.518393Z,3,"HHE,HHN,HHZ",15001,100.0,ok,
PTGC.2019.363.20.30.19,PTGC,2019.363.20.30.19,2019-12-29T20:30:19.798393Z,3,"HHE,HHN,HHZ",15001,100.0,ok,
PTGC.2019.363.21.16.02,PTGC,2019.363.21.16.02,2019-12-29T21:16:02.838393Z,3,"HHE,HHN,HHZ",15001,100.0,ok,
PTGC.2019.363.21.40.43,PTGC,2019.363.21.40.43,2019-12-29T21:40:43.388393Z,3,"HHE,HHN,HHZ",15001,100.0,ok,
PTGC.2019.363.21.47.59,PTGC,2019.363.21.47.59,2019-12-29T21:47:59.798393Z,3,"HHE,HHN,HHZ",15001,100.0,ok,
PTGC.2019.364.14.04.19,PTGC,2019.364.14.04.19,2019-12-30T14:04:19.238393Z,3,"HHE,HHN,HHZ",15001,100.0,ok,
PTGC.2019.364.14.05.22,PTGC,2019.364.14.05.22,2019-12-30T14:05:22.788393Z,3,"HHE,HHN,HHZ",15001,100.0,ok,
PTGC.2019.364.14.53.58,PTGC,2019.364.14.53.58,2019-12-30T14:53:58.438393Z,3,"HHE,HHN,HHZ",15001,100.0,ok,
PTGC.2019.364.15.07.00,PTGC,2019.364.15.07.00,2019-12-30T15:07:00.008393Z,3,"HHE,HHN,HHZ",15001,100.0,ok,
PTGC.2019.364.15.30.16,PTGC,2019.364.15.30.16,2019-12-30T15:30:16.538393Z,3,"HHE,HHN,HHZ",15001,100.0,ok,
PTGC.2019.364.15.39.35,PTGC,2019.364.15.39.35,2019-12-30T15:39:35.258393Z,3,"HHE,HHN,HHZ",15001,100.0,ok,
PTGC.2019.364.16.53.03,PTGC,2019.364.16.53.03,2019-12-30T16:53:03.698393Z,3,"HHE,HHN,HHZ",15001,100.0,ok,
PTGC.2019.364.19.28.49,PTGC,2019.364.19.28.49,2019-12-30T19:28:49.368393Z,3,"HHE,HHN,HHZ",15001,100.0,ok,
PTGC.2019.364.21.25.47,PTGC,2019.364.21.25.47,2019-12-30T21:25:47.178393Z,3,"HHE,HHN,HHZ",15001,100.0,ok,
PTGC.2019.365.12.21.44,PTGC,2019.365.12.21.44,2019-12-31T12:21:44.158402Z,3,"HHE,HHN,HHZ",15001,100.0,ok,
PTGC.2019.365.13.07.36,PTGC,2019.365.13.07.36,2019-12-31T13:07:36.898393Z,3,"HHE,HHN,HHZ",15001,100.0,ok,
PTGC.2019.365.13.53.37,PTGC,2019.365.13.53.37,2019-12-31T13:53:37.198393Z,3,"HHE,HHN,HHZ",15001,100.0,ok,
PTGC.2019.365.14.20.56,PTGC,2019.365.14.20.56,2019-12-31T14:20:56.558391Z,3,"HHE,HHN,HHZ",15001,100.0,ok,
PTGC.2019.365.16.13.37,PTGC,2019.365.16.13.37,2019-12-31T16:13:37.448393Z,3,"HHE,HHN,HHZ",15001,100.0,ok,
PTGC.2019.365.16.34.34,PTGC,2019.365.16.34.34,2019-12-31T16:34:34.108393Z,3,"HHE,HHN,HHZ",15001,100.0,ok,
PTGC.2019.365.17.27.32,PTGC,2019.365.17.27.32,2019-12-31T17:27:32.328393Z,3,"HHE,HHN,HHZ",15001,100.0,ok,
PTGC.2019.365.18.04.02,PTGC,2019.365.18.04.02,2019-12-31T18:04:02.558391Z,3,"HHE,HHN,HHZ",15001,100.0,ok,
PTGC.2019.365.19.20.39,PTGC,2019.365.19.20.39,2019-12-31T19:20:39.418393Z,3,"HHE,HHN,HHZ",15001,100.0,ok,
PTGC.2019.365.20.15.25,PTGC,2019.365.20.15.25,2019-12-31T20:15:25.888393Z,3,"HHE,HHN,HHZ",15001,100.0,ok,
PTGC.2019.365.20.36.46,PTGC,2019.365.20.36.46,2019-12-31T20:36:46.538393Z,3,"HHE,HHN,HHZ",15001,100.0,ok,
PTGC.2019.365.20.58.04,PTGC,2019.365.20.58.04,2019-12-31T20:58:04.738393Z,3,"HHE,HHN,HHZ",15001,100.0,ok,
PTGC.2019.365.21.08.30,PTGC,2019.365.21.08.30,2019-12-31T21:08:30.648393Z,3,"HHE,HHN,HHZ",15001,100.0,ok,
PTGC.2019.365.22.03.41,PTGC,2019.365.22.03.41,2019-12-31T22:03:41.058393Z,3,"HHE,HHN,HHZ",15001,100.0,ok,
PTGC.2019.365.22.48.04,PTGC,2019.365.22.48.04,2019-12-31T22:48:04.858393Z,3,"HHE,HHN,HHZ",8011,100.0,discarded,too_short
PTGC.2020.001.12.15.26,PTGC,2020.001.12.15.26,2020-01-01T12:15:26.688405Z,3,"HHE,HHN,HHZ",15001,100.0,ok,
PTGC.2020.001.13.56.33,PTGC,2020.001.13.56.33,2020-01-01T13:56:33.458393Z,3,"HHE,HHN,HHZ",15001,100.0,ok,
PTGC.2020.001.15.43.45,PTGC,2020.001.15.43.45,2020-01-01T15:43:45.518393Z,3,"HHE,HHN,HHZ",15001,100.0,ok,
PTGC.2020.001.15.47.57,PTGC,2020.001.15.47.57,2020-01-01T15:47:57.208391Z,3,"HHE,HHN,HHZ",15001,100.0,ok,
PTGC.2020.001.17.23.22,PTGC,2020.001.17.23.22,2020-01-01T17:23:22.818393Z,3,"HHE,HHN,HHZ",15001,100.0,ok,
PTGC.2020.001.17.53.18,PTGC,2020.001.17.53.18,2020-01-01T17:53:18.748391Z,3,"HHE,HHN,HHZ",15001,100.0,ok,
PTGC.2020.001.18.13.50,PTGC,2020.001.18.13.50,2020-01-01T18:13:50.848393Z,3,"HHE,HHN,HHZ",15001,100.0,ok,
PTGC.2020.001.19.17.13,PTGC,2020.001.19.17.13,2020-01-01T19:17:13.578393Z,3,"HHE,HHN,HHZ",15001,100.0,ok,
PTGC.2020.002.14.41.29,PTGC,2020.002.14.41.29,2020-01-02T14:41:29.958393Z,3,"HHE,HHN,HHZ",15001,100.0,ok,
PTGC.2020.002.14.43.56,PTGC,2020.002.14.43.56,2020-01-02T14:43:56.788393Z,3,"HHE,HHN,HHZ",15001,100.0,ok,
PTGC.2020.002.14.51.07,PTGC,2020.002.14.51.07,2020-01-02T14:51:07.688393Z,3,"HHE,HHN,HHZ",15001,100.0,ok,
PTGC.2020.002.16.02.10,PTGC,2020.002.16.02.10,2020-01-02T16:02:10.508391Z,3,"HHE,HHN,HHZ",15001,100.0,ok,
PTGC.2020.002.17.18.30,PTGC,2020.002.17.18.30,2020-01-02T17:18:30.528393Z,3,"HHE,HHN,HHZ",15001,100.0,ok,
PTGC.2020.002.21.36.30,PTGC,2020.002.21.36.30,2020-01-02T21:36:30.128393Z,3,"HHE,HHN,HHZ",15001,100.0,ok,
PTGC.2020.003.15.37.19,PTGC,2020.003.15.37.19,2020-01-03T15:37:19.208393Z,3,"HHE,HHN,HHZ",15001,100.0,ok,
PTGC.2020.003.15.38.35,PTGC,2020.003.15.38.35,2020-01-03T15:38:35.568393Z,3,"HHE,HHN,HHZ",15001,100.0,ok,
PTGC.2020.003.17.30.38,PTGC,2020.003.17.30.38,2020-01-03T17:30:38.828393Z,3,"HHE,HHN,HHZ",15001,100.0,ok,
PTGC.2020.003.17.38.43,PTGC,2020.003.17.38.43,2020-01-03T17:38:43.038393Z,3,"HHE,HHN,HHZ",15001,100.0,ok,
PTGC.2020.003.17.43.46,PTGC,2020.003.17.43.46,2020-01-03T17:43:46.188393Z,3,"HHE,HHN,HHZ",15001,100.0,ok,
PTGC.2020.003.17.58.45,PTGC,2020.003.17.58.45,2020-01-03T17:58:45.898393Z,3,"HHE,HHN,HHZ",15001,100.0,ok,
PTGC.2020.003.18.10.12,PTGC,2020.003.18.10.12,2020-01-03T18:10:12.818393Z,3,"HHE,HHN,HHZ",15001,100.0,ok,
PTGC.2020.003.19.32.42,PTGC,2020.003.19.32.42,2020-01-03T19:32:42.048393Z,3,"HHE,HHN,HHZ",15001,100.0,ok,
PTGC.2020.003.20.24.30,PTGC,2020.003.20.24.30,2020-01-03T20:24:30.898393Z,3,"HHE,HHN,HHZ",15001,100.0,ok,
PTGC.2020.004.11.55.46,PTGC,2020.004.11.55.46,2020-01-04T11:55:46.088696Z,3,"HHE,HHN,HHZ",15001,100.0,ok,
PTGC.2020.004.12.21.49,PTGC,2020.004.12.21.49,2020-01-04T12:21:49.908393Z,3,"HHE,HHN,HHZ",15001,100.0,ok,
PTGC.2020.004.12.30.28,PTGC,2020.004.12.30.28,2020-01-04T12:30:28.238393Z,3,"HHE,HHN,HHZ",15001,100.0,ok,
PTGC.2020.004.13.13.32,PTGC,2020.004.13.13.32,2020-01-04T13:13:32.548393Z,3,"HHE,HHN,HHZ",15001,100.0,ok,
PTGC.2020.004.13.38.28,PTGC,2020.004.13.38.28,2020-01-04T13:38:28.088393Z,3,"HHE,HHN,HHZ",15001,100.0,ok,
PTGC.2020.004.15.44.43,PTGC,2020.004.15.44.43,2020-01-04T15:44:43.608393Z,3,"HHE,HHN,HHZ",15001,100.0,ok,
PTGC.2020.004.16.32.25,PTGC,2020.004.16.32.25,2020-01-04T16:32:25.818393Z,3,"HHE,HHN,HHZ",15001,100.0,ok,
PTGC.2020.004.16.43.43,PTGC,2020.004.16.43.43,2020-01-04T16:43:43.738393Z,3,"HHE,HHN,HHZ",15001,100.0,ok,
PTGC.2020.004.17.12.03,PTGC,2020.004.17.12.03,2020-01-04T17:12:03.238393Z,3,"HHE,HHN,HHZ",15001,100.0,ok,
PTGC.2020.004.19.08.30,PTGC,2020.004.19.08.30,2020-01-04T19:08:30.828391Z,3,"HHE,HHN,HHZ",15001,100.0,ok,
PTGC.2020.004.19.12.32,PTGC,2020.004.19.12.32,2020-01-04T19:12:32.058391Z,3,"HHE,HHN,HHZ",15001,100.0,ok,
PTGC.2020.004.20.09.35,PTGC,2020.004.20.09.35,2020-01-04T20:09:35.218393Z,3,"HHE,HHN,HHZ",15001,100.0,ok,
PTGC.2020.004.20.10.19,PTGC,2020.004.20.10.19,2020-01-04T20:10:19.018393Z,3,"HHE,HHN,HHZ",15001,100.0,ok,
PTGC.2020.004.21.50.52,PTGC,2020.004.21.50.52,2020-01-04T21:50:52.838393Z,3,"HHE,HHN,HHZ",15001,100.0,ok,
PTGC.2020.004.22.28.59,PTGC,2020.004.22.28.59,2020-01-04T22:28:59.418393Z,3,"HHE,HHN,HHZ",15001,100.0,ok,
PTGC.2020.005.12.39.46,PTGC,2020.005.12.39.46,2020-01-05T12:39:46.468466Z,3,"HHE,HHN,HHZ",15001,100.0,ok,
PTGC.2020.005.13.04.57,PTGC,2020.005.13.04.57,2020-01-05T13:04:57.918393Z,3,"HHE,HHN,HHZ",15001,100.0,ok,
PTGC.2020.005.13.18.55,PTGC,2020.005.13.18.55,2020-01-05T13:18:55.398393Z,3,"HHE,HHN,HHZ",15001,100.0,ok,
PTGC.2020.005.13.43.09,PTGC,2020.005.13.43.09,2020-01-05T13:43:09.968393Z,3,"HHE,HHN,HHZ",15001,100.0,ok,
PTGC.2020.005.14.34.22,PTGC,2020.005.14.34.22,2020-01-05T14:34:22.648391Z,3,"HHE,HHN,HHZ",15001,100.0,ok,
PTGC.2020.005.18.17.15,PTGC,2020.005.18.17.15,2020-01-05T18:17:15.108393Z,3,"HHE,HHN,HHZ",15001,100.0,ok,
PTGC.2020.005.22.06.57,PTGC,2020.005.22.06.57,2020-01-05T22:06:57.718393Z,3,"HHE,HHN,HHZ",15001,100.0,ok,
PTGC.2020.005.22.31.57,PTGC,2020.005.22.31.57,2020-01-05T22:31:57.888393Z,3,"HHE,HHN,HHZ",13408,100.0,discarded,too_short
PTGC.2020.006.13.29.30,PTGC,2020.006.13.29.30,2020-01-06T13:29:30.708393Z,3,"HHE,HHN,HHZ",15001,100.0,ok,
PTGC.2020.006.13.36.25,PTGC,2020.006.13.36.25,2020-01-06T13:36:25.328393Z,3,"HHE,HHN,HHZ",15001,100.0,ok,
PTGC.2020.006.13.48.45,PTGC,2020.006.13.48.45,2020-01-06T13:48:45.848393Z,3,"HHE,HHN,HHZ",15001,100.0,ok,
PTGC.2020.007.12.19.05,PTGC,2020.007.12.19.05,2020-01-07T12:19:05.608402Z,3,"HHE,HHN,HHZ",15001,100.0,ok,
PTGC.2020.007.12.35.54,PTGC,2020.007.12.35.54,2020-01-07T12:35:54.468393Z,3,"HHE,HHN,HHZ",15001,100.0,ok,
PTGC.2020.007.12.46.21,PTGC,2020.007.12.46.21,2020-01-07T12:46:21.318393Z,3,"HHE,HHN,HHZ",15001,100.0,ok,
PTGC.2020.007.13.24.09,PTGC,2020.007.13.24.09,2020-01-07T13:24:09.588393Z,3,"HHE,HHN,HHZ",15001,100.0,ok,
PTGC.2020.007.13.36.14,PTGC,2020.007.13.36.14,2020-01-07T13:36:14.578393Z,3,"HHE,HHN,HHZ",15001,100.0,ok,
PTGC.2020.007.22.08.32,PTGC,2020.007.22.08.32,2020-01-07T22:08:32.468393Z,3,"HHE,HHN,HHZ",15001,100.0,ok,
PTGC.2020.007.22.21.58,PTGC,2020.007.22.21.58,2020-01-07T22:21:58.768393Z,3,"HHE,HHN,HHZ",15001,100.0,ok,
PTGC.2020.008.14.48.36,PTGC,2020.008.14.48.36,2020-01-08T14:48:36.868393Z,3,"HHE,HHN,HHZ",15001,100.0,ok,
PTGC.2020.008.15.01.29,PTGC,2020.008.15.01.29,2020-01-08T15:01:29.368393Z,3,"HHE,HHN,HHZ",15001,100.0,ok,
PTGC.2020.008.18.00.29,PTGC,2020.008.18.00.29,2020-01-08T18:00:29.368393Z,3,"HHE,HHN,HHZ",15001,100.0,ok,
PTGC.2020.008.18.18.56,PTGC,2020.008.18.18.56,2020-01-08T18:18:56.918393Z,3,"HHE,HHN,HHZ",15001,100.0,ok,
PTGC.2020.008.18.41.48,PTGC,2020.008.18.41.48,2020-01-08T18:41:48.358391Z,3,"HHE,HHN,HHZ",15001,100.0,ok,
PTGC.2020.008.18.52.17,PTGC,2020.008.18.52.17,2020-01-08T18:52:17.608393Z,3,"HHE,HHN,HHZ",15001,100.0,ok,
PTGC.2020.009.14.46.58,PTGC,2020.009.14.46.58,2020-01-09T14:46:58.978393Z,3,"HHE,HHN,HHZ",15001,100.0,ok,
PTGC.2020.009.16.14.28,PTGC,2020.009.16.14.28,2020-01-09T16:14:28.508393Z,3,"HHE,HHN,HHZ",15001,100.0,ok,
PTGC.2020.009.17.14.36,PTGC,2020.009.17.14.36,2020-01-09T17:14:36.678393Z,3,"HHE,HHN,HHZ",15001,100.0,ok,
PTGC.2020.009.18.40.40,PTGC,2020.009.18.40.40,2020-01-09T18:40:40.058393Z,3,"HHE,HHN,HHZ",15001,100.0,ok,
PTGC.2020.009.19.34.10,PTGC,2020.009.19.34.10,2020-01-09T19:34:10.388393Z,3,"HHE,HHN,HHZ",15001,100.0,ok,
PTGC.2020.009.22.35.09,PTGC,2020.009.22.35.09,2020-01-09T22:35:09.858393Z,3,"HHE,HHN,HHZ",15001,100.0,ok,
PTGC.2020.010.12.22.37,PTGC,2020.010.12.22.37,2020-01-10T12:22:37.268397Z,3,"HHE,HHN,HHZ",15001,100.0,ok,
PTGC.2020.010.16.21.40,PTGC,2020.010.16.21.40,2020-01-10T16:21:40.478393Z,3,"HHE,HHN,HHZ",15001,100.0,ok,
PTGC.2020.010.16.42.17,PTGC,2020.010.16.42.17,2020-01-10T16:42:17.448393Z,3,"HHE,HHN,HHZ",15001,100.0,ok,
PTGC.2020.010.19.36.59,PTGC,2020.010.19.36.59,2020-01-10T19:36:59.878391Z,3,"HHE,HHN,HHZ",15001,100.0,ok,
PTGC.2020.011.14.35.28,PTGC,2020.011.14.35.28,2020-01-11T14:35:28.658393Z,3,"HHE,HHN,HHZ",15001,100.0,ok,
PTGC.2020.011.15.08.08,PTGC,2020.011.15.08.08,2020-01-11T15:08:08.658391Z,3,"HHE,HHN,HHZ",15001,100.0,ok,
PTGC.2020.011.15.55.35,PTGC,2020.011.15.55.35,2020-01-11T15:55:35.218393Z,3,"HHE,HHN,HHZ",15001,100.0,ok,
PTGC.2020.011.16.14.09,PTGC,2020.011.16.14.09,2020-01-11T16:14:09.128393Z,3,"HHE,HHN,HHZ",15001,100.0,ok,
PTGC.2020.012.15.05.18,PTGC,2020.012.15.05.18,2020-01-12T15:05:18.548393Z,3,"HHE,HHN,HHZ",15001,100.0,ok,
PTGC.2020.012.16.19.48,PTGC,2020.012.16.19.48,2020-01-12T16:19:48.188393Z,3,"HHE,HHN,HHZ",15001,100.0,ok,
PTGC.2020.012.16.56.50,PTGC,2020.012.16.56.50,2020-01-12T16:56:50.838393Z,3,"HHE,HHN,HHZ",15001,100.0,ok,
PTGC.2020.012.18.25.11,PTGC,2020.012.18.25.11,2020-01-12T18:25:11.538393Z,3,"HHE,HHN,HHZ",15001,100.0,ok,
PTGC.2020.012.22.54.04,PTGC,2020.012.22.54.04,2020-01-12T22:54:04.848393Z,3,"HHE,HHN,HHZ",1212,100.0,discarded,too_short
PTGC.2020.013.12.59.14,PTGC,2020.013.12.59.14,2020-01-13T12:59:14.418393Z,3,"HHE,HHN,HHZ",15001,100.0,ok,
PTGC.2020.013.13.49.45,PTGC,2020.013.13.49.45,2020-01-13T13:49:45.628393Z,3,"HHE,HHN,HHZ",15001,100.0,ok,
PTGC.2020.013.17.12.55,PTGC,2020.013.17.12.55,2020-01-13T17:12:55.098393Z,3,"HHE,HHN,HHZ",15001,100.0,ok,
PTGC.2020.013.17.22.58,PTGC,2020.013.17.22.58,2020-01-13T17:22:58.328393Z,3,"HHE,HHN,HHZ",15001,100.0,ok,
PTGC.2020.013.17.48.06,PTGC,2020.013.17.48.06,2020-01-13T17:48:06.718393Z,3,"HHE,HHN,HHZ",15001,100.0,ok,
PTGC.2020.013.19.37.56,PTGC,2020.013.19.37.56,2020-01-13T19:37:56.818393Z,3,"HHE,HHN,HHZ",15001,100.0,ok,
PTGC.2020.014.12.43.29,PTGC,2020.014.12.43.29,2020-01-14T12:43:29.838393Z,3,"HHE,HHN,HHZ",15001,100.0,ok,
PTGC.2020.014.13.42.47,PTGC,2020.014.13.42.47,2020-01-14T13:42:47.638393Z,3,"HHE,HHN,HHZ",15001,100.0,ok,
PTGC.2020.014.18.07.27,PTGC,2020.014.18.07.27,2020-01-14T18:07:27.368393Z,3,"HHE,HHN,HHZ",15001,100.0,ok,
PTGC.2020.014.19.39.16,PTGC,2020.014.19.39.16,2020-01-14T19:39:16.388393Z,3,"HHE,HHN,HHZ",15001,100.0,ok,
PTGC.2020.015.15.21.42,PTGC,2020.015.15.21.42,2020-01-15T15:21:42.458393Z,3,"HHE,HHN,HHZ",15001,100.0,ok,
PTGC.2020.015.17.02.43,PTGC,2020.015.17.02.43,2020-01-15T17:02:43.718393Z,3,"HHE,HHN,HHZ",15001,100.0,ok,
PTGC.2020.016.17.10.18,PTGC,2020.016.17.10.18,2020-01-16T17:10:18.288393Z,3,"HHE,HHN,HHZ",15001,100.0,ok,
PTGC.2020.016.21.51.57,PTGC,2020.016.21.51.57,2020-01-16T21:51:57.948393Z,3,"HHE,HHN,HHZ",15001,100.0,ok,
PTGC.2020.016.21.58.51,PTGC,2020.016.21.58.51,2020-01-16T21:58:51.458393Z,3,"HHE,HHN,HHZ",15001,100.0,ok,
PTGC.2020.017.11.46.53,PTGC,2020.017.11.46.53,2020-01-17T11:48:11.968393Z,3,"HHE,HHN,HHZ",7167,100.0,discarded,too_short
PTGC.2020.018.12.54.34,PTGC,2020.018.12.54.34,2020-01-18T12:54:34.768393Z,3,"HHE,HHN,HHZ",15001,100.0,ok,
PTGC.2020.018.14.22.06,PTGC,2020.018.14.22.06,2020-01-18T14:22:06.148393Z,3,"HHE,HHN,HHZ",15001,100.0,ok,
PTGC.2020.018.15.58.44,PTGC,2020.018.15.58.44,2020-01-18T15:58:44.438393Z,3,"HHE,HHN,HHZ",15001,100.0,ok,
PTGC.2020.018.23.06.19,PTGC,2020.018.23.06.19,2020-01-18T23:06:57.968393Z,3,"HHE,HHN,HHZ",11113,100.0,discarded,too_short
PTGC.2020.019.14.00.57,PTGC,2020.019.14.00.57,2020-01-19T14:00:57.288393Z,3,"HHE,HHN,HHZ",15001,100.0,ok,
PTGC.2020.019.17.03.12,PTGC,2020.019.17.03.12,2020-01-19T17:03:12.188393Z,3,"HHE,HHN,HHZ",15001,100.0,ok,
PTGC.2020.019.17.19.37,PTGC,2020.019.17.19.37,2020-01-19T17:19:37.498393Z,3,"HHE,HHN,HHZ",15001,100.0,ok,
PTGC.2020.019.19.47.22,PTGC,2020.019.19.47.22,2020-01-19T19:47:22.438393Z,3,"HHE,HHN,HHZ",15001,100.0,ok,
PTGC.2020.020.14.40.43,PTGC,2020.020.14.40.43,2020-01-20T14:40:43.058393Z,3,"HHE,HHN,HHZ",15001,100.0,ok,
PTGC.2020.021.18.38.55,PTGC,2020.021.18.38.55,2020-01-21T18:38:55.848391Z,3,"HHE,HHN,HHZ",15001,100.0,ok,
PTGC.2020.021.19.32.19,PTGC,2020.021.19.32.19,2020-01-21T19:32:19.388393Z,3,"HHE,HHN,HHZ",15001,100.0,ok,
PTGC.2020.022.12.49.18,PTGC,2020.022.12.49.18,2020-01-22T12:49:18.208396Z,3,"HHE,HHN,HHZ",15001,100.0,ok,
PTGC.2020.022.18.54.33,PTGC,2020.022.18.54.33,2020-01-22T18:54:33.628393Z,3,"HHE,HHN,HHZ",15001,100.0,ok,
PTGC.2020.022.20.59.48,PTGC,2020.022.20.59.48,2020-01-22T20:59:48.308393Z,3,"HHE,HHN,HHZ",15001,100.0,ok,
PTGC.2020.022.21.17.02,PTGC,2020.022.21.17.02,2020-01-22T21:17:02.488391Z,3,"HHE,HHN,HHZ",15001,100.0,ok,
PTGC.2020.023.12.52.07,PTGC,2020.023.12.52.07,2020-01-23T12:52:07.478393Z,3,"HHE,HHN,HHZ",15001,100.0,ok,
PTGC.2020.023.15.39.34,PTGC,2020.023.15.39.34,2020-01-23T15:39:34.648393Z,3,"HHE,HHN,HHZ",15001,100.0,ok,
PTGC.2020.023.17.53.04,PTGC,2020.023.17.53.04,2020-01-23T17:53:04.978393Z,3,"HHE,HHN,HHZ",15001,100.0,ok,
PTGC.2020.023.18.29.45,PTGC,2020.023.18.29.45,2020-01-23T18:29:45.368393Z,3,"HHE,HHN,HHZ",15001,100.0,ok,
PTGC.2020.023.18.34.36,PTGC,2020.023.18.34.36,2020-01-23T18:34:36.988393Z,3,"HHE,HHN,HHZ",15001,100.0,ok,
PTGC.2020.023.20.49.25,PTGC,2020.023.20.49.25,2020-01-23T20:49:25.568393Z,3,"HHE,HHN,HHZ",15001,100.0,ok,
PTGC.2020.024.11.50.57,PTGC,2020.024.11.50.57,2020-01-24T11:52:33.968393Z,3,"HHE,HHN,HHZ",5360,100.0,discarded,too_short
PTGC.2020.024.13.46.59,PTGC,2020.024.13.46.59,2020-01-24T13:46:59.778393Z,3,"HHE,HHN,HHZ",15001,100.0,ok,
PTGC.2020.024.16.26.30,PTGC,2020.024.16.26.30,2020-01-24T16:26:30.248393Z,3,"HHE,HHN,HHZ",15001,100.0,ok,
PTGC.2020.024.19.33.26,PTGC,2020.024.19.33.26,2020-01-24T19:33:26.968393Z,3,"HHE,HHN,HHZ",15001,100.0,ok,
PTGC.2020.024.20.30.09,PTGC,2020.024.20.30.09,2020-01-24T20:30:09.588393Z,3,"HHE,HHN,HHZ",15001,100.0,ok,
PTGC.2020.024.21.23.32,PTGC,2020.024.21.23.32,2020-01-24T21:23:32.328393Z,3,"HHE,HHN,HHZ",15001,100.0,ok,
PTGC.2020.024.21.39.57,PTGC,2020.024.21.39.57,2020-01-24T21:39:57.728393Z,3,"HHE,HHN,HHZ",15001,100.0,ok,
PTGC.2020.024.22.08.31,PTGC,2020.024.22.08.31,2020-01-24T22:08:31.988393Z,3,"HHE,HHN,HHZ",15001,100.0,ok,
PTGC.2020.025.11.21.56,PTGC,2020.025.11.21.56,2020-01-25T11:21:56.418393Z,3,"HHE,HHN,HHZ",655,100.0,discarded,too_short
PTGC.2020.025.12.06.16,PTGC,2020.025.12.06.16,2020-01-25T12:06:16.738713Z,3,"HHE,HHN,HHZ",15001,100.0,ok,
PTGC.2020.025.16.59.14,PTGC,2020.025.16.59.14,2020-01-25T16:59:14.998393Z,3,"HHE,HHN,HHZ",15001,100.0,ok,
PTGC.2020.025.17.00.39,PTGC,2020.025.17.00.39,2020-01-25T17:00:39.188393Z,3,"HHE,HHN,HHZ",15001,100.0,ok,
PTGC.2020.025.20.51.28,PTGC,2020.025.20.51.28,2020-01-25T20:51:28.608393Z,3,"HHE,HHN,HHZ",15001,100.0,ok,
PTGC.2020.025.21.44.42,PTGC,2020.025.21.44.42,2020-01-25T21:44:42.428393Z,3,"HHE,HHN,HHZ",15001,100.0,ok,
PTGC.2020.026.11.36.21,PTGC,2020.026.11.36.21,2020-01-26T11:37:50.968393Z,3,"HHE,HHN,HHZ",6072,100.0,discarded,too_short
PTGC.2020.026.12.27.31,PTGC,2020.026.12.27.31,2020-01-26T12:27:31.048394Z,3,"HHE,HHN,HHZ",15001,100.0,ok,
PTGC.2020.026.14.31.20,PTGC,2020.026.14.31.20,2020-01-26T14:31:20.328393Z,3,"HHE,HHN,HHZ",15001,100.0,ok,
PTGC.2020.026.18.32.12,PTGC,2020.026.18.32.12,2020-01-26T18:32:12.258393Z,3,"HHE,HHN,HHZ",15001,100.0,ok,
PTGC.2020.026.21.14.10,PTGC,2020.026.21.14.10,2020-01-26T21:14:10.588393Z,3,"HHE,HHN,HHZ",15001,100.0,ok,
PTGC.2020.026.22.59.51,PTGC,2020.026.22.59.51,2020-01-26T22:59:51.418393Z,3,"HHE,HHN,HHZ",15001,100.0,ok,
PTGC.2020.027.18.50.28,PTGC,2020.027.18.50.28,2020-01-27T18:50:28.338393Z,3,"HHE,HHN,HHZ",15001,100.0,ok,
PTGC.2020.027.21.50.36,PTGC,2020.027.21.50.36,2020-01-27T21:50:36.578393Z,3,"HHE,HHN,HHZ",15001,100.0,ok,
PTGC.2020.028.12.47.28,PTGC,2020.028.12.47.28,2020-01-28T12:47:28.268393Z,3,"HHE,HHN,HHZ",15001,100.0,ok,
PTGC.2020.028.17.54.25,PTGC,2020.028.17.54.25,2020-01-28T17:54:25.888393Z,3,"HHE,HHN,HHZ",15001,100.0,ok,
PTGC.2020.028.19.09.57,PTGC,2020.028.19.09.57,2020-01-28T19:09:57.408391Z,3,"HHE,HHN,HHZ",15001,100.0,ok,
PTGC.2020.028.22.13.55,PTGC,2020.028.22.13.55,2020-01-28T22:13:55.248393Z,3,"HHE,HHN,HHZ",15001,100.0,ok,
PTGC.2020.029.12.31.28,PTGC,2020.029.12.31.28,2020-01-29T12:31:28.448393Z,3,"HHE,HHN,HHZ",15001,100.0,ok,
PTGC.2020.029.14.31.37,PTGC,2020.029.14.31.37,2020-01-29T14:31:37.828393Z,3,"HHE,HHN,HHZ",15001,100.0,ok,
PTGC.2020.030.12.52.00,PTGC,2020.030.12.52.00,2020-01-30T12:52:00.408391Z,3,"HHE,HHN,HHZ",15001,100.0,ok,
PTGC.2020.030.16.10.56,PTGC,2020.030.16.10.56,2020-01-30T16:10:56.048393Z,3,"HHE,HHN,HHZ",15001,100.0,ok,
PTGC.2020.030.18.18.32,PTGC,2020.030.18.18.32,2020-01-30T18:18:32.558393Z,3,"HHE,HHN,HHZ",15001,100.0,ok,
PTGC.2020.031.12.05.40,PTGC,2020.031.12.05.40,2020-01-31T12:05:40.978527Z,3,"HHE,HHN,HHZ",15001,100.0,ok,
PTGC.2020.032.14.49.00,PTGC,2020.032.14.49.00,2020-02-01T14:49:00.698393Z,3,"HHE,HHN,HHZ",15001,100.0,ok,
PTGC.2020.032.18.31.44,PTGC,2020.032.18.31.44,2020-02-01T18:31:44.638391Z,3,"HHE,HHN,HHZ",15001,100.0,ok,
PTGC.2020.033.16.05.41,PTGC,2020.033.16.05.41,2020-02-02T16:05:41.628393Z,3,"HHE,HHN,HHZ",15001,100.0,ok,
PTGC.2020.034.11.58.09,PTGC,2020.034.11.58.09,2020-02-03T11:58:09.968393Z,3,"HHE,HHN,HHZ",15001,100.0,ok,
PTGC.2020.034.14.19.54,PTGC,2020.034.14.19.54,2020-02-03T14:19:54.358393Z,3,"HHE,HHN,HHZ",15001,100.0,ok,
PTGC.2020.035.12.39.47,PTGC,2020.035.12.39.47,2020-02-04T12:39:47.308393Z,3,"HHE,HHN,HHZ",15001,100.0,ok,
PTGC.2020.035.13.36.09,PTGC,2020.035.13.36.09,2020-02-04T13:36:09.538393Z,3,"HHE,HHN,HHZ",15001,100.0,ok,
PTGC.2020.036.11.35.58,PTGC,2020.036.11.35.58,2020-02-05T11:35:58.858393Z,3,"HHE,HHN,HHZ",1211,100.0,discarded,too_short
PTGC.2020.036.16.49.57,PTGC,2020.036.16.49.57,2020-02-05T16:49:57.038393Z,3,"HHE,HHN,HHZ",15001,100.0,ok,
PTGC.2020.036.20.11.17,PTGC,2020.036.20.11.17,2020-02-05T20:11:17.648393Z,3,"HHE,HHN,HHZ",15001,100.0,ok,
PTGC.2020.036.20.54.49,PTGC,2020.036.20.54.49,2020-02-05T20:54:49.648393Z,3,"HHE,HHN,HHZ",15001,100.0,ok,
PTGC.2020.037.14.42.30,PTGC,2020.037.14.42.30,2020-02-06T14:42:30.338393Z,3,"HHE,HHN,HHZ",15001,100.0,ok,
PTGC.2020.037.16.07.22,PTGC,2020.037.16.07.22,2020-02-06T16:07:22.278391Z,3,"HHE,HHN,HHZ",15001,100.0,ok,
PTGC.2020.037.17.21.25,PTGC,2020.037.17.21.25,2020-02-06T17:21:25.088393Z,3,"HHE,HHN,HHZ",15001,100.0,ok,
PTGC.2020.037.19.36.24,PTGC,2020.037.19.36.24,2020-02-06T19:36:24.998393Z,3,"HHE,HHN,HHZ",15001,100.0,ok,
PTGC.2020.038.15.15.56,PTGC,2020.038.15.15.56,2020-02-07T15:15:56.388393Z,3,"HHE,HHN,HHZ",15001,100.0,ok,
PTGC.2020.039.18.57.37,PTGC,2020.039.18.57.37,2020-02-08T18:57:37.018393Z,3,"HHE,HHN,HHZ",15001,100.0,ok,
PTGC.2020.039.21.28.01,PTGC,2020.039.21.28.01,2020-02-08T21:28:01.388393Z,3,"HHE,HHN,HHZ",15001,100.0,ok,
PTGC.2020.039.22.22.29,PTGC,2020.039.22.22.29,2020-02-08T22:22:29.198393Z,3,"HHE,HHN,HHZ",15001,100.0,ok,
PTGC.2020.040.11.20.13,PTGC,2020.040.11.20.13,2020-02-09T11:22:07.968393Z,3,"HHE,HHN,HHZ",3527,100.0,discarded,too_short
PTGC.2020.040.14.53.32,PTGC,2020.040.14.53.32,2020-02-09T14:53:32.228391Z,3,"HHE,HHN,HHZ",15001,100.0,ok,
PTGC.2020.041.12.14.28,PTGC,2020.041.12.14.28,2020-02-10T12:14:28.598471Z,3,"HHE,HHN,HHZ",15001,100.0,ok,
PTGC.2020.041.19.43.09,PTGC,2020.041.19.43.09,2020-02-10T19:43:09.078393Z,3,"HHE,HHN,HHZ",15001,100.0,ok,
PTGC.2020.041.20.17.05,PTGC,2020.041.20.17.05,2020-02-10T20:17:05.718391Z,3,"HHE,HHN,HHZ",15001,100.0,ok,
PTGC.2020.041.20.46.26,PTGC,2020.041.20.46.26,2020-02-10T20:46:26.598393Z,3,"HHE,HHN,HHZ",15001,100.0,ok,
PTGC.2020.041.21.00.36,PTGC,2020.041.21.00.36,2020-02-10T21:00:36.958393Z,3,"HHE,HHN,HHZ",15001,100.0,ok,
PTGC.2020.042.13.36.13,PTGC,2020.042.13.36.13,2020-02-11T13:36:13.608393Z,3,"HHE,HHN,HHZ",15001,100.0,ok,
PTGC.2020.043.11.55.43,PTGC,2020.043.11.55.43,2020-02-12T11:55:54.968393Z,3,"HHE,HHN,HHZ",13836,100.0,discarded,too_short
PTGC.2020.043.19.18.32,PTGC,2020.043.19.18.32,2020-02-12T19:18:32.408393Z,3,"HHE,HHN,HHZ",15001,100.0,ok,
PTGC.2020.043.22.47.09,PTGC,2020.043.22.47.09,2020-02-12T22:47:09.058394Z,3,"HHE,HHN,HHZ",15001,100.0,ok,
PTGC.2020.044.12.51.47,PTGC,2020.044.12.51.47,2020-02-13T12:51:47.838393Z,3,"HHE,HHN,HHZ",15001,100.0,ok,
PTGC.2020.044.15.04.33,PTGC,2020.044.15.04.33,2020-02-13T15:04:33.408393Z,3,"HHE,HHN,HHZ",15001,100.0,ok,
PTGC.2020.044.15.29.17,PTGC,2020.044.15.29.17,2020-02-13T15:29:17.218391Z,3,"HHE,HHN,HHZ",15001,100.0,ok,
PTGC.2020.044.15.47.25,PTGC,2020.044.15.47.25,2020-02-13T15:47:25.438393Z,3,"HHE,HHN,HHZ",15001,100.0,ok,
PTGC.2020.044.16.01.54,PTGC,2020.044.16.01.54,2020-02-13T16:01:54.468393Z,3,"HHE,HHN,HHZ",15001,100.0,ok,
PTGC.2020.044.16.45.48,PTGC,2020.044.16.45.48,2020-02-13T16:45:48.258391Z,3,"HHE,HHN,HHZ",15001,100.0,ok,
PTGC.2020.044.17.31.52,PTGC,2020.044.17.31.52,2020-02-13T17:31:52.198393Z,3,"HHE,HHN,HHZ",15001,100.0,ok,
PTGC.2020.044.21.27.07,PTGC,2020.044.21.27.07,2020-02-13T21:27:07.008393Z,3,"HHE,HHN,HHZ",15001,100.0,ok,
PTGC.2020.045.11.50.16,PTGC,2020.045.11.50.16,2020-02-14T11:50:16.598393Z,3,"HHE,HHN,HHZ",7237,100.0,discarded,too_short
PTGC.2020.045.22.32.05,PTGC,2020.045.22.32.05,2020-02-14T22:32:05.968393Z,3,"HHE,HHN,HHZ",15001,100.0,ok,
PTGC.2020.045.22.44.54,PTGC,2020.045.22.44.54,2020-02-14T22:44:54.088393Z,3,"HHE,HHN,HHZ",15001,100.0,ok,
PTGC.2020.046.12.22.28,PTGC,2020.046.12.22.28,2020-02-15T12:22:51.968393Z,3,"HHE,HHN,HHZ",6400,100.0,discarded,too_short
PTGC.2020.046.15.51.24,PTGC,2020.046.15.51.24,2020-02-15T15:51:24.148393Z,3,"HHE,HHN,HHZ",15001,100.0,ok,
PTGC.2020.046.17.53.26,PTGC,2020.046.17.53.26,2020-02-15T17:53:26.628393Z,3,"HHE,HHN,HHZ",15001,100.0,ok,
PTGC.2020.046.18.00.25,PTGC,2020.046.18.00.25,2020-02-15T18:00:25.188393Z,3,"HHE,HHN,HHZ",15001,100.0,ok,
PTGC.2020.046.18.51.33,PTGC,2020.046.18.51.33,2020-02-15T18:51:33.008393Z,3,"HHE,HHN,HHZ",15001,100.0,ok,
PTGC.2020.046.22.57.43,PTGC,2020.046.22.57.43,2020-02-15T22:57:43.228393Z,3,"HHE,HHN,HHZ",15001,100.0,ok,
PTGC.2020.047.11.37.50,PTGC,2020.047.11.37.50,2020-02-16T11:37:57.968393Z,3,"HHE,HHN,HHZ",14281,100.0,discarded,too_short
PTGC.2020.047.14.31.23,PTGC,2020.047.14.31.23,2020-02-16T14:31:23.988393Z,3,"HHE,HHN,HHZ",15001,100.0,ok,
PTGC.2020.047.14.52.58,PTGC,2020.047.14.52.58,2020-02-16T14:52:58.798393Z,3,"HHE,HHN,HHZ",15001,100.0,ok,
PTGC.2020.047.15.42.47,PTGC,2020.047.15.42.47,2020-02-16T15:42:47.748393Z,3,"HHE,HHN,HHZ",15001,100.0,ok,
PTGC.2020.048.14.34.17,PTGC,2020.048.14.34.17,2020-02-17T14:34:17.208393Z,3,"HHE,HHN,HHZ",15001,100.0,ok,
PTGC.2020.049.14.02.23,PTGC,2020.049.14.02.23,2020-02-18T14:02:23.638393Z,3,"HHE,HHN,HHZ",15001,100.0,ok,
PTGC.2020.049.18.27.09,PTGC,2020.049.18.27.09,2020-02-18T18:27:09.878393Z,3,"HHE,HHN,HHZ",15001,100.0,ok,
PTGC.2020.050.21.33.19,PTGC,2020.050.21.33.19,2020-02-19T21:33:19.978393Z,3,"HHE,HHN,HHZ",15001,100.0,ok,
PTGC.2020.051.12.27.36,PTGC,2020.051.12.27.36,2020-02-20T12:27:36.768441Z,3,"HHE,HHN,HHZ",15001,100.0,ok,
PTGC.2020.051.17.43.09,PTGC,2020.051.17.43.09,2020-02-20T17:43:09.438393Z,3,"HHE,HHN,HHZ",15001,100.0,ok,
PTGC.2020.051.19.48.31,PTGC,2020.051.19.48.31,2020-02-20T19:48:31.678393Z,3,"HHE,HHN,HHZ",15001,100.0,ok,
PTGC.2020.051.22.10.20,PTGC,2020.051.22.10.20,2020-02-20T22:10:20.418393Z,3,"HHE,HHN,HHZ",15001,100.0,ok,
PTGC.2020.052.15.17.35,PTGC,2020.052.15.17.35,2020-02-21T15:17:35.298391Z,3,"HHE,HHN,HHZ",15001,100.0,ok,
PTGC.2020.052.16.47.45,PTGC,2020.052.16.47.45,2020-02-21T16:47:45.578393Z,3,"HHE,HHN,HHZ",15001,100.0,ok,
PTGC.2020.053.00.21.42,PTGC,2020.053.00.21.42,2020-02-22T00:21:42.058393Z,3,"HHE,HHN,HHZ",15001,100.0,ok,
PTGC.2020.053.12.26.26,PTGC,2020.053.12.26.26,2020-02-22T12:26:26.398646Z,3,"HHE,HHN,HHZ",15001,100.0,ok,
PTGC.2020.053.16.20.12,PTGC,2020.053.16.20.12,2020-02-22T16:20:12.548393Z,3,"HHE,HHN,HHZ",15001,100.0,ok,
PTGC.2020.053.19.41.30,PTGC,2020.053.19.41.30,2020-02-22T19:41:30.078393Z,3,"HHE,HHN,HHZ",15001,100.0,ok,
PTGC.2020.054.18.12.23,PTGC,2020.054.18.12.23,2020-02-23T18:12:23.868393Z,3,"HHE,HHN,HHZ",15001,100.0,ok,
PTGC.2020.054.19.09.47,PTGC,2020.054.19.09.47,2020-02-23T19:09:47.018391Z,3,"HHE,HHN,HHZ",15001,100.0,ok,
PTGC.2020.054.19.42.45,PTGC,2020.054.19.42.45,2020-02-23T19:42:45.738393Z,3,"HHE,HHN,HHZ",15001,100.0,ok,
PTGC.2020.054.19.47.46,PTGC,2020.054.19.47.46,2020-02-23T19:47:46.108393Z,3,"HHE,HHN,HHZ",15001,100.0,ok,
PTGC.2020.058.11.35.34,PTGC,2020.058.11.35.34,2020-02-27T11:35:50.968393Z,3,"HHE,HHN,HHZ",13401,100.0,discarded,too_short
PTGC.2020.058.13.46.14,PTGC,2020.058.13.46.14,2020-02-27T13:46:14.068393Z,3,"HHE,HHN,HHZ",15001,100.0,ok,
PTGC.2020.058.18.33.49,PTGC,2020.058.18.33.49,2020-02-27T18:33:49.398391Z,3,"HHE,HHN,HHZ",15001,100.0,ok,
PTGC.2020.058.21.37.15,PTGC,2020.058.21.37.15,2020-02-27T21:37:15.108393Z,3,"HHE,HHN,HHZ",15001,100.0,ok,
PTGC.2020.060.15.35.56,PTGC,2020.060.15.35.56,2020-02-29T15:35:56.748393Z,3,"HHE,HHN,HHZ",15001,100.0,ok,
PTGC.2020.060.15.54.05,PTGC,2020.060.15.54.05,2020-02-29T15:54:05.268393Z,3,"HHE,HHN,HHZ",15001,100.0,ok,
PTGC.2020.061.13.53.57,PTGC,2020.061.13.53.57,2020-03-01T13:53:57.238393Z,3,"HHE,HHN,HHZ",15001,100.0,ok,
PTGC.2020.061.19.35.06,PTGC,2020.061.19.35.06,2020-03-01T19:35:06.358393Z,3,"HHE,HHN,HHZ",15001,100.0,ok,
PTGC.2020.062.18.04.20,PTGC,2020.062.18.04.20,2020-03-02T18:04:20.418393Z,3,"HHE,HHN,HHZ",15001,100.0,ok,
PTGC.2020.062.19.45.27,PTGC,2020.062.19.45.27,2020-03-02T19:45:27.908393Z,3,"HHE,HHN,HHZ",15001,100.0,ok,
PTGC.2020.063.13.17.46,PTGC,2020.063.13.17.46,2020-03-03T13:17:46.228393Z,3,"HHE,HHN,HHZ",15001,100.0,ok,
PTGC.2020.064.15.33.20,PTGC,2020.064.15.33.20,2020-03-04T15:33:20.428393Z,3,"HHE,HHN,HHZ",15001,100.0,ok,
PTGC.2020.065.15.10.20,PTGC,2020.065.15.10.20,2020-03-05T15:10:20.668393Z,3,"HHE,HHN,HHZ",15001,100.0,ok,
PTGC.2020.065.15.11.13,PTGC,2020.065.15.11.13,2020-03-05T15:11:13.348393Z,3,"HHE,HHN,HHZ",15001,100.0,ok,
PTGC.2020.065.17.35.07,PTGC,2020.065.17.35.07,2020-03-05T17:35:07.088393Z,3,"HHE,HHN,HHZ",15001,100.0,ok,
PTGC.2020.066.14.47.06,PTGC,2020.066.14.47.06,2020-03-06T14:47:06.058393Z,3,"HHE,HHN,HHZ",15001,100.0,ok,
PTGC.2020.067.22.12.10,PTGC,2020.067.22.12.10,2020-03-07T22:12:10.298393Z,3,"HHE,HHN,HHZ",15001,100.0,ok,
PTGC.2020.070.14.01.32,PTGC,2020.070.14.01.32,2020-03-10T14:01:32.288393Z,3,"HHE,HHN,HHZ",15001,100.0,ok,
PTGC.2020.070.14.14.13,PTGC,2020.070.14.14.13,2020-03-10T14:14:13.298393Z,3,"HHE,HHN,HHZ",15001,100.0,ok,
PTGC.2020.073.14.05.37,PTGC,2020.073.14.05.37,2020-03-13T14:05:37.388393Z,3,"HHE,HHN,HHZ",15001,100.0,ok,
PTGC.2020.074.14.34.04,PTGC,2020.074.14.34.04,2020-03-14T14:34:04.558393Z,3,"HHE,HHN,HHZ",15001,100.0,ok,
PTGC.2020.074.19.56.51,PTGC,2020.074.19.56.51,2020-03-14T19:56:51.058393Z,3,"HHE,HHN,HHZ",15001,100.0,ok,
PTGC.2020.076.15.06.39,PTGC,2020.076.15.06.39,2020-03-16T15:06:39.558391Z,3,"HHE,HHN,HHZ",15001,100.0,ok,
PTGC.2020.076.20.36.25,PTGC,2020.076.20.36.25,2020-03-16T20:36:25.268393Z,3,"HHE,HHN,HHZ",15001,100.0,ok,
PTGC.2020.077.15.13.19,PTGC,2020.077.15.13.19,2020-03-17T15:13:18.998391Z,3,"HHE,HHN,HHZ",15001,100.0,ok,
PTGC.2020.077.16.30.22,PTGC,2020.077.16.30.22,2020-03-17T16:30:22.788393Z,3,"HHE,HHN,HHZ",15001,100.0,ok,
PTGC.2020.077.17.06.29,PTGC,2020.077.17.06.29,2020-03-17T17:06:29.438393Z,3,"HHE,HHN,HHZ",15001,100.0,ok,
PTGC.2020.078.19.22.24,PTGC,2020.078.19.22.24,2020-03-18T19:22:24.938393Z,3,"HHE,HHN,HHZ",15001,100.0,ok,
PTGC.2020.079.20.29.43,PTGC,2020.079.20.29.43,2020-03-19T20:29:43.668394Z,3,"HHE,HHN,HHZ",15001,100.0,ok,
PTGC.2020.080.18.30.21,PTGC,2020.080.18.30.21,2020-03-20T18:30:21.158393Z,3,"HHE,HHN,HHZ",15001,100.0,ok,
PTGC.2020.081.14.51.05,PTGC,2020.081.14.51.05,2020-03-21T14:51:05.978391Z,3,"HHE,HHN,HHZ",15001,100.0,ok,
PTGC.2020.082.20.13.05,PTGC,2020.082.20.13.05,2020-03-22T20:13:05.588391Z,3,"HHE,HHN,HHZ",15001,100.0,ok,
PTGC.2020.083.11.14.56,PTGC,2020.083.11.14.56,2020-03-23T11:14:56.198393Z,3,"HHE,HHN,HHZ",277,100.0,discarded,too_short
PTGC.2020.083.14.02.40,PTGC,2020.083.14.02.40,2020-03-23T14:02:40.268393Z,3,"HHE,HHN,HHZ",15000,100.0,discarded,too_short
PTGC.2020.083.19.15.28,PTGC,2020.083.19.15.28,2020-03-23T19:15:28.338393Z,3,"HHE,HHN,HHZ",15001,100.0,ok,
PTGC.2020.083.21.32.32,PTGC,2020.083.21.32.32,2020-03-23T21:32:32.048393Z,3,"HHE,HHN,HHZ",15001,100.0,ok,
PTGC.2020.084.12.01.00,PTGC,2020.084.12.01.00,2020-03-24T12:01:00.958393Z,3,"HHE,HHN,HHZ",15001,100.0,ok,
PTGC.2020.084.13.06.00,PTGC,2020.084.13.06.00,2020-03-24T13:06:00.028393Z,3,"HHE,HHN,HHZ",15001,100.0,ok,
PTGC.2020.084.13.07.40,PTGC,2020.084.13.07.40,2020-03-24T13:07:40.238393Z,3,"HHE,HHN,HHZ",15001,100.0,ok,
PTGC.2020.084.17.45.47,PTGC,2020.084.17.45.47,2020-03-24T17:45:47.708391Z,3,"HHE,HHN,HHZ",15001,100.0,ok,
PTGC.2020.086.12.04.45,PTGC,2020.086.12.04.45,2020-03-26T12:04:45.178722Z,3,"HHE,HHN,HHZ",15001,100.0,ok,
PTGC.2020.088.18.47.24,PTGC,2020.088.18.47.24,2020-03-28T18:47:24.408393Z,3,"HHE,HHN,HHZ",15001,100.0,ok,
PTGC.2020.089.13.49.11,PTGC,2020.089.13.49.11,2020-03-29T13:49:11.228393Z,3,"HHE,HHN,HHZ",15001,100.0,ok,
PTGC.2020.089.18.11.20,PTGC,2020.089.18.11.20,2020-03-29T18:11:20.918393Z,3,"HHE,HHN,HHZ",15001,100.0,ok,
PTGC.2020.089.18.19.15,PTGC,2020.089.18.19.15,2020-03-29T18:19:15.418393Z,3,"HHE,HHN,HHZ",15001,100.0,ok,
PTGC.2020.089.18.43.41,PTGC,2020.089.18.43.41,2020-03-29T18:43:41.428393Z,3,"HHE,HHN,HHZ",15001,100.0,ok,
PTGC.2020.090.13.44.09,PTGC,2020.090.13.44.09,2020-03-30T13:44:09.198578Z,3,"HHE,HHN,HHZ",15001,100.0,ok,
PTGC.2020.092.16.13.06,PTGC,2020.092.16.13.06,2020-04-01T16:13:06.598393Z,3,"HHE,HHN,HHZ",15001,100.0,ok,
PTGC.2020.092.16.19.53,PTGC,2020.092.16.19.53,2020-04-01T16:19:53.938391Z,3,"HHE,HHN,HHZ",15001,100.0,ok,
PTGC.2020.093.11.39.46,PTGC,2020.093.11.39.46,2020-04-02T11:39:46.838393Z,3,"HHE,HHN,HHZ",15001,100.0,ok,
PTGC.2020.093.20.32.54,PTGC,2020.093.20.32.54,2020-04-02T20:32:54.488391Z,3,"HHE,HHN,HHZ",15001,100.0,ok,
PTGC.2020.093.20.43.03,PTGC,2020.093.20.43.03,2020-04-02T20:43:03.108393Z,3,"HHE,HHN,HHZ",15001,100.0,ok,
PTGC.2020.096.15.40.06,PTGC,2020.096.15.40.06,2020-04-05T15:40:06.388393Z,3,"HHE,HHN,HHZ",15001,100.0,ok,
PTGC.2020.096.19.32.07,PTGC,2020.096.19.32.07,2020-04-05T19:32:07.138391Z,3,"HHE,HHN,HHZ",15001,100.0,ok,
PTGC.2020.097.12.44.42,PTGC,2020.097.12.44.42,2020-04-06T12:44:42.528396Z,3,"HHE,HHN,HHZ",15001,100.0,ok,
PTGC.2020.097.16.47.59,PTGC,2020.097.16.47.59,2020-04-06T16:47:59.108393Z,3,"HHE,HHN,HHZ",15001,100.0,ok,
PTGC.2020.097.19.49.22,PTGC,2020.097.19.49.22,2020-04-06T19:49:22.378393Z,3,"HHE,HHN,HHZ",15001,100.0,ok,
PTGC.2020.098.11.51.51,PTGC,2020.098.11.51.51,2020-04-07T11:51:51.528716Z,3,"HHE,HHN,HHZ",15001,100.0,ok,
PTGC.2020.098.12.34.04,PTGC,2020.098.12.34.04,2020-04-07T12:34:04.688393Z,3,"HHE,HHN,HHZ",15001,100.0,ok,
PTGC.2020.099.11.54.56,PTGC,2020.099.11.54.56,2020-04-08T11:54:56.828393Z,3,"HHE,HHN,HHZ",15001,100.0,ok,
PTGC.2020.099.13.03.57,PTGC,2020.099.13.03.57,2020-04-08T13:03:57.928393Z,3,"HHE,HHN,HHZ",15001,100.0,ok,
PTGC.2020.100.20.51.50,PTGC,2020.100.20.51.50,2020-04-09T20:51:50.568393Z,3,"HHE,HHN,HHZ",15001,100.0,ok,
PTGC.2020.101.11.43.15,PTGC,2020.101.11.43.15,2020-04-10T11:43:15.308393Z,3,"HHE,HHN,HHZ",15001,100.0,ok,
PTGC.2020.102.11.24.58,PTGC,2020.102.11.24.58,2020-04-11T11:24:58.758393Z,3,"HHE,HHN,HHZ",11721,100.0,discarded,too_short
PTGC.2020.103.13.27.46,PTGC,2020.103.13.27.46,2020-04-12T13:27:46.258393Z,3,"HHE,HHN,HHZ",15001,100.0,ok,
PTGC.2020.103.20.04.42,PTGC,2020.103.20.04.42,2020-04-12T20:04:42.028393Z,3,"HHE,HHN,HHZ",15001,100.0,ok,
PTGC.2020.103.21.51.57,PTGC,2020.103.21.51.57,2020-04-12T21:51:57.898391Z,3,"HHE,HHN,HHZ",15001,100.0,ok,
PTGC.2020.104.11.10.59,PTGC,2020.104.11.10.59,2020-04-13T11:10:59.358393Z,3,"HHE,HHN,HHZ",8361,100.0,discarded,too_short
PTGC.2020.104.11.14.16,PTGC,2020.104.11.14.16,2020-04-13T11:14:54.968393Z,3,"HHE,HHN,HHZ",11164,100.0,discarded,too_short
PTGC.2020.104.12.22.21,PTGC,2020.104.12.22.21,2020-04-13T12:22:21.708393Z,3,"HHE,HHN,HHZ",15001,100.0,ok,
PTGC.2020.105.11.22.40,PTGC,2020.105.11.22.40,2020-04-14T11:24:39.968393Z,3,"HHE,HHN,HHZ",3052,100.0,discarded,too_short
PTGC.2020.105.14.41.07,PTGC,2020.105.14.41.07,2020-04-14T14:41:07.408393Z,3,"HHE,HHN,HHZ",15001,100.0,ok,
PTGC.2020.107.13.11.46,PTGC,2020.107.13.11.46,2020-04-16T13:11:46.788393Z,3,"HHE,HHN,HHZ",15001,100.0,ok,
PTGC.2020.107.13.52.42,PTGC,2020.107.13.52.42,2020-04-16T13:52:42.868393Z,3,"HHE,HHN,HHZ",15001,100.0,ok,
PTGC.2020.107.14.39.16,PTGC,2020.107.14.39.16,2020-04-16T14:39:16.398391Z,3,"HHE,HHN,HHZ",15001,100.0,ok,
PTGC.2020.107.15.35.50,PTGC,2020.107.15.35.50,2020-04-16T15:35:50.798393Z,3,"HHE,HHN,HHZ",15001,100.0,ok,
PTGC.2020.107.19.46.23,PTGC,2020.107.19.46.23,2020-04-16T19:46:23.988393Z,3,"HHE,HHN,HHZ",15001,100.0,ok,
PTGC.2020.107.21.28.24,PTGC,2020.107.21.28.24,2020-04-16T21:28:24.678393Z,3,"HHE,HHN,HHZ",15001,100.0,ok,
PTGC.2020.108.15.54.52,PTGC,2020.108.15.54.52,2020-04-17T15:54:52.428393Z,3,"HHE,HHN,HHZ",15001,100.0,ok,
PTGC.2020.108.16.06.38,PTGC,2020.108.16.06.38,2020-04-17T16:06:38.788393Z,3,"HHE,HHN,HHZ",15001,100.0,ok,
PTGC.2020.110.11.44.54,PTGC,2020.110.11.44.54,2020-04-19T11:45:43.968393Z,3,"HHE,HHN,HHZ",10047,100.0,discarded,too_short
PTGC.2020.110.11.57.36,PTGC,2020.110.11.57.36,2020-04-19T11:59:28.968393Z,3,"HHE,HHN,HHZ",3733,100.0,discarded,too_short
PTGC.2020.110.19.07.21,PTGC,2020.110.19.07.21,2020-04-19T19:07:21.648393Z,3,"HHE,HHN,HHZ",15001,100.0,ok,
PTGC.2020.110.19.31.26,PTGC,2020.110.19.31.26,2020-04-19T19:31:26.178393Z,3,"HHE,HHN,HHZ",15001,100.0,ok,
PTGC.2020.111.20.13.54,PTGC,2020.111.20.13.54,2020-04-20T20:13:54.128393Z,3,"HHE,HHN,HHZ",15001,100.0,ok,
PTGC.2020.111.22.30.51,PTGC,2020.111.22.30.51,2020-04-20T22:33:03.968393Z,3,"HHE,HHN,HHZ",1772,100.0,discarded,too_short
PTGC.2020.112.15.48.39,PTGC,2020.112.15.48.39,2020-04-21T15:48:39.378393Z,3,"HHE,HHN,HHZ",15001,100.0,ok,
PTGC.2020.112.15.54.27,PTGC,2020.112.15.54.27,2020-04-21T15:54:27.788393Z,3,"HHE,HHN,HHZ",15001,100.0,ok,
PTGC.2020.112.19.39.49,PTGC,2020.112.19.39.49,2020-04-21T19:39:49.738391Z,3,"HHE,HHN,HHZ",15001,100.0,ok,
PTGC.2020.112.20.15.32,PTGC,2020.112.20.15.32,2020-04-21T20:15:32.668393Z,3,"HHE,HHN,HHZ",15001,100.0,ok,
PTGC.2020.112.20.34.42,PTGC,2020.112.20.34.42,2020-04-21T20:34:42.058393Z,3,"HHE,HHN,HHZ",15001,100.0,ok,
PTGC.2020.115.23.13.34,PTGC,2020.115.23.13.34,2020-04-24T23:14:46.968393Z,3,"HHE,HHN,HHZ",7711,100.0,discarded,too_short
PTGC.2020.116.15.30.45,PTGC,2020.116.15.30.45,2020-04-25T15:30:45.258393Z,3,"HHE,HHN,HHZ",15001,100.0,ok,
PTGC.2020.118.15.42.46,PTGC,2020.118.15.42.46,2020-04-27T15:42:46.228393Z,3,"HHE,HHN,HHZ",15001,100.0,ok,
PTGC.2020.120.15.51.28,PTGC,2020.120.15.51.28,2020-04-29T15:51:28.818393Z,3,"HHE,HHN,HHZ",15001,100.0,ok,
PTGC.2020.122.16.48.25,PTGC,2020.122.16.48.25,2020-05-01T16:48:25.888391Z,3,"HHE,HHN,HHZ",15001,100.0,ok,
PTGC.2020.122.17.48.04,PTGC,2020.122.17.48.04,2020-05-01T17:48:04.308393Z,3,"HHE,HHN,HHZ",15001,100.0,ok,
PTGC.2020.122.18.02.41,PTGC,2020.122.18.02.41,2020-05-01T18:02:41.638393Z,3,"HHE,HHN,HHZ",15001,100.0,ok,
PTGC.2020.122.20.57.27,PTGC,2020.122.20.57.27,2020-05-01T20:57:27.848393Z,3,"HHE,HHN,HHZ",15000,100.0,discarded,too_short
PTGC.2020.123.14.31.17,PTGC,2020.123.14.31.17,2020-05-02T14:31:17.658393Z,3,"HHE,HHN,HHZ",15001,100.0,ok,
PTGC.2020.123.17.46.44,PTGC,2020.123.17.46.44,2020-05-02T17:46:43.998393Z,3,"HHE,HHN,HHZ",15001,100.0,ok,
PTGC.2020.124.15.26.25,PTGC,2020.124.15.26.25,2020-05-03T15:26:25.458393Z,3,"HHE,HHN,HHZ",15001,100.0,ok,
PTGC.2020.125.11.32.04,PTGC,2020.125.11.32.04,2020-05-04T11:32:04.008697Z,3,"HHE,HHN,HHZ",15001,100.0,ok,
PTGC.2020.125.12.24.15,PTGC,2020.125.12.24.15,2020-05-04T12:24:15.028391Z,3,"HHE,HHN,HHZ",15001,100.0,ok,
PTGC.2020.125.13.13.38,PTGC,2020.125.13.13.38,2020-05-04T13:13:38.768393Z,3,"HHE,HHN,HHZ",15001,100.0,ok,
PTGC.2020.125.13.58.09,PTGC,2020.125.13.58.09,2020-05-04T13:58:09.468393Z,3,"HHE,HHN,HHZ",15001,100.0,ok,
PTGC.2020.125.15.52.06,PTGC,2020.125.15.52.06,2020-05-04T15:52:06.508393Z,3,"HHE,HHN,HHZ",15001,100.0,ok,
PTGC.2020.125.18.10.34,PTGC,2020.125.18.10.34,2020-05-04T18:10:34.788393Z,3,"HHE,HHN,HHZ",15001,100.0,ok,
PTGC.2020.127.11.30.40,PTGC,2020.127.11.30.40,2020-05-06T11:30:40.108393Z,3,"HHE,HHN,HHZ",15001,100.0,ok,
PTGC.2020.127.14.28.10,PTGC,2020.127.14.28.10,2020-05-06T14:28:10.698393Z,3,"HHE,HHN,HHZ",15001,100.0,ok,
PTGC.2020.129.19.05.57,PTGC,2020.129.19.05.57,2020-05-08T19:05:57.898393Z,3,"HHE,HHN,HHZ",15001,100.0,ok,
PTGC.2020.130.12.28.24,PTGC,2020.130.12.28.24,2020-05-09T12:28:24.868391Z,3,"HHE,HHN,HHZ",15001,100.0,ok,
PTGC.2020.130.17.03.16,PTGC,2020.130.17.03.16,2020-05-09T17:03:16.268393Z,3,"HHE,HHN,HHZ",15001,100.0,ok,
PTGC.2020.130.19.38.01,PTGC,2020.130.19.38.01,2020-05-09T19:38:01.738393Z,3,"HHE,HHN,HHZ",15001,100.0,ok,
PTGC.2020.131.12.43.01,PTGC,2020.131.12.43.01,2020-05-10T12:43:01.158393Z,3,"HHE,HHN,HHZ",15001,100.0,ok,
PTGC.2020.131.12.51.50,PTGC,2020.131.12.51.50,2020-05-10T12:51:50.928393Z,3,"HHE,HHN,HHZ",15001,100.0,ok,
PTGC.2020.131.21.37.33,PTGC,2020.131.21.37.33,2020-05-10T21:37:33.998393Z,3,"HHE,HHN,HHZ",15001,100.0,ok,
PTGC.2020.133.15.22.49,PTGC,2020.133.15.22.49,2020-05-12T15:22:49.168393Z,3,"HHE,HHN,HHZ",15001,100.0,ok,
PTGC.2020.133.20.51.19,PTGC,2020.133.20.51.19,2020-05-12T20:51:19.858393Z,3,"HHE,HHN,HHZ",15001,100.0,ok,
PTGC.2020.136.13.04.13,PTGC,2020.136.13.04.13,2020-05-15T13:04:13.978393Z,3,"HHE,HHN,HHZ",15001,100.0,ok,
PTGC.2020.137.12.19.06,PTGC,2020.137.12.19.06,2020-05-16T12:19:06.808393Z,3,"HHE,HHN,HHZ",15001,100.0,ok,
PTGC.2020.137.12.52.50,PTGC,2020.137.12.52.50,2020-05-16T12:52:50.338393Z,3,"HHE,HHN,HHZ",15001,100.0,ok,
PTGC.2020.137.14.29.28,PTGC,2020.137.14.29.28,2020-05-16T14:29:28.748393Z,3,"HHE,HHN,HHZ",15001,100.0,ok,
PTGC.2020.140.15.16.12,PTGC,2020.140.15.16.12,2020-05-19T15:16:12.848393Z,3,"HHE,HHN,HHZ",15001,100.0,ok,
PTGC.2020.140.16.03.49,PTGC,2020.140.16.03.49,2020-05-19T16:03:49.128393Z,3,"HHE,HHN,HHZ",15001,100.0,ok,
PTGC.2020.142.15.54.26,PTGC,2020.142.15.54.26,2020-05-21T15:54:26.118393Z,3,"HHE,HHN,HHZ",15001,100.0,ok,
PTGC.2020.142.21.19.26,PTGC,2020.142.21.19.26,2020-05-21T21:19:26.198393Z,3,"HHE,HHN,HHZ",15001,100.0,ok,
PTGC.2020.143.14.11.11,PTGC,2020.143.14.11.11,2020-05-22T14:11:11.478393Z,3,"HHE,HHN,HHZ",15001,100.0,ok,
PTGC.2020.145.16.48.29,PTGC,2020.145.16.48.29,2020-05-24T16:48:29.238393Z,3,"HHE,HHN,HHZ",15001,100.0,ok,
PTGC.2020.146.12.43.15,PTGC,2020.146.12.43.15,2020-05-25T12:43:15.518393Z,3,"HHE,HHN,HHZ",15001,100.0,ok,
PTGC.2020.146.22.06.04,PTGC,2020.146.22.06.04,2020-05-25T22:06:04.948393Z,3,"HHE,HHN,HHZ",15001,100.0,ok,
PTGC.2020.148.14.04.32,PTGC,2020.148.14.04.32,2020-05-27T14:04:32.658393Z,3,"HHE,HHN,HHZ",15001,100.0,ok,
PTGC.2020.148.16.24.06,PTGC,2020.148.16.24.06,2020-05-27T16:24:06.678393Z,3,"HHE,HHN,HHZ",15001,100.0,ok,
PTGC.2020.149.18.03.16,PTGC,2020.149.18.03.16,2020-05-28T18:03:16.098393Z,3,"HHE,HHN,HHZ",15001,100.0,ok,
PTGC.2020.150.17.36.56,PTGC,2020.150.17.36.56,2020-05-29T17:36:56.778393Z,3,"HHE,HHN,HHZ",15001,100.0,ok,
PTGC.2020.152.19.46.46,PTGC,2020.152.19.46.46,2020-05-31T19:46:46.118393Z,3,"HHE,HHN,HHZ",15001,100.0,ok,
PTGC.2020.153.19.45.14,PTGC,2020.153.19.45.14,2020-06-01T19:45:14.168393Z,3,"HHE,HHN,HHZ",15001,100.0,ok,
PTGC.2020.154.13.51.03,PTGC,2020.154.13.51.03,2020-06-02T13:51:03.718393Z,3,"HHE,HHN,HHZ",15001,100.0,ok,
PTGC.2020.154.14.18.05,PTGC,2020.154.14.18.05,2020-06-02T14:18:05.428393Z,3,"HHE,HHN,HHZ",15001,100.0,ok,
PTGC.2020.158.12.00.33,PTGC,2020.158.12.00.33,2020-06-06T12:00:33.018422Z,3,"HHE,HHN,HHZ",15001,100.0,ok,
PTGC.2020.158.19.38.31,PTGC,2020.158.19.38.31,2020-06-06T19:38:31.788391Z,3,"HHE,HHN,HHZ",15001,100.0,ok,
PTGC.2020.160.15.09.40,PTGC,2020.160.15.09.40,2020-06-08T15:09:40.918393Z,3,"HHE,HHN,HHZ",15001,100.0,ok,
PTGC.2020.161.17.22.48,PTGC,2020.161.17.22.48,2020-06-09T17:22:48.488393Z,3,"HHE,HHN,HHZ",15001,100.0,ok,
PTGC.2020.161.18.56.00,PTGC,2020.161.18.56.00,2020-06-09T18:56:00.958393Z,3,"HHE,HHN,HHZ",15001,100.0,ok,
PTGC.2020.162.17.46.39,PTGC,2020.162.17.46.39,2020-06-10T17:46:39.358393Z,3,"HHE,HHN,HHZ",15001,100.0,ok,
PTGC.2020.164.11.57.26,PTGC,2020.164.11.57.26,2020-06-12T11:57:26.768727Z,3,"HHE,HHN,HHZ",15001,100.0,ok,
PTGC.2020.165.17.58.43,PTGC,2020.165.17.58.43,2020-06-13T17:58:43.038393Z,3,"HHE,HHN,HHZ",15001,100.0,ok,
PTGC.2020.167.17.54.55,PTGC,2020.167.17.54.55,2020-06-15T17:54:55.788393Z,3,"HHE,HHN,HHZ",15001,100.0,ok,
PTGC.2020.169.11.10.04,PTGC,2020.169.11.10.04,2020-06-17T11:10:05.968393Z,3,"HHE,HHN,HHZ",14847,100.0,discarded,too_short
PTGC.2020.171.11.47.26,PTGC,2020.171.11.47.26,2020-06-19T11:47:26.328393Z,3,"HHE,HHN,HHZ",15001,100.0,ok,
PTGC.2020.171.19.54.47,PTGC,2020.171.19.54.47,2020-06-19T19:54:47.818391Z,3,"HHE,HHN,HHZ",15001,100.0,ok,
PTGC.2020.173.11.03.19,PTGC,2020.173.11.03.19,2020-06-21T11:03:19.348393Z,3,"HHE,HHN,HHZ",15001,100.0,ok,
PTGC.2020.173.12.23.19,PTGC,2020.173.12.23.19,2020-06-21T12:23:19.678393Z,3,"HHE,HHN,HHZ",15001,100.0,ok,
PTGC.2020.173.13.05.35,PTGC,2020.173.13.05.35,2020-06-21T13:05:35.988393Z,3,"HHE,HHN,HHZ",15001,100.0,ok,
PTGC.2020.173.13.49.02,PTGC,2020.173.13.49.02,2020-06-21T13:49:02.598393Z,3,"HHE,HHN,HHZ",15001,100.0,ok,
PTGC.2020.174.17.02.20,PTGC,2020.174.17.02.20,2020-06-22T17:02:20.478393Z,3,"HHE,HHN,HHZ",15001,100.0,ok,
PTGC.2020.174.17.56.19,PTGC,2020.174.17.56.19,2020-06-22T17:56:19.468393Z,3,"HHE,HHN,HHZ",15001,100.0,ok,
PTGC.2020.175.22.05.04,PTGC,2020.175.22.05.04,2020-06-23T22:05:04.808393Z,3,"HHE,HHN,HHZ",15001,100.0,ok,
PTGC.2020.176.16.41.01,PTGC,2020.176.16.41.01,2020-06-24T16:41:01.418391Z,3,"HHE,HHN,HHZ",15001,100.0,ok,
PTGC.2020.176.20.34.45,PTGC,2020.176.20.34.45,2020-06-24T20:34:45.468393Z,3,"HHE,HHN,HHZ",15001,100.0,ok,
PTGC.2020.179.16.56.40,PTGC,2020.179.16.56.40,2020-06-27T16:56:40.088393Z,3,"HHE,HHN,HHZ",15001,100.0,ok,
PTGC.2020.180.17.47.14,PTGC,2020.180.17.47.14,2020-06-28T17:48:22.968393Z,3,"HHE,HHN,HHZ",8194,100.0,discarded,too_short
PTGC.2020.181.18.14.32,PTGC,2020.181.18.14.32,2020-06-29T18:14:32.738393Z,3,"HHE,HHN,HHZ",15001,100.0,ok,
PTGC.2020.181.19.21.45,PTGC,2020.181.19.21.45,2020-06-29T19:21:45.908393Z,3,"HHE,HHN,HHZ",15001,100.0,ok,
PTGC.2020.182.18.16.35,PTGC,2020.182.18.16.35,2020-06-30T18:16:35.248393Z,3,"HHE,HHN,HHZ",15001,100.0,ok,
PTGC.2020.182.18.26.33,PTGC,2020.182.18.26.33,2020-06-30T18:26:33.168393Z,3,"HHE,HHN,HHZ",15001,100.0,ok,
PTGC.2020.182.21.47.41,PTGC,2020.182.21.47.41,2020-06-30T21:47:41.658393Z,3,"HHE,HHN,HHZ",15001,100.0,ok,
PTGC.2020.183.17.37.14,PTGC,2020.183.17.37.14,2020-07-01T17:37:14.878393Z,3,"HHE,HHN,HHZ",15001,100.0,ok,
PTGC.2020.184.15.27.21,PTGC,2020.184.15.27.21,2020-07-02T15:27:21.468393Z,3,"HHE,HHN,HHZ",15001,100.0,ok,
PTGC.2020.185.14.28.58,PTGC,2020.185.14.28.58,2020-07-03T14:28:58.068393Z,3,"HHE,HHN,HHZ",15001,100.0,ok,
PTGC.2020.185.15.27.18,PTGC,2020.185.15.27.18,2020-07-03T15:27:18.708393Z,3,"HHE,HHN,HHZ",15001,100.0,ok,
PTGC.2020.185.17.47.03,PTGC,2020.185.17.47.03,2020-07-03T17:47:03.518393Z,3,"HHE,HHN,HHZ",15001,100.0,ok,
PTGC.2020.186.14.09.07,PTGC,2020.186.14.09.07,2020-07-04T14:09:07.938391Z,3,"HHE,HHN,HHZ",15001,100.0,ok,
PTGC.2020.186.14.14.18,PTGC,2020.186.14.14.18,2020-07-04T14:14:18.748393Z,3,"HHE,HHN,HHZ",15001,100.0,ok,
PTGC.2020.186.16.12.06,PTGC,2020.186.16.12.06,2020-07-04T16:12:06.808393Z,3,"HHE,HHN,HHZ",15001,100.0,ok,
PTGC.2020.186.20.50.06,PTGC,2020.186.20.50.06,2020-07-04T20:50:06.548393Z,3,"HHE,HHN,HHZ",15001,100.0,ok,
PTGC.2020.188.14.52.58,PTGC,2020.188.14.52.58,2020-07-06T14:52:58.428393Z,3,"HHE,HHN,HHZ",15001,100.0,ok,
PTGC.2020.190.12.55.20,PTGC,2020.190.12.55.20,2020-07-08T12:55:20.918393Z,3,"HHE,HHN,HHZ",15001,100.0,ok,
PTGC.2020.193.13.10.55,PTGC,2020.193.13.10.55,2020-07-11T13:10:55.298393Z,3,"HHE,HHN,HHZ",15001,100.0,ok,
PTGC.2020.193.13.48.32,PTGC,2020.193.13.48.32,2020-07-11T13:48:32.948393Z,3,"HHE,HHN,HHZ",15001,100.0,ok,
PTGC.2020.193.22.26.33,PTGC,2020.193.22.26.33,2020-07-11T22:26:33.178393Z,3,"HHE,HHN,HHZ",15001,100.0,ok,
PTGC.2020.195.20.36.46,PTGC,2020.195.20.36.46,2020-07-13T20:36:46.688393Z,3,"HHE,HHN,HHZ",15001,100.0,ok,
PTGC.2020.196.15.12.37,PTGC,2020.196.15.12.37,2020-07-14T15:12:37.598393Z,3,"HHE,HHN,HHZ",15001,100.0,ok,
PTGC.2020.197.14.21.00,PTGC,2020.197.14.21.00,2020-07-15T14:21:00.038393Z,3,"HHE,HHN,HHZ",15001,100.0,ok,
PTGC.2020.197.20.37.15,PTGC,2020.197.20.37.15,2020-07-15T20:37:15.638393Z,3,"HHE,HHN,HHZ",15001,100.0,ok,
PTGC.2020.198.13.49.18,PTGC,2020.198.13.49.18,2020-07-16T13:49:18.918393Z,3,"HHE,HHN,HHZ",15001,100.0,ok,
PTGC.2020.198.18.16.21,PTGC,2020.198.18.16.21,2020-07-16T18:16:21.308393Z,3,"HHE,HHN,HHZ",15001,100.0,ok,
PTGC.2020.199.12.47.49,PTGC,2020.199.12.47.49,2020-07-17T12:47:49.708393Z,3,"HHE,HHN,HHZ",15001,100.0,ok,
PTGC.2020.199.22.13.21,PTGC,2020.199.22.13.21,2020-07-17T22:13:21.068393Z,3,"HHE,HHN,HHZ",15001,100.0,ok,
PTGC.2020.200.20.46.22,PTGC,2020.200.20.46.22,2020-07-18T20:46:22.828393Z,3,"HHE,HHN,HHZ",15001,100.0,ok,
PTGC.2020.201.20.51.48,PTGC,2020.201.20.51.48,2020-07-19T20:51:48.928393Z,3,"HHE,HHN,HHZ",15001,100.0,ok,
PTGC.2020.206.12.55.53,PTGC,2020.206.12.55.53,2020-07-24T12:55:53.698393Z,3,"HHE,HHN,HHZ",15001,100.0,ok,
PTGC.2020.206.18.54.30,PTGC,2020.206.18.54.30,2020-07-24T18:54:30.598393Z,3,"HHE,HHN,HHZ",15001,100.0,ok,
PTGC.2020.207.12.50.10,PTGC,2020.207.12.50.10,2020-07-25T12:50:10.738393Z,3,"HHE,HHN,HHZ",15001,100.0,ok,
PTGC.2020.207.13.38.54,PTGC,2020.207.13.38.54,2020-07-25T13:38:54.508393Z,3,"HHE,HHN,HHZ",15001,100.0,ok,
PTGC.2020.208.21.23.39,PTGC,2020.208.21.23.39,2020-07-26T21:23:39.988393Z,3,"HHE,HHN,HHZ",15001,100.0,ok,
PTGC.2020.211.11.37.34,PTGC,2020.211.11.37.34,2020-07-29T11:37:54.968393Z,3,"HHE,HHN,HHZ",12966,100.0,discarded,too_short
PTGC.2020.211.17.39.17,PTGC,2020.211.17.39.17,2020-07-29T17:39:17.568393Z,3,"HHE,HHN,HHZ",15001,100.0,ok,
PTGC.2020.214.12.46.59,PTGC,2020.214.12.46.59,2020-08-01T12:46:59.888393Z,3,"HHE,HHN,HHZ",15001,100.0,ok,
PTGC.2020.214.21.31.47,PTGC,2020.214.21.31.47,2020-08-01T21:31:47.088393Z,3,"HHE,HHN,HHZ",15001,100.0,ok,
PTGC.2020.215.16.57.35,PTGC,2020.215.16.57.35,2020-08-02T16:57:35.248393Z,3,"HHE,HHN,HHZ",15001,100.0,ok,
PTGC.2020.215.19.37.40,PTGC,2020.215.19.37.40,2020-08-02T19:37:40.368393Z,3,"HHE,HHN,HHZ",15001,100.0,ok,
PTGC.2020.216.18.33.40,PTGC,2020.216.18.33.40,2020-08-03T18:33:40.748393Z,3,"HHE,HHN,HHZ",15001,100.0,ok,
PTGC.2020.288.02.40.29,PTGC,2020.288.02.40.29,2020-10-14T02:40:29.368393Z,3,"HHE,HHN,HHZ",15001,100.0,ok,
PTGC.2020.289.06.20.46,PTGC,2020.289.06.20.46,2020-10-15T06:20:46.378393Z,3,"HHE,HHN,HHZ",15001,100.0,ok,
PTGC.2020.290.05.39.15,PTGC,2020.290.05.39.15,2020-10-16T05:39:15.988393Z,3,"HHE,HHN,HHZ",15001,100.0,ok,
PTGC.2020.290.10.33.22,PTGC,2020.290.10.33.22,2020-10-16T10:33:22.258393Z,3,"HHE,HHN,HHZ",15001,100.0,ok,
PTGC.2020.290.17.34.41,PTGC,2020.290.17.34.41,2020-10-16T17:34:41.098393Z,3,"HHE,HHN,HHZ",15001,100.0,ok,
PTGC.2020.290.21.51.57,PTGC,2020.290.21.51.57,2020-10-16T21:51:57.448393Z,3,"HHE,HHN,HHZ",15001,100.0,ok,
PTGC.2020.291.02.22.42,PTGC,2020.291.02.22.42,2020-10-17T02:22:42.878393Z,3,"HHE,HHN,HHZ",15001,100.0,ok,
PTGC.2020.291.02.28.03,PTGC,2020.291.02.28.03,2020-10-17T02:28:03.968393Z,3,"HHE,HHN,HHZ",15001,100.0,ok,
PTGC.2020.291.14.39.04,PTGC,2020.291.14.39.04,2020-10-17T14:39:04.188393Z,3,"HHE,HHN,HHZ",15001,100.0,ok,
PTGC.2020.291.17.34.38,PTGC,2020.291.17.34.38,2020-10-17T17:34:38.548393Z,3,"HHE,HHN,HHZ",15001,100.0,ok,
PTGC.2020.291.20.44.27,PTGC,2020.291.20.44.27,2020-10-17T20:44:27.788393Z,3,"HHE,HHN,HHZ",15001,100.0,ok,
PTGC.2020.292.23.54.18,PTGC,2020.292.23.54.18,2020-10-18T23:54:18.908393Z,3,"HHE,HHN,HHZ",15001,100.0,ok,
PTGC.2020.293.00.10.26,PTGC,2020.293.00.10.26,2020-10-19T00:10:26.258393Z,3,"HHE,HHN,HHZ",15001,100.0,ok,
PTGC.2020.293.01.30.47,PTGC,2020.293.01.30.47,2020-10-19T01:30:47.478393Z,3,"HHE,HHN,HHZ",15001,100.0,ok,
PTGC.2020.293.03.31.49,PTGC,2020.293.03.31.49,2020-10-19T03:31:49.318393Z,3,"HHE,HHN,HHZ",15001,100.0,ok,
PTGC.2020.293.12.02.05,PTGC,2020.293.12.02.05,2020-10-19T12:02:05.398393Z,3,"HHE,HHN,HHZ",15001,100.0,ok,
PTGC.2020.293.12.09.03,PTGC,2020.293.12.09.03,2020-10-19T12:09:03.828391Z,3,"HHE,HHN,HHZ",15001,100.0,ok,
PTGC.2020.294.22.36.48,PTGC,2020.294.22.36.48,2020-10-20T22:36:48.588393Z,3,"HHE,HHN,HHZ",15001,100.0,ok,
PTGC.2020.295.02.09.09,PTGC,2020.295.02.09.09,2020-10-21T02:09:09.108393Z,3,"HHE,HHN,HHZ",15001,100.0,ok,
PTGC.2020.295.19.37.18,PTGC,2020.295.19.37.18,2020-10-21T19:37:18.838391Z,3,"HHE,HHN,HHZ",15001,100.0,ok,
PTGC.2020.296.01.19.17,PTGC,2020.296.01.19.17,2020-10-22T01:19:17.508393Z,3,"HHE,HHN,HHZ",15001,100.0,ok,
PTGC.2020.297.03.09.48,PTGC,2020.297.03.09.48,2020-10-23T03:09:48.298393Z,3,"HHE,HHN,HHZ",15001,100.0,ok,
PTGC.2020.297.12.00.04,PTGC,2020.297.12.00.04,2020-10-23T12:00:04.648391Z,3,"HHE,HHN,HHZ",15001,100.0,ok,
PTGC.2020.297.15.36.25,PTGC,2020.297.15.36.25,2020-10-23T15:36:25.258393Z,3,"HHE,HHN,HHZ",15001,100.0,ok,
PTGC.2020.297.16.18.53,PTGC,2020.297.16.18.53,2020-10-23T16:18:53.318393Z,3,"HHE,HHN,HHZ",15001,100.0,ok,
PTGC.2020.297.23.14.51,PTGC,2020.297.23.14.51,2020-10-23T23:14:51.078393Z,3,"HHE,HHN,HHZ",15001,100.0,ok,
PTGC.2020.298.02.10.14,PTGC,2020.298.02.10.14,2020-10-24T02:10:14.598393Z,3,"HHE,HHN,HHZ",15001,100.0,ok,
PTGC.2020.298.18.19.55,PTGC,2020.298.18.19.55,2020-10-24T18:19:55.048391Z,3,"HHE,HHN,HHZ",15001,100.0,ok,
PTGC.2020.299.01.26.30,PTGC,2020.299.01.26.30,2020-10-25T01:26:30.378393Z,3,"HHE,HHN,HHZ",15001,100.0,ok,
PTGC.2020.299.09.20.53,PTGC,2020.299.09.20.53,2020-10-25T09:20:53.358391Z,3,"HHE,HHN,HHZ",15001,100.0,ok,
PTGC.2020.299.12.09.07,PTGC,2020.299.12.09.07,2020-10-25T12:09:07.738393Z,3,"HHE,HHN,HHZ",15001,100.0,ok,
PTGC.2020.299.12.36.03,PTGC,2020.299.12.36.03,2020-10-25T12:36:03.678393Z,3,"HHE,HHN,HHZ",15001,100.0,ok,
PTGC.2020.299.18.37.41,PTGC,2020.299.18.37.41,2020-10-25T18:37:41.018393Z,3,"HHE,HHN,HHZ",15001,100.0,ok,
PTGC.2020.299.19.34.45,PTGC,2020.299.19.34.45,2020-10-25T19:34:45.378393Z,3,"HHE,HHN,HHZ",15001,100.0,ok,
PTGC.2020.299.21.41.43,PTGC,2020.299.21.41.43,2020-10-25T21:41:43.858393Z,3,"HHE,HHN,HHZ",15001,100.0,ok,
PTGC.2020.300.01.38.38,PTGC,2020.300.01.38.38,2020-10-26T01:38:38.978393Z,3,"HHE,HHN,HHZ",15001,100.0,ok,
PTGC.2020.300.17.16.57,PTGC,2020.300.17.16.57,2020-10-26T17:16:57.658393Z,3,"HHE,HHN,HHZ",15001,100.0,ok,
PTGC.2020.300.23.41.53,PTGC,2020.300.23.41.53,2020-10-26T23:41:53.908393Z,3,"HHE,HHN,HHZ",15001,100.0,ok,
PTGC.2020.301.09.58.05,PTGC,2020.301.09.58.05,2020-10-27T09:58:05.028393Z,3,"HHE,HHN,HHZ",15001,100.0,ok,
PTGC.2020.301.13.32.42,PTGC,2020.301.13.32.42,2020-10-27T13:32:42.628393Z,3,"HHE,HHN,HHZ",15001,100.0,ok,
PTGC.2020.301.16.41.49,PTGC,2020.301.16.41.49,2020-10-27T16:41:49.988391Z,3,"HHE,HHN,HHZ",15001,100.0,ok,
PTGC.2020.302.02.06.00,PTGC,2020.302.02.06.00,2020-10-28T02:06:00.418393Z,3,"HHE,HHN,HHZ",15001,100.0,ok,
PTGC.2020.302.04.08.42,PTGC,2020.302.04.08.42,2020-10-28T04:08:42.278393Z,3,"HHE,HHN,HHZ",15001,100.0,ok,
PTGC.2020.302.05.08.48,PTGC,2020.302.05.08.48,2020-10-28T05:08:48.028393Z,3,"HHE,HHN,HHZ",15001,100.0,ok,
PTGC.2020.302.06.56.04,PTGC,2020.302.06.56.04,2020-10-28T06:56:04.338393Z,3,"HHE,HHN,HHZ",15001,100.0,ok,
PTGC.2020.302.09.41.58,PTGC,2020.302.09.41.58,2020-10-28T09:41:58.598393Z,3,"HHE,HHN,HHZ",15001,100.0,ok,
PTGC.2020.302.11.05.56,PTGC,2020.302.11.05.56,2020-10-28T11:05:56.658393Z,3,"HHE,HHN,HHZ",15001,100.0,ok,
PTGC.2020.302.23.19.20,PTGC,2020.302.23.19.20,2020-10-28T23:19:20.678393Z,3,"HHE,HHN,HHZ",15001,100.0,ok,
PTGC.2020.304.04.51.12,PTGC,2020.304.04.51.12,2020-10-30T04:51:12.098393Z,3,"HHE,HHN,HHZ",15001,100.0,ok,
PTGC.2020.304.15.26.15,PTGC,2020.304.15.26.15,2020-10-30T15:26:15.748393Z,3,"HHE,HHN,HHZ",15001,100.0,ok,
PTGC.2020.304.23.29.31,PTGC,2020.304.23.29.31,2020-10-30T23:29:31.668393Z,3,"HHE,HHN,HHZ",15001,100.0,ok,
PTGC.2020.305.02.44.32,PTGC,2020.305.02.44.32,2020-10-31T02:44:32.718393Z,3,"HHE,HHN,HHZ",15001,100.0,ok,
PTGC.2020.305.05.19.24,PTGC,2020.305.05.19.24,2020-10-31T05:19:24.038393Z,3,"HHE,HHN,HHZ",15001,100.0,ok,
PTGC.2020.305.10.09.38,PTGC,2020.305.10.09.38,2020-10-31T10:09:38.578393Z,3,"HHE,HHN,HHZ",15001,100.0,ok,
PTGC.2020.306.00.14.17,PTGC,2020.306.00.14.17,2020-11-01T00:14:17.088393Z,3,"HHE,HHN,HHZ",15001,100.0,ok,
PTGC.2020.306.05.07.01,PTGC,2020.306.05.07.01,2020-11-01T05:07:01.788393Z,3,"HHE,HHN,HHZ",15001,100.0,ok,
PTGC.2020.306.07.35.25,PTGC,2020.306.07.35.25,2020-11-01T07:35:25.268393Z,3,"HHE,HHN,HHZ",15001,100.0,ok,
PTGC.2020.306.09.11.17,PTGC,2020.306.09.11.17,2020-11-01T09:11:17.428393Z,3,"HHE,HHN,HHZ",15001,100.0,ok,
PTGC.2020.306.09.24.47,PTGC,2020.306.09.24.47,2020-11-01T09:24:47.388393Z,3,"HHE,HHN,HHZ",15001,100.0,ok,
PTGC.2020.306.11.31.26,PTGC,2020.306.11.31.26,2020-11-01T11:31:26.588393Z,3,"HHE,HHN,HHZ",15001,100.0,ok,
PTGC.2020.306.12.44.17,PTGC,2020.306.12.44.17,2020-11-01T12:44:17.758393Z,3,"HHE,HHN,HHZ",15001,100.0,ok,
PTGC.2020.307.05.27.22,PTGC,2020.307.05.27.22,2020-11-02T05:27:22.478393Z,3,"HHE,HHN,HHZ",15001,100.0,ok,
PTGC.2020.307.20.54.45,PTGC,2020.307.20.54.45,2020-11-02T20:54:45.848393Z,3,"HHE,HHN,HHZ",15001,100.0,ok,
PTGC.2020.308.03.23.28,PTGC,2020.308.03.23.28,2020-11-03T03:23:28.888393Z,3,"HHE,HHN,HHZ",15001,100.0,ok,
PTGC.2020.308.06.51.07,PTGC,2020.308.06.51.07,2020-11-03T06:51:07.118394Z,3,"HHE,HHN,HHZ",15001,100.0,ok,
PTGC.2020.308.09.03.28,PTGC,2020.308.09.03.28,2020-11-03T09:03:28.408393Z,3,"HHE,HHN,HHZ",15001,100.0,ok,
PTGC.2020.308.10.18.21,PTGC,2020.308.10.18.21,2020-11-03T10:18:21.378393Z,3,"HHE,HHN,HHZ",15001,100.0,ok,
PTGC.2020.308.14.44.14,PTGC,2020.308.14.44.14,2020-11-03T14:44:14.718393Z,3,"HHE,HHN,HHZ",15001,100.0,ok,
PTGC.2020.308.14.51.19,PTGC,2020.308.14.51.19,2020-11-03T14:51:19.118393Z,3,"HHE,HHN,HHZ",15001,100.0,ok,
PTGC.2020.310.04.27.42,PTGC,2020.310.04.27.42,2020-11-05T04:27:42.048393Z,3,"HHE,HHN,HHZ",15001,100.0,ok,
PTGC.2020.310.12.17.18,PTGC,2020.310.12.17.18,2020-11-05T12:17:18.778393Z,3,"HHE,HHN,HHZ",15001,100.0,ok,
PTGC.2020.311.10.43.38,PTGC,2020.311.10.43.38,2020-11-06T10:43:38.038393Z,3,"HHE,HHN,HHZ",15001,100.0,ok,
PTGC.2020.311.11.50.54,PTGC,2020.311.11.50.54,2020-11-06T11:50:54.158393Z,3,"HHE,HHN,HHZ",15001,100.0,ok,
PTGC.2020.312.00.08.29,PTGC,2020.312.00.08.29,2020-11-07T00:08:29.728393Z,3,"HHE,HHN,HHZ",15001,100.0,ok,
PTGC.2020.312.23.03.58,PTGC,2020.312.23.03.58,2020-11-07T23:03:58.398393Z,3,"HHE,HHN,HHZ",15001,100.0,ok,
PTGC.2020.313.03.00.41,PTGC,2020.313.03.00.41,2020-11-08T03:00:41.128393Z,3,"HHE,HHN,HHZ",15001,100.0,ok,
PTGC.2020.314.07.17.21,PTGC,2020.314.07.17.21,2020-11-09T07:17:21.308393Z,3,"HHE,HHN,HHZ",15001,100.0,ok,
PTGC.2020.314.07.30.13,PTGC,2020.314.07.30.13,2020-11-09T07:30:13.748393Z,3,"HHE,HHN,HHZ",15001,100.0,ok,
PTGC.2020.315.07.31.17,PTGC,2020.315.07.31.17,2020-11-10T07:31:17.298393Z,3,"HHE,HHN,HHZ",15001,100.0,ok,
PTGC.2020.315.16.58.22,PTGC,2020.315.16.58.22,2020-11-10T16:58:22.528393Z,3,"HHE,HHN,HHZ",15001,100.0,ok,
PTGC.2020.316.16.51.53,PTGC,2020.316.16.51.53,2020-11-11T16:51:53.198393Z,3,"HHE,HHN,HHZ",15001,100.0,ok,
PTGC.2020.317.14.29.12,PTGC,2020.317.14.29.12,2020-11-12T14:29:12.878393Z,3,"HHE,HHN,HHZ",15001,100.0,ok,
PTGC.2020.317.15.24.23,PTGC,2020.317.15.24.23,2020-11-12T15:24:23.848393Z,3,"HHE,HHN,HHZ",15001,100.0,ok,
PTGC.2020.318.06.17.32,PTGC,2020.318.06.17.32,2020-11-13T06:17:32.738393Z,3,"HHE,HHN,HHZ",15001,100.0,ok,
PTGC.2020.318.23.46.14,PTGC,2020.318.23.46.14,2020-11-13T23:46:14.178393Z,3,"HHE,HHN,HHZ",15001,100.0,ok,
PTGC.2020.319.00.05.12,PTGC,2020.319.00.05.12,2020-11-14T00:05:12.838393Z,3,"HHE,HHN,HHZ",15001,100.0,ok,
PTGC.2020.319.22.48.19,PTGC,2020.319.22.48.19,2020-11-14T22:48:19.308393Z,3,"HHE,HHN,HHZ",15001,100.0,ok,
PTGC.2020.320.05.53.46,PTGC,2020.320.05.53.46,2020-11-15T05:53:46.008393Z,3,"HHE,HHN,HHZ",15001,100.0,ok,
PTGC.2020.320.14.05.10,PTGC,2020.320.14.05.10,2020-11-15T14:05:10.018393Z,3,"HHE,HHN,HHZ",15001,100.0,ok,
PTGC.2020.320.15.04.53,PTGC,2020.320.15.04.53,2020-11-15T15:04:53.388391Z,3,"HHE,HHN,HHZ",15001,100.0,ok,
PTGC.2020.320.16.58.12,PTGC,2020.320.16.58.12,2020-11-15T16:58:12.708393Z,3,"HHE,HHN,HHZ",15001,100.0,ok,
PTGC.2020.321.00.34.35,PTGC,2020.321.00.34.35,2020-11-16T00:34:35.398393Z,3,"HHE,HHN,HHZ",15001,100.0,ok,
PTGC.2020.321.22.19.15,PTGC,2020.321.22.19.15,2020-11-16T22:19:15.258393Z,3,"HHE,HHN,HHZ",15001,100.0,ok,
PTGC.2020.322.00.24.34,PTGC,2020.322.00.24.34,2020-11-17T00:24:34.218394Z,3,"HHE,HHN,HHZ",15001,100.0,ok,
PTGC.2020.322.14.22.23,PTGC,2020.322.14.22.23,2020-11-17T14:22:23.368393Z,3,"HHE,HHN,HHZ",15001,100.0,ok,
PTGC.2020.322.14.47.15,PTGC,2020.322.14.47.15,2020-11-17T14:47:15.658393Z,3,"HHE,HHN,HHZ",15001,100.0,ok,
PTGC.2020.323.11.24.29,PTGC,2020.323.11.24.29,2020-11-18T11:24:29.128393Z,3,"HHE,HHN,HHZ",15001,100.0,ok,
PTGC.2020.323.13.24.27,PTGC,2020.323.13.24.27,2020-11-18T13:24:27.148391Z,3,"HHE,HHN,HHZ",15001,100.0,ok,
PTGC.2020.323.14.08.35,PTGC,2020.323.14.08.35,2020-11-18T14:08:35.658393Z,3,"HHE,HHN,HHZ",15001,100.0,ok,
PTGC.2020.323.19.01.46,PTGC,2020.323.19.01.46,2020-11-18T19:01:46.628393Z,3,"HHE,HHN,HHZ",15001,100.0,ok,
PTGC.2020.324.02.30.05,PTGC,2020.324.02.30.05,2020-11-19T02:30:05.668393Z,3,"HHE,HHN,HHZ",15001,100.0,ok,
PTGC.2020.324.14.01.57,PTGC,2020.324.14.01.57,2020-11-19T14:01:57.258393Z,3,"HHE,HHN,HHZ",15001,100.0,ok,
PTGC.2020.324.15.13.35,PTGC,2020.324.15.13.35,2020-11-19T15:13:35.678393Z,3,"HHE,HHN,HHZ",15001,100.0,ok,
PTGC.2020.325.02.32.28,PTGC,2020.325.02.32.28,2020-11-20T02:32:28.878393Z,3,"HHE,HHN,HHZ",15001,100.0,ok,
PTGC.2020.325.06.09.34,PTGC,2020.325.06.09.34,2020-11-20T06:09:34.158393Z,3,"HHE,HHN,HHZ",15001,100.0,ok,
PTGC.2020.325.17.54.17,PTGC,2020.325.17.54.17,2020-11-20T17:54:17.918393Z,3,"HHE,HHN,HHZ",15001,100.0,ok,
PTGC.2020.325.22.39.40,PTGC,2020.325.22.39.40,2020-11-20T22:39:40.148393Z,3,"HHE,HHN,HHZ",15001,100.0,ok,
PTGC.2020.326.09.59.53,PTGC,2020.326.09.59.53,2020-11-21T09:59:53.898391Z,3,"HHE,HHN,HHZ",15001,100.0,ok,
PTGC.2020.326.16.43.38,PTGC,2020.326.16.43.38,2020-11-21T16:43:38.868393Z,3,"HHE,HHN,HHZ",15001,100.0,ok,
PTGC.2020.327.01.19.45,PTGC,2020.327.01.19.45,2020-11-22T01:19:45.098393Z,3,"HHE,HHN,HHZ",15001,100.0,ok,
PTGC.2020.327.14.32.27,PTGC,2020.327.14.32.27,2020-11-22T14:32:27.538393Z,3,"HHE,HHN,HHZ",15001,100.0,ok,
PTGC.2020.327.17.29.55,PTGC,2020.327.17.29.55,2020-11-22T17:29:55.208393Z,3,"HHE,HHN,HHZ",15001,100.0,ok,
PTGC.2020.327.18.41.48,PTGC,2020.327.18.41.48,2020-11-22T18:41:48.178393Z,3,"HHE,HHN,HHZ",15001,100.0,ok,
PTGC.2020.328.10.38.29,PTGC,2020.328.10.38.29,2020-11-23T10:38:29.628393Z,3,"HHE,HHN,HHZ",15001,100.0,ok,
PTGC.2020.329.02.05.02,PTGC,2020.329.02.05.02,2020-11-24T02:05:02.248393Z,3,"HHE,HHN,HHZ",15001,100.0,ok,
PTGC.2020.329.03.42.03,PTGC,2020.329.03.42.03,2020-11-24T03:42:03.028393Z,3,"HHE,HHN,HHZ",15001,100.0,ok,
PTGC.2020.329.10.38.10,PTGC,2020.329.10.38.10,2020-11-24T10:38:10.258393Z,3,"HHE,HHN,HHZ",15001,100.0,ok,
PTGC.2020.329.17.36.58,PTGC,2020.329.17.36.58,2020-11-24T17:36:58.548393Z,3,"HHE,HHN,HHZ",15001,100.0,ok,
PTGC.2020.330.02.50.13,PTGC,2020.330.02.50.13,2020-11-25T02:50:13.268393Z,3,"HHE,HHN,HHZ",15001,100.0,ok,
PTGC.2020.330.04.38.38,PTGC,2020.330.04.38.38,2020-11-25T04:38:38.928393Z,3,"HHE,HHN,HHZ",15001,100.0,ok,
PTGC.2020.330.11.23.38,PTGC,2020.330.11.23.38,2020-11-25T11:23:38.128393Z,3,"HHE,HHN,HHZ",15001,100.0,ok,
PTGC.2020.330.18.01.33,PTGC,2020.330.18.01.33,2020-11-25T18:01:33.188393Z,3,"HHE,HHN,HHZ",15001,100.0,ok,
PTGC.2020.330.23.49.20,PTGC,2020.330.23.49.20,2020-11-25T23:49:20.168393Z,3,"HHE,HHN,HHZ",15001,100.0,ok,
PTGC.2020.331.01.08.21,PTGC,2020.331.01.08.21,2020-11-26T01:08:21.818393Z,3,"HHE,HHN,HHZ",15001,100.0,ok,
PTGC.2020.331.03.02.31,PTGC,2020.331.03.02.31,2020-11-26T03:02:31.848393Z,3,"HHE,HHN,HHZ",15001,100.0,ok,
PTGC.2020.332.06.07.58,PTGC,2020.332.06.07.58,2020-11-27T06:07:58.668393Z,3,"HHE,HHN,HHZ",15001,100.0,ok,
PTGC.2020.333.00.21.29,PTGC,2020.333.00.21.29,2020-11-28T00:21:29.618393Z,3,"HHE,HHN,HHZ",15001,100.0,ok,
PTGC.2020.333.12.24.14,PTGC,2020.333.12.24.14,2020-11-28T12:24:14.768394Z,3,"HHE,HHN,HHZ",15001,100.0,ok,
PTGC.2020.333.22.47.36,PTGC,2020.333.22.47.36,2020-11-28T22:47:36.058393Z,3,"HHE,HHN,HHZ",15001,100.0,ok,
PTGC.2020.334.14.29.28,PTGC,2020.334.14.29.28,2020-11-29T14:29:28.378391Z,3,"HHE,HHN,HHZ",15001,100.0,ok,
PTGC.2020.335.07.34.32,PTGC,2020.335.07.34.32,2020-11-30T07:34:32.298394Z,3,"HHE,HHN,HHZ",15001,100.0,ok,
PTGC.2020.336.03.24.59,PTGC,2020.336.03.24.59,2020-12-01T03:24:59.358393Z,3,"HHE,HHN,HHZ",15001,100.0,ok,
PTGC.2020.336.14.20.52,PTGC,2020.336.14.20.52,2020-12-01T14:20:52.918393Z,3,"HHE,HHN,HHZ",15001,100.0,ok,
PTGC.2020.338.09.34.27,PTGC,2020.338.09.34.27,2020-12-03T09:34:27.458393Z,3,"HHE,HHN,HHZ",15001,100.0,ok,
PTGC.2020.339.20.04.53,PTGC,2020.339.20.04.53,2020-12-04T20:04:53.388393Z,3,"HHE,HHN,HHZ",15001,100.0,ok,
PTGC.2020.340.10.10.55,PTGC,2020.340.10.10.55,2020-12-05T10:10:55.628393Z,3,"HHE,HHN,HHZ",15001,100.0,ok,
PTGC.2020.340.15.23.13,PTGC,2020.340.15.23.13,2020-12-05T15:23:13.088393Z,3,"HHE,HHN,HHZ",15001,100.0,ok,
PTGC.2020.340.22.23.14,PTGC,2020.340.22.23.14,2020-12-05T22:23:14.928393Z,3,"HHE,HHN,HHZ",15001,100.0,ok,
PTGC.2020.341.04.29.32,PTGC,2020.341.04.29.32,2020-12-06T04:29:32.638393Z,3,"HHE,HHN,HHZ",15001,100.0,ok,
PTGC.2020.342.06.28.11,PTGC,2020.342.06.28.11,2020-12-07T06:28:11.678393Z,3,"HHE,HHN,HHZ",15001,100.0,ok,
PTGC.2020.342.07.28.03,PTGC,2020.342.07.28.03,2020-12-07T07:28:03.288391Z,3,"HHE,HHN,HHZ",15001,100.0,ok,
PTGC.2020.342.09.22.57,PTGC,2020.342.09.22.57,2020-12-07T09:22:57.108393Z,3,"HHE,HHN,HHZ",15001,100.0,ok,
PTGC.2020.342.12.21.39,PTGC,2020.342.12.21.39,2020-12-07T12:21:39.818393Z,3,"HHE,HHN,HHZ",15001,100.0,ok,
PTGC.2020.342.21.28.43,PTGC,2020.342.21.28.43,2020-12-07T21:28:43.548393Z,3,"HHE,HHN,HHZ",15001,100.0,ok,
PTGC.2020.343.00.28.28,PTGC,2020.343.00.28.28,2020-12-08T00:28:28.988393Z,3,"HHE,HHN,HHZ",15001,100.0,ok,
PTGC.2020.343.10.26.19,PTGC,2020.343.10.26.19,2020-12-08T10:26:19.748393Z,3,"HHE,HHN,HHZ",15001,100.0,ok,
PTGC.2020.343.15.31.28,PTGC,2020.343.15.31.28,2020-12-08T15:31:28.838393Z,3,"HHE,HHN,HHZ",15001,100.0,ok,
PTGC.2020.343.19.15.48,PTGC,2020.343.19.15.48,2020-12-08T19:15:48.218393Z,3,"HHE,HHN,HHZ",15001,100.0,ok,
PTGC.2020.343.23.52.26,PTGC,2020.343.23.52.26,2020-12-08T23:52:26.378393Z,3,"HHE,HHN,HHZ",15001,100.0,ok,
PTGC.2020.344.19.00.53,PTGC,2020.344.19.00.53,2020-12-09T19:00:53.418393Z,3,"HHE,HHN,HHZ",15001,100.0,ok,
PTGC.2020.344.19.47.17,PTGC,2020.344.19.47.17,2020-12-09T19:47:17.278393Z,3,"HHE,HHN,HHZ",15001,100.0,ok,
PTGC.2020.347.04.19.52,PTGC,2020.347.04.19.52,2020-12-12T04:19:52.738393Z,3,"HHE,HHN,HHZ",15001,100.0,ok,
PTGC.2020.347.12.23.50,PTGC,2020.347.12.23.50,2020-12-12T12:23:50.908393Z,3,"HHE,HHN,HHZ",15001,100.0,ok,
PTGC.2020.347.12.44.01,PTGC,2020.347.12.44.01,2020-12-12T12:44:01.758393Z,3,"HHE,HHN,HHZ",15001,100.0,ok,
PTGC.2020.347.20.36.25,PTGC,2020.347.20.36.25,2020-12-12T20:36:25.358393Z,3,"HHE,HHN,HHZ",15001,100.0,ok,
PTGC.2020.348.04.27.49,PTGC,2020.348.04.27.49,2020-12-13T04:27:49.038393Z,3,"HHE,HHN,HHZ",15001,100.0,ok,
PTGC.2020.349.08.16.30,PTGC,2020.349.08.16.30,2020-12-14T08:16:30.958393Z,3,"HHE,HHN,HHZ",15001,100.0,ok,
PTGC.2020.350.04.41.03,PTGC,2020.350.04.41.03,2020-12-15T04:41:03.218393Z,3,"HHE,HHN,HHZ",15001,100.0,ok,
PTGC.2020.350.12.04.31,PTGC,2020.350.12.04.31,2020-12-15T12:04:31.468393Z,3,"HHE,HHN,HHZ",15001,100.0,ok,
PTGC.2020.351.20.24.41,PTGC,2020.351.20.24.41,2020-12-16T20:24:41.008393Z,3,"HHE,HHN,HHZ",15001,100.0,ok,
PTGC.2020.352.19.19.13,PTGC,2020.352.19.19.13,2020-12-17T19:19:13.018393Z,3,"HHE,HHN,HHZ",15001,100.0,ok,
PTGC.2020.353.05.16.32,PTGC,2020.353.05.16.32,2020-12-18T05:16:32.068393Z,3,"HHE,HHN,HHZ",15001,100.0,ok,
PTGC.2020.353.07.29.35,PTGC,2020.353.07.29.35,2020-12-18T07:29:35.748393Z,3,"HHE,HHN,HHZ",15001,100.0,ok,
PTGC.2020.353.23.48.19,PTGC,2020.353.23.48.19,2020-12-18T23:48:19.618393Z,3,"HHE,HHN,HHZ",15001,100.0,ok,
PTGC.2020.355.06.51.48,PTGC,2020.355.06.51.48,2020-12-20T06:51:48.078393Z,3,"HHE,HHN,HHZ",15001,100.0,ok,
PTGC.2020.355.21.56.53,PTGC,2020.355.21.56.53,2020-12-20T21:56:53.198391Z,3,"HHE,HHN,HHZ",15001,100.0,ok,
PTGC.2020.356.05.32.17,PTGC,2020.356.05.32.17,2020-12-21T05:32:17.238393Z,3,"HHE,HHN,HHZ",15001,100.0,ok,
PTGC.2020.356.06.15.54,PTGC,2020.356.06.15.54,2020-12-21T06:15:54.898394Z,3,"HHE,HHN,HHZ",15001,100.0,ok,
PTGC.2020.357.16.37.31,PTGC,2020.357.16.37.31,2020-12-22T16:37:31.188393Z,3,"HHE,HHN,HHZ",15001,100.0,ok,
PTGC.2020.357.23.49.46,PTGC,2020.357.23.49.46,2020-12-22T23:49:46.978393Z,3,"HHE,HHN,HHZ",15001,100.0,ok,
PTGC.2020.358.14.15.57,PTGC,2020.358.14.15.57,2020-12-23T14:15:57.638393Z,3,"HHE,HHN,HHZ",15001,100.0,ok,
PTGC.2020.358.18.12.37,PTGC,2020.358.18.12.37,2020-12-23T18:12:37.938393Z,3,"HHE,HHN,HHZ",15001,100.0,ok,
PTGC.2020.358.20.51.09,PTGC,2020.358.20.51.09,2020-12-23T20:51:09.858393Z,3,"HHE,HHN,HHZ",15001,100.0,ok,
PTGC.2020.359.01.23.19,PTGC,2020.359.01.23.19,2020-12-24T01:23:19.608393Z,3,"HHE,HHN,HHZ",15001,100.0,ok,
PTGC.2020.359.03.39.14,PTGC,2020.359.03.39.14,2020-12-24T03:39:14.168393Z,3,"HHE,HHN,HHZ",15001,100.0,ok,
PTGC.2020.360.04.39.48,PTGC,2020.360.04.39.48,2020-12-25T04:39:48.838393Z,3,"HHE,HHN,HHZ",15001,100.0,ok,
PTGC.2020.360.14.56.00,PTGC,2020.360.14.56.00,2020-12-25T14:56:00.928393Z,3,"HHE,HHN,HHZ",15001,100.0,ok,
PTGC.2020.360.22.42.45,PTGC,2020.360.22.42.45,2020-12-25T22:42:45.948393Z,3,"HHE,HHN,HHZ",15001,100.0,ok,
PTGC.2020.361.04.43.01,PTGC,2020.361.04.43.01,2020-12-26T04:43:01.808393Z,3,"HHE,HHN,HHZ",15001,100.0,ok,
PTGC.2020.361.05.00.01,PTGC,2020.361.05.00.01,2020-12-26T05:00:01.208393Z,3,"HHE,HHN,HHZ",15001,100.0,ok,
PTGC.2020.361.09.18.08,PTGC,2020.361.09.18.08,2020-12-26T09:18:08.798393Z,3,"HHE,HHN,HHZ",15001,100.0,ok,
PTGC.2020.361.15.57.35,PTGC,2020.361.15.57.35,2020-12-26T15:57:35.338393Z,3,"HHE,HHN,HHZ",15001,100.0,ok,
PTGC.2020.362.01.26.36,PTGC,2020.362.01.26.36,2020-12-27T01:26:36.428393Z,3,"HHE,HHN,HHZ",15001,100.0,ok,
PTGC.2020.362.07.22.39,PTGC,2020.362.07.22.39,2020-12-27T07:22:39.428393Z,3,"HHE,HHN,HHZ",15001,100.0,ok,
PTGC.2020.362.07.25.00,PTGC,2020.362.07.25.00,2020-12-27T07:25:00.208393Z,3,"HHE,HHN,HHZ",15001,100.0,ok,
PTGC.2020.363.10.28.47,PTGC,2020.363.10.28.47,2020-12-28T10:28:47.378393Z,3,"HHE,HHN,HHZ",15001,100.0,ok,
PTGC.2020.363.21.36.01,PTGC,2020.363.21.36.01,2020-12-28T21:36:01.208393Z,3,"HHE,HHN,HHZ",15001,100.0,ok,
PTGC.2020.363.23.20.26,PTGC,2020.363.23.20.26,2020-12-28T23:20:26.548393Z,3,"HHE,HHN,HHZ",15001,100.0,ok,
PTGC.2020.364.01.13.46,PTGC,2020.364.01.13.46,2020-12-29T01:13:46.678393Z,3,"HHE,HHN,HHZ",15001,100.0,ok,
PTGC.2020.364.11.31.44,PTGC,2020.364.11.31.44,2020-12-29T11:31:44.848393Z,3,"HHE,HHN,HHZ",15001,100.0,ok,
PTGC.2020.365.04.16.57,PTGC,2020.365.04.16.57,2020-12-30T04:16:57.548391Z,3,"HHE,HHN,HHZ",15001,100.0,ok,
PTGC.2020.366.19.57.53,PTGC,2020.366.19.57.53,2020-12-31T19:57:53.428391Z,3,"HHE,HHN,HHZ",15001,100.0,ok,
PTGC.2021.001.22.04.43,PTGC,2021.001.22.04.43,2021-01-01T22:04:43.058393Z,3,"HHE,HHN,HHZ",15001,100.0,ok,
PTGC.2021.002.05.21.26,PTGC,2021.002.05.21.26,2021-01-02T05:21:26.908393Z,3,"HHE,HHN,HHZ",15001,100.0,ok,
PTGC.2021.002.15.42.24,PTGC,2021.002.15.42.24,2021-01-02T15:42:24.478393Z,3,"HHE,HHN,HHZ",15001,100.0,ok,
PTGC.2021.003.11.01.46,PTGC,2021.003.11.01.46,2021-01-03T11:01:46.568393Z,3,"HHE,HHN,HHZ",15001,100.0,ok,
PTGC.2021.003.13.24.05,PTGC,2021.003.13.24.05,2021-01-03T13:24:05.998393Z,3,"HHE,HHN,HHZ",15001,100.0,ok,
PTGC.2021.003.15.15.24,PTGC,2021.003.15.15.24,2021-01-03T15:15:24.458393Z,3,"HHE,HHN,HHZ",15001,100.0,ok,
PTGC.2021.003.16.29.57,PTGC,2021.003.16.29.57,2021-01-03T16:29:57.358391Z,3,"HHE,HHN,HHZ",15001,100.0,ok,
PTGC.2021.004.11.37.28,PTGC,2021.004.11.37.28,2021-01-04T11:37:28.608393Z,3,"HHE,HHN,HHZ",15001,100.0,ok,
PTGC.2021.004.11.44.44,PTGC,2021.004.11.44.44,2021-01-04T11:44:44.108393Z,3,"HHE,HHN,HHZ",15001,100.0,ok,
PTGC.2021.004.21.17.14,PTGC,2021.004.21.17.14,2021-01-04T21:17:14.368393Z,3,"HHE,HHN,HHZ",15001,100.0,ok,
PTGC.2021.004.22.34.34,PTGC,2021.004.22.34.34,2021-01-04T22:34:34.438393Z,3,"HHE,HHN,HHZ",15001,100.0,ok,
PTGC.2021.005.15.43.20,PTGC,2021.005.15.43.20,2021-01-05T15:43:20.178391Z,3,"HHE,HHN,HHZ",15001,100.0,ok,
PTGC.2021.006.02.38.50,PTGC,2021.006.02.38.50,2021-01-06T02:38:50.838393Z,3,"HHE,HHN,HHZ",15001,100.0,ok,
PTGC.2021.006.08.43.01,PTGC,2021.006.08.43.01,2021-01-06T08:43:01.778393Z,3,"HHE,HHN,HHZ",15001,100.0,ok,
PTGC.2021.006.13.48.00,PTGC,2021.006.13.48.00,2021-01-06T13:48:00.488393Z,3,"HHE,HHN,HHZ",15001,100.0,ok,
PTGC.2021.006.15.39.35,PTGC,2021.006.15.39.35,2021-01-06T15:39:35.698391Z,3,"HHE,HHN,HHZ",15001,100.0,ok,
PTGC.2021.006.19.32.53,PTGC,2021.006.19.32.53,2021-01-06T19:32:53.768393Z,3,"HHE,HHN,HHZ",15001,100.0,ok,
PTGC.2021.006.20.23.49,PTGC,2021.006.20.23.49,2021-01-06T20:23:49.188393Z,3,"HHE,HHN,HHZ",15001,100.0,ok,
PTGC.2021.007.06.31.27,PTGC,2021.007.06.31.27,2021-01-07T06:31:27.738393Z,3,"HHE,HHN,HHZ",15001,100.0,ok,
PTGC.2021.007.11.11.43,PTGC,2021.007.11.11.43,2021-01-07T11:11:43.238393Z,3,"HHE,HHN,HHZ",15001,100.0,ok,
PTGC.2021.008.11.45.47,PTGC,2021.008.11.45.47,2021-01-08T11:45:47.718393Z,3,"HHE,HHN,HHZ",15001,100.0,ok,
PTGC.2021.008.18.43.56,PTGC,2021.008.18.43.56,2021-01-08T18:43:56.138393Z,3,"HHE,HHN,HHZ",15001,100.0,ok,
PTGC.2021.008.21.55.44,PTGC,2021.008.21.55.44,2021-01-08T21:55:44.298393Z,3,"HHE,HHN,HHZ",15001,100.0,ok,
PTGC.2021.011.02.21.40,PTGC,2021.011.02.21.40,2021-01-11T02:21:40.778393Z,3,"HHE,HHN,HHZ",15001,100.0,ok,
PTGC.2021.011.03.08.46,PTGC,2021.011.03.08.46,2021-01-11T03:08:46.068394Z,3,"HHE,HHN,HHZ",15001,100.0,ok,
PTGC.2021.011.07.16.04,PTGC,2021.011.07.16.04,2021-01-11T07:16:04.168393Z,3,"HHE,HHN,HHZ",15001,100.0,ok,
PTGC.2021.011.07.39.57,PTGC,2021.011.07.39.57,2021-01-11T07:39:57.558393Z,3,"HHE,HHN,HHZ",15001,100.0,ok,
PTGC.2021.011.09.12.40,PTGC,2021.011.09.12.40,2021-01-11T09:12:40.898393Z,3,"HHE,HHN,HHZ",15001,100.0,ok,
PTGC.2021.011.09.22.58,PTGC,2021.011.09.22.58,2021-01-11T09:22:58.568393Z,3,"HHE,HHN,HHZ",15001,100.0,ok,
PTGC.2021.012.07.02.55,PTGC,2021.012.07.02.55,2021-01-12T07:02:55.868393Z,3,"HHE,HHN,HHZ",15001,100.0,ok,
PTGC.2021.013.07.15.18,PTGC,2021.013.07.15.18,2021-01-13T07:15:18.178393Z,3,"HHE,HHN,HHZ",15001,100.0,ok,
PTGC.2021.013.10.00.24,PTGC,2021.013.10.00.24,2021-01-13T10:00:24.918393Z,3,"HHE,HHN,HHZ",15001,100.0,ok,
PTGC.2021.013.13.12.24,PTGC,2021.013.13.12.24,2021-01-13T13:12:24.518393Z,3,"HHE,HHN,HHZ",15001,100.0,ok,
PTGC.2021.013.13.44.41,PTGC,2021.013.13.44.41,2021-01-13T13:44:41.708393Z,3,"HHE,HHN,HHZ",15001,100.0,ok,
PTGC.2021.013.15.38.28,PTGC,2021.013.15.38.28,2021-01-13T15:38:28.568391Z,3,"HHE,HHN,HHZ",15001,100.0,ok,
PTGC.2021.013.17.16.06,PTGC,2021.013.17.16.06,2021-01-13T17:16:06.178393Z,3,"HHE,HHN,HHZ",15001,100.0,ok,
PTGC.2021.014.03.46.49,PTGC,2021.014.03.46.49,2021-01-14T03:46:49.978393Z,3,"HHE,HHN,HHZ",15001,100.0,ok,
PTGC.2021.014.03.49.12,PTGC,2021.014.03.49.12,2021-01-14T03:49:12.268391Z,3,"HHE,HHN,HHZ",15001,100.0,ok,
PTGC.2021.014.06.19.12,PTGC,2021.014.06.19.12,2021-01-14T06:19:12.378393Z,3,"HHE,HHN,HHZ",15001,100.0,ok,
PTGC.2021.014.15.12.08,PTGC,2021.014.15.12.08,2021-01-14T15:12:08.568393Z,3,"HHE,HHN,HHZ",15001,100.0,ok,
PTGC.2021.014.22.15.02,PTGC,2021.014.22.15.02,2021-01-14T22:15:02.358393Z,3,"HHE,HHN,HHZ",15001,100.0,ok,
PTGC.2021.014.23.13.59,PTGC,2021.014.23.13.59,2021-01-14T23:13:59.928393Z,3,"HHE,HHN,HHZ",15001,100.0,ok,
PTGC.2021.015.20.31.52,PTGC,2021.015.20.31.52,2021-01-15T20:31:52.238393Z,3,"HHE,HHN,HHZ",15001,100.0,ok,
PTGC.2021.015.23.06.31,PTGC,2021.015.23.06.31,2021-01-15T23:06:31.428393Z,3,"HHE,HHN,HHZ",15001,100.0,ok,
PTGC.2021.016.09.52.07,PTGC,2021.016.09.52.07,2021-01-16T09:52:07.428393Z,3,"HHE,HHN,HHZ",15001,100.0,ok,
PTGC.2021.016.11.00.08,PTGC,2021.016.11.00.08,2021-01-16T11:00:08.058393Z,3,"HHE,HHN,HHZ",15001,100.0,ok,
PTGC.2021.016.15.15.13,PTGC,2021.016.15.15.13,2021-01-16T15:15:13.708393Z,3,"HHE,HHN,HHZ",15001,100.0,ok,
PTGC.2021.017.04.44.16,PTGC,2021.017.04.44.16,2021-01-17T04:44:16.438393Z,3,"HHE,HHN,HHZ",15001,100.0,ok,
PTGC.2021.017.05.52.19,PTGC,2021.017.05.52.19,2021-01-17T05:52:19.258393Z,3,"HHE,HHN,HHZ",15001,100.0,ok,
PTGC.2021.017.15.17.52,PTGC,2021.017.15.17.52,2021-01-17T15:17:52.658393Z,3,"HHE,HHN,HHZ",15001,100.0,ok,
PTGC.2021.017.18.46.59,PTGC,2021.017.18.46.59,2021-01-17T18:46:59.478393Z,3,"HHE,HHN,HHZ",15001,100.0,ok,
PTGC.2021.017.23.44.14,PTGC,2021.017.23.44.14,2021-01-17T23:44:14.718393Z,3,"HHE,HHN,HHZ",15001,100.0,ok,
PTGC.2021.018.00.19.03,PTGC,2021.018.00.19.03,2021-01-18T00:19:03.208393Z,3,"HHE,HHN,HHZ",15001,100.0,ok,
PTGC.2021.018.21.12.43,PTGC,2021.018.21.12.43,2021-01-18T21:12:43.088393Z,3,"HHE,HHN,HHZ",15001,100.0,ok,
PTGC.2021.019.00.40.39,PTGC,2021.019.00.40.39,2021-01-19T00:40:39.718393Z,3,"HHE,HHN,HHZ",15001,100.0,ok,
PTGC.2021.019.09.49.00,PTGC,2021.019.09.49.00,2021-01-19T09:49:00.928393Z,3,"HHE,HHN,HHZ",15001,100.0,ok,
PTGC.2021.019.14.06.12,PTGC,2021.019.14.06.12,2021-01-19T14:06:12.318393Z,3,"HHE,HHN,HHZ",15001,100.0,ok,
PTGC.2021.019.17.40.47,PTGC,2021.019.17.40.47,2021-01-19T17:40:47.608393Z,3,"HHE,HHN,HHZ",15001,100.0,ok,
PTGC.2021.019.23.59.14,PTGC,2021.019.23.59.14,2021-01-19T23:59:14.338393Z,3,"HHE,HHN,HHZ",15001,100.0,ok,
PTGC.2021.020.02.08.15,PTGC,2021.020.02.08.15,2021-01-20T02:08:15.778393Z,3,"HHE,HHN,HHZ",15001,100.0,ok,
PTGC.2021.020.07.53.41,PTGC,2021.020.07.53.41,2021-01-20T07:53:41.138393Z,3,"HHE,HHN,HHZ",15001,100.0,ok,
PTGC.2021.020.09.56.30,PTGC,2021.020.09.56.30,2021-01-20T09:56:30.168393Z,3,"HHE,HHN,HHZ",15001,100.0,ok,
PTGC.2021.020.16.15.31,PTGC,2021.020.16.15.31,2021-01-20T16:15:31.878393Z,3,"HHE,HHN,HHZ",15001,100.0,ok,
PTGC.2021.020.22.06.39,PTGC,2021.020.22.06.39,2021-01-20T22:06:39.508393Z,3,"HHE,HHN,HHZ",15001,100.0,ok,
PTGC.2021.021.04.44.30,PTGC,2021.021.04.44.30,2021-01-21T04:44:30.628393Z,3,"HHE,HHN,HHZ",15001,100.0,ok,
PTGC.2021.022.00.26.22,PTGC,2021.022.00.26.22,2021-01-22T00:26:22.638393Z,3,"HHE,HHN,HHZ",15001,100.0,ok,
PTGC.2021.022.10.30.19,PTGC,2021.022.10.30.19,2021-01-22T10:30:19.418393Z,3,"HHE,HHN,HHZ",15001,100.0,ok,
PTGC.2021.022.15.19.20,PTGC,2021.022.15.19.20,2021-01-22T15:19:20.778393Z,3,"HHE,HHN,HHZ",15001,100.0,ok,
PTGC.2021.023.11.54.51,PTGC,2021.023.11.54.51,2021-01-23T11:54:51.528391Z,3,"HHE,HHN,HHZ",15001,100.0,ok,
PTGC.2021.023.17.31.50,PTGC,2021.023.17.31.50,2021-01-23T17:31:50.738393Z,3,"HHE,HHN,HHZ",15001,100.0,ok,
PTGC.2021.024.00.11.25,PTGC,2021.024.00.11.25,2021-01-24T00:11:25.178393Z,3,"HHE,HHN,HHZ",15001,100.0,ok,
PTGC.2021.025.08.43.18,PTGC,2021.025.08.43.18,2021-01-25T08:43:18.418393Z,3,"HHE,HHN,HHZ",15001,100.0,ok,
PTGC.2021.025.10.01.53,PTGC,2021.025.10.01.53,2021-01-25T10:01:53.588393Z,3,"HHE,HHN,HHZ",15001,100.0,ok,
PTGC.2021.025.12.41.03,PTGC,2021.025.12.41.03,2021-01-25T12:41:03.628393Z,3,"HHE,HHN,HHZ",15001,100.0,ok,
PTGC.2021.025.15.52.38,PTGC,2021.025.15.52.38,2021-01-25T15:52:38.178393Z,3,"HHE,HHN,HHZ",15001,100.0,ok,
PTGC.2021.026.12.26.40,PTGC,2021.026.12.26.40,2021-01-26T12:26:40.938393Z,3,"HHE,HHN,HHZ",15001,100.0,ok,
PTGC.2021.026.13.06.42,PTGC,2021.026.13.06.42,2021-01-26T13:06:42.228393Z,3,"HHE,HHN,HHZ",15001,100.0,ok,
PTGC.2021.026.21.25.38,PTGC,2021.026.21.25.38,2021-01-26T21:25:38.258393Z,3,"HHE,HHN,HHZ",15001,100.0,ok,
PTGC.2021.027.02.34.21,PTGC,2021.027.02.34.21,2021-01-27T02:34:21.398393Z,3,"HHE,HHN,HHZ",15001,100.0,ok,
PTGC.2021.027.20.22.25,PTGC,2021.027.20.22.25,2021-01-27T20:22:25.668393Z,3,"HHE,HHN,HHZ",15001,100.0,ok,
PTGC.2021.028.08.16.15,PTGC,2021.028.08.16.15,2021-01-28T08:16:15.058393Z,3,"HHE,HHN,HHZ",15001,100.0,ok,
PTGC.2021.029.18.01.52,PTGC,2021.029.18.01.52,2021-01-29T18:01:52.718393Z,3,"HHE,HHN,HHZ",15001,100.0,ok,
PTGC.2021.029.19.23.54,PTGC,2021.029.19.23.54,2021-01-29T19:23:54.788393Z,3,"HHE,HHN,HHZ",15001,100.0,ok,
PTGC.2021.029.19.31.44,PTGC,2021.029.19.31.44,2021-01-29T19:31:44.928393Z,3,"HHE,HHN,HHZ",15001,100.0,ok,
PTGC.2021.029.23.22.04,PTGC,2021.029.23.22.04,2021-01-29T23:22:04.728393Z,3,"HHE,HHN,HHZ",15001,100.0,ok,
PTGC.2021.030.15.08.41,PTGC,2021.030.15.08.41,2021-01-30T15:08:41.408393Z,3,"HHE,HHN,HHZ",15001,100.0,ok,
PTGC.2021.031.07.51.57,PTGC,2021.031.07.51.57,2021-01-31T07:51:57.848393Z,3,"HHE,HHN,HHZ",15001,100.0,ok,
PTGC.2021.031.12.19.54,PTGC,2021.031.12.19.54,2021-01-31T12:19:54.298393Z,3,"HHE,HHN,HHZ",15001,100.0,ok,
PTGC.2021.031.13.48.50,PTGC,2021.031.13.48.50,2021-01-31T13:48:50.918393Z,3,"HHE,HHN,HHZ",15001,100.0,ok,
PTGC.2021.031.18.15.36,PTGC,2021.031.18.15.36,2021-01-31T18:15:36.018393Z,3,"HHE,HHN,HHZ",15001,100.0,ok,
PTGC.2021.032.11.40.49,PTGC,2021.032.11.40.49,2021-02-01T11:40:49.548393Z,3,"HHE,HHN,HHZ",15001,100.0,ok,
PTGC.2021.032.14.24.15,PTGC,2021.032.14.24.15,2021-02-01T14:24:15.878393Z,3,"HHE,HHN,HHZ",15001,100.0,ok,
PTGC.2021.032.18.07.40,PTGC,2021.032.18.07.40,2021-02-01T18:07:40.498393Z,3,"HHE,HHN,HHZ",15001,100.0,ok,
PTGC.2021.033.02.35.33,PTGC,2021.033.02.35.33,2021-02-02T02:35:33.078393Z,3,"HHE,HHN,HHZ",15001,100.0,ok,
PTGC.2021.033.09.50.00,PTGC,2021.033.09.50.00,2021-02-02T09:50:00.098393Z,3,"HHE,HHN,HHZ",15001,100.0,ok,
PTGC.2021.034.04.54.03,PTGC,2021.034.04.54.03,2021-02-03T04:54:03.358394Z,3,"HHE,HHN,HHZ",15001,100.0,ok,
PTGC.2021.034.06.08.10,PTGC,2021.034.06.08.10,2021-02-03T06:08:10.538393Z,3,"HHE,HHN,HHZ",15001,100.0,ok,
PTGC.2021.034.15.11.23,PTGC,2021.034.15.11.23,2021-02-03T15:11:23.358391Z,3,"HHE,HHN,HHZ",15001,100.0,ok,
PTGC.2021.034.19.12.47,PTGC,2021.034.19.12.47,2021-02-03T19:12:47.078393Z,3,"HHE,HHN,HHZ",15001,100.0,ok,
PTGC.2021.035.00.09.42,PTGC,2021.035.00.09.42,2021-02-04T00:09:42.788394Z,3,"HHE,HHN,HHZ",15001,100.0,ok,
PTGC.2021.035.06.16.47,PTGC,2021.035.06.16.47,2021-02-04T06:16:47.338393Z,3,"HHE,HHN,HHZ",15001,100.0,ok,
PTGC.2021.035.18.49.49,PTGC,2021.035.18.49.49,2021-02-04T18:49:49.558393Z,3,"HHE,HHN,HHZ",15001,100.0,ok,
PTGC.2021.035.18.52.23,PTGC,2021.035.18.52.23,2021-02-04T18:52:23.818393Z,3,"HHE,HHN,HHZ",15001,100.0,ok,
PTGC.2021.036.13.08.22,PTGC,2021.036.13.08.22,2021-02-05T13:08:22.628393Z,3,"HHE,HHN,HHZ",15001,100.0,ok,
PTGC.2021.036.17.21.16,PTGC,2021.036.17.21.16,2021-02-05T17:21:16.158393Z,3,"HHE,HHN,HHZ",15001,100.0,ok,
PTGC.2021.036.18.25.39,PTGC,2021.036.18.25.39,2021-02-05T18:25:39.458393Z,3,"HHE,HHN,HHZ",15001,100.0,ok,
PTGC.2021.036.22.20.21,PTGC,2021.036.22.20.21,2021-02-05T22:20:21.548393Z,3,"HHE,HHN,HHZ",15001,100.0,ok,
PTGC.2021.037.03.00.53,PTGC,2021.037.03.00.53,2021-02-06T03:00:53.808393Z,3,"HHE,HHN,HHZ",15001,100.0,ok,
PTGC.2021.037.05.27.45,PTGC,2021.037.05.27.45,2021-02-06T05:27:45.218393Z,3,"HHE,HHN,HHZ",15001,100.0,ok,
PTGC.2021.037.10.26.57,PTGC,2021.037.10.26.57,2021-02-06T10:26:57.978393Z,3,"HHE,HHN,HHZ",15001,100.0,ok,
PTGC.2021.037.23.22.40,PTGC,2021.037.23.22.40,2021-02-06T23:22:40.088393Z,3,"HHE,HHN,HHZ",15001,100.0,ok,
PTGC.2021.038.00.16.56,PTGC,2021.038.00.16.56,2021-02-07T00:16:56.818393Z,3,"HHE,HHN,HHZ",15001,100.0,ok,
PTGC.2021.038.03.37.29,PTGC,2021.038.03.37.29,2021-02-07T03:37:29.558393Z,3,"HHE,HHN,HHZ",15001,100.0,ok,
PTGC.2021.038.07.23.20,PTGC,2021.038.07.23.20,2021-02-07T07:23:20.048393Z,3,"HHE,HHN,HHZ",15001,100.0,ok,
PTGC.2021.039.06.47.09,PTGC,2021.039.06.47.09,2021-02-08T06:47:09.188393Z,3,"HHE,HHN,HHZ",15001,100.0,ok,
PTGC.2021.039.07.02.16,PTGC,2021.039.07.02.16,2021-02-08T07:02:16.788393Z,3,"HHE,HHN,HHZ",15001,100.0,ok,
PTGC.2021.039.17.21.44,PTGC,2021.039.17.21.44,2021-02-08T17:21:44.988393Z,3,"HHE,HHN,HHZ",15001,100.0,ok,
PTGC.2021.039.20.21.37,PTGC,2021.039.20.21.37,2021-02-08T20:21:37.298393Z,3,"HHE,HHN,HHZ",15001,100.0,ok,
PTGC.2021.040.03.54.38,PTGC,2021.040.03.54.38,2021-02-09T03:54:38.268393Z,3,"HHE,HHN,HHZ",15001,100.0,ok,
PTGC.2021.040.09.43.13,PTGC,2021.040.09.43.13,2021-02-09T09:43:13.268393Z,3,"HHE,HHN,HHZ",15001,100.0,ok,
PTGC.2021.040.16.24.31,PTGC,2021.040.16.24.31,2021-02-09T16:24:31.388393Z,3,"HHE,HHN,HHZ",15001,100.0,ok,
PTGC.2021.041.01.41.35,PTGC,2021.041.01.41.35,2021-02-10T01:41:35.028393Z,3,"HHE,HHN,HHZ",15001,100.0,ok,
PTGC.2021.041.02.13.19,PTGC,2021.041.02.13.19,2021-02-10T02:13:19.188393Z,3,"HHE,HHN,HHZ",15001,100.0,ok,
PTGC.2021.041.03.54.37,PTGC,2021.041.03.54.37,2021-02-10T03:54:37.788393Z,3,"HHE,HHN,HHZ",15001,100.0,ok,
PTGC.2021.041.06.33.17,PTGC,2021.041.06.33.17,2021-02-10T06:33:17.668393Z,3,"HHE,HHN,HHZ",15001,100.0,ok,
PTGC.2021.041.07.05.21,PTGC,2021.041.07.05.21,2021-02-10T07:05:21.438393Z,3,"HHE,HHN,HHZ",15001,100.0,ok,
PTGC.2021.041.10.29.01,PTGC,2021.041.10.29.01,2021-02-10T10:29:01.418393Z,3,"HHE,HHN,HHZ",15001,100.0,ok,
PTGC.2021.041.13.04.28,PTGC,2021.041.13.04.28,2021-02-10T13:04:28.778393Z,3,"HHE,HHN,HHZ",15001,100.0,ok,
PTGC.2021.042.06.51.14,PTGC,2021.042.06.51.14,2021-02-11T06:51:14.388393Z,3,"HHE,HHN,HHZ",15001,100.0,ok,
PTGC.2021.042.07.32.16,PTGC,2021.042.07.32.16,2021-02-11T07:32:16.408393Z,3,"HHE,HHN,HHZ",15001,100.0,ok,
PTGC.2021.042.08.01.21,PTGC,2021.042.08.01.21,2021-02-11T08:01:21.068393Z,3,"HHE,HHN,HHZ",15001,100.0,ok,
PTGC.2021.042.08.16.31,PTGC,2021.042.08.16.31,2021-02-11T08:16:31.988393Z,3,"HHE,HHN,HHZ",15001,100.0,ok,
PTGC.2021.043.06.32.36,PTGC,2021.043.06.32.36,2021-02-12T06:32:36.838393Z,3,"HHE,HHN,HHZ",15001,100.0,ok,
PTGC.2021.043.12.40.06,PTGC,2021.043.12.40.06,2021-02-12T12:40:06.148393Z,3,"HHE,HHN,HHZ",15001,100.0,ok,
PTGC.2021.043.14.07.59,PTGC,2021.043.14.07.59,2021-02-12T14:07:59.488393Z,3,"HHE,HHN,HHZ",15001,100.0,ok,
PTGC.2021.044.01.45.35,PTGC,2021.044.01.45.35,2021-02-13T01:45:35.438393Z,3,"HHE,HHN,HHZ",15001,100.0,ok,
PTGC.2021.044.02.57.03,PTGC,2021.044.02.57.03,2021-02-13T02:57:03.858393Z,3,"HHE,HHN,HHZ",15001,100.0,ok,
PTGC.2021.044.05.40.19,PTGC,2021.044.05.40.19,2021-02-13T05:40:19.268393Z,3,"HHE,HHN,HHZ",15001,100.0,ok,
PTGC.2021.044.08.19.35,PTGC,2021.044.08.19.35,2021-02-13T08:19:35.458393Z,3,"HHE,HHN,HHZ",15001,100.0,ok,
PTGC.2021.044.13.05.51,PTGC,2021.044.13.05.51,2021-02-13T13:05:51.228393Z,3,"HHE,HHN,HHZ",15001,100.0,ok,
PTGC.2021.044.14.38.18,PTGC,2021.044.14.38.18,2021-02-13T14:38:18.848393Z,3,"HHE,HHN,HHZ",15001,100.0,ok,
PTGC.2021.045.00.26.10,PTGC,2021.045.00.26.10,2021-02-14T00:26:10.438393Z,3,"HHE,HHN,HHZ",15001,100.0,ok,
PTGC.2021.045.23.55.19,PTGC,2021.045.23.55.19,2021-02-14T23:55:19.568393Z,3,"HHE,HHN,HHZ",15001,100.0,ok,
PTGC.2021.046.05.27.24,PTGC,2021.046.05.27.24,2021-02-15T05:27:24.938393Z,3,"HHE,HHN,HHZ",15001,100.0,ok,
PTGC.2021.048.07.41.37,PTGC,2021.048.07.41.37,2021-02-17T07:41:37.728393Z,3,"HHE,HHN,HHZ",15001,100.0,ok,
PTGC.2021.048.10.38.28,PTGC,2021.048.10.38.28,2021-02-17T10:38:28.998393Z,3,"HHE,HHN,HHZ",15001,100.0,ok,
PTGC.2021.048.11.10.55,PTGC,2021.048.11.10.55,2021-02-17T11:10:55.948393Z,3,"HHE,HHN,HHZ",15001,100.0,ok,
PTGC.2021.048.14.24.18,PTGC,2021.048.14.24.18,2021-02-17T14:24:18.148391Z,3,"HHE,HHN,HHZ",15001,100.0,ok,
PTGC.2021.048.15.30.30,PTGC,2021.048.15.30.30,2021-02-17T15:30:30.918393Z,3,"HHE,HHN,HHZ",15001,100.0,ok,
PTGC.2021.049.08.37.47,PTGC,2021.049.08.37.47,2021-02-18T08:37:47.878393Z,3,"HHE,HHN,HHZ",15001,100.0,ok,
PTGC.2021.049.18.17.02,PTGC,2021.049.18.17.02,2021-02-18T18:17:02.768393Z,3,"HHE,HHN,HHZ",15001,100.0,ok,
PTGC.2021.049.22.16.27,PTGC,2021.049.22.16.27,2021-02-18T22:16:27.048393Z,3,"HHE,HHN,HHZ",15001,100.0,ok,
PTGC.2021.050.15.55.44,PTGC,2021.050.15.55.44,2021-02-19T15:55:44.158393Z,3,"HHE,HHN,HHZ",15001,100.0,ok,
PTGC.2021.050.16.04.47,PTGC,2021.050.16.04.47,2021-02-19T16:04:47.358393Z,3,"HHE,HHN,HHZ",15001,100.0,ok,
PTGC.2021.050.17.18.44,PTGC,2021.050.17.18.44,2021-02-19T17:18:44.648391Z,3,"HHE,HHN,HHZ",15001,100.0,ok,
PTGC.2021.050.17.21.35,PTGC,2021.050.17.21.35,2021-02-19T17:21:35.408393Z,3,"HHE,HHN,HHZ",15001,100.0,ok,
PTGC.2021.050.18.03.57,PTGC,2021.050.18.03.57,2021-02-19T18:03:57.448393Z,3,"HHE,HHN,HHZ",15001,100.0,ok,
PTGC.2021.051.02.58.33,PTGC,2021.051.02.58.33,2021-02-20T02:58:33.818393Z,3,"HHE,HHN,HHZ",15001,100.0,ok,
PTGC.2021.051.10.14.00,PTGC,2021.051.10.14.00,2021-02-20T10:14:00.868393Z,3,"HHE,HHN,HHZ",15001,100.0,ok,
PTGC.2021.051.12.55.37,PTGC,2021.051.12.55.37,2021-02-20T12:55:37.338391Z,3,"HHE,HHN,HHZ",15001,100.0,ok,
PTGC.2021.051.14.06.44,PTGC,2021.051.14.06.44,2021-02-20T14:06:44.778393Z,3,"HHE,HHN,HHZ",15001,100.0,ok,
PTGC.2021.051.15.40.35,PTGC,2021.051.15.40.35,2021-02-20T15:40:35.188393Z,3,"HHE,HHN,HHZ",15001,100.0,ok,
PTGC.2021.052.05.41.38,PTGC,2021.052.05.41.38,2021-02-21T05:41:38.638391Z,3,"HHE,HHN,HHZ",15001,100.0,ok,
PTGC.2021.052.09.29.46,PTGC,2021.052.09.29.46,2021-02-21T09:29:46.538393Z,3,"HHE,HHN,HHZ",15001,100.0,ok,
PTGC.2021.054.08.31.19,PTGC,2021.054.08.31.19,2021-02-23T08:31:19.848393Z,3,"HHE,HHN,HHZ",15001,100.0,ok,
PTGC.2021.054.12.42.30,PTGC,2021.054.12.42.30,2021-02-23T12:42:30.758393Z,3,"HHE,HHN,HHZ",15001,100.0,ok,
PTGC.2021.054.14.16.09,PTGC,2021.054.14.16.09,2021-02-23T14:16:09.158393Z,3,"HHE,HHN,HHZ",15001,100.0,ok,
PTGC.2021.054.20.06.57,PTGC,2021.054.20.06.57,2021-02-23T20:06:57.588393Z,3,"HHE,HHN,HHZ",15001,100.0,ok,
PTGC.2021.055.07.57.50,PTGC,2021.055.07.57.50,2021-02-24T07:57:50.448393Z,3,"HHE,HHN,HHZ",15001,100.0,ok,
PTGC.2021.055.08.25.53,PTGC,2021.055.08.25.53,2021-02-24T08:25:53.648393Z,3,"HHE,HHN,HHZ",15001,100.0,ok,
PTGC.2021.055.14.32.37,PTGC,2021.055.14.32.37,2021-02-24T14:32:37.898393Z,3,"HHE,HHN,HHZ",15001,100.0,ok,
PTGC.2021.056.00.37.13,PTGC,2021.056.00.37.13,2021-02-25T00:37:13.158394Z,3,"HHE,HHN,HHZ",15001,100.0,ok,
PTGC.2021.056.07.01.09,PTGC,2021.056.07.01.09,2021-02-25T07:01:09.088393Z,3,"HHE,HHN,HHZ",15001,100.0,ok,
PTGC.2021.056.08.37.25,PTGC,2021.056.08.37.25,2021-02-25T08:37:25.608393Z,3,"HHE,HHN,HHZ",15001,100.0,ok,
PTGC.2021.057.02.54.44,PTGC,2021.057.02.54.44,2021-02-26T02:54:44.828393Z,3,"HHE,HHN,HHZ",15001,100.0,ok,
PTGC.2021.057.11.27.45,PTGC,2021.057.11.27.45,2021-02-26T11:27:45.998393Z,3,"HHE,HHN,HHZ",15001,100.0,ok,
PTGC.2021.057.18.36.26,PTGC,2021.057.18.36.26,2021-02-26T18:36:26.088393Z,3,"HHE,HHN,HHZ",15001,100.0,ok,
PTGC.2021.058.00.12.03,PTGC,2021.058.00.12.03,2021-02-27T00:12:03.518393Z,3,"HHE,HHN,HHZ",15001,100.0,ok,
PTGC.2021.058.05.07.47,PTGC,2021.058.05.07.47,2021-02-27T05:07:47.398393Z,3,"HHE,HHN,HHZ",15001,100.0,ok,
PTGC.2021.058.21.01.19,PTGC,2021.058.21.01.19,2021-02-27T21:01:19.928393Z,3,"HHE,HHN,HHZ",15000,100.0,discarded,too_short
PTGC.2021.059.07.29.11,PTGC,2021.059.07.29.11,2021-02-28T07:29:11.428393Z,3,"HHE,HHN,HHZ",15001,100.0,ok,
PTGC.2021.059.08.42.38,PTGC,2021.059.08.42.38,2021-02-28T08:42:38.778393Z,3,"HHE,HHN,HHZ",15001,100.0,ok,
PTGC.2021.059.09.11.06,PTGC,2021.059.09.11.06,2021-02-28T09:11:06.258393Z,3,"HHE,HHN,HHZ",15001,100.0,ok,
PTGC.2021.060.11.37.21,PTGC,2021.060.11.37.21,2021-03-01T11:37:21.958393Z,3,"HHE,HHN,HHZ",15001,100.0,ok,
PTGC.2021.060.18.29.32,PTGC,2021.060.18.29.32,2021-03-01T18:29:32.308393Z,3,"HHE,HHN,HHZ",15001,100.0,ok,
PTGC.2021.061.15.48.58,PTGC,2021.061.15.48.58,2021-03-02T15:48:58.368393Z,3,"HHE,HHN,HHZ",15001,100.0,ok,
PTGC.2021.062.03.03.33,PTGC,2021.062.03.03.33,2021-03-03T03:03:33.148393Z,3,"HHE,HHN,HHZ",15001,100.0,ok,
PTGC.2021.062.12.23.11,PTGC,2021.062.12.23.11,2021-03-03T12:23:11.318393Z,3,"HHE,HHN,HHZ",15001,100.0,ok,
PTGC.2021.062.23.28.44,PTGC,2021.062.23.28.44,2021-03-03T23:28:44.718393Z,3,"HHE,HHN,HHZ",15001,100.0,ok,
PTGC.2021.062.23.38.30,PTGC,2021.062.23.38.30,2021-03-03T23:38:30.078393Z,3,"HHE,HHN,HHZ",15001,100.0,ok,
PTGC.2021.063.08.41.23,PTGC,2021.063.08.41.23,2021-03-04T08:41:23.228393Z,3,"HHE,HHN,HHZ",15001,100.0,ok,
PTGC.2021.063.15.03.56,PTGC,2021.063.15.03.56,2021-03-04T15:03:56.988393Z,3,"HHE,HHN,HHZ",15001,100.0,ok,
PTGC.2021.063.21.12.36,PTGC,2021.063.21.12.36,2021-03-04T21:12:36.298393Z,3,"HHE,HHN,HHZ",15001,100.0,ok,
PTGC.2021.064.02.52.10,PTGC,2021.064.02.52.10,2021-03-05T02:52:10.408393Z,3,"HHE,HHN,HHZ",15001,100.0,ok,
PTGC.2021.064.08.02.59,PTGC,2021.064.08.02.59,2021-03-05T08:02:59.918393Z,3,"HHE,HHN,HHZ",15001,100.0,ok,
PTGC.2021.065.02.33.02,PTGC,2021.065.02.33.02,2021-03-06T02:33:02.678393Z,3,"HHE,HHN,HHZ",15001,100.0,ok,
PTGC.2021.065.03.13.49,PTGC,2021.065.03.13.49,2021-03-06T03:13:49.628393Z,3,"HHE,HHN,HHZ",15001,100.0,ok,
PTGC.2021.065.05.09.56,PTGC,2021.065.05.09.56,2021-03-06T05:09:56.738393Z,3,"HHE,HHN,HHZ",15001,100.0,ok,
PTGC.2021.065.07.56.54,PTGC,2021.065.07.56.54,2021-03-06T07:56:54.828393Z,3,"HHE,HHN,HHZ",15001,100.0,ok,
PTGC.2021.065.15.27.25,PTGC,2021.065.15.27.25,2021-03-06T15:27:25.828393Z,3,"HHE,HHN,HHZ",15001,100.0,ok,
PTGC.2021.065.21.36.35,PTGC,2021.065.21.36.35,2021-03-06T21:36:35.468391Z,3,"HHE,HHN,HHZ",15001,100.0,ok,
PTGC.2021.065.22.03.29,PTGC,2021.065.22.03.29,2021-03-06T22:03:29.368393Z,3,"HHE,HHN,HHZ",15001,100.0,ok,
PTGC.2021.066.04.38.51,PTGC,2021.066.04.38.51,2021-03-07T04:38:51.528393Z,3,"HHE,HHN,HHZ",15001,100.0,ok,
PTGC.2021.066.23.58.52,PTGC,2021.066.23.58.52,2021-03-07T23:58:52.368393Z,3,"HHE,HHN,HHZ",15001,100.0,ok,
PTGC.2021.067.00.46.48,PTGC,2021.067.00.46.48,2021-03-08T00:46:48.818393Z,3,"HHE,HHN,HHZ",15001,100.0,ok,
PTGC.2021.067.18.00.51,PTGC,2021.067.18.00.51,2021-03-08T18:00:51.268393Z,3,"HHE,HHN,HHZ",15001,100.0,ok,
PTGC.2021.067.21.38.38,PTGC,2021.067.21.38.38,2021-03-08T21:38:38.738393Z,3,"HHE,HHN,HHZ",15001,100.0,ok,
PTGC.2021.068.03.45.05,PTGC,2021.068.03.45.05,2021-03-09T03:45:05.338393Z,3,"HHE,HHN,HHZ",15001,100.0,ok,
PTGC.2021.068.06.00.58,PTGC,2021.068.06.00.58,2021-03-09T06:00:58.558393Z,3,"HHE,HHN,HHZ",15001,100.0,ok,
PTGC.2021.068.23.54.55,PTGC,2021.068.23.54.55,2021-03-09T23:54:55.028393Z,3,"HHE,HHN,HHZ",15001,100.0,ok,
PTGC.2021.069.06.29.06,PTGC,2021.069.06.29.06,2021-03-10T06:29:06.378393Z,3,"HHE,HHN,HHZ",15001,100.0,ok,
PTGC.2021.069.07.08.19,PTGC,2021.069.07.08.19,2021-03-10T07:08:19.428393Z,3,"HHE,HHN,HHZ",15001,100.0,ok,
PTGC.2021.069.15.46.42,PTGC,2021.069.15.46.42,2021-03-10T15:46:42.018393Z,3,"HHE,HHN,HHZ",15001,100.0,ok,
PTGC.2021.069.21.09.27,PTGC,2021.069.21.09.27,2021-03-10T21:09:27.898393Z,3,"HHE,HHN,HHZ",15001,100.0,ok,
PTGC.2021.070.00.34.30,PTGC,2021.070.00.34.30,2021-03-11T00:34:30.638393Z,3,"HHE,HHN,HHZ",15001,100.0,ok,
PTGC.2021.070.04.58.37,PTGC,2021.070.04.58.37,2021-03-11T04:58:37.588393Z,3,"HHE,HHN,HHZ",15001,100.0,ok,
PTGC.2021.070.14.21.23,PTGC,2021.070.14.21.23,2021-03-11T14:21:23.548393Z,3,"HHE,HHN,HHZ",15001,100.0,ok,
PTGC.2021.070.21.45.15,PTGC,2021.070.21.45.15,2021-03-11T21:45:15.608393Z,3,"HHE,HHN,HHZ",15001,100.0,ok,
PTGC.2021.070.22.39.37,PTGC,2021.070.22.39.37,2021-03-11T22:39:37.758393Z,3,"HHE,HHN,HHZ",15001,100.0,ok,
PTGC.2021.071.00.47.25,PTGC,2021.071.00.47.25,2021-03-12T00:47:25.678394Z,3,"HHE,HHN,HHZ",15001,100.0,ok,
PTGC.2021.071.01.21.43,PTGC,2021.071.01.21.43,2021-03-12T01:21:43.988393Z,3,"HHE,HHN,HHZ",15001,100.0,ok,
PTGC.2021.071.02.57.53,PTGC,2021.071.02.57.53,2021-03-12T02:57:53.688393Z,3,"HHE,HHN,HHZ",15001,100.0,ok,
PTGC.2021.071.08.16.55,PTGC,2021.071.08.16.55,2021-03-12T08:16:55.778391Z,3,"HHE,HHN,HHZ",15001,100.0,ok,
PTGC.2021.071.22.37.37,PTGC,2021.071.22.37.37,2021-03-12T22:37:37.768393Z,3,"HHE,HHN,HHZ",15001,100.0,ok,
PTGC.2021.072.01.14.56,PTGC,2021.072.01.14.56,2021-03-13T01:14:56.528393Z,3,"HHE,HHN,HHZ",15001,100.0,ok,
PTGC.2021.072.02.43.53,PTGC,2021.072.02.43.53,2021-03-13T02:43:53.488393Z,3,"HHE,HHN,HHZ",15001,100.0,ok,
PTGC.2021.072.18.12.28,PTGC,2021.072.18.12.28,2021-03-13T18:12:28.018393Z,3,"HHE,HHN,HHZ",15001,100.0,ok,
PTGC.2021.072.22.30.04,PTGC,2021.072.22.30.04,2021-03-13T22:30:04.638393Z,3,"HHE,HHN,HHZ",15001,100.0,ok,
PTGC.2021.073.03.27.53,PTGC,2021.073.03.27.53,2021-03-14T03:27:53.608393Z,3,"HHE,HHN,HHZ",15001,100.0,ok,
PTGC.2021.073.17.43.30,PTGC,2021.073.17.43.30,2021-03-14T17:43:30.568393Z,3,"HHE,HHN,HHZ",15001,100.0,ok,
PTGC.2021.073.19.28.09,PTGC,2021.073.19.28.09,2021-03-14T19:28:09.258393Z,3,"HHE,HHN,HHZ",15001,100.0,ok,
PTGC.2021.073.19.51.47,PTGC,2021.073.19.51.47,2021-03-14T19:51:47.838393Z,3,"HHE,HHN,HHZ",15001,100.0,ok,
PTGC.2021.074.15.02.18,PTGC,2021.074.15.02.18,2021-03-15T15:02:18.818393Z,3,"HHE,HHN,HHZ",15001,100.0,ok,
PTGC.2021.076.05.30.16,PTGC,2021.076.05.30.16,2021-03-17T05:30:16.208391Z,3,"HHE,HHN,HHZ",15001,100.0,ok,
PTGC.2021.076.08.10.45,PTGC,2021.076.08.10.45,2021-03-17T08:10:45.918393Z,3,"HHE,HHN,HHZ",15001,100.0,ok,
PTGC.2021.076.10.35.16,PTGC,2021.076.10.35.16,2021-03-17T10:35:16.728393Z,3,"HHE,HHN,HHZ",15001,100.0,ok,
PTGC.2021.077.05.51.13,PTGC,2021.077.05.51.13,2021-03-18T05:51:13.008393Z,3,"HHE,HHN,HHZ",15001,100.0,ok,
PTGC.2021.077.22.35.12,PTGC,2021.077.22.35.12,2021-03-18T22:35:12.998393Z,3,"HHE,HHN,HHZ",15001,100.0,ok,
PTGC.2021.077.22.42.22,PTGC,2021.077.22.42.22,2021-03-18T22:42:22.498393Z,3,"HHE,HHN,HHZ",15001,100.0,ok,
PTGC.2021.080.08.53.48,PTGC,2021.080.08.53.48,2021-03-21T08:53:48.298393Z,3,"HHE,HHN,HHZ",15001,100.0,ok,
PTGC.2021.080.16.10.32,PTGC,2021.080.16.10.32,2021-03-21T16:10:32.768393Z,3,"HHE,HHN,HHZ",15001,100.0,ok,
PTGC.2021.080.16.30.30,PTGC,2021.080.16.30.30,2021-03-21T16:30:30.748393Z,3,"HHE,HHN,HHZ",15001,100.0,ok,
PTGC.2021.081.17.26.40,PTGC,2021.081.17.26.40,2021-03-22T17:26:40.978393Z,3,"HHE,HHN,HHZ",15001,100.0,ok,
PTGC.2021.081.22.30.57,PTGC,2021.081.22.30.57,2021-03-22T22:30:57.068393Z,3,"HHE,HHN,HHZ",15001,100.0,ok,
PTGC.2021.081.22.39.50,PTGC,2021.081.22.39.50,2021-03-22T22:39:50.848393Z,3,"HHE,HHN,HHZ",15001,100.0,ok,
PTGC.2021.082.00.06.34,PTGC,2021.082.00.06.34,2021-03-23T00:06:34.388393Z,3,"HHE,HHN,HHZ",15001,100.0,ok,
PTGC.2021.082.06.41.25,PTGC,2021.082.06.41.25,2021-03-23T06:41:25.328393Z,3,"HHE,HHN,HHZ",15001,100.0,ok,
PTGC.2021.082.10.37.01,PTGC,2021.082.10.37.01,2021-03-23T10:37:01.008393Z,3,"HHE,HHN,HHZ",15001,100.0,ok,
PTGC.2021.083.07.21.24,PTGC,2021.083.07.21.24,2021-03-24T07:21:24.058393Z,3,"HHE,HHN,HHZ",15001,100.0,ok,
PTGC.2021.084.07.33.51,PTGC,2021.084.07.33.51,2021-03-25T07:33:51.048393Z,3,"HHE,HHN,HHZ",15001,100.0,ok,
PTGC.2021.084.12.46.39,PTGC,2021.084.12.46.39,2021-03-25T12:46:39.408393Z,3,"HHE,HHN,HHZ",15001,100.0,ok,
PTGC.2021.085.14.06.06,PTGC,2021.085.14.06.06,2021-03-26T14:06:06.658393Z,3,"HHE,HHN,HHZ",15001,100.0,ok,
PTGC.2021.085.19.31.07,PTGC,2021.085.19.31.07,2021-03-26T19:31:07.178393Z,3,"HHE,HHN,HHZ",15001,100.0,ok,
PTGC.2021.086.09.07.25,PTGC,2021.086.09.07.25,2021-03-27T09:07:25.208393Z,3,"HHE,HHN,HHZ",15001,100.0,ok,
PTGC.2021.087.05.51.17,PTGC,2021.087.05.51.17,2021-03-28T05:51:17.048391Z,3,"HHE,HHN,HHZ",15001,100.0,ok,
PTGC.2021.087.06.47.56,PTGC,2021.087.06.47.56,2021-03-28T06:47:56.638393Z,3,"HHE,HHN,HHZ",15001,100.0,ok,
PTGC.2021.087.10.25.23,PTGC,2021.087.10.25.23,2021-03-28T10:25:23.868393Z,3,"HHE,HHN,HHZ",15001,100.0,ok,
PTGC.2021.087.15.01.08,PTGC,2021.087.15.01.08,2021-03-28T15:01:08.378391Z,3,"HHE,HHN,HHZ",15001,100.0,ok,
PTGC.2021.087.15.08.30,PTGC,2021.087.15.08.30,2021-03-28T15:08:30.128393Z,3,"HHE,HHN,HHZ",15001,100.0,ok,
PTGC.2021.087.15.11.54,PTGC,2021.087.15.11.54,2021-03-28T15:11:54.988393Z,3,"HHE,HHN,HHZ",15001,100.0,ok,
PTGC.2021.087.15.52.03,PTGC,2021.087.15.52.03,2021-03-28T15:52:03.038393Z,3,"HHE,HHN,HHZ",15001,100.0,ok,
PTGC.2021.087.16.43.38,PTGC,2021.087.16.43.38,2021-03-28T16:43:38.628394Z,3,"HHE,HHN,HHZ",15001,100.0,ok,
PTGC.2021.087.17.34.00,PTGC,2021.087.17.34.00,2021-03-28T17:34:00.498393Z,3,"HHE,HHN,HHZ",15001,100.0,ok,
PTGC.2021.087.17.49.57,PTGC,2021.087.17.49.57,2021-03-28T17:49:57.338393Z,3,"HHE,HHN,HHZ",15001,100.0,ok,
PTGC.2021.087.23.22.14,PTGC,2021.087.23.22.14,2021-03-28T23:22:14.158393Z,3,"HHE,HHN,HHZ",15001,100.0,ok,
PTGC.2021.088.02.43.07,PTGC,2021.088.02.43.07,2021-03-29T02:43:07.468393Z,3,"HHE,HHN,HHZ",15001,100.0,ok,
PTGC.2021.088.03.00.04,PTGC,2021.088.03.00.04,2021-03-29T03:00:04.388393Z,3,"HHE,HHN,HHZ",15001,100.0,ok,
PTGC.2021.088.03.18.21,PTGC,2021.088.03.18.21,2021-03-29T03:18:21.858393Z,3,"HHE,HHN,HHZ",15001,100.0,ok,
PTGC.2021.088.04.27.38,PTGC,2021.088.04.27.38,2021-03-29T04:27:38.428393Z,3,"HHE,HHN,HHZ",15001,100.0,ok,
PTGC.2021.088.04.45.17,PTGC,2021.088.04.45.17,2021-03-29T04:45:17.588393Z,3,"HHE,HHN,HHZ",15001,100.0,ok,
PTGC.2021.088.07.38.46,PTGC,2021.088.07.38.46,2021-03-29T07:38:46.718393Z,3,"HHE,HHN,HHZ",15001,100.0,ok,
PTGC.2021.088.13.01.54,PTGC,2021.088.13.01.54,2021-03-29T13:01:54.118393Z,3,"HHE,HHN,HHZ",15001,100.0,ok,
PTGC.2021.088.14.20.58,PTGC,2021.088.14.20.58,2021-03-29T14:20:58.598393Z,3,"HHE,HHN,HHZ",15001,100.0,ok,
PTGC.2021.088.17.07.39,PTGC,2021.088.17.07.39,2021-03-29T17:07:39.368393Z,3,"HHE,HHN,HHZ",15001,100.0,ok,
PTGC.2021.088.20.18.09,PTGC,2021.088.20.18.09,2021-03-29T20:18:09.008393Z,3,"HHE,HHN,HHZ",15001,100.0,ok,
PTGC.2021.088.23.41.52,PTGC,2021.088.23.41.52,2021-03-29T23:41:52.758393Z,3,"HHE,HHN,HHZ",15001,100.0,ok,
PTGC.2021.089.00.11.09,PTGC,2021.089.00.11.09,2021-03-30T00:11:09.538393Z,3,"HHE,HHN,HHZ",15001,100.0,ok,
PTGC.2021.089.05.30.41,PTGC,2021.089.05.30.41,2021-03-30T05:30:41.698393Z,3,"HHE,HHN,HHZ",15001,100.0,ok,
PTGC.2021.089.12.14.48,PTGC,2021.089.12.14.48,2021-03-30T12:14:48.218393Z,3,"HHE,HHN,HHZ",15001,100.0,ok,
PTGC.2021.089.14.21.31,PTGC,2021.089.14.21.31,2021-03-30T14:21:31.578393Z,3,"HHE,HHN,HHZ",15001,100.0,ok,
PTGC.2021.089.18.22.18,PTGC,2021.089.18.22.18,2021-03-30T18:22:18.978393Z,3,"HHE,HHN,HHZ",15001,100.0,ok,
PTGC.2021.089.22.41.03,PTGC,2021.089.22.41.03,2021-03-30T22:41:03.118391Z,3,"HHE,HHN,HHZ",15001,100.0,ok,
PTGC.2021.090.03.34.25,PTGC,2021.090.03.34.25,2021-03-31T03:34:25.458393Z,3,"HHE,HHN,HHZ",15001,100.0,ok,
PTGC.2021.090.09.54.24,PTGC,2021.090.09.54.24,2021-03-31T09:54:24.088393Z,3,"HHE,HHN,HHZ",15001,100.0,ok,
PTGC.2021.090.21.10.11,PTGC,2021.090.21.10.11,2021-03-31T21:10:11.908393Z,3,"HHE,HHN,HHZ",15001,100.0,ok,
PTGC.2021.091.00.12.36,PTGC,2021.091.00.12.36,2021-04-01T00:12:36.898393Z,3,"HHE,HHN,HHZ",15001,100.0,ok,
PTGC.2021.091.03.33.02,PTGC,2021.091.03.33.02,2021-04-01T03:33:02.218393Z,3,"HHE,HHN,HHZ",15001,100.0,ok,
PTGC.2021.091.08.11.06,PTGC,2021.091.08.11.06,2021-04-01T08:11:06.398393Z,3,"HHE,HHN,HHZ",15001,100.0,ok,
PTGC.2021.091.18.11.54,PTGC,2021.091.18.11.54,2021-04-01T18:11:54.178391Z,3,"HHE,HHN,HHZ",15001,100.0,ok,
PTGC.2021.091.19.54.24,PTGC,2021.091.19.54.24,2021-04-01T19:54:24.368391Z,3,"HHE,HHN,HHZ",15001,100.0,ok,
PTGC.2021.093.02.31.37,PTGC,2021.093.02.31.37,2021-04-03T02:31:37.818393Z,3,"HHE,HHN,HHZ",15001,100.0,ok,
PTGC.2021.093.11.18.27,PTGC,2021.093.11.18.27,2021-04-03T11:18:27.308393Z,3,"HHE,HHN,HHZ",15001,100.0,ok,
PTGC.2021.093.12.41.05,PTGC,2021.093.12.41.05,2021-04-03T12:41:05.088391Z,3,"HHE,HHN,HHZ",15001,100.0,ok,
PTGC.2021.093.20.27.29,PTGC,2021.093.20.27.29,2021-04-03T20:27:29.878393Z,3,"HHE,HHN,HHZ",15001,100.0,ok,
PTGC.2021.094.07.30.17,PTGC,2021.094.07.30.17,2021-04-04T07:30:17.018393Z,3,"HHE,HHN,HHZ",15001,100.0,ok,
PTGC.2021.094.10.21.15,PTGC,2021.094.10.21.15,2021-04-04T10:21:15.168393Z,3,"HHE,HHN,HHZ",15001,100.0,ok,
PTGC.2021.094.17.42.56,PTGC,2021.094.17.42.56,2021-04-04T17:42:56.708393Z,3,"HHE,HHN,HHZ",15001,100.0,ok,
PTGC.2021.094.18.53.17,PTGC,2021.094.18.53.17,2021-04-04T18:53:17.738393Z,3,"HHE,HHN,HHZ",15001,100.0,ok,
PTGC.2021.094.19.12.27,PTGC,2021.094.19.12.27,2021-04-04T19:12:27.278393Z,3,"HHE,HHN,HHZ",15001,100.0,ok,
PTGC.2021.095.00.46.16,PTGC,2021.095.00.46.16,2021-04-05T00:46:16.288393Z,3,"HHE,HHN,HHZ",15001,100.0,ok,
PTGC.2021.095.02.34.49,PTGC,2021.095.02.34.49,2021-04-05T02:34:49.208393Z,3,"HHE,HHN,HHZ",15001,100.0,ok,
PTGC.2021.095.03.18.52,PTGC,2021.095.03.18.52,2021-04-05T03:18:52.388393Z,3,"HHE,HHN,HHZ",15001,100.0,ok,
PTGC.2021.095.07.06.42,PTGC,2021.095.07.06.42,2021-04-05T07:06:42.828393Z,3,"HHE,HHN,HHZ",15001,100.0,ok,
PTGC.2021.095.17.17.09,PTGC,2021.095.17.17.09,2021-04-05T17:17:09.488393Z,3,"HHE,HHN,HHZ",15001,100.0,ok,
PTGC.2021.095.18.15.54,PTGC,2021.095.18.15.54,2021-04-05T18:15:54.988393Z,3,"HHE,HHN,HHZ",15001,100.0,ok,
PTGC.2021.095.23.15.44,PTGC,2021.095.23.15.44,2021-04-05T23:15:44.968393Z,3,"HHE,HHN,HHZ",15001,100.0,ok,
PTGC.2021.097.03.16.21,PTGC,2021.097.03.16.21,2021-04-07T03:16:21.398393Z,3,"HHE,HHN,HHZ",15001,100.0,ok,
PTGC.2021.097.18.27.03,PTGC,2021.097.18.27.03,2021-04-07T18:27:03.648393Z,3,"HHE,HHN,HHZ",15001,100.0,ok,
PTGC.2021.098.14.52.01,PTGC,2021.098.14.52.01,2021-04-08T14:52:01.698393Z,3,"HHE,HHN,HHZ",15001,100.0,ok,
PTGC.2021.098.15.55.53,PTGC,2021.098.15.55.53,2021-04-08T15:55:53.588393Z,3,"HHE,HHN,HHZ",15001,100.0,ok,
PTGC.2021.099.00.29.24,PTGC,2021.099.00.29.24,2021-04-09T00:29:24.098393Z,3,"HHE,HHN,HHZ",15000,100.0,discarded,too_short
PTGC.2021.099.08.28.30,PTGC,2021.099.08.28.30,2021-04-09T08:28:30.498393Z,3,"HHE,HHN,HHZ",15001,100.0,ok,
PTGC.2021.100.00.25.56,PTGC,2021.100.00.25.56,2021-04-10T00:25:56.628391Z,3,"HHE,HHN,HHZ",15001,100.0,ok,
PTGC.2021.100.02.08.59,PTGC,2021.100.02.08.59,2021-04-10T02:08:59.068393Z,3,"HHE,HHN,HHZ",15001,100.0,ok,
PTGC.2021.100.06.41.22,PTGC,2021.100.06.41.22,2021-04-10T06:41:22.638393Z,3,"HHE,HHN,HHZ",15001,100.0,ok,
PTGC.2021.101.02.00.56,PTGC,2021.101.02.00.56,2021-04-11T02:00:56.498391Z,3,"HHE,HHN,HHZ",15001,100.0,ok,
PTGC.2021.101.04.54.08,PTGC,2021.101.04.54.08,2021-04-11T04:54:08.038393Z,3,"HHE,HHN,HHZ",15001,100.0,ok,
PTGC.2021.101.11.41.33,PTGC,2021.101.11.41.33,2021-04-11T11:41:33.368393Z,3,"HHE,HHN,HHZ",15001,100.0,ok,
PTGC.2021.101.11.50.14,PTGC,2021.101.11.50.14,2021-04-11T11:50:14.058393Z,3,"HHE,HHN,HHZ",15001,100.0,ok,
PTGC.2021.101.11.51.20,PTGC,2021.101.11.51.20,2021-04-11T11:51:20.998393Z,3,"HHE,HHN,HHZ",15001,100.0,ok,
PTGC.2021.101.12.01.55,PTGC,2021.101.12.01.55,2021-04-11T12:01:55.248393Z,3,"HHE,HHN,HHZ",15001,100.0,ok,
PTGC.2021.101.12.15.57,PTGC,2021.101.12.15.57,2021-04-11T12:15:56.998393Z,3,"HHE,HHN,HHZ",15001,100.0,ok,
PTGC.2021.101.13.40.50,PTGC,2021.101.13.40.50,2021-04-11T13:40:50.048393Z,3,"HHE,HHN,HHZ",15001,100.0,ok,
PTGC.2021.101.13.44.18,PTGC,2021.101.13.44.18,2021-04-11T13:44:18.198393Z,3,"HHE,HHN,HHZ",15001,100.0,ok,
PTGC.2021.102.06.11.10,PTGC,2021.102.06.11.10,2021-04-12T06:11:10.578393Z,3,"HHE,HHN,HHZ",15001,100.0,ok,
PTGC.2021.102.15.32.12,PTGC,2021.102.15.32.12,2021-04-12T15:32:12.048393Z,3,"HHE,HHN,HHZ",15001,100.0,ok,
PTGC.2021.103.08.25.38,PTGC,2021.103.08.25.38,2021-04-13T08:25:38.468393Z,3,"HHE,HHN,HHZ",15001,100.0,ok,
PTGC.2021.104.00.43.25,PTGC,2021.104.00.43.25,2021-04-14T00:43:25.228393Z,3,"HHE,HHN,HHZ",15001,100.0,ok,
PTGC.2021.104.15.53.08,PTGC,2021.104.15.53.08,2021-04-14T15:53:08.528393Z,3,"HHE,HHN,HHZ",15001,100.0,ok,
PTGC.2021.105.04.03.47,PTGC,2021.105.04.03.47,2021-04-15T04:03:47.918393Z,3,"HHE,HHN,HHZ",15001,100.0,ok,
PTGC.2021.107.16.02.05,PTGC,2021.107.16.02.05,2021-04-17T16:02:05.148393Z,3,"HHE,HHN,HHZ",15001,100.0,ok,
PTGC.2021.107.20.53.25,PTGC,2021.107.20.53.25,2021-04-17T20:53:25.918391Z,3,"HHE,HHN,HHZ",15001,100.0,ok,
PTGC.2021.108.04.13.53,PTGC,2021.108.04.13.53,2021-04-18T04:13:53.408393Z,3,"HHE,HHN,HHZ",15001,100.0,ok,
PTGC.2021.108.08.51.54,PTGC,2021.108.08.51.54,2021-04-18T08:51:54.658393Z,3,"HHE,HHN,HHZ",15001,100.0,ok,
PTGC.2021.109.23.01.00,PTGC,2021.109.23.01.00,2021-04-19T23:01:00.158394Z,3,"HHE,HHN,HHZ",15001,100.0,ok,
PTGC.2021.110.00.36.12,PTGC,2021.110.00.36.12,2021-04-20T00:36:12.598393Z,3,"HHE,HHN,HHZ",15001,100.0,ok,
PTGC.2021.110.06.15.57,PTGC,2021.110.06.15.57,2021-04-20T06:15:57.688393Z,3,"HHE,HHN,HHZ",15001,100.0,ok,
PTGC.2021.110.13.16.41,PTGC,2021.110.13.16.41,2021-04-20T13:16:41.388393Z,3,"HHE,HHN,HHZ",15001,100.0,ok,
PTGC.2021.110.17.52.40,PTGC,2021.110.17.52.40,2021-04-20T17:52:40.218393Z,3,"HHE,HHN,HHZ",15001,100.0,ok,
PTGC.2021.111.13.31.42,PTGC,2021.111.13.31.42,2021-04-21T13:31:42.248393Z,3,"HHE,HHN,HHZ",15001,100.0,ok,
PTGC.2021.112.13.08.47,PTGC,2021.112.13.08.47,2021-04-22T13:08:47.088393Z,3,"HHE,HHN,HHZ",15001,100.0,ok,
PTGC.2021.112.13.15.52,PTGC,2021.112.13.15.52,2021-04-22T13:15:52.738393Z,3,"HHE,HHN,HHZ",15001,100.0,ok,
PTGC.2021.112.15.05.16,PTGC,2021.112.15.05.16,2021-04-22T15:05:16.788391Z,3,"HHE,HHN,HHZ",15001,100.0,ok,
PTGC.2021.112.19.56.44,PTGC,2021.112.19.56.44,2021-04-22T19:56:44.198393Z,3,"HHE,HHN,HHZ",15001,100.0,ok,
PTGC.2021.113.01.57.24,PTGC,2021.113.01.57.24,2021-04-23T01:57:24.248393Z,3,"HHE,HHN,HHZ",15001,100.0,ok,
PTGC.2021.113.06.37.55,PTGC,2021.113.06.37.55,2021-04-23T06:37:55.548393Z,3,"HHE,HHN,HHZ",15001,100.0,ok,
PTGC.2021.113.14.05.46,PTGC,2021.113.14.05.46,2021-04-23T14:05:46.228393Z,3,"HHE,HHN,HHZ",15001,100.0,ok,
PTGC.2021.114.05.01.10,PTGC,2021.114.05.01.10,2021-04-24T05:01:10.058393Z,3,"HHE,HHN,HHZ",15001,100.0,ok,
PTGC.2021.115.10.14.44,PTGC,2021.115.10.14.44,2021-04-25T10:14:44.788393Z,3,"HHE,HHN,HHZ",15001,100.0,ok,
PTGC.2021.116.17.58.26,PTGC,2021.116.17.58.26,2021-04-26T17:58:26.468393Z,3,"HHE,HHN,HHZ",15001,100.0,ok,
PTGC.2021.117.04.33.17,PTGC,2021.117.04.33.17,2021-04-27T04:33:17.668393Z,3,"HHE,HHN,HHZ",15001,100.0,ok,
PTGC.2021.117.08.15.52,PTGC,2021.117.08.15.52,2021-04-27T08:15:52.378393Z,3,"HHE,HHN,HHZ",15001,100.0,ok,
PTGC.2021.117.11.43.38,PTGC,2021.117.11.43.38,2021-04-27T11:43:38.768393Z,3,"HHE,HHN,HHZ",15001,100.0,ok,
PTGC.2021.118.07.40.10,PTGC,2021.118.07.40.10,2021-04-28T07:40:10.738393Z,3,"HHE,HHN,HHZ",15001,100.0,ok,
PTGC.2021.118.08.52.41,PTGC,2021.118.08.52.41,2021-04-28T08:52:41.288393Z,3,"HHE,HHN,HHZ",15001,100.0,ok,
PTGC.2021.118.09.34.18,PTGC,2021.118.09.34.18,2021-04-28T09:34:18.928393Z,3,"HHE,HHN,HHZ",15001,100.0,ok,
PTGC.2021.118.22.27.46,PTGC,2021.118.22.27.46,2021-04-28T22:27:46.088393Z,3,"HHE,HHN,HHZ",15001,100.0,ok,
PTGC.2021.119.09.08.26,PTGC,2021.119.09.08.26,2021-04-29T09:08:26.618393Z,3,"HHE,HHN,HHZ",15001,100.0,ok,
PTGC.2021.119.13.18.28,PTGC,2021.119.13.18.28,2021-04-29T13:18:28.868393Z,3,"HHE,HHN,HHZ",15001,100.0,ok,
PTGC.2021.120.09.04.53,PTGC,2021.120.09.04.53,2021-04-30T09:04:53.598391Z,3,"HHE,HHN,HHZ",15001,100.0,ok,
PTGC.2021.120.10.34.42,PTGC,2021.120.10.34.42,2021-04-30T10:34:42.368393Z,3,"HHE,HHN,HHZ",15001,100.0,ok,
PTGC.2021.120.21.07.40,PTGC,2021.120.21.07.40,2021-04-30T21:07:40.128393Z,3,"HHE,HHN,HHZ",15001,100.0,ok,
PTGC.2021.120.22.55.38,PTGC,2021.120.22.55.38,2021-04-30T22:55:38.048393Z,3,"HHE,HHN,HHZ",15001,100.0,ok,
PTGC.2021.122.05.48.46,PTGC,2021.122.05.48.46,2021-05-02T05:48:46.298393Z,3,"HHE,HHN,HHZ",15001,100.0,ok,
PTGC.2021.122.06.51.48,PTGC,2021.122.06.51.48,2021-05-02T06:51:48.518393Z,3,"HHE,HHN,HHZ",15001,100.0,ok,
PTGC.2021.122.08.30.27,PTGC,2021.122.08.30.27,2021-05-02T08:30:27.448393Z,3,"HHE,HHN,HHZ",15001,100.0,ok,
PTGC.2021.122.15.09.54,PTGC,2021.122.15.09.54,2021-05-02T15:09:54.108393Z,3,"HHE,HHN,HHZ",15001,100.0,ok,
PTGC.2021.122.17.17.06,PTGC,2021.122.17.17.06,2021-05-02T17:17:06.718393Z,3,"HHE,HHN,HHZ",15001,100.0,ok,
PTGC.2021.125.10.44.19,PTGC,2021.125.10.44.19,2021-05-05T10:44:19.578393Z,3,"HHE,HHN,HHZ",15001,100.0,ok,
PTGC.2021.125.14.07.17,PTGC,2021.125.14.07.17,2021-05-05T14:07:17.058393Z,3,"HHE,HHN,HHZ",15001,100.0,ok,
PTGC.2021.125.17.52.26,PTGC,2021.125.17.52.26,2021-05-05T17:52:26.108393Z,3,"HHE,HHN,HHZ",15001,100.0,ok,
PTGC.2021.125.18.27.19,PTGC,2021.125.18.27.19,2021-05-05T18:27:19.798393Z,3,"HHE,HHN,HHZ",15001,100.0,ok,
PTGC.2021.125.21.20.21,PTGC,2021.125.21.20.21,2021-05-05T21:20:21.318391Z,3,"HHE,HHN,HHZ",15001,100.0,ok,
PTGC.2021.126.02.56.07,PTGC,2021.126.02.56.07,2021-05-06T02:56:07.138393Z,3,"HHE,HHN,HHZ",15001,100.0,ok,
PTGC.2021.128.01.06.31,PTGC,2021.128.01.06.31,2021-05-08T01:06:31.138393Z,3,"HHE,HHN,HHZ",15001,100.0,ok,
PTGC.2021.128.03.05.44,PTGC,2021.128.03.05.44,2021-05-08T03:05:44.028393Z,3,"HHE,HHN,HHZ",15001,100.0,ok,
PTGC.2021.128.05.10.03,PTGC,2021.128.05.10.03,2021-05-08T05:10:03.058393Z,3,"HHE,HHN,HHZ",15001,100.0,ok,
PTGC.2021.128.11.25.52,PTGC,2021.128.11.25.52,2021-05-08T11:25:52.028393Z,3,"HHE,HHN,HHZ",15001,100.0,ok,
PTGC.2021.128.15.39.40,PTGC,2021.128.15.39.40,2021-05-08T15:39:40.758393Z,3,"HHE,HHN,HHZ",15001,100.0,ok,
PTGC.2021.129.06.01.55,PTGC,2021.129.06.01.55,2021-05-09T06:01:55.298393Z,3,"HHE,HHN,HHZ",15001,100.0,ok,
PTGC.2021.130.04.13.45,PTGC,2021.130.04.13.45,2021-05-10T04:13:45.408393Z,3,"HHE,HHN,HHZ",15001,100.0,ok,
PTGC.2021.130.04.49.40,PTGC,2021.130.04.49.40,2021-05-10T04:49:40.198393Z,3,"HHE,HHN,HHZ",15001,100.0,ok,
PTGC.2021.130.22.04.41,PTGC,2021.130.22.04.41,2021-05-10T22:04:41.418393Z,3,"HHE,HHN,HHZ",15001,100.0,ok,
PTGC.2021.131.09.46.59,PTGC,2021.131.09.46.59,2021-05-11T09:46:59.368393Z,3,"HHE,HHN,HHZ",15001,100.0,ok,
PTGC.2021.131.17.30.17,PTGC,2021.131.17.30.17,2021-05-11T17:30:17.338393Z,3,"HHE,HHN,HHZ",15001,100.0,ok,
PTGC.2021.132.15.14.18,PTGC,2021.132.15.14.18,2021-05-12T15:14:18.438393Z,3,"HHE,HHN,HHZ",15001,100.0,ok,
PTGC.2021.132.23.36.57,PTGC,2021.132.23.36.57,2021-05-12T23:36:57.698393Z,3,"HHE,HHN,HHZ",15001,100.0,ok,
PTGC.2021.133.09.31.39,PTGC,2021.133.09.31.39,2021-05-13T09:31:39.878393Z,3,"HHE,HHN,HHZ",15001,100.0,ok,
PTGC.2021.133.20.25.20,PTGC,2021.133.20.25.20,2021-05-13T20:25:20.958393Z,3,"HHE,HHN,HHZ",15001,100.0,ok,
PTGC.2021.134.00.34.34,PTGC,2021.134.00.34.34,2021-05-14T00:34:34.818393Z,3,"HHE,HHN,HHZ",15001,100.0,ok,
PTGC.2021.134.00.36.32,PTGC,2021.134.00.36.32,2021-05-14T00:36:32.958393Z,3,"HHE,HHN,HHZ",15001,100.0,ok,
PTGC.2021.134.16.44.11,PTGC,2021.134.16.44.11,2021-05-14T16:44:11.638393Z,3,"HHE,HHN,HHZ",15001,100.0,ok,
PTGC.2021.135.02.27.06,PTGC,2021.135.02.27.06,2021-05-15T02:27:06.678393Z,3,"HHE,HHN,HHZ",15001,100.0,ok,
PTGC.2021.135.04.51.12,PTGC,2021.135.04.51.12,2021-05-15T04:51:12.548393Z,3,"HHE,HHN,HHZ",15001,100.0,ok,
PTGC.2021.135.08.31.12,PTGC,2021.135.08.31.12,2021-05-15T08:31:12.778393Z,3,"HHE,HHN,HHZ",15001,100.0,ok,
PTGC.2021.135.15.14.08,PTGC,2021.135.15.14.08,2021-05-15T15:14:08.358391Z,3,"HHE,HHN,HHZ",15001,100.0,ok,
PTGC.2021.135.18.56.49,PTGC,2021.135.18.56.49,2021-05-15T18:56:49.848393Z,3,"HHE,HHN,HHZ",15001,100.0,ok,
PTGC.2021.136.05.03.24,PTGC,2021.136.05.03.24,2021-05-16T05:03:24.088393Z,3,"HHE,HHN,HHZ",15001,100.0,ok,
PTGC.2021.136.15.10.31,PTGC,2021.136.15.10.31,2021-05-16T15:10:31.158393Z,3,"HHE,HHN,HHZ",15001,100.0,ok,
PTGC.2021.136.20.29.24,PTGC,2021.136.20.29.24,2021-05-16T20:29:24.988393Z,3,"HHE,HHN,HHZ",15001,100.0,ok,
PTGC.2021.137.00.38.44,PTGC,2021.137.00.38.44,2021-05-17T00:38:44.288393Z,3,"HHE,HHN,HHZ",15001,100.0,ok,
PTGC.2021.137.01.09.24,PTGC,2021.137.01.09.24,2021-05-17T01:09:24.388393Z,3,"HHE,HHN,HHZ",15001,100.0,ok,
PTGC.2021.137.05.07.22,PTGC,2021.137.05.07.22,2021-05-17T05:07:22.788393Z,3,"HHE,HHN,HHZ",15001,100.0,ok,
PTGC.2021.137.08.14.05,PTGC,2021.137.08.14.05,2021-05-17T08:14:05.708393Z,3,"HHE,HHN,HHZ",15001,100.0,ok,
PTGC.2021.137.20.13.25,PTGC,2021.137.20.13.25,2021-05-17T20:13:25.468393Z,3,"HHE,HHN,HHZ",15001,100.0,ok,
PTGC.2021.137.20.47.22,PTGC,2021.137.20.47.22,2021-05-17T20:47:22.468393Z,3,"HHE,HHN,HHZ",15001,100.0,ok,
PTGC.2021.138.03.47.40,PTGC,2021.138.03.47.40,2021-05-18T03:47:40.328393Z,3,"HHE,HHN,HHZ",15001,100.0,ok,
PTGC.2021.138.10.14.34,PTGC,2021.138.10.14.34,2021-05-18T10:14:34.338393Z,3,"HHE,HHN,HHZ",15001,100.0,ok,
PTGC.2021.138.18.49.02,PTGC,2021.138.18.49.02,2021-05-18T18:49:02.838393Z,3,"HHE,HHN,HHZ",15001,100.0,ok,
PTGC.2021.138.21.18.45,PTGC,2021.138.21.18.45,2021-05-18T21:18:45.868393Z,3,"HHE,HHN,HHZ",15000,100.0,discarded,too_short
PTGC.2021.139.06.45.54,PTGC,2021.139.06.45.54,2021-05-19T06:45:54.108393Z,3,"HHE,HHN,HHZ",15001,100.0,ok,
PTGC.2021.139.16.57.00,PTGC,2021.139.16.57.00,2021-05-19T16:57:00.728391Z,3,"HHE,HHN,HHZ",15001,100.0,ok,
PTGC.2021.139.17.23.08,PTGC,2021.139.17.23.08,2021-05-19T17:23:08.328393Z,3,"HHE,HHN,HHZ",15001,100.0,ok,
PTGC.2021.140.06.45.10,PTGC,2021.140.06.45.10,2021-05-20T06:45:10.428393Z,3,"HHE,HHN,HHZ",15001,100.0,ok,
PTGC.2021.140.06.53.33,PTGC,2021.140.06.53.33,2021-05-20T06:53:33.078393Z,3,"HHE,HHN,HHZ",15001,100.0,ok,
PTGC.2021.140.08.33.48,PTGC,2021.140.08.33.48,2021-05-20T08:33:48.908393Z,3,"HHE,HHN,HHZ",15001,100.0,ok,
PTGC.2021.140.16.04.41,PTGC,2021.140.16.04.41,2021-05-20T16:04:41.208391Z,3,"HHE,HHN,HHZ",15001,100.0,ok,
PTGC.2021.140.18.59.08,PTGC,2021.140.18.59.08,2021-05-20T18:59:08.818393Z,3,"HHE,HHN,HHZ",15001,100.0,ok,
PTGC.2021.142.12.43.39,PTGC,2021.142.12.43.39,2021-05-22T12:43:39.868393Z,3,"HHE,HHN,HHZ",15001,100.0,ok,
PTGC.2021.142.16.54.37,PTGC,2021.142.16.54.37,2021-05-22T16:54:37.718393Z,3,"HHE,HHN,HHZ",15001,100.0,ok,
PTGC.2021.142.18.45.42,PTGC,2021.142.18.45.42,2021-05-22T18:45:42.138391Z,3,"HHE,HHN,HHZ",15001,100.0,ok,
PTGC.2021.143.11.53.40,PTGC,2021.143.11.53.40,2021-05-23T11:53:40.298393Z,3,"HHE,HHN,HHZ",15001,100.0,ok,
PTGC.2021.145.01.03.26,PTGC,2021.145.01.03.26,2021-05-25T01:03:26.788393Z,3,"HHE,HHN,HHZ",15001,100.0,ok,
PTGC.2021.145.01.16.56,PTGC,2021.145.01.16.56,2021-05-25T01:16:56.258393Z,3,"HHE,HHN,HHZ",15001,100.0,ok,
PTGC.2021.145.12.22.51,PTGC,2021.145.12.22.51,2021-05-25T12:22:51.708393Z,3,"HHE,HHN,HHZ",15001,100.0,ok,
PTGC.2021.145.19.53.11,PTGC,2021.145.19.53.11,2021-05-25T19:53:11.898393Z,3,"HHE,HHN,HHZ",15001,100.0,ok,
PTGC.2021.146.16.10.04,PTGC,2021.146.16.10.04,2021-05-26T16:10:04.688393Z,3,"HHE,HHN,HHZ",15001,100.0,ok,
PTGC.2021.146.22.43.00,PTGC,2021.146.22.43.00,2021-05-26T22:43:00.118393Z,3,"HHE,HHN,HHZ",15001,100.0,ok,
PTGC.2021.147.10.46.14,PTGC,2021.147.10.46.14,2021-05-27T10:46:14.058393Z,3,"HHE,HHN,HHZ",15001,100.0,ok,
PTGC.2021.147.17.39.00,PTGC,2021.147.17.39.00,2021-05-27T17:39:00.078391Z,3,"HHE,HHN,HHZ",15001,100.0,ok,
PTGC.2021.149.08.37.40,PTGC,2021.149.08.37.40,2021-05-29T08:37:40.198393Z,3,"HHE,HHN,HHZ",15001,100.0,ok,
PTGC.2021.149.13.52.15,PTGC,2021.149.13.52.15,2021-05-29T13:52:15.098391Z,3,"HHE,HHN,HHZ",15001,100.0,ok,
PTGC.2021.150.00.40.48,PTGC,2021.150.00.40.48,2021-05-30T00:40:48.908393Z,3,"HHE,HHN,HHZ",15001,100.0,ok,
PTGC.2021.150.08.39.47,PTGC,2021.150.08.39.47,2021-05-30T08:39:47.988394Z,3,"HHE,HHN,HHZ",15001,100.0,ok,
PTGC.2021.150.14.29.21,PTGC,2021.150.14.29.21,2021-05-30T14:29:21.238393Z,3,"HHE,HHN,HHZ",15001,100.0,ok,
PTGC.2021.150.20.02.52,PTGC,2021.150.20.02.52,2021-05-30T20:02:52.808393Z,3,"HHE,HHN,HHZ",15001,100.0,ok,
PTGC.2021.151.20.23.29,PTGC,2021.151.20.23.29,2021-05-31T20:23:29.208393Z,3,"HHE,HHN,HHZ",15001,100.0,ok,
PTGC.2021.151.23.42.08,PTGC,2021.151.23.42.08,2021-05-31T23:42:08.898393Z,3,"HHE,HHN,HHZ",15001,100.0,ok,
PTGC.2021.152.05.47.14,PTGC,2021.152.05.47.14,2021-06-01T05:47:14.478393Z,3,"HHE,HHN,HHZ",15001,100.0,ok,
PTGC.2021.152.09.52.58,PTGC,2021.152.09.52.58,2021-06-01T09:52:58.178393Z,3,"HHE,HHN,HHZ",15001,100.0,ok,
PTGC.2021.152.18.37.45,PTGC,2021.152.18.37.45,2021-06-01T18:37:45.448391Z,3,"HHE,HHN,HHZ",15001,100.0,ok,
PTGC.2021.153.03.17.58,PTGC,2021.153.03.17.58,2021-06-02T03:17:58.858393Z,3,"HHE,HHN,HHZ",15001,100.0,ok,
PTGC.2021.153.08.51.20,PTGC,2021.153.08.51.20,2021-06-02T08:51:20.508393Z,3,"HHE,HHN,HHZ",15001,100.0,ok,
PTGC.2021.153.12.16.16,PTGC,2021.153.12.16.16,2021-06-02T12:16:16.548393Z,3,"HHE,HHN,HHZ",15001,100.0,ok,
PTGC.2021.154.19.53.49,PTGC,2021.154.19.53.49,2021-06-03T19:53:49.838393Z,3,"HHE,HHN,HHZ",15001,100.0,ok,
PTGC.2021.154.22.18.40,PTGC,2021.154.22.18.40,2021-06-03T22:18:40.548393Z,3,"HHE,HHN,HHZ",15001,100.0,ok,
PTGC.2021.155.18.57.13,PTGC,2021.155.18.57.13,2021-06-04T18:57:13.538393Z,3,"HHE,HHN,HHZ",15001,100.0,ok,
PTGC.2021.156.00.29.50,PTGC,2021.156.00.29.50,2021-06-05T00:29:50.298393Z,3,"HHE,HHN,HHZ",15001,100.0,ok,
PTGC.2021.156.02.50.49,PTGC,2021.156.02.50.49,2021-06-05T02:50:49.158393Z,3,"HHE,HHN,HHZ",15001,100.0,ok,
PTGC.2021.156.03.21.11,PTGC,2021.156.03.21.11,2021-06-05T03:21:11.178393Z,3,"HHE,HHN,HHZ",15001,100.0,ok,
PTGC.2021.158.20.29.12,PTGC,2021.158.20.29.12,2021-06-07T20:29:12.268393Z,3,"HHE,HHN,HHZ",15001,100.0,ok,
PTGC.2021.158.20.31.53,PTGC,2021.158.20.31.53,2021-06-07T20:31:53.218393Z,3,"HHE,HHN,HHZ",15001,100.0,ok,
PTGC.2021.158.22.26.01,PTGC,2021.158.22.26.01,2021-06-07T22:26:01.858393Z,3,"HHE,HHN,HHZ",15001,100.0,ok,
PTGC.2021.159.08.22.58,PTGC,2021.159.08.22.58,2021-06-08T08:22:58.928393Z,3,"HHE,HHN,HHZ",15001,100.0,ok,
PTGC.2021.159.22.07.13,PTGC,2021.159.22.07.13,2021-06-08T22:07:13.088393Z,3,"HHE,HHN,HHZ",15001,100.0,ok,
PTGC.2021.160.02.11.59,PTGC,2021.160.02.11.59,2021-06-09T02:11:59.998393Z,3,"HHE,HHN,HHZ",15001,100.0,ok,
PTGC.2021.160.07.20.23,PTGC,2021.160.07.20.23,2021-06-09T07:20:23.278393Z,3,"HHE,HHN,HHZ",15001,100.0,ok,
PTGC.2021.160.11.17.47,PTGC,2021.160.11.17.47,2021-06-09T11:17:47.288393Z,3,"HHE,HHN,HHZ",15001,100.0,ok,
PTGC.2021.161.05.13.48,PTGC,2021.161.05.13.48,2021-06-10T05:13:48.318391Z,3,"HHE,HHN,HHZ",15001,100.0,ok,
PTGC.2021.161.09.13.24,PTGC,2021.161.09.13.24,2021-06-10T09:13:24.308393Z,3,"HHE,HHN,HHZ",15001,100.0,ok,
PTGC.2021.162.00.47.10,PTGC,2021.162.00.47.10,2021-06-11T00:47:10.298393Z,3,"HHE,HHN,HHZ",15001,100.0,ok,
PTGC.2021.163.05.50.23,PTGC,2021.163.05.50.23,2021-06-12T05:50:23.808393Z,3,"HHE,HHN,HHZ",15001,100.0,ok,
PTGC.2021.163.07.55.58,PTGC,2021.163.07.55.58,2021-06-12T07:55:58.488393Z,3,"HHE,HHN,HHZ",15001,100.0,ok,
PTGC.2021.163.09.24.27,PTGC,2021.163.09.24.27,2021-06-12T09:24:27.528393Z,3,"HHE,HHN,HHZ",15001,100.0,ok,
PTGC.2021.163.18.37.39,PTGC,2021.163.18.37.39,2021-06-12T18:37:39.898393Z,3,"HHE,HHN,HHZ",15001,100.0,ok,
PTGC.2021.164.01.32.11,PTGC,2021.164.01.32.11,2021-06-13T01:32:11.868393Z,3,"HHE,HHN,HHZ",15001,100.0,ok,
PTGC.2021.164.17.04.34,PTGC,2021.164.17.04.34,2021-06-13T17:04:34.498393Z,3,"HHE,HHN,HHZ",15001,100.0,ok,
PTGC.2021.164.20.13.46,PTGC,2021.164.20.13.46,2021-06-13T20:13:46.148393Z,3,"HHE,HHN,HHZ",15001,100.0,ok,
PTGC.2021.164.23.20.57,PTGC,2021.164.23.20.57,2021-06-13T23:20:57.168393Z,3,"HHE,HHN,HHZ",15001,100.0,ok,
PTGC.2021.165.05.14.43,PTGC,2021.165.05.14.43,2021-06-14T05:14:43.598393Z,3,"HHE,HHN,HHZ",15001,100.0,ok,
PTGC.2021.165.13.20.55,PTGC,2021.165.13.20.55,2021-06-14T13:20:55.158393Z,3,"HHE,HHN,HHZ",15001,100.0,ok,
PTGC.2021.165.16.11.00,PTGC,2021.165.16.11.00,2021-06-14T16:11:00.008391Z,3,"HHE,HHN,HHZ",15001,100.0,ok,
PTGC.2021.165.18.34.37,PTGC,2021.165.18.34.37,2021-06-14T18:34:37.058393Z,3,"HHE,HHN,HHZ",15001,100.0,ok,
PTGC.2021.166.14.24.00,PTGC,2021.166.14.24.00,2021-06-15T14:24:00.928393Z,3,"HHE,HHN,HHZ",15001,100.0,ok,
PTGC.2021.167.21.33.14,PTGC,2021.167.21.33.14,2021-06-16T21:33:14.648393Z,3,"HHE,HHN,HHZ",15001,100.0,ok,
PTGC.2021.168.05.50.16,PTGC,2021.168.05.50.16,2021-06-17T05:50:16.358393Z,3,"HHE,HHN,HHZ",15001,100.0,ok,
PTGC.2021.169.07.27.16,PTGC,2021.169.07.27.16,2021-06-18T07:27:16.038393Z,3,"HHE,HHN,HHZ",15001,100.0,ok,
PTGC.2021.169.21.02.08,PTGC,2021.169.21.02.08,2021-06-18T21:02:08.818393Z,3,"HHE,HHN,HHZ",15001,100.0,ok,
PTGC.2021.176.08.35.03,PTGC,2021.176.08.35.03,2021-06-25T08:35:03.168393Z,3,"HHE,HHN,HHZ",15001,100.0,ok,
PTGC.2021.176.10.16.32,PTGC,2021.176.10.16.32,2021-06-25T10:16:32.598393Z,3,"HHE,HHN,HHZ",15001,100.0,ok,
PTGC.2021.176.11.13.44,PTGC,2021.176.11.13.44,2021-06-25T11:13:44.718393Z,3,"HHE,HHN,HHZ",15001,100.0,ok,
PTGC.2021.177.12.46.49,PTGC,2021.177.12.46.49,2021-06-26T12:46:49.388393Z,3,"HHE,HHN,HHZ",15001,100.0,ok,
PTGC.2021.177.18.31.26,PTGC,2021.177.18.31.26,2021-06-26T18:31:26.288391Z,3,"HHE,HHN,HHZ",15001,100.0,ok,
PTGC.2021.177.22.26.33,PTGC,2021.177.22.26.33,2021-06-26T22:26:33.278393Z,3,"HHE,HHN,HHZ",15001,100.0,ok,
PTGC.2021.178.01.23.02,PTGC,2021.178.01.23.02,2021-06-27T01:23:02.508393Z,3,"HHE,HHN,HHZ",15001,100.0,ok,
PTGC.2021.178.08.51.41,PTGC,2021.178.08.51.41,2021-06-27T08:51:41.858393Z,3,"HHE,HHN,HHZ",15001,100.0,ok,
PTGC.2021.179.02.54.47,PTGC,2021.179.02.54.47,2021-06-28T02:54:47.578393Z,3,"HHE,HHN,HHZ",15001,100.0,ok,
PTGC.2021.179.04.15.04,PTGC,2021.179.04.15.04,2021-06-28T04:15:04.528393Z,3,"HHE,HHN,HHZ",15001,100.0,ok,
PTGC.2021.179.09.51.55,PTGC,2021.179.09.51.55,2021-06-28T09:51:55.128393Z,3,"HHE,HHN,HHZ",15001,100.0,ok,
PTGC.2021.180.03.43.18,PTGC,2021.180.03.43.18,2021-06-29T03:43:18.798394Z,3,"HHE,HHN,HHZ",15001,100.0,ok,
PTGC.2021.180.22.18.12,PTGC,2021.180.22.18.12,2021-06-29T22:18:12.028393Z,3,"HHE,HHN,HHZ",15001,100.0,ok,
PTGC.2021.181.06.34.51,PTGC,2021.181.06.34.51,2021-06-30T06:34:51.918393Z,3,"HHE,HHN,HHZ",15001,100.0,ok,
PTGC.2021.181.13.27.11,PTGC,2021.181.13.27.11,2021-06-30T13:27:11.368393Z,3,"HHE,HHN,HHZ",15001,100.0,ok,
PTGC.2021.183.04.34.23,PTGC,2021.183.04.34.23,2021-07-02T04:34:23.748393Z,3,"HHE,HHN,HHZ",15001,100.0,ok,
PTGC.2021.184.14.00.14,PTGC,2021.184.14.00.14,2021-07-03T14:00:14.788393Z,3,"HHE,HHN,HHZ",15001,100.0,ok,
PTGC.2021.185.03.47.22,PTGC,2021.185.03.47.22,2021-07-04T03:47:22.038393Z,3,"HHE,HHN,HHZ",15001,100.0,ok,
PTGC.2021.185.04.53.21,PTGC,2021.185.04.53.21,2021-07-04T04:53:21.118393Z,3,"HHE,HHN,HHZ",15001,100.0,ok,
PTGC.2021.185.12.30.57,PTGC,2021.185.12.30.57,2021-07-04T12:30:57.838393Z,3,"HHE,HHN,HHZ",15001,100.0,ok,
PTGC.2021.185.22.55.23,PTGC,2021.185.22.55.23,2021-07-04T22:55:23.908393Z,3,"HHE,HHN,HHZ",15001,100.0,ok,
PTGC.2021.186.07.32.41,PTGC,2021.186.07.32.41,2021-07-05T07:32:41.968393Z,3,"HHE,HHN,HHZ",15001,100.0,ok,
PTGC.2021.186.13.47.29,PTGC,2021.186.13.47.29,2021-07-05T13:47:29.448391Z,3,"HHE,HHN,HHZ",15001,100.0,ok,
PTGC.2021.186.20.09.35,PTGC,2021.186.20.09.35,2021-07-05T20:09:35.268394Z,3,"HHE,HHN,HHZ",15001,100.0,ok,
PTGC.2021.186.20.29.57,PTGC,2021.186.20.29.57,2021-07-05T20:29:57.178393Z,3,"HHE,HHN,HHZ",15001,100.0,ok,
PTGC.2021.186.23.35.40,PTGC,2021.186.23.35.40,2021-07-05T23:35:40.228393Z,3,"HHE,HHN,HHZ",15001,100.0,ok,
PTGC.2021.187.03.03.34,PTGC,2021.187.03.03.34,2021-07-06T03:03:34.978393Z,3,"HHE,HHN,HHZ",15001,100.0,ok,
PTGC.2021.187.06.55.45,PTGC,2021.187.06.55.45,2021-07-06T06:55:45.958393Z,3,"HHE,HHN,HHZ",15001,100.0,ok,
PTGC.2021.187.09.54.26,PTGC,2021.187.09.54.26,2021-07-06T09:54:26.288393Z,3,"HHE,HHN,HHZ",15001,100.0,ok,
PTGC.2021.187.17.10.37,PTGC,2021.187.17.10.37,2021-07-06T17:10:37.868393Z,3,"HHE,HHN,HHZ",15001,100.0,ok,
PTGC.2021.188.07.12.04,PTGC,2021.188.07.12.04,2021-07-07T07:12:04.248393Z,3,"HHE,HHN,HHZ",15001,100.0,ok,
PTGC.2021.189.13.19.30,PTGC,2021.189.13.19.30,2021-07-08T13:19:30.718393Z,3,"HHE,HHN,HHZ",15001,100.0,ok,
PTGC.2021.191.05.15.30,PTGC,2021.191.05.15.30,2021-07-10T05:15:30.058393Z,3,"HHE,HHN,HHZ",15001,100.0,ok,
PTGC.2021.191.14.48.40,PTGC,2021.191.14.48.40,2021-07-10T14:48:40.188393Z,3,"HHE,HHN,HHZ",15001,100.0,ok,
PTGC.2021.191.15.38.16,PTGC,2021.191.15.38.16,2021-07-10T15:38:16.428393Z,3,"HHE,HHN,HHZ",15001,100.0,ok,
PTGC.2021.193.04.52.30,PTGC,2021.193.04.52.30,2021-07-12T04:52:30.728393Z,3,"HHE,HHN,HHZ",15001,100.0,ok,
PTGC.2021.193.20.37.08,PTGC,2021.193.20.37.08,2021-07-12T20:37:08.948393Z,3,"HHE,HHN,HHZ",15001,100.0,ok,
PTGC.2021.194.02.24.14,PTGC,2021.194.02.24.14,2021-07-13T02:24:14.618393Z,3,"HHE,HHN,HHZ",15001,100.0,ok,
PTGC.2021.194.07.05.58,PTGC,2021.194.07.05.58,2021-07-13T07:05:58.948393Z,3,"HHE,HHN,HHZ",15001,100.0,ok,
PTGC.2021.194.07.26.05,PTGC,2021.194.07.26.05,2021-07-13T07:26:05.398393Z,3,"HHE,HHN,HHZ",15001,100.0,ok,
PTGC.2021.194.23.21.43,PTGC,2021.194.23.21.43,2021-07-13T23:21:43.758393Z,3,"HHE,HHN,HHZ",15001,100.0,ok,
PTGC.2021.195.05.53.54,PTGC,2021.195.05.53.54,2021-07-14T05:53:54.128393Z,3,"HHE,HHN,HHZ",15001,100.0,ok,
PTGC.2021.195.09.13.35,PTGC,2021.195.09.13.35,2021-07-14T09:13:35.048394Z,3,"HHE,HHN,HHZ",15001,100.0,ok,
PTGC.2021.195.09.24.30,PTGC,2021.195.09.24.30,2021-07-14T09:24:30.478393Z,3,"HHE,HHN,HHZ",15001,100.0,ok,
PTGC.2021.195.19.30.11,PTGC,2021.195.19.30.11,2021-07-14T19:30:11.758393Z,3,"HHE,HHN,HHZ",15001,100.0,ok,
PTGC.2021.196.01.44.40,PTGC,2021.196.01.44.40,2021-07-15T01:44:40.298393Z,3,"HHE,HHN,HHZ",15001,100.0,ok,
PTGC.2021.196.09.50.24,PTGC,2021.196.09.50.24,2021-07-15T09:50:24.338393Z,3,"HHE,HHN,HHZ",15001,100.0,ok,
PTGC.2021.196.10.28.40,PTGC,2021.196.10.28.40,2021-07-15T10:28:40.158393Z,3,"HHE,HHN,HHZ",15001,100.0,ok,
PTGC.2021.196.10.31.27,PTGC,2021.196.10.31.27,2021-07-15T10:31:27.508391Z,3,"HHE,HHN,HHZ",15001,100.0,ok,
PTGC.2021.196.11.29.57,PTGC,2021.196.11.29.57,2021-07-15T11:29:57.738393Z,3,"HHE,HHN,HHZ",15001,100.0,ok,
PTGC.2021.196.11.43.34,PTGC,2021.196.11.43.34,2021-07-15T11:43:34.238393Z,3,"HHE,HHN,HHZ",15001,100.0,ok,
PTGC.2021.196.12.40.44,PTGC,2021.196.12.40.44,2021-07-15T12:40:44.498393Z,3,"HHE,HHN,HHZ",15001,100.0,ok,
PTGC.2021.196.16.41.20,PTGC,2021.196.16.41.20,2021-07-15T16:41:20.978393Z,3,"HHE,HHN,HHZ",15001,100.0,ok,
PTGC.2021.197.05.12.52,PTGC,2021.197.05.12.52,2021-07-16T05:12:52.308393Z,3,"HHE,HHN,HHZ",15001,100.0,ok,
PTGC.2021.197.06.02.35,PTGC,2021.197.06.02.35,2021-07-16T06:02:35.568393Z,3,"HHE,HHN,HHZ",15001,100.0,ok,
PTGC.2021.197.08.17.03,PTGC,2021.197.08.17.03,2021-07-16T08:17:03.508393Z,3,"HHE,HHN,HHZ",15001,100.0,ok,
PTGC.2021.197.15.06.31,PTGC,2021.197.15.06.31,2021-07-16T15:06:31.788393Z,3,"HHE,HHN,HHZ",15001,100.0,ok,
PTGC.2021.197.18.27.55,PTGC,2021.197.18.27.55,2021-07-16T18:27:55.278391Z,3,"HHE,HHN,HHZ",15001,100.0,ok,
PTGC.2021.197.18.46.48,PTGC,2021.197.18.46.48,2021-07-16T18:46:48.728393Z,3,"HHE,HHN,HHZ",15001,100.0,ok,
PTGC.2021.198.06.43.58,PTGC,2021.198.06.43.58,2021-07-17T06:43:58.808393Z,3,"HHE,HHN,HHZ",15001,100.0,ok,
PTGC.2021.198.09.48.13,PTGC,2021.198.09.48.13,2021-07-17T09:48:13.668393Z,3,"HHE,HHN,HHZ",15001,100.0,ok,
PTGC.2021.198.13.18.58,PTGC,2021.198.13.18.58,2021-07-17T13:18:58.418393Z,3,"HHE,HHN,HHZ",15001,100.0,ok,
PTGC.2021.198.13.34.24,PTGC,2021.198.13.34.24,2021-07-17T13:34:24.858393Z,3,"HHE,HHN,HHZ",15001,100.0,ok,
PTGC.2021.198.14.11.03,PTGC,2021.198.14.11.03,2021-07-17T14:11:03.758393Z,3,"HHE,HHN,HHZ",15001,100.0,ok,
PTGC.2021.198.14.20.34,PTGC,2021.198.14.20.34,2021-07-17T14:20:34.888393Z,3,"HHE,HHN,HHZ",15001,100.0,ok,
PTGC.2021.198.16.24.42,PTGC,2021.198.16.24.42,2021-07-17T16:24:42.918393Z,3,"HHE,HHN,HHZ",15001,100.0,ok,
PTGC.2021.198.18.43.27,PTGC,2021.198.18.43.27,2021-07-17T18:43:27.838393Z,3,"HHE,HHN,HHZ",15001,100.0,ok,
PTGC.2021.199.10.38.01,PTGC,2021.199.10.38.01,2021-07-18T10:38:01.188393Z,3,"HHE,HHN,HHZ",15001,100.0,ok,
PTGC.2021.200.02.32.20,PTGC,2021.200.02.32.20,2021-07-19T02:32:20.098393Z,3,"HHE,HHN,HHZ",15001,100.0,ok,
PTGC.2021.200.07.52.28,PTGC,2021.200.07.52.28,2021-07-19T07:52:28.528393Z,3,"HHE,HHN,HHZ",15001,100.0,ok,
PTGC.2021.200.14.22.44,PTGC,2021.200.14.22.44,2021-07-19T14:22:44.098393Z,3,"HHE,HHN,HHZ",15001,100.0,ok,
PTGC.2021.200.14.37.37,PTGC,2021.200.14.37.37,2021-07-19T14:37:37.288393Z,3,"HHE,HHN,HHZ",15001,100.0,ok,
PTGC.2021.200.19.06.32,PTGC,2021.200.19.06.32,2021-07-19T19:06:32.218393Z,3,"HHE,HHN,HHZ",15001,100.0,ok,
PTGC.2021.201.05.53.22,PTGC,2021.201.05.53.22,2021-07-20T05:53:22.908393Z,3,"HHE,HHN,HHZ",15001,100.0,ok,
PTGC.2021.201.06.40.56,PTGC,2021.201.06.40.56,2021-07-20T06:40:56.218393Z,3,"HHE,HHN,HHZ",15001,100.0,ok,
PTGC.2021.201.12.45.41,PTGC,2021.201.12.45.41,2021-07-20T12:45:41.968393Z,3,"HHE,HHN,HHZ",15001,100.0,ok,
PTGC.2021.202.02.59.41,PTGC,2021.202.02.59.41,2021-07-21T02:59:41.078393Z,3,"HHE,HHN,HHZ",15001,100.0,ok,
PTGC.2021.202.15.09.18,PTGC,2021.202.15.09.18,2021-07-21T15:09:18.218393Z,3,"HHE,HHN,HHZ",15001,100.0,ok,
PTGC.2021.203.10.54.59,PTGC,2021.203.10.54.59,2021-07-22T10:54:59.028393Z,3,"HHE,HHN,HHZ",15001,100.0,ok,
PTGC.2021.203.14.30.35,PTGC,2021.203.14.30.35,2021-07-22T14:30:35.328393Z,3,"HHE,HHN,HHZ",15001,100.0,ok,
PTGC.2021.203.22.20.25,PTGC,2021.203.22.20.25,2021-07-22T22:20:25.168393Z,3,"HHE,HHN,HHZ",15001,100.0,ok,
PTGC.2021.204.18.29.39,PTGC,2021.204.18.29.39,2021-07-23T18:29:39.838393Z,3,"HHE,HHN,HHZ",15001,100.0,ok,
PTGC.2021.205.04.42.38,PTGC,2021.205.04.42.38,2021-07-24T04:42:38.768394Z,3,"HHE,HHN,HHZ",15001,100.0,ok,
PTGC.2021.205.07.56.28,PTGC,2021.205.07.56.28,2021-07-24T07:56:28.268393Z,3,"HHE,HHN,HHZ",15001,100.0,ok,
PTGC.2021.205.10.15.16,PTGC,2021.205.10.15.16,2021-07-24T10:15:16.618393Z,3,"HHE,HHN,HHZ",15001,100.0,ok,
PTGC.2021.205.11.08.57,PTGC,2021.205.11.08.57,2021-07-24T11:08:57.098391Z,3,"HHE,HHN,HHZ",15001,100.0,ok,
PTGC.2021.205.13.27.54,PTGC,2021.205.13.27.54,2021-07-24T13:27:54.178393Z,3,"HHE,HHN,HHZ",15001,100.0,ok,
PTGC.2021.205.23.22.10,PTGC,2021.205.23.22.10,2021-07-24T23:22:10.018393Z,3,"HHE,HHN,HHZ",15001,100.0,ok,
PTGC.2021.205.23.27.23,PTGC,2021.205.23.27.23,2021-07-24T23:27:23.978393Z,3,"HHE,HHN,HHZ",15001,100.0,ok,
PTGC.2021.206.03.16.35,PTGC,2021.206.03.16.35,2021-07-25T03:16:35.198393Z,3,"HHE,HHN,HHZ",15001,100.0,ok,
PTGC.2021.206.04.02.34,PTGC,2021.206.04.02.34,2021-07-25T04:02:34.158393Z,3,"HHE,HHN,HHZ",15001,100.0,ok,
PTGC.2021.206.05.44.58,PTGC,2021.206.05.44.58,2021-07-25T05:44:58.738393Z,3,"HHE,HHN,HHZ",15001,100.0,ok,
PTGC.2021.206.22.54.29,PTGC,2021.206.22.54.29,2021-07-25T22:54:29.318393Z,3,"HHE,HHN,HHZ",15001,100.0,ok,
PTGC.2021.206.23.42.22,PTGC,2021.206.23.42.22,2021-07-25T23:42:22.368393Z,3,"HHE,HHN,HHZ",15001,100.0,ok,
PTGC.2021.207.00.59.19,PTGC,2021.207.00.59.19,2021-07-26T00:59:19.208393Z,3,"HHE,HHN,HHZ",15001,100.0,ok,
PTGC.2021.207.03.45.14,PTGC,2021.207.03.45.14,2021-07-26T03:45:14.968393Z,3,"HHE,HHN,HHZ",15001,100.0,ok,
PTGC.2021.207.12.12.16,PTGC,2021.207.12.12.16,2021-07-26T12:12:16.568393Z,3,"HHE,HHN,HHZ",15001,100.0,ok,
PTGC.2021.207.14.50.14,PTGC,2021.207.14.50.14,2021-07-26T14:50:14.598393Z,3,"HHE,HHN,HHZ",15001,100.0,ok,
PTGC.2021.207.15.05.27,PTGC,2021.207.15.05.27,2021-07-26T15:05:27.378394Z,3,"HHE,HHN,HHZ",15001,100.0,ok,
PTGC.2021.208.00.55.21,PTGC,2021.208.00.55.21,2021-07-27T00:55:21.568393Z,3,"HHE,HHN,HHZ",15001,100.0,ok,
PTGC.2021.208.09.49.16,PTGC,2021.208.09.49.16,2021-07-27T09:49:16.508393Z,3,"HHE,HHN,HHZ",15001,100.0,ok,
PTGC.2021.208.17.51.37,PTGC,2021.208.17.51.37,2021-07-27T17:51:37.358393Z,3,"HHE,HHN,HHZ",15001,100.0,ok,
PTGC.2021.209.01.23.46,PTGC,2021.209.01.23.46,2021-07-28T01:23:46.438393Z,3,"HHE,HHN,HHZ",15001,100.0,ok,
PTGC.2021.209.01.45.00,PTGC,2021.209.01.45.00,2021-07-28T01:45:00.878393Z,3,"HHE,HHN,HHZ",15001,100.0,ok,
PTGC.2021.209.06.02.55,PTGC,2021.209.06.02.55,2021-07-28T06:02:55.118393Z,3,"HHE,HHN,HHZ",15001,100.0,ok,
PTGC.2021.209.08.24.59,PTGC,2021.209.08.24.59,2021-07-28T08:24:59.208393Z,3,"HHE,HHN,HHZ",15001,100.0,ok,
PTGC.2021.209.19.14.44,PTGC,2021.209.19.14.44,2021-07-28T19:14:44.828393Z,3,"HHE,HHN,HHZ",15001,100.0,ok,
PTGC.2021.210.22.16.26,PTGC,2021.210.22.16.26,2021-07-29T22:16:26.858393Z,3,"HHE,HHN,HHZ",15001,100.0,ok,
PTGC.2021.254.02.25.42,PTGC,2021.254.02.25.42,2021-09-11T02:25:42.178393Z,3,"HHE,HHN,HHZ",15001,100.0,ok,
PTGC.2021.254.14.19.35,PTGC,2021.254.14.19.35,2021-09-11T14:19:35.478393Z,3,"HHE,HHN,HHZ",15001,100.0,ok,
PTGC.2021.255.17.07.29,PTGC,2021.255.17.07.29,2021-09-12T17:07:29.018393Z,3,"HHE,HHN,HHZ",15001,100.0,ok,
PTGC.2021.256.02.15.20,PTGC,2021.256.02.15.20,2021-09-13T02:15:20.728393Z,3,"HHE,HHN,HHZ",15001,100.0,ok,
PTGC.2021.256.02.26.34,PTGC,2021.256.02.26.34,2021-09-13T02:26:34.308393Z,3,"HHE,HHN,HHZ",15001,100.0,ok,
PTGC.2021.256.05.27.41,PTGC,2021.256.05.27.41,2021-09-13T05:27:41.248393Z,3,"HHE,HHN,HHZ",15001,100.0,ok,
PTGC.2021.256.09.28.04,PTGC,2021.256.09.28.04,2021-09-13T09:28:04.188393Z,3,"HHE,HHN,HHZ",15001,100.0,ok,
PTGC.2021.256.15.38.23,PTGC,2021.256.15.38.23,2021-09-13T15:38:23.028393Z,3,"HHE,HHN,HHZ",15001,100.0,ok,
PTGC.2021.256.20.52.37,PTGC,2021.256.20.52.37,2021-09-13T20:52:37.038391Z,3,"HHE,HHN,HHZ",15001,100.0,ok,
PTGC.2021.256.21.45.52,PTGC,2021.256.21.45.52,2021-09-13T21:45:52.488393Z,3,"HHE,HHN,HHZ",15001,100.0,ok,
PTGC.2021.257.01.54.33,PTGC,2021.257.01.54.33,2021-09-14T01:54:33.398393Z,3,"HHE,HHN,HHZ",15001,100.0,ok,
PTGC.2021.258.00.24.30,PTGC,2021.258.00.24.30,2021-09-15T00:24:30.738393Z,3,"HHE,HHN,HHZ",15001,100.0,ok,
PTGC.2021.258.04.41.05,PTGC,2021.258.04.41.05,2021-09-15T04:41:05.228393Z,3,"HHE,HHN,HHZ",15001,100.0,ok,
PTGC.2021.259.05.09.44,PTGC,2021.259.05.09.44,2021-09-16T05:09:44.138393Z,3,"HHE,HHN,HHZ",15001,100.0,ok,
PTGC.2021.259.06.18.19,PTGC,2021.259.06.18.19,2021-09-16T06:18:19.518393Z,3,"HHE,HHN,HHZ",15001,100.0,ok,
PTGC.2021.259.10.47.35,PTGC,2021.259.10.47.35,2021-09-16T10:47:35.408393Z,3,"HHE,HHN,HHZ",15001,100.0,ok,
PTGC.2021.260.02.54.30,PTGC,2021.260.02.54.30,2021-09-17T02:54:30.038393Z,3,"HHE,HHN,HHZ",15001,100.0,ok,
PTGC.2021.260.04.00.51,PTGC,2021.260.04.00.51,2021-09-17T04:00:51.798393Z,3,"HHE,HHN,HHZ",15001,100.0,ok,
PTGC.2021.260.07.50.34,PTGC,2021.260.07.50.34,2021-09-17T07:50:34.708393Z,3,"HHE,HHN,HHZ",15001,100.0,ok,
PTGC.2021.260.08.06.09,PTGC,2021.260.08.06.09,2021-09-17T08:06:09.298393Z,3,"HHE,HHN,HHZ",15001,100.0,ok,
PTGC.2021.261.14.38.27,PTGC,2021.261.14.38.27,2021-09-18T14:38:27.688393Z,3,"HHE,HHN,HHZ",15001,100.0,ok,
PTGC.2021.261.19.12.27,PTGC,2021.261.19.12.27,2021-09-18T19:12:27.768393Z,3,"HHE,HHN,HHZ",15001,100.0,ok,
PTGC.2021.262.08.37.34,PTGC,2021.262.08.37.34,2021-09-19T08:37:34.328393Z,3,"HHE,HHN,HHZ",15001,100.0,ok,
PTGC.2021.262.12.47.02,PTGC,2021.262.12.47.02,2021-09-19T12:47:02.948391Z,3,"HHE,HHN,HHZ",15001,100.0,ok,
PTGC.2021.263.21.03.51,PTGC,2021.263.21.03.51,2021-09-20T21:03:51.138393Z,3,"HHE,HHN,HHZ",15001,100.0,ok,
PTGC.2021.264.09.49.28,PTGC,2021.264.09.49.28,2021-09-21T09:49:28.208393Z,3,"HHE,HHN,HHZ",15001,100.0,ok,
PTGC.2021.265.14.47.57,PTGC,2021.265.14.47.57,2021-09-22T14:47:57.478393Z,3,"HHE,HHN,HHZ",15001,100.0,ok,
PTGC.2021.266.07.43.23,PTGC,2021.266.07.43.23,2021-09-23T07:43:23.618393Z,3,"HHE,HHN,HHZ",15001,100.0,ok,
PTGC.2021.266.17.39.14,PTGC,2021.266.17.39.14,2021-09-23T17:39:14.358393Z,3,"HHE,HHN,HHZ",15001,100.0,ok,
PTGC.2021.267.03.08.31,PTGC,2021.267.03.08.31,2021-09-24T03:08:31.108393Z,3,"HHE,HHN,HHZ",15001,100.0,ok,
PTGC.2021.267.05.11.26,PTGC,2021.267.05.11.26,2021-09-24T05:11:26.678393Z,3,"HHE,HHN,HHZ",15001,100.0,ok,
PTGC.2021.267.10.11.30,PTGC,2021.267.10.11.30,2021-09-24T10:11:30.438393Z,3,"HHE,HHN,HHZ",15001,100.0,ok,
PTGC.2021.267.19.05.21,PTGC,2021.267.19.05.21,2021-09-24T19:05:21.558393Z,3,"HHE,HHN,HHZ",15001,100.0,ok,
PTGC.2021.267.20.05.06,PTGC,2021.267.20.05.06,2021-09-24T20:05:06.618393Z,3,"HHE,HHN,HHZ",15001,100.0,ok,
PTGC.2021.268.22.09.46,PTGC,2021.268.22.09.46,2021-09-25T22:09:46.318393Z,3,"HHE,HHN,HHZ",15001,100.0,ok,
PTGC.2021.269.18.11.34,PTGC,2021.269.18.11.34,2021-09-26T18:11:34.868391Z,3,"HHE,HHN,HHZ",15001,100.0,ok,
PTGC.2021.269.20.48.02,PTGC,2021.269.20.48.02,2021-09-26T20:48:02.728393Z,3,"HHE,HHN,HHZ",15001,100.0,ok,
PTGC.2021.269.20.52.40,PTGC,2021.269.20.52.40,2021-09-26T20:52:40.738393Z,3,"HHE,HHN,HHZ",15001,100.0,ok,
PTGC.2021.270.15.49.37,PTGC,2021.270.15.49.37,2021-09-27T15:49:37.808393Z,3,"HHE,HHN,HHZ",15001,100.0,ok,
PTGC.2021.270.18.25.30,PTGC,2021.270.18.25.30,2021-09-27T18:25:30.108393Z,3,"HHE,HHN,HHZ",15001,100.0,ok,
PTGC.2021.270.18.50.09,PTGC,2021.270.18.50.09,2021-09-27T18:50:09.458393Z,3,"HHE,HHN,HHZ",15001,100.0,ok,
PTGC.2021.271.06.51.49,PTGC,2021.271.06.51.49,2021-09-28T06:51:49.468393Z,3,"HHE,HHN,HHZ",15001,100.0,ok,
PTGC.2021.271.20.35.06,PTGC,2021.271.20.35.06,2021-09-28T20:35:06.798393Z,3,"HHE,HHN,HHZ",15001,100.0,ok,
PTGC.2021.271.20.48.13,PTGC,2021.271.20.48.13,2021-09-28T20:48:13.628393Z,3,"HHE,HHN,HHZ",15001,100.0,ok,
PTGC.2021.272.01.25.38,PTGC,2021.272.01.25.38,2021-09-29T01:25:38.508393Z,3,"HHE,HHN,HHZ",15001,100.0,ok,
PTGC.2021.272.07.51.26,PTGC,2021.272.07.51.26,2021-09-29T07:51:26.128393Z,3,"HHE,HHN,HHZ",15001,100.0,ok,
PTGC.2021.272.22.52.08,PTGC,2021.272.22.52.08,2021-09-29T22:52:08.108393Z,3,"HHE,HHN,HHZ",15001,100.0,ok,
PTGC.2021.274.19.06.21,PTGC,2021.274.19.06.21,2021-10-01T19:06:21.588393Z,3,"HHE,HHN,HHZ",15001,100.0,ok,
PTGC.2021.275.12.48.38,PTGC,2021.275.12.48.38,2021-10-02T12:48:38.198393Z,3,"HHE,HHN,HHZ",15001,100.0,ok,
PTGC.2021.276.17.14.34,PTGC,2021.276.17.14.34,2021-10-03T17:14:34.298393Z,3,"HHE,HHN,HHZ",15001,100.0,ok,
PTGC.2021.277.13.10.05,PTGC,2021.277.13.10.05,2021-10-04T13:10:05.098391Z,3,"HHE,HHN,HHZ",15001,100.0,ok,
PTGC.2021.277.17.03.08,PTGC,2021.277.17.03.08,2021-10-04T17:03:08.048393Z,3,"HHE,HHN,HHZ",15001,100.0,ok,
PTGC.2021.277.23.12.25,PTGC,2021.277.23.12.25,2021-10-04T23:12:25.048393Z,3,"HHE,HHN,HHZ",15001,100.0,ok,
PTGC.2021.279.05.14.50,PTGC,2021.279.05.14.50,2021-10-06T05:14:50.228393Z,3,"HHE,HHN,HHZ",15001,100.0,ok,
PTGC.2021.279.05.23.06,PTGC,2021.279.05.23.06,2021-10-06T05:23:06.068393Z,3,"HHE,HHN,HHZ",15001,100.0,ok,
PTGC.2021.279.05.43.25,PTGC,2021.279.05.43.25,2021-10-06T05:43:25.908393Z,3,"HHE,HHN,HHZ",15001,100.0,ok,
PTGC.2021.280.00.26.36,PTGC,2021.280.00.26.36,2021-10-07T00:26:35.998393Z,3,"HHE,HHN,HHZ",15001,100.0,ok,
PTGC.2021.280.04.26.13,PTGC,2021.280.04.26.13,2021-10-07T04:26:13.618393Z,3,"HHE,HHN,HHZ",15001,100.0,ok,
PTGC.2021.280.04.51.52,PTGC,2021.280.04.51.52,2021-10-07T04:51:52.778393Z,3,"HHE,HHN,HHZ",15001,100.0,ok,
PTGC.2021.280.22.24.47,PTGC,2021.280.22.24.47,2021-10-07T22:24:47.138393Z,3,"HHE,HHN,HHZ",15001,100.0,ok,
PTGC.2021.281.04.39.48,PTGC,2021.281.04.39.48,2021-10-08T04:39:48.688393Z,3,"HHE,HHN,HHZ",15001,100.0,ok,
PTGC.2021.281.04.58.39,PTGC,2021.281.04.58.39,2021-10-08T04:58:39.488393Z,3,"HHE,HHN,HHZ",15001,100.0,ok,
PTGC.2021.281.13.26.53,PTGC,2021.281.13.26.53,2021-10-08T13:26:53.618393Z,3,"HHE,HHN,HHZ",15001,100.0,ok,
PTGC.2021.282.07.20.35,PTGC,2021.282.07.20.35,2021-10-09T07:20:35.348393Z,3,"HHE,HHN,HHZ",15001,100.0,ok,
PTGC.2021.282.10.04.28,PTGC,2021.282.10.04.28,2021-10-09T10:04:28.988393Z,3,"HHE,HHN,HHZ",15001,100.0,ok,
PTGC.2021.282.11.19.44,PTGC,2021.282.11.19.44,2021-10-09T11:19:44.498393Z,3,"HHE,HHN,HHZ",15001,100.0,ok,
PTGC.2021.282.11.24.17,PTGC,2021.282.11.24.17,2021-10-09T11:24:17.848393Z,3,"HHE,HHN,HHZ",15001,100.0,ok,
PTGC.2021.282.19.29.41,PTGC,2021.282.19.29.41,2021-10-09T19:29:41.768393Z,3,"HHE,HHN,HHZ",15001,100.0,ok,
PTGC.2021.283.11.43.04,PTGC,2021.283.11.43.04,2021-10-10T11:43:04.268393Z,3,"HHE,HHN,HHZ",15001,100.0,ok,
PTGC.2021.283.15.57.48,PTGC,2021.283.15.57.48,2021-10-10T15:57:48.768393Z,3,"HHE,HHN,HHZ",15001,100.0,ok,
PTGC.2021.283.19.27.05,PTGC,2021.283.19.27.05,2021-10-10T19:27:05.178393Z,3,"HHE,HHN,HHZ",15001,100.0,ok,
PTGC.2021.284.08.41.01,PTGC,2021.284.08.41.01,2021-10-11T08:41:01.918393Z,3,"HHE,HHN,HHZ",15001,100.0,ok,
PTGC.2021.284.22.10.15,PTGC,2021.284.22.10.15,2021-10-11T22:10:15.078391Z,3,"HHE,HHN,HHZ",15001,100.0,ok,
PTGC.2021.284.22.57.47,PTGC,2021.284.22.57.47,2021-10-11T22:57:47.708393Z,3,"HHE,HHN,HHZ",15001,100.0,ok,
PTGC.2021.285.07.08.01,PTGC,2021.285.07.08.01,2021-10-12T07:08:01.078391Z,3,"HHE,HHN,HHZ",15001,100.0,ok,
PTGC.2021.285.11.45.58,PTGC,2021.285.11.45.58,2021-10-12T11:45:58.318393Z,3,"HHE,HHN,HHZ",15001,100.0,ok,
PTGC.2021.286.02.33.47,PTGC,2021.286.02.33.47,2021-10-13T02:33:47.438393Z,3,"HHE,HHN,HHZ",15001,100.0,ok,
PTGC.2021.286.03.29.15,PTGC,2021.286.03.29.15,2021-10-13T03:29:15.828393Z,3,"HHE,HHN,HHZ",15001,100.0,ok,
PTGC.2021.286.05.06.24,PTGC,2021.286.05.06.24,2021-10-13T05:06:24.138393Z,3,"HHE,HHN,HHZ",15001,100.0,ok,
PTGC.2021.286.11.00.04,PTGC,2021.286.11.00.04,2021-10-13T11:00:04.728393Z,3,"HHE,HHN,HHZ",15001,100.0,ok,
PTGC.2021.286.20.18.34,PTGC,2021.286.20.18.34,2021-10-13T20:18:34.948393Z,3,"HHE,HHN,HHZ",15001,100.0,ok,
PTGC.2021.287.05.19.53,PTGC,2021.287.05.19.53,2021-10-14T05:19:53.738393Z,3,"HHE,HHN,HHZ",15001,100.0,ok,
PTGC.2021.287.12.05.25,PTGC,2021.287.12.05.25,2021-10-14T12:05:25.488393Z,3,"HHE,HHN,HHZ",15001,100.0,ok,
PTGC.2021.287.21.09.51,PTGC,2021.287.21.09.51,2021-10-14T21:09:51.798393Z,3,"HHE,HHN,HHZ",15001,100.0,ok,
PTGC.2021.288.01.29.19,PTGC,2021.288.01.29.19,2021-10-15T01:29:19.448393Z,3,"HHE,HHN,HHZ",15001,100.0,ok,
PTGC.2021.288.06.28.47,PTGC,2021.288.06.28.47,2021-10-15T06:28:47.248393Z,3,"HHE,HHN,HHZ",15001,100.0,ok,
PTGC.2021.289.09.52.53,PTGC,2021.289.09.52.53,2021-10-16T09:52:53.898393Z,3,"HHE,HHN,HHZ",15001,100.0,ok,
PTGC.2021.290.07.04.15,PTGC,2021.290.07.04.15,2021-10-17T07:04:15.408393Z,3,"HHE,HHN,HHZ",15001,100.0,ok,
PTGC.2021.290.10.14.18,PTGC,2021.290.10.14.18,2021-10-17T10:14:18.018393Z,3,"HHE,HHN,HHZ",15001,100.0,ok,
PTGC.2021.290.15.21.15,PTGC,2021.290.15.21.15,2021-10-17T15:21:15.718393Z,3,"HHE,HHN,HHZ",15001,100.0,ok,
PTGC.2021.290.19.19.15,PTGC,2021.290.19.19.15,2021-10-17T19:19:15.078393Z,3,"HHE,HHN,HHZ",15001,100.0,ok,
PTGC.2021.291.05.37.54,PTGC,2021.291.05.37.54,2021-10-18T05:37:54.568393Z,3,"HHE,HHN,HHZ",15001,100.0,ok,
PTGC.2021.291.07.14.04,PTGC,2021.291.07.14.04,2021-10-18T07:14:04.768393Z,3,"HHE,HHN,HHZ",15001,100.0,ok,
PTGC.2021.291.10.31.10,PTGC,2021.291.10.31.10,2021-10-18T10:31:10.578393Z,3,"HHE,HHN,HHZ",15001,100.0,ok,
PTGC.2021.292.02.19.22,PTGC,2021.292.02.19.22,2021-10-19T02:19:22.098393Z,3,"HHE,HHN,HHZ",15001,100.0,ok,
PTGC.2021.292.22.45.22,PTGC,2021.292.22.45.22,2021-10-19T22:45:22.288393Z,3,"HHE,HHN,HHZ",15001,100.0,ok,
PTGC.2021.293.07.39.37,PTGC,2021.293.07.39.37,2021-10-20T07:39:37.588393Z,3,"HHE,HHN,HHZ",15001,100.0,ok,
PTGC.2021.293.12.05.14,PTGC,2021.293.12.05.14,2021-10-20T12:05:14.788391Z,3,"HHE,HHN,HHZ",15001,100.0,ok,
PTGC.2021.293.12.18.49,PTGC,2021.293.12.18.49,2021-10-20T12:18:49.548393Z,3,"HHE,HHN,HHZ",15001,100.0,ok,
PTGC.2021.294.03.24.40,PTGC,2021.294.03.24.40,2021-10-21T03:24:40.228393Z,3,"HHE,HHN,HHZ",15001,100.0,ok,
PTGC.2021.294.03.36.22,PTGC,2021.294.03.36.22,2021-10-21T03:36:22.388393Z,3,"HHE,HHN,HHZ",15001,100.0,ok,
PTGC.2021.294.04.58.46,PTGC,2021.294.04.58.46,2021-10-21T04:58:46.668393Z,3,"HHE,HHN,HHZ",15001,100.0,ok,
PTGC.2021.294.15.44.05,PTGC,2021.294.15.44.05,2021-10-21T15:44:05.788393Z,3,"HHE,HHN,HHZ",15001,100.0,ok,
PTGC.2021.295.15.41.17,PTGC,2021.295.15.41.17,2021-10-22T15:41:17.768391Z,3,"HHE,HHN,HHZ",15001,100.0,ok,
PTGC.2021.295.15.41.54,PTGC,2021.295.15.41.54,2021-10-22T15:41:54.668393Z,3,"HHE,HHN,HHZ",15001,100.0,ok,
PTGC.2021.296.03.31.16,PTGC,2021.296.03.31.16,2021-10-23T03:31:16.338393Z,3,"HHE,HHN,HHZ",15001,100.0,ok,
PTGC.2021.296.03.47.05,PTGC,2021.296.03.47.05,2021-10-23T03:47:05.368393Z,3,"HHE,HHN,HHZ",15001,100.0,ok,
PTGC.2021.297.06.58.20,PTGC,2021.297.06.58.20,2021-10-24T06:58:20.518393Z,3,"HHE,HHN,HHZ",15001,100.0,ok,
PTGC.2021.298.09.41.38,PTGC,2021.298.09.41.38,2021-10-25T09:41:38.148393Z,3,"HHE,HHN,HHZ",15001,100.0,ok,
PTGC.2021.299.04.18.04,PTGC,2021.299.04.18.04,2021-10-26T04:18:04.868393Z,3,"HHE,HHN,HHZ",15001,100.0,ok,
PTGC.2021.299.08.01.07,PTGC,2021.299.08.01.07,2021-10-26T08:01:07.368393Z,3,"HHE,HHN,HHZ",15001,100.0,ok,
PTGC.2021.299.13.49.14,PTGC,2021.299.13.49.14,2021-10-26T13:49:14.258393Z,3,"HHE,HHN,HHZ",15001,100.0,ok,
PTGC.2021.299.14.03.31,PTGC,2021.299.14.03.31,2021-10-26T14:03:31.038393Z,3,"HHE,HHN,HHZ",15001,100.0,ok,
PTGC.2021.300.23.51.28,PTGC,2021.300.23.51.28,2021-10-27T23:51:28.778393Z,3,"HHE,HHN,HHZ",15001,100.0,ok,
PTGC.2021.301.00.52.14,PTGC,2021.301.00.52.14,2021-10-28T00:52:14.708393Z,3,"HHE,HHN,HHZ",15001,100.0,ok,
PTGC.2021.301.08.25.11,PTGC,2021.301.08.25.11,2021-10-28T08:25:11.318393Z,3,"HHE,HHN,HHZ",15001,100.0,ok,
PTGC.2021.301.08.44.30,PTGC,2021.301.08.44.30,2021-10-28T08:44:30.278393Z,3,"HHE,HHN,HHZ",15001,100.0,ok,
PTGC.2021.301.12.50.57,PTGC,2021.301.12.50.57,2021-10-28T12:50:57.328393Z,3,"HHE,HHN,HHZ",15001,100.0,ok,
PTGC.2021.302.17.15.23,PTGC,2021.302.17.15.23,2021-10-29T17:15:23.268393Z,3,"HHE,HHN,HHZ",15001,100.0,ok,
PTGC.2021.302.22.46.51,PTGC,2021.302.22.46.51,2021-10-29T22:46:51.548393Z,3,"HHE,HHN,HHZ",15001,100.0,ok,
PTGC.2021.302.23.40.05,PTGC,2021.302.23.40.05,2021-10-29T23:40:05.868393Z,3,"HHE,HHN,HHZ",15001,100.0,ok,
PTGC.2021.303.15.00.41,PTGC,2021.303.15.00.41,2021-10-30T15:00:41.458393Z,3,"HHE,HHN,HHZ",15001,100.0,ok,
PTGC.2021.303.15.09.22,PTGC,2021.303.15.09.22,2021-10-30T15:09:22.518393Z,3,"HHE,HHN,HHZ",15001,100.0,ok,
PTGC.2021.304.00.06.00,PTGC,2021.304.00.06.00,2021-10-31T00:06:00.318393Z,3,"HHE,HHN,HHZ",15001,100.0,ok,
PTGC.2021.305.04.51.43,PTGC,2021.305.04.51.43,2021-11-01T04:51:43.228393Z,3,"HHE,HHN,HHZ",15001,100.0,ok,
PTGC.2021.305.06.29.33,PTGC,2021.305.06.29.33,2021-11-01T06:29:33.688391Z,3,"HHE,HHN,HHZ",15001,100.0,ok,
PTGC.2021.305.22.14.05,PTGC,2021.305.22.14.05,2021-11-01T22:14:05.338391Z,3,"HHE,HHN,HHZ",15001,100.0,ok,
PTGC.2021.306.10.06.26,PTGC,2021.306.10.06.26,2021-11-02T10:06:26.318393Z,3,"HHE,HHN,HHZ",15001,100.0,ok,
PTGC.2021.306.13.53.54,PTGC,2021.306.13.53.54,2021-11-02T13:53:54.548393Z,3,"HHE,HHN,HHZ",15001,100.0,ok,
PTGC.2021.306.17.37.32,PTGC,2021.306.17.37.32,2021-11-02T17:37:32.608391Z,3,"HHE,HHN,HHZ",15001,100.0,ok,
PTGC.2021.306.18.02.23,PTGC,2021.306.18.02.23,2021-11-02T18:02:23.108393Z,3,"HHE,HHN,HHZ",15001,100.0,ok,
PTGC.2021.306.19.31.22,PTGC,2021.306.19.31.22,2021-11-02T19:31:22.798394Z,3,"HHE,HHN,HHZ",15001,100.0,ok,
PTGC.2021.308.05.48.37,PTGC,2021.308.05.48.37,2021-11-04T05:48:37.588393Z,3,"HHE,HHN,HHZ",15001,100.0,ok,
PTGC.2021.308.11.42.53,PTGC,2021.308.11.42.53,2021-11-04T11:42:53.628393Z,3,"HHE,HHN,HHZ",15001,100.0,ok,
PTGC.2021.308.14.51.56,PTGC,2021.308.14.51.56,2021-11-04T14:51:56.628393Z,3,"HHE,HHN,HHZ",15001,100.0,ok,
PTGC.2021.309.13.52.11,PTGC,2021.309.13.52.11,2021-11-05T13:52:11.078393Z,3,"HHE,HHN,HHZ",15001,100.0,ok,
PTGC.2021.310.08.19.28,PTGC,2021.310.08.19.28,2021-11-06T08:19:28.728393Z,3,"HHE,HHN,HHZ",15001,100.0,ok,
PTGC.2021.311.01.22.31,PTGC,2021.311.01.22.31,2021-11-07T01:22:31.728393Z,3,"HHE,HHN,HHZ",15001,100.0,ok,
PTGC.2021.311.02.06.27,PTGC,2021.311.02.06.27,2021-11-07T02:06:27.068393Z,3,"HHE,HHN,HHZ",15001,100.0,ok,
PTGC.2021.311.06.34.44,PTGC,2021.311.06.34.44,2021-11-07T06:34:44.268393Z,3,"HHE,HHN,HHZ",15001,100.0,ok,
PTGC.2021.312.02.56.24,PTGC,2021.312.02.56.24,2021-11-08T02:56:24.168393Z,3,"HHE,HHN,HHZ",15001,100.0,ok,
PTGC.2021.312.04.36.44,PTGC,2021.312.04.36.44,2021-11-08T04:36:44.668393Z,3,"HHE,HHN,HHZ",15001,100.0,ok,
PTGC.2021.312.05.32.37,PTGC,2021.312.05.32.37,2021-11-08T05:32:37.178393Z,3,"HHE,HHN,HHZ",15001,100.0,ok,
PTGC.2021.312.19.30.00,PTGC,2021.312.19.30.00,2021-11-08T19:30:00.308393Z,3,"HHE,HHN,HHZ",15001,100.0,ok,
PTGC.2021.313.04.26.55,PTGC,2021.313.04.26.55,2021-11-09T04:26:55.448391Z,3,"HHE,HHN,HHZ",15001,100.0,ok,
PTGC.2021.313.05.53.09,PTGC,2021.313.05.53.09,2021-11-09T05:53:09.428393Z,3,"HHE,HHN,HHZ",15001,100.0,ok,
PTGC.2021.313.07.07.13,PTGC,2021.313.07.07.13,2021-11-09T07:07:13.668393Z,3,"HHE,HHN,HHZ",15001,100.0,ok,
PTGC.2021.314.03.14.35,PTGC,2021.314.03.14.35,2021-11-10T03:14:35.128394Z,3,"HHE,HHN,HHZ",15001,100.0,ok,
PTGC.2021.314.03.47.10,PTGC,2021.314.03.47.10,2021-11-10T03:47:10.008393Z,3,"HHE,HHN,HHZ",15001,100.0,ok,
PTGC.2021.314.13.58.58,PTGC,2021.314.13.58.58,2021-11-10T13:58:58.628393Z,3,"HHE,HHN,HHZ",15001,100.0,ok,
PTGC.2021.316.09.46.44,PTGC,2021.316.09.46.44,2021-11-12T09:46:44.148393Z,3,"HHE,HHN,HHZ",15001,100.0,ok,
PTGC.2021.317.23.01.42,PTGC,2021.317.23.01.42,2021-11-13T23:01:42.698393Z,3,"HHE,HHN,HHZ",15001,100.0,ok,
PTGC.2021.318.21.51.43,PTGC,2021.318.21.51.43,2021-11-14T21:51:43.518393Z,3,"HHE,HHN,HHZ",15001,100.0,ok,
PTGC.2021.319.19.16.23,PTGC,2021.319.19.16.23,2021-11-15T19:16:23.158393Z,3,"HHE,HHN,HHZ",15001,100.0,ok,
PTGC.2021.320.09.32.56,PTGC,2021.320.09.32.56,2021-11-16T09:32:56.638393Z,3,"HHE,HHN,HHZ",15001,100.0,ok,
PTGC.2021.321.00.36.50,PTGC,2021.321.00.36.50,2021-11-17T00:36:50.858393Z,3,"HHE,HHN,HHZ",15001,100.0,ok,
PTGC.2021.321.07.30.54,PTGC,2021.321.07.30.54,2021-11-17T07:30:54.968393Z,3,"HHE,HHN,HHZ",15001,100.0,ok,
PTGC.2021.321.08.44.00,PTGC,2021.321.08.44.00,2021-11-17T08:44:00.648393Z,3,"HHE,HHN,HHZ",15001,100.0,ok,
PTGC.2021.322.14.01.17,PTGC,2021.322.14.01.17,2021-11-18T14:01:17.568393Z,3,"HHE,HHN,HHZ",15001,100.0,ok,
PTGC.2021.322.18.11.51,PTGC,2021.322.18.11.51,2021-11-18T18:11:51.618393Z,3,"HHE,HHN,HHZ",15001,100.0,ok,
PTGC.2021.323.06.59.15,PTGC,2021.323.06.59.15,2021-11-19T06:59:15.658393Z,3,"HHE,HHN,HHZ",15001,100.0,ok,
PTGC.2021.324.06.14.47,PTGC,2021.324.06.14.47,2021-11-20T06:14:47.638393Z,3,"HHE,HHN,HHZ",15001,100.0,ok,
PTGC.2021.324.07.15.11,PTGC,2021.324.07.15.11,2021-11-20T07:15:11.528393Z,3,"HHE,HHN,HHZ",15001,100.0,ok,
PTGC.2021.324.10.04.24,PTGC,2021.324.10.04.24,2021-11-20T10:04:24.178393Z,3,"HHE,HHN,HHZ",15001,100.0,ok,
PTGC.2021.324.17.00.07,PTGC,2021.324.17.00.07,2021-11-20T17:00:07.748393Z,3,"HHE,HHN,HHZ",15001,100.0,ok,
PTGC.2021.325.02.57.57,PTGC,2021.325.02.57.57,2021-11-21T02:57:57.228391Z,3,"HHE,HHN,HHZ",15001,100.0,ok,
PTGC.2021.325.05.40.55,PTGC,2021.325.05.40.55,2021-11-21T05:40:55.428393Z,3,"HHE,HHN,HHZ",15001,100.0,ok,
PTGC.2021.325.08.06.40,PTGC,2021.325.08.06.40,2021-11-21T08:06:40.508393Z,3,"HHE,HHN,HHZ",15001,100.0,ok,
PTGC.2021.325.21.43.19,PTGC,2021.325.21.43.19,2021-11-21T21:43:19.258393Z,3,"HHE,HHN,HHZ",15001,100.0,ok,
PTGC.2021.326.14.46.00,PTGC,2021.326.14.46.00,2021-11-22T14:46:00.358393Z,3,"HHE,HHN,HHZ",15001,100.0,ok,
PTGC.2021.327.03.57.19,PTGC,2021.327.03.57.19,2021-11-23T03:57:19.008393Z,3,"HHE,HHN,HHZ",15001,100.0,ok,
PTGC.2021.327.06.05.51,PTGC,2021.327.06.05.51,2021-11-23T06:05:51.958393Z,3,"HHE,HHN,HHZ",15001,100.0,ok,
PTGC.2021.327.08.41.43,PTGC,2021.327.08.41.43,2021-11-23T08:41:43.118391Z,3,"HHE,HHN,HHZ",15001,100.0,ok,
PTGC.2021.327.23.16.01,PTGC,2021.327.23.16.01,2021-11-23T23:16:01.628394Z,3,"HHE,HHN,HHZ",15001,100.0,ok,
PTGC.2021.328.07.52.55,PTGC,2021.328.07.52.55,2021-11-24T07:52:55.738393Z,3,"HHE,HHN,HHZ",15001,100.0,ok,
PTGC.2021.328.22.29.58,PTGC,2021.328.22.29.58,2021-11-24T22:29:58.668393Z,3,"HHE,HHN,HHZ",15001,100.0,ok,
PTGC.2021.329.10.01.29,PTGC,2021.329.10.01.29,2021-11-25T10:01:29.618393Z,3,"HHE,HHN,HHZ",15001,100.0,ok,
PTGC.2021.330.18.10.40,PTGC,2021.330.18.10.40,2021-11-26T18:10:40.658393Z,3,"HHE,HHN,HHZ",15001,100.0,ok,
PTGC.2021.331.10.29.48,PTGC,2021.331.10.29.48,2021-11-27T10:29:48.728393Z,3,"HHE,HHN,HHZ",15001,100.0,ok,
PTGC.2021.331.11.06.49,PTGC,2021.331.11.06.49,2021-11-27T11:06:49.938393Z,3,"HHE,HHN,HHZ",15001,100.0,ok,
PTGC.2021.331.15.42.00,PTGC,2021.331.15.42.00,2021-11-27T15:42:00.928391Z,3,"HHE,HHN,HHZ",15001,100.0,ok,
PTGC.2021.332.06.58.23,PTGC,2021.332.06.58.23,2021-11-28T06:58:23.458393Z,3,"HHE,HHN,HHZ",15001,100.0,ok,
PTGC.2021.333.07.53.43,PTGC,2021.333.07.53.43,2021-11-29T07:53:43.918393Z,3,"HHE,HHN,HHZ",15001,100.0,ok,
PTGC.2021.333.10.58.30,PTGC,2021.333.10.58.30,2021-11-29T10:58:30.558393Z,3,"HHE,HHN,HHZ",15001,100.0,ok,
PTGC.2021.333.13.58.57,PTGC,2021.333.13.58.57,2021-11-29T13:58:57.978393Z,3,"HHE,HHN,HHZ",15001,100.0,ok,
PTGC.2021.334.01.52.37,PTGC,2021.334.01.52.37,2021-11-30T01:52:37.978393Z,3,"HHE,HHN,HHZ",15001,100.0,ok,
PTGC.2021.334.10.24.21,PTGC,2021.334.10.24.21,2021-11-30T10:24:21.218393Z,3,"HHE,HHN,HHZ",15001,100.0,ok,
PTGC.2021.334.10.26.19,PTGC,2021.334.10.26.19,2021-11-30T10:26:19.638393Z,3,"HHE,HHN,HHZ",15001,100.0,ok,
PTGC.2021.336.07.18.33,PTGC,2021.336.07.18.33,2021-12-02T07:18:33.478393Z,3,"HHE,HHN,HHZ",15001,100.0,ok,
PTGC.2021.336.08.13.56,PTGC,2021.336.08.13.56,2021-12-02T08:13:56.368393Z,3,"HHE,HHN,HHZ",15001,100.0,ok,
PTGC.2021.336.11.02.09,PTGC,2021.336.11.02.09,2021-12-02T11:02:09.228393Z,3,"HHE,HHN,HHZ",15001,100.0,ok,
PTGC.2021.336.21.54.31,PTGC,2021.336.21.54.31,2021-12-02T21:54:31.728393Z,3,"HHE,HHN,HHZ",15001,100.0,ok,
PTGC.2021.337.09.55.37,PTGC,2021.337.09.55.37,2021-12-03T09:55:37.508393Z,3,"HHE,HHN,HHZ",15001,100.0,ok,
PTGC.2021.338.00.58.31,PTGC,2021.338.00.58.31,2021-12-04T00:58:31.768393Z,3,"HHE,HHN,HHZ",15001,100.0,ok,
PTGC.2021.338.01.29.29,PTGC,2021.338.01.29.29,2021-12-04T01:29:29.158393Z,3,"HHE,HHN,HHZ",15001,100.0,ok,
PTGC.2021.338.05.58.35,PTGC,2021.338.05.58.35,2021-12-04T05:58:35.498393Z,3,"HHE,HHN,HHZ",15001,100.0,ok,
PTGC.2021.338.11.24.35,PTGC,2021.338.11.24.35,2021-12-04T11:24:35.348393Z,3,"HHE,HHN,HHZ",15001,100.0,ok,
PTGC.2021.339.05.23.45,PTGC,2021.339.05.23.45,2021-12-05T05:23:45.488393Z,3,"HHE,HHN,HHZ",15001,100.0,ok,
PTGC.2021.339.11.14.01,PTGC,2021.339.11.14.01,2021-12-05T11:14:01.158393Z,3,"HHE,HHN,HHZ",15001,100.0,ok,
PTGC.2021.339.12.20.49,PTGC,2021.339.12.20.49,2021-12-05T12:20:49.638393Z,3,"HHE,HHN,HHZ",15001,100.0,ok,
PTGC.2021.339.20.09.11,PTGC,2021.339.20.09.11,2021-12-05T20:09:11.208393Z,3,"HHE,HHN,HHZ",15001,100.0,ok,
PTGC.2021.340.13.01.12,PTGC,2021.340.13.01.12,2021-12-06T13:01:12.208393Z,3,"HHE,HHN,HHZ",15001,100.0,ok,
PTGC.2021.340.14.39.19,PTGC,2021.340.14.39.19,2021-12-06T14:39:19.048393Z,3,"HHE,HHN,HHZ",15001,100.0,ok,
PTGC.2021.340.20.04.16,PTGC,2021.340.20.04.16,2021-12-06T20:04:16.798393Z,3,"HHE,HHN,HHZ",15001,100.0,ok,
PTGC.2021.341.04.53.01,PTGC,2021.341.04.53.01,2021-12-07T04:53:01.048391Z,3,"HHE,HHN,HHZ",15001,100.0,ok,
PTGC.2021.341.05.12.49,PTGC,2021.341.05.12.49,2021-12-07T05:12:49.028393Z,3,"HHE,HHN,HHZ",15001,100.0,ok,
PTGC.2021.341.15.54.46,PTGC,2021.341.15.54.46,2021-12-07T15:54:46.898393Z,3,"HHE,HHN,HHZ",15001,100.0,ok,
PTGC.2021.342.15.05.06,PTGC,2021.342.15.05.06,2021-12-08T15:05:06.758393Z,3,"HHE,HHN,HHZ",15001,100.0,ok,
PTGC.2021.342.22.50.33,PTGC,2021.342.22.50.33,2021-12-08T22:50:33.288393Z,3,"HHE,HHN,HHZ",15001,100.0,ok,
PTGC.2021.342.22.54.36,PTGC,2021.342.22.54.36,2021-12-08T22:54:36.348393Z,3,"HHE,HHN,HHZ",15001,100.0,ok,
PTGC.2021.342.23.06.33,PTGC,2021.342.23.06.33,2021-12-08T23:06:33.548393Z,3,"HHE,HHN,HHZ",15001,100.0,ok,
PTGC.2021.342.23.32.33,PTGC,2021.342.23.32.33,2021-12-08T23:32:33.428393Z,3,"HHE,HHN,HHZ",15001,100.0,ok,
PTGC.2021.343.00.07.13,PTGC,2021.343.00.07.13,2021-12-09T00:07:13.568393Z,3,"HHE,HHN,HHZ",15001,100.0,ok,
PTGC.2021.343.00.09.42,PTGC,2021.343.00.09.42,2021-12-09T00:09:42.488393Z,3,"HHE,HHN,HHZ",15001,100.0,ok,
PTGC.2021.343.00.13.25,PTGC,2021.343.00.13.25,2021-12-09T00:13:25.668393Z,3,"HHE,HHN,HHZ",15001,100.0,ok,
PTGC.2021.343.00.15.51,PTGC,2021.343.00.15.51,2021-12-09T00:15:51.428393Z,3,"HHE,HHN,HHZ",15001,100.0,ok,
PTGC.2021.343.00.18.19,PTGC,2021.343.00.18.19,2021-12-09T00:18:19.558393Z,3,"HHE,HHN,HHZ",15001,100.0,ok,
PTGC.2021.343.00.19.31,PTGC,2021.343.00.19.31,2021-12-09T00:19:31.938393Z,3,"HHE,HHN,HHZ",15001,100.0,ok,
PTGC.2021.343.00.29.55,PTGC,2021.343.00.29.55,2021-12-09T00:29:55.898393Z,3,"HHE,HHN,HHZ",15001,100.0,ok,
PTGC.2021.343.01.29.26,PTGC,2021.343.01.29.26,2021-12-09T01:29:26.838391Z,3,"HHE,HHN,HHZ",15001,100.0,ok,
PTGC.2021.343.03.55.41,PTGC,2021.343.03.55.41,2021-12-09T03:55:41.808393Z,3,"HHE,HHN,HHZ",15001,100.0,ok,
PTGC.2021.343.03.59.25,PTGC,2021.343.03.59.25,2021-12-09T03:59:25.308393Z,3,"HHE,HHN,HHZ",15001,100.0,ok,
PTGC.2021.344.09.30.03,PTGC,2021.344.09.30.03,2021-12-10T09:30:03.068393Z,3,"HHE,HHN,HHZ",15001,100.0,ok,
PTGC.2021.344.12.08.11,PTGC,2021.344.12.08.11,2021-12-10T12:08:11.688393Z,3,"HHE,HHN,HHZ",15001,100.0,ok,
PTGC.2021.344.14.56.57,PTGC,2021.344.14.56.57,2021-12-10T14:56:57.598393Z,3,"HHE,HHN,HHZ",15001,100.0,ok,
PTGC.2021.344.15.21.45,PTGC,2021.344.15.21.45,2021-12-10T15:21:45.598393Z,3,"HHE,HHN,HHZ",15001,100.0,ok,
PTGC.2021.344.17.37.40,PTGC,2021.344.17.37.40,2021-12-10T17:37:40.508393Z,3,"HHE,HHN,HHZ",15001,100.0,ok,
PTGC.2021.344.17.39.26,PTGC,2021.344.17.39.26,2021-12-10T17:39:26.538393Z,3,"HHE,HHN,HHZ",15001,100.0,ok,
PTGC.2021.344.18.08.52,PTGC,2021.344.18.08.52,2021-12-10T18:08:52.648393Z,3,"HHE,HHN,HHZ",15001,100.0,ok,
PTGC.2021.344.22.22.35,PTGC,2021.344.22.22.35,2021-12-10T22:22:35.698393Z,3,"HHE,HHN,HHZ",15001,100.0,ok,
PTGC.2021.344.23.11.53,PTGC,2021.344.23.11.53,2021-12-10T23:11:53.808393Z,3,"HHE,HHN,HHZ",15001,100.0,ok,
PTGC.2021.345.14.12.31,PTGC,2021.345.14.12.31,2021-12-11T14:12:31.238393Z,3,"HHE,HHN,HHZ",15001,100.0,ok,
PTGC.2021.346.01.20.26,PTGC,2021.346.01.20.26,2021-12-12T01:20:26.588393Z,3,"HHE,HHN,HHZ",15001,100.0,ok,
PTGC.2021.346.09.32.56,PTGC,2021.346.09.32.56,2021-12-12T09:32:56.548393Z,3,"HHE,HHN,HHZ",15001,100.0,ok,
PTGC.2021.346.11.35.19,PTGC,2021.346.11.35.19,2021-12-12T11:35:19.248393Z,3,"HHE,HHN,HHZ",15001,100.0,ok,
PTGC.2021.346.16.46.16,PTGC,2021.346.16.46.16,2021-12-12T16:46:16.318393Z,3,"HHE,HHN,HHZ",15001,100.0,ok,
PTGC.2021.346.21.21.55,PTGC,2021.346.21.21.55,2021-12-12T21:21:55.238393Z,3,"HHE,HHN,HHZ",15001,100.0,ok,
PTGC.2021.347.00.01.24,PTGC,2021.347.00.01.24,2021-12-13T00:01:24.458393Z,3,"HHE,HHN,HHZ",15001,100.0,ok,
PTGC.2021.347.00.06.21,PTGC,2021.347.00.06.21,2021-12-13T00:06:21.998393Z,3,"HHE,HHN,HHZ",15001,100.0,ok,
PTGC.2021.348.20.17.26,PTGC,2021.348.20.17.26,2021-12-14T20:17:26.908393Z,3,"HHE,HHN,HHZ",15001,100.0,ok,
PTGC.2021.350.07.50.14,PTGC,2021.350.07.50.14,2021-12-16T07:50:14.408393Z,3,"HHE,HHN,HHZ",15001,100.0,ok,
PTGC.2021.351.04.52.44,PTGC,2021.351.04.52.44,2021-12-17T04:52:44.648393Z,3,"HHE,HHN,HHZ",15001,100.0,ok,
PTGC.2021.352.07.38.44,PTGC,2021.352.07.38.44,2021-12-18T07:38:44.818393Z,3,"HHE,HHN,HHZ",15001,100.0,ok,
PTGC.2021.352.21.21.47,PTGC,2021.352.21.21.47,2021-12-18T21:21:47.478393Z,3,"HHE,HHN,HHZ",15001,100.0,ok,
PTGC.2021.353.09.26.41,PTGC,2021.353.09.26.41,2021-12-19T09:26:41.678393Z,3,"HHE,HHN,HHZ",15001,100.0,ok,
PTGC.2021.353.12.17.25,PTGC,2021.353.12.17.25,2021-12-19T12:17:25.018393Z,3,"HHE,HHN,HHZ",15001,100.0,ok,
PTGC.2021.353.14.21.22,PTGC,2021.353.14.21.22,2021-12-19T14:21:22.788393Z,3,"HHE,HHN,HHZ",15001,100.0,ok,
PTGC.2021.353.22.33.19,PTGC,2021.353.22.33.19,2021-12-19T22:33:19.148393Z,3,"HHE,HHN,HHZ",15001,100.0,ok,
PTGC.2021.354.15.36.03,PTGC,2021.354.15.36.03,2021-12-20T15:36:03.528393Z,3,"HHE,HHN,HHZ",15001,100.0,ok,
PTGC.2021.354.21.55.48,PTGC,2021.354.21.55.48,2021-12-20T21:55:48.188391Z,3,"HHE,HHN,HHZ",15001,100.0,ok,
PTGC.2021.355.07.49.10,PTGC,2021.355.07.49.10,2021-12-21T07:49:10.198393Z,3,"HHE,HHN,HHZ",15001,100.0,ok,
PTGC.2021.355.13.55.24,PTGC,2021.355.13.55.24,2021-12-21T13:55:24.248393Z,3,"HHE,HHN,HHZ",15001,100.0,ok,
PTGC.2021.356.02.15.13,PTGC,2021.356.02.15.13,2021-12-22T02:15:13.468393Z,3,"HHE,HHN,HHZ",15001,100.0,ok,
PTGC.2021.356.02.31.00,PTGC,2021.356.02.31.00,2021-12-22T02:31:00.108393Z,3,"HHE,HHN,HHZ",15001,100.0,ok,
PTGC.2021.356.12.52.55,PTGC,2021.356.12.52.55,2021-12-22T12:52:55.998393Z,3,"HHE,HHN,HHZ",15001,100.0,ok,
PTGC.2021.356.23.35.48,PTGC,2021.356.23.35.48,2021-12-22T23:35:48.108393Z,3,"HHE,HHN,HHZ",15001,100.0,ok,
PTGC.2021.357.05.21.17,PTGC,2021.357.05.21.17,2021-12-23T05:21:17.568393Z,3,"HHE,HHN,HHZ",15001,100.0,ok,
PTGC.2021.357.19.16.28,PTGC,2021.357.19.16.28,2021-12-23T19:16:28.118393Z,3,"HHE,HHN,HHZ",15001,100.0,ok,
PTGC.2021.357.23.35.22,PTGC,2021.357.23.35.22,2021-12-23T23:35:22.338393Z,3,"HHE,HHN,HHZ",15001,100.0,ok,
PTGC.2021.358.02.40.07,PTGC,2021.358.02.40.07,2021-12-24T02:40:07.118393Z,3,"HHE,HHN,HHZ",15001,100.0,ok,
PTGC.2021.358.03.41.41,PTGC,2021.358.03.41.41,2021-12-24T03:41:41.808393Z,3,"HHE,HHN,HHZ",15001,100.0,ok,
PTGC.2021.358.12.46.49,PTGC,2021.358.12.46.49,2021-12-24T12:46:49.708393Z,3,"HHE,HHN,HHZ",15000,100.0,discarded,too_short
PTGC.2021.360.01.09.06,PTGC,2021.360.01.09.06,2021-12-26T01:09:06.198394Z,3,"HHE,HHN,HHZ",15001,100.0,ok,
PTGC.2021.360.13.07.07,PTGC,2021.360.13.07.07,2021-12-26T13:07:07.368393Z,3,"HHE,HHN,HHZ",15001,100.0,ok,
PTGC.2021.361.06.57.44,PTGC,2021.361.06.57.44,2021-12-27T06:57:44.528393Z,3,"HHE,HHN,HHZ",15001,100.0,ok,
PTGC.2021.361.14.51.31,PTGC,2021.361.14.51.31,2021-12-27T14:51:31.018393Z,3,"HHE,HHN,HHZ",15001,100.0,ok,
PTGC.2021.361.19.07.28,PTGC,2021.361.19.07.28,2021-12-27T19:07:28.178393Z,3,"HHE,HHN,HHZ",15001,100.0,ok,
PTGC.2021.362.05.29.06,PTGC,2021.362.05.29.06,2021-12-28T05:29:06.958393Z,3,"HHE,HHN,HHZ",15001,100.0,ok,
PTGC.2021.362.09.07.45,PTGC,2021.362.09.07.45,2021-12-28T09:07:45.058393Z,3,"HHE,HHN,HHZ",15001,100.0,ok,
PTGC.2021.362.18.07.50,PTGC,2021.362.18.07.50,2021-12-28T18:07:50.098393Z,3,"HHE,HHN,HHZ",15001,100.0,ok,
PTGC.2021.362.21.11.18,PTGC,2021.362.21.11.18,2021-12-28T21:11:18.398393Z,3,"HHE,HHN,HHZ",15001,100.0,ok,
PTGC.2021.363.18.59.15,PTGC,2021.363.18.59.15,2021-12-29T18:59:15.988391Z,3,"HHE,HHN,HHZ",15001,100.0,ok,
PTGC.2021.363.21.20.08,PTGC,2021.363.21.20.08,2021-12-29T21:20:08.148393Z,3,"HHE,HHN,HHZ",15001,100.0,ok,
PTGC.2021.364.01.08.57,PTGC,2021.364.01.08.57,2021-12-30T01:08:57.818393Z,3,"HHE,HHN,HHZ",15001,100.0,ok,
PTGC.2021.364.03.12.40,PTGC,2021.364.03.12.40,2021-12-30T03:12:40.298393Z,3,"HHE,HHN,HHZ",15001,100.0,ok,
PTGC.2021.364.06.35.47,PTGC,2021.364.06.35.47,2021-12-30T06:35:47.048393Z,3,"HHE,HHN,HHZ",15001,100.0,ok,
PTGC.2021.364.11.36.55,PTGC,2021.364.11.36.55,2021-12-30T11:36:55.748393Z,3,"HHE,HHN,HHZ",15001,100.0,ok,
PTGC.2021.365.00.12.30,PTGC,2021.365.00.12.30,2021-12-31T00:12:30.028393Z,3,"HHE,HHN,HHZ",15001,100.0,ok,
PTGC.2021.365.01.00.22,PTGC,2021.365.01.00.22,2021-12-31T01:00:22.868393Z,3,"HHE,HHN,HHZ",15001,100.0,ok,
PTGC.2021.365.06.29.55,PTGC,2021.365.06.29.55,2021-12-31T06:29:55.878393Z,3,"HHE,HHN,HHZ",15001,100.0,ok,
PTGC.2021.365.06.39.13,PTGC,2021.365.06.39.13,2021-12-31T06:39:13.028393Z,3,"HHE,HHN,HHZ",15001,100.0,ok,
PTGC.2021.365.06.46.54,PTGC,2021.365.06.46.54,2021-12-31T06:46:54.268393Z,3,"HHE,HHN,HHZ",15001,100.0,ok,
PTGC.2021.365.12.44.52,PTGC,2021.365.12.44.52,2021-12-31T12:44:52.998393Z,3,"HHE,HHN,HHZ",15001,100.0,ok,
PTGC.2021.365.13.18.16,PTGC,2021.365.13.18.16,2021-12-31T13:18:16.808393Z,3,"HHE,HHN,HHZ",15001,100.0,ok,
PTGC.2022.001.10.39.06,PTGC,2022.001.10.39.06,2022-01-01T10:39:06.398393Z,3,"HHE,HHN,HHZ",15001,100.0,ok,
PTGC.2022.001.11.38.44,PTGC,2022.001.11.38.44,2022-01-01T11:38:44.978393Z,3,"HHE,HHN,HHZ",15001,100.0,ok,
PTGC.2022.001.12.15.52,PTGC,2022.001.12.15.52,2022-01-01T12:15:52.958393Z,3,"HHE,HHN,HHZ",15001,100.0,ok,
PTGC.2022.001.12.21.30,PTGC,2022.001.12.21.30,2022-01-01T12:21:30.288393Z,3,"HHE,HHN,HHZ",15001,100.0,ok,
PTGC.2022.001.20.44.24,PTGC,2022.001.20.44.24,2022-01-01T20:44:24.498391Z,3,"HHE,HHN,HHZ",15001,100.0,ok,
PTGC.2022.001.22.51.49,PTGC,2022.001.22.51.49,2022-01-01T22:51:49.378393Z,3,"HHE,HHN,HHZ",15001,100.0,ok,
PTGC.2022.002.08.30.30,PTGC,2022.002.08.30.30,2022-01-02T08:30:30.908393Z,3,"HHE,HHN,HHZ",15001,100.0,ok,
PTGC.2022.002.11.04.06,PTGC,2022.002.11.04.06,2022-01-02T11:04:06.858393Z,3,"HHE,HHN,HHZ",15001,100.0,ok,
PTGC.2022.002.18.58.15,PTGC,2022.002.18.58.15,2022-01-02T18:58:15.388393Z,3,"HHE,HHN,HHZ",15001,100.0,ok,
PTGC.2022.003.03.06.08,PTGC,2022.003.03.06.08,2022-01-03T03:06:08.228393Z,3,"HHE,HHN,HHZ",15001,100.0,ok,
PTGC.2022.003.18.03.53,PTGC,2022.003.18.03.53,2022-01-03T18:03:53.638393Z,3,"HHE,HHN,HHZ",15001,100.0,ok,
PTGC.2022.003.19.20.19,PTGC,2022.003.19.20.19,2022-01-03T19:20:19.748391Z,3,"HHE,HHN,HHZ",15001,100.0,ok,
PTGC.2022.003.22.39.37,PTGC,2022.003.22.39.37,2022-01-03T22:39:37.178391Z,3,"HHE,HHN,HHZ",15001,100.0,ok,
PTGC.2022.004.06.57.40,PTGC,2022.004.06.57.40,2022-01-04T06:57:40.828393Z,3,"HHE,HHN,HHZ",15001,100.0,ok,
PTGC.2022.004.13.23.16,PTGC,2022.004.13.23.16,2022-01-04T13:23:16.378393Z,3,"HHE,HHN,HHZ",15001,100.0,ok,
PTGC.2022.004.13.25.14,PTGC,2022.004.13.25.14,2022-01-04T13:25:14.098393Z,3,"HHE,HHN,HHZ",15001,100.0,ok,
PTGC.2022.004.16.44.55,PTGC,2022.004.16.44.55,2022-01-04T16:44:55.468393Z,3,"HHE,HHN,HHZ",15001,100.0,ok,
PTGC.2022.004.18.37.07,PTGC,2022.004.18.37.07,2022-01-04T18:37:07.278393Z,3,"HHE,HHN,HHZ",15001,100.0,ok,
PTGC.2022.004.21.28.21,PTGC,2022.004.21.28.21,2022-01-04T21:28:21.728393Z,3,"HHE,HHN,HHZ",15001,100.0,ok,
PTGC.2022.004.22.10.57,PTGC,2022.004.22.10.57,2022-01-04T22:10:57.068393Z,3,"HHE,HHN,HHZ",15001,100.0,ok,
PTGC.2022.004.22.33.52,PTGC,2022.004.22.33.52,2022-01-04T22:33:52.718393Z,3,"HHE,HHN,HHZ",15001,100.0,ok,
PTGC.2022.005.20.18.14,PTGC,2022.005.20.18.14,2022-01-05T20:18:14.758393Z,3,"HHE,HHN,HHZ",15001,100.0,ok,
PTGC.2022.005.22.09.13,PTGC,2022.005.22.09.13,2022-01-05T22:09:13.388393Z,3,"HHE,HHN,HHZ",15001,100.0,ok,
PTGC.2022.006.01.37.25,PTGC,2022.006.01.37.25,2022-01-06T01:37:25.068393Z,3,"HHE,HHN,HHZ",15001,100.0,ok,
PTGC.2022.006.09.39.58,PTGC,2022.006.09.39.58,2022-01-06T09:39:58.648391Z,3,"HHE,HHN,HHZ",15001,100.0,ok,
PTGC.2022.006.18.08.24,PTGC,2022.006.18.08.24,2022-01-06T18:08:24.198393Z,3,"HHE,HHN,HHZ",15001,100.0,ok,
PTGC.2022.006.22.51.07,PTGC,2022.006.22.51.07,2022-01-06T22:51:07.988393Z,3,"HHE,HHN,HHZ",15001,100.0,ok,
PTGC.2022.007.14.35.29,PTGC,2022.007.14.35.29,2022-01-07T14:35:29.548393Z,3,"HHE,HHN,HHZ",15001,100.0,ok,
PTGC.2022.007.20.10.57,PTGC,2022.007.20.10.57,2022-01-07T20:10:57.048393Z,3,"HHE,HHN,HHZ",15001,100.0,ok,
PTGC.2022.007.22.18.03,PTGC,2022.007.22.18.03,2022-01-07T22:18:03.148393Z,3,"HHE,HHN,HHZ",15001,100.0,ok,
PTGC.2022.008.00.01.20,PTGC,2022.008.00.01.20,2022-01-08T00:01:20.468394Z,3,"HHE,HHN,HHZ",15001,100.0,ok,
PTGC.2022.008.02.26.49,PTGC,2022.008.02.26.49,2022-01-08T02:26:49.488393Z,3,"HHE,HHN,HHZ",15001,100.0,ok,
PTGC.2022.008.03.12.02,PTGC,2022.008.03.12.02,2022-01-08T03:12:02.258393Z,3,"HHE,HHN,HHZ",15001,100.0,ok,
PTGC.2022.008.06.07.10,PTGC,2022.008.06.07.10,2022-01-08T06:07:10.938391Z,3,"HHE,HHN,HHZ",15001,100.0,ok,
PTGC.2022.008.06.37.01,PTGC,2022.008.06.37.01,2022-01-08T06:37:01.408393Z,3,"HHE,HHN,HHZ",15001,100.0,ok,
PTGC.2022.008.09.11.51,PTGC,2022.008.09.11.51,2022-01-08T09:11:51.668393Z,3,"HHE,HHN,HHZ",15001,100.0,ok,
PTGC.2022.008.19.21.39,PTGC,2022.008.19.21.39,2022-01-08T19:21:39.558393Z,3,"HHE,HHN,HHZ",15001,100.0,ok,
PTGC.2022.008.23.48.04,PTGC,2022.008.23.48.04,2022-01-08T23:48:04.888393Z,3,"HHE,HHN,HHZ",15001,100.0,ok,
PTGC.2022.009.01.42.24,PTGC,2022.009.01.42.24,2022-01-09T01:42:24.838393Z,3,"HHE,HHN,HHZ",15001,100.0,ok,
PTGC.2022.009.05.45.24,PTGC,2022.009.05.45.24,2022-01-09T05:45:24.608393Z,3,"HHE,HHN,HHZ",15001,100.0,ok,
PTGC.2022.009.08.52.16,PTGC,2022.009.08.52.16,2022-01-09T08:52:16.598391Z,3,"HHE,HHN,HHZ",15001,100.0,ok,
PTGC.2022.009.08.56.46,PTGC,2022.009.08.56.46,2022-01-09T08:56:46.968393Z,3,"HHE,HHN,HHZ",15001,100.0,ok,
PTGC.2022.009.09.32.04,PTGC,2022.009.09.32.04,2022-01-09T09:32:04.158393Z,3,"HHE,HHN,HHZ",15001,100.0,ok,
PTGC.2022.009.11.24.25,PTGC,2022.009.11.24.25,2022-01-09T11:24:25.638393Z,3,"HHE,HHN,HHZ",15001,100.0,ok,
PTGC.2022.009.11.41.48,PTGC,2022.009.11.41.48,2022-01-09T11:41:48.038393Z,3,"HHE,HHN,HHZ",15001,100.0,ok,
PTGC.2022.009.12.29.59,PTGC,2022.009.12.29.59,2022-01-09T12:29:59.368391Z,3,"HHE,HHN,HHZ",15001,100.0,ok,
PTGC.2022.009.20.38.39,PTGC,2022.009.20.38.39,2022-01-09T20:38:39.498393Z,3,"HHE,HHN,HHZ",15001,100.0,ok,
PTGC.2022.010.01.56.36,PTGC,2022.010.01.56.36,2022-01-10T01:56:36.928393Z,3,"HHE,HHN,HHZ",15001,100.0,ok,
PTGC.2022.010.08.27.48,PTGC,2022.010.08.27.48,2022-01-10T08:27:48.308393Z,3,"HHE,HHN,HHZ",15001,100.0,ok,
PTGC.2022.010.14.30.37,PTGC,2022.010.14.30.37,2022-01-10T14:30:37.798393Z,3,"HHE,HHN,HHZ",15001,100.0,ok,
PTGC.2022.010.18.28.37,PTGC,2022.010.18.28.37,2022-01-10T18:28:37.518393Z,3,"HHE,HHN,HHZ",15001,100.0,ok,
PTGC.2022.010.18.32.13,PTGC,2022.010.18.32.13,2022-01-10T18:32:13.188393Z,3,"HHE,HHN,HHZ",15001,100.0,ok,
PTGC.2022.010.23.38.06,PTGC,2022.010.23.38.06,2022-01-10T23:38:06.218393Z,3,"HHE,HHN,HHZ",15001,100.0,ok,
PTGC.2022.011.09.00.40,PTGC,2022.011.09.00.40,2022-01-11T09:00:40.798393Z,3,"HHE,HHN,HHZ",15001,100.0,ok,
PTGC.2022.011.21.48.41,PTGC,2022.011.21.48.41,2022-01-11T21:48:41.998393Z,3,"HHE,HHN,HHZ",15001,100.0,ok,
PTGC.2022.012.09.29.20,PTGC,2022.012.09.29.20,2022-01-12T09:29:20.788391Z,3,"HHE,HHN,HHZ",15001,100.0,ok,
PTGC.2022.012.10.03.10,PTGC,2022.012.10.03.10,2022-01-12T10:03:10.458393Z,3,"HHE,HHN,HHZ",15001,100.0,ok,
PTGC.2022.012.15.27.32,PTGC,2022.012.15.27.32,2022-01-12T15:27:32.028393Z,3,"HHE,HHN,HHZ",15001,100.0,ok,
PTGC.2022.012.18.19.00,PTGC,2022.012.18.19.00,2022-01-12T18:19:00.198393Z,3,"HHE,HHN,HHZ",15001,100.0,ok,
PTGC.2022.013.03.58.52,PTGC,2022.013.03.58.52,2022-01-13T03:58:52.068393Z,3,"HHE,HHN,HHZ",15001,100.0,ok,
PTGC.2022.014.05.56.52,PTGC,2022.014.05.56.52,2022-01-14T05:56:52.598393Z,3,"HHE,HHN,HHZ",15001,100.0,ok,
PTGC.2022.014.07.12.59,PTGC,2022.014.07.12.59,2022-01-14T07:12:59.638393Z,3,"HHE,HHN,HHZ",15001,100.0,ok,
PTGC.2022.014.21.15.36,PTGC,2022.014.21.15.36,2022-01-14T21:15:36.068393Z,3,"HHE,HHN,HHZ",15001,100.0,ok,
PTGC.2022.015.03.55.39,PTGC,2022.015.03.55.39,2022-01-15T03:55:39.308393Z,3,"HHE,HHN,HHZ",15001,100.0,ok,
PTGC.2022.015.11.30.17,PTGC,2022.015.11.30.17,2022-01-15T11:30:17.388393Z,3,"HHE,HHN,HHZ",15001,100.0,ok,
PTGC.2022.016.07.44.40,PTGC,2022.016.07.44.40,2022-01-16T07:44:40.418393Z,3,"HHE,HHN,HHZ",15001,100.0,ok,
PTGC.2022.016.10.20.54,PTGC,2022.016.10.20.54,2022-01-16T10:20:54.918393Z,3,"HHE,HHN,HHZ",15001,100.0,ok,
PTGC.2022.017.00.13.49,PTGC,2022.017.00.13.49,2022-01-17T00:13:49.448393Z,3,"HHE,HHN,HHZ",15001,100.0,ok,
PTGC.2022.017.11.13.18,PTGC,2022.017.11.13.18,2022-01-17T11:13:18.238393Z,3,"HHE,HHN,HHZ",15001,100.0,ok,
PTGC.2022.017.17.04.46,PTGC,2022.017.17.04.46,2022-01-17T17:04:46.838393Z,3,"HHE,HHN,HHZ",15001,100.0,ok,
PTGC.2022.017.22.12.23,PTGC,2022.017.22.12.23,2022-01-17T22:12:23.498393Z,3,"HHE,HHN,HHZ",15001,100.0,ok,
PTGC.2022.018.06.29.54,PTGC,2022.018.06.29.54,2022-01-18T06:29:54.308393Z,3,"HHE,HHN,HHZ",15001,100.0,ok,
PTGC.2022.018.12.26.56,PTGC,2022.018.12.26.56,2022-01-18T12:26:56.348393Z,3,"HHE,HHN,HHZ",15001,100.0,ok,
PTGC.2022.018.14.20.04,PTGC,2022.018.14.20.04,2022-01-18T14:20:04.708393Z,3,"HHE,HHN,HHZ",15001,100.0,ok,
PTGC.2022.018.17.24.43,PTGC,2022.018.17.24.43,2022-01-18T17:24:43.508393Z,3,"HHE,HHN,HHZ",15001,100.0,ok,
PTGC.2022.019.04.25.37,PTGC,2022.019.04.25.37,2022-01-19T04:25:37.148393Z,3,"HHE,HHN,HHZ",15001,100.0,ok,
PTGC.2022.019.08.01.40,PTGC,2022.019.08.01.40,2022-01-19T08:01:40.328393Z,3,"HHE,HHN,HHZ",15001,100.0,ok,
PTGC.2022.019.08.03.56,PTGC,2022.019.08.03.56,2022-01-19T08:03:56.148393Z,3,"HHE,HHN,HHZ",15001,100.0,ok,
PTGC.2022.019.17.29.32,PTGC,2022.019.17.29.32,2022-01-19T17:29:32.818393Z,3,"HHE,HHN,HHZ",15001,100.0,ok,
PTGC.2022.021.02.44.16,PTGC,2022.021.02.44.16,2022-01-21T02:44:16.528393Z,3,"HHE,HHN,HHZ",15001,100.0,ok,
PTGC.2022.021.09.12.06,PTGC,2022.021.09.12.06,2022-01-21T09:12:06.908393Z,3,"HHE,HHN,HHZ",15001,100.0,ok,
PTGC.2022.021.22.13.46,PTGC,2022.021.22.13.46,2022-01-21T22:13:46.418393Z,3,"HHE,HHN,HHZ",15001,100.0,ok,
PTGC.2022.022.07.58.52,PTGC,2022.022.07.58.52,2022-01-22T07:58:52.488393Z,3,"HHE,HHN,HHZ",15001,100.0,ok,
PTGC.2022.022.22.05.31,PTGC,2022.022.22.05.31,2022-01-22T22:05:31.508391Z,3,"HHE,HHN,HHZ",15001,100.0,ok,
PTGC.2022.023.07.09.58,PTGC,2022.023.07.09.58,2022-01-23T07:09:58.468393Z,3,"HHE,HHN,HHZ",15001,100.0,ok,
PTGC.2022.024.03.20.09,PTGC,2022.024.03.20.09,2022-01-24T03:20:09.828393Z,3,"HHE,HHN,HHZ",15001,100.0,ok,
PTGC.2022.024.03.24.21,PTGC,2022.024.03.24.21,2022-01-24T03:24:21.108393Z,3,"HHE,HHN,HHZ",15001,100.0,ok,
PTGC.2022.024.03.34.09,PTGC,2022.024.03.34.09,2022-01-24T03:34:09.758393Z,3,"HHE,HHN,HHZ",15001,100.0,ok,
PTGC.2022.024.04.01.13,PTGC,2022.024.04.01.13,2022-01-24T04:01:13.018393Z,3,"HHE,HHN,HHZ",15001,100.0,ok,
PTGC.2022.024.12.34.43,PTGC,2022.024.12.34.43,2022-01-24T12:34:43.778393Z,3,"HHE,HHN,HHZ",15001,100.0,ok,
PTGC.2022.024.14.24.44,PTGC,2022.024.14.24.44,2022-01-24T14:24:44.848393Z,3,"HHE,HHN,HHZ",15001,100.0,ok,
PTGC.2022.024.16.44.41,PTGC,2022.024.16.44.41,2022-01-24T16:44:41.828393Z,3,"HHE,HHN,HHZ",15001,100.0,ok,
PTGC.2022.025.07.56.07,PTGC,2022.025.07.56.07,2022-01-25T07:56:07.138393Z,3,"HHE,HHN,HHZ",15001,100.0,ok,
PTGC.2022.025.19.38.07,PTGC,2022.025.19.38.07,2022-01-25T19:38:07.968393Z,3,"HHE,HHN,HHZ",15001,100.0,ok,
PTGC.2022.026.05.48.48,PTGC,2022.026.05.48.48,2022-01-26T05:48:48.798393Z,3,"HHE,HHN,HHZ",15001,100.0,ok,
PTGC.2022.028.07.02.46,PTGC,2022.028.07.02.46,2022-01-28T07:02:46.148393Z,3,"HHE,HHN,HHZ",15001,100.0,ok,
PTGC.2022.028.08.58.19,PTGC,2022.028.08.58.19,2022-01-28T08:58:19.608393Z,3,"HHE,HHN,HHZ",15001,100.0,ok,
PTGC.2022.029.02.59.09,PTGC,2022.029.02.59.09,2022-01-29T02:59:09.978393Z,3,"HHE,HHN,HHZ",15001,100.0,ok,
PTGC.2022.030.05.31.23,PTGC,2022.030.05.31.23,2022-01-30T05:31:23.138393Z,3,"HHE,HHN,HHZ",15001,100.0,ok,
PTGC.2022.030.13.44.56,PTGC,2022.030.13.44.56,2022-01-30T13:44:56.058391Z,3,"HHE,HHN,HHZ",15001,100.0,ok,
PTGC.2022.030.16.40.33,PTGC,2022.030.16.40.33,2022-01-30T16:40:33.798393Z,3,"HHE,HHN,HHZ",15001,100.0,ok,
PTGC.2022.031.01.01.38,PTGC,2022.031.01.01.38,2022-01-31T01:01:38.018393Z,3,"HHE,HHN,HHZ",15001,100.0,ok,
PTGC.2022.031.02.28.05,PTGC,2022.031.02.28.05,2022-01-31T02:28:05.588393Z,3,"HHE,HHN,HHZ",15001,100.0,ok,
PTGC.2022.031.06.06.23,PTGC,2022.031.06.06.23,2022-01-31T06:06:23.668393Z,3,"HHE,HHN,HHZ",15001,100.0,ok,
PTGC.2022.031.10.09.01,PTGC,2022.031.10.09.01,2022-01-31T10:09:01.188394Z,3,"HHE,HHN,HHZ",15001,100.0,ok,
PTGC.2022.032.03.08.49,PTGC,2022.032.03.08.49,2022-02-01T03:08:49.388394Z,3,"HHE,HHN,HHZ",15001,100.0,ok,
PTGC.2022.032.07.35.13,PTGC,2022.032.07.35.13,2022-02-01T07:35:13.518393Z,3,"HHE,HHN,HHZ",15001,100.0,ok,
PTGC.2022.032.15.44.04,PTGC,2022.032.15.44.04,2022-02-01T15:44:04.318393Z,3,"HHE,HHN,HHZ",15001,100.0,ok,
PTGC.2022.033.22.44.50,PTGC,2022.033.22.44.50,2022-02-02T22:44:50.598393Z,3,"HHE,HHN,HHZ",15001,100.0,ok,
PTGC.2022.034.09.02.48,PTGC,2022.034.09.02.48,2022-02-03T09:02:48.288393Z,3,"HHE,HHN,HHZ",15001,100.0,ok,
PTGC.2022.034.23.29.56,PTGC,2022.034.23.29.56,2022-02-03T23:29:56.918391Z,3,"HHE,HHN,HHZ",15001,100.0,ok,
PTGC.2022.035.12.48.24,PTGC,2022.035.12.48.24,2022-02-04T12:48:24.858393Z,3,"HHE,HHN,HHZ",15001,100.0,ok,
PTGC.2022.035.20.44.26,PTGC,2022.035.20.44.26,2022-02-04T20:44:26.028393Z,3,"HHE,HHN,HHZ",15001,100.0,ok,
PTGC.2022.036.01.26.12,PTGC,2022.036.01.26.12,2022-02-05T01:26:12.108393Z,3,"HHE,HHN,HHZ",15001,100.0,ok,
PTGC.2022.036.14.18.35,PTGC,2022.036.14.18.35,2022-02-05T14:18:35.978393Z,3,"HHE,HHN,HHZ",15001,100.0,ok,
PTGC.2022.037.03.00.51,PTGC,2022.037.03.00.51,2022-02-06T03:00:51.518393Z,3,"HHE,HHN,HHZ",15001,100.0,ok,
PTGC.2022.037.04.37.57,PTGC,2022.037.04.37.57,2022-02-06T04:37:57.158393Z,3,"HHE,HHN,HHZ",15001,100.0,ok,
PTGC.2022.037.15.43.42,PTGC,2022.037.15.43.42,2022-02-06T15:43:42.128391Z,3,"HHE,HHN,HHZ",15001,100.0,ok,
PTGC.2022.038.03.39.31,PTGC,2022.038.03.39.31,2022-02-07T03:39:31.968393Z,3,"HHE,HHN,HHZ",15001,100.0,ok,
PTGC.2022.038.07.58.02,PTGC,2022.038.07.58.02,2022-02-07T07:58:02.168393Z,3,"HHE,HHN,HHZ",15001,100.0,ok,
PTGC.2022.038.16.30.58,PTGC,2022.038.16.30.58,2022-02-07T16:30:58.338393Z,3,"HHE,HHN,HHZ",15001,100.0,ok,
PTGC.2022.038.19.34.50,PTGC,2022.038.19.34.50,2022-02-07T19:36:03.968393Z,3,"HHE,HHN,HHZ",7623,100.0,discarded,too_short
PTGC.2022.038.22.45.24,PTGC,2022.038.22.45.24,2022-02-07T22:45:24.698393Z,3,"HHE,HHN,HHZ",15001,100.0,ok,
PTGC.2022.039.10.18.12,PTGC,2022.039.10.18.12,2022-02-08T10:18:12.288393Z,3,"HHE,HHN,HHZ",15001,100.0,ok,
PTGC.2022.039.10.26.25,PTGC,2022.039.10.26.25,2022-02-08T10:26:25.188393Z,3,"HHE,HHN,HHZ",15001,100.0,ok,
PTGC.2022.039.14.33.41,PTGC,2022.039.14.33.41,2022-02-08T14:33:41.828393Z,3,"HHE,HHN,HHZ",15001,100.0,ok,
PTGC.2022.039.21.22.08,PTGC,2022.039.21.22.08,2022-02-08T21:22:08.188393Z,3,"HHE,HHN,HHZ",15001,100.0,ok,
PTGC.2022.041.06.17.36,PTGC,2022.041.06.17.36,2022-02-10T06:17:36.648393Z,3,"HHE,HHN,HHZ",15001,100.0,ok,
PTGC.2022.042.09.39.04,PTGC,2022.042.09.39.04,2022-02-11T09:39:04.298393Z,3,"HHE,HHN,HHZ",15001,100.0,ok,
PTGC.2022.042.14.39.58,PTGC,2022.042.14.39.58,2022-02-11T14:39:58.058391Z,3,"HHE,HHN,HHZ",15001,100.0,ok,
PTGC.2022.042.14.48.06,PTGC,2022.042.14.48.06,2022-02-11T14:48:06.658393Z,3,"HHE,HHN,HHZ",15001,100.0,ok,
PTGC.2022.043.03.26.46,PTGC,2022.043.03.26.46,2022-02-12T03:26:46.558393Z,3,"HHE,HHN,HHZ",15001,100.0,ok,
PTGC.2022.043.05.02.19,PTGC,2022.043.05.02.19,2022-02-12T05:02:19.488391Z,3,"HHE,HHN,HHZ",15001,100.0,ok,
PTGC.2022.043.10.48.53,PTGC,2022.043.10.48.53,2022-02-12T10:48:53.958391Z,3,"HHE,HHN,HHZ",15001,100.0,ok,
PTGC.2022.043.11.44.24,PTGC,2022.043.11.44.24,2022-02-12T11:44:24.058393Z,3,"HHE,HHN,HHZ",15001,100.0,ok,
PTGC.2022.044.05.16.33,PTGC,2022.044.05.16.33,2022-02-13T05:16:33.048393Z,3,"HHE,HHN,HHZ",15001,100.0,ok,
PTGC.2022.044.21.38.36,PTGC,2022.044.21.38.36,2022-02-13T21:38:36.998393Z,3,"HHE,HHN,HHZ",15001,100.0,ok,
PTGC.2022.044.22.40.13,PTGC,2022.044.22.40.13,2022-02-13T22:40:13.778393Z,3,"HHE,HHN,HHZ",15001,100.0,ok,
PTGC.2022.045.01.39.44,PTGC,2022.045.01.39.44,2022-02-14T01:39:44.528393Z,3,"HHE,HHN,HHZ",15001,100.0,ok,
PTGC.2022.045.02.25.15,PTGC,2022.045.02.25.15,2022-02-14T02:25:15.678393Z,3,"HHE,HHN,HHZ",15001,100.0,ok,
PTGC.2022.045.04.50.05,PTGC,2022.045.04.50.05,2022-02-14T04:50:05.498393Z,3,"HHE,HHN,HHZ",15001,100.0,ok,
PTGC.2022.045.10.05.03,PTGC,2022.045.10.05.03,2022-02-14T10:05:03.048393Z,3,"HHE,HHN,HHZ",15001,100.0,ok,
PTGC.2022.045.13.01.53,PTGC,2022.045.13.01.53,2022-02-14T13:01:53.288393Z,3,"HHE,HHN,HHZ",15001,100.0,ok,
PTGC.2022.045.15.34.19,PTGC,2022.045.15.34.19,2022-02-14T15:34:19.658393Z,3,"HHE,HHN,HHZ",15001,100.0,ok,
PTGC.2022.046.04.16.32,PTGC,2022.046.04.16.32,2022-02-15T04:16:32.808391Z,3,"HHE,HHN,HHZ",15001,100.0,ok,
PTGC.2022.046.08.41.41,PTGC,2022.046.08.41.41,2022-02-15T08:41:41.418393Z,3,"HHE,HHN,HHZ",15001,100.0,ok,
PTGC.2022.047.00.05.51,PTGC,2022.047.00.05.51,2022-02-16T00:05:51.508393Z,3,"HHE,HHN,HHZ",15001,100.0,ok,
PTGC.2022.047.09.19.18,PTGC,2022.047.09.19.18,2022-02-16T09:19:18.218393Z,3,"HHE,HHN,HHZ",15001,100.0,ok,
PTGC.2022.047.12.20.59,PTGC,2022.047.12.20.59,2022-02-16T12:20:59.128393Z,3,"HHE,HHN,HHZ",15001,100.0,ok,
PTGC.2022.047.17.21.04,PTGC,2022.047.17.21.04,2022-02-16T17:21:04.298393Z,3,"HHE,HHN,HHZ",15001,100.0,ok,
PTGC.2022.048.03.22.34,PTGC,2022.048.03.22.34,2022-02-17T03:22:34.678393Z,3,"HHE,HHN,HHZ",15001,100.0,ok,
PTGC.2022.048.06.55.46,PTGC,2022.048.06.55.46,2022-02-17T06:55:46.218393Z,3,"HHE,HHN,HHZ",15001,100.0,ok,
PTGC.2022.048.16.27.10,PTGC,2022.048.16.27.10,2022-02-17T16:27:10.148393Z,3,"HHE,HHN,HHZ",15001,100.0,ok,
PTGC.2022.048.17.46.29,PTGC,2022.048.17.46.29,2022-02-17T17:46:29.468393Z,3,"HHE,HHN,HHZ",15001,100.0,ok,
PTGC.2022.048.20.31.35,PTGC,2022.048.20.31.35,2022-02-17T20:31:35.928393Z,3,"HHE,HHN,HHZ",15001,100.0,ok,
PTGC.2022.049.08.48.02,PTGC,2022.049.08.48.02,2022-02-18T08:48:02.988393Z,3,"HHE,HHN,HHZ",15001,100.0,ok,
PTGC.2022.049.15.35.19,PTGC,2022.049.15.35.19,2022-02-18T15:35:19.878393Z,3,"HHE,HHN,HHZ",15001,100.0,ok,
PTGC.2022.049.15.47.40,PTGC,2022.049.15.47.40,2022-02-18T15:47:40.818393Z,3,"HHE,HHN,HHZ",15001,100.0,ok,
PTGC.2022.050.09.19.43,PTGC,2022.050.09.19.43,2022-02-19T09:19:43.088393Z,3,"HHE,HHN,HHZ",15001,100.0,ok,
PTGC.2022.050.10.08.32,PTGC,2022.050.10.08.32,2022-02-19T10:08:32.298393Z,3,"HHE,HHN,HHZ",15001,100.0,ok,
PTGC.2022.050.11.03.08,PTGC,2022.050.11.03.08,2022-02-19T11:03:08.078393Z,3,"HHE,HHN,HHZ",15001,100.0,ok,
PTGC.2022.050.18.13.51,PTGC,2022.050.18.13.51,2022-02-19T18:13:51.548393Z,3,"HHE,HHN,HHZ",15001,100.0,ok,
PTGC.2022.050.18.16.04,PTGC,2022.050.18.16.04,2022-02-19T18:16:04.658393Z,3,"HHE,HHN,HHZ",15001,100.0,ok,
PTGC.2022.051.02.58.19,PTGC,2022.051.02.58.19,2022-02-20T02:58:19.278393Z,3,"HHE,HHN,HHZ",15001,100.0,ok,
PTGC.2022.051.07.12.27,PTGC,2022.051.07.12.27,2022-02-20T07:12:27.628393Z,3,"HHE,HHN,HHZ",15001,100.0,ok,
PTGC.2022.051.12.00.15,PTGC,2022.051.12.00.15,2022-02-20T12:00:15.638393Z,3,"HHE,HHN,HHZ",15001,100.0,ok,
PTGC.2022.052.06.00.11,PTGC,2022.052.06.00.11,2022-02-21T06:00:11.888393Z,3,"HHE,HHN,HHZ",15001,100.0,ok,
PTGC.2022.052.13.09.19,PTGC,2022.052.13.09.19,2022-02-21T13:09:19.728393Z,3,"HHE,HHN,HHZ",15001,100.0,ok,
PTGC.2022.053.07.58.37,PTGC,2022.053.07.58.37,2022-02-22T07:58:37.858391Z,3,"HHE,HHN,HHZ",15001,100.0,ok,
PTGC.2022.053.09.58.56,PTGC,2022.053.09.58.56,2022-02-22T09:58:56.118393Z,3,"HHE,HHN,HHZ",15001,100.0,ok,
PTGC.2022.053.14.58.41,PTGC,2022.053.14.58.41,2022-02-22T14:58:41.558393Z,3,"HHE,HHN,HHZ",15001,100.0,ok,
PTGC.2022.053.23.46.38,PTGC,2022.053.23.46.38,2022-02-22T23:46:38.348393Z,3,"HHE,HHN,HHZ",15001,100.0,ok,
PTGC.2022.054.04.14.41,PTGC,2022.054.04.14.41,2022-02-23T04:14:41.188393Z,3,"HHE,HHN,HHZ",15001,100.0,ok,
PTGC.2022.054.20.24.15,PTGC,2022.054.20.24.15,2022-02-23T20:24:15.158393Z,3,"HHE,HHN,HHZ",15001,100.0,ok,
PTGC.2022.055.01.55.25,PTGC,2022.055.01.55.25,2022-02-24T01:55:25.748393Z,3,"HHE,HHN,HHZ",15001,100.0,ok,
PTGC.2022.055.04.09.33,PTGC,2022.055.04.09.33,2022-02-24T04:09:33.288393Z,3,"HHE,HHN,HHZ",15001,100.0,ok,
PTGC.2022.056.00.42.34,PTGC,2022.056.00.42.34,2022-02-25T00:42:34.188393Z,3,"HHE,HHN,HHZ",15001,100.0,ok,
PTGC.2022.056.08.21.57,PTGC,2022.056.08.21.57,2022-02-25T08:21:57.998394Z,3,"HHE,HHN,HHZ",15001,100.0,ok,
PTGC.2022.057.18.07.18,PTGC,2022.057.18.07.18,2022-02-26T18:07:18.948393Z,3,"HHE,HHN,HHZ",15001,100.0,ok,
PTGC.2022.058.03.39.39,PTGC,2022.058.03.39.39,2022-02-27T03:39:39.998393Z,3,"HHE,HHN,HHZ",15001,100.0,ok,
PTGC.2022.058.04.25.44,PTGC,2022.058.04.25.44,2022-02-27T04:25:44.058393Z,3,"HHE,HHN,HHZ",15001,100.0,ok,
PTGC.2022.058.05.28.12,PTGC,2022.058.05.28.12,2022-02-27T05:28:12.058393Z,3,"HHE,HHN,HHZ",15001,100.0,ok,
PTGC.2022.058.11.34.36,PTGC,2022.058.11.34.36,2022-02-27T11:34:36.208393Z,3,"HHE,HHN,HHZ",15001,100.0,ok,
PTGC.2022.058.11.58.43,PTGC,2022.058.11.58.43,2022-02-27T11:58:43.498391Z,3,"HHE,HHN,HHZ",15001,100.0,ok,
PTGC.2022.059.16.07.29,PTGC,2022.059.16.07.29,2022-02-28T16:07:29.908393Z,3,"HHE,HHN,HHZ",15001,100.0,ok,
PTGC.2022.060.15.55.06,PTGC,2022.060.15.55.06,2022-03-01T15:55:06.018393Z,3,"HHE,HHN,HHZ",15001,100.0,ok,
PTGC.2022.060.16.44.47,PTGC,2022.060.16.44.47,2022-03-01T16:44:47.708393Z,3,"HHE,HHN,HHZ",15001,100.0,ok,
PTGC.2022.061.11.03.03,PTGC,2022.061.11.03.03,2022-03-02T11:03:03.588393Z,3,"HHE,HHN,HHZ",15001,100.0,ok,
PTGC.2022.061.11.45.47,PTGC,2022.061.11.45.47,2022-03-02T11:45:47.538393Z,3,"HHE,HHN,HHZ",15001,100.0,ok,
PTGC.2022.061.15.10.38,PTGC,2022.061.15.10.38,2022-03-02T15:10:38.218393Z,3,"HHE,HHN,HHZ",15001,100.0,ok,
PTGC.2022.061.22.11.16,PTGC,2022.061.22.11.16,2022-03-02T22:11:16.718393Z,3,"HHE,HHN,HHZ",15001,100.0,ok,
PTGC.2022.062.04.50.15,PTGC,2022.062.04.50.15,2022-03-03T04:50:15.878393Z,3,"HHE,HHN,HHZ",15001,100.0,ok,
PTGC.2022.062.06.09.32,PTGC,2022.062.06.09.32,2022-03-03T06:09:32.728393Z,3,"HHE,HHN,HHZ",15001,100.0,ok,
PTGC.2022.062.12.12.25,PTGC,2022.062.12.12.25,2022-03-03T12:12:25.368393Z,3,"HHE,HHN,HHZ",15001,100.0,ok,
PTGC.2022.062.15.27.05,PTGC,2022.062.15.27.05,2022-03-03T15:27:05.238393Z,3,"HHE,HHN,HHZ",15001,100.0,ok,
PTGC.2022.063.01.10.36,PTGC,2022.063.01.10.36,2022-03-04T01:10:36.538394Z,3,"HHE,HHN,HHZ",15001,100.0,ok,
PTGC.2022.063.11.48.34,PTGC,2022.063.11.48.34,2022-03-04T11:48:34.988393Z,3,"HHE,HHN,HHZ",15001,100.0,ok,
PTGC.2022.063.13.21.56,PTGC,2022.063.13.21.56,2022-03-04T13:21:56.958393Z,3,"HHE,HHN,HHZ",15001,100.0,ok,
PTGC.2022.063.19.07.41,PTGC,2022.063.19.07.41,2022-03-04T19:07:41.518393Z,3,"HHE,HHN,HHZ",15001,100.0,ok,
PTGC.2022.063.20.10.34,PTGC,2022.063.20.10.34,2022-03-04T20:10:34.378393Z,3,"HHE,HHN,HHZ",15001,100.0,ok,
PTGC.2022.064.01.11.54,PTGC,2022.064.01.11.54,2022-03-05T01:11:54.778393Z,3,"HHE,HHN,HHZ",15001,100.0,ok,
PTGC.2022.064.01.17.01,PTGC,2022.064.01.17.01,2022-03-05T01:17:01.208393Z,3,"HHE,HHN,HHZ",15001,100.0,ok,
PTGC.2022.064.19.40.05,PTGC,2022.064.19.40.05,2022-03-05T19:40:05.648394Z,3,"HHE,HHN,HHZ",15001,100.0,ok,
PTGC.2022.064.23.41.19,PTGC,2022.064.23.41.19,2022-03-05T23:41:19.878393Z,3,"HHE,HHN,HHZ",15001,100.0,ok,
PTGC.2022.065.00.36.49,PTGC,2022.065.00.36.49,2022-03-06T00:36:49.338393Z,3,"HHE,HHN,HHZ",15001,100.0,ok,
PTGC.2022.065.01.50.58,PTGC,2022.065.01.50.58,2022-03-06T01:50:58.448393Z,3,"HHE,HHN,HHZ",15001,100.0,ok,
PTGC.2022.065.08.35.30,PTGC,2022.065.08.35.30,2022-03-06T08:35:30.368393Z,3,"HHE,HHN,HHZ",15001,100.0,ok,
PTGC.2022.066.02.18.01,PTGC,2022.066.02.18.01,2022-03-07T02:18:01.008393Z,3,"HHE,HHN,HHZ",15001,100.0,ok,
PTGC.2022.066.05.53.28,PTGC,2022.066.05.53.28,2022-03-07T05:53:28.808393Z,3,"HHE,HHN,HHZ",15001,100.0,ok,
PTGC.2022.067.04.00.27,PTGC,2022.067.04.00.27,2022-03-08T04:00:27.848393Z,3,"HHE,HHN,HHZ",15001,100.0,ok,
PTGC.2022.067.09.21.47,PTGC,2022.067.09.21.47,2022-03-08T09:21:47.798393Z,3,"HHE,HHN,HHZ",15001,100.0,ok,
PTGC.2022.068.05.04.36,PTGC,2022.068.05.04.36,2022-03-09T05:04:36.598393Z,3,"HHE,HHN,HHZ",15001,100.0,ok,
PTGC.2022.068.16.42.40,PTGC,2022.068.16.42.40,2022-03-09T16:42:40.988391Z,3,"HHE,HHN,HHZ",15001,100.0,ok,
PTGC.2022.070.08.45.47,PTGC,2022.070.08.45.47,2022-03-11T08:45:47.018393Z,3,"HHE,HHN,HHZ",15001,100.0,ok,
PTGC.2022.072.20.41.55,PTGC,2022.072.20.41.55,2022-03-13T20:41:55.698391Z,3,"HHE,HHN,HHZ",15001,100.0,ok,
PTGC.2022.073.09.15.47,PTGC,2022.073.09.15.47,2022-03-14T09:15:47.248393Z,3,"HHE,HHN,HHZ",15001,100.0,ok,
PTGC.2022.073.15.58.37,PTGC,2022.073.15.58.37,2022-03-14T15:58:37.938393Z,3,"HHE,HHN,HHZ",15001,100.0,ok,
PTGC.2022.074.08.27.12,PTGC,2022.074.08.27.12,2022-03-15T08:27:12.078393Z,3,"HHE,HHN,HHZ",15001,100.0,ok,
PTGC.2022.075.01.40.40,PTGC,2022.075.01.40.40,2022-03-16T01:40:40.568393Z,3,"HHE,HHN,HHZ",15001,100.0,ok,
PTGC.2022.075.09.48.30,PTGC,2022.075.09.48.30,2022-03-16T09:48:30.578393Z,3,"HHE,HHN,HHZ",15001,100.0,ok,
PTGC.2022.075.14.39.12,PTGC,2022.075.14.39.12,2022-03-16T14:39:12.438393Z,3,"HHE,HHN,HHZ",15001,100.0,ok,
PTGC.2022.075.23.36.46,PTGC,2022.075.23.36.46,2022-03-16T23:36:46.638393Z,3,"HHE,HHN,HHZ",15001,100.0,ok,
PTGC.2022.076.19.28.54,PTGC,2022.076.19.28.54,2022-03-17T19:28:54.798393Z,3,"HHE,HHN,HHZ",15001,100.0,ok,
PTGC.2022.078.01.36.25,PTGC,2022.078.01.36.25,2022-03-19T01:36:25.648393Z,3,"HHE,HHN,HHZ",15001,100.0,ok,
PTGC.2022.078.05.18.41,PTGC,2022.078.05.18.41,2022-03-19T05:18:41.208393Z,3,"HHE,HHN,HHZ",15001,100.0,ok,
PTGC.2022.078.05.48.36,PTGC,2022.078.05.48.36,2022-03-19T05:48:36.578393Z,3,"HHE,HHN,HHZ",15001,100.0,ok,
PTGC.2022.080.07.41.16,PTGC,2022.080.07.41.16,2022-03-21T07:41:16.378393Z,3,"HHE,HHN,HHZ",15001,100.0,ok,
PTGC.2022.080.19.59.46,PTGC,2022.080.19.59.46,2022-03-21T19:59:46.398393Z,3,"HHE,HHN,HHZ",15001,100.0,ok,
PTGC.2022.080.22.53.49,PTGC,2022.080.22.53.49,2022-03-21T22:53:49.718393Z,3,"HHE,HHN,HHZ",15001,100.0,ok,
PTGC.2022.081.08.14.00,PTGC,2022.081.08.14.00,2022-03-22T08:14:00.388393Z,3,"HHE,HHN,HHZ",15000,100.0,discarded,too_short
PTGC.2022.081.10.45.29,PTGC,2022.081.10.45.29,2022-03-22T10:45:29.168393Z,3,"HHE,HHN,HHZ",15001,100.0,ok,
PTGC.2022.081.11.22.10,PTGC,2022.081.11.22.10,2022-03-22T11:22:10.708393Z,3,"HHE,HHN,HHZ",15001,100.0,ok,
PTGC.2022.081.13.42.31,PTGC,2022.081.13.42.31,2022-03-22T13:42:31.118393Z,3,"HHE,HHN,HHZ",15001,100.0,ok,
PTGC.2022.082.05.45.19,PTGC,2022.082.05.45.19,2022-03-23T05:45:19.908393Z,3,"HHE,HHN,HHZ",15001,100.0,ok,
PTGC.2022.082.09.06.50,PTGC,2022.082.09.06.50,2022-03-23T09:06:50.278393Z,3,"HHE,HHN,HHZ",15001,100.0,ok,
PTGC.2022.083.03.04.11,PTGC,2022.083.03.04.11,2022-03-24T03:04:11.238393Z,3,"HHE,HHN,HHZ",15001,100.0,ok,
PTGC.2022.083.03.05.22,PTGC,2022.083.03.05.22,2022-03-24T03:05:22.558393Z,3,"HHE,HHN,HHZ",15001,100.0,ok,
PTGC.2022.083.16.56.42,PTGC,2022.083.16.56.42,2022-03-24T16:56:42.288393Z,3,"HHE,HHN,HHZ",15001,100.0,ok,
PTGC.2022.084.02.36.59,PTGC,2022.084.02.36.59,2022-03-25T02:36:59.598393Z,3,"HHE,HHN,HHZ",15001,100.0,ok,
PTGC.2022.084.10.07.01,PTGC,2022.084.10.07.01,2022-03-25T10:07:01.448393Z,3,"HHE,HHN,HHZ",15001,100.0,ok,
PTGC.2022.085.09.01.18,PTGC,2022.085.09.01.18,2022-03-26T09:01:18.288393Z,3,"HHE,HHN,HHZ",15001,100.0,ok,
PTGC.2022.086.00.02.37,PTGC,2022.086.00.02.37,2022-03-27T00:02:37.368393Z,3,"HHE,HHN,HHZ",15001,100.0,ok,
PTGC.2022.086.01.21.47,PTGC,2022.086.01.21.47,2022-03-27T01:21:47.358393Z,3,"HHE,HHN,HHZ",15001,100.0,ok,
PTGC.2022.086.10.47.23,PTGC,2022.086.10.47.23,2022-03-27T10:47:23.688393Z,3,"HHE,HHN,HHZ",15001,100.0,ok,
PTGC.2022.086.15.24.26,PTGC,2022.086.15.24.26,2022-03-27T15:24:26.128391Z,3,"HHE,HHN,HHZ",15001,100.0,ok,
PTGC.2022.087.07.30.44,PTGC,2022.087.07.30.44,2022-03-28T07:30:44.628393Z,3,"HHE,HHN,HHZ",15001,100.0,ok,
PTGC.2022.087.12.46.15,PTGC,2022.087.12.46.15,2022-03-28T12:46:15.348393Z,3,"HHE,HHN,HHZ",15001,100.0,ok,
PTGC.2022.089.01.22.32,PTGC,2022.089.01.22.32,2022-03-30T01:22:32.578393Z,3,"HHE,HHN,HHZ",15001,100.0,ok,
PTGC.2022.089.09.37.20,PTGC,2022.089.09.37.20,2022-03-30T09:37:20.438393Z,3,"HHE,HHN,HHZ",15001,100.0,ok,
PTGC.2022.091.08.33.55,PTGC,2022.091.08.33.55,2022-04-01T08:33:55.768393Z,3,"HHE,HHN,HHZ",15001,100.0,ok,
PTGC.2022.091.09.44.04,PTGC,2022.091.09.44.04,2022-04-01T09:44:04.708391Z,3,"HHE,HHN,HHZ",15001,100.0,ok,
PTGC.2022.091.14.37.26,PTGC,2022.091.14.37.26,2022-04-01T14:37:26.678393Z,3,"HHE,HHN,HHZ",15001,100.0,ok,
PTGC.2022.092.00.06.31,PTGC,2022.092.00.06.31,2022-04-02T00:06:31.768393Z,3,"HHE,HHN,HHZ",15001,100.0,ok,
PTGC.2022.092.00.45.41,PTGC,2022.092.00.45.41,2022-04-02T00:45:41.258393Z,3,"HHE,HHN,HHZ",15001,100.0,ok,
PTGC.2022.092.14.02.08,PTGC,2022.092.14.02.08,2022-04-02T14:02:08.718393Z,3,"HHE,HHN,HHZ",15001,100.0,ok,
PTGC.2022.093.09.47.01,PTGC,2022.093.09.47.01,2022-04-03T09:47:01.638393Z,3,"HHE,HHN,HHZ",15001,100.0,ok,
PTGC.2022.094.05.32.16,PTGC,2022.094.05.32.16,2022-04-04T05:32:16.628393Z,3,"HHE,HHN,HHZ",15001,100.0,ok,
PTGC.2022.094.06.19.51,PTGC,2022.094.06.19.51,2022-04-04T06:19:51.638393Z,3,"HHE,HHN,HHZ",15001,100.0,ok,
PTGC.2022.094.10.00.37,PTGC,2022.094.10.00.37,2022-04-04T10:00:37.018393Z,3,"HHE,HHN,HHZ",15001,100.0,ok,
PTGC.2022.095.07.28.17,PTGC,2022.095.07.28.17,2022-04-05T07:28:17.008393Z,3,"HHE,HHN,HHZ",15001,100.0,ok,
PTGC.2022.095.07.34.48,PTGC,2022.095.07.34.48,2022-04-05T07:34:48.288393Z,3,"HHE,HHN,HHZ",15001,100.0,ok,
PTGC.2022.095.09.38.17,PTGC,2022.095.09.38.17,2022-04-05T09:38:17.218393Z,3,"HHE,HHN,HHZ",15001,100.0,ok,
PTGC.2022.096.12.49.43,PTGC,2022.096.12.49.43,2022-04-06T12:49:43.088393Z,3,"HHE,HHN,HHZ",15001,100.0,ok,
PTGC.2022.096.16.10.59,PTGC,2022.096.16.10.59,2022-04-06T16:10:59.788393Z,3,"HHE,HHN,HHZ",15001,100.0,ok,
PTGC.2022.097.20.30.57,PTGC,2022.097.20.30.57,2022-04-07T20:30:57.338393Z,3,"HHE,HHN,HHZ",15001,100.0,ok,
PTGC.2022.098.05.23.05,PTGC,2022.098.05.23.05,2022-04-08T05:23:05.948393Z,3,"HHE,HHN,HHZ",15001,100.0,ok,
PTGC.2022.098.22.46.33,PTGC,2022.098.22.46.33,2022-04-08T22:46:33.638393Z,3,"HHE,HHN,HHZ",15001,100.0,ok,
PTGC.2022.099.10.27.34,PTGC,2022.099.10.27.34,2022-04-09T10:27:34.188393Z,3,"HHE,HHN,HHZ",15001,100.0,ok,
PTGC.2022.099.13.22.32,PTGC,2022.099.13.22.32,2022-04-09T13:22:32.338393Z,3,"HHE,HHN,HHZ",15001,100.0,ok,
PTGC.2022.100.10.44.02,PTGC,2022.100.10.44.02,2022-04-10T10:44:02.468393Z,3,"HHE,HHN,HHZ",15001,100.0,ok,
PTGC.2022.100.21.34.47,PTGC,2022.100.21.34.47,2022-04-10T21:34:47.908391Z,3,"HHE,HHN,HHZ",15001,100.0,ok,
PTGC.2022.101.06.54.55,PTGC,2022.101.06.54.55,2022-04-11T06:54:55.348393Z,3,"HHE,HHN,HHZ",15001,100.0,ok,
PTGC.2022.101.14.42.00,PTGC,2022.101.14.42.00,2022-04-11T14:42:00.558393Z,3,"HHE,HHN,HHZ",15001,100.0,ok,
PTGC.2022.101.22.36.49,PTGC,2022.101.22.36.49,2022-04-11T22:36:49.108393Z,3,"HHE,HHN,HHZ",15001,100.0,ok,
PTGC.2022.102.00.20.50,PTGC,2022.102.00.20.50,2022-04-12T00:20:50.518393Z,3,"HHE,HHN,HHZ",15001,100.0,ok,
PTGC.2022.102.06.12.49,PTGC,2022.102.06.12.49,2022-04-12T06:12:49.658393Z,3,"HHE,HHN,HHZ",15001,100.0,ok,
PTGC.2022.102.23.13.39,PTGC,2022.102.23.13.39,2022-04-12T23:13:39.848393Z,3,"HHE,HHN,HHZ",15001,100.0,ok,
PTGC.2022.103.06.34.48,PTGC,2022.103.06.34.48,2022-04-13T06:34:48.358394Z,3,"HHE,HHN,HHZ",15001,100.0,ok,
PTGC.2022.103.11.58.04,PTGC,2022.103.11.58.04,2022-04-13T11:58:04.468393Z,3,"HHE,HHN,HHZ",15001,100.0,ok,
PTGC.2022.104.08.16.07,PTGC,2022.104.08.16.07,2022-04-14T08:16:07.668393Z,3,"HHE,HHN,HHZ",15001,100.0,ok,
PTGC.2022.105.14.28.50,PTGC,2022.105.14.28.50,2022-04-15T14:28:50.078393Z,3,"HHE,HHN,HHZ",15001,100.0,ok,
PTGC.2022.105.21.41.29,PTGC,2022.105.21.41.29,2022-04-15T21:41:29.898393Z,3,"HHE,HHN,HHZ",15001,100.0,ok,
PTGC.2022.106.07.48.50,PTGC,2022.106.07.48.50,2022-04-16T07:48:50.178393Z,3,"HHE,HHN,HHZ",15001,100.0,ok,
PTGC.2022.106.10.54.24,PTGC,2022.106.10.54.24,2022-04-16T10:54:24.748393Z,3,"HHE,HHN,HHZ",15001,100.0,ok,
PTGC.2022.106.20.02.25,PTGC,2022.106.20.02.25,2022-04-16T20:02:25.478393Z,3,"HHE,HHN,HHZ",15001,100.0,ok,
PTGC.2022.107.09.20.03,PTGC,2022.107.09.20.03,2022-04-17T09:20:03.378393Z,3,"HHE,HHN,HHZ",15001,100.0,ok,
PTGC.2022.107.22.22.59,PTGC,2022.107.22.22.59,2022-04-17T22:22:59.388393Z,3,"HHE,HHN,HHZ",15001,100.0,ok,
PTGC.2022.108.04.07.58,PTGC,2022.108.04.07.58,2022-04-18T04:07:58.128393Z,3,"HHE,HHN,HHZ",15001,100.0,ok,
PTGC.2022.108.09.39.30,PTGC,2022.108.09.39.30,2022-04-18T09:39:30.058393Z,3,"HHE,HHN,HHZ",15001,100.0,ok,
PTGC.2022.108.21.21.20,PTGC,2022.108.21.21.20,2022-04-18T21:21:20.068393Z,3,"HHE,HHN,HHZ",15001,100.0,ok,
PTGC.2022.109.02.06.33,PTGC,2022.109.02.06.33,2022-04-19T02:06:33.108393Z,3,"HHE,HHN,HHZ",15001,100.0,ok,
PTGC.2022.109.19.09.33,PTGC,2022.109.19.09.33,2022-04-19T19:09:33.198393Z,3,"HHE,HHN,HHZ",15001,100.0,ok,
PTGC.2022.110.03.22.20,PTGC,2022.110.03.22.20,2022-04-20T03:22:20.068393Z,3,"HHE,HHN,HHZ",15001,100.0,ok,
PTGC.2022.110.15.23.10,PTGC,2022.110.15.23.10,2022-04-20T15:23:10.918391Z,3,"HHE,HHN,HHZ",15001,100.0,ok,
PTGC.2022.110.17.02.55,PTGC,2022.110.17.02.55,2022-04-20T17:02:55.098393Z,3,"HHE,HHN,HHZ",15001,100.0,ok,
PTGC.2022.110.20.25.14,PTGC,2022.110.20.25.14,2022-04-20T20:25:14.138393Z,3,"HHE,HHN,HHZ",15001,100.0,ok,
PTGC.2022.111.09.09.00,PTGC,2022.111.09.09.00,2022-04-21T09:09:00.018394Z,3,"HHE,HHN,HHZ",15001,100.0,ok,
PTGC.2022.111.15.05.38,PTGC,2022.111.15.05.38,2022-04-21T15:05:38.118393Z,3,"HHE,HHN,HHZ",15001,100.0,ok,
PTGC.2022.111.20.25.15,PTGC,2022.111.20.25.15,2022-04-21T20:25:15.758393Z,3,"HHE,HHN,HHZ",15001,100.0,ok,
PTGC.2022.111.20.42.51,PTGC,2022.111.20.42.51,2022-04-21T20:42:51.628391Z,3,"HHE,HHN,HHZ",15001,100.0,ok,
PTGC.2022.112.01.38.41,PTGC,2022.112.01.38.41,2022-04-22T01:38:41.788393Z,3,"HHE,HHN,HHZ",15001,100.0,ok,
PTGC.2022.112.19.24.47,PTGC,2022.112.19.24.47,2022-04-22T19:24:47.288393Z,3,"HHE,HHN,HHZ",15001,100.0,ok,
PTGC.2022.113.13.06.31,PTGC,2022.113.13.06.31,2022-04-23T13:06:31.808393Z,3,"HHE,HHN,HHZ",15001,100.0,ok,
PTGC.2022.113.14.38.05,PTGC,2022.113.14.38.05,2022-04-23T14:38:05.348393Z,3,"HHE,HHN,HHZ",15001,100.0,ok,
PTGC.2022.113.17.03.41,PTGC,2022.113.17.03.41,2022-04-23T17:03:41.938393Z,3,"HHE,HHN,HHZ",15001,100.0,ok,
PTGC.2022.114.00.13.13,PTGC,2022.114.00.13.13,2022-04-24T00:13:13.868393Z,3,"HHE,HHN,HHZ",15001,100.0,ok,
PTGC.2022.114.05.12.35,PTGC,2022.114.05.12.35,2022-04-24T05:12:35.838393Z,3,"HHE,HHN,HHZ",15001,100.0,ok,
PTGC.2022.114.09.43.04,PTGC,2022.114.09.43.04,2022-04-24T09:43:04.898393Z,3,"HHE,HHN,HHZ",15001,100.0,ok,
PTGC.2022.114.10.56.33,PTGC,2022.114.10.56.33,2022-04-24T10:56:33.738393Z,3,"HHE,HHN,HHZ",15001,100.0,ok,
PTGC.2022.115.07.36.32,PTGC,2022.115.07.36.32,2022-04-25T07:36:32.188393Z,3,"HHE,HHN,HHZ",15001,100.0,ok,
PTGC.2022.115.08.14.38,PTGC,2022.115.08.14.38,2022-04-25T08:14:38.898393Z,3,"HHE,HHN,HHZ",15001,100.0,ok,
PTGC.2022.115.08.31.10,PTGC,2022.115.08.31.10,2022-04-25T08:31:10.578393Z,3,"HHE,HHN,HHZ",15001,100.0,ok,
PTGC.2022.115.08.32.00,PTGC,2022.115.08.32.00,2022-04-25T08:32:00.138393Z,3,"HHE,HHN,HHZ",15001,100.0,ok,
PTGC.2022.115.08.32.21,PTGC,2022.115.08.32.21,2022-04-25T08:32:21.198393Z,3,"HHE,HHN,HHZ",15001,100.0,ok,
PTGC.2022.115.17.53.13,PTGC,2022.115.17.53.13,2022-04-25T17:53:13.758393Z,3,"HHE,HHN,HHZ",15001,100.0,ok,
PTGC.2022.116.03.18.40,PTGC,2022.116.03.18.40,2022-04-26T03:18:40.688393Z,3,"HHE,HHN,HHZ",15001,100.0,ok,
PTGC.2022.117.05.54.24,PTGC,2022.117.05.54.24,2022-04-27T05:54:24.598393Z,3,"HHE,HHN,HHZ",15001,100.0,ok,
PTGC.2022.117.18.20.16,PTGC,2022.117.18.20.16,2022-04-27T18:20:16.548393Z,3,"HHE,HHN,HHZ",15001,100.0,ok,
PTGC.2022.117.20.06.14,PTGC,2022.117.20.06.14,2022-04-27T20:06:14.068393Z,3,"HHE,HHN,HHZ",15001,100.0,ok,
PTGC.2022.117.22.24.55,PTGC,2022.117.22.24.55,2022-04-27T22:24:55.368393Z,3,"HHE,HHN,HHZ",15001,100.0,ok,
PTGC.2022.118.03.31.40,PTGC,2022.118.03.31.40,2022-04-28T03:31:40.828393Z,3,"HHE,HHN,HHZ",15001,100.0,ok,
PTGC.2022.118.23.34.11,PTGC,2022.118.23.34.11,2022-04-28T23:34:11.838393Z,3,"HHE,HHN,HHZ",15001,100.0,ok,
PTGC.2022.119.00.26.45,PTGC,2022.119.00.26.45,2022-04-29T00:26:45.198391Z,3,"HHE,HHN,HHZ",15001,100.0,ok,
PTGC.2022.119.08.38.56,PTGC,2022.119.08.38.56,2022-04-29T08:38:56.838393Z,3,"HHE,HHN,HHZ",15001,100.0,ok,
PTGC.2022.119.09.35.16,PTGC,2022.119.09.35.16,2022-04-29T09:35:16.258393Z,3,"HHE,HHN,HHZ",15001,100.0,ok,
PTGC.2022.119.22.38.30,PTGC,2022.119.22.38.30,2022-04-29T22:38:30.658393Z,3,"HHE,HHN,HHZ",15001,100.0,ok,
PTGC.2022.120.18.11.53,PTGC,2022.120.18.11.53,2022-04-30T18:11:53.068393Z,3,"HHE,HHN,HHZ",15001,100.0,ok,
PTGC.2022.121.08.16.32,PTGC,2022.121.08.16.32,2022-05-01T08:16:32.688393Z,3,"HHE,HHN,HHZ",15001,100.0,ok,
PTGC.2022.122.01.28.02,PTGC,2022.122.01.28.02,2022-05-02T01:28:02.688393Z,3,"HHE,HHN,HHZ",15001,100.0,ok,
PTGC.2022.122.20.41.28,PTGC,2022.122.20.41.28,2022-05-02T20:41:28.268393Z,3,"HHE,HHN,HHZ",15001,100.0,ok,
PTGC.2022.123.06.44.38,PTGC,2022.123.06.44.38,2022-05-03T06:44:38.688393Z,3,"HHE,HHN,HHZ",15001,100.0,ok,
PTGC.2022.124.02.39.38,PTGC,2022.124.02.39.38,2022-05-04T02:39:38.458393Z,3,"HHE,HHN,HHZ",15001,100.0,ok,
PTGC.2022.124.03.36.43,PTGC,2022.124.03.36.43,2022-05-04T03:36:43.878393Z,3,"HHE,HHN,HHZ",15001,100.0,ok,
PTGC.2022.124.15.22.00,PTGC,2022.124.15.22.00,2022-05-04T15:22:00.498393Z,3,"HHE,HHN,HHZ",15001,100.0,ok,
PTGC.2022.124.20.17.56,PTGC,2022.124.20.17.56,2022-05-04T20:17:56.848393Z,3,"HHE,HHN,HHZ",15001,100.0,ok,
PTGC.2022.125.09.29.25,PTGC,2022.125.09.29.25,2022-05-05T09:29:25.048391Z,3,"HHE,HHN,HHZ",15001,100.0,ok,
PTGC.2022.125.11.28.50,PTGC,2022.125.11.28.50,2022-05-05T11:28:50.468391Z,3,"HHE,HHN,HHZ",15001,100.0,ok,
PTGC.2022.125.12.04.41,PTGC,2022.125.12.04.41,2022-05-05T12:04:41.378393Z,3,"HHE,HHN,HHZ",15001,100.0,ok,
PTGC.2022.125.12.07.25,PTGC,2022.125.12.07.25,2022-05-05T12:07:25.238393Z,3,"HHE,HHN,HHZ",15001,100.0,ok,
PTGC.2022.126.02.22.30,PTGC,2022.126.02.22.30,2022-05-06T02:22:30.028393Z,3,"HHE,HHN,HHZ",15001,100.0,ok,
PTGC.2022.126.06.32.35,PTGC,2022.126.06.32.35,2022-05-06T06:32:35.528393Z,3,"HHE,HHN,HHZ",15001,100.0,ok,
PTGC.2022.126.22.42.28,PTGC,2022.126.22.42.28,2022-05-06T22:42:28.988393Z,3,"HHE,HHN,HHZ",15001,100.0,ok,
PTGC.2022.127.07.26.31,PTGC,2022.127.07.26.31,2022-05-07T07:26:31.318393Z,3,"HHE,HHN,HHZ",15001,100.0,ok,
PTGC.2022.128.10.49.58,PTGC,2022.128.10.49.58,2022-05-08T10:49:58.918393Z,3,"HHE,HHN,HHZ",15001,100.0,ok,
PTGC.2022.128.16.34.30,PTGC,2022.128.16.34.30,2022-05-08T16:34:30.398393Z,3,"HHE,HHN,HHZ",15001,100.0,ok,
PTGC.2022.128.18.19.45,PTGC,2022.128.18.19.45,2022-05-08T18:19:45.508393Z,3,"HHE,HHN,HHZ",15001,100.0,ok,
PTGC.2022.129.04.49.19,PTGC,2022.129.04.49.19,2022-05-09T04:49:19.168393Z,3,"HHE,HHN,HHZ",15001,100.0,ok,
PTGC.2022.129.08.52.20,PTGC,2022.129.08.52.20,2022-05-09T08:52:20.988393Z,3,"HHE,HHN,HHZ",15001,100.0,ok,
PTGC.2022.129.15.05.45,PTGC,2022.129.15.05.45,2022-05-09T15:05:45.278391Z,3,"HHE,HHN,HHZ",15001,100.0,ok,
PTGC.2022.130.17.51.28,PTGC,2022.130.17.51.28,2022-05-10T17:51:28.278393Z,3,"HHE,HHN,HHZ",15001,100.0,ok,
PTGC.2022.130.20.16.17,PTGC,2022.130.20.16.17,2022-05-10T20:16:17.408393Z,3,"HHE,HHN,HHZ",15001,100.0,ok,
PTGC.2022.131.05.41.32,PTGC,2022.131.05.41.32,2022-05-11T05:41:32.018393Z,3,"HHE,HHN,HHZ",15001,100.0,ok,
PTGC.2022.131.07.35.08,PTGC,2022.131.07.35.08,2022-05-11T07:35:08.358393Z,3,"HHE,HHN,HHZ",15001,100.0,ok,
PTGC.2022.132.18.05.21,PTGC,2022.132.18.05.21,2022-05-12T18:05:21.838393Z,3,"HHE,HHN,HHZ",15001,100.0,ok,
PTGC.2022.132.19.20.27,PTGC,2022.132.19.20.27,2022-05-12T19:20:27.188393Z,3,"HHE,HHN,HHZ",15001,100.0,ok,
PTGC.2022.132.19.50.36,PTGC,2022.132.19.50.36,2022-05-12T19:50:36.238393Z,3,"HHE,HHN,HHZ",15001,100.0,ok,
PTGC.2022.133.05.56.35,PTGC,2022.133.05.56.35,2022-05-13T05:56:35.518394Z,3,"HHE,HHN,HHZ",15001,100.0,ok,
PTGC.2022.134.18.26.12,PTGC,2022.134.18.26.12,2022-05-14T18:26:11.998393Z,3,"HHE,HHN,HHZ",15001,100.0,ok,
PTGC.2022.135.05.13.17,PTGC,2022.135.05.13.17,2022-05-15T05:13:17.488393Z,3,"HHE,HHN,HHZ",15001,100.0,ok,
PTGC.2022.135.12.44.15,PTGC,2022.135.12.44.15,2022-05-15T12:44:15.038393Z,3,"HHE,HHN,HHZ",15001,100.0,ok,
PTGC.2022.135.21.11.08,PTGC,2022.135.21.11.08,2022-05-15T21:11:08.358393Z,3,"HHE,HHN,HHZ",15001,100.0,ok,
PTGC.2022.136.06.35.37,PTGC,2022.136.06.35.37,2022-05-16T06:35:37.288394Z,3,"HHE,HHN,HHZ",15001,100.0,ok,
PTGC.2022.137.00.37.34,PTGC,2022.137.00.37.34,2022-05-17T00:37:34.998393Z,3,"HHE,HHN,HHZ",15001,100.0,ok,
PTGC.2022.137.07.07.06,PTGC,2022.137.07.07.06,2022-05-17T07:07:06.528393Z,3,"HHE,HHN,HHZ",15001,100.0,ok,
PTGC.2022.137.19.30.11,PTGC,2022.137.19.30.11,2022-05-17T19:30:11.048393Z,3,"HHE,HHN,HHZ",15001,100.0,ok,
PTGC.2022.137.21.37.46,PTGC,2022.137.21.37.46,2022-05-17T21:37:46.368393Z,3,"HHE,HHN,HHZ",15001,100.0,ok,
PTGC.2022.140.23.55.48,PTGC,2022.140.23.55.48,2022-05-20T23:55:48.968393Z,3,"HHE,HHN,HHZ",15001,100.0,ok,
PTGC.2022.142.14.55.49,PTGC,2022.142.14.55.49,2022-05-22T14:55:49.508393Z,3,"HHE,HHN,HHZ",15001,100.0,ok,
PTGC.2022.142.17.01.34,PTGC,2022.142.17.01.34,2022-05-22T17:01:34.778393Z,3,"HHE,HHN,HHZ",15001,100.0,ok,
PTGC.2022.142.20.19.53,PTGC,2022.142.20.19.53,2022-05-22T20:19:53.158393Z,3,"HHE,HHN,HHZ",15001,100.0,ok,
PTGC.2022.143.06.45.31,PTGC,2022.143.06.45.31,2022-05-23T06:45:31.008393Z,3,"HHE,HHN,HHZ",15001,100.0,ok,
PTGC.2022.143.15.54.00,PTGC,2022.143.15.54.00,2022-05-23T15:54:00.118393Z,3,"HHE,HHN,HHZ",15001,100.0,ok,
PTGC.2022.143.20.44.19,PTGC,2022.143.20.44.19,2022-05-23T20:44:19.938393Z,3,"HHE,HHN,HHZ",15001,100.0,ok,
PTGC.2022.144.11.27.54,PTGC,2022.144.11.27.54,2022-05-24T11:27:54.668393Z,3,"HHE,HHN,HHZ",15001,100.0,ok,
PTGC.2022.144.21.01.17,PTGC,2022.144.21.01.17,2022-05-24T21:01:17.888393Z,3,"HHE,HHN,HHZ",15001,100.0,ok,
PTGC.2022.145.19.35.46,PTGC,2022.145.19.35.46,2022-05-25T19:35:46.668393Z,3,"HHE,HHN,HHZ",15001,100.0,ok,
PTGC.2022.146.07.45.17,PTGC,2022.146.07.45.17,2022-05-26T07:45:17.598393Z,3,"HHE,HHN,HHZ",15000,100.0,discarded,too_short
PTGC.2022.146.07.48.06,PTGC,2022.146.07.48.06,2022-05-26T07:48:06.498391Z,3,"HHE,HHN,HHZ",15001,100.0,ok,
PTGC.2022.146.08.21.52,PTGC,2022.146.08.21.52,2022-05-26T08:21:52.128393Z,3,"HHE,HHN,HHZ",15001,100.0,ok,
PTGC.2022.146.12.36.42,PTGC,2022.146.12.36.42,2022-05-26T12:36:42.708393Z,3,"HHE,HHN,HHZ",15001,100.0,ok,
PTGC.2022.147.01.20.52,PTGC,2022.147.01.20.52,2022-05-27T01:20:52.328393Z,3,"HHE,HHN,HHZ",15001,100.0,ok,
PTGC.2022.147.03.38.39,PTGC,2022.147.03.38.39,2022-05-27T03:38:39.598393Z,3,"HHE,HHN,HHZ",15001,100.0,ok,
PTGC.2022.147.07.13.24,PTGC,2022.147.07.13.24,2022-05-27T07:13:24.268393Z,3,"HHE,HHN,HHZ",15001,100.0,ok,
PTGC.2022.147.22.04.48,PTGC,2022.147.22.04.48,2022-05-27T22:04:48.468393Z,3,"HHE,HHN,HHZ",15001,100.0,ok,
PTGC.2022.147.23.51.41,PTGC,2022.147.23.51.41,2022-05-27T23:51:41.388393Z,3,"HHE,HHN,HHZ",15001,100.0,ok,
PTGC.2022.149.03.35.40,PTGC,2022.149.03.35.40,2022-05-29T03:35:40.128393Z,3,"HHE,HHN,HHZ",15001,100.0,ok,
PTGC.2022.149.03.59.23,PTGC,2022.149.03.59.23,2022-05-29T03:59:23.988393Z,3,"HHE,HHN,HHZ",15001,100.0,ok,
PTGC.2022.150.12.56.58,PTGC,2022.150.12.56.58,2022-05-30T12:56:58.008393Z,3,"HHE,HHN,HHZ",15001,100.0,ok,
PTGC.2022.153.03.15.35,PTGC,2022.153.03.15.35,2022-06-02T03:15:35.798393Z,3,"HHE,HHN,HHZ",15001,100.0,ok,
PTGC.2022.153.09.12.24,PTGC,2022.153.09.12.24,2022-06-02T09:12:24.798393Z,3,"HHE,HHN,HHZ",15001,100.0,ok,
PTGC.2022.153.19.16.13,PTGC,2022.153.19.16.13,2022-06-02T19:16:13.538393Z,3,"HHE,HHN,HHZ",15001,100.0,ok,
PTGC.2022.153.23.08.18,PTGC,2022.153.23.08.18,2022-06-02T23:08:18.648393Z,3,"HHE,HHN,HHZ",15001,100.0,ok,
PTGC.2022.154.01.10.00,PTGC,2022.154.01.10.00,2022-06-03T01:10:00.998393Z,3,"HHE,HHN,HHZ",15001,100.0,ok,
PTGC.2022.154.05.06.01,PTGC,2022.154.05.06.01,2022-06-03T05:06:01.768393Z,3,"HHE,HHN,HHZ",15001,100.0,ok,
PTGC.2022.154.21.19.53,PTGC,2022.154.21.19.53,2022-06-03T21:19:53.148393Z,3,"HHE,HHN,HHZ",15001,100.0,ok,
PTGC.2022.160.00.34.01,PTGC,2022.160.00.34.01,2022-06-09T00:34:01.728393Z,3,"HHE,HHN,HHZ",15001,100.0,ok,
PTGC.2022.160.07.19.42,PTGC,2022.160.07.19.42,2022-06-09T07:19:42.548393Z,3,"HHE,HHN,HHZ",15001,100.0,ok,
PTGC.2022.161.20.42.32,PTGC,2022.161.20.42.32,2022-06-10T20:42:32.958393Z,3,"HHE,HHN,HHZ",15001,100.0,ok,
PTGC.2022.161.22.57.04,PTGC,2022.161.22.57.04,2022-06-10T22:57:04.558393Z,3,"HHE,HHN,HHZ",15001,100.0,ok,
PTGC.2022.162.03.34.36,PTGC,2022.162.03.34.36,2022-06-11T03:34:36.058393Z,3,"HHE,HHN,HHZ",15001,100.0,ok,
PTGC.2022.163.08.04.51,PTGC,2022.163.08.04.51,2022-06-12T08:04:51.038393Z,3,"HHE,HHN,HHZ",15001,100.0,ok,
PTGC.2022.163.12.00.50,PTGC,2022.163.12.00.50,2022-06-12T12:00:50.028393Z,3,"HHE,HHN,HHZ",15001,100.0,ok,
PTGC.2022.163.15.08.32,PTGC,2022.163.15.08.32,2022-06-12T15:08:32.498393Z,3,"HHE,HHN,HHZ",15001,100.0,ok,
PTGC.2022.164.06.49.52,PTGC,2022.164.06.49.52,2022-06-13T06:49:52.328393Z,3,"HHE,HHN,HHZ",15001,100.0,ok,
PTGC.2022.164.08.07.42,PTGC,2022.164.08.07.42,2022-06-13T08:07:42.758393Z,3,"HHE,HHN,HHZ",15001,100.0,ok,
PTGC.2022.164.17.44.19,PTGC,2022.164.17.44.19,2022-06-13T17:44:19.808391Z,3,"HHE,HHN,HHZ",15000,100.0,discarded,too_short
PTGC.2022.165.02.13.25,PTGC,2022.165.02.13.25,2022-06-14T02:13:25.118393Z,3,"HHE,HHN,HHZ",15001,100.0,ok,
PTGC.2022.165.05.32.40,PTGC,2022.165.05.32.40,2022-06-14T05:32:40.278393Z,3,"HHE,HHN,HHZ",15001,100.0,ok,
PTGC.2022.165.22.20.07,PTGC,2022.165.22.20.07,2022-06-14T22:20:07.838393Z,3,"HHE,HHN,HHZ",15001,100.0,ok,
PTGC.2022.167.21.59.38,PTGC,2022.167.21.59.38,2022-06-16T21:59:38.718394Z,3,"HHE,HHN,HHZ",15001,100.0,ok,
PTGC.2022.168.04.14.30,PTGC,2022.168.04.14.30,2022-06-17T04:14:30.538393Z,3,"HHE,HHN,HHZ",15001,100.0,ok,
PTGC.2022.168.23.52.09,PTGC,2022.168.23.52.09,2022-06-17T23:52:09.808393Z,3,"HHE,HHN,HHZ",15001,100.0,ok,
PTGC.2022.169.02.59.51,PTGC,2022.169.02.59.51,2022-06-18T02:59:51.038393Z,3,"HHE,HHN,HHZ",15001,100.0,ok,
PTGC.2022.169.09.04.48,PTGC,2022.169.09.04.48,2022-06-18T09:04:48.288393Z,3,"HHE,HHN,HHZ",15001,100.0,ok,
PTGC.2022.169.11.21.51,PTGC,2022.169.11.21.51,2022-06-18T11:21:51.628393Z,3,"HHE,HHN,HHZ",15001,100.0,ok,
PTGC.2022.170.08.30.33,PTGC,2022.170.08.30.33,2022-06-19T08:30:33.238393Z,3,"HHE,HHN,HHZ",15001,100.0,ok,
PTGC.2022.170.18.50.10,PTGC,2022.170.18.50.10,2022-06-19T18:50:10.658393Z,3,"HHE,HHN,HHZ",15001,100.0,ok,
PTGC.2022.171.11.16.08,PTGC,2022.171.11.16.08,2022-06-20T11:16:08.128391Z,3,"HHE,HHN,HHZ",15001,100.0,ok,
PTGC.2022.171.11.17.31,PTGC,2022.171.11.17.31,2022-06-20T11:17:31.648393Z,3,"HHE,HHN,HHZ",15001,100.0,ok,
PTGC.2022.171.15.40.07,PTGC,2022.171.15.40.07,2022-06-20T15:40:07.888393Z,3,"HHE,HHN,HHZ",15001,100.0,ok,
PTGC.2022.171.22.14.14,PTGC,2022.171.22.14.14,2022-06-20T22:14:14.628393Z,3,"HHE,HHN,HHZ",15001,100.0,ok,
PTGC.2022.172.08.34.43,PTGC,2022.172.08.34.43,2022-06-21T08:34:43.058391Z,3,"HHE,HHN,HHZ",15001,100.0,ok,
PTGC.2022.173.00.02.46,PTGC,2022.173.00.02.46,2022-06-22T00:02:46.028393Z,3,"HHE,HHN,HHZ",15001,100.0,ok,
PTGC.2022.174.06.21.07,PTGC,2022.174.06.21.07,2022-06-23T06:21:07.358393Z,3,"HHE,HHN,HHZ",15001,100.0,ok,
PTGC.2022.174.19.30.59,PTGC,2022.174.19.30.59,2022-06-23T19:30:59.748393Z,3,"HHE,HHN,HHZ",15001,100.0,ok,
PTGC.2022.175.11.46.00,PTGC,2022.175.11.46.00,2022-06-24T11:46:00.908393Z,3,"HHE,HHN,HHZ",15001,100.0,ok,
PTGC.2022.175.16.05.01,PTGC,2022.175.16.05.01,2022-06-24T16:05:01.388391Z,3,"HHE,HHN,HHZ",15001,100.0,ok,
PTGC.2022.175.16.07.46,PTGC,2022.175.16.07.46,2022-06-24T16:07:46.858393Z,3,"HHE,HHN,HHZ",15001,100.0,ok,
PTGC.2022.176.05.36.21,PTGC,2022.176.05.36.21,2022-06-25T05:36:21.548393Z,3,"HHE,HHN,HHZ",15001,100.0,ok,
PTGC.2022.176.08.27.09,PTGC,2022.176.08.27.09,2022-06-25T08:27:09.898393Z,3,"HHE,HHN,HHZ",15001,100.0,ok,
PTGC.2022.176.10.42.04,PTGC,2022.176.10.42.04,2022-06-25T10:42:04.958393Z,3,"HHE,HHN,HHZ",15001,100.0,ok,
PTGC.2022.176.13.11.05,PTGC,2022.176.13.11.05,2022-06-25T13:11:05.388393Z,3,"HHE,HHN,HHZ",15001,100.0,ok,
PTGC.2022.177.03.46.11,PTGC,2022.177.03.46.11,2022-06-26T03:46:11.028393Z,3,"HHE,HHN,HHZ",15001,100.0,ok,
PTGC.2022.178.17.05.31,PTGC,2022.178.17.05.31,2022-06-27T17:05:31.178393Z,3,"HHE,HHN,HHZ",15001,100.0,ok,
PTGC.2022.179.04.45.05,PTGC,2022.179.04.45.05,2022-06-28T04:45:05.268393Z,3,"HHE,HHN,HHZ",15001,100.0,ok,
PTGC.2022.179.09.55.35,PTGC,2022.179.09.55.35,2022-06-28T09:55:35.728393Z,3,"HHE,HHN,HHZ",15001,100.0,ok,
PTGC.2022.179.10.24.34,PTGC,2022.179.10.24.34,2022-06-28T10:24:34.338393Z,3,"HHE,HHN,HHZ",15001,100.0,ok,
PTGC.2022.179.17.55.07,PTGC,2022.179.17.55.07,2022-06-28T17:55:07.178393Z,3,"HHE,HHN,HHZ",15001,100.0,ok,
PTGC.2022.180.02.10.18,PTGC,2022.180.02.10.18,2022-06-29T02:10:18.778393Z,3,"HHE,HHN,HHZ",15001,100.0,ok,
PTGC.2022.180.18.01.35,PTGC,2022.180.18.01.35,2022-06-29T18:01:35.178393Z,3,"HHE,HHN,HHZ",15001,100.0,ok,
PTGC.2022.182.06.03.41,PTGC,2022.182.06.03.41,2022-07-01T06:03:41.908393Z,3,"HHE,HHN,HHZ",15001,100.0,ok,
PTGC.2022.183.13.23.38,PTGC,2022.183.13.23.38,2022-07-02T13:23:38.528393Z,3,"HHE,HHN,HHZ",15001,100.0,ok,
PTGC.2022.183.21.41.55,PTGC,2022.183.21.41.55,2022-07-02T21:41:55.338393Z,3,"HHE,HHN,HHZ",15001,100.0,ok,
PTGC.2022.184.01.00.33,PTGC,2022.184.01.00.33,2022-07-03T01:00:33.398393Z,3,"HHE,HHN,HHZ",15001,100.0,ok,
PTGC.2022.184.03.47.15,PTGC,2022.184.03.47.15,2022-07-03T03:47:15.398393Z,3,"HHE,HHN,HHZ",15001,100.0,ok,
PTGC.2022.184.08.21.05,PTGC,2022.184.08.21.05,2022-07-03T08:21:05.988393Z,3,"HHE,HHN,HHZ",15001,100.0,ok,
PTGC.2022.185.02.56.10,PTGC,2022.185.02.56.10,2022-07-04T02:56:10.668393Z,3,"HHE,HHN,HHZ",15001,100.0,ok,
PTGC.2022.185.04.38.06,PTGC,2022.185.04.38.06,2022-07-04T04:38:06.668393Z,3,"HHE,HHN,HHZ",15001,100.0,ok,
PTGC.2022.186.14.17.51,PTGC,2022.186.14.17.51,2022-07-05T14:17:51.688393Z,3,"HHE,HHN,HHZ",15001,100.0,ok,
PTGC.2022.186.21.10.14,PTGC,2022.186.21.10.14,2022-07-05T21:10:14.948393Z,3,"HHE,HHN,HHZ",15001,100.0,ok,
PTGC.2022.187.00.03.15,PTGC,2022.187.00.03.15,2022-07-06T00:03:15.768393Z,3,"HHE,HHN,HHZ",15001,100.0,ok,
PTGC.2022.187.06.12.23,PTGC,2022.187.06.12.23,2022-07-06T06:12:23.528393Z,3,"HHE,HHN,HHZ",15001,100.0,ok,
PTGC.2022.188.00.06.10,PTGC,2022.188.00.06.10,2022-07-07T00:06:10.668393Z,3,"HHE,HHN,HHZ",15001,100.0,ok,
PTGC.2022.188.05.47.36,PTGC,2022.188.05.47.36,2022-07-07T05:47:36.798393Z,3,"HHE,HHN,HHZ",15001,100.0,ok,
PTGC.2022.188.09.27.38,PTGC,2022.188.09.27.38,2022-07-07T09:27:38.058393Z,3,"HHE,HHN,HHZ",15001,100.0,ok,
PTGC.2022.188.19.53.48,PTGC,2022.188.19.53.48,2022-07-07T19:53:48.458393Z,3,"HHE,HHN,HHZ",15001,100.0,ok,
PTGC.2022.189.14.12.00,PTGC,2022.189.14.12.00,2022-07-08T14:12:00.708393Z,3,"HHE,HHN,HHZ",15001,100.0,ok,
PTGC.2022.189.15.27.56,PTGC,2022.189.15.27.56,2022-07-08T15:27:56.118393Z,3,"HHE,HHN,HHZ",15001,100.0,ok,
PTGC.2022.189.18.11.07,PTGC,2022.189.18.11.07,2022-07-08T18:11:07.828393Z,3,"HHE,HHN,HHZ",15001,100.0,ok,
PTGC.2022.189.22.43.25,PTGC,2022.189.22.43.25,2022-07-08T22:43:25.988393Z,3,"HHE,HHN,HHZ",15001,100.0,ok,
PTGC.2022.190.01.05.30,PTGC,2022.190.01.05.30,2022-07-09T01:05:30.918393Z,3,"HHE,HHN,HHZ",15001,100.0,ok,
PTGC.2022.190.01.41.21,PTGC,2022.190.01.41.21,2022-07-09T01:41:21.938391Z,3,"HHE,HHN,HHZ",15001,100.0,ok,
PTGC.2022.190.06.14.18,PTGC,2022.190.06.14.18,2022-07-09T06:14:18.468393Z,3,"HHE,HHN,HHZ",15001,100.0,ok,
PTGC.2022.190.23.48.16,PTGC,2022.190.23.48.16,2022-07-09T23:48:16.448393Z,3,"HHE,HHN,HHZ",15001,100.0,ok,
PTGC.2022.192.05.28.47,PTGC,2022.192.05.28.47,2022-07-11T05:28:47.578393Z,3,"HHE,HHN,HHZ",15001,100.0,ok,
PTGC.2022.192.05.34.19,PTGC,2022.192.05.34.19,2022-07-11T05:34:19.978393Z,3,"HHE,HHN,HHZ",15001,100.0,ok,
PTGC.2022.193.07.48.25,PTGC,2022.193.07.48.25,2022-07-12T07:48:25.618393Z,3,"HHE,HHN,HHZ",15001,100.0,ok,
PTGC.2022.194.00.16.25,PTGC,2022.194.00.16.25,2022-07-13T00:16:25.978393Z,3,"HHE,HHN,HHZ",15001,100.0,ok,
PTGC.2022.194.10.58.04,PTGC,2022.194.10.58.04,2022-07-13T10:58:04.208393Z,3,"HHE,HHN,HHZ",15001,100.0,ok,
PTGC.2022.194.11.15.18,PTGC,2022.194.11.15.18,2022-07-13T11:15:18.878393Z,3,"HHE,HHN,HHZ",15001,100.0,ok,
PTGC.2022.195.22.36.25,PTGC,2022.195.22.36.25,2022-07-14T22:36:25.058391Z,3,"HHE,HHN,HHZ",15001,100.0,ok,
PTGC.2022.196.13.19.12,PTGC,2022.196.13.19.12,2022-07-15T13:19:12.988393Z,3,"HHE,HHN,HHZ",15001,100.0,ok,
PTGC.2022.197.02.18.44,PTGC,2022.197.02.18.44,2022-07-16T02:18:44.628391Z,3,"HHE,HHN,HHZ",15001,100.0,ok,
PTGC.2022.198.05.22.01,PTGC,2022.198.05.22.01,2022-07-17T05:22:01.668393Z,3,"HHE,HHN,HHZ",15001,100.0,ok,
PTGC.2022.198.06.38.43,PTGC,2022.198.06.38.43,2022-07-17T06:38:43.678393Z,3,"HHE,HHN,HHZ",15001,100.0,ok,
PTGC.2022.198.08.02.00,PTGC,2022.198.08.02.00,2022-07-17T08:02:00.948393Z,3,"HHE,HHN,HHZ",15001,100.0,ok,
PTGC.2022.199.03.25.34,PTGC,2022.199.03.25.34,2022-07-18T03:25:34.118393Z,3,"HHE,HHN,HHZ",15001,100.0,ok,
PTGC.2022.199.07.11.39,PTGC,2022.199.07.11.39,2022-07-18T07:11:39.738393Z,3,"HHE,HHN,HHZ",15001,100.0,ok,
PTGC.2022.200.05.30.22,PTGC,2022.200.05.30.22,2022-07-19T05:30:22.348393Z,3,"HHE,HHN,HHZ",15001,100.0,ok,
PTGC.2022.200.18.03.17,PTGC,2022.200.18.03.17,2022-07-19T18:03:17.838391Z,3,"HHE,HHN,HHZ",15001,100.0,ok,
PTGC.2022.201.06.56.57,PTGC,2022.201.06.56.57,2022-07-20T06:56:57.018393Z,3,"HHE,HHN,HHZ",15001,100.0,ok,
PTGC.2022.201.07.29.01,PTGC,2022.201.07.29.01,2022-07-20T07:29:01.028393Z,3,"HHE,HHN,HHZ",15001,100.0,ok,
PTGC.2022.203.00.46.48,PTGC,2022.203.00.46.48,2022-07-22T00:46:48.428393Z,3,"HHE,HHN,HHZ",15001,100.0,ok,
PTGC.2022.203.05.05.32,PTGC,2022.203.05.05.32,2022-07-22T05:05:32.808393Z,3,"HHE,HHN,HHZ",15001,100.0,ok,
PTGC.2022.203.08.01.46,PTGC,2022.203.08.01.46,2022-07-22T08:01:46.818393Z,3,"HHE,HHN,HHZ",15001,100.0,ok,
PTGC.2022.203.21.03.46,PTGC,2022.203.21.03.46,2022-07-22T21:03:46.778393Z,3,"HHE,HHN,HHZ",15001,100.0,ok,
PTGC.2022.203.21.52.55,PTGC,2022.203.21.52.55,2022-07-22T21:52:55.258393Z,3,"HHE,HHN,HHZ",15001,100.0,ok,
PTGC.2022.204.05.18.15,PTGC,2022.204.05.18.15,2022-07-23T05:18:15.708393Z,3,"HHE,HHN,HHZ",15001,100.0,ok,
PTGC.2022.204.14.22.32,PTGC,2022.204.14.22.32,2022-07-23T14:22:32.078393Z,3,"HHE,HHN,HHZ",15001,100.0,ok,
PTGC.2022.204.19.10.20,PTGC,2022.204.19.10.20,2022-07-23T19:10:20.008393Z,3,"HHE,HHN,HHZ",15001,100.0,ok,
PTGC.2022.204.20.58.10,PTGC,2022.204.20.58.10,2022-07-23T20:58:10.728393Z,3,"HHE,HHN,HHZ",15001,100.0,ok,
PTGC.2022.205.09.29.52,PTGC,2022.205.09.29.52,2022-07-24T09:29:52.318393Z,3,"HHE,HHN,HHZ",15001,100.0,ok,
PTGC.2022.206.07.49.08,PTGC,2022.206.07.49.08,2022-07-25T07:49:08.988393Z,3,"HHE,HHN,HHZ",15001,100.0,ok,
PTGC.2022.207.00.10.26,PTGC,2022.207.00.10.26,2022-07-26T00:10:26.398393Z,3,"HHE,HHN,HHZ",15001,100.0,ok,
PTGC.2022.207.18.17.13,PTGC,2022.207.18.17.13,2022-07-26T18:17:13.608393Z,3,"HHE,HHN,HHZ",15001,100.0,ok,
PTGC.2022.208.18.05.37,PTGC,2022.208.18.05.37,2022-07-27T18:05:37.448393Z,3,"HHE,HHN,HHZ",15001,100.0,ok,
PTGC.2022.208.23.56.36,PTGC,2022.208.23.56.36,2022-07-27T23:56:36.958393Z,3,"HHE,HHN,HHZ",15001,100.0,ok,
PTGC.2022.209.03.54.41,PTGC,2022.209.03.54.41,2022-07-28T03:54:41.188393Z,3,"HHE,HHN,HHZ",15001,100.0,ok,
PTGC.2022.209.09.16.01,PTGC,2022.209.09.16.01,2022-07-28T09:16:01.228393Z,3,"HHE,HHN,HHZ",15001,100.0,ok,
PTGC.2022.209.10.52.17,PTGC,2022.209.10.52.17,2022-07-28T10:52:17.778393Z,3,"HHE,HHN,HHZ",15001,100.0,ok,
PTGC.2022.209.22.00.45,PTGC,2022.209.22.00.45,2022-07-28T22:00:45.768393Z,3,"HHE,HHN,HHZ",15001,100.0,ok,
PTGC.2022.210.07.46.05,PTGC,2022.210.07.46.05,2022-07-29T07:46:05.838393Z,3,"HHE,HHN,HHZ",15001,100.0,ok,
PTGC.2022.210.13.11.05,PTGC,2022.210.13.11.05,2022-07-29T13:11:05.008393Z,3,"HHE,HHN,HHZ",15001,100.0,ok,
PTGC.2022.211.00.37.12,PTGC,2022.211.00.37.12,2022-07-30T00:37:12.288393Z,3,"HHE,HHN,HHZ",15001,100.0,ok,
PTGC.2022.211.13.24.51,PTGC,2022.211.13.24.51,2022-07-30T13:24:51.738393Z,3,"HHE,HHN,HHZ",15001,100.0,ok,
PTGC.2022.211.14.25.35,PTGC,2022.211.14.25.35,2022-07-30T14:25:35.838391Z,3,"HHE,HHN,HHZ",15001,100.0,ok,
PTGC.2022.211.18.33.52,PTGC,2022.211.18.33.52,2022-07-30T18:33:52.808393Z,3,"HHE,HHN,HHZ",15001,100.0,ok,
PTGC.2022.212.05.56.44,PTGC,2022.212.05.56.44,2022-07-31T05:56:44.218393Z,3,"HHE,HHN,HHZ",15001,100.0,ok,
PTGC.2022.213.05.30.19,PTGC,2022.213.05.30.19,2022-08-01T05:30:19.808393Z,3,"HHE,HHN,HHZ",15001,100.0,ok,
PTGC.2022.213.09.15.36,PTGC,2022.213.09.15.36,2022-08-01T09:15:36.608393Z,3,"HHE,HHN,HHZ",15001,100.0,ok,
PTGC.2022.215.06.18.13,PTGC,2022.215.06.18.13,2022-08-03T06:18:13.638393Z,3,"HHE,HHN,HHZ",15001,100.0,ok,
PTGC.2022.215.19.35.20,PTGC,2022.215.19.35.20,2022-08-03T19:35:20.998393Z,3,"HHE,HHN,HHZ",15001,100.0,ok,
PTGC.2022.215.20.53.39,PTGC,2022.215.20.53.39,2022-08-03T20:53:39.448393Z,3,"HHE,HHN,HHZ",15001,100.0,ok,
PTGC.2022.216.18.23.29,PTGC,2022.216.18.23.29,2022-08-04T18:23:29.058393Z,3,"HHE,HHN,HHZ",15001,100.0,ok,
PTGC.2022.217.00.56.44,PTGC,2022.217.00.56.44,2022-08-05T00:56:44.538393Z,3,"HHE,HHN,HHZ",15001,100.0,ok,
PTGC.2022.218.02.24.26,PTGC,2022.218.02.24.26,2022-08-06T02:24:26.998393Z,3,"HHE,HHN,HHZ",15001,100.0,ok,
PTGC.2022.219.10.56.52,PTGC,2022.219.10.56.52,2022-08-07T10:56:52.358391Z,3,"HHE,HHN,HHZ",15001,100.0,ok,
PTGC.2022.219.17.56.06,PTGC,2022.219.17.56.06,2022-08-07T17:56:06.218391Z,3,"HHE,HHN,HHZ",15001,100.0,ok,
PTGC.2022.220.19.01.29,PTGC,2022.220.19.01.29,2022-08-08T19:01:29.028393Z,3,"HHE,HHN,HHZ",15001,100.0,ok,
PTGC.2022.221.18.28.22,PTGC,2022.221.18.28.22,2022-08-09T18:28:22.848393Z,3,"HHE,HHN,HHZ",15001,100.0,ok,
PTGC.2022.222.03.29.31,PTGC,2022.222.03.29.31,2022-08-10T03:29:31.648393Z,3,"HHE,HHN,HHZ",15001,100.0,ok,
PTGC.2022.222.08.37.59,PTGC,2022.222.08.37.59,2022-08-10T08:37:59.598393Z,3,"HHE,HHN,HHZ",15001,100.0,ok,
PTGC.2022.223.00.14.08,PTGC,2022.223.00.14.08,2022-08-11T00:14:08.208393Z,3,"HHE,HHN,HHZ",15001,100.0,ok,
PTGC.2022.223.05.27.17,PTGC,2022.223.05.27.17,2022-08-11T05:27:17.388393Z,3,"HHE,HHN,HHZ",15001,100.0,ok,
PTGC.2022.223.09.10.34,PTGC,2022.223.09.10.34,2022-08-11T09:10:34.188393Z,3,"HHE,HHN,HHZ",15001,100.0,ok,
PTGC.2022.223.13.09.43,PTGC,2022.223.13.09.43,2022-08-11T13:09:43.508393Z,3,"HHE,HHN,HHZ",15001,100.0,ok,
PTGC.2022.223.15.26.39,PTGC,2022.223.15.26.39,2022-08-11T15:26:39.158393Z,3,"HHE,HHN,HHZ",15001,100.0,ok,
PTGC.2022.224.05.09.50,PTGC,2022.224.05.09.50,2022-08-12T05:09:50.988394Z,3,"HHE,HHN,HHZ",15001,100.0,ok,
PTGC.2022.224.06.41.32,PTGC,2022.224.06.41.32,2022-08-12T06:41:32.138393Z,3,"HHE,HHN,HHZ",15001,100.0,ok,
PTGC.2022.225.01.35.48,PTGC,2022.225.01.35.48,2022-08-13T01:35:48.938393Z,3,"HHE,HHN,HHZ",15001,100.0,ok,
PTGC.2022.225.02.00.48,PTGC,2022.225.02.00.48,2022-08-13T02:00:48.458393Z,3,"HHE,HHN,HHZ",15001,100.0,ok,
PTGC.2022.225.02.05.58,PTGC,2022.225.02.05.58,2022-08-13T02:05:58.138393Z,3,"HHE,HHN,HHZ",15001,100.0,ok,
PTGC.2022.225.03.26.19,PTGC,2022.225.03.26.19,2022-08-13T03:26:19.928393Z,3,"HHE,HHN,HHZ",15001,100.0,ok,
PTGC.2022.225.03.44.44,PTGC,2022.225.03.44.44,2022-08-13T03:44:44.148393Z,3,"HHE,HHN,HHZ",15001,100.0,ok,
PTGC.2022.225.04.07.04,PTGC,2022.225.04.07.04,2022-08-13T04:07:04.228393Z,3,"HHE,HHN,HHZ",15001,100.0,ok,
PTGC.2022.225.04.20.10,PTGC,2022.225.04.20.10,2022-08-13T04:20:10.578393Z,3,"HHE,HHN,HHZ",15001,100.0,ok,
PTGC.2022.225.04.29.29,PTGC,2022.225.04.29.29,2022-08-13T04:29:29.198393Z,3,"HHE,HHN,HHZ",15001,100.0,ok,
PTGC.2022.225.05.13.31,PTGC,2022.225.05.13.31,2022-08-13T05:13:31.598393Z,3,"HHE,HHN,HHZ",15001,100.0,ok,
PTGC.2022.225.05.19.14,PTGC,2022.225.05.19.14,2022-08-13T05:19:14.428393Z,3,"HHE,HHN,HHZ",15001,100.0,ok,
PTGC.2022.225.05.23.44,PTGC,2022.225.05.23.44,2022-08-13T05:23:44.568393Z,3,"HHE,HHN,HHZ",15001,100.0,ok,
PTGC.2022.225.05.36.11,PTGC,2022.225.05.36.11,2022-08-13T05:36:11.698393Z,3,"HHE,HHN,HHZ",15001,100.0,ok,
PTGC.2022.225.05.38.00,PTGC,2022.225.05.38.00,2022-08-13T05:38:00.198393Z,3,"HHE,HHN,HHZ",15001,100.0,ok,
PTGC.2022.225.05.46.09,PTGC,2022.225.05.46.09,2022-08-13T05:46:09.968393Z,3,"HHE,HHN,HHZ",15001,100.0,ok,
PTGC.2022.225.05.48.57,PTGC,2022.225.05.48.57,2022-08-13T05:48:57.068391Z,3,"HHE,HHN,HHZ",15001,100.0,ok,
PTGC.2022.225.05.59.17,PTGC,2022.225.05.59.17,2022-08-13T05:59:17.608393Z,3,"HHE,HHN,HHZ",15001,100.0,ok,
PTGC.2022.225.07.43.46,PTGC,2022.225.07.43.46,2022-08-13T07:43:46.798393Z,3,"HHE,HHN,HHZ",15001,100.0,ok,
PTGC.2022.225.14.00.17,PTGC,2022.225.14.00.17,2022-08-13T14:00:17.228393Z,3,"HHE,HHN,HHZ",15001,100.0,ok,
PTGC.2022.225.20.19.25,PTGC,2022.225.20.19.25,2022-08-13T20:19:25.388393Z,3,"HHE,HHN,HHZ",15001,100.0,ok,
PTGC.2022.225.23.25.52,PTGC,2022.225.23.25.52,2022-08-13T23:25:52.378393Z,3,"HHE,HHN,HHZ",15001,100.0,ok,
PTGC.2022.226.01.52.56,PTGC,2022.226.01.52.56,2022-08-14T01:52:56.298393Z,3,"HHE,HHN,HHZ",15001,100.0,ok,
PTGC.2022.226.10.10.03,PTGC,2022.226.10.10.03,2022-08-14T10:10:03.288393Z,3,"HHE,HHN,HHZ",15001,100.0,ok,
PTGC.2022.227.06.08.09,PTGC,2022.227.06.08.09,2022-08-15T06:08:09.628393Z,3,"HHE,HHN,HHZ",15001,100.0,ok,
PTGC.2022.227.13.46.07,PTGC,2022.227.13.46.07,2022-08-15T13:46:07.528393Z,3,"HHE,HHN,HHZ",15001,100.0,ok,
PTGC.2022.227.15.50.50,PTGC,2022.227.15.50.50,2022-08-15T15:50:50.548393Z,3,"HHE,HHN,HHZ",15001,100.0,ok,
PTGC.2022.227.17.40.39,PTGC,2022.227.17.40.39,2022-08-15T17:40:39.808391Z,3,"HHE,HHN,HHZ",15001,100.0,ok,
PTGC.2022.228.00.50.29,PTGC,2022.228.00.50.29,2022-08-16T00:50:29.448393Z,3,"HHE,HHN,HHZ",15001,100.0,ok,
PTGC.2022.229.22.11.10,PTGC,2022.229.22.11.10,2022-08-17T22:11:10.668393Z,3,"HHE,HHN,HHZ",15001,100.0,ok,
PTGC.2022.230.06.51.22,PTGC,2022.230.06.51.22,2022-08-18T06:51:22.388393Z,3,"HHE,HHN,HHZ",15001,100.0,ok,
PTGC.2022.230.08.51.08,PTGC,2022.230.08.51.08,2022-08-18T08:51:08.678393Z,3,"HHE,HHN,HHZ",15001,100.0,ok,
PTGC.2022.230.12.04.13,PTGC,2022.230.12.04.13,2022-08-18T12:04:13.248393Z,3,"HHE,HHN,HHZ",15001,100.0,ok,
PTGC.2022.230.17.35.20,PTGC,2022.230.17.35.20,2022-08-18T17:35:20.758393Z,3,"HHE,HHN,HHZ",15001,100.0,ok,
PTGC.2022.230.21.43.36,PTGC,2022.230.21.43.36,2022-08-18T21:43:36.608393Z,3,"HHE,HHN,HHZ",15001,100.0,ok,
PTGC.2022.231.00.05.15,PTGC,2022.231.00.05.15,2022-08-19T00:05:15.818393Z,3,"HHE,HHN,HHZ",15001,100.0,ok,
PTGC.2022.231.00.12.27,PTGC,2022.231.00.12.27,2022-08-19T00:12:27.138393Z,3,"HHE,HHN,HHZ",15001,100.0,ok,
PTGC.2022.231.04.00.43,PTGC,2022.231.04.00.43,2022-08-19T04:00:43.458393Z,3,"HHE,HHN,HHZ",15001,100.0,ok,
PTGC.2022.231.06.52.21,PTGC,2022.231.06.52.21,2022-08-19T06:52:21.788393Z,3,"HHE,HHN,HHZ",15001,100.0,ok,
PTGC.2022.231.12.22.42,PTGC,2022.231.12.22.42,2022-08-19T12:22:42.368393Z,3,"HHE,HHN,HHZ",15001,100.0,ok,
PTGC.2022.231.13.28.34,PTGC,2022.231.13.28.34,2022-08-19T13:28:34.768393Z,3,"HHE,HHN,HHZ",15001,100.0,ok,
PTGC.2022.231.20.24.14,PTGC,2022.231.20.24.14,2022-08-19T20:24:14.838391Z,3,"HHE,HHN,HHZ",15001,100.0,ok,
PTGC.2022.232.01.04.13,PTGC,2022.232.01.04.13,2022-08-20T01:04:13.928393Z,3,"HHE,HHN,HHZ",15001,100.0,ok,
PTGC.2022.232.14.26.29,PTGC,2022.232.14.26.29,2022-08-20T14:26:29.978393Z,3,"HHE,HHN,HHZ",15001,100.0,ok,
PTGC.2022.232.14.35.50,PTGC,2022.232.14.35.50,2022-08-20T14:35:50.188393Z,3,"HHE,HHN,HHZ",15001,100.0,ok,
PTGC.2022.232.18.42.41,PTGC,2022.232.18.42.41,2022-08-20T18:42:41.998393Z,3,"HHE,HHN,HHZ",15001,100.0,ok,
PTGC.2022.232.18.48.11,PTGC,2022.232.18.48.11,2022-08-20T18:48:11.978393Z,3,"HHE,HHN,HHZ",15001,100.0,ok,
PTGC.2022.232.19.04.35,PTGC,2022.232.19.04.35,2022-08-20T19:04:35.848393Z,3,"HHE,HHN,HHZ",15001,100.0,ok,
PTGC.2022.232.19.42.42,PTGC,2022.232.19.42.42,2022-08-20T19:42:42.848391Z,3,"HHE,HHN,HHZ",15001,100.0,ok,
PTGC.2022.232.20.59.27,PTGC,2022.232.20.59.27,2022-08-20T20:59:27.668393Z,3,"HHE,HHN,HHZ",15001,100.0,ok,
PTGC.2022.233.04.13.18,PTGC,2022.233.04.13.18,2022-08-21T04:13:18.858393Z,3,"HHE,HHN,HHZ",15001,100.0,ok,
PTGC.2022.233.12.04.04,PTGC,2022.233.12.04.04,2022-08-21T12:04:04.248393Z,3,"HHE,HHN,HHZ",15001,100.0,ok,
PTGC.2022.233.13.56.18,PTGC,2022.233.13.56.18,2022-08-21T13:56:18.848393Z,3,"HHE,HHN,HHZ",15001,100.0,ok,
PTGC.2022.234.05.41.35,PTGC,2022.234.05.41.35,2022-08-22T05:41:35.558393Z,3,"HHE,HHN,HHZ",15001,100.0,ok,
PTGC.2022.234.13.56.52,PTGC,2022.234.13.56.52,2022-08-22T13:56:52.448393Z,3,"HHE,HHN,HHZ",15001,100.0,ok,
PTGC.2022.235.15.53.51,PTGC,2022.235.15.53.51,2022-08-23T15:53:51.808393Z,3,"HHE,HHN,HHZ",15001,100.0,ok,
PTGC.2022.236.08.09.51,PTGC,2022.236.08.09.51,2022-08-24T08:09:51.168393Z,3,"HHE,HHN,HHZ",15001,100.0,ok,
PTGC.2022.237.02.55.20,PTGC,2022.237.02.55.20,2022-08-25T02:55:20.528393Z,3,"HHE,HHN,HHZ",15001,100.0,ok,
PTGC.2022.237.06.42.24,PTGC,2022.237.06.42.24,2022-08-25T06:42:24.118393Z,3,"HHE,HHN,HHZ",15001,100.0,ok,
PTGC.2022.237.09.29.55,PTGC,2022.237.09.29.55,2022-08-25T09:29:55.798393Z,3,"HHE,HHN,HHZ",15001,100.0,ok,
PTGC.2022.237.10.59.37,PTGC,2022.237.10.59.37,2022-08-25T10:59:37.338393Z,3,"HHE,HHN,HHZ",15001,100.0,ok,
PTGC.2022.237.15.09.21,PTGC,2022.237.15.09.21,2022-08-25T15:09:21.098393Z,3,"HHE,HHN,HHZ",15001,100.0,ok,
PTGC.2022.238.12.25.30,PTGC,2022.238.12.25.30,2022-08-26T12:25:30.548393Z,3,"HHE,HHN,HHZ",15001,100.0,ok,
PTGC.2022.238.15.03.40,PTGC,2022.238.15.03.40,2022-08-26T15:03:40.048393Z,3,"HHE,HHN,HHZ",15001,100.0,ok,
PTGC.2022.238.15.20.45,PTGC,2022.238.15.20.45,2022-08-26T15:20:45.018391Z,3,"HHE,HHN,HHZ",15001,100.0,ok,
PTGC.2022.238.17.39.36,PTGC,2022.238.17.39.36,2022-08-26T17:39:36.428393Z,3,"HHE,HHN,HHZ",15001,100.0,ok,
PTGC.2022.239.01.14.01,PTGC,2022.239.01.14.01,2022-08-27T01:14:01.848393Z,3,"HHE,HHN,HHZ",15001,100.0,ok,
PTGC.2022.239.05.48.55,PTGC,2022.239.05.48.55,2022-08-27T05:48:55.388391Z,3,"HHE,HHN,HHZ",15001,100.0,ok,
PTGC.2022.239.06.33.29,PTGC,2022.239.06.33.29,2022-08-27T06:33:29.418393Z,3,"HHE,HHN,HHZ",15001,100.0,ok,
PTGC.2022.239.10.41.21,PTGC,2022.239.10.41.21,2022-08-27T10:41:21.868393Z,3,"HHE,HHN,HHZ",15001,100.0,ok,
PTGC.2022.240.01.30.35,PTGC,2022.240.01.30.35,2022-08-28T01:30:35.508393Z,3,"HHE,HHN,HHZ",15001,100.0,ok,
PTGC.2022.240.21.47.37,PTGC,2022.240.21.47.37,2022-08-28T21:47:37.988393Z,3,"HHE,HHN,HHZ",15001,100.0,ok,
PTGC.2022.241.03.56.48,PTGC,2022.241.03.56.48,2022-08-29T03:56:48.798393Z,3,"HHE,HHN,HHZ",15001,100.0,ok,
PTGC.2022.241.11.17.59,PTGC,2022.241.11.17.59,2022-08-29T11:17:59.658393Z,3,"HHE,HHN,HHZ",15001,100.0,ok,
PTGC.2022.241.11.55.57,PTGC,2022.241.11.55.57,2022-08-29T11:55:57.968393Z,3,"HHE,HHN,HHZ",15001,100.0,ok,
PTGC.2022.241.21.27.42,PTGC,2022.241.21.27.42,2022-08-29T21:27:42.388393Z,3,"HHE,HHN,HHZ",15001,100.0,ok,
PTGC.2022.242.01.36.13,PTGC,2022.242.01.36.13,2022-08-30T01:36:13.338393Z,3,"HHE,HHN,HHZ",15001,100.0,ok,
PTGC.2022.242.16.30.48,PTGC,2022.242.16.30.48,2022-08-30T16:30:48.988393Z,3,"HHE,HHN,HHZ",15001,100.0,ok,
PTGC.2022.242.20.27.47,PTGC,2022.242.20.27.47,2022-08-30T20:27:47.378393Z,3,"HHE,HHN,HHZ",15001,100.0,ok,
PTGC.2022.242.22.25.41,PTGC,2022.242.22.25.41,2022-08-30T22:25:41.248394Z,3,"HHE,HHN,HHZ",15001,100.0,ok,
PTGC.2022.243.05.20.19,PTGC,2022.243.05.20.19,2022-08-31T05:20:19.688393Z,3,"HHE,HHN,HHZ",15001,100.0,ok,
PTGC.2022.243.08.00.51,PTGC,2022.243.08.00.51,2022-08-31T08:00:51.338393Z,3,"HHE,HHN,HHZ",15001,100.0,ok,
PTGC.2022.243.17.08.41,PTGC,2022.243.17.08.41,2022-08-31T17:08:41.208393Z,3,"HHE,HHN,HHZ",15001,100.0,ok,
PTGC.2022.243.18.04.21,PTGC,2022.243.18.04.21,2022-08-31T18:04:21.988393Z,3,"HHE,HHN,HHZ",15001,100.0,ok,
PTGC.2022.244.01.42.46,PTGC,2022.244.01.42.46,2022-09-01T01:42:46.328393Z,3,"HHE,HHN,HHZ",15001,100.0,ok,
PTGC.2022.244.09.46.20,PTGC,2022.244.09.46.20,2022-09-01T09:46:19.998391Z,3,"HHE,HHN,HHZ",15001,100.0,ok,
PTGC.2022.244.09.57.07,PTGC,2022.244.09.57.07,2022-09-01T09:57:07.918393Z,3,"HHE,HHN,HHZ",15001,100.0,ok,
PTGC.2022.244.19.04.54,PTGC,2022.244.19.04.54,2022-09-01T19:04:54.508393Z,3,"HHE,HHN,HHZ",15001,100.0,ok,
PTGC.2022.245.07.39.41,PTGC,2022.245.07.39.41,2022-09-02T07:39:41.518393Z,3,"HHE,HHN,HHZ",15001,100.0,ok,
PTGC.2022.245.11.44.37,PTGC,2022.245.11.44.37,2022-09-02T11:44:37.858394Z,3,"HHE,HHN,HHZ",15001,100.0,ok,
PTGC.2022.245.14.39.29,PTGC,2022.245.14.39.29,2022-09-02T14:39:29.348393Z,3,"HHE,HHN,HHZ",15001,100.0,ok,
PTGC.2022.245.18.11.18,PTGC,2022.245.18.11.18,2022-09-02T18:11:18.598393Z,3,"HHE,HHN,HHZ",15001,100.0,ok,
PTGC.2022.245.19.48.23,PTGC,2022.245.19.48.23,2022-09-02T19:48:23.788393Z,3,"HHE,HHN,HHZ",15001,100.0,ok,
PTGC.2022.246.03.16.13,PTGC,2022.246.03.16.13,2022-09-03T03:16:13.818393Z,3,"HHE,HHN,HHZ",15001,100.0,ok,
PTGC.2022.246.03.45.02,PTGC,2022.246.03.45.02,2022-09-03T03:45:02.868393Z,3,"HHE,HHN,HHZ",15001,100.0,ok,
PTGC.2022.246.04.41.18,PTGC,2022.246.04.41.18,2022-09-03T04:41:18.868393Z,3,"HHE,HHN,HHZ",15001,100.0,ok,
PTGC.2022.246.08.15.40,PTGC,2022.246.08.15.40,2022-09-03T08:15:40.508391Z,3,"HHE,HHN,HHZ",15001,100.0,ok,
PTGC.2022.247.09.07.05,PTGC,2022.247.09.07.05,2022-09-04T09:07:05.088393Z,3,"HHE,HHN,HHZ",15001,100.0,ok,
PTGC.2022.248.19.04.16,PTGC,2022.248.19.04.16,2022-09-05T19:04:16.328393Z,3,"HHE,HHN,HHZ",15001,100.0,ok,
PTGC.2022.248.19.31.53,PTGC,2022.248.19.31.53,2022-09-05T19:31:53.238393Z,3,"HHE,HHN,HHZ",15001,100.0,ok,
PTGC.2022.249.08.52.46,PTGC,2022.249.08.52.46,2022-09-06T08:52:46.638393Z,3,"HHE,HHN,HHZ",15001,100.0,ok,
PTGC.2022.250.05.19.40,PTGC,2022.250.05.19.40,2022-09-07T05:19:40.178393Z,3,"HHE,HHN,HHZ",15001,100.0,ok,
PTGC.2022.250.21.49.42,PTGC,2022.250.21.49.42,2022-09-07T21:49:42.478393Z,3,"HHE,HHN,HHZ",15001,100.0,ok,
PTGC.2022.250.22.45.36,PTGC,2022.250.22.45.36,2022-09-07T22:45:36.888393Z,3,"HHE,HHN,HHZ",15001,100.0,ok,
PTGC.2022.251.09.39.24,PTGC,2022.251.09.39.24,2022-09-08T09:39:24.988393Z,3,"HHE,HHN,HHZ",15001,100.0,ok,
PTGC.2022.251.11.53.24,PTGC,2022.251.11.53.24,2022-09-08T11:53:24.658393Z,3,"HHE,HHN,HHZ",15001,100.0,ok,
PTGC.2022.251.15.08.02,PTGC,2022.251.15.08.02,2022-09-08T15:08:02.418393Z,3,"HHE,HHN,HHZ",15001,100.0,ok,
PTGC.2022.252.01.52.11,PTGC,2022.252.01.52.11,2022-09-09T01:52:11.358393Z,3,"HHE,HHN,HHZ",15001,100.0,ok,
PTGC.2022.253.17.22.51,PTGC,2022.253.17.22.51,2022-09-10T17:22:51.348393Z,3,"HHE,HHN,HHZ",15001,100.0,ok,
PTGC.2022.253.17.27.06,PTGC,2022.253.17.27.06,2022-09-10T17:27:06.558393Z,3,"HHE,HHN,HHZ",15001,100.0,ok,
PTGC.2022.254.08.55.03,PTGC,2022.254.08.55.03,2022-09-11T08:55:03.928393Z,3,"HHE,HHN,HHZ",15001,100.0,ok,
PTGC.2022.254.23.45.55,PTGC,2022.254.23.45.55,2022-09-11T23:45:55.688394Z,3,"HHE,HHN,HHZ",15001,100.0,ok,
PTGC.2022.256.05.45.59,PTGC,2022.256.05.45.59,2022-09-13T05:45:59.558393Z,3,"HHE,HHN,HHZ",15001,100.0,ok,
PTGC.2022.256.17.22.09,PTGC,2022.256.17.22.09,2022-09-13T17:22:09.608393Z,3,"HHE,HHN,HHZ",15001,100.0,ok,
PTGC.2022.259.14.20.09,PTGC,2022.259.14.20.09,2022-09-16T14:20:09.598393Z,3,"HHE,HHN,HHZ",15001,100.0,ok,
PTGC.2022.260.18.23.07,PTGC,2022.260.18.23.07,2022-09-17T18:23:07.278393Z,3,"HHE,HHN,HHZ",15001,100.0,ok,
PTGC.2022.260.22.00.41,PTGC,2022.260.22.00.41,2022-09-17T22:00:41.878391Z,3,"HHE,HHN,HHZ",15001,100.0,ok,
PTGC.2022.261.02.43.29,PTGC,2022.261.02.43.29,2022-09-18T02:43:29.628394Z,3,"HHE,HHN,HHZ",15001,100.0,ok,
PTGC.2022.261.06.35.12,PTGC,2022.261.06.35.12,2022-09-18T06:35:12.968391Z,3,"HHE,HHN,HHZ",15001,100.0,ok,
PTGC.2022.261.06.42.40,PTGC,2022.261.06.42.40,2022-09-18T06:42:40.628393Z,3,"HHE,HHN,HHZ",15001,100.0,ok,
PTGC.2022.261.17.09.16,PTGC,2022.261.17.09.16,2022-09-18T17:09:16.468393Z,3,"HHE,HHN,HHZ",15001,100.0,ok,
PTGC.2022.261.22.27.50,PTGC,2022.261.22.27.50,2022-09-18T22:27:50.548393Z,3,"HHE,HHN,HHZ",15001,100.0,ok,
PTGC.2022.262.02.57.39,PTGC,2022.262.02.57.39,2022-09-19T02:57:39.688393Z,3,"HHE,HHN,HHZ",15001,100.0,ok,
PTGC.2022.262.05.38.13,PTGC,2022.262.05.38.13,2022-09-19T05:38:13.358393Z,3,"HHE,HHN,HHZ",15001,100.0,ok,
PTGC.2022.263.04.31.21,PTGC,2022.263.04.31.21,2022-09-20T04:31:21.368393Z,3,"HHE,HHN,HHZ",15001,100.0,ok,
PTGC.2022.265.21.27.47,PTGC,2022.265.21.27.47,2022-09-22T21:27:47.878393Z,3,"HHE,HHN,HHZ",15001,100.0,ok,
PTGC.2022.266.15.46.01,PTGC,2022.266.15.46.01,2022-09-23T15:46:01.048393Z,3,"HHE,HHN,HHZ",15001,100.0,ok,
PTGC.2022.266.22.43.29,PTGC,2022.266.22.43.29,2022-09-23T22:43:29.458394Z,3,"HHE,HHN,HHZ",15001,100.0,ok,
PTGC.2022.267.06.58.45,PTGC,2022.267.06.58.45,2022-09-24T06:58:45.088393Z,3,"HHE,HHN,HHZ",15001,100.0,ok,
PTGC.2022.267.10.22.19,PTGC,2022.267.10.22.19,2022-09-24T10:22:19.668393Z,3,"HHE,HHN,HHZ",15001,100.0,ok,
PTGC.2022.268.07.26.50,PTGC,2022.268.07.26.50,2022-09-25T07:26:50.928393Z,3,"HHE,HHN,HHZ",15001,100.0,ok,
PTGC.2022.268.07.26.56,PTGC,2022.268.07.26.56,2022-09-25T07:26:56.928393Z,3,"HHE,HHN,HHZ",15001,100.0,ok,
PTGC.2022.269.13.51.28,PTGC,2022.269.13.51.28,2022-09-26T13:51:28.458393Z,3,"HHE,HHN,HHZ",15001,100.0,ok,
PTGC.2022.269.17.30.14,PTGC,2022.269.17.30.14,2022-09-26T17:30:14.668393Z,3,"HHE,HHN,HHZ",15001,100.0,ok,
PTGC.2022.273.03.06.17,PTGC,2022.273.03.06.17,2022-09-30T03:06:17.258393Z,3,"HHE,HHN,HHZ",15001,100.0,ok,
PTGC.2022.273.06.05.01,PTGC,2022.273.06.05.01,2022-09-30T06:05:01.168393Z,3,"HHE,HHN,HHZ",15001,100.0,ok,
PTGC.2022.273.11.40.38,PTGC,2022.273.11.40.38,2022-09-30T11:40:38.308393Z,3,"HHE,HHN,HHZ",15001,100.0,ok,
PTGC.2022.274.21.40.58,PTGC,2022.274.21.40.58,2022-10-01T21:40:58.038393Z,3,"HHE,HHN,HHZ",15001,100.0,ok,
PTGC.2022.275.05.28.29,PTGC,2022.275.05.28.29,2022-10-02T05:28:29.058393Z,3,"HHE,HHN,HHZ",15001,100.0,ok,
PTGC.2022.275.06.35.45,PTGC,2022.275.06.35.45,2022-10-02T06:35:45.868393Z,3,"HHE,HHN,HHZ",15001,100.0,ok,
PTGC.2022.275.12.19.22,PTGC,2022.275.12.19.22,2022-10-02T12:19:22.038391Z,3,"HHE,HHN,HHZ",15001,100.0,ok,
PTGC.2022.275.16.30.18,PTGC,2022.275.16.30.18,2022-10-02T16:30:18.088393Z,3,"HHE,HHN,HHZ",15001,100.0,ok,
PTGC.2022.276.14.03.20,PTGC,2022.276.14.03.20,2022-10-03T14:03:20.418391Z,3,"HHE,HHN,HHZ",15001,100.0,ok,
PTGC.2022.278.03.14.50,PTGC,2022.278.03.14.50,2022-10-05T03:14:50.848393Z,3,"HHE,HHN,HHZ",15001,100.0,ok,
PTGC.2022.278.19.03.09,PTGC,2022.278.19.03.09,2022-10-05T19:03:09.948393Z,3,"HHE,HHN,HHZ",15001,100.0,ok,
PTGC.2022.279.01.01.53,PTGC,2022.279.01.01.53,2022-10-06T01:01:53.508393Z,3,"HHE,HHN,HHZ",15001,100.0,ok,
PTGC.2022.279.01.31.37,PTGC,2022.279.01.31.37,2022-10-06T01:31:37.158393Z,3,"HHE,HHN,HHZ",15001,100.0,ok,
PTGC.2022.279.09.20.46,PTGC,2022.279.09.20.46,2022-10-06T09:20:46.398393Z,3,"HHE,HHN,HHZ",15001,100.0,ok,
PTGC.2022.279.09.21.10,PTGC,2022.279.09.21.10,2022-10-06T09:21:10.058393Z,3,"HHE,HHN,HHZ",15001,100.0,ok,
PTGC.2022.280.15.11.06,PTGC,2022.280.15.11.06,2022-10-07T15:11:06.818393Z,3,"HHE,HHN,HHZ",15001,100.0,ok,
PTGC.2022.282.04.11.29,PTGC,2022.282.04.11.29,2022-10-09T04:11:29.048393Z,3,"HHE,HHN,HHZ",15001,100.0,ok,
PTGC.2022.282.05.47.14,PTGC,2022.282.05.47.14,2022-10-09T05:47:14.088393Z,3,"HHE,HHN,HHZ",15001,100.0,ok,
PTGC.2022.282.06.30.47,PTGC,2022.282.06.30.47,2022-10-09T06:30:47.308393Z,3,"HHE,HHN,HHZ",15001,100.0,ok,
PTGC.2022.282.12.55.21,PTGC,2022.282.12.55.21,2022-10-09T12:55:21.188393Z,3,"HHE,HHN,HHZ",15001,100.0,ok,
PTGC.2022.283.02.46.16,PTGC,2022.283.02.46.16,2022-10-10T02:46:16.588393Z,3,"HHE,HHN,HHZ",15001,100.0,ok,
PTGC.2022.283.10.21.44,PTGC,2022.283.10.21.44,2022-10-10T10:21:44.288393Z,3,"HHE,HHN,HHZ",15001,100.0,ok,
PTGC.2022.283.12.14.43,PTGC,2022.283.12.14.43,2022-10-10T12:14:43.338393Z,3,"HHE,HHN,HHZ",15001,100.0,ok,
PTGC.2022.283.18.20.02,PTGC,2022.283.18.20.02,2022-10-10T18:20:02.558393Z,3,"HHE,HHN,HHZ",15001,100.0,ok,
PTGC.2022.283.19.46.54,PTGC,2022.283.19.46.54,2022-10-10T19:46:54.568393Z,3,"HHE,HHN,HHZ",15001,100.0,ok,
PTGC.2022.284.00.30.44,PTGC,2022.284.00.30.44,2022-10-11T00:30:44.428393Z,3,"HHE,HHN,HHZ",15001,100.0,ok,
PTGC.2022.284.04.44.09,PTGC,2022.284.04.44.09,2022-10-11T04:44:09.078393Z,3,"HHE,HHN,HHZ",15001,100.0,ok,
PTGC.2022.284.10.57.53,PTGC,2022.284.10.57.53,2022-10-11T10:57:53.818393Z,3,"HHE,HHN,HHZ",15001,100.0,ok,
PTGC.2022.285.00.20.35,PTGC,2022.285.00.20.35,2022-10-12T00:20:35.658393Z,3,"HHE,HHN,HHZ",15001,100.0,ok,
PTGC.2022.285.23.45.03,PTGC,2022.285.23.45.03,2022-10-12T23:45:03.318393Z,3,"HHE,HHN,HHZ",15001,100.0,ok,
PTGC.2022.286.05.39.04,PTGC,2022.286.05.39.04,2022-10-13T05:39:04.988393Z,3,"HHE,HHN,HHZ",15001,100.0,ok,
PTGC.2022.286.15.58.10,PTGC,2022.286.15.58.10,2022-10-13T15:58:10.268393Z,3,"HHE,HHN,HHZ",15001,100.0,ok,
PTGC.2022.287.22.22.16,PTGC,2022.287.22.22.16,2022-10-14T22:22:16.598393Z,3,"HHE,HHN,HHZ",15001,100.0,ok,
PTGC.2022.288.02.35.46,PTGC,2022.288.02.35.46,2022-10-15T02:35:46.818393Z,3,"HHE,HHN,HHZ",15001,100.0,ok,
PTGC.2022.288.09.06.29,PTGC,2022.288.09.06.29,2022-10-15T09:06:29.858393Z,3,"HHE,HHN,HHZ",15001,100.0,ok,
PTGC.2022.288.13.35.30,PTGC,2022.288.13.35.30,2022-10-15T13:35:30.988393Z,3,"HHE,HHN,HHZ",15001,100.0,ok,
PTGC.2022.290.01.19.17,PTGC,2022.290.01.19.17,2022-10-17T01:19:17.198393Z,3,"HHE,HHN,HHZ",15001,100.0,ok,
PTGC.2022.291.05.33.39,PTGC,2022.291.05.33.39,2022-10-18T05:33:39.338393Z,3,"HHE,HHN,HHZ",15001,100.0,ok,
PTGC.2022.291.09.46.56,PTGC,2022.291.09.46.56,2022-10-18T09:46:56.708393Z,3,"HHE,HHN,HHZ",15001,100.0,ok,
PTGC.2022.291.12.41.08,PTGC,2022.291.12.41.08,2022-10-18T12:41:08.898393Z,3,"HHE,HHN,HHZ",15001,100.0,ok,
PTGC.2022.292.15.55.15,PTGC,2022.292.15.55.15,2022-10-19T15:55:15.858393Z,3,"HHE,HHN,HHZ",15001,100.0,ok,
PTGC.2022.292.16.12.47,PTGC,2022.292.16.12.47,2022-10-19T16:12:47.698393Z,3,"HHE,HHN,HHZ",15001,100.0,ok,
PTGC.2022.292.18.39.29,PTGC,2022.292.18.39.29,2022-10-19T18:39:29.478393Z,3,"HHE,HHN,HHZ",15001,100.0,ok,
PTGC.2022.292.20.10.07,PTGC,2022.292.20.10.07,2022-10-19T20:10:07.838393Z,3,"HHE,HHN,HHZ",15001,100.0,ok,
PTGC.2022.292.21.32.15,PTGC,2022.292.21.32.15,2022-10-19T21:32:15.278393Z,3,"HHE,HHN,HHZ",15001,100.0,ok,
PTGC.2022.292.23.30.03,PTGC,2022.292.23.30.03,2022-10-19T23:30:03.788391Z,3,"HHE,HHN,HHZ",15001,100.0,ok,
PTGC.2022.293.00.49.32,PTGC,2022.293.00.49.32,2022-10-20T00:49:32.398391Z,3,"HHE,HHN,HHZ",15001,100.0,ok,
PTGC.2022.293.02.15.50,PTGC,2022.293.02.15.50,2022-10-20T02:15:50.378393Z,3,"HHE,HHN,HHZ",15001,100.0,ok,
PTGC.2022.293.02.17.50,PTGC,2022.293.02.17.50,2022-10-20T02:17:50.008391Z,3,"HHE,HHN,HHZ",15001,100.0,ok,
PTGC.2022.293.05.28.00,PTGC,2022.293.05.28.00,2022-10-20T05:28:00.888393Z,3,"HHE,HHN,HHZ",15001,100.0,ok,
PTGC.2022.293.13.54.25,PTGC,2022.293.13.54.25,2022-10-20T13:54:25.018393Z,3,"HHE,HHN,HHZ",15001,100.0,ok,
PTGC.2022.293.13.55.35,PTGC,2022.293.13.55.35,2022-10-20T13:55:35.538393Z,3,"HHE,HHN,HHZ",15001,100.0,ok,
PTGC.2022.293.14.13.59,PTGC,2022.293.14.13.59,2022-10-20T14:13:59.088393Z,3,"HHE,HHN,HHZ",15001,100.0,ok,
PTGC.2022.296.12.47.33,PTGC,2022.296.12.47.33,2022-10-23T12:47:33.558393Z,3,"HHE,HHN,HHZ",15001,100.0,ok,
PTGC.2022.296.13.48.03,PTGC,2022.296.13.48.03,2022-10-23T13:48:03.448393Z,3,"HHE,HHN,HHZ",15001,100.0,ok,
PTGC.2022.297.08.26.07,PTGC,2022.297.08.26.07,2022-10-24T08:26:07.388393Z,3,"HHE,HHN,HHZ",15001,100.0,ok,
PTGC.2022.297.12.08.26,PTGC,2022.297.12.08.26,2022-10-24T12:08:26.188393Z,3,"HHE,HHN,HHZ",15001,100.0,ok,
PTGC.2022.298.12.13.36,PTGC,2022.298.12.13.36,2022-10-25T12:13:36.898393Z,3,"HHE,HHN,HHZ",15001,100.0,ok,
PTGC.2022.298.17.17.04,PTGC,2022.298.17.17.04,2022-10-25T17:17:04.758393Z,3,"HHE,HHN,HHZ",15001,100.0,ok,
PTGC.2022.298.21.25.53,PTGC,2022.298.21.25.53,2022-10-25T21:25:53.928393Z,3,"HHE,HHN,HHZ",15001,100.0,ok,
PTGC.2022.299.05.44.39,PTGC,2022.299.05.44.39,2022-10-26T05:44:39.418393Z,3,"HHE,HHN,HHZ",15001,100.0,ok,
PTGC.2022.299.16.17.38,PTGC,2022.299.16.17.38,2022-10-26T16:17:38.468391Z,3,"HHE,HHN,HHZ",15001,100.0,ok,
PTGC.2022.299.16.30.07,PTGC,2022.299.16.30.07,2022-10-26T16:30:07.348393Z,3,"HHE,HHN,HHZ",15001,100.0,ok,
PTGC.2022.300.01.21.46,PTGC,2022.300.01.21.46,2022-10-27T01:21:46.058393Z,3,"HHE,HHN,HHZ",15001,100.0,ok,
PTGC.2022.300.08.10.30,PTGC,2022.300.08.10.30,2022-10-27T08:10:30.958394Z,3,"HHE,HHN,HHZ",15001,100.0,ok,
PTGC.2022.300.08.20.28,PTGC,2022.300.08.20.28,2022-10-27T08:20:28.248393Z,3,"HHE,HHN,HHZ",15001,100.0,ok,
PTGC.2022.300.11.44.00,PTGC,2022.300.11.44.00,2022-10-27T11:44:00.898393Z,3,"HHE,HHN,HHZ",15001,100.0,ok,
PTGC.2022.301.03.24.02,PTGC,2022.301.03.24.02,2022-10-28T03:24:02.768393Z,3,"HHE,HHN,HHZ",15001,100.0,ok,
PTGC.2022.301.04.34.01,PTGC,2022.301.04.34.01,2022-10-28T04:34:01.848393Z,3,"HHE,HHN,HHZ",15001,100.0,ok,
PTGC.2022.301.10.18.55,PTGC,2022.301.10.18.55,2022-10-28T10:18:55.648393Z,3,"HHE,HHN,HHZ",15001,100.0,ok,
PTGC.2022.301.21.36.34,PTGC,2022.301.21.36.34,2022-10-28T21:36:34.508393Z,3,"HHE,HHN,HHZ",15001,100.0,ok,
PTGC.2022.302.16.24.49,PTGC,2022.302.16.24.49,2022-10-29T16:24:49.248393Z,3,"HHE,HHN,HHZ",15001,100.0,ok,
PTGC.2022.302.21.28.21,PTGC,2022.302.21.28.21,2022-10-29T21:28:21.248394Z,3,"HHE,HHN,HHZ",15001,100.0,ok,
PTGC.2022.303.03.16.35,PTGC,2022.303.03.16.35,2022-10-30T03:16:35.738393Z,3,"HHE,HHN,HHZ",15001,100.0,ok,
PTGC.2022.304.06.52.53,PTGC,2022.304.06.52.53,2022-10-31T06:52:53.118393Z,3,"HHE,HHN,HHZ",15001,100.0,ok,
PTGC.2022.304.10.31.48,PTGC,2022.304.10.31.48,2022-10-31T10:31:48.198393Z,3,"HHE,HHN,HHZ",15001,100.0,ok,
PTGC.2022.304.11.40.12,PTGC,2022.304.11.40.12,2022-10-31T11:40:12.178393Z,3,"HHE,HHN,HHZ",15001,100.0,ok,
PTGC.2022.304.17.22.21,PTGC,2022.304.17.22.21,2022-10-31T17:22:21.018393Z,3,"HHE,HHN,HHZ",15001,100.0,ok,
PTGC.2022.304.18.43.17,PTGC,2022.304.18.43.17,2022-10-31T18:43:16.998393Z,3,"HHE,HHN,HHZ",15001,100.0,ok,
PTGC.2022.305.01.28.54,PTGC,2022.305.01.28.54,2022-11-01T01:28:54.998393Z,3,"HHE,HHN,HHZ",15001,100.0,ok,
PTGC.2022.305.05.45.22,PTGC,2022.305.05.45.22,2022-11-01T05:45:22.768393Z,3,"HHE,HHN,HHZ",15001,100.0,ok,
PTGC.2022.305.11.51.22,PTGC,2022.305.11.51.22,2022-11-01T11:51:22.858393Z,3,"HHE,HHN,HHZ",15001,100.0,ok,
PTGC.2022.306.00.44.35,PTGC,2022.306.00.44.35,2022-11-02T00:44:35.068393Z,3,"HHE,HHN,HHZ",15001,100.0,ok,
PTGC.2022.306.05.39.08,PTGC,2022.306.05.39.08,2022-11-02T05:39:08.008393Z,3,"HHE,HHN,HHZ",15001,100.0,ok,
PTGC.2022.306.21.07.46,PTGC,2022.306.21.07.46,2022-11-02T21:07:46.298391Z,3,"HHE,HHN,HHZ",15001,100.0,ok,
PTGC.2022.306.23.02.10,PTGC,2022.306.23.02.10,2022-11-02T23:02:10.498393Z,3,"HHE,HHN,HHZ",15001,100.0,ok,
PTGC.2022.307.03.32.47,PTGC,2022.307.03.32.47,2022-11-03T03:32:47.948393Z,3,"HHE,HHN,HHZ",15001,100.0,ok,
PTGC.2022.307.03.34.06,PTGC,2022.307.03.34.06,2022-11-03T03:34:06.768393Z,3,"HHE,HHN,HHZ",15001,100.0,ok,
PTGC.2022.307.06.10.55,PTGC,2022.307.06.10.55,2022-11-03T06:10:55.638393Z,3,"HHE,HHN,HHZ",15001,100.0,ok,
PTGC.2022.307.07.20.10,PTGC,2022.307.07.20.10,2022-11-03T07:20:10.378393Z,3,"HHE,HHN,HHZ",15001,100.0,ok,
PTGC.2022.307.19.01.30,PTGC,2022.307.19.01.30,2022-11-03T19:01:30.438391Z,3,"HHE,HHN,HHZ",15001,100.0,ok,
PTGC.2022.308.04.36.36,PTGC,2022.308.04.36.36,2022-11-04T04:36:36.208393Z,3,"HHE,HHN,HHZ",15001,100.0,ok,
PTGC.2022.308.05.53.05,PTGC,2022.308.05.53.05,2022-11-04T05:53:05.098393Z,3,"HHE,HHN,HHZ",15001,100.0,ok,
PTGC.2022.308.06.12.11,PTGC,2022.308.06.12.11,2022-11-04T06:12:11.858391Z,3,"HHE,HHN,HHZ",15001,100.0,ok,
PTGC.2022.308.08.04.26,PTGC,2022.308.08.04.26,2022-11-04T08:04:26.918393Z,3,"HHE,HHN,HHZ",15001,100.0,ok,
PTGC.2022.308.23.06.03,PTGC,2022.308.23.06.03,2022-11-04T23:06:03.178393Z,3,"HHE,HHN,HHZ",15001,100.0,ok,
PTGC.2022.309.02.19.12,PTGC,2022.309.02.19.12,2022-11-05T02:19:12.428393Z,3,"HHE,HHN,HHZ",15001,100.0,ok,
PTGC.2022.309.15.58.16,PTGC,2022.309.15.58.16,2022-11-05T15:58:16.808393Z,3,"HHE,HHN,HHZ",15001,100.0,ok,
PTGC.2022.310.14.24.38,PTGC,2022.310.14.24.38,2022-11-06T14:24:38.478393Z,3,"HHE,HHN,HHZ",15001,100.0,ok,
PTGC.2022.310.14.27.38,PTGC,2022.310.14.27.38,2022-11-06T14:27:38.258393Z,3,"HHE,HHN,HHZ",15001,100.0,ok,
PTGC.2022.311.08.35.42,PTGC,2022.311.08.35.42,2022-11-07T08:35:42.388393Z,3,"HHE,HHN,HHZ",15001,100.0,ok,
PTGC.2022.312.06.47.54,PTGC,2022.312.06.47.54,2022-11-08T06:47:54.168393Z,3,"HHE,HHN,HHZ",15001,100.0,ok,
PTGC.2022.312.09.21.51,PTGC,2022.312.09.21.51,2022-11-08T09:21:51.488393Z,3,"HHE,HHN,HHZ",15001,100.0,ok,
PTGC.2022.312.13.18.16,PTGC,2022.312.13.18.16,2022-11-08T13:18:16.048393Z,3,"HHE,HHN,HHZ",15001,100.0,ok,
PTGC.2022.312.22.20.21,PTGC,2022.312.22.20.21,2022-11-08T22:20:21.968394Z,3,"HHE,HHN,HHZ",15001,100.0,ok,
PTGC.2022.313.08.07.00,PTGC,2022.313.08.07.00,2022-11-09T08:07:00.498393Z,3,"HHE,HHN,HHZ",15001,100.0,ok,
PTGC.2022.313.14.16.09,PTGC,2022.313.14.16.09,2022-11-09T14:16:09.688393Z,3,"HHE,HHN,HHZ",15001,100.0,ok,
PTGC.2022.314.12.46.45,PTGC,2022.314.12.46.45,2022-11-10T12:46:45.558393Z,3,"HHE,HHN,HHZ",15001,100.0,ok,
PTGC.2022.315.01.28.15,PTGC,2022.315.01.28.15,2022-11-11T01:28:15.688393Z,3,"HHE,HHN,HHZ",15001,100.0,ok,
PTGC.2022.315.10.49.54,PTGC,2022.315.10.49.54,2022-11-11T10:49:54.428393Z,3,"HHE,HHN,HHZ",15001,100.0,ok,
PTGC.2022.315.22.27.07,PTGC,2022.315.22.27.07,2022-11-11T22:27:07.708393Z,3,"HHE,HHN,HHZ",15001,100.0,ok,
PTGC.2022.316.00.59.52,PTGC,2022.316.00.59.52,2022-11-12T00:59:52.168393Z,3,"HHE,HHN,HHZ",15001,100.0,ok,
PTGC.2022.316.07.24.50,PTGC,2022.316.07.24.50,2022-11-12T07:24:50.478393Z,3,"HHE,HHN,HHZ",15001,100.0,ok,
PTGC.2022.316.08.19.18,PTGC,2022.316.08.19.18,2022-11-12T08:19:18.328393Z,3,"HHE,HHN,HHZ",15001,100.0,ok,
PTGC.2022.316.21.09.38,PTGC,2022.316.21.09.38,2022-11-12T21:09:38.368393Z,3,"HHE,HHN,HHZ",15001,100.0,ok,
PTGC.2022.317.02.02.40,PTGC,2022.317.02.02.40,2022-11-13T02:02:40.288391Z,3,"HHE,HHN,HHZ",15001,100.0,ok,
PTGC.2022.317.05.01.50,PTGC,2022.317.05.01.50,2022-11-13T05:01:50.688393Z,3,"HHE,HHN,HHZ",15001,100.0,ok,
PTGC.2022.317.07.25.36,PTGC,2022.317.07.25.36,2022-11-13T07:25:36.538393Z,3,"HHE,HHN,HHZ",15001,100.0,ok,
PTGC.2022.317.10.49.39,PTGC,2022.317.10.49.39,2022-11-13T10:49:39.698393Z,3,"HHE,HHN,HHZ",15001,100.0,ok,
PTGC.2022.317.22.34.31,PTGC,2022.317.22.34.31,2022-11-13T22:34:31.968393Z,3,"HHE,HHN,HHZ",15001,100.0,ok,
PTGC.2022.318.03.47.12,PTGC,2022.318.03.47.12,2022-11-14T03:47:12.708393Z,3,"HHE,HHN,HHZ",15001,100.0,ok,
PTGC.2022.318.10.51.36,PTGC,2022.318.10.51.36,2022-11-14T10:51:36.838393Z,3,"HHE,HHN,HHZ",15001,100.0,ok,
PTGC.2022.318.15.48.24,PTGC,2022.318.15.48.24,2022-11-14T15:48:24.508394Z,3,"HHE,HHN,HHZ",15001,100.0,ok,
PTGC.2022.318.19.34.59,PTGC,2022.318.19.34.59,2022-11-14T19:34:59.958393Z,3,"HHE,HHN,HHZ",15001,100.0,ok,
PTGC.2022.319.01.17.09,PTGC,2022.319.01.17.09,2022-11-15T01:17:09.688393Z,3,"HHE,HHN,HHZ",15001,100.0,ok,
PTGC.2022.319.02.16.30,PTGC,2022.319.02.16.30,2022-11-15T02:16:30.868393Z,3,"HHE,HHN,HHZ",15001,100.0,ok,
PTGC.2022.319.05.49.02,PTGC,2022.319.05.49.02,2022-11-15T05:49:02.318393Z,3,"HHE,HHN,HHZ",15001,100.0,ok,
PTGC.2022.319.08.15.03,PTGC,2022.319.08.15.03,2022-11-15T08:15:03.528393Z,3,"HHE,HHN,HHZ",15001,100.0,ok,
PTGC.2022.319.22.57.12,PTGC,2022.319.22.57.12,2022-11-15T22:57:12.408393Z,3,"HHE,HHN,HHZ",15001,100.0,ok,
PTGC.2022.320.00.56.52,PTGC,2022.320.00.56.52,2022-11-16T00:56:52.208393Z,3,"HHE,HHN,HHZ",15001,100.0,ok,
PTGC.2022.320.02.11.32,PTGC,2022.320.02.11.32,2022-11-16T02:11:32.508393Z,3,"HHE,HHN,HHZ",15001,100.0,ok,
PTGC.2022.320.09.16.32,PTGC,2022.320.09.16.32,2022-11-16T09:16:32.288391Z,3,"HHE,HHN,HHZ",15001,100.0,ok,
PTGC.2022.321.07.06.55,PTGC,2022.321.07.06.55,2022-11-17T07:06:55.368393Z,3,"HHE,HHN,HHZ",15001,100.0,ok,
PTGC.2022.321.11.52.21,PTGC,2022.321.11.52.21,2022-11-17T11:52:21.328393Z,3,"HHE,HHN,HHZ",15001,100.0,ok,
PTGC.2022.321.18.08.06,PTGC,2022.321.18.08.06,2022-11-17T18:08:06.718393Z,3,"HHE,HHN,HHZ",15001,100.0,ok,
PTGC.2022.321.20.38.03,PTGC,2022.321.20.38.03,2022-11-17T20:38:03.538393Z,3,"HHE,HHN,HHZ",15001,100.0,ok,
PTGC.2022.321.22.43.09,PTGC,2022.321.22.43.09,2022-11-17T22:43:09.798393Z,3,"HHE,HHN,HHZ",15001,100.0,ok,
PTGC.2022.322.15.28.57,PTGC,2022.322.15.28.57,2022-11-18T15:28:57.318393Z,3,"HHE,HHN,HHZ",15001,100.0,ok,
PTGC.2022.322.19.39.42,PTGC,2022.322.19.39.42,2022-11-18T19:39:42.128391Z,3,"HHE,HHN,HHZ",15001,100.0,ok,
PTGC.2022.323.05.45.54,PTGC,2022.323.05.45.54,2022-11-19T05:45:54.468393Z,3,"HHE,HHN,HHZ",15001,100.0,ok,
PTGC.2022.325.05.20.47,PTGC,2022.325.05.20.47,2022-11-21T05:20:47.248393Z,3,"HHE,HHN,HHZ",15001,100.0,ok,
PTGC.2022.326.04.12.05,PTGC,2022.326.04.12.05,2022-11-22T04:12:05.908393Z,3,"HHE,HHN,HHZ",15001,100.0,ok,
PTGC.2022.326.07.08.20,PTGC,2022.326.07.08.20,2022-11-22T07:08:20.388393Z,3,"HHE,HHN,HHZ",15001,100.0,ok,
PTGC.2022.326.07.12.37,PTGC,2022.326.07.12.37,2022-11-22T07:12:37.658393Z,3,"HHE,HHN,HHZ",15001,100.0,ok,
PTGC.2022.326.19.56.37,PTGC,2022.326.19.56.37,2022-11-22T19:56:37.038393Z,3,"HHE,HHN,HHZ",15001,100.0,ok,
PTGC.2022.327.17.51.35,PTGC,2022.327.17.51.35,2022-11-23T17:51:35.318391Z,3,"HHE,HHN,HHZ",15001,100.0,ok,
PTGC.2022.328.04.33.52,PTGC,2022.328.04.33.52,2022-11-24T04:33:52.618393Z,3,"HHE,HHN,HHZ",15001,100.0,ok,
PTGC.2022.328.10.10.04,PTGC,2022.328.10.10.04,2022-11-24T10:10:04.628393Z,3,"HHE,HHN,HHZ",15001,100.0,ok,
PTGC.2022.328.16.46.38,PTGC,2022.328.16.46.38,2022-11-24T16:46:38.268393Z,3,"HHE,HHN,HHZ",15001,100.0,ok,
PTGC.2022.328.22.59.08,PTGC,2022.328.22.59.08,2022-11-24T22:59:08.678393Z,3,"HHE,HHN,HHZ",15001,100.0,ok,
PTGC.2022.329.17.50.50,PTGC,2022.329.17.50.50,2022-11-25T17:50:50.468393Z,3,"HHE,HHN,HHZ",15001,100.0,ok,
PTGC.2022.329.22.39.52,PTGC,2022.329.22.39.52,2022-11-25T22:39:52.318391Z,3,"HHE,HHN,HHZ",15001,100.0,ok,
PTGC.2022.330.02.29.01,PTGC,2022.330.02.29.01,2022-11-26T02:29:01.558393Z,3,"HHE,HHN,HHZ",15001,100.0,ok,
PTGC.2022.330.09.48.21,PTGC,2022.330.09.48.21,2022-11-26T09:48:21.778393Z,3,"HHE,HHN,HHZ",15001,100.0,ok,
PTGC.2022.331.07.30.57,PTGC,2022.331.07.30.57,2022-11-27T07:30:57.908393Z,3,"HHE,HHN,HHZ",15001,100.0,ok,
PTGC.2022.331.07.58.21,PTGC,2022.331.07.58.21,2022-11-27T07:58:21.638393Z,3,"HHE,HHN,HHZ",15001,100.0,ok,
PTGC.2022.331.17.04.21,PTGC,2022.331.17.04.21,2022-11-27T17:04:21.218393Z,3,"HHE,HHN,HHZ",15001,100.0,ok,
PTGC.2022.333.04.19.59,PTGC,2022.333.04.19.59,2022-11-29T04:19:59.638393Z,3,"HHE,HHN,HHZ",15001,100.0,ok,
PTGC.2022.333.05.07.31,PTGC,2022.333.05.07.31,2022-11-29T05:07:31.328393Z,3,"HHE,HHN,HHZ",15001,100.0,ok,
PTGC.2022.333.11.28.03,PTGC,2022.333.11.28.03,2022-11-29T11:28:03.628393Z,3,"HHE,HHN,HHZ",15001,100.0,ok,
PTGC.2022.334.08.41.58,PTGC,2022.334.08.41.58,2022-11-30T08:41:58.658393Z,3,"HHE,HHN,HHZ",15001,100.0,ok,
PTGC.2022.334.09.28.23,PTGC,2022.334.09.28.23,2022-11-30T09:28:23.328393Z,3,"HHE,HHN,HHZ",15001,100.0,ok,
PTGC.2022.334.11.14.56,PTGC,2022.334.11.14.56,2022-11-30T11:14:56.508393Z,3,"HHE,HHN,HHZ",15001,100.0,ok,
PTGC.2022.335.16.32.09,PTGC,2022.335.16.32.09,2022-12-01T16:32:09.438391Z,3,"HHE,HHN,HHZ",15001,100.0,ok,
PTGC.2022.336.03.41.22,PTGC,2022.336.03.41.22,2022-12-02T03:41:22.388393Z,3,"HHE,HHN,HHZ",15001,100.0,ok,
PTGC.2022.336.14.05.55,PTGC,2022.336.14.05.55,2022-12-02T14:05:55.538391Z,3,"HHE,HHN,HHZ",15001,100.0,ok,
PTGC.2022.337.08.12.39,PTGC,2022.337.08.12.39,2022-12-03T08:12:39.078393Z,3,"HHE,HHN,HHZ",15001,100.0,ok,
PTGC.2022.337.10.46.58,PTGC,2022.337.10.46.58,2022-12-03T10:46:58.478393Z,3,"HHE,HHN,HHZ",15001,100.0,ok,
PTGC.2022.337.15.30.06,PTGC,2022.337.15.30.06,2022-12-03T15:30:06.538393Z,3,"HHE,HHN,HHZ",15001,100.0,ok,
PTGC.2022.337.22.53.28,PTGC,2022.337.22.53.28,2022-12-03T22:53:28.448393Z,3,"HHE,HHN,HHZ",15001,100.0,ok,
PTGC.2022.338.16.20.35,PTGC,2022.338.16.20.35,2022-12-04T16:20:35.518393Z,3,"HHE,HHN,HHZ",15001,100.0,ok,
PTGC.2022.338.20.55.29,PTGC,2022.338.20.55.29,2022-12-04T20:55:29.048393Z,3,"HHE,HHN,HHZ",15001,100.0,ok,
PTGC.2022.339.01.00.27,PTGC,2022.339.01.00.27,2022-12-05T01:00:27.558393Z,3,"HHE,HHN,HHZ",15001,100.0,ok,
PTGC.2022.339.04.12.05,PTGC,2022.339.04.12.05,2022-12-05T04:12:05.448393Z,3,"HHE,HHN,HHZ",15001,100.0,ok,
PTGC.2022.339.05.53.49,PTGC,2022.339.05.53.49,2022-12-05T05:53:49.818393Z,3,"HHE,HHN,HHZ",15001,100.0,ok,
PTGC.2022.339.13.37.24,PTGC,2022.339.13.37.24,2022-12-05T13:37:24.498393Z,3,"HHE,HHN,HHZ",15001,100.0,ok,
PTGC.2022.339.23.53.41,PTGC,2022.339.23.53.41,2022-12-05T23:53:41.748393Z,3,"HHE,HHN,HHZ",15001,100.0,ok,
PTGC.2022.339.23.53.42,PTGC,2022.339.23.53.42,2022-12-05T23:53:42.838393Z,3,"HHE,HHN,HHZ",15001,100.0,ok,
PTGC.2022.340.07.43.40,PTGC,2022.340.07.43.40,2022-12-06T07:43:40.948393Z,3,"HHE,HHN,HHZ",15001,100.0,ok,
PTGC.2022.340.20.02.57,PTGC,2022.340.20.02.57,2022-12-06T20:02:57.838393Z,3,"HHE,HHN,HHZ",15001,100.0,ok,
PTGC.2022.340.20.59.55,PTGC,2022.340.20.59.55,2022-12-06T20:59:55.188393Z,3,"HHE,HHN,HHZ",15001,100.0,ok,
PTGC.2022.341.11.26.21,PTGC,2022.341.11.26.21,2022-12-07T11:26:21.238393Z,3,"HHE,HHN,HHZ",15001,100.0,ok,
PTGC.2022.341.22.17.41,PTGC,2022.341.22.17.41,2022-12-07T22:17:41.968393Z,3,"HHE,HHN,HHZ",15001,100.0,ok,
PTGC.2022.342.23.19.54,PTGC,2022.342.23.19.54,2022-12-08T23:19:54.638393Z,3,"HHE,HHN,HHZ",15001,100.0,ok,
PTGC.2022.342.23.23.04,PTGC,2022.342.23.23.04,2022-12-08T23:23:04.038393Z,3,"HHE,HHN,HHZ",15001,100.0,ok,
PTGC.2022.343.10.17.06,PTGC,2022.343.10.17.06,2022-12-09T10:17:06.808393Z,3,"HHE,HHN,HHZ",15001,100.0,ok,
PTGC.2022.344.08.47.36,PTGC,2022.344.08.47.36,2022-12-10T08:47:36.118393Z,3,"HHE,HHN,HHZ",15001,100.0,ok,
PTGC.2022.344.09.58.55,PTGC,2022.344.09.58.55,2022-12-10T09:58:55.158393Z,3,"HHE,HHN,HHZ",15001,100.0,ok,
PTGC.2022.344.22.27.02,PTGC,2022.344.22.27.02,2022-12-10T22:27:02.798393Z,3,"HHE,HHN,HHZ",15001,100.0,ok,
PTGC.2022.345.03.51.03,PTGC,2022.345.03.51.03,2022-12-11T03:51:03.788393Z,3,"HHE,HHN,HHZ",15001,100.0,ok,
PTGC.2022.345.05.57.35,PTGC,2022.345.05.57.35,2022-12-11T05:57:35.808391Z,3,"HHE,HHN,HHZ",15001,100.0,ok,
PTGC.2022.345.06.36.52,PTGC,2022.345.06.36.52,2022-12-11T06:36:52.068393Z,3,"HHE,HHN,HHZ",15001,100.0,ok,
PTGC.2022.345.12.41.46,PTGC,2022.345.12.41.46,2022-12-11T12:41:46.058394Z,3,"HHE,HHN,HHZ",15001,100.0,ok,
PTGC.2022.345.21.47.38,PTGC,2022.345.21.47.38,2022-12-11T21:47:38.908393Z,3,"HHE,HHN,HHZ",15001,100.0,ok,
PTGC.2022.346.21.00.25,PTGC,2022.346.21.00.25,2022-12-12T21:00:25.518393Z,3,"HHE,HHN,HHZ",15001,100.0,ok,
PTGC.2022.347.07.00.53,PTGC,2022.347.07.00.53,2022-12-13T07:00:53.988393Z,3,"HHE,HHN,HHZ",15001,100.0,ok,
PTGC.2022.348.07.04.39,PTGC,2022.348.07.04.39,2022-12-14T07:04:39.678393Z,3,"HHE,HHN,HHZ",15001,100.0,ok,
PTGC.2022.348.17.39.09,PTGC,2022.348.17.39.09,2022-12-14T17:39:09.168393Z,3,"HHE,HHN,HHZ",15001,100.0,ok,
PTGC.2022.348.19.24.27,PTGC,2022.348.19.24.27,2022-12-14T19:24:27.238393Z,3,"HHE,HHN,HHZ",15001,100.0,ok,
PTGC.2022.348.19.33.57,PTGC,2022.348.19.33.57,2022-12-14T19:33:57.308391Z,3,"HHE,HHN,HHZ",15001,100.0,ok,
PTGC.2022.349.07.27.47,PTGC,2022.349.07.27.47,2022-12-15T07:27:47.558393Z,3,"HHE,HHN,HHZ",15001,100.0,ok,
PTGC.2022.349.09.25.37,PTGC,2022.349.09.25.37,2022-12-15T09:25:37.478391Z,3,"HHE,HHN,HHZ",15001,100.0,ok,
PTGC.2022.349.18.10.04,PTGC,2022.349.18.10.04,2022-12-15T18:10:04.328391Z,3,"HHE,HHN,HHZ",15001,100.0,ok,
PTGC.2022.349.18.47.09,PTGC,2022.349.18.47.09,2022-12-15T18:47:09.928393Z,3,"HHE,HHN,HHZ",15001,100.0,ok,
PTGC.2022.350.06.03.59,PTGC,2022.350.06.03.59,2022-12-16T06:03:59.368393Z,3,"HHE,HHN,HHZ",15001,100.0,ok,
PTGC.2022.350.12.27.30,PTGC,2022.350.12.27.30,2022-12-16T12:27:30.618393Z,3,"HHE,HHN,HHZ",15001,100.0,ok,
PTGC.2022.350.17.14.12,PTGC,2022.350.17.14.12,2022-12-16T17:14:12.138393Z,3,"HHE,HHN,HHZ",15001,100.0,ok,
PTGC.2022.351.08.48.18,PTGC,2022.351.08.48.18,2022-12-17T08:48:18.068393Z,3,"HHE,HHN,HHZ",15001,100.0,ok,
PTGC.2022.351.18.05.38,PTGC,2022.351.18.05.38,2022-12-17T18:05:38.038393Z,3,"HHE,HHN,HHZ",15001,100.0,ok,
PTGC.2022.352.00.02.05,PTGC,2022.352.00.02.05,2022-12-18T00:02:05.018393Z,3,"HHE,HHN,HHZ",15001,100.0,ok,
PTGC.2022.352.04.43.50,PTGC,2022.352.04.43.50,2022-12-18T04:43:50.368393Z,3,"HHE,HHN,HHZ",15001,100.0,ok,
PTGC.2022.352.05.07.56,PTGC,2022.352.05.07.56,2022-12-18T05:07:56.488393Z,3,"HHE,HHN,HHZ",15001,100.0,ok,
PTGC.2022.352.14.51.31,PTGC,2022.352.14.51.31,2022-12-18T14:51:31.318393Z,3,"HHE,HHN,HHZ",15001,100.0,ok,
PTGC.2022.352.15.51.03,PTGC,2022.352.15.51.03,2022-12-18T15:51:03.808393Z,3,"HHE,HHN,HHZ",15001,100.0,ok,
PTGC.2022.352.17.17.48,PTGC,2022.352.17.17.48,2022-12-18T17:17:48.668393Z,3,"HHE,HHN,HHZ",15001,100.0,ok,
PTGC.2022.352.17.46.43,PTGC,2022.352.17.46.43,2022-12-18T17:46:43.328393Z,3,"HHE,HHN,HHZ",15001,100.0,ok,
PTGC.2022.353.03.14.50,PTGC,2022.353.03.14.50,2022-12-19T03:14:50.998393Z,3,"HHE,HHN,HHZ",15001,100.0,ok,
PTGC.2022.354.12.58.26,PTGC,2022.354.12.58.26,2022-12-20T12:58:26.488393Z,3,"HHE,HHN,HHZ",15001,100.0,ok,
PTGC.2022.354.20.13.08,PTGC,2022.354.20.13.08,2022-12-20T20:13:08.328393Z,3,"HHE,HHN,HHZ",15001,100.0,ok,
PTGC.2022.354.20.55.37,PTGC,2022.354.20.55.37,2022-12-20T20:55:37.698393Z,3,"HHE,HHN,HHZ",15001,100.0,ok,
PTGC.2022.354.22.21.22,PTGC,2022.354.22.21.22,2022-12-20T22:21:22.628393Z,3,"HHE,HHN,HHZ",15001,100.0,ok,
PTGC.2022.355.02.19.02,PTGC,2022.355.02.19.02,2022-12-21T02:19:02.498393Z,3,"HHE,HHN,HHZ",15001,100.0,ok,
PTGC.2022.355.02.26.05,PTGC,2022.355.02.26.05,2022-12-21T02:26:05.698393Z,3,"HHE,HHN,HHZ",15001,100.0,ok,
PTGC.2022.355.07.57.57,PTGC,2022.355.07.57.57,2022-12-21T07:57:57.298393Z,3,"HHE,HHN,HHZ",15001,100.0,ok,
PTGC.2022.355.18.14.05,PTGC,2022.355.18.14.05,2022-12-21T18:14:05.968391Z,3,"HHE,HHN,HHZ",15001,100.0,ok,
PTGC.2022.356.00.18.10,PTGC,2022.356.00.18.10,2022-12-22T00:18:10.238393Z,3,"HHE,HHN,HHZ",15001,100.0,ok,
PTGC.2022.357.07.10.16,PTGC,2022.357.07.10.16,2022-12-23T07:10:16.068393Z,3,"HHE,HHN,HHZ",15001,100.0,ok,
PTGC.2022.357.15.55.03,PTGC,2022.357.15.55.03,2022-12-23T15:55:03.918393Z,3,"HHE,HHN,HHZ",15001,100.0,ok,
PTGC.2022.358.02.41.22,PTGC,2022.358.02.41.22,2022-12-24T02:41:22.788391Z,3,"HHE,HHN,HHZ",15001,100.0,ok,
PTGC.2022.358.07.12.49,PTGC,2022.358.07.12.49,2022-12-24T07:12:49.458393Z,3,"HHE,HHN,HHZ",15001,100.0,ok,
PTGC.2022.358.18.39.53,PTGC,2022.358.18.39.53,2022-12-24T18:39:53.868393Z,3,"HHE,HHN,HHZ",15001,100.0,ok,
PTGC.2022.358.23.29.47,PTGC,2022.358.23.29.47,2022-12-24T23:29:47.358393Z,3,"HHE,HHN,HHZ",15001,100.0,ok,
PTGC.2022.359.00.36.14,PTGC,2022.359.00.36.14,2022-12-25T00:36:14.538393Z,3,"HHE,HHN,HHZ",15001,100.0,ok,
PTGC.2022.359.01.21.09,PTGC,2022.359.01.21.09,2022-12-25T01:21:09.488393Z,3,"HHE,HHN,HHZ",15001,100.0,ok,
PTGC.2022.359.03.09.34,PTGC,2022.359.03.09.34,2022-12-25T03:09:34.598393Z,3,"HHE,HHN,HHZ",15001,100.0,ok,
PTGC.2022.359.08.28.03,PTGC,2022.359.08.28.03,2022-12-25T08:28:03.448393Z,3,"HHE,HHN,HHZ",15001,100.0,ok,
PTGC.2022.359.12.09.57,PTGC,2022.359.12.09.57,2022-12-25T12:09:57.408393Z,3,"HHE,HHN,HHZ",15001,100.0,ok,
PTGC.2022.360.01.52.35,PTGC,2022.360.01.52.35,2022-12-26T01:52:35.818393Z,3,"HHE,HHN,HHZ",15001,100.0,ok,
PTGC.2022.360.12.47.28,PTGC,2022.360.12.47.28,2022-12-26T12:47:28.948393Z,3,"HHE,HHN,HHZ",15001,100.0,ok,
PTGC.2022.362.00.38.26,PTGC,2022.362.00.38.26,2022-12-28T00:38:26.288393Z,3,"HHE,HHN,HHZ",15000,100.0,discarded,too_short
PTGC.2022.362.01.33.43,PTGC,2022.362.01.33.43,2022-12-28T01:33:43.238393Z,3,"HHE,HHN,HHZ",15001,100.0,ok,
PTGC.2022.362.04.35.42,PTGC,2022.362.04.35.42,2022-12-28T04:35:42.948393Z,3,"HHE,HHN,HHZ",15001,100.0,ok,
PTGC.2022.362.09.19.18,PTGC,2022.362.09.19.18,2022-12-28T09:19:18.378391Z,3,"HHE,HHN,HHZ",15001,100.0,ok,
PTGC.2022.362.09.26.44,PTGC,2022.362.09.26.44,2022-12-28T09:26:44.268393Z,3,"HHE,HHN,HHZ",15001,100.0,ok,
PTGC.2022.363.02.33.17,PTGC,2022.363.02.33.17,2022-12-29T02:33:17.228393Z,3,"HHE,HHN,HHZ",15001,100.0,ok,
PTGC.2022.363.10.01.39,PTGC,2022.363.10.01.39,2022-12-29T10:01:39.368393Z,3,"HHE,HHN,HHZ",15001,100.0,ok,
PTGC.2022.364.00.24.03,PTGC,2022.364.00.24.03,2022-12-30T00:24:03.428393Z,3,"HHE,HHN,HHZ",15001,100.0,ok,
PTGC.2022.364.18.06.56,PTGC,2022.364.18.06.56,2022-12-30T18:06:56.878393Z,3,"HHE,HHN,HHZ",15001,100.0,ok,
PTGC.2022.364.22.00.03,PTGC,2022.364.22.00.03,2022-12-30T22:00:03.378391Z,3,"HHE,HHN,HHZ",15001,100.0,ok,
PTGC.2022.365.07.02.12,PTGC,2022.365.07.02.12,2022-12-31T07:02:12.978393Z,3,"HHE,HHN,HHZ",15001,100.0,ok,
PTGC.2022.365.11.13.06,PTGC,2022.365.11.13.06,2022-12-31T11:13:06.048393Z,3,"HHE,HHN,HHZ",15001,100.0,ok,
PTGC.2023.001.00.04.29,PTGC,2023.001.00.04.29,2023-01-01T00:04:29.228393Z,3,"HHE,HHN,HHZ",15001,100.0,ok,
PTGC.2023.001.00.45.20,PTGC,2023.001.00.45.20,2023-01-01T00:45:20.058393Z,3,"HHE,HHN,HHZ",15001,100.0,ok,
PTGC.2023.001.05.50.25,PTGC,2023.001.05.50.25,2023-01-01T05:50:25.948393Z,3,"HHE,HHN,HHZ",15001,100.0,ok,
PTGC.2023.002.02.45.11,PTGC,2023.002.02.45.11,2023-01-02T02:45:11.598393Z,3,"HHE,HHN,HHZ",15001,100.0,ok,
PTGC.2023.002.09.19.24,PTGC,2023.002.09.19.24,2023-01-02T09:19:24.948393Z,3,"HHE,HHN,HHZ",15001,100.0,ok,
PTGC.2023.002.17.24.10,PTGC,2023.002.17.24.10,2023-01-02T17:24:10.028393Z,3,"HHE,HHN,HHZ",15001,100.0,ok,
PTGC.2023.003.18.00.38,PTGC,2023.003.18.00.38,2023-01-03T18:00:38.698393Z,3,"HHE,HHN,HHZ",15001,100.0,ok,
PTGC.2023.004.11.28.02,PTGC,2023.004.11.28.02,2023-01-04T11:28:02.848393Z,3,"HHE,HHN,HHZ",15001,100.0,ok,
PTGC.2023.004.22.22.29,PTGC,2023.004.22.22.29,2023-01-04T22:22:29.698393Z,3,"HHE,HHN,HHZ",15001,100.0,ok,
PTGC.2023.005.03.46.15,PTGC,2023.005.03.46.15,2023-01-05T03:46:15.788393Z,3,"HHE,HHN,HHZ",15001,100.0,ok,
PTGC.2023.005.15.26.24,PTGC,2023.005.15.26.24,2023-01-05T15:26:24.088393Z,3,"HHE,HHN,HHZ",15001,100.0,ok,
PTGC.2023.006.01.21.45,PTGC,2023.006.01.21.45,2023-01-06T01:21:45.868393Z,3,"HHE,HHN,HHZ",15001,100.0,ok,
PTGC.2023.006.01.55.45,PTGC,2023.006.01.55.45,2023-01-06T01:55:45.578393Z,3,"HHE,HHN,HHZ",15001,100.0,ok,
PTGC.2023.006.04.37.17,PTGC,2023.006.04.37.17,2023-01-06T04:37:17.958393Z,3,"HHE,HHN,HHZ",15001,100.0,ok,
PTGC.2023.006.05.32.54,PTGC,2023.006.05.32.54,2023-01-06T05:32:54.168393Z,3,"HHE,HHN,HHZ",15001,100.0,ok,
PTGC.2023.006.08.59.17,PTGC,2023.006.08.59.17,2023-01-06T08:59:17.298393Z,3,"HHE,HHN,HHZ",15001,100.0,ok,
PTGC.2023.006.13.51.59,PTGC,2023.006.13.51.59,2023-01-06T13:51:59.178393Z,3,"HHE,HHN,HHZ",15001,100.0,ok,
PTGC.2023.006.19.33.01,PTGC,2023.006.19.33.01,2023-01-06T19:33:01.428393Z,3,"HHE,HHN,HHZ",15001,100.0,ok,
PTGC.2023.008.00.25.01,PTGC,2023.008.00.25.01,2023-01-08T00:25:01.328393Z,3,"HHE,HHN,HHZ",15001,100.0,ok,
PTGC.2023.008.01.12.15,PTGC,2023.008.01.12.15,2023-01-08T01:12:15.038393Z,3,"HHE,HHN,HHZ",15001,100.0,ok,
PTGC.2023.008.07.47.21,PTGC,2023.008.07.47.21,2023-01-08T07:47:21.448393Z,3,"HHE,HHN,HHZ",15001,100.0,ok,
PTGC.2023.008.11.54.33,PTGC,2023.008.11.54.33,2023-01-08T11:54:33.008393Z,3,"HHE,HHN,HHZ",15001,100.0,ok,
PTGC.2023.008.13.03.52,PTGC,2023.008.13.03.52,2023-01-08T13:03:52.398393Z,3,"HHE,HHN,HHZ",15001,100.0,ok,
PTGC.2023.008.18.30.38,PTGC,2023.008.18.30.38,2023-01-08T18:30:38.418393Z,3,"HHE,HHN,HHZ",15001,100.0,ok,
PTGC.2023.009.08.30.13,PTGC,2023.009.08.30.13,2023-01-09T08:30:13.078393Z,3,"HHE,HHN,HHZ",15001,100.0,ok,
PTGC.2023.009.15.54.48,PTGC,2023.009.15.54.48,2023-01-09T15:54:48.648391Z,3,"HHE,HHN,HHZ",15001,100.0,ok,
PTGC.2023.009.18.19.48,PTGC,2023.009.18.19.48,2023-01-09T18:19:48.108393Z,3,"HHE,HHN,HHZ",15001,100.0,ok,
PTGC.2023.009.21.34.42,PTGC,2023.009.21.34.42,2023-01-09T21:34:42.648393Z,3,"HHE,HHN,HHZ",15001,100.0,ok,
PTGC.2023.009.23.02.12,PTGC,2023.009.23.02.12,2023-01-09T23:02:12.238394Z,3,"HHE,HHN,HHZ",15001,100.0,ok,
PTGC.2023.010.14.05.42,PTGC,2023.010.14.05.42,2023-01-10T14:05:42.368393Z,3,"HHE,HHN,HHZ",15001,100.0,ok,
PTGC.2023.010.16.27.03,PTGC,2023.010.16.27.03,2023-01-10T16:27:03.258393Z,3,"HHE,HHN,HHZ",15001,100.0,ok,
PTGC.2023.011.02.39.23,PTGC,2023.011.02.39.23,2023-01-11T02:39:23.998391Z,3,"HHE,HHN,HHZ",15001,100.0,ok,
PTGC.2023.011.14.13.52,PTGC,2023.011.14.13.52,2023-01-11T14:13:52.378393Z,3,"HHE,HHN,HHZ",15001,100.0,ok,
PTGC.2023.011.23.00.14,PTGC,2023.011.23.00.14,2023-01-11T23:00:14.038393Z,3,"HHE,HHN,HHZ",15001,100.0,ok,
PTGC.2023.012.05.04.39,PTGC,2023.012.05.04.39,2023-01-12T05:04:39.288393Z,3,"HHE,HHN,HHZ",15001,100.0,ok,
PTGC.2023.012.07.22.50,PTGC,2023.012.07.22.50,2023-01-12T07:22:50.378393Z,3,"HHE,HHN,HHZ",15001,100.0,ok,
PTGC.2023.012.08.42.16,PTGC,2023.012.08.42.16,2023-01-12T08:42:16.588393Z,3,"HHE,HHN,HHZ",15001,100.0,ok,
PTGC.2023.012.15.40.13,PTGC,2023.012.15.40.13,2023-01-12T15:40:13.238393Z,3,"HHE,HHN,HHZ",15001,100.0,ok,
PTGC.2023.012.16.17.51,PTGC,2023.012.16.17.51,2023-01-12T16:17:51.018393Z,3,"HHE,HHN,HHZ",15001,100.0,ok,
PTGC.2023.014.08.20.45,PTGC,2023.014.08.20.45,2023-01-14T08:20:45.338393Z,3,"HHE,HHN,HHZ",15001,100.0,ok,
PTGC.2023.015.00.39.57,PTGC,2023.015.00.39.57,2023-01-15T00:39:57.628393Z,3,"HHE,HHN,HHZ",15001,100.0,ok,
PTGC.2023.015.00.51.30,PTGC,2023.015.00.51.30,2023-01-15T00:51:30.228393Z,3,"HHE,HHN,HHZ",15001,100.0,ok,
PTGC.2023.015.04.04.17,PTGC,2023.015.04.04.17,2023-01-15T04:04:17.838393Z,3,"HHE,HHN,HHZ",15001,100.0,ok,
PTGC.2023.015.05.44.48,PTGC,2023.015.05.44.48,2023-01-15T05:44:48.498391Z,3,"HHE,HHN,HHZ",15001,100.0,ok,
PTGC.2023.015.09.28.23,PTGC,2023.015.09.28.23,2023-01-15T09:28:23.788393Z,3,"HHE,HHN,HHZ",15001,100.0,ok,
PTGC.2023.015.13.36.37,PTGC,2023.015.13.36.37,2023-01-15T13:36:37.498394Z,3,"HHE,HHN,HHZ",15001,100.0,ok,
PTGC.2023.015.17.06.35,PTGC,2023.015.17.06.35,2023-01-15T17:06:35.498393Z,3,"HHE,HHN,HHZ",15001,100.0,ok,
PTGC.2023.015.18.33.22,PTGC,2023.015.18.33.22,2023-01-15T18:33:22.698393Z,3,"HHE,HHN,HHZ",15001,100.0,ok,
PTGC.2023.015.21.28.48,PTGC,2023.015.21.28.48,2023-01-15T21:28:48.738393Z,3,"HHE,HHN,HHZ",15001,100.0,ok,
PTGC.2023.015.21.34.17,PTGC,2023.015.21.34.17,2023-01-15T21:34:17.078393Z,3,"HHE,HHN,HHZ",15001,100.0,ok,
PTGC.2023.016.10.33.05,PTGC,2023.016.10.33.05,2023-01-16T10:33:05.318393Z,3,"HHE,HHN,HHZ",15001,100.0,ok,
PTGC.2023.016.18.42.54,PTGC,2023.016.18.42.54,2023-01-16T18:42:54.788393Z,3,"HHE,HHN,HHZ",15001,100.0,ok,
PTGC.2023.109.15.10.51,PTGC,2023.109.15.10.51,2023-04-19T15:10:51.748393Z,3,"HHE,HHN,HHZ",15001,100.0,ok,
PTGC.2023.109.15.19.16,PTGC,2023.109.15.19.16,2023-04-19T15:19:16.058391Z,3,"HHE,HHN,HHZ",15001,100.0,ok,
PTGC.2023.109.15.57.19,PTGC,2023.109.15.57.19,2023-04-19T15:57:19.068691Z,3,"HHE,HHN,HHZ",15001,100.0,ok,
PTGC.2023.109.19.15.13,PTGC,2023.109.19.15.13,2023-04-19T19:15:13.168393Z,3,"HHE,HHN,HHZ",15001,100.0,ok,
PTGC.2023.110.01.08.44,PTGC,2023.110.01.08.44,2023-04-20T01:08:44.248393Z,3,"HHE,HHN,HHZ",15001,100.0,ok,
PTGC.2023.110.09.06.19,PTGC,2023.110.09.06.19,2023-04-20T09:06:19.388393Z,3,"HHE,HHN,HHZ",15001,100.0,ok,
PTGC.2023.110.19.48.36,PTGC,2023.110.19.48.36,2023-04-20T19:48:36.228393Z,3,"HHE,HHN,HHZ",15001,100.0,ok,
PTGC.2023.111.03.42.45,PTGC,2023.111.03.42.45,2023-04-21T03:42:45.338391Z,3,"HHE,HHN,HHZ",15001,100.0,ok,
PTGC.2023.111.07.43.55,PTGC,2023.111.07.43.55,2023-04-21T07:43:55.288393Z,3,"HHE,HHN,HHZ",15001,100.0,ok,
PTGC.2023.111.12.52.11,PTGC,2023.111.12.52.11,2023-04-21T12:52:11.598393Z,3,"HHE,HHN,HHZ",15001,100.0,ok,
PTGC.2023.112.10.53.02,PTGC,2023.112.10.53.02,2023-04-22T10:53:02.558393Z,3,"HHE,HHN,HHZ",15001,100.0,ok,
PTGC.2023.112.18.31.46,PTGC,2023.112.18.31.46,2023-04-22T18:31:46.148393Z,3,"HHE,HHN,HHZ",15001,100.0,ok,
PTGC.2023.112.19.49.13,PTGC,2023.112.19.49.13,2023-04-22T19:49:13.248393Z,3,"HHE,HHN,HHZ",15001,100.0,ok,
PTGC.2023.112.21.37.48,PTGC,2023.112.21.37.48,2023-04-22T21:37:48.378393Z,3,"HHE,HHN,HHZ",15001,100.0,ok,
PTGC.2023.113.05.40.24,PTGC,2023.113.05.40.24,2023-04-23T05:40:24.188391Z,3,"HHE,HHN,HHZ",15001,100.0,ok,
PTGC.2023.113.18.35.37,PTGC,2023.113.18.35.37,2023-04-23T18:35:37.558393Z,3,"HHE,HHN,HHZ",15001,100.0,ok,
PTGC.2023.114.00.37.18,PTGC,2023.114.00.37.18,2023-04-24T00:37:18.398393Z,3,"HHE,HHN,HHZ",15001,100.0,ok,
PTGC.2023.114.22.07.01,PTGC,2023.114.22.07.01,2023-04-24T22:07:01.358393Z,3,"HHE,HHN,HHZ",15001,100.0,ok,
PTGC.2023.115.06.51.01,PTGC,2023.115.06.51.01,2023-04-25T06:51:01.338393Z,3,"HHE,HHN,HHZ",15001,100.0,ok,
PTGC.2023.115.10.04.33,PTGC,2023.115.10.04.33,2023-04-25T10:04:33.308393Z,3,"HHE,HHN,HHZ",15001,100.0,ok,
PTGC.2023.116.07.27.13,PTGC,2023.116.07.27.13,2023-04-26T07:27:13.408393Z,3,"HHE,HHN,HHZ",15001,100.0,ok,
PTGC.2023.116.12.06.38,PTGC,2023.116.12.06.38,2023-04-26T12:06:38.578393Z,3,"HHE,HHN,HHZ",15001,100.0,ok,
PTGC.2023.118.00.58.47,PTGC,2023.118.00.58.47,2023-04-28T00:58:47.448393Z,3,"HHE,HHN,HHZ",15001,100.0,ok,
PTGC.2023.118.16.34.10,PTGC,2023.118.16.34.10,2023-04-28T16:34:10.578393Z,3,"HHE,HHN,HHZ",15001,100.0,ok,
PTGC.2023.119.07.26.29,PTGC,2023.119.07.26.29,2023-04-29T07:26:29.228393Z,3,"HHE,HHN,HHZ",15001,100.0,ok,
PTGC.2023.121.17.48.46,PTGC,2023.121.17.48.46,2023-05-01T17:48:46.328393Z,3,"HHE,HHN,HHZ",15001,100.0,ok,
PTGC.2023.122.14.51.33,PTGC,2023.122.14.51.33,2023-05-02T14:51:33.778393Z,3,"HHE,HHN,HHZ",15001,100.0,ok,
PTGC.2023.123.07.02.55,PTGC,2023.123.07.02.55,2023-05-03T07:02:55.428393Z,3,"HHE,HHN,HHZ",15001,100.0,ok,
PTGC.2023.123.19.34.35,PTGC,2023.123.19.34.35,2023-05-03T19:34:35.068393Z,3,"HHE,HHN,HHZ",15001,100.0,ok,
PTGC.2023.124.16.13.43,PTGC,2023.124.16.13.43,2023-05-04T16:13:43.908393Z,3,"HHE,HHN,HHZ",15001,100.0,ok,
PTGC.2023.125.10.19.45,PTGC,2023.125.10.19.45,2023-05-05T10:19:45.198393Z,3,"HHE,HHN,HHZ",15001,100.0,ok,
PTGC.2023.125.15.09.51,PTGC,2023.125.15.09.51,2023-05-05T15:09:51.788393Z,3,"HHE,HHN,HHZ",15001,100.0,ok,
PTGC.2023.125.15.48.15,PTGC,2023.125.15.48.15,2023-05-05T15:48:15.538393Z,3,"HHE,HHN,HHZ",15001,100.0,ok,
PTGC.2023.126.10.36.06,PTGC,2023.126.10.36.06,2023-05-06T10:36:06.308391Z,3,"HHE,HHN,HHZ",15001,100.0,ok,
PTGC.2023.126.12.32.27,PTGC,2023.126.12.32.27,2023-05-06T12:32:27.518393Z,3,"HHE,HHN,HHZ",15001,100.0,ok,
PTGC.2023.128.05.55.00,PTGC,2023.128.05.55.00,2023-05-08T05:55:00.918393Z,3,"HHE,HHN,HHZ",15001,100.0,ok,
PTGC.2023.128.22.43.39,PTGC,2023.128.22.43.39,2023-05-08T22:43:39.148393Z,3,"HHE,HHN,HHZ",15001,100.0,ok,
PTGC.2023.130.00.34.48,PTGC,2023.130.00.34.48,2023-05-10T00:34:48.468394Z,3,"HHE,HHN,HHZ",15001,100.0,ok,
PTGC.2023.130.21.07.14,PTGC,2023.130.21.07.14,2023-05-10T21:07:14.508393Z,3,"HHE,HHN,HHZ",15001,100.0,ok,
PTGC.2023.131.02.30.01,PTGC,2023.131.02.30.01,2023-05-11T02:30:01.528393Z,3,"HHE,HHN,HHZ",15001,100.0,ok,
PTGC.2023.131.02.50.22,PTGC,2023.131.02.50.22,2023-05-11T02:50:22.678393Z,3,"HHE,HHN,HHZ",15001,100.0,ok,
PTGC.2023.131.09.24.47,PTGC,2023.131.09.24.47,2023-05-11T09:24:47.348393Z,3,"HHE,HHN,HHZ",15001,100.0,ok,
PTGC.2023.131.09.46.48,PTGC,2023.131.09.46.48,2023-05-11T09:46:48.398393Z,3,"HHE,HHN,HHZ",15001,100.0,ok,
PTGC.2023.133.11.44.23,PTGC,2023.133.11.44.23,2023-05-13T11:44:23.468393Z,3,"HHE,HHN,HHZ",15001,100.0,ok,
PTGC.2023.133.15.12.17,PTGC,2023.133.15.12.17,2023-05-13T15:12:17.628393Z,3,"HHE,HHN,HHZ",15001,100.0,ok,
PTGC.2023.134.06.04.16,PTGC,2023.134.06.04.16,2023-05-14T06:04:16.888393Z,3,"HHE,HHN,HHZ",15001,100.0,ok,
PTGC.2023.134.13.25.06,PTGC,2023.134.13.25.06,2023-05-14T13:25:06.398393Z,3,"HHE,HHN,HHZ",15001,100.0,ok,
PTGC.2023.135.00.06.33,PTGC,2023.135.00.06.33,2023-05-15T00:06:33.938393Z,3,"HHE,HHN,HHZ",15001,100.0,ok,
PTGC.2023.135.01.20.01,PTGC,2023.135.01.20.01,2023-05-15T01:20:01.748393Z,3,"HHE,HHN,HHZ",15001,100.0,ok,
PTGC.2023.136.03.25.15,PTGC,2023.136.03.25.15,2023-05-16T03:25:15.958393Z,3,"HHE,HHN,HHZ",15001,100.0,ok,
PTGC.2023.136.03.43.48,PTGC,2023.136.03.43.48,2023-05-16T03:43:48.548394Z,3,"HHE,HHN,HHZ",15001,100.0,ok,
PTGC.2023.136.18.11.59,PTGC,2023.136.18.11.59,2023-05-16T18:11:59.628393Z,3,"HHE,HHN,HHZ",15001,100.0,ok,
PTGC.2023.137.01.52.49,PTGC,2023.137.01.52.49,2023-05-17T01:52:49.748393Z,3,"HHE,HHN,HHZ",15001,100.0,ok,
PTGC.2023.137.05.51.03,PTGC,2023.137.05.51.03,2023-05-17T05:51:03.858393Z,3,"HHE,HHN,HHZ",15001,100.0,ok,
PTGC.2023.137.08.38.13,PTGC,2023.137.08.38.13,2023-05-17T08:38:13.588393Z,3,"HHE,HHN,HHZ",15001,100.0,ok,
PTGC.2023.137.18.41.25,PTGC,2023.137.18.41.25,2023-05-17T18:41:25.948393Z,3,"HHE,HHN,HHZ",15001,100.0,ok,
PTGC.2023.138.02.15.11,PTGC,2023.138.02.15.11,2023-05-18T02:15:11.038393Z,3,"HHE,HHN,HHZ",15001,100.0,ok,
PTGC.2023.138.04.41.22,PTGC,2023.138.04.41.22,2023-05-18T04:41:22.128393Z,3,"HHE,HHN,HHZ",15001,100.0,ok,
PTGC.2023.138.22.49.18,PTGC,2023.138.22.49.18,2023-05-18T22:49:18.968393Z,3,"HHE,HHN,HHZ",15001,100.0,ok,
PTGC.2023.139.06.47.12,PTGC,2023.139.06.47.12,2023-05-19T06:47:12.068393Z,3,"HHE,HHN,HHZ",15001,100.0,ok,
PTGC.2023.139.07.04.00,PTGC,2023.139.07.04.00,2023-05-19T07:04:00.918393Z,3,"HHE,HHN,HHZ",15001,100.0,ok,
PTGC.2023.139.08.53.01,PTGC,2023.139.08.53.01,2023-05-19T08:53:01.288393Z,3,"HHE,HHN,HHZ",15001,100.0,ok,
PTGC.2023.140.00.20.51,PTGC,2023.140.00.20.51,2023-05-20T00:20:51.598393Z,3,"HHE,HHN,HHZ",15001,100.0,ok,
PTGC.2023.140.03.16.15,PTGC,2023.140.03.16.15,2023-05-20T03:16:15.578393Z,3,"HHE,HHN,HHZ",15001,100.0,ok,
PTGC.2023.140.13.43.50,PTGC,2023.140.13.43.50,2023-05-20T13:43:50.858393Z,3,"HHE,HHN,HHZ",15001,100.0,ok,
PTGC.2023.141.04.36.58,PTGC,2023.141.04.36.58,2023-05-21T04:36:58.568393Z,3,"HHE,HHN,HHZ",15001,100.0,ok,
PTGC.2023.141.05.10.45,PTGC,2023.141.05.10.45,2023-05-21T05:10:45.538393Z,3,"HHE,HHN,HHZ",15001,100.0,ok,
PTGC.2023.141.06.02.46,PTGC,2023.141.06.02.46,2023-05-21T06:02:46.298393Z,3,"HHE,HHN,HHZ",15001,100.0,ok,
PTGC.2023.141.06.48.05,PTGC,2023.141.06.48.05,2023-05-21T06:48:05.108393Z,3,"HHE,HHN,HHZ",15001,100.0,ok,
PTGC.2023.142.04.15.57,PTGC,2023.142.04.15.57,2023-05-22T04:15:57.198393Z,3,"HHE,HHN,HHZ",15001,100.0,ok,
PTGC.2023.142.14.44.42,PTGC,2023.142.14.44.42,2023-05-22T14:44:42.108393Z,3,"HHE,HHN,HHZ",15001,100.0,ok,
PTGC.2023.143.22.06.17,PTGC,2023.143.22.06.17,2023-05-23T22:06:17.348391Z,3,"HHE,HHN,HHZ",15001,100.0,ok,
PTGC.2023.144.07.52.52,PTGC,2023.144.07.52.52,2023-05-24T07:52:52.508393Z,3,"HHE,HHN,HHZ",15001,100.0,ok,
PTGC.2023.144.12.32.01,PTGC,2023.144.12.32.01,2023-05-24T12:32:01.898393Z,3,"HHE,HHN,HHZ",15001,100.0,ok,
PTGC.2023.144.12.43.30,PTGC,2023.144.12.43.30,2023-05-24T12:43:30.148393Z,3,"HHE,HHN,HHZ",15001,100.0,ok,
PTGC.2023.144.19.36.39,PTGC,2023.144.19.36.39,2023-05-24T19:36:39.188393Z,3,"HHE,HHN,HHZ",15001,100.0,ok,
PTGC.2023.145.00.54.13,PTGC,2023.145.00.54.13,2023-05-25T00:54:13.138393Z,3,"HHE,HHN,HHZ",15001,100.0,ok,
PTGC.2023.145.03.13.46,PTGC,2023.145.03.13.46,2023-05-25T03:13:46.648393Z,3,"HHE,HHN,HHZ",15001,100.0,ok,
PTGC.2023.146.01.24.55,PTGC,2023.146.01.24.55,2023-05-26T01:24:55.198393Z,3,"HHE,HHN,HHZ",15001,100.0,ok,
PTGC.2023.146.06.23.18,PTGC,2023.146.06.23.18,2023-05-26T06:23:18.888393Z,3,"HHE,HHN,HHZ",15001,100.0,ok,
PTGC.2023.146.11.33.17,PTGC,2023.146.11.33.17,2023-05-26T11:33:17.638393Z,3,"HHE,HHN,HHZ",15001,100.0,ok,
PTGC.2023.146.20.40.16,PTGC,2023.146.20.40.16,2023-05-26T20:40:16.648393Z,3,"HHE,HHN,HHZ",15001,100.0,ok,
PTGC.2023.146.21.13.42,PTGC,2023.146.21.13.42,2023-05-26T21:13:42.708393Z,3,"HHE,HHN,HHZ",15001,100.0,ok,
PTGC.2023.147.11.14.30,PTGC,2023.147.11.14.30,2023-05-27T11:14:30.298393Z,3,"HHE,HHN,HHZ",15001,100.0,ok,
PTGC.2023.147.22.40.31,PTGC,2023.147.22.40.31,2023-05-27T22:40:31.728393Z,3,"HHE,HHN,HHZ",15001,100.0,ok,
PTGC.2023.148.06.04.12,PTGC,2023.148.06.04.12,2023-05-28T06:04:12.898391Z,3,"HHE,HHN,HHZ",15001,100.0,ok,
PTGC.2023.148.10.44.19,PTGC,2023.148.10.44.19,2023-05-28T10:44:19.388394Z,3,"HHE,HHN,HHZ",15001,100.0,ok,
PTGC.2023.148.20.53.32,PTGC,2023.148.20.53.32,2023-05-28T20:53:32.108393Z,3,"HHE,HHN,HHZ",15001,100.0,ok,
PTGC.2023.149.19.21.35,PTGC,2023.149.19.21.35,2023-05-29T19:21:35.978393Z,3,"HHE,HHN,HHZ",15001,100.0,ok,
PTGC.2023.149.20.29.14,PTGC,2023.149.20.29.14,2023-05-29T20:29:14.558391Z,3,"HHE,HHN,HHZ",15001,100.0,ok,
PTGC.2023.149.22.50.00,PTGC,2023.149.22.50.00,2023-05-29T22:50:00.088393Z,3,"HHE,HHN,HHZ",15001,100.0,ok,
PTGC.2023.150.09.12.51,PTGC,2023.150.09.12.51,2023-05-30T09:12:51.128393Z,3,"HHE,HHN,HHZ",15001,100.0,ok,
PTGC.2023.151.01.07.53,PTGC,2023.151.01.07.53,2023-05-31T01:07:53.558393Z,3,"HHE,HHN,HHZ",15001,100.0,ok,
PTGC.2023.151.12.39.34,PTGC,2023.151.12.39.34,2023-05-31T12:39:34.828393Z,3,"HHE,HHN,HHZ",15001,100.0,ok,
PTGC.2023.151.13.47.52,PTGC,2023.151.13.47.52,2023-05-31T13:47:52.338391Z,3,"HHE,HHN,HHZ",15001,100.0,ok,
PTGC.2023.152.03.50.02,PTGC,2023.152.03.50.02,2023-06-01T03:50:02.248393Z,3,"HHE,HHN,HHZ",15001,100.0,ok,
PTGC.2023.152.07.12.11,PTGC,2023.152.07.12.11,2023-06-01T07:12:11.288393Z,3,"HHE,HHN,HHZ",15001,100.0,ok,
PTGC.2023.152.07.29.22,PTGC,2023.152.07.29.22,2023-06-01T07:29:22.768393Z,3,"HHE,HHN,HHZ",15001,100.0,ok,
PTGC.2023.152.08.58.52,PTGC,2023.152.08.58.52,2023-06-01T08:58:52.678393Z,3,"HHE,HHN,HHZ",15001,100.0,ok,
PTGC.2023.152.15.50.19,PTGC,2023.152.15.50.19,2023-06-01T15:50:19.628393Z,3,"HHE,HHN,HHZ",15001,100.0,ok,
PTGC.2023.153.03.03.36,PTGC,2023.153.03.03.36,2023-06-02T03:03:36.938393Z,3,"HHE,HHN,HHZ",15001,100.0,ok,
PTGC.2023.153.07.49.09,PTGC,2023.153.07.49.09,2023-06-02T07:49:09.938393Z,3,"HHE,HHN,HHZ",15001,100.0,ok,
PTGC.2023.153.16.42.12,PTGC,2023.153.16.42.12,2023-06-02T16:42:12.248393Z,3,"HHE,HHN,HHZ",15001,100.0,ok,
PTGC.2023.154.13.32.39,PTGC,2023.154.13.32.39,2023-06-03T13:32:39.488393Z,3,"HHE,HHN,HHZ",15001,100.0,ok,
PTGC.2023.154.17.49.05,PTGC,2023.154.17.49.05,2023-06-03T17:49:05.248393Z,3,"HHE,HHN,HHZ",15001,100.0,ok,
PTGC.2023.154.18.27.19,PTGC,2023.154.18.27.19,2023-06-03T18:27:19.768393Z,3,"HHE,HHN,HHZ",15001,100.0,ok,
PTGC.2023.156.15.31.50,PTGC,2023.156.15.31.50,2023-06-05T15:31:50.668393Z,3,"HHE,HHN,HHZ",15001,100.0,ok,
PTGC.2023.156.17.42.31,PTGC,2023.156.17.42.31,2023-06-05T17:42:31.078393Z,3,"HHE,HHN,HHZ",15001,100.0,ok,
PTGC.2023.158.10.07.25,PTGC,2023.158.10.07.25,2023-06-07T10:07:25.608393Z,3,"HHE,HHN,HHZ",15001,100.0,ok,
PTGC.2023.158.14.10.00,PTGC,2023.158.14.10.00,2023-06-07T14:10:00.488393Z,3,"HHE,HHN,HHZ",15001,100.0,ok,
PTGC.2023.158.14.33.25,PTGC,2023.158.14.33.25,2023-06-07T14:33:25.378393Z,3,"HHE,HHN,HHZ",15001,100.0,ok,
PTGC.2023.158.14.46.35,PTGC,2023.158.14.46.35,2023-06-07T14:46:35.308393Z,3,"HHE,HHN,HHZ",15001,100.0,ok,
PTGC.2023.158.19.02.13,PTGC,2023.158.19.02.13,2023-06-07T19:02:13.388393Z,3,"HHE,HHN,HHZ",15001,100.0,ok,
PTGC.2023.159.00.22.20,PTGC,2023.159.00.22.20,2023-06-08T00:22:20.008393Z,3,"HHE,HHN,HHZ",15001,100.0,ok,
PTGC.2023.159.18.22.45,PTGC,2023.159.18.22.45,2023-06-08T18:22:45.108393Z,3,"HHE,HHN,HHZ",15001,100.0,ok,
PTGC.2023.159.20.14.12,PTGC,2023.159.20.14.12,2023-06-08T20:14:12.798393Z,3,"HHE,HHN,HHZ",15001,100.0,ok,
PTGC.2023.159.21.54.32,PTGC,2023.159.21.54.32,2023-06-08T21:54:32.308393Z,3,"HHE,HHN,HHZ",15001,100.0,ok,
PTGC.2023.160.03.08.26,PTGC,2023.160.03.08.26,2023-06-09T03:08:26.238391Z,3,"HHE,HHN,HHZ",15001,100.0,ok,
PTGC.2023.160.13.51.23,PTGC,2023.160.13.51.23,2023-06-09T13:51:23.628393Z,3,"HHE,HHN,HHZ",15001,100.0,ok,
PTGC.2023.161.00.33.35,PTGC,2023.161.00.33.35,2023-06-10T00:33:35.568393Z,3,"HHE,HHN,HHZ",15001,100.0,ok,
PTGC.2023.161.21.28.58,PTGC,2023.161.21.28.58,2023-06-10T21:28:58.318393Z,3,"HHE,HHN,HHZ",15001,100.0,ok,
PTGC.2023.161.22.00.44,PTGC,2023.161.22.00.44,2023-06-10T22:00:44.438393Z,3,"HHE,HHN,HHZ",15001,100.0,ok,
PTGC.2023.161.22.17.53,PTGC,2023.161.22.17.53,2023-06-10T22:17:53.108393Z,3,"HHE,HHN,HHZ",15001,100.0,ok,
PTGC.2023.162.01.44.13,PTGC,2023.162.01.44.13,2023-06-11T01:44:13.788394Z,3,"HHE,HHN,HHZ",15001,100.0,ok,
PTGC.2023.162.02.38.33,PTGC,2023.162.02.38.33,2023-06-11T02:38:33.598393Z,3,"HHE,HHN,HHZ",15001,100.0,ok,
PTGC.2023.162.03.57.25,PTGC,2023.162.03.57.25,2023-06-11T03:57:25.608393Z,3,"HHE,HHN,HHZ",15001,100.0,ok,
PTGC.2023.162.10.04.36,PTGC,2023.162.10.04.36,2023-06-11T10:04:36.008393Z,3,"HHE,HHN,HHZ",15001,100.0,ok,
PTGC.2023.162.14.26.30,PTGC,2023.162.14.26.30,2023-06-11T14:26:30.748393Z,3,"HHE,HHN,HHZ",15001,100.0,ok,
PTGC.2023.163.11.41.00,PTGC,2023.163.11.41.00,2023-06-12T11:41:00.468393Z,3,"HHE,HHN,HHZ",15001,100.0,ok,
PTGC.2023.164.11.06.04,PTGC,2023.164.11.06.04,2023-06-13T11:06:04.918393Z,3,"HHE,HHN,HHZ",15001,100.0,ok,
PTGC.2023.164.18.25.04,PTGC,2023.164.18.25.04,2023-06-13T18:25:04.048393Z,3,"HHE,HHN,HHZ",15001,100.0,ok,
PTGC.2023.165.22.01.25,PTGC,2023.165.22.01.25,2023-06-14T22:01:25.688393Z,3,"HHE,HHN,HHZ",15001,100.0,ok,
PTGC.2023.165.22.37.40,PTGC,2023.165.22.37.40,2023-06-14T22:37:40.078393Z,3,"HHE,HHN,HHZ",15001,100.0,ok,
PTGC.2023.167.03.37.59,PTGC,2023.167.03.37.59,2023-06-16T03:37:59.808393Z,3,"HHE,HHN,HHZ",15001,100.0,ok,
PTGC.2023.167.16.49.12,PTGC,2023.167.16.49.12,2023-06-16T16:49:12.978393Z,3,"HHE,HHN,HHZ",15001,100.0,ok,
PTGC.2023.168.11.32.27,PTGC,2023.168.11.32.27,2023-06-17T11:32:27.978393Z,3,"HHE,HHN,HHZ",15001,100.0,ok,
PTGC.2023.169.01.21.19,PTGC,2023.169.01.21.19,2023-06-18T01:21:19.968393Z,3,"HHE,HHN,HHZ",15001,100.0,ok,
PTGC.2023.169.03.11.42,PTGC,2023.169.03.11.42,2023-06-18T03:11:42.848393Z,3,"HHE,HHN,HHZ",15001,100.0,ok,
PTGC.2023.169.10.51.17,PTGC,2023.169.10.51.17,2023-06-18T10:51:17.488393Z,3,"HHE,HHN,HHZ",15001,100.0,ok,
PTGC.2023.169.17.14.20,PTGC,2023.169.17.14.20,2023-06-18T17:14:20.458393Z,3,"HHE,HHN,HHZ",15001,100.0,ok,
PTGC.2023.169.20.14.19,PTGC,2023.169.20.14.19,2023-06-18T20:14:19.918393Z,3,"HHE,HHN,HHZ",15001,100.0,ok,
PTGC.2023.171.18.21.52,PTGC,2023.171.18.21.52,2023-06-20T18:21:52.958393Z,3,"HHE,HHN,HHZ",15001,100.0,ok,
PTGC.2023.172.02.30.41,PTGC,2023.172.02.30.41,2023-06-21T02:30:41.618393Z,3,"HHE,HHN,HHZ",15001,100.0,ok,
PTGC.2023.172.07.54.44,PTGC,2023.172.07.54.44,2023-06-21T07:54:44.028393Z,3,"HHE,HHN,HHZ",15001,100.0,ok,
PTGC.2023.172.11.24.55,PTGC,2023.172.11.24.55,2023-06-21T11:24:55.508391Z,3,"HHE,HHN,HHZ",15001,100.0,ok,
PTGC.2023.172.15.12.05,PTGC,2023.172.15.12.05,2023-06-21T15:12:05.398393Z,3,"HHE,HHN,HHZ",15001,100.0,ok,
PTGC.2023.172.16.31.06,PTGC,2023.172.16.31.06,2023-06-21T16:31:06.268393Z,3,"HHE,HHN,HHZ",15001,100.0,ok,
PTGC.2023.172.16.56.06,PTGC,2023.172.16.56.06,2023-06-21T16:56:06.748393Z,3,"HHE,HHN,HHZ",15001,100.0,ok,
PTGC.2023.172.23.58.22,PTGC,2023.172.23.58.22,2023-06-21T23:58:22.518393Z,3,"HHE,HHN,HHZ",15001,100.0,ok,
PTGC.2023.173.05.06.24,PTGC,2023.173.05.06.24,2023-06-22T05:06:24.948393Z,3,"HHE,HHN,HHZ",15001,100.0,ok,
PTGC.2023.173.11.25.14,PTGC,2023.173.11.25.14,2023-06-22T11:25:14.668391Z,3,"HHE,HHN,HHZ",15001,100.0,ok,
PTGC.2023.173.12.34.26,PTGC,2023.173.12.34.26,2023-06-22T12:34:26.748393Z,3,"HHE,HHN,HHZ",15001,100.0,ok,
PTGC.2023.173.13.00.55,PTGC,2023.173.13.00.55,2023-06-22T13:00:55.198393Z,3,"HHE,HHN,HHZ",15001,100.0,ok,
PTGC.2023.173.21.27.35,PTGC,2023.173.21.27.35,2023-06-22T21:27:35.568393Z,3,"HHE,HHN,HHZ",15001,100.0,ok,
PTGC.2023.174.11.24.51,PTGC,2023.174.11.24.51,2023-06-23T11:24:51.328393Z,3,"HHE,HHN,HHZ",15001,100.0,ok,
PTGC.2023.175.02.22.41,PTGC,2023.175.02.22.41,2023-06-24T02:22:41.828393Z,3,"HHE,HHN,HHZ",15001,100.0,ok,
PTGC.2023.175.05.20.50,PTGC,2023.175.05.20.50,2023-06-24T05:20:50.488393Z,3,"HHE,HHN,HHZ",15001,100.0,ok,
PTGC.2023.177.06.39.12,PTGC,2023.177.06.39.12,2023-06-26T06:39:12.318393Z,3,"HHE,HHN,HHZ",15001,100.0,ok,
PTGC.2023.179.19.17.24,PTGC,2023.179.19.17.24,2023-06-28T19:17:24.148393Z,3,"HHE,HHN,HHZ",15001,100.0,ok,
PTGC.2023.181.10.52.16,PTGC,2023.181.10.52.16,2023-06-30T10:52:16.348393Z,3,"HHE,HHN,HHZ",15001,100.0,ok,
PTGC.2023.182.06.13.15,PTGC,2023.182.06.13.15,2023-07-01T06:13:15.558393Z,3,"HHE,HHN,HHZ",15001,100.0,ok,
PTGC.2023.182.10.07.41,PTGC,2023.182.10.07.41,2023-07-01T10:07:41.498393Z,3,"HHE,HHN,HHZ",15001,100.0,ok,
PTGC.2023.183.08.01.16,PTGC,2023.183.08.01.16,2023-07-02T08:01:16.408393Z,3,"HHE,HHN,HHZ",15001,100.0,ok,
PTGC.2023.183.13.39.37,PTGC,2023.183.13.39.37,2023-07-02T13:39:37.978393Z,3,"HHE,HHN,HHZ",15001,100.0,ok,
PTGC.2023.183.18.41.39,PTGC,2023.183.18.41.39,2023-07-02T18:41:39.848393Z,3,"HHE,HHN,HHZ",15001,100.0,ok,
PTGC.2023.183.21.09.59,PTGC,2023.183.21.09.59,2023-07-02T21:09:59.988393Z,3,"HHE,HHN,HHZ",15001,100.0,ok,
PTGC.2023.185.04.08.00,PTGC,2023.185.04.08.00,2023-07-04T04:08:00.088393Z,3,"HHE,HHN,HHZ",15001,100.0,ok,
PTGC.2023.185.22.56.07,PTGC,2023.185.22.56.07,2023-07-04T22:56:07.248393Z,3,"HHE,HHN,HHZ",15001,100.0,ok,
PTGC.2023.186.00.08.51,PTGC,2023.186.00.08.51,2023-07-05T00:08:51.778393Z,3,"HHE,HHN,HHZ",15001,100.0,ok,
PTGC.2023.186.00.44.42,PTGC,2023.186.00.44.42,2023-07-05T00:44:42.008393Z,3,"HHE,HHN,HHZ",15001,100.0,ok,
PTGC.2023.186.01.42.55,PTGC,2023.186.01.42.55,2023-07-05T01:42:55.028393Z,3,"HHE,HHN,HHZ",15001,100.0,ok,
PTGC.2023.186.02.50.36,PTGC,2023.186.02.50.36,2023-07-05T02:50:36.608393Z,3,"HHE,HHN,HHZ",15001,100.0,ok,
PTGC.2023.186.05.20.04,PTGC,2023.186.05.20.04,2023-07-05T05:20:04.548393Z,3,"HHE,HHN,HHZ",15001,100.0,ok,
PTGC.2023.187.05.00.03,PTGC,2023.187.05.00.03,2023-07-06T05:00:03.538393Z,3,"HHE,HHN,HHZ",15001,100.0,ok,
PTGC.2023.187.06.45.20,PTGC,2023.187.06.45.20,2023-07-06T06:45:20.008393Z,3,"HHE,HHN,HHZ",15001,100.0,ok,
PTGC.2023.187.10.22.13,PTGC,2023.187.10.22.13,2023-07-06T10:22:13.628393Z,3,"HHE,HHN,HHZ",15001,100.0,ok,
PTGC.2023.187.12.27.15,PTGC,2023.187.12.27.15,2023-07-06T12:27:15.608393Z,3,"HHE,HHN,HHZ",15001,100.0,ok,
PTGC.2023.187.15.54.11,PTGC,2023.187.15.54.11,2023-07-06T15:54:11.678393Z,3,"HHE,HHN,HHZ",15001,100.0,ok,
PTGC.2023.187.21.03.56,PTGC,2023.187.21.03.56,2023-07-06T21:03:56.498393Z,3,"HHE,HHN,HHZ",15001,100.0,ok,
PTGC.2023.188.04.32.25,PTGC,2023.188.04.32.25,2023-07-07T04:32:25.688393Z,3,"HHE,HHN,HHZ",15001,100.0,ok,
PTGC.2023.188.05.37.29,PTGC,2023.188.05.37.29,2023-07-07T05:37:29.308393Z,3,"HHE,HHN,HHZ",15001,100.0,ok,
PTGC.2023.188.05.41.38,PTGC,2023.188.05.41.38,2023-07-07T05:41:38.228393Z,3,"HHE,HHN,HHZ",15001,100.0,ok,
PTGC.2023.188.06.14.55,PTGC,2023.188.06.14.55,2023-07-07T06:14:55.708393Z,3,"HHE,HHN,HHZ",15001,100.0,ok,
PTGC.2023.188.10.28.15,PTGC,2023.188.10.28.15,2023-07-07T10:28:15.268393Z,3,"HHE,HHN,HHZ",15001,100.0,ok,
PTGC.2023.188.11.37.58,PTGC,2023.188.11.37.58,2023-07-07T11:37:58.058393Z,3,"HHE,HHN,HHZ",15001,100.0,ok,
PTGC.2023.188.12.37.06,PTGC,2023.188.12.37.06,2023-07-07T12:37:06.208393Z,3,"HHE,HHN,HHZ",15001,100.0,ok,
PTGC.2023.188.16.04.45,PTGC,2023.188.16.04.45,2023-07-07T16:04:45.638391Z,3,"HHE,HHN,HHZ",15001,100.0,ok,
PTGC.2023.190.05.17.42,PTGC,2023.190.05.17.42,2023-07-09T05:17:42.208393Z,3,"HHE,HHN,HHZ",15001,100.0,ok,
PTGC.2023.191.07.35.38,PTGC,2023.191.07.35.38,2023-07-10T07:35:38.588393Z,3,"HHE,HHN,HHZ",15001,100.0,ok,
PTGC.2023.192.06.13.31,PTGC,2023.192.06.13.31,2023-07-11T06:13:31.048393Z,3,"HHE,HHN,HHZ",15001,100.0,ok,
PTGC.2023.192.08.58.45,PTGC,2023.192.08.58.45,2023-07-11T08:58:45.858393Z,3,"HHE,HHN,HHZ",15001,100.0,ok,
PTGC.2023.192.13.34.12,PTGC,2023.192.13.34.12,2023-07-11T13:34:12.078393Z,3,"HHE,HHN,HHZ",15001,100.0,ok,
PTGC.2023.193.11.54.09,PTGC,2023.193.11.54.09,2023-07-12T11:54:09.578393Z,3,"HHE,HHN,HHZ",15001,100.0,ok,
PTGC.2023.193.19.20.52,PTGC,2023.193.19.20.52,2023-07-12T19:20:52.668393Z,3,"HHE,HHN,HHZ",15001,100.0,ok,
PTGC.2023.193.19.51.23,PTGC,2023.193.19.51.23,2023-07-12T19:51:23.098393Z,3,"HHE,HHN,HHZ",15001,100.0,ok,
PTGC.2023.194.09.52.38,PTGC,2023.194.09.52.38,2023-07-13T09:52:38.308393Z,3,"HHE,HHN,HHZ",15001,100.0,ok,
PTGC.2023.195.09.38.58,PTGC,2023.195.09.38.58,2023-07-14T09:38:58.068393Z,3,"HHE,HHN,HHZ",15001,100.0,ok,
PTGC.2023.195.09.46.08,PTGC,2023.195.09.46.08,2023-07-14T09:46:08.288393Z,3,"HHE,HHN,HHZ",15001,100.0,ok,
PTGC.2023.195.19.17.42,PTGC,2023.195.19.17.42,2023-07-14T19:17:42.698393Z,3,"HHE,HHN,HHZ",15001,100.0,ok,
PTGC.2023.197.12.06.39,PTGC,2023.197.12.06.39,2023-07-16T12:06:39.988393Z,3,"HHE,HHN,HHZ",15001,100.0,ok,
PTGC.2023.197.15.06.01,PTGC,2023.197.15.06.01,2023-07-16T15:06:01.508393Z,3,"HHE,HHN,HHZ",15001,100.0,ok,
PTGC.2023.199.11.06.27,PTGC,2023.199.11.06.27,2023-07-18T11:06:27.268393Z,3,"HHE,HHN,HHZ",15001,100.0,ok,
PTGC.2023.199.15.30.35,PTGC,2023.199.15.30.35,2023-07-18T15:30:35.148393Z,3,"HHE,HHN,HHZ",15001,100.0,ok,
PTGC.2023.200.10.40.25,PTGC,2023.200.10.40.25,2023-07-19T10:40:25.958393Z,3,"HHE,HHN,HHZ",15001,100.0,ok,
PTGC.2023.201.01.08.59,PTGC,2023.201.01.08.59,2023-07-20T01:08:59.358393Z,3,"HHE,HHN,HHZ",15001,100.0,ok,
PTGC.2023.201.14.47.48,PTGC,2023.201.14.47.48,2023-07-20T14:47:48.238393Z,3,"HHE,HHN,HHZ",15001,100.0,ok,
PTGC.2023.201.22.23.32,PTGC,2023.201.22.23.32,2023-07-20T22:23:32.378393Z,3,"HHE,HHN,HHZ",15001,100.0,ok,
PTGC.2023.201.22.24.58,PTGC,2023.201.22.24.58,2023-07-20T22:24:57.998393Z,3,"HHE,HHN,HHZ",15001,100.0,ok,
PTGC.2023.202.02.33.48,PTGC,2023.202.02.33.48,2023-07-21T02:33:48.238393Z,3,"HHE,HHN,HHZ",15001,100.0,ok,
PTGC.2023.202.03.01.01,PTGC,2023.202.03.01.01,2023-07-21T03:01:01.908393Z,3,"HHE,HHN,HHZ",15001,100.0,ok,
PTGC.2023.202.22.27.00,PTGC,2023.202.22.27.00,2023-07-21T22:27:00.788391Z,3,"HHE,HHN,HHZ",15001,100.0,ok,
PTGC.2023.202.23.57.30,PTGC,2023.202.23.57.30,2023-07-21T23:57:30.788393Z,3,"HHE,HHN,HHZ",15001,100.0,ok,
PTGC.2023.204.21.05.29,PTGC,2023.204.21.05.29,2023-07-23T21:05:29.008393Z,3,"HHE,HHN,HHZ",15001,100.0,ok,
PTGC.2023.206.08.10.01,PTGC,2023.206.08.10.01,2023-07-25T08:10:01.318393Z,3,"HHE,HHN,HHZ",15001,100.0,ok,
PTGC.2023.207.18.50.15,PTGC,2023.207.18.50.15,2023-07-26T18:50:15.668393Z,3,"HHE,HHN,HHZ",15001,100.0,ok,
PTGC.2023.208.12.34.37,PTGC,2023.208.12.34.37,2023-07-27T12:34:37.688393Z,3,"HHE,HHN,HHZ",15001,100.0,ok,
PTGC.2023.209.03.15.39,PTGC,2023.209.03.15.39,2023-07-28T03:15:39.348393Z,3,"HHE,HHN,HHZ",15001,100.0,ok,
PTGC.2023.209.08.49.51,PTGC,2023.209.08.49.51,2023-07-28T08:49:51.668393Z,3,"HHE,HHN,HHZ",15001,100.0,ok,
PTGC.2023.209.16.58.30,PTGC,2023.209.16.58.30,2023-07-28T16:58:30.498393Z,3,"HHE,HHN,HHZ",15001,100.0,ok,
PTGC.2023.210.13.16.08,PTGC,2023.210.13.16.08,2023-07-29T13:16:08.848393Z,3,"HHE,HHN,HHZ",15001,100.0,ok,
PTGC.2023.210.16.47.54,PTGC,2023.210.16.47.54,2023-07-29T16:47:54.808393Z,3,"HHE,HHN,HHZ",15001,100.0,ok,
PTGC.2023.210.21.09.22,PTGC,2023.210.21.09.22,2023-07-29T21:09:22.098393Z,3,"HHE,HHN,HHZ",15001,100.0,ok,
PTGC.2023.210.21.56.55,PTGC,2023.210.21.56.55,2023-07-29T21:56:55.378393Z,3,"HHE,HHN,HHZ",15001,100.0,ok,
PTGC.2023.211.05.10.30,PTGC,2023.211.05.10.30,2023-07-30T05:10:30.148393Z,3,"HHE,HHN,HHZ",15001,100.0,ok,
PTGC.2023.211.08.35.23,PTGC,2023.211.08.35.23,2023-07-30T08:35:23.858393Z,3,"HHE,HHN,HHZ",15001,100.0,ok,
PTGC.2023.211.10.01.26,PTGC,2023.211.10.01.26,2023-07-30T10:01:26.968394Z,3,"HHE,HHN,HHZ",15001,100.0,ok,
PTGC.2023.211.14.23.19,PTGC,2023.211.14.23.19,2023-07-30T14:23:19.558393Z,3,"HHE,HHN,HHZ",15001,100.0,ok,
PTGC.2023.211.17.58.07,PTGC,2023.211.17.58.07,2023-07-30T17:58:07.558393Z,3,"HHE,HHN,HHZ",15001,100.0,ok,
PTGC.2023.212.22.34.41,PTGC,2023.212.22.34.41,2023-07-31T22:34:41.288393Z,3,"HHE,HHN,HHZ",15001,100.0,ok,
PTGC.2023.213.07.37.12,PTGC,2023.213.07.37.12,2023-08-01T07:37:11.998393Z,3,"HHE,HHN,HHZ",15001,100.0,ok,
PTGC.2023.213.14.56.59,PTGC,2023.213.14.56.59,2023-08-01T14:56:59.868393Z,3,"HHE,HHN,HHZ",15001,100.0,ok,
PTGC.2023.214.01.35.07,PTGC,2023.214.01.35.07,2023-08-02T01:35:07.498393Z,3,"HHE,HHN,HHZ",15001,100.0,ok,
PTGC.2023.214.01.38.20,PTGC,2023.214.01.38.20,2023-08-02T01:38:20.898393Z,3,"HHE,HHN,HHZ",15001,100.0,ok,
PTGC.2023.214.02.00.12,PTGC,2023.214.02.00.12,2023-08-02T02:00:12.158391Z,3,"HHE,HHN,HHZ",15001,100.0,ok,
PTGC.2023.215.05.00.16,PTGC,2023.215.05.00.16,2023-08-03T05:00:16.398393Z,3,"HHE,HHN,HHZ",15001,100.0,ok,
PTGC.2023.216.09.04.34,PTGC,2023.216.09.04.34,2023-08-04T09:04:34.758393Z,3,"HHE,HHN,HHZ",15001,100.0,ok,
PTGC.2023.217.03.44.42,PTGC,2023.217.03.44.42,2023-08-05T03:44:42.828393Z,3,"HHE,HHN,HHZ",15001,100.0,ok,
PTGC.2023.217.04.15.30,PTGC,2023.217.04.15.30,2023-08-05T04:15:30.388393Z,3,"HHE,HHN,HHZ",15001,100.0,ok,
PTGC.2023.217.05.41.40,PTGC,2023.217.05.41.40,2023-08-05T05:41:40.108393Z,3,"HHE,HHN,HHZ",15001,100.0,ok,
PTGC.2023.217.06.10.38,PTGC,2023.217.06.10.38,2023-08-05T06:10:38.728393Z,3,"HHE,HHN,HHZ",15001,100.0,ok,
PTGC.2023.217.14.39.34,PTGC,2023.217.14.39.34,2023-08-05T14:39:34.008393Z,3,"HHE,HHN,HHZ",15001,100.0,ok,
PTGC.2023.217.17.00.40,PTGC,2023.217.17.00.40,2023-08-05T17:00:40.948394Z,3,"HHE,HHN,HHZ",15001,100.0,ok,
PTGC.2023.218.03.02.32,PTGC,2023.218.03.02.32,2023-08-06T03:02:32.638393Z,3,"HHE,HHN,HHZ",15001,100.0,ok,
PTGC.2023.218.04.09.37,PTGC,2023.218.04.09.37,2023-08-06T04:09:37.808393Z,3,"HHE,HHN,HHZ",15001,100.0,ok,
PTGC.2023.218.05.08.01,PTGC,2023.218.05.08.01,2023-08-06T05:08:01.878393Z,3,"HHE,HHN,HHZ",15001,100.0,ok,
PTGC.2023.218.15.06.11,PTGC,2023.218.15.06.11,2023-08-06T15:06:11.588393Z,3,"HHE,HHN,HHZ",15001,100.0,ok,
PTGC.2023.218.18.48.57,PTGC,2023.218.18.48.57,2023-08-06T18:48:57.838393Z,3,"HHE,HHN,HHZ",15001,100.0,ok,
PTGC.2023.218.18.54.39,PTGC,2023.218.18.54.39,2023-08-06T18:54:39.708393Z,3,"HHE,HHN,HHZ",15001,100.0,ok,
PTGC.2023.219.21.53.23,PTGC,2023.219.21.53.23,2023-08-07T21:53:23.008393Z,3,"HHE,HHN,HHZ",15001,100.0,ok,
PTGC.2023.220.07.25.36,PTGC,2023.220.07.25.36,2023-08-08T07:25:36.658393Z,3,"HHE,HHN,HHZ",15001,100.0,ok,
PTGC.2023.220.14.06.06,PTGC,2023.220.14.06.06,2023-08-08T14:06:06.058393Z,3,"HHE,HHN,HHZ",15001,100.0,ok,
PTGC.2023.220.22.01.25,PTGC,2023.220.22.01.25,2023-08-08T22:01:25.278393Z,3,"HHE,HHN,HHZ",15001,100.0,ok,
PTGC.2023.221.09.44.33,PTGC,2023.221.09.44.33,2023-08-09T09:44:33.088393Z,3,"HHE,HHN,HHZ",15001,100.0,ok,
PTGC.2023.221.19.37.26,PTGC,2023.221.19.37.26,2023-08-09T19:37:26.958393Z,3,"HHE,HHN,HHZ",15001,100.0,ok,
PTGC.2023.222.00.24.40,PTGC,2023.222.00.24.40,2023-08-10T00:24:40.878393Z,3,"HHE,HHN,HHZ",15001,100.0,ok,
PTGC.2023.224.00.11.18,PTGC,2023.224.00.11.18,2023-08-12T00:11:18.978393Z,3,"HHE,HHN,HHZ",15001,100.0,ok,
PTGC.2023.224.10.55.54,PTGC,2023.224.10.55.54,2023-08-12T10:55:54.868391Z,3,"HHE,HHN,HHZ",15001,100.0,ok,
PTGC.2023.224.19.15.00,PTGC,2023.224.19.15.00,2023-08-12T19:15:00.138393Z,3,"HHE,HHN,HHZ",15001,100.0,ok,
PTGC.2023.226.01.39.42,PTGC,2023.226.01.39.42,2023-08-14T01:39:42.838393Z,3,"HHE,HHN,HHZ",15001,100.0,ok,
PTGC.2023.226.10.57.10,PTGC,2023.226.10.57.10,2023-08-14T10:57:10.268393Z,3,"HHE,HHN,HHZ",15001,100.0,ok,
PTGC.2023.227.03.20.56,PTGC,2023.227.03.20.56,2023-08-15T03:20:56.438393Z,3,"HHE,HHN,HHZ",15001,100.0,ok,
PTGC.2023.227.08.01.43,PTGC,2023.227.08.01.43,2023-08-15T08:01:43.458393Z,3,"HHE,HHN,HHZ",15001,100.0,ok,
PTGC.2023.227.11.30.44,PTGC,2023.227.11.30.44,2023-08-15T11:30:44.288393Z,3,"HHE,HHN,HHZ",15001,100.0,ok,
PTGC.2023.227.22.06.59,PTGC,2023.227.22.06.59,2023-08-15T22:06:59.148393Z,3,"HHE,HHN,HHZ",15001,100.0,ok,
PTGC.2023.228.00.48.16,PTGC,2023.228.00.48.16,2023-08-16T00:48:16.018394Z,3,"HHE,HHN,HHZ",15001,100.0,ok,
PTGC.2023.228.06.32.59,PTGC,2023.228.06.32.59,2023-08-16T06:32:59.338393Z,3,"HHE,HHN,HHZ",15001,100.0,ok,
PTGC.2023.228.08.11.39,PTGC,2023.228.08.11.39,2023-08-16T08:11:39.098393Z,3,"HHE,HHN,HHZ",15001,100.0,ok,
PTGC.2023.228.14.56.55,PTGC,2023.228.14.56.55,2023-08-16T14:56:55.188393Z,3,"HHE,HHN,HHZ",15001,100.0,ok,
PTGC.2023.229.02.07.11,PTGC,2023.229.02.07.11,2023-08-17T02:07:11.918393Z,3,"HHE,HHN,HHZ",15001,100.0,ok,
PTGC.2023.229.02.26.29,PTGC,2023.229.02.26.29,2023-08-17T02:26:29.888393Z,3,"HHE,HHN,HHZ",15001,100.0,ok,
PTGC.2023.229.05.19.34,PTGC,2023.229.05.19.34,2023-08-17T05:19:34.958393Z,3,"HHE,HHN,HHZ",15001,100.0,ok,
PTGC.2023.229.07.56.53,PTGC,2023.229.07.56.53,2023-08-17T07:56:53.598393Z,3,"HHE,HHN,HHZ",15001,100.0,ok,
PTGC.2023.229.13.25.57,PTGC,2023.229.13.25.57,2023-08-17T13:25:57.568393Z,3,"HHE,HHN,HHZ",15001,100.0,ok,
PTGC.2023.229.17.04.47,PTGC,2023.229.17.04.47,2023-08-17T17:04:47.748393Z,3,"HHE,HHN,HHZ",15001,100.0,ok,
PTGC.2023.229.17.07.39,PTGC,2023.229.17.07.39,2023-08-17T17:07:39.528393Z,3,"HHE,HHN,HHZ",15001,100.0,ok,
PTGC.2023.229.17.08.48,PTGC,2023.229.17.08.48,2023-08-17T17:08:48.248393Z,3,"HHE,HHN,HHZ",15001,100.0,ok,
PTGC.2023.229.17.12.20,PTGC,2023.229.17.12.20,2023-08-17T17:12:20.718393Z,3,"HHE,HHN,HHZ",15001,100.0,ok,
PTGC.2023.229.17.13.55,PTGC,2023.229.17.13.55,2023-08-17T17:13:55.718393Z,3,"HHE,HHN,HHZ",15001,100.0,ok,
PTGC.2023.229.17.14.23,PTGC,2023.229.17.14.23,2023-08-17T17:14:23.698393Z,3,"HHE,HHN,HHZ",15001,100.0,ok,
PTGC.2023.229.17.17.16,PTGC,2023.229.17.17.16,2023-08-17T17:17:16.198393Z,3,"HHE,HHN,HHZ",15001,100.0,ok,
PTGC.2023.229.17.22.23,PTGC,2023.229.17.22.23,2023-08-17T17:22:23.038393Z,3,"HHE,HHN,HHZ",15001,100.0,ok,
PTGC.2023.229.17.23.10,PTGC,2023.229.17.23.10,2023-08-17T17:23:10.088393Z,3,"HHE,HHN,HHZ",15001,100.0,ok,
PTGC.2023.229.17.25.56,PTGC,2023.229.17.25.56,2023-08-17T17:25:56.658391Z,3,"HHE,HHN,HHZ",15001,100.0,ok,
PTGC.2023.229.17.27.20,PTGC,2023.229.17.27.20,2023-08-17T17:27:20.538391Z,3,"HHE,HHN,HHZ",15001,100.0,ok,
PTGC.2023.229.17.27.51,PTGC,2023.229.17.27.51,2023-08-17T17:27:51.778391Z,3,"HHE,HHN,HHZ",15001,100.0,ok,
PTGC.2023.229.17.28.24,PTGC,2023.229.17.28.24,2023-08-17T17:28:24.268393Z,3,"HHE,HHN,HHZ",15001,100.0,ok,
PTGC.2023.229.17.29.14,PTGC,2023.229.17.29.14,2023-08-17T17:29:14.608393Z,3,"HHE,HHN,HHZ",15001,100.0,ok,
PTGC.2023.229.17.29.17,PTGC,2023.229.17.29.17,2023-08-17T17:29:17.298393Z,3,"HHE,HHN,HHZ",15001,100.0,ok,
PTGC.2023.229.17.29.47,PTGC,2023.229.17.29.47,2023-08-17T17:29:47.548391Z,3,"HHE,HHN,HHZ",15001,100.0,ok,
PTGC.2023.229.17.30.19,PTGC,2023.229.17.30.19,2023-08-17T17:30:19.578393Z,3,"HHE,HHN,HHZ",15001,100.0,ok,
PTGC.2023.229.17.31.18,PTGC,2023.229.17.31.18,2023-08-17T17:31:18.538393Z,3,"HHE,HHN,HHZ",15001,100.0,ok,
PTGC.2023.229.17.32.57,PTGC,2023.229.17.32.57,2023-08-17T17:32:57.068393Z,3,"HHE,HHN,HHZ",15001,100.0,ok,
PTGC.2023.229.17.34.14,PTGC,2023.229.17.34.14,2023-08-17T17:34:14.628393Z,3,"HHE,HHN,HHZ",15001,100.0,ok,
PTGC.2023.229.17.36.31,PTGC,2023.229.17.36.31,2023-08-17T17:36:31.708393Z,3,"HHE,HHN,HHZ",15001,100.0,ok,
PTGC.2023.229.17.36.53,PTGC,2023.229.17.36.53,2023-08-17T17:36:53.428393Z,3,"HHE,HHN,HHZ",15001,100.0,ok,
PTGC.2023.229.17.39.37,PTGC,2023.229.17.39.37,2023-08-17T17:39:37.798393Z,3,"HHE,HHN,HHZ",15001,100.0,ok,
PTGC.2023.229.17.40.14,PTGC,2023.229.17.40.14,2023-08-17T17:40:14.378393Z,3,"HHE,HHN,HHZ",15001,100.0,ok,
PTGC.2023.229.17.40.34,PTGC,2023.229.17.40.34,2023-08-17T17:40:34.908393Z,3,"HHE,HHN,HHZ",15000,100.0,discarded,too_short
PTGC.2023.229.17.43.09,PTGC,2023.229.17.43.09,2023-08-17T17:43:09.368393Z,3,"HHE,HHN,HHZ",15001,100.0,ok,
PTGC.2023.229.17.45.09,PTGC,2023.229.17.45.09,2023-08-17T17:45:09.868393Z,3,"HHE,HHN,HHZ",15001,100.0,ok,
PTGC.2023.229.17.46.53,PTGC,2023.229.17.46.53,2023-08-17T17:46:53.188393Z,3,"HHE,HHN,HHZ",15001,100.0,ok,
PTGC.2023.229.17.47.54,PTGC,2023.229.17.47.54,2023-08-17T17:47:54.438393Z,3,"HHE,HHN,HHZ",15001,100.0,ok,
PTGC.2023.229.17.50.27,PTGC,2023.229.17.50.27,2023-08-17T17:50:27.668393Z,3,"HHE,HHN,HHZ",15001,100.0,ok,
PTGC.2023.229.17.53.08,PTGC,2023.229.17.53.08,2023-08-17T17:53:08.828393Z,3,"HHE,HHN,HHZ",15001,100.0,ok,
PTGC.2023.229.17.53.41,PTGC,2023.229.17.53.41,2023-08-17T17:53:41.728393Z,3,"HHE,HHN,HHZ",15001,100.0,ok,
PTGC.2023.229.17.54.44,PTGC,2023.229.17.54.44,2023-08-17T17:54:44.308393Z,3,"HHE,HHN,HHZ",15001,100.0,ok,
PTGC.2023.229.17.55.27,PTGC,2023.229.17.55.27,2023-08-17T17:55:27.028391Z,3,"HHE,HHN,HHZ",15001,100.0,ok,
PTGC.2023.229.17.56.35,PTGC,2023.229.17.56.35,2023-08-17T17:56:35.998393Z,3,"HHE,HHN,HHZ",15001,100.0,ok,
PTGC.2023.229.17.59.20,PTGC,2023.229.17.59.20,2023-08-17T17:59:20.398393Z,3,"HHE,HHN,HHZ",15001,100.0,ok,
PTGC.2023.229.18.00.25,PTGC,2023.229.18.00.25,2023-08-17T18:00:25.768393Z,3,"HHE,HHN,HHZ",15001,100.0,ok,
PTGC.2023.229.18.02.16,PTGC,2023.229.18.02.16,2023-08-17T18:02:16.878393Z,3,"HHE,HHN,HHZ",15001,100.0,ok,
PTGC.2023.229.18.04.23,PTGC,2023.229.18.04.23,2023-08-17T18:04:23.598393Z,3,"HHE,HHN,HHZ",15001,100.0,ok,
PTGC.2023.229.18.06.06,PTGC,2023.229.18.06.06,2023-08-17T18:06:06.318393Z,3,"HHE,HHN,HHZ",15001,100.0,ok,
PTGC.2023.229.18.07.13,PTGC,2023.229.18.07.13,2023-08-17T18:07:13.928393Z,3,"HHE,HHN,HHZ",15001,100.0,ok,
PTGC.2023.229.18.07.49,PTGC,2023.229.18.07.49,2023-08-17T18:07:49.408391Z,3,"HHE,HHN,HHZ",15001,100.0,ok,
PTGC.2023.229.18.08.30,PTGC,2023.229.18.08.30,2023-08-17T18:08:30.738391Z,3,"HHE,HHN,HHZ",15001,100.0,ok,
PTGC.2023.229.18.08.48,PTGC,2023.229.18.08.48,2023-08-17T18:08:48.778393Z,3,"HHE,HHN,HHZ",15001,100.0,ok,
PTGC.2023.229.18.10.33,PTGC,2023.229.18.10.33,2023-08-17T18:10:33.758391Z,3,"HHE,HHN,HHZ",15001,100.0,ok,
PTGC.2023.229.18.13.53,PTGC,2023.229.18.13.53,2023-08-17T18:13:53.188393Z,3,"HHE,HHN,HHZ",15001,100.0,ok,
PTGC.2023.229.18.14.48,PTGC,2023.229.18.14.48,2023-08-17T18:14:48.988393Z,3,"HHE,HHN,HHZ",15001,100.0,ok,
PTGC.2023.229.18.16.21,PTGC,2023.229.18.16.21,2023-08-17T18:16:21.098393Z,3,"HHE,HHN,HHZ",15001,100.0,ok,
PTGC.2023.229.18.26.16,PTGC,2023.229.18.26.16,2023-08-17T18:26:16.348393Z,3,"HHE,HHN,HHZ",15001,100.0,ok,
PTGC.2023.229.18.26.19,PTGC,2023.229.18.26.19,2023-08-17T18:26:19.738393Z,3,"HHE,HHN,HHZ",15001,100.0,ok,
PTGC.2023.229.18.28.43,PTGC,2023.229.18.28.43,2023-08-17T18:28:43.678391Z,3,"HHE,HHN,HHZ",15001,100.0,ok,
PTGC.2023.229.18.35.25,PTGC,2023.229.18.35.25,2023-08-17T18:35:25.878393Z,3,"HHE,HHN,HHZ",15001,100.0,ok,
PTGC.2023.229.18.38.48,PTGC,2023.229.18.38.48,2023-08-17T18:38:48.308393Z,3,"HHE,HHN,HHZ",15001,100.0,ok,
PTGC.2023.229.18.46.57,PTGC,2023.229.18.46.57,2023-08-17T18:46:57.168391Z,3,"HHE,HHN,HHZ",15001,100.0,ok,
PTGC.2023.229.18.48.50,PTGC,2023.229.18.48.50,2023-08-17T18:48:50.388393Z,3,"HHE,HHN,HHZ",15001,100.0,ok,
PTGC.2023.229.18.53.48,PTGC,2023.229.18.53.48,2023-08-17T18:53:48.758393Z,3,"HHE,HHN,HHZ",15001,100.0,ok,
PTGC.2023.229.18.54.18,PTGC,2023.229.18.54.18,2023-08-17T18:54:18.078393Z,3,"HHE,HHN,HHZ",15001,100.0,ok,
PTGC.2023.229.18.56.29,PTGC,2023.229.18.56.29,2023-08-17T18:56:29.608393Z,3,"HHE,HHN,HHZ",15001,100.0,ok,
PTGC.2023.229.19.04.33,PTGC,2023.229.19.04.33,2023-08-17T19:04:33.388393Z,3,"HHE,HHN,HHZ",15001,100.0,ok,
PTGC.2023.229.19.06.43,PTGC,2023.229.19.06.43,2023-08-17T19:06:43.278393Z,3,"HHE,HHN,HHZ",15001,100.0,ok,
PTGC.2023.229.19.11.23,PTGC,2023.229.19.11.23,2023-08-17T19:11:23.578393Z,3,"HHE,HHN,HHZ",15001,100.0,ok,
PTGC.2023.229.19.12.42,PTGC,2023.229.19.12.42,2023-08-17T19:12:42.458393Z,3,"HHE,HHN,HHZ",15001,100.0,ok,
PTGC.2023.229.19.32.15,PTGC,2023.229.19.32.15,2023-08-17T19:32:15.038393Z,3,"HHE,HHN,HHZ",15001,100.0,ok,
PTGC.2023.229.19.36.01,PTGC,2023.229.19.36.01,2023-08-17T19:36:01.518393Z,3,"HHE,HHN,HHZ",15001,100.0,ok,
PTGC.2023.229.19.46.18,PTGC,2023.229.19.46.18,2023-08-17T19:46:18.018393Z,3,"HHE,HHN,HHZ",15001,100.0,ok,
PTGC.2023.229.19.48.31,PTGC,2023.229.19.48.31,2023-08-17T19:48:31.278393Z,3,"HHE,HHN,HHZ",15001,100.0,ok,
PTGC.2023.229.19.51.14,PTGC,2023.229.19.51.14,2023-08-17T19:51:14.998393Z,3,"HHE,HHN,HHZ",15001,100.0,ok,
PTGC.2023.229.19.51.53,PTGC,2023.229.19.51.53,2023-08-17T19:51:53.688393Z,3,"HHE,HHN,HHZ",15001,100.0,ok,
PTGC.2023.229.19.53.42,PTGC,2023.229.19.53.42,2023-08-17T19:53:42.908393Z,3,"HHE,HHN,HHZ",15001,100.0,ok,
PTGC.2023.229.20.11.54,PTGC,2023.229.20.11.54,2023-08-17T20:11:54.948393Z,3,"HHE,HHN,HHZ",15001,100.0,ok,
PTGC.2023.229.20.16.33,PTGC,2023.229.20.16.33,2023-08-17T20:16:33.498393Z,3,"HHE,HHN,HHZ",15001,100.0,ok,
PTGC.2023.229.20.19.17,PTGC,2023.229.20.19.17,2023-08-17T20:19:17.978393Z,3,"HHE,HHN,HHZ",15001,100.0,ok,
PTGC.2023.229.20.20.06,PTGC,2023.229.20.20.06,2023-08-17T20:20:06.548393Z,3,"HHE,HHN,HHZ",15001,100.0,ok,
PTGC.2023.229.20.39.40,PTGC,2023.229.20.39.40,2023-08-17T20:39:40.658393Z,3,"HHE,HHN,HHZ",15001,100.0,ok,
PTGC.2023.229.20.40.06,PTGC,2023.229.20.40.06,2023-08-17T20:40:06.578393Z,3,"HHE,HHN,HHZ",15001,100.0,ok,
PTGC.2023.229.20.42.17,PTGC,2023.229.20.42.17,2023-08-17T20:42:17.958393Z,3,"HHE,HHN,HHZ",15001,100.0,ok,
PTGC.2023.229.20.44.05,PTGC,2023.229.20.44.05,2023-08-17T20:44:05.188393Z,3,"HHE,HHN,HHZ",15001,100.0,ok,
PTGC.2023.229.20.49.46,PTGC,2023.229.20.49.46,2023-08-17T20:49:46.698393Z,3,"HHE,HHN,HHZ",15001,100.0,ok,
PTGC.2023.229.21.34.38,PTGC,2023.229.21.34.38,2023-08-17T21:34:38.628393Z,3,"HHE,HHN,HHZ",15001,100.0,ok,
PTGC.2023.229.21.39.33,PTGC,2023.229.21.39.33,2023-08-17T21:39:33.368393Z,3,"HHE,HHN,HHZ",15001,100.0,ok,
PTGC.2023.229.21.52.22,PTGC,2023.229.21.52.22,2023-08-17T21:52:22.528393Z,3,"HHE,HHN,HHZ",15001,100.0,ok,
PTGC.2023.229.22.08.06,PTGC,2023.229.22.08.06,2023-08-17T22:08:06.138393Z,3,"HHE,HHN,HHZ",15001,100.0,ok,
PTGC.2023.229.22.29.58,PTGC,2023.229.22.29.58,2023-08-17T22:29:58.988391Z,3,"HHE,HHN,HHZ",15001,100.0,ok,
PTGC.2023.229.23.13.05,PTGC,2023.229.23.13.05,2023-08-17T23:13:05.438393Z,3,"HHE,HHN,HHZ",15001,100.0,ok,
PTGC.2023.229.23.27.31,PTGC,2023.229.23.27.31,2023-08-17T23:27:31.048393Z,3,"HHE,HHN,HHZ",15001,100.0,ok,
PTGC.2023.229.23.29.49,PTGC,2023.229.23.29.49,2023-08-17T23:29:49.298393Z,3,"HHE,HHN,HHZ",15001,100.0,ok,
PTGC.2023.229.23.38.44,PTGC,2023.229.23.38.44,2023-08-17T23:38:44.808393Z,3,"HHE,HHN,HHZ",15001,100.0,ok,
PTGC.2023.230.00.18.05,PTGC,2023.230.00.18.05,2023-08-18T00:18:05.948393Z,3,"HHE,HHN,HHZ",15001,100.0,ok,
PTGC.2023.230.00.31.48,PTGC,2023.230.00.31.48,2023-08-18T00:31:48.968393Z,3,"HHE,HHN,HHZ",15001,100.0,ok,
PTGC.2023.230.00.41.34,PTGC,2023.230.00.41.34,2023-08-18T00:41:34.008393Z,3,"HHE,HHN,HHZ",15001,100.0,ok,
PTGC.2023.230.00.45.31,PTGC,2023.230.00.45.31,2023-08-18T00:45:31.618393Z,3,"HHE,HHN,HHZ",15001,100.0,ok,
PTGC.2023.230.01.07.37,PTGC,2023.230.01.07.37,2023-08-18T01:07:37.718393Z,3,"HHE,HHN,HHZ",15001,100.0,ok,
PTGC.2023.230.01.10.58,PTGC,2023.230.01.10.58,2023-08-18T01:10:58.348393Z,3,"HHE,HHN,HHZ",15001,100.0,ok,
PTGC.2023.230.01.15.22,PTGC,2023.230.01.15.22,2023-08-18T01:15:22.498393Z,3,"HHE,HHN,HHZ",15001,100.0,ok,
PTGC.2023.230.01.17.22,PTGC,2023.230.01.17.22,2023-08-18T01:17:22.698391Z,3,"HHE,HHN,HHZ",15001,100.0,ok,
PTGC.2023.230.01.27.57,PTGC,2023.230.01.27.57,2023-08-18T01:27:57.808393Z,3,"HHE,HHN,HHZ",15001,100.0,ok,
PTGC.2023.230.01.40.12,PTGC,2023.230.01.40.12,2023-08-18T01:40:12.248393Z,3,"HHE,HHN,HHZ",15001,100.0,ok,
PTGC.2023.230.01.43.16,PTGC,2023.230.01.43.16,2023-08-18T01:43:16.548393Z,3,"HHE,HHN,HHZ",15001,100.0,ok,
PTGC.2023.230.01.56.21,PTGC,2023.230.01.56.21,2023-08-18T01:56:21.318393Z,3,"HHE,HHN,HHZ",15001,100.0,ok,
PTGC.2023.230.02.04.13,PTGC,2023.230.02.04.13,2023-08-18T02:04:13.738393Z,3,"HHE,HHN,HHZ",15001,100.0,ok,
PTGC.2023.230.02.17.09,PTGC,2023.230.02.17.09,2023-08-18T02:17:09.078393Z,3,"HHE,HHN,HHZ",15001,100.0,ok,
PTGC.2023.230.02.18.50,PTGC,2023.230.02.18.50,2023-08-18T02:18:50.588393Z,3,"HHE,HHN,HHZ",15001,100.0,ok,
PTGC.2023.230.02.49.11,PTGC,2023.230.02.49.11,2023-08-18T02:49:11.758393Z,3,"HHE,HHN,HHZ",15001,100.0,ok,
PTGC.2023.230.02.57.05,PTGC,2023.230.02.57.05,2023-08-18T02:57:05.658391Z,3,"HHE,HHN,HHZ",15001,100.0,ok,
PTGC.2023.230.03.00.24,PTGC,2023.230.03.00.24,2023-08-18T03:00:24.878393Z,3,"HHE,HHN,HHZ",15001,100.0,ok,
PTGC.2023.230.03.01.31,PTGC,2023.230.03.01.31,2023-08-18T03:01:31.358393Z,3,"HHE,HHN,HHZ",15001,100.0,ok,
PTGC.2023.230.03.04.28,PTGC,2023.230.03.04.28,2023-08-18T03:04:28.158393Z,3,"HHE,HHN,HHZ",15001,100.0,ok,
PTGC.2023.230.03.31.29,PTGC,2023.230.03.31.29,2023-08-18T03:31:29.298393Z,3,"HHE,HHN,HHZ",15001,100.0,ok,
PTGC.2023.230.03.32.39,PTGC,2023.230.03.32.39,2023-08-18T03:32:39.988393Z,3,"HHE,HHN,HHZ",15001,100.0,ok,
PTGC.2023.230.03.39.09,PTGC,2023.230.03.39.09,2023-08-18T03:39:09.728393Z,3,"HHE,HHN,HHZ",15001,100.0,ok,
PTGC.2023.230.04.01.40,PTGC,2023.230.04.01.40,2023-08-18T04:01:40.698393Z,3,"HHE,HHN,HHZ",15001,100.0,ok,
PTGC.2023.230.04.21.21,PTGC,2023.230.04.21.21,2023-08-18T04:21:21.818393Z,3,"HHE,HHN,HHZ",15001,100.0,ok,
PTGC.2023.230.04.34.00,PTGC,2023.230.04.34.00,2023-08-18T04:34:00.728393Z,3,"HHE,HHN,HHZ",15001,100.0,ok,
PTGC.2023.230.04.42.48,PTGC,2023.230.04.42.48,2023-08-18T04:42:48.518393Z,3,"HHE,HHN,HHZ",15001,100.0,ok,
PTGC.2023.230.05.15.29,PTGC,2023.230.05.15.29,2023-08-18T05:15:29.568393Z,3,"HHE,HHN,HHZ",15001,100.0,ok,
PTGC.2023.230.05.56.00,PTGC,2023.230.05.56.00,2023-08-18T05:56:00.498393Z,3,"HHE,HHN,HHZ",15001,100.0,ok,
PTGC.2023.230.05.57.18,PTGC,2023.230.05.57.18,2023-08-18T05:57:18.488393Z,3,"HHE,HHN,HHZ",15001,100.0,ok,
PTGC.2023.230.05.57.41,PTGC,2023.230.05.57.41,2023-08-18T05:57:41.468393Z,3,"HHE,HHN,HHZ",15001,100.0,ok,
PTGC.2023.230.06.11.47,PTGC,2023.230.06.11.47,2023-08-18T06:11:47.648393Z,3,"HHE,HHN,HHZ",15001,100.0,ok,
PTGC.2023.230.06.11.58,PTGC,2023.230.06.11.58,2023-08-18T06:11:57.998393Z,3,"HHE,HHN,HHZ",15001,100.0,ok,
PTGC.2023.230.06.31.15,PTGC,2023.230.06.31.15,2023-08-18T06:31:15.568393Z,3,"HHE,HHN,HHZ",15001,100.0,ok,
PTGC.2023.230.06.53.02,PTGC,2023.230.06.53.02,2023-08-18T06:53:02.278393Z,3,"HHE,HHN,HHZ",15001,100.0,ok,
PTGC.2023.230.07.16.54,PTGC,2023.230.07.16.54,2023-08-18T07:16:54.848393Z,3,"HHE,HHN,HHZ",15001,100.0,ok,
PTGC.2023.230.07.29.41,PTGC,2023.230.07.29.41,2023-08-18T07:29:41.858393Z,3,"HHE,HHN,HHZ",15001,100.0,ok,
PTGC.2023.230.08.22.02,PTGC,2023.230.08.22.02,2023-08-18T08:22:02.888393Z,3,"HHE,HHN,HHZ",15001,100.0,ok,
PTGC.2023.230.08.22.24,PTGC,2023.230.08.22.24,2023-08-18T08:22:24.008393Z,3,"HHE,HHN,HHZ",15001,100.0,ok,
PTGC.2023.230.08.24.31,PTGC,2023.230.08.24.31,2023-08-18T08:24:31.238393Z,3,"HHE,HHN,HHZ",15001,100.0,ok,
PTGC.2023.230.08.33.06,PTGC,2023.230.08.33.06,2023-08-18T08:33:06.778393Z,3,"HHE,HHN,HHZ",15001,100.0,ok,
PTGC.2023.230.09.19.37,PTGC,2023.230.09.19.37,2023-08-18T09:19:37.808393Z,3,"HHE,HHN,HHZ",15001,100.0,ok,
PTGC.2023.230.09.38.15,PTGC,2023.230.09.38.15,2023-08-18T09:38:15.168393Z,3,"HHE,HHN,HHZ",15001,100.0,ok,
PTGC.2023.230.09.44.25,PTGC,2023.230.09.44.25,2023-08-18T09:44:25.298393Z,3,"HHE,HHN,HHZ",15001,100.0,ok,
PTGC.2023.230.10.50.27,PTGC,2023.230.10.50.27,2023-08-18T10:50:27.608393Z,3,"HHE,HHN,HHZ",15001,100.0,ok,
PTGC.2023.230.10.56.45,PTGC,2023.230.10.56.45,2023-08-18T10:56:45.288391Z,3,"HHE,HHN,HHZ",15001,100.0,ok,
PTGC.2023.230.11.11.49,PTGC,2023.230.11.11.49,2023-08-18T11:11:49.448393Z,3,"HHE,HHN,HHZ",15001,100.0,ok,
PTGC.2023.230.11.30.16,PTGC,2023.230.11.30.16,2023-08-18T11:30:16.838393Z,3,"HHE,HHN,HHZ",15001,100.0,ok,
PTGC.2023.230.12.05.18,PTGC,2023.230.12.05.18,2023-08-18T12:05:18.518393Z,3,"HHE,HHN,HHZ",15001,100.0,ok,
PTGC.2023.230.12.06.23,PTGC,2023.230.12.06.23,2023-08-18T12:06:23.828393Z,3,"HHE,HHN,HHZ",15001,100.0,ok,
PTGC.2023.230.12.49.40,PTGC,2023.230.12.49.40,2023-08-18T12:49:40.288393Z,3,"HHE,HHN,HHZ",15001,100.0,ok,
PTGC.2023.230.13.21.34,PTGC,2023.230.13.21.34,2023-08-18T13:21:34.488393Z,3,"HHE,HHN,HHZ",15001,100.0,ok,
PTGC.2023.230.13.45.45,PTGC,2023.230.13.45.45,2023-08-18T13:45:45.658393Z,3,"HHE,HHN,HHZ",15001,100.0,ok,
PTGC.2023.230.14.42.00,PTGC,2023.230.14.42.00,2023-08-18T14:42:00.158393Z,3,"HHE,HHN,HHZ",15001,100.0,ok,
PTGC.2023.230.19.45.00,PTGC,2023.230.19.45.00,2023-08-18T19:45:00.508393Z,3,"HHE,HHN,HHZ",15001,100.0,ok,
PTGC.2023.230.19.46.00,PTGC,2023.230.19.46.00,2023-08-18T19:46:00.168393Z,3,"HHE,HHN,HHZ",15001,100.0,ok,
PTGC.2023.230.19.47.33,PTGC,2023.230.19.47.33,2023-08-18T19:47:33.428393Z,3,"HHE,HHN,HHZ",15001,100.0,ok,
PTGC.2023.230.20.47.06,PTGC,2023.230.20.47.06,2023-08-18T20:47:06.418394Z,3,"HHE,HHN,HHZ",15001,100.0,ok,
PTGC.2023.230.20.59.39,PTGC,2023.230.20.59.39,2023-08-18T20:59:39.498393Z,3,"HHE,HHN,HHZ",15001,100.0,ok,
PTGC.2023.230.23.47.15,PTGC,2023.230.23.47.15,2023-08-18T23:47:15.278393Z,3,"HHE,HHN,HHZ",15001,100.0,ok,
PTGC.2023.231.00.18.50,PTGC,2023.231.00.18.50,2023-08-19T00:18:50.928393Z,3,"HHE,HHN,HHZ",15000,100.0,discarded,too_short
PTGC.2023.231.00.29.03,PTGC,2023.231.00.29.03,2023-08-19T00:29:03.338394Z,3,"HHE,HHN,HHZ",15001,100.0,ok,
PTGC.2023.231.01.01.38,PTGC,2023.231.01.01.38,2023-08-19T01:01:38.298393Z,3,"HHE,HHN,HHZ",15001,100.0,ok,
PTGC.2023.231.01.24.32,PTGC,2023.231.01.24.32,2023-08-19T01:24:32.718393Z,3,"HHE,HHN,HHZ",15001,100.0,ok,
PTGC.2023.231.02.04.33,PTGC,2023.231.02.04.33,2023-08-19T02:04:33.818393Z,3,"HHE,HHN,HHZ",15001,100.0,ok,
PTGC.2023.231.02.44.12,PTGC,2023.231.02.44.12,2023-08-19T02:44:12.738393Z,3,"HHE,HHN,HHZ",15001,100.0,ok,
PTGC.2023.231.02.54.57,PTGC,2023.231.02.54.57,2023-08-19T02:54:57.178393Z,3,"HHE,HHN,HHZ",15001,100.0,ok,
PTGC.2023.231.03.00.28,PTGC,2023.231.03.00.28,2023-08-19T03:00:28.018393Z,3,"HHE,HHN,HHZ",15001,100.0,ok,
PTGC.2023.231.04.03.51,PTGC,2023.231.04.03.51,2023-08-19T04:03:51.778393Z,3,"HHE,HHN,HHZ",15001,100.0,ok,
PTGC.2023.231.04.42.33,PTGC,2023.231.04.42.33,2023-08-19T04:42:33.848393Z,3,"HHE,HHN,HHZ",15001,100.0,ok,
PTGC.2023.231.06.42.55,PTGC,2023.231.06.42.55,2023-08-19T06:42:55.128393Z,3,"HHE,HHN,HHZ",15001,100.0,ok,
PTGC.2023.231.07.35.57,PTGC,2023.231.07.35.57,2023-08-19T07:35:57.568393Z,3,"HHE,HHN,HHZ",15001,100.0,ok,
PTGC.2023.231.11.19.07,PTGC,2023.231.11.19.07,2023-08-19T11:19:07.228393Z,3,"HHE,HHN,HHZ",15001,100.0,ok,
PTGC.2023.231.11.27.26,PTGC,2023.231.11.27.26,2023-08-19T11:27:26.658393Z,3,"HHE,HHN,HHZ",15001,100.0,ok,
PTGC.2023.231.11.41.47,PTGC,2023.231.11.41.47,2023-08-19T11:41:47.548393Z,3,"HHE,HHN,HHZ",15001,100.0,ok,
PTGC.2023.231.11.56.34,PTGC,2023.231.11.56.34,2023-08-19T11:56:34.538393Z,3,"HHE,HHN,HHZ",15001,100.0,ok,
PTGC.2023.231.12.04.30,PTGC,2023.231.12.04.30,2023-08-19T12:04:30.388393Z,3,"HHE,HHN,HHZ",15001,100.0,ok,
PTGC.2023.231.12.12.38,PTGC,2023.231.12.12.38,2023-08-19T12:12:38.218393Z,3,"HHE,HHN,HHZ",15001,100.0,ok,
PTGC.2023.231.14.39.58,PTGC,2023.231.14.39.58,2023-08-19T14:39:58.898393Z,3,"HHE,HHN,HHZ",15001,100.0,ok,
PTGC.2023.231.15.07.21,PTGC,2023.231.15.07.21,2023-08-19T15:07:21.348393Z,3,"HHE,HHN,HHZ",15001,100.0,ok,
PTGC.2023.231.15.56.47,PTGC,2023.231.15.56.47,2023-08-19T15:56:47.848391Z,3,"HHE,HHN,HHZ",15001,100.0,ok,
PTGC.2023.231.16.10.21,PTGC,2023.231.16.10.21,2023-08-19T16:10:21.708393Z,3,"HHE,HHN,HHZ",15001,100.0,ok,
PTGC.2023.231.16.18.15,PTGC,2023.231.16.18.15,2023-08-19T16:18:15.888393Z,3,"HHE,HHN,HHZ",15001,100.0,ok,
PTGC.2023.231.16.58.26,PTGC,2023.231.16.58.26,2023-08-19T16:58:26.408393Z,3,"HHE,HHN,HHZ",15001,100.0,ok,
PTGC.2023.231.17.03.03,PTGC,2023.231.17.03.03,2023-08-19T17:03:03.648393Z,3,"HHE,HHN,HHZ",15001,100.0,ok,
PTGC.2023.231.17.56.13,PTGC,2023.231.17.56.13,2023-08-19T17:56:13.748393Z,3,"HHE,HHN,HHZ",15001,100.0,ok,
PTGC.2023.231.18.41.55,PTGC,2023.231.18.41.55,2023-08-19T18:41:55.358393Z,3,"HHE,HHN,HHZ",15001,100.0,ok,
PTGC.2023.231.18.44.25,PTGC,2023.231.18.44.25,2023-08-19T18:44:25.398393Z,3,"HHE,HHN,HHZ",15001,100.0,ok,
PTGC.2023.231.21.46.28,PTGC,2023.231.21.46.28,2023-08-19T21:46:28.968393Z,3,"HHE,HHN,HHZ",15001,100.0,ok,
PTGC.2023.231.22.53.07,PTGC,2023.231.22.53.07,2023-08-19T22:53:07.958393Z,3,"HHE,HHN,HHZ",15001,100.0,ok,
PTGC.2023.231.22.53.24,PTGC,2023.231.22.53.24,2023-08-19T22:53:24.818393Z,3,"HHE,HHN,HHZ",15001,100.0,ok,
PTGC.2023.231.22.57.58,PTGC,2023.231.22.57.58,2023-08-19T22:57:58.398391Z,3,"HHE,HHN,HHZ",15001,100.0,ok,
PTGC.2023.232.01.43.47,PTGC,2023.232.01.43.47,2023-08-20T01:43:47.748393Z,3,"HHE,HHN,HHZ",15001,100.0,ok,
PTGC.2023.232.02.09.57,PTGC,2023.232.02.09.57,2023-08-20T02:09:57.578393Z,3,"HHE,HHN,HHZ",15001,100.0,ok,
PTGC.2023.232.04.46.20,PTGC,2023.232.04.46.20,2023-08-20T04:46:20.908393Z,3,"HHE,HHN,HHZ",15001,100.0,ok,
PTGC.2023.232.05.55.18,PTGC,2023.232.05.55.18,2023-08-20T05:55:18.848393Z,3,"HHE,HHN,HHZ",15001,100.0,ok,
PTGC.2023.232.06.45.49,PTGC,2023.232.06.45.49,2023-08-20T06:45:49.658393Z,3,"HHE,HHN,HHZ",15001,100.0,ok,
PTGC.2023.232.07.37.42,PTGC,2023.232.07.37.42,2023-08-20T07:37:42.758393Z,3,"HHE,HHN,HHZ",15001,100.0,ok,
PTGC.2023.232.08.41.48,PTGC,2023.232.08.41.48,2023-08-20T08:41:48.288393Z,3,"HHE,HHN,HHZ",15001,100.0,ok,
PTGC.2023.232.09.17.14,PTGC,2023.232.09.17.14,2023-08-20T09:17:14.098393Z,3,"HHE,HHN,HHZ",15001,100.0,ok,
PTGC.2023.232.09.19.11,PTGC,2023.232.09.19.11,2023-08-20T09:19:11.168393Z,3,"HHE,HHN,HHZ",15001,100.0,ok,
PTGC.2023.232.12.32.02,PTGC,2023.232.12.32.02,2023-08-20T12:32:02.948393Z,3,"HHE,HHN,HHZ",15001,100.0,ok,
PTGC.2023.232.13.09.16,PTGC,2023.232.13.09.16,2023-08-20T13:09:16.538393Z,3,"HHE,HHN,HHZ",15001,100.0,ok,
PTGC.2023.232.13.09.20,PTGC,2023.232.13.09.20,2023-08-20T13:09:20.488393Z,3,"HHE,HHN,HHZ",15001,100.0,ok,
PTGC.2023.232.15.03.39,PTGC,2023.232.15.03.39,2023-08-20T15:03:39.618393Z,3,"HHE,HHN,HHZ",15001,100.0,ok,
PTGC.2023.232.16.19.56,PTGC,2023.232.16.19.56,2023-08-20T16:19:56.538393Z,3,"HHE,HHN,HHZ",15001,100.0,ok,
PTGC.2023.232.17.10.33,PTGC,2023.232.17.10.33,2023-08-20T17:10:33.638393Z,3,"HHE,HHN,HHZ",15001,100.0,ok,
PTGC.2023.232.19.17.44,PTGC,2023.232.19.17.44,2023-08-20T19:17:44.658393Z,3,"HHE,HHN,HHZ",15001,100.0,ok,
PTGC.2023.232.21.19.44,PTGC,2023.232.21.19.44,2023-08-20T21:19:44.588393Z,3,"HHE,HHN,HHZ",15001,100.0,ok,
PTGC.2023.232.23.08.32,PTGC,2023.232.23.08.32,2023-08-20T23:08:32.398393Z,3,"HHE,HHN,HHZ",15001,100.0,ok,
PTGC.2023.233.00.28.34,PTGC,2023.233.00.28.34,2023-08-21T00:28:34.598393Z,3,"HHE,HHN,HHZ",15001,100.0,ok,
PTGC.2023.233.02.19.26,PTGC,2023.233.02.19.26,2023-08-21T02:19:26.998393Z,3,"HHE,HHN,HHZ",15001,100.0,ok,
PTGC.2023.233.02.28.03,PTGC,2023.233.02.28.03,2023-08-21T02:28:03.648393Z,3,"HHE,HHN,HHZ",15001,100.0,ok,
PTGC.2023.233.03.19.27,PTGC,2023.233.03.19.27,2023-08-21T03:19:27.728393Z,3,"HHE,HHN,HHZ",15001,100.0,ok,
PTGC.2023.233.05.35.30,PTGC,2023.233.05.35.30,2023-08-21T05:35:30.428391Z,3,"HHE,HHN,HHZ",15001,100.0,ok,
PTGC.2023.233.05.59.11,PTGC,2023.233.05.59.11,2023-08-21T05:59:11.298393Z,3,"HHE,HHN,HHZ",15001,100.0,ok,
PTGC.2023.233.09.39.38,PTGC,2023.233.09.39.38,2023-08-21T09:39:38.438393Z,3,"HHE,HHN,HHZ",15001,100.0,ok,
PTGC.2023.233.10.03.35,PTGC,2023.233.10.03.35,2023-08-21T10:03:35.708393Z,3,"HHE,HHN,HHZ",15001,100.0,ok,
PTGC.2023.233.10.45.55,PTGC,2023.233.10.45.55,2023-08-21T10:45:55.658393Z,3,"HHE,HHN,HHZ",15001,100.0,ok,
PTGC.2023.233.14.05.29,PTGC,2023.233.14.05.29,2023-08-21T14:05:29.018393Z,3,"HHE,HHN,HHZ",15001,100.0,ok,
PTGC.2023.233.14.53.17,PTGC,2023.233.14.53.17,2023-08-21T14:53:17.388393Z,3,"HHE,HHN,HHZ",15001,100.0,ok,
PTGC.2023.233.16.27.02,PTGC,2023.233.16.27.02,2023-08-21T16:27:02.488393Z,3,"HHE,HHN,HHZ",15001,100.0,ok,
PTGC.2023.233.21.44.40,PTGC,2023.233.21.44.40,2023-08-21T21:44:40.618393Z,3,"HHE,HHN,HHZ",15001,100.0,ok,
PTGC.2023.233.22.07.20,PTGC,2023.233.22.07.20,2023-08-21T22:07:20.818393Z,3,"HHE,HHN,HHZ",15001,100.0,ok,
PTGC.2023.233.22.36.13,PTGC,2023.233.22.36.13,2023-08-21T22:36:13.488393Z,3,"HHE,HHN,HHZ",15001,100.0,ok,
PTGC.2023.234.02.31.22,PTGC,2023.234.02.31.22,2023-08-22T02:31:22.008393Z,3,"HHE,HHN,HHZ",15001,100.0,ok,
PTGC.2023.234.02.38.05,PTGC,2023.234.02.38.05,2023-08-22T02:38:05.338391Z,3,"HHE,HHN,HHZ",15001,100.0,ok,
PTGC.2023.234.02.51.26,PTGC,2023.234.02.51.26,2023-08-22T02:51:26.158393Z,3,"HHE,HHN,HHZ",15001,100.0,ok,
PTGC.2023.234.02.52.40,PTGC,2023.234.02.52.40,2023-08-22T02:52:40.048393Z,3,"HHE,HHN,HHZ",15001,100.0,ok,
PTGC.2023.234.03.40.58,PTGC,2023.234.03.40.58,2023-08-22T03:40:58.288393Z,3,"HHE,HHN,HHZ",15001,100.0,ok,
PTGC.2023.234.04.21.51,PTGC,2023.234.04.21.51,2023-08-22T04:21:51.958393Z,3,"HHE,HHN,HHZ",15001,100.0,ok,
PTGC.2023.234.06.53.09,PTGC,2023.234.06.53.09,2023-08-22T06:53:09.888393Z,3,"HHE,HHN,HHZ",15001,100.0,ok,
PTGC.2023.234.08.09.49,PTGC,2023.234.08.09.49,2023-08-22T08:09:49.838393Z,3,"HHE,HHN,HHZ",15001,100.0,ok,
PTGC.2023.234.09.50.45,PTGC,2023.234.09.50.45,2023-08-22T09:50:45.948393Z,3,"HHE,HHN,HHZ",15001,100.0,ok,
PTGC.2023.234.10.22.59,PTGC,2023.234.10.22.59,2023-08-22T10:22:59.458393Z,3,"HHE,HHN,HHZ",15001,100.0,ok,
PTGC.2023.234.20.08.08,PTGC,2023.234.20.08.08,2023-08-22T20:08:08.868393Z,3,"HHE,HHN,HHZ",15001,100.0,ok,
PTGC.2023.235.06.29.03,PTGC,2023.235.06.29.03,2023-08-23T06:29:03.138393Z,3,"HHE,HHN,HHZ",15001,100.0,ok,
PTGC.2023.235.10.54.41,PTGC,2023.235.10.54.41,2023-08-23T10:54:41.008393Z,3,"HHE,HHN,HHZ",15001,100.0,ok,
PTGC.2023.235.15.45.13,PTGC,2023.235.15.45.13,2023-08-23T15:45:13.888393Z,3,"HHE,HHN,HHZ",15001,100.0,ok,
PTGC.2023.235.20.46.11,PTGC,2023.235.20.46.11,2023-08-23T20:46:11.398393Z,3,"HHE,HHN,HHZ",15001,100.0,ok,
PTGC.2023.235.20.46.24,PTGC,2023.235.20.46.24,2023-08-23T20:46:24.408393Z,3,"HHE,HHN,HHZ",15001,100.0,ok,
PTGC.2023.235.23.57.46,PTGC,2023.235.23.57.46,2023-08-23T23:57:46.748393Z,3,"HHE,HHN,HHZ",15001,100.0,ok,
PTGC.2023.236.00.25.13,PTGC,2023.236.00.25.13,2023-08-24T00:25:13.148393Z,3,"HHE,HHN,HHZ",15001,100.0,ok,
PTGC.2023.236.00.54.50,PTGC,2023.236.00.54.50,2023-08-24T00:54:50.688393Z,3,"HHE,HHN,HHZ",15001,100.0,ok,
PTGC.2023.236.01.53.50,PTGC,2023.236.01.53.50,2023-08-24T01:53:50.298393Z,3,"HHE,HHN,HHZ",15001,100.0,ok,
PTGC.2023.236.06.58.58,PTGC,2023.236.06.58.58,2023-08-24T06:58:58.118393Z,3,"HHE,HHN,HHZ",15001,100.0,ok,
PTGC.2023.236.12.22.46,PTGC,2023.236.12.22.46,2023-08-24T12:22:46.198393Z,3,"HHE,HHN,HHZ",15001,100.0,ok,
PTGC.2023.237.04.25.57,PTGC,2023.237.04.25.57,2023-08-25T04:25:57.098393Z,3,"HHE,HHN,HHZ",15001,100.0,ok,
PTGC.2023.237.04.26.00,PTGC,2023.237.04.26.00,2023-08-25T04:26:00.638391Z,3,"HHE,HHN,HHZ",15001,100.0,ok,
PTGC.2023.237.07.56.41,PTGC,2023.237.07.56.41,2023-08-25T07:56:41.278393Z,3,"HHE,HHN,HHZ",15001,100.0,ok,
PTGC.2023.237.11.49.29,PTGC,2023.237.11.49.29,2023-08-25T11:49:29.558393Z,3,"HHE,HHN,HHZ",15001,100.0,ok,
PTGC.2023.237.12.23.06,PTGC,2023.237.12.23.06,2023-08-25T12:23:06.708394Z,3,"HHE,HHN,HHZ",15001,100.0,ok,
PTGC.2023.237.22.23.36,PTGC,2023.237.22.23.36,2023-08-25T22:23:36.418393Z,3,"HHE,HHN,HHZ",15001,100.0,ok,
PTGC.2023.238.00.36.57,PTGC,2023.238.00.36.57,2023-08-26T00:36:57.558393Z,3,"HHE,HHN,HHZ",15001,100.0,ok,
PTGC.2023.238.01.06.55,PTGC,2023.238.01.06.55,2023-08-26T01:06:55.908393Z,3,"HHE,HHN,HHZ",15001,100.0,ok,
PTGC.2023.238.01.36.44,PTGC,2023.238.01.36.44,2023-08-26T01:36:44.708393Z,3,"HHE,HHN,HHZ",15001,100.0,ok,
PTGC.2023.238.03.34.12,PTGC,2023.238.03.34.12,2023-08-26T03:34:12.008393Z,3,"HHE,HHN,HHZ",15001,100.0,ok,
PTGC.2023.238.05.50.08,PTGC,2023.238.05.50.08,2023-08-26T05:50:08.208393Z,3,"HHE,HHN,HHZ",15001,100.0,ok,
PTGC.2023.238.05.52.29,PTGC,2023.238.05.52.29,2023-08-26T05:52:29.018393Z,3,"HHE,HHN,HHZ",15001,100.0,ok,
PTGC.2023.238.15.53.58,PTGC,2023.238.15.53.58,2023-08-26T15:53:58.328393Z,3,"HHE,HHN,HHZ",15001,100.0,ok,
PTGC.2023.239.00.51.34,PTGC,2023.239.00.51.34,2023-08-27T00:51:34.838393Z,3,"HHE,HHN,HHZ",15001,100.0,ok,
PTGC.2023.239.04.10.15,PTGC,2023.239.04.10.15,2023-08-27T04:10:15.098393Z,3,"HHE,HHN,HHZ",15001,100.0,ok,
PTGC.2023.239.05.49.58,PTGC,2023.239.05.49.58,2023-08-27T05:49:58.468393Z,3,"HHE,HHN,HHZ",15001,100.0,ok,
PTGC.2023.239.07.36.33,PTGC,2023.239.07.36.33,2023-08-27T07:36:33.548393Z,3,"HHE,HHN,HHZ",15001,100.0,ok,
PTGC.2023.239.14.38.49,PTGC,2023.239.14.38.49,2023-08-27T14:38:49.538393Z,3,"HHE,HHN,HHZ",15001,100.0,ok,
PTGC.2023.239.20.50.29,PTGC,2023.239.20.50.29,2023-08-27T20:50:29.978393Z,3,"HHE,HHN,HHZ",15001,100.0,ok,
PTGC.2023.239.21.07.25,PTGC,2023.239.21.07.25,2023-08-27T21:07:25.988393Z,3,"HHE,HHN,HHZ",15001,100.0,ok,
PTGC.2023.240.00.34.50,PTGC,2023.240.00.34.50,2023-08-28T00:34:50.048393Z,3,"HHE,HHN,HHZ",15001,100.0,ok,
PTGC.2023.240.02.45.26,PTGC,2023.240.02.45.26,2023-08-28T02:45:26.218393Z,3,"HHE,HHN,HHZ",15001,100.0,ok,
PTGC.2023.240.11.39.34,PTGC,2023.240.11.39.34,2023-08-28T11:39:34.788393Z,3,"HHE,HHN,HHZ",15001,100.0,ok,
PTGC.2023.240.15.17.07,PTGC,2023.240.15.17.07,2023-08-28T15:17:07.478393Z,3,"HHE,HHN,HHZ",15001,100.0,ok,
PTGC.2023.240.16.10.29,PTGC,2023.240.16.10.29,2023-08-28T16:10:29.458393Z,3,"HHE,HHN,HHZ",15001,100.0,ok,
PTGC.2023.240.16.51.42,PTGC,2023.240.16.51.42,2023-08-28T16:51:42.158393Z,3,"HHE,HHN,HHZ",15001,100.0,ok,
PTGC.2023.240.22.09.37,PTGC,2023.240.22.09.37,2023-08-28T22:09:37.228393Z,3,"HHE,HHN,HHZ",15001,100.0,ok,
PTGC.2023.241.05.07.35,PTGC,2023.241.05.07.35,2023-08-29T05:07:35.498393Z,3,"HHE,HHN,HHZ",15001,100.0,ok,
PTGC.2023.241.11.20.16,PTGC,2023.241.11.20.16,2023-08-29T11:20:16.228393Z,3,"HHE,HHN,HHZ",15001,100.0,ok,
PTGC.2023.241.17.35.24,PTGC,2023.241.17.35.24,2023-08-29T17:35:24.498393Z,3,"HHE,HHN,HHZ",15001,100.0,ok,
PTGC.2023.241.17.43.11,PTGC,2023.241.17.43.11,2023-08-29T17:43:11.008393Z,3,"HHE,HHN,HHZ",15001,100.0,ok,
PTGC.2023.241.18.04.04,PTGC,2023.241.18.04.04,2023-08-29T18:04:04.308393Z,3,"HHE,HHN,HHZ",15001,100.0,ok,
PTGC.2023.241.19.51.39,PTGC,2023.241.19.51.39,2023-08-29T19:51:39.508391Z,3,"HHE,HHN,HHZ",15001,100.0,ok,
PTGC.2023.241.21.03.08,PTGC,2023.241.21.03.08,2023-08-29T21:03:08.308393Z,3,"HHE,HHN,HHZ",15001,100.0,ok,
PTGC.2023.242.07.55.43,PTGC,2023.242.07.55.43,2023-08-30T07:55:43.768393Z,3,"HHE,HHN,HHZ",15001,100.0,ok,
PTGC.2023.242.10.37.46,PTGC,2023.242.10.37.46,2023-08-30T10:37:46.458393Z,3,"HHE,HHN,HHZ",15001,100.0,ok,
PTGC.2023.242.18.50.48,PTGC,2023.242.18.50.48,2023-08-30T18:50:48.038391Z,3,"HHE,HHN,HHZ",15001,100.0,ok,
PTGC.2023.242.21.35.53,PTGC,2023.242.21.35.53,2023-08-30T21:35:53.298393Z,3,"HHE,HHN,HHZ",15001,100.0,ok,
PTGC.2023.243.01.09.06,PTGC,2023.243.01.09.06,2023-08-31T01:09:06.218393Z,3,"HHE,HHN,HHZ",15001,100.0,ok,
PTGC.2023.243.11.02.52,PTGC,2023.243.11.02.52,2023-08-31T11:02:52.878393Z,3,"HHE,HHN,HHZ",15001,100.0,ok,
PTGC.2023.243.15.36.08,PTGC,2023.243.15.36.08,2023-08-31T15:36:08.468393Z,3,"HHE,HHN,HHZ",15001,100.0,ok,
PTGC.2023.244.02.08.03,PTGC,2023.244.02.08.03,2023-09-01T02:08:03.958393Z,3,"HHE,HHN,HHZ",15001,100.0,ok,
PTGC.2023.244.04.39.22,PTGC,2023.244.04.39.22,2023-09-01T04:39:22.188393Z,3,"HHE,HHN,HHZ",15001,100.0,ok,
PTGC.2023.244.08.19.05,PTGC,2023.244.08.19.05,2023-09-01T08:19:05.028393Z,3,"HHE,HHN,HHZ",15001,100.0,ok,
PTGC.2023.244.11.49.28,PTGC,2023.244.11.49.28,2023-09-01T11:49:28.318393Z,3,"HHE,HHN,HHZ",15001,100.0,ok,
PTGC.2023.244.12.42.57,PTGC,2023.244.12.42.57,2023-09-01T12:42:57.918393Z,3,"HHE,HHN,HHZ",15001,100.0,ok,
PTGC.2023.244.21.01.41,PTGC,2023.244.21.01.41,2023-09-01T21:01:41.458393Z,3,"HHE,HHN,HHZ",15001,100.0,ok,
PTGC.2023.245.00.00.32,PTGC,2023.245.00.00.32,2023-09-02T00:00:32.998393Z,3,"HHE,HHN,HHZ",15001,100.0,ok,
PTGC.2023.245.00.40.05,PTGC,2023.245.00.40.05,2023-09-02T00:40:05.168393Z,3,"HHE,HHN,HHZ",15001,100.0,ok,
PTGC.2023.245.04.44.30,PTGC,2023.245.04.44.30,2023-09-02T04:44:30.828393Z,3,"HHE,HHN,HHZ",15001,100.0,ok,
PTGC.2023.245.13.35.35,PTGC,2023.245.13.35.35,2023-09-02T13:35:35.478393Z,3,"HHE,HHN,HHZ",15001,100.0,ok,
PTGC.2023.245.19.08.51,PTGC,2023.245.19.08.51,2023-09-02T19:08:51.398393Z,3,"HHE,HHN,HHZ",15001,100.0,ok,
PTGC.2023.245.19.56.40,PTGC,2023.245.19.56.40,2023-09-02T19:56:40.758393Z,3,"HHE,HHN,HHZ",15001,100.0,ok,
PTGC.2023.246.01.33.25,PTGC,2023.246.01.33.25,2023-09-03T01:33:25.098393Z,3,"HHE,HHN,HHZ",15001,100.0,ok,
PTGC.2023.246.06.57.55,PTGC,2023.246.06.57.55,2023-09-03T06:57:55.788393Z,3,"HHE,HHN,HHZ",15001,100.0,ok,
PTGC.2023.246.16.49.09,PTGC,2023.246.16.49.09,2023-09-03T16:49:09.418393Z,3,"HHE,HHN,HHZ",15001,100.0,ok,
PTGC.2023.247.01.54.27,PTGC,2023.247.01.54.27,2023-09-04T01:54:27.068393Z,3,"HHE,HHN,HHZ",15001,100.0,ok,
PTGC.2023.247.05.57.44,PTGC,2023.247.05.57.44,2023-09-04T05:57:44.398393Z,3,"HHE,HHN,HHZ",15001,100.0,ok,
PTGC.2023.247.05.58.52,PTGC,2023.247.05.58.52,2023-09-04T05:58:52.968393Z,3,"HHE,HHN,HHZ",15001,100.0,ok,
PTGC.2023.247.08.48.54,PTGC,2023.247.08.48.54,2023-09-04T08:48:54.448393Z,3,"HHE,HHN,HHZ",15001,100.0,ok,
PTGC.2023.247.14.24.07,PTGC,2023.247.14.24.07,2023-09-04T14:24:07.538393Z,3,"HHE,HHN,HHZ",15001,100.0,ok,
PTGC.2023.247.15.04.22,PTGC,2023.247.15.04.22,2023-09-04T15:04:22.018393Z,3,"HHE,HHN,HHZ",15001,100.0,ok,
PTGC.2023.247.17.58.24,PTGC,2023.247.17.58.24,2023-09-04T17:58:24.808393Z,3,"HHE,HHN,HHZ",15001,100.0,ok,
PTGC.2023.247.18.25.04,PTGC,2023.247.18.25.04,2023-09-04T18:25:04.338393Z,3,"HHE,HHN,HHZ",15001,100.0,ok,
PTGC.2023.247.18.34.54,PTGC,2023.247.18.34.54,2023-09-04T18:34:54.368393Z,3,"HHE,HHN,HHZ",15001,100.0,ok,
PTGC.2023.247.19.30.13,PTGC,2023.247.19.30.13,2023-09-04T19:30:13.398393Z,3,"HHE,HHN,HHZ",15001,100.0,ok,
PTGC.2023.248.03.40.36,PTGC,2023.248.03.40.36,2023-09-05T03:40:36.138394Z,3,"HHE,HHN,HHZ",15001,100.0,ok,
PTGC.2023.248.06.59.10,PTGC,2023.248.06.59.10,2023-09-05T06:59:10.358393Z,3,"HHE,HHN,HHZ",15001,100.0,ok,
PTGC.2023.248.12.09.22,PTGC,2023.248.12.09.22,2023-09-05T12:09:22.138393Z,3,"HHE,HHN,HHZ",15001,100.0,ok,
PTGC.2023.248.18.40.49,PTGC,2023.248.18.40.49,2023-09-05T18:40:49.488391Z,3,"HHE,HHN,HHZ",15001,100.0,ok,
PTGC.2023.248.18.51.29,PTGC,2023.248.18.51.29,2023-09-05T18:51:29.228393Z,3,"HHE,HHN,HHZ",15001,100.0,ok,
PTGC.2023.248.19.07.18,PTGC,2023.248.19.07.18,2023-09-05T19:07:18.488393Z,3,"HHE,HHN,HHZ",15001,100.0,ok,
PTGC.2023.248.19.14.22,PTGC,2023.248.19.14.22,2023-09-05T19:14:22.458393Z,3,"HHE,HHN,HHZ",15001,100.0,ok,
PTGC.2023.249.16.01.43,PTGC,2023.249.16.01.43,2023-09-06T16:01:43.818393Z,3,"HHE,HHN,HHZ",15001,100.0,ok,
PTGC.2023.249.17.27.19,PTGC,2023.249.17.27.19,2023-09-06T17:27:19.178393Z,3,"HHE,HHN,HHZ",15001,100.0,ok,
PTGC.2023.249.19.56.43,PTGC,2023.249.19.56.43,2023-09-06T19:56:43.118393Z,3,"HHE,HHN,HHZ",15001,100.0,ok,
PTGC.2023.250.02.56.08,PTGC,2023.250.02.56.08,2023-09-07T02:56:08.848393Z,3,"HHE,HHN,HHZ",15001,100.0,ok,
PTGC.2023.250.08.00.12,PTGC,2023.250.08.00.12,2023-09-07T08:00:12.708391Z,3,"HHE,HHN,HHZ",15001,100.0,ok,
PTGC.2023.250.12.28.50,PTGC,2023.250.12.28.50,2023-09-07T12:28:50.728393Z,3,"HHE,HHN,HHZ",15001,100.0,ok,
PTGC.2023.250.16.41.43,PTGC,2023.250.16.41.43,2023-09-07T16:41:43.458393Z,3,"HHE,HHN,HHZ",15001,100.0,ok,
PTGC.2023.250.16.44.22,PTGC,2023.250.16.44.22,2023-09-07T16:44:22.028393Z,3,"HHE,HHN,HHZ",15001,100.0,ok,
PTGC.2023.250.16.49.28,PTGC,2023.250.16.49.28,2023-09-07T16:49:28.118393Z,3,"HHE,HHN,HHZ",15001,100.0,ok,
PTGC.2023.250.22.54.26,PTGC,2023.250.22.54.26,2023-09-07T22:54:26.778393Z,3,"HHE,HHN,HHZ",15001,100.0,ok,
PTGC.2023.251.01.12.31,PTGC,2023.251.01.12.31,2023-09-08T01:12:31.558393Z,3,"HHE,HHN,HHZ",15001,100.0,ok,
PTGC.2023.251.14.19.22,PTGC,2023.251.14.19.22,2023-09-08T14:19:22.638393Z,3,"HHE,HHN,HHZ",15001,100.0,ok,
PTGC.2023.251.19.48.18,PTGC,2023.251.19.48.18,2023-09-08T19:48:18.258393Z,3,"HHE,HHN,HHZ",15001,100.0,ok,
PTGC.2023.252.03.01.22,PTGC,2023.252.03.01.22,2023-09-09T03:01:22.218393Z,3,"HHE,HHN,HHZ",15001,100.0,ok,
PTGC.2023.252.05.35.54,PTGC,2023.252.05.35.54,2023-09-09T05:35:54.878393Z,3,"HHE,HHN,HHZ",15001,100.0,ok,
PTGC.2023.252.12.04.44,PTGC,2023.252.12.04.44,2023-09-09T12:04:44.408393Z,3,"HHE,HHN,HHZ",15001,100.0,ok,
PTGC.2023.252.18.32.08,PTGC,2023.252.18.32.08,2023-09-09T18:32:08.648393Z,3,"HHE,HHN,HHZ",15001,100.0,ok,
PTGC.2023.252.20.56.25,PTGC,2023.252.20.56.25,2023-09-09T20:56:25.908391Z,3,"HHE,HHN,HHZ",15001,100.0,ok,
PTGC.2023.252.22.56.41,PTGC,2023.252.22.56.41,2023-09-09T22:56:41.678393Z,3,"HHE,HHN,HHZ",15001,100.0,ok,
PTGC.2023.253.01.05.04,PTGC,2023.253.01.05.04,2023-09-10T01:05:04.348393Z,3,"HHE,HHN,HHZ",15001,100.0,ok,
PTGC.2023.253.01.27.46,PTGC,2023.253.01.27.46,2023-09-10T01:27:46.338393Z,3,"HHE,HHN,HHZ",15001,100.0,ok,
PTGC.2023.253.20.25.17,PTGC,2023.253.20.25.17,2023-09-10T20:25:17.378393Z,3,"HHE,HHN,HHZ",15001,100.0,ok,
PTGC.2023.253.20.28.24,PTGC,2023.253.20.28.24,2023-09-10T20:28:24.988393Z,3,"HHE,HHN,HHZ",15001,100.0,ok,
PTGC.2023.254.00.42.55,PTGC,2023.254.00.42.55,2023-09-11T00:42:55.488393Z,3,"HHE,HHN,HHZ",15001,100.0,ok,
PTGC.2023.254.04.49.46,PTGC,2023.254.04.49.46,2023-09-11T04:49:46.528393Z,3,"HHE,HHN,HHZ",15001,100.0,ok,
PTGC.2023.254.12.36.42,PTGC,2023.254.12.36.42,2023-09-11T12:36:42.148391Z,3,"HHE,HHN,HHZ",15001,100.0,ok,
PTGC.2023.254.15.28.12,PTGC,2023.254.15.28.12,2023-09-11T15:28:12.428393Z,3,"HHE,HHN,HHZ",15001,100.0,ok,
PTGC.2023.254.16.56.46,PTGC,2023.254.16.56.46,2023-09-11T16:56:46.968393Z,3,"HHE,HHN,HHZ",15001,100.0,ok,
PTGC.2023.254.16.56.54,PTGC,2023.254.16.56.54,2023-09-11T16:56:54.118393Z,3,"HHE,HHN,HHZ",15001,100.0,ok,
PTGC.2023.255.14.19.14,PTGC,2023.255.14.19.14,2023-09-12T14:19:14.368393Z,3,"HHE,HHN,HHZ",15001,100.0,ok,
PTGC.2023.256.03.52.29,PTGC,2023.256.03.52.29,2023-09-13T03:52:29.748393Z,3,"HHE,HHN,HHZ",15001,100.0,ok,
PTGC.2023.256.04.16.23,PTGC,2023.256.04.16.23,2023-09-13T04:16:23.568393Z,3,"HHE,HHN,HHZ",15001,100.0,ok,
PTGC.2023.256.06.44.00,PTGC,2023.256.06.44.00,2023-09-13T06:44:00.978393Z,3,"HHE,HHN,HHZ",15001,100.0,ok,
PTGC.2023.256.10.59.10,PTGC,2023.256.10.59.10,2023-09-13T10:59:10.248393Z,3,"HHE,HHN,HHZ",15001,100.0,ok,
PTGC.2023.256.11.03.53,PTGC,2023.256.11.03.53,2023-09-13T11:03:53.908393Z,3,"HHE,HHN,HHZ",15001,100.0,ok,
PTGC.2023.256.11.16.54,PTGC,2023.256.11.16.54,2023-09-13T11:16:54.288393Z,3,"HHE,HHN,HHZ",15001,100.0,ok,
PTGC.2023.256.15.42.03,PTGC,2023.256.15.42.03,2023-09-13T15:42:03.628393Z,3,"HHE,HHN,HHZ",15001,100.0,ok,
PTGC.2023.256.16.59.38,PTGC,2023.256.16.59.38,2023-09-13T16:59:38.368391Z,3,"HHE,HHN,HHZ",15001,100.0,ok,
PTGC.2023.257.07.52.20,PTGC,2023.257.07.52.20,2023-09-14T07:52:20.018393Z,3,"HHE,HHN,HHZ",15001,100.0,ok,
PTGC.2023.257.11.44.11,PTGC,2023.257.11.44.11,2023-09-14T11:44:11.388393Z,3,"HHE,HHN,HHZ",15001,100.0,ok,
PTGC.2023.257.12.53.13,PTGC,2023.257.12.53.13,2023-09-14T12:53:13.128393Z,3,"HHE,HHN,HHZ",15001,100.0,ok,
PTGC.2023.257.17.07.19,PTGC,2023.257.17.07.19,2023-09-14T17:07:19.558393Z,3,"HHE,HHN,HHZ",15001,100.0,ok,
PTGC.2023.257.19.52.32,PTGC,2023.257.19.52.32,2023-09-14T19:52:32.908393Z,3,"HHE,HHN,HHZ",15001,100.0,ok,
PTGC.2023.258.06.37.03,PTGC,2023.258.06.37.03,2023-09-15T06:37:03.858393Z,3,"HHE,HHN,HHZ",15001,100.0,ok,
PTGC.2023.258.09.57.42,PTGC,2023.258.09.57.42,2023-09-15T09:57:42.608393Z,3,"HHE,HHN,HHZ",15001,100.0,ok,
PTGC.2023.258.14.25.07,PTGC,2023.258.14.25.07,2023-09-15T14:25:07.268393Z,3,"HHE,HHN,HHZ",15001,100.0,ok,
PTGC.2023.258.15.22.10,PTGC,2023.258.15.22.10,2023-09-15T15:22:10.148393Z,3,"HHE,HHN,HHZ",15001,100.0,ok,
PTGC.2023.258.23.34.30,PTGC,2023.258.23.34.30,2023-09-15T23:34:30.908393Z,3,"HHE,HHN,HHZ",15001,100.0,ok,
PTGC.2023.259.03.40.27,PTGC,2023.259.03.40.27,2023-09-16T03:40:27.618393Z,3,"HHE,HHN,HHZ",15001,100.0,ok,
PTGC.2023.259.09.06.55,PTGC,2023.259.09.06.55,2023-09-16T09:06:55.148393Z,3,"HHE,HHN,HHZ",15001,100.0,ok,
PTGC.2023.259.12.15.42,PTGC,2023.259.12.15.42,2023-09-16T12:15:42.558393Z,3,"HHE,HHN,HHZ",15001,100.0,ok,
PTGC.2023.259.12.54.51,PTGC,2023.259.12.54.51,2023-09-16T12:54:51.838391Z,3,"HHE,HHN,HHZ",15001,100.0,ok,
PTGC.2023.259.13.49.32,PTGC,2023.259.13.49.32,2023-09-16T13:49:32.248393Z,3,"HHE,HHN,HHZ",15001,100.0,ok,
PTGC.2023.260.06.43.23,PTGC,2023.260.06.43.23,2023-09-17T06:43:23.758393Z,3,"HHE,HHN,HHZ",15001,100.0,ok,
PTGC.2023.260.12.27.01,PTGC,2023.260.12.27.01,2023-09-17T12:27:01.528393Z,3,"HHE,HHN,HHZ",15001,100.0,ok,
PTGC.2023.260.14.22.09,PTGC,2023.260.14.22.09,2023-09-17T14:22:09.128393Z,3,"HHE,HHN,HHZ",15001,100.0,ok,
PTGC.2023.260.18.22.18,PTGC,2023.260.18.22.18,2023-09-17T18:22:18.558393Z,3,"HHE,HHN,HHZ",15001,100.0,ok,
PTGC.2023.260.21.12.57,PTGC,2023.260.21.12.57,2023-09-17T21:12:57.798393Z,3,"HHE,HHN,HHZ",15001,100.0,ok,
PTGC.2023.261.00.18.55,PTGC,2023.261.00.18.55,2023-09-18T00:18:55.528393Z,3,"HHE,HHN,HHZ",15001,100.0,ok,
PTGC.2023.261.02.09.40,PTGC,2023.261.02.09.40,2023-09-18T02:09:40.828393Z,3,"HHE,HHN,HHZ",15001,100.0,ok,
PTGC.2023.261.05.23.03,PTGC,2023.261.05.23.03,2023-09-18T05:23:03.908393Z,3,"HHE,HHN,HHZ",15001,100.0,ok,
PTGC.2023.261.10.03.09,PTGC,2023.261.10.03.09,2023-09-18T10:03:09.608393Z,3,"HHE,HHN,HHZ",15001,100.0,ok,
PTGC.2023.262.02.04.37,PTGC,2023.262.02.04.37,2023-09-19T02:04:37.978393Z,3,"HHE,HHN,HHZ",15001,100.0,ok,
PTGC.2023.262.03.52.55,PTGC,2023.262.03.52.55,2023-09-19T03:52:55.638393Z,3,"HHE,HHN,HHZ",15001,100.0,ok,
PTGC.2023.262.07.32.26,PTGC,2023.262.07.32.26,2023-09-19T07:32:26.348393Z,3,"HHE,HHN,HHZ",15001,100.0,ok,
PTGC.2023.262.09.22.52,PTGC,2023.262.09.22.52,2023-09-19T09:22:52.578393Z,3,"HHE,HHN,HHZ",15001,100.0,ok,
PTGC.2023.263.04.40.09,PTGC,2023.263.04.40.09,2023-09-20T04:40:09.048393Z,3,"HHE,HHN,HHZ",15001,100.0,ok,
PTGC.2023.263.12.01.28,PTGC,2023.263.12.01.28,2023-09-20T12:01:28.428393Z,3,"HHE,HHN,HHZ",15001,100.0,ok,
PTGC.2023.264.01.58.18,PTGC,2023.264.01.58.18,2023-09-21T01:58:18.028393Z,3,"HHE,HHN,HHZ",15001,100.0,ok,
PTGC.2023.264.05.52.14,PTGC,2023.264.05.52.14,2023-09-21T05:52:14.058393Z,3,"HHE,HHN,HHZ",15001,100.0,ok,
PTGC.2023.265.03.38.53,PTGC,2023.265.03.38.53,2023-09-22T03:38:53.908393Z,3,"HHE,HHN,HHZ",15001,100.0,ok,
PTGC.2023.265.05.20.20,PTGC,2023.265.05.20.20,2023-09-22T05:20:20.098393Z,3,"HHE,HHN,HHZ",15001,100.0,ok,
PTGC.2023.265.07.33.39,PTGC,2023.265.07.33.39,2023-09-22T07:33:39.968393Z,3,"HHE,HHN,HHZ",15001,100.0,ok,
PTGC.2023.265.15.49.57,PTGC,2023.265.15.49.57,2023-09-22T15:49:57.318393Z,3,"HHE,HHN,HHZ",15001,100.0,ok,
PTGC.2023.266.06.18.41,PTGC,2023.266.06.18.41,2023-09-23T06:18:41.088393Z,3,"HHE,HHN,HHZ",15001,100.0,ok,
PTGC.2023.266.12.02.05,PTGC,2023.266.12.02.05,2023-09-23T12:02:05.438393Z,3,"HHE,HHN,HHZ",15001,100.0,ok,
PTGC.2023.266.12.34.35,PTGC,2023.266.12.34.35,2023-09-23T12:34:35.428393Z,3,"HHE,HHN,HHZ",15001,100.0,ok,
PTGC.2023.266.17.21.24,PTGC,2023.266.17.21.24,2023-09-23T17:21:24.078393Z,3,"HHE,HHN,HHZ",15001,100.0,ok,
PTGC.2023.266.17.36.08,PTGC,2023.266.17.36.08,2023-09-23T17:36:08.898393Z,3,"HHE,HHN,HHZ",15001,100.0,ok,
PTGC.2023.266.20.42.58,PTGC,2023.266.20.42.58,2023-09-23T20:42:58.798393Z,3,"HHE,HHN,HHZ",15001,100.0,ok,
PTGC.2023.266.22.28.50,PTGC,2023.266.22.28.50,2023-09-23T22:28:50.138394Z,3,"HHE,HHN,HHZ",15001,100.0,ok,
PTGC.2023.267.03.59.39,PTGC,2023.267.03.59.39,2023-09-24T03:59:39.398393Z,3,"HHE,HHN,HHZ",15001,100.0,ok,
PTGC.2023.267.06.47.00,PTGC,2023.267.06.47.00,2023-09-24T06:47:00.298393Z,3,"HHE,HHN,HHZ",15001,100.0,ok,
PTGC.2023.267.18.10.24,PTGC,2023.267.18.10.24,2023-09-24T18:10:24.598393Z,3,"HHE,HHN,HHZ",15001,100.0,ok,
PTGC.2023.267.19.59.22,PTGC,2023.267.19.59.22,2023-09-24T19:59:22.178393Z,3,"HHE,HHN,HHZ",15001,100.0,ok,
PTGC.2023.267.21.04.41,PTGC,2023.267.21.04.41,2023-09-24T21:04:41.318393Z,3,"HHE,HHN,HHZ",15001,100.0,ok,
PTGC.2023.268.03.31.12,PTGC,2023.268.03.31.12,2023-09-25T03:31:12.668393Z,3,"HHE,HHN,HHZ",15001,100.0,ok,
PTGC.2023.268.11.00.31,PTGC,2023.268.11.00.31,2023-09-25T11:00:31.438393Z,3,"HHE,HHN,HHZ",15001,100.0,ok,
PTGC.2023.268.13.46.43,PTGC,2023.268.13.46.43,2023-09-25T13:46:43.788393Z,3,"HHE,HHN,HHZ",15001,100.0,ok,
PTGC.2023.268.18.02.53,PTGC,2023.268.18.02.53,2023-09-25T18:02:53.338391Z,3,"HHE,HHN,HHZ",15001,100.0,ok,
PTGC.2023.268.22.03.15,PTGC,2023.268.22.03.15,2023-09-25T22:03:14.998393Z,3,"HHE,HHN,HHZ",15001,100.0,ok,
PTGC.2023.269.09.24.30,PTGC,2023.269.09.24.30,2023-09-26T09:24:30.458391Z,3,"HHE,HHN,HHZ",15001,100.0,ok,
PTGC.2023.269.23.19.44,PTGC,2023.269.23.19.44,2023-09-26T23:19:44.228393Z,3,"HHE,HHN,HHZ",15001,100.0,ok,
PTGC.2023.269.23.57.39,PTGC,2023.269.23.57.39,2023-09-26T23:57:39.208394Z,3,"HHE,HHN,HHZ",15001,100.0,ok,
PTGC.2023.270.04.44.52,PTGC,2023.270.04.44.52,2023-09-27T04:44:52.388393Z,3,"HHE,HHN,HHZ",15001,100.0,ok,
PTGC.2023.270.07.34.17,PTGC,2023.270.07.34.17,2023-09-27T07:34:17.938393Z,3,"HHE,HHN,HHZ",15001,100.0,ok,
PTGC.2023.270.10.41.42,PTGC,2023.270.10.41.42,2023-09-27T10:41:42.738393Z,3,"HHE,HHN,HHZ",15001,100.0,ok,
PTGC.2023.270.10.54.49,PTGC,2023.270.10.54.49,2023-09-27T10:54:49.088393Z,3,"HHE,HHN,HHZ",15001,100.0,ok,
PTGC.2023.270.16.42.42,PTGC,2023.270.16.42.42,2023-09-27T16:42:42.398393Z,3,"HHE,HHN,HHZ",15001,100.0,ok,
PTGC.2023.271.04.20.53,PTGC,2023.271.04.20.53,2023-09-28T04:20:53.688391Z,3,"HHE,HHN,HHZ",15001,100.0,ok,
PTGC.2023.271.08.07.54,PTGC,2023.271.08.07.54,2023-09-28T08:07:54.298393Z,3,"HHE,HHN,HHZ",15001,100.0,ok,
PTGC.2023.272.00.07.55,PTGC,2023.272.00.07.55,2023-09-29T00:07:55.968393Z,3,"HHE,HHN,HHZ",15001,100.0,ok,
PTGC.2023.272.05.29.17,PTGC,2023.272.05.29.17,2023-09-29T05:29:17.788393Z,3,"HHE,HHN,HHZ",15001,100.0,ok,
PTGC.2023.272.07.01.21,PTGC,2023.272.07.01.21,2023-09-29T07:01:21.988393Z,3,"HHE,HHN,HHZ",15001,100.0,ok,
PTGC.2023.272.14.58.48,PTGC,2023.272.14.58.48,2023-09-29T14:58:48.798393Z,3,"HHE,HHN,HHZ",15001,100.0,ok,
PTGC.2023.272.15.50.33,PTGC,2023.272.15.50.33,2023-09-29T15:50:33.118393Z,3,"HHE,HHN,HHZ",15001,100.0,ok,
PTGC.2023.273.01.23.08,PTGC,2023.273.01.23.08,2023-09-30T01:23:08.368393Z,3,"HHE,HHN,HHZ",15001,100.0,ok,
PTGC.2023.273.10.07.21,PTGC,2023.273.10.07.21,2023-09-30T10:07:21.628393Z,3,"HHE,HHN,HHZ",15001,100.0,ok,
PTGC.2023.274.09.24.11,PTGC,2023.274.09.24.11,2023-10-01T09:24:11.808393Z,3,"HHE,HHN,HHZ",15001,100.0,ok,
PTGC.2023.274.21.08.57,PTGC,2023.274.21.08.57,2023-10-01T21:08:57.528391Z,3,"HHE,HHN,HHZ",15001,100.0,ok,
PTGC.2023.275.02.49.09,PTGC,2023.275.02.49.09,2023-10-02T02:49:09.588393Z,3,"HHE,HHN,HHZ",15001,100.0,ok,
PTGC.2023.275.13.34.58,PTGC,2023.275.13.34.58,2023-10-02T13:34:58.438393Z,3,"HHE,HHN,HHZ",15001,100.0,ok,
PTGC.2023.275.13.36.33,PTGC,2023.275.13.36.33,2023-10-02T13:36:33.168393Z,3,"HHE,HHN,HHZ",15001,100.0,ok,
PTGC.2023.275.15.45.51,PTGC,2023.275.15.45.51,2023-10-02T15:45:51.308393Z,3,"HHE,HHN,HHZ",15001,100.0,ok,
PTGC.2023.275.15.57.03,PTGC,2023.275.15.57.03,2023-10-02T15:57:03.638393Z,3,"HHE,HHN,HHZ",15001,100.0,ok,
PTGC.2023.275.23.59.06,PTGC,2023.275.23.59.06,2023-10-02T23:59:06.358393Z,3,"HHE,HHN,HHZ",15001,100.0,ok,
PTGC.2023.276.02.38.56,PTGC,2023.276.02.38.56,2023-10-03T02:38:56.008393Z,3,"HHE,HHN,HHZ",15001,100.0,ok,
PTGC.2023.276.04.09.57,PTGC,2023.276.04.09.57,2023-10-03T04:09:57.558393Z,3,"HHE,HHN,HHZ",15001,100.0,ok,
PTGC.2023.276.05.55.47,PTGC,2023.276.05.55.47,2023-10-03T05:55:47.998393Z,3,"HHE,HHN,HHZ",15001,100.0,ok,
PTGC.2023.276.21.38.10,PTGC,2023.276.21.38.10,2023-10-03T21:38:10.398393Z,3,"HHE,HHN,HHZ",15001,100.0,ok,
PTGC.2023.276.22.08.38,PTGC,2023.276.22.08.38,2023-10-03T22:08:38.508393Z,3,"HHE,HHN,HHZ",15001,100.0,ok,
PTGC.2023.277.17.13.11,PTGC,2023.277.17.13.11,2023-10-04T17:13:11.178393Z,3,"HHE,HHN,HHZ",15001,100.0,ok,
PTGC.2023.277.20.00.08,PTGC,2023.277.20.00.08,2023-10-04T20:00:08.448393Z,3,"HHE,HHN,HHZ",15001,100.0,ok,
PTGC.2023.277.22.33.57,PTGC,2023.277.22.33.57,2023-10-04T22:33:57.158393Z,3,"HHE,HHN,HHZ",15001,100.0,ok,
PTGC.2023.278.05.31.54,PTGC,2023.278.05.31.54,2023-10-05T05:31:54.328393Z,3,"HHE,HHN,HHZ",15001,100.0,ok,
PTGC.2023.278.06.59.44,PTGC,2023.278.06.59.44,2023-10-05T06:59:44.698393Z,3,"HHE,HHN,HHZ",15001,100.0,ok,
PTGC.2023.278.10.44.50,PTGC,2023.278.10.44.50,2023-10-05T10:44:50.788393Z,3,"HHE,HHN,HHZ",15001,100.0,ok,
PTGC.2023.278.14.53.47,PTGC,2023.278.14.53.47,2023-10-05T14:53:47.828393Z,3,"HHE,HHN,HHZ",15001,100.0,ok,
PTGC.2023.278.21.54.54,PTGC,2023.278.21.54.54,2023-10-05T21:54:54.648393Z,3,"HHE,HHN,HHZ",15001,100.0,ok,
PTGC.2023.279.00.53.54,PTGC,2023.279.00.53.54,2023-10-06T00:53:54.158393Z,3,"HHE,HHN,HHZ",15001,100.0,ok,
PTGC.2023.279.01.50.34,PTGC,2023.279.01.50.34,2023-10-06T01:50:34.248393Z,3,"HHE,HHN,HHZ",15001,100.0,ok,
PTGC.2023.279.11.22.54,PTGC,2023.279.11.22.54,2023-10-06T11:22:54.278391Z,3,"HHE,HHN,HHZ",15001,100.0,ok,
PTGC.2023.280.10.38.52,PTGC,2023.280.10.38.52,2023-10-07T10:38:52.908393Z,3,"HHE,HHN,HHZ",15001,100.0,ok,
PTGC.2023.281.09.04.30,PTGC,2023.281.09.04.30,2023-10-08T09:04:30.688393Z,3,"HHE,HHN,HHZ",15001,100.0,ok,
PTGC.2023.281.09.10.28,PTGC,2023.281.09.10.28,2023-10-08T09:10:28.718393Z,3,"HHE,HHN,HHZ",15001,100.0,ok,
PTGC.2023.281.09.12.07,PTGC,2023.281.09.12.07,2023-10-08T09:12:07.118393Z,3,"HHE,HHN,HHZ",15001,100.0,ok,
PTGC.2023.281.09.13.18,PTGC,2023.281.09.13.18,2023-10-08T09:13:18.578393Z,3,"HHE,HHN,HHZ",15001,100.0,ok,
PTGC.2023.281.09.23.05,PTGC,2023.281.09.23.05,2023-10-08T09:23:04.998393Z,3,"HHE,HHN,HHZ",15001,100.0,ok,
PTGC.2023.281.09.25.36,PTGC,2023.281.09.25.36,2023-10-08T09:25:36.838394Z,3,"HHE,HHN,HHZ",15001,100.0,ok,
PTGC.2023.281.09.36.37,PTGC,2023.281.09.36.37,2023-10-08T09:36:37.198393Z,3,"HHE,HHN,HHZ",15001,100.0,ok,
PTGC.2023.281.10.19.31,PTGC,2023.281.10.19.31,2023-10-08T10:19:31.838393Z,3,"HHE,HHN,HHZ",15001,100.0,ok,
PTGC.2023.281.12.27.26,PTGC,2023.281.12.27.26,2023-10-08T12:27:26.138393Z,3,"HHE,HHN,HHZ",15001,100.0,ok,
PTGC.2023.281.13.13.11,PTGC,2023.281.13.13.11,2023-10-08T13:13:11.218393Z,3,"HHE,HHN,HHZ",15001,100.0,ok,
PTGC.2023.281.23.53.36,PTGC,2023.281.23.53.36,2023-10-08T23:53:36.108393Z,3,"HHE,HHN,HHZ",15001,100.0,ok,
PTGC.2023.282.05.41.24,PTGC,2023.282.05.41.24,2023-10-09T05:41:24.988393Z,3,"HHE,HHN,HHZ",15001,100.0,ok,
PTGC.2023.282.06.44.45,PTGC,2023.282.06.44.45,2023-10-09T06:44:45.838393Z,3,"HHE,HHN,HHZ",15001,100.0,ok,
PTGC.2023.283.17.22.30,PTGC,2023.283.17.22.30,2023-10-10T17:22:30.988393Z,3,"HHE,HHN,HHZ",15001,100.0,ok,
PTGC.2023.283.21.12.24,PTGC,2023.283.21.12.24,2023-10-10T21:12:24.788393Z,3,"HHE,HHN,HHZ",15001,100.0,ok,
PTGC.2023.284.03.05.49,PTGC,2023.284.03.05.49,2023-10-11T03:05:49.688393Z,3,"HHE,HHN,HHZ",15001,100.0,ok,
PTGC.2023.284.22.14.28,PTGC,2023.284.22.14.28,2023-10-11T22:14:28.778391Z,3,"HHE,HHN,HHZ",15001,100.0,ok,
PTGC.2023.284.23.51.26,PTGC,2023.284.23.51.26,2023-10-11T23:51:26.348393Z,3,"HHE,HHN,HHZ",15001,100.0,ok,
PTGC.2023.286.00.25.03,PTGC,2023.286.00.25.03,2023-10-13T00:25:03.868393Z,3,"HHE,HHN,HHZ",15001,100.0,ok,
PTGC.2023.286.21.35.17,PTGC,2023.286.21.35.17,2023-10-13T21:35:17.098393Z,3,"HHE,HHN,HHZ",15001,100.0,ok,
PTGC.2023.286.21.37.46,PTGC,2023.286.21.37.46,2023-10-13T21:37:46.678393Z,3,"HHE,HHN,HHZ",15001,100.0,ok,
PTGC.2023.287.02.30.51,PTGC,2023.287.02.30.51,2023-10-14T02:30:51.058393Z,3,"HHE,HHN,HHZ",15001,100.0,ok,
PTGC.2023.287.08.09.07,PTGC,2023.287.08.09.07,2023-10-14T08:09:07.068393Z,3,"HHE,HHN,HHZ",15001,100.0,ok,
PTGC.2023.287.09.51.53,PTGC,2023.287.09.51.53,2023-10-14T09:51:53.068393Z,3,"HHE,HHN,HHZ",15001,100.0,ok,
PTGC.2023.287.11.30.37,PTGC,2023.287.11.30.37,2023-10-14T11:30:37.588393Z,3,"HHE,HHN,HHZ",15001,100.0,ok,
PTGC.2023.287.15.19.23,PTGC,2023.287.15.19.23,2023-10-14T15:19:23.328393Z,3,"HHE,HHN,HHZ",15001,100.0,ok,
PTGC.2023.287.17.18.44,PTGC,2023.287.17.18.44,2023-10-14T17:18:44.088391Z,3,"HHE,HHN,HHZ",15001,100.0,ok,
PTGC.2023.288.01.03.40,PTGC,2023.288.01.03.40,2023-10-15T01:03:40.588393Z,3,"HHE,HHN,HHZ",15001,100.0,ok,
PTGC.2023.288.05.28.44,PTGC,2023.288.05.28.44,2023-10-15T05:28:44.328393Z,3,"HHE,HHN,HHZ",15001,100.0,ok,
PTGC.2023.288.08.40.36,PTGC,2023.288.08.40.36,2023-10-15T08:40:36.228393Z,3,"HHE,HHN,HHZ",15001,100.0,ok,
PTGC.2023.288.10.43.48,PTGC,2023.288.10.43.48,2023-10-15T10:43:48.428393Z,3,"HHE,HHN,HHZ",15001,100.0,ok,
PTGC.2023.289.04.16.02,PTGC,2023.289.04.16.02,2023-10-16T04:16:02.428393Z,3,"HHE,HHN,HHZ",15001,100.0,ok,
PTGC.2023.289.08.07.32,PTGC,2023.289.08.07.32,2023-10-16T08:07:32.608393Z,3,"HHE,HHN,HHZ",15001,100.0,ok,
PTGC.2023.289.13.01.14,PTGC,2023.289.13.01.14,2023-10-16T13:01:14.538393Z,3,"HHE,HHN,HHZ",15001,100.0,ok,
PTGC.2023.290.09.39.32,PTGC,2023.290.09.39.32,2023-10-17T09:39:32.568393Z,3,"HHE,HHN,HHZ",15001,100.0,ok,
PTGC.2023.292.19.37.48,PTGC,2023.292.19.37.48,2023-10-19T19:37:48.728393Z,3,"HHE,HHN,HHZ",15001,100.0,ok,
PTGC.2023.292.21.06.38,PTGC,2023.292.21.06.38,2023-10-19T21:06:38.358393Z,3,"HHE,HHN,HHZ",15001,100.0,ok,
PTGC.2023.293.01.19.47,PTGC,2023.293.01.19.47,2023-10-20T01:19:47.398393Z,3,"HHE,HHN,HHZ",15000,100.0,discarded,too_short
PTGC.2023.293.05.17.33,PTGC,2023.293.05.17.33,2023-10-20T05:17:33.668393Z,3,"HHE,HHN,HHZ",15001,100.0,ok,
PTGC.2023.293.15.41.03,PTGC,2023.293.15.41.03,2023-10-20T15:41:03.168393Z,3,"HHE,HHN,HHZ",15001,100.0,ok,
PTGC.2023.293.16.21.37,PTGC,2023.293.16.21.37,2023-10-20T16:21:37.408393Z,3,"HHE,HHN,HHZ",15001,100.0,ok,
PTGC.2023.293.19.44.10,PTGC,2023.293.19.44.10,2023-10-20T19:44:10.968393Z,3,"HHE,HHN,HHZ",15001,100.0,ok,
PTGC.2023.293.21.48.58,PTGC,2023.293.21.48.58,2023-10-20T21:48:58.898393Z,3,"HHE,HHN,HHZ",15001,100.0,ok,
PTGC.2023.293.23.42.00,PTGC,2023.293.23.42.00,2023-10-20T23:42:00.528393Z,3,"HHE,HHN,HHZ",15001,100.0,ok,
PTGC.2023.294.01.31.09,PTGC,2023.294.01.31.09,2023-10-21T01:31:09.228393Z,3,"HHE,HHN,HHZ",15001,100.0,ok,
PTGC.2023.294.06.57.59,PTGC,2023.294.06.57.59,2023-10-21T06:57:59.348393Z,3,"HHE,HHN,HHZ",15001,100.0,ok,
PTGC.2023.294.13.07.48,PTGC,2023.294.13.07.48,2023-10-21T13:07:48.978393Z,3,"HHE,HHN,HHZ",15001,100.0,ok,
PTGC.2023.295.05.46.21,PTGC,2023.295.05.46.21,2023-10-22T05:46:21.328393Z,3,"HHE,HHN,HHZ",15001,100.0,ok,
PTGC.2023.295.11.21.08,PTGC,2023.295.11.21.08,2023-10-22T11:21:08.978393Z,3,"HHE,HHN,HHZ",15001,100.0,ok,
PTGC.2023.295.13.14.28,PTGC,2023.295.13.14.28,2023-10-22T13:14:28.038393Z,3,"HHE,HHN,HHZ",15001,100.0,ok,
PTGC.2023.295.13.44.28,PTGC,2023.295.13.44.28,2023-10-22T13:44:28.588393Z,3,"HHE,HHN,HHZ",15001,100.0,ok,
PTGC.2023.295.14.40.25,PTGC,2023.295.14.40.25,2023-10-22T14:40:25.198393Z,3,"HHE,HHN,HHZ",15001,100.0,ok,
PTGC.2023.295.16.23.18,PTGC,2023.295.16.23.18,2023-10-22T16:23:18.288393Z,3,"HHE,HHN,HHZ",15001,100.0,ok,
PTGC.2023.295.16.40.54,PTGC,2023.295.16.40.54,2023-10-22T16:40:54.138393Z,3,"HHE,HHN,HHZ",15001,100.0,ok,
PTGC.2023.295.23.31.13,PTGC,2023.295.23.31.13,2023-10-22T23:31:13.708391Z,3,"HHE,HHN,HHZ",15001,100.0,ok,
PTGC.2023.296.01.54.36,PTGC,2023.296.01.54.36,2023-10-23T01:54:36.868391Z,3,"HHE,HHN,HHZ",15001,100.0,ok,
PTGC.2023.296.01.57.50,PTGC,2023.296.01.57.50,2023-10-23T01:57:50.748393Z,3,"HHE,HHN,HHZ",15001,100.0,ok,
PTGC.2023.296.06.09.27,PTGC,2023.296.06.09.27,2023-10-23T06:09:27.588393Z,3,"HHE,HHN,HHZ",15001,100.0,ok,
PTGC.2023.296.06.41.24,PTGC,2023.296.06.41.24,2023-10-23T06:41:24.208391Z,3,"HHE,HHN,HHZ",15001,100.0,ok,
PTGC.2023.296.08.06.40,PTGC,2023.296.08.06.40,2023-10-23T08:06:40.588391Z,3,"HHE,HHN,HHZ",15001,100.0,ok,
PTGC.2023.296.10.48.09,PTGC,2023.296.10.48.09,2023-10-23T10:48:09.098393Z,3,"HHE,HHN,HHZ",15001,100.0,ok,
PTGC.2023.296.11.29.25,PTGC,2023.296.11.29.25,2023-10-23T11:29:25.118393Z,3,"HHE,HHN,HHZ",15001,100.0,ok,
PTGC.2023.296.12.31.41,PTGC,2023.296.12.31.41,2023-10-23T12:31:41.448393Z,3,"HHE,HHN,HHZ",15001,100.0,ok,
PTGC.2023.296.12.42.30,PTGC,2023.296.12.42.30,2023-10-23T12:42:30.408393Z,3,"HHE,HHN,HHZ",15001,100.0,ok,
PTGC.2023.297.05.31.16,PTGC,2023.297.05.31.16,2023-10-24T05:31:16.358393Z,3,"HHE,HHN,HHZ",15001,100.0,ok,
PTGC.2023.297.08.39.26,PTGC,2023.297.08.39.26,2023-10-24T08:39:26.928393Z,3,"HHE,HHN,HHZ",15001,100.0,ok,
PTGC.2023.297.15.10.00,PTGC,2023.297.15.10.00,2023-10-24T15:10:00.068393Z,3,"HHE,HHN,HHZ",15001,100.0,ok,
PTGC.2023.297.15.41.50,PTGC,2023.297.15.41.50,2023-10-24T15:41:50.478393Z,3,"HHE,HHN,HHZ",15001,100.0,ok,
PTGC.2023.297.16.21.03,PTGC,2023.297.16.21.03,2023-10-24T16:21:03.208393Z,3,"HHE,HHN,HHZ",15001,100.0,ok,
PTGC.2023.297.16.37.19,PTGC,2023.297.16.37.19,2023-10-24T16:37:19.048393Z,3,"HHE,HHN,HHZ",15001,100.0,ok,
PTGC.2023.297.16.41.08,PTGC,2023.297.16.41.08,2023-10-24T16:41:08.448393Z,3,"HHE,HHN,HHZ",15001,100.0,ok,
PTGC.2023.297.16.41.36,PTGC,2023.297.16.41.36,2023-10-24T16:41:36.388393Z,3,"HHE,HHN,HHZ",15001,100.0,ok,
PTGC.2023.297.17.01.05,PTGC,2023.297.17.01.05,2023-10-24T17:01:05.538393Z,3,"HHE,HHN,HHZ",15001,100.0,ok,
PTGC.2023.297.22.09.15,PTGC,2023.297.22.09.15,2023-10-24T22:09:15.658393Z,3,"HHE,HHN,HHZ",15001,100.0,ok,
PTGC.2023.298.00.23.03,PTGC,2023.298.00.23.03,2023-10-25T00:23:03.628393Z,3,"HHE,HHN,HHZ",15001,100.0,ok,
PTGC.2023.298.04.39.01,PTGC,2023.298.04.39.01,2023-10-25T04:39:01.478393Z,3,"HHE,HHN,HHZ",15001,100.0,ok,
PTGC.2023.298.07.20.34,PTGC,2023.298.07.20.34,2023-10-25T07:20:34.318393Z,3,"HHE,HHN,HHZ",15001,100.0,ok,
PTGC.2023.299.03.04.11,PTGC,2023.299.03.04.11,2023-10-26T03:04:11.918393Z,3,"HHE,HHN,HHZ",15001,100.0,ok,
PTGC.2023.299.06.05.02,PTGC,2023.299.06.05.02,2023-10-26T06:05:02.948393Z,3,"HHE,HHN,HHZ",15001,100.0,ok,
PTGC.2023.299.08.30.24,PTGC,2023.299.08.30.24,2023-10-26T08:30:24.648393Z,3,"HHE,HHN,HHZ",15001,100.0,ok,
PTGC.2023.299.11.34.04,PTGC,2023.299.11.34.04,2023-10-26T11:34:04.118393Z,3,"HHE,HHN,HHZ",15001,100.0,ok,
PTGC.2023.299.15.40.15,PTGC,2023.299.15.40.15,2023-10-26T15:40:15.738393Z,3,"HHE,HHN,HHZ",15001,100.0,ok,
PTGC.2023.299.16.22.13,PTGC,2023.299.16.22.13,2023-10-26T16:22:13.838393Z,3,"HHE,HHN,HHZ",15001,100.0,ok,
PTGC.2023.299.21.22.19,PTGC,2023.299.21.22.19,2023-10-26T21:22:19.008393Z,3,"HHE,HHN,HHZ",15001,100.0,ok,
PTGC.2023.300.00.30.07,PTGC,2023.300.00.30.07,2023-10-27T00:30:07.438393Z,3,"HHE,HHN,HHZ",15001,100.0,ok,
PTGC.2023.300.01.20.50,PTGC,2023.300.01.20.50,2023-10-27T01:20:50.308393Z,3,"HHE,HHN,HHZ",15001,100.0,ok,
PTGC.2023.300.03.29.45,PTGC,2023.300.03.29.45,2023-10-27T03:29:45.268391Z,3,"HHE,HHN,HHZ",15001,100.0,ok,
PTGC.2023.300.03.34.17,PTGC,2023.300.03.34.17,2023-10-27T03:34:17.338393Z,3,"HHE,HHN,HHZ",15001,100.0,ok,
PTGC.2023.300.04.28.07,PTGC,2023.300.04.28.07,2023-10-27T04:28:07.668393Z,3,"HHE,HHN,HHZ",15001,100.0,ok,
PTGC.2023.300.08.24.15,PTGC,2023.300.08.24.15,2023-10-27T08:24:15.128393Z,3,"HHE,HHN,HHZ",15001,100.0,ok,
PTGC.2023.300.10.49.57,PTGC,2023.300.10.49.57,2023-10-27T10:49:57.108393Z,3,"HHE,HHN,HHZ",15001,100.0,ok,
PTGC.2023.300.15.48.57,PTGC,2023.300.15.48.57,2023-10-27T15:48:57.378393Z,3,"HHE,HHN,HHZ",15001,100.0,ok,
PTGC.2023.301.04.42.13,PTGC,2023.301.04.42.13,2023-10-28T04:42:13.658393Z,3,"HHE,HHN,HHZ",15001,100.0,ok,
PTGC.2023.301.15.22.49,PTGC,2023.301.15.22.49,2023-10-28T15:22:49.948393Z,3,"HHE,HHN,HHZ",15001,100.0,ok,
PTGC.2023.302.04.42.32,PTGC,2023.302.04.42.32,2023-10-29T04:42:32.598393Z,3,"HHE,HHN,HHZ",15001,100.0,ok,
PTGC.2023.302.16.46.47,PTGC,2023.302.16.46.47,2023-10-29T16:46:47.658393Z,3,"HHE,HHN,HHZ",15001,100.0,ok,
PTGC.2023.303.07.14.11,PTGC,2023.303.07.14.11,2023-10-30T07:14:11.738393Z,3,"HHE,HHN,HHZ",15001,100.0,ok,
PTGC.2023.304.01.52.35,PTGC,2023.304.01.52.35,2023-10-31T01:52:35.618393Z,3,"HHE,HHN,HHZ",15001,100.0,ok,
PTGC.2023.304.04.46.15,PTGC,2023.304.04.46.15,2023-10-31T04:46:15.538393Z,3,"HHE,HHN,HHZ",15001,100.0,ok,
PTGC.2023.305.09.08.01,PTGC,2023.305.09.08.01,2023-11-01T09:08:01.658393Z,3,"HHE,HHN,HHZ",15001,100.0,ok,
PTGC.2023.306.04.41.51,PTGC,2023.306.04.41.51,2023-11-02T04:41:51.588393Z,3,"HHE,HHN,HHZ",15001,100.0,ok,
PTGC.2023.306.09.57.35,PTGC,2023.306.09.57.35,2023-11-02T09:57:35.458393Z,3,"HHE,HHN,HHZ",15001,100.0,ok,
PTGC.2023.306.23.29.44,PTGC,2023.306.23.29.44,2023-11-02T23:29:44.008393Z,3,"HHE,HHN,HHZ",15001,100.0,ok,
PTGC.2023.307.05.40.05,PTGC,2023.307.05.40.05,2023-11-03T05:40:05.508393Z,3,"HHE,HHN,HHZ",15001,100.0,ok,
PTGC.2023.307.16.14.13,PTGC,2023.307.16.14.13,2023-11-03T16:14:13.758393Z,3,"HHE,HHN,HHZ",15001,100.0,ok,
PTGC.2023.308.05.25.25,PTGC,2023.308.05.25.25,2023-11-04T05:25:25.978393Z,3,"HHE,HHN,HHZ",15001,100.0,ok,
PTGC.2023.308.05.29.19,PTGC,2023.308.05.29.19,2023-11-04T05:29:19.718393Z,3,"HHE,HHN,HHZ",15001,100.0,ok,
PTGC.2023.308.20.11.46,PTGC,2023.308.20.11.46,2023-11-04T20:11:46.068393Z,3,"HHE,HHN,HHZ",15001,100.0,ok,
PTGC.2023.309.15.23.27,PTGC,2023.309.15.23.27,2023-11-05T15:23:27.898393Z,3,"HHE,HHN,HHZ",15001,100.0,ok,
PTGC.2023.309.17.52.31,PTGC,2023.309.17.52.31,2023-11-05T17:52:31.428391Z,3,"HHE,HHN,HHZ",15001,100.0,ok,
PTGC.2023.310.00.10.15,PTGC,2023.310.00.10.15,2023-11-06T00:10:15.378393Z,3,"HHE,HHN,HHZ",15001,100.0,ok,
PTGC.2023.310.00.11.44,PTGC,2023.310.00.11.44,2023-11-06T00:11:44.958393Z,3,"HHE,HHN,HHZ",15001,100.0,ok,
PTGC.2023.310.01.03.37,PTGC,2023.310.01.03.37,2023-11-06T01:03:37.668393Z,3,"HHE,HHN,HHZ",15001,100.0,ok,
PTGC.2023.310.05.05.23,PTGC,2023.310.05.05.23,2023-11-06T05:05:23.398393Z,3,"HHE,HHN,HHZ",15001,100.0,ok,
PTGC.2023.310.11.33.23,PTGC,2023.310.11.33.23,2023-11-06T11:33:23.608393Z,3,"HHE,HHN,HHZ",15001,100.0,ok,
PTGC.2023.310.15.53.52,PTGC,2023.310.15.53.52,2023-11-06T15:53:52.988393Z,3,"HHE,HHN,HHZ",15001,100.0,ok,
PTGC.2023.311.10.09.49,PTGC,2023.311.10.09.49,2023-11-07T10:09:49.818393Z,3,"HHE,HHN,HHZ",15001,100.0,ok,
PTGC.2023.311.20.04.13,PTGC,2023.311.20.04.13,2023-11-07T20:04:13.288393Z,3,"HHE,HHN,HHZ",15001,100.0,ok,
PTGC.2023.311.21.16.30,PTGC,2023.311.21.16.30,2023-11-07T21:16:30.448393Z,3,"HHE,HHN,HHZ",15001,100.0,ok,
PTGC.2023.311.22.58.03,PTGC,2023.311.22.58.03,2023-11-07T22:58:03.818393Z,3,"HHE,HHN,HHZ",15001,100.0,ok,
PTGC.2023.312.08.47.48,PTGC,2023.312.08.47.48,2023-11-08T08:47:48.308393Z,3,"HHE,HHN,HHZ",15001,100.0,ok,
PTGC.2023.312.08.50.14,PTGC,2023.312.08.50.14,2023-11-08T08:50:14.978393Z,3,"HHE,HHN,HHZ",15001,100.0,ok,
PTGC.2023.312.09.25.16,PTGC,2023.312.09.25.16,2023-11-08T09:25:16.688393Z,3,"HHE,HHN,HHZ",15001,100.0,ok,
PTGC.2023.312.10.40.43,PTGC,2023.312.10.40.43,2023-11-08T10:40:43.258393Z,3,"HHE,HHN,HHZ",15001,100.0,ok,
PTGC.2023.313.03.37.56,PTGC,2023.313.03.37.56,2023-11-09T03:37:56.108393Z,3,"HHE,HHN,HHZ",15001,100.0,ok,
PTGC.2023.313.20.19.54,PTGC,2023.313.20.19.54,2023-11-09T20:19:54.638393Z,3,"HHE,HHN,HHZ",15001,100.0,ok,
PTGC.2023.313.23.14.04,PTGC,2023.313.23.14.04,2023-11-09T23:14:04.748393Z,3,"HHE,HHN,HHZ",15001,100.0,ok,
PTGC.2023.314.07.47.58,PTGC,2023.314.07.47.58,2023-11-10T07:47:58.198394Z,3,"HHE,HHN,HHZ",15001,100.0,ok,
PTGC.2023.314.11.45.03,PTGC,2023.314.11.45.03,2023-11-10T11:45:03.358393Z,3,"HHE,HHN,HHZ",15001,100.0,ok,
PTGC.2023.314.15.00.49,PTGC,2023.314.15.00.49,2023-11-10T15:00:49.338393Z,3,"HHE,HHN,HHZ",15001,100.0,ok,
PTGC.2023.315.13.33.56,PTGC,2023.315.13.33.56,2023-11-11T13:33:56.818393Z,3,"HHE,HHN,HHZ",15001,100.0,ok,
PTGC.2023.316.13.18.35,PTGC,2023.316.13.18.35,2023-11-12T13:18:35.748393Z,3,"HHE,HHN,HHZ",15001,100.0,ok,
PTGC.2023.316.16.38.53,PTGC,2023.316.16.38.53,2023-11-12T16:38:53.938393Z,3,"HHE,HHN,HHZ",15001,100.0,ok,
PTGC.2023.316.18.52.12,PTGC,2023.316.18.52.12,2023-11-12T18:52:12.718393Z,3,"HHE,HHN,HHZ",15001,100.0,ok,
PTGC.2023.316.21.44.05,PTGC,2023.316.21.44.05,2023-11-12T21:44:05.598391Z,3,"HHE,HHN,HHZ",15001,100.0,ok,
PTGC.2023.316.22.16.38,PTGC,2023.316.22.16.38,2023-11-12T22:16:38.038393Z,3,"HHE,HHN,HHZ",15001,100.0,ok,
PTGC.2023.317.00.33.15,PTGC,2023.317.00.33.15,2023-11-13T00:33:15.968393Z,3,"HHE,HHN,HHZ",15001,100.0,ok,
PTGC.2023.317.12.10.06,PTGC,2023.317.12.10.06,2023-11-13T12:10:06.618393Z,3,"HHE,HHN,HHZ",15001,100.0,ok,
PTGC.2023.318.08.07.46,PTGC,2023.318.08.07.46,2023-11-14T08:07:46.378393Z,3,"HHE,HHN,HHZ",15001,100.0,ok,
PTGC.2023.319.04.49.24,PTGC,2023.319.04.49.24,2023-11-15T04:49:24.898393Z,3,"HHE,HHN,HHZ",15001,100.0,ok,
PTGC.2023.319.11.24.41,PTGC,2023.319.11.24.41,2023-11-15T11:24:41.878393Z,3,"HHE,HHN,HHZ",15001,100.0,ok,
PTGC.2023.319.17.15.07,PTGC,2023.319.17.15.07,2023-11-15T17:15:07.908393Z,3,"HHE,HHN,HHZ",15001,100.0,ok,
PTGC.2023.320.08.08.06,PTGC,2023.320.08.08.06,2023-11-16T08:08:06.828393Z,3,"HHE,HHN,HHZ",15001,100.0,ok,
PTGC.2023.320.11.14.16,PTGC,2023.320.11.14.16,2023-11-16T11:14:16.748393Z,3,"HHE,HHN,HHZ",15001,100.0,ok,
PTGC.2023.320.13.44.30,PTGC,2023.320.13.44.30,2023-11-16T13:44:30.838393Z,3,"HHE,HHN,HHZ",15001,100.0,ok,
PTGC.2023.321.00.46.44,PTGC,2023.321.00.46.44,2023-11-17T00:46:44.478393Z,3,"HHE,HHN,HHZ",15001,100.0,ok,
PTGC.2023.321.07.27.51,PTGC,2023.321.07.27.51,2023-11-17T07:27:51.038393Z,3,"HHE,HHN,HHZ",15001,100.0,ok,
PTGC.2023.321.08.32.17,PTGC,2023.321.08.32.17,2023-11-17T08:32:17.628393Z,3,"HHE,HHN,HHZ",15001,100.0,ok,
PTGC.2023.321.08.51.10,PTGC,2023.321.08.51.10,2023-11-17T08:51:10.538393Z,3,"HHE,HHN,HHZ",15001,100.0,ok,
PTGC.2023.321.14.25.49,PTGC,2023.321.14.25.49,2023-11-17T14:25:49.798393Z,3,"HHE,HHN,HHZ",15001,100.0,ok,
PTGC.2023.322.00.30.41,PTGC,2023.322.00.30.41,2023-11-18T00:30:41.268393Z,3,"HHE,HHN,HHZ",15001,100.0,ok,
PTGC.2023.322.11.28.22,PTGC,2023.322.11.28.22,2023-11-18T11:28:22.948393Z,3,"HHE,HHN,HHZ",15001,100.0,ok,
PTGC.2023.322.12.07.28,PTGC,2023.322.12.07.28,2023-11-18T12:07:28.388391Z,3,"HHE,HHN,HHZ",15001,100.0,ok,
PTGC.2023.323.03.16.41,PTGC,2023.323.03.16.41,2023-11-19T03:16:41.288393Z,3,"HHE,HHN,HHZ",15001,100.0,ok,
PTGC.2023.323.07.23.14,PTGC,2023.323.07.23.14,2023-11-19T07:23:14.108393Z,3,"HHE,HHN,HHZ",15001,100.0,ok,
PTGC.2023.323.07.33.46,PTGC,2023.323.07.33.46,2023-11-19T07:33:46.328393Z,3,"HHE,HHN,HHZ",15001,100.0,ok,
PTGC.2023.323.07.47.03,PTGC,2023.323.07.47.03,2023-11-19T07:47:03.868393Z,3,"HHE,HHN,HHZ",15001,100.0,ok,
PTGC.2023.324.17.06.19,PTGC,2023.324.17.06.19,2023-11-20T17:06:19.368393Z,3,"HHE,HHN,HHZ",15001,100.0,ok,
PTGC.2023.325.15.40.14,PTGC,2023.325.15.40.14,2023-11-21T15:40:14.898393Z,3,"HHE,HHN,HHZ",15001,100.0,ok,
PTGC.2023.325.18.28.54,PTGC,2023.325.18.28.54,2023-11-21T18:28:54.428393Z,3,"HHE,HHN,HHZ",15001,100.0,ok,
PTGC.2023.326.03.00.41,PTGC,2023.326.03.00.41,2023-11-22T03:00:41.918393Z,3,"HHE,HHN,HHZ",15001,100.0,ok,
PTGC.2023.326.07.00.25,PTGC,2023.326.07.00.25,2023-11-22T07:00:25.198393Z,3,"HHE,HHN,HHZ",15001,100.0,ok,
PTGC.2023.326.07.30.33,PTGC,2023.326.07.30.33,2023-11-22T07:30:33.828391Z,3,"HHE,HHN,HHZ",15001,100.0,ok,
PTGC.2023.326.20.29.56,PTGC,2023.326.20.29.56,2023-11-22T20:29:56.098393Z,3,"HHE,HHN,HHZ",15001,100.0,ok,
PTGC.2023.326.22.15.40,PTGC,2023.326.22.15.40,2023-11-22T22:15:40.518393Z,3,"HHE,HHN,HHZ",15001,100.0,ok,
PTGC.2023.327.07.57.35,PTGC,2023.327.07.57.35,2023-11-23T07:57:35.428393Z,3,"HHE,HHN,HHZ",15001,100.0,ok,
PTGC.2023.328.03.03.37,PTGC,2023.328.03.03.37,2023-11-24T03:03:37.128393Z,3,"HHE,HHN,HHZ",15001,100.0,ok,
PTGC.2023.328.22.45.46,PTGC,2023.328.22.45.46,2023-11-24T22:45:46.638393Z,3,"HHE,HHN,HHZ",15001,100.0,ok,
PTGC.2023.328.22.55.04,PTGC,2023.328.22.55.04,2023-11-24T22:55:04.318393Z,3,"HHE,HHN,HHZ",15001,100.0,ok,
PTGC.2023.328.23.09.44,PTGC,2023.328.23.09.44,2023-11-24T23:09:44.458393Z,3,"HHE,HHN,HHZ",15001,100.0,ok,
PTGC.2023.329.00.34.10,PTGC,2023.329.00.34.10,2023-11-25T00:34:10.448393Z,3,"HHE,HHN,HHZ",15001,100.0,ok,
PTGC.2023.329.05.40.38,PTGC,2023.329.05.40.38,2023-11-25T05:40:38.568393Z,3,"HHE,HHN,HHZ",15001,100.0,ok,
PTGC.2023.329.08.01.24,PTGC,2023.329.08.01.24,2023-11-25T08:01:24.318393Z,3,"HHE,HHN,HHZ",15001,100.0,ok,
PTGC.2023.329.16.17.35,PTGC,2023.329.16.17.35,2023-11-25T16:17:35.968393Z,3,"HHE,HHN,HHZ",15001,100.0,ok,
PTGC.2023.329.18.18.43,PTGC,2023.329.18.18.43,2023-11-25T18:18:43.038393Z,3,"HHE,HHN,HHZ",15001,100.0,ok,
PTGC.2023.330.07.38.21,PTGC,2023.330.07.38.21,2023-11-26T07:38:21.518393Z,3,"HHE,HHN,HHZ",15001,100.0,ok,
PTGC.2023.330.16.48.16,PTGC,2023.330.16.48.16,2023-11-26T16:48:16.348393Z,3,"HHE,HHN,HHZ",15001,100.0,ok,
PTGC.2023.330.19.17.37,PTGC,2023.330.19.17.37,2023-11-26T19:17:37.058393Z,3,"HHE,HHN,HHZ",15001,100.0,ok,
PTGC.2023.331.02.38.53,PTGC,2023.331.02.38.53,2023-11-27T02:38:53.418393Z,3,"HHE,HHN,HHZ",15001,100.0,ok,
PTGC.2023.331.04.10.30,PTGC,2023.331.04.10.30,2023-11-27T04:10:30.798393Z,3,"HHE,HHN,HHZ",15001,100.0,ok,
PTGC.2023.331.15.34.02,PTGC,2023.331.15.34.02,2023-11-27T15:34:02.418393Z,3,"HHE,HHN,HHZ",15001,100.0,ok,
PTGC.2023.331.23.16.17,PTGC,2023.331.23.16.17,2023-11-27T23:16:17.288393Z,3,"HHE,HHN,HHZ",15001,100.0,ok,
PTGC.2023.332.00.10.59,PTGC,2023.332.00.10.59,2023-11-28T00:10:59.438393Z,3,"HHE,HHN,HHZ",15001,100.0,ok,
PTGC.2023.332.10.10.59,PTGC,2023.332.10.10.59,2023-11-28T10:10:59.108393Z,3,"HHE,HHN,HHZ",15001,100.0,ok,
PTGC.2023.332.15.14.01,PTGC,2023.332.15.14.01,2023-11-28T15:14:01.888391Z,3,"HHE,HHN,HHZ",15001,100.0,ok,
PTGC.2023.334.01.33.07,PTGC,2023.334.01.33.07,2023-11-30T01:33:07.028393Z,3,"HHE,HHN,HHZ",15001,100.0,ok,
PTGC.2023.334.01.42.43,PTGC,2023.334.01.42.43,2023-11-30T01:42:43.628393Z,3,"HHE,HHN,HHZ",15001,100.0,ok,
PTGC.2023.334.05.16.12,PTGC,2023.334.05.16.12,2023-11-30T05:16:12.008393Z,3,"HHE,HHN,HHZ",15001,100.0,ok,
PTGC.2023.334.10.50.06,PTGC,2023.334.10.50.06,2023-11-30T10:50:06.988393Z,3,"HHE,HHN,HHZ",15001,100.0,ok,
PTGC.2023.334.18.10.24,PTGC,2023.334.18.10.24,2023-11-30T18:10:24.108393Z,3,"HHE,HHN,HHZ",15001,100.0,ok,
PTGC.2023.335.00.29.54,PTGC,2023.335.00.29.54,2023-12-01T00:29:54.378393Z,3,"HHE,HHN,HHZ",15001,100.0,ok,
PTGC.2023.335.16.04.13,PTGC,2023.335.16.04.13,2023-12-01T16:04:13.018393Z,3,"HHE,HHN,HHZ",15001,100.0,ok,
PTGC.2023.335.21.25.38,PTGC,2023.335.21.25.38,2023-12-01T21:25:38.368391Z,3,"HHE,HHN,HHZ",15001,100.0,ok,
PTGC.2023.336.07.37.39,PTGC,2023.336.07.37.39,2023-12-02T07:37:39.108393Z,3,"HHE,HHN,HHZ",15001,100.0,ok,
PTGC.2023.336.13.11.59,PTGC,2023.336.13.11.59,2023-12-02T13:11:59.238393Z,3,"HHE,HHN,HHZ",15001,100.0,ok,
PTGC.2023.336.15.54.11,PTGC,2023.336.15.54.11,2023-12-02T15:54:11.938393Z,3,"HHE,HHN,HHZ",15001,100.0,ok,
PTGC.2023.337.08.48.03,PTGC,2023.337.08.48.03,2023-12-03T08:48:03.098393Z,3,"HHE,HHN,HHZ",15001,100.0,ok,
PTGC.2023.337.11.03.59,PTGC,2023.337.11.03.59,2023-12-03T11:03:59.518393Z,3,"HHE,HHN,HHZ",15001,100.0,ok,
PTGC.2023.337.13.55.52,PTGC,2023.337.13.55.52,2023-12-03T13:55:52.848393Z,3,"HHE,HHN,HHZ",15001,100.0,ok,
PTGC.2023.337.14.59.55,PTGC,2023.337.14.59.55,2023-12-03T14:59:55.038393Z,3,"HHE,HHN,HHZ",15001,100.0,ok,
PTGC.2023.338.11.45.01,PTGC,2023.338.11.45.01,2023-12-04T11:45:01.918393Z,3,"HHE,HHN,HHZ",15001,100.0,ok,
PTGC.2023.339.02.54.43,PTGC,2023.339.02.54.43,2023-12-05T02:54:43.528393Z,3,"HHE,HHN,HHZ",15001,100.0,ok,
PTGC.2023.339.07.00.22,PTGC,2023.339.07.00.22,2023-12-05T07:00:22.468393Z,3,"HHE,HHN,HHZ",15001,100.0,ok,
PTGC.2023.339.08.46.56,PTGC,2023.339.08.46.56,2023-12-05T08:46:56.568393Z,3,"HHE,HHN,HHZ",15001,100.0,ok,
PTGC.2023.362.22.24.43,PTGC,2023.362.22.24.43,2023-12-28T22:24:43.348391Z,3,"HHE,HHN,HHZ",15001,100.0,ok,
PTGC.2023.363.02.57.21,PTGC,2023.363.02.57.21,2023-12-29T02:57:21.488393Z,3,"HHE,HHN,HHZ",15001,100.0,ok,
PTGC.2023.363.04.21.05,PTGC,2023.363.04.21.05,2023-12-29T04:21:05.818393Z,3,"HHE,HHN,HHZ",15001,100.0,ok,
PTGC.2023.363.12.34.06,PTGC,2023.363.12.34.06,2023-12-29T12:34:06.558393Z,3,"HHE,HHN,HHZ",15001,100.0,ok,
PTGC.2023.363.19.52.36,PTGC,2023.363.19.52.36,2023-12-29T19:52:36.708393Z,3,"HHE,HHN,HHZ",15001,100.0,ok,
PTGC.2023.363.20.56.16,PTGC,2023.363.20.56.16,2023-12-29T20:56:16.398393Z,3,"HHE,HHN,HHZ",15001,100.0,ok,
PTGC.2023.364.03.41.04,PTGC,2023.364.03.41.04,2023-12-30T03:41:04.948393Z,3,"HHE,HHN,HHZ",15001,100.0,ok,
PTGC.2023.365.08.33.37,PTGC,2023.365.08.33.37,2023-12-31T08:33:37.348393Z,3,"HHE,HHN,HHZ",15001,100.0,ok,
PTGC.2023.365.10.37.56,PTGC,2023.365.10.37.56,2023-12-31T10:37:56.878393Z,3,"HHE,HHN,HHZ",15001,100.0,ok,
PTGC.2023.365.15.14.37,PTGC,2023.365.15.14.37,2023-12-31T15:14:37.828393Z,3,"HHE,HHN,HHZ",15001,100.0,ok,
PTGC.2023.365.18.28.03,PTGC,2023.365.18.28.03,2023-12-31T18:28:03.028393Z,3,"HHE,HHN,HHZ",15001,100.0,ok,
PTGC.2024.001.19.25.12,PTGC,2024.001.19.25.12,2024-01-01T19:25:12.268393Z,3,"HHE,HHN,HHZ",15001,100.0,ok,
PTGC.2024.001.23.26.13,PTGC,2024.001.23.26.13,2024-01-01T23:26:13.428393Z,3,"HHE,HHN,HHZ",15001,100.0,ok,
PTGC.2024.002.04.15.51,PTGC,2024.002.04.15.51,2024-01-02T04:15:51.738393Z,3,"HHE,HHN,HHZ",15001,100.0,ok,
PTGC.2024.002.12.42.24,PTGC,2024.002.12.42.24,2024-01-02T12:42:24.428393Z,3,"HHE,HHN,HHZ",15000,100.0,discarded,too_short
PTGC.2024.002.20.02.51,PTGC,2024.002.20.02.51,2024-01-02T20:02:51.708393Z,3,"HHE,HHN,HHZ",15001,100.0,ok,
PTGC.2024.003.02.45.12,PTGC,2024.003.02.45.12,2024-01-03T02:45:12.508393Z,3,"HHE,HHN,HHZ",15001,100.0,ok,
PTGC.2024.003.05.13.16,PTGC,2024.003.05.13.16,2024-01-03T05:13:16.258393Z,3,"HHE,HHN,HHZ",15001,100.0,ok,
PTGC.2024.003.09.30.42,PTGC,2024.003.09.30.42,2024-01-03T09:30:42.728393Z,3,"HHE,HHN,HHZ",15001,100.0,ok,
PTGC.2024.003.14.27.12,PTGC,2024.003.14.27.12,2024-01-03T14:27:12.458393Z,3,"HHE,HHN,HHZ",15001,100.0,ok,
PTGC.2024.003.17.21.17,PTGC,2024.003.17.21.17,2024-01-03T17:21:17.458393Z,3,"HHE,HHN,HHZ",15001,100.0,ok,
PTGC.2024.003.18.37.39,PTGC,2024.003.18.37.39,2024-01-03T18:37:39.598393Z,3,"HHE,HHN,HHZ",15001,100.0,ok,
PTGC.2024.003.19.37.57,PTGC,2024.003.19.37.57,2024-01-03T19:37:57.758393Z,3,"HHE,HHN,HHZ",15001,100.0,ok,
PTGC.2024.004.05.41.15,PTGC,2024.004.05.41.15,2024-01-04T05:41:15.008393Z,3,"HHE,HHN,HHZ",15001,100.0,ok,
PTGC.2024.004.08.44.43,PTGC,2024.004.08.44.43,2024-01-04T08:44:43.948393Z,3,"HHE,HHN,HHZ",15001,100.0,ok,
PTGC.2024.005.15.54.54,PTGC,2024.005.15.54.54,2024-01-05T15:54:54.518393Z,3,"HHE,HHN,HHZ",15001,100.0,ok,
PTGC.2024.005.23.24.15,PTGC,2024.005.23.24.15,2024-01-05T23:24:15.838393Z,3,"HHE,HHN,HHZ",15001,100.0,ok,
PTGC.2024.006.00.52.55,PTGC,2024.006.00.52.55,2024-01-06T00:52:55.838393Z,3,"HHE,HHN,HHZ",15001,100.0,ok,
PTGC.2024.006.01.41.07,PTGC,2024.006.01.41.07,2024-01-06T01:41:07.728393Z,3,"HHE,HHN,HHZ",15001,100.0,ok,
PTGC.2024.006.03.09.52,PTGC,2024.006.03.09.52,2024-01-06T03:09:52.788393Z,3,"HHE,HHN,HHZ",15001,100.0,ok,
PTGC.2024.006.03.18.49,PTGC,2024.006.03.18.49,2024-01-06T03:18:49.088393Z,3,"HHE,HHN,HHZ",15001,100.0,ok,
PTGC.2024.006.06.13.41,PTGC,2024.006.06.13.41,2024-01-06T06:13:41.538393Z,3,"HHE,HHN,HHZ",15001,100.0,ok,
PTGC.2024.006.07.33.00,PTGC,2024.006.07.33.00,2024-01-06T07:33:00.778391Z,3,"HHE,HHN,HHZ",15001,100.0,ok,
PTGC.2024.006.11.51.55,PTGC,2024.006.11.51.55,2024-01-06T11:51:55.768393Z,3,"HHE,HHN,HHZ",15001,100.0,ok,
PTGC.2024.006.13.12.28,PTGC,2024.006.13.12.28,2024-01-06T13:12:28.598393Z,3,"HHE,HHN,HHZ",15001,100.0,ok,
PTGC.2024.006.23.29.59,PTGC,2024.006.23.29.59,2024-01-06T23:29:59.398393Z,3,"HHE,HHN,HHZ",15001,100.0,ok,
PTGC.2024.008.00.30.26,PTGC,2024.008.00.30.26,2024-01-08T00:30:26.388393Z,3,"HHE,HHN,HHZ",15001,100.0,ok,
PTGC.2024.008.06.07.41,PTGC,2024.008.06.07.41,2024-01-08T06:07:41.378393Z,3,"HHE,HHN,HHZ",15001,100.0,ok,
PTGC.2024.008.08.04.08,PTGC,2024.008.08.04.08,2024-01-08T08:04:08.918393Z,3,"HHE,HHN,HHZ",15001,100.0,ok,
PTGC.2024.010.03.36.49,PTGC,2024.010.03.36.49,2024-01-10T03:36:49.978393Z,3,"HHE,HHN,HHZ",15001,100.0,ok,
PTGC.2024.010.03.43.00,PTGC,2024.010.03.43.00,2024-01-10T03:43:00.018393Z,3,"HHE,HHN,HHZ",15001,100.0,ok,
PTGC.2024.010.06.20.37,PTGC,2024.010.06.20.37,2024-01-10T06:20:37.148393Z,3,"HHE,HHN,HHZ",15001,100.0,ok,
PTGC.2024.010.19.49.51,PTGC,2024.010.19.49.51,2024-01-10T19:49:51.278393Z,3,"HHE,HHN,HHZ",15001,100.0,ok,
PTGC.2024.010.23.30.27,PTGC,2024.010.23.30.27,2024-01-10T23:30:27.138393Z,3,"HHE,HHN,HHZ",15001,100.0,ok,
PTGC.2024.011.04.31.14,PTGC,2024.011.04.31.14,2024-01-11T04:31:14.278393Z,3,"HHE,HHN,HHZ",15001,100.0,ok,
PTGC.2024.011.19.58.07,PTGC,2024.011.19.58.07,2024-01-11T19:58:07.548393Z,3,"HHE,HHN,HHZ",15001,100.0,ok,
PTGC.2024.012.18.03.33,PTGC,2024.012.18.03.33,2024-01-12T18:03:33.978393Z,3,"HHE,HHN,HHZ",15001,100.0,ok,
PTGC.2024.012.20.23.13,PTGC,2024.012.20.23.13,2024-01-12T20:23:13.138393Z,3,"HHE,HHN,HHZ",15001,100.0,ok,
PTGC.2024.012.23.04.34,PTGC,2024.012.23.04.34,2024-01-12T23:04:34.248393Z,3,"HHE,HHN,HHZ",15001,100.0,ok,
PTGC.2024.013.22.00.14,PTGC,2024.013.22.00.14,2024-01-13T22:00:14.398393Z,3,"HHE,HHN,HHZ",15001,100.0,ok,
PTGC.2024.014.03.28.32,PTGC,2024.014.03.28.32,2024-01-14T03:28:32.838393Z,3,"HHE,HHN,HHZ",15001,100.0,ok,
PTGC.2024.015.05.23.21,PTGC,2024.015.05.23.21,2024-01-15T05:23:21.898393Z,3,"HHE,HHN,HHZ",15001,100.0,ok,
PTGC.2024.015.14.03.53,PTGC,2024.015.14.03.53,2024-01-15T14:03:53.868393Z,3,"HHE,HHN,HHZ",15001,100.0,ok,
PTGC.2024.016.08.27.53,PTGC,2024.016.08.27.53,2024-01-16T08:27:53.428393Z,3,"HHE,HHN,HHZ",15001,100.0,ok,
PTGC.2024.016.20.03.10,PTGC,2024.016.20.03.10,2024-01-16T20:03:10.168391Z,3,"HHE,HHN,HHZ",15001,100.0,ok,
PTGC.2024.016.21.45.35,PTGC,2024.016.21.45.35,2024-01-16T21:45:35.908393Z,3,"HHE,HHN,HHZ",15001,100.0,ok,
PTGC.2024.016.22.28.56,PTGC,2024.016.22.28.56,2024-01-16T22:28:56.628394Z,3,"HHE,HHN,HHZ",15001,100.0,ok,
PTGC.2024.017.00.37.55,PTGC,2024.017.00.37.55,2024-01-17T00:37:55.578393Z,3,"HHE,HHN,HHZ",15001,100.0,ok,
PTGC.2024.017.08.11.27,PTGC,2024.017.08.11.27,2024-01-17T08:11:27.388393Z,3,"HHE,HHN,HHZ",15001,100.0,ok,
PTGC.2024.017.20.17.28,PTGC,2024.017.20.17.28,2024-01-17T20:17:28.398393Z,3,"HHE,HHN,HHZ",15001,100.0,ok,
PTGC.2024.018.10.13.40,PTGC,2024.018.10.13.40,2024-01-18T10:13:39.998393Z,3,"HHE,HHN,HHZ",15001,100.0,ok,
PTGC.2024.018.23.56.55,PTGC,2024.018.23.56.55,2024-01-18T23:56:55.908393Z,3,"HHE,HHN,HHZ",15001,100.0,ok,
PTGC.2024.019.00.41.41,PTGC,2024.019.00.41.41,2024-01-19T00:41:41.218393Z,3,"HHE,HHN,HHZ",15001,100.0,ok,
PTGC.2024.019.03.33.22,PTGC,2024.019.03.33.22,2024-01-19T03:33:22.468393Z,3,"HHE,HHN,HHZ",15001,100.0,ok,
PTGC.2024.020.02.11.33,PTGC,2024.020.02.11.33,2024-01-20T02:11:33.238393Z,3,"HHE,HHN,HHZ",15001,100.0,ok,
PTGC.2024.020.10.29.11,PTGC,2024.020.10.29.11,2024-01-20T10:29:11.148393Z,3,"HHE,HHN,HHZ",15001,100.0,ok,
PTGC.2024.020.14.11.36,PTGC,2024.020.14.11.36,2024-01-20T14:11:36.718393Z,3,"HHE,HHN,HHZ",15001,100.0,ok,
PTGC.2024.021.02.36.39,PTGC,2024.021.02.36.39,2024-01-21T02:36:39.738393Z,3,"HHE,HHN,HHZ",15001,100.0,ok,
PTGC.2024.021.04.45.54,PTGC,2024.021.04.45.54,2024-01-21T04:45:54.588393Z,3,"HHE,HHN,HHZ",15001,100.0,ok,
PTGC.2024.021.16.46.38,PTGC,2024.021.16.46.38,2024-01-21T16:46:38.368393Z,3,"HHE,HHN,HHZ",15001,100.0,ok,
PTGC.2024.023.01.09.36,PTGC,2024.023.01.09.36,2024-01-23T01:09:36.918393Z,3,"HHE,HHN,HHZ",15001,100.0,ok,
PTGC.2024.023.15.00.37,PTGC,2024.023.15.00.37,2024-01-23T15:00:37.798393Z,3,"HHE,HHN,HHZ",15001,100.0,ok,
PTGC.2024.023.16.00.31,PTGC,2024.023.16.00.31,2024-01-23T16:00:31.778393Z,3,"HHE,HHN,HHZ",15001,100.0,ok,
PTGC.2024.024.02.21.21,PTGC,2024.024.02.21.21,2024-01-24T02:21:21.648393Z,3,"HHE,HHN,HHZ",15001,100.0,ok,
PTGC.2024.024.09.51.07,PTGC,2024.024.09.51.07,2024-01-24T09:51:07.478393Z,3,"HHE,HHN,HHZ",15001,100.0,ok,
PTGC.2024.024.21.40.47,PTGC,2024.024.21.40.47,2024-01-24T21:40:47.108393Z,3,"HHE,HHN,HHZ",15001,100.0,ok,
PTGC.2024.025.05.21.34,PTGC,2024.025.05.21.34,2024-01-25T05:21:34.648393Z,3,"HHE,HHN,HHZ",15001,100.0,ok,
PTGC.2024.026.06.14.26,PTGC,2024.026.06.14.26,2024-01-26T06:14:26.218393Z,3,"HHE,HHN,HHZ",15001,100.0,ok,
PTGC.2024.026.06.27.32,PTGC,2024.026.06.27.32,2024-01-26T06:27:32.368393Z,3,"HHE,HHN,HHZ",15001,100.0,ok,
PTGC.2024.026.06.54.25,PTGC,2024.026.06.54.25,2024-01-26T06:54:25.348393Z,3,"HHE,HHN,HHZ",15001,100.0,ok,
PTGC.2024.026.13.22.57,PTGC,2024.026.13.22.57,2024-01-26T13:22:57.168393Z,3,"HHE,HHN,HHZ",15001,100.0,ok,
PTGC.2024.026.13.56.44,PTGC,2024.026.13.56.44,2024-01-26T13:56:44.508393Z,3,"HHE,HHN,HHZ",15001,100.0,ok,
PTGC.2024.026.19.50.44,PTGC,2024.026.19.50.44,2024-01-26T19:50:44.818393Z,3,"HHE,HHN,HHZ",15001,100.0,ok,
PTGC.2024.026.22.15.13,PTGC,2024.026.22.15.13,2024-01-26T22:15:13.958393Z,3,"HHE,HHN,HHZ",15001,100.0,ok,
PTGC.2024.027.08.32.33,PTGC,2024.027.08.32.33,2024-01-27T08:32:33.998393Z,3,"HHE,HHN,HHZ",15001,100.0,ok,
PTGC.2024.028.03.27.14,PTGC,2024.028.03.27.14,2024-01-28T03:27:14.778393Z,3,"HHE,HHN,HHZ",15001,100.0,ok,
PTGC.2024.028.04.04.48,PTGC,2024.028.04.04.48,2024-01-28T04:04:48.038393Z,3,"HHE,HHN,HHZ",15001,100.0,ok,
PTGC.2024.028.08.21.40,PTGC,2024.028.08.21.40,2024-01-28T08:21:40.008393Z,3,"HHE,HHN,HHZ",15001,100.0,ok,
PTGC.2024.028.09.03.35,PTGC,2024.028.09.03.35,2024-01-28T09:03:35.808393Z,3,"HHE,HHN,HHZ",15001,100.0,ok,
PTGC.2024.028.12.38.06,PTGC,2024.028.12.38.06,2024-01-28T12:38:06.678393Z,3,"HHE,HHN,HHZ",15001,100.0,ok,
PTGC.2024.029.05.15.10,PTGC,2024.029.05.15.10,2024-01-29T05:15:10.888394Z,3,"HHE,HHN,HHZ",15001,100.0,ok,
PTGC.2024.029.14.41.07,PTGC,2024.029.14.41.07,2024-01-29T14:41:07.448393Z,3,"HHE,HHN,HHZ",15001,100.0,ok,
PTGC.2024.030.05.48.41,PTGC,2024.030.05.48.41,2024-01-30T05:48:41.108393Z,3,"HHE,HHN,HHZ",15001,100.0,ok,
PTGC.2024.030.08.36.01,PTGC,2024.030.08.36.01,2024-01-30T08:36:01.198393Z,3,"HHE,HHN,HHZ",15001,100.0,ok,
PTGC.2024.030.13.40.37,PTGC,2024.030.13.40.37,2024-01-30T13:40:37.678393Z,3,"HHE,HHN,HHZ",15001,100.0,ok,
PTGC.2024.031.03.04.07,PTGC,2024.031.03.04.07,2024-01-31T03:04:07.648393Z,3,"HHE,HHN,HHZ",15001,100.0,ok,
PTGC.2024.031.08.20.06,PTGC,2024.031.08.20.06,2024-01-31T08:20:06.618393Z,3,"HHE,HHN,HHZ",15001,100.0,ok,
PTGC.2024.031.16.27.32,PTGC,2024.031.16.27.32,2024-01-31T16:27:32.678393Z,3,"HHE,HHN,HHZ",15001,100.0,ok,
PTGC.2024.031.17.23.31,PTGC,2024.031.17.23.31,2024-01-31T17:23:31.228393Z,3,"HHE,HHN,HHZ",15001,100.0,ok,
PTGC.2024.031.18.08.21,PTGC,2024.031.18.08.21,2024-01-31T18:08:21.078393Z,3,"HHE,HHN,HHZ",15001,100.0,ok,
PTGC.2024.031.18.20.30,PTGC,2024.031.18.20.30,2024-01-31T18:20:30.938393Z,3,"HHE,HHN,HHZ",15001,100.0,ok,
PTGC.2024.031.18.22.23,PTGC,2024.031.18.22.23,2024-01-31T18:22:23.938393Z,3,"HHE,HHN,HHZ",15001,100.0,ok,
PTGC.2024.032.00.03.36,PTGC,2024.032.00.03.36,2024-02-01T00:03:36.568393Z,3,"HHE,HHN,HHZ",15001,100.0,ok,
PTGC.2024.032.00.04.36,PTGC,2024.032.00.04.36,2024-02-01T00:04:36.568393Z,3,"HHE,HHN,HHZ",15001,100.0,ok,
PTGC.2024.033.14.49.33,PTGC,2024.033.14.49.33,2024-02-02T14:49:33.278393Z,3,"HHE,HHN,HHZ",15001,100.0,ok,
PTGC.2024.033.18.40.49,PTGC,2024.033.18.40.49,2024-02-02T18:40:49.968393Z,3,"HHE,HHN,HHZ",15001,100.0,ok,
PTGC.2024.034.17.12.26,PTGC,2024.034.17.12.26,2024-02-03T17:12:26.358391Z,3,"HHE,HHN,HHZ",15001,100.0,ok,
PTGC.2024.034.22.07.48,PTGC,2024.034.22.07.48,2024-02-03T22:07:48.988393Z,3,"HHE,HHN,HHZ",15001,100.0,ok,
PTGC.2024.035.01.50.24,PTGC,2024.035.01.50.24,2024-02-04T01:50:24.448393Z,3,"HHE,HHN,HHZ",15001,100.0,ok,
PTGC.2024.035.15.07.51,PTGC,2024.035.15.07.51,2024-02-04T15:07:51.548393Z,3,"HHE,HHN,HHZ",15001,100.0,ok,
PTGC.2024.036.07.12.06,PTGC,2024.036.07.12.06,2024-02-05T07:12:06.698393Z,3,"HHE,HHN,HHZ",15001,100.0,ok,
PTGC.2024.036.07.34.47,PTGC,2024.036.07.34.47,2024-02-05T07:34:47.848393Z,3,"HHE,HHN,HHZ",15001,100.0,ok,
PTGC.2024.036.21.04.21,PTGC,2024.036.21.04.21,2024-02-05T21:04:21.278393Z,3,"HHE,HHN,HHZ",15001,100.0,ok,
PTGC.2024.037.15.18.22,PTGC,2024.037.15.18.22,2024-02-06T15:18:22.048393Z,3,"HHE,HHN,HHZ",15001,100.0,ok,
PTGC.2024.037.19.11.49,PTGC,2024.037.19.11.49,2024-02-06T19:11:49.788393Z,3,"HHE,HHN,HHZ",15001,100.0,ok,
PTGC.2024.038.09.41.27,PTGC,2024.038.09.41.27,2024-02-07T09:41:27.388393Z,3,"HHE,HHN,HHZ",15001,100.0,ok,
PTGC.2024.038.15.02.55,PTGC,2024.038.15.02.55,2024-02-07T15:02:55.528393Z,3,"HHE,HHN,HHZ",15001,100.0,ok,
PTGC.2024.038.18.10.55,PTGC,2024.038.18.10.55,2024-02-07T18:10:55.598393Z,3,"HHE,HHN,HHZ",15001,100.0,ok,
PTGC.2024.038.20.06.20,PTGC,2024.038.20.06.20,2024-02-07T20:06:20.538393Z,3,"HHE,HHN,HHZ",15001,100.0,ok,
PTGC.2024.038.23.12.19,PTGC,2024.038.23.12.19,2024-02-07T23:12:19.058393Z,3,"HHE,HHN,HHZ",15001,100.0,ok,
PTGC.2024.039.13.43.15,PTGC,2024.039.13.43.15,2024-02-08T13:43:15.958391Z,3,"HHE,HHN,HHZ",15001,100.0,ok,
PTGC.2024.039.21.39.03,PTGC,2024.039.21.39.03,2024-02-08T21:39:03.778394Z,3,"HHE,HHN,HHZ",15001,100.0,ok,
PTGC.2024.040.14.10.27,PTGC,2024.040.14.10.27,2024-02-09T14:10:27.598393Z,3,"HHE,HHN,HHZ",15001,100.0,ok,
PTGC.2024.040.18.37.41,PTGC,2024.040.18.37.41,2024-02-09T18:37:41.428393Z,3,"HHE,HHN,HHZ",15001,100.0,ok,
PTGC.2024.040.21.00.11,PTGC,2024.040.21.00.11,2024-02-09T21:00:11.798393Z,3,"HHE,HHN,HHZ",15001,100.0,ok,
PTGC.2024.041.04.09.29,PTGC,2024.041.04.09.29,2024-02-10T04:09:29.748393Z,3,"HHE,HHN,HHZ",15001,100.0,ok,
PTGC.2024.042.07.22.59,PTGC,2024.042.07.22.59,2024-02-11T07:22:59.198393Z,3,"HHE,HHN,HHZ",15001,100.0,ok,
PTGC.2024.042.20.39.57,PTGC,2024.042.20.39.57,2024-02-11T20:39:57.038393Z,3,"HHE,HHN,HHZ",15001,100.0,ok,
PTGC.2024.043.03.47.10,PTGC,2024.043.03.47.10,2024-02-12T03:47:10.178393Z,3,"HHE,HHN,HHZ",15001,100.0,ok,
PTGC.2024.043.15.08.09,PTGC,2024.043.15.08.09,2024-02-12T15:08:09.568391Z,3,"HHE,HHN,HHZ",15001,100.0,ok,
PTGC.2024.044.08.18.07,PTGC,2024.044.08.18.07,2024-02-13T08:18:07.418393Z,3,"HHE,HHN,HHZ",15001,100.0,ok,
PTGC.2024.044.11.30.07,PTGC,2024.044.11.30.07,2024-02-13T11:30:07.938393Z,3,"HHE,HHN,HHZ",15001,100.0,ok,
PTGC.2024.045.17.23.18,PTGC,2024.045.17.23.18,2024-02-14T17:23:18.928393Z,3,"HHE,HHN,HHZ",15001,100.0,ok,
PTGC.2024.046.03.24.06,PTGC,2024.046.03.24.06,2024-02-15T03:24:06.298393Z,3,"HHE,HHN,HHZ",15001,100.0,ok,
PTGC.2024.046.12.24.56,PTGC,2024.046.12.24.56,2024-02-15T12:24:56.128391Z,3,"HHE,HHN,HHZ",15001,100.0,ok,
PTGC.2024.047.00.31.02,PTGC,2024.047.00.31.02,2024-02-16T00:31:48.968393Z,3,"HHE,HHN,HHZ",10360,100.0,discarded,too_short
PTGC.2024.047.11.18.37,PTGC,2024.047.11.18.37,2024-02-16T11:18:37.488393Z,3,"HHE,HHN,HHZ",15001,100.0,ok,
PTGC.2024.047.14.12.33,PTGC,2024.047.14.12.33,2024-02-16T14:12:33.188393Z,3,"HHE,HHN,HHZ",15001,100.0,ok,
PTGC.2024.047.16.25.57,PTGC,2024.047.16.25.57,2024-02-16T16:25:57.208393Z,3,"HHE,HHN,HHZ",15001,100.0,ok,
PTGC.2024.047.18.55.39,PTGC,2024.047.18.55.39,2024-02-16T18:55:39.338393Z,3,"HHE,HHN,HHZ",15001,100.0,ok,
PTGC.2024.050.05.13.52,PTGC,2024.050.05.13.52,2024-02-19T05:13:52.208393Z,3,"HHE,HHN,HHZ",15001,100.0,ok,
PTGC.2024.050.15.41.44,PTGC,2024.050.15.41.44,2024-02-19T15:41:44.918393Z,3,"HHE,HHN,HHZ",15001,100.0,ok,
PTGC.2024.051.04.04.01,PTGC,2024.051.04.04.01,2024-02-20T04:04:01.248393Z,3,"HHE,HHN,HHZ",15001,100.0,ok,
PTGC.2024.052.07.06.29,PTGC,2024.052.07.06.29,2024-02-21T07:06:29.718393Z,3,"HHE,HHN,HHZ",15001,100.0,ok,
PTGC.2024.052.09.49.57,PTGC,2024.052.09.49.57,2024-02-21T09:49:57.948391Z,3,"HHE,HHN,HHZ",15001,100.0,ok,
PTGC.2024.052.11.33.56,PTGC,2024.052.11.33.56,2024-02-21T11:33:56.328393Z,3,"HHE,HHN,HHZ",15001,100.0,ok,
PTGC.2024.052.20.59.43,PTGC,2024.052.20.59.43,2024-02-21T20:59:43.908393Z,3,"HHE,HHN,HHZ",15001,100.0,ok,
PTGC.2024.053.02.17.42,PTGC,2024.053.02.17.42,2024-02-22T02:17:42.298393Z,3,"HHE,HHN,HHZ",15001,100.0,ok,
PTGC.2024.053.04.01.11,PTGC,2024.053.04.01.11,2024-02-22T04:01:11.228393Z,3,"HHE,HHN,HHZ",15001,100.0,ok,
PTGC.2024.053.08.04.29,PTGC,2024.053.08.04.29,2024-02-22T08:04:29.758393Z,3,"HHE,HHN,HHZ",15001,100.0,ok,
PTGC.2024.053.17.58.34,PTGC,2024.053.17.58.34,2024-02-22T17:58:34.618391Z,3,"HHE,HHN,HHZ",15001,100.0,ok,
PTGC.2024.054.00.30.47,PTGC,2024.054.00.30.47,2024-02-23T00:30:47.948393Z,3,"HHE,HHN,HHZ",15001,100.0,ok,
PTGC.2024.054.04.50.10,PTGC,2024.054.04.50.10,2024-02-23T04:50:10.688393Z,3,"HHE,HHN,HHZ",15001,100.0,ok,
PTGC.2024.054.06.35.46,PTGC,2024.054.06.35.46,2024-02-23T06:35:46.458393Z,3,"HHE,HHN,HHZ",15001,100.0,ok,
PTGC.2024.054.20.07.36,PTGC,2024.054.20.07.36,2024-02-23T20:07:36.708393Z,3,"HHE,HHN,HHZ",15001,100.0,ok,
PTGC.2024.054.23.24.31,PTGC,2024.054.23.24.31,2024-02-23T23:24:31.818393Z,3,"HHE,HHN,HHZ",15001,100.0,ok,
PTGC.2024.055.03.41.09,PTGC,2024.055.03.41.09,2024-02-24T03:41:09.458393Z,3,"HHE,HHN,HHZ",15001,100.0,ok,
PTGC.2024.055.06.17.32,PTGC,2024.055.06.17.32,2024-02-24T06:17:32.108393Z,3,"HHE,HHN,HHZ",15001,100.0,ok,
PTGC.2024.055.19.10.59,PTGC,2024.055.19.10.59,2024-02-24T19:10:59.718393Z,3,"HHE,HHN,HHZ",15001,100.0,ok,
PTGC.2024.055.19.41.17,PTGC,2024.055.19.41.17,2024-02-24T19:41:17.428393Z,3,"HHE,HHN,HHZ",15001,100.0,ok,
PTGC.2024.055.22.21.59,PTGC,2024.055.22.21.59,2024-02-24T22:21:59.608393Z,3,"HHE,HHN,HHZ",15001,100.0,ok,
PTGC.2024.057.19.56.54,PTGC,2024.057.19.56.54,2024-02-26T19:56:54.368393Z,3,"HHE,HHN,HHZ",15001,100.0,ok,
PTGC.2024.058.08.06.10,PTGC,2024.058.08.06.10,2024-02-27T08:06:10.238393Z,3,"HHE,HHN,HHZ",15001,100.0,ok,
PTGC.2024.058.17.32.04,PTGC,2024.058.17.32.04,2024-02-27T17:32:04.898393Z,3,"HHE,HHN,HHZ",15001,100.0,ok,
PTGC.2024.059.09.26.07,PTGC,2024.059.09.26.07,2024-02-28T09:26:07.578393Z,3,"HHE,HHN,HHZ",15001,100.0,ok,
PTGC.2024.059.14.30.45,PTGC,2024.059.14.30.45,2024-02-28T14:30:45.078393Z,3,"HHE,HHN,HHZ",15001,100.0,ok,
PTGC.2024.059.14.49.00,PTGC,2024.059.14.49.00,2024-02-28T14:49:00.128393Z,3,"HHE,HHN,HHZ",15001,100.0,ok,
PTGC.2024.059.21.07.49,PTGC,2024.059.21.07.49,2024-02-28T21:07:49.718393Z,3,"HHE,HHN,HHZ",15001,100.0,ok,
PTGC.2024.060.09.03.42,PTGC,2024.060.09.03.42,2024-02-29T09:03:42.688393Z,3,"HHE,HHN,HHZ",15001,100.0,ok,
PTGC.2024.060.10.39.52,PTGC,2024.060.10.39.52,2024-02-29T10:39:52.628393Z,3,"HHE,HHN,HHZ",15001,100.0,ok,
PTGC.2024.061.07.54.55,PTGC,2024.061.07.54.55,2024-03-01T07:54:55.518391Z,3,"HHE,HHN,HHZ",15001,100.0,ok,
PTGC.2024.061.08.34.08,PTGC,2024.061.08.34.08,2024-03-01T08:34:08.868393Z,3,"HHE,HHN,HHZ",15001,100.0,ok,
PTGC.2024.062.04.44.21,PTGC,2024.062.04.44.21,2024-03-02T04:44:21.878393Z,3,"HHE,HHN,HHZ",15001,100.0,ok,
PTGC.2024.062.06.00.25,PTGC,2024.062.06.00.25,2024-03-02T06:00:25.348393Z,3,"HHE,HHN,HHZ",15001,100.0,ok,
PTGC.2024.062.07.13.21,PTGC,2024.062.07.13.21,2024-03-02T07:13:21.958393Z,3,"HHE,HHN,HHZ",15001,100.0,ok,
PTGC.2024.062.08.34.27,PTGC,2024.062.08.34.27,2024-03-02T08:34:27.298393Z,3,"HHE,HHN,HHZ",15001,100.0,ok,
PTGC.2024.062.14.04.46,PTGC,2024.062.14.04.46,2024-03-02T14:04:46.718393Z,3,"HHE,HHN,HHZ",15001,100.0,ok,
PTGC.2024.062.20.04.45,PTGC,2024.062.20.04.45,2024-03-02T20:04:45.568393Z,3,"HHE,HHN,HHZ",15001,100.0,ok,
PTGC.2024.062.20.08.36,PTGC,2024.062.20.08.36,2024-03-02T20:08:36.808393Z,3,"HHE,HHN,HHZ",15001,100.0,ok,
PTGC.2024.062.21.17.21,PTGC,2024.062.21.17.21,2024-03-02T21:17:21.888391Z,3,"HHE,HHN,HHZ",15001,100.0,ok,
PTGC.2024.062.21.50.36,PTGC,2024.062.21.50.36,2024-03-02T21:50:36.118393Z,3,"HHE,HHN,HHZ",15001,100.0,ok,
PTGC.2024.063.06.08.09,PTGC,2024.063.06.08.09,2024-03-03T06:08:09.628393Z,3,"HHE,HHN,HHZ",15001,100.0,ok,
PTGC.2024.063.06.37.39,PTGC,2024.063.06.37.39,2024-03-03T06:37:39.118393Z,3,"HHE,HHN,HHZ",15001,100.0,ok,
PTGC.2024.063.06.47.20,PTGC,2024.063.06.47.20,2024-03-03T06:47:20.948393Z,3,"HHE,HHN,HHZ",15001,100.0,ok,
PTGC.2024.064.03.47.11,PTGC,2024.064.03.47.11,2024-03-04T03:47:11.938393Z,3,"HHE,HHN,HHZ",15001,100.0,ok,
PTGC.2024.064.12.10.19,PTGC,2024.064.12.10.19,2024-03-04T12:10:19.248393Z,3,"HHE,HHN,HHZ",15001,100.0,ok,
PTGC.2024.066.04.03.13,PTGC,2024.066.04.03.13,2024-03-06T04:03:13.908393Z,3,"HHE,HHN,HHZ",15001,100.0,ok,
PTGC.2024.066.13.05.54,PTGC,2024.066.13.05.54,2024-03-06T13:05:54.488393Z,3,"HHE,HHN,HHZ",15001,100.0,ok,
PTGC.2024.066.16.56.28,PTGC,2024.066.16.56.28,2024-03-06T16:56:28.458393Z,3,"HHE,HHN,HHZ",15001,100.0,ok,
PTGC.2024.066.19.40.57,PTGC,2024.066.19.40.57,2024-03-06T19:40:57.268393Z,3,"HHE,HHN,HHZ",15001,100.0,ok,
PTGC.2024.066.19.42.14,PTGC,2024.066.19.42.14,2024-03-06T19:42:14.278391Z,3,"HHE,HHN,HHZ",15001,100.0,ok,
PTGC.2024.066.20.09.38,PTGC,2024.066.20.09.38,2024-03-06T20:09:38.698393Z,3,"HHE,HHN,HHZ",15001,100.0,ok,
PTGC.2024.067.11.27.42,PTGC,2024.067.11.27.42,2024-03-07T11:27:42.518393Z,3,"HHE,HHN,HHZ",15001,100.0,ok,
PTGC.2024.067.20.02.14,PTGC,2024.067.20.02.14,2024-03-07T20:02:14.988393Z,3,"HHE,HHN,HHZ",15001,100.0,ok,
PTGC.2024.067.21.03.39,PTGC,2024.067.21.03.39,2024-03-07T21:03:39.808393Z,3,"HHE,HHN,HHZ",15001,100.0,ok,
PTGC.2024.067.22.07.47,PTGC,2024.067.22.07.47,2024-03-07T22:07:47.988393Z,3,"HHE,HHN,HHZ",15001,100.0,ok,
PTGC.2024.068.03.06.24,PTGC,2024.068.03.06.24,2024-03-08T03:06:24.558393Z,3,"HHE,HHN,HHZ",15001,100.0,ok,
PTGC.2024.068.05.29.54,PTGC,2024.068.05.29.54,2024-03-08T05:29:54.858393Z,3,"HHE,HHN,HHZ",15001,100.0,ok,
PTGC.2024.068.07.13.06,PTGC,2024.068.07.13.06,2024-03-08T07:13:06.278393Z,3,"HHE,HHN,HHZ",15001,100.0,ok,
PTGC.2024.068.08.17.02,PTGC,2024.068.08.17.02,2024-03-08T08:17:02.418393Z,3,"HHE,HHN,HHZ",15001,100.0,ok,
PTGC.2024.068.13.54.46,PTGC,2024.068.13.54.46,2024-03-08T13:54:46.228393Z,3,"HHE,HHN,HHZ",15001,100.0,ok,
PTGC.2024.068.20.01.25,PTGC,2024.068.20.01.25,2024-03-08T20:01:25.268393Z,3,"HHE,HHN,HHZ",15001,100.0,ok,
PTGC.2024.068.23.57.53,PTGC,2024.068.23.57.53,2024-03-08T23:57:53.128393Z,3,"HHE,HHN,HHZ",15001,100.0,ok,
PTGC.2024.069.00.00.20,PTGC,2024.069.00.00.20,2024-03-09T00:00:20.468393Z,3,"HHE,HHN,HHZ",15001,100.0,ok,
PTGC.2024.069.14.12.18,PTGC,2024.069.14.12.18,2024-03-09T14:12:18.048393Z,3,"HHE,HHN,HHZ",15001,100.0,ok,
PTGC.2024.069.14.31.50,PTGC,2024.069.14.31.50,2024-03-09T14:31:50.108393Z,3,"HHE,HHN,HHZ",15001,100.0,ok,
PTGC.2024.069.14.58.21,PTGC,2024.069.14.58.21,2024-03-09T14:58:21.908393Z,3,"HHE,HHN,HHZ",15001,100.0,ok,
PTGC.2024.069.19.40.45,PTGC,2024.069.19.40.45,2024-03-09T19:40:45.518393Z,3,"HHE,HHN,HHZ",15001,100.0,ok,
PTGC.2024.069.20.10.31,PTGC,2024.069.20.10.31,2024-03-09T20:10:31.488393Z,3,"HHE,HHN,HHZ",15001,100.0,ok,
PTGC.2024.069.20.49.59,PTGC,2024.069.20.49.59,2024-03-09T20:49:59.018393Z,3,"HHE,HHN,HHZ",15001,100.0,ok,
PTGC.2024.070.00.01.00,PTGC,2024.070.00.01.00,2024-03-10T00:01:00.948391Z,3,"HHE,HHN,HHZ",15001,100.0,ok,
PTGC.2024.070.09.46.01,PTGC,2024.070.09.46.01,2024-03-10T09:46:01.548393Z,3,"HHE,HHN,HHZ",15001,100.0,ok,
PTGC.2024.070.17.50.09,PTGC,2024.070.17.50.09,2024-03-10T17:50:09.798393Z,3,"HHE,HHN,HHZ",15001,100.0,ok,
PTGC.2024.071.02.08.54,PTGC,2024.071.02.08.54,2024-03-11T02:08:54.128393Z,3,"HHE,HHN,HHZ",15001,100.0,ok,
PTGC.2024.071.09.34.20,PTGC,2024.071.09.34.20,2024-03-11T09:34:20.058393Z,3,"HHE,HHN,HHZ",15001,100.0,ok,
PTGC.2024.072.12.44.39,PTGC,2024.072.12.44.39,2024-03-12T12:44:39.628393Z,3,"HHE,HHN,HHZ",15001,100.0,ok,
PTGC.2024.072.16.25.19,PTGC,2024.072.16.25.19,2024-03-12T16:25:19.268391Z,3,"HHE,HHN,HHZ",15001,100.0,ok,
PTGC.2024.072.16.51.30,PTGC,2024.072.16.51.30,2024-03-12T16:51:30.708393Z,3,"HHE,HHN,HHZ",15001,100.0,ok,
PTGC.2024.072.21.54.33,PTGC,2024.072.21.54.33,2024-03-12T21:54:33.608393Z,3,"HHE,HHN,HHZ",15001,100.0,ok,
PTGC.2024.072.21.54.56,PTGC,2024.072.21.54.56,2024-03-12T21:54:56.338393Z,3,"HHE,HHN,HHZ",15001,100.0,ok,
PTGC.2024.073.02.25.30,PTGC,2024.073.02.25.30,2024-03-13T02:25:30.108393Z,3,"HHE,HHN,HHZ",15001,100.0,ok,
PTGC.2024.073.12.57.04,PTGC,2024.073.12.57.04,2024-03-13T12:57:04.548391Z,3,"HHE,HHN,HHZ",15001,100.0,ok,
PTGC.2024.073.14.48.37,PTGC,2024.073.14.48.37,2024-03-13T14:48:37.278393Z,3,"HHE,HHN,HHZ",15001,100.0,ok,
PTGC.2024.073.23.44.12,PTGC,2024.073.23.44.12,2024-03-13T23:44:12.088393Z,3,"HHE,HHN,HHZ",15001,100.0,ok,
PTGC.2024.074.01.49.57,PTGC,2024.074.01.49.57,2024-03-14T01:49:57.398393Z,3,"HHE,HHN,HHZ",15001,100.0,ok,
PTGC.2024.074.05.34.40,PTGC,2024.074.05.34.40,2024-03-14T05:34:40.988393Z,3,"HHE,HHN,HHZ",15001,100.0,ok,
PTGC.2024.074.23.35.24,PTGC,2024.074.23.35.24,2024-03-14T23:35:24.728393Z,3,"HHE,HHN,HHZ",15001,100.0,ok,
PTGC.2024.075.01.03.17,PTGC,2024.075.01.03.17,2024-03-15T01:03:17.468393Z,3,"HHE,HHN,HHZ",15001,100.0,ok,
PTGC.2024.075.03.07.26,PTGC,2024.075.03.07.26,2024-03-15T03:07:26.298393Z,3,"HHE,HHN,HHZ",15001,100.0,ok,
PTGC.2024.075.14.29.06,PTGC,2024.075.14.29.06,2024-03-15T14:29:06.668393Z,3,"HHE,HHN,HHZ",15001,100.0,ok,
PTGC.2024.075.16.29.54,PTGC,2024.075.16.29.54,2024-03-15T16:29:54.568393Z,3,"HHE,HHN,HHZ",15001,100.0,ok,
PTGC.2024.075.20.35.23,PTGC,2024.075.20.35.23,2024-03-15T20:35:23.438393Z,3,"HHE,HHN,HHZ",15001,100.0,ok,
PTGC.2024.075.22.30.00,PTGC,2024.075.22.30.00,2024-03-15T22:30:00.938393Z,3,"HHE,HHN,HHZ",15001,100.0,ok,
PTGC.2024.076.02.48.06,PTGC,2024.076.02.48.06,2024-03-16T02:48:06.998393Z,3,"HHE,HHN,HHZ",15001,100.0,ok,
PTGC.2024.076.23.45.51,PTGC,2024.076.23.45.51,2024-03-16T23:45:51.038394Z,3,"HHE,HHN,HHZ",15001,100.0,ok,
PTGC.2024.077.02.07.41,PTGC,2024.077.02.07.41,2024-03-17T02:07:41.258393Z,3,"HHE,HHN,HHZ",15001,100.0,ok,
PTGC.2024.077.03.26.04,PTGC,2024.077.03.26.04,2024-03-17T03:26:04.388393Z,3,"HHE,HHN,HHZ",15001,100.0,ok,
PTGC.2024.077.05.31.47,PTGC,2024.077.05.31.47,2024-03-17T05:31:47.688393Z,3,"HHE,HHN,HHZ",15001,100.0,ok,
PTGC.2024.077.07.05.56,PTGC,2024.077.07.05.56,2024-03-17T07:05:56.758393Z,3,"HHE,HHN,HHZ",15001,100.0,ok,
PTGC.2024.077.15.20.31,PTGC,2024.077.15.20.31,2024-03-17T15:20:31.338393Z,3,"HHE,HHN,HHZ",15001,100.0,ok,
PTGC.2024.078.03.41.27,PTGC,2024.078.03.41.27,2024-03-18T03:41:27.138393Z,3,"HHE,HHN,HHZ",15001,100.0,ok,
PTGC.2024.078.09.31.00,PTGC,2024.078.09.31.00,2024-03-18T09:31:00.658393Z,3,"HHE,HHN,HHZ",15001,100.0,ok,
PTGC.2024.079.09.13.57,PTGC,2024.079.09.13.57,2024-03-19T09:13:57.448393Z,3,"HHE,HHN,HHZ",15001,100.0,ok,
PTGC.2024.079.10.19.38,PTGC,2024.079.10.19.38,2024-03-19T10:19:38.748393Z,3,"HHE,HHN,HHZ",15001,100.0,ok,
PTGC.2024.079.20.52.22,PTGC,2024.079.20.52.22,2024-03-19T20:52:22.128393Z,3,"HHE,HHN,HHZ",15001,100.0,ok,
PTGC.2024.080.02.11.13,PTGC,2024.080.02.11.13,2024-03-20T02:11:13.288394Z,3,"HHE,HHN,HHZ",15001,100.0,ok,
PTGC.2024.082.11.10.45,PTGC,2024.082.11.10.45,2024-03-22T11:10:45.438393Z,3,"HHE,HHN,HHZ",15001,100.0,ok,
PTGC.2024.082.19.29.54,PTGC,2024.082.19.29.54,2024-03-22T19:29:54.948391Z,3,"HHE,HHN,HHZ",15001,100.0,ok,
PTGC.2024.083.00.48.18,PTGC,2024.083.00.48.18,2024-03-23T00:48:18.158393Z,3,"HHE,HHN,HHZ",15001,100.0,ok,
PTGC.2024.083.02.40.54,PTGC,2024.083.02.40.54,2024-03-23T02:40:54.048393Z,3,"HHE,HHN,HHZ",15001,100.0,ok,
PTGC.2024.083.07.06.49,PTGC,2024.083.07.06.49,2024-03-23T07:06:49.038393Z,3,"HHE,HHN,HHZ",15001,100.0,ok,
PTGC.2024.083.08.35.34,PTGC,2024.083.08.35.34,2024-03-23T08:35:34.938393Z,3,"HHE,HHN,HHZ",15001,100.0,ok,
PTGC.2024.083.13.15.00,PTGC,2024.083.13.15.00,2024-03-23T13:15:00.518393Z,3,"HHE,HHN,HHZ",15001,100.0,ok,
PTGC.2024.083.20.01.17,PTGC,2024.083.20.01.17,2024-03-23T20:01:17.198393Z,3,"HHE,HHN,HHZ",15001,100.0,ok,
PTGC.2024.084.03.09.23,PTGC,2024.084.03.09.23,2024-03-24T03:09:23.968393Z,3,"HHE,HHN,HHZ",15001,100.0,ok,
PTGC.2024.084.11.37.58,PTGC,2024.084.11.37.58,2024-03-24T11:37:58.628393Z,3,"HHE,HHN,HHZ",15001,100.0,ok,
PTGC.2024.084.21.37.35,PTGC,2024.084.21.37.35,2024-03-24T21:37:35.118393Z,3,"HHE,HHN,HHZ",15001,100.0,ok,
PTGC.2024.085.00.03.01,PTGC,2024.085.00.03.01,2024-03-25T00:03:01.128394Z,3,"HHE,HHN,HHZ",15001,100.0,ok,
PTGC.2024.085.03.32.13,PTGC,2024.085.03.32.13,2024-03-25T03:32:13.908393Z,3,"HHE,HHN,HHZ",15001,100.0,ok,
PTGC.2024.085.07.04.32,PTGC,2024.085.07.04.32,2024-03-25T07:04:32.958393Z,3,"HHE,HHN,HHZ",15001,100.0,ok,
PTGC.2024.085.07.06.51,PTGC,2024.085.07.06.51,2024-03-25T07:06:51.848393Z,3,"HHE,HHN,HHZ",15001,100.0,ok,
PTGC.2024.085.08.54.57,PTGC,2024.085.08.54.57,2024-03-25T08:54:57.768393Z,3,"HHE,HHN,HHZ",15001,100.0,ok,
PTGC.2024.085.18.22.33,PTGC,2024.085.18.22.33,2024-03-25T18:22:33.358393Z,3,"HHE,HHN,HHZ",15001,100.0,ok,
PTGC.2024.086.00.18.02,PTGC,2024.086.00.18.02,2024-03-26T00:18:02.038393Z,3,"HHE,HHN,HHZ",15001,100.0,ok,
PTGC.2024.086.03.14.01,PTGC,2024.086.03.14.01,2024-03-26T03:14:01.988393Z,3,"HHE,HHN,HHZ",15001,100.0,ok,
PTGC.2024.086.17.39.49,PTGC,2024.086.17.39.49,2024-03-26T17:39:49.088391Z,3,"HHE,HHN,HHZ",15001,100.0,ok,
PTGC.2024.087.08.36.23,PTGC,2024.087.08.36.23,2024-03-27T08:36:23.998391Z,3,"HHE,HHN,HHZ",15001,100.0,ok,
PTGC.2024.088.01.41.49,PTGC,2024.088.01.41.49,2024-03-28T01:41:49.208393Z,3,"HHE,HHN,HHZ",15001,100.0,ok,
PTGC.2024.088.07.07.43,PTGC,2024.088.07.07.43,2024-03-28T07:07:43.558393Z,3,"HHE,HHN,HHZ",15001,100.0,ok,
PTGC.2024.088.09.48.19,PTGC,2024.088.09.48.19,2024-03-28T09:48:19.228393Z,3,"HHE,HHN,HHZ",15001,100.0,ok,
PTGC.2024.088.11.49.06,PTGC,2024.088.11.49.06,2024-03-28T11:49:06.468393Z,3,"HHE,HHN,HHZ",15001,100.0,ok,
PTGC.2024.088.13.18.00,PTGC,2024.088.13.18.00,2024-03-28T13:18:00.628393Z,3,"HHE,HHN,HHZ",15001,100.0,ok,
PTGC.2024.088.19.25.47,PTGC,2024.088.19.25.47,2024-03-28T19:25:47.898393Z,3,"HHE,HHN,HHZ",15001,100.0,ok,
PTGC.2024.089.05.48.39,PTGC,2024.089.05.48.39,2024-03-29T05:48:39.948393Z,3,"HHE,HHN,HHZ",15001,100.0,ok,
PTGC.2024.089.10.39.14,PTGC,2024.089.10.39.14,2024-03-29T10:39:14.008393Z,3,"HHE,HHN,HHZ",15001,100.0,ok,
PTGC.2024.089.17.31.42,PTGC,2024.089.17.31.42,2024-03-29T17:31:42.768393Z,3,"HHE,HHN,HHZ",15001,100.0,ok,
PTGC.2024.090.01.28.25,PTGC,2024.090.01.28.25,2024-03-30T01:28:25.888393Z,3,"HHE,HHN,HHZ",15001,100.0,ok,
PTGC.2024.090.10.27.02,PTGC,2024.090.10.27.02,2024-03-30T10:27:02.908393Z,3,"HHE,HHN,HHZ",15001,100.0,ok,
PTGC.2024.090.18.18.33,PTGC,2024.090.18.18.33,2024-03-30T18:18:33.778391Z,3,"HHE,HHN,HHZ",15001,100.0,ok,
PTGC.2024.091.09.25.41,PTGC,2024.091.09.25.41,2024-03-31T09:25:41.908393Z,3,"HHE,HHN,HHZ",15001,100.0,ok,
PTGC.2024.091.11.39.18,PTGC,2024.091.11.39.18,2024-03-31T11:39:18.188393Z,3,"HHE,HHN,HHZ",15001,100.0,ok,
PTGC.2024.091.16.57.15,PTGC,2024.091.16.57.15,2024-03-31T16:57:15.038393Z,3,"HHE,HHN,HHZ",15001,100.0,ok,
PTGC.2024.091.20.17.49,PTGC,2024.091.20.17.49,2024-03-31T20:17:49.798393Z,3,"HHE,HHN,HHZ",15001,100.0,ok,
PTGC.2024.092.00.47.52,PTGC,2024.092.00.47.52,2024-04-01T00:47:52.088393Z,3,"HHE,HHN,HHZ",15001,100.0,ok,
PTGC.2024.092.06.04.48,PTGC,2024.092.06.04.48,2024-04-01T06:04:48.408393Z,3,"HHE,HHN,HHZ",15001,100.0,ok,
PTGC.2024.092.08.21.11,PTGC,2024.092.08.21.11,2024-04-01T08:21:11.568393Z,3,"HHE,HHN,HHZ",15001,100.0,ok,
PTGC.2024.092.09.00.06,PTGC,2024.092.09.00.06,2024-04-01T09:00:06.068393Z,3,"HHE,HHN,HHZ",15001,100.0,ok,
PTGC.2024.093.05.12.07,PTGC,2024.093.05.12.07,2024-04-02T05:12:07.988393Z,3,"HHE,HHN,HHZ",15001,100.0,ok,
PTGC.2024.093.11.54.03,PTGC,2024.093.11.54.03,2024-04-02T11:54:03.978391Z,3,"HHE,HHN,HHZ",15001,100.0,ok,
PTGC.2024.093.19.26.29,PTGC,2024.093.19.26.29,2024-04-02T19:26:29.158393Z,3,"HHE,HHN,HHZ",15001,100.0,ok,
PTGC.2024.093.20.00.28,PTGC,2024.093.20.00.28,2024-04-02T20:00:28.908393Z,3,"HHE,HHN,HHZ",15001,100.0,ok,
PTGC.2024.093.23.16.43,PTGC,2024.093.23.16.43,2024-04-02T23:16:43.698393Z,3,"HHE,HHN,HHZ",15001,100.0,ok,
PTGC.2024.093.23.23.03,PTGC,2024.093.23.23.03,2024-04-02T23:23:03.088393Z,3,"HHE,HHN,HHZ",15001,100.0,ok,
PTGC.2024.093.23.42.55,PTGC,2024.093.23.42.55,2024-04-02T23:42:55.438393Z,3,"HHE,HHN,HHZ",15001,100.0,ok,
PTGC.2024.094.03.37.20,PTGC,2024.094.03.37.20,2024-04-03T03:37:20.558394Z,3,"HHE,HHN,HHZ",15001,100.0,ok,
PTGC.2024.094.08.46.37,PTGC,2024.094.08.46.37,2024-04-03T08:46:37.128393Z,3,"HHE,HHN,HHZ",15001,100.0,ok,
PTGC.2024.094.13.33.50,PTGC,2024.094.13.33.50,2024-04-03T13:33:50.648393Z,3,"HHE,HHN,HHZ",15001,100.0,ok,
PTGC.2024.094.15.17.27,PTGC,2024.094.15.17.27,2024-04-03T15:17:27.768393Z,3,"HHE,HHN,HHZ",15001,100.0,ok,
PTGC.2024.095.22.34.25,PTGC,2024.095.22.34.25,2024-04-04T22:34:25.798393Z,3,"HHE,HHN,HHZ",15001,100.0,ok,
PTGC.2024.096.05.56.55,PTGC,2024.096.05.56.55,2024-04-05T05:56:55.248393Z,3,"HHE,HHN,HHZ",15001,100.0,ok,
PTGC.2024.096.18.30.06,PTGC,2024.096.18.30.06,2024-04-05T18:30:06.148393Z,3,"HHE,HHN,HHZ",15001,100.0,ok,
PTGC.2024.097.02.53.37,PTGC,2024.097.02.53.37,2024-04-06T02:53:37.728391Z,3,"HHE,HHN,HHZ",15001,100.0,ok,
PTGC.2024.097.20.07.16,PTGC,2024.097.20.07.16,2024-04-06T20:07:16.228393Z,3,"HHE,HHN,HHZ",15001,100.0,ok,
PTGC.2024.098.06.50.31,PTGC,2024.098.06.50.31,2024-04-07T06:50:31.588393Z,3,"HHE,HHN,HHZ",15001,100.0,ok,
PTGC.2024.098.18.55.00,PTGC,2024.098.18.55.00,2024-04-07T18:55:00.728393Z,3,"HHE,HHN,HHZ",15001,100.0,ok,
PTGC.2024.099.14.13.45,PTGC,2024.099.14.13.45,2024-04-08T14:13:45.208393Z,3,"HHE,HHN,HHZ",15001,100.0,ok,
PTGC.2024.099.18.11.44,PTGC,2024.099.18.11.44,2024-04-08T18:11:44.778393Z,3,"HHE,HHN,HHZ",15001,100.0,ok,
PTGC.2024.099.21.50.19,PTGC,2024.099.21.50.19,2024-04-08T21:50:19.738393Z,3,"HHE,HHN,HHZ",15001,100.0,ok,
PTGC.2024.100.10.39.26,PTGC,2024.100.10.39.26,2024-04-09T10:39:26.808393Z,3,"HHE,HHN,HHZ",15001,100.0,ok,
PTGC.2024.100.22.05.29,PTGC,2024.100.22.05.29,2024-04-09T22:05:29.638393Z,3,"HHE,HHN,HHZ",15001,100.0,ok,
PTGC.2024.101.08.02.02,PTGC,2024.101.08.02.02,2024-04-10T08:02:02.598393Z,3,"HHE,HHN,HHZ",15001,100.0,ok,
PTGC.2024.102.02.28.46,PTGC,2024.102.02.28.46,2024-04-11T02:28:46.108393Z,3,"HHE,HHN,HHZ",15001,100.0,ok,
PTGC.2024.102.09.01.02,PTGC,2024.102.09.01.02,2024-04-11T09:01:02.988393Z,3,"HHE,HHN,HHZ",15001,100.0,ok,
PTGC.2024.102.11.40.31,PTGC,2024.102.11.40.31,2024-04-11T11:40:31.378394Z,3,"HHE,HHN,HHZ",15001,100.0,ok,
PTGC.2024.102.23.46.08,PTGC,2024.102.23.46.08,2024-04-11T23:46:08.798393Z,3,"HHE,HHN,HHZ",15001,100.0,ok,
PTGC.2024.103.00.24.14,PTGC,2024.103.00.24.14,2024-04-12T00:24:14.448393Z,3,"HHE,HHN,HHZ",15001,100.0,ok,
PTGC.2024.103.10.22.14,PTGC,2024.103.10.22.14,2024-04-12T10:22:14.988393Z,3,"HHE,HHN,HHZ",15001,100.0,ok,
PTGC.2024.104.21.26.52,PTGC,2024.104.21.26.52,2024-04-13T21:26:52.018393Z,3,"HHE,HHN,HHZ",15001,100.0,ok,
PTGC.2024.104.22.41.55,PTGC,2024.104.22.41.55,2024-04-13T22:41:55.528393Z,3,"HHE,HHN,HHZ",15001,100.0,ok,
PTGC.2024.105.01.36.57,PTGC,2024.105.01.36.57,2024-04-14T01:36:57.138393Z,3,"HHE,HHN,HHZ",15001,100.0,ok,
PTGC.2024.105.01.47.41,PTGC,2024.105.01.47.41,2024-04-14T01:47:41.218393Z,3,"HHE,HHN,HHZ",15001,100.0,ok,
PTGC.2024.105.10.10.26,PTGC,2024.105.10.10.26,2024-04-14T10:10:26.168393Z,3,"HHE,HHN,HHZ",15001,100.0,ok,
PTGC.2024.105.22.07.16,PTGC,2024.105.22.07.16,2024-04-14T22:07:16.258391Z,3,"HHE,HHN,HHZ",15001,100.0,ok,
PTGC.2024.106.01.08.11,PTGC,2024.106.01.08.11,2024-04-15T01:08:11.198393Z,3,"HHE,HHN,HHZ",15001,100.0,ok,
PTGC.2024.106.01.09.40,PTGC,2024.106.01.09.40,2024-04-15T01:09:40.348393Z,3,"HHE,HHN,HHZ",15001,100.0,ok,
PTGC.2024.106.01.43.43,PTGC,2024.106.01.43.43,2024-04-15T01:43:43.578391Z,3,"HHE,HHN,HHZ",15001,100.0,ok,
PTGC.2024.106.02.32.52,PTGC,2024.106.02.32.52,2024-04-15T02:32:52.168393Z,3,"HHE,HHN,HHZ",15001,100.0,ok,
PTGC.2024.106.04.43.33,PTGC,2024.106.04.43.33,2024-04-15T04:43:33.248393Z,3,"HHE,HHN,HHZ",15001,100.0,ok,
PTGC.2024.106.05.25.03,PTGC,2024.106.05.25.03,2024-04-15T05:25:03.398393Z,3,"HHE,HHN,HHZ",15001,100.0,ok,
PTGC.2024.106.09.30.51,PTGC,2024.106.09.30.51,2024-04-15T09:30:51.688393Z,3,"HHE,HHN,HHZ",15001,100.0,ok,
PTGC.2024.107.06.29.01,PTGC,2024.107.06.29.01,2024-04-16T06:29:01.128393Z,3,"HHE,HHN,HHZ",15001,100.0,ok,
PTGC.2024.108.03.34.35,PTGC,2024.108.03.34.35,2024-04-17T03:34:35.748393Z,3,"HHE,HHN,HHZ",15001,100.0,ok,
PTGC.2024.108.05.45.57,PTGC,2024.108.05.45.57,2024-04-17T05:45:57.678393Z,3,"HHE,HHN,HHZ",15001,100.0,ok,
PTGC.2024.108.14.42.35,PTGC,2024.108.14.42.35,2024-04-17T14:42:35.588391Z,3,"HHE,HHN,HHZ",15001,100.0,ok,
PTGC.2024.108.15.04.06,PTGC,2024.108.15.04.06,2024-04-17T15:04:06.998393Z,3,"HHE,HHN,HHZ",15001,100.0,ok,
PTGC.2024.109.04.31.42,PTGC,2024.109.04.31.42,2024-04-18T04:31:42.358391Z,3,"HHE,HHN,HHZ",15001,100.0,ok,
PTGC.2024.109.13.04.51,PTGC,2024.109.13.04.51,2024-04-18T13:04:51.008393Z,3,"HHE,HHN,HHZ",15001,100.0,ok,
PTGC.2024.110.07.13.32,PTGC,2024.110.07.13.32,2024-04-19T07:13:32.118393Z,3,"HHE,HHN,HHZ",15001,100.0,ok,
PTGC.2024.110.08.55.58,PTGC,2024.110.08.55.58,2024-04-19T08:55:58.098393Z,3,"HHE,HHN,HHZ",15001,100.0,ok,
PTGC.2024.112.11.49.19,PTGC,2024.112.11.49.19,2024-04-21T11:49:19.308393Z,3,"HHE,HHN,HHZ",15001,100.0,ok,
PTGC.2024.112.23.34.31,PTGC,2024.112.23.34.31,2024-04-21T23:34:31.048393Z,3,"HHE,HHN,HHZ",15001,100.0,ok,
PTGC.2024.113.07.57.50,PTGC,2024.113.07.57.50,2024-04-22T07:57:50.298393Z,3,"HHE,HHN,HHZ",15001,100.0,ok,
PTGC.2024.113.08.20.24,PTGC,2024.113.08.20.24,2024-04-22T08:20:24.718393Z,3,"HHE,HHN,HHZ",15001,100.0,ok,
PTGC.2024.113.11.33.22,PTGC,2024.113.11.33.22,2024-04-22T11:33:22.848393Z,3,"HHE,HHN,HHZ",15001,100.0,ok,
PTGC.2024.114.00.02.39,PTGC,2024.114.00.02.39,2024-04-23T00:02:39.618393Z,3,"HHE,HHN,HHZ",15001,100.0,ok,
PTGC.2024.114.00.25.46,PTGC,2024.114.00.25.46,2024-04-23T00:25:46.818393Z,3,"HHE,HHN,HHZ",15001,100.0,ok,
PTGC.2024.114.05.25.43,PTGC,2024.114.05.25.43,2024-04-23T05:25:43.628391Z,3,"HHE,HHN,HHZ",15001,100.0,ok,
PTGC.2024.114.06.09.48,PTGC,2024.114.06.09.48,2024-04-23T06:09:48.138394Z,3,"HHE,HHN,HHZ",15001,100.0,ok,
PTGC.2024.114.22.21.27,PTGC,2024.114.22.21.27,2024-04-23T22:21:27.458393Z,3,"HHE,HHN,HHZ",15001,100.0,ok,
PTGC.2024.115.00.39.00,PTGC,2024.115.00.39.00,2024-04-24T00:39:00.788393Z,3,"HHE,HHN,HHZ",15001,100.0,ok,
PTGC.2024.115.01.07.50,PTGC,2024.115.01.07.50,2024-04-24T01:07:50.798393Z,3,"HHE,HHN,HHZ",15001,100.0,ok,
PTGC.2024.116.14.26.05,PTGC,2024.116.14.26.05,2024-04-25T14:26:05.278393Z,3,"HHE,HHN,HHZ",15001,100.0,ok,
PTGC.2024.117.04.17.59,PTGC,2024.117.04.17.59,2024-04-26T04:17:59.688393Z,3,"HHE,HHN,HHZ",15001,100.0,ok,
PTGC.2024.117.04.48.42,PTGC,2024.117.04.48.42,2024-04-26T04:48:42.118393Z,3,"HHE,HHN,HHZ",15001,100.0,ok,
PTGC.2024.117.11.35.15,PTGC,2024.117.11.35.15,2024-04-26T11:35:15.838393Z,3,"HHE,HHN,HHZ",15001,100.0,ok,
PTGC.2024.117.11.57.14,PTGC,2024.117.11.57.14,2024-04-26T11:57:14.938393Z,3,"HHE,HHN,HHZ",15001,100.0,ok,
PTGC.2024.117.14.17.06,PTGC,2024.117.14.17.06,2024-04-26T14:17:06.808393Z,3,"HHE,HHN,HHZ",15001,100.0,ok,
PTGC.2024.117.17.20.49,PTGC,2024.117.17.20.49,2024-04-26T17:20:49.818391Z,3,"HHE,HHN,HHZ",15001,100.0,ok,
PTGC.2024.118.05.29.07,PTGC,2024.118.05.29.07,2024-04-27T05:29:07.788393Z,3,"HHE,HHN,HHZ",15001,100.0,ok,
PTGC.2024.118.22.44.57,PTGC,2024.118.22.44.57,2024-04-27T22:44:57.918393Z,3,"HHE,HHN,HHZ",15001,100.0,ok,
PTGC.2024.119.02.25.51,PTGC,2024.119.02.25.51,2024-04-28T02:25:51.988393Z,3,"HHE,HHN,HHZ",15001,100.0,ok,
PTGC.2024.119.06.46.15,PTGC,2024.119.06.46.15,2024-04-28T06:46:15.508391Z,3,"HHE,HHN,HHZ",15001,100.0,ok,
PTGC.2024.119.16.14.20,PTGC,2024.119.16.14.20,2024-04-28T16:14:20.538393Z,3,"HHE,HHN,HHZ",15001,100.0,ok,
PTGC.2024.119.16.53.59,PTGC,2024.119.16.53.59,2024-04-28T16:53:59.988393Z,3,"HHE,HHN,HHZ",15001,100.0,ok,
PTGC.2024.119.22.38.24,PTGC,2024.119.22.38.24,2024-04-28T22:38:24.748393Z,3,"HHE,HHN,HHZ",15001,100.0,ok,
PTGC.2024.120.06.50.20,PTGC,2024.120.06.50.20,2024-04-29T06:50:20.908393Z,3,"HHE,HHN,HHZ",15001,100.0,ok,
PTGC.2024.120.08.21.39,PTGC,2024.120.08.21.39,2024-04-29T08:21:39.428393Z,3,"HHE,HHN,HHZ",15001,100.0,ok,
PTGC.2024.120.17.33.37,PTGC,2024.120.17.33.37,2024-04-29T17:33:37.578393Z,3,"HHE,HHN,HHZ",15001,100.0,ok,
PTGC.2024.120.18.14.56,PTGC,2024.120.18.14.56,2024-04-29T18:14:56.648393Z,3,"HHE,HHN,HHZ",15001,100.0,ok,
PTGC.2024.120.18.34.42,PTGC,2024.120.18.34.42,2024-04-29T18:34:42.368393Z,3,"HHE,HHN,HHZ",15001,100.0,ok,
PTGC.2024.120.18.40.20,PTGC,2024.120.18.40.20,2024-04-29T18:40:20.418393Z,3,"HHE,HHN,HHZ",15001,100.0,ok,
PTGC.2024.120.20.08.24,PTGC,2024.120.20.08.24,2024-04-29T20:08:24.278393Z,3,"HHE,HHN,HHZ",15001,100.0,ok,
PTGC.2024.121.07.24.12,PTGC,2024.121.07.24.12,2024-04-30T07:24:12.608393Z,3,"HHE,HHN,HHZ",15001,100.0,ok,
PTGC.2024.121.14.05.38,PTGC,2024.121.14.05.38,2024-04-30T14:05:38.838393Z,3,"HHE,HHN,HHZ",15001,100.0,ok,
PTGC.2024.121.16.32.47,PTGC,2024.121.16.32.47,2024-04-30T16:32:47.128393Z,3,"HHE,HHN,HHZ",15001,100.0,ok,
PTGC.2024.121.19.20.38,PTGC,2024.121.19.20.38,2024-04-30T19:20:38.528391Z,3,"HHE,HHN,HHZ",15001,100.0,ok,
PTGC.2024.123.01.36.48,PTGC,2024.123.01.36.48,2024-05-02T01:36:48.248393Z,3,"HHE,HHN,HHZ",15001,100.0,ok,
PTGC.2024.124.00.57.22,PTGC,2024.124.00.57.22,2024-05-03T00:57:22.588393Z,3,"HHE,HHN,HHZ",15001,100.0,ok,
PTGC.2024.124.08.27.16,PTGC,2024.124.08.27.16,2024-05-03T08:27:16.208393Z,3,"HHE,HHN,HHZ",15001,100.0,ok,
PTGC.2024.124.14.42.53,PTGC,2024.124.14.42.53,2024-05-03T14:42:53.208393Z,3,"HHE,HHN,HHZ",15001,100.0,ok,
PTGC.2024.125.06.40.45,PTGC,2024.125.06.40.45,2024-05-04T06:40:45.128393Z,3,"HHE,HHN,HHZ",15001,100.0,ok,
PTGC.2024.125.13.53.49,PTGC,2024.125.13.53.49,2024-05-04T13:53:49.628393Z,3,"HHE,HHN,HHZ",15001,100.0,ok,
PTGC.2024.125.14.35.28,PTGC,2024.125.14.35.28,2024-05-04T14:35:28.908393Z,3,"HHE,HHN,HHZ",15001,100.0,ok,
PTGC.2024.125.20.17.06,PTGC,2024.125.20.17.06,2024-05-04T20:17:06.128391Z,3,"HHE,HHN,HHZ",15001,100.0,ok,
PTGC.2024.127.08.39.42,PTGC,2024.127.08.39.42,2024-05-06T08:39:42.768393Z,3,"HHE,HHN,HHZ",15001,100.0,ok,
PTGC.2024.127.19.52.20,PTGC,2024.127.19.52.20,2024-05-06T19:52:20.888393Z,3,"HHE,HHN,HHZ",15001,100.0,ok,
PTGC.2024.128.02.58.07,PTGC,2024.128.02.58.07,2024-05-07T02:58:07.558393Z,3,"HHE,HHN,HHZ",15001,100.0,ok,
PTGC.2024.128.04.31.14,PTGC,2024.128.04.31.14,2024-05-07T04:31:14.178393Z,3,"HHE,HHN,HHZ",15001,100.0,ok,
PTGC.2024.128.09.26.24,PTGC,2024.128.09.26.24,2024-05-07T09:26:24.838393Z,3,"HHE,HHN,HHZ",15001,100.0,ok,
PTGC.2024.128.10.51.18,PTGC,2024.128.10.51.18,2024-05-07T10:51:18.638393Z,3,"HHE,HHN,HHZ",15001,100.0,ok,
PTGC.2024.128.16.38.38,PTGC,2024.128.16.38.38,2024-05-07T16:38:38.078393Z,3,"HHE,HHN,HHZ",15001,100.0,ok,
PTGC.2024.128.20.56.29,PTGC,2024.128.20.56.29,2024-05-07T20:56:29.838393Z,3,"HHE,HHN,HHZ",15001,100.0,ok,
PTGC.2024.129.03.48.45,PTGC,2024.129.03.48.45,2024-05-08T03:48:45.488393Z,3,"HHE,HHN,HHZ",15001,100.0,ok,
PTGC.2024.129.11.37.47,PTGC,2024.129.11.37.47,2024-05-08T11:37:47.038393Z,3,"HHE,HHN,HHZ",15001,100.0,ok,
PTGC.2024.129.20.30.24,PTGC,2024.129.20.30.24,2024-05-08T20:30:24.358393Z,3,"HHE,HHN,HHZ",15001,100.0,ok,
PTGC.2024.129.22.25.40,PTGC,2024.129.22.25.40,2024-05-08T22:25:40.938393Z,3,"HHE,HHN,HHZ",15001,100.0,ok,
PTGC.2024.130.06.58.01,PTGC,2024.130.06.58.01,2024-05-09T06:58:01.578393Z,3,"HHE,HHN,HHZ",15001,100.0,ok,
PTGC.2024.130.09.33.20,PTGC,2024.130.09.33.20,2024-05-09T09:33:20.648391Z,3,"HHE,HHN,HHZ",15001,100.0,ok,
PTGC.2024.130.15.36.00,PTGC,2024.130.15.36.00,2024-05-09T15:36:00.418393Z,3,"HHE,HHN,HHZ",15001,100.0,ok,
PTGC.2024.130.19.21.11,PTGC,2024.130.19.21.11,2024-05-09T19:21:11.378393Z,3,"HHE,HHN,HHZ",15001,100.0,ok,
PTGC.2024.132.01.31.11,PTGC,2024.132.01.31.11,2024-05-11T01:31:11.018393Z,3,"HHE,HHN,HHZ",15001,100.0,ok,
PTGC.2024.132.04.15.52,PTGC,2024.132.04.15.52,2024-05-11T04:15:52.368393Z,3,"HHE,HHN,HHZ",15001,100.0,ok,
PTGC.2024.132.04.20.11,PTGC,2024.132.04.20.11,2024-05-11T04:20:11.198393Z,3,"HHE,HHN,HHZ",15001,100.0,ok,
PTGC.2024.132.12.00.26,PTGC,2024.132.12.00.26,2024-05-11T12:00:26.918393Z,3,"HHE,HHN,HHZ",15001,100.0,ok,
PTGC.2024.132.15.15.02,PTGC,2024.132.15.15.02,2024-05-11T15:15:02.428393Z,3,"HHE,HHN,HHZ",15001,100.0,ok,
PTGC.2024.132.15.47.38,PTGC,2024.132.15.47.38,2024-05-11T15:47:38.968393Z,3,"HHE,HHN,HHZ",15001,100.0,ok,
PTGC.2024.133.22.06.05,PTGC,2024.133.22.06.05,2024-05-12T22:06:05.478393Z,3,"HHE,HHN,HHZ",15001,100.0,ok,
PTGC.2024.134.00.08.07,PTGC,2024.134.00.08.07,2024-05-13T00:08:07.088393Z,3,"HHE,HHN,HHZ",15001,100.0,ok,
PTGC.2024.134.01.27.26,PTGC,2024.134.01.27.26,2024-05-13T01:27:26.888393Z,3,"HHE,HHN,HHZ",15001,100.0,ok,
PTGC.2024.134.13.19.04,PTGC,2024.134.13.19.04,2024-05-13T13:19:04.388391Z,3,"HHE,HHN,HHZ",15001,100.0,ok,
PTGC.2024.134.14.25.43,PTGC,2024.134.14.25.43,2024-05-13T14:25:43.628393Z,3,"HHE,HHN,HHZ",15001,100.0,ok,
PTGC.2024.134.15.04.53,PTGC,2024.134.15.04.53,2024-05-13T15:04:53.118393Z,3,"HHE,HHN,HHZ",15001,100.0,ok,
PTGC.2024.134.22.21.58,PTGC,2024.134.22.21.58,2024-05-13T22:21:58.508393Z,3,"HHE,HHN,HHZ",15001,100.0,ok,
PTGC.2024.135.06.21.36,PTGC,2024.135.06.21.36,2024-05-14T06:21:36.528393Z,3,"HHE,HHN,HHZ",15001,100.0,ok,
PTGC.2024.136.02.02.34,PTGC,2024.136.02.02.34,2024-05-15T02:02:34.678393Z,3,"HHE,HHN,HHZ",15001,100.0,ok,
PTGC.2024.136.08.36.25,PTGC,2024.136.08.36.25,2024-05-15T08:36:25.948393Z,3,"HHE,HHN,HHZ",15001,100.0,ok,
PTGC.2024.136.11.49.16,PTGC,2024.136.11.49.16,2024-05-15T11:49:16.948393Z,3,"HHE,HHN,HHZ",15001,100.0,ok,
PTGC.2024.136.13.04.16,PTGC,2024.136.13.04.16,2024-05-15T13:04:16.308391Z,3,"HHE,HHN,HHZ",15001,100.0,ok,
PTGC.2024.136.13.49.49,PTGC,2024.136.13.49.49,2024-05-15T13:49:49.808393Z,3,"HHE,HHN,HHZ",15001,100.0,ok,
PTGC.2024.136.19.24.46,PTGC,2024.136.19.24.46,2024-05-15T19:24:46.848393Z,3,"HHE,HHN,HHZ",15001,100.0,ok,
PTGC.2024.136.22.18.20,PTGC,2024.136.22.18.20,2024-05-15T22:18:20.978393Z,3,"HHE,HHN,HHZ",15001,100.0,ok,
PTGC.2024.137.14.42.54,PTGC,2024.137.14.42.54,2024-05-16T14:42:54.608393Z,3,"HHE,HHN,HHZ",15001,100.0,ok,
PTGC.2024.138.11.36.02,PTGC,2024.138.11.36.02,2024-05-17T11:36:02.898393Z,3,"HHE,HHN,HHZ",15001,100.0,ok,
PTGC.2024.138.15.18.39,PTGC,2024.138.15.18.39,2024-05-17T15:18:39.238393Z,3,"HHE,HHN,HHZ",15001,100.0,ok,
PTGC.2024.139.05.56.34,PTGC,2024.139.05.56.34,2024-05-18T05:56:34.308393Z,3,"HHE,HHN,HHZ",15001,100.0,ok,
PTGC.2024.139.05.59.09,PTGC,2024.139.05.59.09,2024-05-18T05:59:09.718393Z,3,"HHE,HHN,HHZ",15001,100.0,ok,
PTGC.2024.139.07.39.54,PTGC,2024.139.07.39.54,2024-05-18T07:39:54.198393Z,3,"HHE,HHN,HHZ",15001,100.0,ok,
PTGC.2024.139.12.00.53,PTGC,2024.139.12.00.53,2024-05-18T12:00:53.718393Z,3,"HHE,HHN,HHZ",15001,100.0,ok,
PTGC.2024.139.12.46.54,PTGC,2024.139.12.46.54,2024-05-18T12:46:54.698393Z,3,"HHE,HHN,HHZ",15001,100.0,ok,
PTGC.2024.139.18.50.37,PTGC,2024.139.18.50.37,2024-05-18T18:50:37.988393Z,3,"HHE,HHN,HHZ",15001,100.0,ok,
PTGC.2024.140.15.35.14,PTGC,2024.140.15.35.14,2024-05-19T15:35:14.668393Z,3,"HHE,HHN,HHZ",15001,100.0,ok,
PTGC.2024.141.18.09.16,PTGC,2024.141.18.09.16,2024-05-20T18:09:16.298393Z,3,"HHE,HHN,HHZ",15001,100.0,ok,
PTGC.2024.142.21.54.09,PTGC,2024.142.21.54.09,2024-05-21T21:54:09.198393Z,3,"HHE,HHN,HHZ",15001,100.0,ok,
PTGC.2024.142.22.10.40,PTGC,2024.142.22.10.40,2024-05-21T22:10:40.588393Z,3,"HHE,HHN,HHZ",15001,100.0,ok,
PTGC.2024.142.23.19.22,PTGC,2024.142.23.19.22,2024-05-21T23:19:22.228391Z,3,"HHE,HHN,HHZ",15001,100.0,ok,
PTGC.2024.143.03.26.02,PTGC,2024.143.03.26.02,2024-05-22T03:26:02.458393Z,3,"HHE,HHN,HHZ",15001,100.0,ok,
PTGC.2024.144.05.00.01,PTGC,2024.144.05.00.01,2024-05-23T05:00:01.278393Z,3,"HHE,HHN,HHZ",15001,100.0,ok,
PTGC.2024.144.05.19.25,PTGC,2024.144.05.19.25,2024-05-23T05:19:25.358393Z,3,"HHE,HHN,HHZ",15001,100.0,ok,
PTGC.2024.144.09.15.03,PTGC,2024.144.09.15.03,2024-05-23T09:15:03.478391Z,3,"HHE,HHN,HHZ",15001,100.0,ok,
PTGC.2024.144.16.58.35,PTGC,2024.144.16.58.35,2024-05-23T16:58:35.748391Z,3,"HHE,HHN,HHZ",15001,100.0,ok,
PTGC.2024.145.14.00.17,PTGC,2024.145.14.00.17,2024-05-24T14:00:17.718393Z,3,"HHE,HHN,HHZ",15001,100.0,ok,
PTGC.2024.145.23.44.00,PTGC,2024.145.23.44.00,2024-05-24T23:44:00.318393Z,3,"HHE,HHN,HHZ",15001,100.0,ok,
PTGC.2024.146.00.24.41,PTGC,2024.146.00.24.41,2024-05-25T00:24:41.678393Z,3,"HHE,HHN,HHZ",15001,100.0,ok,
PTGC.2024.146.00.36.06,PTGC,2024.146.00.36.06,2024-05-25T00:36:06.458393Z,3,"HHE,HHN,HHZ",15001,100.0,ok,
PTGC.2024.146.10.31.27,PTGC,2024.146.10.31.27,2024-05-25T10:31:27.548394Z,3,"HHE,HHN,HHZ",15001,100.0,ok,
PTGC.2024.146.12.14.37,PTGC,2024.146.12.14.37,2024-05-25T12:14:37.948393Z,3,"HHE,HHN,HHZ",15001,100.0,ok,
PTGC.2024.146.17.04.13,PTGC,2024.146.17.04.13,2024-05-25T17:04:13.758393Z,3,"HHE,HHN,HHZ",15001,100.0,ok,
PTGC.2024.147.05.38.47,PTGC,2024.147.05.38.47,2024-05-26T05:38:47.988393Z,3,"HHE,HHN,HHZ",15001,100.0,ok,
PTGC.2024.147.16.06.24,PTGC,2024.147.16.06.24,2024-05-26T16:06:24.788393Z,3,"HHE,HHN,HHZ",15001,100.0,ok,
PTGC.2024.148.00.29.52,PTGC,2024.148.00.29.52,2024-05-27T00:29:52.758393Z,3,"HHE,HHN,HHZ",15001,100.0,ok,
PTGC.2024.148.03.44.12,PTGC,2024.148.03.44.12,2024-05-27T03:44:12.258393Z,3,"HHE,HHN,HHZ",15001,100.0,ok,
PTGC.2024.148.07.38.18,PTGC,2024.148.07.38.18,2024-05-27T07:38:18.748393Z,3,"HHE,HHN,HHZ",15001,100.0,ok,
PTGC.2024.148.08.09.57,PTGC,2024.148.08.09.57,2024-05-27T08:09:57.248393Z,3,"HHE,HHN,HHZ",15001,100.0,ok,
PTGC.2024.148.08.45.02,PTGC,2024.148.08.45.02,2024-05-27T08:45:02.148393Z,3,"HHE,HHN,HHZ",15001,100.0,ok,
PTGC.2024.148.13.31.05,PTGC,2024.148.13.31.05,2024-05-27T13:31:05.488393Z,3,"HHE,HHN,HHZ",15001,100.0,ok,
PTGC.2024.149.08.23.12,PTGC,2024.149.08.23.12,2024-05-28T08:23:12.708393Z,3,"HHE,HHN,HHZ",15001,100.0,ok,
PTGC.2024.149.10.30.05,PTGC,2024.149.10.30.05,2024-05-28T10:30:05.618393Z,3,"HHE,HHN,HHZ",15001,100.0,ok,
PTGC.2024.149.11.17.02,PTGC,2024.149.11.17.02,2024-05-28T11:17:02.838393Z,3,"HHE,HHN,HHZ",15001,100.0,ok,
PTGC.2024.149.12.21.37,PTGC,2024.149.12.21.37,2024-05-28T12:21:37.838393Z,3,"HHE,HHN,HHZ",15001,100.0,ok,
PTGC.2024.149.13.33.39,PTGC,2024.149.13.33.39,2024-05-28T13:33:39.288393Z,3,"HHE,HHN,HHZ",15001,100.0,ok,
PTGC.2024.150.09.06.38,PTGC,2024.150.09.06.38,2024-05-29T09:06:38.758393Z,3,"HHE,HHN,HHZ",15001,100.0,ok,
PTGC.2024.150.12.47.39,PTGC,2024.150.12.47.39,2024-05-29T12:47:39.028393Z,3,"HHE,HHN,HHZ",15001,100.0,ok,
PTGC.2024.151.02.09.45,PTGC,2024.151.02.09.45,2024-05-30T02:09:45.118393Z,3,"HHE,HHN,HHZ",15001,100.0,ok,
PTGC.2024.151.04.35.48,PTGC,2024.151.04.35.48,2024-05-30T04:35:48.468393Z,3,"HHE,HHN,HHZ",15001,100.0,ok,
PTGC.2024.151.05.48.50,PTGC,2024.151.05.48.50,2024-05-30T05:48:50.988393Z,3,"HHE,HHN,HHZ",15001,100.0,ok,
PTGC.2024.152.04.49.59,PTGC,2024.152.04.49.59,2024-05-31T04:49:59.338393Z,3,"HHE,HHN,HHZ",15001,100.0,ok,
PTGC.2024.152.08.34.44,PTGC,2024.152.08.34.44,2024-05-31T08:34:44.408393Z,3,"HHE,HHN,HHZ",15001,100.0,ok,
PTGC.2024.152.11.14.25,PTGC,2024.152.11.14.25,2024-05-31T11:14:25.708393Z,3,"HHE,HHN,HHZ",15001,100.0,ok,
PTGC.2024.152.12.14.49,PTGC,2024.152.12.14.49,2024-05-31T12:14:49.628393Z,3,"HHE,HHN,HHZ",15001,100.0,ok,
PTGC.2024.152.21.10.06,PTGC,2024.152.21.10.06,2024-05-31T21:10:06.538393Z,3,"HHE,HHN,HHZ",15001,100.0,ok,
PTGC.2024.152.23.18.30,PTGC,2024.152.23.18.30,2024-05-31T23:18:30.438393Z,3,"HHE,HHN,HHZ",15001,100.0,ok,
PTGC.2024.153.04.50.09,PTGC,2024.153.04.50.09,2024-06-01T04:50:09.978393Z,3,"HHE,HHN,HHZ",15001,100.0,ok,
PTGC.2024.153.05.36.46,PTGC,2024.153.05.36.46,2024-06-01T05:36:46.128393Z,3,"HHE,HHN,HHZ",15001,100.0,ok,
PTGC.2024.153.06.03.43,PTGC,2024.153.06.03.43,2024-06-01T06:03:43.818393Z,3,"HHE,HHN,HHZ",15001,100.0,ok,
PTGC.2024.153.17.07.07,PTGC,2024.153.17.07.07,2024-06-01T17:07:07.298391Z,3,"HHE,HHN,HHZ",15001,100.0,ok,
PTGC.2024.153.21.15.31,PTGC,2024.153.21.15.31,2024-06-01T21:15:31.428393Z,3,"HHE,HHN,HHZ",15001,100.0,ok,
PTGC.2024.154.02.19.07,PTGC,2024.154.02.19.07,2024-06-02T02:19:07.628393Z,3,"HHE,HHN,HHZ",15001,100.0,ok,
PTGC.2024.154.02.34.19,PTGC,2024.154.02.34.19,2024-06-02T02:34:19.128393Z,3,"HHE,HHN,HHZ",15001,100.0,ok,
PTGC.2024.154.03.49.43,PTGC,2024.154.03.49.43,2024-06-02T03:49:43.118393Z,3,"HHE,HHN,HHZ",15001,100.0,ok,
PTGC.2024.154.07.26.52,PTGC,2024.154.07.26.52,2024-06-02T07:26:52.188393Z,3,"HHE,HHN,HHZ",15001,100.0,ok,
PTGC.2024.154.08.09.13,PTGC,2024.154.08.09.13,2024-06-02T08:09:13.098393Z,3,"HHE,HHN,HHZ",15001,100.0,ok,
PTGC.2024.154.13.29.31,PTGC,2024.154.13.29.31,2024-06-02T13:29:31.408393Z,3,"HHE,HHN,HHZ",15001,100.0,ok,
PTGC.2024.154.17.41.11,PTGC,2024.154.17.41.11,2024-06-02T17:41:11.518393Z,3,"HHE,HHN,HHZ",15001,100.0,ok,
PTGC.2024.155.11.52.36,PTGC,2024.155.11.52.36,2024-06-03T11:52:36.318393Z,3,"HHE,HHN,HHZ",15001,100.0,ok,
PTGC.2024.155.14.04.04,PTGC,2024.155.14.04.04,2024-06-03T14:04:04.518391Z,3,"HHE,HHN,HHZ",15001,100.0,ok,
PTGC.2024.155.17.44.37,PTGC,2024.155.17.44.37,2024-06-03T17:44:37.058393Z,3,"HHE,HHN,HHZ",15001,100.0,ok,
PTGC.2024.155.18.52.27,PTGC,2024.155.18.52.27,2024-06-03T18:52:27.768393Z,3,"HHE,HHN,HHZ",15001,100.0,ok,
PTGC.2024.156.09.46.57,PTGC,2024.156.09.46.57,2024-06-04T09:46:57.568393Z,3,"HHE,HHN,HHZ",15001,100.0,ok,
PTGC.2024.156.13.07.29,PTGC,2024.156.13.07.29,2024-06-04T13:07:29.518393Z,3,"HHE,HHN,HHZ",15001,100.0,ok,
PTGC.2024.158.00.01.33,PTGC,2024.158.00.01.33,2024-06-06T00:01:33.848393Z,3,"HHE,HHN,HHZ",15001,100.0,ok,
PTGC.2024.158.00.34.57,PTGC,2024.158.00.34.57,2024-06-06T00:34:57.748393Z,3,"HHE,HHN,HHZ",15001,100.0,ok,
PTGC.2024.158.21.42.48,PTGC,2024.158.21.42.48,2024-06-06T21:42:48.868391Z,3,"HHE,HHN,HHZ",15001,100.0,ok,
PTGC.2024.159.15.47.53,PTGC,2024.159.15.47.53,2024-06-07T15:47:53.838391Z,3,"HHE,HHN,HHZ",15001,100.0,ok,
PTGC.2024.160.02.19.52,PTGC,2024.160.02.19.52,2024-06-08T02:19:52.098393Z,3,"HHE,HHN,HHZ",15001,100.0,ok,
PTGC.2024.160.11.27.39,PTGC,2024.160.11.27.39,2024-06-08T11:27:39.338393Z,3,"HHE,HHN,HHZ",15001,100.0,ok,
PTGC.2024.161.06.56.37,PTGC,2024.161.06.56.37,2024-06-09T06:56:37.038393Z,3,"HHE,HHN,HHZ",15001,100.0,ok,
PTGC.2024.162.02.02.22,PTGC,2024.162.02.02.22,2024-06-10T02:02:22.908393Z,3,"HHE,HHN,HHZ",15001,100.0,ok,
PTGC.2024.162.06.25.13,PTGC,2024.162.06.25.13,2024-06-10T06:25:13.358393Z,3,"HHE,HHN,HHZ",15001,100.0,ok,
PTGC.2024.162.17.36.48,PTGC,2024.162.17.36.48,2024-06-10T17:36:48.088393Z,3,"HHE,HHN,HHZ",15001,100.0,ok,
PTGC.2024.163.01.53.49,PTGC,2024.163.01.53.49,2024-06-11T01:53:49.268393Z,3,"HHE,HHN,HHZ",15001,100.0,ok,
PTGC.2024.164.02.54.33,PTGC,2024.164.02.54.33,2024-06-12T02:54:33.188393Z,3,"HHE,HHN,HHZ",15001,100.0,ok,
PTGC.2024.164.21.17.49,PTGC,2024.164.21.17.49,2024-06-12T21:17:49.918393Z,3,"HHE,HHN,HHZ",15001,100.0,ok,
PTGC.2024.165.08.12.46,PTGC,2024.165.08.12.46,2024-06-13T08:12:46.168393Z,3,"HHE,HHN,HHZ",15001,100.0,ok,
PTGC.2024.165.13.35.30,PTGC,2024.165.13.35.30,2024-06-13T13:35:30.588393Z,3,"HHE,HHN,HHZ",15001,100.0,ok,
PTGC.2024.166.21.29.14,PTGC,2024.166.21.29.14,2024-06-14T21:29:14.668393Z,3,"HHE,HHN,HHZ",15001,100.0,ok,
PTGC.2024.167.06.17.01,PTGC,2024.167.06.17.01,2024-06-15T06:17:01.658394Z,3,"HHE,HHN,HHZ",15001,100.0,ok,
PTGC.2024.167.09.03.13,PTGC,2024.167.09.03.13,2024-06-15T09:03:13.368393Z,3,"HHE,HHN,HHZ",15001,100.0,ok,
PTGC.2024.168.02.29.02,PTGC,2024.168.02.29.02,2024-06-16T02:29:02.158393Z,3,"HHE,HHN,HHZ",15001,100.0,ok,
PTGC.2024.169.06.59.42,PTGC,2024.169.06.59.42,2024-06-17T06:59:42.378393Z,3,"HHE,HHN,HHZ",15001,100.0,ok,
PTGC.2024.169.07.28.21,PTGC,2024.169.07.28.21,2024-06-17T07:28:21.568393Z,3,"HHE,HHN,HHZ",15001,100.0,ok,
PTGC.2024.169.19.22.57,PTGC,2024.169.19.22.57,2024-06-17T19:22:57.408393Z,3,"HHE,HHN,HHZ",15001,100.0,ok,
PTGC.2024.169.19.53.45,PTGC,2024.169.19.53.45,2024-06-17T19:53:45.938393Z,3,"HHE,HHN,HHZ",15001,100.0,ok,
PTGC.2024.169.22.18.12,PTGC,2024.169.22.18.12,2024-06-17T22:18:12.808393Z,3,"HHE,HHN,HHZ",15001,100.0,ok,
PTGC.2024.170.19.08.47,PTGC,2024.170.19.08.47,2024-06-18T19:08:47.618393Z,3,"HHE,HHN,HHZ",15001,100.0,ok,
PTGC.2024.171.00.35.20,PTGC,2024.171.00.35.20,2024-06-19T00:35:20.588393Z,3,"HHE,HHN,HHZ",15001,100.0,ok,
PTGC.2024.171.00.41.44,PTGC,2024.171.00.41.44,2024-06-19T00:41:44.108393Z,3,"HHE,HHN,HHZ",15001,100.0,ok,
PTGC.2024.171.17.27.36,PTGC,2024.171.17.27.36,2024-06-19T17:27:36.918393Z,3,"HHE,HHN,HHZ",15001,100.0,ok,
PTGC.2024.171.17.59.49,PTGC,2024.171.17.59.49,2024-06-19T17:59:49.908393Z,3,"HHE,HHN,HHZ",15001,100.0,ok,
PTGC.2024.171.23.07.15,PTGC,2024.171.23.07.15,2024-06-19T23:07:15.818393Z,3,"HHE,HHN,HHZ",15001,100.0,ok,
PTGC.2024.172.08.38.34,PTGC,2024.172.08.38.34,2024-06-20T08:38:34.048393Z,3,"HHE,HHN,HHZ",15001,100.0,ok,
PTGC.2024.172.13.15.19,PTGC,2024.172.13.15.19,2024-06-20T13:15:19.288393Z,3,"HHE,HHN,HHZ",15001,100.0,ok,
PTGC.2024.172.22.02.39,PTGC,2024.172.22.02.39,2024-06-20T22:02:39.638393Z,3,"HHE,HHN,HHZ",15001,100.0,ok,
PTGC.2024.173.10.50.06,PTGC,2024.173.10.50.06,2024-06-21T10:50:06.328393Z,3,"HHE,HHN,HHZ",15001,100.0,ok,
PTGC.2024.173.13.12.01,PTGC,2024.173.13.12.01,2024-06-21T13:12:01.048393Z,3,"HHE,HHN,HHZ",15001,100.0,ok,
PTGC.2024.173.23.51.02,PTGC,2024.173.23.51.02,2024-06-21T23:51:02.518393Z,3,"HHE,HHN,HHZ",15001,100.0,ok,
PTGC.2024.174.03.26.40,PTGC,2024.174.03.26.40,2024-06-22T03:26:40.138393Z,3,"HHE,HHN,HHZ",15001,100.0,ok,
PTGC.2024.174.06.26.24,PTGC,2024.174.06.26.24,2024-06-22T06:26:24.578393Z,3,"HHE,HHN,HHZ",15001,100.0,ok,
PTGC.2024.174.07.41.07,PTGC,2024.174.07.41.07,2024-06-22T07:41:07.558393Z,3,"HHE,HHN,HHZ",15001,100.0,ok,
PTGC.2024.174.11.41.56,PTGC,2024.174.11.41.56,2024-06-22T11:41:56.028391Z,3,"HHE,HHN,HHZ",15001,100.0,ok,
PTGC.2024.174.17.01.59,PTGC,2024.174.17.01.59,2024-06-22T17:01:59.508393Z,3,"HHE,HHN,HHZ",15001,100.0,ok,
PTGC.2024.175.08.23.06,PTGC,2024.175.08.23.06,2024-06-23T08:23:06.168393Z,3,"HHE,HHN,HHZ",15001,100.0,ok,
PTGC.2024.175.11.40.06,PTGC,2024.175.11.40.06,2024-06-23T11:40:06.328393Z,3,"HHE,HHN,HHZ",15001,100.0,ok,
PTGC.2024.175.20.06.11,PTGC,2024.175.20.06.11,2024-06-23T20:06:11.588393Z,3,"HHE,HHN,HHZ",15001,100.0,ok,
PTGC.2024.176.03.41.09,PTGC,2024.176.03.41.09,2024-06-24T03:41:09.358393Z,3,"HHE,HHN,HHZ",15001,100.0,ok,
PTGC.2024.176.21.21.57,PTGC,2024.176.21.21.57,2024-06-24T21:21:57.718394Z,3,"HHE,HHN,HHZ",15001,100.0,ok,
PTGC.2024.177.10.32.22,PTGC,2024.177.10.32.22,2024-06-25T10:32:22.818393Z,3,"HHE,HHN,HHZ",15001,100.0,ok,
PTGC.2024.177.12.30.13,PTGC,2024.177.12.30.13,2024-06-25T12:30:13.738393Z,3,"HHE,HHN,HHZ",15001,100.0,ok,
PTGC.2024.178.06.43.16,PTGC,2024.178.06.43.16,2024-06-26T06:43:16.628393Z,3,"HHE,HHN,HHZ",15001,100.0,ok,
PTGC.2024.178.06.48.21,PTGC,2024.178.06.48.21,2024-06-26T06:48:21.258393Z,3,"HHE,HHN,HHZ",15001,100.0,ok,
PTGC.2024.178.22.55.01,PTGC,2024.178.22.55.01,2024-06-26T22:55:01.358393Z,3,"HHE,HHN,HHZ",15001,100.0,ok,
PTGC.2024.178.23.41.06,PTGC,2024.178.23.41.06,2024-06-26T23:41:06.638393Z,3,"HHE,HHN,HHZ",15001,100.0,ok,
PTGC.2024.179.08.34.53,PTGC,2024.179.08.34.53,2024-06-27T08:34:53.448394Z,3,"HHE,HHN,HHZ",15001,100.0,ok,
PTGC.2024.180.00.58.44,PTGC,2024.180.00.58.44,2024-06-28T00:58:44.608393Z,3,"HHE,HHN,HHZ",15001,100.0,ok,
PTGC.2024.180.06.57.30,PTGC,2024.180.06.57.30,2024-06-28T06:57:30.348393Z,3,"HHE,HHN,HHZ",15001,100.0,ok,
PTGC.2024.180.23.10.45,PTGC,2024.180.23.10.45,2024-06-28T23:10:45.508393Z,3,"HHE,HHN,HHZ",15001,100.0,ok,
PTGC.2024.181.00.50.48,PTGC,2024.181.00.50.48,2024-06-29T00:50:48.598393Z,3,"HHE,HHN,HHZ",15001,100.0,ok,
PTGC.2024.181.08.33.05,PTGC,2024.181.08.33.05,2024-06-29T08:33:05.148393Z,3,"HHE,HHN,HHZ",15001,100.0,ok,
PTGC.2024.181.15.15.59,PTGC,2024.181.15.15.59,2024-06-29T15:15:59.708393Z,3,"HHE,HHN,HHZ",15001,100.0,ok,
PTGC.2024.182.04.57.22,PTGC,2024.182.04.57.22,2024-06-30T04:57:22.298393Z,3,"HHE,HHN,HHZ",15001,100.0,ok,
PTGC.2024.182.20.10.49,PTGC,2024.182.20.10.49,2024-06-30T20:10:49.188393Z,3,"HHE,HHN,HHZ",15001,100.0,ok,
PTGC.2024.183.18.08.17,PTGC,2024.183.18.08.17,2024-07-01T18:08:17.008393Z,3,"HHE,HHN,HHZ",15001,100.0,ok,
PTGC.2024.185.02.09.14,PTGC,2024.185.02.09.14,2024-07-03T02:09:14.808393Z,3,"HHE,HHN,HHZ",15001,100.0,ok,
PTGC.2024.185.03.51.44,PTGC,2024.185.03.51.44,2024-07-03T03:51:44.168393Z,3,"HHE,HHN,HHZ",15001,100.0,ok,
PTGC.2024.185.23.08.59,PTGC,2024.185.23.08.59,2024-07-03T23:08:59.628393Z,3,"HHE,HHN,HHZ",15001,100.0,ok,
PTGC.2024.186.01.38.40,PTGC,2024.186.01.38.40,2024-07-04T01:38:40.548393Z,3,"HHE,HHN,HHZ",15001,100.0,ok,
PTGC.2024.187.04.17.10,PTGC,2024.187.04.17.10,2024-07-05T04:17:10.968393Z,3,"HHE,HHN,HHZ",15001,100.0,ok,
PTGC.2024.190.06.25.08,PTGC,2024.190.06.25.08,2024-07-08T06:25:08.488393Z,3,"HHE,HHN,HHZ",15001,100.0,ok,
PTGC.2024.190.14.33.32,PTGC,2024.190.14.33.32,2024-07-08T14:33:32.088393Z,3,"HHE,HHN,HHZ",15001,100.0,ok,
PTGC.2024.190.18.32.07,PTGC,2024.190.18.32.07,2024-07-08T18:32:07.098393Z,3,"HHE,HHN,HHZ",15001,100.0,ok,
PTGC.2024.191.01.51.13,PTGC,2024.191.01.51.13,2024-07-09T01:51:13.388391Z,3,"HHE,HHN,HHZ",15001,100.0,ok,
PTGC.2024.191.19.04.07,PTGC,2024.191.19.04.07,2024-07-09T19:04:07.908391Z,3,"HHE,HHN,HHZ",15001,100.0,ok,
PTGC.2024.192.06.00.35,PTGC,2024.192.06.00.35,2024-07-10T06:00:35.348393Z,3,"HHE,HHN,HHZ",15001,100.0,ok,
PTGC.2024.192.09.23.51,PTGC,2024.192.09.23.51,2024-07-10T09:23:51.698393Z,3,"HHE,HHN,HHZ",15001,100.0,ok,
PTGC.2024.192.09.33.57,PTGC,2024.192.09.33.57,2024-07-10T09:33:57.398393Z,3,"HHE,HHN,HHZ",15001,100.0,ok,
PTGC.2024.192.19.42.13,PTGC,2024.192.19.42.13,2024-07-10T19:42:13.638391Z,3,"HHE,HHN,HHZ",15001,100.0,ok,
PTGC.2024.193.15.24.11,PTGC,2024.193.15.24.11,2024-07-11T15:24:11.838393Z,3,"HHE,HHN,HHZ",15001,100.0,ok,
PTGC.2024.194.10.26.57,PTGC,2024.194.10.26.57,2024-07-12T10:26:57.668393Z,3,"HHE,HHN,HHZ",15001,100.0,ok,
PTGC.2024.195.03.05.05,PTGC,2024.195.03.05.05,2024-07-13T03:05:05.558393Z,3,"HHE,HHN,HHZ",15001,100.0,ok,
PTGC.2024.195.04.36.02,PTGC,2024.195.04.36.02,2024-07-13T04:36:02.168393Z,3,"HHE,HHN,HHZ",15001,100.0,ok,
PTGC.2024.195.05.20.04,PTGC,2024.195.05.20.04,2024-07-13T05:20:04.118393Z,3,"HHE,HHN,HHZ",15001,100.0,ok,
PTGC.2024.195.08.46.49,PTGC,2024.195.08.46.49,2024-07-13T08:46:49.558393Z,3,"HHE,HHN,HHZ",15001,100.0,ok,
PTGC.2024.195.18.25.19,PTGC,2024.195.18.25.19,2024-07-13T18:25:19.718393Z,3,"HHE,HHN,HHZ",15001,100.0,ok,
PTGC.2024.196.12.51.21,PTGC,2024.196.12.51.21,2024-07-14T12:51:21.458393Z,3,"HHE,HHN,HHZ",15001,100.0,ok,
PTGC.2024.196.15.25.04,PTGC,2024.196.15.25.04,2024-07-14T15:25:04.208391Z,3,"HHE,HHN,HHZ",15001,100.0,ok,
PTGC.2024.196.18.43.41,PTGC,2024.196.18.43.41,2024-07-14T18:43:41.918393Z,3,"HHE,HHN,HHZ",15001,100.0,ok,
PTGC.2024.196.22.02.55,PTGC,2024.196.22.02.55,2024-07-14T22:02:55.658393Z,3,"HHE,HHN,HHZ",15001,100.0,ok,
PTGC.2024.197.03.44.51,PTGC,2024.197.03.44.51,2024-07-15T03:44:51.238393Z,3,"HHE,HHN,HHZ",15001,100.0,ok,
PTGC.2024.197.16.53.12,PTGC,2024.197.16.53.12,2024-07-15T16:53:12.308393Z,3,"HHE,HHN,HHZ",15001,100.0,ok,
PTGC.2024.197.18.34.47,PTGC,2024.197.18.34.47,2024-07-15T18:34:47.288393Z,3,"HHE,HHN,HHZ",15001,100.0,ok,
PTGC.2024.197.19.19.52,PTGC,2024.197.19.19.52,2024-07-15T19:19:52.038393Z,3,"HHE,HHN,HHZ",15001,100.0,ok,
PTGC.2024.198.06.57.20,PTGC,2024.198.06.57.20,2024-07-16T06:57:20.138394Z,3,"HHE,HHN,HHZ",15001,100.0,ok,
PTGC.2024.198.19.14.56,PTGC,2024.198.19.14.56,2024-07-16T19:14:56.548391Z,3,"HHE,HHN,HHZ",15001,100.0,ok,
PTGC.2024.199.03.17.09,PTGC,2024.199.03.17.09,2024-07-17T03:17:09.278393Z,3,"HHE,HHN,HHZ",15001,100.0,ok,
PTGC.2024.199.03.24.58,PTGC,2024.199.03.24.58,2024-07-17T03:24:58.658393Z,3,"HHE,HHN,HHZ",15001,100.0,ok,
PTGC.2024.199.18.28.23,PTGC,2024.199.18.28.23,2024-07-17T18:28:23.648393Z,3,"HHE,HHN,HHZ",15001,100.0,ok,
PTGC.2024.200.00.11.40,PTGC,2024.200.00.11.40,2024-07-18T00:11:40.598393Z,3,"HHE,HHN,HHZ",15001,100.0,ok,
PTGC.2024.200.09.49.38,PTGC,2024.200.09.49.38,2024-07-18T09:49:38.908393Z,3,"HHE,HHN,HHZ",15001,100.0,ok,
PTGC.2024.200.19.43.24,PTGC,2024.200.19.43.24,2024-07-18T19:43:24.448393Z,3,"HHE,HHN,HHZ",15001,100.0,ok,
PTGC.2024.200.19.47.10,PTGC,2024.200.19.47.10,2024-07-18T19:47:10.708393Z,3,"HHE,HHN,HHZ",15001,100.0,ok,
PTGC.2024.201.09.53.54,PTGC,2024.201.09.53.54,2024-07-19T09:53:54.278393Z,3,"HHE,HHN,HHZ",15001,100.0,ok,
PTGC.2024.201.15.26.32,PTGC,2024.201.15.26.32,2024-07-19T15:26:32.758393Z,3,"HHE,HHN,HHZ",15001,100.0,ok,
PTGC.2024.201.20.52.27,PTGC,2024.201.20.52.27,2024-07-19T20:52:26.998393Z,3,"HHE,HHN,HHZ",15001,100.0,ok,
PTGC.2024.201.20.54.27,PTGC,2024.201.20.54.27,2024-07-19T20:54:27.958393Z,3,"HHE,HHN,HHZ",15001,100.0,ok,
PTGC.2024.202.07.04.07,PTGC,2024.202.07.04.07,2024-07-20T07:04:07.968393Z,3,"HHE,HHN,HHZ",15000,100.0,discarded,too_short
PTGC.2024.202.09.39.33,PTGC,2024.202.09.39.33,2024-07-20T09:39:33.408393Z,3,"HHE,HHN,HHZ",15001,100.0,ok,
PTGC.2024.203.12.39.41,PTGC,2024.203.12.39.41,2024-07-21T12:39:41.778393Z,3,"HHE,HHN,HHZ",15001,100.0,ok,
PTGC.2024.205.14.15.44,PTGC,2024.205.14.15.44,2024-07-23T14:15:44.608393Z,3,"HHE,HHN,HHZ",15001,100.0,ok,
PTGC.2024.205.16.29.33,PTGC,2024.205.16.29.33,2024-07-23T16:29:33.618393Z,3,"HHE,HHN,HHZ",15001,100.0,ok,
PTGC.2024.207.11.46.40,PTGC,2024.207.11.46.40,2024-07-25T11:46:40.898393Z,3,"HHE,HHN,HHZ",15001,100.0,ok,
PTGC.2024.208.01.42.56,PTGC,2024.208.01.42.56,2024-07-26T01:42:56.688393Z,3,"HHE,HHN,HHZ",15001,100.0,ok,
PTGC.2024.208.03.56.22,PTGC,2024.208.03.56.22,2024-07-26T03:56:22.588393Z,3,"HHE,HHN,HHZ",15001,100.0,ok,
PTGC.2024.208.05.23.39,PTGC,2024.208.05.23.39,2024-07-26T05:23:39.038394Z,3,"HHE,HHN,HHZ",15001,100.0,ok,
PTGC.2024.208.16.42.02,PTGC,2024.208.16.42.02,2024-07-26T16:42:02.968393Z,3,"HHE,HHN,HHZ",15001,100.0,ok,
PTGC.2024.209.20.21.50,PTGC,2024.209.20.21.50,2024-07-27T20:21:50.748393Z,3,"HHE,HHN,HHZ",15001,100.0,ok,
PTGC.2024.209.22.37.17,PTGC,2024.209.22.37.17,2024-07-27T22:37:17.078393Z,3,"HHE,HHN,HHZ",15001,100.0,ok,
PTGC.2024.210.08.09.00,PTGC,2024.210.08.09.00,2024-07-28T08:09:00.098393Z,3,"HHE,HHN,HHZ",15001,100.0,ok,
PTGC.2024.210.11.19.33,PTGC,2024.210.11.19.33,2024-07-28T11:19:33.838393Z,3,"HHE,HHN,HHZ",15001,100.0,ok,
PTGC.2024.210.19.19.24,PTGC,2024.210.19.19.24,2024-07-28T19:19:24.658391Z,3,"HHE,HHN,HHZ",15001,100.0,ok,
PTGC.2024.211.20.02.11,PTGC,2024.211.20.02.11,2024-07-29T20:02:11.638391Z,3,"HHE,HHN,HHZ",15001,100.0,ok,
PTGC.2024.212.01.05.05,PTGC,2024.212.01.05.05,2024-07-30T01:05:05.658393Z,3,"HHE,HHN,HHZ",15001,100.0,ok,
PTGC.2024.212.05.32.23,PTGC,2024.212.05.32.23,2024-07-30T05:32:23.698393Z,3,"HHE,HHN,HHZ",15001,100.0,ok,
PTGC.2024.212.07.15.30,PTGC,2024.212.07.15.30,2024-07-30T07:15:30.868393Z,3,"HHE,HHN,HHZ",15000,100.0,discarded,too_short
PTGC.2024.212.19.32.59,PTGC,2024.212.19.32.59,2024-07-30T19:32:59.478393Z,3,"HHE,HHN,HHZ",15001,100.0,ok,
PTGC.2024.213.02.38.23,PTGC,2024.213.02.38.23,2024-07-31T02:38:23.988393Z,3,"HHE,HHN,HHZ",15001,100.0,ok,
PTGC.2024.213.05.11.00,PTGC,2024.213.05.11.00,2024-07-31T05:11:00.388393Z,3,"HHE,HHN,HHZ",15001,100.0,ok,
PTGC.2024.213.08.39.19,PTGC,2024.213.08.39.19,2024-07-31T08:39:19.938393Z,3,"HHE,HHN,HHZ",15001,100.0,ok,
PTGC.2024.213.14.10.22,PTGC,2024.213.14.10.22,2024-07-31T14:10:22.928393Z,3,"HHE,HHN,HHZ",15001,100.0,ok,
PTGC.2024.213.20.59.42,PTGC,2024.213.20.59.42,2024-07-31T20:59:42.978393Z,3,"HHE,HHN,HHZ",15001,100.0,ok,
PTGC.2024.213.22.15.52,PTGC,2024.213.22.15.52,2024-07-31T22:15:52.258393Z,3,"HHE,HHN,HHZ",15001,100.0,ok,
PTGC.2024.214.00.23.58,PTGC,2024.214.00.23.58,2024-08-01T00:23:58.198393Z,3,"HHE,HHN,HHZ",15001,100.0,ok,
PTGC.2024.215.01.40.06,PTGC,2024.215.01.40.06,2024-08-02T01:40:06.048393Z,3,"HHE,HHN,HHZ",15001,100.0,ok,
PTGC.2024.215.12.14.56,PTGC,2024.215.12.14.56,2024-08-02T12:14:56.118393Z,3,"HHE,HHN,HHZ",15001,100.0,ok,
PTGC.2024.215.14.52.37,PTGC,2024.215.14.52.37,2024-08-02T14:52:37.408393Z,3,"HHE,HHN,HHZ",15001,100.0,ok,
PTGC.2024.215.15.42.41,PTGC,2024.215.15.42.41,2024-08-02T15:42:41.628393Z,3,"HHE,HHN,HHZ",15001,100.0,ok,
PTGC.2024.216.11.43.35,PTGC,2024.216.11.43.35,2024-08-03T11:43:35.388393Z,3,"HHE,HHN,HHZ",15001,100.0,ok,
PTGC.2024.216.16.06.36,PTGC,2024.216.16.06.36,2024-08-03T16:06:36.348393Z,3,"HHE,HHN,HHZ",15001,100.0,ok,
PTGC.2024.217.01.33.40,PTGC,2024.217.01.33.40,2024-08-04T01:33:40.458393Z,3,"HHE,HHN,HHZ",15001,100.0,ok,
PTGC.2024.217.07.29.03,PTGC,2024.217.07.29.03,2024-08-04T07:29:03.918393Z,3,"HHE,HHN,HHZ",15001,100.0,ok,
PTGC.2024.217.08.30.22,PTGC,2024.217.08.30.22,2024-08-04T08:30:22.958393Z,3,"HHE,HHN,HHZ",15001,100.0,ok,
PTGC.2024.218.02.49.14,PTGC,2024.218.02.49.14,2024-08-05T02:49:14.018391Z,3,"HHE,HHN,HHZ",15001,100.0,ok,
PTGC.2024.218.07.32.11,PTGC,2024.218.07.32.11,2024-08-05T07:32:11.948393Z,3,"HHE,HHN,HHZ",15001,100.0,ok,
PTGC.2024.218.07.46.59,PTGC,2024.218.07.46.59,2024-08-05T07:46:59.348393Z,3,"HHE,HHN,HHZ",15001,100.0,ok,
PTGC.2024.219.02.05.42,PTGC,2024.219.02.05.42,2024-08-06T02:05:42.058393Z,3,"HHE,HHN,HHZ",15001,100.0,ok,
PTGC.2024.219.02.25.22,PTGC,2024.219.02.25.22,2024-08-06T02:25:22.128393Z,3,"HHE,HHN,HHZ",15001,100.0,ok,
PTGC.2024.219.10.39.46,PTGC,2024.219.10.39.46,2024-08-06T10:39:46.598393Z,3,"HHE,HHN,HHZ",15001,100.0,ok,
PTGC.2024.220.15.04.06,PTGC,2024.220.15.04.06,2024-08-07T15:04:06.528393Z,3,"HHE,HHN,HHZ",15001,100.0,ok,
PTGC.2024.220.20.43.02,PTGC,2024.220.20.43.02,2024-08-07T20:43:02.468393Z,3,"HHE,HHN,HHZ",15001,100.0,ok,
PTGC.2024.221.08.35.57,PTGC,2024.221.08.35.57,2024-08-08T08:35:57.948393Z,3,"HHE,HHN,HHZ",15001,100.0,ok,
PTGC.2024.221.08.50.13,PTGC,2024.221.08.50.13,2024-08-08T08:50:13.758393Z,3,"HHE,HHN,HHZ",15001,100.0,ok,
PTGC.2024.221.14.23.37,PTGC,2024.221.14.23.37,2024-08-08T14:23:37.008393Z,3,"HHE,HHN,HHZ",15001,100.0,ok,
PTGC.2024.221.21.23.03,PTGC,2024.221.21.23.03,2024-08-08T21:23:03.018393Z,3,"HHE,HHN,HHZ",15001,100.0,ok,
PTGC.2024.221.22.03.41,PTGC,2024.221.22.03.41,2024-08-08T22:03:41.908393Z,3,"HHE,HHN,HHZ",15001,100.0,ok,
PTGC.2024.222.02.45.08,PTGC,2024.222.02.45.08,2024-08-09T02:45:08.428393Z,3,"HHE,HHN,HHZ",15001,100.0,ok,
PTGC.2024.222.06.57.38,PTGC,2024.222.06.57.38,2024-08-09T06:57:38.788393Z,3,"HHE,HHN,HHZ",15001,100.0,ok,
PTGC.2024.223.01.54.30,PTGC,2024.223.01.54.30,2024-08-10T01:54:30.498393Z,3,"HHE,HHN,HHZ",15001,100.0,ok,
PTGC.2024.223.02.41.43,PTGC,2024.223.02.41.43,2024-08-10T02:41:43.478394Z,3,"HHE,HHN,HHZ",15001,100.0,ok,
PTGC.2024.223.04.15.31,PTGC,2024.223.04.15.31,2024-08-10T04:15:31.138393Z,3,"HHE,HHN,HHZ",15001,100.0,ok,
PTGC.2024.223.08.29.48,PTGC,2024.223.08.29.48,2024-08-10T08:29:48.698393Z,3,"HHE,HHN,HHZ",15001,100.0,ok,
PTGC.2024.223.18.33.15,PTGC,2024.223.18.33.15,2024-08-10T18:33:15.568393Z,3,"HHE,HHN,HHZ",15001,100.0,ok,
PTGC.2024.223.21.17.26,PTGC,2024.223.21.17.26,2024-08-10T21:17:26.788391Z,3,"HHE,HHN,HHZ",15001,100.0,ok,
PTGC.2024.224.06.49.14,PTGC,2024.224.06.49.14,2024-08-11T06:49:14.638393Z,3,"HHE,HHN,HHZ",15001,100.0,ok,
PTGC.2024.224.11.32.53,PTGC,2024.224.11.32.53,2024-08-11T11:32:53.308393Z,3,"HHE,HHN,HHZ",15001,100.0,ok,
PTGC.2024.224.14.25.33,PTGC,2024.224.14.25.33,2024-08-11T14:25:33.168393Z,3,"HHE,HHN,HHZ",15001,100.0,ok,
PTGC.2024.225.06.46.25,PTGC,2024.225.06.46.25,2024-08-12T06:46:25.128393Z,3,"HHE,HHN,HHZ",15001,100.0,ok,
PTGC.2024.225.10.06.07,PTGC,2024.225.10.06.07,2024-08-12T10:06:07.468393Z,3,"HHE,HHN,HHZ",15001,100.0,ok,
PTGC.2024.226.17.21.26,PTGC,2024.226.17.21.26,2024-08-13T17:21:26.018393Z,3,"HHE,HHN,HHZ",15001,100.0,ok,
PTGC.2024.226.22.56.57,PTGC,2024.226.22.56.57,2024-08-13T22:56:57.718393Z,3,"HHE,HHN,HHZ",15001,100.0,ok,
PTGC.2024.227.09.31.44,PTGC,2024.227.09.31.44,2024-08-14T09:31:44.878393Z,3,"HHE,HHN,HHZ",15001,100.0,ok,
PTGC.2024.227.14.55.57,PTGC,2024.227.14.55.57,2024-08-14T14:55:57.998393Z,3,"HHE,HHN,HHZ",15001,100.0,ok,
PTGC.2024.227.14.57.54,PTGC,2024.227.14.57.54,2024-08-14T14:57:54.978393Z,3,"HHE,HHN,HHZ",15001,100.0,ok,
PTGC.2024.227.15.15.38,PTGC,2024.227.15.15.38,2024-08-14T15:15:38.398393Z,3,"HHE,HHN,HHZ",15001,100.0,ok,
PTGC.2024.227.18.59.09,PTGC,2024.227.18.59.09,2024-08-14T18:59:09.448391Z,3,"HHE,HHN,HHZ",15001,100.0,ok,
PTGC.2024.228.04.34.03,PTGC,2024.228.04.34.03,2024-08-15T04:34:03.488393Z,3,"HHE,HHN,HHZ",15001,100.0,ok,
PTGC.2024.228.06.16.57,PTGC,2024.228.06.16.57,2024-08-15T06:16:57.968393Z,3,"HHE,HHN,HHZ",15001,100.0,ok,
PTGC.2024.228.23.17.27,PTGC,2024.228.23.17.27,2024-08-15T23:17:27.258393Z,3,"HHE,HHN,HHZ",15001,100.0,ok,
PTGC.2024.229.08.06.07,PTGC,2024.229.08.06.07,2024-08-16T08:06:07.918393Z,3,"HHE,HHN,HHZ",15001,100.0,ok,
PTGC.2024.229.08.48.59,PTGC,2024.229.08.48.59,2024-08-16T08:48:59.428393Z,3,"HHE,HHN,HHZ",15001,100.0,ok,
PTGC.2024.229.17.52.13,PTGC,2024.229.17.52.13,2024-08-16T17:52:13.548393Z,3,"HHE,HHN,HHZ",15001,100.0,ok,
PTGC.2024.230.04.07.27,PTGC,2024.230.04.07.27,2024-08-17T04:07:27.278393Z,3,"HHE,HHN,HHZ",15001,100.0,ok,
PTGC.2024.230.18.32.27,PTGC,2024.230.18.32.27,2024-08-17T18:32:27.428393Z,3,"HHE,HHN,HHZ",15001,100.0,ok,
PTGC.2024.231.08.07.36,PTGC,2024.231.08.07.36,2024-08-18T08:07:36.378393Z,3,"HHE,HHN,HHZ",15001,100.0,ok,
PTGC.2024.231.13.08.45,PTGC,2024.231.13.08.45,2024-08-18T13:08:45.058393Z,3,"HHE,HHN,HHZ",15001,100.0,ok,
PTGC.2024.231.13.52.57,PTGC,2024.231.13.52.57,2024-08-18T13:52:57.778391Z,3,"HHE,HHN,HHZ",15001,100.0,ok,
PTGC.2024.231.14.39.48,PTGC,2024.231.14.39.48,2024-08-18T14:39:48.168393Z,3,"HHE,HHN,HHZ",15001,100.0,ok,
PTGC.2024.232.20.21.19,PTGC,2024.232.20.21.19,2024-08-19T20:21:19.368393Z,3,"HHE,HHN,HHZ",15001,100.0,ok,
PTGC.2024.233.06.52.21,PTGC,2024.233.06.52.21,2024-08-20T06:52:21.108393Z,3,"HHE,HHN,HHZ",15001,100.0,ok,
PTGC.2024.233.20.43.20,PTGC,2024.233.20.43.20,2024-08-20T20:43:20.208393Z,3,"HHE,HHN,HHZ",15001,100.0,ok,
PTGC.2024.233.20.48.13,PTGC,2024.233.20.48.13,2024-08-20T20:48:13.818393Z,3,"HHE,HHN,HHZ",15001,100.0,ok,
PTGC.2024.234.00.24.26,PTGC,2024.234.00.24.26,2024-08-21T00:24:26.478393Z,3,"HHE,HHN,HHZ",15001,100.0,ok,
PTGC.2024.234.20.15.50,PTGC,2024.234.20.15.50,2024-08-21T20:15:50.948393Z,3,"HHE,HHN,HHZ",15001,100.0,ok,
PTGC.2024.234.22.08.34,PTGC,2024.234.22.08.34,2024-08-21T22:08:34.288391Z,3,"HHE,HHN,HHZ",15001,100.0,ok,
PTGC.2024.235.06.40.13,PTGC,2024.235.06.40.13,2024-08-22T06:40:13.828393Z,3,"HHE,HHN,HHZ",15001,100.0,ok,
PTGC.2024.235.15.46.05,PTGC,2024.235.15.46.05,2024-08-22T15:46:05.158393Z,3,"HHE,HHN,HHZ",15001,100.0,ok,
PTGC.2024.235.19.11.03,PTGC,2024.235.19.11.03,2024-08-22T19:11:03.708393Z,3,"HHE,HHN,HHZ",15001,100.0,ok,
PTGC.2024.235.21.15.23,PTGC,2024.235.21.15.23,2024-08-22T21:15:23.678393Z,3,"HHE,HHN,HHZ",15001,100.0,ok,
PTGC.2024.235.21.35.15,PTGC,2024.235.21.35.15,2024-08-22T21:35:15.158393Z,3,"HHE,HHN,HHZ",15001,100.0,ok,
PTGC.2024.236.02.52.50,PTGC,2024.236.02.52.50,2024-08-23T02:52:50.798393Z,3,"HHE,HHN,HHZ",15001,100.0,ok,
PTGC.2024.236.05.54.34,PTGC,2024.236.05.54.34,2024-08-23T05:54:34.548393Z,3,"HHE,HHN,HHZ",15001,100.0,ok,
PTGC.2024.236.06.18.48,PTGC,2024.236.06.18.48,2024-08-23T06:18:48.118393Z,3,"HHE,HHN,HHZ",15001,100.0,ok,
PTGC.2024.236.07.13.10,PTGC,2024.236.07.13.10,2024-08-23T07:13:10.908393Z,3,"HHE,HHN,HHZ",15001,100.0,ok,
PTGC.2024.236.16.38.18,PTGC,2024.236.16.38.18,2024-08-23T16:38:18.898393Z,3,"HHE,HHN,HHZ",15001,100.0,ok,
PTGC.2024.237.08.35.55,PTGC,2024.237.08.35.55,2024-08-24T08:35:55.828393Z,3,"HHE,HHN,HHZ",15001,100.0,ok,
PTGC.2024.237.17.48.40,PTGC,2024.237.17.48.40,2024-08-24T17:48:40.018393Z,3,"HHE,HHN,HHZ",15001,100.0,ok,
PTGC.2024.238.00.00.13,PTGC,2024.238.00.00.13,2024-08-25T00:00:13.758393Z,3,"HHE,HHN,HHZ",15001,100.0,ok,
PTGC.2024.239.09.00.11,PTGC,2024.239.09.00.11,2024-08-26T09:00:11.778393Z,3,"HHE,HHN,HHZ",15001,100.0,ok,
PTGC.2024.239.13.52.44,PTGC,2024.239.13.52.44,2024-08-26T13:52:44.728393Z,3,"HHE,HHN,HHZ",15001,100.0,ok,
PTGC.2024.239.15.38.45,PTGC,2024.239.15.38.45,2024-08-26T15:38:45.908393Z,3,"HHE,HHN,HHZ",15001,100.0,ok,
PTGC.2024.239.19.56.35,PTGC,2024.239.19.56.35,2024-08-26T19:56:35.148393Z,3,"HHE,HHN,HHZ",15001,100.0,ok,
PTGC.2024.239.21.47.11,PTGC,2024.239.21.47.11,2024-08-26T21:47:11.108393Z,3,"HHE,HHN,HHZ",15001,100.0,ok,
PTGC.2024.241.07.31.35,PTGC,2024.241.07.31.35,2024-08-28T07:31:35.158393Z,3,"HHE,HHN,HHZ",15001,100.0,ok,
PTGC.2024.241.14.36.38,PTGC,2024.241.14.36.38,2024-08-28T14:36:38.338393Z,3,"HHE,HHN,HHZ",15001,100.0,ok,
PTGC.2024.242.08.24.35,PTGC,2024.242.08.24.35,2024-08-29T08:24:35.328393Z,3,"HHE,HHN,HHZ",15001,100.0,ok,
PTGC.2024.243.07.33.46,PTGC,2024.243.07.33.46,2024-08-30T07:33:46.328393Z,3,"HHE,HHN,HHZ",15001,100.0,ok,
PTGC.2024.243.15.09.55,PTGC,2024.243.15.09.55,2024-08-30T15:09:55.158393Z,3,"HHE,HHN,HHZ",15001,100.0,ok,
PTGC.2024.243.18.34.45,PTGC,2024.243.18.34.45,2024-08-30T18:34:45.208393Z,3,"HHE,HHN,HHZ",15001,100.0,ok,
PTGC.2024.243.22.07.48,PTGC,2024.243.22.07.48,2024-08-30T22:07:48.948393Z,3,"HHE,HHN,HHZ",15001,100.0,ok,
PTGC.2024.244.05.46.20,PTGC,2024.244.05.46.20,2024-08-31T05:46:20.138393Z,3,"HHE,HHN,HHZ",15001,100.0,ok,
PTGC.2024.244.08.49.51,PTGC,2024.244.08.49.51,2024-08-31T08:49:51.568393Z,3,"HHE,HHN,HHZ",15001,100.0,ok,
PTGC.2024.244.18.36.53,PTGC,2024.244.18.36.53,2024-08-31T18:36:53.478393Z,3,"HHE,HHN,HHZ",15001,100.0,ok,
PTGC.2024.244.18.39.00,PTGC,2024.244.18.39.00,2024-08-31T18:39:00.968393Z,3,"HHE,HHN,HHZ",15001,100.0,ok,
PTGC.2024.244.23.29.34,PTGC,2024.244.23.29.34,2024-08-31T23:29:34.918393Z,3,"HHE,HHN,HHZ",15001,100.0,ok,
PTGC.2024.245.01.42.07,PTGC,2024.245.01.42.07,2024-09-01T01:42:07.528393Z,3,"HHE,HHN,HHZ",15001,100.0,ok,
PTGC.2024.245.07.24.06,PTGC,2024.245.07.24.06,2024-09-01T07:24:06.888393Z,3,"HHE,HHN,HHZ",15001,100.0,ok,
PTGC.2024.246.09.43.16,PTGC,2024.246.09.43.16,2024-09-02T09:43:16.338393Z,3,"HHE,HHN,HHZ",15001,100.0,ok,
PTGC.2024.247.09.40.37,PTGC,2024.247.09.40.37,2024-09-03T09:40:37.078393Z,3,"HHE,HHN,HHZ",15001,100.0,ok,
PTGC.2024.247.14.55.33,PTGC,2024.247.14.55.33,2024-09-03T14:55:33.178393Z,3,"HHE,HHN,HHZ",15001,100.0,ok,
PTGC.2024.247.16.24.30,PTGC,2024.247.16.24.30,2024-09-03T16:24:30.698393Z,3,"HHE,HHN,HHZ",15001,100.0,ok,
PTGC.2024.248.07.00.08,PTGC,2024.248.07.00.08,2024-09-04T07:00:08.038393Z,3,"HHE,HHN,HHZ",15001,100.0,ok,
PTGC.2024.248.08.20.04,PTGC,2024.248.08.20.04,2024-09-04T08:20:04.108393Z,3,"HHE,HHN,HHZ",15001,100.0,ok,
PTGC.2024.248.16.17.06,PTGC,2024.248.16.17.06,2024-09-04T16:17:06.158393Z,3,"HHE,HHN,HHZ",15001,100.0,ok,
PTGC.2024.249.21.04.08,PTGC,2024.249.21.04.08,2024-09-05T21:04:08.018393Z,3,"HHE,HHN,HHZ",15001,100.0,ok,
PTGC.2024.250.04.20.29,PTGC,2024.250.04.20.29,2024-09-06T04:20:29.058393Z,3,"HHE,HHN,HHZ",15001,100.0,ok,
PTGC.2024.251.00.03.49,PTGC,2024.251.00.03.49,2024-09-07T00:03:49.988393Z,3,"HHE,HHN,HHZ",15001,100.0,ok,
PTGC.2024.251.04.02.14,PTGC,2024.251.04.02.14,2024-09-07T04:02:14.318393Z,3,"HHE,HHN,HHZ",15001,100.0,ok,
PTGC.2024.251.04.08.56,PTGC,2024.251.04.08.56,2024-09-07T04:08:56.498393Z,3,"HHE,HHN,HHZ",15001,100.0,ok,
PTGC.2024.251.04.29.03,PTGC,2024.251.04.29.03,2024-09-07T04:29:03.188393Z,3,"HHE,HHN,HHZ",15001,100.0,ok,
PTGC.2024.251.15.52.35,PTGC,2024.251.15.52.35,2024-09-07T15:52:35.628391Z,3,"HHE,HHN,HHZ",15001,100.0,ok,
PTGC.2024.252.00.12.03,PTGC,2024.252.00.12.03,2024-09-08T00:12:03.398393Z,3,"HHE,HHN,HHZ",15001,100.0,ok,
PTGC.2024.253.03.07.22,PTGC,2024.253.03.07.22,2024-09-09T03:07:22.958394Z,3,"HHE,HHN,HHZ",15001,100.0,ok,
PTGC.2024.254.02.12.05,PTGC,2024.254.02.12.05,2024-09-10T02:12:05.968393Z,3,"HHE,HHN,HHZ",15001,100.0,ok,
PTGC.2024.254.09.32.30,PTGC,2024.254.09.32.30,2024-09-10T09:32:30.228394Z,3,"HHE,HHN,HHZ",15001,100.0,ok,
PTGC.2024.255.03.42.15,PTGC,2024.255.03.42.15,2024-09-11T03:42:15.618393Z,3,"HHE,HHN,HHZ",15001,100.0,ok,
PTGC.2024.255.07.24.48,PTGC,2024.255.07.24.48,2024-09-11T07:24:48.948393Z,3,"HHE,HHN,HHZ",15001,100.0,ok,
PTGC.2024.255.08.40.23,PTGC,2024.255.08.40.23,2024-09-11T08:40:23.228393Z,3,"HHE,HHN,HHZ",15001,100.0,ok,
PTGC.2024.255.16.09.50,PTGC,2024.255.16.09.50,2024-09-11T16:09:50.698393Z,3,"HHE,HHN,HHZ",15001,100.0,ok,
PTGC.2024.255.19.37.48,PTGC,2024.255.19.37.48,2024-09-11T19:37:48.508393Z,3,"HHE,HHN,HHZ",15001,100.0,ok,
PTGC.2024.256.04.15.17,PTGC,2024.256.04.15.17,2024-09-12T04:15:17.188393Z,3,"HHE,HHN,HHZ",15001,100.0,ok,
PTGC.2024.256.06.56.41,PTGC,2024.256.06.56.41,2024-09-12T06:56:41.878393Z,3,"HHE,HHN,HHZ",15001,100.0,ok,
PTGC.2024.256.08.33.28,PTGC,2024.256.08.33.28,2024-09-12T08:33:28.208393Z,3,"HHE,HHN,HHZ",15001,100.0,ok,
PTGC.2024.256.09.44.28,PTGC,2024.256.09.44.28,2024-09-12T09:44:28.368393Z,3,"HHE,HHN,HHZ",15001,100.0,ok,
PTGC.2024.257.16.56.50,PTGC,2024.257.16.56.50,2024-09-13T16:56:50.308393Z,3,"HHE,HHN,HHZ",15001,100.0,ok,
PTGC.2024.257.21.01.14,PTGC,2024.257.21.01.14,2024-09-13T21:01:14.858393Z,3,"HHE,HHN,HHZ",15001,100.0,ok,
PTGC.2024.258.01.47.09,PTGC,2024.258.01.47.09,2024-09-14T01:47:09.618393Z,3,"HHE,HHN,HHZ",15001,100.0,ok,
PTGC.2024.258.03.38.36,PTGC,2024.258.03.38.36,2024-09-14T03:38:36.238391Z,3,"HHE,HHN,HHZ",15001,100.0,ok,
PTGC.2024.258.09.08.19,PTGC,2024.258.09.08.19,2024-09-14T09:08:19.638393Z,3,"HHE,HHN,HHZ",15001,100.0,ok,
PTGC.2024.259.00.33.58,PTGC,2024.259.00.33.58,2024-09-15T00:33:58.638393Z,3,"HHE,HHN,HHZ",15001,100.0,ok,
PTGC.2024.260.11.46.47,PTGC,2024.260.11.46.47,2024-09-16T11:46:47.398393Z,3,"HHE,HHN,HHZ",15001,100.0,ok,
PTGC.2024.260.14.40.46,PTGC,2024.260.14.40.46,2024-09-16T14:40:46.698393Z,3,"HHE,HHN,HHZ",15001,100.0,ok,
PTGC.2024.260.22.32.56,PTGC,2024.260.22.32.56,2024-09-16T22:32:56.088393Z,3,"HHE,HHN,HHZ",15001,100.0,ok,
PTGC.2024.261.17.37.07,PTGC,2024.261.17.37.07,2024-09-17T17:37:07.658393Z,3,"HHE,HHN,HHZ",15001,100.0,ok,
PTGC.2024.262.01.42.09,PTGC,2024.262.01.42.09,2024-09-18T01:42:09.208393Z,3,"HHE,HHN,HHZ",15001,100.0,ok,
PTGC.2024.262.06.09.26,PTGC,2024.262.06.09.26,2024-09-18T06:09:26.438393Z,3,"HHE,HHN,HHZ",15001,100.0,ok,
PTGC.2024.262.06.41.14,PTGC,2024.262.06.41.14,2024-09-18T06:41:14.098393Z,3,"HHE,HHN,HHZ",15001,100.0,ok,
PTGC.2024.263.00.40.47,PTGC,2024.263.00.40.47,2024-09-19T00:40:47.468393Z,3,"HHE,HHN,HHZ",15001,100.0,ok,
PTGC.2024.263.10.26.14,PTGC,2024.263.10.26.14,2024-09-19T10:26:14.448393Z,3,"HHE,HHN,HHZ",15001,100.0,ok,
PTGC.2024.263.13.29.12,PTGC,2024.263.13.29.12,2024-09-19T13:29:12.908391Z,3,"HHE,HHN,HHZ",15001,100.0,ok,
PTGC.2024.263.13.40.02,PTGC,2024.263.13.40.02,2024-09-19T13:40:02.558393Z,3,"HHE,HHN,HHZ",15001,100.0,ok,
PTGC.2024.264.03.04.31,PTGC,2024.264.03.04.31,2024-09-20T03:04:31.548393Z,3,"HHE,HHN,HHZ",15001,100.0,ok,
PTGC.2024.264.19.03.55,PTGC,2024.264.19.03.55,2024-09-20T19:03:55.488393Z,3,"HHE,HHN,HHZ",15001,100.0,ok,
PTGC.2024.265.03.20.59,PTGC,2024.265.03.20.59,2024-09-21T03:20:59.608393Z,3,"HHE,HHN,HHZ",15001,100.0,ok,
PTGC.2024.265.03.42.49,PTGC,2024.265.03.42.49,2024-09-21T03:42:49.948393Z,3,"HHE,HHN,HHZ",15001,100.0,ok,
PTGC.2024.265.11.06.58,PTGC,2024.265.11.06.58,2024-09-21T11:06:58.328393Z,3,"HHE,HHN,HHZ",15001,100.0,ok,
PTGC.2024.265.12.46.38,PTGC,2024.265.12.46.38,2024-09-21T12:46:38.738393Z,3,"HHE,HHN,HHZ",15001,100.0,ok,
PTGC.2024.265.19.17.13,PTGC,2024.265.19.17.13,2024-09-21T19:17:13.388393Z,3,"HHE,HHN,HHZ",15001,100.0,ok,
PTGC.2024.267.06.01.55,PTGC,2024.267.06.01.55,2024-09-23T06:01:55.898393Z,3,"HHE,HHN,HHZ",15001,100.0,ok,
PTGC.2024.267.10.32.44,PTGC,2024.267.10.32.44,2024-09-23T10:32:44.588393Z,3,"HHE,HHN,HHZ",15001,100.0,ok,
PTGC.2024.267.11.08.41,PTGC,2024.267.11.08.41,2024-09-23T11:08:41.738393Z,3,"HHE,HHN,HHZ",15001,100.0,ok,
PTGC.2024.267.15.16.01,PTGC,2024.267.15.16.01,2024-09-23T15:16:01.358393Z,3,"HHE,HHN,HHZ",15001,100.0,ok,
PTGC.2024.267.17.37.00,PTGC,2024.267.17.37.00,2024-09-23T17:37:00.658393Z,3,"HHE,HHN,HHZ",15001,100.0,ok,
PTGC.2024.268.19.01.35,PTGC,2024.268.19.01.35,2024-09-24T19:01:35.688393Z,3,"HHE,HHN,HHZ",15001,100.0,ok,
PTGC.2024.269.10.59.28,PTGC,2024.269.10.59.28,2024-09-25T10:59:28.728393Z,3,"HHE,HHN,HHZ",15001,100.0,ok,
PTGC.2024.269.19.29.20,PTGC,2024.269.19.29.20,2024-09-25T19:29:20.478393Z,3,"HHE,HHN,HHZ",15001,100.0,ok,
PTGC.2024.270.09.17.19,PTGC,2024.270.09.17.19,2024-09-26T09:17:19.538393Z,3,"HHE,HHN,HHZ",15001,100.0,ok,
PTGC.2024.270.09.34.35,PTGC,2024.270.09.34.35,2024-09-26T09:34:35.328393Z,3,"HHE,HHN,HHZ",15001,100.0,ok,
PTGC.2024.270.10.04.42,PTGC,2024.270.10.04.42,2024-09-26T10:04:42.188393Z,3,"HHE,HHN,HHZ",15001,100.0,ok,
PTGC.2024.270.14.04.55,PTGC,2024.270.14.04.55,2024-09-26T14:04:55.858393Z,3,"HHE,HHN,HHZ",15001,100.0,ok,
PTGC.2024.271.05.28.18,PTGC,2024.271.05.28.18,2024-09-27T05:28:18.028393Z,3,"HHE,HHN,HHZ",15001,100.0,ok,
PTGC.2024.271.06.04.05,PTGC,2024.271.06.04.05,2024-09-27T06:04:05.728393Z,3,"HHE,HHN,HHZ",15001,100.0,ok,
PTGC.2024.271.06.50.26,PTGC,2024.271.06.50.26,2024-09-27T06:50:26.528393Z,3,"HHE,HHN,HHZ",15001,100.0,ok,
PTGC.2024.272.12.06.53,PTGC,2024.272.12.06.53,2024-09-28T12:06:53.518393Z,3,"HHE,HHN,HHZ",15001,100.0,ok,
PTGC.2024.273.09.57.07,PTGC,2024.273.09.57.07,2024-09-29T09:57:07.838393Z,3,"HHE,HHN,HHZ",15001,100.0,ok,
PTGC.2024.273.18.13.57,PTGC,2024.273.18.13.57,2024-09-29T18:13:57.838393Z,3,"HHE,HHN,HHZ",15001,100.0,ok,
PTGC.2024.273.19.38.06,PTGC,2024.273.19.38.06,2024-09-29T19:38:06.388393Z,3,"HHE,HHN,HHZ",15001,100.0,ok,
PTGC.2024.274.05.05.41,PTGC,2024.274.05.05.41,2024-09-30T05:05:41.178393Z,3,"HHE,HHN,HHZ",15001,100.0,ok,
PTGC.2024.274.09.53.00,PTGC,2024.274.09.53.00,2024-09-30T09:53:00.748391Z,3,"HHE,HHN,HHZ",15001,100.0,ok,
PTGC.2024.275.09.51.52,PTGC,2024.275.09.51.52,2024-10-01T09:51:52.098393Z,3,"HHE,HHN,HHZ",15001,100.0,ok,
PTGC.2024.275.17.16.27,PTGC,2024.275.17.16.27,2024-10-01T17:16:27.558393Z,3,"HHE,HHN,HHZ",15001,100.0,ok,
PTGC.2024.275.20.52.40,PTGC,2024.275.20.52.40,2024-10-01T20:52:40.648393Z,3,"HHE,HHN,HHZ",15001,100.0,ok,
PTGC.2024.277.04.40.25,PTGC,2024.277.04.40.25,2024-10-03T04:40:25.378393Z,3,"HHE,HHN,HHZ",15001,100.0,ok,
PTGC.2024.277.06.43.32,PTGC,2024.277.06.43.32,2024-10-03T06:43:32.198393Z,3,"HHE,HHN,HHZ",15001,100.0,ok,
PTGC.2024.277.14.01.12,PTGC,2024.277.14.01.12,2024-10-03T14:01:12.898393Z,3,"HHE,HHN,HHZ",15001,100.0,ok,
PTGC.2024.278.01.00.47,PTGC,2024.278.01.00.47,2024-10-04T01:00:47.748393Z,3,"HHE,HHN,HHZ",15001,100.0,ok,
PTGC.2024.278.01.05.48,PTGC,2024.278.01.05.48,2024-10-04T01:05:48.268393Z,3,"HHE,HHN,HHZ",15001,100.0,ok,
PTGC.2024.278.01.56.56,PTGC,2024.278.01.56.56,2024-10-04T01:56:56.968393Z,3,"HHE,HHN,HHZ",15001,100.0,ok,
PTGC.2024.278.18.47.23,PTGC,2024.278.18.47.23,2024-10-04T18:47:23.158393Z,3,"HHE,HHN,HHZ",15001,100.0,ok,
PTGC.2024.278.18.52.34,PTGC,2024.278.18.52.34,2024-10-04T18:52:34.598391Z,3,"HHE,HHN,HHZ",15001,100.0,ok,
PTGC.2024.279.00.50.40,PTGC,2024.279.00.50.40,2024-10-05T00:50:40.748393Z,3,"HHE,HHN,HHZ",15001,100.0,ok,
PTGC.2024.279.12.07.32,PTGC,2024.279.12.07.32,2024-10-05T12:07:32.088393Z,3,"HHE,HHN,HHZ",15001,100.0,ok,
PTGC.2024.280.09.40.24,PTGC,2024.280.09.40.24,2024-10-06T09:40:24.148393Z,3,"HHE,HHN,HHZ",15001,100.0,ok,
PTGC.2024.280.12.23.16,PTGC,2024.280.12.23.16,2024-10-06T12:23:16.238393Z,3,"HHE,HHN,HHZ",15001,100.0,ok,
PTGC.2024.280.20.14.29,PTGC,2024.280.20.14.29,2024-10-06T20:14:29.988393Z,3,"HHE,HHN,HHZ",15001,100.0,ok,
PTGC.2024.282.07.22.31,PTGC,2024.282.07.22.31,2024-10-08T07:22:31.768393Z,3,"HHE,HHN,HHZ",15001,100.0,ok,
PTGC.2024.283.21.04.17,PTGC,2024.283.21.04.17,2024-10-09T21:04:17.668393Z,3,"HHE,HHN,HHZ",15001,100.0,ok,
PTGC.2024.286.15.14.44,PTGC,2024.286.15.14.44,2024-10-12T15:14:44.858393Z,3,"HHE,HHN,HHZ",15001,100.0,ok,
PTGC.2024.286.19.26.17,PTGC,2024.286.19.26.17,2024-10-12T19:26:17.828393Z,3,"HHE,HHN,HHZ",15001,100.0,ok,
PTGC.2024.286.20.54.30,PTGC,2024.286.20.54.30,2024-10-12T20:54:30.318393Z,3,"HHE,HHN,HHZ",15001,100.0,ok,
PTGC.2024.288.09.54.16,PTGC,2024.288.09.54.16,2024-10-14T09:54:16.848391Z,3,"HHE,HHN,HHZ",15001,100.0,ok,
PTGC.2024.288.20.39.43,PTGC,2024.288.20.39.43,2024-10-14T20:39:43.408393Z,3,"HHE,HHN,HHZ",15001,100.0,ok,
PTGC.2024.288.21.11.44,PTGC,2024.288.21.11.44,2024-10-14T21:11:44.128393Z,3,"HHE,HHN,HHZ",15001,100.0,ok,
PTGC.2024.288.23.54.31,PTGC,2024.288.23.54.31,2024-10-14T23:54:31.438393Z,3,"HHE,HHN,HHZ",15001,100.0,ok,
PTGC.2024.289.06.59.33,PTGC,2024.289.06.59.33,2024-10-15T06:59:33.768393Z,3,"HHE,HHN,HHZ",15001,100.0,ok,
PTGC.2024.289.11.16.47,PTGC,2024.289.11.16.47,2024-10-15T11:16:47.838393Z,3,"HHE,HHN,HHZ",15001,100.0,ok,
PTGC.2024.289.19.09.56,PTGC,2024.289.19.09.56,2024-10-15T19:09:56.668391Z,3,"HHE,HHN,HHZ",15001,100.0,ok,
PTGC.2024.289.22.40.20,PTGC,2024.289.22.40.20,2024-10-15T22:40:20.288393Z,3,"HHE,HHN,HHZ",15001,100.0,ok,
PTGC.2024.289.23.09.22,PTGC,2024.289.23.09.22,2024-10-15T23:09:22.618393Z,3,"HHE,HHN,HHZ",15001,100.0,ok,
PTGC.2024.290.04.33.38,PTGC,2024.290.04.33.38,2024-10-16T04:33:38.418393Z,3,"HHE,HHN,HHZ",15001,100.0,ok,
PTGC.2024.290.15.01.16,PTGC,2024.290.15.01.16,2024-10-16T15:01:16.988393Z,3,"HHE,HHN,HHZ",15001,100.0,ok,
PTGC.2024.290.16.18.07,PTGC,2024.290.16.18.07,2024-10-16T16:18:07.128393Z,3,"HHE,HHN,HHZ",15001,100.0,ok,
PTGC.2024.290.20.26.59,PTGC,2024.290.20.26.59,2024-10-16T20:26:59.438391Z,3,"HHE,HHN,HHZ",15001,100.0,ok,
PTGC.2024.290.21.27.01,PTGC,2024.290.21.27.01,2024-10-16T21:27:01.668391Z,3,"HHE,HHN,HHZ",15001,100.0,ok,
PTGC.2024.291.07.14.30,PTGC,2024.291.07.14.30,2024-10-17T07:14:30.788393Z,3,"HHE,HHN,HHZ",15001,100.0,ok,
PTGC.2024.292.01.34.45,PTGC,2024.292.01.34.45,2024-10-18T01:34:45.478393Z,3,"HHE,HHN,HHZ",15001,100.0,ok,
PTGC.2024.292.04.33.35,PTGC,2024.292.04.33.35,2024-10-18T04:33:35.158393Z,3,"HHE,HHN,HHZ",15001,100.0,ok,
PTGC.2024.292.09.23.38,PTGC,2024.292.09.23.38,2024-10-18T09:23:38.328393Z,3,"HHE,HHN,HHZ",15001,100.0,ok,
PTGC.2024.292.10.22.06,PTGC,2024.292.10.22.06,2024-10-18T10:22:06.248393Z,3,"HHE,HHN,HHZ",15001,100.0,ok,
PTGC.2024.292.20.58.03,PTGC,2024.292.20.58.03,2024-10-18T20:58:03.218393Z,3,"HHE,HHN,HHZ",15001,100.0,ok,
PTGC.2024.292.22.26.48,PTGC,2024.292.22.26.48,2024-10-18T22:26:48.378393Z,3,"HHE,HHN,HHZ",15001,100.0,ok,
PTGC.2024.293.03.55.29,PTGC,2024.293.03.55.29,2024-10-19T03:55:29.018393Z,3,"HHE,HHN,HHZ",15001,100.0,ok,
PTGC.2024.294.10.15.22,PTGC,2024.294.10.15.22,2024-10-20T10:15:22.788393Z,3,"HHE,HHN,HHZ",15001,100.0,ok,
PTGC.2024.294.14.40.53,PTGC,2024.294.14.40.53,2024-10-20T14:40:53.588393Z,3,"HHE,HHN,HHZ",15001,100.0,ok,
PTGC.2024.294.22.55.01,PTGC,2024.294.22.55.01,2024-10-20T22:55:01.558393Z,3,"HHE,HHN,HHZ",15001,100.0,ok,
PTGC.2024.296.21.33.27,PTGC,2024.296.21.33.27,2024-10-22T21:33:27.228391Z,3,"HHE,HHN,HHZ",15001,100.0,ok,
PTGC.2024.297.08.31.08,PTGC,2024.297.08.31.08,2024-10-23T08:31:08.978393Z,3,"HHE,HHN,HHZ",15001,100.0,ok,
PTGC.2024.298.09.45.34,PTGC,2024.298.09.45.34,2024-10-24T09:45:34.378393Z,3,"HHE,HHN,HHZ",15001,100.0,ok,
PTGC.2024.299.04.05.39,PTGC,2024.299.04.05.39,2024-10-25T04:05:39.018393Z,3,"HHE,HHN,HHZ",15001,100.0,ok,
PTGC.2024.299.17.03.51,PTGC,2024.299.17.03.51,2024-10-25T17:03:51.038393Z,3,"HHE,HHN,HHZ",15001,100.0,ok,
PTGC.2024.299.19.46.03,PTGC,2024.299.19.46.03,2024-10-25T19:46:03.678393Z,3,"HHE,HHN,HHZ",15001,100.0,ok,
PTGC.2024.300.06.11.43,PTGC,2024.300.06.11.43,2024-10-26T06:11:43.058393Z,3,"HHE,HHN,HHZ",15001,100.0,ok,
PTGC.2024.300.20.21.26,PTGC,2024.300.20.21.26,2024-10-26T20:21:26.118393Z,3,"HHE,HHN,HHZ",15001,100.0,ok,
PTGC.2024.301.09.03.23,PTGC,2024.301.09.03.23,2024-10-27T09:03:23.178393Z,3,"HHE,HHN,HHZ",15001,100.0,ok,
PTGC.2024.301.12.56.02,PTGC,2024.301.12.56.02,2024-10-27T12:56:02.268393Z,3,"HHE,HHN,HHZ",15001,100.0,ok,
PTGC.2024.301.15.56.12,PTGC,2024.301.15.56.12,2024-10-27T15:56:12.878393Z,3,"HHE,HHN,HHZ",15001,100.0,ok,
PTGC.2024.302.16.07.23,PTGC,2024.302.16.07.23,2024-10-28T16:07:23.698393Z,3,"HHE,HHN,HHZ",15001,100.0,ok,
PTGC.2024.303.12.36.36,PTGC,2024.303.12.36.36,2024-10-29T12:36:36.078393Z,3,"HHE,HHN,HHZ",15001,100.0,ok,
PTGC.2024.304.03.34.54,PTGC,2024.304.03.34.54,2024-10-30T03:34:54.808393Z,3,"HHE,HHN,HHZ",15001,100.0,ok,
PTGC.2024.304.11.10.38,PTGC,2024.304.11.10.38,2024-10-30T11:10:38.268393Z,3,"HHE,HHN,HHZ",15001,100.0,ok,
PTGC.2024.304.17.00.34,PTGC,2024.304.17.00.34,2024-10-30T17:00:34.908393Z,3,"HHE,HHN,HHZ",15001,100.0,ok,
PTGC.2024.305.04.37.02,PTGC,2024.305.04.37.02,2024-10-31T04:37:02.458393Z,3,"HHE,HHN,HHZ",15001,100.0,ok,
PTGC.2024.305.05.01.58,PTGC,2024.305.05.01.58,2024-10-31T05:01:58.908393Z,3,"HHE,HHN,HHZ",15001,100.0,ok,
PTGC.2024.305.16.07.58,PTGC,2024.305.16.07.58,2024-10-31T16:07:58.178393Z,3,"HHE,HHN,HHZ",15001,100.0,ok,
PTGC.2024.305.16.18.08,PTGC,2024.305.16.18.08,2024-10-31T16:18:08.558393Z,3,"HHE,HHN,HHZ",15001,100.0,ok,
PTGC.2024.305.16.18.42,PTGC,2024.305.16.18.42,2024-10-31T16:18:42.828393Z,3,"HHE,HHN,HHZ",15001,100.0,ok,
PTGC.2024.305.16.31.42,PTGC,2024.305.16.31.42,2024-10-31T16:31:42.128391Z,3,"HHE,HHN,HHZ",15001,100.0,ok,
PTGC.2024.305.16.31.52,PTGC,2024.305.16.31.52,2024-10-31T16:31:52.368393Z,3,"HHE,HHN,HHZ",15001,100.0,ok,
PTGC.2024.305.22.23.35,PTGC,2024.305.22.23.35,2024-10-31T22:23:35.938393Z,3,"HHE,HHN,HHZ",15001,100.0,ok,
PTGC.2024.307.04.10.28,PTGC,2024.307.04.10.28,2024-11-02T04:10:28.468393Z,3,"HHE,HHN,HHZ",15001,100.0,ok,
PTGC.2024.307.09.41.39,PTGC,2024.307.09.41.39,2024-11-02T09:41:39.358393Z,3,"HHE,HHN,HHZ",15001,100.0,ok,
PTGC.2024.307.21.32.18,PTGC,2024.307.21.32.18,2024-11-02T21:32:18.338393Z,3,"HHE,HHN,HHZ",15001,100.0,ok,
PTGC.2024.308.08.29.37,PTGC,2024.308.08.29.37,2024-11-03T08:29:37.698393Z,3,"HHE,HHN,HHZ",15001,100.0,ok,
PTGC.2024.308.09.27.13,PTGC,2024.308.09.27.13,2024-11-03T09:27:13.228393Z,3,"HHE,HHN,HHZ",15001,100.0,ok,
PTGC.2024.308.10.12.46,PTGC,2024.308.10.12.46,2024-11-03T10:12:46.888393Z,3,"HHE,HHN,HHZ",15001,100.0,ok,
PTGC.2024.309.00.41.07,PTGC,2024.309.00.41.07,2024-11-04T00:41:07.678393Z,3,"HHE,HHN,HHZ",15001,100.0,ok,
PTGC.2024.309.02.10.31,PTGC,2024.309.02.10.31,2024-11-04T02:10:31.998393Z,3,"HHE,HHN,HHZ",15001,100.0,ok,
PTGC.2024.309.06.52.44,PTGC,2024.309.06.52.44,2024-11-04T06:52:44.368393Z,3,"HHE,HHN,HHZ",15001,100.0,ok,
PTGC.2024.309.06.53.53,PTGC,2024.309.06.53.53,2024-11-04T06:53:53.148393Z,3,"HHE,HHN,HHZ",15001,100.0,ok,
PTGC.2024.310.04.07.59,PTGC,2024.310.04.07.59,2024-11-05T04:07:59.608393Z,3,"HHE,HHN,HHZ",15001,100.0,ok,
PTGC.2024.310.15.49.28,PTGC,2024.310.15.49.28,2024-11-05T15:49:28.298393Z,3,"HHE,HHN,HHZ",15001,100.0,ok,
PTGC.2024.310.22.03.39,PTGC,2024.310.22.03.39,2024-11-05T22:03:39.368393Z,3,"HHE,HHN,HHZ",15001,100.0,ok,
PTGC.2024.311.12.14.47,PTGC,2024.311.12.14.47,2024-11-06T12:14:47.188393Z,3,"HHE,HHN,HHZ",15001,100.0,ok,
PTGC.2024.312.01.39.40,PTGC,2024.312.01.39.40,2024-11-07T01:39:40.648393Z,3,"HHE,HHN,HHZ",15001,100.0,ok,
PTGC.2024.312.06.38.37,PTGC,2024.312.06.38.37,2024-11-07T06:38:37.498393Z,3,"HHE,HHN,HHZ",15001,100.0,ok,
PTGC.2024.312.11.34.13,PTGC,2024.312.11.34.13,2024-11-07T11:34:13.348391Z,3,"HHE,HHN,HHZ",15001,100.0,ok,
PTGC.2024.312.13.08.53,PTGC,2024.312.13.08.53,2024-11-07T13:08:53.138393Z,3,"HHE,HHN,HHZ",15001,100.0,ok,
PTGC.2024.312.13.13.24,PTGC,2024.312.13.13.24,2024-11-07T13:13:24.458391Z,3,"HHE,HHN,HHZ",15001,100.0,ok,
PTGC.2024.312.18.39.54,PTGC,2024.312.18.39.54,2024-11-07T18:39:54.578393Z,3,"HHE,HHN,HHZ",15001,100.0,ok,
PTGC.2024.312.19.27.07,PTGC,2024.312.19.27.07,2024-11-07T19:27:07.968393Z,3,"HHE,HHN,HHZ",15001,100.0,ok,
PTGC.2024.313.15.35.21,PTGC,2024.313.15.35.21,2024-11-08T15:35:21.468393Z,3,"HHE,HHN,HHZ",15001,100.0,ok,
PTGC.2024.313.15.49.22,PTGC,2024.313.15.49.22,2024-11-08T15:49:22.848393Z,3,"HHE,HHN,HHZ",15001,100.0,ok,
PTGC.2024.313.19.50.45,PTGC,2024.313.19.50.45,2024-11-08T19:50:45.088391Z,3,"HHE,HHN,HHZ",15001,100.0,ok,
PTGC.2024.313.22.26.52,PTGC,2024.313.22.26.52,2024-11-08T22:26:52.158393Z,3,"HHE,HHN,HHZ",15001,100.0,ok,
PTGC.2024.313.22.38.49,PTGC,2024.313.22.38.49,2024-11-08T22:38:49.178393Z,3,"HHE,HHN,HHZ",15001,100.0,ok,
PTGC.2024.314.01.21.15,PTGC,2024.314.01.21.15,2024-11-09T01:21:15.898393Z,3,"HHE,HHN,HHZ",15001,100.0,ok,
PTGC.2024.314.18.45.49,PTGC,2024.314.18.45.49,2024-11-09T18:45:49.688393Z,3,"HHE,HHN,HHZ",15001,100.0,ok,
PTGC.2024.316.08.08.30,PTGC,2024.316.08.08.30,2024-11-11T08:08:30.718393Z,3,"HHE,HHN,HHZ",15001,100.0,ok,
PTGC.2024.316.10.21.57,PTGC,2024.316.10.21.57,2024-11-11T10:21:57.988393Z,3,"HHE,HHN,HHZ",15001,100.0,ok,
PTGC.2024.316.10.49.10,PTGC,2024.316.10.49.10,2024-11-11T10:49:10.378393Z,3,"HHE,HHN,HHZ",15001,100.0,ok,
PTGC.2024.317.14.44.28,PTGC,2024.317.14.44.28,2024-11-12T14:44:28.568393Z,3,"HHE,HHN,HHZ",15001,100.0,ok,
PTGC.2024.317.20.47.41,PTGC,2024.317.20.47.41,2024-11-12T20:47:41.898391Z,3,"HHE,HHN,HHZ",15001,100.0,ok,
PTGC.2024.318.08.24.07,PTGC,2024.318.08.24.07,2024-11-13T08:24:07.528393Z,3,"HHE,HHN,HHZ",15001,100.0,ok,
PTGC.2024.318.16.15.26,PTGC,2024.318.16.15.26,2024-11-13T16:15:26.248393Z,3,"HHE,HHN,HHZ",15001,100.0,ok,
PTGC.2024.318.18.14.31,PTGC,2024.318.18.14.31,2024-11-13T18:14:31.428393Z,3,"HHE,HHN,HHZ",15001,100.0,ok,
PTGC.2024.320.21.20.33,PTGC,2024.320.21.20.33,2024-11-15T21:20:33.568393Z,3,"HHE,HHN,HHZ",15001,100.0,ok,
PTGC.2024.321.01.55.49,PTGC,2024.321.01.55.49,2024-11-16T01:55:49.948393Z,3,"HHE,HHN,HHZ",15001,100.0,ok,
PTGC.2024.321.11.41.48,PTGC,2024.321.11.41.48,2024-11-16T11:41:48.438393Z,3,"HHE,HHN,HHZ",15001,100.0,ok,
PTGC.2024.322.15.30.15,PTGC,2024.322.15.30.15,2024-11-17T15:30:15.158393Z,3,"HHE,HHN,HHZ",15001,100.0,ok,
PTGC.2024.323.01.48.10,PTGC,2024.323.01.48.10,2024-11-18T01:48:10.868391Z,3,"HHE,HHN,HHZ",15001,100.0,ok,
PTGC.2024.323.13.19.07,PTGC,2024.323.13.19.07,2024-11-18T13:19:07.538393Z,3,"HHE,HHN,HHZ",15001,100.0,ok,
PTGC.2024.324.05.59.07,PTGC,2024.324.05.59.07,2024-11-19T05:59:07.978393Z,3,"HHE,HHN,HHZ",15001,100.0,ok,
PTGC.2024.324.13.45.27,PTGC,2024.324.13.45.27,2024-11-19T13:45:27.508393Z,3,"HHE,HHN,HHZ",15001,100.0,ok,
PTGC.2024.324.19.52.08,PTGC,2024.324.19.52.08,2024-11-19T19:52:08.758393Z,3,"HHE,HHN,HHZ",15001,100.0,ok,
PTGC.2024.325.09.19.20,PTGC,2024.325.09.19.20,2024-11-20T09:19:20.718393Z,3,"HHE,HHN,HHZ",15001,100.0,ok,
PTGC.2024.325.13.46.48,PTGC,2024.325.13.46.48,2024-11-20T13:46:48.438393Z,3,"HHE,HHN,HHZ",15001,100.0,ok,
PTGC.2024.325.19.58.04,PTGC,2024.325.19.58.04,2024-11-20T19:58:04.558393Z,3,"HHE,HHN,HHZ",15001,100.0,ok,
PTGC.2024.326.08.49.49,PTGC,2024.326.08.49.49,2024-11-21T08:49:49.488393Z,3,"HHE,HHN,HHZ",15001,100.0,ok,
PTGC.2024.326.13.13.10,PTGC,2024.326.13.13.10,2024-11-21T13:13:10.728393Z,3,"HHE,HHN,HHZ",15001,100.0,ok,
PTGC.2024.327.05.24.46,PTGC,2024.327.05.24.46,2024-11-22T05:24:46.268393Z,3,"HHE,HHN,HHZ",15001,100.0,ok,
PTGC.2024.327.14.55.13,PTGC,2024.327.14.55.13,2024-11-22T14:55:13.468393Z,3,"HHE,HHN,HHZ",15001,100.0,ok,
PTGC.2024.328.13.22.08,PTGC,2024.328.13.22.08,2024-11-23T13:22:08.898393Z,3,"HHE,HHN,HHZ",15001,100.0,ok,
PTGC.2024.328.14.50.33,PTGC,2024.328.14.50.33,2024-11-23T14:50:33.868393Z,3,"HHE,HHN,HHZ",15001,100.0,ok,
PTGC.2024.329.04.45.51,PTGC,2024.329.04.45.51,2024-11-24T04:45:51.048393Z,3,"HHE,HHN,HHZ",15001,100.0,ok,
PTGC.2024.329.06.51.56,PTGC,2024.329.06.51.56,2024-11-24T06:51:56.508393Z,3,"HHE,HHN,HHZ",15001,100.0,ok,
PTGC.2024.330.08.37.35,PTGC,2024.330.08.37.35,2024-11-25T08:37:35.368393Z,3,"HHE,HHN,HHZ",15001,100.0,ok,
PTGC.2024.330.11.48.26,PTGC,2024.330.11.48.26,2024-11-25T11:48:26.148393Z,3,"HHE,HHN,HHZ",15001,100.0,ok,
PTGC.2024.330.17.46.10,PTGC,2024.330.17.46.10,2024-11-25T17:46:10.088393Z,3,"HHE,HHN,HHZ",15001,100.0,ok,
PTGC.2024.330.18.08.03,PTGC,2024.330.18.08.03,2024-11-25T18:08:03.658393Z,3,"HHE,HHN,HHZ",15001,100.0,ok,
PTGC.2024.330.21.59.33,PTGC,2024.330.21.59.33,2024-11-25T21:59:33.388393Z,3,"HHE,HHN,HHZ",15001,100.0,ok,
PTGC.2024.331.01.28.58,PTGC,2024.331.01.28.58,2024-11-26T01:28:58.208393Z,3,"HHE,HHN,HHZ",15001,100.0,ok,
PTGC.2024.331.17.38.02,PTGC,2024.331.17.38.02,2024-11-26T17:38:02.608393Z,3,"HHE,HHN,HHZ",15001,100.0,ok,
PTGC.2024.331.19.22.43,PTGC,2024.331.19.22.43,2024-11-26T19:22:43.158393Z,3,"HHE,HHN,HHZ",15001,100.0,ok,
PTGC.2024.331.20.24.49,PTGC,2024.331.20.24.49,2024-11-26T20:24:49.808393Z,3,"HHE,HHN,HHZ",15001,100.0,ok,
PTGC.2024.331.22.42.52,PTGC,2024.331.22.42.52,2024-11-26T22:42:52.088393Z,3,"HHE,HHN,HHZ",15001,100.0,ok,
PTGC.2024.332.08.26.38,PTGC,2024.332.08.26.38,2024-11-27T08:26:38.498393Z,3,"HHE,HHN,HHZ",15001,100.0,ok,
PTGC.2024.332.09.06.55,PTGC,2024.332.09.06.55,2024-11-27T09:06:55.018393Z,3,"HHE,HHN,HHZ",15001,100.0,ok,
PTGC.2024.332.09.12.51,PTGC,2024.332.09.12.51,2024-11-27T09:12:51.638393Z,3,"HHE,HHN,HHZ",15001,100.0,ok,
PTGC.2024.332.11.49.13,PTGC,2024.332.11.49.13,2024-11-27T11:49:13.988393Z,3,"HHE,HHN,HHZ",15001,100.0,ok,
PTGC.2024.333.05.15.24,PTGC,2024.333.05.15.24,2024-11-28T05:15:24.338393Z,3,"HHE,HHN,HHZ",15001,100.0,ok,
PTGC.2024.333.13.48.40,PTGC,2024.333.13.48.40,2024-11-28T13:48:40.228393Z,3,"HHE,HHN,HHZ",15001,100.0,ok,
PTGC.2024.333.14.05.55,PTGC,2024.333.14.05.55,2024-11-28T14:05:55.468393Z,3,"HHE,HHN,HHZ",15001,100.0,ok,
PTGC.2024.333.16.43.06,PTGC,2024.333.16.43.06,2024-11-28T16:43:06.598393Z,3,"HHE,HHN,HHZ",15001,100.0,ok,
PTGC.2024.333.18.26.07,PTGC,2024.333.18.26.07,2024-11-28T18:26:07.498393Z,3,"HHE,HHN,HHZ",15001,100.0,ok,
PTGC.2024.334.06.09.19,PTGC,2024.334.06.09.19,2024-11-29T06:09:19.198393Z,3,"HHE,HHN,HHZ",15001,100.0,ok,
PTGC.2024.334.11.32.45,PTGC,2024.334.11.32.45,2024-11-29T11:32:45.788393Z,3,"HHE,HHN,HHZ",15001,100.0,ok,
PTGC.2024.334.19.10.34,PTGC,2024.334.19.10.34,2024-11-29T19:10:34.088393Z,3,"HHE,HHN,HHZ",15001,100.0,ok,
PTGC.2024.334.20.56.03,PTGC,2024.334.20.56.03,2024-11-29T20:56:03.838393Z,3,"HHE,HHN,HHZ",15001,100.0,ok,
PTGC.2024.334.21.11.14,PTGC,2024.334.21.11.14,2024-11-29T21:11:14.578393Z,3,"HHE,HHN,HHZ",15001,100.0,ok,
PTGC.2024.335.18.35.43,PTGC,2024.335.18.35.43,2024-11-30T18:35:43.728391Z,3,"HHE,HHN,HHZ",15001,100.0,ok,
PTGC.2024.336.04.22.50,PTGC,2024.336.04.22.50,2024-12-01T04:22:50.028393Z,3,"HHE,HHN,HHZ",15001,100.0,ok,
PTGC.2024.337.04.52.31,PTGC,2024.337.04.52.31,2024-12-02T04:52:31.008393Z,3,"HHE,HHN,HHZ",15001,100.0,ok,
PTGC.2024.337.18.13.52,PTGC,2024.337.18.13.52,2024-12-02T18:13:52.348393Z,3,"HHE,HHN,HHZ",15001,100.0,ok,
PTGC.2024.337.18.35.49,PTGC,2024.337.18.35.49,2024-12-02T18:35:48.998393Z,3,"HHE,HHN,HHZ",15001,100.0,ok,
PTGC.2024.337.20.25.43,PTGC,2024.337.20.25.43,2024-12-02T20:25:43.288393Z,3,"HHE,HHN,HHZ",15001,100.0,ok,
PTGC.2024.338.04.51.55,PTGC,2024.338.04.51.55,2024-12-03T04:51:55.068393Z,3,"HHE,HHN,HHZ",15001,100.0,ok,
PTGC.2024.339.06.50.39,PTGC,2024.339.06.50.39,2024-12-04T06:50:39.068393Z,3,"HHE,HHN,HHZ",15001,100.0,ok,
PTGC.2024.339.09.40.21,PTGC,2024.339.09.40.21,2024-12-04T09:40:21.858393Z,3,"HHE,HHN,HHZ",15001,100.0,ok,
PTGC.2024.340.06.27.53,PTGC,2024.340.06.27.53,2024-12-05T06:27:53.818393Z,3,"HHE,HHN,HHZ",15001,100.0,ok,
PTGC.2024.340.08.13.57,PTGC,2024.340.08.13.57,2024-12-05T08:13:57.188393Z,3,"HHE,HHN,HHZ",15001,100.0,ok,
PTGC.2024.341.07.55.01,PTGC,2024.341.07.55.01,2024-12-06T07:55:01.988393Z,3,"HHE,HHN,HHZ",15001,100.0,ok,
PTGC.2024.341.10.37.51,PTGC,2024.341.10.37.51,2024-12-06T10:37:51.718393Z,3,"HHE,HHN,HHZ",15001,100.0,ok,
PTGC.2024.341.19.01.12,PTGC,2024.341.19.01.12,2024-12-06T19:01:12.188393Z,3,"HHE,HHN,HHZ",15001,100.0,ok,
PTGC.2024.342.01.53.14,PTGC,2024.342.01.53.14,2024-12-07T01:53:14.458393Z,3,"HHE,HHN,HHZ",15001,100.0,ok,
PTGC.2024.342.04.30.17,PTGC,2024.342.04.30.17,2024-12-07T04:30:17.618393Z,3,"HHE,HHN,HHZ",15001,100.0,ok,
PTGC.2024.342.09.07.32,PTGC,2024.342.09.07.32,2024-12-07T09:07:32.058393Z,3,"HHE,HHN,HHZ",15001,100.0,ok,
PTGC.2024.342.13.22.15,PTGC,2024.342.13.22.15,2024-12-07T13:22:15.688393Z,3,"HHE,HHN,HHZ",15001,100.0,ok,
PTGC.2024.342.19.22.16,PTGC,2024.342.19.22.16,2024-12-07T19:22:16.948393Z,3,"HHE,HHN,HHZ",15001,100.0,ok,
PTGC.2024.342.20.17.39,PTGC,2024.342.20.17.39,2024-12-07T20:17:39.548393Z,3,"HHE,HHN,HHZ",15001,100.0,ok,
PTGC.2024.343.02.04.01,PTGC,2024.343.02.04.01,2024-12-08T02:04:01.038393Z,3,"HHE,HHN,HHZ",15001,100.0,ok,
PTGC.2024.343.18.20.57,PTGC,2024.343.18.20.57,2024-12-08T18:20:57.958393Z,3,"HHE,HHN,HHZ",15001,100.0,ok,
PTGC.2024.344.10.42.15,PTGC,2024.344.10.42.15,2024-12-09T10:42:15.738393Z,3,"HHE,HHN,HHZ",15001,100.0,ok,
PTGC.2024.345.04.32.53,PTGC,2024.345.04.32.53,2024-12-10T04:32:53.968393Z,3,"HHE,HHN,HHZ",15001,100.0,ok,
PTGC.2024.345.11.02.31,PTGC,2024.345.11.02.31,2024-12-10T11:02:31.278393Z,3,"HHE,HHN,HHZ",15001,100.0,ok,
PTGC.2024.345.17.02.27,PTGC,2024.345.17.02.27,2024-12-10T17:02:27.848393Z,3,"HHE,HHN,HHZ",15001,100.0,ok,
PTGC.2024.346.05.56.36,PTGC,2024.346.05.56.36,2024-12-11T05:56:36.208393Z,3,"HHE,HHN,HHZ",15001,100.0,ok,
PTGC.2024.346.15.37.23,PTGC,2024.346.15.37.23,2024-12-11T15:37:23.738393Z,3,"HHE,HHN,HHZ",15001,100.0,ok,
PTGC.2024.346.18.52.40,PTGC,2024.346.18.52.40,2024-12-11T18:52:40.778393Z,3,"HHE,HHN,HHZ",15001,100.0,ok,
PTGC.2024.347.07.53.26,PTGC,2024.347.07.53.26,2024-12-12T07:53:26.838393Z,3,"HHE,HHN,HHZ",15001,100.0,ok,
PTGC.2024.348.02.29.50,PTGC,2024.348.02.29.50,2024-12-13T02:29:50.708393Z,3,"HHE,HHN,HHZ",15001,100.0,ok,
PTGC.2024.348.09.51.30,PTGC,2024.348.09.51.30,2024-12-13T09:51:30.198393Z,3,"HHE,HHN,HHZ",15001,100.0,ok,
PTGC.2024.349.04.24.09,PTGC,2024.349.04.24.09,2024-12-14T04:24:09.438393Z,3,"HHE,HHN,HHZ",15001,100.0,ok,
PTGC.2024.349.12.19.33,PTGC,2024.349.12.19.33,2024-12-14T12:19:33.528393Z,3,"HHE,HHN,HHZ",15001,100.0,ok,
PTGC.2024.350.05.06.26,PTGC,2024.350.05.06.26,2024-12-15T05:06:26.568393Z,3,"HHE,HHN,HHZ",15001,100.0,ok,
PTGC.2024.350.06.41.27,PTGC,2024.350.06.41.27,2024-12-15T06:41:27.368393Z,3,"HHE,HHN,HHZ",15001,100.0,ok,
PTGC.2024.350.20.35.03,PTGC,2024.350.20.35.03,2024-12-15T20:35:03.958393Z,3,"HHE,HHN,HHZ",15001,100.0,ok,
PTGC.2024.350.21.06.01,PTGC,2024.350.21.06.01,2024-12-15T21:06:01.188393Z,3,"HHE,HHN,HHZ",15001,100.0,ok,
PTGC.2024.351.02.24.12,PTGC,2024.351.02.24.12,2024-12-16T02:24:12.538393Z,3,"HHE,HHN,HHZ",15001,100.0,ok,
PTGC.2024.351.16.29.08,PTGC,2024.351.16.29.08,2024-12-16T16:29:08.168393Z,3,"HHE,HHN,HHZ",15001,100.0,ok,
PTGC.2024.351.22.38.16,PTGC,2024.351.22.38.16,2024-12-16T22:38:16.438393Z,3,"HHE,HHN,HHZ",15001,100.0,ok,
PTGC.2024.352.01.26.41,PTGC,2024.352.01.26.41,2024-12-17T01:26:41.658393Z,3,"HHE,HHN,HHZ",15001,100.0,ok,
PTGC.2024.352.03.06.51,PTGC,2024.352.03.06.51,2024-12-17T03:06:51.198393Z,3,"HHE,HHN,HHZ",15001,100.0,ok,
PTGC.2024.352.03.12.13,PTGC,2024.352.03.12.13,2024-12-17T03:12:13.968393Z,3,"HHE,HHN,HHZ",15001,100.0,ok,
PTGC.2024.352.03.33.07,PTGC,2024.352.03.33.07,2024-12-17T03:33:07.618394Z,3,"HHE,HHN,HHZ",15001,100.0,ok,
PTGC.2024.352.10.08.22,PTGC,2024.352.10.08.22,2024-12-17T10:08:22.288393Z,3,"HHE,HHN,HHZ",15001,100.0,ok,
PTGC.2024.352.17.42.29,PTGC,2024.352.17.42.29,2024-12-17T17:42:29.348393Z,3,"HHE,HHN,HHZ",15001,100.0,ok,
PTGC.2024.353.04.56.27,PTGC,2024.353.04.56.27,2024-12-18T04:56:27.688393Z,3,"HHE,HHN,HHZ",15001,100.0,ok,
PTGC.2024.353.07.08.53,PTGC,2024.353.07.08.53,2024-12-18T07:08:53.958393Z,3,"HHE,HHN,HHZ",15001,100.0,ok,
PTGC.2024.353.08.12.53,PTGC,2024.353.08.12.53,2024-12-18T08:12:53.968393Z,3,"HHE,HHN,HHZ",15001,100.0,ok,
PTGC.2024.353.09.55.47,PTGC,2024.353.09.55.47,2024-12-18T09:55:47.528393Z,3,"HHE,HHN,HHZ",15001,100.0,ok,
PTGC.2024.353.10.41.06,PTGC,2024.353.10.41.06,2024-12-18T10:41:06.018393Z,3,"HHE,HHN,HHZ",15001,100.0,ok,
PTGC.2024.353.23.34.18,PTGC,2024.353.23.34.18,2024-12-18T23:34:18.158393Z,3,"HHE,HHN,HHZ",15001,100.0,ok,
PTGC.2024.354.05.54.13,PTGC,2024.354.05.54.13,2024-12-19T05:54:13.648393Z,3,"HHE,HHN,HHZ",15001,100.0,ok,
PTGC.2024.354.05.59.56,PTGC,2024.354.05.59.56,2024-12-19T05:59:56.428393Z,3,"HHE,HHN,HHZ",15001,100.0,ok,
PTGC.2024.354.19.36.47,PTGC,2024.354.19.36.47,2024-12-19T19:36:47.328393Z,3,"HHE,HHN,HHZ",15001,100.0,ok,
PTGC.2024.355.00.41.56,PTGC,2024.355.00.41.56,2024-12-20T00:41:56.848393Z,3,"HHE,HHN,HHZ",15001,100.0,ok,
PTGC.2024.355.07.04.14,PTGC,2024.355.07.04.14,2024-12-20T07:04:14.488393Z,3,"HHE,HHN,HHZ",15001,100.0,ok,
PTGC.2024.355.07.30.57,PTGC,2024.355.07.30.57,2024-12-20T07:30:57.418393Z,3,"HHE,HHN,HHZ",15001,100.0,ok,
PTGC.2024.355.12.36.35,PTGC,2024.355.12.36.35,2024-12-20T12:36:35.388393Z,3,"HHE,HHN,HHZ",15001,100.0,ok,
PTGC.2024.356.05.55.25,PTGC,2024.356.05.55.25,2024-12-21T05:55:25.018393Z,3,"HHE,HHN,HHZ",15001,100.0,ok,
PTGC.2024.356.09.36.43,PTGC,2024.356.09.36.43,2024-12-21T09:36:43.188393Z,3,"HHE,HHN,HHZ",15001,100.0,ok,
PTGC.2024.356.11.41.03,PTGC,2024.356.11.41.03,2024-12-21T11:41:03.818393Z,3,"HHE,HHN,HHZ",15001,100.0,ok,
PTGC.2024.356.15.41.50,PTGC,2024.356.15.41.50,2024-12-21T15:41:50.648391Z,3,"HHE,HHN,HHZ",15001,100.0,ok,
PTGC.2024.356.20.19.44,PTGC,2024.356.20.19.44,2024-12-21T20:19:44.468393Z,3,"HHE,HHN,HHZ",15001,100.0,ok,
PTGC.2024.356.20.39.15,PTGC,2024.356.20.39.15,2024-12-21T20:39:15.788393Z,3,"HHE,HHN,HHZ",15001,100.0,ok,
PTGC.2024.357.11.58.55,PTGC,2024.357.11.58.55,2024-12-22T11:58:55.768393Z,3,"HHE,HHN,HHZ",15001,100.0,ok,
PTGC.2024.357.19.49.57,PTGC,2024.357.19.49.57,2024-12-22T19:49:57.428391Z,3,"HHE,HHN,HHZ",15001,100.0,ok,
PTGC.2024.358.04.31.23,PTGC,2024.358.04.31.23,2024-12-23T04:31:23.278393Z,3,"HHE,HHN,HHZ",15001,100.0,ok,
PTGC.2024.359.01.38.31,PTGC,2024.359.01.38.31,2024-12-24T01:38:31.788393Z,3,"HHE,HHN,HHZ",15001,100.0,ok,
PTGC.2024.359.03.22.58,PTGC,2024.359.03.22.58,2024-12-24T03:22:58.758393Z,3,"HHE,HHN,HHZ",15001,100.0,ok,
PTGC.2024.359.18.27.17,PTGC,2024.359.18.27.17,2024-12-24T18:27:17.918393Z,3,"HHE,HHN,HHZ",15001,100.0,ok,
PTGC.2024.359.20.50.22,PTGC,2024.359.20.50.22,2024-12-24T20:50:22.358393Z,3,"HHE,HHN,HHZ",15001,100.0,ok,
PTGC.2025.001.07.04.56,PTGC,2025.001.07.04.56,2025-01-01T07:04:56.228393Z,3,"HHE,HHN,HHZ",15001,100.0,ok,
PTGC.2025.001.14.51.57,PTGC,2025.001.14.51.57,2025-01-01T14:51:57.588393Z,3,"HHE,HHN,HHZ",15001,100.0,ok,
PTGC.2025.001.15.20.46,PTGC,2025.001.15.20.46,2025-01-01T15:20:46.338393Z,3,"HHE,HHN,HHZ",15001,100.0,ok,
PTGC.2025.002.12.35.11,PTGC,2025.002.12.35.11,2025-01-02T12:35:11.968393Z,3,"HHE,HHN,HHZ",15001,100.0,ok,
PTGC.2025.002.13.25.17,PTGC,2025.002.13.25.17,2025-01-02T13:25:17.898393Z,3,"HHE,HHN,HHZ",15001,100.0,ok,
PTGC.2025.004.02.50.34,PTGC,2025.004.02.50.34,2025-01-04T02:50:34.448393Z,3,"HHE,HHN,HHZ",15001,100.0,ok,
PTGC.2025.004.12.50.39,PTGC,2025.004.12.50.39,2025-01-04T12:50:39.038393Z,3,"HHE,HHN,HHZ",15001,100.0,ok,
PTGC.2025.004.23.08.38,PTGC,2025.004.23.08.38,2025-01-04T23:08:38.118394Z,3,"HHE,HHN,HHZ",15001,100.0,ok,
PTGC.2025.005.02.23.53,PTGC,2025.005.02.23.53,2025-01-05T02:23:53.418393Z,3,"HHE,HHN,HHZ",15001,100.0,ok,
PTGC.2025.007.11.14.10,PTGC,2025.007.11.14.10,2025-01-07T11:14:10.438393Z,3,"HHE,HHN,HHZ",15001,100.0,ok,
PTGC.2025.008.01.09.36,PTGC,2025.008.01.09.36,2025-01-08T01:09:36.048394Z,3,"HHE,HHN,HHZ",15001,100.0,ok,
PTGC.2025.008.05.36.58,PTGC,2025.008.05.36.58,2025-01-08T05:36:58.818391Z,3,"HHE,HHN,HHZ",15001,100.0,ok,
PTGC.2025.008.17.02.11,PTGC,2025.008.17.02.11,2025-01-08T17:02:11.848393Z,3,"HHE,HHN,HHZ",15001,100.0,ok,
PTGC.2025.008.23.22.13,PTGC,2025.008.23.22.13,2025-01-08T23:22:13.308393Z,3,"HHE,HHN,HHZ",15001,100.0,ok,
PTGC.2025.009.09.27.17,PTGC,2025.009.09.27.17,2025-01-09T09:27:17.658393Z,3,"HHE,HHN,HHZ",15001,100.0,ok,
PTGC.2025.009.22.29.12,PTGC,2025.009.22.29.12,2025-01-09T22:29:12.348393Z,3,"HHE,HHN,HHZ",15001,100.0,ok,
PTGC.2025.010.00.37.31,PTGC,2025.010.00.37.31,2025-01-10T00:37:31.358393Z,3,"HHE,HHN,HHZ",15001,100.0,ok,
PTGC.2025.010.07.18.55,PTGC,2025.010.07.18.55,2025-01-10T07:18:55.468393Z,3,"HHE,HHN,HHZ",15001,100.0,ok,
PTGC.2025.010.16.22.57,PTGC,2025.010.16.22.57,2025-01-10T16:22:57.108393Z,3,"HHE,HHN,HHZ",15001,100.0,ok,
PTGC.2025.010.21.47.55,PTGC,2025.010.21.47.55,2025-01-10T21:47:55.208391Z,3,"HHE,HHN,HHZ",15001,100.0,ok,
PTGC.2025.011.06.18.15,PTGC,2025.011.06.18.15,2025-01-11T06:18:15.128393Z,3,"HHE,HHN,HHZ",15001,100.0,ok,
PTGC.2025.011.15.00.19,PTGC,2025.011.15.00.19,2025-01-11T15:00:19.728393Z,3,"HHE,HHN,HHZ",15001,100.0,ok,
PTGC.2025.011.21.54.45,PTGC,2025.011.21.54.45,2025-01-11T21:54:45.478391Z,3,"HHE,HHN,HHZ",15001,100.0,ok,
PTGC.2025.012.04.03.51,PTGC,2025.012.04.03.51,2025-01-12T04:03:51.468393Z,3,"HHE,HHN,HHZ",15001,100.0,ok,
PTGC.2025.012.06.08.09,PTGC,2025.012.06.08.09,2025-01-12T06:08:09.658393Z,3,"HHE,HHN,HHZ",15001,100.0,ok,
PTGC.2025.012.13.44.37,PTGC,2025.012.13.44.37,2025-01-12T13:44:37.708393Z,3,"HHE,HHN,HHZ",15001,100.0,ok,
PTGC.2025.013.01.50.51,PTGC,2025.013.01.50.51,2025-01-13T01:50:51.518393Z,3,"HHE,HHN,HHZ",15001,100.0,ok,
PTGC.2025.013.04.34.28,PTGC,2025.013.04.34.28,2025-01-13T04:34:28.338393Z,3,"HHE,HHN,HHZ",15001,100.0,ok,
PTGC.2025.013.10.33.27,PTGC,2025.013.10.33.27,2025-01-13T10:33:27.288393Z,3,"HHE,HHN,HHZ",15001,100.0,ok,
PTGC.2025.013.11.30.09,PTGC,2025.013.11.30.09,2025-01-13T11:30:09.948391Z,3,"HHE,HHN,HHZ",15001,100.0,ok,
PTGC.2025.013.15.32.37,PTGC,2025.013.15.32.37,2025-01-13T15:32:37.368393Z,3,"HHE,HHN,HHZ",15001,100.0,ok,
PTGC.2025.014.18.14.51,PTGC,2025.014.18.14.51,2025-01-14T18:14:51.518393Z,3,"HHE,HHN,HHZ",15001,100.0,ok,
PTGC.2025.015.19.08.54,PTGC,2025.015.19.08.54,2025-01-15T19:08:54.978393Z,3,"HHE,HHN,HHZ",15001,100.0,ok,
PTGC.2025.016.11.10.46,PTGC,2025.016.11.10.46,2025-01-16T11:10:46.128393Z,3,"HHE,HHN,HHZ",15001,100.0,ok,
PTGC.2025.016.14.21.52,PTGC,2025.016.14.21.52,2025-01-16T14:21:52.708393Z,3,"HHE,HHN,HHZ",15001,100.0,ok,
PTGC.2025.016.14.26.25,PTGC,2025.016.14.26.25,2025-01-16T14:26:25.258393Z,3,"HHE,HHN,HHZ",15001,100.0,ok,
PTGC.2025.017.08.24.46,PTGC,2025.017.08.24.46,2025-01-17T08:24:46.918393Z,3,"HHE,HHN,HHZ",15001,100.0,ok,
PTGC.2025.017.14.30.45,PTGC,2025.017.14.30.45,2025-01-17T14:30:45.988393Z,3,"HHE,HHN,HHZ",15001,100.0,ok,
PTGC.2025.017.17.30.05,PTGC,2025.017.17.30.05,2025-01-17T17:30:05.278391Z,3,"HHE,HHN,HHZ",15001,100.0,ok,
PTGC.2025.018.20.16.55,PTGC,2025.018.20.16.55,2025-01-18T20:16:55.588393Z,3,"HHE,HHN,HHZ",15001,100.0,ok,
PTGC.2025.019.03.47.28,PTGC,2025.019.03.47.28,2025-01-19T03:47:28.018393Z,3,"HHE,HHN,HHZ",15001,100.0,ok,
PTGC.2025.019.10.12.04,PTGC,2025.019.10.12.04,2025-01-19T10:12:04.738393Z,3,"HHE,HHN,HHZ",15001,100.0,ok,
PTGC.2025.019.18.23.12,PTGC,2025.019.18.23.12,2025-01-19T18:23:12.128393Z,3,"HHE,HHN,HHZ",15001,100.0,ok,
PTGC.2025.019.22.39.19,PTGC,2025.019.22.39.19,2025-01-19T22:39:19.538393Z,3,"HHE,HHN,HHZ",15001,100.0,ok,
PTGC.2025.020.13.48.25,PTGC,2025.020.13.48.25,2025-01-20T13:48:25.688394Z,3,"HHE,HHN,HHZ",15001,100.0,ok,
PTGC.2025.020.19.43.53,PTGC,2025.020.19.43.53,2025-01-20T19:43:53.798393Z,3,"HHE,HHN,HHZ",15001,100.0,ok,
PTGC.2025.021.12.37.02,PTGC,2025.021.12.37.02,2025-01-21T12:37:02.118393Z,3,"HHE,HHN,HHZ",15001,100.0,ok,
PTGC.2025.021.16.19.10,PTGC,2025.021.16.19.10,2025-01-21T16:19:10.608393Z,3,"HHE,HHN,HHZ",15001,100.0,ok,
PTGC.2025.022.07.23.01,PTGC,2025.022.07.23.01,2025-01-22T07:23:01.458393Z,3,"HHE,HHN,HHZ",15001,100.0,ok,
PTGC.2025.022.13.09.53,PTGC,2025.022.13.09.53,2025-01-22T13:09:53.468393Z,3,"HHE,HHN,HHZ",15001,100.0,ok,
PTGC.2025.022.14.40.51,PTGC,2025.022.14.40.51,2025-01-22T14:40:51.738391Z,3,"HHE,HHN,HHZ",15001,100.0,ok,
PTGC.2025.023.02.37.52,PTGC,2025.023.02.37.52,2025-01-23T02:37:52.798393Z,3,"HHE,HHN,HHZ",15001,100.0,ok,
PTGC.2025.023.02.51.18,PTGC,2025.023.02.51.18,2025-01-23T02:51:18.458393Z,3,"HHE,HHN,HHZ",15001,100.0,ok,
PTGC.2025.023.09.04.44,PTGC,2025.023.09.04.44,2025-01-23T09:04:44.698393Z,3,"HHE,HHN,HHZ",15001,100.0,ok,
PTGC.2025.023.16.21.56,PTGC,2025.023.16.21.56,2025-01-23T16:21:56.028393Z,3,"HHE,HHN,HHZ",15001,100.0,ok,
PTGC.2025.023.16.54.51,PTGC,2025.023.16.54.51,2025-01-23T16:54:51.128393Z,3,"HHE,HHN,HHZ",15001,100.0,ok,
PTGC.2025.023.18.01.17,PTGC,2025.023.18.01.17,2025-01-23T18:01:17.338393Z,3,"HHE,HHN,HHZ",15001,100.0,ok,
PTGC.2025.023.18.48.38,PTGC,2025.023.18.48.38,2025-01-23T18:48:38.938393Z,3,"HHE,HHN,HHZ",15001,100.0,ok,
PTGC.2025.023.20.30.04,PTGC,2025.023.20.30.04,2025-01-23T20:30:04.048393Z,3,"HHE,HHN,HHZ",15001,100.0,ok,
PTGC.2025.023.21.36.58,PTGC,2025.023.21.36.58,2025-01-23T21:36:58.288393Z,3,"HHE,HHN,HHZ",15001,100.0,ok,
PTGC.2025.023.21.43.22,PTGC,2025.023.21.43.22,2025-01-23T21:43:22.358393Z,3,"HHE,HHN,HHZ",15001,100.0,ok,
PTGC.2025.024.02.56.15,PTGC,2025.024.02.56.15,2025-01-24T02:56:15.898393Z,3,"HHE,HHN,HHZ",15001,100.0,ok,
PTGC.2025.024.03.36.44,PTGC,2025.024.03.36.44,2025-01-24T03:36:44.008393Z,3,"HHE,HHN,HHZ",15001,100.0,ok,
PTGC.2025.024.14.03.18,PTGC,2025.024.14.03.18,2025-01-24T14:03:18.978393Z,3,"HHE,HHN,HHZ",15001,100.0,ok,
PTGC.2025.024.15.23.44,PTGC,2025.024.15.23.44,2025-01-24T15:23:44.108393Z,3,"HHE,HHN,HHZ",15001,100.0,ok,
PTGC.2025.024.18.26.39,PTGC,2025.024.18.26.39,2025-01-24T18:26:39.218393Z,3,"HHE,HHN,HHZ",15001,100.0,ok,
PTGC.2025.024.18.59.26,PTGC,2025.024.18.59.26,2025-01-24T18:59:26.398393Z,3,"HHE,HHN,HHZ",15001,100.0,ok,
PTGC.2025.024.19.04.22,PTGC,2025.024.19.04.22,2025-01-24T19:04:22.728393Z,3,"HHE,HHN,HHZ",15001,100.0,ok,
PTGC.2025.024.19.43.21,PTGC,2025.024.19.43.21,2025-01-24T19:43:21.808393Z,3,"HHE,HHN,HHZ",15001,100.0,ok,
PTGC.2025.024.21.21.52,PTGC,2025.024.21.21.52,2025-01-24T21:21:52.118393Z,3,"HHE,HHN,HHZ",15001,100.0,ok,
PTGC.2025.025.01.17.09,PTGC,2025.025.01.17.09,2025-01-25T01:17:09.278393Z,3,"HHE,HHN,HHZ",15001,100.0,ok,
PTGC.2025.025.10.59.50,PTGC,2025.025.10.59.50,2025-01-25T10:59:50.128393Z,3,"HHE,HHN,HHZ",15001,100.0,ok,
PTGC.2025.025.20.25.24,PTGC,2025.025.20.25.24,2025-01-25T20:25:24.998393Z,3,"HHE,HHN,HHZ",15001,100.0,ok,
PTGC.2025.025.20.42.15,PTGC,2025.025.20.42.15,2025-01-25T20:42:15.018393Z,3,"HHE,HHN,HHZ",15001,100.0,ok,
PTGC.2025.026.04.23.44,PTGC,2025.026.04.23.44,2025-01-26T04:23:44.828393Z,3,"HHE,HHN,HHZ",15001,100.0,ok,
PTGC.2025.026.05.17.42,PTGC,2025.026.05.17.42,2025-01-26T05:17:42.108391Z,3,"HHE,HHN,HHZ",15001,100.0,ok,
PTGC.2025.026.17.14.23,PTGC,2025.026.17.14.23,2025-01-26T17:14:23.768393Z,3,"HHE,HHN,HHZ",15001,100.0,ok,
PTGC.2025.026.21.25.30,PTGC,2025.026.21.25.30,2025-01-26T21:25:30.038393Z,3,"HHE,HHN,HHZ",15001,100.0,ok,
PTGC.2025.027.02.13.37,PTGC,2025.027.02.13.37,2025-01-27T02:13:37.798393Z,3,"HHE,HHN,HHZ",15001,100.0,ok,
PTGC.2025.027.02.31.15,PTGC,2025.027.02.31.15,2025-01-27T02:31:15.058393Z,3,"HHE,HHN,HHZ",15001,100.0,ok,
PTGC.2025.027.04.51.14,PTGC,2025.027.04.51.14,2025-01-27T04:51:14.088393Z,3,"HHE,HHN,HHZ",15001,100.0,ok,
PTGC.2025.027.11.16.07,PTGC,2025.027.11.16.07,2025-01-27T11:16:07.768393Z,3,"HHE,HHN,HHZ",15001,100.0,ok,
PTGC.2025.028.07.16.13,PTGC,2025.028.07.16.13,2025-01-28T07:16:13.148393Z,3,"HHE,HHN,HHZ",15001,100.0,ok,
PTGC.2025.028.22.27.47,PTGC,2025.028.22.27.47,2025-01-28T22:27:47.888393Z,3,"HHE,HHN,HHZ",15001,100.0,ok,
PTGC.2025.028.23.23.46,PTGC,2025.028.23.23.46,2025-01-28T23:23:46.878393Z,3,"HHE,HHN,HHZ",15001,100.0,ok,
PTGC.2025.029.02.25.31,PTGC,2025.029.02.25.31,2025-01-29T02:25:31.128393Z,3,"HHE,HHN,HHZ",15001,100.0,ok,
PTGC.2025.029.04.16.09,PTGC,2025.029.04.16.09,2025-01-29T04:16:09.458391Z,3,"HHE,HHN,HHZ",15001,100.0,ok,
PTGC.2025.030.12.40.54,PTGC,2025.030.12.40.54,2025-01-30T12:40:54.288393Z,3,"HHE,HHN,HHZ",15001,100.0,ok,
PTGC.2025.030.21.29.01,PTGC,2025.030.21.29.01,2025-01-30T21:29:01.208393Z,3,"HHE,HHN,HHZ",15001,100.0,ok,
PTGC.2025.031.04.57.21,PTGC,2025.031.04.57.21,2025-01-31T04:57:21.638393Z,3,"HHE,HHN,HHZ",15001,100.0,ok,
PTGC.2025.031.09.06.11,PTGC,2025.031.09.06.11,2025-01-31T09:06:11.928393Z,3,"HHE,HHN,HHZ",15001,100.0,ok,
PTGC.2025.031.10.14.56,PTGC,2025.031.10.14.56,2025-01-31T10:14:56.638393Z,3,"HHE,HHN,HHZ",15001,100.0,ok,
PTGC.2025.032.06.50.20,PTGC,2025.032.06.50.20,2025-02-01T06:50:20.938393Z,3,"HHE,HHN,HHZ",15001,100.0,ok,
PTGC.2025.032.22.46.15,PTGC,2025.032.22.46.15,2025-02-01T22:46:15.618393Z,3,"HHE,HHN,HHZ",15001,100.0,ok,
PTGC.2025.033.01.07.49,PTGC,2025.033.01.07.49,2025-02-02T01:07:49.678393Z,3,"HHE,HHN,HHZ",15001,100.0,ok,
PTGC.2025.033.05.55.54,PTGC,2025.033.05.55.54,2025-02-02T05:55:54.408393Z,3,"HHE,HHN,HHZ",15001,100.0,ok,
PTGC.2025.033.08.30.12,PTGC,2025.033.08.30.12,2025-02-02T08:30:12.188393Z,3,"HHE,HHN,HHZ",15001,100.0,ok,
PTGC.2025.034.03.47.41,PTGC,2025.034.03.47.41,2025-02-03T03:47:41.798393Z,3,"HHE,HHN,HHZ",15001,100.0,ok,
PTGC.2025.034.07.46.29,PTGC,2025.034.07.46.29,2025-02-03T07:46:29.948391Z,3,"HHE,HHN,HHZ",15001,100.0,ok,
PTGC.2025.034.17.14.45,PTGC,2025.034.17.14.45,2025-02-03T17:14:45.128393Z,3,"HHE,HHN,HHZ",15001,100.0,ok,
PTGC.2025.035.12.15.00,PTGC,2025.035.12.15.00,2025-02-04T12:15:00.958393Z,3,"HHE,HHN,HHZ",15001,100.0,ok,
PTGC.2025.037.04.55.32,PTGC,2025.037.04.55.32,2025-02-06T04:55:32.688393Z,3,"HHE,HHN,HHZ",15001,100.0,ok,
PTGC.2025.037.06.27.50,PTGC,2025.037.06.27.50,2025-02-06T06:27:50.538393Z,3,"HHE,HHN,HHZ",15001,100.0,ok,
PTGC.2025.037.14.53.56,PTGC,2025.037.14.53.56,2025-02-06T14:53:56.238393Z,3,"HHE,HHN,HHZ",15001,100.0,ok,
PTGC.2025.038.03.23.36,PTGC,2025.038.03.23.36,2025-02-07T03:23:36.368393Z,3,"HHE,HHN,HHZ",15001,100.0,ok,
PTGC.2025.039.00.28.22,PTGC,2025.039.00.28.22,2025-02-08T00:28:22.738393Z,3,"HHE,HHN,HHZ",15001,100.0,ok,
PTGC.2025.039.00.36.09,PTGC,2025.039.00.36.09,2025-02-08T00:36:09.488393Z,3,"HHE,HHN,HHZ",15001,100.0,ok,
PTGC.2025.039.05.15.16,PTGC,2025.039.05.15.16,2025-02-08T05:15:16.648393Z,3,"HHE,HHN,HHZ",15001,100.0,ok,
PTGC.2025.039.12.57.32,PTGC,2025.039.12.57.32,2025-02-08T12:57:32.088393Z,3,"HHE,HHN,HHZ",15001,100.0,ok,
PTGC.2025.040.04.49.49,PTGC,2025.040.04.49.49,2025-02-09T04:49:49.408393Z,3,"HHE,HHN,HHZ",15001,100.0,ok,
PTGC.2025.040.19.26.34,PTGC,2025.040.19.26.34,2025-02-09T19:26:34.278393Z,3,"HHE,HHN,HHZ",15001,100.0,ok,
PTGC.2025.040.20.36.38,PTGC,2025.040.20.36.38,2025-02-09T20:36:38.798393Z,3,"HHE,HHN,HHZ",15001,100.0,ok,
PTGC.2025.040.23.54.09,PTGC,2025.040.23.54.09,2025-02-09T23:54:09.308393Z,3,"HHE,HHN,HHZ",15001,100.0,ok,
PTGC.2025.041.23.46.56,PTGC,2025.041.23.46.56,2025-02-10T23:46:56.258393Z,3,"HHE,HHN,HHZ",15001,100.0,ok,
PTGC.2025.042.03.37.36,PTGC,2025.042.03.37.36,2025-02-11T03:37:36.388393Z,3,"HHE,HHN,HHZ",15001,100.0,ok,
PTGC.2025.042.09.21.35,PTGC,2025.042.09.21.35,2025-02-11T09:21:35.188393Z,3,"HHE,HHN,HHZ",15001,100.0,ok,
PTGC.2025.042.18.23.15,PTGC,2025.042.18.23.15,2025-02-11T18:23:15.328393Z,3,"HHE,HHN,HHZ",15001,100.0,ok,
PTGC.2025.042.22.33.27,PTGC,2025.042.22.33.27,2025-02-11T22:33:27.158394Z,3,"HHE,HHN,HHZ",15001,100.0,ok,
PTGC.2025.042.22.36.41,PTGC,2025.042.22.36.41,2025-02-11T22:36:41.048394Z,3,"HHE,HHN,HHZ",15001,100.0,ok,
PTGC.2025.043.06.20.34,PTGC,2025.043.06.20.34,2025-02-12T06:20:34.988393Z,3,"HHE,HHN,HHZ",15001,100.0,ok,
PTGC.2025.043.06.32.51,PTGC,2025.043.06.32.51,2025-02-12T06:32:51.728393Z,3,"HHE,HHN,HHZ",15001,100.0,ok,
PTGC.2025.043.07.13.13,PTGC,2025.043.07.13.13,2025-02-12T07:13:13.798393Z,3,"HHE,HHN,HHZ",15001,100.0,ok,
PTGC.2025.043.12.40.12,PTGC,2025.043.12.40.12,2025-02-12T12:40:12.818393Z,3,"HHE,HHN,HHZ",15001,100.0,ok,
PTGC.2025.044.04.50.16,PTGC,2025.044.04.50.16,2025-02-13T04:50:16.758393Z,3,"HHE,HHN,HHZ",15001,100.0,ok,
PTGC.2025.044.07.47.20,PTGC,2025.044.07.47.20,2025-02-13T07:47:20.818393Z,3,"HHE,HHN,HHZ",15001,100.0,ok,
PTGC.2025.044.08.56.42,PTGC,2025.044.08.56.42,2025-02-13T08:56:42.038393Z,3,"HHE,HHN,HHZ",15001,100.0,ok,
PTGC.2025.044.10.01.47,PTGC,2025.044.10.01.47,2025-02-13T10:01:47.218393Z,3,"HHE,HHN,HHZ",15001,100.0,ok,
PTGC.2025.044.18.37.41,PTGC,2025.044.18.37.41,2025-02-13T18:37:41.528393Z,3,"HHE,HHN,HHZ",15001,100.0,ok,
PTGC.2025.045.03.06.56,PTGC,2025.045.03.06.56,2025-02-14T03:06:56.488393Z,3,"HHE,HHN,HHZ",15001,100.0,ok,
PTGC.2025.046.15.15.35,PTGC,2025.046.15.15.35,2025-02-15T15:15:35.618393Z,3,"HHE,HHN,HHZ",15001,100.0,ok,
PTGC.2025.046.15.38.57,PTGC,2025.046.15.38.57,2025-02-15T15:38:57.248393Z,3,"HHE,HHN,HHZ",15001,100.0,ok,
PTGC.2025.046.16.34.38,PTGC,2025.046.16.34.38,2025-02-15T16:34:38.198393Z,3,"HHE,HHN,HHZ",15001,100.0,ok,
PTGC.2025.046.20.49.17,PTGC,2025.046.20.49.17,2025-02-15T20:49:17.728393Z,3,"HHE,HHN,HHZ",15001,100.0,ok,
PTGC.2025.047.16.08.17,PTGC,2025.047.16.08.17,2025-02-16T16:08:17.048393Z,3,"HHE,HHN,HHZ",15001,100.0,ok,
PTGC.2025.049.19.19.24,PTGC,2025.049.19.19.24,2025-02-18T19:19:24.388393Z,3,"HHE,HHN,HHZ",15001,100.0,ok,
PTGC.2025.051.04.02.32,PTGC,2025.051.04.02.32,2025-02-20T04:02:32.498393Z,3,"HHE,HHN,HHZ",15001,100.0,ok,
PTGC.2025.051.10.16.39,PTGC,2025.051.10.16.39,2025-02-20T10:16:39.668393Z,3,"HHE,HHN,HHZ",15001,100.0,ok,
PTGC.2025.051.21.00.22,PTGC,2025.051.21.00.22,2025-02-20T21:00:22.528393Z,3,"HHE,HHN,HHZ",15001,100.0,ok,
PTGC.2025.051.22.33.38,PTGC,2025.051.22.33.38,2025-02-20T22:33:38.648393Z,3,"HHE,HHN,HHZ",15001,100.0,ok,
PTGC.2025.052.05.37.17,PTGC,2025.052.05.37.17,2025-02-21T05:37:17.628394Z,3,"HHE,HHN,HHZ",15001,100.0,ok,
PTGC.2025.052.06.04.35,PTGC,2025.052.06.04.35,2025-02-21T06:04:35.568393Z,3,"HHE,HHN,HHZ",15001,100.0,ok,
PTGC.2025.052.07.25.07,PTGC,2025.052.07.25.07,2025-02-21T07:25:07.728393Z,3,"HHE,HHN,HHZ",15001,100.0,ok,
PTGC.2025.052.07.25.37,PTGC,2025.052.07.25.37,2025-02-21T07:25:37.798393Z,3,"HHE,HHN,HHZ",15001,100.0,ok,
PTGC.2025.052.21.38.18,PTGC,2025.052.21.38.18,2025-02-21T21:38:18.088393Z,3,"HHE,HHN,HHZ",15001,100.0,ok,
PTGC.2025.052.22.05.43,PTGC,2025.052.22.05.43,2025-02-21T22:05:43.418393Z,3,"HHE,HHN,HHZ",15001,100.0,ok,
PTGC.2025.053.03.08.27,PTGC,2025.053.03.08.27,2025-02-22T03:08:27.358393Z,3,"HHE,HHN,HHZ",15001,100.0,ok,
PTGC.2025.053.10.05.54,PTGC,2025.053.10.05.54,2025-02-22T10:05:54.808393Z,3,"HHE,HHN,HHZ",15001,100.0,ok,
PTGC.2025.053.14.59.22,PTGC,2025.053.14.59.22,2025-02-22T14:59:22.488391Z,3,"HHE,HHN,HHZ",15001,100.0,ok,
PTGC.2025.053.23.08.25,PTGC,2025.053.23.08.25,2025-02-22T23:08:25.268393Z,3,"HHE,HHN,HHZ",15001,100.0,ok,
PTGC.2025.054.05.19.51,PTGC,2025.054.05.19.51,2025-02-23T05:19:51.508393Z,3,"HHE,HHN,HHZ",15001,100.0,ok,
PTGC.2025.054.21.22.23,PTGC,2025.054.21.22.23,2025-02-23T21:22:23.818393Z,3,"HHE,HHN,HHZ",15001,100.0,ok,
PTGC.2025.055.15.48.54,PTGC,2025.055.15.48.54,2025-02-24T15:48:54.178393Z,3,"HHE,HHN,HHZ",15001,100.0,ok,
PTGC.2025.056.06.37.54,PTGC,2025.056.06.37.54,2025-02-25T06:37:54.338393Z,3,"HHE,HHN,HHZ",15001,100.0,ok,
PTGC.2025.056.08.36.34,PTGC,2025.056.08.36.34,2025-02-25T08:36:34.038393Z,3,"HHE,HHN,HHZ",15001,100.0,ok,
PTGC.2025.056.09.29.22,PTGC,2025.056.09.29.22,2025-02-25T09:29:22.938393Z,3,"HHE,HHN,HHZ",15001,100.0,ok,
PTGC.2025.057.10.41.14,PTGC,2025.057.10.41.14,2025-02-26T10:41:14.368393Z,3,"HHE,HHN,HHZ",15001,100.0,ok,
PTGC.2025.057.11.13.39,PTGC,2025.057.11.13.39,2025-02-26T11:13:39.548393Z,3,"HHE,HHN,HHZ",15001,100.0,ok,
PTGC.2025.057.19.19.20,PTGC,2025.057.19.19.20,2025-02-26T19:19:20.898393Z,3,"HHE,HHN,HHZ",15001,100.0,ok,
PTGC.2025.057.22.26.55,PTGC,2025.057.22.26.55,2025-02-26T22:26:55.628393Z,3,"HHE,HHN,HHZ",15001,100.0,ok,
PTGC.2025.060.18.57.53,PTGC,2025.060.18.57.53,2025-03-01T18:57:53.518393Z,3,"HHE,HHN,HHZ",15001,100.0,ok,
PTGC.2025.060.20.51.12,PTGC,2025.060.20.51.12,2025-03-01T20:51:12.008393Z,3,"HHE,HHN,HHZ",15001,100.0,ok,
PTGC.2025.061.04.38.09,PTGC,2025.061.04.38.09,2025-03-02T04:38:09.058393Z,3,"HHE,HHN,HHZ",15001,100.0,ok,
PTGC.2025.061.04.56.31,PTGC,2025.061.04.56.31,2025-03-02T04:56:31.068393Z,3,"HHE,HHN,HHZ",15001,100.0,ok,
PTGC.2025.061.05.58.14,PTGC,2025.061.05.58.14,2025-03-02T05:58:14.028393Z,3,"HHE,HHN,HHZ",15001,100.0,ok,
PTGC.2025.061.10.45.40,PTGC,2025.061.10.45.40,2025-03-02T10:45:40.468393Z,3,"HHE,HHN,HHZ",15001,100.0,ok,
PTGC.2025.061.21.55.34,PTGC,2025.061.21.55.34,2025-03-02T21:55:34.938393Z,3,"HHE,HHN,HHZ",15001,100.0,ok,
PTGC.2025.061.23.30.14,PTGC,2025.061.23.30.14,2025-03-02T23:30:14.438393Z,3,"HHE,HHN,HHZ",15001,100.0,ok,
PTGC.2025.062.03.24.53,PTGC,2025.062.03.24.53,2025-03-03T03:24:53.338393Z,3,"HHE,HHN,HHZ",15001,100.0,ok,
PTGC.2025.062.04.05.47,PTGC,2025.062.04.05.47,2025-03-03T04:05:47.318393Z,3,"HHE,HHN,HHZ",15001,100.0,ok,
PTGC.2025.062.16.33.15,PTGC,2025.062.16.33.15,2025-03-03T16:33:15.458393Z,3,"HHE,HHN,HHZ",15001,100.0,ok,
PTGC.2025.062.19.47.48,PTGC,2025.062.19.47.48,2025-03-03T19:47:48.748393Z,3,"HHE,HHN,HHZ",15001,100.0,ok,
PTGC.2025.063.02.26.30,PTGC,2025.063.02.26.30,2025-03-04T02:26:30.078393Z,3,"HHE,HHN,HHZ",15001,100.0,ok,
PTGC.2025.063.14.56.03,PTGC,2025.063.14.56.03,2025-03-04T14:56:03.398393Z,3,"HHE,HHN,HHZ",15001,100.0,ok,
PTGC.2025.063.16.59.27,PTGC,2025.063.16.59.27,2025-03-04T16:59:27.278391Z,3,"HHE,HHN,HHZ",15001,100.0,ok,
PTGC.2025.063.18.03.10,PTGC,2025.063.18.03.10,2025-03-04T18:03:10.178391Z,3,"HHE,HHN,HHZ",15001,100.0,ok,
PTGC.2025.064.07.12.58,PTGC,2025.064.07.12.58,2025-03-05T07:12:58.978393Z,3,"HHE,HHN,HHZ",15001,100.0,ok,
PTGC.2025.064.09.55.43,PTGC,2025.064.09.55.43,2025-03-05T09:55:43.488393Z,3,"HHE,HHN,HHZ",15001,100.0,ok,
PTGC.2025.064.11.04.18,PTGC,2025.064.11.04.18,2025-03-05T11:04:18.208393Z,3,"HHE,HHN,HHZ",15001,100.0,ok,
PTGC.2025.064.14.04.38,PTGC,2025.064.14.04.38,2025-03-05T14:04:38.148391Z,3,"HHE,HHN,HHZ",15001,100.0,ok,
PTGC.2025.065.23.38.53,PTGC,2025.065.23.38.53,2025-03-06T23:38:53.488393Z,3,"HHE,HHN,HHZ",15001,100.0,ok,
PTGC.2025.066.04.25.26,PTGC,2025.066.04.25.26,2025-03-07T04:25:26.198393Z,3,"HHE,HHN,HHZ",15001,100.0,ok,
PTGC.2025.066.04.33.38,PTGC,2025.066.04.33.38,2025-03-07T04:33:38.058393Z,3,"HHE,HHN,HHZ",15001,100.0,ok,
PTGC.2025.066.05.09.18,PTGC,2025.066.05.09.18,2025-03-07T05:09:18.608393Z,3,"HHE,HHN,HHZ",15001,100.0,ok,
PTGC.2025.066.20.52.13,PTGC,2025.066.20.52.13,2025-03-07T20:52:13.528393Z,3,"HHE,HHN,HHZ",15001,100.0,ok,
PTGC.2025.067.00.45.55,PTGC,2025.067.00.45.55,2025-03-08T00:45:55.168393Z,3,"HHE,HHN,HHZ",15001,100.0,ok,
PTGC.2025.067.01.16.46,PTGC,2025.067.01.16.46,2025-03-08T01:16:46.638393Z,3,"HHE,HHN,HHZ",15001,100.0,ok,
PTGC.2025.067.02.37.36,PTGC,2025.067.02.37.36,2025-03-08T02:37:36.888393Z,3,"HHE,HHN,HHZ",15001,100.0,ok,
PTGC.2025.067.07.31.11,PTGC,2025.067.07.31.11,2025-03-08T07:31:11.238393Z,3,"HHE,HHN,HHZ",15001,100.0,ok,
PTGC.2025.067.07.31.29,PTGC,2025.067.07.31.29,2025-03-08T07:31:29.578393Z,3,"HHE,HHN,HHZ",15001,100.0,ok,
PTGC.2025.067.12.44.57,PTGC,2025.067.12.44.57,2025-03-08T12:44:57.288393Z,3,"HHE,HHN,HHZ",15001,100.0,ok,
PTGC.2025.067.22.53.15,PTGC,2025.067.22.53.15,2025-03-08T22:53:15.388393Z,3,"HHE,HHN,HHZ",15001,100.0,ok,
PTGC.2025.068.01.16.45,PTGC,2025.068.01.16.45,2025-03-09T01:16:45.668393Z,3,"HHE,HHN,HHZ",15001,100.0,ok,
PTGC.2025.068.01.26.28,PTGC,2025.068.01.26.28,2025-03-09T01:26:28.158393Z,3,"HHE,HHN,HHZ",15001,100.0,ok,
PTGC.2025.068.03.04.49,PTGC,2025.068.03.04.49,2025-03-09T03:04:49.508393Z,3,"HHE,HHN,HHZ",15001,100.0,ok,
PTGC.2025.068.04.24.15,PTGC,2025.068.04.24.15,2025-03-09T04:24:15.588393Z,3,"HHE,HHN,HHZ",15001,100.0,ok,
PTGC.2025.068.05.13.02,PTGC,2025.068.05.13.02,2025-03-09T05:13:02.258393Z,3,"HHE,HHN,HHZ",15001,100.0,ok,
PTGC.2025.069.00.32.05,PTGC,2025.069.00.32.05,2025-03-10T00:32:05.878394Z,3,"HHE,HHN,HHZ",15001,100.0,ok,
PTGC.2025.069.06.23.10,PTGC,2025.069.06.23.10,2025-03-10T06:23:10.558393Z,3,"HHE,HHN,HHZ",15001,100.0,ok,
PTGC.2025.069.10.39.14,PTGC,2025.069.10.39.14,2025-03-10T10:39:14.488393Z,3,"HHE,HHN,HHZ",15001,100.0,ok,
PTGC.2025.069.10.39.42,PTGC,2025.069.10.39.42,2025-03-10T10:39:42.638393Z,3,"HHE,HHN,HHZ",15001,100.0,ok,
PTGC.2025.069.13.17.55,PTGC,2025.069.13.17.55,2025-03-10T13:17:55.448393Z,3,"HHE,HHN,HHZ",15001,100.0,ok,
PTGC.2025.069.14.06.01,PTGC,2025.069.14.06.01,2025-03-10T14:06:01.168393Z,3,"HHE,HHN,HHZ",15001,100.0,ok,
PTGC.2025.069.15.42.05,PTGC,2025.069.15.42.05,2025-03-10T15:42:05.398393Z,3,"HHE,HHN,HHZ",15001,100.0,ok,
PTGC.2025.069.15.55.00,PTGC,2025.069.15.55.00,2025-03-10T15:55:00.358393Z,3,"HHE,HHN,HHZ",15001,100.0,ok,
PTGC.2025.069.18.39.43,PTGC,2025.069.18.39.43,2025-03-10T18:39:43.598393Z,3,"HHE,HHN,HHZ",15001,100.0,ok,
PTGC.2025.069.22.10.46,PTGC,2025.069.22.10.46,2025-03-10T22:10:46.018393Z,3,"HHE,HHN,HHZ",15001,100.0,ok,
PTGC.2025.070.02.33.02,PTGC,2025.070.02.33.02,2025-03-11T02:33:02.308393Z,3,"HHE,HHN,HHZ",15001,100.0,ok,
PTGC.2025.070.08.22.34,PTGC,2025.070.08.22.34,2025-03-11T08:22:34.068393Z,3,"HHE,HHN,HHZ",15001,100.0,ok,
PTGC.2025.071.03.50.29,PTGC,2025.071.03.50.29,2025-03-12T03:50:29.018393Z,3,"HHE,HHN,HHZ",15001,100.0,ok,
PTGC.2025.071.04.31.03,PTGC,2025.071.04.31.03,2025-03-12T04:31:03.458393Z,3,"HHE,HHN,HHZ",15001,100.0,ok,
PTGC.2025.071.13.28.36,PTGC,2025.071.13.28.36,2025-03-12T13:28:36.848394Z,3,"HHE,HHN,HHZ",15001,100.0,ok,
PTGC.2025.072.06.06.39,PTGC,2025.072.06.06.39,2025-03-13T06:06:39.878391Z,3,"HHE,HHN,HHZ",15001,100.0,ok,
PTGC.2025.072.06.12.15,PTGC,2025.072.06.12.15,2025-03-13T06:12:15.468393Z,3,"HHE,HHN,HHZ",15001,100.0,ok,
PTGC.2025.072.16.56.10,PTGC,2025.072.16.56.10,2025-03-13T16:56:10.538393Z,3,"HHE,HHN,HHZ",15001,100.0,ok,
PTGC.2025.073.04.54.04,PTGC,2025.073.04.54.04,2025-03-14T04:54:04.858393Z,3,"HHE,HHN,HHZ",15001,100.0,ok,
PTGC.2025.073.05.18.08,PTGC,2025.073.05.18.08,2025-03-14T05:18:08.928393Z,3,"HHE,HHN,HHZ",15001,100.0,ok,
PTGC.2025.074.02.02.19,PTGC,2025.074.02.02.19,2025-03-15T02:02:19.678393Z,3,"HHE,HHN,HHZ",15001,100.0,ok,
PTGC.2025.074.10.33.09,PTGC,2025.074.10.33.09,2025-03-15T10:33:09.338393Z,3,"HHE,HHN,HHZ",15001,100.0,ok,
PTGC.2025.074.11.59.11,PTGC,2025.074.11.59.11,2025-03-15T11:59:11.538393Z,3,"HHE,HHN,HHZ",15001,100.0,ok,
PTGC.2025.074.14.05.40,PTGC,2025.074.14.05.40,2025-03-15T14:05:40.658393Z,3,"HHE,HHN,HHZ",15001,100.0,ok,
PTGC.2025.074.15.48.46,PTGC,2025.074.15.48.46,2025-03-15T15:48:46.958393Z,3,"HHE,HHN,HHZ",15001,100.0,ok,
PTGC.2025.074.21.55.47,PTGC,2025.074.21.55.47,2025-03-15T21:55:47.178393Z,3,"HHE,HHN,HHZ",15001,100.0,ok,
PTGC.2025.075.03.34.42,PTGC,2025.075.03.34.42,2025-03-16T03:34:42.678393Z,3,"HHE,HHN,HHZ",15001,100.0,ok,
PTGC.2025.075.13.37.22,PTGC,2025.075.13.37.22,2025-03-16T13:37:22.968393Z,3,"HHE,HHN,HHZ",15001,100.0,ok,
PTGC.2025.075.20.18.04,PTGC,2025.075.20.18.04,2025-03-16T20:18:04.988393Z,3,"HHE,HHN,HHZ",15001,100.0,ok,
PTGC.2025.075.20.59.15,PTGC,2025.075.20.59.15,2025-03-16T20:59:15.138393Z,3,"HHE,HHN,HHZ",15000,100.0,discarded,too_short
PTGC.2025.075.21.17.03,PTGC,2025.075.21.17.03,2025-03-16T21:17:03.158393Z,3,"HHE,HHN,HHZ",15001,100.0,ok,
PTGC.2025.075.23.23.46,PTGC,2025.075.23.23.46,2025-03-16T23:23:46.038393Z,3,"HHE,HHN,HHZ",15001,100.0,ok,
PTGC.2025.076.01.23.27,PTGC,2025.076.01.23.27,2025-03-17T01:23:27.118393Z,3,"HHE,HHN,HHZ",15001,100.0,ok,
PTGC.2025.076.15.18.44,PTGC,2025.076.15.18.44,2025-03-17T15:18:44.278393Z,3,"HHE,HHN,HHZ",15001,100.0,ok,
PTGC.2025.077.17.58.15,PTGC,2025.077.17.58.15,2025-03-18T17:58:15.488391Z,3,"HHE,HHN,HHZ",15001,100.0,ok,
PTGC.2025.077.18.42.55,PTGC,2025.077.18.42.55,2025-03-18T18:42:55.188393Z,3,"HHE,HHN,HHZ",15001,100.0,ok,
PTGC.2025.078.05.46.13,PTGC,2025.078.05.46.13,2025-03-19T05:46:13.278391Z,3,"HHE,HHN,HHZ",15001,100.0,ok,
PTGC.2025.078.07.27.50,PTGC,2025.078.07.27.50,2025-03-19T07:27:50.918393Z,3,"HHE,HHN,HHZ",15001,100.0,ok,
PTGC.2025.078.07.54.25,PTGC,2025.078.07.54.25,2025-03-19T07:54:25.518393Z,3,"HHE,HHN,HHZ",15001,100.0,ok,
PTGC.2025.078.07.56.24,PTGC,2025.078.07.56.24,2025-03-19T07:56:24.568393Z,3,"HHE,HHN,HHZ",15001,100.0,ok,
PTGC.2025.080.14.21.26,PTGC,2025.080.14.21.26,2025-03-21T14:21:26.558393Z,3,"HHE,HHN,HHZ",15001,100.0,ok,
PTGC.2025.080.18.17.41,PTGC,2025.080.18.17.41,2025-03-21T18:17:41.138393Z,3,"HHE,HHN,HHZ",15001,100.0,ok,
PTGC.2025.081.04.47.36,PTGC,2025.081.04.47.36,2025-03-22T04:47:36.238393Z,3,"HHE,HHN,HHZ",15001,100.0,ok,
PTGC.2025.082.05.39.15,PTGC,2025.082.05.39.15,2025-03-23T05:39:15.358393Z,3,"HHE,HHN,HHZ",15001,100.0,ok,
PTGC.2025.083.09.55.10,PTGC,2025.083.09.55.10,2025-03-24T09:55:10.208393Z,3,"HHE,HHN,HHZ",15001,100.0,ok,
PTGC.2025.084.00.32.54,PTGC,2025.084.00.32.54,2025-03-25T00:32:54.938393Z,3,"HHE,HHN,HHZ",15001,100.0,ok,
PTGC.2025.084.10.17.43,PTGC,2025.084.10.17.43,2025-03-25T10:17:43.788393Z,3,"HHE,HHN,HHZ",15001,100.0,ok,
PTGC.2025.084.12.24.22,PTGC,2025.084.12.24.22,2025-03-25T12:24:22.848393Z,3,"HHE,HHN,HHZ",15001,100.0,ok,
PTGC.2025.084.14.12.17,PTGC,2025.084.14.12.17,2025-03-25T14:12:17.168393Z,3,"HHE,HHN,HHZ",15001,100.0,ok,
PTGC.2025.084.18.28.20,PTGC,2025.084.18.28.20,2025-03-25T18:28:20.588393Z,3,"HHE,HHN,HHZ",15001,100.0,ok,
PTGC.2025.084.18.34.29,PTGC,2025.084.18.34.29,2025-03-25T18:34:29.678393Z,3,"HHE,HHN,HHZ",15001,100.0,ok,
PTGC.2025.086.03.16.43,PTGC,2025.086.03.16.43,2025-03-27T03:16:43.178393Z,3,"HHE,HHN,HHZ",15001,100.0,ok,
PTGC.2025.086.13.52.35,PTGC,2025.086.13.52.35,2025-03-27T13:52:35.618393Z,3,"HHE,HHN,HHZ",15001,100.0,ok,
PTGC.2025.087.06.25.27,PTGC,2025.087.06.25.27,2025-03-28T06:25:27.908393Z,3,"HHE,HHN,HHZ",15001,100.0,ok,
PTGC.2025.087.10.51.16,PTGC,2025.087.10.51.16,2025-03-28T10:51:16.968391Z,3,"HHE,HHN,HHZ",15001,100.0,ok,
PTGC.2025.087.23.35.28,PTGC,2025.087.23.35.28,2025-03-28T23:35:28.858393Z,3,"HHE,HHN,HHZ",15001,100.0,ok,
PTGC.2025.088.23.55.29,PTGC,2025.088.23.55.29,2025-03-29T23:55:29.198393Z,3,"HHE,HHN,HHZ",15001,100.0,ok,
PTGC.2025.089.08.10.28,PTGC,2025.089.08.10.28,2025-03-30T08:10:28.988393Z,3,"HHE,HHN,HHZ",15001,100.0,ok,
PTGC.2025.089.09.58.42,PTGC,2025.089.09.58.42,2025-03-30T09:58:42.908393Z,3,"HHE,HHN,HHZ",15001,100.0,ok,
PTGC.2025.089.13.07.47,PTGC,2025.089.13.07.47,2025-03-30T13:07:47.718393Z,3,"HHE,HHN,HHZ",15001,100.0,ok,
PTGC.2025.090.01.53.03,PTGC,2025.090.01.53.03,2025-03-31T01:53:03.368393Z,3,"HHE,HHN,HHZ",15001,100.0,ok,
PTGC.2025.090.02.09.39,PTGC,2025.090.02.09.39,2025-03-31T02:09:39.748393Z,3,"HHE,HHN,HHZ",15001,100.0,ok,
PTGC.2025.090.02.21.09,PTGC,2025.090.02.21.09,2025-03-31T02:21:09.218393Z,3,"HHE,HHN,HHZ",15001,100.0,ok,
PTGC.2025.090.02.21.38,PTGC,2025.090.02.21.38,2025-03-31T02:21:38.188393Z,3,"HHE,HHN,HHZ",15001,100.0,ok,
PTGC.2025.090.03.13.51,PTGC,2025.090.03.13.51,2025-03-31T03:13:51.548393Z,3,"HHE,HHN,HHZ",15001,100.0,ok,
PTGC.2025.090.14.31.24,PTGC,2025.090.14.31.24,2025-03-31T14:31:24.988393Z,3,"HHE,HHN,HHZ",15001,100.0,ok,
PTGC.2025.090.14.41.17,PTGC,2025.090.14.41.17,2025-03-31T14:41:17.938393Z,3,"HHE,HHN,HHZ",15001,100.0,ok,
PTGC.2025.093.06.28.19,PTGC,2025.093.06.28.19,2025-04-03T06:28:19.908393Z,3,"HHE,HHN,HHZ",15001,100.0,ok,
PTGC.2025.093.09.48.37,PTGC,2025.093.09.48.37,2025-04-03T09:48:37.048393Z,3,"HHE,HHN,HHZ",15001,100.0,ok,
PTGC.2025.093.21.59.57,PTGC,2025.093.21.59.57,2025-04-03T21:59:57.418391Z,3,"HHE,HHN,HHZ",15001,100.0,ok,
PTGC.2025.094.17.39.19,PTGC,2025.094.17.39.19,2025-04-04T17:39:19.058393Z,3,"HHE,HHN,HHZ",15001,100.0,ok,
PTGC.2025.095.10.47.10,PTGC,2025.095.10.47.10,2025-04-05T10:47:10.708393Z,3,"HHE,HHN,HHZ",15001,100.0,ok,
PTGC.2025.095.16.34.27,PTGC,2025.095.16.34.27,2025-04-05T16:34:27.548393Z,3,"HHE,HHN,HHZ",15001,100.0,ok,
PTGC.2025.096.03.01.05,PTGC,2025.096.03.01.05,2025-04-06T03:01:05.398393Z,3,"HHE,HHN,HHZ",15001,100.0,ok,
PTGC.2025.096.04.25.45,PTGC,2025.096.04.25.45,2025-04-06T04:25:45.418391Z,3,"HHE,HHN,HHZ",15001,100.0,ok,
PTGC.2025.096.08.18.55,PTGC,2025.096.08.18.55,2025-04-06T08:18:55.458393Z,3,"HHE,HHN,HHZ",15001,100.0,ok,
PTGC.2025.096.10.02.40,PTGC,2025.096.10.02.40,2025-04-06T10:02:40.568393Z,3,"HHE,HHN,HHZ",15001,100.0,ok,
PTGC.2025.096.10.38.20,PTGC,2025.096.10.38.20,2025-04-06T10:38:20.178393Z,3,"HHE,HHN,HHZ",15001,100.0,ok,
PTGC.2025.096.13.03.58,PTGC,2025.096.13.03.58,2025-04-06T13:03:58.568393Z,3,"HHE,HHN,HHZ",15001,100.0,ok,
PTGC.2025.096.21.36.50,PTGC,2025.096.21.36.50,2025-04-06T21:36:50.618393Z,3,"HHE,HHN,HHZ",15001,100.0,ok,
PTGC.2025.097.18.13.52,PTGC,2025.097.18.13.52,2025-04-07T18:13:52.218393Z,3,"HHE,HHN,HHZ",15001,100.0,ok,
PTGC.2025.097.22.49.16,PTGC,2025.097.22.49.16,2025-04-07T22:49:16.238393Z,3,"HHE,HHN,HHZ",15001,100.0,ok,
PTGC.2025.097.22.55.01,PTGC,2025.097.22.55.01,2025-04-07T22:55:01.578393Z,3,"HHE,HHN,HHZ",15001,100.0,ok,
PTGC.2025.098.01.37.59,PTGC,2025.098.01.37.59,2025-04-08T01:37:59.548393Z,3,"HHE,HHN,HHZ",15001,100.0,ok,
PTGC.2025.098.02.14.52,PTGC,2025.098.02.14.52,2025-04-08T02:14:52.418393Z,3,"HHE,HHN,HHZ",15001,100.0,ok,
PTGC.2025.098.10.24.56,PTGC,2025.098.10.24.56,2025-04-08T10:24:56.158393Z,3,"HHE,HHN,HHZ",15001,100.0,ok,
PTGC.2025.098.10.33.15,PTGC,2025.098.10.33.15,2025-04-08T10:33:15.588393Z,3,"HHE,HHN,HHZ",15001,100.0,ok,
PTGC.2025.098.15.59.27,PTGC,2025.098.15.59.27,2025-04-08T15:59:27.398393Z,3,"HHE,HHN,HHZ",15001,100.0,ok,
PTGC.2025.099.11.25.32,PTGC,2025.099.11.25.32,2025-04-09T11:25:32.318393Z,3,"HHE,HHN,HHZ",15001,100.0,ok,
PTGC.2025.099.12.52.40,PTGC,2025.099.12.52.40,2025-04-09T12:52:40.018393Z,3,"HHE,HHN,HHZ",15001,100.0,ok,
PTGC.2025.099.13.25.21,PTGC,2025.099.13.25.21,2025-04-09T13:25:21.228393Z,3,"HHE,HHN,HHZ",15001,100.0,ok,
PTGC.2025.099.15.56.58,PTGC,2025.099.15.56.58,2025-04-09T15:56:58.168393Z,3,"HHE,HHN,HHZ",15001,100.0,ok,
PTGC.2025.099.21.07.00,PTGC,2025.099.21.07.00,2025-04-09T21:07:00.938393Z,3,"HHE,HHN,HHZ",15001,100.0,ok,
PTGC.2025.100.10.01.25,PTGC,2025.100.10.01.25,2025-04-10T10:01:25.658393Z,3,"HHE,HHN,HHZ",15001,100.0,ok,
PTGC.2025.100.10.48.13,PTGC,2025.100.10.48.13,2025-04-10T10:48:13.808393Z,3,"HHE,HHN,HHZ",15001,100.0,ok,
PTGC.2025.101.22.34.49,PTGC,2025.101.22.34.49,2025-04-11T22:34:49.228393Z,3,"HHE,HHN,HHZ",15001,100.0,ok,
PTGC.2025.102.06.00.27,PTGC,2025.102.06.00.27,2025-04-12T06:00:27.418393Z,3,"HHE,HHN,HHZ",15001,100.0,ok,
PTGC.2025.103.07.51.49,PTGC,2025.103.07.51.49,2025-04-13T07:51:49.188393Z,3,"HHE,HHN,HHZ",15001,100.0,ok,
PTGC.2025.103.16.23.03,PTGC,2025.103.16.23.03,2025-04-13T16:23:03.328393Z,3,"HHE,HHN,HHZ",15001,100.0,ok,
PTGC.2025.104.13.13.33,PTGC,2025.104.13.13.33,2025-04-14T13:13:33.578391Z,3,"HHE,HHN,HHZ",15001,100.0,ok,
PTGC.2025.105.06.45.52,PTGC,2025.105.06.45.52,2025-04-15T06:45:52.448393Z,3,"HHE,HHN,HHZ",15001,100.0,ok,
PTGC.2025.105.17.26.57,PTGC,2025.105.17.26.57,2025-04-15T17:26:57.698391Z,3,"HHE,HHN,HHZ",15001,100.0,ok,
PTGC.2025.105.20.36.10,PTGC,2025.105.20.36.10,2025-04-15T20:36:10.368393Z,3,"HHE,HHN,HHZ",15001,100.0,ok,
PTGC.2025.106.15.30.32,PTGC,2025.106.15.30.32,2025-04-16T15:30:32.108393Z,3,"HHE,HHN,HHZ",15001,100.0,ok,
PTGC.2025.106.20.52.08,PTGC,2025.106.20.52.08,2025-04-16T20:52:08.218393Z,3,"HHE,HHN,HHZ",15001,100.0,ok,
PTGC.2025.107.04.26.23,PTGC,2025.107.04.26.23,2025-04-17T04:26:23.098393Z,3,"HHE,HHN,HHZ",15001,100.0,ok,
PTGC.2025.107.06.50.56,PTGC,2025.107.06.50.56,2025-04-17T06:50:56.938393Z,3,"HHE,HHN,HHZ",15001,100.0,ok,
PTGC.2025.107.12.46.04,PTGC,2025.107.12.46.04,2025-04-17T12:46:04.188393Z,3,"HHE,HHN,HHZ",15001,100.0,ok,
PTGC.2025.107.23.20.34,PTGC,2025.107.23.20.34,2025-04-17T23:20:34.378393Z,3,"HHE,HHN,HHZ",15001,100.0,ok,
PTGC.2025.108.08.33.18,PTGC,2025.108.08.33.18,2025-04-18T08:33:18.948394Z,3,"HHE,HHN,HHZ",15001,100.0,ok,
PTGC.2025.108.08.35.47,PTGC,2025.108.08.35.47,2025-04-18T08:35:47.788393Z,3,"HHE,HHN,HHZ",15001,100.0,ok,
PTGC.2025.108.12.00.33,PTGC,2025.108.12.00.33,2025-04-18T12:00:33.868393Z,3,"HHE,HHN,HHZ",15001,100.0,ok,
PTGC.2025.109.14.54.54,PTGC,2025.109.14.54.54,2025-04-19T14:54:54.698393Z,3,"HHE,HHN,HHZ",15001,100.0,ok,
PTGC.2025.109.15.58.25,PTGC,2025.109.15.58.25,2025-04-19T15:58:25.948393Z,3,"HHE,HHN,HHZ",15001,100.0,ok,
PTGC.2025.109.18.18.37,PTGC,2025.109.18.18.37,2025-04-19T18:18:37.938393Z,3,"HHE,HHN,HHZ",15001,100.0,ok,
PTGC.2025.109.22.57.44,PTGC,2025.109.22.57.44,2025-04-19T22:57:44.298393Z,3,"HHE,HHN,HHZ",15001,100.0,ok,
PTGC.2025.109.23.23.58,PTGC,2025.109.23.23.58,2025-04-19T23:23:58.638393Z,3,"HHE,HHN,HHZ",15001,100.0,ok,
PTGC.2025.110.17.23.01,PTGC,2025.110.17.23.01,2025-04-20T17:23:01.728393Z,3,"HHE,HHN,HHZ",15001,100.0,ok,
PTGC.2025.111.00.35.00,PTGC,2025.111.00.35.00,2025-04-21T00:35:00.678393Z,3,"HHE,HHN,HHZ",15001,100.0,ok,
PTGC.2025.111.13.08.34,PTGC,2025.111.13.08.34,2025-04-21T13:08:34.348393Z,3,"HHE,HHN,HHZ",15001,100.0,ok,
PTGC.2025.111.13.10.29,PTGC,2025.111.13.10.29,2025-04-21T13:10:29.088393Z,3,"HHE,HHN,HHZ",15001,100.0,ok,
PTGC.2025.111.23.10.43,PTGC,2025.111.23.10.43,2025-04-21T23:10:43.918393Z,3,"HHE,HHN,HHZ",15001,100.0,ok,
PTGC.2025.113.22.41.42,PTGC,2025.113.22.41.42,2025-04-23T22:41:42.978393Z,3,"HHE,HHN,HHZ",15001,100.0,ok,
PTGC.2025.113.23.43.58,PTGC,2025.113.23.43.58,2025-04-23T23:43:58.548393Z,3,"HHE,HHN,HHZ",15001,100.0,ok,
PTGC.2025.114.01.10.51,PTGC,2025.114.01.10.51,2025-04-24T01:10:51.788393Z,3,"HHE,HHN,HHZ",15001,100.0,ok,
PTGC.2025.114.03.15.50,PTGC,2025.114.03.15.50,2025-04-24T03:15:50.108393Z,3,"HHE,HHN,HHZ",15001,100.0,ok,
PTGC.2025.114.08.15.45,PTGC,2025.114.08.15.45,2025-04-24T08:15:45.718393Z,3,"HHE,HHN,HHZ",15001,100.0,ok,
PTGC.2025.115.22.34.49,PTGC,2025.115.22.34.49,2025-04-25T22:34:49.048393Z,3,"HHE,HHN,HHZ",15001,100.0,ok,
PTGC.2025.116.04.25.17,PTGC,2025.116.04.25.17,2025-04-26T04:25:17.228393Z,3,"HHE,HHN,HHZ",15001,100.0,ok,
PTGC.2025.117.10.54.38,PTGC,2025.117.10.54.38,2025-04-27T10:54:38.798393Z,3,"HHE,HHN,HHZ",15001,100.0,ok,
PTGC.2025.118.10.17.45,PTGC,2025.118.10.17.45,2025-04-28T10:17:45.708393Z,3,"HHE,HHN,HHZ",15001,100.0,ok,
PTGC.2025.118.10.22.23,PTGC,2025.118.10.22.23,2025-04-28T10:22:23.208393Z,3,"HHE,HHN,HHZ",15001,100.0,ok,
PTGC.2025.118.14.43.26,PTGC,2025.118.14.43.26,2025-04-28T14:43:26.598393Z,3,"HHE,HHN,HHZ",15001,100.0,ok,
PTGC.2025.118.16.02.22,PTGC,2025.118.16.02.22,2025-04-28T16:02:21.998393Z,3,"HHE,HHN,HHZ",15001,100.0,ok,
PTGC.2025.118.22.06.04,PTGC,2025.118.22.06.04,2025-04-28T22:06:04.398393Z,3,"HHE,HHN,HHZ",15001,100.0,ok,
PTGC.2025.118.23.43.47,PTGC,2025.118.23.43.47,2025-04-28T23:43:47.898393Z,3,"HHE,HHN,HHZ",15001,100.0,ok,
PTGC.2025.119.02.11.05,PTGC,2025.119.02.11.05,2025-04-29T02:11:05.658393Z,3,"HHE,HHN,HHZ",15001,100.0,ok,
PTGC.2025.119.06.29.26,PTGC,2025.119.06.29.26,2025-04-29T06:29:26.378393Z,3,"HHE,HHN,HHZ",15001,100.0,ok,
PTGC.2025.120.03.49.06,PTGC,2025.120.03.49.06,2025-04-30T03:49:06.398393Z,3,"HHE,HHN,HHZ",15001,100.0,ok,
PTGC.2025.120.05.08.26,PTGC,2025.120.05.08.26,2025-04-30T05:08:26.918393Z,3,"HHE,HHN,HHZ",15001,100.0,ok,
PTGC.2025.121.00.01.54,PTGC,2025.121.00.01.54,2025-05-01T00:01:54.138393Z,3,"HHE,HHN,HHZ",15001,100.0,ok,
PTGC.2025.122.03.22.24,PTGC,2025.122.03.22.24,2025-05-02T03:22:24.138393Z,3,"HHE,HHN,HHZ",15001,100.0,ok,
PTGC.2025.122.03.36.33,PTGC,2025.122.03.36.33,2025-05-02T03:36:33.728393Z,3,"HHE,HHN,HHZ",15001,100.0,ok,
PTGC.2025.122.09.37.07,PTGC,2025.122.09.37.07,2025-05-02T09:37:07.588393Z,3,"HHE,HHN,HHZ",15001,100.0,ok,
PTGC.2025.124.01.58.39,PTGC,2025.124.01.58.39,2025-05-04T01:58:49.968393Z,3,"HHE,HHN,HHZ",13999,100.0,discarded,too_short
PTGC.2025.124.08.06.50,PTGC,2025.124.08.06.50,2025-05-04T08:06:50.538393Z,3,"HHE,HHN,HHZ",15001,100.0,ok,
PTGC.2025.124.21.49.32,PTGC,2025.124.21.49.32,2025-05-04T21:49:32.388391Z,3,"HHE,HHN,HHZ",15001,100.0,ok,
PTGC.2025.125.02.12.02,PTGC,2025.125.02.12.02,2025-05-05T02:12:02.278393Z,3,"HHE,HHN,HHZ",15001,100.0,ok,
PTGC.2025.125.13.38.36,PTGC,2025.125.13.38.36,2025-05-05T13:38:36.598393Z,3,"HHE,HHN,HHZ",15001,100.0,ok,
PTGC.2025.126.11.43.26,PTGC,2025.126.11.43.26,2025-05-06T11:43:26.588393Z,3,"HHE,HHN,HHZ",15001,100.0,ok,
PTGC.2025.126.16.33.42,PTGC,2025.126.16.33.42,2025-05-06T16:33:42.988393Z,3,"HHE,HHN,HHZ",15001,100.0,ok,
PTGC.2025.127.00.34.13,PTGC,2025.127.00.34.13,2025-05-07T00:34:13.998393Z,3,"HHE,HHN,HHZ",15001,100.0,ok,
PTGC.2025.127.03.26.07,PTGC,2025.127.03.26.07,2025-05-07T03:26:07.818393Z,3,"HHE,HHN,HHZ",15001,100.0,ok,
PTGC.2025.128.01.21.04,PTGC,2025.128.01.21.04,2025-05-08T01:21:04.308393Z,3,"HHE,HHN,HHZ",15001,100.0,ok,
PTGC.2025.128.04.31.02,PTGC,2025.128.04.31.02,2025-05-08T04:31:02.688393Z,3,"HHE,HHN,HHZ",15001,100.0,ok,
PTGC.2025.128.09.37.17,PTGC,2025.128.09.37.17,2025-05-08T09:37:17.508393Z,3,"HHE,HHN,HHZ",15001,100.0,ok,
PTGC.2025.129.08.28.07,PTGC,2025.129.08.28.07,2025-05-09T08:28:07.388391Z,3,"HHE,HHN,HHZ",15001,100.0,ok,
PTGC.2025.129.18.37.15,PTGC,2025.129.18.37.15,2025-05-09T18:37:15.148393Z,3,"HHE,HHN,HHZ",15001,100.0,ok,
PTGC.2025.130.17.51.43,PTGC,2025.130.17.51.43,2025-05-10T17:51:43.058393Z,3,"HHE,HHN,HHZ",15001,100.0,ok,
PTGC.2025.130.23.06.30,PTGC,2025.130.23.06.30,2025-05-10T23:06:30.438393Z,3,"HHE,HHN,HHZ",15001,100.0,ok,
PTGC.2025.131.04.35.50,PTGC,2025.131.04.35.50,2025-05-11T04:35:50.308393Z,3,"HHE,HHN,HHZ",15001,100.0,ok,
PTGC.2025.131.05.48.32,PTGC,2025.131.05.48.32,2025-05-11T05:48:32.398393Z,3,"HHE,HHN,HHZ",15001,100.0,ok,
PTGC.2025.131.08.53.16,PTGC,2025.131.08.53.16,2025-05-11T08:53:16.218393Z,3,"HHE,HHN,HHZ",15001,100.0,ok,
PTGC.2025.131.22.04.04,PTGC,2025.131.22.04.04,2025-05-11T22:04:04.028393Z,3,"HHE,HHN,HHZ",15001,100.0,ok,
PTGC.2025.132.03.06.38,PTGC,2025.132.03.06.38,2025-05-12T03:06:38.558393Z,3,"HHE,HHN,HHZ",15001,100.0,ok,
PTGC.2025.132.03.39.31,PTGC,2025.132.03.39.31,2025-05-12T03:39:31.488393Z,3,"HHE,HHN,HHZ",15001,100.0,ok,
PTGC.2025.132.21.54.49,PTGC,2025.132.21.54.49,2025-05-12T21:54:49.548393Z,3,"HHE,HHN,HHZ",15001,100.0,ok,
PTGC.2025.132.22.23.30,PTGC,2025.132.22.23.30,2025-05-12T22:23:30.228393Z,3,"HHE,HHN,HHZ",15001,100.0,ok,
PTGC.2025.134.02.04.43,PTGC,2025.134.02.04.43,2025-05-14T02:04:43.598393Z,3,"HHE,HHN,HHZ",15001,100.0,ok,
PTGC.2025.134.02.44.57,PTGC,2025.134.02.44.57,2025-05-14T02:44:57.588393Z,3,"HHE,HHN,HHZ",15001,100.0,ok,
PTGC.2025.134.08.57.35,PTGC,2025.134.08.57.35,2025-05-14T08:57:35.028393Z,3,"HHE,HHN,HHZ",15001,100.0,ok,
PTGC.2025.134.18.30.40,PTGC,2025.134.18.30.40,2025-05-14T18:30:40.388393Z,3,"HHE,HHN,HHZ",15001,100.0,ok,
PTGC.2025.134.19.06.57,PTGC,2025.134.19.06.57,2025-05-14T19:06:57.838393Z,3,"HHE,HHN,HHZ",15001,100.0,ok,
PTGC.2025.134.19.58.27,PTGC,2025.134.19.58.27,2025-05-14T19:58:27.538393Z,3,"HHE,HHN,HHZ",15001,100.0,ok,
PTGC.2025.134.20.04.04,PTGC,2025.134.20.04.04,2025-05-14T20:04:04.338393Z,3,"HHE,HHN,HHZ",15001,100.0,ok,
PTGC.2025.135.06.48.11,PTGC,2025.135.06.48.11,2025-05-15T06:48:11.878393Z,3,"HHE,HHN,HHZ",15001,100.0,ok,
PTGC.2025.135.07.33.24,PTGC,2025.135.07.33.24,2025-05-15T07:33:24.358393Z,3,"HHE,HHN,HHZ",15001,100.0,ok,
PTGC.2025.135.11.12.59,PTGC,2025.135.11.12.59,2025-05-15T11:12:59.638393Z,3,"HHE,HHN,HHZ",15001,100.0,ok,
PTGC.2025.135.18.50.05,PTGC,2025.135.18.50.05,2025-05-15T18:50:05.368393Z,3,"HHE,HHN,HHZ",15001,100.0,ok,
PTGC.2025.135.22.43.01,PTGC,2025.135.22.43.01,2025-05-15T22:43:01.548393Z,3,"HHE,HHN,HHZ",15001,100.0,ok,
PTGC.2025.136.04.22.55,PTGC,2025.136.04.22.55,2025-05-16T04:22:55.828393Z,3,"HHE,HHN,HHZ",15001,100.0,ok,
PTGC.2025.136.10.21.45,PTGC,2025.136.10.21.45,2025-05-16T10:21:45.638391Z,3,"HHE,HHN,HHZ",15001,100.0,ok,
PTGC.2025.136.14.27.29,PTGC,2025.136.14.27.29,2025-05-16T14:27:29.418393Z,3,"HHE,HHN,HHZ",15001,100.0,ok,
PTGC.2025.137.01.05.54,PTGC,2025.137.01.05.54,2025-05-17T01:05:54.178393Z,3,"HHE,HHN,HHZ",15001,100.0,ok,
PTGC.2025.138.07.01.41,PTGC,2025.138.07.01.41,2025-05-18T07:01:41.078393Z,3,"HHE,HHN,HHZ",15001,100.0,ok,
PTGC.2025.138.08.41.13,PTGC,2025.138.08.41.13,2025-05-18T08:41:13.508393Z,3,"HHE,HHN,HHZ",15001,100.0,ok,
PTGC.2025.139.20.59.12,PTGC,2025.139.20.59.12,2025-05-19T20:59:12.538393Z,3,"HHE,HHN,HHZ",15001,100.0,ok,
PTGC.2025.140.12.09.39,PTGC,2025.140.12.09.39,2025-05-20T12:09:39.488393Z,3,"HHE,HHN,HHZ",15001,100.0,ok,
PTGC.2025.140.15.28.28,PTGC,2025.140.15.28.28,2025-05-20T15:28:28.738393Z,3,"HHE,HHN,HHZ",15001,100.0,ok,
PTGC.2025.140.21.07.35,PTGC,2025.140.21.07.35,2025-05-20T21:07:35.848393Z,3,"HHE,HHN,HHZ",15001,100.0,ok,
PTGC.2025.140.22.30.27,PTGC,2025.140.22.30.27,2025-05-20T22:30:27.268393Z,3,"HHE,HHN,HHZ",15001,100.0,ok,
PTGC.2025.140.23.05.20,PTGC,2025.140.23.05.20,2025-05-20T23:05:20.028393Z,3,"HHE,HHN,HHZ",15001,100.0,ok,
PTGC.2025.141.08.30.35,PTGC,2025.141.08.30.35,2025-05-21T08:30:35.628393Z,3,"HHE,HHN,HHZ",15001,100.0,ok,
PTGC.2025.141.14.57.50,PTGC,2025.141.14.57.50,2025-05-21T14:57:50.858393Z,3,"HHE,HHN,HHZ",15001,100.0,ok,
PTGC.2025.141.20.28.52,PTGC,2025.141.20.28.52,2025-05-21T20:28:52.818393Z,3,"HHE,HHN,HHZ",15001,100.0,ok,
PTGC.2025.141.22.32.57,PTGC,2025.141.22.32.57,2025-05-21T22:32:57.598393Z,3,"HHE,HHN,HHZ",15001,100.0,ok,
PTGC.2025.142.03.58.43,PTGC,2025.142.03.58.43,2025-05-22T03:58:43.548393Z,3,"HHE,HHN,HHZ",15001,100.0,ok,
PTGC.2025.142.17.30.56,PTGC,2025.142.17.30.56,2025-05-22T17:30:56.918393Z,3,"HHE,HHN,HHZ",15001,100.0,ok,
PTGC.2025.143.02.07.20,PTGC,2025.143.02.07.20,2025-05-23T02:07:20.558393Z,3,"HHE,HHN,HHZ",15001,100.0,ok,
PTGC.2025.143.02.09.07,PTGC,2025.143.02.09.07,2025-05-23T02:09:07.058393Z,3,"HHE,HHN,HHZ",15001,100.0,ok,
PTGC.2025.143.18.21.11,PTGC,2025.143.18.21.11,2025-05-23T18:21:11.138393Z,3,"HHE,HHN,HHZ",15001,100.0,ok,
PTGC.2025.143.22.17.07,PTGC,2025.143.22.17.07,2025-05-23T22:17:07.688391Z,3,"HHE,HHN,HHZ",15001,100.0,ok,
PTGC.2025.144.13.55.25,PTGC,2025.144.13.55.25,2025-05-24T13:55:25.508393Z,3,"HHE,HHN,HHZ",15001,100.0,ok,
PTGC.2025.144.18.28.09,PTGC,2025.144.18.28.09,2025-05-24T18:28:09.268393Z,3,"HHE,HHN,HHZ",15001,100.0,ok,
PTGC.2025.145.05.25.56,PTGC,2025.145.05.25.56,2025-05-25T05:25:56.638393Z,3,"HHE,HHN,HHZ",15001,100.0,ok,
PTGC.2025.145.16.16.31,PTGC,2025.145.16.16.31,2025-05-25T16:16:31.348393Z,3,"HHE,HHN,HHZ",15001,100.0,ok,
PTGC.2025.145.17.47.50,PTGC,2025.145.17.47.50,2025-05-25T17:47:50.088393Z,3,"HHE,HHN,HHZ",15001,100.0,ok,
PTGC.2025.146.19.05.16,PTGC,2025.146.19.05.16,2025-05-26T19:05:16.708393Z,3,"HHE,HHN,HHZ",15001,100.0,ok,
PTGC.2025.146.22.37.44,PTGC,2025.146.22.37.44,2025-05-26T22:37:44.568393Z,3,"HHE,HHN,HHZ",15001,100.0,ok,
PTGC.2025.146.23.50.41,PTGC,2025.146.23.50.41,2025-05-26T23:50:41.088393Z,3,"HHE,HHN,HHZ",15001,100.0,ok,
PTGC.2025.147.00.54.20,PTGC,2025.147.00.54.20,2025-05-27T00:54:20.868393Z,3,"HHE,HHN,HHZ",15001,100.0,ok,
PTGC.2025.147.22.51.30,PTGC,2025.147.22.51.30,2025-05-27T22:51:30.878393Z,3,"HHE,HHN,HHZ",15001,100.0,ok,
PTGC.2025.148.08.05.39,PTGC,2025.148.08.05.39,2025-05-28T08:05:39.468393Z,3,"HHE,HHN,HHZ",15001,100.0,ok,
PTGC.2025.148.13.13.38,PTGC,2025.148.13.13.38,2025-05-28T13:13:38.268393Z,3,"HHE,HHN,HHZ",15001,100.0,ok,
PTGC.2025.149.06.17.38,PTGC,2025.149.06.17.38,2025-05-29T06:17:38.478393Z,3,"HHE,HHN,HHZ",15001,100.0,ok,
PTGC.2025.149.21.15.57,PTGC,2025.149.21.15.57,2025-05-29T21:15:57.938393Z,3,"HHE,HHN,HHZ",15001,100.0,ok,
PTGC.2025.150.06.02.28,PTGC,2025.150.06.02.28,2025-05-30T06:02:28.488393Z,3,"HHE,HHN,HHZ",15001,100.0,ok,
PTGC.2025.150.07.38.25,PTGC,2025.150.07.38.25,2025-05-30T07:38:25.668393Z,3,"HHE,HHN,HHZ",15001,100.0,ok,
PTGC.2025.150.23.57.22,PTGC,2025.150.23.57.22,2025-05-30T23:57:22.668393Z,3,"HHE,HHN,HHZ",15001,100.0,ok,
PTGC.2025.151.05.40.42,PTGC,2025.151.05.40.42,2025-05-31T05:40:42.058393Z,3,"HHE,HHN,HHZ",15001,100.0,ok,
PTGC.2025.151.06.46.39,PTGC,2025.151.06.46.39,2025-05-31T06:46:39.688393Z,3,"HHE,HHN,HHZ",15001,100.0,ok,
PTGC.2025.151.13.21.56,PTGC,2025.151.13.21.56,2025-05-31T13:21:56.438393Z,3,"HHE,HHN,HHZ",15001,100.0,ok,
PTGC.2025.151.19.19.14,PTGC,2025.151.19.19.14,2025-05-31T19:19:14.458393Z,3,"HHE,HHN,HHZ",15001,100.0,ok,
PTGC.2025.152.10.40.28,PTGC,2025.152.10.40.28,2025-06-01T10:40:28.518393Z,3,"HHE,HHN,HHZ",15001,100.0,ok,
PTGC.2025.153.09.52.11,PTGC,2025.153.09.52.11,2025-06-02T09:52:11.588391Z,3,"HHE,HHN,HHZ",15001,100.0,ok,
PTGC.2025.153.12.18.52,PTGC,2025.153.12.18.52,2025-06-02T12:18:52.308391Z,3,"HHE,HHN,HHZ",15001,100.0,ok,
PTGC.2025.154.22.58.48,PTGC,2025.154.22.58.48,2025-06-03T22:58:48.978393Z,3,"HHE,HHN,HHZ",15001,100.0,ok,
PTGC.2025.156.08.04.56,PTGC,2025.156.08.04.56,2025-06-05T08:04:56.628393Z,3,"HHE,HHN,HHZ",15001,100.0,ok,
PTGC.2025.156.09.48.59,PTGC,2025.156.09.48.59,2025-06-05T09:48:59.238393Z,3,"HHE,HHN,HHZ",15001,100.0,ok,
PTGC.2025.156.11.14.46,PTGC,2025.156.11.14.46,2025-06-05T11:14:46.438393Z,3,"HHE,HHN,HHZ",15001,100.0,ok,
PTGC.2025.157.04.34.55,PTGC,2025.157.04.34.55,2025-06-06T04:34:55.208393Z,3,"HHE,HHN,HHZ",15001,100.0,ok,
PTGC.2025.157.04.51.58,PTGC,2025.157.04.51.58,2025-06-06T04:51:58.328391Z,3,"HHE,HHN,HHZ",15001,100.0,ok,
PTGC.2025.157.10.13.33,PTGC,2025.157.10.13.33,2025-06-06T10:13:33.258393Z,3,"HHE,HHN,HHZ",15001,100.0,ok,
PTGC.2025.158.01.41.05,PTGC,2025.158.01.41.05,2025-06-07T01:41:05.468393Z,3,"HHE,HHN,HHZ",15001,100.0,ok,
PTGC.2025.158.06.04.03,PTGC,2025.158.06.04.03,2025-06-07T06:04:03.398393Z,3,"HHE,HHN,HHZ",15001,100.0,ok,
PTGC.2025.158.09.56.46,PTGC,2025.158.09.56.46,2025-06-07T09:56:46.198393Z,3,"HHE,HHN,HHZ",15001,100.0,ok,
PTGC.2025.158.22.27.23,PTGC,2025.158.22.27.23,2025-06-07T22:27:23.718393Z,3,"HHE,HHN,HHZ",15001,100.0,ok,
PTGC.2025.159.02.43.53,PTGC,2025.159.02.43.53,2025-06-08T02:43:53.698393Z,3,"HHE,HHN,HHZ",15001,100.0,ok,
PTGC.2025.159.09.12.14,PTGC,2025.159.09.12.14,2025-06-08T09:12:14.028393Z,3,"HHE,HHN,HHZ",15001,100.0,ok,
PTGC.2025.159.13.07.57,PTGC,2025.159.13.07.57,2025-06-08T13:07:57.828393Z,3,"HHE,HHN,HHZ",15001,100.0,ok,
PTGC.2025.159.13.12.43,PTGC,2025.159.13.12.43,2025-06-08T13:12:43.728393Z,3,"HHE,HHN,HHZ",15001,100.0,ok,
PTGC.2025.159.13.14.19,PTGC,2025.159.13.14.19,2025-06-08T13:14:19.238393Z,3,"HHE,HHN,HHZ",15001,100.0,ok,
PTGC.2025.159.13.15.37,PTGC,2025.159.13.15.37,2025-06-08T13:15:37.748393Z,3,"HHE,HHN,HHZ",15001,100.0,ok,
PTGC.2025.159.13.16.15,PTGC,2025.159.13.16.15,2025-06-08T13:16:15.928393Z,3,"HHE,HHN,HHZ",15001,100.0,ok,
PTGC.2025.159.13.16.45,PTGC,2025.159.13.16.45,2025-06-08T13:16:45.538393Z,3,"HHE,HHN,HHZ",15001,100.0,ok,
PTGC.2025.159.13.19.01,PTGC,2025.159.13.19.01,2025-06-08T13:19:01.958393Z,3,"HHE,HHN,HHZ",15001,100.0,ok,
PTGC.2025.159.13.19.49,PTGC,2025.159.13.19.49,2025-06-08T13:19:49.648393Z,3,"HHE,HHN,HHZ",15001,100.0,ok,
PTGC.2025.159.13.21.46,PTGC,2025.159.13.21.46,2025-06-08T13:21:46.698393Z,3,"HHE,HHN,HHZ",15001,100.0,ok,
PTGC.2025.159.13.23.24,PTGC,2025.159.13.23.24,2025-06-08T13:23:24.008393Z,3,"HHE,HHN,HHZ",15001,100.0,ok,
PTGC.2025.159.13.23.58,PTGC,2025.159.13.23.58,2025-06-08T13:23:58.848393Z,3,"HHE,HHN,HHZ",15001,100.0,ok,
PTGC.2025.159.13.24.55,PTGC,2025.159.13.24.55,2025-06-08T13:24:55.768393Z,3,"HHE,HHN,HHZ",15001,100.0,ok,
PTGC.2025.159.13.27.19,PTGC,2025.159.13.27.19,2025-06-08T13:27:19.298393Z,3,"HHE,HHN,HHZ",15001,100.0,ok,
PTGC.2025.159.13.28.30,PTGC,2025.159.13.28.30,2025-06-08T13:28:30.768393Z,3,"HHE,HHN,HHZ",15001,100.0,ok,
PTGC.2025.159.13.30.04,PTGC,2025.159.13.30.04,2025-06-08T13:30:04.868393Z,3,"HHE,HHN,HHZ",15001,100.0,ok,
PTGC.2025.159.13.33.32,PTGC,2025.159.13.33.32,2025-06-08T13:33:32.378393Z,3,"HHE,HHN,HHZ",15001,100.0,ok,
PTGC.2025.159.13.37.10,PTGC,2025.159.13.37.10,2025-06-08T13:37:10.638393Z,3,"HHE,HHN,HHZ",15001,100.0,ok,
PTGC.2025.159.13.40.47,PTGC,2025.159.13.40.47,2025-06-08T13:40:47.788393Z,3,"HHE,HHN,HHZ",15001,100.0,ok,
PTGC.2025.159.13.41.20,PTGC,2025.159.13.41.20,2025-06-08T13:41:20.868393Z,3,"HHE,HHN,HHZ",15001,100.0,ok,
PTGC.2025.159.13.42.06,PTGC,2025.159.13.42.06,2025-06-08T13:42:06.258393Z,3,"HHE,HHN,HHZ",15001,100.0,ok,
PTGC.2025.159.13.43.51,PTGC,2025.159.13.43.51,2025-06-08T13:43:51.908393Z,3,"HHE,HHN,HHZ",15001,100.0,ok,
PTGC.2025.159.13.49.55,PTGC,2025.159.13.49.55,2025-06-08T13:49:55.578393Z,3,"HHE,HHN,HHZ",15001,100.0,ok,
PTGC.2025.159.13.51.21,PTGC,2025.159.13.51.21,2025-06-08T13:51:20.998393Z,3,"HHE,HHN,HHZ",15001,100.0,ok,
PTGC.2025.159.13.53.01,PTGC,2025.159.13.53.01,2025-06-08T13:53:01.808391Z,3,"HHE,HHN,HHZ",15001,100.0,ok,
PTGC.2025.159.13.56.01,PTGC,2025.159.13.56.01,2025-06-08T13:56:01.448391Z,3,"HHE,HHN,HHZ",15001,100.0,ok,
PTGC.2025.159.13.57.13,PTGC,2025.159.13.57.13,2025-06-08T13:57:13.198393Z,3,"HHE,HHN,HHZ",15001,100.0,ok,
PTGC.2025.159.13.59.34,PTGC,2025.159.13.59.34,2025-06-08T13:59:34.838393Z,3,"HHE,HHN,HHZ",15001,100.0,ok,
PTGC.2025.159.14.00.00,PTGC,2025.159.14.00.00,2025-06-08T14:00:00.858393Z,3,"HHE,HHN,HHZ",15001,100.0,ok,
PTGC.2025.159.14.02.08,PTGC,2025.159.14.02.08,2025-06-08T14:02:08.878391Z,3,"HHE,HHN,HHZ",15001,100.0,ok,
PTGC.2025.159.14.03.28,PTGC,2025.159.14.03.28,2025-06-08T14:03:28.798391Z,3,"HHE,HHN,HHZ",15001,100.0,ok,
PTGC.2025.159.14.07.08,PTGC,2025.159.14.07.08,2025-06-08T14:07:08.618393Z,3,"HHE,HHN,HHZ",15001,100.0,ok,
PTGC.2025.159.14.08.30,PTGC,2025.159.14.08.30,2025-06-08T14:08:30.368391Z,3,"HHE,HHN,HHZ",15001,100.0,ok,
PTGC.2025.159.14.15.56,PTGC,2025.159.14.15.56,2025-06-08T14:15:56.358393Z,3,"HHE,HHN,HHZ",15001,100.0,ok,
PTGC.2025.159.14.20.01,PTGC,2025.159.14.20.01,2025-06-08T14:20:01.898393Z,3,"HHE,HHN,HHZ",15001,100.0,ok,
PTGC.2025.159.14.21.18,PTGC,2025.159.14.21.18,2025-06-08T14:21:18.978393Z,3,"HHE,HHN,HHZ",15001,100.0,ok,
PTGC.2025.159.14.23.22,PTGC,2025.159.14.23.22,2025-06-08T14:23:22.958393Z,3,"HHE,HHN,HHZ",15001,100.0,ok,
PTGC.2025.159.14.26.16,PTGC,2025.159.14.26.16,2025-06-08T14:26:16.618393Z,3,"HHE,HHN,HHZ",15001,100.0,ok,
PTGC.2025.159.14.28.48,PTGC,2025.159.14.28.48,2025-06-08T14:28:48.168393Z,3,"HHE,HHN,HHZ",15001,100.0,ok,
PTGC.2025.159.14.30.08,PTGC,2025.159.14.30.08,2025-06-08T14:30:08.598393Z,3,"HHE,HHN,HHZ",15001,100.0,ok,
PTGC.2025.159.14.33.10,PTGC,2025.159.14.33.10,2025-06-08T14:33:10.058393Z,3,"HHE,HHN,HHZ",15001,100.0,ok,
PTGC.2025.159.14.35.59,PTGC,2025.159.14.35.59,2025-06-08T14:35:59.978393Z,3,"HHE,HHN,HHZ",15001,100.0,ok,
PTGC.2025.159.14.37.40,PTGC,2025.159.14.37.40,2025-06-08T14:37:40.458393Z,3,"HHE,HHN,HHZ",15001,100.0,ok,
PTGC.2025.159.14.39.21,PTGC,2025.159.14.39.21,2025-06-08T14:39:21.398393Z,3,"HHE,HHN,HHZ",15001,100.0,ok,
PTGC.2025.159.14.44.07,PTGC,2025.159.14.44.07,2025-06-08T14:44:07.338393Z,3,"HHE,HHN,HHZ",15001,100.0,ok,
PTGC.2025.159.14.47.48,PTGC,2025.159.14.47.48,2025-06-08T14:47:48.138393Z,3,"HHE,HHN,HHZ",15001,100.0,ok,
PTGC.2025.159.14.48.58,PTGC,2025.159.14.48.58,2025-06-08T14:48:58.228393Z,3,"HHE,HHN,HHZ",15001,100.0,ok,
PTGC.2025.159.14.49.28,PTGC,2025.159.14.49.28,2025-06-08T14:49:28.308393Z,3,"HHE,HHN,HHZ",15001,100.0,ok,
PTGC.2025.159.14.49.45,PTGC,2025.159.14.49.45,2025-06-08T14:49:45.368393Z,3,"HHE,HHN,HHZ",15001,100.0,ok,
PTGC.2025.159.14.53.23,PTGC,2025.159.14.53.23,2025-06-08T14:53:23.038393Z,3,"HHE,HHN,HHZ",15001,100.0,ok,
PTGC.2025.159.14.56.18,PTGC,2025.159.14.56.18,2025-06-08T14:56:18.328393Z,3,"HHE,HHN,HHZ",15001,100.0,ok,
PTGC.2025.159.14.58.11,PTGC,2025.159.14.58.11,2025-06-08T14:58:11.118393Z,3,"HHE,HHN,HHZ",15001,100.0,ok,
PTGC.2025.159.15.05.57,PTGC,2025.159.15.05.57,2025-06-08T15:05:57.768393Z,3,"HHE,HHN,HHZ",15001,100.0,ok,
PTGC.2025.159.15.08.42,PTGC,2025.159.15.08.42,2025-06-08T15:08:42.248393Z,3,"HHE,HHN,HHZ",15001,100.0,ok,
PTGC.2025.159.15.13.47,PTGC,2025.159.15.13.47,2025-06-08T15:13:47.458393Z,3,"HHE,HHN,HHZ",15001,100.0,ok,
PTGC.2025.159.15.18.23,PTGC,2025.159.15.18.23,2025-06-08T15:18:23.268393Z,3,"HHE,HHN,HHZ",15001,100.0,ok,
PTGC.2025.159.15.22.15,PTGC,2025.159.15.22.15,2025-06-08T15:22:15.628391Z,3,"HHE,HHN,HHZ",15001,100.0,ok,
PTGC.2025.159.15.27.09,PTGC,2025.159.15.27.09,2025-06-08T15:27:09.858393Z,3,"HHE,HHN,HHZ",15001,100.0,ok,
PTGC.2025.159.15.30.14,PTGC,2025.159.15.30.14,2025-06-08T15:30:14.948391Z,3,"HHE,HHN,HHZ",15001,100.0,ok,
PTGC.2025.159.15.36.04,PTGC,2025.159.15.36.04,2025-06-08T15:36:04.598393Z,3,"HHE,HHN,HHZ",15001,100.0,ok,
PTGC.2025.159.15.42.27,PTGC,2025.159.15.42.27,2025-06-08T15:42:27.148393Z,3,"HHE,HHN,HHZ",15001,100.0,ok,
PTGC.2025.159.15.46.26,PTGC,2025.159.15.46.26,2025-06-08T15:46:26.488393Z,3,"HHE,HHN,HHZ",15001,100.0,ok,
PTGC.2025.159.15.47.03,PTGC,2025.159.15.47.03,2025-06-08T15:47:03.158393Z,3,"HHE,HHN,HHZ",15001,100.0,ok,
PTGC.2025.159.15.52.30,PTGC,2025.159.15.52.30,2025-06-08T15:52:30.938393Z,3,"HHE,HHN,HHZ",15001,100.0,ok,
PTGC.2025.159.15.55.53,PTGC,2025.159.15.55.53,2025-06-08T15:55:53.398393Z,3,"HHE,HHN,HHZ",15001,100.0,ok,
PTGC.2025.159.16.00.09,PTGC,2025.159.16.00.09,2025-06-08T16:00:09.718391Z,3,"HHE,HHN,HHZ",15001,100.0,ok,
PTGC.2025.159.16.05.09,PTGC,2025.159.16.05.09,2025-06-08T16:05:09.728391Z,3,"HHE,HHN,HHZ",15001,100.0,ok,
PTGC.2025.159.16.07.52,PTGC,2025.159.16.07.52,2025-06-08T16:07:52.528393Z,3,"HHE,HHN,HHZ",15001,100.0,ok,
PTGC.2025.159.16.09.19,PTGC,2025.159.16.09.19,2025-06-08T16:09:19.018393Z,3,"HHE,HHN,HHZ",15001,100.0,ok,
PTGC.2025.159.16.14.03,PTGC,2025.159.16.14.03,2025-06-08T16:14:03.688393Z,3,"HHE,HHN,HHZ",15001,100.0,ok,
PTGC.2025.159.16.14.46,PTGC,2025.159.16.14.46,2025-06-08T16:14:46.938393Z,3,"HHE,HHN,HHZ",15001,100.0,ok,
PTGC.2025.159.16.23.20,PTGC,2025.159.16.23.20,2025-06-08T16:23:20.608393Z,3,"HHE,HHN,HHZ",15001,100.0,ok,
PTGC.2025.159.16.23.56,PTGC,2025.159.16.23.56,2025-06-08T16:23:56.198393Z,3,"HHE,HHN,HHZ",15001,100.0,ok,
PTGC.2025.159.16.25.28,PTGC,2025.159.16.25.28,2025-06-08T16:25:28.898393Z,3,"HHE,HHN,HHZ",15001,100.0,ok,
PTGC.2025.159.16.30.50,PTGC,2025.159.16.30.50,2025-06-08T16:30:50.668393Z,3,"HHE,HHN,HHZ",15001,100.0,ok,
PTGC.2025.159.16.36.51,PTGC,2025.159.16.36.51,2025-06-08T16:36:51.808391Z,3,"HHE,HHN,HHZ",15001,100.0,ok,
PTGC.2025.159.16.38.37,PTGC,2025.159.16.38.37,2025-06-08T16:38:37.658391Z,3,"HHE,HHN,HHZ",15001,100.0,ok,
PTGC.2025.159.16.45.59,PTGC,2025.159.16.45.59,2025-06-08T16:45:59.288393Z,3,"HHE,HHN,HHZ",15001,100.0,ok,
PTGC.2025.159.16.52.13,PTGC,2025.159.16.52.13,2025-06-08T16:52:13.148393Z,3,"HHE,HHN,HHZ",15001,100.0,ok,
PTGC.2025.159.17.00.49,PTGC,2025.159.17.00.49,2025-06-08T17:00:49.948393Z,3,"HHE,HHN,HHZ",15001,100.0,ok,
PTGC.2025.159.17.16.05,PTGC,2025.159.17.16.05,2025-06-08T17:16:05.058393Z,3,"HHE,HHN,HHZ",15001,100.0,ok,
PTGC.2025.159.17.21.05,PTGC,2025.159.17.21.05,2025-06-08T17:21:05.818391Z,3,"HHE,HHN,HHZ",15001,100.0,ok,
PTGC.2025.159.17.24.45,PTGC,2025.159.17.24.45,2025-06-08T17:24:45.788393Z,3,"HHE,HHN,HHZ",15001,100.0,ok,
PTGC.2025.159.17.26.43,PTGC,2025.159.17.26.43,2025-06-08T17:26:43.608393Z,3,"HHE,HHN,HHZ",15000,100.0,discarded,too_short
PTGC.2025.159.17.29.59,PTGC,2025.159.17.29.59,2025-06-08T17:29:59.438393Z,3,"HHE,HHN,HHZ",15001,100.0,ok,
PTGC.2025.159.17.33.55,PTGC,2025.159.17.33.55,2025-06-08T17:33:55.178393Z,3,"HHE,HHN,HHZ",15001,100.0,ok,
PTGC.2025.159.17.34.32,PTGC,2025.159.17.34.32,2025-06-08T17:34:32.938393Z,3,"HHE,HHN,HHZ",15001,100.0,ok,
PTGC.2025.159.17.38.23,PTGC,2025.159.17.38.23,2025-06-08T17:38:23.638393Z,3,"HHE,HHN,HHZ",15001,100.0,ok,
PTGC.2025.159.17.42.51,PTGC,2025.159.17.42.51,2025-06-08T17:42:51.248393Z,3,"HHE,HHN,HHZ",15001,100.0,ok,
PTGC.2025.159.17.45.05,PTGC,2025.159.17.45.05,2025-06-08T17:45:05.598393Z,3,"HHE,HHN,HHZ",15001,100.0,ok,
PTGC.2025.159.17.52.10,PTGC,2025.159.17.52.10,2025-06-08T17:52:10.838393Z,3,"HHE,HHN,HHZ",15001,100.0,ok,
PTGC.2025.159.17.56.59,PTGC,2025.159.17.56.59,2025-06-08T17:56:59.208393Z,3,"HHE,HHN,HHZ",15001,100.0,ok,
PTGC.2025.159.18.00.28,PTGC,2025.159.18.00.28,2025-06-08T18:00:28.768393Z,3,"HHE,HHN,HHZ",15001,100.0,ok,
PTGC.2025.159.18.02.26,PTGC,2025.159.18.02.26,2025-06-08T18:02:26.968391Z,3,"HHE,HHN,HHZ",15001,100.0,ok,
PTGC.2025.159.18.05.02,PTGC,2025.159.18.05.02,2025-06-08T18:05:02.408393Z,3,"HHE,HHN,HHZ",15001,100.0,ok,
PTGC.2025.159.18.11.51,PTGC,2025.159.18.11.51,2025-06-08T18:11:51.468393Z,3,"HHE,HHN,HHZ",15001,100.0,ok,
PTGC.2025.159.18.17.47,PTGC,2025.159.18.17.47,2025-06-08T18:17:47.148393Z,3,"HHE,HHN,HHZ",15001,100.0,ok,
PTGC.2025.159.18.20.38,PTGC,2025.159.18.20.38,2025-06-08T18:20:38.248393Z,3,"HHE,HHN,HHZ",15001,100.0,ok,
PTGC.2025.159.18.24.17,PTGC,2025.159.18.24.17,2025-06-08T18:24:17.448393Z,3,"HHE,HHN,HHZ",15001,100.0,ok,
PTGC.2025.159.18.25.47,PTGC,2025.159.18.25.47,2025-06-08T18:25:47.478393Z,3,"HHE,HHN,HHZ",15001,100.0,ok,
PTGC.2025.159.18.33.29,PTGC,2025.159.18.33.29,2025-06-08T18:33:29.888393Z,3,"HHE,HHN,HHZ",15001,100.0,ok,
PTGC.2025.159.18.45.19,PTGC,2025.159.18.45.19,2025-06-08T18:45:19.118393Z,3,"HHE,HHN,HHZ",15001,100.0,ok,
PTGC.2025.159.18.46.07,PTGC,2025.159.18.46.07,2025-06-08T18:46:07.908393Z,3,"HHE,HHN,HHZ",15001,100.0,ok,
PTGC.2025.159.18.55.47,PTGC,2025.159.18.55.47,2025-06-08T18:55:47.188394Z,3,"HHE,HHN,HHZ",15001,100.0,ok,
PTGC.2025.159.19.04.36,PTGC,2025.159.19.04.36,2025-06-08T19:04:36.758393Z,3,"HHE,HHN,HHZ",15001,100.0,ok,
PTGC.2025.159.19.12.55,PTGC,2025.159.19.12.55,2025-06-08T19:12:55.468391Z,3,"HHE,HHN,HHZ",15001,100.0,ok,
PTGC.2025.159.19.14.40,PTGC,2025.159.19.14.40,2025-06-08T19:14:40.618393Z,3,"HHE,HHN,HHZ",15001,100.0,ok,
PTGC.2025.159.19.25.24,PTGC,2025.159.19.25.24,2025-06-08T19:25:24.298393Z,3,"HHE,HHN,HHZ",15001,100.0,ok,
PTGC.2025.159.19.35.04,PTGC,2025.159.19.35.04,2025-06-08T19:35:04.128393Z,3,"HHE,HHN,HHZ",15001,100.0,ok,
PTGC.2025.159.19.42.46,PTGC,2025.159.19.42.46,2025-06-08T19:42:46.798393Z,3,"HHE,HHN,HHZ",15001,100.0,ok,
PTGC.2025.159.19.48.28,PTGC,2025.159.19.48.28,2025-06-08T19:48:28.308393Z,3,"HHE,HHN,HHZ",15001,100.0,ok,
PTGC.2025.159.19.52.15,PTGC,2025.159.19.52.15,2025-06-08T19:52:15.948393Z,3,"HHE,HHN,HHZ",15001,100.0,ok,
PTGC.2025.159.19.58.12,PTGC,2025.159.19.58.12,2025-06-08T19:58:12.298393Z,3,"HHE,HHN,HHZ",15001,100.0,ok,
PTGC.2025.159.20.02.05,PTGC,2025.159.20.02.05,2025-06-08T20:02:05.608393Z,3,"HHE,HHN,HHZ",15001,100.0,ok,
PTGC.2025.159.20.24.49,PTGC,2025.159.20.24.49,2025-06-08T20:24:49.858393Z,3,"HHE,HHN,HHZ",15001,100.0,ok,
PTGC.2025.159.20.34.08,PTGC,2025.159.20.34.08,2025-06-08T20:34:08.658393Z,3,"HHE,HHN,HHZ",15001,100.0,ok,
PTGC.2025.159.20.43.27,PTGC,2025.159.20.43.27,2025-06-08T20:43:27.378393Z,3,"HHE,HHN,HHZ",15001,100.0,ok,
PTGC.2025.159.20.55.51,PTGC,2025.159.20.55.51,2025-06-08T20:55:51.918393Z,3,"HHE,HHN,HHZ",15001,100.0,ok,
PTGC.2025.159.20.57.22,PTGC,2025.159.20.57.22,2025-06-08T20:57:22.198391Z,3,"HHE,HHN,HHZ",15001,100.0,ok,
PTGC.2025.159.21.01.19,PTGC,2025.159.21.01.19,2025-06-08T21:01:19.868393Z,3,"HHE,HHN,HHZ",15001,100.0,ok,
PTGC.2025.159.21.02.06,PTGC,2025.159.21.02.06,2025-06-08T21:02:06.088393Z,3,"HHE,HHN,HHZ",15001,100.0,ok,
PTGC.2025.159.21.04.35,PTGC,2025.159.21.04.35,2025-06-08T21:04:35.688393Z,3,"HHE,HHN,HHZ",15001,100.0,ok,
PTGC.2025.159.21.49.34,PTGC,2025.159.21.49.34,2025-06-08T21:49:34.508391Z,3,"HHE,HHN,HHZ",15001,100.0,ok,
PTGC.2025.159.21.53.27,PTGC,2025.159.21.53.27,2025-06-08T21:53:27.198393Z,3,"HHE,HHN,HHZ",15001,100.0,ok,
PTGC.2025.159.21.59.15,PTGC,2025.159.21.59.15,2025-06-08T21:59:15.368393Z,3,"HHE,HHN,HHZ",15001,100.0,ok,
PTGC.2025.159.21.59.54,PTGC,2025.159.21.59.54,2025-06-08T21:59:54.178393Z,3,"HHE,HHN,HHZ",15001,100.0,ok,
PTGC.2025.159.22.01.48,PTGC,2025.159.22.01.48,2025-06-08T22:01:48.768391Z,3,"HHE,HHN,HHZ",15001,100.0,ok,
PTGC.2025.159.22.08.43,PTGC,2025.159.22.08.43,2025-06-08T22:08:43.238393Z,3,"HHE,HHN,HHZ",15001,100.0,ok,
PTGC.2025.159.22.11.37,PTGC,2025.159.22.11.37,2025-06-08T22:11:37.038393Z,3,"HHE,HHN,HHZ",15001,100.0,ok,
PTGC.2025.159.22.13.00,PTGC,2025.159.22.13.00,2025-06-08T22:13:00.338393Z,3,"HHE,HHN,HHZ",15001,100.0,ok,
PTGC.2025.159.22.20.38,PTGC,2025.159.22.20.38,2025-06-08T22:20:38.648393Z,3,"HHE,HHN,HHZ",15001,100.0,ok,
PTGC.2025.159.22.24.50,PTGC,2025.159.22.24.50,2025-06-08T22:24:50.708393Z,3,"HHE,HHN,HHZ",15001,100.0,ok,
PTGC.2025.159.22.28.02,PTGC,2025.159.22.28.02,2025-06-08T22:28:02.358393Z,3,"HHE,HHN,HHZ",15001,100.0,ok,
PTGC.2025.159.22.33.31,PTGC,2025.159.22.33.31,2025-06-08T22:33:31.418393Z,3,"HHE,HHN,HHZ",15001,100.0,ok,
PTGC.2025.159.22.40.36,PTGC,2025.159.22.40.36,2025-06-08T22:40:36.338393Z,3,"HHE,HHN,HHZ",15001,100.0,ok,
PTGC.2025.159.22.43.13,PTGC,2025.159.22.43.13,2025-06-08T22:43:13.978393Z,3,"HHE,HHN,HHZ",15001,100.0,ok,
PTGC.2025.159.22.48.02,PTGC,2025.159.22.48.02,2025-06-08T22:48:02.408393Z,3,"HHE,HHN,HHZ",15001,100.0,ok,
PTGC.2025.159.23.02.19,PTGC,2025.159.23.02.19,2025-06-08T23:02:19.108393Z,3,"HHE,HHN,HHZ",15001,100.0,ok,
PTGC.2025.159.23.12.55,PTGC,2025.159.23.12.55,2025-06-08T23:12:55.088393Z,3,"HHE,HHN,HHZ",15001,100.0,ok,
PTGC.2025.159.23.20.49,PTGC,2025.159.23.20.49,2025-06-08T23:20:49.838393Z,3,"HHE,HHN,HHZ",15001,100.0,ok,
PTGC.2025.159.23.32.14,PTGC,2025.159.23.32.14,2025-06-08T23:32:14.038393Z,3,"HHE,HHN,HHZ",15001,100.0,ok,
PTGC.2025.159.23.42.48,PTGC,2025.159.23.42.48,2025-06-08T23:42:48.568393Z,3,"HHE,HHN,HHZ",15001,100.0,ok,
PTGC.2025.159.23.49.18,PTGC,2025.159.23.49.18,2025-06-08T23:49:18.438394Z,3,"HHE,HHN,HHZ",15001,100.0,ok,
PTGC.2025.160.00.05.48,PTGC,2025.160.00.05.48,2025-06-09T00:05:48.228391Z,3,"HHE,HHN,HHZ",15001,100.0,ok,
PTGC.2025.160.00.20.03,PTGC,2025.160.00.20.03,2025-06-09T00:20:03.948393Z,3,"HHE,HHN,HHZ",15001,100.0,ok,
PTGC.2025.160.00.20.53,PTGC,2025.160.00.20.53,2025-06-09T00:20:53.948393Z,3,"HHE,HHN,HHZ",15001,100.0,ok,
PTGC.2025.160.00.37.13,PTGC,2025.160.00.37.13,2025-06-09T00:37:13.288393Z,3,"HHE,HHN,HHZ",15001,100.0,ok,
PTGC.2025.160.00.40.25,PTGC,2025.160.00.40.25,2025-06-09T00:40:25.268393Z,3,"HHE,HHN,HHZ",15001,100.0,ok,
PTGC.2025.160.01.09.56,PTGC,2025.160.01.09.56,2025-06-09T01:09:56.398393Z,3,"HHE,HHN,HHZ",15001,100.0,ok,
PTGC.2025.160.01.17.28,PTGC,2025.160.01.17.28,2025-06-09T01:17:28.768393Z,3,"HHE,HHN,HHZ",15001,100.0,ok,
PTGC.2025.160.01.25.24,PTGC,2025.160.01.25.24,2025-06-09T01:25:24.448393Z,3,"HHE,HHN,HHZ",15001,100.0,ok,
PTGC.2025.160.01.31.47,PTGC,2025.160.01.31.47,2025-06-09T01:31:47.318393Z,3,"HHE,HHN,HHZ",15001,100.0,ok,
PTGC.2025.160.01.38.40,PTGC,2025.160.01.38.40,2025-06-09T01:38:40.038393Z,3,"HHE,HHN,HHZ",15001,100.0,ok,
PTGC.2025.160.01.50.55,PTGC,2025.160.01.50.55,2025-06-09T01:50:55.428393Z,3,"HHE,HHN,HHZ",15001,100.0,ok,
PTGC.2025.160.01.55.53,PTGC,2025.160.01.55.53,2025-06-09T01:55:53.518393Z,3,"HHE,HHN,HHZ",15001,100.0,ok,
PTGC.2025.160.01.57.59,PTGC,2025.160.01.57.59,2025-06-09T01:57:59.078393Z,3,"HHE,HHN,HHZ",15001,100.0,ok,
PTGC.2025.160.02.16.01,PTGC,2025.160.02.16.01,2025-06-09T02:16:01.688393Z,3,"HHE,HHN,HHZ",15001,100.0,ok,
PTGC.2025.160.02.22.17,PTGC,2025.160.02.22.17,2025-06-09T02:22:17.598393Z,3,"HHE,HHN,HHZ",15001,100.0,ok,
PTGC.2025.160.02.28.25,PTGC,2025.160.02.28.25,2025-06-09T02:28:25.308393Z,3,"HHE,HHN,HHZ",15001,100.0,ok,
PTGC.2025.160.02.42.01,PTGC,2025.160.02.42.01,2025-06-09T02:42:01.458393Z,3,"HHE,HHN,HHZ",15001,100.0,ok,
PTGC.2025.160.02.44.19,PTGC,2025.160.02.44.19,2025-06-09T02:44:19.728393Z,3,"HHE,HHN,HHZ",15001,100.0,ok,
PTGC.2025.160.02.49.45,PTGC,2025.160.02.49.45,2025-06-09T02:49:45.208393Z,3,"HHE,HHN,HHZ",15001,100.0,ok,
PTGC.2025.160.02.57.40,PTGC,2025.160.02.57.40,2025-06-09T02:57:40.728393Z,3,"HHE,HHN,HHZ",15001,100.0,ok,
PTGC.2025.160.03.28.13,PTGC,2025.160.03.28.13,2025-06-09T03:28:13.348391Z,3,"HHE,HHN,HHZ",15001,100.0,ok,
PTGC.2025.160.03.29.11,PTGC,2025.160.03.29.11,2025-06-09T03:29:11.858393Z,3,"HHE,HHN,HHZ",15001,100.0,ok,
PTGC.2025.160.03.38.19,PTGC,2025.160.03.38.19,2025-06-09T03:38:19.138393Z,3,"HHE,HHN,HHZ",15001,100.0,ok,
PTGC.2025.160.03.52.35,PTGC,2025.160.03.52.35,2025-06-09T03:52:35.618393Z,3,"HHE,HHN,HHZ",15001,100.0,ok,
PTGC.2025.160.04.15.20,PTGC,2025.160.04.15.20,2025-06-09T04:15:20.208393Z,3,"HHE,HHN,HHZ",15001,100.0,ok,
PTGC.2025.160.04.18.43,PTGC,2025.160.04.18.43,2025-06-09T04:18:43.228393Z,3,"HHE,HHN,HHZ",15001,100.0,ok,
PTGC.2025.160.04.22.11,PTGC,2025.160.04.22.11,2025-06-09T04:22:11.238393Z,3,"HHE,HHN,HHZ",15001,100.0,ok,
PTGC.2025.160.04.30.02,PTGC,2025.160.04.30.02,2025-06-09T04:30:02.778393Z,3,"HHE,HHN,HHZ",15001,100.0,ok,
PTGC.2025.160.05.11.39,PTGC,2025.160.05.11.39,2025-06-09T05:11:39.188393Z,3,"HHE,HHN,HHZ",15001,100.0,ok,
PTGC.2025.160.05.17.31,PTGC,2025.160.05.17.31,2025-06-09T05:17:31.508393Z,3,"HHE,HHN,HHZ",15001,100.0,ok,
PTGC.2025.160.05.19.33,PTGC,2025.160.05.19.33,2025-06-09T05:19:33.028393Z,3,"HHE,HHN,HHZ",15001,100.0,ok,
PTGC.2025.160.05.23.48,PTGC,2025.160.05.23.48,2025-06-09T05:23:48.958391Z,3,"HHE,HHN,HHZ",15001,100.0,ok,
PTGC.2025.160.06.33.46,PTGC,2025.160.06.33.46,2025-06-09T06:33:46.588393Z,3,"HHE,HHN,HHZ",15001,100.0,ok,
PTGC.2025.160.06.44.18,PTGC,2025.160.06.44.18,2025-06-09T06:44:18.008393Z,3,"HHE,HHN,HHZ",15001,100.0,ok,
PTGC.2025.160.07.02.04,PTGC,2025.160.07.02.04,2025-06-09T07:02:04.688393Z,3,"HHE,HHN,HHZ",15001,100.0,ok,
PTGC.2025.160.07.11.24,PTGC,2025.160.07.11.24,2025-06-09T07:11:24.268393Z,3,"HHE,HHN,HHZ",15001,100.0,ok,
PTGC.2025.160.07.16.37,PTGC,2025.160.07.16.37,2025-06-09T07:16:37.438393Z,3,"HHE,HHN,HHZ",15001,100.0,ok,
PTGC.2025.160.07.25.08,PTGC,2025.160.07.25.08,2025-06-09T07:25:08.628393Z,3,"HHE,HHN,HHZ",15001,100.0,ok,
PTGC.2025.160.08.27.20,PTGC,2025.160.08.27.20,2025-06-09T08:27:20.458393Z,3,"HHE,HHN,HHZ",15001,100.0,ok,
PTGC.2025.160.08.42.21,PTGC,2025.160.08.42.21,2025-06-09T08:42:21.348393Z,3,"HHE,HHN,HHZ",15001,100.0,ok,
PTGC.2025.160.08.51.49,PTGC,2025.160.08.51.49,2025-06-09T08:51:49.938393Z,3,"HHE,HHN,HHZ",15001,100.0,ok,
PTGC.2025.160.08.58.40,PTGC,2025.160.08.58.40,2025-06-09T08:58:40.848393Z,3,"HHE,HHN,HHZ",15001,100.0,ok,
PTGC.2025.160.09.16.10,PTGC,2025.160.09.16.10,2025-06-09T09:16:10.908393Z,3,"HHE,HHN,HHZ",15001,100.0,ok,
PTGC.2025.160.09.26.45,PTGC,2025.160.09.26.45,2025-06-09T09:26:45.538393Z,3,"HHE,HHN,HHZ",15001,100.0,ok,
PTGC.2025.160.09.52.22,PTGC,2025.160.09.52.22,2025-06-09T09:52:22.728393Z,3,"HHE,HHN,HHZ",15001,100.0,ok,
PTGC.2025.160.09.59.18,PTGC,2025.160.09.59.18,2025-06-09T09:59:18.088393Z,3,"HHE,HHN,HHZ",15001,100.0,ok,
PTGC.2025.160.10.14.22,PTGC,2025.160.10.14.22,2025-06-09T10:14:22.428393Z,3,"HHE,HHN,HHZ",15001,100.0,ok,
PTGC.2025.160.10.22.33,PTGC,2025.160.10.22.33,2025-06-09T10:22:33.298393Z,3,"HHE,HHN,HHZ",15001,100.0,ok,
PTGC.2025.160.10.34.13,PTGC,2025.160.10.34.13,2025-06-09T10:34:13.208393Z,3,"HHE,HHN,HHZ",15001,100.0,ok,
PTGC.2025.160.10.35.10,PTGC,2025.160.10.35.10,2025-06-09T10:35:10.908393Z,3,"HHE,HHN,HHZ",15001,100.0,ok,
PTGC.2025.160.16.00.24,PTGC,2025.160.16.00.24,2025-06-09T16:00:24.208393Z,3,"HHE,HHN,HHZ",15001,100.0,ok,
PTGC.2025.160.17.08.09,PTGC,2025.160.17.08.09,2025-06-09T17:08:09.148393Z,3,"HHE,HHN,HHZ",15001,100.0,ok,
PTGC.2025.160.17.16.19,PTGC,2025.160.17.16.19,2025-06-09T17:16:19.478391Z,3,"HHE,HHN,HHZ",15001,100.0,ok,
PTGC.2025.160.17.22.18,PTGC,2025.160.17.22.18,2025-06-09T17:22:18.688393Z,3,"HHE,HHN,HHZ",15001,100.0,ok,
PTGC.2025.160.17.49.32,PTGC,2025.160.17.49.32,2025-06-09T17:49:32.188393Z,3,"HHE,HHN,HHZ",15001,100.0,ok,
PTGC.2025.160.17.55.20,PTGC,2025.160.17.55.20,2025-06-09T17:55:20.948393Z,3,"HHE,HHN,HHZ",15001,100.0,ok,
PTGC.2025.160.18.36.32,PTGC,2025.160.18.36.32,2025-06-09T18:36:32.148393Z,3,"HHE,HHN,HHZ",15001,100.0,ok,
PTGC.2025.160.19.00.35,PTGC,2025.160.19.00.35,2025-06-09T19:00:35.308393Z,3,"HHE,HHN,HHZ",15001,100.0,ok,
PTGC.2025.160.19.48.48,PTGC,2025.160.19.48.48,2025-06-09T19:48:48.548393Z,3,"HHE,HHN,HHZ",15001,100.0,ok,
PTGC.2025.160.20.01.24,PTGC,2025.160.20.01.24,2025-06-09T20:01:24.688393Z,3,"HHE,HHN,HHZ",15001,100.0,ok,
PTGC.2025.160.21.25.08,PTGC,2025.160.21.25.08,2025-06-09T21:25:08.028393Z,3,"HHE,HHN,HHZ",15001,100.0,ok,
PTGC.2025.160.21.52.26,PTGC,2025.160.21.52.26,2025-06-09T21:52:26.598393Z,3,"HHE,HHN,HHZ",15001,100.0,ok,
PTGC.2025.160.23.50.58,PTGC,2025.160.23.50.58,2025-06-09T23:50:58.648393Z,3,"HHE,HHN,HHZ",15001,100.0,ok,
PTGC.2025.161.00.09.45,PTGC,2025.161.00.09.45,2025-06-10T00:09:45.718393Z,3,"HHE,HHN,HHZ",15001,100.0,ok,
PTGC.2025.161.00.39.45,PTGC,2025.161.00.39.45,2025-06-10T00:39:45.008393Z,3,"HHE,HHN,HHZ",15001,100.0,ok,
PTGC.2025.161.01.08.10,PTGC,2025.161.01.08.10,2025-06-10T01:08:10.448393Z,3,"HHE,HHN,HHZ",15001,100.0,ok,
PTGC.2025.161.01.41.09,PTGC,2025.161.01.41.09,2025-06-10T01:41:09.648393Z,3,"HHE,HHN,HHZ",15001,100.0,ok,
PTGC.2025.161.01.51.17,PTGC,2025.161.01.51.17,2025-06-10T01:51:17.378393Z,3,"HHE,HHN,HHZ",15001,100.0,ok,
PTGC.2025.161.01.52.30,PTGC,2025.161.01.52.30,2025-06-10T01:52:30.168393Z,3,"HHE,HHN,HHZ",15001,100.0,ok,
PTGC.2025.161.02.02.04,PTGC,2025.161.02.02.04,2025-06-10T02:02:04.818393Z,3,"HHE,HHN,HHZ",15001,100.0,ok,
PTGC.2025.161.03.00.44,PTGC,2025.161.03.00.44,2025-06-10T03:00:44.178393Z,3,"HHE,HHN,HHZ",15001,100.0,ok,
PTGC.2025.161.03.46.48,PTGC,2025.161.03.46.48,2025-06-10T03:46:48.258393Z,3,"HHE,HHN,HHZ",15001,100.0,ok,
PTGC.2025.161.03.57.32,PTGC,2025.161.03.57.32,2025-06-10T03:57:32.208393Z,3,"HHE,HHN,HHZ",15001,100.0,ok,
PTGC.2025.161.04.48.24,PTGC,2025.161.04.48.24,2025-06-10T04:48:24.318391Z,3,"HHE,HHN,HHZ",15001,100.0,ok,
PTGC.2025.161.04.54.33,PTGC,2025.161.04.54.33,2025-06-10T04:54:33.798393Z,3,"HHE,HHN,HHZ",15001,100.0,ok,
PTGC.2025.161.04.58.14,PTGC,2025.161.04.58.14,2025-06-10T04:58:14.678391Z,3,"HHE,HHN,HHZ",15001,100.0,ok,
PTGC.2025.161.05.04.51,PTGC,2025.161.05.04.51,2025-06-10T05:04:51.868393Z,3,"HHE,HHN,HHZ",15001,100.0,ok,
PTGC.2025.161.05.09.15,PTGC,2025.161.05.09.15,2025-06-10T05:09:15.008393Z,3,"HHE,HHN,HHZ",15001,100.0,ok,
PTGC.2025.161.07.10.42,PTGC,2025.161.07.10.42,2025-06-10T07:10:42.678393Z,3,"HHE,HHN,HHZ",15001,100.0,ok,
PTGC.2025.161.07.13.57,PTGC,2025.161.07.13.57,2025-06-10T07:13:57.778391Z,3,"HHE,HHN,HHZ",15001,100.0,ok,
PTGC.2025.161.07.41.05,PTGC,2025.161.07.41.05,2025-06-10T07:41:05.508393Z,3,"HHE,HHN,HHZ",15001,100.0,ok,
PTGC.2025.161.08.37.43,PTGC,2025.161.08.37.43,2025-06-10T08:37:43.218393Z,3,"HHE,HHN,HHZ",15001,100.0,ok,
PTGC.2025.161.08.51.18,PTGC,2025.161.08.51.18,2025-06-10T08:51:18.888393Z,3,"HHE,HHN,HHZ",15001,100.0,ok,
PTGC.2025.161.09.20.00,PTGC,2025.161.09.20.00,2025-06-10T09:20:00.958393Z,3,"HHE,HHN,HHZ",15001,100.0,ok,
PTGC.2025.161.11.50.25,PTGC,2025.161.11.50.25,2025-06-10T11:50:25.178393Z,3,"HHE,HHN,HHZ",15001,100.0,ok,
PTGC.2025.161.12.20.42,PTGC,2025.161.12.20.42,2025-06-10T12:20:42.168393Z,3,"HHE,HHN,HHZ",15001,100.0,ok,
PTGC.2025.161.12.32.06,PTGC,2025.161.12.32.06,2025-06-10T12:32:06.268393Z,3,"HHE,HHN,HHZ",15001,100.0,ok,
PTGC.2025.161.15.05.17,PTGC,2025.161.15.05.17,2025-06-10T15:05:17.058393Z,3,"HHE,HHN,HHZ",15001,100.0,ok,
PTGC.2025.161.15.20.35,PTGC,2025.161.15.20.35,2025-06-10T15:20:35.468393Z,3,"HHE,HHN,HHZ",15001,100.0,ok,
PTGC.2025.161.17.28.09,PTGC,2025.161.17.28.09,2025-06-10T17:28:09.518393Z,3,"HHE,HHN,HHZ",15001,100.0,ok,
PTGC.2025.161.17.28.56,PTGC,2025.161.17.28.56,2025-06-10T17:28:56.848394Z,3,"HHE,HHN,HHZ",15001,100.0,ok,
PTGC.2025.161.18.01.58,PTGC,2025.161.18.01.58,2025-06-10T18:01:58.508393Z,3,"HHE,HHN,HHZ",15001,100.0,ok,
PTGC.2025.161.18.30.21,PTGC,2025.161.18.30.21,2025-06-10T18:30:21.988393Z,3,"HHE,HHN,HHZ",15001,100.0,ok,
PTGC.2025.161.18.39.01,PTGC,2025.161.18.39.01,2025-06-10T18:39:01.728393Z,3,"HHE,HHN,HHZ",15001,100.0,ok,
PTGC.2025.162.00.38.02,PTGC,2025.162.00.38.02,2025-06-11T00:38:02.958393Z,3,"HHE,HHN,HHZ",15001,100.0,ok,
PTGC.2025.162.00.51.41,PTGC,2025.162.00.51.41,2025-06-11T00:51:41.698393Z,3,"HHE,HHN,HHZ",15001,100.0,ok,
PTGC.2025.162.01.23.13,PTGC,2025.162.01.23.13,2025-06-11T01:23:13.748393Z,3,"HHE,HHN,HHZ",15001,100.0,ok,
PTGC.2025.162.01.44.00,PTGC,2025.162.01.44.00,2025-06-11T01:44:00.928393Z,3,"HHE,HHN,HHZ",15001,100.0,ok,
PTGC.2025.162.02.36.16,PTGC,2025.162.02.36.16,2025-06-11T02:36:16.458393Z,3,"HHE,HHN,HHZ",15001,100.0,ok,
PTGC.2025.162.04.14.01,PTGC,2025.162.04.14.01,2025-06-11T04:14:01.488393Z,3,"HHE,HHN,HHZ",15001,100.0,ok,
PTGC.2025.162.04.25.49,PTGC,2025.162.04.25.49,2025-06-11T04:25:49.608393Z,3,"HHE,HHN,HHZ",15001,100.0,ok,
PTGC.2025.162.06.21.56,PTGC,2025.162.06.21.56,2025-06-11T06:21:56.258393Z,3,"HHE,HHN,HHZ",15001,100.0,ok,
PTGC.2025.162.07.03.16,PTGC,2025.162.07.03.16,2025-06-11T07:03:16.208393Z,3,"HHE,HHN,HHZ",15001,100.0,ok,
PTGC.2025.162.08.04.48,PTGC,2025.162.08.04.48,2025-06-11T08:04:48.478393Z,3,"HHE,HHN,HHZ",15001,100.0,ok,
PTGC.2025.162.08.12.19,PTGC,2025.162.08.12.19,2025-06-11T08:12:19.498393Z,3,"HHE,HHN,HHZ",15001,100.0,ok,
PTGC.2025.162.08.13.08,PTGC,2025.162.08.13.08,2025-06-11T08:13:08.528393Z,3,"HHE,HHN,HHZ",15001,100.0,ok,
PTGC.2025.162.08.25.36,PTGC,2025.162.08.25.36,2025-06-11T08:25:36.078393Z,3,"HHE,HHN,HHZ",15001,100.0,ok,
PTGC.2025.162.08.29.53,PTGC,2025.162.08.29.53,2025-06-11T08:29:53.658393Z,3,"HHE,HHN,HHZ",15001,100.0,ok,
PTGC.2025.162.08.33.46,PTGC,2025.162.08.33.46,2025-06-11T08:33:46.028393Z,3,"HHE,HHN,HHZ",15001,100.0,ok,
PTGC.2025.162.08.54.26,PTGC,2025.162.08.54.26,2025-06-11T08:54:26.698393Z,3,"HHE,HHN,HHZ",15001,100.0,ok,
PTGC.2025.162.12.31.05,PTGC,2025.162.12.31.05,2025-06-11T12:31:05.938393Z,3,"HHE,HHN,HHZ",15001,100.0,ok,
PTGC.2025.162.12.50.44,PTGC,2025.162.12.50.44,2025-06-11T12:50:44.188393Z,3,"HHE,HHN,HHZ",15001,100.0,ok,
PTGC.2025.162.12.53.40,PTGC,2025.162.12.53.40,2025-06-11T12:53:40.898393Z,3,"HHE,HHN,HHZ",15001,100.0,ok,
PTGC.2025.162.16.22.59,PTGC,2025.162.16.22.59,2025-06-11T16:22:59.608393Z,3,"HHE,HHN,HHZ",15001,100.0,ok,
PTGC.2025.162.19.06.23,PTGC,2025.162.19.06.23,2025-06-11T19:06:23.778393Z,3,"HHE,HHN,HHZ",15001,100.0,ok,
PTGC.2025.162.22.12.20,PTGC,2025.162.22.12.20,2025-06-11T22:12:20.758393Z,3,"HHE,HHN,HHZ",15001,100.0,ok,
PTGC.2025.162.23.49.36,PTGC,2025.162.23.49.36,2025-06-11T23:49:36.858393Z,3,"HHE,HHN,HHZ",15001,100.0,ok,
PTGC.2025.163.00.07.18,PTGC,2025.163.00.07.18,2025-06-12T00:07:18.488393Z,3,"HHE,HHN,HHZ",15001,100.0,ok,
PTGC.2025.163.01.38.37,PTGC,2025.163.01.38.37,2025-06-12T01:38:37.158393Z,3,"HHE,HHN,HHZ",15001,100.0,ok,
PTGC.2025.163.01.42.34,PTGC,2025.163.01.42.34,2025-06-12T01:42:34.908393Z,3,"HHE,HHN,HHZ",15001,100.0,ok,
PTGC.2025.163.01.44.46,PTGC,2025.163.01.44.46,2025-06-12T01:44:46.438393Z,3,"HHE,HHN,HHZ",15001,100.0,ok,
PTGC.2025.163.02.00.17,PTGC,2025.163.02.00.17,2025-06-12T02:00:17.088393Z,3,"HHE,HHN,HHZ",15001,100.0,ok,
PTGC.2025.163.02.05.30,PTGC,2025.163.02.05.30,2025-06-12T02:05:30.958393Z,3,"HHE,HHN,HHZ",15001,100.0,ok,
PTGC.2025.163.03.41.08,PTGC,2025.163.03.41.08,2025-06-12T03:41:08.668391Z,3,"HHE,HHN,HHZ",15001,100.0,ok,
PTGC.2025.163.05.27.40,PTGC,2025.163.05.27.40,2025-06-12T05:27:40.068393Z,3,"HHE,HHN,HHZ",15001,100.0,ok,
PTGC.2025.163.08.20.20,PTGC,2025.163.08.20.20,2025-06-12T08:20:20.938393Z,3,"HHE,HHN,HHZ",15001,100.0,ok,
PTGC.2025.163.08.22.39,PTGC,2025.163.08.22.39,2025-06-12T08:22:39.268391Z,3,"HHE,HHN,HHZ",15001,100.0,ok,
PTGC.2025.163.08.32.54,PTGC,2025.163.08.32.54,2025-06-12T08:32:54.158393Z,3,"HHE,HHN,HHZ",15001,100.0,ok,
PTGC.2025.163.10.25.10,PTGC,2025.163.10.25.10,2025-06-12T10:25:10.028393Z,3,"HHE,HHN,HHZ",15001,100.0,ok,
PTGC.2025.163.10.41.52,PTGC,2025.163.10.41.52,2025-06-12T10:41:52.128393Z,3,"HHE,HHN,HHZ",15001,100.0,ok,
PTGC.2025.163.13.22.34,PTGC,2025.163.13.22.34,2025-06-12T13:22:34.928391Z,3,"HHE,HHN,HHZ",15001,100.0,ok,
PTGC.2025.163.15.53.38,PTGC,2025.163.15.53.38,2025-06-12T15:53:38.968393Z,3,"HHE,HHN,HHZ",15001,100.0,ok,
PTGC.2025.163.15.56.33,PTGC,2025.163.15.56.33,2025-06-12T15:56:33.338393Z,3,"HHE,HHN,HHZ",15001,100.0,ok,
PTGC.2025.163.17.51.06,PTGC,2025.163.17.51.06,2025-06-12T17:51:06.568393Z,3,"HHE,HHN,HHZ",15001,100.0,ok,
PTGC.2025.163.17.51.48,PTGC,2025.163.17.51.48,2025-06-12T17:51:48.148393Z,3,"HHE,HHN,HHZ",15001,100.0,ok,
PTGC.2025.163.19.46.55,PTGC,2025.163.19.46.55,2025-06-12T19:46:55.638393Z,3,"HHE,HHN,HHZ",15001,100.0,ok,
PTGC.2025.163.20.40.38,PTGC,2025.163.20.40.38,2025-06-12T20:40:38.428393Z,3,"HHE,HHN,HHZ",15001,100.0,ok,
PTGC.2025.163.20.44.45,PTGC,2025.163.20.44.45,2025-06-12T20:44:45.408393Z,3,"HHE,HHN,HHZ",15001,100.0,ok,
PTGC.2025.163.20.48.35,PTGC,2025.163.20.48.35,2025-06-12T20:48:35.298393Z,3,"HHE,HHN,HHZ",15001,100.0,ok,
PTGC.2025.163.23.06.44,PTGC,2025.163.23.06.44,2025-06-12T23:06:44.908393Z,3,"HHE,HHN,HHZ",15001,100.0,ok,
PTGC.2025.163.23.15.06,PTGC,2025.163.23.15.06,2025-06-12T23:15:06.768393Z,3,"HHE,HHN,HHZ",15001,100.0,ok,
PTGC.2025.163.23.37.30,PTGC,2025.163.23.37.30,2025-06-12T23:37:30.408391Z,3,"HHE,HHN,HHZ",15001,100.0,ok,
PTGC.2025.164.00.23.07,PTGC,2025.164.00.23.07,2025-06-13T00:23:07.578393Z,3,"HHE,HHN,HHZ",15001,100.0,ok,
PTGC.2025.164.01.39.48,PTGC,2025.164.01.39.48,2025-06-13T01:39:48.788393Z,3,"HHE,HHN,HHZ",15001,100.0,ok,
PTGC.2025.164.03.29.27,PTGC,2025.164.03.29.27,2025-06-13T03:29:27.878393Z,3,"HHE,HHN,HHZ",15001,100.0,ok,
PTGC.2025.164.05.00.09,PTGC,2025.164.05.00.09,2025-06-13T05:00:09.048393Z,3,"HHE,HHN,HHZ",15001,100.0,ok,
PTGC.2025.164.06.09.31,PTGC,2025.164.06.09.31,2025-06-13T06:09:31.878393Z,3,"HHE,HHN,HHZ",15001,100.0,ok,
PTGC.2025.164.07.13.10,PTGC,2025.164.07.13.10,2025-06-13T07:13:10.078393Z,3,"HHE,HHN,HHZ",15001,100.0,ok,
PTGC.2025.164.07.31.23,PTGC,2025.164.07.31.23,2025-06-13T07:31:23.218393Z,3,"HHE,HHN,HHZ",15001,100.0,ok,
PTGC.2025.164.09.07.59,PTGC,2025.164.09.07.59,2025-06-13T09:07:59.408393Z,3,"HHE,HHN,HHZ",15001,100.0,ok,
PTGC.2025.164.11.24.31,PTGC,2025.164.11.24.31,2025-06-13T11:24:31.418393Z,3,"HHE,HHN,HHZ",15001,100.0,ok,
PTGC.2025.164.12.48.15,PTGC,2025.164.12.48.15,2025-06-13T12:48:15.628393Z,3,"HHE,HHN,HHZ",15001,100.0,ok,
PTGC.2025.164.15.28.25,PTGC,2025.164.15.28.25,2025-06-13T15:28:25.818393Z,3,"HHE,HHN,HHZ",15001,100.0,ok,
PTGC.2025.164.17.14.15,PTGC,2025.164.17.14.15,2025-06-13T17:14:15.498393Z,3,"HHE,HHN,HHZ",15001,100.0,ok,
PTGC.2025.164.18.34.52,PTGC,2025.164.18.34.52,2025-06-13T18:34:52.818393Z,3,"HHE,HHN,HHZ",15001,100.0,ok,
PTGC.2025.164.19.53.37,PTGC,2025.164.19.53.37,2025-06-13T19:53:37.998393Z,3,"HHE,HHN,HHZ",15001,100.0,ok,
PTGC.2025.164.21.39.53,PTGC,2025.164.21.39.53,2025-06-13T21:39:53.818393Z,3,"HHE,HHN,HHZ",15001,100.0,ok,
PTGC.2025.165.00.06.25,PTGC,2025.165.00.06.25,2025-06-14T00:06:25.368393Z,3,"HHE,HHN,HHZ",15001,100.0,ok,
PTGC.2025.165.02.10.11,PTGC,2025.165.02.10.11,2025-06-14T02:10:11.048393Z,3,"HHE,HHN,HHZ",15001,100.0,ok,
PTGC.2025.165.02.21.58,PTGC,2025.165.02.21.58,2025-06-14T02:21:58.948393Z,3,"HHE,HHN,HHZ",15001,100.0,ok,
PTGC.2025.165.03.09.53,PTGC,2025.165.03.09.53,2025-06-14T03:09:53.468393Z,3,"HHE,HHN,HHZ",15001,100.0,ok,
PTGC.2025.165.03.29.32,PTGC,2025.165.03.29.32,2025-06-14T03:29:32.478393Z,3,"HHE,HHN,HHZ",15001,100.0,ok,
PTGC.2025.165.04.47.21,PTGC,2025.165.04.47.21,2025-06-14T04:47:21.348393Z,3,"HHE,HHN,HHZ",15001,100.0,ok,
PTGC.2025.165.04.59.39,PTGC,2025.165.04.59.39,2025-06-14T04:59:39.078393Z,3,"HHE,HHN,HHZ",15001,100.0,ok,
PTGC.2025.165.05.03.06,PTGC,2025.165.05.03.06,2025-06-14T05:03:06.728393Z,3,"HHE,HHN,HHZ",15001,100.0,ok,
PTGC.2025.165.05.27.24,PTGC,2025.165.05.27.24,2025-06-14T05:27:24.048393Z,3,"HHE,HHN,HHZ",15001,100.0,ok,
PTGC.2025.165.09.06.12,PTGC,2025.165.09.06.12,2025-06-14T09:06:12.438393Z,3,"HHE,HHN,HHZ",15001,100.0,ok,
PTGC.2025.165.09.27.26,PTGC,2025.165.09.27.26,2025-06-14T09:27:26.008393Z,3,"HHE,HHN,HHZ",15001,100.0,ok,
PTGC.2025.165.09.49.53,PTGC,2025.165.09.49.53,2025-06-14T09:49:53.388393Z,3,"HHE,HHN,HHZ",15001,100.0,ok,
PTGC.2025.165.10.37.06,PTGC,2025.165.10.37.06,2025-06-14T10:37:06.738393Z,3,"HHE,HHN,HHZ",15001,100.0,ok,
PTGC.2025.165.11.59.16,PTGC,2025.165.11.59.16,2025-06-14T11:59:16.558393Z,3,"HHE,HHN,HHZ",15001,100.0,ok,
PTGC.2025.165.13.13.20,PTGC,2025.165.13.13.20,2025-06-14T13:13:20.828393Z,3,"HHE,HHN,HHZ",15001,100.0,ok,
PTGC.2025.165.14.19.10,PTGC,2025.165.14.19.10,2025-06-14T14:19:10.458393Z,3,"HHE,HHN,HHZ",15001,100.0,ok,
PTGC.2025.165.14.33.36,PTGC,2025.165.14.33.36,2025-06-14T14:33:36.158393Z,3,"HHE,HHN,HHZ",15001,100.0,ok,
PTGC.2025.165.15.54.03,PTGC,2025.165.15.54.03,2025-06-14T15:54:03.238393Z,3,"HHE,HHN,HHZ",15001,100.0,ok,
PTGC.2025.165.17.36.12,PTGC,2025.165.17.36.12,2025-06-14T17:36:12.898393Z,3,"HHE,HHN,HHZ",15001,100.0,ok,
PTGC.2025.165.18.49.19,PTGC,2025.165.18.49.19,2025-06-14T18:49:19.598393Z,3,"HHE,HHN,HHZ",15001,100.0,ok,
PTGC.2025.165.19.54.30,PTGC,2025.165.19.54.30,2025-06-14T19:54:30.898393Z,3,"HHE,HHN,HHZ",15001,100.0,ok,
PTGC.2025.166.03.28.49,PTGC,2025.166.03.28.49,2025-06-15T03:28:49.788393Z,3,"HHE,HHN,HHZ",15001,100.0,ok,
PTGC.2025.166.04.01.13,PTGC,2025.166.04.01.13,2025-06-15T04:01:13.908393Z,3,"HHE,HHN,HHZ",15001,100.0,ok,
PTGC.2025.166.05.12.13,PTGC,2025.166.05.12.13,2025-06-15T05:12:13.488393Z,3,"HHE,HHN,HHZ",15001,100.0,ok,
PTGC.2025.166.06.35.00,PTGC,2025.166.06.35.00,2025-06-15T06:35:00.458393Z,3,"HHE,HHN,HHZ",15001,100.0,ok,
PTGC.2025.166.07.53.04,PTGC,2025.166.07.53.04,2025-06-15T07:53:04.928393Z,3,"HHE,HHN,HHZ",15001,100.0,ok,
PTGC.2025.166.08.15.48,PTGC,2025.166.08.15.48,2025-06-15T08:15:48.678393Z,3,"HHE,HHN,HHZ",15001,100.0,ok,
PTGC.2025.166.08.20.50,PTGC,2025.166.08.20.50,2025-06-15T08:20:50.428393Z,3,"HHE,HHN,HHZ",15001,100.0,ok,
PTGC.2025.166.09.11.38,PTGC,2025.166.09.11.38,2025-06-15T09:11:38.748393Z,3,"HHE,HHN,HHZ",15001,100.0,ok,
PTGC.2025.166.12.10.18,PTGC,2025.166.12.10.18,2025-06-15T12:10:18.888393Z,3,"HHE,HHN,HHZ",15001,100.0,ok,
PTGC.2025.166.17.38.30,PTGC,2025.166.17.38.30,2025-06-15T17:38:30.668391Z,3,"HHE,HHN,HHZ",15001,100.0,ok,
PTGC.2025.166.19.57.46,PTGC,2025.166.19.57.46,2025-06-15T19:57:46.248393Z,3,"HHE,HHN,HHZ",15001,100.0,ok,
PTGC.2025.167.00.54.16,PTGC,2025.167.00.54.16,2025-06-16T00:54:16.688393Z,3,"HHE,HHN,HHZ",15001,100.0,ok,
PTGC.2025.167.01.38.45,PTGC,2025.167.01.38.45,2025-06-16T01:38:45.218391Z,3,"HHE,HHN,HHZ",15001,100.0,ok,
PTGC.2025.167.01.51.06,PTGC,2025.167.01.51.06,2025-06-16T01:51:06.698393Z,3,"HHE,HHN,HHZ",15001,100.0,ok,
PTGC.2025.167.02.32.00,PTGC,2025.167.02.32.00,2025-06-16T02:32:00.378393Z,3,"HHE,HHN,HHZ",15001,100.0,ok,
PTGC.2025.167.03.52.06,PTGC,2025.167.03.52.06,2025-06-16T03:52:06.438393Z,3,"HHE,HHN,HHZ",15001,100.0,ok,
PTGC.2025.167.04.43.35,PTGC,2025.167.04.43.35,2025-06-16T04:43:35.928393Z,3,"HHE,HHN,HHZ",15001,100.0,ok,
PTGC.2025.167.07.09.21,PTGC,2025.167.07.09.21,2025-06-16T07:09:21.358393Z,3,"HHE,HHN,HHZ",15001,100.0,ok,
PTGC.2025.167.08.03.03,PTGC,2025.167.08.03.03,2025-06-16T08:03:03.208393Z,3,"HHE,HHN,HHZ",15001,100.0,ok,
PTGC.2025.167.08.48.32,PTGC,2025.167.08.48.32,2025-06-16T08:48:32.628393Z,3,"HHE,HHN,HHZ",15001,100.0,ok,
PTGC.2025.167.09.37.00,PTGC,2025.167.09.37.00,2025-06-16T09:37:00.448393Z,3,"HHE,HHN,HHZ",15001,100.0,ok,
PTGC.2025.167.12.35.58,PTGC,2025.167.12.35.58,2025-06-16T12:35:58.118393Z,3,"HHE,HHN,HHZ",15001,100.0,ok,
PTGC.2025.167.19.15.02,PTGC,2025.167.19.15.02,2025-06-16T19:15:02.088391Z,3,"HHE,HHN,HHZ",15001,100.0,ok,
PTGC.2025.167.21.54.32,PTGC,2025.167.21.54.32,2025-06-16T21:54:32.218393Z,3,"HHE,HHN,HHZ",15001,100.0,ok,
PTGC.2025.168.00.29.36,PTGC,2025.168.00.29.36,2025-06-17T00:29:36.408393Z,3,"HHE,HHN,HHZ",15001,100.0,ok,
PTGC.2025.168.02.16.56,PTGC,2025.168.02.16.56,2025-06-17T02:16:56.578393Z,3,"HHE,HHN,HHZ",15001,100.0,ok,
PTGC.2025.168.03.26.18,PTGC,2025.168.03.26.18,2025-06-17T03:26:18.788393Z,3,"HHE,HHN,HHZ",15001,100.0,ok,
PTGC.2025.168.05.10.41,PTGC,2025.168.05.10.41,2025-06-17T05:10:41.598393Z,3,"HHE,HHN,HHZ",15001,100.0,ok,
PTGC.2025.168.05.54.34,PTGC,2025.168.05.54.34,2025-06-17T05:54:34.968393Z,3,"HHE,HHN,HHZ",15001,100.0,ok,
PTGC.2025.168.06.14.54,PTGC,2025.168.06.14.54,2025-06-17T06:14:54.018393Z,3,"HHE,HHN,HHZ",15001,100.0,ok,
PTGC.2025.168.07.30.16,PTGC,2025.168.07.30.16,2025-06-17T07:30:16.168393Z,3,"HHE,HHN,HHZ",15001,100.0,ok,
PTGC.2025.168.09.27.17,PTGC,2025.168.09.27.17,2025-06-17T09:27:17.648393Z,3,"HHE,HHN,HHZ",15001,100.0,ok,
PTGC.2025.168.09.48.25,PTGC,2025.168.09.48.25,2025-06-17T09:48:25.678393Z,3,"HHE,HHN,HHZ",15001,100.0,ok,
PTGC.2025.168.12.22.05,PTGC,2025.168.12.22.05,2025-06-17T12:22:05.238393Z,3,"HHE,HHN,HHZ",15001,100.0,ok,
PTGC.2025.168.12.48.26,PTGC,2025.168.12.48.26,2025-06-17T12:48:26.948393Z,3,"HHE,HHN,HHZ",15001,100.0,ok,
PTGC.2025.168.14.47.06,PTGC,2025.168.14.47.06,2025-06-17T14:47:06.518393Z,3,"HHE,HHN,HHZ",15001,100.0,ok,
PTGC.2025.168.14.59.08,PTGC,2025.168.14.59.08,2025-06-17T14:59:08.408391Z,3,"HHE,HHN,HHZ",15001,100.0,ok,
PTGC.2025.168.15.19.47,PTGC,2025.168.15.19.47,2025-06-17T15:19:47.698393Z,3,"HHE,HHN,HHZ",15001,100.0,ok,
PTGC.2025.168.16.16.21,PTGC,2025.168.16.16.21,2025-06-17T16:16:21.268391Z,3,"HHE,HHN,HHZ",15001,100.0,ok,
PTGC.2025.168.18.35.36,PTGC,2025.168.18.35.36,2025-06-17T18:35:36.378393Z,3,"HHE,HHN,HHZ",15001,100.0,ok,
PTGC.2025.168.22.18.55,PTGC,2025.168.22.18.55,2025-06-17T22:18:55.048393Z,3,"HHE,HHN,HHZ",15001,100.0,ok,
PTGC.2025.168.23.27.52,PTGC,2025.168.23.27.52,2025-06-17T23:27:52.168393Z,3,"HHE,HHN,HHZ",15001,100.0,ok,
PTGC.2025.169.01.06.31,PTGC,2025.169.01.06.31,2025-06-18T01:06:31.628393Z,3,"HHE,HHN,HHZ",15001,100.0,ok,
PTGC.2025.169.02.08.59,PTGC,2025.169.02.08.59,2025-06-18T02:08:59.808393Z,3,"HHE,HHN,HHZ",15001,100.0,ok,
PTGC.2025.169.02.13.48,PTGC,2025.169.02.13.48,2025-06-18T02:13:48.638393Z,3,"HHE,HHN,HHZ",15001,100.0,ok,
PTGC.2025.169.02.33.27,PTGC,2025.169.02.33.27,2025-06-18T02:33:27.238393Z,3,"HHE,HHN,HHZ",15001,100.0,ok,
PTGC.2025.169.04.02.11,PTGC,2025.169.04.02.11,2025-06-18T04:02:11.368393Z,3,"HHE,HHN,HHZ",15001,100.0,ok,
PTGC.2025.169.10.07.12,PTGC,2025.169.10.07.12,2025-06-18T10:07:12.208393Z,3,"HHE,HHN,HHZ",15001,100.0,ok,
PTGC.2025.169.17.29.51,PTGC,2025.169.17.29.51,2025-06-18T17:29:51.618393Z,3,"HHE,HHN,HHZ",15001,100.0,ok,
PTGC.2025.169.22.04.26,PTGC,2025.169.22.04.26,2025-06-18T22:04:26.828391Z,3,"HHE,HHN,HHZ",13914,100.0,discarded,too_short
PTGC.2025.169.23.46.53,PTGC,2025.169.23.46.53,2025-06-18T23:49:10.968393Z,3,"HHE,HHN,HHZ",1220,100.0,discarded,too_short
PTGC.2025.170.00.08.38,PTGC,2025.170.00.08.38,2025-06-19T00:08:38.808393Z,3,"HHE,HHN,HHZ",15001,100.0,ok,
PTGC.2025.170.00.33.22,PTGC,2025.170.00.33.22,2025-06-19T00:33:22.288393Z,3,"HHE,HHN,HHZ",15001,100.0,ok,
PTGC.2025.170.00.41.58,PTGC,2025.170.00.41.58,2025-06-19T00:41:58.578393Z,3,"HHE,HHN,HHZ",15001,100.0,ok,
PTGC.2025.170.00.44.13,PTGC,2025.170.00.44.13,2025-06-19T00:44:13.338393Z,3,"HHE,HHN,HHZ",15001,100.0,ok,
PTGC.2025.170.00.59.31,PTGC,2025.170.00.59.31,2025-06-19T00:59:31.078393Z,3,"HHE,HHN,HHZ",15001,100.0,ok,
PTGC.2025.170.03.01.55,PTGC,2025.170.03.01.55,2025-06-19T03:01:55.928393Z,3,"HHE,HHN,HHZ",15001,100.0,ok,
PTGC.2025.170.03.02.10,PTGC,2025.170.03.02.10,2025-06-19T03:02:10.858393Z,3,"HHE,HHN,HHZ",15001,100.0,ok,
PTGC.2025.170.04.32.05,PTGC,2025.170.04.32.05,2025-06-19T04:32:05.198393Z,3,"HHE,HHN,HHZ",15001,100.0,ok,
PTGC.2025.170.04.32.34,PTGC,2025.170.04.32.34,2025-06-19T04:32:34.838393Z,3,"HHE,HHN,HHZ",15001,100.0,ok,
PTGC.2025.170.05.49.36,PTGC,2025.170.05.49.36,2025-06-19T05:49:36.268393Z,3,"HHE,HHN,HHZ",15001,100.0,ok,
PTGC.2025.170.06.53.47,PTGC,2025.170.06.53.47,2025-06-19T06:53:47.698393Z,3,"HHE,HHN,HHZ",15001,100.0,ok,
PTGC.2025.170.07.21.09,PTGC,2025.170.07.21.09,2025-06-19T07:21:09.398394Z,3,"HHE,HHN,HHZ",15001,100.0,ok,
PTGC.2025.170.07.30.11,PTGC,2025.170.07.30.11,2025-06-19T07:30:11.488393Z,3,"HHE,HHN,HHZ",15001,100.0,ok,
PTGC.2025.170.11.31.28,PTGC,2025.170.11.31.28,2025-06-19T11:31:28.768393Z,3,"HHE,HHN,HHZ",15001,100.0,ok,
PTGC.2025.170.12.50.53,PTGC,2025.170.12.50.53,2025-06-19T12:50:53.238393Z,3,"HHE,HHN,HHZ",15001,100.0,ok,
PTGC.2025.170.15.19.34,PTGC,2025.170.15.19.34,2025-06-19T15:19:34.088393Z,3,"HHE,HHN,HHZ",15001,100.0,ok,
PTGC.2025.170.15.36.33,PTGC,2025.170.15.36.33,2025-06-19T15:36:33.398393Z,3,"HHE,HHN,HHZ",15001,100.0,ok,
PTGC.2025.170.18.07.09,PTGC,2025.170.18.07.09,2025-06-19T18:07:09.368391Z,3,"HHE,HHN,HHZ",15001,100.0,ok,
PTGC.2025.170.18.29.37,PTGC,2025.170.18.29.37,2025-06-19T18:29:37.608393Z,3,"HHE,HHN,HHZ",15001,100.0,ok,
PTGC.2025.170.21.11.20,PTGC,2025.170.21.11.20,2025-06-19T21:11:20.208393Z,3,"HHE,HHN,HHZ",15001,100.0,ok,
PTGC.2025.171.00.01.37,PTGC,2025.171.00.01.37,2025-06-20T00:01:37.408393Z,3,"HHE,HHN,HHZ",15001,100.0,ok,
PTGC.2025.171.02.11.20,PTGC,2025.171.02.11.20,2025-06-20T02:11:20.318393Z,3,"HHE,HHN,HHZ",15001,100.0,ok,
PTGC.2025.171.03.21.57,PTGC,2025.171.03.21.57,2025-06-20T03:21:57.088393Z,3,"HHE,HHN,HHZ",15001,100.0,ok,
PTGC.2025.171.04.15.12,PTGC,2025.171.04.15.12,2025-06-20T04:15:12.158393Z,3,"HHE,HHN,HHZ",15001,100.0,ok,
PTGC.2025.171.04.26.28,PTGC,2025.171.04.26.28,2025-06-20T04:26:28.498394Z,3,"HHE,HHN,HHZ",15001,100.0,ok,
PTGC.2025.171.04.33.15,PTGC,2025.171.04.33.15,2025-06-20T04:33:15.748393Z,3,"HHE,HHN,HHZ",15001,100.0,ok,
PTGC.2025.171.08.24.30,PTGC,2025.171.08.24.30,2025-06-20T08:24:30.668393Z,3,"HHE,HHN,HHZ",15001,100.0,ok,
PTGC.2025.171.12.01.18,PTGC,2025.171.12.01.18,2025-06-20T12:01:18.258393Z,3,"HHE,HHN,HHZ",15001,100.0,ok,
PTGC.2025.171.12.21.17,PTGC,2025.171.12.21.17,2025-06-20T12:21:17.688393Z,3,"HHE,HHN,HHZ",15001,100.0,ok,
PTGC.2025.171.18.29.38,PTGC,2025.171.18.29.38,2025-06-20T18:29:38.208393Z,3,"HHE,HHN,HHZ",15001,100.0,ok,
PTGC.2025.172.01.17.14,PTGC,2025.172.01.17.14,2025-06-21T01:17:14.698391Z,3,"HHE,HHN,HHZ",15001,100.0,ok,
PTGC.2025.172.03.35.06,PTGC,2025.172.03.35.06,2025-06-21T03:35:06.868393Z,3,"HHE,HHN,HHZ",15001,100.0,ok,
PTGC.2025.172.04.01.08,PTGC,2025.172.04.01.08,2025-06-21T04:01:08.248393Z,3,"HHE,HHN,HHZ",15001,100.0,ok,
PTGC.2025.172.11.40.55,PTGC,2025.172.11.40.55,2025-06-21T11:40:55.038393Z,3,"HHE,HHN,HHZ",15001,100.0,ok,
PTGC.2025.172.16.47.05,PTGC,2025.172.16.47.05,2025-06-21T16:47:05.588391Z,3,"HHE,HHN,HHZ",15001,100.0,ok,
PTGC.2025.172.18.59.17,PTGC,2025.172.18.59.17,2025-06-21T18:59:17.578393Z,3,"HHE,HHN,HHZ",15001,100.0,ok,
PTGC.2025.172.20.57.10,PTGC,2025.172.20.57.10,2025-06-21T20:57:10.978393Z,3,"HHE,HHN,HHZ",15001,100.0,ok,
PTGC.2025.172.23.50.02,PTGC,2025.172.23.50.02,2025-06-21T23:50:02.928393Z,3,"HHE,HHN,HHZ",15001,100.0,ok,
PTGC.2025.173.00.44.15,PTGC,2025.173.00.44.15,2025-06-22T00:44:15.338393Z,3,"HHE,HHN,HHZ",15001,100.0,ok,
PTGC.2025.173.02.28.51,PTGC,2025.173.02.28.51,2025-06-22T02:28:51.958393Z,3,"HHE,HHN,HHZ",15001,100.0,ok,
PTGC.2025.173.02.33.56,PTGC,2025.173.02.33.56,2025-06-22T02:33:56.708393Z,3,"HHE,HHN,HHZ",15001,100.0,ok,
PTGC.2025.173.03.13.06,PTGC,2025.173.03.13.06,2025-06-22T03:13:06.918393Z,3,"HHE,HHN,HHZ",15001,100.0,ok,
PTGC.2025.173.04.04.47,PTGC,2025.173.04.04.47,2025-06-22T04:04:47.378393Z,3,"HHE,HHN,HHZ",15001,100.0,ok,
PTGC.2025.173.07.29.53,PTGC,2025.173.07.29.53,2025-06-22T07:29:53.478393Z,3,"HHE,HHN,HHZ",15001,100.0,ok,
PTGC.2025.173.08.36.00,PTGC,2025.173.08.36.00,2025-06-22T08:36:00.668393Z,3,"HHE,HHN,HHZ",15001,100.0,ok,
PTGC.2025.173.10.09.55,PTGC,2025.173.10.09.55,2025-06-22T10:09:55.788393Z,3,"HHE,HHN,HHZ",15001,100.0,ok,
PTGC.2025.173.10.21.20,PTGC,2025.173.10.21.20,2025-06-22T10:21:20.328391Z,3,"HHE,HHN,HHZ",15001,100.0,ok,
PTGC.2025.173.11.37.55,PTGC,2025.173.11.37.55,2025-06-22T11:37:55.178393Z,3,"HHE,HHN,HHZ",15001,100.0,ok,
PTGC.2025.173.12.00.08,PTGC,2025.173.12.00.08,2025-06-22T12:00:08.728391Z,3,"HHE,HHN,HHZ",15001,100.0,ok,
PTGC.2025.173.12.40.50,PTGC,2025.173.12.40.50,2025-06-22T12:40:50.268393Z,3,"HHE,HHN,HHZ",15001,100.0,ok,
PTGC.2025.173.15.32.24,PTGC,2025.173.15.32.24,2025-06-22T15:32:24.848393Z,3,"HHE,HHN,HHZ",15001,100.0,ok,
PTGC.2025.173.17.09.51,PTGC,2025.173.17.09.51,2025-06-22T17:09:51.278393Z,3,"HHE,HHN,HHZ",15001,100.0,ok,
PTGC.2025.173.18.34.23,PTGC,2025.173.18.34.23,2025-06-22T18:34:23.128393Z,3,"HHE,HHN,HHZ",15001,100.0,ok,
PTGC.2025.173.18.44.26,PTGC,2025.173.18.44.26,2025-06-22T18:44:26.388393Z,3,"HHE,HHN,HHZ",15001,100.0,ok,
PTGC.2025.173.18.46.43,PTGC,2025.173.18.46.43,2025-06-22T18:46:43.328393Z,3,"HHE,HHN,HHZ",15001,100.0,ok,
PTGC.2025.174.00.15.36,PTGC,2025.174.00.15.36,2025-06-23T00:15:36.978393Z,3,"HHE,HHN,HHZ",15001,100.0,ok,
PTGC.2025.174.00.41.30,PTGC,2025.174.00.41.30,2025-06-23T00:41:30.798393Z,3,"HHE,HHN,HHZ",15001,100.0,ok,
PTGC.2025.174.01.11.03,PTGC,2025.174.01.11.03,2025-06-23T01:11:03.728391Z,3,"HHE,HHN,HHZ",15001,100.0,ok,
PTGC.2025.174.01.22.32,PTGC,2025.174.01.22.32,2025-06-23T01:22:32.558393Z,3,"HHE,HHN,HHZ",15001,100.0,ok,
PTGC.2025.174.02.19.45,PTGC,2025.174.02.19.45,2025-06-23T02:19:45.708393Z,3,"HHE,HHN,HHZ",15001,100.0,ok,
PTGC.2025.174.04.48.28,PTGC,2025.174.04.48.28,2025-06-23T04:48:28.108393Z,3,"HHE,HHN,HHZ",15001,100.0,ok,
PTGC.2025.174.06.38.11,PTGC,2025.174.06.38.11,2025-06-23T06:38:11.188393Z,3,"HHE,HHN,HHZ",15001,100.0,ok,
PTGC.2025.174.06.41.55,PTGC,2025.174.06.41.55,2025-06-23T06:41:55.198391Z,3,"HHE,HHN,HHZ",15001,100.0,ok,
PTGC.2025.174.08.56.03,PTGC,2025.174.08.56.03,2025-06-23T08:56:03.348393Z,3,"HHE,HHN,HHZ",15001,100.0,ok,
PTGC.2025.174.09.18.37,PTGC,2025.174.09.18.37,2025-06-23T09:18:37.768393Z,3,"HHE,HHN,HHZ",15001,100.0,ok,
PTGC.2025.174.09.56.24,PTGC,2025.174.09.56.24,2025-06-23T09:56:24.678393Z,3,"HHE,HHN,HHZ",15001,100.0,ok,
PTGC.2025.174.10.13.15,PTGC,2025.174.10.13.15,2025-06-23T10:13:15.798391Z,3,"HHE,HHN,HHZ",15001,100.0,ok,
PTGC.2025.174.12.21.58,PTGC,2025.174.12.21.58,2025-06-23T12:21:58.408393Z,3,"HHE,HHN,HHZ",15001,100.0,ok,
PTGC.2025.174.12.46.56,PTGC,2025.174.12.46.56,2025-06-23T12:46:56.818393Z,3,"HHE,HHN,HHZ",15001,100.0,ok,
PTGC.2025.174.19.14.12,PTGC,2025.174.19.14.12,2025-06-23T19:14:12.288393Z,3,"HHE,HHN,HHZ",15001,100.0,ok,
PTGC.2025.174.23.30.03,PTGC,2025.174.23.30.03,2025-06-23T23:30:03.018393Z,3,"HHE,HHN,HHZ",15001,100.0,ok,
PTGC.2025.174.23.34.48,PTGC,2025.174.23.34.48,2025-06-23T23:34:48.138394Z,3,"HHE,HHN,HHZ",15001,100.0,ok,
PTGC.2025.175.00.34.45,PTGC,2025.175.00.34.45,2025-06-24T00:34:45.878393Z,3,"HHE,HHN,HHZ",15001,100.0,ok,
PTGC.2025.175.00.52.23,PTGC,2025.175.00.52.23,2025-06-24T00:52:23.938393Z,3,"HHE,HHN,HHZ",15001,100.0,ok,
PTGC.2025.175.01.53.55,PTGC,2025.175.01.53.55,2025-06-24T01:53:55.428393Z,3,"HHE,HHN,HHZ",15001,100.0,ok,
PTGC.2025.175.03.46.32,PTGC,2025.175.03.46.32,2025-06-24T03:46:32.488393Z,3,"HHE,HHN,HHZ",15001,100.0,ok,
PTGC.2025.175.04.36.16,PTGC,2025.175.04.36.16,2025-06-24T04:36:16.298393Z,3,"HHE,HHN,HHZ",15001,100.0,ok,
PTGC.2025.175.04.53.02,PTGC,2025.175.04.53.02,2025-06-24T04:53:02.488393Z,3,"HHE,HHN,HHZ",15001,100.0,ok,
PTGC.2025.175.05.38.18,PTGC,2025.175.05.38.18,2025-06-24T05:38:18.868394Z,3,"HHE,HHN,HHZ",15001,100.0,ok,
PTGC.2025.175.05.55.21,PTGC,2025.175.05.55.21,2025-06-24T05:55:21.798393Z,3,"HHE,HHN,HHZ",15001,100.0,ok,
PTGC.2025.175.07.13.45,PTGC,2025.175.07.13.45,2025-06-24T07:13:45.758393Z,3,"HHE,HHN,HHZ",15001,100.0,ok,
PTGC.2025.175.07.16.48,PTGC,2025.175.07.16.48,2025-06-24T07:16:48.918393Z,3,"HHE,HHN,HHZ",15001,100.0,ok,
PTGC.2025.175.14.21.41,PTGC,2025.175.14.21.41,2025-06-24T14:21:41.138393Z,3,"HHE,HHN,HHZ",15001,100.0,ok,
PTGC.2025.175.19.13.49,PTGC,2025.175.19.13.49,2025-06-24T19:13:49.598393Z,3,"HHE,HHN,HHZ",15001,100.0,ok,
PTGC.2025.175.19.50.37,PTGC,2025.175.19.50.37,2025-06-24T19:50:37.548393Z,3,"HHE,HHN,HHZ",15001,100.0,ok,
PTGC.2025.175.21.22.07,PTGC,2025.175.21.22.07,2025-06-24T21:22:07.448393Z,3,"HHE,HHN,HHZ",15001,100.0,ok,
PTGC.2025.176.02.50.02,PTGC,2025.176.02.50.02,2025-06-25T02:50:02.988393Z,3,"HHE,HHN,HHZ",15001,100.0,ok,
PTGC.2025.176.03.58.56,PTGC,2025.176.03.58.56,2025-06-25T03:58:56.088393Z,3,"HHE,HHN,HHZ",15001,100.0,ok,
PTGC.2025.176.05.17.35,PTGC,2025.176.05.17.35,2025-06-25T05:17:35.698393Z,3,"HHE,HHN,HHZ",15001,100.0,ok,
PTGC.2025.176.07.26.44,PTGC,2025.176.07.26.44,2025-06-25T07:26:44.588393Z,3,"HHE,HHN,HHZ",15001,100.0,ok,
PTGC.2025.176.11.45.36,PTGC,2025.176.11.45.36,2025-06-25T11:45:36.048393Z,3,"HHE,HHN,HHZ",15001,100.0,ok,
PTGC.2025.176.14.47.54,PTGC,2025.176.14.47.54,2025-06-25T14:47:54.718393Z,3,"HHE,HHN,HHZ",15001,100.0,ok,
PTGC.2025.176.15.22.00,PTGC,2025.176.15.22.00,2025-06-25T15:22:00.538393Z,3,"HHE,HHN,HHZ",15001,100.0,ok,
PTGC.2025.176.19.57.57,PTGC,2025.176.19.57.57,2025-06-25T19:57:57.418393Z,3,"HHE,HHN,HHZ",15001,100.0,ok,
PTGC.2025.176.22.01.16,PTGC,2025.176.22.01.16,2025-06-25T22:01:16.638393Z,3,"HHE,HHN,HHZ",15001,100.0,ok,
PTGC.2025.177.01.08.54,PTGC,2025.177.01.08.54,2025-06-26T01:08:54.638393Z,3,"HHE,HHN,HHZ",15001,100.0,ok,
PTGC.2025.177.02.52.21,PTGC,2025.177.02.52.21,2025-06-26T02:52:21.588393Z,3,"HHE,HHN,HHZ",15001,100.0,ok,
PTGC.2025.177.02.54.55,PTGC,2025.177.02.54.55,2025-06-26T02:54:55.308393Z,3,"HHE,HHN,HHZ",15001,100.0,ok,
PTGC.2025.177.05.42.08,PTGC,2025.177.05.42.08,2025-06-26T05:42:08.838393Z,3,"HHE,HHN,HHZ",15001,100.0,ok,
PTGC.2025.177.08.33.16,PTGC,2025.177.08.33.16,2025-06-26T08:33:16.868391Z,3,"HHE,HHN,HHZ",15001,100.0,ok,
PTGC.2025.177.09.36.32,PTGC,2025.177.09.36.32,2025-06-26T09:36:32.918393Z,3,"HHE,HHN,HHZ",15001,100.0,ok,
PTGC.2025.177.09.45.25,PTGC,2025.177.09.45.25,2025-06-26T09:45:25.888393Z,3,"HHE,HHN,HHZ",15001,100.0,ok,
PTGC.2025.177.12.21.13,PTGC,2025.177.12.21.13,2025-06-26T12:21:13.688393Z,3,"HHE,HHN,HHZ",15001,100.0,ok,
PTGC.2025.177.14.44.57,PTGC,2025.177.14.44.57,2025-06-26T14:44:57.808393Z,3,"HHE,HHN,HHZ",15001,100.0,ok,
PTGC.2025.177.14.57.59,PTGC,2025.177.14.57.59,2025-06-26T14:57:59.558393Z,3,"HHE,HHN,HHZ",15001,100.0,ok,
PTGC.2025.177.15.45.59,PTGC,2025.177.15.45.59,2025-06-26T15:45:59.238393Z,3,"HHE,HHN,HHZ",15001,100.0,ok,
PTGC.2025.178.00.12.12,PTGC,2025.178.00.12.12,2025-06-27T00:12:12.718393Z,3,"HHE,HHN,HHZ",15001,100.0,ok,
PTGC.2025.178.00.14.25,PTGC,2025.178.00.14.25,2025-06-27T00:14:25.048393Z,3,"HHE,HHN,HHZ",15001,100.0,ok,
PTGC.2025.178.00.43.35,PTGC,2025.178.00.43.35,2025-06-27T00:43:35.528393Z,3,"HHE,HHN,HHZ",15001,100.0,ok,
PTGC.2025.178.03.18.22,PTGC,2025.178.03.18.22,2025-06-27T03:18:22.198393Z,3,"HHE,HHN,HHZ",15001,100.0,ok,
PTGC.2025.178.11.57.51,PTGC,2025.178.11.57.51,2025-06-27T11:57:51.958393Z,3,"HHE,HHN,HHZ",15001,100.0,ok,
PTGC.2025.178.15.35.14,PTGC,2025.178.15.35.14,2025-06-27T15:35:14.268393Z,3,"HHE,HHN,HHZ",15001,100.0,ok,
PTGC.2025.178.18.58.58,PTGC,2025.178.18.58.58,2025-06-27T18:58:58.458393Z,3,"HHE,HHN,HHZ",15001,100.0,ok,
PTGC.2025.178.19.19.34,PTGC,2025.178.19.19.34,2025-06-27T19:19:34.878393Z,3,"HHE,HHN,HHZ",15001,100.0,ok,
PTGC.2025.178.20.30.45,PTGC,2025.178.20.30.45,2025-06-27T20:30:45.368393Z,3,"HHE,HHN,HHZ",15001,100.0,ok,
PTGC.2025.178.22.39.03,PTGC,2025.178.22.39.03,2025-06-27T22:39:03.028393Z,3,"HHE,HHN,HHZ",15001,100.0,ok,
PTGC.2025.179.01.45.15,PTGC,2025.179.01.45.15,2025-06-28T01:45:15.968394Z,3,"HHE,HHN,HHZ",15001,100.0,ok,
PTGC.2025.179.03.44.16,PTGC,2025.179.03.44.16,2025-06-28T03:44:16.218393Z,3,"HHE,HHN,HHZ",15001,100.0,ok,
PTGC.2025.179.08.15.25,PTGC,2025.179.08.15.25,2025-06-28T08:15:25.248393Z,3,"HHE,HHN,HHZ",15001,100.0,ok,
PTGC.2025.179.09.04.52,PTGC,2025.179.09.04.52,2025-06-28T09:04:52.078393Z,3,"HHE,HHN,HHZ",15001,100.0,ok,
PTGC.2025.179.09.55.54,PTGC,2025.179.09.55.54,2025-06-28T09:55:54.178393Z,3,"HHE,HHN,HHZ",15001,100.0,ok,
PTGC.2025.179.09.57.06,PTGC,2025.179.09.57.06,2025-06-28T09:57:06.488393Z,3,"HHE,HHN,HHZ",15001,100.0,ok,
PTGC.2025.179.11.13.10,PTGC,2025.179.11.13.10,2025-06-28T11:13:10.068393Z,3,"HHE,HHN,HHZ",15001,100.0,ok,
PTGC.2025.179.12.23.40,PTGC,2025.179.12.23.40,2025-06-28T12:23:40.808393Z,3,"HHE,HHN,HHZ",15001,100.0,ok,
PTGC.2025.179.18.12.14,PTGC,2025.179.18.12.14,2025-06-28T18:12:14.798393Z,3,"HHE,HHN,HHZ",15001,100.0,ok,
PTGC.2025.179.22.21.38,PTGC,2025.179.22.21.38,2025-06-28T22:21:38.018393Z,3,"HHE,HHN,HHZ",15001,100.0,ok,
PTGC.2025.180.05.39.14,PTGC,2025.180.05.39.14,2025-06-29T05:39:14.018393Z,3,"HHE,HHN,HHZ",15001,100.0,ok,
PTGC.2025.180.06.51.24,PTGC,2025.180.06.51.24,2025-06-29T06:51:24.468393Z,3,"HHE,HHN,HHZ",15001,100.0,ok,
PTGC.2025.180.07.57.17,PTGC,2025.180.07.57.17,2025-06-29T07:57:17.068393Z,3,"HHE,HHN,HHZ",15001,100.0,ok,
PTGC.2025.180.22.35.10,PTGC,2025.180.22.35.10,2025-06-29T22:35:10.078393Z,3,"HHE,HHN,HHZ",15001,100.0,ok,
PTGC.2025.181.05.08.07,PTGC,2025.181.05.08.07,2025-06-30T05:08:07.898393Z,3,"HHE,HHN,HHZ",15001,100.0,ok,
PTGC.2025.181.05.34.23,PTGC,2025.181.05.34.23,2025-06-30T05:34:23.858393Z,3,"HHE,HHN,HHZ",15001,100.0,ok,
PTGC.2025.181.09.58.56,PTGC,2025.181.09.58.56,2025-06-30T09:58:56.718393Z,3,"HHE,HHN,HHZ",15001,100.0,ok,
PTGC.2025.181.10.56.56,PTGC,2025.181.10.56.56,2025-06-30T10:56:56.608393Z,3,"HHE,HHN,HHZ",15001,100.0,ok,
PTGC.2025.181.18.20.11,PTGC,2025.181.18.20.11,2025-06-30T18:20:11.818393Z,3,"HHE,HHN,HHZ",15001,100.0,ok,
PTGC.2025.181.18.52.26,PTGC,2025.181.18.52.26,2025-06-30T18:52:26.098393Z,3,"HHE,HHN,HHZ",15001,100.0,ok,
PTGC.2025.181.21.11.27,PTGC,2025.181.21.11.27,2025-06-30T21:11:27.628393Z,3,"HHE,HHN,HHZ",15001,100.0,ok,
PTGC.2025.182.00.24.24,PTGC,2025.182.00.24.24,2025-07-01T00:24:24.108393Z,3,"HHE,HHN,HHZ",15001,100.0,ok,
PTGC.2025.182.09.04.33,PTGC,2025.182.09.04.33,2025-07-01T09:04:33.298393Z,3,"HHE,HHN,HHZ",15001,100.0,ok,
PTGC.2025.182.10.10.37,PTGC,2025.182.10.10.37,2025-07-01T10:10:37.748393Z,3,"HHE,HHN,HHZ",15001,100.0,ok,
PTGC.2025.182.12.50.50,PTGC,2025.182.12.50.50,2025-07-01T12:50:50.838393Z,3,"HHE,HHN,HHZ",15001,100.0,ok,
PTGC.2025.182.21.45.59,PTGC,2025.182.21.45.59,2025-07-01T21:45:59.378393Z,3,"HHE,HHN,HHZ",15001,100.0,ok,
PTGC.2025.183.05.13.54,PTGC,2025.183.05.13.54,2025-07-02T05:13:54.518393Z,3,"HHE,HHN,HHZ",15001,100.0,ok,
PTGC.2025.183.08.01.35,PTGC,2025.183.08.01.35,2025-07-02T08:01:35.818393Z,3,"HHE,HHN,HHZ",15001,100.0,ok,
PTGC.2025.183.18.45.33,PTGC,2025.183.18.45.33,2025-07-02T18:45:33.248393Z,3,"HHE,HHN,HHZ",15001,100.0,ok,
PTGC.2025.184.08.02.13,PTGC,2025.184.08.02.13,2025-07-03T08:02:13.818393Z,3,"HHE,HHN,HHZ",15001,100.0,ok,
PTGC.2025.184.08.57.16,PTGC,2025.184.08.57.16,2025-07-03T08:57:16.628393Z,3,"HHE,HHN,HHZ",15001,100.0,ok,
PTGC.2025.184.10.21.31,PTGC,2025.184.10.21.31,2025-07-03T10:21:31.868393Z,3,"HHE,HHN,HHZ",15001,100.0,ok,
PTGC.2025.184.16.10.50,PTGC,2025.184.16.10.50,2025-07-03T16:10:50.558393Z,3,"HHE,HHN,HHZ",15001,100.0,ok,
PTGC.2025.185.00.12.33,PTGC,2025.185.00.12.33,2025-07-04T00:12:33.298393Z,3,"HHE,HHN,HHZ",15001,100.0,ok,
PTGC.2025.185.00.56.44,PTGC,2025.185.00.56.44,2025-07-04T00:56:44.198393Z,3,"HHE,HHN,HHZ",15001,100.0,ok,
PTGC.2025.185.01.05.42,PTGC,2025.185.01.05.42,2025-07-04T01:05:42.908393Z,3,"HHE,HHN,HHZ",15001,100.0,ok,
PTGC.2025.187.00.59.43,PTGC,2025.187.00.59.43,2025-07-06T00:59:43.778391Z,3,"HHE,HHN,HHZ",9419,100.0,discarded,too_short
PTGC.2025.187.15.48.11,PTGC,2025.187.15.48.11,2025-07-06T15:48:11.188393Z,3,"HHE,HHN,HHZ",15001,100.0,ok,
PTGC.2025.187.18.10.19,PTGC,2025.187.18.10.19,2025-07-06T18:10:19.868391Z,3,"HHE,HHN,HHZ",15001,100.0,ok,
PTGC.2025.187.18.26.20,PTGC,2025.187.18.26.20,2025-07-06T18:26:20.058393Z,3,"HHE,HHN,HHZ",15001,100.0,ok,
PTGC.2025.187.22.56.59,PTGC,2025.187.22.56.59,2025-07-06T22:56:59.578393Z,3,"HHE,HHN,HHZ",15001,100.0,ok,
PTGC.2025.188.03.42.50,PTGC,2025.188.03.42.50,2025-07-07T03:42:50.648393Z,3,"HHE,HHN,HHZ",15001,100.0,ok,
PTGC.2025.188.10.06.20,PTGC,2025.188.10.06.20,2025-07-07T10:06:20.758393Z,3,"HHE,HHN,HHZ",15001,100.0,ok,
PTGC.2025.188.11.06.39,PTGC,2025.188.11.06.39,2025-07-07T11:06:39.728393Z,3,"HHE,HHN,HHZ",15001,100.0,ok,
PTGC.2025.188.11.56.50,PTGC,2025.188.11.56.50,2025-07-07T11:56:50.978393Z,3,"HHE,HHN,HHZ",15001,100.0,ok,
PTGC.2025.188.13.03.27,PTGC,2025.188.13.03.27,2025-07-07T13:03:27.558391Z,3,"HHE,HHN,HHZ",15001,100.0,ok,
PTGC.2025.188.23.08.23,PTGC,2025.188.23.08.23,2025-07-07T23:08:23.498391Z,3,"HHE,HHN,HHZ",15001,100.0,ok,
PTGC.2025.189.03.06.02,PTGC,2025.189.03.06.02,2025-07-08T03:06:02.718394Z,3,"HHE,HHN,HHZ",15001,100.0,ok,
PTGC.2025.189.08.02.33,PTGC,2025.189.08.02.33,2025-07-08T08:02:33.878393Z,3,"HHE,HHN,HHZ",15001,100.0,ok,
PTGC.2025.189.09.27.51,PTGC,2025.189.09.27.51,2025-07-08T09:27:51.908393Z,3,"HHE,HHN,HHZ",15001,100.0,ok,
PTGC.2025.189.13.45.38,PTGC,2025.189.13.45.38,2025-07-08T13:45:38.078393Z,3,"HHE,HHN,HHZ",15001,100.0,ok,
PTGC.2025.190.04.43.49,PTGC,2025.190.04.43.49,2025-07-09T04:43:49.118393Z,3,"HHE,HHN,HHZ",15001,100.0,ok,
PTGC.2025.190.09.06.44,PTGC,2025.190.09.06.44,2025-07-09T09:06:44.898393Z,3,"HHE,HHN,HHZ",15001,100.0,ok,
PTGC.2025.190.11.41.09,PTGC,2025.190.11.41.09,2025-07-09T11:41:09.368393Z,3,"HHE,HHN,HHZ",15001,100.0,ok,
PTGC.2025.190.12.02.33,PTGC,2025.190.12.02.33,2025-07-09T12:02:33.398393Z,3,"HHE,HHN,HHZ",15001,100.0,ok,
PTGC.2025.190.13.14.28,PTGC,2025.190.13.14.28,2025-07-09T13:14:28.558393Z,3,"HHE,HHN,HHZ",15001,100.0,ok,
PTGC.2025.190.14.16.37,PTGC,2025.190.14.16.37,2025-07-09T14:16:37.618393Z,3,"HHE,HHN,HHZ",15001,100.0,ok,
PTGC.2025.190.14.34.32,PTGC,2025.190.14.34.32,2025-07-09T14:34:32.528393Z,3,"HHE,HHN,HHZ",15001,100.0,ok,
PTGC.2025.190.23.38.18,PTGC,2025.190.23.38.18,2025-07-09T23:38:18.698393Z,3,"HHE,HHN,HHZ",15001,100.0,ok,
PTGC.2025.191.00.01.38,PTGC,2025.191.00.01.38,2025-07-10T00:01:38.928393Z,3,"HHE,HHN,HHZ",15001,100.0,ok,
PTGC.2025.191.07.33.25,PTGC,2025.191.07.33.25,2025-07-10T07:33:25.588393Z,3,"HHE,HHN,HHZ",15001,100.0,ok,
PTGC.2025.191.08.01.10,PTGC,2025.191.08.01.10,2025-07-10T08:01:10.228393Z,3,"HHE,HHN,HHZ",15001,100.0,ok,
PTGC.2025.191.08.04.24,PTGC,2025.191.08.04.24,2025-07-10T08:04:24.008393Z,3,"HHE,HHN,HHZ",15001,100.0,ok,
PTGC.2025.191.08.06.17,PTGC,2025.191.08.06.17,2025-07-10T08:06:17.688393Z,3,"HHE,HHN,HHZ",15001,100.0,ok,
PTGC.2025.191.08.58.02,PTGC,2025.191.08.58.02,2025-07-10T08:58:02.748393Z,3,"HHE,HHN,HHZ",15001,100.0,ok,
PTGC.2025.191.13.56.35,PTGC,2025.191.13.56.35,2025-07-10T13:56:35.368393Z,3,"HHE,HHN,HHZ",15001,100.0,ok,
PTGC.2025.192.06.02.29,PTGC,2025.192.06.02.29,2025-07-11T06:02:29.628393Z,3,"HHE,HHN,HHZ",15001,100.0,ok,
PTGC.2025.192.08.42.10,PTGC,2025.192.08.42.10,2025-07-11T08:42:10.588393Z,3,"HHE,HHN,HHZ",15001,100.0,ok,
PTGC.2025.192.10.06.56,PTGC,2025.192.10.06.56,2025-07-11T10:06:56.228393Z,3,"HHE,HHN,HHZ",15001,100.0,ok,
PTGC.2025.192.11.41.12,PTGC,2025.192.11.41.12,2025-07-11T11:41:12.538393Z,3,"HHE,HHN,HHZ",15001,100.0,ok,
PTGC.2025.192.12.10.54,PTGC,2025.192.12.10.54,2025-07-11T12:10:54.488393Z,3,"HHE,HHN,HHZ",15001,100.0,ok,
PTGC.2025.193.02.52.29,PTGC,2025.193.02.52.29,2025-07-12T02:52:29.378393Z,3,"HHE,HHN,HHZ",15001,100.0,ok,
PTGC.2025.193.03.37.56,PTGC,2025.193.03.37.56,2025-07-12T03:37:56.678393Z,3,"HHE,HHN,HHZ",15001,100.0,ok,
PTGC.2025.193.10.01.51,PTGC,2025.193.10.01.51,2025-07-12T10:01:51.648393Z,3,"HHE,HHN,HHZ",15001,100.0,ok,
PTGC.2025.193.11.19.49,PTGC,2025.193.11.19.49,2025-07-12T11:19:49.118393Z,3,"HHE,HHN,HHZ",15001,100.0,ok,
PTGC.2025.193.13.14.37,PTGC,2025.193.13.14.37,2025-07-12T13:14:37.028393Z,3,"HHE,HHN,HHZ",15001,100.0,ok,
PTGC.2025.193.16.58.05,PTGC,2025.193.16.58.05,2025-07-12T16:58:05.748393Z,3,"HHE,HHN,HHZ",15001,100.0,ok,
PTGC.2025.194.15.44.05,PTGC,2025.194.15.44.05,2025-07-13T15:44:05.138393Z,3,"HHE,HHN,HHZ",15001,100.0,ok,
PTGC.2025.194.17.55.00,PTGC,2025.194.17.55.00,2025-07-13T17:55:00.848393Z,3,"HHE,HHN,HHZ",15001,100.0,ok,
PTGC.2025.195.01.51.18,PTGC,2025.195.01.51.18,2025-07-14T01:51:18.818393Z,3,"HHE,HHN,HHZ",15001,100.0,ok,
PTGC.2025.195.07.34.11,PTGC,2025.195.07.34.11,2025-07-14T07:34:11.938393Z,3,"HHE,HHN,HHZ",15001,100.0,ok,
PTGC.2025.195.08.50.31,PTGC,2025.195.08.50.31,2025-07-14T08:50:31.228393Z,3,"HHE,HHN,HHZ",15001,100.0,ok,
PTGC.2025.195.09.43.34,PTGC,2025.195.09.43.34,2025-07-14T09:43:34.898393Z,3,"HHE,HHN,HHZ",15001,100.0,ok,
PTGC.2025.195.22.13.32,PTGC,2025.195.22.13.32,2025-07-14T22:13:32.938391Z,3,"HHE,HHN,HHZ",15001,100.0,ok,
PTGC.2025.196.03.47.14,PTGC,2025.196.03.47.14,2025-07-15T03:47:14.478393Z,3,"HHE,HHN,HHZ",15001,100.0,ok,
PTGC.2025.196.08.33.19,PTGC,2025.196.08.33.19,2025-07-15T08:33:19.688393Z,3,"HHE,HHN,HHZ",15001,100.0,ok,
PTGC.2025.196.22.36.05,PTGC,2025.196.22.36.05,2025-07-15T22:36:05.898393Z,3,"HHE,HHN,HHZ",15001,100.0,ok,
PTGC.2025.196.23.59.40,PTGC,2025.196.23.59.40,2025-07-15T23:59:40.008391Z,3,"HHE,HHN,HHZ",15001,100.0,ok,
PTGC.2025.197.00.22.10,PTGC,2025.197.00.22.10,2025-07-16T00:22:10.528393Z,3,"HHE,HHN,HHZ",15001,100.0,ok,
PTGC.2025.197.02.14.37,PTGC,2025.197.02.14.37,2025-07-16T02:14:37.998393Z,3,"HHE,HHN,HHZ",15001,100.0,ok,
PTGC.2025.197.04.56.18,PTGC,2025.197.04.56.18,2025-07-16T04:56:18.678393Z,3,"HHE,HHN,HHZ",15001,100.0,ok,
PTGC.2025.197.05.49.26,PTGC,2025.197.05.49.26,2025-07-16T05:49:26.668393Z,3,"HHE,HHN,HHZ",15001,100.0,ok,
PTGC.2025.197.06.56.41,PTGC,2025.197.06.56.41,2025-07-16T06:56:41.278393Z,3,"HHE,HHN,HHZ",15001,100.0,ok,
PTGC.2025.197.10.14.17,PTGC,2025.197.10.14.17,2025-07-16T10:14:17.718393Z,3,"HHE,HHN,HHZ",15001,100.0,ok,
PTGC.2025.198.01.46.53,PTGC,2025.198.01.46.53,2025-07-17T01:46:53.298393Z,3,"HHE,HHN,HHZ",15001,100.0,ok,
PTGC.2025.198.06.59.25,PTGC,2025.198.06.59.25,2025-07-17T06:59:25.678393Z,3,"HHE,HHN,HHZ",15001,100.0,ok,
PTGC.2025.198.10.25.03,PTGC,2025.198.10.25.03,2025-07-17T10:25:03.128393Z,3,"HHE,HHN,HHZ",15001,100.0,ok,
PTGC.2025.199.13.08.12,PTGC,2025.199.13.08.12,2025-07-18T13:08:12.798393Z,3,"HHE,HHN,HHZ",15001,100.0,ok,
PTGC.2025.200.02.10.59,PTGC,2025.200.02.10.59,2025-07-19T02:10:59.158393Z,3,"HHE,HHN,HHZ",15001,100.0,ok,
PTGC.2025.200.05.39.00,PTGC,2025.200.05.39.00,2025-07-19T05:39:00.768393Z,3,"HHE,HHN,HHZ",15001,100.0,ok,
PTGC.2025.201.00.11.28,PTGC,2025.201.00.11.28,2025-07-20T00:11:28.768393Z,3,"HHE,HHN,HHZ",15001,100.0,ok,
PTGC.2025.201.01.34.25,PTGC,2025.201.01.34.25,2025-07-20T01:34:25.798394Z,3,"HHE,HHN,HHZ",15001,100.0,ok,
PTGC.2025.201.01.45.19,PTGC,2025.201.01.45.19,2025-07-20T01:45:19.628391Z,3,"HHE,HHN,HHZ",15001,100.0,ok,
PTGC.2025.201.02.19.44,PTGC,2025.201.02.19.44,2025-07-20T02:19:44.878393Z,3,"HHE,HHN,HHZ",15001,100.0,ok,
PTGC.2025.201.08.01.13,PTGC,2025.201.08.01.13,2025-07-20T08:01:13.548393Z,3,"HHE,HHN,HHZ",15001,100.0,ok,
PTGC.2025.201.17.04.15,PTGC,2025.201.17.04.15,2025-07-20T17:04:15.338393Z,3,"HHE,HHN,HHZ",15001,100.0,ok,
PTGC.2025.201.18.17.41,PTGC,2025.201.18.17.41,2025-07-20T18:17:41.838393Z,3,"HHE,HHN,HHZ",15001,100.0,ok,
PTGC.2025.201.23.21.12,PTGC,2025.201.23.21.12,2025-07-20T23:21:12.028393Z,3,"HHE,HHN,HHZ",15001,100.0,ok,
PTGC.2025.201.23.27.51,PTGC,2025.201.23.27.51,2025-07-20T23:27:51.298393Z,3,"HHE,HHN,HHZ",15001,100.0,ok,
PTGC.2025.202.01.54.53,PTGC,2025.202.01.54.53,2025-07-21T01:54:53.148393Z,3,"HHE,HHN,HHZ",15001,100.0,ok,
PTGC.2025.202.02.20.40,PTGC,2025.202.02.20.40,2025-07-21T02:20:40.348393Z,3,"HHE,HHN,HHZ",15001,100.0,ok,
PTGC.2025.202.06.54.05,PTGC,2025.202.06.54.05,2025-07-21T06:54:05.898393Z,3,"HHE,HHN,HHZ",15001,100.0,ok,
PTGC.2025.202.08.17.55,PTGC,2025.202.08.17.55,2025-07-21T08:17:55.178393Z,3,"HHE,HHN,HHZ",15001,100.0,ok,
PTGC.2025.202.14.27.11,PTGC,2025.202.14.27.11,2025-07-21T14:27:11.538393Z,3,"HHE,HHN,HHZ",15001,100.0,ok,
PTGC.2025.202.14.47.54,PTGC,2025.202.14.47.54,2025-07-21T14:47:54.488393Z,3,"HHE,HHN,HHZ",15001,100.0,ok,
PTGC.2025.202.15.47.35,PTGC,2025.202.15.47.35,2025-07-21T15:47:35.318393Z,3,"HHE,HHN,HHZ",15001,100.0,ok,
PTGC.2025.202.18.49.22,PTGC,2025.202.18.49.22,2025-07-21T18:49:22.318393Z,3,"HHE,HHN,HHZ",15001,100.0,ok,
PTGC.2025.202.18.51.55,PTGC,2025.202.18.51.55,2025-07-21T18:51:55.468393Z,3,"HHE,HHN,HHZ",15001,100.0,ok,
PTGC.2025.202.19.08.36,PTGC,2025.202.19.08.36,2025-07-21T19:08:36.518393Z,3,"HHE,HHN,HHZ",15001,100.0,ok,
PTGC.2025.202.19.31.17,PTGC,2025.202.19.31.17,2025-07-21T19:31:17.238393Z,3,"HHE,HHN,HHZ",15001,100.0,ok,
PTGC.2025.202.19.53.49,PTGC,2025.202.19.53.49,2025-07-21T19:53:49.448393Z,3,"HHE,HHN,HHZ",15001,100.0,ok,
PTGC.2025.202.20.05.41,PTGC,2025.202.20.05.41,2025-07-21T20:05:41.548393Z,3,"HHE,HHN,HHZ",15001,100.0,ok,
PTGC.2025.202.20.22.57,PTGC,2025.202.20.22.57,2025-07-21T20:22:57.258391Z,3,"HHE,HHN,HHZ",15001,100.0,ok,
PTGC.2025.202.20.23.53,PTGC,2025.202.20.23.53,2025-07-21T20:23:53.028391Z,3,"HHE,HHN,HHZ",15001,100.0,ok,
PTGC.2025.202.21.54.03,PTGC,2025.202.21.54.03,2025-07-21T21:54:03.668393Z,3,"HHE,HHN,HHZ",15001,100.0,ok,
PTGC.2025.202.21.54.09,PTGC,2025.202.21.54.09,2025-07-21T21:54:09.658393Z,3,"HHE,HHN,HHZ",15001,100.0,ok,
PTGC.2025.202.22.07.57,PTGC,2025.202.22.07.57,2025-07-21T22:07:57.098393Z,3,"HHE,HHN,HHZ",15001,100.0,ok,
PTGC.2025.203.00.24.09,PTGC,2025.203.00.24.09,2025-07-22T00:24:09.438393Z,3,"HHE,HHN,HHZ",15001,100.0,ok,
PTGC.2025.203.04.29.22,PTGC,2025.203.04.29.22,2025-07-22T04:29:22.938393Z,3,"HHE,HHN,HHZ",15001,100.0,ok,
PTGC.2025.203.06.47.22,PTGC,2025.203.06.47.22,2025-07-22T06:47:22.968393Z,3,"HHE,HHN,HHZ",15001,100.0,ok,
PTGC.2025.203.12.02.02,PTGC,2025.203.12.02.02,2025-07-22T12:02:02.128393Z,3,"HHE,HHN,HHZ",15001,100.0,ok,
PTGC.2025.203.13.52.24,PTGC,2025.203.13.52.24,2025-07-22T13:52:24.398393Z,3,"HHE,HHN,HHZ",15001,100.0,ok,
PTGC.2025.203.14.04.10,PTGC,2025.203.14.04.10,2025-07-22T14:04:10.898393Z,3,"HHE,HHN,HHZ",15001,100.0,ok,
PTGC.2025.203.18.57.58,PTGC,2025.203.18.57.58,2025-07-22T18:57:58.758393Z,3,"HHE,HHN,HHZ",15001,100.0,ok,
PTGC.2025.203.19.10.51,PTGC,2025.203.19.10.51,2025-07-22T19:10:51.878393Z,3,"HHE,HHN,HHZ",15001,100.0,ok,
PTGC.2025.204.06.10.41,PTGC,2025.204.06.10.41,2025-07-23T06:10:41.198393Z,3,"HHE,HHN,HHZ",15001,100.0,ok,
PTGC.2025.204.08.09.57,PTGC,2025.204.08.09.57,2025-07-23T08:09:57.888393Z,3,"HHE,HHN,HHZ",15001,100.0,ok,
PTGC.2025.204.08.11.44,PTGC,2025.204.08.11.44,2025-07-23T08:11:44.318393Z,3,"HHE,HHN,HHZ",15001,100.0,ok,
PTGC.2025.205.05.39.12,PTGC,2025.205.05.39.12,2025-07-24T05:39:12.958393Z,3,"HHE,HHN,HHZ",15001,100.0,ok,
PTGC.2025.205.07.33.25,PTGC,2025.205.07.33.25,2025-07-24T07:33:25.718391Z,3,"HHE,HHN,HHZ",15001,100.0,ok,
PTGC.2025.205.18.50.29,PTGC,2025.205.18.50.29,2025-07-24T18:50:29.318393Z,3,"HHE,HHN,HHZ",15001,100.0,ok,
PTGC.2025.206.08.07.38,PTGC,2025.206.08.07.38,2025-07-25T08:07:38.388393Z,3,"HHE,HHN,HHZ",15001,100.0,ok,
PTGC.2025.206.11.39.17,PTGC,2025.206.11.39.17,2025-07-25T11:39:17.608393Z,3,"HHE,HHN,HHZ",15001,100.0,ok,
PTGC.2025.207.00.46.36,PTGC,2025.207.00.46.36,2025-07-26T00:46:36.638393Z,3,"HHE,HHN,HHZ",15001,100.0,ok,
PTGC.2025.207.17.58.17,PTGC,2025.207.17.58.17,2025-07-26T17:58:17.668391Z,3,"HHE,HHN,HHZ",15001,100.0,ok,
PTGC.2025.207.18.37.42,PTGC,2025.207.18.37.42,2025-07-26T18:37:42.408393Z,3,"HHE,HHN,HHZ",15001,100.0,ok,
PTGC.2025.207.19.19.18,PTGC,2025.207.19.19.18,2025-07-26T19:19:18.598393Z,3,"HHE,HHN,HHZ",15001,100.0,ok,
PTGC.2025.207.21.09.15,PTGC,2025.207.21.09.15,2025-07-26T21:09:15.758391Z,3,"HHE,HHN,HHZ",15001,100.0,ok,
PTGC.2025.207.21.39.57,PTGC,2025.207.21.39.57,2025-07-26T21:39:57.888393Z,3,"HHE,HHN,HHZ",15001,100.0,ok,
PTGC.2025.208.00.17.25,PTGC,2025.208.00.17.25,2025-07-27T00:17:25.668393Z,3,"HHE,HHN,HHZ",15001,100.0,ok,
PTGC.2025.208.02.17.02,PTGC,2025.208.02.17.02,2025-07-27T02:17:02.138393Z,3,"HHE,HHN,HHZ",15001,100.0,ok,
PTGC.2025.208.02.17.56,PTGC,2025.208.02.17.56,2025-07-27T02:17:56.558393Z,3,"HHE,HHN,HHZ",15001,100.0,ok,
PTGC.2025.208.08.08.57,PTGC,2025.208.08.08.57,2025-07-27T08:08:57.228393Z,3,"HHE,HHN,HHZ",15001,100.0,ok,
PTGC.2025.208.12.13.23,PTGC,2025.208.12.13.23,2025-07-27T12:13:23.848393Z,3,"HHE,HHN,HHZ",15001,100.0,ok,
PTGC.2025.208.14.52.17,PTGC,2025.208.14.52.17,2025-07-27T14:52:17.698393Z,3,"HHE,HHN,HHZ",15001,100.0,ok,
PTGC.2025.209.05.05.52,PTGC,2025.209.05.05.52,2025-07-28T05:05:52.328393Z,3,"HHE,HHN,HHZ",15001,100.0,ok,
PTGC.2025.209.10.31.24,PTGC,2025.209.10.31.24,2025-07-28T10:31:24.098393Z,3,"HHE,HHN,HHZ",15001,100.0,ok,
PTGC.2025.209.11.43.59,PTGC,2025.209.11.43.59,2025-07-28T11:43:59.288393Z,3,"HHE,HHN,HHZ",15001,100.0,ok,
PTGC.2025.209.16.28.09,PTGC,2025.209.16.28.09,2025-07-28T16:28:09.668393Z,3,"HHE,HHN,HHZ",15001,100.0,ok,
PTGC.2025.210.03.38.49,PTGC,2025.210.03.38.49,2025-07-29T03:38:49.488393Z,3,"HHE,HHN,HHZ",15001,100.0,ok,
PTGC.2025.210.17.42.21,PTGC,2025.210.17.42.21,2025-07-29T17:42:21.148393Z,3,"HHE,HHN,HHZ",15001,100.0,ok,
PTGC.2025.210.21.01.16,PTGC,2025.210.21.01.16,2025-07-29T21:01:16.058393Z,3,"HHE,HHN,HHZ",15001,100.0,ok,
PTGC.2025.211.06.35.09,PTGC,2025.211.06.35.09,2025-07-30T06:35:09.708393Z,3,"HHE,HHN,HHZ",15001,100.0,ok,
PTGC.2025.211.06.44.58,PTGC,2025.211.06.44.58,2025-07-30T06:44:58.638393Z,3,"HHE,HHN,HHZ",15001,100.0,ok,
PTGC.2025.211.06.46.44,PTGC,2025.211.06.46.44,2025-07-30T06:46:44.708393Z,3,"HHE,HHN,HHZ",15001,100.0,ok,
PTGC.2025.211.08.45.56,PTGC,2025.211.08.45.56,2025-07-30T08:45:56.358393Z,3,"HHE,HHN,HHZ",15001,100.0,ok,
PTGC.2025.211.14.25.24,PTGC,2025.211.14.25.24,2025-07-30T14:25:24.358393Z,3,"HHE,HHN,HHZ",15001,100.0,ok,
PTGC.2025.211.15.17.53,PTGC,2025.211.15.17.53,2025-07-30T15:17:53.298393Z,3,"HHE,HHN,HHZ",15001,100.0,ok,
PTGC.2025.211.22.09.10,PTGC,2025.211.22.09.10,2025-07-30T22:09:10.698391Z,3,"HHE,HHN,HHZ",15001,100.0,ok,
PTGC.2025.212.00.07.53,PTGC,2025.212.00.07.53,2025-07-31T00:07:53.038393Z,3,"HHE,HHN,HHZ",15001,100.0,ok,
PTGC.2025.212.00.53.18,PTGC,2025.212.00.53.18,2025-07-31T00:53:18.468393Z,3,"HHE,HHN,HHZ",15001,100.0,ok,
PTGC.2025.212.01.44.51,PTGC,2025.212.01.44.51,2025-07-31T01:44:51.718393Z,3,"HHE,HHN,HHZ",15001,100.0,ok,
PTGC.2025.212.02.34.02,PTGC,2025.212.02.34.02,2025-07-31T02:34:02.258393Z,3,"HHE,HHN,HHZ",15001,100.0,ok,
PTGC.2025.212.02.45.25,PTGC,2025.212.02.45.25,2025-07-31T02:45:25.868393Z,3,"HHE,HHN,HHZ",15001,100.0,ok,
PTGC.2025.212.03.29.28,PTGC,2025.212.03.29.28,2025-07-31T03:29:28.328393Z,3,"HHE,HHN,HHZ",15001,100.0,ok,
PTGC.2025.212.04.52.20,PTGC,2025.212.04.52.20,2025-07-31T04:52:20.508394Z,3,"HHE,HHN,HHZ",15001,100.0,ok,
PTGC.2025.212.06.59.40,PTGC,2025.212.06.59.40,2025-07-31T06:59:40.388393Z,3,"HHE,HHN,HHZ",15001,100.0,ok,
PTGC.2025.212.08.09.49,PTGC,2025.212.08.09.49,2025-07-31T08:09:49.248393Z,3,"HHE,HHN,HHZ",15001,100.0,ok,
PTGC.2025.212.18.30.12,PTGC,2025.212.18.30.12,2025-07-31T18:30:12.658393Z,3,"HHE,HHN,HHZ",15001,100.0,ok,
PTGC.2025.212.19.26.00,PTGC,2025.212.19.26.00,2025-07-31T19:26:00.108393Z,3,"HHE,HHN,HHZ",15001,100.0,ok,
PTGC.2025.212.19.58.57,PTGC,2025.212.19.58.57,2025-07-31T19:58:57.578393Z,3,"HHE,HHN,HHZ",15001,100.0,ok,
PTGC.2025.213.01.52.45,PTGC,2025.213.01.52.45,2025-08-01T01:52:45.578393Z,3,"HHE,HHN,HHZ",15001,100.0,ok,
PTGC.2025.213.05.06.23,PTGC,2025.213.05.06.23,2025-08-01T05:06:23.548391Z,3,"HHE,HHN,HHZ",15001,100.0,ok,
PTGC.2025.213.11.09.37,PTGC,2025.213.11.09.37,2025-08-01T11:09:37.968391Z,3,"HHE,HHN,HHZ",15001,100.0,ok,
PTGC.2025.214.00.57.45,PTGC,2025.214.00.57.45,2025-08-02T00:57:45.848393Z,3,"HHE,HHN,HHZ",15001,100.0,ok,
PTGC.2025.214.01.30.45,PTGC,2025.214.01.30.45,2025-08-02T01:30:45.798393Z,3,"HHE,HHN,HHZ",15001,100.0,ok,
PTGC.2025.214.02.27.56,PTGC,2025.214.02.27.56,2025-08-02T02:27:56.608393Z,3,"HHE,HHN,HHZ",15001,100.0,ok,
PTGC.2025.214.09.36.23,PTGC,2025.214.09.36.23,2025-08-02T09:36:23.258393Z,3,"HHE,HHN,HHZ",15001,100.0,ok,
PTGC.2025.214.12.03.59,PTGC,2025.214.12.03.59,2025-08-02T12:03:59.658393Z,3,"HHE,HHN,HHZ",15001,100.0,ok,
PTGC.2025.215.10.11.00,PTGC,2025.215.10.11.00,2025-08-03T10:11:00.928393Z,3,"HHE,HHN,HHZ",15001,100.0,ok,
PTGC.2025.215.12.26.27,PTGC,2025.215.12.26.27,2025-08-03T12:26:27.938393Z,3,"HHE,HHN,HHZ",15001,100.0,ok,
PTGC.2025.215.22.55.34,PTGC,2025.215.22.55.34,2025-08-03T22:55:34.388393Z,3,"HHE,HHN,HHZ",15001,100.0,ok,
PTGC.2025.216.23.24.50,PTGC,2025.216.23.24.50,2025-08-04T23:24:50.228393Z,3,"HHE,HHN,HHZ",15001,100.0,ok,
PTGC.2025.218.02.06.04,PTGC,2025.218.02.06.04,2025-08-06T02:06:04.488393Z,3,"HHE,HHN,HHZ",15001,100.0,ok,
PTGC.2025.218.07.40.34,PTGC,2025.218.07.40.34,2025-08-06T07:40:34.588393Z,3,"HHE,HHN,HHZ",15001,100.0,ok,
PTGC.2025.218.22.09.14,PTGC,2025.218.22.09.14,2025-08-06T22:09:14.248393Z,3,"HHE,HHN,HHZ",12572,100.0,discarded,too_short
PTGC.2025.219.03.28.04,PTGC,2025.219.03.28.04,2025-08-07T03:28:04.278393Z,3,"HHE,HHN,HHZ",15001,100.0,ok,
PTGC.2025.220.00.53.15,PTGC,2025.220.00.53.15,2025-08-08T00:53:15.668393Z,3,"HHE,HHN,HHZ",15001,100.0,ok,
PTGC.2025.220.01.32.17,PTGC,2025.220.01.32.17,2025-08-08T01:32:17.158393Z,3,"HHE,HHN,HHZ",15001,100.0,ok,
PTGC.2025.220.11.03.57,PTGC,2025.220.11.03.57,2025-08-08T11:03:57.768393Z,3,"HHE,HHN,HHZ",15001,100.0,ok,
PTGC.2025.220.17.46.20,PTGC,2025.220.17.46.20,2025-08-08T17:46:20.728393Z,3,"HHE,HHN,HHZ",15001,100.0,ok,
PTGC.2025.220.20.40.19,PTGC,2025.220.20.40.19,2025-08-08T20:41:08.968393Z,3,"HHE,HHN,HHZ",3100,100.0,discarded,too_short
PTGC.2025.222.06.00.42,PTGC,2025.222.06.00.42,2025-08-10T06:00:42.898393Z,3,"HHE,HHN,HHZ",15001,100.0,ok,
PTGC.2025.222.06.56.55,PTGC,2025.222.06.56.55,2025-08-10T06:56:55.118393Z,3,"HHE,HHN,HHZ",15001,100.0,ok,
PTGC.2025.222.11.31.17,PTGC,2025.222.11.31.17,2025-08-10T11:31:17.198393Z,3,"HHE,HHN,HHZ",15001,100.0,ok,
PTGC.2025.222.18.55.15,PTGC,2025.222.18.55.15,2025-08-10T18:55:15.418393Z,3,"HHE,HHN,HHZ",15001,100.0,ok,
PTGC.2025.223.01.39.09,PTGC,2025.223.01.39.09,2025-08-11T01:39:09.668393Z,3,"HHE,HHN,HHZ",15001,100.0,ok,
PTGC.2025.223.01.44.12,PTGC,2025.223.01.44.12,2025-08-11T01:44:12.378393Z,3,"HHE,HHN,HHZ",15001,100.0,ok,
PTGC.2025.223.02.24.24,PTGC,2025.223.02.24.24,2025-08-11T02:24:24.558391Z,3,"HHE,HHN,HHZ",15001,100.0,ok,
PTGC.2025.224.02.50.00,PTGC,2025.224.02.50.00,2025-08-12T02:50:00.828391Z,3,"HHE,HHN,HHZ",15001,100.0,ok,
PTGC.2025.224.09.12.49,PTGC,2025.224.09.12.49,2025-08-12T09:12:49.408393Z,3,"HHE,HHN,HHZ",15001,100.0,ok,
PTGC.2025.225.13.59.27,PTGC,2025.225.13.59.27,2025-08-13T13:59:27.548393Z,3,"HHE,HHN,HHZ",15001,100.0,ok,
PTGC.2025.226.19.45.49,PTGC,2025.226.19.45.49,2025-08-14T19:45:49.678393Z,3,"HHE,HHN,HHZ",15001,100.0,ok,
PTGC.2025.227.03.21.57,PTGC,2025.227.03.21.57,2025-08-15T03:21:57.808393Z,3,"HHE,HHN,HHZ",15001,100.0,ok,
PTGC.2025.227.09.20.04,PTGC,2025.227.09.20.04,2025-08-15T09:20:04.248393Z,3,"HHE,HHN,HHZ",15001,100.0,ok,
PTGC.2025.227.11.36.54,PTGC,2025.227.11.36.54,2025-08-15T11:36:54.388391Z,3,"HHE,HHN,HHZ",15001,100.0,ok,
PTGC.2025.228.08.40.00,PTGC,2025.228.08.40.00,2025-08-16T08:40:00.528393Z,3,"HHE,HHN,HHZ",15001,100.0,ok,
PTGC.2025.228.10.00.59,PTGC,2025.228.10.00.59,2025-08-16T10:00:59.918393Z,3,"HHE,HHN,HHZ",15001,100.0,ok,
PTGC.2025.228.20.08.48,PTGC,2025.228.20.08.48,2025-08-16T20:08:48.418393Z,3,"HHE,HHN,HHZ",15001,100.0,ok,
PTGC.2025.229.09.11.52,PTGC,2025.229.09.11.52,2025-08-17T09:11:52.248391Z,3,"HHE,HHN,HHZ",15001,100.0,ok,
PTGC.2025.229.10.16.34,PTGC,2025.229.10.16.34,2025-08-17T10:16:34.968393Z,3,"HHE,HHN,HHZ",15001,100.0,ok,
PTGC.2025.230.01.00.39,PTGC,2025.230.01.00.39,2025-08-18T01:00:39.348393Z,3,"HHE,HHN,HHZ",15001,100.0,ok,
PTGC.2025.230.02.45.41,PTGC,2025.230.02.45.41,2025-08-18T02:45:41.238393Z,3,"HHE,HHN,HHZ",15001,100.0,ok,
PTGC.2025.230.08.02.11,PTGC,2025.230.08.02.11,2025-08-18T08:02:11.768393Z,3,"HHE,HHN,HHZ",15001,100.0,ok,
PTGC.2025.230.10.15.54,PTGC,2025.230.10.15.54,2025-08-18T10:15:54.808393Z,3,"HHE,HHN,HHZ",15001,100.0,ok,
PTGC.2025.230.14.31.53,PTGC,2025.230.14.31.53,2025-08-18T14:31:53.538393Z,3,"HHE,HHN,HHZ",15001,100.0,ok,
PTGC.2025.230.21.32.54,PTGC,2025.230.21.32.54,2025-08-18T21:32:54.598393Z,3,"HHE,HHN,HHZ",15001,100.0,ok,
PTGC.2025.231.03.12.27,PTGC,2025.231.03.12.27,2025-08-19T03:12:27.368391Z,3,"HHE,HHN,HHZ",15001,100.0,ok,
PTGC.2025.231.14.56.51,PTGC,2025.231.14.56.51,2025-08-19T14:56:51.288393Z,3,"HHE,HHN,HHZ",15001,100.0,ok,
PTGC.2025.231.16.13.04,PTGC,2025.231.16.13.04,2025-08-19T16:13:04.658393Z,3,"HHE,HHN,HHZ",15001,100.0,ok,
PTGC.2025.232.03.28.28,PTGC,2025.232.03.28.28,2025-08-20T03:28:28.088393Z,3,"HHE,HHN,HHZ",15001,100.0,ok,
PTGC.2025.232.06.02.00,PTGC,2025.232.06.02.00,2025-08-20T06:02:00.328393Z,3,"HHE,HHN,HHZ",15001,100.0,ok,
PTGC.2025.232.09.54.23,PTGC,2025.232.09.54.23,2025-08-20T09:54:23.608393Z,3,"HHE,HHN,HHZ",15001,100.0,ok,
PTGC.2025.232.18.31.34,PTGC,2025.232.18.31.34,2025-08-20T18:31:34.348393Z,3,"HHE,HHN,HHZ",15001,100.0,ok,
PTGC.2025.232.23.29.26,PTGC,2025.232.23.29.26,2025-08-20T23:29:26.558393Z,3,"HHE,HHN,HHZ",15001,100.0,ok,
PTGC.2025.233.02.05.16,PTGC,2025.233.02.05.16,2025-08-21T02:05:16.968393Z,3,"HHE,HHN,HHZ",15001,100.0,ok,
PTGC.2025.233.02.52.48,PTGC,2025.233.02.52.48,2025-08-21T02:52:48.548393Z,3,"HHE,HHN,HHZ",15001,100.0,ok,
PTGC.2025.233.03.03.02,PTGC,2025.233.03.03.02,2025-08-21T03:03:02.658393Z,3,"HHE,HHN,HHZ",15001,100.0,ok,
PTGC.2025.233.06.28.39,PTGC,2025.233.06.28.39,2025-08-21T06:28:39.648391Z,3,"HHE,HHN,HHZ",15001,100.0,ok,
PTGC.2025.233.11.03.11,PTGC,2025.233.11.03.11,2025-08-21T11:03:11.798393Z,3,"HHE,HHN,HHZ",15001,100.0,ok,
PTGC.2025.234.01.45.02,PTGC,2025.234.01.45.02,2025-08-22T01:45:02.038393Z,3,"HHE,HHN,HHZ",15001,100.0,ok,
PTGC.2025.234.01.49.33,PTGC,2025.234.01.49.33,2025-08-22T01:49:33.428393Z,3,"HHE,HHN,HHZ",15001,100.0,ok,
PTGC.2025.234.02.23.49,PTGC,2025.234.02.23.49,2025-08-22T02:23:49.898393Z,3,"HHE,HHN,HHZ",15001,100.0,ok,
PTGC.2025.234.02.54.47,PTGC,2025.234.02.54.47,2025-08-22T02:54:47.128393Z,3,"HHE,HHN,HHZ",15001,100.0,ok,
PTGC.2025.234.04.16.18,PTGC,2025.234.04.16.18,2025-08-22T04:16:18.408393Z,3,"HHE,HHN,HHZ",15001,100.0,ok,
PTGC.2025.234.05.18.02,PTGC,2025.234.05.18.02,2025-08-22T05:18:02.708393Z,3,"HHE,HHN,HHZ",15001,100.0,ok,
PTGC.2025.234.20.26.35,PTGC,2025.234.20.26.35,2025-08-22T20:26:35.248391Z,3,"HHE,HHN,HHZ",15001,100.0,ok,
PTGC.2025.235.04.59.26,PTGC,2025.235.04.59.26,2025-08-23T04:59:26.578393Z,3,"HHE,HHN,HHZ",15001,100.0,ok,
PTGC.2025.235.05.05.08,PTGC,2025.235.05.05.08,2025-08-23T05:05:08.598393Z,3,"HHE,HHN,HHZ",15001,100.0,ok,
PTGC.2025.235.10.51.00,PTGC,2025.235.10.51.00,2025-08-23T10:51:00.778393Z,3,"HHE,HHN,HHZ",15001,100.0,ok,
PTGC.2025.235.12.38.23,PTGC,2025.235.12.38.23,2025-08-23T12:38:23.908394Z,3,"HHE,HHN,HHZ",15001,100.0,ok,
PTGC.2025.235.16.40.58,PTGC,2025.235.16.40.58,2025-08-23T16:40:58.218393Z,3,"HHE,HHN,HHZ",15001,100.0,ok,
PTGC.2025.236.02.32.12,PTGC,2025.236.02.32.12,2025-08-24T02:32:12.348393Z,3,"HHE,HHN,HHZ",15001,100.0,ok,
PTGC.2025.236.07.36.01,PTGC,2025.236.07.36.01,2025-08-24T07:36:01.338393Z,3,"HHE,HHN,HHZ",15001,100.0,ok,
PTGC.2025.236.17.31.11,PTGC,2025.236.17.31.11,2025-08-24T17:31:11.288393Z,3,"HHE,HHN,HHZ",15001,100.0,ok,
PTGC.2025.237.01.29.49,PTGC,2025.237.01.29.49,2025-08-25T01:29:49.748393Z,3,"HHE,HHN,HHZ",15001,100.0,ok,
PTGC.2025.237.05.08.28,PTGC,2025.237.05.08.28,2025-08-25T05:08:28.408393Z,3,"HHE,HHN,HHZ",15001,100.0,ok,
PTGC.2025.237.09.51.49,PTGC,2025.237.09.51.49,2025-08-25T09:51:49.618391Z,3,"HHE,HHN,HHZ",15001,100.0,ok,
PTGC.2025.237.13.07.34,PTGC,2025.237.13.07.34,2025-08-25T13:07:34.918393Z,3,"HHE,HHN,HHZ",15001,100.0,ok,
PTGC.2025.237.13.43.38,PTGC,2025.237.13.43.38,2025-08-25T13:43:38.158394Z,3,"HHE,HHN,HHZ",15001,100.0,ok,
PTGC.2025.238.18.12.15,PTGC,2025.238.18.12.15,2025-08-26T18:12:15.548391Z,3,"HHE,HHN,HHZ",15001,100.0,ok,
PTGC.2025.238.20.03.36,PTGC,2025.238.20.03.36,2025-08-26T20:03:36.748393Z,3,"HHE,HHN,HHZ",15001,100.0,ok,
PTGC.2025.239.04.46.03,PTGC,2025.239.04.46.03,2025-08-27T04:46:03.748393Z,3,"HHE,HHN,HHZ",15001,100.0,ok,
PTGC.2025.239.08.37.18,PTGC,2025.239.08.37.18,2025-08-27T08:37:18.418393Z,3,"HHE,HHN,HHZ",15001,100.0,ok,
PTGC.2025.239.09.35.45,PTGC,2025.239.09.35.45,2025-08-27T09:35:45.388393Z,3,"HHE,HHN,HHZ",15001,100.0,ok,
PTGC.2025.239.15.03.33,PTGC,2025.239.15.03.33,2025-08-27T15:03:33.318393Z,3,"HHE,HHN,HHZ",15001,100.0,ok,
PTGC.2025.239.18.51.19,PTGC,2025.239.18.51.19,2025-08-27T18:51:19.538393Z,3,"HHE,HHN,HHZ",15001,100.0,ok,
PTGC.2025.240.00.02.11,PTGC,2025.240.00.02.11,2025-08-28T00:02:11.408393Z,3,"HHE,HHN,HHZ",15001,100.0,ok,
PTGC.2025.240.00.18.04,PTGC,2025.240.00.18.04,2025-08-28T00:18:04.018391Z,3,"HHE,HHN,HHZ",15001,100.0,ok,
PTGC.2025.240.01.29.45,PTGC,2025.240.01.29.45,2025-08-28T01:29:45.698393Z,3,"HHE,HHN,HHZ",15001,100.0,ok,
PTGC.2025.240.13.15.22,PTGC,2025.240.13.15.22,2025-08-28T13:15:22.358393Z,3,"HHE,HHN,HHZ",15001,100.0,ok,
PTGC.2025.240.22.22.23,PTGC,2025.240.22.22.23,2025-08-28T22:22:23.968393Z,3,"HHE,HHN,HHZ",15001,100.0,ok,
PTGC.2025.241.01.17.11,PTGC,2025.241.01.17.11,2025-08-29T01:17:11.318393Z,3,"HHE,HHN,HHZ",15001,100.0,ok,
PTGC.2025.241.03.22.02,PTGC,2025.241.03.22.02,2025-08-29T03:22:02.088393Z,3,"HHE,HHN,HHZ",15001,100.0,ok,
PTGC.2025.241.05.00.28,PTGC,2025.241.05.00.28,2025-08-29T05:00:28.658393Z,3,"HHE,HHN,HHZ",15001,100.0,ok,
PTGC.2025.241.10.18.33,PTGC,2025.241.10.18.33,2025-08-29T10:18:33.308393Z,3,"HHE,HHN,HHZ",15001,100.0,ok,
PTGC.2025.241.14.58.25,PTGC,2025.241.14.58.25,2025-08-29T14:58:25.868393Z,3,"HHE,HHN,HHZ",15001,100.0,ok,
PTGC.2025.241.16.05.05,PTGC,2025.241.16.05.05,2025-08-29T16:05:05.668393Z,3,"HHE,HHN,HHZ",15001,100.0,ok,
PTGC.2025.241.18.48.00,PTGC,2025.241.18.48.00,2025-08-29T18:48:00.298393Z,3,"HHE,HHN,HHZ",15001,100.0,ok,
PTGC.2025.241.23.35.06,PTGC,2025.241.23.35.06,2025-08-29T23:35:06.998393Z,3,"HHE,HHN,HHZ",15001,100.0,ok,
PTGC.2025.242.01.40.21,PTGC,2025.242.01.40.21,2025-08-30T01:40:21.618393Z,3,"HHE,HHN,HHZ",15001,100.0,ok,
PTGC.2025.242.03.29.58,PTGC,2025.242.03.29.58,2025-08-30T03:29:58.578393Z,3,"HHE,HHN,HHZ",15001,100.0,ok,
PTGC.2025.242.03.34.07,PTGC,2025.242.03.34.07,2025-08-30T03:34:07.458393Z,3,"HHE,HHN,HHZ",15001,100.0,ok,
PTGC.2025.242.06.21.35,PTGC,2025.242.06.21.35,2025-08-30T06:21:35.878393Z,3,"HHE,HHN,HHZ",15001,100.0,ok,
PTGC.2025.243.00.47.40,PTGC,2025.243.00.47.40,2025-08-31T00:47:40.178393Z,3,"HHE,HHN,HHZ",15001,100.0,ok,
PTGC.2025.243.06.30.17,PTGC,2025.243.06.30.17,2025-08-31T06:30:17.778393Z,3,"HHE,HHN,HHZ",15001,100.0,ok,
PTGC.2025.243.08.40.59,PTGC,2025.243.08.40.59,2025-08-31T08:40:59.898393Z,3,"HHE,HHN,HHZ",15001,100.0,ok,
PTGC.2025.243.22.05.22,PTGC,2025.243.22.05.22,2025-08-31T22:05:22.918393Z,3,"HHE,HHN,HHZ",15001,100.0,ok,
PTGC.2025.243.22.46.13,PTGC,2025.243.22.46.13,2025-08-31T22:46:13.188393Z,3,"HHE,HHN,HHZ",15001,100.0,ok,
PTGC.2025.244.02.06.10,PTGC,2025.244.02.06.10,2025-09-01T02:06:10.148393Z,3,"HHE,HHN,HHZ",15001,100.0,ok,
PTGC.2025.244.03.43.50,PTGC,2025.244.03.43.50,2025-09-01T03:43:50.768393Z,3,"HHE,HHN,HHZ",15001,100.0,ok,
PTGC.2025.244.13.55.25,PTGC,2025.244.13.55.25,2025-09-01T13:55:25.958393Z,3,"HHE,HHN,HHZ",15001,100.0,ok,
PTGC.2025.245.05.41.24,PTGC,2025.245.05.41.24,2025-09-02T05:41:24.338393Z,3,"HHE,HHN,HHZ",15001,100.0,ok,
PTGC.2025.245.07.48.56,PTGC,2025.245.07.48.56,2025-09-02T07:48:56.018393Z,3,"HHE,HHN,HHZ",15001,100.0,ok,
PTGC.2025.245.17.51.07,PTGC,2025.245.17.51.07,2025-09-02T17:51:07.328391Z,3,"HHE,HHN,HHZ",15001,100.0,ok,
PTGC.2025.245.19.55.42,PTGC,2025.245.19.55.42,2025-09-02T19:55:42.038393Z,3,"HHE,HHN,HHZ",15001,100.0,ok,
PTGC.2025.246.04.42.36,PTGC,2025.246.04.42.36,2025-09-03T04:42:36.308393Z,3,"HHE,HHN,HHZ",15001,100.0,ok,
PTGC.2025.246.06.24.52,PTGC,2025.246.06.24.52,2025-09-03T06:24:52.628393Z,3,"HHE,HHN,HHZ",15001,100.0,ok,
PTGC.2025.246.14.52.44,PTGC,2025.246.14.52.44,2025-09-03T14:52:44.538393Z,3,"HHE,HHN,HHZ",15001,100.0,ok,
PTGC.2025.246.18.09.12,PTGC,2025.246.18.09.12,2025-09-03T18:09:12.258393Z,3,"HHE,HHN,HHZ",15001,100.0,ok,
PTGC.2025.247.00.00.28,PTGC,2025.247.00.00.28,2025-09-04T00:00:28.928393Z,3,"HHE,HHN,HHZ",15001,100.0,ok,
PTGC.2025.250.02.20.58,PTGC,2025.250.02.20.58,2025-09-07T02:20:58.798393Z,3,"HHE,HHN,HHZ",15001,100.0,ok,
PTGC.2025.250.17.50.57,PTGC,2025.250.17.50.57,2025-09-07T17:50:57.168393Z,3,"HHE,HHN,HHZ",15001,100.0,ok,
PTGC.2025.251.02.38.04,PTGC,2025.251.02.38.04,2025-09-08T02:38:04.318393Z,3,"HHE,HHN,HHZ",15001,100.0,ok,
PTGC.2025.251.03.22.36,PTGC,2025.251.03.22.36,2025-09-08T03:22:36.278393Z,3,"HHE,HHN,HHZ",15001,100.0,ok,
PTGC.2025.251.07.58.58,PTGC,2025.251.07.58.58,2025-09-08T07:58:58.428393Z,3,"HHE,HHN,HHZ",15001,100.0,ok,
PTGC.2025.251.14.42.30,PTGC,2025.251.14.42.30,2025-09-08T14:42:30.568393Z,3,"HHE,HHN,HHZ",15001,100.0,ok,
PTGC.2025.251.22.24.12,PTGC,2025.251.22.24.12,2025-09-08T22:24:12.378393Z,3,"HHE,HHN,HHZ",15001,100.0,ok,
PTGC.2025.251.23.40.58,PTGC,2025.251.23.40.58,2025-09-08T23:40:58.638393Z,3,"HHE,HHN,HHZ",15001,100.0,ok,
PTGC.2025.252.00.47.28,PTGC,2025.252.00.47.28,2025-09-09T00:47:28.658393Z,3,"HHE,HHN,HHZ",15001,100.0,ok,
PTGC.2025.252.02.40.18,PTGC,2025.252.02.40.18,2025-09-09T02:40:18.158393Z,3,"HHE,HHN,HHZ",15001,100.0,ok,
PTGC.2025.252.04.13.50,PTGC,2025.252.04.13.50,2025-09-09T04:13:50.328394Z,3,"HHE,HHN,HHZ",15001,100.0,ok,
PTGC.2025.252.18.14.21,PTGC,2025.252.18.14.21,2025-09-09T18:14:21.228393Z,3,"HHE,HHN,HHZ",15001,100.0,ok,
PTGC.2025.253.00.16.47,PTGC,2025.253.00.16.47,2025-09-10T00:16:47.788393Z,3,"HHE,HHN,HHZ",15001,100.0,ok,
PTGC.2025.253.01.06.33,PTGC,2025.253.01.06.33,2025-09-10T01:06:33.238393Z,3,"HHE,HHN,HHZ",15001,100.0,ok,
PTGC.2025.253.05.21.06,PTGC,2025.253.05.21.06,2025-09-10T05:21:06.108393Z,3,"HHE,HHN,HHZ",15001,100.0,ok,
PTGC.2025.253.07.25.02,PTGC,2025.253.07.25.02,2025-09-10T07:25:02.628393Z,3,"HHE,HHN,HHZ",15001,100.0,ok,
PTGC.2025.253.13.59.18,PTGC,2025.253.13.59.18,2025-09-10T13:59:18.818393Z,3,"HHE,HHN,HHZ",15001,100.0,ok,
PTGC.2025.254.13.56.11,PTGC,2025.254.13.56.11,2025-09-11T13:56:11.428393Z,3,"HHE,HHN,HHZ",15001,100.0,ok,
PTGC.2025.254.15.47.10,PTGC,2025.254.15.47.10,2025-09-11T15:47:10.078393Z,3,"HHE,HHN,HHZ",15001,100.0,ok,
PTGC.2025.255.02.11.13,PTGC,2025.255.02.11.13,2025-09-12T02:11:13.078393Z,3,"HHE,HHN,HHZ",15001,100.0,ok,
PTGC.2025.255.05.36.21,PTGC,2025.255.05.36.21,2025-09-12T05:36:21.688393Z,3,"HHE,HHN,HHZ",15001,100.0,ok,
PTGC.2025.255.08.37.06,PTGC,2025.255.08.37.06,2025-09-12T08:37:06.318393Z,3,"HHE,HHN,HHZ",15001,100.0,ok,
PTGC.2025.255.20.26.11,PTGC,2025.255.20.26.11,2025-09-12T20:26:11.578393Z,3,"HHE,HHN,HHZ",15001,100.0,ok,
PTGC.2025.255.22.31.05,PTGC,2025.255.22.31.05,2025-09-12T22:31:05.778393Z,3,"HHE,HHN,HHZ",15001,100.0,ok,
PTGC.2025.256.02.53.47,PTGC,2025.256.02.53.47,2025-09-13T02:53:47.768393Z,3,"HHE,HHN,HHZ",15001,100.0,ok,
PTGC.2025.256.07.05.43,PTGC,2025.256.07.05.43,2025-09-13T07:05:43.758393Z,3,"HHE,HHN,HHZ",15001,100.0,ok,
PTGC.2025.256.11.23.28,PTGC,2025.256.11.23.28,2025-09-13T11:23:28.478393Z,3,"HHE,HHN,HHZ",15001,100.0,ok,
PTGC.2025.256.20.38.04,PTGC,2025.256.20.38.04,2025-09-13T20:38:04.908393Z,3,"HHE,HHN,HHZ",15001,100.0,ok,
PTGC.2025.257.03.12.04,PTGC,2025.257.03.12.04,2025-09-14T03:12:04.998393Z,3,"HHE,HHN,HHZ",15001,100.0,ok,
PTGC.2025.257.19.02.52,PTGC,2025.257.19.02.52,2025-09-14T19:02:52.198393Z,3,"HHE,HHN,HHZ",15001,100.0,ok,
PTGC.2025.257.23.12.38,PTGC,2025.257.23.12.38,2025-09-14T23:12:38.868393Z,3,"HHE,HHN,HHZ",15001,100.0,ok,
PTGC.2025.258.07.05.25,PTGC,2025.258.07.05.25,2025-09-15T07:05:25.598393Z,3,"HHE,HHN,HHZ",15001,100.0,ok,
PTGC.2025.258.08.57.49,PTGC,2025.258.08.57.49,2025-09-15T08:57:49.978393Z,3,"HHE,HHN,HHZ",15001,100.0,ok,
PTGC.2025.258.10.34.43,PTGC,2025.258.10.34.43,2025-09-15T10:34:43.668393Z,3,"HHE,HHN,HHZ",15001,100.0,ok,
PTGC.2025.259.06.08.33,PTGC,2025.259.06.08.33,2025-09-16T06:08:33.778393Z,3,"HHE,HHN,HHZ",15001,100.0,ok,
PTGC.2025.259.07.52.58,PTGC,2025.259.07.52.58,2025-09-16T07:52:58.688393Z,3,"HHE,HHN,HHZ",15001,100.0,ok,
PTGC.2025.259.11.24.01,PTGC,2025.259.11.24.01,2025-09-16T11:24:01.928393Z,3,"HHE,HHN,HHZ",15001,100.0,ok,
PTGC.2025.259.12.16.49,PTGC,2025.259.12.16.49,2025-09-16T12:16:49.528391Z,3,"HHE,HHN,HHZ",15001,100.0,ok,
PTGC.2025.259.18.48.51,PTGC,2025.259.18.48.51,2025-09-16T18:48:51.018393Z,3,"HHE,HHN,HHZ",15001,100.0,ok,
PTGC.2025.259.21.04.35,PTGC,2025.259.21.04.35,2025-09-16T21:04:35.588393Z,3,"HHE,HHN,HHZ",15001,100.0,ok,
PTGC.2025.261.05.33.21,PTGC,2025.261.05.33.21,2025-09-18T05:33:21.358393Z,3,"HHE,HHN,HHZ",15001,100.0,ok,
PTGC.2025.261.12.36.46,PTGC,2025.261.12.36.46,2025-09-18T12:36:46.408393Z,3,"HHE,HHN,HHZ",15001,100.0,ok,
PTGC.2025.262.07.02.42,PTGC,2025.262.07.02.42,2025-09-19T07:02:42.078393Z,3,"HHE,HHN,HHZ",15001,100.0,ok,
PTGC.2025.262.07.20.26,PTGC,2025.262.07.20.26,2025-09-19T07:20:26.628393Z,3,"HHE,HHN,HHZ",15001,100.0,ok,
PTGC.2025.263.12.57.53,PTGC,2025.263.12.57.53,2025-09-20T12:57:53.478393Z,3,"HHE,HHN,HHZ",15001,100.0,ok,
PTGC.2025.264.11.05.35,PTGC,2025.264.11.05.35,2025-09-21T11:05:35.138393Z,3,"HHE,HHN,HHZ",15001,100.0,ok,
PTGC.2025.264.11.12.30,PTGC,2025.264.11.12.30,2025-09-21T11:12:30.448393Z,3,"HHE,HHN,HHZ",15001,100.0,ok,
PTGC.2025.265.04.07.13,PTGC,2025.265.04.07.13,2025-09-22T04:07:13.738393Z,3,"HHE,HHN,HHZ",15001,100.0,ok,
PTGC.2025.265.09.11.53,PTGC,2025.265.09.11.53,2025-09-22T09:11:53.128393Z,3,"HHE,HHN,HHZ",15001,100.0,ok,
PTGC.2025.265.11.12.36,PTGC,2025.265.11.12.36,2025-09-22T11:12:36.638393Z,3,"HHE,HHN,HHZ",15001,100.0,ok,
PTGC.2025.265.20.55.51,PTGC,2025.265.20.55.51,2025-09-22T20:55:51.868393Z,3,"HHE,HHN,HHZ",15001,100.0,ok,
PTGC.2025.266.07.23.17,PTGC,2025.266.07.23.17,2025-09-23T07:23:17.088393Z,3,"HHE,HHN,HHZ",15001,100.0,ok,
PTGC.2025.266.09.28.51,PTGC,2025.266.09.28.51,2025-09-23T09:28:51.798393Z,3,"HHE,HHN,HHZ",15001,100.0,ok,
PTGC.2025.267.04.02.07,PTGC,2025.267.04.02.07,2025-09-24T04:02:07.358393Z,3,"HHE,HHN,HHZ",15001,100.0,ok,
PTGC.2025.267.08.01.50,PTGC,2025.267.08.01.50,2025-09-24T08:01:50.788393Z,3,"HHE,HHN,HHZ",15001,100.0,ok,
PTGC.2025.267.11.55.52,PTGC,2025.267.11.55.52,2025-09-24T11:55:52.398393Z,3,"HHE,HHN,HHZ",15001,100.0,ok,
PTGC.2025.268.17.50.05,PTGC,2025.268.17.50.05,2025-09-25T17:50:05.678393Z,3,"HHE,HHN,HHZ",15001,100.0,ok,
PTGC.2025.268.21.52.37,PTGC,2025.268.21.52.37,2025-09-25T21:52:37.048393Z,3,"HHE,HHN,HHZ",15001,100.0,ok,
PTGC.2025.269.07.30.28,PTGC,2025.269.07.30.28,2025-09-26T07:30:28.848393Z,3,"HHE,HHN,HHZ",15001,100.0,ok,
PTGC.2025.270.05.29.29,PTGC,2025.270.05.29.29,2025-09-27T05:29:29.258393Z,3,"HHE,HHN,HHZ",15001,100.0,ok,
PTGC.2025.270.13.31.38,PTGC,2025.270.13.31.38,2025-09-27T13:31:38.578393Z,3,"HHE,HHN,HHZ",15001,100.0,ok,
PTGC.2025.270.21.14.48,PTGC,2025.270.21.14.48,2025-09-27T21:14:48.438393Z,3,"HHE,HHN,HHZ",15001,100.0,ok,
PTGC.2025.271.08.05.02,PTGC,2025.271.08.05.02,2025-09-28T08:05:02.118393Z,3,"HHE,HHN,HHZ",15001,100.0,ok,
PTGC.2025.272.01.20.20,PTGC,2025.272.01.20.20,2025-09-29T01:20:20.478393Z,3,"HHE,HHN,HHZ",15001,100.0,ok,
PTGC.2025.272.06.24.23,PTGC,2025.272.06.24.23,2025-09-29T06:24:23.338393Z,3,"HHE,HHN,HHZ",15001,100.0,ok,
PTGC.2025.272.08.27.11,PTGC,2025.272.08.27.11,2025-09-29T08:27:11.708393Z,3,"HHE,HHN,HHZ",15001,100.0,ok,
PTGC.2025.273.09.53.49,PTGC,2025.273.09.53.49,2025-09-30T09:53:49.298393Z,3,"HHE,HHN,HHZ",15001,100.0,ok,
PTGC.2025.273.14.25.44,PTGC,2025.273.14.25.44,2025-09-30T14:25:44.318393Z,3,"HHE,HHN,HHZ",15001,100.0,ok,
PTGC.2025.274.09.12.22,PTGC,2025.274.09.12.22,2025-10-01T09:12:22.788393Z,3,"HHE,HHN,HHZ",15001,100.0,ok,
PTGC.2025.275.16.04.28,PTGC,2025.275.16.04.28,2025-10-02T16:04:28.388391Z,3,"HHE,HHN,HHZ",15001,100.0,ok,
PTGC.2025.276.04.04.52,PTGC,2025.276.04.04.52,2025-10-03T04:04:52.258393Z,3,"HHE,HHN,HHZ",15001,100.0,ok,
PTGC.2025.276.10.50.26,PTGC,2025.276.10.50.26,2025-10-03T10:50:26.388393Z,3,"HHE,HHN,HHZ",15001,100.0,ok,
PTGC.2025.277.01.16.24,PTGC,2025.277.01.16.24,2025-10-04T01:16:24.538393Z,3,"HHE,HHN,HHZ",15001,100.0,ok,
PTGC.2025.277.03.04.58,PTGC,2025.277.03.04.58,2025-10-04T03:04:58.928393Z,3,"HHE,HHN,HHZ",15001,100.0,ok,
PTGC.2025.277.12.20.42,PTGC,2025.277.12.20.42,2025-10-04T12:20:42.618393Z,3,"HHE,HHN,HHZ",15001,100.0,ok,
PTGC.2025.277.15.31.50,PTGC,2025.277.15.31.50,2025-10-04T15:31:50.318393Z,3,"HHE,HHN,HHZ",15001,100.0,ok,
PTGC.2025.278.00.21.31,PTGC,2025.278.00.21.31,2025-10-05T00:21:31.228391Z,3,"HHE,HHN,HHZ",15001,100.0,ok,
PTGC.2025.278.04.44.24,PTGC,2025.278.04.44.24,2025-10-05T04:44:24.478393Z,3,"HHE,HHN,HHZ",15001,100.0,ok,
PTGC.2025.278.15.04.10,PTGC,2025.278.15.04.10,2025-10-05T15:04:10.128393Z,3,"HHE,HHN,HHZ",15001,100.0,ok,
PTGC.2025.279.05.55.40,PTGC,2025.279.05.55.40,2025-10-06T05:55:40.358393Z,3,"HHE,HHN,HHZ",15001,100.0,ok,
PTGC.2025.280.05.53.46,PTGC,2025.280.05.53.46,2025-10-07T05:53:46.678393Z,3,"HHE,HHN,HHZ",15001,100.0,ok,
PTGC.2025.280.13.21.51,PTGC,2025.280.13.21.51,2025-10-07T13:21:51.378393Z,3,"HHE,HHN,HHZ",15001,100.0,ok,
PTGC.2025.281.02.21.36,PTGC,2025.281.02.21.36,2025-10-08T02:21:36.958393Z,3,"HHE,HHN,HHZ",15001,100.0,ok,
PTGC.2025.281.10.53.01,PTGC,2025.281.10.53.01,2025-10-08T10:53:01.738393Z,3,"HHE,HHN,HHZ",15001,100.0,ok,
PTGC.2025.281.21.34.45,PTGC,2025.281.21.34.45,2025-10-08T21:34:45.788393Z,3,"HHE,HHN,HHZ",15001,100.0,ok,
PTGC.2025.282.03.08.06,PTGC,2025.282.03.08.06,2025-10-09T03:08:06.818393Z,3,"HHE,HHN,HHZ",15001,100.0,ok,
PTGC.2025.282.17.09.53,PTGC,2025.282.17.09.53,2025-10-09T17:09:53.688393Z,3,"HHE,HHN,HHZ",15001,100.0,ok,
PTGC.2025.283.11.48.15,PTGC,2025.283.11.48.15,2025-10-10T11:48:15.258393Z,3,"HHE,HHN,HHZ",15001,100.0,ok,
PTGC.2025.283.19.00.27,PTGC,2025.283.19.00.27,2025-10-10T19:00:27.818393Z,3,"HHE,HHN,HHZ",15001,100.0,ok,
PTGC.2025.283.19.03.04,PTGC,2025.283.19.03.04,2025-10-10T19:03:04.688393Z,3,"HHE,HHN,HHZ",15001,100.0,ok,
PTGC.2025.284.05.49.50,PTGC,2025.284.05.49.50,2025-10-11T05:49:50.898393Z,3,"HHE,HHN,HHZ",15001,100.0,ok,
PTGC.2025.284.05.54.37,PTGC,2025.284.05.54.37,2025-10-11T05:54:37.568393Z,3,"HHE,HHN,HHZ",15001,100.0,ok,
PTGC.2025.285.05.35.05,PTGC,2025.285.05.35.05,2025-10-12T05:35:05.148393Z,3,"HHE,HHN,HHZ",15001,100.0,ok,
PTGC.2025.285.06.08.14,PTGC,2025.285.06.08.14,2025-10-12T06:08:14.538393Z,3,"HHE,HHN,HHZ",15001,100.0,ok,
PTGC.2025.285.15.18.43,PTGC,2025.285.15.18.43,2025-10-12T15:18:43.808393Z,3,"HHE,HHN,HHZ",15001,100.0,ok,
PTGC.2025.285.16.06.33,PTGC,2025.285.16.06.33,2025-10-12T16:06:33.798393Z,3,"HHE,HHN,HHZ",15001,100.0,ok,
PTGC.2025.286.20.09.57,PTGC,2025.286.20.09.57,2025-10-13T20:09:57.648393Z,3,"HHE,HHN,HHZ",15001,100.0,ok,
PTGC.2025.287.00.02.44,PTGC,2025.287.00.02.44,2025-10-14T00:02:44.538393Z,3,"HHE,HHN,HHZ",15001,100.0,ok,
PTGC.2025.287.02.52.53,PTGC,2025.287.02.52.53,2025-10-14T02:52:53.868393Z,3,"HHE,HHN,HHZ",15001,100.0,ok,
PTGC.2025.287.02.55.51,PTGC,2025.287.02.55.51,2025-10-14T02:55:51.488393Z,3,"HHE,HHN,HHZ",15001,100.0,ok,
PTGC.2025.287.08.15.37,PTGC,2025.287.08.15.37,2025-10-14T08:15:37.828393Z,3,"HHE,HHN,HHZ",15001,100.0,ok,
PTGC.2025.287.11.57.42,PTGC,2025.287.11.57.42,2025-10-14T11:57:42.658393Z,3,"HHE,HHN,HHZ",15001,100.0,ok,
PTGC.2025.287.19.01.41,PTGC,2025.287.19.01.41,2025-10-14T19:01:41.018393Z,3,"HHE,HHN,HHZ",15001,100.0,ok,
PTGC.2025.287.23.08.57,PTGC,2025.287.23.08.57,2025-10-14T23:08:57.658393Z,3,"HHE,HHN,HHZ",15001,100.0,ok,
PTGC.2025.288.00.06.39,PTGC,2025.288.00.06.39,2025-10-15T00:06:39.188393Z,3,"HHE,HHN,HHZ",15001,100.0,ok,
PTGC.2025.288.07.11.44,PTGC,2025.288.07.11.44,2025-10-15T07:11:44.588393Z,3,"HHE,HHN,HHZ",15001,100.0,ok,
PTGC.2025.288.11.39.09,PTGC,2025.288.11.39.09,2025-10-15T11:39:09.988393Z,3,"HHE,HHN,HHZ",15001,100.0,ok,
PTGC.2025.288.23.24.02,PTGC,2025.288.23.24.02,2025-10-15T23:24:02.408393Z,3,"HHE,HHN,HHZ",15001,100.0,ok,
PTGC.2025.289.06.39.12,PTGC,2025.289.06.39.12,2025-10-16T06:39:12.298393Z,3,"HHE,HHN,HHZ",15001,100.0,ok,
PTGC.2025.289.09.12.02,PTGC,2025.289.09.12.02,2025-10-16T09:12:02.768393Z,3,"HHE,HHN,HHZ",15001,100.0,ok,
PTGC.2025.290.00.41.19,PTGC,2025.290.00.41.19,2025-10-17T00:41:19.008393Z,3,"HHE,HHN,HHZ",15001,100.0,ok,
PTGC.2025.290.08.52.53,PTGC,2025.290.08.52.53,2025-10-17T08:52:53.568393Z,3,"HHE,HHN,HHZ",15001,100.0,ok,
