trace_name,station_code,timestamp,category,p_sample,s_sample,p_time_s,s_time_s,p_n_models,s_n_models,p_prob,s_prob,snr_p_db,snr_s_db,source_latitude,source_longitude,source_depth_km,source_magnitude,station_latitude,station_longitude,station_elevation_m,distance_km,back_azimuth
URE.2018.060.05.24.57,URE,2018.060.05.24.57,earthquake,2845.0,4675.0,28.45,46.75,3,2,0.8429,0.4351,8.53,16.36,6.918000221252441,-76.61799621582031,14.49,1.9,7.751667,-75.532667,251.0,151.2,232.5
URE.2018.060.15.27.15,URE,2018.060.15.27.15,earthquake,2984.0,4883.0,29.84,48.83,3,4,0.6758,0.3681,10.34,12.46,6.672999858856201,-76.71299743652344,20.68,2.4,7.751667,-75.532667,251.0,176.7,227.61
URE.2018.061.09.31.55,URE,2018.061.09.31.55,earthquake,2767.0,4287.0,27.67,42.87,3,3,0.8474,0.6262,29.05,20.85,6.960999965667725,-76.24800109863281,-0.36,1.4,7.751667,-75.532667,251.0,117.83,222.14
URE.2018.063.09.41.46,URE,2018.063.09.41.46,earthquake,2789.0,4183.0,27.89,41.83,4,2,0.7118,0.6337,11.88,7.01,7.093999862670898,-76.19100189208984,1.47,1.7,7.751667,-75.532667,251.0,102.82,225.02
URE.2018.063.23.03.47,URE,2018.063.23.03.47,earthquake,2887.0,4292.0,28.87,42.92,3,3,0.7938,0.4595,15.17,7.71,7.117000102996826,-76.18099975585938,0.0,1.7,7.751667,-75.532667,251.0,100.24,225.6
URE.2018.065.15.24.24,URE,2018.065.15.24.24,earthquake,2688.0,4693.0,26.88,46.93,3,3,0.7068,0.6077,6.86,7.64,6.84499979019165,-76.73100280761719,-0.07,3.0,7.751667,-75.532667,251.0,166.02,232.92
URE.2018.065.17.19.10,URE,2018.065.17.19.10,earthquake,3025.0,5317.0,30.25,53.17,3,3,0.8278,0.3364,0.07,12.63,7.416999816894531,-73.75499725341797,16.92,1.8,7.751667,-75.532667,251.0,199.63,100.57
URE.2018.065.20.15.17,URE,2018.065.20.15.17,earthquake,,4493.0,,44.93,0,2,0.0,0.6679,-1.07,6.55,6.85099983215332,-76.26599884033203,12.26,1.7,7.751667,-75.532667,251.0,128.37,219.16
URE.2018.103.15.39.45,URE,2018.103.15.39.45,earthquake,2841.0,4370.0,28.41,43.7,4,4,0.7133,0.3667,20.13,16.41,6.955999851226807,-76.22000122070312,9.49,2.9,7.751667,-75.532667,251.0,116.2,220.82
URE.2018.107.02.14.32,URE,2018.107.02.14.32,earthquake,2834.0,4245.0,28.34,42.45,3,4,0.8456,0.5621,14.15,8.79,7.104000091552734,-76.18000030517578,0.0,1.6,7.751667,-75.532667,251.0,101.18,224.98
URE.2018.107.03.49.29,URE,2018.107.03.49.29,earthquake,,4190.0,,41.9,0,2,0.0,0.4562,-0.43,9.52,6.921999931335449,-76.23799896240234,0.93,1.6,7.751667,-75.532667,251.0,120.35,220.37
URE.2018.107.07.42.25,URE,2018.107.07.42.25,earthquake,2895.0,4185.0,28.95,41.85,4,4,0.835,0.4852,28.89,13.46,7.178999900817871,-74.87999725341797,15.49,2.4,7.751667,-75.532667,251.0,95.92,131.28
URE.2018.108.01.05.38,URE,2018.108.01.05.38,earthquake,2855.0,3797.0,28.55,37.97,3,4,0.9585,0.4425,22.23,6.99,7.164999961853027,-75.68800354003906,24.04,1.7,7.751667,-75.532667,251.0,67.11,194.81
URE.2018.108.12.33.28,URE,2018.108.12.33.28,earthquake,2893.0,4313.0,28.93,43.13,3,3,0.7267,0.6729,18.59,9.47,7.098999977111816,-76.18000030517578,18.0,2.4,7.751667,-75.532667,251.0,101.57,224.76
URE.2018.109.09.31.33,URE,2018.109.09.31.33,earthquake,2881.0,,28.81,,4,0,0.8235,0.0,23.98,,7.144000053405762,-76.01699829101562,-0.02,2.0,7.751667,-75.532667,251.0,85.88,218.54
URE.2018.110.07.00.21,URE,2018.110.07.00.21,earthquake,3010.0,,30.1,,3,0,0.7648,0.0,6.29,,6.729000091552734,-76.58799743652344,16.0,2.0,7.751667,-75.532667,251.0,162.4,225.93
URE.2018.111.03.06.57,URE,2018.111.03.06.57,earthquake,2859.0,4358.0,28.59,43.58,3,2,0.8864,0.5094,21.9,15.69,6.965000152587891,-76.26799774169922,12.12,2.7,7.751667,-75.532667,251.0,119.0,223.07
URE.2018.113.05.04.13,URE,2018.113.05.04.13,earthquake,2899.0,4469.0,28.99,44.69,4,4,0.7956,0.4375,5.95,15.66,6.9039998054504395,-76.23300170898438,-0.02,1.9,7.751667,-75.532667,251.0,121.52,219.56
URE.2018.113.06.57.17,URE,2018.113.06.57.17,earthquake,2901.0,4870.0,29.01,48.7,3,4,0.8705,0.4068,5.24,8.2,6.763999938964844,-76.68299865722656,2.44,2.0,7.751667,-75.532667,251.0,167.54,229.38
URE.2018.114.09.20.38,URE,2018.114.09.20.38,earthquake,3018.0,,30.18,,3,0,0.3932,0.0,4.66,,6.682000160217285,-76.6449966430664,6.34,1.6,7.751667,-75.532667,251.0,170.54,226.15
URE.2018.114.20.31.32,URE,2018.114.20.31.32,earthquake,2891.0,4473.0,28.91,44.73,3,4,0.545,0.4755,7.35,7.28,7.285999774932861,-76.58399963378906,0.0,2.0,7.751667,-75.532667,251.0,126.95,246.14
URE.2018.114.23.25.45,URE,2018.114.23.25.45,earthquake,2953.0,6234.0,29.53,62.34,3,2,0.8312,0.401,12.69,9.92,5.113999843597412,-75.79900360107422,36.87,3.2,7.751667,-75.532667,251.0,293.18,185.78
URE.2018.115.04.50.36,URE,2018.115.04.50.36,earthquake,2823.0,4439.0,28.23,44.39,3,3,0.7703,0.3144,5.41,13.41,6.9120001792907715,-76.13600158691406,-0.24,1.7,7.751667,-75.532667,251.0,114.28,215.69
URE.2018.116.15.40.41,URE,2018.116.15.40.41,earthquake,2841.0,3731.0,28.41,37.31,4,4,0.9487,0.6292,27.26,5.88,7.533999919891357,-75.06600189208984,27.02,2.1,7.751667,-75.532667,251.0,56.84,115.03
URE.2018.117.14.55.40,URE,2018.117.14.55.40,earthquake,3121.0,,31.21,,3,0,0.8155,0.0,2.97,,6.129000186920166,-76.75700378417969,32.0,2.1,7.751667,-75.532667,251.0,224.74,217.09
URE.2018.118.06.03.18,URE,2018.118.06.03.18,earthquake,2756.0,4169.0,27.56,41.69,3,2,0.8466,0.4397,11.86,6.03,7.105999946594238,-76.19599914550781,0.97,1.6,7.751667,-75.532667,251.0,102.28,225.76
URE.2018.118.18.37.49,URE,2018.118.18.37.49,earthquake,2845.0,3915.0,28.45,39.15,4,4,0.8546,0.6438,6.85,17.98,7.125,-75.92400360107422,32.42,1.5,7.751667,-75.532667,251.0,81.67,211.96
URE.2018.120.18.59.47,URE,2018.120.18.59.47,earthquake,2919.0,4978.0,29.19,49.78,3,4,0.7444,0.4264,6.42,4.49,6.609000205993652,-76.65399932861328,9.02,1.8,7.751667,-75.532667,251.0,176.94,224.5
URE.2018.120.19.08.57,URE,2018.120.19.08.57,earthquake,2980.0,4445.0,29.8,44.45,3,3,0.7481,0.5912,6.54,12.58,6.922999858856201,-76.11000061035156,30.55,1.9,7.751667,-75.532667,251.0,111.63,214.86
URE.2018.121.02.36.16,URE,2018.121.02.36.16,earthquake,2817.0,4249.0,28.17,42.49,3,2,0.617,0.3693,4.61,11.73,6.8379998207092285,-75.9530029296875,4.19,1.7,7.751667,-75.532667,251.0,111.19,204.7
URE.2018.123.10.10.26,URE,2018.123.10.10.26,earthquake,2840,4095.0,28.4,40.95,4,4,0.7886,0.5342,21.74,17.46,7.076000213623047,-76.01699829101562,18.69,2.1,7.751667,-75.532667,251.0,91.88,215.62
URE.2018.124.04.11.39,URE,2018.124.04.11.39,earthquake,2966,4380.0,29.66,43.8,3,3,0.6867,0.6206,4.52,22.11,7.1479997634887695,-76.25900268554688,0.46,1.9,7.751667,-75.532667,251.0,104.33,230.26
URE.2018.124.05.58.16,URE,2018.124.05.58.16,earthquake,2957,4935.0,29.57,49.35,3,3,0.8563,0.5184,16.87,11.14,6.64900016784668,-76.66000366210938,23.51,2.7,7.751667,-75.532667,251.0,174.28,225.67
URE.2018.125.22.33.45,URE,2018.125.22.33.45,earthquake,2933,4561.0,29.33,45.61,3,2,0.635,0.4065,10.84,14.6,6.947000026702881,-76.22699737548828,-0.14,1.7,7.751667,-75.532667,251.0,117.46,220.79
URE.2018.126.01.58.17,URE,2018.126.01.58.17,earthquake,2853,4210.0,28.53,42.1,4,4,0.6662,0.4893,15.54,16.35,7.048999786376953,-76.2300033569336,5.87,1.9,7.751667,-75.532667,251.0,109.39,224.78
URE.2018.126.08.17.48,URE,2018.126.08.17.48,earthquake,2851,3695.0,28.51,36.95,4,4,0.8108,0.6433,10.35,7.52,7.495999813079834,-75.10399627685547,29.79,1.7,7.751667,-75.532667,251.0,55.11,120.84
URE.2018.126.23.41.26,URE,2018.126.23.41.26,earthquake,13225,,132.25,,3,0,0.8192,0.0,3.05,,6.927000045776367,-76.2509994506836,-0.08,2.0,7.751667,-75.532667,251.0,120.86,221.06
URE.2018.127.08.52.57,URE,2018.127.08.52.57,earthquake,2901,4858.0,29.01,48.58,3,2,0.7977,0.3944,5.13,4.82,6.877999782562256,-76.64900207519531,19.02,2.0,7.751667,-75.532667,251.0,156.62,231.98
URE.2018.127.09.57.29,URE,2018.127.09.57.29,earthquake,3013,,30.13,,3,0,0.7037,0.0,2.99,,6.810999870300293,-76.62699890136719,22.89,1.6,7.751667,-75.532667,251.0,159.45,229.35
URE.2018.127.23.41.26,URE,2018.127.23.41.26,earthquake,2830,4712.0,28.3,47.12,3,3,0.792,0.453,9.33,11.86,6.952000141143799,-76.68000030517578,3.98,2.3,7.751667,-75.532667,251.0,154.49,235.15
URE.2018.129.00.37.40,URE,2018.129.00.37.40,earthquake,2896,,28.96,,3,0,0.6849,0.0,9.5,,6.901000022888184,-76.12100219726562,7.69,2.1,7.751667,-75.532667,251.0,114.33,214.66
URE.2018.129.00.46.18,URE,2018.129.00.46.18,earthquake,2757,4408.0,27.57,44.08,4,3,0.699,0.3966,42.63,19.75,6.8470001220703125,-76.18199920654297,0.0,1.6,7.751667,-75.532667,251.0,123.09,215.67
URE.2018.129.00.51.17,URE,2018.129.00.51.17,earthquake,2910,4467.0,29.1,44.67,3,2,0.6,0.5145,15.19,17.75,6.861000061035156,-76.10600280761719,0.06,1.9,7.751667,-75.532667,251.0,117.09,212.77
URE.2018.129.01.02.01,URE,2018.129.01.02.01,earthquake,2877,4491.0,28.77,44.91,3,2,0.7627,0.4601,23.47,19.98,6.947999954223633,-76.19999694824219,13.0,2.6,7.751667,-75.532667,251.0,115.45,219.7
URE.2018.129.04.40.19,URE,2018.129.04.40.19,earthquake,2993,4600.0,29.93,46.0,3,3,0.8693,0.4152,3.4,11.33,6.886000156402588,-76.3219985961914,14.94,1.5,7.751667,-75.532667,251.0,129.47,222.37
URE.2018.129.10.05.36,URE,2018.129.10.05.36,earthquake,3024,5168.0,30.24,51.68,3,2,0.8504,0.4737,14.24,12.43,6.526000022888184,-76.58499908447266,14.98,2.4,7.751667,-75.532667,251.0,178.56,220.68
URE.2018.129.20.36.25,URE,2018.129.20.36.25,earthquake,2886,4415.0,28.86,44.15,3,4,0.6276,0.4081,2.87,15.77,6.789999961853027,-76.04499816894531,15.68,1.9,7.751667,-75.532667,251.0,120.46,208.04
URE.2018.130.03.21.44,URE,2018.130.03.21.44,earthquake,2916,5505.0,29.16,55.05,3,2,0.8177,0.3656,12.23,10.75,5.752999782562256,-76.08899688720703,19.09,3.1,7.751667,-75.532667,251.0,229.43,195.58
URE.2018.131.01.32.32,URE,2018.131.01.32.32,earthquake,2950,,29.5,,3,0,0.8455,0.0,7.97,,6.295000076293945,-76.85900115966797,31.63,2.2,7.751667,-75.532667,251.0,217.77,222.38
URE.2018.131.03.01.52,URE,2018.131.03.01.52,earthquake,2803,4179.0,28.03,41.79,3,4,0.6726,0.4377,5.17,9.19,7.315000057220459,-76.302001953125,9.6,2.2,7.751667,-75.532667,251.0,97.68,240.42
URE.2018.131.08.04.51,URE,2018.131.08.04.51,earthquake,2849,4157.0,28.49,41.57,3,2,0.836,0.6476,3.18,5.3,6.855999946594238,-75.94599914550781,2.76,1.5,7.751667,-75.532667,251.0,109.06,204.77
URE.2018.132.00.44.42,URE,2018.132.00.44.42,earthquake,2829,4210.0,28.29,42.1,4,4,0.7475,0.5848,6.46,8.28,7.2729997634887695,-76.36199951171875,20.13,1.7,7.751667,-75.532667,251.0,105.74,240.01
URE.2018.133.14.18.22,URE,2018.133.14.18.22,earthquake,2932,4259.0,29.32,42.59,3,3,0.6981,0.5252,6.73,8.48,7.127999782562256,-76.22799682617188,-0.05,1.6,7.751667,-75.532667,251.0,103.19,228.1
URE.2018.133.18.42.12,URE,2018.133.18.42.12,earthquake,2759,3678.0,27.59,36.78,4,4,0.914,0.6305,33.66,4.96,7.4120001792907715,-75.04399871826172,21.43,2.2,7.751667,-75.532667,251.0,65.72,124.83
URE.2018.134.05.27.39,URE,2018.134.05.27.39,earthquake,2884,3985.0,28.84,39.85,3,4,0.8253,0.4341,19.46,13.29,7.169000148773193,-75.90399932861328,22.89,1.9,7.751667,-75.532667,251.0,76.37,212.48
URE.2018.134.12.32.32,URE,2018.134.12.32.32,earthquake,2848,4092.0,28.48,40.92,4,3,0.7284,0.5455,10.8,15.06,7.189000129699707,-76.20700073242188,14.72,2.1,7.751667,-75.532667,251.0,97.02,230.15
URE.2018.134.14.57.46,URE,2018.134.14.57.46,earthquake,3026,5042.0,30.26,50.42,3,2,0.802,0.4712,5.61,8.5,6.7170000076293945,-76.74299621582031,14.38,2.1,7.751667,-75.532667,251.0,175.95,229.51
URE.2018.135.02.06.01,URE,2018.135.02.06.01,earthquake,2921,4282.0,29.21,42.82,4,3,0.7453,0.5085,24.59,11.92,7.13700008392334,-76.02100372314453,-0.02,1.8,7.751667,-75.532667,251.0,86.76,218.45
URE.2018.136.07.12.45,URE,2018.136.07.12.45,earthquake,2848.0,,28.48,,3,0,0.9121,0.0,9.77,,7.320000171661377,-76.52799987792969,27.89,1.6,7.751667,-75.532667,251.0,119.77,246.58
URE.2018.136.13.51.35,URE,2018.136.13.51.35,earthquake,3013.0,4385.0,30.13,43.85,3,3,0.6969,0.466,9.38,10.48,7.046000003814697,-76.1449966430664,-0.12,1.5,7.751667,-75.532667,251.0,103.25,220.94
URE.2018.137.16.40.07,URE,2018.137.16.40.07,earthquake,2854.0,,28.54,,3,0,0.7509,0.0,5.39,,6.821000099182129,-75.58599853515625,23.34,1.5,7.751667,-75.532667,251.0,103.09,183.28
URE.2018.138.01.41.47,URE,2018.138.01.41.47,earthquake,2810.0,4521.0,28.1,45.21,4,2,0.7958,0.5189,19.16,5.33,7.373000144958496,-76.69599914550781,7.56,2.4,7.751667,-75.532667,251.0,135.04,252.01
URE.2018.138.03.35.28,URE,2018.138.03.35.28,earthquake,2896.0,,28.96,,3,0,0.7955,0.0,6.76,,7.3460001945495605,-76.69300079345703,17.48,1.9,7.751667,-75.532667,251.0,135.69,250.77
URE.2018.138.12.03.38,URE,2018.138.12.03.38,earthquake,2917.0,,29.17,,3,0,0.7719,0.0,6.1,,6.61899995803833,-76.6520004272461,5.18,1.8,7.751667,-75.532667,251.0,176.0,224.7
URE.2018.138.16.09.15,URE,2018.138.16.09.15,earthquake,2924.0,,29.24,,3,0,0.6684,0.0,7.73,,6.339000225067139,-76.80799865722656,9.2,2.6,7.751667,-75.532667,251.0,210.38,222.13
URE.2018.138.17.51.37,URE,2018.138.17.51.37,earthquake,2903.0,,29.03,,3,0,0.7128,0.0,8.0,,5.809999942779541,-75.93599700927734,12.8,2.9,7.751667,-75.532667,251.0,219.31,191.75
URE.2018.139.06.23.17,URE,2018.139.06.23.17,earthquake,2870.0,,28.7,,3,0,0.6891,0.0,13.38,,7.107999801635742,-74.31099700927734,15.88,2.2,7.751667,-75.532667,251.0,152.49,117.75
URE.2018.140.05.06.25,URE,2018.140.05.06.25,earthquake,2905.0,4500.0,29.05,45.0,4,2,0.7176,0.642,11.19,14.09,6.946000099182129,-76.24700164794922,12.87,1.4,7.751667,-75.532667,251.0,118.99,221.56
URE.2018.143.10.54.31,URE,2018.143.10.54.31,earthquake,2816.0,,28.16,,3,0,0.5778,0.0,7.97,,7.113999843597412,-75.98100280761719,0.02,1.6,7.751667,-75.532667,251.0,86.16,215.09
URE.2018.146.07.48.30,URE,2018.146.07.48.30,earthquake,2755.0,,27.55,,3,0,0.6889,0.0,9.6,,6.683000087738037,-76.43099975585938,-0.04,2.0,7.751667,-75.532667,251.0,154.31,220.07
URE.2018.148.11.18.31,URE,2018.148.11.18.31,earthquake,,3775.0,,37.75,0,2,0.0,0.5098,-9.02,10.08,6.747000217437744,-76.12000274658203,9.13,1.7,7.751667,-75.532667,251.0,128.65,210.31
URE.2018.149.09.54.43,URE,2018.149.09.54.43,earthquake,2857.0,4051.0,28.57,40.51,4,4,0.9154,0.6007,18.58,15.0,7.011000156402588,-75.10600280761719,14.39,1.8,7.751667,-75.532667,251.0,94.49,150.07
URE.2018.150.00.42.26,URE,2018.150.00.42.26,earthquake,2819.0,4290.0,28.19,42.9,4,3,0.6986,0.6278,20.79,16.41,7.046000003814697,-76.31999969482422,15.0,2.3,7.751667,-75.532667,251.0,116.81,228.13
URE.2018.153.04.11.26,URE,2018.153.04.11.26,earthquake,2903.0,,29.03,,3,0,0.8373,0.0,7.52,,6.754000186920166,-76.76100158691406,17.72,2.3,7.751667,-75.532667,251.0,174.85,230.96
URE.2018.153.08.25.28,URE,2018.153.08.25.28,earthquake,2921.0,3733.0,29.21,37.33,4,4,0.9154,0.7217,34.33,10.86,7.465000152587891,-75.10800170898438,14.6,2.7,7.751667,-75.532667,251.0,56.58,124.05
URE.2018.153.20.04.27,URE,2018.153.20.04.27,earthquake,2949.0,,29.49,,3,0,0.6041,0.0,1.49,,6.873000144958496,-76.6449966430664,15.87,1.9,7.751667,-75.532667,251.0,156.61,231.72
URE.2018.156.23.38.09,URE,2018.156.23.38.09,earthquake,2888.0,4584.0,28.88,45.84,3,4,0.6549,0.5471,12.42,12.33,6.875999927520752,-76.15699768066406,0.11,1.8,7.751667,-75.532667,251.0,118.87,215.49
URE.2018.157.04.07.49,URE,2018.157.04.07.49,earthquake,2903.0,4217.0,29.03,42.17,4,4,0.891,0.5377,37.58,18.42,7.196000099182129,-76.19100189208984,10.02,3.1,7.751667,-75.532667,251.0,95.17,229.82
URE.2018.157.09.04.48,URE,2018.157.09.04.48,earthquake,2946.0,4289.0,29.46,42.89,3,4,0.7415,0.4549,9.58,17.08,7.083000183105469,-76.1760025024414,-0.22,1.8,7.751667,-75.532667,251.0,102.53,223.88
URE.2018.157.21.54.09,URE,2018.157.21.54.09,earthquake,2846.0,4164.0,28.46,41.64,3,4,0.79,0.4164,29.15,11.27,7.138000011444092,-76.17500305175781,13.33,3.5,7.751667,-75.532667,251.0,98.15,226.3
URE.2018.161.04.00.56,URE,2018.161.04.00.56,earthquake,2960,,29.6,,4,0,0.7422,0.0,5.52,,6.921000003814697,-76.20999908447266,0.07,1.9,7.751667,-75.532667,251.0,118.46,219.19
URE.2018.161.05.25.32,URE,2018.161.05.25.32,earthquake,2973,4510.0,29.73,45.1,4,3,0.6414,0.3605,9.56,18.53,6.992000102996826,-76.22599792480469,0.0,1.8,7.751667,-75.532667,251.0,113.66,222.38
URE.2018.161.08.04.29,URE,2018.161.08.04.29,earthquake,2739,4844.0,27.39,48.44,3,2,0.666,0.2642,0.34,10.38,6.9070000648498535,-76.63300323486328,-0.01,1.9,7.751667,-75.532667,251.0,153.25,232.52
URE.2018.165.12.06.48,URE,2018.165.12.06.48,earthquake,2928,,29.28,,3,0,0.5877,0.0,7.58,,7.067999839782715,-77.06900024414062,20.12,1.9,7.751667,-75.532667,251.0,185.69,246.07
URE.2018.166.00.14.21,URE,2018.166.00.14.21,earthquake,3012,4587.0,30.12,45.87,4,3,0.6005,0.4261,3.03,16.19,6.886000156402588,-76.37999725341797,14.16,1.6,7.751667,-75.532667,251.0,133.86,224.4
URE.2018.167.11.17.01,URE,2018.167.11.17.01,earthquake,2878,3671.0,28.78,36.71,4,4,0.935,0.7,30.97,8.38,7.303999900817871,-75.26699829101562,12.14,2.2,7.751667,-75.532667,251.0,57.54,149.35
URE.2018.168.22.18.07,URE,2018.168.22.18.07,earthquake,2822,4766.0,28.22,47.66,3,2,0.8702,0.3338,9.94,11.9,7.482999801635742,-74.09200286865234,10.67,2.0,7.751667,-75.532667,251.0,161.72,100.49
URE.2018.170.11.38.11,URE,2018.170.11.38.11,earthquake,2782,4608.0,27.82,46.08,3,2,0.5796,0.3854,9.87,10.89,6.813000202178955,-76.35800170898438,5.01,1.8,7.751667,-75.532667,251.0,138.14,221.33
URE.2018.171.20.12.01,URE,2018.171.20.12.01,earthquake,2882,4681.0,28.82,46.81,3,2,0.8804,0.3876,43.52,16.03,6.947999954223633,-76.27799987792969,0.06,4.6,7.751667,-75.532667,251.0,121.13,222.84
URE.2018.171.20.17.16,URE,2018.171.20.17.16,earthquake,2997,4567.0,29.97,45.67,4,3,0.7671,0.4898,6.13,15.05,6.888999938964844,-76.2040023803711,0.24,2.4,7.751667,-75.532667,251.0,120.82,217.89
URE.2018.171.20.26.25,URE,2018.171.20.26.25,earthquake,3034,4656.0,30.34,46.56,3,2,0.7586,0.4534,7.46,12.95,6.866000175476074,-76.26300048828125,-0.08,2.7,7.751667,-75.532667,251.0,126.87,219.51
URE.2018.171.20.31.35,URE,2018.171.20.31.35,earthquake,2990,10695.0,29.9,106.95,3,2,0.5985,0.4573,7.66,3.86,6.88100004196167,-76.22899627685547,-0.21,1.7,7.751667,-75.532667,251.0,123.22,218.65
URE.2018.171.20.35.31,URE,2018.171.20.35.31,earthquake,2943,4658.0,29.43,46.58,3,2,0.7008,0.4116,10.38,14.14,6.894000053405762,-76.26200103759766,-0.06,1.8,7.751667,-75.532667,251.0,124.43,220.38
URE.2018.171.20.55.10,URE,2018.171.20.55.10,earthquake,2973,4654.0,29.73,46.54,3,4,0.8991,0.6062,21.23,15.0,6.855000019073486,-76.25800323486328,0.09,2.4,7.751667,-75.532667,251.0,127.47,218.97
URE.2018.171.20.55.19,URE,2018.171.20.55.19,earthquake,2122,3803.0,21.22,38.03,4,4,0.7347,0.636,21.07,15.03,6.909999847412109,-76.2040023803711,-0.09,2.3,7.751667,-75.532667,251.0,118.99,218.58
URE.2018.171.21.05.45,URE,2018.171.21.05.45,earthquake,9970,,99.7,,4,0,0.6959,0.0,5.54,,6.863999843597412,-76.21399688720703,-0.03,1.6,7.751667,-75.532667,251.0,123.68,217.51
URE.2018.171.21.06.55,URE,2018.171.21.06.55,earthquake,2978,,29.78,,3,0,0.7162,0.0,5.62,,6.890999794006348,-76.23600006103516,0.09,1.8,7.751667,-75.532667,251.0,122.84,219.26
URE.2018.171.21.29.57,URE,2018.171.21.29.57,earthquake,3699,5334.0,36.99,53.34,4,2,0.7071,0.4304,17.52,14.57,6.9079999923706055,-76.24299621582031,-0.05,2.5,7.751667,-75.532667,251.0,121.89,220.1
URE.2018.171.21.30.04,URE,2018.171.21.30.04,earthquake,2958,4589.0,29.58,45.89,3,2,0.7474,0.4548,17.65,14.16,6.90500020980835,-76.28199768066406,27.31,1.1,7.751667,-75.532667,251.0,124.95,221.51
URE.2018.171.21.45.00,URE,2018.171.21.45.00,earthquake,3020,4611.0,30.2,46.11,3,2,0.6095,0.5422,17.99,16.0,6.875999927520752,-76.26799774169922,-0.07,2.4,7.751667,-75.532667,251.0,126.38,220.02
URE.2018.171.21.57.16,URE,2018.171.21.57.16,earthquake,2821,4527.0,28.21,45.27,4,2,0.6741,0.5304,8.03,14.03,6.913000106811523,-76.31700134277344,4.24,2.3,7.751667,-75.532667,251.0,126.9,223.09
URE.2018.171.22.34.20,URE,2018.171.22.34.20,earthquake,3004,,30.04,,3,0,0.8456,0.0,20.01,,6.915999889373779,-76.27300262451172,-0.12,3.3,7.751667,-75.532667,251.0,123.38,221.54
URE.2018.171.22.40.56,URE,2018.171.22.40.56,earthquake,2940,4515.0,29.4,45.15,3,4,0.8244,0.434,10.61,12.81,6.89300012588501,-76.26899719238281,-0.06,1.9,7.751667,-75.532667,251.0,125.01,220.62
URE.2018.171.22.44.21,URE,2018.171.22.44.21,earthquake,2941,,29.41,,3,0,0.8397,0.0,13.01,,6.908999919891357,-76.27200317382812,-0.1,3.4,7.751667,-75.532667,251.0,123.89,221.27
URE.2018.171.23.03.30,URE,2018.171.23.03.30,earthquake,2925,4507.0,29.25,45.07,3,3,0.6215,0.4369,11.23,15.39,6.939000129699707,-76.22000122070312,4.63,2.3,7.751667,-75.532667,251.0,117.63,220.22
URE.2018.172.02.23.15,URE,2018.172.02.23.15,earthquake,2997,4576.0,29.97,45.76,4,2,0.7306,0.4881,8.21,16.69,6.896999835968018,-76.21299743652344,0.0,1.6,7.751667,-75.532667,251.0,120.73,218.52
URE.2018.172.07.55.51,URE,2018.172.07.55.51,earthquake,3035,4648.0,30.35,46.48,3,3,0.592,0.3558,8.82,18.34,6.85699987411499,-76.27899932861328,0.13,1.9,7.751667,-75.532667,251.0,128.77,219.84
URE.2018.175.08.31.59,URE,2018.175.08.31.59,earthquake,2861,4835.0,28.61,48.35,3,2,0.8681,0.5552,9.44,5.01,6.90500020980835,-76.54299926757812,0.0,1.9,7.751667,-75.532667,251.0,145.64,230.06
URE.2018.175.10.36.27,URE,2018.175.10.36.27,earthquake,3094,,30.94,,3,0,0.8653,0.0,8.16,,7.454999923706055,-73.87300109863281,35.37,2.1,7.751667,-75.532667,251.0,186.05,100.05
URE.2018.177.04.58.35,URE,2018.177.04.58.35,earthquake,2926,4554.0,29.26,45.54,3,3,0.9172,0.2916,7.18,9.61,7.214000225067139,-76.5989990234375,22.14,1.7,7.751667,-75.532667,251.0,131.87,243.27
URE.2018.177.06.26.08,URE,2018.177.06.26.08,earthquake,2904,4917.0,29.04,49.17,3,3,0.8215,0.4968,4.13,7.77,6.828999996185303,-76.14800262451172,9.09,1.6,7.751667,-75.532667,251.0,122.59,213.7
URE.2018.177.10.54.55,URE,2018.177.10.54.55,earthquake,2890,4329.0,28.9,43.29,3,4,0.5959,0.6266,3.9,15.16,7.0370001792907715,-76.33799743652344,9.47,1.6,7.751667,-75.532667,251.0,118.96,228.42
URE.2018.177.16.26.44,URE,2018.177.16.26.44,earthquake,2908,4595.0,29.08,45.95,3,2,0.5848,0.3688,17.14,7.02,6.890999794006348,-76.28800201416016,-0.02,2.6,7.751667,-75.532667,251.0,126.55,221.27
URE.2018.178.04.45.33,URE,2018.178.04.45.33,earthquake,2909,4575.0,29.09,45.75,4,3,0.7625,0.6028,14.08,15.45,6.946000099182129,-76.37100219726562,10.44,1.9,7.751667,-75.532667,251.0,128.48,226.15
URE.2018.180.02.55.08,URE,2018.180.02.55.08,earthquake,2866,4751.0,28.66,47.51,3,3,0.7794,0.3909,27.03,16.17,6.830999851226807,-76.4219970703125,2.99,3.2,7.751667,-75.532667,251.0,141.46,224.02
URE.2018.180.08.43.11,URE,2018.180.08.43.11,earthquake,2921,5207.0,29.21,52.07,3,2,0.7883,0.3818,6.43,8.85,6.732999801635742,-76.97100067138672,0.27,2.1,7.751667,-75.532667,251.0,194.74,234.75
URE.2018.181.02.54.58,URE,2018.181.02.54.58,earthquake,2939,4946.0,29.39,49.46,3,3,0.7557,0.4878,12.26,16.63,6.690000057220459,-76.74800109863281,15.95,2.5,7.751667,-75.532667,251.0,178.33,228.9
URE.2018.181.03.40.45,URE,2018.181.03.40.45,earthquake,2965,2988.0,29.65,29.88,3,2,0.6502,0.4783,4.04,7.24,5.269000053405762,-74.72899627685547,3.46,2.3,7.751667,-75.532667,251.0,288.58,162.01
URE.2018.183.04.55.28,URE,2018.183.04.55.28,earthquake,2889,,28.89,,3,0,0.7833,0.0,5.59,-3.46,7.120999813079834,-77.13700103759766,11.97,1.9,7.751667,-75.532667,251.0,190.34,248.61
URE.2018.183.07.42.55,URE,2018.183.07.42.55,earthquake,9003,,90.03,,4,0,0.8154,0.0,13.17,,6.914999961853027,-76.17400360107422,-0.05,1.5,7.751667,-75.532667,251.0,116.52,217.47
URE.2018.183.07.43.55,URE,2018.183.07.43.55,earthquake,2932,4528.0,29.32,45.28,4,2,0.7783,0.2437,13.16,14.82,6.896999835968018,-76.21099853515625,0.01,2.2,7.751667,-75.532667,251.0,120.6,218.44
URE.2018.183.07.47.29,URE,2018.183.07.47.29,earthquake,4762,11789.0,47.62,117.89,3,3,0.6802,0.4778,21.18,11.98,6.9070000648498535,-76.27400207519531,0.16,2.0,7.751667,-75.532667,251.0,124.2,221.27
URE.2018.183.07.47.47,URE,2018.183.07.47.47,earthquake,12352,,123.52,,3,0,0.7314,0.0,6.98,,6.914000034332275,-76.2770004272461,6.16,3.7,7.751667,-75.532667,251.0,123.84,221.63
URE.2018.183.07.48.42,URE,2018.183.07.48.42,earthquake,6892,,68.92,,4,0,0.6718,0.0,6.98,,6.915999889373779,-76.26699829101562,9.59,2.8,7.751667,-75.532667,251.0,122.94,221.31
URE.2018.183.07.54.41,URE,2018.183.07.54.41,earthquake,2939,4669.0,29.39,46.69,4,2,0.767,0.6118,6.18,16.24,6.940999984741211,-76.21700286865234,-0.22,1.8,7.751667,-75.532667,251.0,117.25,220.17
URE.2018.183.08.17.35,URE,2018.183.08.17.35,earthquake,2962,4664.0,29.62,46.64,3,4,0.7603,0.3897,2.36,14.76,6.927000045776367,-76.2030029296875,-0.09,1.5,7.751667,-75.532667,251.0,117.46,219.1
URE.2018.183.10.06.45,URE,2018.183.10.06.45,earthquake,2982,4574.0,29.82,45.74,3,2,0.5288,0.4396,5.81,17.44,6.915999889373779,-76.24500274658203,-0.05,1.7,7.751667,-75.532667,251.0,121.36,220.45
URE.2018.183.17.29.27,URE,2018.183.17.29.27,earthquake,3086,4773.0,30.86,47.73,3,3,0.8384,0.5234,1.69,6.88,6.886000156402588,-76.23400115966797,-0.16,1.6,7.751667,-75.532667,251.0,123.14,219.01
URE.2018.184.04.02.09,URE,2018.184.04.02.09,earthquake,2789,4169.0,27.89,41.69,4,2,0.8586,0.5679,17.87,14.38,7.127999782562256,-76.01200103759766,-0.02,1.9,7.751667,-75.532667,251.0,86.93,217.53
URE.2018.184.16.00.18,URE,2018.184.16.00.18,earthquake,2901,4279.0,29.01,42.79,3,4,0.7792,0.5831,15.73,15.92,7.041999816894531,-76.11299896240234,0.2,1.7,7.751667,-75.532667,251.0,101.31,219.26
URE.2018.185.03.06.33,URE,2018.185.03.06.33,earthquake,2879,4251.0,28.79,42.51,4,2,0.8622,0.5346,16.75,14.05,7.139999866485596,-76.01799774169922,-0.02,2.1,7.751667,-75.532667,251.0,86.29,218.41
URE.2018.185.03.31.56,URE,2018.185.03.31.56,earthquake,2909,4523.0,29.09,45.23,3,2,0.6846,0.34,10.53,11.58,6.803999900817871,-76.2490005493164,0.76,1.6,7.751667,-75.532667,251.0,131.31,217.09
URE.2018.185.10.16.39,URE,2018.185.10.16.39,earthquake,2718,3648.0,27.18,36.48,4,4,0.8559,0.6338,17.45,11.96,7.276000022888184,-75.18299865722656,21.91,1.7,7.751667,-75.532667,251.0,65.24,143.71
URE.2018.186.15.24.53,URE,2018.186.15.24.53,earthquake,2870,4710.0,28.7,47.1,3,2,0.5261,0.4458,6.63,11.32,6.823999881744385,-76.76399993896484,24.66,2.4,7.751667,-75.532667,251.0,170.33,233.04
URE.2018.186.22.13.21,URE,2018.186.22.13.21,earthquake,2841,4467.0,28.41,44.67,3,2,0.8878,0.5485,6.0,12.38,6.859000205993652,-76.28700256347656,8.7,1.7,7.751667,-75.532667,251.0,129.17,220.2
URE.2018.187.05.19.51,URE,2018.187.05.19.51,earthquake,2853.0,4197.0,28.53,41.97,4,4,0.7916,0.4461,16.77,17.56,7.568999767303467,-74.56600189208984,29.21,2.3,7.751667,-75.532667,251.0,108.55,100.66
URE.2018.188.15.49.51,URE,2018.188.15.49.51,earthquake,2895.0,4513.0,28.95,45.13,3,2,0.7458,0.3902,4.21,16.96,6.889999866485596,-76.25299835205078,-0.02,1.7,7.751667,-75.532667,251.0,124.12,219.9
URE.2018.192.04.00.58,URE,2018.192.04.00.58,earthquake,2856.0,4748.0,28.56,47.48,3,3,0.6411,0.4813,5.95,7.7,6.749000072479248,-76.60800170898438,4.94,2.4,7.751667,-75.532667,251.0,162.48,227.03
URE.2018.194.12.59.00,URE,2018.194.12.59.00,earthquake,2804.0,,28.04,,4,0,0.756,0.0,30.49,,6.939000129699707,-76.66200256347656,13.86,3.4,7.751667,-75.532667,251.0,153.71,234.29
URE.2018.194.14.10.50,URE,2018.194.14.10.50,earthquake,2948.0,,29.48,,3,0,0.6531,0.0,5.37,,6.923999786376953,-76.71800231933594,16.91,1.9,7.751667,-75.532667,251.0,159.71,235.11
URE.2018.196.09.11.47,URE,2018.196.09.11.47,earthquake,11341.0,11378.0,113.41,113.78,3,3,0.8008,0.224,15.32,5.19,6.890999794006348,-76.62799835205078,1.93,1.5,7.751667,-75.532667,251.0,153.91,231.87
URE.2018.198.07.23.49,URE,2018.198.07.23.49,earthquake,3258.0,3481.0,32.58,34.81,3,3,0.5239,0.6013,12.95,12.24,6.056000232696533,-74.28800201416016,8.46,1.5,7.751667,-75.532667,251.0,232.56,143.66
URE.2018.201.05.01.36,URE,2018.201.05.01.36,earthquake,3078.0,,30.78,,3,0,0.9263,0.0,5.81,,6.59499979019165,-73.57599639892578,26.07,2.0,7.751667,-75.532667,251.0,251.14,120.5
URE.2018.201.18.35.30,URE,2018.201.18.35.30,earthquake,2890.0,,28.9,,3,0,0.8635,0.0,12.43,,6.8979997634887695,-76.34600067138672,0.07,2.2,7.751667,-75.532667,251.0,130.3,223.62
URE.2018.202.05.59.28,URE,2018.202.05.59.28,earthquake,,4888.0,,48.88,0,3,0.0,0.3936,-2.41,0.39,6.72599983215332,-76.697998046875,16.56,1.7,7.751667,-75.532667,251.0,171.55,228.68
URE.2018.203.01.50.32,URE,2018.203.01.50.32,earthquake,3036.0,,30.36,,3,0,0.5874,0.0,9.31,,6.2270002365112305,-73.88500213623047,4.6,2.2,7.751667,-75.532667,251.0,248.14,132.7
URE.2018.203.20.21.34,URE,2018.203.20.21.34,earthquake,2903.0,4677.0,29.03,46.77,3,4,0.6217,0.5307,5.95,4.17,7.25600004196167,-76.83699798583984,21.78,1.8,7.751667,-75.532667,251.0,154.05,249.24
URE.2018.204.08.52.05,URE,2018.204.08.52.05,earthquake,2855.0,4617.0,28.55,46.17,4,4,0.7803,0.4168,5.28,13.09,7.223999977111816,-76.70899963378906,16.86,2.2,7.751667,-75.532667,251.0,142.35,245.88
URE.2018.204.10.09.55,URE,2018.204.10.09.55,earthquake,2971.0,4699.0,29.71,46.99,3,4,0.6304,0.563,6.09,10.61,7.2170000076293945,-76.70800018310547,17.02,1.6,7.751667,-75.532667,251.0,142.57,245.57
URE.2018.204.16.21.09,URE,2018.204.16.21.09,earthquake,2844.0,4621.0,28.44,46.21,3,4,0.6829,0.4926,2.87,8.61,7.235000133514404,-76.68299865722656,17.11,1.7,7.751667,-75.532667,251.0,139.23,245.85
URE.2018.204.16.36.28,URE,2018.204.16.36.28,earthquake,3045.0,4977.0,30.45,49.77,3,2,0.7952,0.6511,8.46,5.57,7.565000057220459,-77.06999969482422,26.72,2.6,7.751667,-75.532667,251.0,170.87,263.16
URE.2018.205.09.17.42,URE,2018.205.09.17.42,earthquake,2874.0,4614.0,28.74,46.14,3,2,0.8232,0.5454,20.0,15.05,6.9120001792907715,-76.26499938964844,2.17,3.0,7.751667,-75.532667,251.0,123.13,221.1
URE.2018.205.11.39.27,URE,2018.205.11.39.27,earthquake,2914.0,4597.0,29.14,45.97,3,3,0.7611,0.4926,6.38,14.65,6.9120001792907715,-76.27200317382812,12.9,1.7,7.751667,-75.532667,251.0,123.64,221.37
URE.2018.208.02.20.26,URE,2018.208.02.20.26,earthquake,2881.0,,28.81,,3,0,0.8861,0.0,15.35,,6.9019999504089355,-76.66600036621094,21.32,2.6,7.751667,-75.532667,251.0,156.49,233.17
URE.2018.208.04.32.45,URE,2018.208.04.32.45,earthquake,2963.0,4435.0,29.63,44.35,3,3,0.8569,0.5098,9.46,12.28,6.933000087738037,-76.14800262451172,-0.01,1.9,7.751667,-75.532667,251.0,113.19,216.92
URE.2018.208.04.53.08,URE,2018.208.04.53.08,earthquake,3016.0,,30.16,,4,0,0.7484,0.0,6.53,,6.888000011444092,-76.23300170898438,23.01,1.5,7.751667,-75.532667,251.0,122.89,219.04
URE.2018.208.05.22.54,URE,2018.208.05.22.54,earthquake,2891.0,4559.0,28.91,45.59,3,2,0.549,0.4518,7.41,21.41,6.943999767303467,-76.18499755859375,0.19,1.9,7.751667,-75.532667,251.0,114.74,218.92
URE.2018.209.01.46.31,URE,2018.209.01.46.31,earthquake,2797.0,4351.0,27.97,43.51,4,4,0.8048,0.4051,19.63,12.31,6.923999786376953,-76.26699829101562,14.62,2.3,7.751667,-75.532667,251.0,122.28,221.58
URE.2018.210.02.33.24,URE,2018.210.02.33.24,earthquake,2930.0,4268.0,29.3,42.68,4,4,0.7458,0.5099,16.89,17.72,7.086999893188477,-76.12000274658203,-0.07,2.0,7.751667,-75.532667,251.0,98.02,221.45
URE.2018.210.02.54.18,URE,2018.210.02.54.18,earthquake,2877.0,4908.0,28.77,49.08,4,2,0.7906,0.214,15.89,10.42,6.656000137329102,-76.63600158691406,3.85,2.5,7.751667,-75.532667,251.0,171.85,225.23
URE.2018.210.19.28.48,URE,2018.210.19.28.48,earthquake,2908.0,3783.0,29.08,37.83,3,4,0.9466,0.6439,18.76,9.5,7.688000202178955,-74.99500274658203,28.95,1.7,7.751667,-75.532667,251.0,59.73,96.73
URE.2018.211.10.57.57,URE,2018.211.10.57.57,earthquake,2955.0,4953.0,29.55,49.53,3,2,0.8945,0.5087,5.17,8.45,6.664000034332275,-76.59600067138672,6.64,2.0,7.751667,-75.532667,251.0,168.11,224.38
URE.2018.212.01.30.02,URE,2018.212.01.30.02,earthquake,3186.0,5626.0,31.86,56.26,3,3,0.7268,0.5288,11.42,13.51,7.440000057220459,-73.68299865722656,31.64,2.7,7.751667,-75.532667,251.0,207.0,99.46
URE.2018.212.03.34.59,URE,2018.212.03.34.59,earthquake,3046.0,5165.0,30.46,51.65,3,3,0.9412,0.6823,24.46,11.74,6.659999847412109,-76.78399658203125,18.21,3.0,7.751667,-75.532667,251.0,183.51,228.94
URE.2018.213.06.44.41,URE,2018.213.06.44.41,earthquake,2721.0,4462.0,27.21,44.62,3,3,0.7469,0.4394,14.53,4.29,6.889999866485596,-76.19300079345703,0.0,2.0,7.751667,-75.532667,251.0,119.99,217.46
URE.2018.213.11.22.47,URE,2018.213.11.22.47,earthquake,3017.0,,30.17,,3,0,0.7016,0.0,11.96,,6.8470001220703125,-76.1719970703125,0.25,1.9,7.751667,-75.532667,251.0,122.45,215.25
URE.2018.213.14.12.17,URE,2018.213.14.12.17,earthquake,2759.0,4550.0,27.59,45.5,3,4,0.8957,0.5749,9.31,16.01,6.415999889373779,-75.82499694824219,3.75,1.8,7.751667,-75.532667,251.0,151.2,192.35
URE.2018.214.18.14.32,URE,2018.214.18.14.32,earthquake,2994.0,5350.0,29.94,53.5,3,3,0.9072,0.4135,13.37,7.17,6.3480000495910645,-76.76599884033203,4.53,2.1,7.751667,-75.532667,251.0,206.55,221.35
URE.2018.214.22.39.35,URE,2018.214.22.39.35,earthquake,2914.0,10727.0,29.14,107.27,3,2,0.6177,0.4723,8.28,4.56,6.934000015258789,-76.24199676513672,-0.24,1.8,7.751667,-75.532667,251.0,119.63,220.94
URE.2018.215.02.18.32,URE,2018.215.02.18.32,earthquake,3037.0,4726.0,30.37,47.26,4,4,0.6723,0.4532,6.79,13.31,6.679999828338623,-74.88400268554688,29.34,1.7,7.751667,-75.532667,251.0,138.49,148.81
URE.2018.215.12.02.11,URE,2018.215.12.02.11,earthquake,2858.0,,28.58,,3,0,0.9,0.0,14.29,,6.072000026702881,-74.25499725341797,2.5,2.8,7.751667,-75.532667,251.0,233.33,142.68
URE.2018.217.20.18.34,URE,2018.217.20.18.34,earthquake,2852.0,4515.0,28.52,45.15,3,4,0.7911,0.3973,13.59,11.4,6.803999900817871,-76.2020034790039,3.37,1.8,7.751667,-75.532667,251.0,128.25,215.24
URE.2018.218.00.08.35,URE,2018.218.00.08.35,earthquake,2916.0,4844.0,29.16,48.44,4,2,0.7285,0.3777,13.24,7.32,6.827000141143799,-76.69599914550781,17.21,2.9,7.751667,-75.532667,251.0,164.19,231.55
URE.2018.218.02.19.22,URE,2018.218.02.19.22,earthquake,2781.0,4120.0,27.81,41.2,3,3,0.6406,0.4525,4.09,5.4,7.085999965667725,-76.22000122070312,3.61,1.8,7.751667,-75.532667,251.0,105.72,225.91
URE.2018.218.04.32.01,URE,2018.218.04.32.01,earthquake,2972.0,,29.72,,3,0,0.8857,0.0,7.37,,6.425000190734863,-76.79499816894531,16.76,2.1,7.751667,-75.532667,251.0,202.42,223.63
URE.2018.218.12.25.46,URE,2018.218.12.25.46,earthquake,2940.0,4094.0,29.4,40.94,3,4,0.8567,0.5925,16.82,7.9,7.122000217437744,-75.96199798583984,18.69,1.5,7.751667,-75.532667,251.0,84.23,214.27
URE.2018.219.07.20.59,URE,2018.219.07.20.59,earthquake,2987.0,4978.0,29.87,49.78,3,3,0.7859,0.6739,6.39,11.94,7.1570000648498535,-76.95600128173828,15.64,1.7,7.751667,-75.532667,251.0,170.32,247.38
URE.2018.219.20.12.20,URE,2018.219.20.12.20,earthquake,2904.0,,29.04,,3,0,0.7508,0.0,9.3,,6.158999919891357,-74.03700256347656,6.66,2.6,7.751667,-75.532667,251.0,241.53,136.73
URE.2018.219.22.08.43,URE,2018.219.22.08.43,earthquake,2909.0,4576.0,29.09,45.76,3,3,0.7629,0.5109,9.07,9.61,6.940000057220459,-76.21299743652344,0.0,1.8,7.751667,-75.532667,251.0,117.05,219.97
URE.2018.219.23.23.02,URE,2018.219.23.23.02,earthquake,2904.0,4315.0,29.04,43.15,3,4,0.9202,0.4416,31.8,8.87,7.415999889373779,-76.46499633789062,29.95,2.6,7.751667,-75.532667,251.0,109.38,250.22
URE.2018.220.21.54.39,URE,2018.220.21.54.39,earthquake,2814.0,5558.0,28.14,55.58,4,3,0.8791,0.3035,11.17,12.31,6.077000141143799,-74.26100158691406,0.0,3.1,7.751667,-75.532667,251.0,232.49,142.73
URE.2018.221.02.58.42,URE,2018.221.02.58.42,earthquake,2930.0,4867.0,29.3,48.67,4,3,0.7953,0.5272,21.46,18.57,6.578000068664551,-76.38899993896484,12.79,2.5,7.751667,-75.532667,251.0,160.6,216.14
URE.2018.221.05.30.24,URE,2018.221.05.30.24,earthquake,,4422.0,,44.22,0,3,0.0,0.4166,-3.22,11.75,6.583000183105469,-75.25399780273438,6.97,1.9,7.751667,-75.532667,251.0,132.86,166.59
URE.2018.221.17.39.29,URE,2018.221.17.39.29,earthquake,2819.0,3839.0,28.19,38.39,3,2,0.6283,0.5178,7.41,3.25,7.263000011444092,-76.05400085449219,10.53,1.7,7.751667,-75.532667,251.0,78.94,226.83
URE.2018.222.01.23.20,URE,2018.222.01.23.20,earthquake,2851.0,4695.0,28.51,46.95,3,2,0.8477,0.548,15.05,7.44,6.943999767303467,-76.67900085449219,16.27,3.3,7.751667,-75.532667,251.0,154.91,234.86
URE.2018.222.04.13.20,URE,2018.222.04.13.20,earthquake,2825.0,4245.0,28.25,42.45,4,4,0.6847,0.5401,23.32,14.01,7.111000061035156,-76.16899871826172,-0.1,2.3,7.751667,-75.532667,251.0,99.77,224.79
URE.2018.222.04.34.11,URE,2018.222.04.34.11,earthquake,2820.0,4716.0,28.2,47.16,3,2,0.8446,0.4165,7.48,4.54,6.820000171661377,-76.68900299072266,0.0,2.2,7.751667,-75.532667,251.0,164.08,231.17
URE.2018.222.06.16.48,URE,2018.222.06.16.48,earthquake,10062.0,10294.0,100.62,102.94,3,4,0.568,0.4899,13.95,8.27,6.820000171661377,-76.62799835205078,14.56,1.9,7.751667,-75.532667,251.0,158.89,229.64
URE.2018.222.21.23.39,URE,2018.222.21.23.39,earthquake,2863.0,3733.0,28.63,37.33,3,4,0.8666,0.568,6.6,9.0,7.34499979019165,-75.2020034790039,28.75,1.8,7.751667,-75.532667,251.0,57.92,140.92
URE.2018.223.08.30.31,URE,2018.223.08.30.31,earthquake,3018.0,3859.0,30.18,38.59,3,2,0.6331,0.2883,4.86,3.69,6.673999786376953,-76.87200164794922,9.75,1.5,7.751667,-75.532667,251.0,189.96,231.23
URE.2018.223.16.21.48,URE,2018.223.16.21.48,earthquake,2940.0,4967.0,29.4,49.67,3,3,0.8283,0.5642,7.94,11.07,6.568999767303467,-76.77100372314453,21.56,2.3,7.751667,-75.532667,251.0,189.25,226.36
URE.2018.223.18.03.06,URE,2018.223.18.03.06,earthquake,3012.0,5356.0,30.12,53.56,3,3,0.8281,0.5402,18.0,13.68,7.118000030517578,-77.10399627685547,20.15,2.9,7.751667,-75.532667,251.0,187.08,248.1
URE.2018.224.01.05.07,URE,2018.224.01.05.07,earthquake,2888.0,4918.0,28.88,49.18,3,3,0.8751,0.6323,18.02,9.03,6.822000026702881,-76.62200164794922,0.0,2.8,7.751667,-75.532667,251.0,158.24,229.55
URE.2018.224.22.38.25,URE,2018.224.22.38.25,earthquake,2758.0,4123.0,27.58,41.23,3,4,0.8859,0.5096,20.8,20.35,7.14300012588501,-76.2249984741211,1.37,2.5,7.751667,-75.532667,251.0,101.84,228.67
URE.2018.225.13.04.02,URE,2018.225.13.04.02,earthquake,2736.0,4111.0,27.36,41.11,4,4,0.7944,0.5547,22.8,18.85,7.150000095367432,-76.21299743652344,2.09,2.9,7.751667,-75.532667,251.0,100.34,228.5
URE.2018.225.14.21.41,URE,2018.225.14.21.41,earthquake,,4253.0,,42.53,0,2,0.0,0.6176,-0.56,8.49,7.099999904632568,-76.13300323486328,0.01,1.5,7.751667,-75.532667,251.0,97.91,222.64
URE.2018.225.15.06.09,URE,2018.225.15.06.09,earthquake,2973.0,,29.73,,3,0,0.8046,0.0,15.12,,7.047999858856201,-77.11199951171875,8.57,2.7,7.751667,-75.532667,251.0,190.93,246.05
URE.2018.226.15.25.05,URE,2018.226.15.25.05,earthquake,2859.0,4487.0,28.59,44.87,3,2,0.8825,0.551,27.17,18.4,6.831999778747559,-76.21499633789062,0.01,3.1,7.751667,-75.532667,251.0,126.58,216.58
URE.2018.226.16.27.44,URE,2018.226.16.27.44,earthquake,9367.0,10917.0,93.67,109.17,3,4,0.7095,0.3782,8.29,17.2,6.874000072479248,-76.23899841308594,0.06,1.6,7.751667,-75.532667,251.0,124.52,218.83
URE.2018.226.16.28.48,URE,2018.226.16.28.48,earthquake,2985.0,4536.0,29.85,45.36,3,3,0.7387,0.3761,8.29,17.15,6.848999977111816,-76.19300079345703,-0.06,2.2,7.751667,-75.532667,251.0,123.62,216.19
URE.2018.227.02.45.35,URE,2018.227.02.45.35,earthquake,,5326.0,,53.26,0,2,0.0,0.4653,-1.8,6.45,6.1020002365112305,-76.7030029296875,8.11,2.1,7.751667,-75.532667,251.0,223.63,215.41
URE.2018.227.07.30.44,URE,2018.227.07.30.44,earthquake,,4527.0,,45.27,0,3,0.0,0.4276,-4.95,14.06,6.848999977111816,-76.2300033569336,0.05,1.6,7.751667,-75.532667,251.0,126.07,217.69
URE.2018.227.07.42.54,URE,2018.227.07.42.54,earthquake,2953.0,4565.0,29.53,45.65,4,3,0.7373,0.4177,9.87,15.11,6.860000133514404,-76.26699829101562,-0.08,2.2,7.751667,-75.532667,251.0,127.67,219.48
URE.2018.227.07.45.10,URE,2018.227.07.45.10,earthquake,2852.0,4452.0,28.52,44.52,4,3,0.7855,0.4099,15.27,15.94,6.788000106811523,-76.10900115966797,0.0,2.4,7.751667,-75.532667,251.0,124.13,210.88
URE.2018.228.04.57.37,URE,2018.228.04.57.37,earthquake,2879.0,,28.79,,3,0,0.5744,0.0,8.43,,6.870999813079834,-76.30400085449219,4.87,1.5,7.751667,-75.532667,251.0,129.38,221.22
URE.2018.228.06.49.43,URE,2018.228.06.49.43,earthquake,2933.0,5215.0,29.33,52.15,3,2,0.4296,0.5429,4.14,13.45,6.013000011444092,-75.83599853515625,12.85,1.7,7.751667,-75.532667,251.0,195.18,189.91
URE.2018.228.17.31.18,URE,2018.228.17.31.18,earthquake,3006.0,4799.0,30.06,47.99,3,2,0.6848,0.4388,10.36,9.3,6.8420000076293945,-76.31800079345703,-0.01,2.0,7.751667,-75.532667,251.0,132.82,220.81
URE.2018.229.09.09.57,URE,2018.229.09.09.57,earthquake,2875.0,4500.0,28.75,45.0,3,2,0.8731,0.6738,3.31,13.89,6.767000198364258,-76.1449966430664,-0.02,1.5,7.751667,-75.532667,251.0,128.18,211.88
URE.2018.229.09.14.08,URE,2018.229.09.14.08,earthquake,2940.0,4583.0,29.4,45.83,3,4,0.6632,0.4431,6.18,6.66,6.815000057220459,-76.28299713134766,13.9,1.5,7.751667,-75.532667,251.0,132.65,218.7
URE.2018.229.10.10.21,URE,2018.229.10.10.21,earthquake,2871.0,4457.0,28.71,44.57,3,3,0.8467,0.4273,11.24,10.41,7.014999866485596,-76.20899963378906,7.0,1.8,7.751667,-75.532667,251.0,110.51,222.55
URE.2018.232.14.52.06,URE,2018.232.14.52.06,earthquake,2767.0,4145.0,27.67,41.45,3,3,0.6169,0.3586,8.94,9.25,7.0980000495910645,-76.02999877929688,13.03,1.5,7.751667,-75.532667,251.0,90.78,217.25
URE.2018.232.14.58.15,URE,2018.232.14.58.15,earthquake,2981.0,4320.0,29.81,43.2,3,2,0.8544,0.5208,12.89,5.11,7.276000022888184,-76.29299926757812,23.66,1.9,7.751667,-75.532667,251.0,99.04,237.97
URE.2018.233.14.28.33,URE,2018.233.14.28.33,earthquake,3000.0,5261.0,30.0,52.61,3,3,0.7847,0.5382,17.74,16.29,6.118000030517578,-76.11199951171875,19.71,2.8,7.751667,-75.532667,251.0,191.68,199.55
URE.2018.234.08.58.17,URE,2018.234.08.58.17,earthquake,2783.0,4458.0,27.83,44.58,3,3,0.6441,0.4113,14.77,17.48,6.888000011444092,-76.26599884033203,0.79,2.2,7.751667,-75.532667,251.0,125.22,220.34
URE.2018.234.13.06.27,URE,2018.234.13.06.27,earthquake,2995.0,5553.0,29.95,55.53,3,2,0.8897,0.3781,30.93,10.92,6.21999979019165,-74.15699768066406,20.09,4.1,7.751667,-75.532667,251.0,227.59,138.01
URE.2018.235.05.00.57,URE,2018.235.05.00.57,earthquake,2823,4480.0,28.23,44.8,3,2,0.5655,0.5972,12.27,16.84,6.9019999504089355,-76.26499938964844,0.0,2.2,7.751667,-75.532667,251.0,123.97,220.76
URE.2018.235.07.56.11,URE,2018.235.07.56.11,earthquake,2714,4258.0,27.14,42.58,4,3,0.7793,0.4378,35.41,10.02,6.932000160217285,-76.31300354003906,8.08,3.5,7.751667,-75.532667,251.0,125.06,223.6
URE.2018.238.10.28.53,URE,2018.238.10.28.53,earthquake,2836,4614.0,28.36,46.14,3,3,0.8811,0.4781,10.19,6.04,6.942999839782715,-76.51799774169922,16.72,2.0,7.751667,-75.532667,251.0,140.83,230.64
URE.2018.238.13.29.33,URE,2018.238.13.29.33,earthquake,2930,2997.0,29.3,29.97,3,2,0.7253,0.2053,12.14,6.42,6.84499979019165,-76.3290023803711,4.49,1.7,7.751667,-75.532667,251.0,133.37,221.3
URE.2018.238.15.39.54,URE,2018.238.15.39.54,earthquake,2920,,29.2,,3,0,0.6627,0.0,10.4,,6.840000152587891,-76.36699676513672,-0.01,1.9,7.751667,-75.532667,251.0,136.58,222.47
URE.2018.239.17.11.23,URE,2018.239.17.11.23,earthquake,2778,4127.0,27.78,41.27,3,4,0.8959,0.5045,13.94,14.42,7.077000141143799,-76.24700164794922,4.07,1.7,7.751667,-75.532667,251.0,108.56,226.63
URE.2018.242.06.48.44,URE,2018.242.06.48.44,earthquake,2791,4380.0,27.91,43.8,4,3,0.6211,0.4714,19.45,18.77,6.979000091552734,-76.322998046875,10.0,2.3,7.751667,-75.532667,251.0,122.13,225.65
URE.2018.242.23.45.18,URE,2018.242.23.45.18,earthquake,2920,4793.0,29.2,47.93,3,3,0.6927,0.3948,12.1,10.33,6.843999862670898,-76.26699829101562,-0.03,2.1,7.751667,-75.532667,251.0,129.04,218.98
URE.2018.244.15.07.47,URE,2018.244.15.07.47,earthquake,2734,4313.0,27.34,43.13,3,4,0.854,0.5579,6.16,11.63,7.2729997634887695,-74.50299835205078,23.14,1.7,7.751667,-75.532667,251.0,125.37,114.91
URE.2018.247.23.30.40,URE,2018.247.23.30.40,earthquake,2753,4768.0,27.53,47.68,3,4,0.761,0.5598,11.57,15.71,6.510000228881836,-76.38400268554688,0.0,2.1,7.751667,-75.532667,251.0,166.43,214.46
URE.2018.248.09.27.52,URE,2018.248.09.27.52,earthquake,2920,4218.0,29.2,42.18,4,4,0.8097,0.4789,15.43,11.59,7.114999771118164,-76.0979995727539,-0.06,1.6,7.751667,-75.532667,251.0,94.09,221.59
URE.2018.249.17.12.59,URE,2018.249.17.12.59,earthquake,2842,4379.0,28.42,43.79,3,3,0.8608,0.4218,0.98,3.73,6.9019999504089355,-76.24800109863281,0.25,2.3,7.751667,-75.532667,251.0,122.75,220.1
URE.2018.251.03.05.55,URE,2018.251.03.05.55,earthquake,2896,4572.0,28.96,45.72,3,3,0.63,0.4198,15.93,15.72,6.843999862670898,-76.20999908447266,0.0,2.6,7.751667,-75.532667,251.0,125.18,216.73
URE.2018.251.03.07.03,URE,2018.251.03.07.03,earthquake,11366,12957.0,113.66,129.57,4,3,0.7631,0.4985,15.48,15.35,6.854000091552734,-76.18299865722656,-0.05,1.5,7.751667,-75.532667,251.0,122.52,215.92
URE.2018.251.03.08.26,URE,2018.251.03.08.26,earthquake,3012,,30.12,,4,0,0.7326,0.0,15.41,,6.8470001220703125,-76.22200012207031,-0.01,2.5,7.751667,-75.532667,251.0,125.71,217.31
URE.2018.251.03.24.08,URE,2018.251.03.24.08,earthquake,3298,4870.0,32.98,48.7,3,3,0.607,0.3753,4.79,12.56,6.96999979019165,-76.21199798583984,18.9,1.7,7.751667,-75.532667,251.0,114.45,220.99
URE.2018.253.03.58.11,URE,2018.253.03.58.11,earthquake,3065,5206.0,30.65,52.06,3,2,0.7429,0.4008,3.42,10.05,6.35699987411499,-74.51300048828125,30.61,1.5,7.751667,-75.532667,251.0,191.0,143.79
URE.2018.253.18.31.58,URE,2018.253.18.31.58,earthquake,2758,4753.0,27.58,47.53,3,3,0.8923,0.4095,13.04,5.87,6.681000232696533,-76.66899871826172,0.0,1.9,7.751667,-75.532667,251.0,172.54,226.74
URE.2018.258.10.19.39,URE,2018.258.10.19.39,earthquake,,11922.0,,119.22,0,3,0.0,0.4968,-0.55,12.11,6.651000022888184,-74.06600189208984,2.95,1.9,7.751667,-75.532667,251.0,202.62,126.83
URE.2018.258.13.33.17,URE,2018.258.13.33.17,earthquake,2741.0,4371.0,27.41,43.71,3,4,0.8341,0.551,4.79,6.58,7.603000164031982,-74.2699966430664,3.38,2.0,7.751667,-75.532667,251.0,140.27,96.65
URE.2018.259.17.18.03,URE,2018.259.17.18.03,earthquake,2814.0,,28.14,,3,0,0.7306,0.0,2.68,,6.75600004196167,-76.66600036621094,16.6,1.6,7.751667,-75.532667,251.0,166.7,228.73
URE.2018.261.08.25.58,URE,2018.261.08.25.58,earthquake,2797.0,4848.0,27.97,48.48,3,2,0.5034,0.2008,20.42,1.11,6.464000225067139,-76.36100006103516,11.28,1.8,7.751667,-75.532667,251.0,169.27,212.78
URE.2018.262.12.22.09,URE,2018.262.12.22.09,earthquake,2991.0,4656.0,29.91,46.56,3,4,0.8778,0.3336,4.73,15.41,6.860000133514404,-76.19400024414062,0.01,1.7,7.751667,-75.532667,251.0,122.71,216.56
URE.2018.265.21.51.39,URE,2018.265.21.51.39,earthquake,2899.0,4480.0,28.99,44.8,3,3,0.7572,0.4465,6.18,9.06,6.909999847412109,-76.197998046875,-0.11,1.5,7.751667,-75.532667,251.0,118.58,218.32
URE.2018.266.09.42.58,URE,2018.266.09.42.58,earthquake,2836.0,4851.0,28.36,48.51,4,4,0.7186,0.4995,5.97,12.11,6.686999797821045,-76.7040023803711,8.37,1.6,7.751667,-75.532667,251.0,174.92,227.77
URE.2018.267.01.05.12,URE,2018.267.01.05.12,earthquake,2787.0,3851.0,27.87,38.51,3,4,0.5363,0.3436,4.13,6.48,7.307000160217285,-76.06300354003906,2.64,1.7,7.751667,-75.532667,251.0,76.45,230.0
URE.2018.267.01.46.41,URE,2018.267.01.46.41,earthquake,2774.0,3992.0,27.74,39.92,3,2,0.8259,0.4793,6.45,6.43,7.083000183105469,-76.13899993896484,12.58,1.8,7.751667,-75.532667,251.0,99.74,222.19
URE.2018.267.06.49.09,URE,2018.267.06.49.09,earthquake,2709.0,,27.09,,3,0,0.718,0.0,8.5,,6.7829999923706055,-76.6520004272461,0.0,2.0,7.751667,-75.532667,251.0,163.57,229.16
URE.2018.269.17.22.37,URE,2018.269.17.22.37,earthquake,2848.0,4888.0,28.48,48.88,3,3,0.7941,0.4331,14.0,6.85,6.869999885559082,-76.5739974975586,7.34,2.4,7.751667,-75.532667,251.0,150.76,229.77
URE.2018.269.21.28.55,URE,2018.269.21.28.55,earthquake,2807.0,4388.0,28.07,43.88,3,3,0.6873,0.3956,14.56,20.88,6.789000034332275,-76.16200256347656,1.79,2.6,7.751667,-75.532667,251.0,127.14,213.18
URE.2018.272.06.02.24,URE,2018.272.06.02.24,earthquake,2869.0,4379.0,28.69,43.79,3,3,0.8443,0.591,8.35,12.54,6.9120001792907715,-76.20800018310547,-0.06,1.8,7.751667,-75.532667,251.0,119.09,218.81
URE.2018.273.01.31.15,URE,2018.273.01.31.15,earthquake,2795.0,4344.0,27.95,43.44,3,4,0.7724,0.4181,8.51,10.44,6.923999786376953,-74.76100158691406,16.43,1.7,7.751667,-75.532667,251.0,125.05,137.0
URE.2018.274.01.56.26,URE,2018.274.01.56.26,earthquake,2788.0,4878.0,27.88,48.78,3,3,0.9167,0.3324,34.25,11.26,6.745999813079834,-76.72599792480469,0.0,3.5,7.751667,-75.532667,251.0,172.44,229.91
URE.2018.274.03.56.27,URE,2018.274.03.56.27,earthquake,2728.0,4237.0,27.28,42.37,3,2,0.8856,0.544,4.4,15.75,6.98199987411499,-76.24400329589844,2.82,1.8,7.751667,-75.532667,251.0,115.82,222.74
URE.2018.274.18.06.17,URE,2018.274.18.06.17,earthquake,2732.0,,27.32,,3,0,0.7036,0.0,12.15,,6.872000217437744,-76.12799835205078,0.41,1.5,7.751667,-75.532667,251.0,117.41,214.09
URE.2018.275.10.28.31,URE,2018.275.10.28.31,earthquake,,5651.0,,56.51,0,3,0.0,0.3989,-2.71,12.99,5.7170000076293945,-76.63800048828125,6.5,2.2,7.751667,-75.532667,251.0,256.05,208.57
URE.2018.275.16.58.10,URE,2018.275.16.58.10,earthquake,3029.0,,30.29,,3,0,0.5239,0.0,6.61,,5.526000022888184,-76.69999694824219,2.09,2.9,7.751667,-75.532667,251.0,277.92,207.74
URE.2018.277.02.07.43,URE,2018.277.02.07.43,earthquake,2765.0,,27.65,,4,0,0.6993,0.0,23.14,,6.927999973297119,-76.29399871826172,-0.11,2.7,7.751667,-75.532667,251.0,123.95,222.75
URE.2018.281.10.41.26,URE,2018.281.10.41.26,earthquake,2828.0,3561.0,28.28,35.61,3,3,0.847,0.4802,7.11,5.96,7.300000190734863,-75.46399688720703,28.47,1.7,7.751667,-75.532667,251.0,50.52,171.37
URE.2018.284.05.32.26,URE,2018.284.05.32.26,earthquake,2764,4433.0,27.64,44.33,3,3,0.6908,0.4891,11.42,13.37,6.807000160217285,-76.2229995727539,3.15,1.7,7.751667,-75.532667,251.0,129.33,216.16
URE.2018.284.06.16.39,URE,2018.284.06.16.39,earthquake,2671,4361.0,26.71,43.61,4,4,0.5933,0.4997,11.52,12.42,6.770999908447266,-76.21600341796875,4.0,1.6,7.751667,-75.532667,251.0,132.12,214.87
URE.2018.284.09.29.20,URE,2018.284.09.29.20,earthquake,2888,4424.0,28.88,44.24,4,2,0.7343,0.5879,13.63,16.9,6.922999858856201,-76.16600036621094,0.09,2.1,7.751667,-75.532667,251.0,115.28,217.39
URE.2018.286.02.16.16,URE,2018.286.02.16.16,earthquake,2860,,28.6,,3,0,0.8029,0.0,5.41,,6.920000076293945,-76.38099670410156,4.53,2.0,7.751667,-75.532667,251.0,131.27,225.58
URE.2018.291.02.02.22,URE,2018.291.02.02.22,earthquake,2868,4871.0,28.68,48.71,3,2,0.8745,0.3051,5.26,4.07,6.651000022888184,-76.76200103759766,4.14,2.3,7.751667,-75.532667,251.0,182.35,228.2
URE.2018.291.07.44.46,URE,2018.291.07.44.46,earthquake,2818,4757.0,28.18,47.57,3,4,0.7245,0.4613,6.56,9.51,6.90500020980835,-76.7509994506836,1.97,3.0,7.751667,-75.532667,251.0,163.9,235.24
URE.2018.294.05.51.50,URE,2018.294.05.51.50,earthquake,2812,4365.0,28.12,43.65,4,3,0.792,0.4958,20.79,16.81,6.9039998054504395,-76.30500030517578,11.63,2.4,7.751667,-75.532667,251.0,126.73,222.34
URE.2018.295.03.25.16,URE,2018.295.03.25.16,earthquake,3071,5219.0,30.71,52.19,3,3,0.855,0.2993,4.94,6.51,6.297999858856201,-76.60099792480469,19.03,2.2,7.751667,-75.532667,251.0,199.44,216.35
URE.2018.296.06.20.01,URE,2018.296.06.20.01,earthquake,2953,,29.53,,3,0,0.9003,0.0,23.01,,6.559000015258789,-76.7699966430664,11.11,2.8,7.751667,-75.532667,251.0,189.94,226.1
URE.2018.296.12.19.42,URE,2018.296.12.19.42,earthquake,2901,4821.0,29.01,48.21,3,2,0.7109,0.4369,4.7,3.99,6.927000045776367,-76.61100006103516,16.42,2.2,7.751667,-75.532667,251.0,149.98,232.62
URE.2018.296.20.54.31,URE,2018.296.20.54.31,earthquake,2994,5050.0,29.94,50.5,4,2,0.8558,0.2578,35.04,16.26,7.28000020980835,-77.13400268554688,28.83,4.3,7.751667,-75.532667,251.0,184.28,253.66
URE.2018.297.01.22.34,URE,2018.297.01.22.34,earthquake,2790,4210.0,27.9,42.1,3,3,0.8724,0.5522,26.2,14.9,7.144000053405762,-76.26499938964844,6.84,1.7,7.751667,-75.532667,251.0,105.13,230.31
URE.2018.297.05.26.30,URE,2018.297.05.26.30,earthquake,2999,5104.0,29.99,51.04,3,3,0.9104,0.3006,32.58,10.55,7.283999919891357,-77.13200378417969,27.37,3.6,7.751667,-75.532667,251.0,183.94,253.77
URE.2018.297.11.18.35,URE,2018.297.11.18.35,earthquake,3008,4658.0,30.08,46.58,3,4,0.7681,0.5025,9.37,16.35,6.883999824523926,-76.4749984741211,0.0,2.0,7.751667,-75.532667,251.0,141.54,227.38
URE.2018.299.09.06.12,URE,2018.299.09.06.12,earthquake,2641,,26.41,,4,0,0.8435,0.0,16.87,,7.294000148773193,-76.06199645996094,18.54,1.5,7.751667,-75.532667,251.0,77.3,229.13
URE.2018.299.15.48.12,URE,2018.299.15.48.12,earthquake,2889,5023.0,28.89,50.23,3,3,0.8789,0.4122,29.76,13.22,7.294000148773193,-77.1520004272461,26.0,3.6,7.751667,-75.532667,251.0,185.75,254.29
URE.2018.300.03.30.48,URE,2018.300.03.30.48,earthquake,2792,3780.0,27.92,37.8,4,3,0.8745,0.5585,25.65,12.62,7.058000087738037,-75.3479995727539,4.4,1.9,7.751667,-75.532667,251.0,79.38,165.11
URE.2018.300.07.21.55,URE,2018.300.07.21.55,earthquake,11401,,114.01,,3,0,0.879,0.0,2.96,,7.085000038146973,-76.17900085449219,12.0,1.5,7.751667,-75.532667,251.0,102.6,224.1
URE.2018.300.11.43.47,URE,2018.300.11.43.47,earthquake,2883,3974.0,28.83,39.74,4,3,0.8014,0.5048,18.47,17.01,7.111999988555908,-75.94999694824219,23.87,1.5,7.751667,-75.532667,251.0,84.42,213.1
URE.2018.301.10.40.55,URE,2018.301.10.40.55,earthquake,2769,,27.69,,3,0,0.6482,0.0,8.12,,6.959000110626221,-76.19999694824219,6.81,1.6,7.751667,-75.532667,251.0,114.51,220.09
URE.2018.302.07.53.27,URE,2018.302.07.53.27,earthquake,2854,4048.0,28.54,40.48,3,2,0.6994,0.555,1.78,7.66,7.079999923706055,-76.12799835205078,13.89,1.6,7.751667,-75.532667,251.0,99.18,221.54
URE.2018.306.01.52.47,URE,2018.306.01.52.47,earthquake,2929,5215.0,29.29,52.15,4,3,0.7986,0.4842,13.91,15.72,7.422999858856201,-77.26100158691406,9.36,2.6,7.751667,-75.532667,251.0,194.16,259.32
URE.2018.309.16.46.44,URE,2018.309.16.46.44,earthquake,,4631.0,,46.31,0,2,0.0,0.5229,-3.18,5.61,6.723999977111816,-76.28399658203125,6.44,1.5,7.751667,-75.532667,251.0,140.72,216.18
URE.2018.313.15.54.14,URE,2018.313.15.54.14,earthquake,2868.0,4536.0,28.68,45.36,4,3,0.779,0.5426,18.66,13.98,6.934999942779541,-76.322998046875,0.01,2.5,7.751667,-75.532667,251.0,125.59,224.07
URE.2018.314.08.56.00,URE,2018.314.08.56.00,earthquake,2829.0,3842.0,28.29,38.42,4,4,0.8694,0.6333,26.45,16.88,7.177000045776367,-75.8949966430664,21.98,2.3,7.751667,-75.532667,251.0,75.09,212.21
URE.2018.314.18.09.10,URE,2018.314.18.09.10,earthquake,2958.0,,29.58,,3,0,0.886,0.0,4.81,-0.26,6.363999843597412,-76.79399871826172,3.03,1.8,7.751667,-75.532667,251.0,207.29,222.32
URE.2018.316.04.07.01,URE,2018.316.04.07.01,earthquake,2652.0,3555.0,26.52,35.55,4,4,0.9273,0.637,33.34,5.84,7.506999969482422,-74.8479995727539,4.67,2.1,7.751667,-75.532667,251.0,80.25,109.66
URE.2018.316.06.16.41,URE,2018.316.06.16.41,earthquake,2887.0,4959.0,28.87,49.59,3,2,0.9337,0.2315,41.69,10.11,6.956999778747559,-76.75599670410156,19.74,3.6,7.751667,-75.532667,251.0,161.14,237.03
URE.2018.317.04.28.19,URE,2018.317.04.28.19,earthquake,2945.0,2948.0,29.45,29.48,3,2,0.8226,0.3996,7.85,10.7,6.86899995803833,-76.7959976196289,20.51,1.8,7.751667,-75.532667,251.0,170.26,235.1
URE.2018.319.12.42.05,URE,2018.319.12.42.05,earthquake,2888.0,4373.0,28.88,43.73,4,3,0.7263,0.493,15.5,14.91,6.9079999923706055,-76.22000122070312,-0.11,2.1,7.751667,-75.532667,251.0,120.27,219.17
URE.2018.319.22.03.40,URE,2018.319.22.03.40,earthquake,2751.0,,27.51,,3,0,0.6545,0.0,6.74,,6.945000171661377,-76.21199798583984,9.13,1.5,7.751667,-75.532667,251.0,116.55,220.1
URE.2018.320.05.06.52,URE,2018.320.05.06.52,earthquake,2851.0,3852.0,28.51,38.52,3,4,0.9155,0.3728,15.27,14.23,7.063000202178955,-75.3239974975586,7.9,2.6,7.751667,-75.532667,251.0,79.57,163.16
URE.2018.321.02.24.37,URE,2018.321.02.24.37,earthquake,3156.0,5473.0,31.56,54.73,3,2,0.7298,0.4268,3.19,10.32,6.947999954223633,-77.11499786376953,31.51,2.0,7.751667,-75.532667,251.0,196.01,243.14
URE.2018.321.08.56.36,URE,2018.321.08.56.36,earthquake,2859.0,,28.59,,3,0,0.9494,0.0,42.43,,6.98199987411499,-76.74700164794922,4.53,4.0,7.751667,-75.532667,251.0,158.81,237.67
URE.2018.321.10.25.10,URE,2018.321.10.25.10,earthquake,2905.0,,29.05,,3,0,0.7682,0.0,2.28,-3.32,6.335999965667725,-76.60900115966797,27.43,2.0,7.751667,-75.532667,251.0,196.6,217.29
URE.2018.321.14.19.00,URE,2018.321.14.19.00,earthquake,2825.0,3807.0,28.25,38.07,3,4,0.9392,0.5722,12.31,16.92,7.091000080108643,-75.2760009765625,12.24,2.0,7.751667,-75.532667,251.0,78.37,158.79
URE.2018.321.15.41.38,URE,2018.321.15.41.38,earthquake,2953.0,4415.0,29.53,44.15,3,4,0.8939,0.5329,12.33,5.19,7.006999969482422,-76.1500015258789,-0.09,2.0,7.751667,-75.532667,251.0,106.9,219.65
URE.2018.322.01.28.32,URE,2018.322.01.28.32,earthquake,2926.0,4910.0,29.26,49.1,3,2,0.9341,0.2449,21.96,2.97,6.980999946594238,-76.74299621582031,11.55,2.5,7.751667,-75.532667,251.0,158.49,237.55
URE.2018.322.05.17.39,URE,2018.322.05.17.39,earthquake,2866.0,,28.66,,3,0,0.6516,0.0,8.51,,6.795000076293945,-76.21199798583984,0.01,1.5,7.751667,-75.532667,251.0,129.7,215.38
URE.2018.323.07.33.03,URE,2018.323.07.33.03,earthquake,2810.0,3690.0,28.1,36.9,4,4,0.8675,0.4842,16.29,8.16,7.359000205993652,-75.10099792480469,8.38,1.7,7.751667,-75.532667,251.0,64.46,132.32
URE.2018.325.08.15.22,URE,2018.325.08.15.22,earthquake,2669.0,4057.0,26.69,40.57,3,2,0.9405,0.4007,17.83,11.02,7.125,-76.0719985961914,9.87,1.5,7.751667,-75.532667,251.0,91.37,220.7
URE.2018.325.13.58.25,URE,2018.325.13.58.25,earthquake,2854.0,,28.54,,3,0,0.8135,0.0,7.11,,6.8429999351501465,-76.26899719238281,4.07,1.8,7.751667,-75.532667,251.0,129.27,219.02
URE.2018.327.15.41.13,URE,2018.327.15.41.13,earthquake,2859.0,3952.0,28.59,39.52,4,4,0.8649,0.7313,18.05,21.14,7.171000003814697,-75.95899963378906,21.33,1.9,7.751667,-75.532667,251.0,79.61,216.26
URE.2018.328.23.19.38,URE,2018.328.23.19.38,earthquake,3007.0,4620.0,30.07,46.2,3,2,0.7916,0.3778,3.57,10.58,6.888999938964844,-76.27400207519531,0.03,1.7,7.751667,-75.532667,251.0,125.71,220.68
URE.2018.330.03.54.59,URE,2018.330.03.54.59,earthquake,2711.0,5140.0,27.11,51.4,3,2,0.799,0.3646,11.76,11.53,5.849999904632568,-76.125,5.05,2.8,7.751667,-75.532667,251.0,220.26,197.33
URE.2018.330.14.35.18,URE,2018.330.14.35.18,earthquake,2946.0,5189.0,29.46,51.89,3,2,0.7936,0.4908,4.69,11.07,6.107999801635742,-76.01599884033203,9.13,1.9,7.751667,-75.532667,251.0,189.46,196.41
URE.2018.331.11.12.07,URE,2018.331.11.12.07,earthquake,2849.0,3758.0,28.49,37.58,4,4,0.8909,0.652,18.06,6.14,7.497000217437744,-75.05500030517578,28.36,1.8,7.751667,-75.532667,251.0,59.76,118.09
URE.2018.334.01.28.03,URE,2018.334.01.28.03,earthquake,2868.0,4043.0,28.68,40.43,4,4,0.8534,0.5186,8.26,18.94,7.144999980926514,-76.02999877929688,23.34,1.6,7.751667,-75.532667,251.0,86.69,219.32
URE.2018.339.17.12.32,URE,2018.339.17.12.32,earthquake,3218.0,,32.18,,3,0,0.5153,0.0,7.27,,6.583000183105469,-74.40599822998047,25.61,1.6,7.751667,-75.532667,251.0,179.42,136.01
URE.2018.342.14.40.47,URE,2018.342.14.40.47,earthquake,2610.0,3519.0,26.1,35.19,4,3,0.9403,0.5731,27.41,6.25,7.497000217437744,-74.83599853515625,3.99,2.4,7.751667,-75.532667,251.0,81.87,110.08
URE.2018.343.20.38.35,URE,2018.343.20.38.35,earthquake,2909.0,3828.0,29.09,38.28,4,3,0.8736,0.5212,12.55,5.2,7.4710001945495605,-74.89199829101562,12.57,1.6,7.751667,-75.532667,251.0,77.21,113.66
URE.2018.344.05.05.53,URE,2018.344.05.05.53,earthquake,2879.0,4816.0,28.79,48.16,3,4,0.6849,0.4692,8.22,10.31,6.875999927520752,-76.58499908447266,0.0,1.7,7.751667,-75.532667,251.0,151.26,230.26
URE.2018.344.11.50.16,URE,2018.344.11.50.16,earthquake,2835.0,5113.0,28.35,51.13,3,3,0.9104,0.4792,27.75,11.74,6.513000011444092,-74.15699768066406,12.68,3.9,7.751667,-75.532667,251.0,204.59,131.95
URE.2018.344.12.18.14,URE,2018.344.12.18.14,earthquake,2915.0,4936.0,29.15,49.36,3,2,0.8718,0.3902,8.78,8.18,7.2179999351501465,-76.97899627685547,20.51,2.0,7.751667,-75.532667,251.0,170.2,249.81
URE.2018.345.00.57.32,URE,2018.345.00.57.32,earthquake,3026.0,5098.0,30.26,50.98,3,2,0.8783,0.3078,7.13,9.88,6.614999771118164,-76.7490005493164,22.16,2.1,7.751667,-75.532667,251.0,183.98,226.98
URE.2018.345.11.31.21,URE,2018.345.11.31.21,earthquake,2957.0,4490.0,29.57,44.9,3,2,0.5923,0.3983,5.93,14.43,6.836999893188477,-76.3010025024414,0.0,1.9,7.751667,-75.532667,251.0,132.02,220.04
URE.2018.346.08.19.53,URE,2018.346.08.19.53,earthquake,2992.0,4523.0,29.92,45.23,3,3,0.6269,0.3465,9.05,14.99,6.841000080108643,-76.25800323486328,0.02,1.7,7.751667,-75.532667,251.0,128.68,218.54
URE.2018.346.21.01.33,URE,2018.346.21.01.33,earthquake,3006.0,5105.0,30.06,51.05,3,3,0.9088,0.3223,18.94,11.84,6.966000080108643,-76.86900329589844,22.22,3.3,7.751667,-75.532667,251.0,171.23,239.59
URE.2018.347.08.20.34,URE,2018.347.08.20.34,earthquake,2929.0,4810.0,29.29,48.1,4,2,0.7305,0.3789,11.87,11.25,6.823999881744385,-76.68099975585938,19.33,2.7,7.751667,-75.532667,251.0,163.11,231.1
URE.2018.349.11.59.30,URE,2018.349.11.59.30,earthquake,7138.0,,71.38,,3,0,0.734,0.0,6.21,,6.98799991607666,-76.35800170898438,5.05,1.7,7.751667,-75.532667,251.0,124.24,227.23
URE.2018.350.23.23.07,URE,2018.350.23.23.07,earthquake,2865.0,3862.0,28.65,38.62,4,2,0.6753,0.4131,6.93,5.91,7.288000106811523,-76.0510025024414,16.17,1.6,7.751667,-75.532667,251.0,76.83,228.16
URE.2018.352.05.06.06,URE,2018.352.05.06.06,earthquake,2984.0,5286.0,29.84,52.86,3,3,0.7899,0.4065,5.52,13.4,5.995999813079834,-75.82099914550781,20.27,1.9,7.751667,-75.532667,251.0,196.76,189.34
URE.2018.352.18.28.56,URE,2018.352.18.28.56,earthquake,,4897.0,,48.97,0,3,0.0,0.2293,-0.2,2.18,6.822999954223633,-76.70800018310547,6.21,1.8,7.751667,-75.532667,251.0,165.51,231.72
URE.2018.353.02.02.10,URE,2018.353.02.02.10,earthquake,2765.0,4150.0,27.65,41.5,3,4,0.7761,0.4803,14.22,18.07,7.111999988555908,-76.2509994506836,1.55,3.2,7.751667,-75.532667,251.0,106.27,228.31
URE.2018.355.15.57.30,URE,2018.355.15.57.30,earthquake,2765.0,,27.65,,3,0,0.6205,0.0,1.7,,7.724999904632568,-74.16100311279297,6.44,1.7,7.751667,-75.532667,251.0,151.34,91.02
URE.2018.356.03.10.28,URE,2018.356.03.10.28,earthquake,,4422.0,,44.22,0,2,0.0,0.3093,-3.82,6.09,6.789000034332275,-76.1500015258789,-0.02,1.7,7.751667,-75.532667,251.0,126.42,212.67
URE.2018.356.07.15.48,URE,2018.356.07.15.48,earthquake,3095.0,4710.0,30.95,47.1,4,2,0.6227,0.5686,4.94,15.82,5.828999996185303,-75.93099975585938,31.0,2.3,7.751667,-75.532667,251.0,217.14,191.72
URE.2018.356.07.15.51,URE,2018.356.07.15.51,earthquake,2859.0,4477.0,28.59,44.77,4,3,0.6029,0.4329,5.42,15.45,6.875999927520752,-76.22799682617188,0.4,1.9,7.751667,-75.532667,251.0,123.58,218.45
URE.2018.357.09.17.08,URE,2018.357.09.17.08,earthquake,2823.0,3955.0,28.23,39.55,4,4,0.7552,0.546,9.38,15.11,7.448999881744385,-76.21600341796875,21.59,1.8,7.751667,-75.532667,251.0,82.5,246.11
URE.2018.358.21.21.41,URE,2018.358.21.21.41,earthquake,2777.0,4156.0,27.77,41.56,3,4,0.7364,0.4234,6.09,15.07,7.047999858856201,-76.20800018310547,12.68,2.1,7.751667,-75.532667,251.0,107.77,223.82
URE.2018.359.00.12.30,URE,2018.359.00.12.30,earthquake,2921.0,4248.0,29.21,42.48,4,4,0.7581,0.4975,1.94,17.01,7.033999919891357,-76.1240005493164,-0.22,2.0,7.751667,-75.532667,251.0,102.77,219.48
URE.2018.359.17.17.45,URE,2018.359.17.17.45,earthquake,2692.0,3740.0,26.92,37.4,4,2,0.8468,0.5573,9.15,8.6,7.2129998207092285,-75.99400329589844,4.16,2.3,7.751667,-75.532667,251.0,78.37,220.55
URE.2018.361.00.05.57,URE,2018.361.00.05.57,earthquake,,4746.0,,47.46,0,4,0.0,0.4995,-0.04,8.44,7.290999889373779,-76.8489990234375,18.43,2.0,7.751667,-75.532667,251.0,153.95,250.76
URE.2018.361.01.47.58,URE,2018.361.01.47.58,earthquake,2874.0,4459.0,28.74,44.59,3,2,0.7441,0.2478,3.1,17.82,6.855000019073486,-76.19000244140625,10.43,2.4,7.751667,-75.532667,251.0,122.89,216.25
URE.2018.361.05.05.45,URE,2018.361.05.05.45,earthquake,2940.0,4617.0,29.4,46.17,3,2,0.7993,0.5203,1.76,20.57,6.835000038146973,-76.13400268554688,3.75,2.0,7.751667,-75.532667,251.0,121.19,213.26
URE.2018.361.22.06.57,URE,2018.361.22.06.57,earthquake,2976.0,4628.0,29.76,46.28,4,2,0.7128,0.5539,11.92,19.37,6.826000213623047,-76.11599731445312,0.04,2.1,7.751667,-75.532667,251.0,120.95,212.22
URE.2018.362.01.43.01,URE,2018.362.01.43.01,earthquake,,4618.0,,46.18,0,4,0.0,0.4403,-2.8,14.59,7.151000022888184,-76.68000030517578,9.14,1.9,7.751667,-75.532667,251.0,143.01,242.4
URE.2018.362.19.58.52,URE,2018.362.19.58.52,earthquake,2882.0,,28.82,,3,0,0.502,0.0,2.76,-0.48,5.973999977111816,-74.072998046875,0.0,1.9,7.751667,-75.532667,251.0,254.31,140.54
URE.2018.363.06.02.05,URE,2018.363.06.02.05,earthquake,3014.0,4112.0,30.14,41.12,4,4,0.8262,0.4505,8.77,13.03,7.160999774932861,-75.99600219726562,34.2,1.9,7.751667,-75.532667,251.0,82.96,218.09
URE.2018.363.12.42.03,URE,2018.363.12.42.03,earthquake,,4152.0,,41.52,0,3,0.0,0.3908,-3.42,18.74,7.269999980926514,-76.13700103759766,0.02,1.8,7.751667,-75.532667,251.0,85.36,231.43
URE.2018.364.04.12.31,URE,2018.364.04.12.31,earthquake,2929.0,4951.0,29.29,49.51,3,2,0.8619,0.3108,9.94,8.97,6.604000091552734,-76.70600128173828,21.41,2.1,7.751667,-75.532667,251.0,181.4,225.67
URE.2018.364.05.01.49,URE,2018.364.05.01.49,earthquake,,4306.0,,43.06,0,4,0.0,0.4416,-0.26,3.91,7.051000118255615,-76.23999786376953,11.0,1.7,7.751667,-75.532667,251.0,110.01,225.27
URE.2018.364.13.27.38,URE,2018.364.13.27.38,earthquake,2962.0,3608.0,29.62,36.08,4,4,0.9456,0.8517,20.34,8.08,7.4730000495910645,-75.3010025024414,19.46,1.6,7.751667,-75.532667,251.0,40.04,140.31
URE.2018.365.04.49.24,URE,2018.365.04.49.24,earthquake,3085.0,,30.85,,3,0,0.8216,0.0,6.26,,6.604000091552734,-73.5989990234375,17.56,2.1,7.751667,-75.532667,251.0,248.44,120.6
URE.2019.001.20.13.56,URE,2019.001.20.13.56,earthquake,2970.0,4625.0,29.7,46.25,3,3,0.8871,0.4647,9.18,17.26,6.822999954223633,-76.20099639892578,12.61,2.1,7.751667,-75.532667,251.0,126.47,215.74
URE.2019.001.20.15.41,URE,2019.001.20.15.41,earthquake,2913.0,4580.0,29.13,45.8,4,2,0.7555,0.6611,3.47,11.27,6.824999809265137,-76.18399810791016,7.86,1.9,7.751667,-75.532667,251.0,125.2,215.1
URE.2019.002.15.19.14,URE,2019.002.15.19.14,earthquake,2859.0,4822.0,28.59,48.22,3,3,0.8807,0.5616,9.7,10.24,6.796999931335449,-76.6709976196289,10.59,2.9,7.751667,-75.532667,251.0,164.16,230.05
URE.2019.004.05.45.19,URE,2019.004.05.45.19,earthquake,2969.0,4200.0,29.69,42.0,3,3,0.7112,0.3741,7.25,13.52,7.315000057220459,-76.13500213623047,0.02,1.5,7.751667,-75.532667,251.0,82.17,234.04
URE.2019.006.00.23.10,URE,2019.006.00.23.10,earthquake,1819.0,3453.0,18.19,34.53,4,4,0.571,0.3789,19.45,15.8,6.914999961853027,-76.30599975585938,11.52,1.3,7.751667,-75.532667,251.0,125.91,222.75
URE.2019.006.00.25.36,URE,2019.006.00.25.36,earthquake,3002.0,4589.0,30.02,45.89,4,3,0.7294,0.39,13.36,17.53,6.875999927520752,-76.27100372314453,-0.12,2.2,7.751667,-75.532667,251.0,126.59,220.14
URE.2019.006.00.47.10,URE,2019.006.00.47.10,earthquake,3006.0,11957.0,30.06,119.57,4,3,0.7432,0.4005,16.86,11.47,6.880000114440918,-76.26699829101562,0.13,2.4,7.751667,-75.532667,251.0,125.97,220.12
URE.2019.006.00.48.24,URE,2019.006.00.48.24,earthquake,12639.0,,126.39,,3,0,0.8306,0.0,27.75,,6.89300012588501,-76.28399658203125,-1.25,1.8,7.751667,-75.532667,251.0,126.1,221.19
URE.2019.006.11.04.07,URE,2019.006.11.04.07,earthquake,2886.0,,28.86,,3,0,0.6795,0.0,4.09,-0.16,6.831999778747559,-76.20899963378906,0.21,1.5,7.751667,-75.532667,251.0,126.18,216.33
URE.2019.006.15.16.15,URE,2019.006.15.16.15,earthquake,3057.0,4405.0,30.57,44.05,4,3,0.7319,0.3662,9.31,16.36,6.916999816894531,-76.1259994506836,31.82,1.9,7.751667,-75.532667,251.0,113.19,215.4
URE.2019.006.18.04.46,URE,2019.006.18.04.46,earthquake,2825.0,4226.0,28.25,42.26,3,3,0.8132,0.4105,12.97,20.02,7.195000171661377,-76.37899780273438,4.1,2.6,7.751667,-75.532667,251.0,111.88,236.67
URE.2019.010.00.21.42,URE,2019.010.00.21.42,earthquake,12664.0,,126.64,,3,0,0.5663,0.0,0.9,,6.593999862670898,-74.29399871826172,18.27,1.8,7.751667,-75.532667,251.0,187.37,133.02
URE.2019.010.06.27.28,URE,2019.010.06.27.28,earthquake,2946.0,4316.0,29.46,43.16,3,4,0.7466,0.519,5.51,4.92,7.131999969482422,-76.20600128173828,-0.1,1.5,7.751667,-75.532667,251.0,101.1,227.37
URE.2019.012.10.44.15,URE,2019.012.10.44.15,earthquake,2836.0,4188.0,28.36,41.88,3,3,0.6682,0.5228,13.26,14.24,7.078000068664551,-76.23799896240234,12.55,1.6,7.751667,-75.532667,251.0,107.77,226.31
URE.2019.013.01.43.15,URE,2019.013.01.43.15,earthquake,2825.0,4371.0,28.25,43.71,3,2,0.549,0.1804,9.96,1.24,6.9029998779296875,-76.16300201416016,-0.11,1.7,7.751667,-75.532667,251.0,116.85,216.6
URE.2019.013.05.47.46,URE,2019.013.05.47.46,earthquake,2849.0,,28.49,,3,0,0.7462,0.0,7.22,,6.831999778747559,-76.24199676513672,5.0,1.7,7.751667,-75.532667,251.0,128.37,217.65
URE.2019.014.00.02.50,URE,2019.014.00.02.50,earthquake,2902.0,,29.02,,3,0,0.7209,0.0,1.29,,6.9120001792907715,-76.24500274658203,1.0,1.6,7.751667,-75.532667,251.0,121.69,220.31
URE.2019.014.01.09.27,URE,2019.014.01.09.27,noise,,,,,0,0,0.0,0.0,,,6.939000129699707,-76.65399932861328,9.7,1.8,7.751667,-75.532667,251.0,152.99,234.1
URE.2019.015.14.58.14,URE,2019.015.14.58.14,earthquake,2808.0,4447.0,28.08,44.47,3,2,0.6403,0.2168,6.1,2.69,6.827000141143799,-76.28700256347656,2.78,2.1,7.751667,-75.532667,251.0,131.89,219.21
URE.2019.016.06.49.20,URE,2019.016.06.49.20,earthquake,3861,,38.61,,3,0,0.6791,0.0,12.17,-0.44,6.9629998207092285,-75.81999969482422,26.6,1.8,7.751667,-75.532667,251.0,92.81,200.01
URE.2019.019.09.41.53,URE,2019.019.09.41.53,earthquake,2710,,27.1,,4,0,0.8044,0.0,23.71,-3.59,7.065999984741211,-76.1760025024414,9.0,1.7,7.751667,-75.532667,251.0,103.9,223.17
URE.2019.021.02.17.38,URE,2019.021.02.17.38,earthquake,2960,5310.0,29.6,53.1,4,3,0.7983,0.383,24.46,12.64,6.5370001792907715,-77.04499816894531,36.04,3.4,7.751667,-75.532667,251.0,214.36,231.29
URE.2019.022.05.21.40,URE,2019.022.05.21.40,earthquake,2756,4123.0,27.56,41.23,3,4,0.9186,0.4255,34.63,9.46,7.201000213623047,-76.25499725341797,2.0,3.5,7.751667,-75.532667,251.0,100.33,232.67
URE.2019.022.05.24.14,URE,2019.022.05.24.14,earthquake,2859,4199.0,28.59,41.99,3,4,0.6591,0.3992,10.6,1.87,7.103000164031982,-76.2040023803711,15.0,1.9,7.751667,-75.532667,251.0,103.14,225.98
URE.2019.022.06.38.21,URE,2019.022.06.38.21,earthquake,2698,4067.0,26.98,40.67,4,4,0.7555,0.4789,2.62,14.65,7.163000106811523,-76.21399688720703,1.0,2.6,7.751667,-75.532667,251.0,99.47,229.16
URE.2019.024.08.55.38,URE,2019.024.08.55.38,earthquake,2725,3908.0,27.25,39.08,4,4,0.9043,0.4497,19.71,14.24,7.363999843597412,-76.24700164794922,6.72,2.6,7.751667,-75.532667,251.0,89.74,241.51
URE.2019.024.23.57.34,URE,2019.024.23.57.34,earthquake,2969,,29.69,,3,0,0.5836,0.0,0.6,,6.841000080108643,-76.6709976196289,17.85,1.5,7.751667,-75.532667,251.0,161.07,231.37
URE.2019.026.05.58.10,URE,2019.026.05.58.10,earthquake,2838,4079.0,28.38,40.79,4,4,0.8409,0.3857,10.56,11.97,7.294000148773193,-76.17500305175781,18.94,2.0,7.751667,-75.532667,251.0,87.11,234.52
URE.2019.026.06.03.42,URE,2019.026.06.03.42,earthquake,2912,4101.0,29.12,41.01,3,4,0.8186,0.3489,5.32,15.37,7.322999954223633,-76.14199829101562,0.0,1.8,7.751667,-75.532667,251.0,82.28,234.86
URE.2019.027.00.11.13,URE,2019.027.00.11.13,earthquake,3106,,31.06,,3,0,0.7011,0.0,5.84,-7.99,7.170000076293945,-76.16899871826172,-0.19,1.5,7.751667,-75.532667,251.0,95.25,227.56
URE.2019.027.00.37.52,URE,2019.027.00.37.52,earthquake,2915,4444.0,29.15,44.44,4,4,0.8304,0.5285,23.7,15.63,6.6529998779296875,-75.83000183105469,29.08,2.6,7.751667,-75.532667,251.0,125.86,195.14
URE.2019.029.07.17.18,URE,2019.029.07.17.18,earthquake,3010,5562.0,30.1,55.62,3,2,0.8102,0.4512,27.12,10.97,5.945000171661377,-76.5250015258789,8.7,3.0,7.751667,-75.532667,251.0,227.92,208.83
URE.2019.030.05.36.13,URE,2019.030.05.36.13,earthquake,2937,4068.0,29.37,40.68,4,3,0.8784,0.3908,25.92,8.53,7.160999774932861,-75.96600341796875,0.0,2.2,7.751667,-75.532667,251.0,80.96,216.24
URE.2019.030.14.20.50,URE,2019.030.14.20.50,earthquake,2899,4065.0,28.99,40.65,4,3,0.876,0.4806,20.09,11.31,7.565000057220459,-74.80699920654297,34.0,1.9,7.751667,-75.532667,251.0,82.68,104.41
URE.2019.035.02.30.59,URE,2019.035.02.30.59,earthquake,3948.0,,39.48,,3,0,0.5003,0.0,8.96,,6.822000026702881,-76.80999755859375,25.33,1.9,7.751667,-75.532667,251.0,174.54,233.99
URE.2019.036.05.49.48,URE,2019.036.05.49.48,earthquake,2904.0,,29.04,,3,0,0.7228,0.0,1.27,,6.685999870300293,-76.69300079345703,9.26,1.7,7.751667,-75.532667,251.0,174.1,227.47
URE.2019.036.19.59.34,URE,2019.036.19.59.34,earthquake,3066.0,4527.0,30.66,45.27,3,3,0.8508,0.3595,4.33,3.75,7.061999797821045,-76.41799926757812,10.06,1.7,7.751667,-75.532667,251.0,123.98,232.09
URE.2019.037.07.00.28,URE,2019.037.07.00.28,earthquake,2976.0,5251.0,29.76,52.51,3,3,0.8618,0.5409,9.82,10.47,6.318999767303467,-76.83200073242188,11.98,2.3,7.751667,-75.532667,251.0,213.8,222.26
URE.2019.038.08.33.47,URE,2019.038.08.33.47,earthquake,2944.0,4533.0,29.44,45.33,3,4,0.8684,0.3931,1.82,12.87,6.908999919891357,-76.2300033569336,-0.06,1.6,7.751667,-75.532667,251.0,120.89,219.61
URE.2019.039.07.05.02,URE,2019.039.07.05.02,earthquake,2978.0,4154.0,29.78,41.54,4,4,0.9074,0.6509,20.53,18.97,7.139999866485596,-76.05599975585938,32.8,2.2,7.751667,-75.532667,251.0,88.96,220.53
URE.2019.040.10.05.38,URE,2019.040.10.05.38,earthquake,2895.0,4744.0,28.95,47.44,3,2,0.8955,0.3073,11.18,7.52,7.211999893188477,-76.70600128173828,0.0,2.3,7.751667,-75.532667,251.0,142.6,245.34
URE.2019.041.00.34.04,URE,2019.041.00.34.04,earthquake,,4512.0,,45.12,0,2,0.0,0.4988,-0.91,12.68,6.51200008392334,-75.62200164794922,20.62,1.5,7.751667,-75.532667,251.0,137.45,184.12
URE.2019.041.10.26.08,URE,2019.041.10.26.08,earthquake,2918.0,4047.0,29.18,40.47,4,4,0.8684,0.7687,21.42,19.0,7.702000141143799,-74.78299713134766,34.79,2.1,7.751667,-75.532667,251.0,82.88,93.75
URE.2019.041.22.14.10,URE,2019.041.22.14.10,earthquake,3124.0,,31.24,,3,0,0.6753,0.0,3.48,,6.611999988555908,-76.65699768066406,21.49,1.8,7.751667,-75.532667,251.0,176.94,224.65
URE.2019.042.21.50.41,URE,2019.042.21.50.41,earthquake,2692.0,3649.0,26.92,36.49,4,4,0.946,0.5247,24.56,6.01,7.507999897003174,-74.87300109863281,6.0,2.2,7.751667,-75.532667,251.0,77.62,110.27
URE.2019.043.09.45.26,URE,2019.043.09.45.26,earthquake,2834.0,3928.0,28.34,39.28,4,4,0.9022,0.6911,28.41,17.81,7.71999979019165,-74.80699920654297,32.54,2.3,7.751667,-75.532667,251.0,80.13,92.46
URE.2019.044.03.15.21,URE,2019.044.03.15.21,earthquake,5434.0,7405.0,54.34,74.05,3,2,0.8015,0.1979,6.25,7.85,6.158999919891357,-77.32099914550781,20.04,2.0,7.751667,-75.532667,251.0,264.72,228.4
URE.2019.045.05.17.38,URE,2019.045.05.17.38,earthquake,2939.0,4280.0,29.39,42.8,4,4,0.6709,0.4503,0.34,8.93,7.076000213623047,-76.10900115966797,0.14,1.5,7.751667,-75.532667,251.0,98.14,220.45
URE.2019.045.21.09.52,URE,2019.045.21.09.52,earthquake,2899.0,,28.99,,3,0,0.9054,0.0,27.1,,5.651000022888184,-76.03600311279297,10.96,4.4,7.751667,-75.532667,251.0,238.88,193.5
URE.2019.046.06.47.43,URE,2019.046.06.47.43,earthquake,3017.0,5405.0,30.17,54.05,3,2,0.8854,0.5261,9.55,9.41,7.14300012588501,-77.2020034790039,23.16,2.1,7.751667,-75.532667,251.0,196.18,250.04
URE.2019.046.10.01.55,URE,2019.046.10.01.55,earthquake,2932.0,,29.32,,4,0,0.7608,0.0,12.83,,6.729000091552734,-76.64800262451172,15.33,2.3,7.751667,-75.532667,251.0,167.22,227.51
URE.2019.048.02.59.28,URE,2019.048.02.59.28,earthquake,2809.0,4518.0,28.09,45.18,3,2,0.6261,0.5304,4.35,11.29,6.804999828338623,-76.20500183105469,-0.01,1.6,7.751667,-75.532667,251.0,128.35,215.39
URE.2019.048.03.11.11,URE,2019.048.03.11.11,earthquake,2926.0,4870.0,29.26,48.7,3,3,0.8455,0.5746,20.62,13.56,7.25600004196167,-77.01000213623047,24.0,2.6,7.751667,-75.532667,251.0,172.02,251.52
URE.2019.048.03.59.13,URE,2019.048.03.59.13,earthquake,2922.0,4899.0,29.22,48.99,4,4,0.6224,0.4593,15.05,16.87,6.7829999923706055,-76.31400299072266,5.16,1.8,7.751667,-75.532667,251.0,137.55,218.9
URE.2019.049.03.10.11,URE,2019.049.03.10.11,earthquake,2927.0,4442.0,29.27,44.42,3,4,0.7724,0.4277,4.69,10.8,6.946000099182129,-76.3239974975586,7.93,1.6,7.751667,-75.532667,251.0,124.79,224.49
URE.2019.050.19.02.13,URE,2019.050.19.02.13,earthquake,2950.0,4205.0,29.5,42.05,3,3,0.8192,0.4174,7.31,6.16,7.052999973297119,-76.0250015258789,-0.2,1.9,7.751667,-75.532667,251.0,94.47,215.16
URE.2019.051.08.45.32,URE,2019.051.08.45.32,earthquake,2872.0,,28.72,,3,0,0.6823,0.0,0.76,,6.811999797821045,-76.70999908447266,12.72,1.6,7.751667,-75.532667,251.0,166.44,231.44
URE.2019.054.07.42.59,URE,2019.054.07.42.59,earthquake,2897.0,4587.0,28.97,45.87,3,3,0.6387,0.3064,2.04,8.2,6.945000171661377,-76.25700378417969,7.65,1.5,7.751667,-75.532667,251.0,119.81,221.92
URE.2019.078.02.46.44,URE,2019.078.02.46.44,earthquake,2854.0,4599.0,28.54,45.99,3,3,0.8372,0.5133,7.7,3.42,6.749000072479248,-76.24500274658203,0.0,1.5,7.751667,-75.532667,251.0,135.96,215.4
URE.2019.080.01.51.27,URE,2019.080.01.51.27,earthquake,2867.0,,28.67,,3,0,0.9179,0.0,11.92,,7.328000068664551,-76.75499725341797,16.63,1.8,7.751667,-75.532667,251.0,142.81,250.93
URE.2019.080.11.14.36,URE,2019.080.11.14.36,earthquake,2972.0,,29.72,,3,0,0.8325,0.0,15.07,,7.718999862670898,-72.66400146484375,3.79,3.3,7.751667,-75.532667,251.0,316.47,90.46
URE.2019.080.13.58.51,URE,2019.080.13.58.51,earthquake,2973.0,5019.0,29.73,50.19,3,3,0.6623,0.4019,4.93,8.94,6.7129998207092285,-76.75299835205078,15.52,2.6,7.751667,-75.532667,251.0,177.08,229.64
URE.2019.080.21.25.05,URE,2019.080.21.25.05,earthquake,2935.0,4984.0,29.35,49.84,3,2,0.7165,0.393,3.17,7.65,6.558000087738037,-76.75800323486328,20.66,2.5,7.751667,-75.532667,251.0,189.06,225.79
URE.2019.085.05.11.40,URE,2019.085.05.11.40,earthquake,2951.0,3733.0,29.51,37.33,4,4,0.9112,0.7034,34.36,6.85,7.656000137329102,-75.05899810791016,18.49,1.9,7.751667,-75.532667,251.0,53.32,101.41
URE.2019.085.06.08.22,URE,2019.085.06.08.22,earthquake,2917.0,4758.0,29.17,47.58,4,3,0.7046,0.4645,6.27,7.45,7.199999809265137,-76.7959976196289,14.72,1.6,7.751667,-75.532667,251.0,152.21,246.45
URE.2019.085.23.26.48,URE,2019.085.23.26.48,earthquake,2849.0,4199.0,28.49,41.99,3,3,0.7258,0.4369,5.56,10.97,7.043000221252441,-76.22599792480469,13.0,1.5,7.751667,-75.532667,251.0,109.55,224.37
URE.2019.086.10.30.10,URE,2019.086.10.30.10,earthquake,2863.0,,28.63,,3,0,0.6546,0.0,0.8,,7.359000205993652,-74.16400146484375,6.31,1.5,7.751667,-75.532667,251.0,157.16,105.95
URE.2019.086.13.27.15,URE,2019.086.13.27.15,earthquake,2927.0,4639.0,29.27,46.39,4,4,0.7831,0.5045,10.28,15.7,6.511000156402588,-75.87899780273438,24.39,2.2,7.751667,-75.532667,251.0,142.44,195.6
URE.2019.086.22.06.25,URE,2019.086.22.06.25,earthquake,2910.0,5482.0,29.1,54.82,3,3,0.8631,0.3672,10.92,12.41,6.202000141143799,-74.43000030517578,0.03,2.3,7.751667,-75.532667,251.0,210.28,144.52
URE.2019.087.09.15.36,URE,2019.087.09.15.36,earthquake,2877.0,,28.77,,4,0,0.7702,0.0,10.44,,7.131999969482422,-77.04499816894531,16.23,2.1,7.751667,-75.532667,251.0,180.46,247.78
URE.2019.088.10.32.54,URE,2019.088.10.32.54,earthquake,,4262.0,,42.62,0,3,0.0,0.3904,-1.27,7.05,7.035999774932861,-76.13899993896484,-0.11,1.5,7.751667,-75.532667,251.0,103.66,220.26
URE.2019.090.08.23.28,URE,2019.090.08.23.28,earthquake,2942.0,4124.0,29.42,41.24,4,4,0.823,0.3443,6.33,16.23,7.326000213623047,-76.13200378417969,-0.01,2.2,7.751667,-75.532667,251.0,81.19,234.6
URE.2019.090.22.00.09,URE,2019.090.22.00.09,earthquake,2960.0,4945.0,29.6,49.45,4,3,0.6853,0.4632,14.39,9.34,6.765999794006348,-76.21099853515625,5.35,2.2,7.751667,-75.532667,251.0,132.26,214.54
URE.2019.090.23.45.48,URE,2019.090.23.45.48,earthquake,2879.0,4719.0,28.79,47.19,3,3,0.6982,0.3646,9.91,5.87,6.749000072479248,-76.26599884033203,0.0,1.8,7.751667,-75.532667,251.0,137.31,216.19
URE.2019.091.04.46.53,URE,2019.091.04.46.53,earthquake,2966,4119.0,29.66,41.19,3,3,0.7096,0.4131,6.23,12.53,7.308000087738037,-76.13099670410156,0.0,1.5,7.751667,-75.532667,251.0,82.27,233.43
URE.2019.091.07.44.47,URE,2019.091.07.44.47,earthquake,2981,5096.0,29.81,50.96,3,2,0.6162,0.3874,1.4,0.84,6.493000030517578,-76.71700286865234,19.8,1.6,7.751667,-75.532667,251.0,191.03,223.3
URE.2019.091.09.16.52,URE,2019.091.09.16.52,earthquake,2682,4769.0,26.82,47.69,3,3,0.6032,0.4448,8.88,4.97,6.770999908447266,-76.38999938964844,0.12,2.2,7.751667,-75.532667,251.0,143.96,221.18
URE.2019.093.06.18.42,URE,2019.093.06.18.42,earthquake,2915,4499.0,29.15,44.99,3,2,0.7409,0.4497,4.79,17.04,6.841000080108643,-76.21600341796875,0.0,2.3,7.751667,-75.532667,251.0,125.84,216.89
URE.2019.093.23.19.18,URE,2019.093.23.19.18,earthquake,2931,,29.31,,4,0,0.6865,0.0,4.26,,6.818999767303467,-76.30899810791016,-0.01,1.7,7.751667,-75.532667,251.0,134.12,219.78
URE.2019.094.07.29.45,URE,2019.094.07.29.45,earthquake,12993,,129.93,,3,0,0.8656,0.0,5.43,,7.738999843597412,-73.26499938964844,6.77,1.5,7.751667,-75.532667,251.0,250.15,90.17
URE.2019.096.06.53.46,URE,2019.096.06.53.46,earthquake,2933,4903.0,29.33,49.03,3,2,0.6544,0.3843,5.42,8.31,6.679999828338623,-76.64600372314453,23.17,1.9,7.751667,-75.532667,251.0,170.78,226.13
URE.2019.098.09.27.57,URE,2019.098.09.27.57,earthquake,3015,4677.0,30.15,46.77,4,2,0.6616,0.6096,14.74,14.44,6.895999908447266,-76.27999877929688,-0.11,1.8,7.751667,-75.532667,251.0,125.55,221.14
URE.2019.098.17.45.59,URE,2019.098.17.45.59,earthquake,2975,4643.0,29.75,46.43,3,2,0.6084,0.5207,9.39,12.81,6.882999897003174,-76.28900146484375,-0.16,2.3,7.751667,-75.532667,251.0,127.29,221.05
URE.2019.098.20.28.06,URE,2019.098.20.28.06,earthquake,2931,4665.0,29.31,46.65,3,2,0.7033,0.5612,12.99,15.12,6.9120001792907715,-76.26699829101562,13.11,1.9,7.751667,-75.532667,251.0,123.28,221.17
URE.2019.099.05.36.29,URE,2019.099.05.36.29,earthquake,3890,,38.9,,3,0,0.5158,0.0,13.67,,6.808000087738037,-76.21700286865234,-0.02,1.6,7.751667,-75.532667,251.0,128.85,215.95
URE.2019.099.06.43.26,URE,2019.099.06.43.26,earthquake,2829,,28.29,,3,0,0.6431,0.0,8.07,,6.913000106811523,-76.63899993896484,0.0,1.6,7.751667,-75.532667,251.0,153.38,232.86
URE.2019.099.09.25.39,URE,2019.099.09.25.39,earthquake,2847,4863.0,28.47,48.63,3,3,0.7934,0.3186,8.33,2.77,6.807000160217285,-76.62100219726562,0.0,1.5,7.751667,-75.532667,251.0,159.24,229.07
URE.2019.101.01.06.06,URE,2019.101.01.06.06,earthquake,2984,,29.84,,3,0,0.7541,0.0,6.67,,6.688000202178955,-76.74400329589844,23.83,2.5,7.751667,-75.532667,251.0,178.14,228.75
URE.2019.103.03.40.05,URE,2019.103.03.40.05,earthquake,2759,,27.59,,3,0,0.6811,0.0,10.13,,6.763000011444092,-73.90499877929688,19.49,2.1,7.751667,-75.532667,251.0,210.39,121.21
URE.2019.104.06.48.33,URE,2019.104.06.48.33,earthquake,2785,4644.0,27.85,46.44,4,2,0.8002,0.2862,11.98,14.43,6.678999900817871,-76.72100067138672,5.49,2.0,7.751667,-75.532667,251.0,176.91,227.97
URE.2019.104.17.59.56,URE,2019.104.17.59.56,earthquake,2937,4595.0,29.37,45.95,4,2,0.6858,0.5062,6.43,14.19,6.909999847412109,-76.28199768066406,-0.11,2.4,7.751667,-75.532667,251.0,124.54,221.68
URE.2019.104.20.19.24,URE,2019.104.20.19.24,earthquake,2933,4086.0,29.33,40.86,4,3,0.7315,0.5532,11.27,2.87,7.427000045776367,-76.18000030517578,0.0,1.9,7.751667,-75.532667,251.0,79.95,243.36
URE.2019.105.11.14.34,URE,2019.105.11.14.34,earthquake,3000,4649.0,30.0,46.49,4,3,0.7363,0.5295,20.68,15.26,6.894000053405762,-76.26899719238281,-0.05,2.8,7.751667,-75.532667,251.0,124.93,220.65
URE.2019.105.11.58.49,URE,2019.105.11.58.49,earthquake,2913,5815.0,29.13,58.15,3,3,0.7271,0.5016,10.4,14.59,6.906000137329102,-76.2979965209961,-0.01,2.2,7.751667,-75.532667,251.0,126.05,222.15
URE.2019.105.13.20.16,URE,2019.105.13.20.16,earthquake,2982,4657.0,29.82,46.57,4,2,0.7638,0.5394,18.92,16.06,6.906000137329102,-76.22200012207031,-0.11,2.8,7.751667,-75.532667,251.0,120.58,219.18
URE.2019.105.15.18.39,URE,2019.105.15.18.39,earthquake,2974,,29.74,,3,0,0.5656,0.0,4.79,,6.908999919891357,-76.22699737548828,-0.06,1.5,7.751667,-75.532667,251.0,120.67,219.49
URE.2019.105.19.21.17,URE,2019.105.19.21.17,earthquake,2828,3685.0,28.28,36.85,4,4,0.895,0.8432,29.45,11.03,7.697999954223633,-74.98699951171875,21.23,2.2,7.751667,-75.532667,251.0,60.49,95.59
URE.2019.106.08.40.45,URE,2019.106.08.40.45,earthquake,2948,4572.0,29.48,45.72,3,2,0.6244,0.5252,10.2,12.4,6.9079999923706055,-76.22200012207031,-0.11,1.6,7.751667,-75.532667,251.0,120.41,219.25
URE.2019.106.12.48.22,URE,2019.106.12.48.22,earthquake,2894,,28.94,,3,0,0.8722,0.0,10.39,,7.14900016784668,-75.96900177001953,0.01,1.6,7.751667,-75.532667,251.0,82.23,215.88
URE.2019.106.14.17.32,URE,2019.106.14.17.32,earthquake,2913,3994.0,29.13,39.94,4,3,0.8077,0.4949,26.91,6.22,7.176000118255615,-75.9749984741211,0.0,2.2,7.751667,-75.532667,251.0,80.23,217.51
URE.2019.110.01.17.15,URE,2019.110.01.17.15,earthquake,2978,5209.0,29.78,52.09,3,2,0.9262,0.2563,22.72,15.97,6.361999988555908,-76.61499786376953,13.74,2.8,7.751667,-75.532667,251.0,194.72,217.95
URE.2019.110.07.00.56,URE,2019.110.07.00.56,earthquake,9358,,93.58,,3,0,0.83,0.0,8.96,,7.645999908447266,-72.85399627685547,3.75,1.8,7.751667,-75.532667,251.0,295.75,92.08
URE.2019.111.08.13.00,URE,2019.111.08.13.00,earthquake,3027,4838.0,30.27,48.38,3,4,0.59,0.3927,0.55,10.57,7.310999870300293,-76.97599792480469,25.86,1.5,7.751667,-75.532667,251.0,166.58,253.08
URE.2019.113.19.00.43,URE,2019.113.19.00.43,earthquake,2825,4172.0,28.25,41.72,4,2,0.7446,0.4287,8.72,10.15,7.031000137329102,-76.21199798583984,9.6,1.5,7.751667,-75.532667,251.0,109.44,223.3
URE.2019.114.04.39.38,URE,2019.114.04.39.38,earthquake,3059,,30.59,,3,0,0.5018,0.0,2.54,,6.480999946594238,-74.33300018310547,1.11,1.7,7.751667,-75.532667,251.0,193.16,136.6
URE.2019.115.13.11.38,URE,2019.115.13.11.38,earthquake,2948,4815.0,29.48,48.15,3,2,0.8482,0.237,8.41,8.35,6.735000133514404,-76.80699920654297,16.71,1.9,7.751667,-75.532667,251.0,180.13,231.46
URE.2019.115.19.28.22,URE,2019.115.19.28.22,earthquake,2844,,28.44,,3,0,0.902,0.0,15.64,,7.376999855041504,-76.72000122070312,16.82,2.6,7.751667,-75.532667,251.0,137.43,252.53
URE.2019.117.01.58.03,URE,2019.117.01.58.03,earthquake,2841,4211.0,28.41,42.11,4,3,0.8523,0.3831,18.86,13.53,7.132999897003174,-76.01200103759766,-0.02,2.0,7.751667,-75.532667,251.0,86.49,217.75
URE.2019.117.04.54.53,URE,2019.117.04.54.53,earthquake,2921,4265.0,29.21,42.65,4,4,0.8552,0.6771,20.85,17.69,7.197999954223633,-76.197998046875,0.0,2.1,7.751667,-75.532667,251.0,95.62,230.22
URE.2019.118.15.48.02,URE,2019.118.15.48.02,earthquake,2848,4494.0,28.48,44.94,4,2,0.6887,0.7746,5.99,19.2,6.794000148773193,-76.14900207519531,5.66,1.9,7.751667,-75.532667,251.0,125.89,212.77
URE.2019.119.12.34.39,URE,2019.119.12.34.39,earthquake,2788,4745.0,27.88,47.45,3,3,0.8345,0.3689,12.98,10.65,6.813000202178955,-76.697998046875,4.32,2.3,7.751667,-75.532667,251.0,165.34,231.18
URE.2019.120.06.59.55,URE,2019.120.06.59.55,earthquake,2878,4759.0,28.78,47.59,3,4,0.8675,0.3773,6.33,7.06,6.539000034332275,-74.71299743652344,3.4,1.5,7.751667,-75.532667,251.0,161.81,145.92
URE.2019.120.16.11.38,URE,2019.120.16.11.38,earthquake,2792,3973.0,27.92,39.73,3,4,0.8705,0.5565,7.36,4.65,7.2870001792907715,-74.70999908447266,4.05,1.8,7.751667,-75.532667,251.0,104.33,119.45
URE.2019.120.18.02.29,URE,2019.120.18.02.29,earthquake,2956,,29.56,,3,0,0.8893,0.0,5.02,,6.276000022888184,-74.05699920654297,25.94,2.2,7.751667,-75.532667,251.0,230.69,134.93
URE.2019.121.00.41.51,URE,2019.121.00.41.51,earthquake,2852,,28.52,,3,0,0.8431,0.0,31.59,,6.894000053405762,-76.2229995727539,0.38,3.2,7.751667,-75.532667,251.0,121.68,218.83
URE.2019.121.00.53.28,URE,2019.121.00.53.28,earthquake,2868,4489.0,28.68,44.89,3,3,0.8708,0.5012,7.98,13.3,6.9019999504089355,-76.2040023803711,5.26,2.1,7.751667,-75.532667,251.0,119.68,218.31
URE.2019.122.08.03.18,URE,2019.122.08.03.18,earthquake,2863,3958.0,28.63,39.58,4,4,0.8671,0.3755,33.52,13.79,7.181000232696533,-75.96399688720703,0.0,2.5,7.751667,-75.532667,251.0,79.06,217.06
URE.2019.123.15.43.38,URE,2019.123.15.43.38,earthquake,2827,4872.0,28.27,48.72,3,3,0.8664,0.4359,10.22,7.05,7.004000186920166,-76.86900329589844,18.67,2.1,7.751667,-75.532667,251.0,169.13,240.82
URE.2019.123.22.40.51,URE,2019.123.22.40.51,earthquake,2826,4425.0,28.26,44.25,3,3,0.6802,0.3956,14.15,20.52,6.8429999351501465,-76.17400360107422,8.79,2.8,7.751667,-75.532667,251.0,122.94,215.21
URE.2019.124.13.09.59,URE,2019.124.13.09.59,earthquake,2850,4632.0,28.5,46.32,3,3,0.8875,0.3759,7.42,12.56,7.020999908447266,-76.66100311279297,7.92,2.0,7.751667,-75.532667,251.0,148.48,237.1
URE.2019.126.09.53.17,URE,2019.126.09.53.17,earthquake,2953,,29.53,,3,0,0.7386,0.0,4.61,,6.857999801635742,-76.56099700927734,15.16,1.6,7.751667,-75.532667,251.0,150.54,229.03
URE.2019.126.18.56.24,URE,2019.126.18.56.24,earthquake,2874,4510.0,28.74,45.1,3,3,0.7983,0.4342,39.21,14.72,6.854000091552734,-76.30500030517578,-0.05,4.0,7.751667,-75.532667,251.0,130.88,220.71
URE.2019.126.18.59.40,URE,2019.126.18.59.40,earthquake,2910,4522.0,29.1,45.22,3,3,0.6662,0.3893,3.86,9.67,6.814000129699707,-76.23400115966797,6.12,2.1,7.751667,-75.532667,251.0,129.43,216.8
URE.2019.126.19.05.08,URE,2019.126.19.05.08,earthquake,2911,4536.0,29.11,45.36,3,2,0.8453,0.4755,10.99,16.93,6.796999931335449,-76.2040023803711,0.0,2.3,7.751667,-75.532667,251.0,129.01,215.12
URE.2019.126.19.13.13,URE,2019.126.19.13.13,earthquake,2886,4494.0,28.86,44.94,3,2,0.8067,0.5198,17.66,14.7,6.818999767303467,-76.24600219726562,0.02,2.3,7.751667,-75.532667,251.0,129.78,217.41
URE.2019.126.20.36.32,URE,2019.126.20.36.32,earthquake,2889,,28.89,,3,0,0.6363,0.0,8.3,,6.822999954223633,-76.1989974975586,0.0,1.9,7.751667,-75.532667,251.0,126.34,215.66
URE.2019.128.00.44.40,URE,2019.128.00.44.40,earthquake,2941,4521.0,29.41,45.21,3,2,0.7359,0.4852,4.85,4.99,6.824999809265137,-76.2300033569336,0.0,1.6,7.751667,-75.532667,251.0,128.19,216.97
URE.2019.128.15.52.56,URE,2019.128.15.52.56,earthquake,2881,4290.0,28.81,42.9,4,2,0.7562,0.4527,32.29,14.16,7.241000175476074,-76.34700012207031,0.0,3.4,7.751667,-75.532667,251.0,106.15,237.91
URE.2019.129.07.54.49,URE,2019.129.07.54.49,earthquake,3093,,30.93,,3,0,0.7561,0.0,3.26,,7.302000045776367,-77.05599975585938,23.31,1.5,7.751667,-75.532667,251.0,175.33,253.62
URE.2019.129.11.02.52,URE,2019.129.11.02.52,earthquake,2899,4579.0,28.99,45.79,3,2,0.6757,0.6532,1.54,10.69,6.8520002365112305,-76.2979965209961,0.01,2.0,7.751667,-75.532667,251.0,130.54,220.39
URE.2019.131.00.25.55,URE,2019.131.00.25.55,earthquake,2899,4885.0,28.99,48.85,3,2,0.7723,0.4316,4.08,5.3,6.75,-76.71900177001953,16.04,1.6,7.751667,-75.532667,251.0,171.57,229.86
URE.2019.131.08.10.48,URE,2019.131.08.10.48,earthquake,2899,4269.0,28.99,42.69,4,4,0.842,0.4231,30.92,11.2,7.156000137329102,-76.16500091552734,-0.06,2.1,7.751667,-75.532667,251.0,95.98,226.7
URE.2019.132.14.22.26,URE,2019.132.14.22.26,earthquake,2832,4418.0,28.32,44.18,3,4,0.5708,0.4138,3.5,5.54,7.36899995803833,-76.51000213623047,16.58,1.5,7.751667,-75.532667,251.0,115.86,248.64
URE.2019.133.05.09.30,URE,2019.133.05.09.30,earthquake,2788,3843.0,27.88,38.43,4,4,0.8051,0.528,11.1,14.66,7.019000053405762,-75.2699966430664,6.81,1.6,7.751667,-75.532667,251.0,86.06,160.29
URE.2019.137.15.44.30,URE,2019.137.15.44.30,earthquake,2800,,28.0,,3,0,0.9056,0.0,13.21,-0.4,6.9679999351501465,-76.21700286865234,4.68,1.6,7.751667,-75.532667,251.0,114.98,221.13
URE.2019.138.04.30.16,URE,2019.138.04.30.16,earthquake,2973,4129.0,29.73,41.29,4,4,0.7994,0.6791,26.56,16.59,7.14300012588501,-75.99500274658203,26.61,2.5,7.751667,-75.532667,251.0,84.47,217.2
URE.2019.141.04.53.44,URE,2019.141.04.53.44,earthquake,2859,4264.0,28.59,42.64,3,4,0.8655,0.4513,10.41,10.41,7.054999828338623,-76.1240005493164,-0.2,1.5,7.751667,-75.532667,251.0,100.98,220.31
URE.2019.141.09.26.20,URE,2019.141.09.26.20,earthquake,2946,,29.46,,3,0,0.7362,0.0,8.84,,7.24399995803833,-73.08899688720703,1.81,2.5,7.751667,-75.532667,251.0,275.5,101.6
URE.2019.142.07.33.00,URE,2019.142.07.33.00,earthquake,2983,,29.83,,3,0,0.7507,0.0,11.39,,5.322000026702881,-76.48500061035156,30.77,2.5,7.751667,-75.532667,251.0,288.6,201.46
URE.2019.142.08.29.12,URE,2019.142.08.29.12,earthquake,2853,,28.53,,3,0,0.4778,0.0,4.13,,6.513000011444092,-76.197998046875,18.26,1.5,7.751667,-75.532667,251.0,155.46,208.26
URE.2019.142.22.59.10,URE,2019.142.22.59.10,earthquake,2940,,29.4,,3,0,0.5048,0.0,2.4,,6.869999885559082,-76.21600341796875,0.01,2.1,7.751667,-75.532667,251.0,123.29,217.78
URE.2019.143.11.30.35,URE,2019.143.11.30.35,earthquake,2994,4602.0,29.94,46.02,3,3,0.6226,0.3937,6.7,10.79,6.88700008392334,-76.20500183105469,-0.18,1.5,7.751667,-75.532667,251.0,121.06,217.87
URE.2019.143.13.19.31,URE,2019.143.13.19.31,earthquake,2899,4617.0,28.99,46.17,3,4,0.7874,0.3815,20.1,14.47,6.908999919891357,-76.41200256347656,-0.02,2.5,7.751667,-75.532667,251.0,134.58,226.23
URE.2019.144.12.10.02,URE,2019.144.12.10.02,earthquake,2964,4467.0,29.64,44.67,3,3,0.8073,0.5817,13.91,12.11,6.915999889373779,-76.14099884033203,-0.11,2.0,7.751667,-75.532667,251.0,114.25,216.05
URE.2019.145.10.36.14,URE,2019.145.10.36.14,earthquake,2957,4643.0,29.57,46.43,3,2,0.9105,0.1712,18.78,15.36,6.840000152587891,-76.4540023803711,19.12,2.6,7.751667,-75.532667,251.0,143.23,225.32
URE.2019.145.14.37.57,URE,2019.145.14.37.57,earthquake,2722,4275.0,27.22,42.75,4,3,0.6526,0.6185,19.34,17.71,6.985000133514404,-76.2770004272461,0.88,1.9,7.751667,-75.532667,251.0,118.08,224.15
URE.2019.146.08.43.25,URE,2019.146.08.43.25,earthquake,2788,,27.88,,3,0,0.554,0.0,2.66,-6.69,7.165999889373779,-76.26000213623047,11.79,1.7,7.751667,-75.532667,251.0,103.16,231.15
URE.2019.147.21.12.27,URE,2019.147.21.12.27,earthquake,2854,,28.54,,3,0,0.8138,0.0,14.06,,7.318999767303467,-76.0739974975586,0.0,1.5,7.751667,-75.532667,251.0,76.54,231.34
URE.2019.148.01.23.34,URE,2019.148.01.23.34,earthquake,2872,4103.0,28.72,41.03,4,4,0.8406,0.471,25.75,13.8,7.059999942779541,-75.93399810791016,10.61,1.7,7.751667,-75.532667,251.0,88.4,210.11
URE.2019.149.05.49.35,URE,2019.149.05.49.35,earthquake,2936,,29.36,,3,0,0.8424,0.0,13.04,,7.531000137329102,-77.11299896240234,30.44,1.9,7.751667,-75.532667,251.0,176.07,262.14
URE.2019.152.18.57.57,URE,2019.152.18.57.57,earthquake,2958,4195.0,29.58,41.95,3,4,0.8411,0.4043,11.03,14.84,7.276000022888184,-76.19400024414062,-0.01,1.6,7.751667,-75.532667,251.0,89.97,234.26
URE.2019.155.04.24.10,URE,2019.155.04.24.10,earthquake,2900,4212.0,29.0,42.12,4,4,0.7625,0.3674,17.18,11.7,7.26200008392334,-76.25399780273438,0.0,1.6,7.751667,-75.532667,251.0,96.29,235.82
URE.2019.155.07.45.51,URE,2019.155.07.45.51,earthquake,3028,,30.28,,3,0,0.6554,0.0,0.71,,6.683000087738037,-76.83499908447266,24.88,1.6,7.751667,-75.532667,251.0,186.16,230.67
URE.2019.156.04.13.30,URE,2019.156.04.13.30,earthquake,2888,4988.0,28.88,49.88,3,3,0.6946,0.6416,16.65,10.08,7.368000030517578,-77.15299987792969,18.1,2.8,7.751667,-75.532667,251.0,183.78,256.76
URE.2019.156.09.26.57,URE,2019.156.09.26.57,earthquake,2869,4327.0,28.69,43.27,3,4,0.9244,0.4278,41.74,12.73,7.119999885559082,-76.25499725341797,-0.11,2.5,7.751667,-75.532667,251.0,106.01,228.83
URE.2019.156.14.07.08,URE,2019.156.14.07.08,earthquake,2940,3642.0,29.4,36.42,4,4,0.8746,0.8145,18.84,12.91,7.310999870300293,-75.51499938964844,15.89,1.7,7.751667,-75.532667,251.0,48.77,177.71
URE.2019.158.02.37.53,URE,2019.158.02.37.53,earthquake,2774,4180.0,27.74,41.8,3,3,0.658,0.5092,6.6,13.76,7.078999996185303,-76.18599700927734,3.21,1.7,7.751667,-75.532667,251.0,103.61,224.16
URE.2019.158.04.55.16,URE,2019.158.04.55.16,earthquake,10949,,109.49,,3,0,0.6869,0.0,8.35,,6.815999984741211,-76.2760009765625,6.66,1.5,7.751667,-75.532667,251.0,132.08,218.47
URE.2019.158.05.52.21,URE,2019.158.05.52.21,earthquake,4115,5704.0,41.15,57.04,3,3,0.7529,0.5994,24.63,18.9,6.810999870300293,-76.20600128173828,5.89,2.2,7.751667,-75.532667,251.0,127.87,215.6
URE.2019.158.14.04.08,URE,2019.158.14.04.08,earthquake,2929,4341.0,29.29,43.41,4,3,0.7575,0.6563,21.21,17.67,7.084000110626221,-76.1520004272461,0.0,1.9,7.751667,-75.532667,251.0,100.63,222.84
URE.2019.159.08.24.54,URE,2019.159.08.24.54,earthquake,2894,4202.0,28.94,42.02,3,4,0.5509,0.477,15.67,20.15,7.061999797821045,-76.11499786376953,0.05,1.5,7.751667,-75.532667,251.0,99.75,220.16
URE.2019.159.11.01.35,URE,2019.159.11.01.35,earthquake,2825,4573.0,28.25,45.73,3,3,0.707,0.5271,8.38,15.7,6.964000225067139,-76.55400085449219,3.62,2.2,7.751667,-75.532667,251.0,142.49,232.38
URE.2019.159.14.25.03,URE,2019.159.14.25.03,earthquake,2987,,29.87,,3,0,0.552,0.0,7.73,,7.015999794006348,-77.23500061035156,31.95,1.9,7.751667,-75.532667,251.0,204.79,246.7
URE.2019.159.22.10.53,URE,2019.159.22.10.53,earthquake,3004,4706.0,30.04,47.06,3,2,0.5672,0.5328,9.86,14.13,6.88700008392334,-76.22000122070312,-0.07,1.4,7.751667,-75.532667,251.0,122.08,218.48
URE.2019.160.10.58.57,URE,2019.160.10.58.57,earthquake,2974,,29.74,,3,0,0.7685,0.0,2.48,,6.7829999923706055,-76.66699981689453,17.7,1.6,7.751667,-75.532667,251.0,164.82,229.54
URE.2019.161.13.51.41,URE,2019.161.13.51.41,earthquake,2791,4217.0,27.91,42.17,3,3,0.7639,0.4663,20.92,11.93,7.086999893188477,-76.25800323486328,3.58,2.1,7.751667,-75.532667,251.0,108.7,227.5
URE.2019.162.15.05.25,URE,2019.162.15.05.25,earthquake,2770,4559.0,27.7,45.59,4,4,0.822,0.3865,15.46,8.12,7.204999923706055,-77.00299835205078,2.48,2.1,7.751667,-75.532667,251.0,173.19,249.67
URE.2019.162.23.01.19,URE,2019.162.23.01.19,earthquake,2887,4218.0,28.87,42.18,4,4,0.7791,0.535,30.09,20.78,7.171999931335449,-76.21499633789062,-0.09,2.5,7.751667,-75.532667,251.0,98.91,229.64
URE.2019.163.10.19.00,URE,2019.163.10.19.00,earthquake,2865,4195.0,28.65,41.95,4,4,0.7787,0.5569,18.27,17.63,7.14300012588501,-76.2300033569336,14.63,1.9,7.751667,-75.532667,251.0,102.26,228.88
URE.2019.163.11.11.37,URE,2019.163.11.11.37,earthquake,2938,4347.0,29.38,43.47,4,4,0.6066,0.4804,17.52,17.64,6.895999908447266,-76.0260009765625,19.07,1.9,7.751667,-75.532667,251.0,109.19,209.96
URE.2019.163.13.27.29,URE,2019.163.13.27.29,earthquake,2860.0,4893.0,28.6,48.93,3,3,0.7472,0.6707,9.69,10.53,6.302000045776367,-76.09500122070312,14.41,2.0,7.751667,-75.532667,251.0,171.94,201.22
URE.2019.167.08.09.03,URE,2019.167.08.09.03,earthquake,2878.0,4402.0,28.78,44.02,3,4,0.7804,0.4864,14.95,15.51,6.96999979019165,-76.29399871826172,0.13,1.5,7.751667,-75.532667,251.0,120.58,224.25
URE.2019.169.03.36.48,URE,2019.169.03.36.48,earthquake,2815.0,4494.0,28.15,44.94,4,4,0.831,0.5049,20.33,20.76,6.843999862670898,-76.31099700927734,0.11,2.5,7.751667,-75.532667,251.0,132.15,220.62
URE.2019.170.04.23.25,URE,2019.170.04.23.25,earthquake,,4881.0,,48.81,0,3,0.0,0.2642,-0.65,2.64,6.709000110626221,-76.61699676513672,-0.02,1.6,7.751667,-75.532667,251.0,166.24,226.15
URE.2019.172.12.57.51,URE,2019.172.12.57.51,earthquake,3101.0,,31.01,,3,0,0.7258,0.0,1.76,,6.872000217437744,-76.39399719238281,-0.01,1.9,7.751667,-75.532667,251.0,136.05,224.41
URE.2019.174.21.27.50,URE,2019.174.21.27.50,earthquake,2831.0,3690.0,28.31,36.9,4,4,0.9236,0.5314,30.22,7.47,7.300000190734863,-75.2040023803711,8.85,1.9,7.751667,-75.532667,251.0,61.73,143.99
URE.2019.175.22.06.07,URE,2019.175.22.06.07,earthquake,2916.0,4855.0,29.16,48.55,3,2,0.9117,0.1751,33.76,4.66,7.466000080108643,-76.97599792480469,21.05,3.6,7.751667,-75.532667,251.0,162.37,258.88
URE.2019.176.05.35.47,URE,2019.176.05.35.47,earthquake,2896.0,4486.0,28.96,44.86,3,3,0.8718,0.4732,18.07,8.14,6.914000034332275,-74.73100280761719,33.98,1.9,7.751667,-75.532667,251.0,128.13,136.25
URE.2019.176.13.56.11,URE,2019.176.13.56.11,earthquake,2832.0,3982.0,28.32,39.82,3,4,0.7606,0.3433,21.12,10.74,7.160999774932861,-75.9729995727539,-0.05,1.9,7.751667,-75.532667,251.0,81.42,216.68
URE.2019.179.00.47.51,URE,2019.179.00.47.51,earthquake,10612.0,,106.12,,3,0,0.9018,0.0,18.51,,5.310999870300293,-74.95500183105469,3.56,1.5,7.751667,-75.532667,251.0,277.37,166.65
URE.2019.179.03.40.57,URE,2019.179.03.40.57,earthquake,2997.0,4646.0,29.97,46.46,3,3,0.7425,0.4394,8.2,12.38,6.808000087738037,-76.17900085449219,0.02,1.8,7.751667,-75.532667,251.0,126.43,214.41
URE.2019.180.16.51.12,URE,2019.180.16.51.12,earthquake,3046.0,4048.0,30.46,40.48,4,4,0.6013,0.4505,9.11,9.23,7.2779998779296875,-76.03199768066406,0.0,1.7,7.751667,-75.532667,251.0,76.04,226.49
URE.2019.180.19.04.52,URE,2019.180.19.04.52,earthquake,2789.0,4173.0,27.89,41.73,3,2,0.573,0.5835,8.96,12.09,7.040999889373779,-76.2229995727539,12.17,1.7,7.751667,-75.532667,251.0,109.48,224.16
URE.2019.182.03.41.00,URE,2019.182.03.41.00,earthquake,2861.0,3683.0,28.61,36.83,4,4,0.9009,0.7779,35.49,8.43,7.452000141143799,-75.15599822998047,28.01,1.9,7.751667,-75.532667,251.0,53.16,128.54
URE.2019.183.23.23.24,URE,2019.183.23.23.24,earthquake,2816.0,,28.16,,3,0,0.6778,0.0,17.33,,7.14300012588501,-74.16699981689453,2.57,2.2,7.751667,-75.532667,251.0,165.1,113.97
URE.2019.185.05.07.44,URE,2019.185.05.07.44,earthquake,2909.0,4797.0,29.09,47.97,3,4,0.5215,0.3399,7.45,11.12,6.840000152587891,-76.63600158691406,1.64,1.6,7.751667,-75.532667,251.0,158.14,230.46
URE.2019.191.17.43.23,URE,2019.191.17.43.23,earthquake,2908,4236.0,29.08,42.36,4,4,0.651,0.5339,15.95,17.17,7.165999889373779,-76.22599792480469,13.61,1.9,7.751667,-75.532667,251.0,100.26,229.8
URE.2019.193.06.00.30,URE,2019.193.06.00.30,earthquake,2944,4510.0,29.44,45.1,3,2,0.7695,0.4675,6.82,12.03,6.906000137329102,-76.19000244140625,0.35,1.5,7.751667,-75.532667,251.0,118.38,217.86
URE.2019.194.05.05.07,URE,2019.194.05.05.07,earthquake,2785,4703.0,27.85,47.03,3,2,0.7628,0.525,6.4,3.0,6.915999889373779,-76.65399932861328,0.0,2.0,7.751667,-75.532667,251.0,154.5,233.33
URE.2019.196.05.34.53,URE,2019.196.05.34.53,earthquake,2849,4081.0,28.49,40.81,4,4,0.8061,0.5886,26.27,15.23,7.059999942779541,-75.95899963378906,17.39,2.1,7.751667,-75.532667,251.0,89.81,211.63
URE.2019.199.02.32.55,URE,2019.199.02.32.55,earthquake,2977,4768.0,29.77,47.68,3,2,0.8537,0.3688,21.65,11.48,7.2210001945495605,-76.85600280761719,24.33,3.0,7.751667,-75.532667,251.0,157.41,248.2
URE.2019.200.00.36.10,URE,2019.200.00.36.10,earthquake,10506,,105.06,,3,0,0.7218,0.0,10.22,,6.093999862670898,-74.25499725341797,19.8,1.8,7.751667,-75.532667,251.0,231.39,142.32
URE.2019.200.16.16.57,URE,2019.200.16.16.57,earthquake,2875,4819.0,28.75,48.19,3,2,0.8517,0.4308,10.78,10.56,6.489999771118164,-76.29900360107422,1.23,1.5,7.751667,-75.532667,251.0,163.2,211.29
URE.2019.200.21.59.31,URE,2019.200.21.59.31,earthquake,2758,3787.0,27.58,37.87,4,4,0.8775,0.3478,27.57,3.71,7.504000186920166,-74.81700134277344,4.78,1.9,7.751667,-75.532667,251.0,83.58,109.08
URE.2019.202.04.36.07,URE,2019.202.04.36.07,earthquake,3030,4673.0,30.3,46.73,3,2,0.6923,0.4245,11.06,10.3,6.809000015258789,-76.14099884033203,-0.05,1.7,7.751667,-75.532667,251.0,124.02,212.84
URE.2019.203.09.03.37,URE,2019.203.09.03.37,earthquake,2965,,29.65,,3,0,0.5657,0.0,4.63,,6.809999942779541,-76.20700073242188,0.0,1.7,7.751667,-75.532667,251.0,128.02,215.61
URE.2019.205.10.20.44,URE,2019.205.10.20.44,earthquake,2984,4272.0,29.84,42.72,3,2,0.7738,0.4857,5.55,4.16,7.104000091552734,-76.12699890136719,0.15,1.8,7.751667,-75.532667,251.0,97.13,222.53
URE.2019.207.23.16.06,URE,2019.207.23.16.06,earthquake,5954,,59.54,,3,0,0.5295,0.0,4.35,,5.2170000076293945,-74.52899932861328,0.0,1.9,7.751667,-75.532667,251.0,301.49,158.33
URE.2019.208.07.04.22,URE,2019.208.07.04.22,earthquake,2978,4434.0,29.78,44.34,3,2,0.7497,0.3806,7.45,9.45,6.888000011444092,-76.16600036621094,-0.11,1.5,7.751667,-75.532667,251.0,118.38,216.25
URE.2019.209.08.19.24,URE,2019.209.08.19.24,earthquake,2853,4474.0,28.53,44.74,3,3,0.8458,0.48,15.15,12.74,6.818999767303467,-76.2249984741211,-0.02,2.0,7.751667,-75.532667,251.0,128.39,216.59
URE.2019.209.08.44.44,URE,2019.209.08.44.44,earthquake,2906,4499.0,29.06,44.99,3,3,0.8011,0.5314,12.72,12.85,6.824999809265137,-76.2030029296875,0.0,1.9,7.751667,-75.532667,251.0,126.42,215.88
URE.2019.209.14.08.51,URE,2019.209.14.08.51,earthquake,2896,3956.0,28.96,39.56,4,4,0.7261,0.7066,18.34,15.41,7.065000057220459,-75.197998046875,12.41,1.7,7.751667,-75.532667,251.0,84.45,154.03
URE.2019.211.00.42.56,URE,2019.211.00.42.56,earthquake,2951,4920.0,29.51,49.2,3,2,0.8473,0.3547,5.03,5.19,6.5970001220703125,-76.41699981689453,12.05,2.3,7.751667,-75.532667,251.0,160.77,217.47
URE.2019.211.07.25.19,URE,2019.211.07.25.19,earthquake,2982.0,4971.0,29.82,49.71,4,2,0.8772,0.3457,18.26,8.16,6.763999938964844,-76.73400115966797,18.16,2.3,7.751667,-75.532667,251.0,171.85,230.61
URE.2019.212.02.06.59,URE,2019.212.02.06.59,earthquake,2868.0,4891.0,28.68,48.91,3,2,0.8744,0.3363,29.2,4.04,6.795000076293945,-76.75800323486328,23.09,2.8,7.751667,-75.532667,251.0,171.76,232.06
URE.2019.212.04.02.25,URE,2019.212.04.02.25,earthquake,2861.0,,28.61,,3,0,0.7211,0.0,3.0,,6.895999908447266,-76.177001953125,-0.06,1.5,7.751667,-75.532667,251.0,118.39,216.98
URE.2019.212.12.04.23,URE,2019.212.12.04.23,earthquake,2918.0,4225.0,29.18,42.25,3,2,0.8196,0.3199,12.69,2.79,7.218999862670898,-76.29199981689453,3.39,1.5,7.751667,-75.532667,251.0,102.44,234.95
URE.2019.212.14.45.55,URE,2019.212.14.45.55,earthquake,2838.0,7276.0,28.38,72.76,3,2,0.8355,0.562,37.33,6.81,7.245999813079834,-76.28500366210938,1.39,3.8,7.751667,-75.532667,251.0,100.11,236.09
URE.2019.212.15.00.37,URE,2019.212.15.00.37,earthquake,3025.0,4273.0,30.25,42.73,3,2,0.6317,0.6412,1.1,9.81,7.170000076293945,-76.21099853515625,-0.07,1.7,7.751667,-75.532667,251.0,98.71,229.38
URE.2019.212.15.18.16,URE,2019.212.15.18.16,earthquake,2815.0,4091.0,28.15,40.91,3,3,0.7544,0.3514,4.19,13.19,7.145999908447266,-76.23300170898438,12.76,1.9,7.751667,-75.532667,251.0,102.29,229.14
URE.2019.212.16.19.40,URE,2019.212.16.19.40,earthquake,2918.0,4231.0,29.18,42.31,3,3,0.7957,0.4921,6.85,9.19,7.144999980926514,-76.21299743652344,15.8,1.8,7.751667,-75.532667,251.0,100.7,228.27
URE.2019.213.04.05.51,URE,2019.213.04.05.51,earthquake,2969.0,,29.69,,3,0,0.7523,0.0,4.44,,6.89300012588501,-76.17500305175781,0.15,1.5,7.751667,-75.532667,251.0,118.52,216.8
URE.2019.214.18.21.20,URE,2019.214.18.21.20,earthquake,2855.0,4180.0,28.55,41.8,3,3,0.7498,0.4813,10.06,13.7,7.039000034332275,-76.19499969482422,11.42,1.6,7.751667,-75.532667,251.0,107.51,222.9
URE.2019.215.10.13.32,URE,2019.215.10.13.32,earthquake,2930.0,4582.0,29.3,45.82,3,4,0.4578,0.4515,5.25,18.73,6.921999931335449,-76.22899627685547,-0.14,1.5,7.751667,-75.532667,251.0,119.71,220.01
URE.2019.215.12.40.19,URE,2019.215.12.40.19,earthquake,2928.0,4456.0,29.28,44.56,4,3,0.7313,0.3835,24.38,17.47,6.9120001792907715,-76.15899658203125,0.26,2.6,7.751667,-75.532667,251.0,115.78,216.72
URE.2019.217.09.53.24,URE,2019.217.09.53.24,earthquake,,4611.0,,46.11,0,3,0.0,0.2656,-2.29,7.2,6.834000110626221,-76.35600280761719,10.98,1.5,7.751667,-75.532667,251.0,136.25,221.91
URE.2019.220.07.45.42,URE,2019.220.07.45.42,earthquake,3001.0,5587.0,30.01,55.87,3,3,0.7339,0.5387,11.99,16.05,5.669000148773193,-76.02200317382812,25.05,2.5,7.751667,-75.532667,251.0,236.59,193.25
URE.2019.221.14.32.18,URE,2019.221.14.32.18,earthquake,2885.0,4570.0,28.85,45.7,3,2,0.5291,0.3844,1.2,4.39,6.834000110626221,-76.21399688720703,-0.2,1.7,7.751667,-75.532667,251.0,126.33,216.59
URE.2019.221.15.42.55,URE,2019.221.15.42.55,earthquake,2864.0,4383.0,28.64,43.83,3,2,0.7518,0.5485,5.58,9.21,6.895999908447266,-76.16100311279297,-0.1,2.2,7.751667,-75.532667,251.0,117.34,216.29
URE.2019.222.17.32.43,URE,2019.222.17.32.43,earthquake,2883.0,3761.0,28.83,37.61,4,4,0.8402,0.6355,5.37,7.64,7.473999977111816,-75.09200286865234,30.18,1.7,7.751667,-75.532667,251.0,57.51,122.24
URE.2019.225.00.56.05,URE,2019.225.00.56.05,earthquake,2935.0,4493.0,29.35,44.93,3,2,0.5533,0.4551,1.19,7.3,6.822000026702881,-76.20999908447266,0.0,1.5,7.751667,-75.532667,251.0,127.14,216.08
URE.2019.226.10.35.58,URE,2019.226.10.35.58,earthquake,2748.0,4319.0,27.48,43.19,3,3,0.8259,0.3946,1.08,4.24,6.985000133514404,-76.072998046875,-0.03,1.5,7.751667,-75.532667,251.0,103.67,215.16
URE.2019.227.05.44.45,URE,2019.227.05.44.45,earthquake,2921.0,4491.0,29.21,44.91,4,2,0.7864,0.4676,9.1,17.5,6.940999984741211,-76.20700073242188,16.26,1.8,7.751667,-75.532667,251.0,116.54,219.75
URE.2019.227.09.53.49,URE,2019.227.09.53.49,earthquake,2995.0,4606.0,29.95,46.06,3,3,0.5148,0.216,2.94,17.41,6.8429999351501465,-76.12999725341797,0.0,1.9,7.751667,-75.532667,251.0,120.2,213.32
URE.2019.227.11.41.55,URE,2019.227.11.41.55,earthquake,2822.0,4569.0,28.22,45.69,3,2,0.7175,0.4445,37.87,18.07,6.929999828338623,-76.26899719238281,1.35,4.0,7.751667,-75.532667,251.0,121.93,221.87
URE.2019.227.11.44.32,URE,2019.227.11.44.32,earthquake,3017.0,12841.0,30.17,128.41,3,3,0.5357,0.4757,10.69,18.48,6.926000118255615,-76.20899963378906,-0.1,2.5,7.751667,-75.532667,251.0,117.96,219.32
URE.2019.227.11.45.54,URE,2019.227.11.45.54,earthquake,8552.0,,85.52,,3,0,0.4747,0.0,0.07,,6.875999927520752,-76.21299743652344,0.02,2.3,7.751667,-75.532667,251.0,122.56,217.85
URE.2019.227.11.46.49,URE,2019.227.11.46.49,earthquake,,4639.0,,46.39,0,4,0.0,0.2756,-0.21,11.71,6.906000137329102,-76.25599670410156,-0.07,1.7,7.751667,-75.532667,251.0,122.99,220.54
URE.2019.227.11.54.27,URE,2019.227.11.54.27,earthquake,2893.0,4568.0,28.93,45.68,4,2,0.8263,0.3337,28.19,15.89,6.915999889373779,-76.25800323486328,-0.01,3.4,7.751667,-75.532667,251.0,122.29,220.96
URE.2019.227.20.06.15,URE,2019.227.20.06.15,earthquake,3017.0,4662.0,30.17,46.62,4,2,0.6302,0.2817,1.63,5.32,6.932000160217285,-76.177001953125,-0.11,1.6,7.751667,-75.532667,251.0,115.23,218.17
URE.2019.227.22.58.13,URE,2019.227.22.58.13,earthquake,2787.0,3893.0,27.87,38.93,4,3,0.818,0.4701,8.96,7.93,7.026000022888184,-75.16500091552734,12.33,1.5,7.751667,-75.532667,251.0,89.93,153.15
URE.2019.228.03.18.35,URE,2019.228.03.18.35,earthquake,2939.0,4637.0,29.39,46.37,4,3,0.6189,0.3229,7.3,14.95,6.923999786376953,-76.1989974975586,0.02,1.7,7.751667,-75.532667,251.0,117.44,218.83
URE.2019.228.09.46.25,URE,2019.228.09.46.25,earthquake,2887.0,4584.0,28.87,45.84,4,4,0.7559,0.2999,13.73,15.28,6.929999828338623,-76.23999786376953,0.54,2.8,7.751667,-75.532667,251.0,119.82,220.72
URE.2019.228.10.01.30,URE,2019.228.10.01.30,earthquake,2948.0,4596.0,29.48,45.96,3,3,0.5412,0.3179,4.01,10.62,6.964000225067139,-76.20700073242188,-0.22,1.7,7.751667,-75.532667,251.0,114.59,220.56
URE.2019.228.14.05.39,URE,2019.228.14.05.39,earthquake,3047.0,4665.0,30.47,46.65,3,3,0.4998,0.3933,13.44,13.41,6.935999870300293,-76.18699645996094,0.0,1.7,7.751667,-75.532667,251.0,115.57,218.73
URE.2019.228.20.41.44,URE,2019.228.20.41.44,earthquake,2982.0,5008.0,29.82,50.08,3,3,0.7325,0.4255,9.35,5.37,6.7179999351501465,-76.7229995727539,13.79,2.0,7.751667,-75.532667,251.0,174.21,229.07
URE.2019.229.05.18.07,URE,2019.229.05.18.07,noise,,,,,0,0,0.0,0.0,,,5.995999813079834,-74.2750015258789,16.64,1.9,7.751667,-75.532667,251.0,238.78,144.32
URE.2019.229.07.33.14,URE,2019.229.07.33.14,earthquake,1986.0,,19.86,,3,0,0.8492,0.0,2.99,,6.375999927520752,-77.11699676513672,20.0,2.4,7.751667,-75.532667,251.0,231.91,229.1
URE.2019.230.08.56.08,URE,2019.230.08.56.08,earthquake,2972.0,,29.72,,3,0,0.8443,0.0,16.4,,6.750999927520752,-76.72100067138672,20.96,2.8,7.751667,-75.532667,251.0,171.66,229.94
URE.2019.230.13.20.37,URE,2019.230.13.20.37,earthquake,3034.0,5274.0,30.34,52.74,3,3,0.7414,0.4431,14.37,12.54,6.3460001945495605,-76.62899780273438,9.19,2.3,7.751667,-75.532667,251.0,197.07,217.99
URE.2019.231.05.24.28,URE,2019.231.05.24.28,earthquake,3031.0,,30.31,,4,0,0.6856,0.0,11.09,,6.547999858856201,-73.53700256347656,19.79,2.4,7.751667,-75.532667,251.0,257.51,121.0
URE.2019.233.08.45.15,URE,2019.233.08.45.15,earthquake,2960,,29.6,,3,0,0.7411,0.0,9.47,,5.98799991607666,-76.49400329589844,3.68,2.2,7.751667,-75.532667,251.0,222.11,208.64
URE.2019.234.08.34.42,URE,2019.234.08.34.42,earthquake,2914,,29.14,,3,0,0.5577,0.0,5.7,,6.872000217437744,-76.43599700927734,8.82,1.8,7.751667,-75.532667,251.0,139.33,225.77
URE.2019.238.11.06.14,URE,2019.238.11.06.14,earthquake,3029,6856.0,30.29,68.56,4,2,0.6894,0.3887,10.57,9.64,7.374000072479248,-72.66500091552734,2.0,3.0,7.751667,-75.532667,251.0,319.21,97.33
URE.2019.239.12.25.53,URE,2019.239.12.25.53,earthquake,2897,,28.97,,3,0,0.7946,0.0,20.71,,7.2789998054504395,-77.12200164794922,17.89,3.2,7.751667,-75.532667,251.0,183.04,253.51
URE.2019.243.10.12.57,URE,2019.243.10.12.57,earthquake,2510,4321.0,25.1,43.21,4,2,0.8433,0.3692,25.63,5.3,7.327000141143799,-74.0790023803711,0.0,2.8,7.751667,-75.532667,251.0,167.16,106.22
URE.2019.244.13.41.59,URE,2019.244.13.41.59,earthquake,2863,,28.63,,3,0,0.6464,0.0,1.74,,6.8429999351501465,-76.61900329589844,0.0,1.6,7.751667,-75.532667,251.0,156.49,230.12
URE.2019.245.07.05.04,URE,2019.245.07.05.04,earthquake,2856,,28.56,,4,0,0.8444,0.0,7.1,,6.928999900817871,-76.11699676513672,9.35,2.1,7.751667,-75.532667,251.0,111.53,215.38
URE.2019.245.07.44.29,URE,2019.245.07.44.29,earthquake,2970,5058.0,29.7,50.58,3,2,0.7195,0.3451,13.98,10.52,6.589000225067139,-76.82099914550781,18.19,2.6,7.751667,-75.532667,251.0,191.79,227.98
URE.2019.246.08.08.13,URE,2019.246.08.08.13,earthquake,2886,4468.0,28.86,44.68,4,2,0.7483,0.3674,9.93,14.27,6.940000057220459,-76.23999786376953,12.0,1.5,7.751667,-75.532667,251.0,118.98,221.07
URE.2019.248.06.18.37,URE,2019.248.06.18.37,earthquake,2841,4444.0,28.41,44.44,4,2,0.7273,0.3625,3.29,14.87,6.874000072479248,-76.18800354003906,8.72,2.0,7.751667,-75.532667,251.0,121.07,216.75
URE.2019.249.00.51.42,URE,2019.249.00.51.42,earthquake,2947,5512.0,29.47,55.12,3,2,0.8708,0.4044,14.91,6.9,6.267000198364258,-77.02300262451172,31.28,3.0,7.751667,-75.532667,251.0,232.54,225.18
URE.2019.251.07.26.20,URE,2019.251.07.26.20,earthquake,2779,,27.79,,4,0,0.8305,0.0,24.76,,7.11299991607666,-76.66200256347656,5.11,3.0,7.751667,-75.532667,251.0,143.29,240.54
URE.2019.254.17.27.53,URE,2019.254.17.27.53,earthquake,12056,12541.0,120.56,125.41,3,4,0.8859,0.8073,1.25,6.77,6.374000072479248,-76.69599914550781,36.63,2.4,7.751667,-75.532667,251.0,199.33,220.22
URE.2019.254.21.30.12,URE,2019.254.21.30.12,earthquake,2793,4257.0,27.93,42.57,4,2,0.8521,0.4186,7.38,12.99,7.224999904632568,-76.21700286865234,10.9,2.0,7.751667,-75.532667,251.0,95.38,232.41
URE.2019.255.07.23.19,URE,2019.255.07.23.19,earthquake,2810,,28.1,,3,0,0.8942,0.0,30.92,,6.8979997634887695,-76.7040023803711,5.6,3.0,7.751667,-75.532667,251.0,160.13,233.95
URE.2019.258.02.42.14,URE,2019.258.02.42.14,earthquake,2746,3797.0,27.46,37.97,4,4,0.7839,0.3385,8.49,3.22,7.513000011444092,-74.79000091552734,3.93,1.8,7.751667,-75.532667,251.0,86.09,107.8
URE.2019.259.02.02.50,URE,2019.259.02.02.50,earthquake,10800,,108.0,,4,0,0.8247,0.0,5.35,,6.934999942779541,-76.72100067138672,26.82,1.8,7.751667,-75.532667,251.0,159.29,235.54
URE.2019.260.03.52.51,URE,2019.260.03.52.51,earthquake,2813,4169.0,28.13,41.69,3,4,0.6481,0.4226,5.92,11.19,7.046000003814697,-76.23600006103516,6.71,1.5,7.751667,-75.532667,251.0,110.09,224.9
URE.2019.260.08.00.09,URE,2019.260.08.00.09,earthquake,2918,4540.0,29.18,45.4,3,3,0.6037,0.3925,5.23,12.9,6.815000057220459,-76.16600036621094,0.01,1.5,7.751667,-75.532667,251.0,124.99,214.07
URE.2019.261.16.23.26,URE,2019.261.16.23.26,earthquake,3506,4424.0,35.06,44.24,3,4,0.6223,0.3937,1.57,11.55,6.801000118255615,-76.15299987792969,3.58,1.6,7.751667,-75.532667,251.0,125.48,213.13
URE.2019.262.04.55.41,URE,2019.262.04.55.41,earthquake,3013,4681.0,30.13,46.81,3,4,0.7267,0.3339,6.06,11.78,6.811999797821045,-76.2030029296875,-0.09,1.5,7.751667,-75.532667,251.0,127.59,215.51
URE.2019.265.18.55.40,URE,2019.265.18.55.40,earthquake,2829,4470.0,28.29,44.7,4,3,0.5396,0.3221,1.97,9.23,6.77400016784668,-76.16500091552734,3.16,1.7,7.751667,-75.532667,251.0,128.71,212.9
URE.2019.266.14.55.57,URE,2019.266.14.55.57,earthquake,2872,4458.0,28.72,44.58,4,4,0.705,0.3351,11.81,17.03,6.791999816894531,-76.19599914550781,3.89,2.2,7.751667,-75.532667,251.0,128.96,214.66
URE.2019.267.00.21.07,URE,2019.267.00.21.07,earthquake,3034,,30.34,,3,0,0.6058,0.0,18.77,,6.176000118255615,-76.42400360107422,16.63,1.8,7.751667,-75.532667,251.0,200.16,209.53
URE.2019.267.02.42.25,URE,2019.267.02.42.25,earthquake,2974,11023.0,29.74,110.23,3,2,0.7276,0.342,4.98,20.53,6.801000118255615,-76.15499877929688,-0.02,2.0,7.751667,-75.532667,251.0,125.6,213.21
URE.2019.267.04.26.20,URE,2019.267.04.26.20,earthquake,2886,,28.86,,4,0,0.6816,0.0,3.89,,6.813000202178955,-76.1709976196289,3.83,1.6,7.751667,-75.532667,251.0,125.48,214.22
URE.2019.268.08.02.06,URE,2019.268.08.02.06,earthquake,2922,3772.0,29.22,37.72,4,4,0.906,0.5782,13.3,5.47,7.453000068664551,-75.06400299072266,15.99,1.5,7.751667,-75.532667,251.0,61.36,122.53
URE.2019.269.08.49.30,URE,2019.269.08.49.30,earthquake,2841,4517.0,28.41,45.17,4,4,0.5999,0.4431,6.61,16.69,6.810999870300293,-76.20700073242188,0.0,1.6,7.751667,-75.532667,251.0,127.93,215.64
URE.2019.269.15.35.55,URE,2019.269.15.35.55,earthquake,2739,,27.39,,3,0,0.884,0.0,41.62,,6.646999835968018,-74.96499633789062,4.2,3.9,7.751667,-75.532667,251.0,137.32,152.8
URE.2019.271.04.12.25,URE,2019.271.04.12.25,earthquake,3069,4684.0,30.69,46.84,3,2,0.6915,0.6316,1.91,9.35,6.888000011444092,-76.19300079345703,21.37,1.5,7.751667,-75.532667,251.0,120.16,217.4
URE.2019.274.03.20.37,URE,2019.274.03.20.37,earthquake,2849,4362.0,28.49,43.62,3,4,0.7953,0.3933,5.0,17.36,6.929999828338623,-76.21399688720703,2.01,1.9,7.751667,-75.532667,251.0,117.97,219.66
URE.2019.274.09.45.13,URE,2019.274.09.45.13,earthquake,2889,4407.0,28.89,44.07,3,3,0.714,0.422,10.59,17.21,6.923999786376953,-76.16600036621094,-0.11,2.0,7.751667,-75.532667,251.0,115.19,217.42
URE.2019.274.23.27.30,URE,2019.274.23.27.30,earthquake,3035,,30.35,,3,0,0.81,0.0,1.88,,6.956999778747559,-76.69100189208984,22.44,1.6,7.751667,-75.532667,251.0,155.18,235.58
URE.2019.275.10.12.04,URE,2019.275.10.12.04,earthquake,2806,4552.0,28.06,45.52,4,2,0.8137,0.3915,31.72,15.1,6.769999980926514,-76.36599731445312,7.66,2.9,7.751667,-75.532667,251.0,142.32,220.34
URE.2019.275.17.41.22,URE,2019.275.17.41.22,earthquake,2877,4614.0,28.77,46.14,3,2,0.8588,0.3301,15.13,5.97,7.13700008392334,-76.552001953125,0.27,1.9,7.751667,-75.532667,251.0,131.46,238.93
URE.2019.280.16.53.00,URE,2019.280.16.53.00,earthquake,2844,4286.0,28.44,42.86,4,4,0.7906,0.4933,16.62,12.04,7.089000225067139,-76.1719970703125,0.0,1.8,7.751667,-75.532667,251.0,101.74,223.96
URE.2019.281.22.19.00,URE,2019.281.22.19.00,earthquake,2926,4257.0,29.26,42.57,3,4,0.6404,0.4623,13.09,15.83,7.043000221252441,-76.14399719238281,-0.04,2.1,7.751667,-75.532667,251.0,103.43,220.77
URE.2019.282.07.32.17,URE,2019.282.07.32.17,earthquake,2982,,29.82,,3,0,0.8633,0.0,12.68,,6.860000133514404,-76.2490005493164,-0.06,1.7,7.751667,-75.532667,251.0,126.41,218.78
URE.2019.283.02.55.10,URE,2019.283.02.55.10,earthquake,2902,4578.0,29.02,45.78,3,4,0.6235,0.3698,8.43,8.15,6.795000076293945,-74.71800231933594,25.87,1.6,7.751667,-75.532667,251.0,138.88,139.57
URE.2019.283.19.08.25,URE,2019.283.19.08.25,earthquake,2888,,28.88,,3,0,0.8708,0.0,25.19,,7.1020002365112305,-77.09400177001953,7.76,4.2,7.751667,-75.532667,251.0,186.73,247.47
URE.2019.287.01.24.34,URE,2019.287.01.24.34,earthquake,2777,4289.0,27.77,42.89,4,3,0.7506,0.4406,38.19,17.15,6.955999851226807,-76.26300048828125,11.1,2.9,7.751667,-75.532667,251.0,119.35,222.55
URE.2019.287.08.41.32,URE,2019.287.08.41.32,earthquake,2878,,28.78,,3,0,0.5866,0.0,14.84,-1.12,6.933000087738037,-76.18000030517578,5.87,1.8,7.751667,-75.532667,251.0,115.35,218.33
URE.2019.288.02.32.03,URE,2019.288.02.32.03,earthquake,2785,4317.0,27.85,43.17,4,2,0.7679,0.524,31.35,15.65,6.9039998054504395,-76.24099731445312,6.87,2.9,7.751667,-75.532667,251.0,122.09,219.88
URE.2019.288.20.05.19,URE,2019.288.20.05.19,earthquake,8604,,86.04,,3,0,0.5289,0.0,20.52,,7.132999897003174,-76.8489990234375,0.55,1.9,7.751667,-75.532667,251.0,160.61,244.87
URE.2019.289.02.31.11,URE,2019.289.02.31.11,earthquake,2769,4150.0,27.69,41.5,3,4,0.773,0.4314,15.25,12.35,7.091000080108643,-76.19100189208984,13.1,1.9,7.751667,-75.532667,251.0,103.05,224.89
URE.2019.289.03.55.43,URE,2019.289.03.55.43,earthquake,7874,,78.74,,3,0,0.52,0.0,2.1,,6.870999813079834,-76.21399688720703,0.07,1.6,7.751667,-75.532667,251.0,123.07,217.73
URE.2019.289.05.51.56,URE,2019.289.05.51.56,earthquake,2805,4267.0,28.05,42.67,4,2,0.8035,0.4435,23.09,18.12,6.919000148773193,-76.13600158691406,2.83,2.6,7.751667,-75.532667,251.0,113.66,215.92
URE.2019.294.09.32.45,URE,2019.294.09.32.45,earthquake,2903,4494.0,29.03,44.94,4,2,0.6642,0.5394,7.77,14.7,6.836999893188477,-76.19400024414062,17.62,1.6,7.751667,-75.532667,251.0,124.76,215.87
URE.2019.298.08.40.18,URE,2019.298.08.40.18,noise,,,,,0,0,0.0,0.0,,,7.639999866485596,-72.98699951171875,4.13,1.6,7.751667,-75.532667,251.0,281.12,92.35
URE.2019.298.16.05.44,URE,2019.298.16.05.44,earthquake,2806.0,,28.06,,3,0,0.6515,0.0,6.64,,6.892000198364258,-76.70800018310547,0.96,2.0,7.751667,-75.532667,251.0,160.87,233.85
URE.2019.300.04.30.29,URE,2019.300.04.30.29,earthquake,2982.0,4615.0,29.82,46.15,4,3,0.7306,0.4416,15.67,16.47,6.793000221252441,-76.1510009765625,0.0,2.0,7.751667,-75.532667,251.0,126.11,212.82
URE.2019.306.13.23.53,URE,2019.306.13.23.53,earthquake,2845.0,4405.0,28.45,44.05,4,4,0.7334,0.4624,18.5,11.01,7.334000110626221,-76.52300262451172,0.0,2.2,7.751667,-75.532667,251.0,118.66,247.16
URE.2019.308.18.03.22,URE,2019.308.18.03.22,earthquake,2714.0,3602.0,27.14,36.02,4,4,0.816,0.4072,26.37,6.57,7.478000164031982,-74.89099884033203,4.32,2.2,7.751667,-75.532667,251.0,77.0,113.1
URE.2019.308.18.14.11,URE,2019.308.18.14.11,earthquake,2711.0,3637.0,27.11,36.37,4,4,0.9308,0.5371,28.4,6.83,7.486000061035156,-74.87699890136719,4.24,2.2,7.751667,-75.532667,251.0,78.09,112.06
URE.2019.310.07.44.48,URE,2019.310.07.44.48,earthquake,2830.0,4579.0,28.3,45.79,3,2,0.9177,0.3422,8.3,0.83,7.203000068664551,-76.64399719238281,0.0,1.7,7.751667,-75.532667,251.0,136.85,243.75
URE.2019.311.01.14.29,URE,2019.311.01.14.29,earthquake,2829.0,,28.29,,4,0,0.8012,0.0,32.2,,7.574999809265137,-77.04900360107422,4.07,4.4,7.751667,-75.532667,251.0,168.44,263.44
URE.2019.313.18.06.45,URE,2019.313.18.06.45,earthquake,2994.0,5047.0,29.94,50.47,3,3,0.6757,0.4165,10.48,12.44,7.093999862670898,-73.93599700927734,19.88,2.5,7.751667,-75.532667,251.0,190.68,112.32
URE.2019.315.22.17.26,URE,2019.315.22.17.26,earthquake,1945.0,4275.0,19.45,42.75,3,3,0.4951,0.477,11.59,13.45,6.888999938964844,-76.25499725341797,3.77,2.6,7.751667,-75.532667,251.0,124.35,219.94
URE.2019.316.23.48.22,URE,2019.316.23.48.22,earthquake,2967.0,4648.0,29.67,46.48,3,3,0.6439,0.4351,10.7,12.87,6.958000183105469,-76.2239990234375,-0.13,1.7,7.751667,-75.532667,251.0,116.32,221.06
URE.2019.319.17.38.51,URE,2019.319.17.38.51,earthquake,9440.0,,94.4,,3,0,0.629,0.0,2.71,,5.997000217437744,-75.91200256347656,30.38,1.9,7.751667,-75.532667,251.0,198.53,192.22
URE.2019.320.19.15.48,URE,2019.320.19.15.48,earthquake,3184.0,6022.0,31.84,60.22,3,2,0.643,0.5918,2.98,6.96,5.769000053405762,-76.92900085449219,22.3,2.8,7.751667,-75.532667,251.0,268.15,215.23
URE.2019.322.01.01.44,URE,2019.322.01.01.44,earthquake,2909.0,,29.09,,3,0,0.7257,0.0,13.71,-0.54,6.955999851226807,-76.35299682617188,-0.02,1.8,7.751667,-75.532667,251.0,126.28,225.88
URE.2019.322.09.17.38,URE,2019.322.09.17.38,earthquake,2972.0,7863.0,29.72,78.63,4,2,0.7906,0.644,14.5,10.41,6.869999885559082,-76.23200225830078,12.61,1.5,7.751667,-75.532667,251.0,124.38,218.42
URE.2019.322.23.47.47,URE,2019.322.23.47.47,earthquake,2937.0,,29.37,,3,0,0.7327,0.0,10.21,,6.638000011444092,-75.7239990234375,0.0,2.0,7.751667,-75.532667,251.0,124.96,189.75
URE.2019.323.22.34.45,URE,2019.323.22.34.45,earthquake,2937.0,4578.0,29.37,45.78,3,4,0.7489,0.439,11.08,10.37,6.896999835968018,-76.2760009765625,-0.11,1.7,7.751667,-75.532667,251.0,125.18,221.02
URE.2019.325.20.27.45,URE,2019.325.20.27.45,earthquake,2827.0,3821.0,28.27,38.21,3,4,0.7292,0.5179,1.1,9.8,7.165999889373779,-75.1520004272461,8.56,1.8,7.751667,-75.532667,251.0,77.21,147.0
URE.2019.326.05.41.12,URE,2019.326.05.41.12,earthquake,2941.0,4088.0,29.41,40.88,4,4,0.839,0.6333,23.01,12.78,7.568999767303467,-74.78700256347656,26.98,2.0,7.751667,-75.532667,251.0,84.72,103.75
URE.2019.326.10.19.47,URE,2019.326.10.19.47,earthquake,2817.0,4144.0,28.17,41.44,4,4,0.852,0.5487,13.74,10.85,7.296000003814697,-76.40399932861328,5.36,2.0,7.751667,-75.532667,251.0,108.57,242.4
URE.2019.327.13.50.56,URE,2019.327.13.50.56,earthquake,2973.0,4593.0,29.73,45.93,4,2,0.8195,0.5595,19.77,13.68,6.879000186920166,-74.73200225830078,27.07,2.5,7.751667,-75.532667,251.0,130.88,137.46
URE.2019.331.04.03.35,URE,2019.331.04.03.35,earthquake,3061.0,5203.0,30.61,52.03,3,2,0.8973,0.3808,23.52,5.59,7.348999977111816,-77.06199645996094,20.0,3.6,7.751667,-75.532667,251.0,174.55,255.32
URE.2019.331.09.07.02,URE,2019.331.09.07.02,earthquake,2939.0,,29.39,,3,0,0.7751,0.0,8.0,-0.11,6.804999828338623,-76.6760025024414,1.88,1.5,7.751667,-75.532667,251.0,164.02,230.41
URE.2019.332.13.14.01,URE,2019.332.13.14.01,earthquake,11135.0,,111.35,,3,0,0.6069,0.0,2.03,,6.796000003814697,-75.947998046875,4.67,2.0,7.751667,-75.532667,251.0,115.21,203.49
URE.2019.333.19.55.50,URE,2019.333.19.55.50,earthquake,2957.0,,29.57,,3,0,0.7543,0.0,6.62,,6.942999839782715,-74.70999908447266,29.51,1.6,7.751667,-75.532667,251.0,127.47,134.5
URE.2019.334.09.30.51,URE,2019.334.09.30.51,earthquake,2877.0,,28.77,,3,0,0.8002,0.0,12.94,,6.881999969482422,-76.73899841308594,11.78,2.2,7.751667,-75.532667,251.0,164.29,234.25
URE.2019.334.12.28.48,URE,2019.334.12.28.48,earthquake,2841.0,,28.41,,3,0,0.8506,0.0,5.64,,7.26800012588501,-76.62300109863281,0.0,1.6,7.751667,-75.532667,251.0,131.69,246.11
URE.2019.334.15.14.15,URE,2019.334.15.14.15,noise,,,,,0,0,0.0,0.0,,,5.2220001220703125,-76.072998046875,3.82,1.5,7.751667,-75.532667,251.0,286.06,192.09
URE.2019.336.05.57.42,URE,2019.336.05.57.42,earthquake,11758.0,,117.58,,3,0,0.7496,0.0,3.19,,6.925000190734863,-76.26799774169922,3.12,2.3,7.751667,-75.532667,251.0,122.27,221.66
URE.2019.336.05.59.11,URE,2019.336.05.59.11,earthquake,2921.0,4421.0,29.21,44.21,3,2,0.7792,0.5011,2.52,7.05,6.9039998054504395,-76.15499877929688,0.41,1.8,7.751667,-75.532667,251.0,116.23,216.28
URE.2019.337.06.12.16,URE,2019.337.06.12.16,earthquake,2923.0,4543.0,29.23,45.43,3,3,0.7362,0.2043,13.53,7.67,7.020999908447266,-76.3489990234375,-0.06,1.7,7.751667,-75.532667,251.0,121.05,228.17
URE.2019.337.16.11.50,URE,2019.337.16.11.50,earthquake,2967.0,,29.67,,3,0,0.6852,0.0,1.62,,6.9679999351501465,-76.80500030517578,21.74,2.0,7.751667,-75.532667,251.0,165.06,238.41
URE.2019.339.13.02.44,URE,2019.339.13.02.44,earthquake,2912.0,,29.12,,3,0,0.8053,0.0,12.77,,6.65500020980835,-76.71800231933594,7.66,2.0,7.751667,-75.532667,251.0,178.46,227.26
URE.2019.340.17.33.37,URE,2019.340.17.33.37,earthquake,2857.0,3960.0,28.57,39.6,3,4,0.7157,0.4528,12.93,5.0,7.113999843597412,-75.89099884033203,9.33,1.6,7.751667,-75.532667,251.0,80.86,209.31
URE.2019.341.06.27.30,URE,2019.341.06.27.30,earthquake,2914.0,4206.0,29.14,42.06,3,4,0.725,0.4108,6.01,13.29,7.119999885559082,-76.2509994506836,9.67,1.5,7.751667,-75.532667,251.0,105.68,228.67
URE.2019.341.19.36.54,URE,2019.341.19.36.54,earthquake,3095.0,5368.0,30.95,53.68,3,2,0.6902,0.4029,5.26,5.76,6.4770002365112305,-74.08300018310547,23.98,1.9,7.751667,-75.532667,251.0,213.34,131.26
URE.2019.341.23.31.22,URE,2019.341.23.31.22,earthquake,2843.0,4000.0,28.43,40.0,4,4,0.8724,0.6883,36.2,17.06,7.729000091552734,-74.70800018310547,12.28,2.8,7.751667,-75.532667,251.0,91.01,91.52
URE.2019.342.03.52.05,URE,2019.342.03.52.05,earthquake,2968.0,4392.0,29.68,43.92,3,4,0.8953,0.4126,21.72,17.72,7.135000228881836,-76.28099822998047,-0.11,3.1,7.751667,-75.532667,251.0,107.12,230.51
URE.2019.342.06.00.26,URE,2019.342.06.00.26,earthquake,2856.0,4211.0,28.56,42.11,3,4,0.6953,0.4999,5.25,12.66,7.114999771118164,-76.30400085449219,7.75,1.7,7.751667,-75.532667,251.0,110.49,230.46
URE.2019.342.23.08.29,URE,2019.342.23.08.29,earthquake,2982.0,4380.0,29.82,43.8,3,3,0.477,0.6486,19.13,17.57,7.13100004196167,-76.25499725341797,-0.09,2.4,7.751667,-75.532667,251.0,105.21,229.32
URE.2019.343.09.09.37,URE,2019.343.09.09.37,earthquake,3001.0,3897.0,30.01,38.97,4,4,0.9143,0.6676,11.92,12.25,7.552000045776367,-75.03099822998047,0.0,1.6,7.751667,-75.532667,251.0,59.59,111.72
URE.2019.343.13.12.19,URE,2019.343.13.12.19,earthquake,2882.0,4512.0,28.82,45.12,3,3,0.8764,0.417,3.6,8.83,6.880000114440918,-74.7239990234375,29.82,1.5,7.751667,-75.532667,251.0,131.4,137.14
URE.2019.343.19.40.34,URE,2019.343.19.40.34,earthquake,2941.0,3128.0,29.41,31.28,3,2,0.7916,0.2857,16.4,15.23,6.814000129699707,-76.66100311279297,1.39,2.8,7.751667,-75.532667,251.0,162.1,230.3
URE.2019.343.20.15.38,URE,2019.343.20.15.38,earthquake,2929.0,4941.0,29.29,49.41,3,3,0.8511,0.4191,19.43,6.65,6.839000225067139,-76.6760025024414,0.0,2.9,7.751667,-75.532667,251.0,161.64,231.43
URE.2019.343.20.58.37,URE,2019.343.20.58.37,earthquake,,4991.0,,49.91,0,2,0.0,0.2937,-1.08,7.77,6.9029998779296875,-76.65499877929688,3.46,1.9,7.751667,-75.532667,251.0,155.45,232.93
URE.2019.344.03.27.02,URE,2019.344.03.27.02,earthquake,2992.0,4983.0,29.92,49.83,3,2,0.6336,0.3862,2.87,1.65,6.855000019073486,-76.64900207519531,0.0,1.9,7.751667,-75.532667,251.0,158.2,231.26
URE.2019.344.04.56.03,URE,2019.344.04.56.03,earthquake,3082.0,5218.0,30.82,52.18,3,3,0.6734,0.4188,2.7,13.91,7.401000022888184,-77.11199951171875,20.0,2.3,7.751667,-75.532667,251.0,178.55,257.56
URE.2019.345.01.35.21,URE,2019.345.01.35.21,earthquake,2855.0,4499.0,28.55,44.99,4,2,0.8149,0.4739,3.28,11.53,6.886000156402588,-76.427001953125,9.32,1.7,7.751667,-75.532667,251.0,137.54,225.95
URE.2019.345.21.07.43,URE,2019.345.21.07.43,earthquake,2920.0,4025.0,29.2,40.25,4,4,0.8943,0.4324,47.28,22.33,7.008999824523926,-75.28900146484375,11.5,3.5,7.751667,-75.532667,251.0,86.43,161.85
URE.2019.347.00.51.02,URE,2019.347.00.51.02,earthquake,2962.0,4970.0,29.62,49.7,3,3,0.8947,0.4486,9.67,7.32,6.775000095367432,-76.822998046875,24.11,2.2,7.751667,-75.532667,251.0,178.8,232.92
URE.2019.347.08.43.31,URE,2019.347.08.43.31,earthquake,3001.0,4628.0,30.01,46.28,4,2,0.7208,0.5978,9.5,16.74,6.914999961853027,-76.22100067138672,29.34,1.5,7.751667,-75.532667,251.0,119.74,219.44
URE.2019.347.19.06.31,URE,2019.347.19.06.31,earthquake,2999.0,5011.0,29.99,50.11,3,2,0.664,0.4473,12.15,8.49,6.7820000648498535,-76.82099914550781,24.04,2.4,7.751667,-75.532667,251.0,178.16,233.08
URE.2019.348.03.55.33,URE,2019.348.03.55.33,earthquake,2857.0,,28.57,,3,0,0.4536,0.0,2.57,,6.939000129699707,-76.71800231933594,14.21,1.8,7.751667,-75.532667,251.0,158.76,235.6
URE.2019.348.11.57.19,URE,2019.348.11.57.19,earthquake,2928.0,,29.28,,3,0,0.9278,0.0,20.17,,7.359000205993652,-77.11699676513672,29.1,3.3,7.751667,-75.532667,251.0,180.16,256.16
URE.2019.348.18.06.58,URE,2019.348.18.06.58,earthquake,2956.0,4801.0,29.56,48.01,3,2,0.8363,0.4918,3.56,3.66,7.192999839782715,-76.84200286865234,24.74,1.9,7.751667,-75.532667,251.0,157.18,246.94
URE.2019.349.07.41.38,URE,2019.349.07.41.38,earthquake,,4773.0,,47.73,0,2,0.0,0.4348,-11.23,1.46,7.136000156402588,-76.79199981689453,25.43,2.0,7.751667,-75.532667,251.0,154.79,243.99
URE.2019.349.12.32.43,URE,2019.349.12.32.43,earthquake,2901.0,4961.0,29.01,49.61,3,3,0.9152,0.4351,30.51,13.63,7.289000034332275,-77.08200073242188,17.88,3.8,7.751667,-75.532667,251.0,178.49,253.44
URE.2019.349.14.40.10,URE,2019.349.14.40.10,earthquake,2739.0,4085.0,27.39,40.85,3,4,0.8717,0.34,39.6,24.45,6.882999897003174,-75.98899841308594,5.88,3.1,7.751667,-75.532667,251.0,108.48,207.71
URE.2019.351.18.30.57,URE,2019.351.18.30.57,earthquake,2874.0,4375.0,28.74,43.75,3,4,0.7995,0.4918,10.14,9.52,6.940999984741211,-76.2770004272461,2.34,1.6,7.751667,-75.532667,251.0,121.62,222.56
URE.2019.351.21.20.26,URE,2019.351.21.20.26,earthquake,2986.0,4324.0,29.86,43.24,3,4,0.7704,0.4456,6.32,8.41,7.196000099182129,-76.29100036621094,24.6,1.6,7.751667,-75.532667,251.0,103.84,233.77
URE.2019.353.07.33.24,URE,2019.353.07.33.24,earthquake,7607.0,,76.07,,3,0,0.7876,0.0,5.99,,6.0370001792907715,-73.94300079345703,1.85,1.6,7.751667,-75.532667,251.0,258.5,137.09
URE.2019.354.09.04.45,URE,2019.354.09.04.45,earthquake,2737.0,4324.0,27.37,43.24,3,4,0.8749,0.4588,21.26,9.31,6.909999847412109,-74.59400177001953,15.25,2.3,7.751667,-75.532667,251.0,139.31,131.87
URE.2019.354.17.32.28,URE,2019.354.17.32.28,earthquake,3062.0,,30.62,,3,0,0.6266,0.0,3.32,,6.919000148773193,-76.20899963378906,-0.06,1.5,7.751667,-75.532667,251.0,118.56,219.08
URE.2019.354.19.29.04,URE,2019.354.19.29.04,earthquake,3061.0,,30.61,,3,0,0.892,0.0,6.51,,5.765999794006348,-73.78700256347656,0.0,2.9,7.751667,-75.532667,251.0,292.34,138.58
URE.2019.354.19.52.55,URE,2019.354.19.52.55,earthquake,2965.0,4929.0,29.65,49.29,3,2,0.8991,0.5303,8.44,12.47,7.27400016784668,-77.00199890136719,19.06,2.4,7.751667,-75.532667,251.0,170.56,252.05
URE.2019.354.20.10.46,URE,2019.354.20.10.46,earthquake,2971.0,4505.0,29.71,45.05,3,3,0.809,0.3777,9.13,16.01,6.918000221252441,-76.24700164794922,0.06,1.5,7.751667,-75.532667,251.0,121.33,220.59
URE.2019.354.21.08.34,URE,2019.354.21.08.34,earthquake,2961.0,4546.0,29.61,45.46,3,3,0.5261,0.314,8.48,14.63,6.940999984741211,-76.18000030517578,0.2,1.8,7.751667,-75.532667,251.0,114.66,218.6
URE.2019.355.12.04.27,URE,2019.355.12.04.27,earthquake,2779.0,4078.0,27.79,40.78,3,3,0.8503,0.384,13.51,9.01,6.7829999923706055,-75.41899871826172,1.72,2.1,7.751667,-75.532667,251.0,107.86,173.31
URE.2019.355.23.59.08,URE,2019.355.23.59.08,earthquake,2950.0,4226.0,29.5,42.26,3,3,0.7575,0.3478,4.43,12.84,7.216000080108643,-76.13800048828125,-0.05,1.5,7.751667,-75.532667,251.0,89.3,228.48
URE.2019.356.22.48.56,URE,2019.356.22.48.56,earthquake,2895.0,4263.0,28.95,42.63,3,4,0.7989,0.529,9.82,10.22,7.054999828338623,-76.10399627685547,-0.06,1.6,7.751667,-75.532667,251.0,99.57,219.34
URE.2019.356.23.32.43,URE,2019.356.23.32.43,earthquake,2799.0,4299.0,27.99,42.99,3,3,0.7129,0.4483,15.34,17.93,6.929999828338623,-76.21900177001953,8.24,1.4,7.751667,-75.532667,251.0,118.32,219.87
URE.2019.357.07.34.58,URE,2019.357.07.34.58,earthquake,2885.0,4742.0,28.85,47.42,4,3,0.8011,0.5016,0.69,11.75,7.620999813079834,-76.91799926757812,11.74,2.3,7.751667,-75.532667,251.0,153.52,264.69
URE.2019.358.03.24.21,URE,2019.358.03.24.21,earthquake,,4803.0,,48.03,0,3,0.0,0.3778,-2.83,1.35,6.932000160217285,-76.6259994506836,14.04,1.6,7.751667,-75.532667,251.0,150.96,233.17
URE.2019.359.05.40.27,URE,2019.359.05.40.27,earthquake,,5347.0,,53.47,0,3,0.0,0.5554,-2.05,9.46,6.264999866485596,-76.71399688720703,23.9,2.0,7.751667,-75.532667,251.0,209.92,218.52
URE.2019.359.05.43.25,URE,2019.359.05.43.25,earthquake,3002.0,5349.0,30.02,53.49,3,3,0.6686,0.4366,2.54,9.11,6.381999969482422,-76.7040023803711,3.8,1.9,7.751667,-75.532667,251.0,199.22,220.58
URE.2019.361.02.20.59,URE,2019.361.02.20.59,earthquake,2887.0,4447.0,28.87,44.47,4,3,0.7602,0.4848,5.39,11.71,6.934000015258789,-76.2969970703125,8.23,1.7,7.751667,-75.532667,251.0,123.69,223.07
URE.2019.361.02.24.56,URE,2019.361.02.24.56,earthquake,2872.0,4432.0,28.72,44.32,4,3,0.6998,0.6011,11.91,14.32,6.925000190734863,-76.24099731445312,0.66,1.5,7.751667,-75.532667,251.0,120.31,220.59
URE.2019.361.02.30.00,URE,2019.361.02.30.00,earthquake,2915.0,4480.0,29.15,44.8,4,3,0.6856,0.5571,19.26,19.7,6.928999900817871,-76.28700256347656,0.12,2.1,7.751667,-75.532667,251.0,123.35,222.52
URE.2019.362.09.03.19,URE,2019.362.09.03.19,earthquake,8015.0,9481.0,80.15,94.81,4,3,0.7026,0.5015,10.48,18.57,7.330999851226807,-76.90599822998047,23.3,2.3,7.751667,-75.532667,251.0,158.54,253.03
URE.2019.362.09.04.10,URE,2019.362.09.04.10,earthquake,2955.0,4411.0,29.55,44.11,4,2,0.708,0.5432,10.49,18.27,6.935999870300293,-76.19400024414062,0.28,1.5,7.751667,-75.532667,251.0,116.06,219.03
URE.2019.362.11.00.18,URE,2019.362.11.00.18,earthquake,2891.0,4397.0,28.91,43.97,4,4,0.6171,0.5632,16.25,12.86,6.879000186920166,-76.125,0.0,1.6,7.751667,-75.532667,251.0,116.58,214.16
URE.2019.362.20.51.06,URE,2019.362.20.51.06,earthquake,2940.0,4434.0,29.4,44.34,3,2,0.7623,0.2187,6.92,14.21,6.910999774932861,-76.22100067138672,0.0,1.5,7.751667,-75.532667,251.0,120.08,219.31
URE.2019.363.00.20.12,URE,2019.363.00.20.12,earthquake,2833.0,4472.0,28.33,44.72,3,3,0.7025,0.5166,5.39,17.84,6.806000232696533,-76.21499633789062,2.14,2.4,7.751667,-75.532667,251.0,128.9,215.82
URE.2019.363.21.43.52,URE,2019.363.21.43.52,earthquake,3154.0,,31.54,,3,0,0.6075,0.0,2.71,,7.033999919891357,-77.07099914550781,22.65,1.9,7.751667,-75.532667,251.0,187.46,245.05
URE.2019.364.05.57.44,URE,2019.364.05.57.44,earthquake,2800.0,,28.0,,3,0,0.7381,0.0,6.63,,6.793000221252441,-76.69300079345703,3.67,1.9,7.751667,-75.532667,251.0,166.31,230.47
URE.2019.364.12.18.44,URE,2019.364.12.18.44,earthquake,3125.0,5162.0,31.25,51.62,3,2,0.6818,0.5419,17.16,15.93,6.658999919891357,-76.82599639892578,25.46,2.9,7.751667,-75.532667,251.0,187.1,229.85
URE.2019.365.00.38.59,URE,2019.365.00.38.59,earthquake,3094.0,4938.0,30.94,49.38,3,2,0.8757,0.3748,4.78,6.41,7.15500020980835,-76.65599822998047,14.64,1.6,7.751667,-75.532667,251.0,140.46,242.05
URE.2019.365.16.10.56,URE,2019.365.16.10.56,earthquake,2965.0,,29.65,,3,0,0.8732,0.0,6.95,,7.206999778747559,-76.95099639892578,19.83,2.0,7.751667,-75.532667,251.0,167.74,249.05
URE.2020.001.03.48.33,URE,2020.001.03.48.33,earthquake,2819.0,5284.0,28.19,52.84,3,3,0.8774,0.362,18.46,11.58,6.63700008392334,-74.06400299072266,8.08,2.9,7.751667,-75.532667,251.0,203.74,127.14
URE.2020.002.06.42.05,URE,2020.002.06.42.05,earthquake,2939.0,5365.0,29.39,53.65,3,3,0.7172,0.4371,8.2,15.85,5.939000129699707,-75.86599731445312,15.18,2.3,7.751667,-75.532667,251.0,203.82,190.43
URE.2020.003.00.38.18,URE,2020.003.00.38.18,earthquake,2970.0,,29.7,,3,0,0.8859,0.0,32.63,,6.835000038146973,-76.25199890136719,17.01,3.2,7.751667,-75.532667,251.0,128.79,218.13
URE.2020.003.00.42.01,URE,2020.003.00.42.01,earthquake,2931.0,,29.31,,4,0,0.6773,0.0,8.58,,6.822999954223633,-76.18000030517578,0.0,1.8,7.751667,-75.532667,251.0,125.13,214.88
URE.2020.003.01.28.39,URE,2020.003.01.28.39,earthquake,2909.0,4538.0,29.09,45.38,4,2,0.7818,0.4244,20.86,18.71,6.870999813079834,-76.31199645996094,-0.06,3.0,7.751667,-75.532667,251.0,129.96,221.51
URE.2020.003.17.01.40,URE,2020.003.17.01.40,earthquake,2964.0,,29.64,,3,0,0.7297,0.0,2.67,,6.855999946594238,-76.3030014038086,0.08,1.5,7.751667,-75.532667,251.0,130.56,220.7
URE.2020.004.03.56.12,URE,2020.004.03.56.12,earthquake,2861.0,4720.0,28.61,47.2,3,2,0.8021,0.2903,3.43,9.72,6.9029998779296875,-76.77899932861328,18.63,1.8,7.751667,-75.532667,251.0,166.57,235.79
URE.2020.006.08.27.06,URE,2020.006.08.27.06,earthquake,2872.0,4648.0,28.72,46.48,3,2,0.8183,0.6246,2.45,7.89,7.354000091552734,-74.1719970703125,5.9,2.0,7.751667,-75.532667,251.0,156.47,106.23
URE.2020.006.21.43.41,URE,2020.006.21.43.41,earthquake,2964.0,4815.0,29.64,48.15,3,3,0.7774,0.4228,2.72,8.9,6.89900016784668,-76.68599700927734,12.91,1.9,7.751667,-75.532667,251.0,158.46,233.56
URE.2020.007.02.45.55,URE,2020.007.02.45.55,noise,,,,,0,0,0.0,0.0,,,4.932000160217285,-74.78700256347656,7.71,1.7,7.751667,-75.532667,251.0,322.55,165.14
URE.2020.008.13.13.59,URE,2020.008.13.13.59,earthquake,2944.0,4159.0,29.44,41.59,3,4,0.9434,0.5427,13.24,14.05,7.01200008392334,-76.01599884033203,27.84,1.9,7.751667,-75.532667,251.0,97.67,213.15
URE.2020.010.08.35.55,URE,2020.010.08.35.55,earthquake,3002.0,4319.0,30.02,43.19,4,4,0.7805,0.4304,0.17,10.35,7.171999931335449,-76.25,27.97,1.5,7.751667,-75.532667,251.0,101.88,231.05
URE.2020.010.14.01.21,URE,2020.010.14.01.21,noise,,,,,0,0,0.0,0.0,,,4.877999782562256,-75.37100219726562,5.46,2.7,7.751667,-75.532667,251.0,318.3,176.77
URE.2020.010.14.20.52,URE,2020.010.14.20.52,earthquake,2871.0,3782.0,28.71,37.82,4,4,0.9293,0.5049,8.53,8.27,7.26200008392334,-75.02100372314453,4.56,1.5,7.751667,-75.532667,251.0,78.24,133.77
URE.2020.011.14.02.41,URE,2020.011.14.02.41,earthquake,2947.0,,29.47,,3,0,0.6577,0.0,7.18,,6.823999881744385,-76.6969985961914,15.13,2.0,7.751667,-75.532667,251.0,164.49,231.49
URE.2020.012.09.50.45,URE,2020.012.09.50.45,earthquake,,4161.0,,41.61,0,4,0.0,0.4918,-1.17,10.55,7.072000026702881,-76.21700286865234,7.07,1.7,7.751667,-75.532667,251.0,106.57,225.19
URE.2020.013.05.55.19,URE,2020.013.05.55.19,earthquake,,4755.0,,47.55,0,3,0.0,0.4489,-2.83,0.34,6.771999835968018,-76.7040023803711,3.47,1.6,7.751667,-75.532667,251.0,168.73,230.13
URE.2020.014.14.42.02,URE,2020.014.14.42.02,earthquake,3196.0,,31.96,,3,0,0.7316,0.0,13.03,,5.317999839782715,-75.72699737548828,0.73,3.1,7.751667,-75.532667,251.0,269.99,184.58
URE.2020.014.16.27.24,URE,2020.014.16.27.24,earthquake,3289.0,6553.0,32.89,65.53,3,3,0.5238,0.3665,4.21,7.49,5.318999767303467,-75.75399780273438,0.18,2.4,7.751667,-75.532667,251.0,270.14,185.21
URE.2020.015.02.15.28,URE,2020.015.02.15.28,earthquake,2790.0,4201.0,27.9,42.01,4,3,0.8303,0.5208,15.69,11.83,7.301000118255615,-76.35900115966797,13.75,2.3,7.751667,-75.532667,251.0,103.93,241.4
URE.2020.015.04.10.32,URE,2020.015.04.10.32,earthquake,2888.0,4516.0,28.88,45.16,4,2,0.6939,0.5158,17.24,18.65,6.875,-76.15399932861328,-0.02,2.4,7.751667,-75.532667,251.0,118.77,215.32
URE.2020.016.03.03.28,URE,2020.016.03.03.28,earthquake,2903.0,4347.0,29.03,43.47,3,2,0.6824,0.4362,9.73,9.17,6.889999866485596,-76.19599914550781,-0.03,1.5,7.751667,-75.532667,251.0,120.19,217.59
URE.2020.016.23.55.10,URE,2020.016.23.55.10,earthquake,2818.0,4434.0,28.18,44.34,4,3,0.8315,0.5242,10.37,14.49,6.925000190734863,-76.26100158691406,-0.06,1.7,7.751667,-75.532667,251.0,121.76,221.38
URE.2020.017.23.29.55,URE,2020.017.23.29.55,earthquake,2800.0,4278.0,28.0,42.78,3,3,0.8609,0.4906,13.92,10.18,6.9120001792907715,-76.2699966430664,2.6,2.0,7.751667,-75.532667,251.0,123.49,221.29
URE.2020.019.06.34.40,URE,2020.019.06.34.40,earthquake,2958.0,4860.0,29.58,48.6,3,2,0.9277,0.335,1.68,11.54,7.291999816894531,-76.95800018310547,18.96,2.7,7.751667,-75.532667,251.0,165.32,252.19
URE.2020.019.07.01.55,URE,2020.019.07.01.55,earthquake,2957.0,,29.57,,3,0,0.8321,0.0,4.5,,7.255000114440918,-76.96700286865234,23.91,1.9,7.751667,-75.532667,251.0,167.57,250.96
URE.2020.019.15.13.53,URE,2020.019.15.13.53,earthquake,2877.0,4481.0,28.77,44.81,4,4,0.7714,0.4609,11.62,18.2,6.802999973297119,-76.2300033569336,4.14,2.1,7.751667,-75.532667,251.0,130.14,216.32
URE.2020.019.20.54.43,URE,2020.019.20.54.43,earthquake,3033.0,,30.33,,3,0,0.782,0.0,6.69,,7.614999771118164,-72.60099792480469,0.88,2.9,7.751667,-75.532667,251.0,323.79,92.48
URE.2020.020.04.51.09,URE,2020.020.04.51.09,earthquake,2958.0,4993.0,29.58,49.93,3,2,0.7356,0.4989,2.61,7.06,7.138000011444092,-77.04900360107422,16.09,2.0,7.751667,-75.532667,251.0,180.62,248.03
URE.2020.020.05.14.14,URE,2020.020.05.14.14,earthquake,2879.0,4634.0,28.79,46.34,3,2,0.72,0.5324,8.02,0.94,7.36299991607666,-74.20999908447266,4.48,1.6,7.751667,-75.532667,251.0,152.17,106.32
URE.2020.021.22.34.53,URE,2020.021.22.34.53,earthquake,2867.0,4514.0,28.67,45.14,3,3,0.8302,0.4013,5.64,9.58,6.861999988555908,-76.2770004272461,7.0,2.2,7.751667,-75.532667,251.0,128.2,219.92
URE.2020.023.03.36.01,URE,2020.023.03.36.01,earthquake,2847.0,4800.0,28.47,48.0,3,2,0.6193,0.4812,8.31,8.94,7.298999786376953,-74.04399871826172,8.28,1.5,7.751667,-75.532667,251.0,171.76,106.85
URE.2020.025.11.27.47,URE,2020.025.11.27.47,earthquake,2852.0,4826.0,28.52,48.26,3,2,0.6182,0.4623,5.91,8.13,7.459000110626221,-76.94200134277344,20.0,1.9,7.751667,-75.532667,251.0,158.85,258.34
URE.2020.025.22.23.23,URE,2020.025.22.23.23,earthquake,2770,3695.0,27.7,36.95,3,4,0.8456,0.5297,0.78,9.06,7.234000205993652,-75.25,22.98,2.5,7.751667,-75.532667,251.0,65.2,151.39
URE.2020.026.03.58.02,URE,2020.026.03.58.02,earthquake,3032,5250.0,30.32,52.5,3,3,0.6567,0.3382,7.33,13.44,7.156000137329102,-77.19100189208984,18.97,2.4,7.751667,-75.532667,251.0,194.55,250.32
URE.2020.027.22.34.00,URE,2020.027.22.34.00,earthquake,2653,4254.0,26.53,42.54,3,4,0.894,0.3834,16.98,8.4,6.933000087738037,-74.58300018310547,1.9,2.2,7.751667,-75.532667,251.0,138.53,130.75
URE.2020.029.04.44.42,URE,2020.029.04.44.42,earthquake,2829,4447.0,28.29,44.47,3,3,0.6923,0.4084,10.59,12.31,6.835000038146973,-76.29499816894531,4.27,2.0,7.751667,-75.532667,251.0,131.77,219.75
URE.2020.029.06.15.41,URE,2020.029.06.15.41,earthquake,2772,4231.0,27.72,42.31,4,4,0.8053,0.6525,13.67,22.18,7.508999824523926,-74.43900299072266,3.46,1.9,7.751667,-75.532667,251.0,123.62,102.47
URE.2020.030.05.36.18,URE,2020.030.05.36.18,earthquake,2642,4219.0,26.42,42.19,3,2,0.6787,0.5306,3.46,7.06,6.677000045776367,-74.75700378417969,14.2,1.5,7.751667,-75.532667,251.0,146.51,144.17
URE.2020.032.17.18.25,URE,2020.032.17.18.25,earthquake,2883,3710.0,28.83,37.1,4,4,0.8542,0.7528,26.54,12.21,7.234000205993652,-75.74500274658203,23.66,1.6,7.751667,-75.532667,251.0,61.86,202.28
URE.2020.034.02.41.51,URE,2020.034.02.41.51,earthquake,2984,4940.0,29.84,49.4,3,2,0.8606,0.4527,1.86,10.41,6.797999858856201,-76.79199981689453,21.48,2.0,7.751667,-75.532667,251.0,174.54,232.9
URE.2020.035.03.30.41,URE,2020.035.03.30.41,earthquake,2802,4312.0,28.02,43.12,3,3,0.7714,0.4973,5.71,12.78,6.956999778747559,-76.27100372314453,4.9,1.5,7.751667,-75.532667,251.0,119.87,222.9
URE.2020.035.07.28.25,URE,2020.035.07.28.25,earthquake,2842,4754.0,28.42,47.54,3,3,0.8647,0.3588,6.77,5.52,6.7779998779296875,-76.69000244140625,17.58,1.7,7.751667,-75.532667,251.0,167.12,229.96
URE.2020.035.23.43.52,URE,2020.035.23.43.52,earthquake,2810,4591.0,28.1,45.91,3,3,0.8572,0.5068,17.24,8.97,7.333000183105469,-74.1760025024414,2.2,2.4,7.751667,-75.532667,251.0,156.72,107.09
URE.2020.036.09.24.55,URE,2020.036.09.24.55,earthquake,2911,5035.0,29.11,50.35,3,3,0.9165,0.4632,5.02,9.95,6.656000137329102,-76.73600006103516,4.43,2.0,7.751667,-75.532667,251.0,179.85,227.72
URE.2020.036.23.04.49,URE,2020.036.23.04.49,earthquake,2889,,28.89,,3,0,0.8934,0.0,1.81,,6.88100004196167,-76.60900115966797,0.0,1.6,7.751667,-75.532667,251.0,152.96,231.06
URE.2020.037.19.19.51,URE,2020.037.19.19.51,earthquake,2897,4383.0,28.97,43.83,3,3,0.73,0.3557,11.1,13.62,6.968999862670898,-76.26599884033203,-0.12,1.9,7.751667,-75.532667,251.0,118.52,223.14
URE.2020.039.20.05.02,URE,2020.039.20.05.02,earthquake,2774,3720.0,27.74,37.2,4,4,0.8681,0.401,15.75,5.12,7.099999904632568,-75.27999877929688,4.7,1.8,7.751667,-75.532667,251.0,77.28,158.83
URE.2020.040.15.25.40,URE,2020.040.15.25.40,earthquake,2883,4210.0,28.83,42.1,3,4,0.6671,0.5051,5.43,3.33,7.0960001945495605,-74.69200134277344,5.27,1.5,7.751667,-75.532667,251.0,117.77,127.95
URE.2020.041.12.33.49,URE,2020.041.12.33.49,earthquake,2801,4131.0,28.01,41.31,3,2,0.7154,0.4999,3.86,5.72,7.26200008392334,-74.60700225830078,3.79,1.7,7.751667,-75.532667,251.0,115.63,117.86
URE.2020.041.18.59.18,URE,2020.041.18.59.18,earthquake,2847,4183.0,28.47,41.83,4,4,0.8833,0.5268,5.44,13.54,7.043000221252441,-76.27300262451172,8.36,1.8,7.751667,-75.532667,251.0,113.24,226.25
URE.2020.041.20.12.25,URE,2020.041.20.12.25,earthquake,2931,4599.0,29.31,45.99,3,2,0.5941,0.209,2.97,13.3,6.861000061035156,-76.24800109863281,8.04,1.9,7.751667,-75.532667,251.0,126.26,218.77
URE.2020.042.01.57.52,URE,2020.042.01.57.52,earthquake,2715,4143.0,27.15,41.43,3,4,0.7128,0.5583,10.87,16.44,7.047999858856201,-76.21199798583984,7.0,1.8,7.751667,-75.532667,251.0,108.08,223.99
URE.2020.042.05.01.39,URE,2020.042.05.01.39,earthquake,3382,5747.0,33.82,57.47,3,3,0.8803,0.4865,5.99,12.12,6.2210001945495605,-77.18399810791016,7.18,2.0,7.751667,-75.532667,251.0,248.89,227.25
URE.2020.042.08.01.35,URE,2020.042.08.01.35,earthquake,10482,12180.0,104.82,121.8,3,3,0.679,0.55,14.23,18.49,6.367000102996826,-74.35099792480469,3.23,1.6,7.751667,-75.532667,251.0,201.23,139.48
URE.2020.042.20.58.12,URE,2020.042.20.58.12,earthquake,2930,4436.0,29.3,44.36,3,4,0.8082,0.4396,2.55,10.02,6.8979997634887695,-76.24299621582031,0.0,1.5,7.751667,-75.532667,251.0,122.74,219.76
URE.2020.042.22.41.30,URE,2020.042.22.41.30,earthquake,2935,4555.0,29.35,45.55,3,3,0.7594,0.4297,4.14,13.84,6.828999996185303,-76.13999938964844,2.06,1.6,7.751667,-75.532667,251.0,122.11,213.35
URE.2020.043.13.06.52,URE,2020.043.13.06.52,earthquake,2940.0,4532.0,29.4,45.32,3,4,0.7606,0.4041,5.96,6.42,6.828000068664551,-76.29299926757812,13.49,1.7,7.751667,-75.532667,251.0,132.23,219.47
URE.2020.043.16.55.09,URE,2020.043.16.55.09,earthquake,2945.0,4271.0,29.45,42.71,4,4,0.7257,0.4134,3.22,7.94,7.0980000495910645,-74.70999908447266,9.6,1.6,7.751667,-75.532667,251.0,116.08,128.47
URE.2020.043.17.59.47,URE,2020.043.17.59.47,earthquake,2787.0,4399.0,27.87,43.99,3,4,0.9067,0.4067,6.86,4.14,6.809000015258789,-76.18000030517578,4.15,1.6,7.751667,-75.532667,251.0,126.4,214.48
URE.2020.044.08.13.16,URE,2020.044.08.13.16,earthquake,2991.0,4615.0,29.91,46.15,4,3,0.7607,0.6296,21.67,17.32,6.867000102996826,-76.14099884033203,0.22,2.2,7.751667,-75.532667,251.0,118.68,214.51
URE.2020.045.00.49.56,URE,2020.045.00.49.56,earthquake,2890.0,3971.0,28.9,39.71,4,2,0.7398,0.4093,11.14,22.19,7.113999843597412,-75.91300201416016,12.74,2.3,7.751667,-75.532667,251.0,82.07,210.79
URE.2020.045.01.29.49,URE,2020.045.01.29.49,earthquake,2840.0,,28.4,,3,0,0.9422,0.0,30.55,,6.0929999351501465,-73.94300079345703,11.01,4.1,7.751667,-75.532667,251.0,253.99,136.14
URE.2020.045.05.01.44,URE,2020.045.05.01.44,earthquake,2924.0,4531.0,29.24,45.31,4,3,0.6922,0.5003,8.05,12.9,6.835999965667725,-76.2030029296875,0.01,2.2,7.751667,-75.532667,251.0,125.43,216.21
URE.2020.045.10.31.41,URE,2020.045.10.31.41,earthquake,,4855.0,,48.55,0,3,0.0,0.6582,-0.57,10.52,6.921000003814697,-76.66200256347656,12.38,1.5,7.751667,-75.532667,251.0,154.88,233.69
URE.2020.045.10.59.23,URE,2020.045.10.59.23,earthquake,2834.0,4733.0,28.34,47.33,4,3,0.7809,0.5177,1.08,10.42,6.919000148773193,-76.68299865722656,2.05,2.1,7.751667,-75.532667,251.0,156.88,234.13
URE.2020.045.18.34.30,URE,2020.045.18.34.30,earthquake,2820.0,4490.0,28.2,44.9,3,2,0.7373,0.5029,3.51,12.43,7.0,-74.44000244140625,3.16,2.2,7.751667,-75.532667,251.0,146.5,124.5
URE.2020.045.22.32.00,URE,2020.045.22.32.00,earthquake,2850.0,,28.5,,3,0,0.9407,0.0,19.78,,6.107999801635742,-73.97699737548828,7.23,3.4,7.751667,-75.532667,251.0,250.19,136.5
URE.2020.046.06.43.01,URE,2020.046.06.43.01,earthquake,2971.0,,29.71,,3,0,0.8143,0.0,3.8,,6.4039998054504395,-76.58300018310547,18.21,1.8,7.751667,-75.532667,251.0,188.88,217.97
URE.2020.046.06.46.10,URE,2020.046.06.46.10,earthquake,2833.0,4441.0,28.33,44.41,4,3,0.7267,0.5551,14.56,18.64,6.808000087738037,-76.19599914550781,6.27,2.1,7.751667,-75.532667,251.0,127.5,215.11
URE.2020.047.13.02.32,URE,2020.047.13.02.32,earthquake,2710.0,3665.0,27.1,36.65,4,4,0.8543,0.5914,24.33,13.91,7.169000148773193,-75.27300262451172,3.97,3.2,7.751667,-75.532667,251.0,70.53,156.0
URE.2020.048.02.44.56,URE,2020.048.02.44.56,earthquake,3037.0,,30.37,,3,0,0.3804,0.0,2.51,,6.943999767303467,-75.9739990234375,33.54,1.5,7.751667,-75.532667,251.0,101.75,208.64
URE.2020.049.03.18.48,URE,2020.049.03.18.48,earthquake,2914.0,4531.0,29.14,45.31,3,2,0.5785,0.4796,11.12,22.86,6.888000011444092,-76.24299621582031,-0.05,2.2,7.751667,-75.532667,251.0,123.59,219.44
URE.2020.049.05.31.24,URE,2020.049.05.31.24,earthquake,2941.0,4528.0,29.41,45.28,3,3,0.7041,0.4775,1.42,10.88,6.936999797821045,-76.2040023803711,-1.48,1.4,7.751667,-75.532667,251.0,116.67,219.49
URE.2020.049.12.57.51,URE,2020.049.12.57.51,earthquake,2879.0,4256.0,28.79,42.56,3,4,0.9014,0.6134,8.03,9.98,7.114999771118164,-74.69999694824219,4.29,2.0,7.751667,-75.532667,251.0,115.79,127.4
URE.2020.050.00.53.46,URE,2020.050.00.53.46,earthquake,2819.0,4102.0,28.19,41.02,4,3,0.8159,0.3401,19.37,13.88,7.111000061035156,-76.1240005493164,11.75,2.1,7.751667,-75.532667,251.0,96.34,222.69
URE.2020.050.01.04.57,URE,2020.050.01.04.57,earthquake,2934.0,,29.34,,3,0,0.6597,0.0,7.49,,6.074999809265137,-73.96199798583984,18.78,2.6,7.751667,-75.532667,251.0,253.99,136.79
URE.2020.052.01.48.34,URE,2020.052.01.48.34,earthquake,2962.0,4589.0,29.62,45.89,3,4,0.8676,0.3611,4.49,6.69,6.815999984741211,-76.16200256347656,-0.05,1.6,7.751667,-75.532667,251.0,124.65,213.93
URE.2020.053.00.30.11,URE,2020.053.00.30.11,earthquake,3150.0,4153.0,31.5,41.53,4,4,0.683,0.3252,3.21,7.15,7.329999923706055,-76.10299682617188,13.87,1.8,7.751667,-75.532667,251.0,78.34,233.5
URE.2020.053.02.27.08,URE,2020.053.02.27.08,earthquake,2873.0,4503.0,28.73,45.03,4,2,0.684,0.5584,4.97,13.11,6.809000015258789,-76.1760025024414,2.96,1.8,7.751667,-75.532667,251.0,126.16,214.31
URE.2020.056.05.33.41,URE,2020.056.05.33.41,earthquake,3042.0,3069.0,30.42,30.69,3,2,0.5459,0.4437,9.04,12.32,5.218999862670898,-74.76100158691406,5.5,2.4,7.751667,-75.532667,251.0,292.8,163.01
URE.2020.056.15.52.22,URE,2020.056.15.52.22,earthquake,2864.0,3877.0,28.64,38.77,3,4,0.8684,0.4437,9.48,9.62,7.099999904632568,-75.30899810791016,11.39,1.5,7.751667,-75.532667,251.0,76.18,161.07
URE.2020.057.05.16.19,URE,2020.057.05.16.19,earthquake,2938,5469.0,29.38,54.69,3,2,0.8544,0.4335,6.16,11.99,5.960999965667725,-76.52400207519531,5.46,2.0,7.751667,-75.532667,251.0,226.32,209.02
URE.2020.057.13.48.07,URE,2020.057.13.48.07,earthquake,2942,4876.0,29.42,48.76,3,2,0.7127,0.3038,6.45,14.47,6.854000091552734,-76.55400085449219,1.45,2.1,7.751667,-75.532667,251.0,150.25,228.71
URE.2020.057.18.43.42,URE,2020.057.18.43.42,earthquake,2919,4567.0,29.19,45.67,4,3,0.685,0.5272,20.73,15.53,6.824999809265137,-76.1729965209961,-0.11,2.5,7.751667,-75.532667,251.0,124.51,214.65
URE.2020.058.02.00.48,URE,2020.058.02.00.48,earthquake,2861,4556.0,28.61,45.56,3,4,0.5828,0.4393,1.9,14.11,6.815000057220459,-76.1969985961914,3.25,1.5,7.751667,-75.532667,251.0,126.93,215.35
URE.2020.058.13.34.52,URE,2020.058.13.34.52,earthquake,2795,4961.0,27.95,49.61,3,2,0.7761,0.2321,8.8,10.6,6.921000003814697,-76.84100341796875,0.0,2.3,7.751667,-75.532667,251.0,171.19,237.63
URE.2020.058.23.27.04,URE,2020.058.23.27.04,earthquake,2872,,28.72,,3,0,0.4473,0.0,2.36,,6.671999931335449,-74.78099822998047,7.45,1.6,7.751667,-75.532667,251.0,145.43,145.14
URE.2020.059.05.16.14,URE,2020.059.05.16.14,earthquake,2862,4584.0,28.62,45.84,3,4,0.8715,0.353,0.34,12.82,7.271999835968018,-76.6760025024414,0.0,1.6,7.751667,-75.532667,251.0,136.89,247.27
URE.2020.060.04.03.58,URE,2020.060.04.03.58,earthquake,2953,,29.53,,3,0,0.5962,0.0,3.43,,6.682000160217285,-76.7030029296875,5.1,1.7,7.751667,-75.532667,251.0,175.22,227.61
URE.2020.061.10.54.00,URE,2020.061.10.54.00,earthquake,2873,4331.0,28.73,43.31,3,3,0.8188,0.5379,9.26,21.46,6.988999843597412,-76.16999816894531,0.0,1.6,7.751667,-75.532667,251.0,109.84,219.88
URE.2020.062.19.26.44,URE,2020.062.19.26.44,earthquake,2889,4223.0,28.89,42.23,3,4,0.8445,0.4548,14.69,8.89,7.099999904632568,-76.12699890136719,-0.05,1.9,7.751667,-75.532667,251.0,97.46,222.35
URE.2020.063.21.31.04,URE,2020.063.21.31.04,earthquake,1542,1919.0,15.42,19.19,4,3,0.5997,0.5442,20.2,9.42,6.890999794006348,-76.29299926757812,0.04,2.0,7.751667,-75.532667,251.0,126.92,221.46
URE.2020.064.05.13.06,URE,2020.064.05.13.06,earthquake,2902,4648.0,29.02,46.48,3,3,0.7283,0.5102,24.66,14.22,6.885000228881836,-76.22100067138672,-0.04,2.3,7.751667,-75.532667,251.0,122.32,218.46
URE.2020.064.07.50.06,URE,2020.064.07.50.06,earthquake,3009,4685.0,30.09,46.85,4,2,0.7515,0.7741,2.14,19.3,6.927000045776367,-76.25199890136719,-0.11,1.5,7.751667,-75.532667,251.0,120.94,221.1
URE.2020.064.08.40.48,URE,2020.064.08.40.48,earthquake,2938,3870.0,29.38,38.7,4,4,0.8489,0.5753,33.05,8.02,7.427999973297119,-74.98100280761719,31.59,2.3,7.751667,-75.532667,251.0,70.62,120.42
URE.2020.064.19.08.24,URE,2020.064.19.08.24,earthquake,2822,4002.0,28.22,40.02,3,4,0.9518,0.3791,6.61,1.11,7.284999847412109,-74.73600006103516,4.08,1.5,7.751667,-75.532667,251.0,101.95,120.36
URE.2020.066.21.29.26,URE,2020.066.21.29.26,earthquake,2779,4114.0,27.79,41.14,3,4,0.6738,0.5717,3.88,13.73,7.0269999504089355,-76.19999694824219,6.0,1.5,7.751667,-75.532667,251.0,108.86,222.64
URE.2020.067.01.09.23,URE,2020.067.01.09.23,earthquake,2822,,28.22,,4,0,0.7494,0.0,15.24,,6.936999797821045,-73.63500213623047,-0.01,2.8,7.751667,-75.532667,251.0,228.07,113.14
URE.2020.069.13.31.04,URE,2020.069.13.31.04,earthquake,2966,4467.0,29.66,44.67,3,2,0.8437,0.6085,10.11,14.51,6.651000022888184,-75.76100158691406,21.72,1.8,7.751667,-75.532667,251.0,124.31,191.72
URE.2020.071.10.20.25,URE,2020.071.10.20.25,earthquake,2834,4600.0,28.34,46.0,4,3,0.7802,0.4889,11.64,10.35,7.014999866485596,-76.5780029296875,0.0,2.3,7.751667,-75.532667,251.0,141.27,234.85
URE.2020.071.10.24.01,URE,2020.071.10.24.01,earthquake,2970,4734.0,29.7,47.34,4,3,0.8076,0.3464,1.19,8.78,6.9670000076293945,-76.62699890136719,18.79,1.7,7.751667,-75.532667,251.0,148.76,234.38
URE.2020.073.00.54.07,URE,2020.073.00.54.07,earthquake,2897,4143.0,28.97,41.43,3,3,0.8743,0.3395,5.38,14.0,6.993000030517578,-76.08200073242188,9.67,1.5,7.751667,-75.532667,251.0,103.53,215.9
URE.2020.073.18.51.19,URE,2020.073.18.51.19,earthquake,2762,4751.0,27.62,47.51,3,2,0.9076,0.4593,24.56,6.91,6.809000015258789,-76.71199798583984,3.85,3.1,7.751667,-75.532667,251.0,166.82,231.4
URE.2020.074.00.15.37,URE,2020.074.00.15.37,earthquake,2869,4510.0,28.69,45.1,4,4,0.7241,0.5407,10.39,7.06,6.791999816894531,-76.16600036621094,-0.01,2.1,7.751667,-75.532667,251.0,127.1,213.42
URE.2020.074.14.34.03,URE,2020.074.14.34.03,earthquake,2930.0,,29.3,,4,0,0.7985,0.0,19.66,,6.478000164031982,-73.37699890136719,3.88,3.5,7.751667,-75.532667,251.0,276.67,120.47
URE.2020.074.22.53.02,URE,2020.074.22.53.02,earthquake,2939.0,4568.0,29.39,45.68,4,3,0.7603,0.5153,12.9,12.22,6.84499979019165,-76.1500015258789,0.08,1.7,7.751667,-75.532667,251.0,121.25,214.25
URE.2020.075.09.13.23,URE,2020.075.09.13.23,earthquake,2977.0,4875.0,29.77,48.75,3,3,0.8991,0.3789,14.52,12.12,6.800000190734863,-76.677001953125,18.25,2.9,7.751667,-75.532667,251.0,164.45,230.28
URE.2020.075.18.37.02,URE,2020.075.18.37.02,earthquake,2995.0,4146.0,29.95,41.46,3,3,0.857,0.3834,13.49,4.69,6.886000156402588,-75.81400299072266,27.86,1.9,7.751667,-75.532667,251.0,100.65,198.0
URE.2020.075.22.31.31,URE,2020.075.22.31.31,earthquake,2924.0,4198.0,29.24,41.98,4,2,0.7419,0.6517,7.21,15.58,7.270999908447266,-76.2249984741211,0.01,1.8,7.751667,-75.532667,251.0,93.08,235.22
URE.2020.077.02.11.12,URE,2020.077.02.11.12,earthquake,3002.0,4950.0,30.02,49.5,3,2,0.8151,0.4577,3.79,9.74,6.64900016784668,-76.79000091552734,11.27,2.3,7.751667,-75.532667,251.0,184.81,228.79
URE.2020.077.11.21.53,URE,2020.077.11.21.53,earthquake,2829.0,4262.0,28.29,42.62,3,4,0.7974,0.3904,1.72,14.21,6.988999843597412,-76.3290023803711,2.91,1.6,7.751667,-75.532667,251.0,121.84,226.24
URE.2020.077.16.58.21,URE,2020.077.16.58.21,earthquake,2891.0,4565.0,28.91,45.65,3,2,0.6567,0.5539,9.15,10.0,6.849999904632568,-76.15299987792969,0.0,2.3,7.751667,-75.532667,251.0,120.98,214.53
URE.2020.078.04.54.29,URE,2020.078.04.54.29,earthquake,2777.0,4700.0,27.77,47.0,3,3,0.7461,0.5246,6.49,9.63,6.65500020980835,-76.36599731445312,0.01,1.9,7.751667,-75.532667,251.0,152.25,217.25
URE.2020.078.09.04.56,URE,2020.078.09.04.56,earthquake,2869.0,5019.0,28.69,50.19,3,3,0.6842,0.2974,3.29,11.01,6.540999889373779,-76.7030029296875,3.73,1.8,7.751667,-75.532667,251.0,186.11,224.07
URE.2020.079.03.08.27,URE,2020.079.03.08.27,earthquake,2987.0,4857.0,29.87,48.57,3,2,0.5123,0.5581,0.34,8.81,6.88100004196167,-76.71299743652344,15.06,1.9,7.751667,-75.532667,251.0,162.04,233.62
URE.2020.079.03.41.33,URE,2020.079.03.41.33,earthquake,2966.0,4490.0,29.66,44.9,3,4,0.733,0.4416,8.47,9.77,6.949999809265137,-76.21499633789062,0.23,1.6,7.751667,-75.532667,251.0,116.34,220.4
URE.2020.079.20.02.00,URE,2020.079.20.02.00,earthquake,2993.0,,29.93,,3,0,0.5747,0.0,19.22,,6.831999778747559,-76.12699890136719,0.01,2.3,7.751667,-75.532667,251.0,121.04,212.87
URE.2020.082.05.35.12,URE,2020.082.05.35.12,earthquake,3363.0,6793.0,33.63,67.93,3,2,0.8744,0.3423,5.5,14.83,6.77400016784668,-73.08399963378906,6.56,2.9,7.751667,-75.532667,251.0,291.22,111.64
URE.2020.083.20.20.08,URE,2020.083.20.20.08,earthquake,2955.0,,29.55,,3,0,0.5994,0.0,3.4,,7.197999954223633,-73.9260025024414,16.41,2.4,7.751667,-75.532667,251.0,187.62,108.94
URE.2020.084.07.52.05,URE,2020.084.07.52.05,earthquake,2810.0,,28.1,,4,0,0.846,0.0,22.15,,6.830999851226807,-76.70099639892578,0.0,3.3,7.751667,-75.532667,251.0,164.35,231.79
URE.2020.085.07.17.56,URE,2020.085.07.17.56,earthquake,,4289.0,,42.89,0,4,0.0,0.4167,-3.52,12.62,7.327000141143799,-76.26499938964844,0.0,1.7,7.751667,-75.532667,251.0,93.48,239.89
URE.2020.085.12.24.40,URE,2020.085.12.24.40,earthquake,2871.0,4728.0,28.71,47.28,3,2,0.9094,0.5118,14.9,7.82,6.800000190734863,-76.72699737548828,18.64,2.4,7.751667,-75.532667,251.0,168.73,231.49
URE.2020.085.21.21.28,URE,2020.085.21.21.28,earthquake,2821.0,4600.0,28.21,46.0,3,3,0.8673,0.2812,8.07,9.77,6.800000190734863,-76.70899963378906,4.75,2.2,7.751667,-75.532667,251.0,167.19,231.06
URE.2020.086.07.01.45,URE,2020.086.07.01.45,earthquake,2944.0,4564.0,29.44,45.64,3,2,0.7493,0.4836,0.8,10.68,6.8470001220703125,-76.18199920654297,0.0,1.6,7.751667,-75.532667,251.0,123.09,215.67
URE.2020.086.17.04.18,URE,2020.086.17.04.18,earthquake,2840.0,,28.4,,4,0,0.724,0.0,3.12,,6.8379998207092285,-76.68499755859375,3.74,2.1,7.751667,-75.532667,251.0,162.48,231.62
URE.2020.088.00.42.06,URE,2020.088.00.42.06,earthquake,2882.0,3965.0,28.82,39.65,4,3,0.7486,0.4459,14.89,18.47,7.058000087738037,-75.1760025024414,7.9,1.9,7.751667,-75.532667,251.0,86.23,152.81
URE.2020.088.03.51.52,URE,2020.088.03.51.52,earthquake,2963.0,5232.0,29.63,52.32,3,3,0.8567,0.3008,7.96,12.62,6.390999794006348,-76.73799896240234,29.82,2.3,7.751667,-75.532667,251.0,200.94,221.58
URE.2020.088.05.06.04,URE,2020.088.05.06.04,earthquake,,4929.0,,49.29,0,4,0.0,0.4533,-5.28,5.45,6.728000164031982,-76.71700286865234,17.05,1.6,7.751667,-75.532667,251.0,172.98,229.2
URE.2020.088.07.50.40,URE,2020.088.07.50.40,earthquake,2979.0,4862.0,29.79,48.62,3,3,0.6717,0.5561,3.92,3.4,7.105000019073486,-76.91999816894531,21.42,2.0,7.751667,-75.532667,251.0,169.02,245.06
URE.2020.090.02.12.14,URE,2020.090.02.12.14,earthquake,2756.0,4524.0,27.56,45.24,3,3,0.9277,0.5497,15.74,10.22,6.76800012588501,-76.3280029296875,2.16,2.1,7.751667,-75.532667,251.0,139.82,218.97
URE.2020.090.13.43.54,URE,2020.090.13.43.54,earthquake,2994.0,,29.94,,3,0,0.7075,0.0,5.06,,6.308000087738037,-74.27799987792969,4.04,1.9,7.751667,-75.532667,251.0,211.44,138.95
URE.2020.090.18.21.35,URE,2020.090.18.21.35,earthquake,2973,,29.73,,3,0,0.9026,0.0,6.84,,7.270999908447266,-76.93800354003906,20.61,2.4,7.751667,-75.532667,251.0,163.96,251.18
URE.2020.092.04.58.31,URE,2020.092.04.58.31,earthquake,2838,4817.0,28.38,48.17,3,2,0.7232,0.3908,9.2,14.08,6.836999893188477,-76.71900177001953,2.22,2.4,7.751667,-75.532667,251.0,165.51,232.4
URE.2020.093.06.38.28,URE,2020.093.06.38.28,earthquake,2971,,29.71,,3,0,0.8458,0.0,17.55,,7.248000144958496,-77.23100280761719,29.26,2.8,7.751667,-75.532667,251.0,195.55,253.56
URE.2020.094.08.28.40,URE,2020.094.08.28.40,earthquake,2656,4071.0,26.56,40.71,3,4,0.9457,0.4034,30.23,11.33,6.935999870300293,-74.69499969482422,2.63,2.6,7.751667,-75.532667,251.0,129.19,134.23
URE.2020.095.13.55.44,URE,2020.095.13.55.44,earthquake,2792,4202.0,27.92,42.02,3,4,0.9016,0.5749,6.09,16.68,6.886000156402588,-75.94999694824219,6.87,1.6,7.751667,-75.532667,251.0,106.25,205.73
URE.2020.096.08.35.50,URE,2020.096.08.35.50,earthquake,2817,,28.17,,3,0,0.7322,0.0,1.07,,6.099999904632568,-73.94400024414062,-0.18,2.1,7.751667,-75.532667,251.0,253.35,136.04
URE.2020.097.08.03.49,URE,2020.097.08.03.49,earthquake,2834,4393.0,28.34,43.93,4,4,0.7628,0.4567,7.39,16.92,6.810999870300293,-76.23100280761719,3.8,1.8,7.751667,-75.532667,251.0,129.5,216.59
URE.2020.098.04.37.49,URE,2020.098.04.37.49,earthquake,2825,4610.0,28.25,46.1,4,2,0.8427,0.5747,17.43,8.42,7.328999996185303,-74.16899871826172,0.93,2.5,7.751667,-75.532667,251.0,157.59,107.16
URE.2020.098.06.25.48,URE,2020.098.06.25.48,earthquake,2876,4459.0,28.76,44.59,3,3,0.7699,0.4261,7.26,10.81,6.789999961853027,-76.1969985961914,0.0,1.6,7.751667,-75.532667,251.0,129.2,214.64
URE.2020.098.11.51.51,URE,2020.098.11.51.51,earthquake,5779,,57.79,,3,0,0.6463,0.0,4.59,,6.90500020980835,-72.83699798583984,1.77,1.9,7.751667,-75.532667,251.0,312.02,107.29
URE.2020.099.03.11.05,URE,2020.099.03.11.05,earthquake,2820,4593.0,28.2,45.93,3,3,0.901,0.5369,7.36,10.41,6.736999988555908,-76.2229995727539,0.0,1.6,7.751667,-75.532667,251.0,135.66,214.24
URE.2020.099.10.03.49,URE,2020.099.10.03.49,earthquake,2892,4442.0,28.92,44.42,4,4,0.8224,0.5727,19.18,17.88,7.118000030517578,-74.61699676513672,22.64,2.6,7.751667,-75.532667,251.0,123.0,124.67
URE.2020.100.18.46.38,URE,2020.100.18.46.38,earthquake,2937,4276.0,29.37,42.76,4,3,0.4979,0.3586,10.88,18.71,6.866000175476074,-75.93099975585938,0.01,1.9,7.751667,-75.532667,251.0,107.37,204.21
URE.2020.100.21.21.54,URE,2020.100.21.21.54,earthquake,2857,4165.0,28.57,41.65,3,3,0.4767,0.3077,5.48,21.17,6.869999885559082,-75.95600128173828,2.8,2.0,7.751667,-75.532667,251.0,108.13,205.64
URE.2020.101.01.48.28,URE,2020.101.01.48.28,earthquake,2894,4239.0,28.94,42.39,3,2,0.8092,0.2639,1.92,16.15,6.885000228881836,-76.04499816894531,24.25,1.5,7.751667,-75.532667,251.0,111.3,210.58
URE.2020.101.04.30.39,URE,2020.101.04.30.39,earthquake,2915,4271.0,29.15,42.71,4,4,0.8569,0.4943,21.84,13.98,7.484000205993652,-74.63700103759766,17.71,1.9,7.751667,-75.532667,251.0,103.17,106.61
URE.2020.102.03.34.47,URE,2020.102.03.34.47,earthquake,2862,,28.62,,3,0,0.8866,0.0,29.15,,6.519000053405762,-74.10600280761719,9.57,3.7,7.751667,-75.532667,251.0,208.37,130.77
URE.2020.102.05.28.51,URE,2020.102.05.28.51,earthquake,2841,4212.0,28.41,42.12,4,4,0.8519,0.4904,30.71,13.29,7.613999843597412,-74.55999755859375,15.19,2.3,7.751667,-75.532667,251.0,108.39,98.01
URE.2020.103.05.58.14,URE,2020.103.05.58.14,earthquake,2968,4297.0,29.68,42.97,4,4,0.8222,0.3946,11.41,12.78,7.248000144958496,-76.20899963378906,-0.01,1.7,7.751667,-75.532667,251.0,93.14,233.31
URE.2020.103.12.42.49,URE,2020.103.12.42.49,earthquake,2920,5041.0,29.2,50.41,3,2,0.9327,0.2933,37.31,12.36,7.360000133514404,-77.12300109863281,26.34,4.3,7.751667,-75.532667,251.0,180.77,256.24
URE.2020.103.14.28.45,URE,2020.103.14.28.45,earthquake,2851,4213.0,28.51,42.13,4,2,0.7209,0.2006,16.4,24.15,6.888000011444092,-75.9530029296875,1.3,2.1,7.751667,-75.532667,251.0,106.19,205.94
URE.2020.103.17.46.22,URE,2020.103.17.46.22,earthquake,2921,4581.0,29.21,45.81,4,4,0.8302,0.3859,13.1,10.13,6.804999828338623,-74.77200317382812,31.21,2.0,7.751667,-75.532667,251.0,134.23,141.21
URE.2020.105.16.21.50,URE,2020.105.16.21.50,earthquake,2824.0,,28.24,,3,0,0.6618,0.0,7.68,,7.228000164031982,-76.96099853515625,7.84,1.6,7.751667,-75.532667,251.0,167.95,249.92
URE.2020.106.02.53.30,URE,2020.106.02.53.30,earthquake,12807.0,,128.07,,4,0,0.761,0.0,17.71,,7.295000076293945,-77.1050033569336,19.51,1.8,7.751667,-75.532667,251.0,180.73,253.88
URE.2020.106.12.37.25,URE,2020.106.12.37.25,earthquake,2971.0,3011.0,29.71,30.11,3,2,0.7202,0.1744,10.94,17.54,7.35099983215332,-77.14399719238281,27.13,2.7,7.751667,-75.532667,251.0,183.26,256.11
URE.2020.106.14.18.43,URE,2020.106.14.18.43,earthquake,2919.0,5185.0,29.19,51.85,3,3,0.7668,0.4967,5.81,7.95,6.267000198364258,-76.66200256347656,6.89,2.5,7.751667,-75.532667,251.0,206.22,217.31
URE.2020.107.03.58.17,URE,2020.107.03.58.17,earthquake,2835.0,4870.0,28.35,48.7,3,4,0.8341,0.53,1.16,17.51,6.816999912261963,-76.51599884033203,0.0,1.6,7.751667,-75.532667,251.0,149.92,226.47
URE.2020.107.09.03.13,URE,2020.107.09.03.13,earthquake,,4028.0,,40.28,0,4,0.0,0.3568,-0.88,5.55,7.289000034332275,-75.0510025024414,31.24,1.6,7.751667,-75.532667,251.0,73.78,133.87
URE.2020.107.21.15.13,URE,2020.107.21.15.13,earthquake,3037.0,,30.37,,3,0,0.9111,0.0,19.15,,5.289000034332275,-76.43099975585938,22.4,2.9,7.751667,-75.532667,251.0,289.9,200.1
URE.2020.108.09.48.44,URE,2020.108.09.48.44,earthquake,2989.0,,29.89,,3,0,0.9026,0.0,10.66,,7.250999927520752,-77.24600219726562,36.19,2.5,7.751667,-75.532667,251.0,197.04,253.79
URE.2020.108.11.31.50,URE,2020.108.11.31.50,earthquake,3003.0,,30.03,,3,0,0.837,0.0,10.13,,6.199999809265137,-76.87200164794922,25.6,2.9,7.751667,-75.532667,251.0,226.6,220.86
URE.2020.110.00.34.03,URE,2020.110.00.34.03,earthquake,2968.0,4266.0,29.68,42.66,4,3,0.4948,0.5702,9.64,17.19,7.264999866485596,-76.23300170898438,0.0,1.5,7.751667,-75.532667,251.0,94.19,235.2
URE.2020.110.00.47.47,URE,2020.110.00.47.47,earthquake,2756.0,4064.0,27.56,40.64,4,4,0.7482,0.5236,16.92,17.5,7.230999946594238,-76.30699920654297,15.41,1.9,7.751667,-75.532667,251.0,103.05,236.08
URE.2020.110.13.21.48,URE,2020.110.13.21.48,earthquake,2904.0,5000.0,29.04,50.0,3,3,0.893,0.5105,6.76,10.82,7.013000011444092,-76.92500305175781,0.0,1.7,7.751667,-75.532667,251.0,174.08,242.1
URE.2020.112.01.15.48,URE,2020.112.01.15.48,earthquake,3029.0,4697.0,30.29,46.97,3,3,0.7283,0.5147,8.21,9.71,6.896999835968018,-76.21199798583984,-0.11,1.7,7.751667,-75.532667,251.0,120.67,218.48
URE.2020.114.00.52.27,URE,2020.114.00.52.27,earthquake,3153.0,,31.53,,3,0,0.8635,0.0,4.45,,6.675000190734863,-76.46900177001953,18.59,1.5,7.751667,-75.532667,251.0,157.71,221.03
URE.2020.114.03.33.43,URE,2020.114.03.33.43,earthquake,2694.0,,26.94,,4,0,0.4846,0.0,14.15,,7.464000225067139,-76.95500183105469,18.61,2.0,7.751667,-75.532667,251.0,160.14,258.64
URE.2020.115.13.58.50,URE,2020.115.13.58.50,earthquake,3465.0,,34.65,,3,0,0.7326,0.0,12.41,,6.296999931335449,-76.83899688720703,22.07,2.5,7.751667,-75.532667,251.0,216.13,221.98
URE.2020.115.16.36.27,URE,2020.115.16.36.27,earthquake,2927.0,4400.0,29.27,44.0,3,2,0.7795,0.6104,7.07,12.4,6.908999919891357,-76.16200256347656,0.0,1.9,7.751667,-75.532667,251.0,116.25,216.75
URE.2020.115.20.25.22,URE,2020.115.20.25.22,earthquake,2821.0,4816.0,28.21,48.16,3,2,0.839,0.4012,35.71,11.44,6.875,-76.7699966430664,20.89,3.9,7.751667,-75.532667,251.0,167.53,234.72
URE.2020.116.00.12.46,URE,2020.116.00.12.46,earthquake,2946.0,4904.0,29.46,49.04,3,2,0.7321,0.3499,3.05,7.33,6.869999885559082,-76.62000274658203,0.99,1.9,7.751667,-75.532667,251.0,154.67,230.99
URE.2020.118.00.31.57,URE,2020.118.00.31.57,earthquake,3111.0,,31.11,,3,0,0.7523,0.0,7.91,,7.190999984741211,-77.31800079345703,19.04,2.0,7.751667,-75.532667,251.0,206.59,252.65
URE.2020.118.02.49.46,URE,2020.118.02.49.46,earthquake,2868.0,4244.0,28.68,42.44,3,4,0.9425,0.5417,16.29,9.6,7.120999813079834,-74.68499755859375,4.39,2.2,7.751667,-75.532667,251.0,116.71,126.64
URE.2020.118.07.27.54,URE,2020.118.07.27.54,earthquake,3030.0,,30.3,,3,0,0.6783,0.0,2.2,,6.160999774932861,-76.89600372314453,30.3,2.2,7.751667,-75.532667,251.0,231.61,220.66
URE.2020.118.23.28.10,URE,2020.118.23.28.10,earthquake,2839,4767.0,28.39,47.67,3,2,0.798,0.5146,1.5,7.06,6.704999923706055,-76.75800323486328,15.8,1.8,7.751667,-75.532667,251.0,178.08,229.54
URE.2020.120.00.02.51,URE,2020.120.00.02.51,earthquake,3004,5259.0,30.04,52.59,3,2,0.8769,0.5214,13.74,11.21,6.552000045776367,-76.72200012207031,21.42,2.3,7.751667,-75.532667,251.0,186.71,224.79
URE.2020.120.03.12.34,URE,2020.120.03.12.34,earthquake,2918,4994.0,29.18,49.94,3,3,0.7714,0.3579,13.01,7.75,7.285999774932861,-77.08300018310547,16.51,2.5,7.751667,-75.532667,251.0,178.69,253.35
URE.2020.122.00.38.00,URE,2020.122.00.38.00,earthquake,2907,4851.0,29.07,48.51,3,3,0.8314,0.4222,6.03,7.98,6.872000217437744,-76.67500305175781,17.11,1.7,7.751667,-75.532667,251.0,159.29,232.43
URE.2020.122.16.48.21,URE,2020.122.16.48.21,earthquake,2881,,28.81,,3,0,0.8721,0.0,19.24,,6.067999839782715,-73.94400024414062,10.4,3.4,7.751667,-75.532667,251.0,255.92,136.58
URE.2020.125.13.13.34,URE,2020.125.13.13.34,earthquake,2821,,28.21,,3,0,0.5125,0.0,1.76,,6.072000026702881,-73.93299865722656,10.8,2.2,7.751667,-75.532667,251.0,256.43,136.32
URE.2020.125.20.11.36,URE,2020.125.20.11.36,earthquake,2806,,28.06,,3,0,0.7484,0.0,6.01,,6.85099983215332,-76.60700225830078,0.0,2.4,7.751667,-75.532667,251.0,154.9,230.05
URE.2020.126.06.18.33,URE,2020.126.06.18.33,earthquake,2857,3983.0,28.57,39.83,3,4,0.9229,0.4306,19.56,11.1,7.190000057220459,-75.89900207519531,17.67,2.3,7.751667,-75.532667,251.0,74.12,213.09
URE.2020.127.08.57.42,URE,2020.127.08.57.42,earthquake,7564,7969.0,75.64,79.69,4,4,0.5395,0.47,7.81,5.59,7.093999862670898,-77.04199981689453,3.0,1.9,7.751667,-75.532667,251.0,181.8,246.52
URE.2020.128.01.31.01,URE,2020.128.01.31.01,earthquake,2840,4428.0,28.4,44.28,4,3,0.7147,0.5804,9.0,16.81,6.932000160217285,-76.18800354003906,-0.2,1.8,7.751667,-75.532667,251.0,115.99,218.64
URE.2020.128.23.28.24,URE,2020.128.23.28.24,earthquake,9660,11003.0,96.6,110.03,4,3,0.7554,0.2872,12.0,8.34,6.7210001945495605,-74.2969970703125,18.0,1.5,7.751667,-75.532667,251.0,177.8,129.79
URE.2020.129.12.28.14,URE,2020.129.12.28.14,earthquake,2908,4482.0,29.08,44.82,3,2,0.6371,0.4492,7.98,11.69,6.795000076293945,-76.20999908447266,0.0,2.0,7.751667,-75.532667,251.0,129.57,215.3
URE.2020.130.07.59.41,URE,2020.130.07.59.41,earthquake,2821,10867.0,28.21,108.67,3,4,0.834,0.3294,16.41,14.61,6.90500020980835,-76.2040023803711,5.49,1.9,7.751667,-75.532667,251.0,119.42,218.41
URE.2020.130.08.12.42,URE,2020.130.08.12.42,earthquake,2940,,29.4,,3,0,0.88,0.0,25.86,,6.913000106811523,-76.19400024414062,0.0,2.8,7.751667,-75.532667,251.0,118.04,218.26
URE.2020.130.08.14.46,URE,2020.130.08.14.46,earthquake,2900,10151.0,29.0,101.51,4,2,0.5895,0.4736,16.59,6.72,6.913000106811523,-76.2249984741211,-0.04,2.6,7.751667,-75.532667,251.0,120.19,219.54
URE.2020.130.08.46.35,URE,2020.130.08.46.35,earthquake,2939,4540.0,29.39,45.4,3,2,0.8499,0.438,15.45,13.9,6.927999973297119,-76.18399810791016,1.25,2.0,7.751667,-75.532667,251.0,116.06,218.33
URE.2020.130.08.51.32,URE,2020.130.08.51.32,earthquake,3005,,30.05,,3,0,0.7354,0.0,23.76,,6.940999984741211,-76.22899627685547,0.0,3.2,7.751667,-75.532667,251.0,118.1,220.66
URE.2020.130.09.39.30,URE,2020.130.09.39.30,earthquake,2792,,27.92,,4,0,0.7527,0.0,10.87,,6.908999919891357,-76.25199890136719,3.13,2.0,7.751667,-75.532667,251.0,122.45,220.49
URE.2020.130.13.25.39,URE,2020.130.13.25.39,earthquake,2934,,29.34,,3,0,0.6063,0.0,4.82,,6.697999954223633,-76.98799896240234,3.42,1.9,7.751667,-75.532667,251.0,198.52,234.15
URE.2020.130.18.01.52,URE,2020.130.18.01.52,earthquake,3111,5385.0,31.11,53.85,3,2,0.7071,0.6236,10.33,9.98,7.083000183105469,-77.20800018310547,21.79,2.3,7.751667,-75.532667,251.0,199.18,248.32
URE.2020.131.20.21.56,URE,2020.131.20.21.56,earthquake,2956.0,5101.0,29.56,51.01,3,3,0.778,0.2828,4.9,4.94,6.394999980926514,-76.61799621582031,16.15,1.9,7.751667,-75.532667,251.0,192.06,218.7
URE.2020.132.00.37.26,URE,2020.132.00.37.26,earthquake,2901.0,4579.0,29.01,45.79,3,4,0.7249,0.3942,30.27,14.35,6.98199987411499,-76.16300201416016,0.3,2.8,7.751667,-75.532667,251.0,109.95,219.31
URE.2020.132.01.21.33,URE,2020.132.01.21.33,earthquake,2910.0,4456.0,29.1,44.56,3,2,0.7274,0.4074,4.53,13.68,6.974999904632568,-76.25599670410156,-0.05,1.6,7.751667,-75.532667,251.0,117.28,222.96
URE.2020.132.05.01.31,URE,2020.132.05.01.31,earthquake,10409.0,12375.0,104.09,123.75,4,3,0.7782,0.4162,14.47,5.5,6.5370001792907715,-74.10900115966797,25.19,1.9,7.751667,-75.532667,251.0,206.82,130.41
URE.2020.132.06.16.10,URE,2020.132.06.16.10,earthquake,2911.0,4453.0,29.11,44.53,3,3,0.825,0.4066,4.95,16.83,6.89300012588501,-76.11599731445312,0.0,1.7,7.751667,-75.532667,251.0,114.74,214.19
URE.2020.132.21.07.45,URE,2020.132.21.07.45,earthquake,2850.0,,28.5,,3,0,0.8446,0.0,2.83,,6.96999979019165,-77.13500213623047,11.43,2.4,7.751667,-75.532667,251.0,196.9,244.06
URE.2020.134.04.32.15,URE,2020.134.04.32.15,earthquake,2916.0,4320.0,29.16,43.2,4,3,0.6838,0.6632,16.43,14.45,7.111000061035156,-76.16400146484375,0.0,1.7,7.751667,-75.532667,251.0,99.38,224.57
URE.2020.134.04.37.10,URE,2020.134.04.37.10,earthquake,2939.0,4596.0,29.39,45.96,3,2,0.9388,0.3657,13.61,9.42,6.9720001220703125,-76.61100006103516,19.97,2.0,7.751667,-75.532667,251.0,147.0,234.16
URE.2020.134.15.28.37,URE,2020.134.15.28.37,earthquake,3055.0,5338.0,30.55,53.38,3,3,0.6707,0.4,16.38,17.4,7.300000190734863,-77.3270034790039,22.97,2.6,7.751667,-75.532667,251.0,204.24,255.96
URE.2020.134.16.05.27,URE,2020.134.16.05.27,earthquake,2731.0,4021.0,27.31,40.21,4,4,0.7735,0.4826,23.97,13.03,7.294000148773193,-76.20899963378906,7.71,2.4,7.751667,-75.532667,251.0,90.19,235.9
URE.2020.134.19.27.26,URE,2020.134.19.27.26,earthquake,2992.0,,29.92,,3,0,0.8167,0.0,21.02,,7.364999771118164,-77.1520004272461,27.07,3.2,7.751667,-75.532667,251.0,183.75,256.65
URE.2020.136.09.59.03,URE,2020.136.09.59.03,earthquake,2951.0,4014.0,29.51,40.14,4,4,0.8654,0.5551,10.04,14.22,7.190000057220459,-75.14099884033203,29.84,1.5,7.751667,-75.532667,251.0,75.68,145.14
URE.2020.136.17.15.06,URE,2020.136.17.15.06,earthquake,2969.0,4213.0,29.69,42.13,4,4,0.8322,0.5299,14.96,14.53,7.111999988555908,-76.06199645996094,0.0,1.7,7.751667,-75.532667,251.0,91.75,219.59
URE.2020.136.19.46.34,URE,2020.136.19.46.34,earthquake,2921.0,4832.0,29.21,48.32,3,3,0.7086,0.557,9.0,15.18,6.861000061035156,-76.67400360107422,21.34,2.3,7.751667,-75.532667,251.0,159.95,232.06
URE.2020.137.00.21.07,URE,2020.137.00.21.07,earthquake,2890.0,4584.0,28.9,45.84,4,2,0.6849,0.5468,15.67,17.65,6.948999881744385,-76.2030029296875,-0.15,1.6,7.751667,-75.532667,251.0,115.58,219.86
URE.2020.137.08.44.01,URE,2020.137.08.44.01,earthquake,7529.0,,75.29,,3,0,0.7756,0.0,0.55,,6.90500020980835,-76.82599639892578,30.28,1.7,7.751667,-75.532667,251.0,170.76,236.83
URE.2020.137.21.39.56,URE,2020.137.21.39.56,earthquake,2933.0,4029.0,29.33,40.29,3,4,0.8294,0.5431,4.76,15.77,7.165999889373779,-75.95500183105469,25.02,1.5,7.751667,-75.532667,251.0,79.8,215.77
URE.2020.137.22.21.50,URE,2020.137.22.21.50,earthquake,,5126.0,,51.26,0,3,0.0,0.5265,-0.67,8.05,7.201000213623047,-76.97200012207031,22.3,1.9,7.751667,-75.532667,251.0,170.14,249.12
URE.2020.138.08.44.11,URE,2020.138.08.44.11,earthquake,13092.0,13495.0,130.92,134.95,3,2,0.5561,0.2894,8.24,5.12,7.264999866485596,-74.00399780273438,23.86,1.6,7.751667,-75.532667,251.0,177.1,107.59
URE.2020.138.08.44.37,URE,2020.138.08.44.37,earthquake,10512.0,10920.0,105.12,109.2,4,2,0.5233,0.5083,8.29,4.97,7.258999824523926,-73.9749984741211,20.03,1.9,7.751667,-75.532667,251.0,180.35,107.48
URE.2020.139.03.54.48,URE,2020.139.03.54.48,earthquake,2825.0,4333.0,28.25,43.33,3,2,0.8583,0.4737,14.28,13.66,6.954999923706055,-76.22899627685547,13.0,2.4,7.751667,-75.532667,251.0,116.93,221.15
URE.2020.139.16.43.32,URE,2020.139.16.43.32,earthquake,2982.0,,29.82,,3,0,0.7893,0.0,3.33,-0.45,6.744999885559082,-76.68499755859375,7.01,1.7,7.751667,-75.532667,251.0,169.08,228.89
URE.2020.140.02.47.20,URE,2020.140.02.47.20,earthquake,2913.0,3959.0,29.13,39.59,4,4,0.8223,0.6489,18.7,22.29,7.133999824523926,-75.85800170898438,18.07,1.7,7.751667,-75.532667,251.0,77.17,207.75
URE.2020.141.03.34.01,URE,2020.141.03.34.01,earthquake,2873.0,4260.0,28.73,42.6,3,4,0.8654,0.4046,8.91,13.9,7.0879998207092285,-76.24199676513672,0.0,1.6,7.751667,-75.532667,251.0,107.33,226.9
URE.2020.142.03.11.47,URE,2020.142.03.11.47,earthquake,2900.0,4494.0,29.0,44.94,3,2,0.8472,0.569,4.05,9.2,6.954999923706055,-76.28299713134766,0.0,2.1,7.751667,-75.532667,251.0,120.94,223.29
URE.2020.142.06.29.51,URE,2020.142.06.29.51,earthquake,2874.0,4555.0,28.74,45.55,3,2,0.8256,0.5753,6.92,10.05,7.304999828338623,-74.32099914550781,4.26,1.8,7.751667,-75.532667,251.0,142.56,110.19
URE.2020.142.16.34.14,URE,2020.142.16.34.14,earthquake,2905.0,,29.05,,3,0,0.7611,0.0,12.62,,6.681000232696533,-76.6729965209961,9.89,2.0,7.751667,-75.532667,251.0,172.86,226.84
URE.2020.143.21.50.16,URE,2020.143.21.50.16,earthquake,11777.0,13304.0,117.77,133.04,4,3,0.6911,0.6276,16.63,19.13,6.939000129699707,-76.20500183105469,-0.16,1.7,7.751667,-75.532667,251.0,116.57,219.6
URE.2020.143.21.51.44,URE,2020.143.21.51.44,earthquake,2971.0,4494.0,29.71,44.94,3,3,0.8213,0.5807,16.59,19.15,6.945000171661377,-76.21900177001953,0.0,1.9,7.751667,-75.532667,251.0,117.05,220.39
URE.2020.144.10.26.54,URE,2020.144.10.26.54,earthquake,2832.0,4483.0,28.32,44.83,3,3,0.8535,0.5509,6.19,12.04,7.640999794006348,-74.30000305175781,4.34,1.6,7.751667,-75.532667,251.0,136.54,95.06
URE.2020.144.13.51.53,URE,2020.144.13.51.53,earthquake,3245,,32.45,,3,0,0.6046,0.0,9.26,,6.857999801635742,-76.1510009765625,2.71,1.8,7.751667,-75.532667,251.0,120.12,214.68
URE.2020.144.14.39.23,URE,2020.144.14.39.23,earthquake,5582,7747.0,55.82,77.47,3,3,0.6966,0.4525,6.6,10.39,6.814000129699707,-76.23500061035156,-0.11,1.8,7.751667,-75.532667,251.0,129.49,216.84
URE.2020.144.15.01.30,URE,2020.144.15.01.30,earthquake,2878,5088.0,28.78,50.88,3,3,0.8803,0.345,6.07,10.39,6.864999771118164,-76.9010009765625,2.44,2.3,7.751667,-75.532667,251.0,180.12,237.11
URE.2020.146.06.45.28,URE,2020.146.06.45.28,earthquake,2986,4044.0,29.86,40.44,4,4,0.8283,0.4202,21.94,12.91,7.35699987411499,-76.00499725341797,0.0,2.2,7.751667,-75.532667,251.0,67.99,230.09
URE.2020.146.16.49.32,URE,2020.146.16.49.32,earthquake,2972,,29.72,,3,0,0.9222,0.0,33.57,,6.0269999504089355,-76.41400146484375,4.41,3.4,7.751667,-75.532667,251.0,214.16,207.11
URE.2020.146.22.16.38,URE,2020.146.22.16.38,earthquake,2953,5071.0,29.53,50.71,3,3,0.9012,0.5203,15.42,10.33,6.723999977111816,-76.6500015258789,4.08,2.2,7.751667,-75.532667,251.0,167.76,227.43
URE.2020.148.08.43.53,URE,2020.148.08.43.53,earthquake,2697,4383.0,26.97,43.83,3,3,0.6334,0.6557,15.85,14.56,6.901000022888184,-76.21199798583984,4.34,2.2,7.751667,-75.532667,251.0,120.32,218.61
URE.2020.150.02.28.37,URE,2020.150.02.28.37,earthquake,2903,4174.0,29.03,41.74,3,3,0.7376,0.4771,11.75,9.95,7.09499979019165,-76.10399627685547,33.99,2.0,7.751667,-75.532667,251.0,96.19,221.01
URE.2020.150.10.45.09,URE,2020.150.10.45.09,earthquake,2817,4442.0,28.17,44.42,4,4,0.6552,0.3749,19.54,16.59,7.0229997634887695,-76.36299896240234,1.77,2.6,7.751667,-75.532667,251.0,122.05,228.74
URE.2020.150.11.34.14,URE,2020.150.11.34.14,earthquake,2800,4407.0,28.0,44.07,3,3,0.8001,0.5687,18.31,15.72,6.940000057220459,-76.1709976196289,-0.02,2.6,7.751667,-75.532667,251.0,114.13,218.18
URE.2020.150.11.47.25,URE,2020.150.11.47.25,earthquake,2885,10808.0,28.85,108.08,4,2,0.7775,0.4167,19.4,11.11,6.984000205993652,-76.31300354003906,0.01,2.4,7.751667,-75.532667,251.0,120.96,225.47
URE.2020.150.12.05.31,URE,2020.150.12.05.31,earthquake,2812,4184.0,28.12,41.84,4,4,0.6512,0.433,16.12,11.26,7.076000213623047,-74.68699645996094,4.38,2.3,7.751667,-75.532667,251.0,119.58,128.62
URE.2020.150.18.21.50,URE,2020.150.18.21.50,earthquake,2994,4593.0,29.94,45.93,3,3,0.8983,0.4363,11.72,18.35,6.953999996185303,-76.19000244140625,0.0,1.8,7.751667,-75.532667,251.0,114.23,219.49
URE.2020.151.07.51.24,URE,2020.151.07.51.24,earthquake,2970,4953.0,29.7,49.53,3,3,0.6927,0.4159,0.66,8.31,6.702000141143799,-76.71900177001953,20.0,1.8,7.751667,-75.532667,251.0,175.05,228.53
URE.2020.153.16.34.46,URE,2020.153.16.34.46,earthquake,2916,4322.0,29.16,43.22,4,4,0.726,0.5859,10.39,15.94,7.633999824523926,-74.51699829101562,14.82,1.6,7.751667,-75.532667,251.0,112.81,96.56
URE.2020.153.18.54.00,URE,2020.153.18.54.00,earthquake,2870,3887.0,28.7,38.87,4,4,0.7837,0.5024,16.04,16.61,7.120999813079834,-75.86199951171875,0.5,1.6,7.751667,-75.532667,251.0,78.65,207.55
URE.2020.154.08.28.57,URE,2020.154.08.28.57,earthquake,2897,4412.0,28.97,44.12,4,4,0.7707,0.4382,6.72,12.93,6.960999965667725,-76.31400299072266,27.53,1.7,7.751667,-75.532667,251.0,122.83,224.66
URE.2020.156.07.51.24,URE,2020.156.07.51.24,earthquake,2874,4492.0,28.74,44.92,3,2,0.7726,0.6553,1.06,23.54,6.809999942779541,-76.09400177001953,0.0,1.6,7.751667,-75.532667,251.0,121.19,210.8
URE.2020.157.05.22.20,URE,2020.157.05.22.20,earthquake,2942,4454.0,29.42,44.54,4,4,0.7068,0.5448,9.04,16.91,6.949999809265137,-76.38899993896484,9.66,2.0,7.751667,-75.532667,251.0,129.61,226.9
URE.2020.158.08.05.05,URE,2020.158.08.05.05,earthquake,3226,4860.0,32.26,48.6,3,2,0.7305,0.3421,2.32,3.97,6.85099983215332,-76.35099792480469,35.2,1.5,7.751667,-75.532667,251.0,134.49,222.27
URE.2020.158.09.26.39,URE,2020.158.09.26.39,earthquake,2659,4344.0,26.59,43.44,3,3,0.4814,0.6686,13.81,13.4,6.9019999504089355,-76.2509994506836,0.01,2.3,7.751667,-75.532667,251.0,122.97,220.21
URE.2020.159.00.54.45,URE,2020.159.00.54.45,earthquake,2980,4588.0,29.8,45.88,4,3,0.7375,0.5419,10.8,19.94,6.827000141143799,-76.1510009765625,0.01,1.9,7.751667,-75.532667,251.0,122.96,213.77
URE.2020.159.00.58.24,URE,2020.159.00.58.24,earthquake,2800,4404.0,28.0,44.04,3,3,0.8861,0.6101,7.88,18.96,6.809999942779541,-76.16400146484375,4.36,1.7,7.751667,-75.532667,251.0,125.32,213.84
URE.2020.160.09.58.15,URE,2020.160.09.58.15,earthquake,2865,,28.65,,4,0,0.6525,0.0,11.35,,6.807000160217285,-76.09500122070312,0.0,1.8,7.751667,-75.532667,251.0,121.53,210.76
URE.2020.161.09.53.36,URE,2020.161.09.53.36,earthquake,,5223.0,,52.23,0,2,0.0,0.5059,-0.82,9.03,6.520999908447266,-76.84100341796875,5.19,1.8,7.751667,-75.532667,251.0,198.52,226.8
URE.2020.162.18.07.49,URE,2020.162.18.07.49,earthquake,2873.0,4056.0,28.73,40.56,4,4,0.8453,0.5357,30.75,19.88,7.583000183105469,-74.73100280761719,14.13,2.4,7.751667,-75.532667,251.0,90.39,101.86
URE.2020.163.03.38.05,URE,2020.163.03.38.05,earthquake,2913.0,,29.13,,3,0,0.8191,0.0,7.7,,5.604000091552734,-75.83300018310547,28.59,2.2,7.751667,-75.532667,251.0,239.82,187.98
URE.2020.164.05.51.31,URE,2020.164.05.51.31,earthquake,2825.0,4435.0,28.25,44.35,4,4,0.679,0.4126,2.97,11.29,6.894000053405762,-76.20800018310547,1.16,1.7,7.751667,-75.532667,251.0,120.65,218.22
URE.2020.165.05.32.01,URE,2020.165.05.32.01,earthquake,2902.0,5157.0,29.02,51.57,3,3,0.9098,0.4667,20.32,11.98,7.203000068664551,-77.2249984741211,21.86,3.0,7.751667,-75.532667,251.0,196.41,252.12
URE.2020.166.20.36.36,URE,2020.166.20.36.36,earthquake,2886.0,,28.86,,3,0,0.8196,0.0,3.26,,6.513999938964844,-73.48999786376953,9.76,2.0,7.751667,-75.532667,251.0,263.91,121.11
URE.2020.169.00.41.24,URE,2020.169.00.41.24,earthquake,2903.0,,29.03,,4,0,0.8279,0.0,13.57,,7.242000102996826,-76.16600036621094,-0.01,1.7,7.751667,-75.532667,251.0,89.8,231.16
URE.2020.169.14.34.15,URE,2020.169.14.34.15,earthquake,2876.0,4228.0,28.76,42.28,4,2,0.7805,0.3345,9.49,11.59,7.239999771118164,-76.16100311279297,-0.02,1.5,7.751667,-75.532667,251.0,89.51,230.83
URE.2020.169.22.44.11,URE,2020.169.22.44.11,earthquake,2853.0,14078.0,28.53,140.78,3,2,0.8709,0.4529,3.26,7.31,7.232999801635742,-76.15899658203125,-0.22,1.5,7.751667,-75.532667,251.0,89.83,230.36
URE.2020.169.23.39.23,URE,2020.169.23.39.23,earthquake,2821.0,,28.21,,4,0,0.8018,0.0,18.13,,7.241000175476074,-76.16500091552734,0.02,2.0,7.751667,-75.532667,251.0,89.78,231.06
URE.2020.171.15.54.15,URE,2020.171.15.54.15,earthquake,3525.0,4539.0,35.25,45.39,3,2,0.8854,0.601,6.27,4.66,7.232999801635742,-76.52799987792969,20.53,1.6,7.751667,-75.532667,251.0,123.93,242.5
URE.2020.171.23.10.14,URE,2020.171.23.10.14,earthquake,2903.0,4265.0,29.03,42.65,3,2,0.8139,0.3266,12.68,15.52,7.229000091552734,-76.2770004272461,-0.01,1.6,7.751667,-75.532667,251.0,100.45,234.92
URE.2020.173.18.40.21,URE,2020.173.18.40.21,earthquake,2617.0,4280.0,26.17,42.8,3,3,0.5777,0.6001,9.31,13.38,7.085999965667725,-76.10800170898438,0.06,1.7,7.751667,-75.532667,251.0,97.23,220.82
URE.2020.173.19.47.14,URE,2020.173.19.47.14,earthquake,2876.0,4014.0,28.76,40.14,3,4,0.8789,0.3663,2.02,8.39,7.123000144958496,-75.96499633789062,15.19,1.6,7.751667,-75.532667,251.0,84.33,214.49
URE.2020.174.01.11.17,URE,2020.174.01.11.17,earthquake,2863.0,3900.0,28.63,39.0,3,2,0.5924,0.1842,10.23,4.35,7.293000221252441,-76.11699676513672,6.62,2.3,7.751667,-75.532667,251.0,82.05,231.85
URE.2020.174.19.39.28,URE,2020.174.19.39.28,earthquake,3034.0,4636.0,30.34,46.36,4,4,0.6118,0.4268,9.84,11.47,6.914999961853027,-76.24199676513672,-0.04,1.5,7.751667,-75.532667,251.0,121.23,220.29
URE.2020.177.00.02.12,URE,2020.177.00.02.12,earthquake,2938.0,4995.0,29.38,49.95,3,2,0.8561,0.287,11.25,16.47,6.302000045776367,-76.12899780273438,17.99,2.4,7.751667,-75.532667,251.0,173.33,202.38
URE.2020.177.12.19.38,URE,2020.177.12.19.38,earthquake,2975.0,5275.0,29.75,52.75,3,2,0.6296,0.4456,6.73,18.93,7.072000026702881,-77.11199951171875,13.27,2.7,7.751667,-75.532667,251.0,189.86,246.78
URE.2020.177.23.50.15,URE,2020.177.23.50.15,earthquake,2905.0,4244.0,29.05,42.44,4,4,0.8161,0.5225,7.79,16.52,7.177999973297119,-76.23699951171875,-0.03,1.7,7.751667,-75.532667,251.0,100.35,230.83
URE.2020.178.22.11.34,URE,2020.178.22.11.34,earthquake,2990.0,4573.0,29.9,45.73,3,2,0.7622,0.7306,8.69,13.81,6.822999954223633,-76.22799682617188,-0.03,2.0,7.751667,-75.532667,251.0,128.23,216.83
URE.2020.178.22.47.50,URE,2020.178.22.47.50,earthquake,2761.0,4419.0,27.61,44.19,3,2,0.8828,0.4675,30.26,13.1,6.821000099182129,-76.26399993896484,5.99,3.2,7.751667,-75.532667,251.0,130.83,218.17
URE.2020.178.23.19.53,URE,2020.178.23.19.53,earthquake,7527.0,8689.0,75.27,86.89,3,3,0.3968,0.35,1.45,8.2,6.886000156402588,-76.12100219726562,-0.09,1.5,7.751667,-75.532667,251.0,115.7,214.2
URE.2020.179.01.28.17,URE,2020.179.01.28.17,earthquake,2893.0,4504.0,28.93,45.04,3,2,0.6887,0.417,11.87,16.41,6.806000232696533,-76.20600128173828,0.0,2.0,7.751667,-75.532667,251.0,128.32,215.45
URE.2020.179.01.30.50,URE,2020.179.01.30.50,earthquake,2887.0,,28.87,,3,0,0.7431,0.0,10.63,,6.833000183105469,-76.24199676513672,0.0,2.2,7.751667,-75.532667,251.0,128.29,217.68
URE.2020.179.01.41.11,URE,2020.179.01.41.11,earthquake,2931,4548.0,29.31,45.48,4,3,0.6932,0.4176,3.8,11.07,6.84499979019165,-76.22000122070312,-0.01,1.8,7.751667,-75.532667,251.0,125.76,217.17
URE.2020.179.02.13.45,URE,2020.179.02.13.45,earthquake,3013,,30.13,,3,0,0.8084,0.0,13.42,,6.552999973297119,-73.14199829101562,3.08,3.1,7.751667,-75.532667,251.0,295.47,116.5
URE.2020.179.02.32.01,URE,2020.179.02.32.01,earthquake,2967,,29.67,,3,0,0.5627,0.0,1.23,,6.815999984741211,-76.18800354003906,-0.01,1.6,7.751667,-75.532667,251.0,126.27,215.01
URE.2020.181.03.40.27,URE,2020.181.03.40.27,earthquake,3000,,30.0,,3,0,0.9034,0.0,8.79,,6.579999923706055,-73.80899810791016,18.08,2.3,7.751667,-75.532667,251.0,230.3,124.13
URE.2020.181.04.01.08,URE,2020.181.04.01.08,earthquake,2922,4339.0,29.22,43.39,3,3,0.6532,0.6165,4.03,10.99,7.159999847412109,-76.33200073242188,-0.06,1.8,7.751667,-75.532667,251.0,109.85,233.49
URE.2020.181.04.20.53,URE,2020.181.04.20.53,earthquake,2939,4737.0,29.39,47.37,3,2,0.8337,0.3114,2.76,8.75,7.229000091552734,-76.85700225830078,22.75,1.5,7.751667,-75.532667,251.0,157.19,248.51
URE.2020.182.09.32.50,URE,2020.182.09.32.50,earthquake,2923,4992.0,29.23,49.92,3,4,0.6384,0.6422,4.01,4.37,6.2179999351501465,-75.91899871826172,22.75,1.7,7.751667,-75.532667,251.0,174.9,194.15
URE.2020.183.15.44.44,URE,2020.183.15.44.44,earthquake,2861,3795.0,28.61,37.95,4,4,0.8511,0.7052,47.58,17.45,7.36299991607666,-75.03500366210938,8.69,3.5,7.751667,-75.532667,251.0,69.74,128.02
URE.2020.183.20.10.23,URE,2020.183.20.10.23,earthquake,2952,,29.52,,3,0,0.7579,0.0,12.32,,6.86899995803833,-76.29299926757812,0.2,2.5,7.751667,-75.532667,251.0,128.75,220.75
URE.2020.184.10.27.20,URE,2020.184.10.27.20,earthquake,2900,4398.0,29.0,43.98,4,2,0.7421,0.596,7.36,11.24,7.007999897003174,-74.77899932861328,23.91,1.5,7.751667,-75.532667,251.0,116.99,134.62
URE.2020.186.03.18.36,URE,2020.186.03.18.36,earthquake,2760,11235.0,27.6,112.35,4,2,0.6744,0.612,11.67,8.55,6.861999988555908,-76.23300170898438,2.84,2.5,7.751667,-75.532667,251.0,125.14,218.21
URE.2020.186.03.19.42,URE,2020.186.03.19.42,earthquake,2861,4553.0,28.61,45.53,3,2,0.7685,0.5662,10.45,9.79,6.836999893188477,-76.13600158691406,0.0,2.2,7.751667,-75.532667,251.0,121.12,213.41
URE.2020.186.03.26.19,URE,2020.186.03.26.19,earthquake,2843,4475.0,28.43,44.75,4,3,0.7327,0.4082,1.14,7.24,6.795000076293945,-76.05000305175781,-0.02,1.8,7.751667,-75.532667,251.0,120.24,208.4
URE.2020.186.03.32.53,URE,2020.186.03.32.53,earthquake,2910,4575.0,29.1,45.75,3,2,0.4158,0.6119,2.17,9.01,6.813000202178955,-76.12699890136719,0.0,2.0,7.751667,-75.532667,251.0,122.82,212.34
URE.2020.186.03.59.07,URE,2020.186.03.59.07,earthquake,2951,13711.0,29.51,137.11,3,3,0.668,0.3874,7.11,7.18,6.85099983215332,-76.18800354003906,0.36,1.8,7.751667,-75.532667,251.0,123.12,216.04
URE.2020.186.09.24.06,URE,2020.186.09.24.06,earthquake,3957,4831.0,39.57,48.31,4,4,0.8244,0.496,12.95,5.98,5.656000137329102,-76.5260009765625,23.98,1.7,7.751667,-75.532667,251.0,256.46,205.42
URE.2020.186.15.52.44,URE,2020.186.15.52.44,earthquake,2991,4584.0,29.91,45.84,3,3,0.6904,0.299,5.04,13.36,6.918000221252441,-76.21800231933594,0.0,1.5,7.751667,-75.532667,251.0,119.27,219.42
URE.2020.187.00.10.23,URE,2020.187.00.10.23,earthquake,2990,5040.0,29.9,50.4,3,2,0.8687,0.7199,1.39,13.08,7.2170000076293945,-73.93099975585938,23.63,2.1,7.751667,-75.532667,251.0,186.41,108.39
URE.2020.189.06.13.15,URE,2020.189.06.13.15,earthquake,2764,4404.0,27.64,44.04,3,4,0.7606,0.3791,13.2,14.5,6.7779998779296875,-76.15799713134766,0.0,2.1,7.751667,-75.532667,251.0,127.92,212.71
URE.2020.190.07.35.39,URE,2020.190.07.35.39,earthquake,2787,3842.0,27.87,38.42,4,3,0.7307,0.6141,14.34,10.47,7.077000141143799,-75.30500030517578,3.72,1.8,7.751667,-75.532667,251.0,78.73,161.37
URE.2020.190.14.24.47,URE,2020.190.14.24.47,earthquake,2992,4639.0,29.92,46.39,3,2,0.8528,0.3866,2.38,8.62,6.922999858856201,-76.24500274658203,0.04,1.5,7.751667,-75.532667,251.0,120.77,220.68
URE.2020.190.18.55.55,URE,2020.190.18.55.55,earthquake,3025,4646.0,30.25,46.46,4,4,0.7415,0.3979,5.58,12.96,6.910999774932861,-76.20600128173828,0.08,1.5,7.751667,-75.532667,251.0,119.04,218.69
URE.2020.190.19.39.48,URE,2020.190.19.39.48,earthquake,3017,4604.0,30.17,46.04,3,4,0.654,0.4317,1.95,15.66,6.932000160217285,-76.19999694824219,-0.11,1.5,7.751667,-75.532667,251.0,116.82,219.15
URE.2020.191.00.19.35,URE,2020.191.00.19.35,earthquake,2843,,28.43,,3,0,0.728,0.0,0.9,,6.8379998207092285,-76.58899688720703,0.01,1.7,7.751667,-75.532667,251.0,154.32,229.17
URE.2020.191.01.29.22,URE,2020.191.01.29.22,earthquake,2913,4577.0,29.13,45.77,4,4,0.7474,0.4373,6.32,13.04,6.89300012588501,-76.21399688720703,0.11,1.5,7.751667,-75.532667,251.0,121.15,218.43
URE.2020.191.04.04.53,URE,2020.191.04.04.53,earthquake,2796,11874.0,27.96,118.74,3,3,0.7615,0.3613,25.87,10.15,6.906000137329102,-76.16799926757812,0.0,2.5,7.751667,-75.532667,251.0,116.91,216.91
URE.2020.191.04.06.52,URE,2020.191.04.06.52,earthquake,2933,4517.0,29.33,45.17,4,3,0.6102,0.4495,18.33,19.63,6.940000057220459,-76.23500061035156,0.19,2.1,7.751667,-75.532667,251.0,118.62,220.87
URE.2020.191.12.57.44,URE,2020.191.12.57.44,earthquake,10916.0,12545.0,109.16,125.45,3,3,0.8405,0.5155,3.33,18.83,6.90500020980835,-76.23999786376953,0.0,2.7,7.751667,-75.532667,251.0,121.93,219.88
URE.2020.191.19.06.06,URE,2020.191.19.06.06,earthquake,3008.0,4629.0,30.08,46.29,3,2,0.6849,0.2842,4.58,14.77,6.913000106811523,-76.30500030517578,-0.1,1.5,7.751667,-75.532667,251.0,125.99,222.65
URE.2020.192.10.46.56,URE,2020.192.10.46.56,earthquake,2737.0,4346.0,27.37,43.46,3,4,0.7122,0.5055,14.49,16.48,6.839000225067139,-76.15899658203125,0.0,2.6,7.751667,-75.532667,251.0,122.36,214.46
URE.2020.192.20.58.58,URE,2020.192.20.58.58,earthquake,2983.0,4591.0,29.83,45.91,4,2,0.6844,0.5035,6.91,9.88,6.824999809265137,-76.16200256347656,-0.09,1.6,7.751667,-75.532667,251.0,123.82,214.18
URE.2020.192.21.12.10,URE,2020.192.21.12.10,earthquake,2876.0,4881.0,28.76,48.81,3,3,0.8114,0.5492,12.9,12.52,6.781000137329102,-76.57099914550781,0.0,1.9,7.751667,-75.532667,251.0,157.07,226.95
URE.2020.193.08.55.31,URE,2020.193.08.55.31,earthquake,,4177.0,,41.77,0,4,0.0,0.4297,-1.06,9.28,7.309000015258789,-74.68199920654297,13.53,1.5,7.751667,-75.532667,251.0,105.88,117.48
URE.2020.193.14.25.10,URE,2020.193.14.25.10,earthquake,2795.0,4023.0,27.95,40.23,4,4,0.8972,0.6095,14.5,12.48,7.3979997634887695,-74.62300109863281,4.34,1.7,7.751667,-75.532667,251.0,107.74,111.23
URE.2020.194.03.41.12,URE,2020.194.03.41.12,earthquake,3025.0,4711.0,30.25,47.11,3,2,0.8576,0.6385,1.1,10.48,6.88100004196167,-76.2020034790039,0.09,1.6,7.751667,-75.532667,251.0,121.38,217.55
URE.2020.194.05.02.56,URE,2020.194.05.02.56,earthquake,2854.0,4475.0,28.54,44.75,3,3,0.7238,0.4878,18.79,12.95,6.908999919891357,-76.12200164794922,0.03,2.0,7.751667,-75.532667,251.0,113.66,214.96
URE.2020.194.05.06.50,URE,2020.194.05.06.50,earthquake,,10921.0,,109.21,0,3,0.0,0.1688,-0.97,14.29,6.7170000076293945,-74.3550033569336,20.43,1.6,7.751667,-75.532667,251.0,173.23,131.27
URE.2020.194.15.40.32,URE,2020.194.15.40.32,earthquake,2907.0,4507.0,29.07,45.07,4,4,0.4785,0.4141,10.83,14.98,6.888000011444092,-76.19000244140625,0.0,1.9,7.751667,-75.532667,251.0,119.96,217.27
URE.2020.194.22.34.50,URE,2020.194.22.34.50,earthquake,2980.0,,29.8,,3,0,0.8062,0.0,5.29,,6.817999839782715,-76.20600128173828,-0.01,1.6,7.751667,-75.532667,251.0,127.24,215.8
URE.2020.195.00.28.00,URE,2020.195.00.28.00,earthquake,7958.0,,79.58,,3,0,0.563,0.0,3.47,,6.914000034332275,-76.23600006103516,-0.2,1.5,7.751667,-75.532667,251.0,120.88,220.02
URE.2020.195.00.31.25,URE,2020.195.00.31.25,earthquake,2973.0,4544.0,29.73,45.44,3,3,0.8331,0.4082,9.35,16.36,6.89900016784668,-76.1989974975586,0.11,1.9,7.751667,-75.532667,251.0,119.6,218.01
URE.2020.195.18.30.21,URE,2020.195.18.30.21,earthquake,2955.0,4271.0,29.55,42.71,4,4,0.6816,0.4271,16.24,14.22,7.104000091552734,-76.08000183105469,-0.01,1.8,7.751667,-75.532667,251.0,93.71,220.19
URE.2020.195.21.31.32,URE,2020.195.21.31.32,earthquake,2807.0,4034.0,28.07,40.34,3,4,0.8714,0.3995,2.52,14.12,7.099999904632568,-76.10800170898438,6.6,1.5,7.751667,-75.532667,251.0,96.06,221.43
URE.2020.196.14.53.07,URE,2020.196.14.53.07,earthquake,2998.0,4570.0,29.98,45.7,3,4,0.8698,0.3957,4.17,12.24,6.934999942779541,-76.21600341796875,0.04,1.5,7.751667,-75.532667,251.0,117.68,219.92
URE.2020.196.22.40.39,URE,2020.196.22.40.39,earthquake,2862.0,4082.0,28.62,40.82,4,4,0.8514,0.6022,13.39,19.55,7.099999904632568,-76.0260009765625,23.42,1.6,7.751667,-75.532667,251.0,90.33,217.11
URE.2020.197.05.42.12,URE,2020.197.05.42.12,earthquake,2997.0,5443.0,29.97,54.43,3,2,0.8088,0.5965,6.77,6.98,5.8979997634887695,-76.1520004272461,34.0,2.6,7.751667,-75.532667,251.0,216.12,198.5
URE.2020.197.05.43.41,URE,2020.197.05.43.41,earthquake,3150.0,6342.0,31.5,63.42,3,2,0.7732,0.3151,1.42,9.83,6.6020002365112305,-73.33699798583984,1.4,2.4,7.751667,-75.532667,251.0,273.82,117.53
URE.2020.197.06.48.09,URE,2020.197.06.48.09,earthquake,3019.0,,30.19,,3,0,0.7012,0.0,2.18,,7.684000015258789,-73.72000122070312,36.51,1.6,7.751667,-75.532667,251.0,200.11,92.02
URE.2020.199.21.26.48,URE,2020.199.21.26.48,earthquake,2823.0,,28.23,,3,0,0.5891,0.0,6.74,,7.078000068664551,-76.8010025024414,20.84,1.7,7.751667,-75.532667,251.0,158.6,242.07
URE.2020.200.05.26.10,URE,2020.200.05.26.10,earthquake,2806.0,4347.0,28.06,43.47,4,3,0.7863,0.3812,14.24,16.25,6.888000011444092,-76.23100280761719,4.86,1.9,7.751667,-75.532667,251.0,122.75,218.96
URE.2020.200.05.59.30,URE,2020.200.05.59.30,earthquake,2999.0,5078.0,29.99,50.78,3,4,0.6324,0.5048,2.71,11.97,7.164000034332275,-73.9469985961914,20.8,1.6,7.751667,-75.532667,251.0,186.71,110.27
URE.2020.203.08.31.34,URE,2020.203.08.31.34,earthquake,2915.0,4464.0,29.15,44.64,4,3,0.4853,0.5979,10.52,13.6,6.952000141143799,-76.24199676513672,0.0,1.7,7.751667,-75.532667,251.0,118.13,221.57
URE.2020.203.09.33.53,URE,2020.203.09.33.53,earthquake,2840.0,4476.0,28.4,44.76,3,3,0.8878,0.6177,27.66,15.72,6.940999984741211,-76.28199768066406,0.0,3.0,7.751667,-75.532667,251.0,121.99,222.75
URE.2020.203.09.34.51,URE,2020.203.09.34.51,earthquake,2819.0,4400.0,28.19,44.0,3,2,0.6479,0.5788,19.41,16.66,6.919000148773193,-76.23600006103516,0.0,2.7,7.751667,-75.532667,251.0,120.46,220.19
URE.2020.203.09.54.27,URE,2020.203.09.54.27,earthquake,2880.0,4505.0,28.8,45.05,3,3,0.7186,0.5809,22.24,16.09,7.013999938964844,-76.30400085449219,11.23,2.4,7.751667,-75.532667,251.0,117.93,226.28
URE.2020.203.09.59.44,URE,2020.203.09.59.44,earthquake,2888.0,4422.0,28.88,44.22,3,4,0.7955,0.5365,6.42,10.51,6.979000091552734,-76.38400268554688,7.65,1.7,7.751667,-75.532667,251.0,127.03,227.78
URE.2020.203.10.08.05,URE,2020.203.10.08.05,earthquake,2901.0,13055.0,29.01,130.55,4,4,0.5759,0.5986,23.56,11.53,6.946000099182129,-76.23899841308594,0.0,2.2,7.751667,-75.532667,251.0,118.41,221.24
URE.2020.203.11.53.47,URE,2020.203.11.53.47,earthquake,3016.0,6573.0,30.16,65.73,3,2,0.867,0.4137,19.41,6.75,5.10699987411499,-76.19599914550781,28.34,3.1,7.751667,-75.532667,251.0,301.53,194.12
URE.2020.203.14.14.43,URE,2020.203.14.14.43,earthquake,2958.0,4498.0,29.58,44.98,3,4,0.8224,0.442,9.66,12.34,6.9730000495910645,-76.27100372314453,-0.22,1.7,7.751667,-75.532667,251.0,118.58,223.48
URE.2020.203.14.39.42,URE,2020.203.14.39.42,earthquake,2973.0,4494.0,29.73,44.94,3,4,0.8303,0.5704,6.38,5.82,6.948999881744385,-76.26799774169922,0.05,1.8,7.751667,-75.532667,251.0,120.3,222.49
URE.2020.204.06.27.26,URE,2020.204.06.27.26,earthquake,,4373.0,,43.73,0,2,0.0,0.3601,-6.82,0.43,6.956999778747559,-76.33799743652344,10.72,2.9,7.751667,-75.532667,251.0,125.02,225.39
URE.2020.204.14.22.42,URE,2020.204.14.22.42,earthquake,2955.0,4457.0,29.55,44.57,3,4,0.8479,0.4077,8.58,13.34,6.956999778747559,-76.22599792480469,-0.2,1.7,7.751667,-75.532667,251.0,116.55,221.1
URE.2020.204.20.16.47,URE,2020.204.20.16.47,earthquake,2951.0,4879.0,29.51,48.79,3,3,0.79,0.4487,14.98,9.98,6.750999927520752,-76.31900024414062,5.17,1.6,7.751667,-75.532667,251.0,140.67,218.17
URE.2020.205.10.35.08,URE,2020.205.10.35.08,earthquake,2924.0,4467.0,29.24,44.67,3,4,0.7146,0.524,12.84,13.92,6.89300012588501,-76.10700225830078,0.0,1.7,7.751667,-75.532667,251.0,114.19,213.77
URE.2020.205.11.11.22,URE,2020.205.11.11.22,earthquake,3142.0,5218.0,31.42,52.18,3,2,0.6696,0.2048,5.94,11.08,7.093999862670898,-76.99800109863281,15.07,2.2,7.751667,-75.532667,251.0,177.36,245.89
URE.2020.205.13.48.36,URE,2020.205.13.48.36,earthquake,2958.0,4463.0,29.58,44.63,3,2,0.9107,0.5178,6.16,16.79,6.870999813079834,-76.2040023803711,0.66,1.5,7.751667,-75.532667,251.0,122.4,217.32
URE.2020.206.00.28.41,URE,2020.206.00.28.41,earthquake,2957.0,4499.0,29.57,44.99,4,4,0.6645,0.4104,10.45,13.9,6.960999965667725,-76.21299743652344,0.0,1.9,7.751667,-75.532667,251.0,115.27,220.71
URE.2020.206.01.04.07,URE,2020.206.01.04.07,earthquake,2952.0,4506.0,29.52,45.06,4,4,0.6582,0.4197,8.47,17.16,6.979000091552734,-76.24500274658203,14.8,1.4,7.751667,-75.532667,251.0,116.13,222.67
URE.2020.206.14.34.03,URE,2020.206.14.34.03,earthquake,2865.0,4400.0,28.65,44.0,3,3,0.8347,0.651,9.45,16.41,6.909999847412109,-76.1969985961914,0.05,2.0,7.751667,-75.532667,251.0,118.51,218.28
URE.2020.206.15.04.38,URE,2020.206.15.04.38,earthquake,772.0,2385.0,7.72,23.85,4,4,0.6393,0.3447,21.44,14.08,6.939000129699707,-76.21700286865234,-0.13,1.9,7.751667,-75.532667,251.0,117.42,220.1
URE.2020.206.15.25.22,URE,2020.206.15.25.22,earthquake,3015.0,4551.0,30.15,45.51,3,4,0.7797,0.5621,8.55,14.47,6.942999839782715,-76.21800231933594,-0.22,1.6,7.751667,-75.532667,251.0,117.15,220.28
URE.2020.206.15.42.06,URE,2020.206.15.42.06,earthquake,3043.0,4578.0,30.43,45.78,3,4,0.9049,0.4881,7.55,16.15,6.939000129699707,-76.24199676513672,-0.11,1.5,7.751667,-75.532667,251.0,119.21,221.12
URE.2020.206.17.36.52,URE,2020.206.17.36.52,earthquake,2964.0,,29.64,,3,0,0.7351,0.0,13.04,,6.953999996185303,-76.23899841308594,-0.04,1.7,7.751667,-75.532667,251.0,117.74,221.52
URE.2020.206.17.53.14,URE,2020.206.17.53.14,earthquake,2975.0,4514.0,29.75,45.14,3,4,0.8312,0.5964,5.65,13.98,6.941999912261963,-76.21900177001953,-0.2,1.5,7.751667,-75.532667,251.0,117.3,220.29
URE.2020.206.19.39.27,URE,2020.206.19.39.27,earthquake,2874.0,4446.0,28.74,44.46,4,3,0.6136,0.3498,4.2,14.15,6.946000099182129,-76.24600219726562,-0.12,1.6,7.751667,-75.532667,251.0,118.92,221.52
URE.2020.208.18.06.26,URE,2020.208.18.06.26,earthquake,2975.0,4280.0,29.75,42.8,3,4,0.5388,0.4231,5.99,12.31,7.059999942779541,-76.1240005493164,-0.11,1.5,7.751667,-75.532667,251.0,100.56,220.52
URE.2020.211.17.05.51,URE,2020.211.17.05.51,earthquake,2811.0,,28.11,,3,0,0.5687,0.0,5.23,,6.9039998054504395,-76.58699798583984,0.0,2.2,7.751667,-75.532667,251.0,149.47,231.22
URE.2020.212.11.50.17,URE,2020.212.11.50.17,earthquake,3001.0,5492.0,30.01,54.92,3,2,0.6836,0.3769,7.59,12.21,5.982999801635742,-76.45700073242188,14.94,2.1,7.751667,-75.532667,251.0,220.67,207.64
URE.2020.212.22.11.57,URE,2020.212.22.11.57,earthquake,2915.0,4309.0,29.15,43.09,3,4,0.7135,0.475,8.8,10.64,7.117000102996826,-76.37000274658203,5.17,1.5,7.751667,-75.532667,251.0,116.06,232.84
URE.2020.212.22.52.30,URE,2020.212.22.52.30,earthquake,2819,4218.0,28.19,42.18,4,3,0.7943,0.6224,16.81,13.93,7.072000026702881,-76.16999816894531,7.25,2.0,7.751667,-75.532667,251.0,102.96,223.15
URE.2020.215.00.19.20,URE,2020.215.00.19.20,earthquake,2749,4132.0,27.49,41.32,3,4,0.8362,0.4343,28.6,17.97,7.0329999923706055,-76.22000122070312,7.43,2.3,7.751667,-75.532667,251.0,109.89,223.72
URE.2020.215.02.36.04,URE,2020.215.02.36.04,earthquake,2958,4981.0,29.58,49.81,3,3,0.8816,0.4004,12.9,9.32,6.639999866485596,-76.69499969482422,13.49,1.9,7.751667,-75.532667,251.0,177.75,226.31
URE.2020.215.03.44.33,URE,2020.215.03.44.33,earthquake,2904,5810.0,29.04,58.1,3,2,0.6647,0.3709,3.54,6.49,6.5229997634887695,-73.5459976196289,12.03,1.7,7.751667,-75.532667,251.0,258.11,121.64
URE.2020.215.06.28.18,URE,2020.215.06.28.18,earthquake,2842,,28.42,,3,0,0.5852,0.0,5.18,,6.800000190734863,-76.20600128173828,0.85,1.6,7.751667,-75.532667,251.0,128.86,215.28
URE.2020.215.06.33.57,URE,2020.215.06.33.57,earthquake,2944,4060.0,29.44,40.6,4,4,0.7974,0.6084,10.74,14.67,7.433000087738037,-74.70600128173828,10.28,1.6,7.751667,-75.532667,251.0,97.79,111.07
URE.2020.215.09.04.27,URE,2020.215.09.04.27,earthquake,2908,,29.08,,3,0,0.6616,0.0,7.32,,6.348999977111816,-76.76599884033203,19.67,1.9,7.751667,-75.532667,251.0,206.47,221.37
URE.2020.216.23.45.39,URE,2020.216.23.45.39,earthquake,3019,4165.0,30.19,41.65,4,4,0.9031,0.3924,15.93,13.62,7.079999923706055,-75.65299987792969,0.0,1.5,7.751667,-75.532667,251.0,75.46,190.15
URE.2020.217.07.59.34,URE,2020.217.07.59.34,earthquake,2890,5055.0,28.9,50.55,4,3,0.7387,0.5251,21.31,14.41,6.519999980926514,-76.61900329589844,2.57,2.6,7.751667,-75.532667,251.0,181.53,221.45
URE.2020.217.16.55.41,URE,2020.217.16.55.41,earthquake,2945,,29.45,,3,0,0.8489,0.0,13.94,,6.427999973297119,-76.71199798583984,3.73,2.6,7.751667,-75.532667,251.0,195.97,221.74
URE.2020.219.01.11.34,URE,2020.219.01.11.34,earthquake,2725,4690.0,27.25,46.9,3,4,0.9055,0.3621,20.15,10.77,7.446000099182129,-74.06700134277344,9.67,2.2,7.751667,-75.532667,251.0,165.23,101.71
URE.2020.219.21.07.42,URE,2020.219.21.07.42,earthquake,2849,4185.0,28.49,41.85,3,4,0.9324,0.4505,37.53,14.89,6.989999771118164,-76.08399963378906,24.58,3.0,7.751667,-75.532667,251.0,103.93,215.89
URE.2020.220.05.02.49,URE,2020.220.05.02.49,earthquake,2981,4111.0,29.81,41.11,3,4,0.485,0.4463,12.94,9.22,7.304999828338623,-76.0469970703125,0.0,1.7,7.751667,-75.532667,251.0,75.25,229.0
URE.2020.220.05.11.28,URE,2020.220.05.11.28,earthquake,2851,3996.0,28.51,39.96,4,3,0.8161,0.2864,12.69,13.38,7.072999954223633,-75.90499877929688,11.01,1.5,7.751667,-75.532667,251.0,85.57,208.73
URE.2020.220.14.07.25,URE,2020.220.14.07.25,earthquake,2947,4410.0,29.47,44.1,4,3,0.5858,0.2454,3.73,17.96,6.931000232696533,-76.13099670410156,-0.09,1.5,7.751667,-75.532667,251.0,112.26,216.09
URE.2020.220.20.43.50,URE,2020.220.20.43.50,earthquake,2956,4857.0,29.56,48.57,3,4,0.6229,0.4165,8.38,16.1,6.791999816894531,-76.23600006103516,4.52,1.7,7.751667,-75.532667,251.0,131.52,216.24
URE.2020.223.22.08.27,URE,2020.223.22.08.27,earthquake,2800,4139.0,28.0,41.39,3,3,0.6968,0.4521,12.13,19.18,7.111000061035156,-76.17500305175781,14.16,1.8,7.751667,-75.532667,251.0,100.24,225.06
URE.2020.224.07.28.05,URE,2020.224.07.28.05,earthquake,2924,5048.0,29.24,50.48,3,4,0.6071,0.5599,4.39,11.57,7.166999816894531,-73.94400024414062,18.81,2.1,7.751667,-75.532667,251.0,186.9,110.14
URE.2020.225.00.39.41,URE,2020.225.00.39.41,earthquake,2943,4554.0,29.43,45.54,4,2,0.753,0.7424,9.16,20.25,6.848999977111816,-76.1719970703125,-0.22,2.0,7.751667,-75.532667,251.0,122.27,215.31
URE.2020.226.07.58.39,URE,2020.226.07.58.39,earthquake,2618,4269.0,26.18,42.69,4,4,0.7705,0.4775,10.4,11.35,6.859000205993652,-74.58899688720703,24.14,1.7,7.751667,-75.532667,251.0,143.54,133.39
URE.2020.228.17.28.04,URE,2020.228.17.28.04,earthquake,2789,,27.89,,3,0,0.7671,0.0,8.2,,6.869999885559082,-76.572998046875,-0.01,1.9,7.751667,-75.532667,251.0,150.68,229.74
URE.2020.231.02.28.02,URE,2020.231.02.28.02,earthquake,3029,5262.0,30.29,52.62,3,3,0.9441,0.3684,12.53,5.37,6.510000228881836,-76.85700225830078,28.86,3.1,7.751667,-75.532667,251.0,200.64,226.9
URE.2020.231.16.33.55,URE,2020.231.16.33.55,earthquake,2875,3742.0,28.75,37.42,3,4,0.7468,0.7918,13.04,17.08,7.500999927520752,-75.08999633789062,29.92,1.9,7.751667,-75.532667,251.0,56.16,119.55
URE.2020.231.23.46.10,URE,2020.231.23.46.10,earthquake,2919,4341.0,29.19,43.41,3,4,0.8069,0.4247,3.64,10.53,7.301000118255615,-76.30699920654297,0.14,1.9,7.751667,-75.532667,251.0,98.93,239.8
URE.2020.232.12.01.34,URE,2020.232.12.01.34,earthquake,2954,4439.0,29.54,44.39,3,4,0.5622,0.4101,9.41,14.76,6.880000114440918,-76.11299896240234,0.0,2.0,7.751667,-75.532667,251.0,115.75,213.65
URE.2020.233.07.38.08,URE,2020.233.07.38.08,earthquake,2920,4524.0,29.2,45.24,4,4,0.7186,0.5418,5.45,17.56,6.776000022888184,-76.06700134277344,0.0,1.7,7.751667,-75.532667,251.0,122.98,208.71
URE.2020.235.08.46.44,URE,2020.235.08.46.44,earthquake,2812,4803.0,28.12,48.03,4,3,0.7738,0.6043,24.8,16.03,6.73199987411499,-76.64199829101562,-0.18,3.0,7.751667,-75.532667,251.0,166.51,227.44
URE.2020.235.09.38.25,URE,2020.235.09.38.25,earthquake,2878,4255.0,28.78,42.55,4,4,0.746,0.6858,17.63,15.15,7.14900016784668,-76.18299865722656,0.0,1.9,7.751667,-75.532667,251.0,97.96,227.17
URE.2020.235.15.14.57,URE,2020.235.15.14.57,earthquake,2910,4283.0,29.1,42.83,4,3,0.7834,0.6872,21.6,9.99,7.151000022888184,-76.16400146484375,-0.06,2.2,7.751667,-75.532667,251.0,96.28,226.41
URE.2020.235.19.03.58,URE,2020.235.19.03.58,earthquake,2805,4310.0,28.05,43.1,3,4,0.8178,0.4189,4.86,4.52,6.932000160217285,-76.19100189208984,8.11,1.6,7.751667,-75.532667,251.0,116.19,218.77
URE.2020.237.00.16.03,URE,2020.237.00.16.03,earthquake,2937,4304.0,29.37,43.04,4,3,0.634,0.4528,10.95,4.94,7.126999855041504,-76.29399871826172,17.78,1.5,7.751667,-75.532667,251.0,108.79,230.63
URE.2020.237.02.16.07,URE,2020.237.02.16.07,earthquake,2859,3647.0,28.59,36.47,4,4,0.906,0.839,30.34,14.09,7.479000091552734,-75.17400360107422,28.94,1.9,7.751667,-75.532667,251.0,49.76,127.28
URE.2020.237.02.42.22,URE,2020.237.02.42.22,earthquake,2801,3713.0,28.01,37.13,4,4,0.9084,0.6994,14.08,11.1,7.241000175476074,-75.0790023803711,3.38,1.6,7.751667,-75.532667,251.0,75.48,138.41
URE.2020.239.06.04.42,URE,2020.239.06.04.42,earthquake,2943,,29.43,,3,0,0.9189,0.0,4.71,,6.129000186920166,-76.78700256347656,4.71,1.9,7.751667,-75.532667,251.0,226.75,217.76
URE.2020.239.20.32.50,URE,2020.239.20.32.50,earthquake,2798,4290.0,27.98,42.9,4,4,0.7291,0.339,11.47,11.87,6.949999809265137,-76.2300033569336,1.7,1.6,7.751667,-75.532667,251.0,117.42,221.02
URE.2020.240.14.20.08,URE,2020.240.14.20.08,earthquake,2954,4553.0,29.54,45.53,3,4,0.7231,0.4468,9.06,23.19,6.810999870300293,-76.13200378417969,-0.11,2.0,7.751667,-75.532667,251.0,123.3,212.5
URE.2020.240.21.44.43,URE,2020.240.21.44.43,earthquake,2900,,29.0,,3,0,0.8131,0.0,11.99,,5.169000148773193,-75.82599639892578,15.99,2.5,7.751667,-75.532667,251.0,287.45,186.5
URE.2020.241.01.54.04,URE,2020.241.01.54.04,earthquake,2845,4139.0,28.45,41.39,4,4,0.795,0.4211,26.13,13.99,7.3470001220703125,-74.70700073242188,1.86,2.4,7.751667,-75.532667,251.0,101.52,116.1
URE.2020.241.20.22.16,URE,2020.241.20.22.16,earthquake,2890,4919.0,28.9,49.19,3,3,0.8222,0.5657,11.9,6.54,6.651000022888184,-76.71700286865234,8.67,2.1,7.751667,-75.532667,251.0,178.68,227.14
URE.2020.243.00.26.51,URE,2020.243.00.26.51,earthquake,2820,4832.0,28.2,48.32,4,3,0.7802,0.312,4.73,9.09,6.783999919891357,-76.67400360107422,3.25,2.4,7.751667,-75.532667,251.0,165.34,229.74
URE.2020.243.20.14.54,URE,2020.243.20.14.54,earthquake,3034,5221.0,30.34,52.21,3,2,0.603,0.3887,5.7,7.59,6.3480000495910645,-74.5250015258789,21.75,2.1,7.751667,-75.532667,251.0,191.03,144.29
URE.2020.243.21.05.00,URE,2020.243.21.05.00,earthquake,2975,4494.0,29.75,44.94,3,4,0.8068,0.3874,5.75,12.98,6.910999774932861,-76.28600311279297,0.2,1.7,7.751667,-75.532667,251.0,124.75,221.87
URE.2020.244.00.25.15,URE,2020.244.00.25.15,earthquake,2882,,28.82,,3,0,0.7167,0.0,1.65,,6.809999942779541,-76.22899627685547,-0.01,1.5,7.751667,-75.532667,251.0,129.45,216.49
URE.2020.246.05.11.39,URE,2020.246.05.11.39,earthquake,2842,4301.0,28.42,43.01,3,3,0.6669,0.2708,1.88,5.75,6.8429999351501465,-76.29299926757812,2.1,1.6,7.751667,-75.532667,251.0,130.95,219.93
URE.2020.246.07.30.02,URE,2020.246.07.30.02,earthquake,2900,4306.0,29.0,43.06,3,3,0.684,0.4373,6.42,9.66,7.085999965667725,-76.22899627685547,0.0,1.5,7.751667,-75.532667,251.0,106.44,226.28
URE.2020.248.16.33.11,URE,2020.248.16.33.11,earthquake,3030,9290.0,30.3,92.9,3,2,0.8836,0.5987,8.93,12.61,6.693999767303467,-76.71499633789062,19.52,2.2,7.751667,-75.532667,251.0,175.31,228.22
URE.2020.250.00.10.29,URE,2020.250.00.10.29,earthquake,2772,4718.0,27.72,47.18,4,2,0.7893,0.7468,9.87,8.28,6.790999889373779,-76.71099853515625,3.93,2.3,7.751667,-75.532667,251.0,167.99,230.85
URE.2020.250.07.54.25,URE,2020.250.07.54.25,earthquake,2831.0,3775.0,28.31,37.75,4,4,0.818,0.455,23.25,12.38,7.321000099182129,-75.06700134277344,5.65,3.0,7.751667,-75.532667,251.0,70.07,132.79
URE.2020.251.04.23.27,URE,2020.251.04.23.27,earthquake,2907.0,4245.0,29.07,42.45,4,4,0.8537,0.4949,13.88,18.74,7.186999797821045,-76.24700164794922,0.01,1.9,7.751667,-75.532667,251.0,100.58,231.67
URE.2020.252.09.31.14,URE,2020.252.09.31.14,earthquake,2756.0,4085.0,27.56,40.85,4,4,0.8169,0.5135,18.08,11.01,7.086999893188477,-74.7229995727539,3.91,1.9,7.751667,-75.532667,251.0,115.73,129.38
URE.2020.253.16.27.48,URE,2020.253.16.27.48,earthquake,2814.0,,28.14,,3,0,0.7555,0.0,6.58,,6.833000183105469,-76.55999755859375,0.01,1.8,7.751667,-75.532667,251.0,152.29,228.22
URE.2020.254.20.15.12,URE,2020.254.20.15.12,earthquake,2944.0,3966.0,29.44,39.66,4,2,0.8219,0.5453,13.15,15.31,7.144999980926514,-75.85600280761719,23.02,1.5,7.751667,-75.532667,251.0,76.0,208.03
URE.2020.255.09.14.39,URE,2020.255.09.14.39,earthquake,2868.0,,28.68,,3,0,0.8579,0.0,11.69,,6.818999767303467,-76.34500122070312,20.9,1.6,7.751667,-75.532667,251.0,136.7,221.07
URE.2020.256.06.54.37,URE,2020.256.06.54.37,earthquake,2860.0,4173.0,28.6,41.73,3,4,0.9432,0.4964,43.96,14.12,7.3520002365112305,-76.29900360107422,19.26,2.3,7.751667,-75.532667,251.0,95.43,242.46
URE.2020.256.10.12.48,URE,2020.256.10.12.48,earthquake,2838.0,,28.38,,3,0,0.7043,0.0,5.05,,7.058000087738037,-76.73500061035156,24.65,1.8,7.751667,-75.532667,251.0,153.31,240.05
URE.2020.257.03.28.41,URE,2020.257.03.28.41,earthquake,2716.0,4694.0,27.16,46.94,3,2,0.8672,0.4901,12.03,11.78,6.834000110626221,-76.69100189208984,0.0,2.2,7.751667,-75.532667,251.0,163.28,231.65
URE.2020.257.17.38.58,URE,2020.257.17.38.58,earthquake,2934.0,5128.0,29.34,51.28,3,3,0.7286,0.5772,16.76,7.93,7.3379998207092285,-77.24800109863281,22.24,2.8,7.751667,-75.532667,251.0,194.76,256.53
URE.2020.258.00.43.50,URE,2020.258.00.43.50,earthquake,2833.0,4156.0,28.33,41.56,4,4,0.8542,0.4737,17.19,16.63,7.750999927520752,-74.5530014038086,10.06,1.9,7.751667,-75.532667,251.0,108.07,89.97
URE.2020.258.05.53.05,URE,2020.258.05.53.05,earthquake,2725.0,4227.0,27.25,42.27,4,4,0.7349,0.4911,7.18,0.35,6.934999942779541,-76.25199890136719,3.94,1.7,7.751667,-75.532667,251.0,120.27,221.37
URE.2020.259.02.06.24,URE,2020.259.02.06.24,earthquake,2935.0,4942.0,29.35,49.42,3,2,0.7962,0.573,5.96,4.95,6.670000076293945,-76.68199920654297,9.31,1.8,7.751667,-75.532667,251.0,174.42,226.77
URE.2020.259.05.08.46,URE,2020.259.05.08.46,earthquake,,4565.0,,45.65,0,2,0.0,0.5571,-2.46,15.0,6.826000213623047,-76.17900085449219,0.0,1.7,7.751667,-75.532667,251.0,124.79,214.93
URE.2020.260.00.44.29,URE,2020.260.00.44.29,earthquake,2914.0,,29.14,,3,0,0.7422,0.0,0.32,-1.07,6.60099983215332,-76.66999816894531,13.69,1.7,7.751667,-75.532667,251.0,178.81,224.7
URE.2020.260.13.49.45,URE,2020.260.13.49.45,earthquake,10965.0,,109.65,,3,0,0.5707,0.0,1.87,,5.929999828338623,-75.96800231933594,36.05,2.4,7.751667,-75.532667,251.0,207.12,193.46
URE.2020.260.21.13.36,URE,2020.260.21.13.36,earthquake,2915.0,,29.15,,3,0,0.7303,0.0,3.31,,6.895999908447266,-76.20099639892578,0.0,1.8,7.751667,-75.532667,251.0,120.0,217.99
URE.2020.261.08.05.23,URE,2020.261.08.05.23,earthquake,2839.0,4320.0,28.39,43.2,3,4,0.7649,0.5006,5.65,11.8,6.933000087738037,-76.25599670410156,4.16,1.6,7.751667,-75.532667,251.0,120.73,221.46
URE.2020.262.07.38.54,URE,2020.262.07.38.54,earthquake,2907.0,4334.0,29.07,43.34,4,4,0.7409,0.5208,29.56,15.79,7.057000160217285,-76.2699966430664,0.2,3.1,7.751667,-75.532667,251.0,111.93,226.7
URE.2020.262.12.17.36,URE,2020.262.12.17.36,earthquake,2806.0,4938.0,28.06,49.38,4,3,0.7629,0.4959,11.77,12.39,7.281000137329102,-77.12799835205078,18.52,2.8,7.751667,-75.532667,251.0,183.61,253.64
URE.2020.262.12.45.57,URE,2020.262.12.45.57,earthquake,9618.0,,96.18,,3,0,0.8793,0.0,4.95,,6.181000232696533,-76.5260009765625,15.54,1.6,7.751667,-75.532667,251.0,205.47,212.35
URE.2020.263.20.22.04,URE,2020.263.20.22.04,earthquake,2968.0,5120.0,29.68,51.2,3,3,0.6375,0.5676,6.8,11.99,7.1519999504089355,-77.12999725341797,16.72,1.9,7.751667,-75.532667,251.0,188.38,249.49
URE.2020.263.23.49.24,URE,2020.263.23.49.24,earthquake,2698.0,4834.0,26.98,48.34,3,2,0.8912,0.4964,27.01,15.46,6.691999912261963,-76.427001953125,0.0,3.1,7.751667,-75.532667,251.0,153.26,220.18
URE.2020.264.04.19.41,URE,2020.264.04.19.41,earthquake,2816.0,4164.0,28.16,41.64,4,4,0.8182,0.496,31.97,10.58,7.077000141143799,-74.74099731445312,3.56,2.3,7.751667,-75.532667,251.0,114.91,130.44
URE.2020.264.20.51.44,URE,2020.264.20.51.44,earthquake,2830.0,,28.3,,3,0,0.7375,0.0,2.74,,6.857999801635742,-76.6500015258789,0.0,1.8,7.751667,-75.532667,251.0,158.08,231.38
URE.2020.265.03.06.50,URE,2020.265.03.06.50,earthquake,2857.0,3730.0,28.57,37.3,4,4,0.87,0.6813,4.64,15.72,7.563000202178955,-74.96199798583984,8.94,1.7,7.751667,-75.532667,251.0,66.33,108.3
URE.2020.269.07.20.18,URE,2020.269.07.20.18,earthquake,10020.0,,100.2,,3,0,0.678,0.0,0.63,,6.446000099182129,-77.25399780273438,29.0,1.6,7.751667,-75.532667,251.0,238.76,232.9
URE.2020.271.02.51.12,URE,2020.271.02.51.12,earthquake,2817,5290.0,28.17,52.9,3,2,0.6679,0.3387,2.43,7.84,6.241000175476074,-76.51899719238281,1.14,1.6,7.751667,-75.532667,251.0,199.47,213.18
URE.2020.271.04.44.56,URE,2020.271.04.44.56,earthquake,2924,,29.24,,3,0,0.4945,0.0,5.58,,7.050000190734863,-76.9749984741211,30.0,2.0,7.751667,-75.532667,251.0,177.13,244.11
URE.2020.272.20.30.26,URE,2020.272.20.30.26,earthquake,2978,5127.0,29.78,51.27,3,2,0.8358,0.3854,3.39,6.93,6.2170000076293945,-76.14099884033203,18.73,2.1,7.751667,-75.532667,251.0,182.55,201.64
URE.2020.273.05.08.00,URE,2020.273.05.08.00,earthquake,2809,4265.0,28.09,42.65,3,2,0.8828,0.4167,10.57,11.44,7.000999927520752,-76.17400360107422,0.0,1.7,7.751667,-75.532667,251.0,109.11,220.5
URE.2020.274.09.42.14,URE,2020.274.09.42.14,earthquake,2911,4599.0,29.11,45.99,4,3,0.8809,0.4271,22.82,10.81,6.63100004196167,-74.91500091552734,24.9,2.4,7.751667,-75.532667,251.0,141.47,151.13
URE.2020.276.16.29.27,URE,2020.276.16.29.27,earthquake,2877,4911.0,28.77,49.11,3,3,0.848,0.5464,10.35,10.33,6.681000232696533,-76.65699768066406,9.22,2.1,7.751667,-75.532667,251.0,171.58,226.43
URE.2020.276.18.24.27,URE,2020.276.18.24.27,earthquake,2872,4268.0,28.72,42.68,3,4,0.822,0.5679,14.17,13.69,7.067999839782715,-76.14600372314453,0.0,1.7,7.751667,-75.532667,251.0,101.5,221.89
URE.2020.278.20.41.15,URE,2020.278.20.41.15,earthquake,2928,3999.0,29.28,39.99,4,4,0.7858,0.5732,6.7,16.1,7.164999961853027,-75.97699737548828,14.97,1.7,7.751667,-75.532667,251.0,81.33,217.12
URE.2020.280.09.20.14,URE,2020.280.09.20.14,earthquake,2914,,29.14,,3,0,0.8849,0.0,5.01,,7.583000183105469,-77.33899688720703,14.54,2.0,7.751667,-75.532667,251.0,200.16,264.77
URE.2020.282.18.55.36,URE,2020.282.18.55.36,earthquake,2820,4617.0,28.2,46.17,4,2,0.798,0.6887,18.97,14.41,7.355999946594238,-74.1719970703125,5.01,2.4,7.751667,-75.532667,251.0,156.41,106.16
URE.2020.283.08.20.01,URE,2020.283.08.20.01,earthquake,11426,13109.0,114.26,131.09,3,2,0.737,0.4119,22.4,12.27,6.798999786376953,-76.2040023803711,0.0,1.7,7.751667,-75.532667,251.0,128.83,215.18
URE.2020.283.08.21.23,URE,2020.283.08.21.23,earthquake,3230,4918.0,32.3,49.18,3,3,0.6952,0.342,22.44,12.33,6.8520002365112305,-76.31400299072266,23.24,3.0,7.751667,-75.532667,251.0,131.69,220.98
URE.2020.284.02.02.14,URE,2020.284.02.02.14,earthquake,3157,4826.0,31.57,48.26,3,3,0.7951,0.4975,4.48,9.71,6.888999938964844,-76.28600311279297,16.8,1.5,7.751667,-75.532667,251.0,126.57,221.13
URE.2020.284.13.38.16,URE,2020.284.13.38.16,earthquake,3296,4952.0,32.96,49.52,3,2,0.6569,0.5319,3.44,19.91,6.831999778747559,-76.13800048828125,26.41,2.4,7.751667,-75.532667,251.0,121.71,213.35
URE.2020.288.03.50.20,URE,2020.288.03.50.20,earthquake,10917,12537.0,109.17,125.37,3,2,0.6628,0.4296,14.02,3.78,6.78000020980835,-76.13700103759766,0.02,1.7,7.751667,-75.532667,251.0,126.5,211.88
URE.2020.288.16.18.37,URE,2020.288.16.18.37,earthquake,2880,4351.0,28.8,43.51,3,2,0.6284,0.4669,9.19,7.25,6.896999835968018,-76.13800048828125,0.0,2.1,7.751667,-75.532667,251.0,115.76,215.3
URE.2020.290.09.57.18,URE,2020.290.09.57.18,earthquake,2852,4262.0,28.52,42.62,3,4,0.8951,0.5521,29.45,15.64,7.103000164031982,-76.25900268554688,0.0,2.2,7.751667,-75.532667,251.0,107.59,228.23
URE.2020.291.08.50.49,URE,2020.291.08.50.49,earthquake,2785,4177.0,27.85,41.77,3,4,0.9107,0.5792,18.03,16.1,7.110000133514404,-76.23500061035156,8.33,1.6,7.751667,-75.532667,251.0,105.1,227.58
URE.2020.291.16.38.41,URE,2020.291.16.38.41,earthquake,2968,5292.0,29.68,52.92,3,3,0.4954,0.4045,7.8,4.54,6.127999782562256,-76.4219970703125,35.94,1.9,7.751667,-75.532667,251.0,204.7,208.75
URE.2020.291.17.50.29,URE,2020.291.17.50.29,earthquake,2892,3738.0,28.92,37.38,4,4,0.9101,0.8306,6.45,22.77,7.322999954223633,-75.20500183105469,28.71,1.6,7.751667,-75.532667,251.0,59.63,142.64
URE.2020.293.23.54.19,URE,2020.293.23.54.19,earthquake,2772.0,4836.0,27.72,48.36,3,3,0.7943,0.3463,4.69,7.82,7.0929999351501465,-74.14600372314453,1.83,2.3,7.751667,-75.532667,251.0,169.53,115.36
URE.2020.295.17.24.09,URE,2020.295.17.24.09,earthquake,3147.0,4743.0,31.47,47.43,3,2,0.8609,0.1865,12.14,12.0,6.854000091552734,-76.2760009765625,15.98,2.2,7.751667,-75.532667,251.0,128.81,219.63
URE.2020.298.13.36.20,URE,2020.298.13.36.20,earthquake,2866.0,4468.0,28.66,44.68,3,4,0.7011,0.3048,7.01,12.03,6.7870001792907715,-76.18599700927734,0.0,1.5,7.751667,-75.532667,251.0,128.79,214.11
URE.2020.298.14.41.12,URE,2020.298.14.41.12,earthquake,2922.0,,29.22,,3,0,0.6869,0.0,4.77,,6.804999828338623,-76.26200103759766,0.0,1.6,7.751667,-75.532667,251.0,132.09,217.62
URE.2020.298.14.51.11,URE,2020.298.14.51.11,earthquake,2902.0,4364.0,29.02,43.64,4,4,0.8123,0.4929,14.1,14.09,6.932000160217285,-76.21399688720703,0.0,1.8,7.751667,-75.532667,251.0,117.8,219.73
URE.2020.299.18.37.54,URE,2020.299.18.37.54,earthquake,3419.0,,34.19,,3,0,0.692,0.0,12.25,,5.6479997634887695,-73.47799682617188,12.93,3.5,7.751667,-75.532667,251.0,325.15,135.56
URE.2020.300.01.34.29,URE,2020.300.01.34.29,earthquake,2908.0,5064.0,29.08,50.64,4,3,0.7633,0.6248,11.43,13.93,6.198999881744385,-76.12799835205078,24.33,2.8,7.751667,-75.532667,251.0,183.88,201.0
URE.2020.300.22.06.19,URE,2020.300.22.06.19,earthquake,2920.0,3708.0,29.2,37.08,4,4,0.9054,0.727,15.63,19.09,7.252999782562256,-75.63700103759766,12.52,1.5,7.751667,-75.532667,251.0,56.34,191.8
URE.2020.301.05.39.52,URE,2020.301.05.39.52,earthquake,,4389.0,,43.89,0,2,0.0,0.3783,-2.22,9.54,6.814000129699707,-76.16699981689453,0.02,1.5,7.751667,-75.532667,251.0,125.14,214.08
URE.2020.301.09.17.16,URE,2020.301.09.17.16,earthquake,3120.0,3853.0,31.2,38.53,4,4,0.9475,0.8633,20.33,17.02,7.429999828338623,-75.19499969482422,32.38,1.8,7.751667,-75.532667,251.0,51.52,133.65
URE.2020.301.12.20.40,URE,2020.301.12.20.40,earthquake,2846.0,4565.0,28.46,45.65,3,2,0.7981,0.6261,6.65,8.88,6.835999965667725,-76.09600067138672,-0.03,1.7,7.751667,-75.532667,251.0,118.85,211.6
URE.2020.301.22.32.01,URE,2020.301.22.32.01,earthquake,2988.0,3763.0,29.88,37.63,4,4,0.8972,0.6723,33.78,10.35,7.201000213623047,-75.41699981689453,15.98,2.4,7.751667,-75.532667,251.0,62.22,168.15
URE.2020.302.06.25.31,URE,2020.302.06.25.31,earthquake,3028.0,3938.0,30.28,39.38,3,2,0.9286,0.2847,17.56,6.61,7.073999881744385,-75.44200134277344,15.98,1.9,7.751667,-75.532667,251.0,75.61,172.39
URE.2020.303.04.11.45,URE,2020.303.04.11.45,earthquake,2799.0,4399.0,27.99,43.99,3,3,0.6157,0.4646,5.46,14.92,6.811999797821045,-76.26599884033203,0.0,2.0,7.751667,-75.532667,251.0,131.75,217.97
URE.2020.303.05.13.26,URE,2020.303.05.13.26,earthquake,3022.0,,30.22,,3,0,0.8355,0.0,1.18,,7.190000057220459,-77.00299835205078,31.37,1.8,7.751667,-75.532667,251.0,173.78,249.15
URE.2020.303.05.55.09,URE,2020.303.05.55.09,earthquake,2862.0,4473.0,28.62,44.73,4,3,0.6704,0.5239,8.65,16.58,6.8460001945495605,-76.25499725341797,0.0,2.0,7.751667,-75.532667,251.0,128.04,218.58
URE.2020.303.06.11.44,URE,2020.303.06.11.44,earthquake,3230.0,4855.0,32.3,48.55,3,3,0.8749,0.318,15.22,12.83,6.892000198364258,-76.2699966430664,19.96,2.3,7.751667,-75.532667,251.0,125.17,220.62
URE.2020.303.06.55.41,URE,2020.303.06.55.41,earthquake,11642.0,13256.0,116.42,132.56,3,3,0.7006,0.5823,17.52,16.92,6.88700008392334,-76.27999877929688,6.68,1.9,7.751667,-75.532667,251.0,126.31,220.84
URE.2020.303.06.57.06,URE,2020.303.06.57.06,earthquake,3226.0,4845.0,32.26,48.45,3,3,0.6885,0.5316,17.5,16.86,6.900000095367432,-76.28399658203125,16.09,2.7,7.751667,-75.532667,251.0,125.51,221.42
URE.2020.303.07.02.09,URE,2020.303.07.02.09,earthquake,2867.0,4468.0,28.67,44.68,3,3,0.8896,0.3617,9.89,16.85,6.8379998207092285,-76.18299865722656,18.2,1.5,7.751667,-75.532667,251.0,123.96,215.44
URE.2020.303.07.06.01,URE,2020.303.07.06.01,earthquake,2921.0,4587.0,29.21,45.87,3,2,0.7048,0.3385,5.96,17.64,6.8379998207092285,-76.20999908447266,0.0,1.9,7.751667,-75.532667,251.0,125.71,216.55
URE.2020.303.07.19.36,URE,2020.303.07.19.36,earthquake,2871.0,4471.0,28.71,44.71,3,4,0.6878,0.3566,0.73,12.05,6.828000068664551,-76.16100311279297,0.0,1.6,7.751667,-75.532667,251.0,123.49,214.23
URE.2020.303.15.26.31,URE,2020.303.15.26.31,earthquake,3102.0,4770.0,31.02,47.7,3,2,0.7807,0.4848,10.05,12.62,6.867000102996826,-76.25,12.93,2.7,7.751667,-75.532667,251.0,125.88,219.04
URE.2020.304.04.55.39,URE,2020.304.04.55.39,earthquake,2847.0,4403.0,28.47,44.03,3,3,0.6885,0.5679,23.97,11.54,6.932000160217285,-76.31099700927734,0.0,2.2,7.751667,-75.532667,251.0,124.91,223.52
URE.2020.304.07.24.24,URE,2020.304.07.24.24,earthquake,2892.0,,28.92,,3,0,0.6852,0.0,5.58,,6.7769999504089355,-76.97100067138672,20.64,1.8,7.751667,-75.532667,251.0,191.96,235.93
URE.2020.304.23.51.25,URE,2020.304.23.51.25,earthquake,3218.0,4761.0,32.18,47.61,4,3,0.7858,0.5641,11.29,14.13,6.889999866485596,-76.0790023803711,25.12,1.9,7.751667,-75.532667,251.0,112.78,212.37
URE.2020.306.00.08.36,URE,2020.306.00.08.36,earthquake,2824.0,3753.0,28.24,37.53,4,4,0.6755,0.5032,10.42,16.06,7.144000053405762,-75.83100128173828,6.12,2.0,7.751667,-75.532667,251.0,74.84,206.13
URE.2020.307.02.01.18,URE,2020.307.02.01.18,earthquake,2808,3699.0,28.08,36.99,4,4,0.8965,0.6165,13.85,9.5,7.191999912261963,-75.26499938964844,5.23,1.6,7.751667,-75.532667,251.0,68.59,154.47
URE.2020.307.09.55.29,URE,2020.307.09.55.29,earthquake,3120,,31.2,,3,0,0.9528,0.0,21.44,,7.6519999504089355,-76.01799774169922,32.15,1.9,7.751667,-75.532667,251.0,54.67,258.4
URE.2020.309.04.27.52,URE,2020.309.04.27.52,earthquake,2949,4448.0,29.49,44.48,3,4,0.8998,0.5419,4.92,9.68,6.931000232696533,-76.22899627685547,0.0,1.6,7.751667,-75.532667,251.0,118.95,220.31
URE.2020.310.08.42.38,URE,2020.310.08.42.38,earthquake,2833,4798.0,28.33,47.98,3,3,0.8063,0.4999,11.75,14.2,7.35099983215332,-77.10700225830078,20.07,2.7,7.751667,-75.532667,251.0,179.31,255.8
URE.2020.312.09.33.44,URE,2020.312.09.33.44,earthquake,2781,4927.0,27.81,49.27,3,2,0.8766,0.469,9.9,10.18,6.449999809265137,-76.48799896240234,11.26,1.8,7.751667,-75.532667,251.0,178.49,216.31
URE.2020.312.23.49.13,URE,2020.312.23.49.13,earthquake,3280,4639.0,32.8,46.39,4,4,0.8401,0.5885,23.46,18.26,6.9770002365112305,-75.98999786376953,33.09,2.6,7.751667,-75.532667,251.0,99.44,210.54
URE.2020.313.23.39.20,URE,2020.313.23.39.20,earthquake,2931,4941.0,29.31,49.41,3,2,0.685,0.3811,3.19,2.62,7.186999797821045,-77.10700225830078,11.26,1.9,7.751667,-75.532667,251.0,184.66,250.34
URE.2020.316.22.43.08,URE,2020.316.22.43.08,earthquake,2771,4490.0,27.71,44.9,3,3,0.772,0.5439,9.91,11.96,6.785999774932861,-76.16100311279297,0.0,1.5,7.751667,-75.532667,251.0,127.36,213.05
URE.2020.317.00.03.12,URE,2020.317.00.03.12,earthquake,3007,4631.0,30.07,46.31,3,2,0.8449,0.6304,5.45,18.29,6.829999923706055,-76.29199981689453,21.77,1.6,7.751667,-75.532667,251.0,131.99,219.49
URE.2020.317.03.42.40,URE,2020.317.03.42.40,earthquake,2909,4540.0,29.09,45.4,3,4,0.671,0.446,1.49,23.8,6.783999919891357,-76.03299713134766,0.0,1.8,7.751667,-75.532667,251.0,120.44,207.34
URE.2020.317.13.06.05,URE,2020.317.13.06.05,earthquake,2974,4969.0,29.74,49.69,3,3,0.8162,0.5771,5.79,14.7,6.335000038146973,-76.10800170898438,20.09,1.8,7.751667,-75.532667,251.0,169.07,202.12
URE.2020.318.09.30.14,URE,2020.318.09.30.14,earthquake,3018,5155.0,30.18,51.55,3,3,0.7962,0.5028,9.34,6.65,7.1519999504089355,-76.90699768066406,19.48,1.8,7.751667,-75.532667,251.0,165.57,246.48
URE.2020.318.12.38.55,URE,2020.318.12.38.55,earthquake,2756,4689.0,27.56,46.89,3,3,0.8335,0.5808,7.07,9.46,6.752999782562256,-76.6969985961914,1.0,2.0,7.751667,-75.532667,251.0,169.5,229.41
URE.2020.320.02.56.33,URE,2020.320.02.56.33,earthquake,2770,4711.0,27.7,47.11,3,4,0.8011,0.5243,2.66,8.14,6.834000110626221,-76.47799682617188,0.0,1.8,7.751667,-75.532667,251.0,145.59,225.87
URE.2020.324.03.51.34,URE,2020.324.03.51.34,earthquake,2744,,27.44,,3,0,0.5162,0.0,1.06,,6.854000091552734,-76.62300109863281,0.0,1.8,7.751667,-75.532667,251.0,156.05,230.56
URE.2020.325.17.19.49,URE,2020.325.17.19.49,earthquake,2804,4596.0,28.04,45.96,3,3,0.8333,0.5618,9.11,11.38,7.355999946594238,-74.17500305175781,1.76,2.3,7.751667,-75.532667,251.0,156.09,106.19
URE.2020.326.09.22.14,URE,2020.326.09.22.14,earthquake,3019,5096.0,30.19,50.96,3,2,0.9082,0.4995,2.72,9.95,7.202000141143799,-77.12899780273438,20.87,2.3,7.751667,-75.532667,251.0,186.39,251.07
URE.2020.326.15.07.53,URE,2020.326.15.07.53,earthquake,2788,4751.0,27.88,47.51,3,3,0.8115,0.4175,8.97,0.02,7.480000019073486,-74.09700012207031,6.67,1.8,7.751667,-75.532667,251.0,161.24,100.64
URE.2020.327.20.03.07,URE,2020.327.20.03.07,earthquake,2963,3970.0,29.63,39.7,4,4,0.8585,0.4674,15.39,9.75,7.038000106811523,-75.34700012207031,21.13,1.7,7.751667,-75.532667,251.0,81.54,165.43
URE.2020.328.10.38.24,URE,2020.328.10.38.24,earthquake,2849,,28.49,,3,0,0.8612,0.0,13.39,,6.576000213623047,-73.45899963378906,9.27,2.8,7.751667,-75.532667,251.0,263.38,119.45
URE.2020.328.21.40.26,URE,2020.328.21.40.26,earthquake,2717,4637.0,27.17,46.37,3,3,0.8233,0.4329,12.99,12.16,6.85099983215332,-76.67500305175781,0.0,2.5,7.751667,-75.532667,251.0,160.72,231.78
URE.2020.330.01.15.17,URE,2020.330.01.15.17,earthquake,2780,,27.8,,3,0,0.531,0.0,5.61,,6.5920000076293945,-76.75800323486328,23.53,1.8,7.751667,-75.532667,251.0,186.45,226.62
URE.2020.330.02.06.39,URE,2020.330.02.06.39,earthquake,2893,4144.0,28.93,41.44,3,3,0.7488,0.2757,17.88,19.57,6.99399995803833,-76.01499938964844,0.0,1.6,7.751667,-75.532667,251.0,99.28,212.47
URE.2020.330.02.25.56,URE,2020.330.02.25.56,earthquake,2767,,27.67,,3,0,0.7291,0.0,0.24,,6.571000099182129,-76.31900024414062,0.32,1.6,7.751667,-75.532667,251.0,156.82,213.68
URE.2020.331.19.21.17,URE,2020.331.19.21.17,earthquake,2893,4040.0,28.93,40.4,3,4,0.8964,0.4914,16.77,6.57,7.073999881744385,-75.96399688720703,14.83,1.5,7.751667,-75.532667,251.0,88.79,212.46
URE.2020.333.12.08.16,URE,2020.333.12.08.16,earthquake,2811,4194.0,28.11,41.94,3,3,0.7093,0.2965,17.75,19.87,6.940999984741211,-75.85600280761719,15.79,2.0,7.751667,-75.532667,251.0,96.5,201.73
URE.2020.335.06.21.14,URE,2020.335.06.21.14,earthquake,2943,4759.0,29.43,47.59,3,2,0.8429,0.5384,12.21,12.19,6.867000102996826,-75.79199981689453,10.59,1.6,7.751667,-75.532667,251.0,101.94,196.33
URE.2020.336.20.24.23,URE,2020.336.20.24.23,earthquake,2833,4468.0,28.33,44.68,4,2,0.778,0.5835,6.14,12.16,7.210000038146973,-74.36399841308594,10.95,2.2,7.751667,-75.532667,251.0,142.23,114.83
URE.2020.337.08.18.20,URE,2020.337.08.18.20,earthquake,2814,4843.0,28.14,48.43,3,2,0.8211,0.6384,7.47,2.48,6.797999858856201,-76.6259994506836,0.0,1.5,7.751667,-75.532667,251.0,160.31,228.93
URE.2020.339.03.51.53,URE,2020.339.03.51.53,earthquake,2849,,28.49,,3,0,0.9177,0.0,17.33,,7.691999912261963,-77.25,15.93,3.0,7.751667,-75.532667,251.0,189.57,268.12
URE.2020.339.20.05.55,URE,2020.339.20.05.55,earthquake,3051,4650.0,30.51,46.5,4,4,0.7616,0.4579,2.87,12.33,6.861999988555908,-76.31300354003906,-0.06,1.6,7.751667,-75.532667,251.0,130.79,221.26
URE.2020.344.22.34.50,URE,2020.344.22.34.50,earthquake,3284,,32.84,,3,0,0.5465,0.0,4.47,,7.166999816894531,-76.625,25.82,2.0,7.751667,-75.532667,251.0,136.82,241.87
URE.2020.345.15.44.28,URE,2020.345.15.44.28,earthquake,3125,,31.25,,3,0,0.6172,0.0,5.36,,7.326000213623047,-77.23300170898438,24.75,2.0,7.751667,-75.532667,251.0,193.47,256.03
URE.2020.345.20.43.46,URE,2020.345.20.43.46,earthquake,2984,4540.0,29.84,45.4,3,2,0.8018,0.4759,3.89,0.96,7.0920000076293945,-76.34200286865234,21.0,1.5,7.751667,-75.532667,251.0,115.35,230.82
URE.2020.349.18.54.12,URE,2020.349.18.54.12,earthquake,2851,4438.0,28.51,44.38,3,4,0.8567,0.4814,9.53,2.87,6.89900016784668,-76.22100067138672,18.09,1.4,7.751667,-75.532667,251.0,121.11,218.91
URE.2020.350.00.18.43,URE,2020.350.00.18.43,earthquake,2864,4113.0,28.64,41.13,4,4,0.809,0.4692,15.84,14.88,7.123000144958496,-76.0469970703125,0.0,1.6,7.751667,-75.532667,251.0,89.76,219.27
URE.2020.350.14.15.28,URE,2020.350.14.15.28,earthquake,2944,4900.0,29.44,49.0,3,3,0.8055,0.5816,5.51,8.45,6.859000205993652,-76.80899810791016,8.57,2.1,7.751667,-75.532667,251.0,172.07,235.07
URE.2020.350.23.17.54,URE,2020.350.23.17.54,earthquake,3194,4703.0,31.94,47.03,4,4,0.7737,0.4162,18.89,18.41,6.995999813079834,-76.21900177001953,15.98,1.4,7.751667,-75.532667,251.0,112.81,222.24
URE.2020.350.23.31.08,URE,2020.350.23.31.08,earthquake,3213,4741.0,32.13,47.41,4,3,0.8039,0.5833,16.23,16.32,6.986999988555908,-76.24500274658203,17.15,2.0,7.751667,-75.532667,251.0,115.48,222.97
URE.2020.351.04.55.57,URE,2020.351.04.55.57,earthquake,3322,5205.0,33.22,52.05,3,2,0.7907,0.4666,4.04,9.72,7.160999774932861,-76.72599792480469,25.35,1.9,7.751667,-75.532667,251.0,147.03,243.7
URE.2020.351.07.39.45,URE,2020.351.07.39.45,earthquake,3346,5255.0,33.46,52.55,3,3,0.6408,0.4628,2.83,13.86,7.138000011444092,-76.76000213623047,26.52,2.1,7.751667,-75.532667,251.0,151.53,243.47
URE.2020.351.22.49.26,URE,2020.351.22.49.26,earthquake,2814.0,3986.0,28.14,39.86,4,2,0.8093,0.2565,5.93,14.95,6.986000061035156,-75.35199737548828,7.94,1.5,7.751667,-75.532667,251.0,86.99,166.73
URE.2020.353.07.29.32,URE,2020.353.07.29.32,earthquake,3430.0,,34.3,,3,0,0.6781,0.0,1.73,,5.519000053405762,-74.45800018310547,30.98,2.2,7.751667,-75.532667,251.0,274.01,154.23
URE.2020.353.16.19.01,URE,2020.353.16.19.01,earthquake,2871.0,4847.0,28.71,48.47,3,2,0.7419,0.4262,2.98,6.39,6.75600004196167,-76.71900177001953,3.79,1.8,7.751667,-75.532667,251.0,171.14,230.03
URE.2020.355.04.49.50,URE,2020.355.04.49.50,earthquake,2868.0,,28.68,,3,0,0.8432,0.0,8.05,,6.923999786376953,-76.27100372314453,1.38,1.8,7.751667,-75.532667,251.0,122.57,221.74
URE.2020.355.09.11.40,URE,2020.355.09.11.40,earthquake,2943.0,5175.0,29.43,51.75,3,3,0.5912,0.4457,3.5,11.84,6.959000110626221,-76.99500274658203,0.95,1.9,7.751667,-75.532667,251.0,183.72,241.6
URE.2020.356.03.46.09,URE,2020.356.03.46.09,earthquake,2935.0,4817.0,29.35,48.17,3,2,0.8628,0.3161,1.34,4.87,7.630000114440918,-73.9729995727539,19.98,1.7,7.751667,-75.532667,251.0,172.6,94.37
URE.2020.356.13.39.48,URE,2020.356.13.39.48,earthquake,3195.0,4673.0,31.95,46.73,4,4,0.8679,0.4689,16.26,14.81,7.408999919891357,-76.48600006103516,31.21,2.1,7.751667,-75.532667,251.0,111.82,250.25
URE.2020.356.22.24.22,URE,2020.356.22.24.22,earthquake,2850.0,5010.0,28.5,50.1,3,4,0.9212,0.3848,24.51,16.87,7.182000160217285,-73.96499633789062,8.06,3.2,7.751667,-75.532667,251.0,184.15,109.9
URE.2020.358.10.45.17,URE,2020.358.10.45.17,earthquake,2976.0,3985.0,29.76,39.85,4,3,0.8268,0.549,18.09,7.09,7.498000144958496,-74.7770004272461,14.8,1.9,7.751667,-75.532667,251.0,87.97,108.55
URE.2020.359.21.40.35,URE,2020.359.21.40.35,earthquake,2989.0,4269.0,29.89,42.69,3,4,0.7907,0.5193,8.22,17.4,7.098999977111816,-76.0989990234375,0.14,1.7,7.751667,-75.532667,251.0,95.49,220.93
URE.2020.359.22.05.57,URE,2020.359.22.05.57,earthquake,3290.0,5415.0,32.9,54.15,3,2,0.8381,0.4683,35.76,12.2,6.627999782562256,-76.67500305175781,23.95,3.7,7.751667,-75.532667,251.0,177.09,225.51
URE.2020.361.00.43.18,URE,2020.361.00.43.18,earthquake,2915.0,,29.15,,3,0,0.8982,0.0,20.5,,6.656000137329102,-76.72599792480469,13.34,2.9,7.751667,-75.532667,251.0,179.03,227.48
URE.2020.361.14.39.03,URE,2020.361.14.39.03,earthquake,,5049.0,,50.49,0,2,0.0,0.4449,-6.4,5.83,6.7829999923706055,-76.56099700927734,0.03,1.6,7.751667,-75.532667,251.0,156.11,226.74
URE.2020.363.04.33.49,URE,2020.363.04.33.49,earthquake,3409.0,5714.0,34.09,57.14,3,2,0.6815,0.6325,11.39,9.17,6.050000190734863,-76.5510025024414,35.9,2.2,7.751667,-75.532667,251.0,219.27,210.94
URE.2020.363.12.59.09,URE,2020.363.12.59.09,earthquake,2945.0,4922.0,29.45,49.22,3,2,0.7761,0.4525,0.55,9.31,6.73799991607666,-76.71800231933594,16.96,1.7,7.751667,-75.532667,251.0,172.34,229.5
URE.2020.364.17.43.32,URE,2020.364.17.43.32,earthquake,3502.0,5356.0,35.02,53.56,4,3,0.7924,0.423,7.53,7.66,6.796999931335449,-76.70999908447266,32.62,1.9,7.751667,-75.532667,251.0,167.48,231.0
URE.2020.365.03.50.37,URE,2020.365.03.50.37,earthquake,3294.0,,32.94,,3,0,0.7659,0.0,5.24,,6.9070000648498535,-76.5739974975586,24.18,2.0,7.751667,-75.532667,251.0,148.14,230.98
URE.2020.366.01.21.37,URE,2020.366.01.21.37,earthquake,3172.0,4842.0,31.72,48.42,3,2,0.7283,0.5269,18.5,14.07,6.868000030517578,-76.17400360107422,19.61,2.0,7.751667,-75.532667,251.0,120.69,215.97
URE.2021.001.13.40.29,URE,2021.001.13.40.29,earthquake,3175.0,4505.0,31.75,45.05,3,4,0.8745,0.4143,2.17,7.35,7.073999881744385,-76.19599914550781,15.51,1.5,7.751667,-75.532667,251.0,104.78,224.38
URE.2021.001.20.11.18,URE,2021.001.20.11.18,earthquake,2920.0,,29.2,,3,0,0.7092,0.0,3.97,,6.658999919891357,-74.37899780273438,21.94,1.8,7.751667,-75.532667,251.0,175.61,133.41
URE.2021.002.03.55.01,URE,2021.002.03.55.01,earthquake,2916.0,4800.0,29.16,48.0,3,2,0.8478,0.3729,10.04,13.18,6.872000217437744,-76.70099639892578,16.13,2.0,7.751667,-75.532667,251.0,161.58,233.06
URE.2021.002.05.40.54,URE,2021.002.05.40.54,earthquake,3164.0,4873.0,31.64,48.73,3,3,0.8603,0.4082,15.23,19.33,6.855999946594238,-76.33399963378906,20.9,2.3,7.751667,-75.532667,251.0,132.82,221.83
URE.2021.002.05.59.22,URE,2021.002.05.59.22,earthquake,3165.0,4631.0,31.65,46.31,3,2,0.7484,0.5576,11.11,15.24,6.926000118255615,-75.96399688720703,25.59,1.8,7.751667,-75.532667,251.0,102.99,207.57
URE.2021.003.00.18.19,URE,2021.003.00.18.19,earthquake,3139.0,4678.0,31.39,46.78,4,2,0.7338,0.6721,15.21,15.75,6.974999904632568,-76.21499633789062,16.68,2.0,7.751667,-75.532667,251.0,114.25,221.3
URE.2021.003.07.36.02,URE,2021.003.07.36.02,earthquake,3161.0,4658.0,31.61,46.58,4,3,0.749,0.5353,18.34,17.72,6.980999946594238,-76.2750015258789,16.97,1.9,7.751667,-75.532667,251.0,118.24,223.93
URE.2021.003.08.07.33,URE,2021.003.08.07.33,earthquake,3089.0,4133.0,30.89,41.33,3,4,0.8801,0.6139,0.16,9.62,7.438000202178955,-76.08100128173828,22.07,1.5,7.751667,-75.532667,251.0,69.75,240.21
URE.2021.003.12.29.58,URE,2021.003.12.29.58,earthquake,3186.0,4523.0,31.86,45.23,4,3,0.7846,0.5143,13.95,13.03,7.089000225067139,-76.21800231933594,17.38,2.2,7.751667,-75.532667,251.0,105.33,225.96
URE.2021.003.20.50.18,URE,2021.003.20.50.18,earthquake,3323.0,5498.0,33.23,54.98,3,2,0.873,0.4955,3.0,5.39,6.396999835968018,-76.5770034790039,26.29,2.2,7.751667,-75.532667,251.0,189.09,217.67
URE.2021.004.03.52.24,URE,2021.004.03.52.24,earthquake,3092.0,4463.0,30.92,44.63,3,4,0.8163,0.374,1.04,7.03,7.23199987411499,-76.0479965209961,9.77,1.5,7.751667,-75.532667,251.0,80.86,224.74
URE.2021.004.21.20.38,URE,2021.004.21.20.38,earthquake,3300.0,,33.0,,3,0,0.7857,0.0,9.84,,6.901000022888184,-76.63400268554688,15.98,1.8,7.751667,-75.532667,251.0,153.75,232.34
URE.2021.005.02.55.41,URE,2021.005.02.55.41,earthquake,3236.0,5178.0,32.36,51.78,3,3,0.9491,0.5585,25.0,10.79,6.921999931335449,-76.65599822998047,17.62,3.2,7.751667,-75.532667,251.0,154.28,233.58
URE.2021.005.09.15.37,URE,2021.005.09.15.37,earthquake,3207.0,4897.0,32.07,48.97,3,2,0.8482,0.4383,2.68,12.33,6.951000213623047,-76.33000183105469,22.54,1.5,7.751667,-75.532667,251.0,124.86,224.89
URE.2021.005.11.59.01,URE,2021.005.11.59.01,earthquake,3262.0,4865.0,32.62,48.65,3,3,0.7547,0.4881,6.73,11.88,6.888000011444092,-76.28299713134766,21.84,1.9,7.751667,-75.532667,251.0,126.44,220.99
URE.2021.005.12.17.55,URE,2021.005.12.17.55,earthquake,3256.0,4845.0,32.56,48.45,3,3,0.7172,0.3352,1.29,12.28,6.873000144958496,-76.28900146484375,23.24,1.3,7.751667,-75.532667,251.0,128.13,220.73
URE.2021.005.18.13.32,URE,2021.005.18.13.32,earthquake,3248.0,5224.0,32.48,52.24,3,2,0.6122,0.3526,7.08,13.22,6.873000144958496,-76.69400024414062,15.98,2.2,7.751667,-75.532667,251.0,160.89,232.92
URE.2021.006.11.39.40,URE,2021.006.11.39.40,earthquake,3160.0,4889.0,31.6,48.89,3,3,0.7497,0.5709,11.42,15.27,6.873000144958496,-76.28500366210938,25.59,1.7,7.751667,-75.532667,251.0,127.84,220.58
URE.2021.006.15.31.36,URE,2021.006.15.31.36,earthquake,2819.0,4806.0,28.19,48.06,3,3,0.8876,0.3564,22.1,9.4,6.849999904632568,-76.7040023803711,0.0,2.7,7.751667,-75.532667,251.0,163.32,232.45
URE.2021.006.17.27.44,URE,2021.006.17.27.44,earthquake,3300.0,4803.0,33.0,48.03,3,3,0.6799,0.5205,7.16,9.77,6.979000091552734,-76.29199981689453,15.98,1.3,7.751667,-75.532667,251.0,119.71,224.5
URE.2021.006.22.47.17,URE,2021.006.22.47.17,earthquake,3291.0,,32.91,,3,0,0.5283,0.0,6.54,,6.875,-76.28199768066406,21.13,1.9,7.751667,-75.532667,251.0,127.46,220.53
URE.2021.006.23.02.14,URE,2021.006.23.02.14,earthquake,3368.0,,33.68,,3,0,0.9292,0.0,22.82,,6.642000198364258,-76.65299987792969,22.54,3.2,7.751667,-75.532667,251.0,174.27,225.31
URE.2021.007.07.12.23,URE,2021.007.07.12.23,earthquake,3154.0,4695.0,31.54,46.95,3,3,0.8978,0.5896,27.08,15.76,6.992000102996826,-76.2750015258789,17.62,1.6,7.751667,-75.532667,251.0,117.37,224.34
URE.2021.007.11.05.26,URE,2021.007.11.05.26,earthquake,3284.0,5421.0,32.84,54.21,3,3,0.8984,0.3288,41.53,11.74,6.635000228881836,-76.67400360107422,21.95,3.8,7.751667,-75.532667,251.0,176.47,225.66
URE.2021.007.15.00.36,URE,2021.007.15.00.36,earthquake,3400.0,5527.0,34.0,55.27,3,2,0.8471,0.3675,29.43,11.41,6.6529998779296875,-76.65799713134766,21.37,3.4,7.751667,-75.532667,251.0,173.81,225.72
URE.2021.007.16.21.46,URE,2021.007.16.21.46,earthquake,3196.0,,31.96,,3,0,0.859,0.0,10.02,,6.908999919891357,-76.26799774169922,14.34,1.9,7.751667,-75.532667,251.0,123.6,221.11
URE.2021.008.00.33.04,URE,2021.008.00.33.04,earthquake,12995.0,,129.95,,3,0,0.8765,0.0,2.4,,6.90500020980835,-76.28500366210938,19.73,1.7,7.751667,-75.532667,251.0,125.17,221.63
URE.2021.008.01.08.55,URE,2021.008.01.08.55,earthquake,3158.0,4655.0,31.58,46.55,3,4,0.8683,0.4595,14.48,2.68,6.979000091552734,-76.25299835205078,16.21,1.6,7.751667,-75.532667,251.0,116.73,222.99
URE.2021.009.05.48.41,URE,2021.009.05.48.41,earthquake,3229.0,4719.0,32.29,47.19,4,4,0.7711,0.4457,10.84,10.61,6.980000019073486,-76.22699737548828,19.32,1.7,7.751667,-75.532667,251.0,114.71,221.98
URE.2021.010.14.12.56,URE,2021.010.14.12.56,earthquake,3274.0,5262.0,32.74,52.62,3,3,0.8745,0.5353,3.83,15.79,6.714000225067139,-76.71399688720703,25.12,2.0,7.751667,-75.532667,251.0,173.75,228.74
URE.2021.010.22.39.44,URE,2021.010.22.39.44,earthquake,3209.0,4920.0,32.09,49.2,3,3,0.7175,0.6173,7.51,16.11,6.855999946594238,-76.322998046875,11.05,1.9,7.751667,-75.532667,251.0,132.01,221.43
URE.2021.011.14.49.32,URE,2021.011.14.49.32,earthquake,,4659.0,,46.59,0,3,0.0,0.3929,-1.79,0.97,7.182000160217285,-76.6780014038086,18.93,1.5,7.751667,-75.532667,251.0,141.25,243.59
URE.2021.012.09.19.00,URE,2021.012.09.19.00,noise,,,,,0,0,0.0,0.0,,,5.267000198364258,-76.6240005493164,31.73,1.5,7.751667,-75.532667,251.0,300.12,203.78
URE.2021.016.14.43.26,URE,2021.016.14.43.26,earthquake,3163,4915.0,31.63,49.15,3,3,0.7874,0.5934,11.27,8.91,6.932000160217285,-76.40899658203125,15.04,2.1,7.751667,-75.532667,251.0,132.59,226.92
URE.2021.019.04.22.29,URE,2021.019.04.22.29,earthquake,3148,5004.0,31.48,50.04,3,2,0.6755,0.4859,0.96,12.79,7.544000148773193,-76.91200256347656,27.65,2.2,7.751667,-75.532667,251.0,153.91,261.51
URE.2021.019.10.48.34,URE,2021.019.10.48.34,earthquake,2961,4295.0,29.61,42.95,4,4,0.7856,0.4449,2.84,8.98,7.0279998779296875,-76.25399780273438,14.94,1.5,7.751667,-75.532667,251.0,112.9,224.9
URE.2021.020.06.51.24,URE,2021.020.06.51.24,earthquake,2906,,29.06,,4,0,0.7328,0.0,21.39,,6.849999904632568,-76.25599670410156,0.93,2.4,7.751667,-75.532667,251.0,127.76,218.74
URE.2021.020.12.23.35,URE,2021.020.12.23.35,earthquake,3038,3861.0,30.38,38.61,3,4,0.6429,0.608,13.27,13.57,7.24399995803833,-75.20899963378906,32.85,1.6,7.751667,-75.532667,251.0,66.55,147.51
URE.2021.021.09.45.20,URE,2021.021.09.45.20,earthquake,3074,,30.74,,3,0,0.8564,0.0,14.8,,6.3470001220703125,-76.83300018310547,31.57,2.4,7.751667,-75.532667,251.0,211.59,222.85
URE.2021.022.23.56.33,URE,2021.022.23.56.33,earthquake,3016,4132.0,30.16,41.32,3,2,0.9314,0.2934,7.32,2.24,7.442999839782715,-74.69300079345703,29.34,1.7,7.751667,-75.532667,251.0,98.74,110.17
URE.2021.023.14.21.19,URE,2021.023.14.21.19,earthquake,3234,,32.34,,3,0,0.627,0.0,1.1,,6.873000144958496,-76.38700103759766,18.79,1.5,7.751667,-75.532667,251.0,135.43,224.21
URE.2021.023.21.50.50,URE,2021.023.21.50.50,earthquake,3124,,31.24,,3,0,0.6669,0.0,7.66,,6.857999801635742,-76.26699829101562,16.21,1.7,7.751667,-75.532667,251.0,127.84,219.41
URE.2021.024.11.52.12,URE,2021.024.11.52.12,earthquake,3216,4809.0,32.16,48.09,3,3,0.8487,0.4441,7.32,12.47,6.85099983215332,-76.26399993896484,21.95,2.0,7.751667,-75.532667,251.0,128.23,219.08
URE.2021.024.22.39.59,URE,2021.024.22.39.59,earthquake,3421,5728.0,34.21,57.28,3,2,0.8627,0.5276,1.86,10.73,6.388000011444092,-76.69200134277344,26.99,2.2,7.751667,-75.532667,251.0,197.86,220.41
URE.2021.025.01.44.03,URE,2021.025.01.44.03,earthquake,3427,5796.0,34.27,57.96,3,3,0.9107,0.6611,8.04,13.16,6.131999969482422,-76.58599853515625,36.13,2.3,7.751667,-75.532667,251.0,213.62,213.08
URE.2021.026.00.46.43,URE,2021.026.00.46.43,earthquake,3174,4655.0,31.74,46.55,3,4,0.8523,0.4464,5.64,14.56,6.9770002365112305,-76.2229995727539,15.04,1.5,7.751667,-75.532667,251.0,114.67,221.7
URE.2021.026.03.09.48,URE,2021.026.03.09.48,earthquake,3220,4664.0,32.2,46.64,4,4,0.7746,0.379,3.16,9.85,7.065999984741211,-76.25,18.32,1.5,7.751667,-75.532667,251.0,109.64,226.29
URE.2021.026.03.12.53,URE,2021.026.03.12.53,earthquake,3166,4620.0,31.66,46.2,4,4,0.7516,0.5005,8.17,15.95,7.046999931335449,-76.25599670410156,19.49,1.7,7.751667,-75.532667,251.0,111.58,225.75
URE.2021.027.06.39.09,URE,2021.027.06.39.09,earthquake,3118,4660.0,31.18,46.6,4,2,0.7641,0.4614,23.82,16.83,6.986999988555908,-76.29199981689453,14.57,1.4,7.751667,-75.532667,251.0,119.08,224.8
URE.2021.029.04.26.46,URE,2021.029.04.26.46,earthquake,3178,4766.0,31.78,47.66,3,3,0.8559,0.5914,7.97,14.22,6.958000183105469,-76.25900268554688,12.93,1.8,7.751667,-75.532667,251.0,118.89,222.46
URE.2021.029.07.16.46,URE,2021.029.07.16.46,earthquake,3304,,33.04,,3,0,0.5461,0.0,5.75,,6.261000156402588,-76.6760025024414,32.85,2.3,7.751667,-75.532667,251.0,207.69,217.54
URE.2021.032.13.36.41,URE,2021.032.13.36.41,earthquake,2931,5045.0,29.31,50.45,3,4,0.5036,0.4266,0.86,15.2,6.49399995803833,-76.7030029296875,28.47,2.3,7.751667,-75.532667,251.0,189.89,222.98
URE.2021.032.16.21.25,URE,2021.032.16.21.25,earthquake,6312,6818.0,63.12,68.18,4,2,0.7655,0.1944,0.85,1.42,5.1519999504089355,-76.71399688720703,39.88,1.9,7.751667,-75.532667,251.0,315.79,204.51
URE.2021.032.16.33.43,URE,2021.032.16.33.43,earthquake,,13573.0,,135.73,0,4,0.0,0.3471,-3.98,1.2,6.86299991607666,-76.34100341796875,11.44,1.8,7.751667,-75.532667,251.0,132.76,222.3
URE.2021.033.19.29.19,URE,2021.033.19.29.19,earthquake,3200.0,4754.0,32.0,47.54,4,3,0.8318,0.5336,27.94,19.16,6.99399995803833,-76.26000213623047,12.7,1.4,7.751667,-75.532667,251.0,116.06,223.83
URE.2021.034.07.48.38,URE,2021.034.07.48.38,earthquake,3248.0,5599.0,32.48,55.99,3,3,0.9349,0.4912,11.14,5.41,6.0920000076293945,-76.49299621582031,35.2,1.9,7.751667,-75.532667,251.0,212.02,210.1
URE.2021.034.19.46.55,URE,2021.034.19.46.55,earthquake,2940.0,4220.0,29.4,42.2,4,4,0.7671,0.5638,11.11,12.96,7.046999931335449,-76.0270004272461,16.38,1.5,7.751667,-75.532667,251.0,95.14,215.04
URE.2021.034.21.18.36,URE,2021.034.21.18.36,earthquake,2922.0,4353.0,29.22,43.53,4,4,0.7234,0.5107,9.04,14.12,6.808000087738037,-75.9540023803711,26.83,1.8,7.751667,-75.532667,251.0,114.26,204.06
URE.2021.036.11.41.16,URE,2021.036.11.41.16,earthquake,3022.0,4675.0,30.22,46.75,3,2,0.8215,0.3656,0.33,1.53,7.729000091552734,-76.8030014038086,19.62,1.7,7.751667,-75.532667,251.0,140.16,269.06
URE.2021.038.05.45.55,URE,2021.038.05.45.55,earthquake,2850.0,4353.0,28.5,43.53,4,3,0.8446,0.5838,5.34,10.91,6.875999927520752,-76.27200317382812,17.28,1.6,7.751667,-75.532667,251.0,126.66,220.18
URE.2021.038.20.48.29,URE,2021.038.20.48.29,earthquake,2975.0,4652.0,29.75,46.52,3,2,0.8578,0.4369,6.93,8.4,6.677999973297119,-74.85299682617188,24.51,1.5,7.751667,-75.532667,251.0,140.48,147.66
URE.2021.039.08.07.49,URE,2021.039.08.07.49,earthquake,11191.0,12014.0,111.91,120.14,4,4,0.913,0.6948,12.74,11.79,7.548999786376953,-76.97699737548828,11.61,2.1,7.751667,-75.532667,251.0,160.93,262.09
URE.2021.040.06.25.43,URE,2021.040.06.25.43,earthquake,2858.0,4365.0,28.58,43.65,4,4,0.7883,0.4864,0.33,9.42,6.909999847412109,-76.2490005493164,8.65,1.5,7.751667,-75.532667,251.0,122.15,220.4
URE.2021.041.23.16.03,URE,2021.041.23.16.03,earthquake,3100.0,4815.0,31.0,48.15,3,3,0.7482,0.3177,5.22,11.75,6.939000129699707,-76.26599884033203,12.93,1.9,7.751667,-75.532667,251.0,120.97,222.06
URE.2021.041.23.59.38,URE,2021.041.23.59.38,earthquake,3206.0,4817.0,32.06,48.17,3,3,0.7253,0.4105,8.95,16.65,6.945000171661377,-76.2490005493164,10.64,1.6,7.751667,-75.532667,251.0,119.22,221.61
URE.2021.043.02.56.15,URE,2021.043.02.56.15,earthquake,2916.0,4428.0,29.16,44.28,4,4,0.8101,0.5843,5.56,13.79,6.922999858856201,-76.23300170898438,8.38,1.6,7.751667,-75.532667,251.0,119.91,220.2
URE.2021.043.03.29.56,URE,2021.043.03.29.56,earthquake,2958.0,4625.0,29.58,46.25,4,3,0.7692,0.4736,6.2,16.4,6.763000011444092,-76.06300354003906,-0.02,1.8,7.751667,-75.532667,251.0,124.04,208.21
URE.2021.043.08.26.18,URE,2021.043.08.26.18,earthquake,2825.0,4158.0,28.25,41.58,4,4,0.7861,0.5211,3.5,9.32,7.073999881744385,-74.73699951171875,4.51,1.8,7.751667,-75.532667,251.0,115.47,130.42
URE.2021.043.17.45.19,URE,2021.043.17.45.19,earthquake,2873.0,4375.0,28.73,43.75,3,4,0.8946,0.4245,8.66,10.88,6.894000053405762,-76.11399841308594,0.0,1.6,7.751667,-75.532667,251.0,114.53,214.13
URE.2021.045.09.20.20,URE,2021.045.09.20.20,earthquake,2807.0,4470.0,28.07,44.7,3,3,0.6101,0.4662,5.47,16.62,6.820000171661377,-76.12200164794922,-0.01,1.6,7.751667,-75.532667,251.0,121.87,212.31
URE.2021.045.10.31.00,URE,2021.045.10.31.00,earthquake,2951.0,4011.0,29.51,40.11,4,4,0.8187,0.6289,5.91,13.55,7.4019999504089355,-74.79199981689453,25.12,2.0,7.751667,-75.532667,251.0,90.42,115.27
URE.2021.045.11.46.35,URE,2021.045.11.46.35,earthquake,2816.0,4474.0,28.16,44.74,3,4,0.6696,0.3847,1.68,17.82,6.75600004196167,-76.03700256347656,0.0,1.0,7.751667,-75.532667,251.0,123.4,206.86
URE.2021.046.12.17.16,URE,2021.046.12.17.16,earthquake,3266.0,4623.0,32.66,46.23,3,3,0.8521,0.5883,17.68,18.39,7.133999824523926,-76.20899963378906,7.3,2.1,7.751667,-75.532667,251.0,101.19,227.59
URE.2021.046.22.26.44,URE,2021.046.22.26.44,earthquake,3213.0,4700.0,32.13,47.0,3,3,0.5466,0.5013,14.47,17.8,6.974999904632568,-76.23799896240234,15.27,1.3,7.751667,-75.532667,251.0,115.94,222.24
URE.2021.048.11.10.42,URE,2021.048.11.10.42,earthquake,2998.0,,29.98,,3,0,0.9152,0.0,10.99,,6.252999782562256,-74.23899841308594,15.24,2.4,7.751667,-75.532667,251.0,218.86,139.14
URE.2021.048.15.01.15,URE,2021.048.15.01.15,earthquake,2886.0,4815.0,28.86,48.15,3,3,0.8046,0.3473,8.59,3.26,6.921999931335449,-76.84700012207031,24.3,2.0,7.751667,-75.532667,251.0,171.69,237.78
URE.2021.048.23.45.23,URE,2021.048.23.45.23,earthquake,3193.0,4836.0,31.93,48.36,3,3,0.6335,0.47,5.21,12.09,6.888999938964844,-76.34600067138672,21.02,1.8,7.751667,-75.532667,251.0,131.02,223.32
URE.2021.057.18.17.08,URE,2021.057.18.17.08,earthquake,2757.0,4440.0,27.57,44.4,4,2,0.7721,0.4955,12.67,11.18,7.623000144958496,-74.23100280761719,3.02,1.8,7.751667,-75.532667,251.0,144.31,95.57
URE.2021.058.00.56.38,URE,2021.058.00.56.38,earthquake,2959.0,4012.0,29.59,40.12,4,2,0.7144,0.2082,4.62,13.45,7.11899995803833,-75.83799743652344,-0.25,1.5,7.751667,-75.532667,251.0,77.66,205.74
URE.2021.058.11.08.20,URE,2021.058.11.08.20,earthquake,2968.0,4935.0,29.68,49.35,3,3,0.6145,0.5783,2.77,6.92,7.298999786376953,-77.03600311279297,22.33,2.2,7.751667,-75.532667,251.0,173.31,253.31
URE.2021.061.07.46.36,URE,2021.061.07.46.36,earthquake,2903.0,4176.0,29.03,41.76,4,3,0.9032,0.4458,12.28,9.45,7.736000061035156,-74.6719970703125,16.39,1.6,7.751667,-75.532667,251.0,94.96,90.99
URE.2021.062.04.57.00,URE,2021.062.04.57.00,earthquake,,4490.0,,44.9,0,4,0.0,0.524,-2.05,14.25,6.821000099182129,-76.33899688720703,0.0,1.7,7.751667,-75.532667,251.0,136.09,220.92
URE.2021.062.05.12.23,URE,2021.062.05.12.23,earthquake,2871.0,4373.0,28.71,43.73,3,4,0.6396,0.4985,10.05,15.56,6.915999889373779,-76.19300079345703,0.0,1.8,7.751667,-75.532667,251.0,117.72,218.31
URE.2021.063.13.20.13,URE,2021.063.13.20.13,earthquake,2889.0,3835.0,28.89,38.35,4,4,0.9025,0.4008,27.34,8.47,7.14300012588501,-75.65599822998047,17.74,1.9,7.751667,-75.532667,251.0,68.68,191.44
URE.2021.064.08.03.06,URE,2021.064.08.03.06,noise,,,,,0,0,0.0,0.0,,,5.7230000495910645,-73.75499725341797,17.18,1.5,7.751667,-75.532667,251.0,298.25,138.67
URE.2021.066.12.34.02,URE,2021.066.12.34.02,earthquake,2822.0,3795.0,28.22,37.95,4,4,0.7847,0.5907,9.86,13.46,7.197999954223633,-75.13800048828125,8.03,1.5,7.751667,-75.532667,251.0,75.15,144.54
URE.2021.067.13.28.06,URE,2021.067.13.28.06,earthquake,2947.0,4615.0,29.47,46.15,3,4,0.826,0.4391,4.25,17.12,6.788000106811523,-76.2249984741211,11.83,1.8,7.751667,-75.532667,251.0,131.16,215.7
URE.2021.067.22.48.33,URE,2021.067.22.48.33,earthquake,2793.0,4449.0,27.93,44.49,3,2,0.7587,0.4595,1.72,6.39,6.843999862670898,-76.24400329589844,-0.03,1.9,7.751667,-75.532667,251.0,127.46,218.09
URE.2021.068.03.44.52,URE,2021.068.03.44.52,earthquake,9880.0,,98.8,,3,0,0.6779,0.0,4.14,,6.364999771118164,-74.09100341796875,28.1,2.2,7.751667,-75.532667,251.0,221.1,133.82
URE.2021.068.10.37.40,URE,2021.068.10.37.40,earthquake,2927.0,4138.0,29.27,41.38,4,4,0.6346,0.4199,4.05,11.85,7.127999782562256,-76.13700103759766,20.01,1.6,7.751667,-75.532667,251.0,95.96,224.08
URE.2021.068.11.59.42,URE,2021.068.11.59.42,earthquake,3154.0,5309.0,31.54,53.09,3,2,0.7688,0.3794,37.19,10.25,6.53000020980835,-76.13700103759766,20.9,3.7,7.751667,-75.532667,251.0,150.7,206.33
URE.2021.068.15.48.56,URE,2021.068.15.48.56,earthquake,3127.0,3946.0,31.27,39.46,4,4,0.926,0.7166,14.86,15.53,7.2270002365112305,-75.28399658203125,19.02,1.9,7.751667,-75.532667,251.0,64.19,154.67
URE.2021.069.12.11.49,URE,2021.069.12.11.49,earthquake,3305.0,4679.0,33.05,46.79,4,3,0.7809,0.6321,9.37,13.69,7.456999778747559,-76.3550033569336,25.82,1.5,7.751667,-75.532667,251.0,96.42,250.3
URE.2021.069.15.30.21,URE,2021.069.15.30.21,noise,,,,,0,0,0.0,0.0,,,6.883999824523926,-76.61699676513672,3.79,1.5,7.751667,-75.532667,251.0,153.44,231.36
URE.2021.069.15.56.57,URE,2021.069.15.56.57,earthquake,3207.0,4714.0,32.07,47.14,4,3,0.6785,0.5705,13.66,13.78,7.054999828338623,-76.24299621582031,16.91,2.0,7.751667,-75.532667,251.0,109.93,225.55
URE.2021.070.13.48.42,URE,2021.070.13.48.42,earthquake,2987.0,5287.0,29.87,52.87,3,3,0.4561,0.5151,6.43,5.37,7.208000183105469,-73.80699920654297,29.63,1.7,7.751667,-75.532667,251.0,199.74,107.41
URE.2021.070.16.12.00,URE,2021.070.16.12.00,earthquake,2931.0,3900.0,29.31,39.0,3,3,0.6453,0.4422,16.16,12.96,7.085000038146973,-75.64900207519531,14.9,1.7,7.751667,-75.532667,251.0,74.84,189.89
URE.2021.071.09.11.43,URE,2021.071.09.11.43,earthquake,2970.0,4443.0,29.7,44.43,4,4,0.7645,0.4942,7.23,13.72,6.927000045776367,-76.16699981689453,-0.06,1.7,7.751667,-75.532667,251.0,114.99,217.56
URE.2021.072.11.44.32,URE,2021.072.11.44.32,earthquake,3283.0,7267.0,32.83,72.67,3,4,0.8963,0.4197,10.35,12.49,6.926000118255615,-76.31300354003906,25.12,1.9,7.751667,-75.532667,251.0,125.54,223.39
URE.2021.072.17.30.06,URE,2021.072.17.30.06,earthquake,3295.0,,32.95,,3,0,0.6113,0.0,0.44,,6.440000057220459,-76.55699920654297,24.77,1.5,7.751667,-75.532667,251.0,183.98,218.02
URE.2021.072.18.24.15,URE,2021.072.18.24.15,earthquake,3156.0,4346.0,31.56,43.46,4,2,0.7964,0.5314,10.4,16.88,7.375,-76.14199829101562,6.84,1.7,7.751667,-75.532667,251.0,79.1,238.26
URE.2021.072.18.38.16,URE,2021.072.18.38.16,noise,,,,,0,0,0.0,0.0,,,5.447000026702881,-76.03700256347656,35.9,1.5,7.751667,-75.532667,251.0,260.9,192.37
URE.2021.073.02.00.40,URE,2021.073.02.00.40,earthquake,2856.0,4640.0,28.56,46.4,3,3,0.6508,0.5282,2.29,10.32,7.369999885559082,-74.16300201416016,6.82,1.6,7.751667,-75.532667,251.0,156.94,105.51
URE.2021.073.08.03.08,URE,2021.073.08.03.08,earthquake,3300.0,,33.0,,3,0,0.719,0.0,5.2,,6.980999946594238,-76.59200286865234,15.98,1.5,7.751667,-75.532667,251.0,144.72,233.99
URE.2021.074.01.38.08,URE,2021.074.01.38.08,earthquake,2976.0,4437.0,29.76,44.37,3,4,0.889,0.3905,9.17,7.51,7.190999984741211,-74.5770034790039,31.63,1.7,7.751667,-75.532667,251.0,122.36,120.38
URE.2021.075.05.39.48,URE,2021.075.05.39.48,earthquake,3218.0,4734.0,32.18,47.34,3,3,0.7153,0.5813,9.07,13.21,6.989999771118164,-76.20800018310547,17.38,1.8,7.751667,-75.532667,251.0,112.49,221.56
URE.2021.075.20.15.07,URE,2021.075.20.15.07,earthquake,3056.0,3918.0,30.56,39.18,4,2,0.7252,0.4855,13.1,7.42,7.195000171661377,-75.57499694824219,15.98,2.0,7.751667,-75.532667,251.0,61.74,184.34
URE.2021.076.11.17.13,URE,2021.076.11.17.13,earthquake,3112.0,4713.0,31.12,47.13,4,3,0.852,0.4168,23.77,18.42,6.964000225067139,-76.2490005493164,15.04,1.6,7.751667,-75.532667,251.0,117.66,222.28
URE.2021.076.11.35.41,URE,2021.076.11.35.41,earthquake,,4766.0,,47.66,0,4,0.0,0.4982,-1.75,10.4,6.9710001945495605,-76.28500366210938,8.95,1.5,7.751667,-75.532667,251.0,119.81,223.94
URE.2021.077.06.18.41,URE,2021.077.06.18.41,earthquake,2828.0,3645.0,28.28,36.45,4,2,0.7577,0.4565,9.66,9.74,7.150000095367432,-75.88899993896484,3.53,1.6,7.751667,-75.532667,251.0,77.3,210.61
URE.2021.077.06.41.55,URE,2021.077.06.41.55,earthquake,12364.0,,123.64,,3,0,0.6351,0.0,5.55,,5.8460001945495605,-76.95999908447266,33.48,1.8,7.751667,-75.532667,251.0,263.26,216.91
URE.2021.079.16.59.25,URE,2021.079.16.59.25,earthquake,3119.0,4442.0,31.19,44.42,3,3,0.9269,0.4044,32.85,12.87,7.158999919891357,-76.14900207519531,19.49,1.3,7.751667,-75.532667,251.0,94.47,226.11
URE.2021.079.19.09.56,URE,2021.079.19.09.56,earthquake,3011.0,3735.0,30.11,37.35,4,4,0.9431,0.8498,38.82,22.22,7.669000148773193,-75.10199737548828,30.27,2.3,7.751667,-75.532667,251.0,48.38,100.86
URE.2021.080.02.07.14,URE,2021.080.02.07.14,earthquake,2891.0,4502.0,28.91,45.02,3,4,0.936,0.5465,8.04,14.04,7.2210001945495605,-76.5009994506836,-0.2,1.5,7.751667,-75.532667,251.0,121.93,241.29
URE.2021.080.04.42.53,URE,2021.080.04.42.53,earthquake,3381.0,6056.0,33.81,60.56,3,2,0.869,0.5235,6.07,10.6,6.053999900817871,-76.89299774169922,34.73,2.3,7.751667,-75.532667,251.0,240.52,218.77
URE.2021.081.12.47.21,URE,2021.081.12.47.21,earthquake,2926.0,4058.0,29.26,40.58,3,2,0.7439,0.2866,5.13,8.26,7.283999919891357,-76.00599670410156,0.0,1.5,7.751667,-75.532667,251.0,73.51,225.32
URE.2021.082.04.16.16,URE,2021.082.04.16.16,earthquake,1673.0,,16.73,,3,0,0.6696,0.0,6.49,,7.09499979019165,-76.87899780273438,20.98,1.9,7.751667,-75.532667,251.0,165.42,244.05
URE.2021.082.21.21.13,URE,2021.082.21.21.13,earthquake,3093.0,4354.0,30.93,43.54,4,4,0.8176,0.5187,10.79,14.28,7.190999984741211,-76.0770034790039,13.16,1.6,7.751667,-75.532667,251.0,86.34,224.13
URE.2021.082.22.57.50,URE,2021.082.22.57.50,earthquake,3338.0,,33.38,,3,0,0.915,0.0,15.07,,6.995999813079834,-76.69000244140625,21.84,1.8,7.751667,-75.532667,251.0,152.68,236.89
URE.2021.083.05.44.08,URE,2021.083.05.44.08,earthquake,2862.0,,28.62,,3,0,0.7536,0.0,2.57,,6.60699987411499,-74.26399993896484,8.93,1.7,7.751667,-75.532667,251.0,188.84,132.01
URE.2021.083.09.46.50,URE,2021.083.09.46.50,earthquake,3037.0,3759.0,30.37,37.59,4,4,0.9318,0.8213,27.21,14.83,7.7220001220703125,-75.10399627685547,31.21,1.9,7.751667,-75.532667,251.0,47.4,93.94
URE.2021.084.00.30.20,URE,2021.084.00.30.20,earthquake,3219.0,4756.0,32.19,47.56,3,4,0.6843,0.4354,2.33,16.17,7.046999931335449,-76.21499633789062,14.1,1.6,7.751667,-75.532667,251.0,108.39,224.07
URE.2021.087.05.15.38,URE,2021.087.05.15.38,earthquake,3099.0,4044.0,30.99,40.44,4,4,0.9111,0.3647,22.27,8.61,7.705999851226807,-76.072998046875,31.8,2.1,7.751667,-75.532667,251.0,59.82,265.19
URE.2021.087.20.47.04,URE,2021.087.20.47.04,earthquake,2825.0,4879.0,28.25,48.79,3,2,0.8433,0.3493,6.16,13.37,6.951000213623047,-76.73300170898438,0.0,1.9,7.751667,-75.532667,251.0,159.39,236.33
URE.2021.088.00.30.38,URE,2021.088.00.30.38,earthquake,3041.0,3988.0,30.41,39.88,4,4,0.8814,0.5973,21.92,10.32,7.690000057220459,-76.0719985961914,25.12,2.0,7.751667,-75.532667,251.0,59.89,263.5
URE.2021.088.05.33.52,URE,2021.088.05.33.52,earthquake,3071.0,4123.0,30.71,41.23,4,4,0.8287,0.4694,19.99,9.75,7.376999855041504,-76.07599639892578,22.77,2.1,7.751667,-75.532667,251.0,72.88,235.39
URE.2021.088.05.35.47,URE,2021.088.05.35.47,earthquake,2957.0,4007.0,29.57,40.07,4,3,0.8146,0.5207,8.07,9.4,7.330999851226807,-76.02999877929688,0.0,1.6,7.751667,-75.532667,251.0,71.95,229.75
URE.2021.089.01.08.09,URE,2021.089.01.08.09,earthquake,3170.0,4088.0,31.7,40.88,4,3,0.8499,0.4913,17.17,14.24,7.241000175476074,-75.8479995727539,32.38,1.5,7.751667,-75.532667,251.0,66.34,211.67
URE.2021.091.03.50.11,URE,2021.091.03.50.11,earthquake,3170.0,4771.0,31.7,47.71,3,2,0.8906,0.3048,3.69,15.05,6.914999961853027,-76.2760009765625,8.24,1.9,7.751667,-75.532667,251.0,123.68,221.62
URE.2021.092.22.43.57,URE,2021.092.22.43.57,earthquake,2917.0,5151.0,29.17,51.51,3,2,0.9249,0.453,45.5,15.37,7.313000202178955,-77.125,17.75,4.9,7.751667,-75.532667,251.0,182.31,254.67
URE.2021.093.03.27.56,URE,2021.093.03.27.56,earthquake,2878.0,4973.0,28.78,49.73,4,2,0.6686,0.466,5.52,20.58,7.261000156402588,-77.16100311279297,18.39,2.5,7.751667,-75.532667,251.0,187.74,253.31
URE.2021.093.06.27.14,URE,2021.093.06.27.14,earthquake,3033.0,5105.0,30.33,51.05,3,3,0.5635,0.5374,2.37,15.43,7.26800012588501,-77.30000305175781,29.88,2.4,7.751667,-75.532667,251.0,202.26,254.78
URE.2021.093.07.12.28,URE,2021.093.07.12.28,earthquake,3080.0,5071.0,30.8,50.71,3,3,0.7819,0.4679,1.86,4.93,7.255000114440918,-77.10800170898438,20.56,1.9,7.751667,-75.532667,251.0,182.34,252.57
URE.2021.093.09.19.26,URE,2021.093.09.19.26,earthquake,2911.0,5177.0,29.11,51.77,3,2,0.7926,0.443,3.51,13.88,7.379000186920166,-77.08300018310547,7.42,2.2,7.751667,-75.532667,251.0,175.98,256.56
URE.2021.093.18.26.24,URE,2021.093.18.26.24,earthquake,2942.0,4899.0,29.42,48.99,3,3,0.5695,0.4941,2.75,3.26,7.138999938964844,-76.90899658203125,15.47,1.9,7.751667,-75.532667,251.0,166.35,246.05
URE.2021.094.04.38.42,URE,2021.094.04.38.42,earthquake,2937.0,4138.0,29.37,41.38,3,3,0.9456,0.6569,5.28,9.42,7.090000152587891,-75.99299621582031,27.68,1.5,7.751667,-75.532667,251.0,89.09,214.81
URE.2021.094.06.53.31,URE,2021.094.06.53.31,earthquake,3236.0,4622.0,32.36,46.22,4,4,0.734,0.4063,6.29,10.23,7.039999961853027,-76.22200012207031,17.15,1.5,7.751667,-75.532667,251.0,109.48,224.08
URE.2021.095.03.18.39,URE,2021.095.03.18.39,earthquake,8738.0,8743.0,87.38,87.43,3,2,0.7128,0.3727,5.37,5.62,5.885000228881836,-74.6050033569336,0.84,1.8,7.751667,-75.532667,251.0,230.5,153.53
URE.2021.095.07.19.55,URE,2021.095.07.19.55,earthquake,3352.0,5492.0,33.52,54.92,3,3,0.8619,0.4733,10.0,17.12,7.317999839782715,-77.04000091552734,35.43,2.3,7.751667,-75.532667,251.0,173.13,254.02
URE.2021.095.10.03.19,URE,2021.095.10.03.19,earthquake,3268.0,,32.68,,3,0,0.6285,0.0,2.89,,6.932000160217285,-76.73699951171875,16.91,2.1,7.751667,-75.532667,251.0,160.93,235.8
URE.2021.095.23.09.12,URE,2021.095.23.09.12,earthquake,3174.0,4802.0,31.74,48.02,3,3,0.7801,0.4203,20.07,14.24,6.855999946594238,-76.28399658203125,20.2,1.6,7.751667,-75.532667,251.0,129.21,220.0
URE.2021.095.23.17.13,URE,2021.095.23.17.13,earthquake,3220.0,4769.0,32.2,47.69,3,3,0.7062,0.3626,5.76,12.69,6.860000133514404,-76.25199890136719,20.2,1.8,7.751667,-75.532667,251.0,126.62,218.9
URE.2021.096.06.55.14,URE,2021.096.06.55.14,earthquake,2848.0,4809.0,28.48,48.09,3,4,0.8023,0.4301,18.89,20.11,6.932000160217285,-76.69300079345703,4.39,2.9,7.751667,-75.532667,251.0,156.94,234.79
URE.2021.096.11.20.46,URE,2021.096.11.20.46,earthquake,2858.0,,28.58,,3,0,0.7758,0.0,11.59,,7.2870001792907715,-77.04399871826172,18.61,2.4,7.751667,-75.532667,251.0,174.54,252.98
URE.2021.097.05.55.59,URE,2021.097.05.55.59,earthquake,2836.0,5018.0,28.36,50.18,3,4,0.8093,0.5025,4.76,14.71,7.2129998207092285,-77.03299713134766,21.3,1.7,7.751667,-75.532667,251.0,175.99,250.31
URE.2021.097.10.35.12,URE,2021.097.10.35.12,earthquake,,5023.0,,50.23,0,2,0.0,0.5885,-6.86,13.35,7.025000095367432,-76.9800033569336,17.07,2.0,7.751667,-75.532667,251.0,178.86,243.39
URE.2021.097.18.49.16,URE,2021.097.18.49.16,earthquake,2932.0,,29.32,,4,0,0.7928,0.0,17.14,,7.15500020980835,-76.86900329589844,25.77,2.4,7.751667,-75.532667,251.0,161.6,245.99
URE.2021.097.19.08.19,URE,2021.097.19.08.19,earthquake,3527.0,3671.0,35.27,36.71,4,2,0.6095,0.1728,5.35,1.85,5.361999988555908,-75.9469985961914,32.79,2.5,7.751667,-75.532667,251.0,268.21,189.86
URE.2021.097.22.22.22,URE,2021.097.22.22.22,earthquake,3229.0,4915.0,32.29,49.15,3,3,0.9188,0.4427,25.98,14.64,7.5289998054504395,-76.58999633789062,26.76,2.6,7.751667,-75.532667,251.0,119.23,258.15
URE.2021.098.16.15.07,URE,2021.098.16.15.07,earthquake,3301.0,4989.0,33.01,49.89,3,3,0.9244,0.4006,17.98,6.11,7.49399995803833,-76.61199951171875,27.58,2.0,7.751667,-75.532667,251.0,122.46,256.62
URE.2021.099.02.36.08,URE,2021.099.02.36.08,earthquake,2785.0,4522.0,27.85,45.22,3,2,0.6149,0.5869,7.11,8.71,7.425000190734863,-76.71399688720703,13.02,1.7,7.751667,-75.532667,251.0,135.27,254.59
URE.2021.099.12.51.02,URE,2021.099.12.51.02,earthquake,2916.0,4437.0,29.16,44.37,3,3,0.8267,0.6939,16.84,17.03,6.951000213623047,-76.23500061035156,9.51,1.9,7.751667,-75.532667,251.0,117.7,221.26
URE.2021.100.04.57.58,URE,2021.100.04.57.58,earthquake,2847.0,,28.47,,3,0,0.8852,0.0,23.25,,6.843999862670898,-76.28800201416016,0.0,2.6,7.751667,-75.532667,251.0,130.51,219.77
URE.2021.100.17.24.17,URE,2021.100.17.24.17,noise,,,,,0,0,0.0,0.0,,,5.8470001220703125,-73.6510009765625,-0.2,1.5,7.751667,-75.532667,251.0,296.02,135.25
URE.2021.101.00.05.28,URE,2021.101.00.05.28,earthquake,3191.0,,31.91,,3,0,0.9094,0.0,19.12,,7.125,-76.0790023803711,18.09,1.6,7.751667,-75.532667,251.0,91.87,221.07
URE.2021.101.10.01.50,URE,2021.101.10.01.50,earthquake,3224.0,5292.0,32.24,52.92,3,3,0.6506,0.5824,1.14,12.4,6.626999855041504,-76.6050033569336,18.2,1.7,7.751667,-75.532667,251.0,171.75,223.67
URE.2021.101.18.02.14,URE,2021.101.18.02.14,earthquake,2824.0,,28.24,,3,0,0.4822,0.0,6.49,,7.1620001792907715,-76.8550033569336,18.43,2.2,7.751667,-75.532667,251.0,159.87,246.01
URE.2021.102.09.19.17,URE,2021.102.09.19.17,earthquake,3124.0,,31.24,,3,0,0.9017,0.0,15.71,,6.986000061035156,-76.6760025024414,13.05,2.6,7.751667,-75.532667,251.0,152.0,236.22
URE.2021.103.01.15.59,URE,2021.103.01.15.59,earthquake,3248.0,4935.0,32.48,49.35,3,3,0.7273,0.4301,2.99,7.48,6.881999969482422,-76.30400085449219,23.01,1.9,7.751667,-75.532667,251.0,128.47,221.58
URE.2021.103.12.15.00,URE,2021.103.12.15.00,earthquake,3064.0,4763.0,30.64,47.63,3,3,0.7357,0.4945,28.86,13.67,6.870999813079834,-76.18599700927734,18.55,2.9,7.751667,-75.532667,251.0,121.2,216.57
URE.2021.103.12.21.50,URE,2021.103.12.21.50,earthquake,3105.0,4805.0,31.05,48.05,4,2,0.725,0.5558,32.86,18.37,6.875,-76.19499969482422,20.43,1.7,7.751667,-75.532667,251.0,121.44,217.07
URE.2021.103.12.23.06,URE,2021.103.12.23.06,earthquake,3167.0,4817.0,31.67,48.17,3,2,0.7462,0.5545,12.12,12.26,6.867000102996826,-76.18000030517578,21.13,1.8,7.751667,-75.532667,251.0,121.17,216.19
URE.2021.103.13.49.43,URE,2021.103.13.49.43,earthquake,3141.0,4779.0,31.41,47.79,3,2,0.8433,0.5639,23.52,18.13,6.876999855041504,-76.15399932861328,17.85,2.7,7.751667,-75.532667,251.0,118.59,215.39
URE.2021.105.03.21.24,URE,2021.105.03.21.24,earthquake,3210.0,4659.0,32.1,46.59,4,2,0.8036,0.7799,16.83,13.74,7.125,-76.2239990234375,15.98,1.7,7.751667,-75.532667,251.0,103.09,227.8
URE.2021.105.09.46.06,URE,2021.105.09.46.06,earthquake,2904.0,4302.0,29.04,43.02,4,3,0.8111,0.6428,16.72,15.94,7.113999843597412,-76.23300170898438,0.13,2.1,7.751667,-75.532667,251.0,104.64,227.68
URE.2021.106.11.14.54,URE,2021.106.11.14.54,earthquake,12015.0,12710.0,120.15,127.1,4,4,0.8136,0.7776,5.61,10.95,7.5329999923706055,-74.62799835205078,15.89,1.6,7.751667,-75.532667,251.0,102.71,103.56
URE.2021.106.12.48.00,URE,2021.106.12.48.00,earthquake,8443.0,,84.43,,3,0,0.5651,0.0,11.5,,6.8470001220703125,-76.13400268554688,-0.01,2.4,7.751667,-75.532667,251.0,120.08,213.61
URE.2021.106.22.28.47,URE,2021.106.22.28.47,earthquake,3187.0,4717.0,31.87,47.17,3,3,0.8533,0.5352,19.34,18.41,6.992000102996826,-76.25299835205078,17.85,2.1,7.751667,-75.532667,251.0,115.68,223.48
URE.2021.107.14.39.07,URE,2021.107.14.39.07,earthquake,3120.0,3859.0,31.2,38.59,4,4,0.9439,0.7618,39.02,10.49,7.558000087738037,-75.1240005493164,33.67,2.7,7.751667,-75.532667,251.0,49.92,115.38
URE.2021.107.17.01.55,URE,2021.107.17.01.55,earthquake,3113.0,4619.0,31.13,46.19,4,3,0.6138,0.5198,20.93,16.95,6.966000080108643,-76.29000091552734,17.15,2.6,7.751667,-75.532667,251.0,120.59,223.95
URE.2021.108.11.24.40,URE,2021.108.11.24.40,earthquake,9979.0,11069.0,99.79,110.69,3,4,0.8815,0.5998,5.11,16.42,7.044000148773193,-77.10900115966797,15.79,2.1,7.751667,-75.532667,251.0,190.81,245.89
URE.2021.109.01.36.06,URE,2021.109.01.36.06,earthquake,3120.0,4735.0,31.2,47.35,3,3,0.7417,0.4615,6.17,13.6,6.864999771118164,-76.16699981689453,26.52,2.0,7.751667,-75.532667,251.0,120.51,215.58
URE.2021.109.05.50.45,URE,2021.109.05.50.45,earthquake,3177.0,4193.0,31.77,41.93,4,4,0.84,0.4771,19.96,9.72,7.451000213623047,-76.10600280761719,17.38,1.8,7.751667,-75.532667,251.0,71.47,242.31
URE.2021.109.15.40.21,URE,2021.109.15.40.21,earthquake,3406.0,5384.0,34.06,53.84,3,3,0.6586,0.4413,4.28,7.05,6.635000228881836,-76.66500091552734,29.45,1.8,7.751667,-75.532667,251.0,175.76,225.43
URE.2021.109.19.43.44,URE,2021.109.19.43.44,earthquake,3142.0,4816.0,31.42,48.16,4,4,0.8369,0.5201,4.71,15.32,6.89300012588501,-76.24299621582031,12.58,1.8,7.751667,-75.532667,251.0,123.16,219.6
URE.2021.110.17.02.00,URE,2021.110.17.02.00,earthquake,3146.0,4696.0,31.46,46.96,4,3,0.6821,0.4352,15.83,18.1,6.934999942779541,-76.26399993896484,17.21,2.4,7.751667,-75.532667,251.0,121.15,221.85
URE.2021.110.19.50.27,URE,2021.110.19.50.27,earthquake,3054.0,4756.0,30.54,47.56,4,3,0.5928,0.4919,21.39,16.36,6.961999893188477,-76.1969985961914,11.29,2.3,7.751667,-75.532667,251.0,114.05,220.07
URE.2021.111.22.43.59,URE,2021.111.22.43.59,earthquake,3165.0,4757.0,31.65,47.57,3,2,0.7743,0.3845,6.16,19.21,6.901000022888184,-76.25499725341797,11.52,2.2,7.751667,-75.532667,251.0,123.34,220.34
URE.2021.112.13.08.41,URE,2021.112.13.08.41,noise,,,,,0,0,0.0,0.0,,,6.215000152587891,-73.87100219726562,15.41,1.9,7.751667,-75.532667,251.0,250.18,132.68
URE.2021.113.23.54.28,URE,2021.113.23.54.28,earthquake,3243.0,4947.0,32.43,49.47,3,2,0.8573,0.5701,12.32,12.82,7.396999835968018,-76.51699829101562,15.39,1.5,7.751667,-75.532667,251.0,115.49,250.21
URE.2021.114.00.14.34,URE,2021.114.00.14.34,earthquake,3305.0,4880.0,33.05,48.8,3,3,0.645,0.3751,3.99,11.04,6.868000030517578,-76.30699920654297,26.17,2.1,7.751667,-75.532667,251.0,129.85,221.23
URE.2021.114.18.05.06,URE,2021.114.18.05.06,earthquake,3340.0,5336.0,33.4,53.36,3,2,0.6993,0.5161,5.41,5.97,6.919000148773193,-76.7020034790039,33.67,1.9,7.751667,-75.532667,251.0,158.59,234.58
URE.2021.115.07.53.49,URE,2021.115.07.53.49,earthquake,3114.0,4498.0,31.14,44.98,3,4,0.8163,0.6238,9.9,13.43,7.117000102996826,-76.25800323486328,18.79,1.5,7.751667,-75.532667,251.0,106.48,228.81
URE.2021.116.11.36.56,URE,2021.116.11.36.56,earthquake,3054.0,4102.0,30.54,41.02,3,4,0.9027,0.5372,40.82,15.24,7.4019999504089355,-76.0530014038086,24.65,2.8,7.751667,-75.532667,251.0,69.23,236.08
URE.2021.116.14.57.16,URE,2021.116.14.57.16,earthquake,3229.0,,32.29,,3,0,0.6973,0.0,2.13,,6.857999801635742,-76.27400207519531,18.79,1.7,7.751667,-75.532667,251.0,128.33,219.68
URE.2021.117.05.44.40,URE,2021.117.05.44.40,earthquake,,4560.0,,45.6,0,4,0.0,0.5046,-0.23,5.75,6.859000205993652,-76.22599792480469,16.17,1.5,7.751667,-75.532667,251.0,124.93,217.84
URE.2021.118.01.16.13,URE,2021.118.01.16.13,earthquake,3100.0,3959.0,31.0,39.59,4,4,0.9074,0.5671,17.49,6.44,7.506999969482422,-75.09300231933594,34.14,1.6,7.751667,-75.532667,251.0,55.55,119.12
URE.2021.118.06.24.06,URE,2021.118.06.24.06,noise,,,,,0,0,0.0,0.0,,,7.307000160217285,-72.70099639892578,11.76,1.6,7.751667,-75.532667,251.0,316.36,98.76
URE.2021.118.08.53.35,URE,2021.118.08.53.35,earthquake,3094.0,4492.0,30.94,44.92,4,2,0.8162,0.6665,17.44,11.79,7.03000020980835,-74.6719970703125,30.51,2.2,7.751667,-75.532667,251.0,124.09,129.97
URE.2021.118.17.12.01,URE,2021.118.17.12.01,earthquake,2948.0,3955.0,29.48,39.55,4,2,0.81,0.485,19.25,16.39,7.145999908447266,-75.8759994506836,19.55,1.7,7.751667,-75.532667,251.0,76.96,209.52
URE.2021.118.19.54.31,URE,2021.118.19.54.31,earthquake,3191.0,4564.0,31.91,45.64,4,3,0.8429,0.5321,31.59,16.81,7.192999839782715,-76.22899627685547,15.04,1.8,7.751667,-75.532667,251.0,98.62,231.25
URE.2021.120.20.38.41,URE,2021.120.20.38.41,earthquake,2928.0,4374.0,29.28,43.74,4,3,0.68,0.5022,1.6,18.08,6.925000190734863,-76.20999908447266,-0.21,1.9,7.751667,-75.532667,251.0,118.11,219.33
URE.2021.121.08.17.16,URE,2021.121.08.17.16,earthquake,3239.0,4841.0,32.39,48.41,3,4,0.6297,0.3357,2.49,1.68,6.820000171661377,-76.27100372314453,18.09,1.7,7.751667,-75.532667,251.0,131.39,218.4
URE.2021.124.00.37.21,URE,2021.124.00.37.21,earthquake,3466.0,5451.0,34.66,54.51,3,2,0.7734,0.5567,2.5,6.27,6.757999897003174,-76.72599792480469,26.64,1.9,7.751667,-75.532667,251.0,171.59,230.25
URE.2021.125.08.11.28,URE,2021.125.08.11.28,earthquake,3223.0,4514.0,32.23,45.14,3,3,0.6696,0.4735,16.26,11.88,7.211999893188477,-76.19100189208984,17.62,1.5,7.751667,-75.532667,251.0,94.03,230.65
URE.2021.125.10.04.13,URE,2021.125.10.04.13,earthquake,3265.0,4782.0,32.65,47.82,4,2,0.7545,0.6266,15.1,18.39,6.995999813079834,-76.29000091552734,16.21,1.6,7.751667,-75.532667,251.0,118.22,225.06
URE.2021.125.15.18.15,URE,2021.125.15.18.15,earthquake,2978.0,4470.0,29.78,44.7,3,3,0.9159,0.3885,35.1,12.83,6.854000091552734,-74.66999816894531,22.3,3.2,7.751667,-75.532667,251.0,137.58,136.13
URE.2021.128.07.59.13,URE,2021.128.07.59.13,earthquake,3391.0,5372.0,33.91,53.72,3,3,0.7542,0.5166,9.78,10.74,6.796000003814697,-76.75199890136719,32.27,2.2,7.751667,-75.532667,251.0,171.17,231.95
URE.2021.128.15.54.20,URE,2021.128.15.54.20,earthquake,3288.0,,32.88,,3,0,0.7429,0.0,2.4,,6.889999866485596,-76.62999725341797,25.12,1.7,7.751667,-75.532667,251.0,154.15,231.89
URE.2021.128.17.12.13,URE,2021.128.17.12.13,earthquake,3312.0,4907.0,33.12,49.07,3,2,0.7291,0.3835,7.87,13.63,6.8520002365112305,-76.14700317382812,16.21,1.8,7.751667,-75.532667,251.0,120.42,214.33
URE.2021.128.22.06.46,URE,2021.128.22.06.46,earthquake,3056.0,4281.0,30.56,42.81,4,4,0.8569,0.4474,20.49,9.88,7.485000133514404,-74.59700012207031,19.96,2.1,7.751667,-75.532667,251.0,107.37,105.88
URE.2021.129.14.35.33,URE,2021.129.14.35.33,earthquake,3125.0,4891.0,31.25,48.91,3,3,0.7052,0.5138,7.41,6.8,6.785999774932861,-76.31999969482422,20.66,1.6,7.751667,-75.532667,251.0,137.71,219.2
URE.2021.129.20.05.10,URE,2021.129.20.05.10,earthquake,3162.0,4171.0,31.62,41.71,4,4,0.8271,0.5438,17.3,15.88,7.185999870300293,-75.88200378417969,32.85,2.1,7.751667,-75.532667,251.0,73.49,211.67
URE.2021.130.06.06.10,URE,2021.130.06.06.10,earthquake,3002.0,5043.0,30.02,50.43,3,2,0.7122,0.5135,14.73,10.09,6.922999858856201,-76.76899719238281,7.98,1.6,7.751667,-75.532667,251.0,164.42,236.2
URE.2021.131.11.57.05,URE,2021.131.11.57.05,earthquake,2823.0,4400.0,28.23,44.0,4,3,0.8395,0.3521,28.48,12.19,7.354000091552734,-76.59200286865234,0.0,2.6,7.751667,-75.532667,251.0,124.91,249.45
URE.2021.132.19.26.36,URE,2021.132.19.26.36,earthquake,2897.0,4555.0,28.97,45.55,3,2,0.8257,0.416,8.69,8.01,7.063000202178955,-74.4469985961914,9.45,1.8,7.751667,-75.532667,251.0,142.0,122.36
URE.2021.132.23.23.10,URE,2021.132.23.23.10,earthquake,2898.0,3864.0,28.98,38.64,4,4,0.8753,0.6547,16.7,16.73,7.190000057220459,-75.88500213623047,15.98,1.5,7.751667,-75.532667,251.0,73.29,212.07
URE.2021.134.10.31.10,URE,2021.134.10.31.10,earthquake,3259.0,4844.0,32.59,48.44,3,3,0.674,0.4421,7.51,16.15,6.948999881744385,-76.29199981689453,9.41,1.6,7.751667,-75.532667,251.0,122.1,223.41
URE.2021.135.07.05.12,URE,2021.135.07.05.12,earthquake,2875.0,4375.0,28.75,43.75,4,4,0.7227,0.3576,5.61,11.41,7.051000118255615,-76.34500122070312,0.23,1.5,7.751667,-75.532667,251.0,118.52,229.22
URE.2021.135.18.05.03,URE,2021.135.18.05.03,earthquake,2834.0,4623.0,28.34,46.23,4,3,0.7851,0.4575,11.81,9.17,7.36899995803833,-74.1760025024414,2.49,2.2,7.751667,-75.532667,251.0,155.59,105.69
URE.2021.138.09.39.25,URE,2021.138.09.39.25,earthquake,8601.0,,86.01,,3,0,0.6763,0.0,1.71,,6.823999881744385,-76.21399688720703,0.0,1.6,7.751667,-75.532667,251.0,127.22,216.3
URE.2021.138.09.43.04,URE,2021.138.09.43.04,earthquake,3201.0,4792.0,32.01,47.92,3,3,0.7791,0.4079,4.86,16.27,6.835000038146973,-76.28399658203125,15.98,1.5,7.751667,-75.532667,251.0,131.0,219.34
URE.2021.138.11.37.50,URE,2021.138.11.37.50,earthquake,3228.0,,32.28,,3,0,0.805,0.0,2.64,,6.841000080108643,-76.26499938964844,19.73,2.0,7.751667,-75.532667,251.0,129.16,218.81
URE.2021.139.01.53.33,URE,2021.139.01.53.33,earthquake,2949.0,4880.0,29.49,48.8,3,3,0.9202,0.4739,0.4,3.0,7.0879998207092285,-76.97200012207031,10.33,2.2,7.751667,-75.532667,251.0,175.03,245.3
URE.2021.139.08.12.29,URE,2021.139.08.12.29,earthquake,,3383.0,,33.83,0,2,0.0,0.4004,-0.27,7.87,6.695000171661377,-76.71199798583984,32.62,1.8,7.751667,-75.532667,251.0,174.99,228.18
URE.2021.140.23.24.51,URE,2021.140.23.24.51,earthquake,3164.0,4631.0,31.64,46.31,3,4,0.8366,0.322,3.62,8.22,6.927999973297119,-76.19499969482422,14.8,1.6,7.751667,-75.532667,251.0,116.81,218.8
URE.2021.142.08.04.23,URE,2021.142.08.04.23,earthquake,2984.0,,29.84,,3,0,0.6513,0.0,11.39,,6.951000213623047,-73.64199829101562,12.45,2.6,7.751667,-75.532667,251.0,226.75,112.86
URE.2021.143.01.00.04,URE,2021.143.01.00.04,earthquake,3135.0,4147.0,31.35,41.47,4,4,0.7804,0.6234,6.73,20.11,7.190999984741211,-75.85800170898438,32.38,1.5,7.751667,-75.532667,251.0,71.65,210.1
URE.2021.143.11.19.09,URE,2021.143.11.19.09,earthquake,3213.0,4919.0,32.13,49.19,3,4,0.6295,0.3903,1.06,6.31,6.841000080108643,-76.2030029296875,11.99,1.5,7.751667,-75.532667,251.0,124.99,216.36
URE.2021.143.17.43.10,URE,2021.143.17.43.10,earthquake,3161.0,4876.0,31.61,48.76,4,3,0.849,0.581,17.04,16.3,6.783999919891357,-76.33999633789062,24.88,2.1,7.751667,-75.532667,251.0,139.29,219.85
URE.2021.143.18.55.47,URE,2021.143.18.55.47,earthquake,2907.0,,29.07,,3,0,0.8259,0.0,14.13,,7.557000160217285,-77.04000091552734,21.91,2.2,7.751667,-75.532667,251.0,167.7,262.72
URE.2021.143.22.18.24,URE,2021.143.22.18.24,earthquake,2869.0,5268.0,28.69,52.68,3,2,0.5475,0.4003,6.75,8.9,6.960000038146973,-74.09200286865234,4.8,1.9,7.751667,-75.532667,251.0,181.57,118.74
URE.2021.145.16.16.32,URE,2021.145.16.16.32,earthquake,3237.0,4933.0,32.37,49.33,3,2,0.5827,0.3958,7.44,6.03,6.901000022888184,-76.21399688720703,13.63,1.5,7.751667,-75.532667,251.0,120.46,218.69
URE.2021.146.19.21.27,URE,2021.146.19.21.27,earthquake,,3534.0,,35.34,0,2,0.0,0.3964,-2.23,10.23,5.64300012588501,-76.9540023803711,34.02,2.7,7.751667,-75.532667,251.0,281.2,214.06
URE.2021.147.04.43.52,URE,2021.147.04.43.52,earthquake,2886.0,4838.0,28.86,48.38,3,2,0.8716,0.4722,8.91,6.35,6.89900016784668,-76.77999877929688,3.96,2.3,7.751667,-75.532667,251.0,166.91,235.68
URE.2021.147.14.34.59,URE,2021.147.14.34.59,earthquake,3379.0,5318.0,33.79,53.18,3,3,0.7438,0.4334,10.24,11.91,7.2230000495910645,-76.9530029296875,36.02,2.3,7.751667,-75.532667,251.0,167.32,249.64
URE.2021.149.23.04.46,URE,2021.149.23.04.46,earthquake,3117,4809.0,31.17,48.09,3,2,0.8511,0.4953,1.38,9.2,7.283999919891357,-74.3219985961914,24.88,1.8,7.751667,-75.532667,251.0,143.28,111.08
URE.2021.150.11.12.20,URE,2021.150.11.12.20,earthquake,3299,5195.0,32.99,51.95,3,3,0.9189,0.396,16.61,8.88,7.038000106811523,-76.75900268554688,27.93,2.5,7.751667,-75.532667,251.0,156.71,239.84
URE.2021.151.18.32.51,URE,2021.151.18.32.51,earthquake,3269,,32.69,,3,0,0.7421,0.0,6.61,,6.567999839782715,-76.31900024414062,30.98,1.8,7.751667,-75.532667,251.0,157.1,213.61
URE.2021.154.08.42.50,URE,2021.154.08.42.50,earthquake,3170,4773.0,31.7,47.73,3,3,0.6698,0.4803,11.4,14.15,6.860000133514404,-76.26499938964844,20.2,2.5,7.751667,-75.532667,251.0,127.53,219.4
URE.2021.156.02.52.39,URE,2021.156.02.52.39,earthquake,2799,3733.0,27.99,37.33,4,4,0.8324,0.7091,12.43,9.71,7.190000057220459,-75.72100067138672,22.69,1.6,7.751667,-75.532667,251.0,65.5,198.52
URE.2021.157.23.22.36,URE,2021.157.23.22.36,earthquake,2770,,27.7,,3,0,0.7317,0.0,4.34,,6.86299991607666,-76.24299621582031,0.0,1.7,7.751667,-75.532667,251.0,125.74,218.64
URE.2021.159.00.02.44,URE,2021.159.00.02.44,earthquake,2893,4518.0,28.93,45.18,3,3,0.7231,0.393,9.35,6.0,6.942999839782715,-76.4209976196289,12.26,1.9,7.751667,-75.532667,251.0,132.73,227.7
URE.2021.159.03.35.26,URE,2021.159.03.35.26,earthquake,8646,,86.46,,3,0,0.6076,0.0,7.32,,6.910999774932861,-76.29100036621094,0.0,1.7,7.751667,-75.532667,251.0,125.12,222.06
URE.2021.159.18.39.38,URE,2021.159.18.39.38,earthquake,3054,5285.0,30.54,52.85,3,2,0.7379,0.4448,7.12,3.2,7.214000225067139,-73.80599975585938,28.87,1.4,7.751667,-75.532667,251.0,199.65,107.21
URE.2021.160.07.06.36,URE,2021.160.07.06.36,earthquake,3120,,31.2,,3,0,0.6433,0.0,6.75,,6.415999889373779,-74.80899810791016,29.1,2.1,7.751667,-75.532667,251.0,167.96,151.53
URE.2021.160.11.53.36,URE,2021.160.11.53.36,earthquake,2936,4243.0,29.36,42.43,3,3,0.7353,0.4513,12.08,12.39,7.211999893188477,-76.12100219726562,0.0,1.7,7.751667,-75.532667,251.0,88.2,227.45
URE.2021.160.12.18.06,URE,2021.160.12.18.06,earthquake,2921,5744.0,29.21,57.44,4,3,0.8871,0.3998,12.04,9.44,7.116000175476074,-76.24500274658203,0.0,2.6,7.751667,-75.532667,251.0,105.48,228.25
URE.2021.161.19.12.43,URE,2021.161.19.12.43,earthquake,3150,4917.0,31.5,49.17,3,3,0.8717,0.4545,12.59,6.28,7.006999969482422,-76.40799713134766,23.71,1.9,7.751667,-75.532667,251.0,126.97,229.62
URE.2021.161.19.18.32,URE,2021.161.19.18.32,earthquake,3171,,31.71,,3,0,0.8912,0.0,13.88,,7.059000015258789,-76.39700317382812,23.48,2.4,7.751667,-75.532667,251.0,122.36,231.3
URE.2021.161.23.28.42,URE,2021.161.23.28.42,earthquake,3213,,32.13,,3,0,0.8231,0.0,16.04,,7.040999889373779,-76.42400360107422,23.83,2.5,7.751667,-75.532667,251.0,125.94,231.44
URE.2021.163.00.47.52,URE,2021.163.00.47.52,earthquake,10093,10194.0,100.93,101.94,4,2,0.6403,0.3908,12.19,3.2,6.3460001945495605,-74.76699829101562,19.13,1.6,7.751667,-75.532667,251.0,176.98,151.4
URE.2021.165.04.11.50,URE,2021.165.04.11.50,earthquake,2900,,29.0,,3,0,0.718,0.0,2.73,,6.633999824523926,-76.96499633789062,5.0,1.8,7.751667,-75.532667,251.0,200.76,232.09
URE.2021.165.05.10.09,URE,2021.165.05.10.09,earthquake,3266,,32.66,,3,0,0.8001,0.0,19.74,,6.638999938964844,-76.7979965209961,10.23,2.4,7.751667,-75.532667,251.0,186.2,228.72
URE.2021.165.06.49.45,URE,2021.165.06.49.45,earthquake,3307,5229.0,33.07,52.29,3,3,0.9127,0.3132,14.05,9.45,6.955999851226807,-76.71800231933594,23.48,2.7,7.751667,-75.532667,251.0,157.7,236.16
URE.2021.166.10.08.31,URE,2021.166.10.08.31,earthquake,2969,4271.0,29.69,42.71,3,4,0.9127,0.5953,3.46,9.81,7.215000152587891,-76.34100341796875,16.88,1.5,7.751667,-75.532667,251.0,107.16,236.42
URE.2021.166.17.21.21,URE,2021.166.17.21.21,earthquake,3096,,30.96,,3,0,0.9023,0.0,3.75,,6.572999954223633,-76.8030014038086,27.75,2.0,7.751667,-75.532667,251.0,191.52,227.19
URE.2021.167.12.49.24,URE,2021.167.12.49.24,earthquake,3248.0,,32.48,,3,0,0.6672,0.0,4.19,,7.130000114440918,-76.35199737548828,17.73,1.6,7.751667,-75.532667,251.0,113.61,232.81
URE.2021.168.05.50.08,URE,2021.168.05.50.08,earthquake,2867.0,,28.67,,3,0,0.8565,0.0,33.19,,6.757999897003174,-73.46199798583984,4.94,3.6,7.751667,-75.532667,251.0,253.7,115.53
URE.2021.168.23.26.12,URE,2021.168.23.26.12,earthquake,3239.0,4778.0,32.39,47.78,3,3,0.6614,0.3941,11.16,18.84,6.982999801635742,-76.23200225830078,17.62,2.1,7.751667,-75.532667,251.0,114.84,222.29
URE.2021.169.00.11.17,URE,2021.169.00.11.17,earthquake,2951.0,4489.0,29.51,44.89,4,4,0.4929,0.4983,4.45,14.9,6.973999977111816,-76.23799896240234,-0.2,2.0,7.751667,-75.532667,251.0,116.02,222.21
URE.2021.169.22.12.52,URE,2021.169.22.12.52,earthquake,2951.0,4299.0,29.51,42.99,3,4,0.4206,0.5596,4.77,9.15,7.065000057220459,-76.22000122070312,13.0,1.5,7.751667,-75.532667,251.0,107.35,225.02
URE.2021.170.03.30.01,URE,2021.170.03.30.01,earthquake,2895.0,5084.0,28.95,50.84,4,3,0.7512,0.3694,22.4,15.65,7.25,-77.13400268554688,12.99,2.7,7.751667,-75.532667,251.0,185.25,252.68
URE.2021.170.09.25.50,URE,2021.170.09.25.50,earthquake,3337.0,,33.37,,3,0,0.7629,0.0,5.88,,6.909999847412109,-76.66699981689453,21.02,1.6,7.751667,-75.532667,251.0,156.05,233.45
URE.2021.171.03.56.06,URE,2021.171.03.56.06,earthquake,13084.0,,130.84,,3,0,0.6989,0.0,12.4,,6.543000221252441,-76.93099975585938,21.88,1.6,7.751667,-75.532667,251.0,204.27,229.22
URE.2021.172.17.41.28,URE,2021.172.17.41.28,earthquake,3298.0,4936.0,32.98,49.36,3,2,0.8424,0.3709,4.69,7.03,6.86299991607666,-76.27799987792969,22.07,1.6,7.751667,-75.532667,251.0,128.19,219.99
URE.2021.173.07.14.24,URE,2021.173.07.14.24,earthquake,,4859.0,,48.59,0,4,0.0,0.4418,-0.59,10.28,6.9710001945495605,-76.36199951171875,22.77,1.8,7.751667,-75.532667,251.0,125.85,226.74
URE.2021.174.11.31.27,URE,2021.174.11.31.27,earthquake,3146.0,,31.46,,3,0,0.9245,0.0,10.63,,7.328000068664551,-76.14900207519531,11.76,2.2,7.751667,-75.532667,251.0,82.6,235.48
URE.2021.174.21.41.23,URE,2021.174.21.41.23,earthquake,3177.0,4447.0,31.77,44.47,3,4,0.8015,0.4338,1.77,8.36,7.138000011444092,-76.177001953125,25.35,1.6,7.751667,-75.532667,251.0,98.31,226.39
URE.2021.175.11.22.55,URE,2021.175.11.22.55,earthquake,3202.0,4865.0,32.02,48.65,4,3,0.7252,0.5766,6.56,15.85,6.964000225067139,-76.2490005493164,15.04,1.6,7.751667,-75.532667,251.0,117.66,222.28
URE.2021.176.00.54.52,URE,2021.176.00.54.52,earthquake,3175.0,4365.0,31.75,43.65,3,3,0.7792,0.376,6.88,9.03,7.073999881744385,-76.02200317382812,28.87,1.8,7.751667,-75.532667,251.0,92.38,215.82
URE.2021.177.00.36.14,URE,2021.177.00.36.14,earthquake,3313.0,,33.13,,3,0,0.8813,0.0,15.9,,6.146999835968018,-76.36499786376953,9.18,3.1,7.751667,-75.532667,251.0,199.88,207.45
URE.2021.177.20.01.31,URE,2021.177.20.01.31,earthquake,3130.0,4692.0,31.3,46.92,3,2,0.7788,0.6288,13.02,13.32,7.020999908447266,-76.26899719238281,15.27,1.9,7.751667,-75.532667,251.0,114.62,225.22
URE.2021.178.15.21.45,URE,2021.178.15.21.45,earthquake,3168.0,4605.0,31.68,46.05,4,2,0.8124,0.6389,20.95,11.03,7.294000148773193,-76.29399871826172,13.63,2.7,7.751667,-75.532667,251.0,98.09,238.99
URE.2021.178.20.16.04,URE,2021.178.20.16.04,earthquake,3177.0,,31.77,,4,0,0.7852,0.0,11.0,,7.309000015258789,-76.26399993896484,5.43,1.7,7.751667,-75.532667,251.0,94.4,238.81
URE.2021.179.02.18.16,URE,2021.179.02.18.16,earthquake,3196.0,4554.0,31.96,45.54,3,2,0.814,0.7287,4.63,21.21,7.232999801635742,-76.17400360107422,9.41,1.8,7.751667,-75.532667,251.0,91.11,231.02
URE.2021.179.14.03.45,URE,2021.179.14.03.45,earthquake,3196.0,9888.0,31.96,98.88,3,2,0.7958,0.6898,10.77,3.39,6.9730000495910645,-76.26200103759766,23.48,1.3,7.751667,-75.532667,251.0,117.9,223.13
URE.2021.180.07.27.04,URE,2021.180.07.27.04,earthquake,2950.0,3955.0,29.5,39.55,3,2,0.9046,0.4899,14.13,8.32,7.038000106811523,-75.45700073242188,22.07,1.7,7.751667,-75.532667,251.0,79.37,173.95
URE.2021.180.11.26.08,URE,2021.180.11.26.08,earthquake,2914.0,4008.0,29.14,40.08,4,4,0.8621,0.5939,7.6,19.42,7.186999797821045,-75.98600006103516,29.44,1.7,7.751667,-75.532667,251.0,80.02,218.73
URE.2021.180.11.36.39,URE,2021.180.11.36.39,earthquake,3223.0,4955.0,32.23,49.55,3,3,0.6461,0.568,3.22,16.08,6.913000106811523,-76.33599853515625,19.02,1.1,7.751667,-75.532667,251.0,128.34,223.77
URE.2021.180.12.47.08,URE,2021.180.12.47.08,earthquake,3229,4978.0,32.29,49.78,4,3,0.8125,0.5264,14.21,13.8,6.913000106811523,-76.375,21.6,2.2,7.751667,-75.532667,251.0,131.35,225.13
URE.2021.180.12.54.10,URE,2021.180.12.54.10,earthquake,3285,5027.0,32.85,50.27,3,3,0.8789,0.5328,13.52,9.87,6.927999973297119,-76.34500122070312,15.98,1.4,7.751667,-75.532667,251.0,127.84,224.61
URE.2021.180.18.45.06,URE,2021.180.18.45.06,earthquake,2899,,28.99,,3,0,0.6078,0.0,3.02,,7.2270002365112305,-77.10900115966797,11.24,1.9,7.751667,-75.532667,251.0,183.41,251.66
URE.2021.180.23.25.46,URE,2021.180.23.25.46,earthquake,3162,4681.0,31.62,46.81,4,3,0.7588,0.4625,18.31,18.93,6.964000225067139,-76.23799896240234,18.55,2.1,7.751667,-75.532667,251.0,116.84,221.84
URE.2021.181.02.00.55,URE,2021.181.02.00.55,earthquake,3248,5251.0,32.48,52.51,3,3,0.6755,0.5445,9.32,11.11,6.809000015258789,-76.39700317382812,13.05,2.2,7.751667,-75.532667,251.0,141.34,222.53
URE.2021.182.06.57.34,URE,2021.182.06.57.34,earthquake,2969,5100.0,29.69,51.0,3,2,0.6812,0.3523,10.85,6.34,6.480999946594238,-76.71499633789062,13.45,1.6,7.751667,-75.532667,251.0,191.85,222.98
URE.2021.182.19.46.54,URE,2021.182.19.46.54,earthquake,3187,4941.0,31.87,49.41,3,3,0.9518,0.4574,27.83,14.23,6.920000076293945,-76.39399719238281,20.9,2.4,7.751667,-75.532667,251.0,132.3,226.01
URE.2021.182.19.50.56,URE,2021.182.19.50.56,earthquake,3166,4909.0,31.66,49.09,3,3,0.9044,0.546,10.73,12.3,6.956999778747559,-76.4020004272461,20.55,1.7,7.751667,-75.532667,251.0,130.14,227.58
URE.2021.182.23.43.05,URE,2021.182.23.43.05,earthquake,3244,,32.44,,3,0,0.5661,0.0,2.1,,6.811999797821045,-76.38099670410156,9.41,1.7,7.751667,-75.532667,251.0,139.91,222.09
URE.2021.183.00.01.37,URE,2021.183.00.01.37,earthquake,3309,5332.0,33.09,53.32,3,2,0.75,0.4691,18.31,13.01,6.804999828338623,-76.41899871826172,14.34,2.3,7.751667,-75.532667,251.0,143.32,223.13
URE.2021.183.03.54.24,URE,2021.183.03.54.24,earthquake,3326,5201.0,33.26,52.01,3,3,0.517,0.4524,5.45,7.76,6.800000190734863,-76.31900024414062,11.17,1.8,7.751667,-75.532667,251.0,136.44,219.57
URE.2021.183.07.46.00,URE,2021.183.07.46.00,earthquake,3172,4728.0,31.72,47.28,3,2,0.7544,0.4289,14.69,17.51,6.956999778747559,-76.17900085449219,9.77,2.4,7.751667,-75.532667,251.0,113.21,219.12
URE.2021.183.14.34.06,URE,2021.183.14.34.06,earthquake,3043,5174.0,30.43,51.74,3,3,0.7329,0.5738,8.81,15.59,7.184000015258789,-73.93499755859375,17.97,2.1,7.751667,-75.532667,251.0,187.19,109.49
URE.2021.183.21.13.26,URE,2021.183.21.13.26,earthquake,3198,4705.0,31.98,47.05,3,3,0.8315,0.4629,4.07,11.35,6.951000213623047,-76.1500015258789,14.57,1.5,7.751667,-75.532667,251.0,111.74,217.63
URE.2021.183.22.01.19,URE,2021.183.22.01.19,earthquake,3032,,30.32,,3,0,0.7095,0.0,6.45,,7.269999980926514,-77.03500366210938,27.21,1.9,7.751667,-75.532667,251.0,174.16,252.29
URE.2021.184.15.13.07,URE,2021.184.15.13.07,earthquake,3119,4747.0,31.19,47.47,4,4,0.7539,0.6167,4.45,19.72,6.854000091552734,-76.14700317382812,15.51,1.6,7.751667,-75.532667,251.0,120.24,214.39
URE.2021.184.15.49.47,URE,2021.184.15.49.47,earthquake,3203,4824.0,32.03,48.24,4,3,0.7467,0.7008,14.61,23.36,6.857999801635742,-76.1709976196289,13.57,2.0,7.751667,-75.532667,251.0,121.39,215.54
URE.2021.184.16.05.19,URE,2021.184.16.05.19,earthquake,3237,4842.0,32.37,48.42,3,4,0.7452,0.5968,3.08,19.05,6.860000133514404,-76.23100280761719,20.9,1.9,7.751667,-75.532667,251.0,125.18,218.07
URE.2021.184.16.31.46,URE,2021.184.16.31.46,earthquake,3147,4758.0,31.47,47.58,3,4,0.8371,0.5486,6.6,13.12,6.860000133514404,-76.1989974975586,19.49,1.8,7.751667,-75.532667,251.0,123.04,216.77
URE.2021.185.16.16.15,URE,2021.185.16.16.15,earthquake,3195,5107.0,31.95,51.07,3,3,0.8194,0.3833,12.96,9.11,6.418000221252441,-74.8030014038086,32.38,2.2,7.751667,-75.532667,251.0,168.08,151.3
URE.2021.186.19.44.09,URE,2021.186.19.44.09,earthquake,3305,5273.0,33.05,52.73,3,2,0.8408,0.3251,16.62,13.57,6.699999809265137,-76.72200012207031,29.57,2.9,7.751667,-75.532667,251.0,175.44,228.55
URE.2021.188.02.58.34,URE,2021.188.02.58.34,earthquake,3182,,31.82,,3,0,0.7729,0.0,11.07,,6.854000091552734,-76.24800109863281,18.79,1.5,7.751667,-75.532667,251.0,126.86,218.55
URE.2021.188.07.25.50,URE,2021.188.07.25.50,earthquake,3251,4878.0,32.51,48.78,3,2,0.7333,0.6466,7.62,12.52,6.864999771118164,-76.1500015258789,18.55,1.7,7.751667,-75.532667,251.0,119.42,214.85
URE.2021.189.10.21.40,URE,2021.189.10.21.40,earthquake,5746,,57.46,,3,0,0.4437,0.0,4.8,,5.797999858856201,-76.66699981689453,35.66,2.1,7.751667,-75.532667,251.0,249.81,210.2
URE.2021.190.14.35.19,URE,2021.190.14.35.19,earthquake,3146,4847.0,31.46,48.47,3,3,0.9019,0.5521,19.19,11.47,6.920000076293945,-76.302001953125,23.48,2.3,7.751667,-75.532667,251.0,125.2,222.77
URE.2021.191.04.31.41,URE,2021.191.04.31.41,earthquake,7020,,70.2,,3,0,0.5128,0.0,1.21,,7.072000026702881,-76.87799835205078,14.68,1.9,7.751667,-75.532667,251.0,166.46,243.24
URE.2021.191.14.35.59,URE,2021.191.14.35.59,earthquake,3243,4907.0,32.43,49.07,3,3,0.6757,0.3873,12.96,11.61,6.923999786376953,-76.18199920654297,16.68,2.0,7.751667,-75.532667,251.0,116.27,218.11
URE.2021.192.07.59.03,URE,2021.192.07.59.03,earthquake,3228,,32.28,,3,0,0.6647,0.0,4.26,,6.431000232696533,-74.78800201416016,34.96,1.9,7.751667,-75.532667,251.0,167.63,150.56
URE.2021.193.06.16.19,URE,2021.193.06.16.19,earthquake,3261,5047.0,32.61,50.47,3,3,0.7398,0.5805,0.88,14.28,7.184999942779541,-76.61799621582031,15.39,1.9,7.751667,-75.532667,251.0,135.2,242.46
URE.2021.193.13.32.21,URE,2021.193.13.32.21,earthquake,3146,4433.0,31.46,44.33,3,4,0.7378,0.4518,15.91,11.15,7.164999961853027,-76.13500213623047,19.26,2.0,7.751667,-75.532667,251.0,92.9,225.74
URE.2021.193.15.55.15,URE,2021.193.15.55.15,earthquake,3300,4535.0,33.0,45.35,3,4,0.836,0.4458,6.71,6.63,7.160999774932861,-76.19400024414062,26.29,2.9,7.751667,-75.532667,251.0,97.96,228.22
URE.2021.193.21.46.03,URE,2021.193.21.46.03,earthquake,3296,,32.96,,3,0,0.8451,0.0,8.48,,6.9710001945495605,-76.13700103759766,7.07,1.5,7.751667,-75.532667,251.0,109.11,217.74
URE.2021.194.10.27.11,URE,2021.194.10.27.11,earthquake,3221,4820.0,32.21,48.2,3,3,0.6258,0.4988,3.59,16.44,6.864999771118164,-76.24400329589844,21.84,1.9,7.751667,-75.532667,251.0,125.64,218.74
URE.2021.194.19.21.22,URE,2021.194.19.21.22,earthquake,3223,4508.0,32.23,45.08,3,2,0.7575,0.6533,2.16,11.28,7.349999904632568,-76.26799774169922,22.89,1.6,7.751667,-75.532667,251.0,92.51,241.35
URE.2021.195.06.01.46,URE,2021.195.06.01.46,earthquake,3105,,31.05,,3,0,0.9068,0.0,14.21,,6.414999961853027,-74.79299926757812,32.73,2.8,7.751667,-75.532667,251.0,168.9,151.02
URE.2021.195.21.48.16,URE,2021.195.21.48.16,earthquake,2834,4641.0,28.34,46.41,3,4,0.8642,0.4629,2.64,10.84,7.086999893188477,-76.70600128173828,10.26,1.9,7.751667,-75.532667,251.0,148.93,240.5
URE.2021.196.02.47.21,URE,2021.196.02.47.21,earthquake,3180,4493.0,31.8,44.93,3,3,0.9036,0.5096,7.09,12.0,7.321000099182129,-76.24600219726562,17.27,1.5,7.751667,-75.532667,251.0,92.01,238.87
URE.2021.196.03.57.04,URE,2021.196.03.57.04,earthquake,3256,5305.0,32.56,53.05,3,4,0.7221,0.4948,2.02,18.01,6.311999797821045,-76.06099700927734,36.13,2.0,7.751667,-75.532667,251.0,169.58,200.17
URE.2021.198.20.39.22,URE,2021.198.20.39.22,earthquake,3201,,32.01,,3,0,0.9274,0.0,8.58,,7.177000045776367,-75.86799621582031,19.14,1.6,7.751667,-75.532667,251.0,73.55,210.24
URE.2021.199.14.06.49,URE,2021.199.14.06.49,earthquake,2741,4529.0,27.41,45.29,4,2,0.6973,0.6682,14.94,9.4,7.367000102996826,-74.14199829101562,1.46,2.3,7.751667,-75.532667,251.0,159.26,105.4
URE.2021.200.10.25.03,URE,2021.200.10.25.03,earthquake,2952,4772.0,29.52,47.72,3,3,0.7892,0.3278,3.06,7.88,6.755000114440918,-76.62100219726562,19.55,2.0,7.751667,-75.532667,251.0,163.08,227.55
URE.2021.201.21.22.07,URE,2021.201.21.22.07,earthquake,2969,4868.0,29.69,48.68,3,4,0.5178,0.4976,5.66,5.07,6.708000183105469,-76.59200286865234,20.65,1.8,7.751667,-75.532667,251.0,164.34,225.46
URE.2021.206.07.17.06,URE,2021.206.07.17.06,earthquake,3024,5071.0,30.24,50.71,3,3,0.7111,0.526,4.09,14.38,7.230000019073486,-77.08799743652344,19.21,2.0,7.751667,-75.532667,251.0,181.11,251.53
URE.2021.207.03.38.09,URE,2021.207.03.38.09,earthquake,3007,4038.0,30.07,40.38,4,4,0.8305,0.3416,16.28,11.34,7.353000164031982,-76.06800079345703,20.31,2.0,7.751667,-75.532667,251.0,73.72,233.3
URE.2021.207.07.19.36,URE,2021.207.07.19.36,earthquake,3245,5329.0,32.45,53.29,3,2,0.8376,0.3399,6.47,7.34,6.434999942779541,-74.79000091552734,30.04,2.0,7.751667,-75.532667,251.0,167.13,150.55
URE.2021.207.14.50.27,URE,2021.207.14.50.27,earthquake,3508,,35.08,,4,0,0.6922,0.0,17.15,,6.0289998054504395,-73.0989990234375,10.12,3.7,7.751667,-75.532667,251.0,329.6,125.16
URE.2021.207.22.21.09,URE,2021.207.22.21.09,earthquake,3209,4561.0,32.09,45.61,4,3,0.6754,0.6149,15.11,19.11,7.11899995803833,-76.22000122070312,15.04,2.1,7.751667,-75.532667,251.0,103.21,227.36
URE.2021.209.01.53.12,URE,2021.209.01.53.12,earthquake,3228,4936.0,32.28,49.36,3,2,0.7161,0.4102,13.6,14.96,6.827000141143799,-76.26100158691406,17.85,1.9,7.751667,-75.532667,251.0,130.1,218.23
URE.2021.209.04.03.52,URE,2021.209.04.03.52,earthquake,3351,5062.0,33.51,50.62,3,2,0.7215,0.4017,11.57,12.52,6.948999881744385,-76.26399993896484,20.66,1.8,7.751667,-75.532667,251.0,120.0,222.34
URE.2021.210.03.39.01,URE,2021.210.03.39.01,earthquake,3285,4932.0,32.85,49.32,3,3,0.8548,0.4325,14.96,7.9,6.894000053405762,-76.34300231933594,26.05,2.3,7.751667,-75.532667,251.0,130.39,223.38
URE.2021.210.14.15.33,URE,2021.210.14.15.33,earthquake,3102,4425.0,31.02,44.25,4,3,0.7989,0.2983,9.18,13.17,6.886000156402588,-76.00399780273438,25.12,1.5,7.751667,-75.532667,251.0,108.97,208.56
URE.2021.210.15.16.43,URE,2021.210.15.16.43,earthquake,3172,4866.0,31.72,48.66,3,3,0.6397,0.4525,2.76,3.92,6.849999904632568,-76.25700378417969,21.84,1.5,7.751667,-75.532667,251.0,127.83,218.78
URE.2021.210.16.39.06,URE,2021.210.16.39.06,earthquake,3224,5549.0,32.24,55.49,3,3,0.9321,0.5953,15.08,13.45,6.034999847412109,-75.85399627685547,34.73,2.2,7.751667,-75.532667,251.0,193.14,190.62
URE.2021.212.09.42.47,URE,2021.212.09.42.47,earthquake,2952,5091.0,29.52,50.91,3,2,0.7483,0.4844,7.54,8.84,7.1620001792907715,-77.14299774169922,16.09,1.8,7.751667,-75.532667,251.0,189.34,249.96
URE.2021.212.19.32.26,URE,2021.212.19.32.26,earthquake,3357,,33.57,,3,0,0.6578,0.0,0.77,,6.754000186920166,-76.70500183105469,31.8,2.0,7.751667,-75.532667,251.0,170.1,229.64
URE.2021.213.02.45.21,URE,2021.213.02.45.21,earthquake,3190,4794.0,31.9,47.94,4,3,0.722,0.6006,7.27,18.83,6.839000225067139,-76.16200256347656,15.27,1.8,7.751667,-75.532667,251.0,122.54,214.59
URE.2021.214.07.00.36,URE,2021.214.07.00.36,earthquake,3335,,33.35,,3,0,0.8188,0.0,3.99,,6.948999881744385,-76.65399932861328,25.59,1.8,7.751667,-75.532667,251.0,152.34,234.43
URE.2021.216.21.51.11,URE,2021.216.21.51.11,earthquake,2847,4567.0,28.47,45.67,3,2,0.7511,0.4538,5.73,7.53,6.848999977111816,-74.51899719238281,7.95,1.8,7.751667,-75.532667,251.0,149.98,131.66
URE.2021.217.09.01.28,URE,2021.217.09.01.28,earthquake,3348,5317.0,33.48,53.17,3,3,0.8498,0.565,0.91,7.88,6.8480000495910645,-76.69599914550781,23.95,1.9,7.751667,-75.532667,251.0,162.75,232.19
URE.2021.217.09.21.36,URE,2021.217.09.21.36,earthquake,3000,5298.0,30.0,52.98,3,3,0.6431,0.5503,1.84,9.41,7.210000038146973,-73.78800201416016,28.23,1.2,7.751667,-75.532667,251.0,201.67,107.16
URE.2021.217.09.41.25,URE,2021.217.09.41.25,earthquake,3315,5293.0,33.15,52.93,4,3,0.7509,0.5085,4.08,8.43,6.86299991607666,-76.66400146484375,22.77,2.0,7.751667,-75.532667,251.0,158.95,231.88
URE.2021.217.12.08.39,URE,2021.217.12.08.39,earthquake,3282,,32.82,,3,0,0.7678,0.0,12.05,,6.886000156402588,-76.2229995727539,21.84,2.1,7.751667,-75.532667,251.0,122.37,218.57
URE.2021.218.01.45.03,URE,2021.218.01.45.03,earthquake,3343,5396.0,33.43,53.96,3,3,0.8325,0.5506,10.46,9.76,6.795000076293945,-76.73200225830078,25.59,2.6,7.751667,-75.532667,251.0,169.51,231.46
URE.2021.218.05.10.16,URE,2021.218.05.10.16,earthquake,2767,4432.0,27.67,44.32,4,2,0.7152,0.2705,7.3,7.9,7.563000202178955,-74.2490005493164,0.06,1.6,7.751667,-75.532667,251.0,143.16,98.29
URE.2021.220.13.43.04,URE,2021.220.13.43.04,earthquake,3234,4539.0,32.34,45.39,3,2,0.6116,0.4105,1.01,9.73,7.320000171661377,-76.2229995727539,15.98,1.7,7.751667,-75.532667,251.0,89.91,237.97
URE.2021.220.22.45.00,URE,2021.220.22.45.00,earthquake,2969,4249.0,29.69,42.49,4,3,0.813,0.5813,17.88,18.41,7.23199987411499,-76.1719970703125,-0.03,1.9,7.751667,-75.532667,251.0,91.01,230.88
URE.2021.221.11.45.03,URE,2021.221.11.45.03,earthquake,3296,5344.0,32.96,53.44,3,3,0.7046,0.5119,10.11,8.94,6.828999996185303,-76.54100036621094,23.48,1.8,7.751667,-75.532667,251.0,151.03,227.56
URE.2021.223.01.17.29,URE,2021.223.01.17.29,earthquake,2861,4506.0,28.61,45.06,3,3,0.8698,0.486,12.33,8.0,6.882999897003174,-76.22699737548828,-0.2,1.8,7.751667,-75.532667,251.0,122.91,218.64
URE.2021.223.07.52.28,URE,2021.223.07.52.28,earthquake,3161,4680.0,31.61,46.8,3,4,0.8393,0.5089,6.42,13.07,6.989999771118164,-76.25499725341797,18.09,1.5,7.751667,-75.532667,251.0,116.0,223.48
URE.2021.223.08.48.45,URE,2021.223.08.48.45,earthquake,3086,,30.86,,3,0,0.6348,0.0,5.26,,7.271999835968018,-76.99199676513672,31.43,1.6,7.751667,-75.532667,251.0,169.58,251.87
URE.2021.224.01.01.11,URE,2021.224.01.01.11,earthquake,2925,4102.0,29.25,41.02,3,3,0.8565,0.4334,7.77,11.11,7.085000038146973,-75.96299743652344,17.16,1.5,7.751667,-75.532667,251.0,87.71,212.82
URE.2021.225.03.09.26,URE,2021.225.03.09.26,earthquake,2830,4905.0,28.3,49.05,3,2,0.5027,0.3988,0.41,9.4,7.052999973297119,-76.93699645996094,0.0,1.6,7.751667,-75.532667,251.0,173.22,243.6
URE.2021.226.01.02.59,URE,2021.226.01.02.59,earthquake,2905,4832.0,29.05,48.32,3,2,0.8485,0.3589,5.7,7.95,7.006999969482422,-76.55699920654297,-0.01,1.8,7.751667,-75.532667,251.0,139.9,234.0
URE.2021.226.08.59.17,URE,2021.226.08.59.17,earthquake,3139,4709.0,31.39,47.09,4,3,0.7608,0.5337,16.77,14.93,7.0320000648498535,-76.2490005493164,15.98,1.8,7.751667,-75.532667,251.0,112.2,224.86
URE.2021.226.11.49.10,URE,2021.226.11.49.10,earthquake,3133,4489.0,31.33,44.89,4,4,0.7604,0.4637,6.88,11.09,7.204999923706055,-76.1989974975586,9.65,1.8,7.751667,-75.532667,251.0,95.21,230.62
URE.2021.227.23.08.03,URE,2021.227.23.08.03,earthquake,3132,7723.0,31.32,77.23,3,2,0.7529,0.5166,5.43,9.86,6.931000232696533,-76.20899963378906,11.64,1.7,7.751667,-75.532667,251.0,117.53,219.49
URE.2021.227.23.08.34,URE,2021.227.23.08.34,earthquake,11268,,112.68,,3,0,0.8963,0.0,6.92,,6.888999938964844,-76.21399688720703,-0.03,1.5,7.751667,-75.532667,251.0,121.5,218.3
URE.2021.227.23.09.56,URE,2021.227.23.09.56,earthquake,3117,,31.17,,3,0,0.8658,0.0,6.9,,6.926000118255615,-76.20600128173828,9.88,1.5,7.751667,-75.532667,251.0,117.75,219.2
URE.2021.227.23.31.04,URE,2021.227.23.31.04,earthquake,3143,4652.0,31.43,46.52,3,2,0.7918,0.562,6.68,17.2,6.926000118255615,-76.20999908447266,11.76,1.8,7.751667,-75.532667,251.0,118.03,219.36
URE.2021.229.01.55.45,URE,2021.229.01.55.45,earthquake,3208,,32.08,,3,0,0.5324,0.0,7.45,,6.849999904632568,-76.26300048828125,20.43,2.3,7.751667,-75.532667,251.0,128.25,219.01
URE.2021.229.02.51.51,URE,2021.229.02.51.51,earthquake,3218,4795.0,32.18,47.95,3,3,0.7169,0.3081,6.31,6.8,6.841000080108643,-76.2760009765625,19.26,1.5,7.751667,-75.532667,251.0,129.92,219.23
URE.2021.229.18.29.32,URE,2021.229.18.29.32,earthquake,3227,4866.0,32.27,48.66,4,2,0.8023,0.2061,3.51,10.16,6.860000133514404,-76.28199768066406,17.62,1.8,7.751667,-75.532667,251.0,128.73,220.05
URE.2021.232.17.46.17,URE,2021.232.17.46.17,earthquake,2953,,29.53,,3,0,0.8397,0.0,6.89,,6.451000213623047,-76.6520004272461,4.77,1.7,7.751667,-75.532667,251.0,189.68,220.75
URE.2021.233.02.01.40,URE,2021.233.02.01.40,earthquake,3164,4833.0,31.64,48.33,3,2,0.7937,0.4594,12.11,13.82,6.926000118255615,-76.19100189208984,10.82,2.1,7.751667,-75.532667,251.0,116.71,218.56
URE.2021.234.08.45.10,URE,2021.234.08.45.10,earthquake,3201,,32.01,,3,0,0.9504,0.0,23.1,,7.051000118255615,-76.41200256347656,25.35,2.5,7.751667,-75.532667,251.0,124.21,231.46
URE.2021.235.00.37.54,URE,2021.235.00.37.54,earthquake,3158,5035.0,31.58,50.35,4,3,0.7878,0.564,12.31,12.14,7.0279998779296875,-76.58399963378906,14.34,2.3,7.751667,-75.532667,251.0,140.99,235.48
URE.2021.235.19.04.42,URE,2021.235.19.04.42,earthquake,2840,,28.4,,3,0,0.6318,0.0,8.11,,7.269000053405762,-73.98500061035156,6.25,2.2,7.751667,-75.532667,251.0,178.96,107.25
URE.2021.236.01.45.13,URE,2021.236.01.45.13,earthquake,3307,5076.0,33.07,50.76,3,2,0.8187,0.6571,16.78,13.63,6.827000141143799,-76.32099914550781,30.74,2.1,7.751667,-75.532667,251.0,134.3,220.46
URE.2021.236.03.09.53,URE,2021.236.03.09.53,earthquake,3103,4490.0,31.03,44.9,4,3,0.8306,0.3919,24.59,14.57,7.181000232696533,-76.21099853515625,21.02,2.3,7.751667,-75.532667,251.0,97.93,229.92
URE.2021.236.05.52.23,URE,2021.236.05.52.23,earthquake,3193.0,4560.0,31.93,45.6,4,3,0.7793,0.4329,21.43,14.33,7.190999984741211,-76.21199798583984,17.38,2.5,7.751667,-75.532667,251.0,97.3,230.46
URE.2021.237.02.42.21,URE,2021.237.02.42.21,earthquake,3136.0,4688.0,31.36,46.88,3,4,0.6641,0.453,2.51,8.98,7.001999855041504,-76.23600006103516,11.29,1.6,7.751667,-75.532667,251.0,113.59,223.17
URE.2021.237.04.13.56,URE,2021.237.04.13.56,earthquake,2801.0,4618.0,28.01,46.18,4,2,0.8598,0.7117,14.38,8.01,7.3470001220703125,-74.16100311279297,2.57,1.8,7.751667,-75.532667,251.0,157.85,106.38
URE.2021.237.10.19.01,URE,2021.237.10.19.01,earthquake,3215.0,4689.0,32.15,46.89,3,4,0.9041,0.5049,5.65,7.94,6.99399995803833,-76.25299835205078,18.79,1.4,7.751667,-75.532667,251.0,115.52,223.55
URE.2021.238.02.42.01,URE,2021.238.02.42.01,earthquake,,5283.0,,52.83,0,3,0.0,0.5033,-0.11,7.3,7.085000038146973,-77.13300323486328,26.33,1.8,7.751667,-75.532667,251.0,191.43,247.45
URE.2021.238.03.58.48,URE,2021.238.03.58.48,earthquake,3424.0,6412.0,34.24,64.12,3,2,0.663,0.4518,12.35,6.82,6.388000011444092,-77.34300231933594,19.02,2.4,7.751667,-75.532667,251.0,250.49,233.1
URE.2021.238.12.53.11,URE,2021.238.12.53.11,earthquake,3161.0,4532.0,31.61,45.32,3,3,0.9612,0.5117,42.76,14.49,7.193999767303467,-76.21099853515625,17.27,3.2,7.751667,-75.532667,251.0,97.0,230.57
URE.2021.239.03.55.55,URE,2021.239.03.55.55,earthquake,3084.0,4454.0,30.84,44.54,4,4,0.8471,0.433,32.06,14.41,7.177999973297119,-76.20999908447266,17.38,2.8,7.751667,-75.532667,251.0,98.06,229.73
URE.2021.239.08.49.17,URE,2021.239.08.49.17,earthquake,3148.0,4521.0,31.48,45.21,3,3,0.908,0.5106,9.0,12.36,7.185999870300293,-76.18399810791016,13.63,1.6,7.751667,-75.532667,251.0,95.3,229.01
URE.2021.240.00.33.08,URE,2021.240.00.33.08,earthquake,3198.0,4820.0,31.98,48.2,3,2,0.7241,0.6738,8.71,11.78,6.8520002365112305,-76.12799835205078,15.98,1.7,7.751667,-75.532667,251.0,119.25,213.49
URE.2021.242.10.03.40,URE,2021.242.10.03.40,earthquake,3208.0,9619.0,32.08,96.19,3,3,0.5404,0.3802,6.61,13.38,6.9070000648498535,-76.22899627685547,12.93,1.5,7.751667,-75.532667,251.0,120.99,219.5
URE.2021.242.11.28.00,URE,2021.242.11.28.00,earthquake,3127.0,4841.0,31.27,48.41,3,3,0.8392,0.3732,5.98,12.05,6.883999824523926,-76.16699981689453,5.66,1.6,7.751667,-75.532667,251.0,118.8,216.17
URE.2021.243.17.02.54,URE,2021.243.17.02.54,earthquake,2874.0,5037.0,28.74,50.37,3,3,0.879,0.3714,23.86,12.44,7.388000011444092,-77.2509994506836,16.56,2.9,7.751667,-75.532667,251.0,193.85,258.14
URE.2021.243.23.18.34,URE,2021.243.23.18.34,earthquake,2863.0,4970.0,28.63,49.7,3,3,0.6256,0.408,2.85,4.92,6.664999961853027,-76.66999816894531,15.16,1.8,7.751667,-75.532667,251.0,173.84,226.34
URE.2021.244.02.44.11,URE,2021.244.02.44.11,earthquake,3009.0,5218.0,30.09,52.18,3,2,0.6725,0.4249,4.31,14.02,6.513999938964844,-74.25299835205078,15.75,1.8,7.751667,-75.532667,251.0,196.76,134.0
URE.2021.244.10.49.32,URE,2021.244.10.49.32,earthquake,3320.0,,33.2,,3,0,0.5876,0.0,8.73,,5.610000133514404,-76.17400360107422,19.02,2.5,7.751667,-75.532667,251.0,247.23,196.71
URE.2021.247.01.27.09,URE,2021.247.01.27.09,earthquake,3241.0,4786.0,32.41,47.86,4,2,0.7884,0.4595,14.71,16.9,6.923999786376953,-76.21900177001953,13.87,1.7,7.751667,-75.532667,251.0,118.83,219.67
URE.2021.249.22.25.04,URE,2021.249.22.25.04,earthquake,2934.0,4561.0,29.34,45.61,4,2,0.6872,0.272,6.17,0.39,7.284999847412109,-76.48799896240234,0.0,2.2,7.751667,-75.532667,251.0,117.39,243.98
URE.2021.250.23.39.23,URE,2021.250.23.39.23,earthquake,2963.0,,29.63,,3,0,0.7702,0.0,1.65,,6.820000171661377,-76.18800354003906,19.26,1.6,7.751667,-75.532667,251.0,125.91,215.12
URE.2021.251.07.59.59,URE,2021.251.07.59.59,earthquake,3132.0,,31.32,,3,0,0.6255,0.0,2.36,,7.078000068664551,-74.62300109863281,22.07,1.5,7.751667,-75.532667,251.0,125.04,126.51
URE.2021.254.07.36.44,URE,2021.254.07.36.44,earthquake,2862,4832.0,28.62,48.32,3,3,0.7397,0.4596,6.94,8.03,7.229000091552734,-76.99099731445312,19.64,2.4,7.751667,-75.532667,251.0,171.03,250.34
URE.2021.254.19.09.42,URE,2021.254.19.09.42,earthquake,3040,4522.0,30.4,45.22,3,4,0.7439,0.4971,2.62,9.72,6.785999774932861,-74.83399963378906,26.29,1.6,7.751667,-75.532667,251.0,131.75,144.11
URE.2021.255.12.33.50,URE,2021.255.12.33.50,earthquake,2863,4800.0,28.63,48.0,3,3,0.7763,0.3768,6.45,8.6,6.948999881744385,-76.68499755859375,3.23,1.6,7.751667,-75.532667,251.0,155.14,235.17
URE.2021.256.09.27.55,URE,2021.256.09.27.55,earthquake,7252,7499.0,72.52,74.99,3,4,0.5884,0.7089,12.71,11.72,6.013000011444092,-74.27200317382812,6.02,1.5,7.751667,-75.532667,251.0,237.45,143.99
URE.2021.258.09.00.00,URE,2021.258.09.00.00,earthquake,3095,4034.0,30.95,40.34,3,4,0.8804,0.4549,8.14,7.75,7.13100004196167,-75.77200317382812,18.79,1.9,7.751667,-75.532667,251.0,73.55,201.07
URE.2021.260.04.00.54,URE,2021.260.04.00.54,earthquake,11497,,114.97,,4,0,0.3684,0.0,7.86,,6.695000171661377,-72.93900299072266,13.16,1.5,7.751667,-75.532667,251.0,309.36,112.03
URE.2021.265.02.10.20,URE,2021.265.02.10.20,earthquake,2943,4354.0,29.43,43.54,3,4,0.5735,0.4886,10.65,17.41,7.007999897003174,-76.22899627685547,0.0,1.6,7.751667,-75.532667,251.0,112.58,223.11
URE.2021.266.14.12.13,URE,2021.266.14.12.13,earthquake,3057,4041.0,30.57,40.41,3,4,0.9178,0.4756,33.61,12.17,7.1479997634887695,-75.76100158691406,9.88,2.9,7.751667,-75.532667,251.0,71.36,200.7
URE.2021.267.01.59.42,URE,2021.267.01.59.42,earthquake,2872,4013.0,28.72,40.13,4,4,0.9008,0.753,15.35,18.36,7.695000171661377,-74.71399688720703,10.89,1.7,7.751667,-75.532667,251.0,90.53,93.91
URE.2021.269.12.03.01,URE,2021.269.12.03.01,earthquake,2841,4858.0,28.41,48.58,3,2,0.8944,0.3575,5.08,7.2,7.054999828338623,-77.02799987792969,8.4,2.0,7.751667,-75.532667,251.0,182.17,245.08
URE.2021.269.20.05.09,URE,2021.269.20.05.09,earthquake,3255,4917.0,32.55,49.17,3,3,0.9052,0.4476,20.88,19.34,6.927000045776367,-76.29900360107422,24.77,2.8,7.751667,-75.532667,251.0,124.41,222.9
URE.2021.270.15.08.17,URE,2021.270.15.08.17,earthquake,3278,6041.0,32.78,60.41,3,3,0.7498,0.6022,2.16,9.18,5.677000045776367,-76.54399871826172,21.6,2.3,7.751667,-75.532667,251.0,255.23,206.04
URE.2021.271.03.11.30,URE,2021.271.03.11.30,earthquake,9125,,91.25,,3,0,0.5736,0.0,10.73,,6.814000129699707,-76.69300079345703,20.43,1.9,7.751667,-75.532667,251.0,164.84,231.09
URE.2021.271.13.19.39,URE,2021.271.13.19.39,earthquake,3167,4494.0,31.67,44.94,4,4,0.7237,0.4521,12.95,7.7,7.208000183105469,-76.26599884033203,23.95,2.1,7.751667,-75.532667,251.0,100.83,233.44
URE.2021.271.21.14.48,URE,2021.271.21.14.48,earthquake,3024,5372.0,30.24,53.72,3,3,0.6187,0.5334,2.13,12.58,6.076000213623047,-76.5459976196289,31.06,1.8,7.751667,-75.532667,251.0,216.52,211.21
URE.2021.273.21.26.23,URE,2021.273.21.26.23,earthquake,2987,4596.0,29.87,45.96,3,2,0.8343,0.5342,5.81,9.39,6.828999996185303,-76.19400024414062,15.98,1.5,7.751667,-75.532667,251.0,125.48,215.63
URE.2021.276.00.15.48,URE,2021.276.00.15.48,earthquake,2807,4182.0,28.07,41.82,3,2,0.7268,0.4586,7.98,5.76,7.123000144958496,-76.04000091552734,0.0,1.5,7.751667,-75.532667,251.0,89.28,218.89
URE.2021.278.04.25.55,URE,2021.278.04.25.55,earthquake,2785,4440.0,27.85,44.4,4,3,0.6746,0.5147,11.12,14.77,6.894000053405762,-76.33000183105469,3.43,2.2,7.751667,-75.532667,251.0,129.41,222.92
URE.2021.278.06.37.29,URE,2021.278.06.37.29,earthquake,3140,4509.0,31.4,45.09,4,2,0.7246,0.6812,19.14,15.54,7.269000053405762,-76.19999694824219,24.18,2.3,7.751667,-75.532667,251.0,90.96,234.11
URE.2021.280.21.35.32,URE,2021.280.21.35.32,earthquake,3179,,31.79,,3,0,0.7639,0.0,10.08,,6.8520002365112305,-76.21800231933594,20.2,1.7,7.751667,-75.532667,251.0,125.01,217.3
URE.2021.280.22.57.36,URE,2021.280.22.57.36,earthquake,3208,4484.0,32.08,44.84,3,2,0.9008,0.502,15.52,9.97,7.309000015258789,-76.197998046875,13.4,2.3,7.751667,-75.532667,251.0,88.25,236.35
URE.2021.280.23.40.21,URE,2021.280.23.40.21,earthquake,3132,4788.0,31.32,47.88,4,3,0.6721,0.4972,15.04,15.09,6.960000038146973,-76.31900024414062,19.02,2.1,7.751667,-75.532667,251.0,123.3,224.81
URE.2021.281.07.02.54,URE,2021.281.07.02.54,earthquake,3221,4535.0,32.21,45.35,4,4,0.8147,0.5,8.9,17.76,7.244999885559082,-76.22000122070312,13.05,1.6,7.751667,-75.532667,251.0,94.31,233.6
URE.2021.284.05.03.04,URE,2021.284.05.03.04,earthquake,3079,4665.0,30.79,46.65,4,3,0.8218,0.5372,24.14,13.59,6.676000118255615,-74.89600372314453,24.41,2.8,7.751667,-75.532667,251.0,138.19,149.37
URE.2021.285.09.49.33,URE,2021.285.09.49.33,earthquake,3377,,33.77,,3,0,0.7654,0.0,11.3,,5.956999778747559,-76.38800048828125,37.07,2.1,7.751667,-75.532667,251.0,219.84,205.52
URE.2021.286.23.00.35,URE,2021.286.23.00.35,earthquake,3101,,31.01,,4,0,0.8795,0.0,21.7,,7.230999946594238,-75.98899841308594,25.12,2.2,7.751667,-75.532667,251.0,76.5,221.21
URE.2021.287.05.08.30,URE,2021.287.05.08.30,earthquake,2721,3905.0,27.21,39.05,4,2,0.809,0.434,10.66,17.17,7.203999996185303,-76.05500030517578,2.52,1.7,7.751667,-75.532667,251.0,83.62,223.62
URE.2021.287.16.43.41,URE,2021.287.16.43.41,earthquake,2931,4196.0,29.31,41.96,4,3,0.8806,0.2969,13.66,16.39,7.185999870300293,-76.03900146484375,0.0,1.8,7.751667,-75.532667,251.0,83.89,221.81
URE.2021.289.04.31.43,URE,2021.289.04.31.43,earthquake,3131,4648.0,31.31,46.48,4,4,0.6612,0.4619,9.35,15.4,6.945000171661377,-76.20800018310547,13.16,1.6,7.751667,-75.532667,251.0,116.27,219.93
URE.2021.289.14.04.40,URE,2021.289.14.04.40,earthquake,2901,4916.0,29.01,49.16,3,2,0.8915,0.4524,10.32,9.89,6.73199987411499,-76.60900115966797,8.1,2.1,7.751667,-75.532667,251.0,163.85,226.58
URE.2021.290.15.43.47,URE,2021.290.15.43.47,earthquake,2910,,29.1,,3,0,0.6533,0.0,6.16,,6.709000110626221,-76.6259994506836,10.48,1.9,7.751667,-75.532667,251.0,166.96,226.39
URE.2021.291.03.41.33,URE,2021.291.03.41.33,earthquake,2918,,29.18,,3,0,0.5047,0.0,4.09,,6.8470001220703125,-76.69400024414062,1.31,2.0,7.751667,-75.532667,251.0,162.65,232.11
URE.2021.292.21.56.52,URE,2021.292.21.56.52,earthquake,2903,3951.0,29.03,39.51,4,3,0.8872,0.4026,18.03,12.07,7.451000213623047,-74.8280029296875,20.9,1.8,7.751667,-75.532667,251.0,84.57,113.11
URE.2021.294.04.58.51,URE,2021.294.04.58.51,earthquake,6478,,64.78,,3,0,0.4751,0.0,2.13,,6.026000022888184,-73.54199981689453,20.2,1.5,7.751667,-75.532667,251.0,291.24,130.82
URE.2021.297.05.26.02,URE,2021.297.05.26.02,earthquake,2825,,28.25,,3,0,0.8139,0.0,6.63,,6.855000019073486,-76.58000183105469,-0.01,1.9,7.751667,-75.532667,251.0,152.34,229.46
URE.2021.297.13.36.54,URE,2021.297.13.36.54,earthquake,3096,4667.0,30.96,46.67,3,2,0.6166,0.5995,1.01,4.3,6.926000118255615,-74.60099792480469,25.12,1.5,7.751667,-75.532667,251.0,137.55,131.53
URE.2021.297.19.44.02,URE,2021.297.19.44.02,earthquake,2910,5086.0,29.1,50.86,3,3,0.6524,0.4057,0.46,2.3,6.931000232696533,-77.14399719238281,10.34,1.8,7.751667,-75.532667,251.0,199.72,243.08
URE.2021.298.04.56.42,URE,2021.298.04.56.42,earthquake,2944,5166.0,29.44,51.66,3,2,0.8399,0.6797,0.42,11.08,7.122000217437744,-77.1719970703125,18.09,1.9,7.751667,-75.532667,251.0,193.9,249.06
URE.2021.298.19.32.30,URE,2021.298.19.32.30,earthquake,3257,5466.0,32.57,54.66,3,3,0.8241,0.6868,8.35,17.03,6.339000225067139,-76.53500366210938,31.8,2.5,7.751667,-75.532667,251.0,191.5,215.39
URE.2021.300.19.56.53,URE,2021.300.19.56.53,earthquake,2926,4171.0,29.26,41.71,3,4,0.8481,0.4513,7.66,10.12,7.111000061035156,-76.08000183105469,0.0,1.7,7.751667,-75.532667,251.0,93.12,220.49
URE.2022.018.21.02.23,URE,2022.018.21.02.23,earthquake,2786,4521.0,27.86,45.21,3,3,0.7519,0.389,7.17,6.6,7.054999828338623,-76.63600158691406,1.96,1.8,7.751667,-75.532667,251.0,144.13,237.76
URE.2022.022.07.10.00,URE,2022.022.07.10.00,earthquake,2704,,27.04,,3,0,0.6865,0.0,11.16,,6.796000003814697,-76.23500061035156,1.31,1.6,7.751667,-75.532667,251.0,131.09,216.32
URE.2022.023.07.09.47,URE,2022.023.07.09.47,earthquake,2972,5747.0,29.72,57.47,3,2,0.6407,0.3693,9.68,13.7,6.859000205993652,-73.50800323486328,0.02,2.3,7.751667,-75.532667,251.0,244.39,113.69
URE.2022.023.23.24.30,URE,2022.023.23.24.30,earthquake,2957,4171.0,29.57,41.71,3,4,0.9582,0.5139,22.33,11.28,7.0289998054504395,-74.85600280761719,19.14,2.7,7.751667,-75.532667,251.0,109.4,136.89
URE.2022.026.01.34.06,URE,2022.026.01.34.06,earthquake,3187,4819.0,31.87,48.19,4,3,0.741,0.7,9.65,21.42,6.855000019073486,-76.13600158691406,21.95,1.8,7.751667,-75.532667,251.0,119.47,213.93
URE.2022.028.03.17.40,URE,2022.028.03.17.40,earthquake,3120,4370.0,31.2,43.7,3,4,0.7335,0.4899,2.43,15.7,7.078999996185303,-76.1259994506836,0.0,1.5,7.751667,-75.532667,251.0,99.12,221.4
URE.2022.028.23.43.53,URE,2022.028.23.43.53,earthquake,2856,4546.0,28.56,45.46,3,3,0.9087,0.4373,23.19,16.99,6.922999858856201,-76.38600158691406,8.06,2.6,7.751667,-75.532667,251.0,131.44,225.85
URE.2022.030.03.31.28,URE,2022.030.03.31.28,earthquake,2807,,28.07,,3,0,0.8571,0.0,6.24,-1.98,6.945000171661377,-76.64099884033203,0.0,1.9,7.751667,-75.532667,251.0,151.44,233.98
URE.2022.030.19.15.53,URE,2022.030.19.15.53,earthquake,2903,,29.03,,3,0,0.7557,0.0,4.83,,7.0289998054504395,-74.23100280761719,6.75,1.9,7.751667,-75.532667,251.0,164.43,119.0
URE.2022.032.01.31.23,URE,2022.032.01.31.23,earthquake,2946,5045.0,29.46,50.45,3,3,0.8787,0.4935,6.28,9.34,7.429999828338623,-77.14399719238281,29.0,2.2,7.751667,-75.532667,251.0,181.33,258.79
URE.2022.035.18.59.54,URE,2022.035.18.59.54,earthquake,2958,3894.0,29.58,38.94,4,4,0.7825,0.361,20.51,12.98,7.21999979019165,-75.82599639892578,20.66,2.3,7.751667,-75.532667,251.0,67.12,208.86
URE.2022.036.19.12.08,URE,2022.036.19.12.08,earthquake,2969,4261.0,29.69,42.61,3,4,0.9001,0.5267,11.27,11.82,7.084000110626221,-76.08799743652344,0.0,1.8,7.751667,-75.532667,251.0,95.97,219.74
URE.2022.040.21.46.49,URE,2022.040.21.46.49,earthquake,3337,5583.0,33.37,55.83,3,3,0.9213,0.569,24.91,13.21,6.314000129699707,-76.59100341796875,33.09,2.8,7.751667,-75.532667,251.0,197.36,216.4
URE.2022.041.11.32.41,URE,2022.041.11.32.41,earthquake,2853,,28.53,,3,0,0.5357,0.0,1.21,,6.809999942779541,-76.18000030517578,0.0,1.5,7.751667,-75.532667,251.0,126.31,214.51
URE.2022.043.11.44.28,URE,2022.043.11.44.28,earthquake,7158,10263.0,71.58,102.63,3,4,0.8191,0.438,10.85,10.31,5.046000003814697,-74.56400299072266,39.18,2.0,7.751667,-75.532667,251.0,317.82,160.24
URE.2022.044.04.20.42,URE,2022.044.04.20.42,earthquake,3241,5069.0,32.41,50.69,3,3,0.765,0.6018,7.94,5.76,7.03000020980835,-76.58799743652344,14.57,1.6,7.751667,-75.532667,251.0,141.22,235.66
URE.2022.044.10.46.43,URE,2022.044.10.46.43,earthquake,3210,4398.0,32.1,43.98,3,2,0.86,0.608,7.32,11.98,7.4039998054504395,-76.16600036621094,15.74,1.9,7.751667,-75.532667,251.0,79.77,241.23
URE.2022.044.16.05.24,URE,2022.044.16.05.24,earthquake,2717,4386.0,27.17,43.86,3,4,0.7874,0.4065,4.09,11.08,7.307000160217285,-76.66500091552734,1.71,1.7,7.751667,-75.532667,251.0,134.3,248.59
URE.2022.045.00.07.02,URE,2022.045.00.07.02,earthquake,3361,5254.0,33.61,52.54,4,2,0.6918,0.4489,3.28,7.8,6.857999801635742,-76.64600372314453,32.62,2.0,7.751667,-75.532667,251.0,157.74,231.28
URE.2022.045.23.10.34,URE,2022.045.23.10.34,earthquake,3179.0,4910.0,31.79,49.1,3,3,0.6371,0.4205,3.28,9.91,6.8460001945495605,-76.32099914550781,15.98,1.7,7.751667,-75.532667,251.0,132.7,221.05
URE.2022.046.15.45.39,URE,2022.046.15.45.39,earthquake,3054.0,,30.54,,3,0,0.7902,0.0,6.85,,6.99399995803833,-75.40699768066406,19.02,1.8,7.751667,-75.532667,251.0,84.93,170.59
URE.2022.047.02.42.35,URE,2022.047.02.42.35,earthquake,3179.0,,31.79,,4,0,0.6563,0.0,11.46,,6.920000076293945,-75.98500061035156,30.04,1.8,7.751667,-75.532667,251.0,104.66,208.53
URE.2022.048.10.18.48,URE,2022.048.10.18.48,earthquake,3203.0,4478.0,32.03,44.78,4,4,0.8688,0.4674,15.54,8.77,7.294000148773193,-76.21299743652344,24.41,2.0,7.751667,-75.532667,251.0,90.55,236.06
URE.2022.048.14.25.17,URE,2022.048.14.25.17,earthquake,10814.0,,108.14,,3,0,0.5945,0.0,15.99,,6.988999843597412,-77.21299743652344,30.0,2.2,7.751667,-75.532667,251.0,203.79,245.66
URE.2022.051.17.39.38,URE,2022.051.17.39.38,earthquake,11364.0,,113.64,,3,0,0.8607,0.0,1.25,,6.960000038146973,-76.68399810791016,24.18,1.9,7.751667,-75.532667,251.0,154.35,235.52
URE.2022.052.11.47.11,URE,2022.052.11.47.11,earthquake,3220.0,4849.0,32.2,48.49,3,3,0.8854,0.4932,2.16,20.49,6.9730000495910645,-76.30899810791016,24.18,1.6,7.751667,-75.532667,251.0,121.5,224.92
URE.2022.052.12.42.59,URE,2022.052.12.42.59,earthquake,3324.0,,33.24,,3,0,0.7622,0.0,1.6,,6.875999927520752,-76.68800354003906,22.42,2.1,7.751667,-75.532667,251.0,160.16,232.87
URE.2022.053.14.58.37,URE,2022.053.14.58.37,earthquake,11788.0,12078.0,117.88,120.78,3,3,0.7644,0.5873,9.62,16.19,5.425000190734863,-74.62899780273438,17.15,1.6,7.751667,-75.532667,251.0,276.03,158.72
URE.2022.054.04.08.45,URE,2022.054.04.08.45,earthquake,3273.0,,32.73,,3,0,0.7999,0.0,2.5,,6.854000091552734,-76.25700378417969,20.66,1.7,7.751667,-75.532667,251.0,127.49,218.9
URE.2022.054.17.19.59,URE,2022.054.17.19.59,earthquake,3347.0,,33.47,,3,0,0.7872,0.0,1.12,,7.47599983215332,-76.56999969482422,24.65,1.7,7.751667,-75.532667,251.0,118.45,255.15
URE.2022.054.18.33.21,URE,2022.054.18.33.21,earthquake,3264.0,4931.0,32.64,49.31,3,3,0.8541,0.4016,10.45,1.28,7.4730000495910645,-76.64199829101562,25.23,1.7,7.751667,-75.532667,251.0,126.23,255.94
URE.2022.055.04.47.37,URE,2022.055.04.47.37,earthquake,7743.0,,77.43,,3,0,0.7092,0.0,5.29,,6.938000202178955,-76.25800323486328,26.0,1.5,7.751667,-75.532667,251.0,120.46,221.72
URE.2022.055.06.42.17,URE,2022.055.06.42.17,earthquake,,4834.0,,48.34,0,3,0.0,0.614,-0.57,13.71,6.921999931335449,-76.33899688720703,15.51,1.6,7.751667,-75.532667,251.0,127.85,224.19
URE.2022.055.09.05.41,URE,2022.055.09.05.41,earthquake,3276.0,5170.0,32.76,51.7,3,3,0.7882,0.3748,12.23,12.51,6.948999881744385,-76.67500305175781,27.7,2.4,7.751667,-75.532667,251.0,154.23,234.94
URE.2022.056.17.20.04,URE,2022.056.17.20.04,earthquake,3200.0,4872.0,32.0,48.72,4,3,0.8215,0.5768,18.86,19.56,6.920000076293945,-76.34100341796875,24.65,2.1,7.751667,-75.532667,251.0,128.16,224.19
URE.2022.056.22.44.55,URE,2022.056.22.44.55,earthquake,3120.0,4788.0,31.2,47.88,3,4,0.7585,0.5583,3.5,18.25,6.951000213623047,-76.28700256347656,17.85,1.5,7.751667,-75.532667,251.0,121.56,223.3
URE.2022.057.12.29.50,URE,2022.057.12.29.50,earthquake,3112.0,,31.12,,3,0,0.7868,0.0,0.16,,6.948999881744385,-74.63600158691406,26.76,1.9,7.751667,-75.532667,251.0,132.97,131.82
URE.2022.057.18.22.18,URE,2022.057.18.22.18,earthquake,3497.0,6048.0,34.97,60.48,3,3,0.6207,0.4378,5.44,1.53,5.960999965667725,-76.53500366210938,33.55,2.0,7.751667,-75.532667,251.0,226.91,209.29
URE.2022.057.19.37.31,URE,2022.057.19.37.31,earthquake,3147.0,4414.0,31.47,44.14,3,2,0.8373,0.6318,7.99,8.26,7.301000118255615,-76.17400360107422,19.02,1.7,7.751667,-75.532667,251.0,86.57,234.89
URE.2022.059.21.52.27,URE,2022.059.21.52.27,earthquake,3227.0,4707.0,32.27,47.07,3,3,0.6735,0.3979,14.87,8.21,6.857999801635742,-76.05699920654297,26.76,1.9,7.751667,-75.532667,251.0,114.54,210.4
URE.2022.061.01.55.09,URE,2022.061.01.55.09,earthquake,3267.0,4850.0,32.67,48.5,3,3,0.8202,0.4606,20.87,12.63,6.90500020980835,-76.24600219726562,24.65,2.2,7.751667,-75.532667,251.0,122.36,220.12
URE.2022.062.12.27.34,URE,2022.062.12.27.34,earthquake,2474.0,2891.0,24.74,28.91,3,2,0.7222,0.2495,19.73,6.43,7.4120001792907715,-73.2699966430664,0.0,2.7,7.751667,-75.532667,251.0,252.5,98.41
URE.2022.064.04.04.41,URE,2022.064.04.04.41,earthquake,,4724.0,,47.24,0,3,0.0,0.495,-2.04,6.73,7.053999900817871,-76.2959976196289,10.23,1.5,7.751667,-75.532667,251.0,114.26,227.57
URE.2022.064.07.34.52,URE,2022.064.07.34.52,earthquake,3240.0,4791.0,32.4,47.91,3,4,0.8663,0.4417,6.69,6.46,7.0320000648498535,-76.3030014038086,11.76,1.9,7.751667,-75.532667,251.0,116.48,226.95
URE.2022.064.13.41.36,URE,2022.064.13.41.36,earthquake,3298.0,5259.0,32.98,52.59,3,2,0.64,0.2493,7.06,3.45,7.189000129699707,-76.75399780273438,30.27,2.5,7.751667,-75.532667,251.0,148.48,245.3
URE.2022.069.10.58.45,URE,2022.069.10.58.45,earthquake,3324.0,5365.0,33.24,53.65,3,3,0.8816,0.4759,27.03,12.66,6.60699987411499,-76.41000366210938,28.81,3.2,7.751667,-75.532667,251.0,159.42,217.49
URE.2022.069.16.23.10,URE,2022.069.16.23.10,earthquake,3147.0,4594.0,31.47,45.94,3,2,0.7898,0.5176,7.76,13.52,6.913000106811523,-75.96600341796875,19.49,1.7,7.751667,-75.532667,251.0,104.36,207.32
URE.2022.070.02.46.22,URE,2022.070.02.46.22,earthquake,3187.0,4736.0,31.87,47.36,3,2,0.7769,0.4034,2.9,10.73,6.849999904632568,-76.2760009765625,18.79,1.6,7.751667,-75.532667,251.0,129.15,219.51
URE.2022.070.09.38.29,URE,2022.070.09.38.29,earthquake,3206.0,4830.0,32.06,48.3,3,3,0.7847,0.4185,11.22,10.4,6.839000225067139,-76.25700378417969,18.09,1.6,7.751667,-75.532667,251.0,128.78,218.44
URE.2022.071.09.29.04,URE,2022.071.09.29.04,earthquake,3123.0,,31.23,,3,0,0.6648,0.0,7.03,,6.918000221252441,-75.98300170898438,26.05,1.6,7.751667,-75.532667,251.0,104.75,208.37
URE.2022.072.20.41.50,URE,2022.072.20.41.50,earthquake,2991.0,,29.91,,3,0,0.7874,0.0,6.31,,6.177999973297119,-73.88300323486328,26.28,2.5,7.751667,-75.532667,251.0,252.02,133.57
URE.2022.072.23.02.07,URE,2022.072.23.02.07,earthquake,3329.0,5330.0,33.29,53.3,3,2,0.605,0.384,8.25,11.13,6.742000102996826,-76.6760025024414,24.18,2.0,7.751667,-75.532667,251.0,168.55,228.59
URE.2022.073.07.40.45,URE,2022.073.07.40.45,earthquake,3224.0,4618.0,32.24,46.18,3,3,0.9471,0.4117,26.71,12.34,7.214000225067139,-76.22100067138672,23.95,2.8,7.751667,-75.532667,251.0,96.48,232.0
URE.2022.073.09.28.25,URE,2022.073.09.28.25,earthquake,3450.0,5710.0,34.5,57.1,3,3,0.874,0.4854,23.74,15.63,6.436999797821045,-76.5979995727539,29.34,2.9,7.751667,-75.532667,251.0,187.05,219.06
URE.2022.074.23.42.53,URE,2022.074.23.42.53,earthquake,3209.0,,32.09,,4,0,0.7463,0.0,5.47,,6.859000205993652,-76.26399993896484,18.67,1.6,7.751667,-75.532667,251.0,127.54,219.33
URE.2022.076.03.40.34,URE,2022.076.03.40.34,earthquake,3135.0,4822.0,31.35,48.22,3,2,0.7653,0.5742,2.74,15.0,6.830999851226807,-76.18399810791016,19.26,1.9,7.751667,-75.532667,251.0,124.66,215.28
URE.2022.076.09.15.47,URE,2022.076.09.15.47,earthquake,3249.0,4796.0,32.49,47.96,3,2,0.7117,0.4555,4.95,16.54,6.8379998207092285,-76.16100311279297,21.02,1.6,7.751667,-75.532667,251.0,122.57,214.52
URE.2022.076.10.35.24,URE,2022.076.10.35.24,noise,,,,,0,0,0.0,0.0,,,6.635000228881836,-74.11900329589844,20.5,1.5,7.751667,-75.532667,251.0,199.07,128.25
URE.2022.077.06.46.56,URE,2022.077.06.46.56,earthquake,3229.0,4777.0,32.29,47.77,3,3,0.7815,0.5752,1.84,12.88,6.841000080108643,-76.13700103759766,19.26,1.5,7.751667,-75.532667,251.0,120.81,213.57
URE.2022.077.09.27.07,URE,2022.077.09.27.07,earthquake,3173.0,4914.0,31.73,49.14,3,4,0.868,0.4579,10.1,8.51,6.788000106811523,-76.29499816894531,21.13,1.6,7.751667,-75.532667,251.0,135.81,218.35
URE.2022.078.10.53.38,URE,2022.078.10.53.38,earthquake,3301.0,4677.0,33.01,46.77,4,3,0.6466,0.4115,4.99,13.77,7.36299991607666,-76.28099822998047,18.67,1.5,7.751667,-75.532667,251.0,93.1,242.55
URE.2022.078.12.27.08,URE,2022.078.12.27.08,earthquake,3086.0,,30.86,,3,0,0.8918,0.0,7.73,,6.4019999504089355,-74.36399841308594,23.13,1.5,7.751667,-75.532667,251.0,197.35,139.07
URE.2022.078.17.23.07,URE,2022.078.17.23.07,earthquake,10121.0,,101.21,,3,0,0.7817,0.0,8.26,,6.892000198364258,-76.09200286865234,8.95,1.5,7.751667,-75.532667,251.0,113.37,213.04
URE.2022.079.19.25.40,URE,2022.079.19.25.40,earthquake,2822.0,4778.0,28.22,47.78,4,2,0.6824,0.3776,11.19,5.25,6.75,-76.68900299072266,2.79,2.5,7.751667,-75.532667,251.0,169.05,229.13
URE.2022.080.05.56.28,URE,2022.080.05.56.28,earthquake,3139.0,4226.0,31.39,42.26,4,4,0.8537,0.6605,17.74,21.72,7.177999973297119,-75.875,29.1,1.8,7.751667,-75.532667,251.0,73.84,210.8
URE.2022.080.11.17.50,URE,2022.080.11.17.50,earthquake,3242.0,4817.0,32.42,48.17,3,2,0.5338,0.4001,2.37,7.72,6.857999801635742,-76.25199890136719,19.26,1.5,7.751667,-75.532667,251.0,126.79,218.83
URE.2022.082.02.35.30,URE,2022.082.02.35.30,earthquake,3342.0,5389.0,33.42,53.89,3,3,0.7856,0.2951,16.3,13.44,6.767000198364258,-76.68900299072266,34.49,2.6,7.751667,-75.532667,251.0,167.82,229.62
URE.2022.082.05.45.18,URE,2022.082.05.45.18,noise,,,,,0,0,0.0,0.0,,,5.622000217437744,-74.26799774169922,38.24,1.6,7.751667,-75.532667,251.0,273.9,149.23
URE.2022.082.09.33.55,URE,2022.082.09.33.55,earthquake,2878.0,4795.0,28.78,47.95,3,3,0.8407,0.5211,7.56,9.65,7.557000160217285,-74.0479965209961,9.07,2.1,7.751667,-75.532667,251.0,165.22,97.39
URE.2022.083.01.32.25,URE,2022.083.01.32.25,earthquake,14320.0,,143.2,,3,0,0.756,0.0,25.14,,5.890999794006348,-76.20600128173828,32.62,1.5,7.751667,-75.532667,251.0,218.82,199.93
URE.2022.083.06.45.23,URE,2022.083.06.45.23,earthquake,2816.0,,28.16,,3,0,0.757,0.0,9.83,,7.486999988555908,-74.03199768066406,9.17,2.1,7.751667,-75.532667,251.0,168.16,99.92
URE.2022.083.23.43.03,URE,2022.083.23.43.03,earthquake,3150.0,4470.0,31.5,44.7,4,3,0.7519,0.6503,2.83,11.72,7.224999904632568,-76.22899627685547,13.4,1.6,7.751667,-75.532667,251.0,96.44,232.89
URE.2022.084.04.31.39,URE,2022.084.04.31.39,earthquake,3267.0,5257.0,32.67,52.57,3,3,0.8414,0.3448,4.71,10.23,6.895999908447266,-76.63600158691406,12.93,1.8,7.751667,-75.532667,251.0,154.26,232.23
URE.2022.084.23.14.33,URE,2022.084.23.14.33,earthquake,3225.0,,32.25,,3,0,0.6364,0.0,3.9,,6.888000011444092,-76.61499786376953,15.98,1.7,7.751667,-75.532667,251.0,152.99,231.44
URE.2022.085.07.48.28,URE,2022.085.07.48.28,earthquake,3195.0,4830.0,31.95,48.3,3,2,0.7413,0.3688,8.03,14.32,6.857999801635742,-76.27999877929688,23.24,1.9,7.751667,-75.532667,251.0,128.75,219.91
URE.2022.085.20.28.27,URE,2022.085.20.28.27,earthquake,3112.0,4611.0,31.12,46.11,3,4,0.7692,0.5693,6.26,6.19,6.88100004196167,-74.66200256347656,20.55,1.7,7.751667,-75.532667,251.0,136.07,134.99
URE.2022.088.16.34.45,URE,2022.088.16.34.45,earthquake,2931,3948.0,29.31,39.48,4,4,0.8292,0.461,7.46,8.36,7.203000068664551,-75.93399810791016,29.82,1.5,7.751667,-75.532667,251.0,75.13,216.16
URE.2022.090.12.54.58,URE,2022.090.12.54.58,earthquake,3164,5257.0,31.64,52.57,3,2,0.4291,0.4647,17.9,3.09,6.714000225067139,-75.89399719238281,12.93,2.4,7.751667,-75.532667,251.0,121.5,199.2
URE.2022.091.08.30.10,URE,2022.091.08.30.10,earthquake,3340,5353.0,33.4,53.53,3,2,0.8308,0.3018,5.52,10.65,6.75,-76.71600341796875,28.16,1.8,7.751667,-75.532667,251.0,171.31,229.79
URE.2022.092.20.52.16,URE,2022.092.20.52.16,earthquake,3174,4564.0,31.74,45.64,3,2,0.8205,0.6514,21.43,19.19,7.120999813079834,-76.19000244140625,20.9,2.3,7.751667,-75.532667,251.0,100.65,226.18
URE.2022.093.09.43.53,URE,2022.093.09.43.53,earthquake,3276,4857.0,32.76,48.57,3,2,0.8005,0.4168,5.15,14.49,6.86299991607666,-76.25,22.3,1.6,7.751667,-75.532667,251.0,126.23,218.91
URE.2022.094.07.06.12,URE,2022.094.07.06.12,earthquake,3373,5340.0,33.73,53.4,3,3,0.7169,0.5177,7.96,12.89,6.8460001945495605,-76.71700286865234,28.63,2.0,7.751667,-75.532667,251.0,164.73,232.63
URE.2022.095.01.11.27,URE,2022.095.01.11.27,earthquake,3317,,33.17,,3,0,0.8436,0.0,9.28,-0.56,6.875999927520752,-76.65799713134766,21.95,1.9,7.751667,-75.532667,251.0,157.54,232.14
URE.2022.095.13.28.48,URE,2022.095.13.28.48,earthquake,2631,3519.0,26.31,35.19,3,2,0.4656,0.2736,5.05,7.38,6.946000099182129,-75.3740005493164,3.4,1.5,7.751667,-75.532667,251.0,90.81,168.87
URE.2022.097.06.23.18,URE,2022.097.06.23.18,earthquake,3164,4160.0,31.64,41.6,3,4,0.8445,0.5057,7.97,14.15,7.169000148773193,-75.86399841308594,27.93,1.5,7.751667,-75.532667,251.0,74.09,209.6
URE.2022.097.20.45.19,URE,2022.097.20.45.19,earthquake,3017,4005.0,30.17,40.05,3,4,0.828,0.4423,11.48,9.87,7.039999961853027,-75.46099853515625,18.09,2.1,7.751667,-75.532667,251.0,79.1,174.25
URE.2022.099.09.27.08,URE,2022.099.09.27.08,earthquake,3081,4470.0,30.81,44.7,3,4,0.8801,0.4505,11.29,19.75,6.934999942779541,-76.0260009765625,21.84,1.6,7.751667,-75.532667,251.0,105.47,211.13
URE.2022.101.02.50.33,URE,2022.101.02.50.33,earthquake,3163,4684.0,31.63,46.84,3,3,0.7782,0.5016,5.21,14.58,6.9679999351501465,-76.1780014038086,19.02,1.5,7.751667,-75.532667,251.0,112.2,219.47
URE.2022.103.00.01.09,URE,2022.103.00.01.09,earthquake,3177,4635.0,31.77,46.35,3,3,0.787,0.407,5.64,7.59,6.9730000495910645,-76.23600006103516,15.74,1.6,7.751667,-75.532667,251.0,115.96,222.09
URE.2022.105.18.22.26,URE,2022.105.18.22.26,earthquake,3084,4064.0,30.84,40.64,3,4,0.8691,0.3841,13.71,10.45,7.331999778747559,-76.07599639892578,19.96,2.1,7.751667,-75.532667,251.0,75.83,232.3
URE.2022.106.02.25.23,URE,2022.106.02.25.23,earthquake,3213,4873.0,32.13,48.73,4,3,0.8006,0.409,6.94,9.31,6.9029998779296875,-76.31300354003906,20.9,1.6,7.751667,-75.532667,251.0,127.41,222.6
URE.2022.106.20.02.25,URE,2022.106.20.02.25,earthquake,9737,,97.37,,3,0,0.3877,0.0,9.08,-4.31,5.169000148773193,-74.6709976196289,19.02,1.7,7.751667,-75.532667,251.0,301.1,161.49
URE.2022.107.09.39.14,URE,2022.107.09.39.14,earthquake,3090,,30.9,,3,0,0.6859,0.0,10.3,,6.98199987411499,-76.30400085449219,14.45,1.6,7.751667,-75.532667,251.0,120.41,225.06
URE.2022.109.11.21.41,URE,2022.109.11.21.41,earthquake,3165,4463.0,31.65,44.63,3,2,0.894,0.4067,4.03,11.23,7.336999893188477,-76.25800323486328,9.88,1.5,7.751667,-75.532667,251.0,92.26,240.24
URE.2022.111.02.26.49,URE,2022.111.02.26.49,earthquake,2968,3866.0,29.68,38.66,3,4,0.9582,0.6028,28.69,14.5,7.184000015258789,-75.76799774169922,10.35,2.2,7.751667,-75.532667,251.0,67.94,202.49
URE.2022.111.02.57.38,URE,2022.111.02.57.38,earthquake,3083,,30.83,,3,0,0.5153,0.0,6.78,,6.938000202178955,-76.10399627685547,-0.11,1.7,7.751667,-75.532667,251.0,109.89,215.07
URE.2022.111.17.17.09,URE,2022.111.17.17.09,earthquake,3220,4817.0,32.2,48.17,4,3,0.7447,0.4848,7.49,16.64,6.822000026702881,-76.19200134277344,18.32,2.2,7.751667,-75.532667,251.0,125.98,215.35
URE.2022.112.00.36.26,URE,2022.112.00.36.26,earthquake,9546,,95.46,,3,0,0.6459,0.0,10.24,,6.966000080108643,-76.1780014038086,15.18,1.5,7.751667,-75.532667,251.0,112.37,219.39
URE.2022.112.16.12.31,URE,2022.112.16.12.31,earthquake,3301,,33.01,,3,0,0.8095,0.0,8.08,,6.466000080108643,-76.7239990234375,25.7,2.2,7.751667,-75.532667,251.0,193.74,222.86
URE.2022.113.06.49.53,URE,2022.113.06.49.53,earthquake,3008,3971.0,30.08,39.71,4,3,0.8547,0.2466,26.66,10.89,7.164999961853027,-75.61199951171875,10.12,2.8,7.751667,-75.532667,251.0,65.47,187.69
URE.2022.113.19.21.55,URE,2022.113.19.21.55,earthquake,3173,4832.0,31.73,48.32,3,4,0.7596,0.4373,6.1,14.39,6.920000076293945,-76.23600006103516,9.65,1.7,7.751667,-75.532667,251.0,120.38,220.22
URE.2022.115.14.57.14,URE,2022.115.14.57.14,earthquake,3235,4535.0,32.35,45.35,4,4,0.758,0.3824,21.38,18.67,7.160999774932861,-76.19400024414062,26.29,2.9,7.751667,-75.532667,251.0,97.96,228.22
URE.2022.115.15.27.07,URE,2022.115.15.27.07,earthquake,3333,,33.33,,3,0,0.6926,0.0,4.7,,6.85699987411499,-76.66899871826172,26.41,1.7,7.751667,-75.532667,251.0,159.79,231.82
URE.2022.115.19.03.19,URE,2022.115.19.03.19,earthquake,3228,4678.0,32.28,46.78,4,2,0.7861,0.6165,17.45,9.94,7.3520002365112305,-76.29900360107422,19.26,2.3,7.751667,-75.532667,251.0,95.43,242.46
URE.2022.117.11.38.45,URE,2022.117.11.38.45,earthquake,3241,4857.0,32.41,48.57,3,3,0.7343,0.3725,8.55,16.77,6.870999813079834,-76.27200317382812,19.67,3.2,7.751667,-75.532667,251.0,127.08,220.02
URE.2022.117.12.01.37,URE,2022.117.12.01.37,earthquake,3260,4883.0,32.6,48.83,3,3,0.85,0.3929,19.66,16.47,6.880000114440918,-76.27200317382812,20.43,2.6,7.751667,-75.532667,251.0,126.32,220.31
URE.2022.117.14.53.16,URE,2022.117.14.53.16,earthquake,3254,4894.0,32.54,48.94,3,3,0.6913,0.4107,18.85,10.51,6.875,-76.26300048828125,22.54,2.4,7.751667,-75.532667,251.0,126.11,219.8
URE.2022.117.23.47.22,URE,2022.117.23.47.22,earthquake,3228,4675.0,32.28,46.75,4,4,0.7327,0.4816,11.55,17.26,7.067999839782715,-76.24500274658203,19.49,1.8,7.751667,-75.532667,251.0,109.09,226.17
URE.2022.119.06.22.06,URE,2022.119.06.22.06,earthquake,3270,4525.0,32.7,45.25,3,4,0.8016,0.4757,9.35,16.79,7.173999786376953,-76.12799835205078,32.15,1.8,7.751667,-75.532667,251.0,91.65,225.85
URE.2022.120.09.40.07,URE,2022.120.09.40.07,earthquake,3178,4851.0,31.78,48.51,3,3,0.7891,0.6068,6.46,10.12,6.960999965667725,-76.3290023803711,18.2,1.5,7.751667,-75.532667,251.0,124.0,225.21
URE.2022.121.23.42.46,URE,2022.121.23.42.46,earthquake,3201,4764.0,32.01,47.64,3,2,0.8079,0.3451,14.68,9.03,6.9679999351501465,-76.2040023803711,18.09,2.0,7.751667,-75.532667,251.0,114.04,220.58
URE.2022.122.01.49.38,URE,2022.122.01.49.38,earthquake,3243,4747.0,32.43,47.47,3,2,0.6928,0.4312,2.77,8.96,6.9730000495910645,-76.15499877929688,11.29,1.6,7.751667,-75.532667,251.0,110.17,218.63
URE.2022.123.03.00.19,URE,2022.123.03.00.19,earthquake,3245,4823.0,32.45,48.23,3,2,0.8514,0.439,0.55,13.1,6.857999801635742,-76.24800109863281,18.55,1.5,7.751667,-75.532667,251.0,126.52,218.68
URE.2022.125.03.34.40,URE,2022.125.03.34.40,earthquake,3292,4771.0,32.92,47.71,3,3,0.7172,0.53,7.44,4.7,7.340000152587891,-76.37300109863281,20.78,1.5,7.751667,-75.532667,251.0,103.31,243.91
URE.2022.127.01.05.50,URE,2022.127.01.05.50,earthquake,3181.0,4893.0,31.81,48.93,3,2,0.7881,0.3614,7.45,10.04,6.958000183105469,-76.36399841308594,19.49,1.8,7.751667,-75.532667,251.0,127.0,226.33
URE.2022.128.03.46.57,URE,2022.128.03.46.57,earthquake,3275.0,4890.0,32.75,48.9,4,2,0.748,0.4411,10.6,15.68,6.855999946594238,-76.26300048828125,20.2,1.9,7.751667,-75.532667,251.0,127.73,219.2
URE.2022.131.05.25.00,URE,2022.131.05.25.00,earthquake,3161.0,4410.0,31.61,44.1,3,3,0.6092,0.4184,16.1,19.88,7.064000129699707,-76.06300354003906,19.96,1.8,7.751667,-75.532667,251.0,95.98,217.63
URE.2022.131.10.46.37,URE,2022.131.10.46.37,earthquake,3010.0,,30.1,,3,0,0.5559,0.0,2.31,,7.150000095367432,-74.01799774169922,15.54,1.8,7.751667,-75.532667,251.0,179.95,111.6
URE.2022.134.02.24.31,URE,2022.134.02.24.31,earthquake,3239.0,4886.0,32.39,48.86,3,3,0.7702,0.279,14.02,12.14,6.873000144958496,-76.23100280761719,23.01,2.5,7.751667,-75.532667,251.0,124.05,218.48
URE.2022.137.21.49.20,URE,2022.137.21.49.20,earthquake,3175.0,4186.0,31.75,41.86,4,4,0.8351,0.6582,25.37,20.79,7.189000129699707,-75.83699798583984,34.49,2.3,7.751667,-75.532667,251.0,70.72,208.38
URE.2022.139.12.26.09,URE,2022.139.12.26.09,earthquake,,3845.0,,38.45,0,3,0.0,0.4995,-1.56,7.28,7.216000080108643,-75.2969970703125,19.02,1.5,7.751667,-75.532667,251.0,64.7,156.28
URE.2022.141.05.04.32,URE,2022.141.05.04.32,earthquake,,4662.0,,46.62,0,4,0.0,0.4333,-0.92,13.76,6.939000129699707,-76.23799896240234,17.62,1.5,7.751667,-75.532667,251.0,118.92,220.95
URE.2022.142.10.06.54,URE,2022.142.10.06.54,earthquake,3128.0,4698.0,31.28,46.98,3,3,0.8716,0.5604,2.12,14.51,6.943999767303467,-76.26499938964844,6.95,1.6,7.751667,-75.532667,251.0,120.48,222.2
URE.2022.146.05.54.27,URE,2022.146.05.54.27,earthquake,3160.0,4900.0,31.6,49.0,3,3,0.8994,0.4073,23.85,10.23,6.730999946594238,-76.33899688720703,33.32,2.7,7.751667,-75.532667,251.0,143.77,218.32
URE.2022.147.08.11.24,URE,2022.147.08.11.24,earthquake,3153.0,,31.53,,3,0,0.5635,0.0,6.71,,7.302000045776367,-77.24800109863281,20.0,1.9,7.751667,-75.532667,251.0,195.74,255.4
URE.2022.147.10.36.12,URE,2022.147.10.36.12,earthquake,10714.0,,107.14,,3,0,0.7947,0.0,5.8,,7.168000221252441,-76.01000213623047,0.0,1.5,7.751667,-75.532667,251.0,83.32,219.26
URE.2022.150.09.48.41,URE,2022.150.09.48.41,earthquake,2988.0,3893.0,29.88,38.93,4,4,0.9228,0.4442,27.0,7.78,7.372000217437744,-75.15699768066406,33.2,1.8,7.751667,-75.532667,251.0,59.01,135.34
URE.2022.151.17.24.41,URE,2022.151.17.24.41,earthquake,2971.0,4932.0,29.71,49.32,3,2,0.7607,0.4994,7.82,16.23,7.192999839782715,-77.06500244140625,18.42,2.2,7.751667,-75.532667,251.0,180.07,250.03
URE.2022.153.03.25.07,URE,2022.153.03.25.07,earthquake,2801.0,4538.0,28.01,45.38,3,2,0.8705,0.4146,7.67,13.69,6.875999927520752,-76.5479965209961,19.01,1.8,7.751667,-75.532667,251.0,148.15,229.25
URE.2022.153.10.37.57,URE,2022.153.10.37.57,earthquake,3250.0,5006.0,32.5,50.06,3,3,0.8361,0.4118,19.64,17.08,6.836999893188477,-76.3290023803711,32.38,2.8,7.751667,-75.532667,251.0,134.03,221.05
URE.2022.153.11.39.28,URE,2022.153.11.39.28,earthquake,2848.0,4610.0,28.48,46.1,3,2,0.5865,0.5952,12.95,17.98,6.769999980926514,-76.30699920654297,0.01,2.0,7.751667,-75.532667,251.0,138.2,218.28
URE.2022.154.07.29.15,URE,2022.154.07.29.15,earthquake,3041.0,3777.0,30.41,37.77,4,3,0.8596,0.5885,36.35,11.08,7.698999881744385,-75.04199981689453,19.73,2.4,7.751667,-75.532667,251.0,54.44,96.11
URE.2022.156.17.10.27,URE,2022.156.17.10.27,earthquake,2860.0,,28.6,,3,0,0.7977,0.0,5.67,,6.866000175476074,-76.25599670410156,0.0,1.7,7.751667,-75.532667,251.0,126.38,219.24
URE.2022.159.00.45.47,URE,2022.159.00.45.47,earthquake,2882.0,4553.0,28.82,45.53,3,4,0.7753,0.4253,8.21,9.74,6.84499979019165,-76.22899627685547,0.0,1.5,7.751667,-75.532667,251.0,126.36,217.53
URE.2022.160.06.20.38,URE,2022.160.06.20.38,earthquake,2839.0,4445.0,28.39,44.45,3,3,0.807,0.4233,7.52,15.36,6.85699987411499,-76.2490005493164,0.0,1.5,7.751667,-75.532667,251.0,126.67,218.69
URE.2022.161.01.25.33,URE,2022.161.01.25.33,earthquake,2838.0,3703.0,28.38,37.03,3,3,0.8921,0.4262,19.63,10.84,7.059000015258789,-75.62799835205078,15.98,2.9,7.751667,-75.532667,251.0,77.32,187.83
URE.2022.161.13.15.58,URE,2022.161.13.15.58,earthquake,3131.0,4901.0,31.31,49.01,3,3,0.6685,0.5607,9.33,11.59,6.859000205993652,-76.28099822998047,18.67,2.0,7.751667,-75.532667,251.0,128.74,219.98
URE.2022.161.13.21.40,URE,2022.161.13.21.40,earthquake,2992.0,8516.0,29.92,85.16,3,3,0.8576,0.4316,4.4,11.77,7.170000076293945,-76.77300262451172,8.85,2.2,7.751667,-75.532667,251.0,151.27,244.91
URE.2022.163.00.38.48,URE,2022.163.00.38.48,earthquake,12132.0,,121.32,,3,0,0.7164,0.0,2.08,,6.889999866485596,-76.28700256347656,19.96,4.0,7.751667,-75.532667,251.0,126.56,221.2
URE.2022.163.00.43.47,URE,2022.163.00.43.47,earthquake,6282.0,8010.0,62.82,80.1,4,2,0.6592,0.5706,13.06,8.65,6.7870001792907715,-75.82499694824219,4.0,2.1,7.751667,-75.532667,251.0,111.46,196.85
URE.2022.163.00.44.18,URE,2022.163.00.44.18,earthquake,3262.0,4982.0,32.62,49.82,3,2,0.781,0.6245,13.13,9.11,6.889999866485596,-76.25,23.24,2.4,7.751667,-75.532667,251.0,123.91,219.78
URE.2022.163.00.49.56,URE,2022.163.00.49.56,earthquake,3209.0,4919.0,32.09,49.19,3,3,0.7062,0.4506,30.19,19.93,6.908999919891357,-76.28199768066406,22.13,4.2,7.751667,-75.532667,251.0,124.62,221.65
URE.2022.163.00.52.42,URE,2022.163.00.52.42,earthquake,7086.0,,70.86,,4,0,0.7673,0.0,6.2,,6.89300012588501,-76.27300262451172,22.89,2.8,7.751667,-75.532667,251.0,125.3,220.77
URE.2022.163.00.53.21,URE,2022.163.00.53.21,earthquake,3185.0,,31.85,,3,0,0.8203,0.0,6.13,,6.881999969482422,-76.23100280761719,20.2,2.6,7.751667,-75.532667,251.0,123.27,218.77
URE.2022.163.01.13.17,URE,2022.163.01.13.17,earthquake,3251.0,4876.0,32.51,48.76,3,3,0.8124,0.3784,2.62,10.72,6.914999961853027,-76.21399688720703,23.48,1.7,7.751667,-75.532667,251.0,119.25,219.16
URE.2022.163.01.29.33,URE,2022.163.01.29.33,earthquake,2926.0,,29.26,,3,0,0.7743,0.0,5.06,,6.873000144958496,-76.20099639892578,20.66,1.6,7.751667,-75.532667,251.0,122.02,217.26
URE.2022.163.02.19.35,URE,2022.163.02.19.35,earthquake,2991.0,5248.0,29.91,52.48,3,2,0.884,0.4584,8.26,9.87,7.409999847412109,-73.74099731445312,20.5,2.0,7.751667,-75.532667,251.0,201.29,100.7
URE.2022.163.03.44.16,URE,2022.163.03.44.16,earthquake,2958.0,,29.58,,4,0,0.7264,0.0,5.73,,6.85099983215332,-76.177001953125,0.0,1.6,7.751667,-75.532667,251.0,122.41,215.58
URE.2022.163.05.01.58,URE,2022.163.05.01.58,earthquake,2738.0,,27.38,,3,0,0.6327,0.0,30.09,-0.01,6.922999858856201,-76.20899963378906,9.77,1.5,7.751667,-75.532667,251.0,118.22,219.22
URE.2022.163.07.07.40,URE,2022.163.07.07.40,earthquake,3216.0,4816.0,32.16,48.16,4,2,0.7028,0.218,8.25,16.31,6.888999938964844,-76.24700164794922,21.02,2.1,7.751667,-75.532667,251.0,123.79,219.63
URE.2022.163.07.12.35,URE,2022.163.07.12.35,earthquake,,4813.0,,48.13,0,2,0.0,0.4562,-0.25,16.21,6.894000053405762,-76.21399688720703,15.98,1.7,7.751667,-75.532667,251.0,121.06,218.46
URE.2022.163.07.53.15,URE,2022.163.07.53.15,earthquake,2945.0,4546.0,29.45,45.46,3,2,0.704,0.3085,1.56,12.42,6.834000110626221,-76.14700317382812,0.0,1.5,7.751667,-75.532667,251.0,122.07,213.8
URE.2022.163.08.33.25,URE,2022.163.08.33.25,earthquake,3328.0,7673.0,33.28,76.73,4,3,0.8056,0.3639,14.44,7.06,6.880000114440918,-76.20999908447266,16.27,1.5,7.751667,-75.532667,251.0,122.01,217.85
URE.2022.164.01.27.44,URE,2022.164.01.27.44,earthquake,3113.0,4088.0,31.13,40.88,4,4,0.893,0.3664,26.56,9.12,7.429999828338623,-76.01200103759766,26.29,2.6,7.751667,-75.532667,251.0,63.74,236.11
URE.2022.164.23.16.26,URE,2022.164.23.16.26,earthquake,3177.0,4764.0,31.77,47.64,3,3,0.6341,0.3779,17.34,16.22,6.895999908447266,-76.24600219726562,19.73,2.6,7.751667,-75.532667,251.0,123.12,219.82
URE.2022.165.06.38.57,URE,2022.165.06.38.57,earthquake,3201.0,4903.0,32.01,49.03,3,3,0.6728,0.4887,5.14,11.46,6.916999816894531,-76.34400177001953,18.91,1.6,7.751667,-75.532667,251.0,128.63,224.19
URE.2022.168.04.33.22,URE,2022.168.04.33.22,earthquake,6361,,63.61,,3,0,0.6546,0.0,7.28,,5.7829999923706055,-77.33799743652344,28.49,1.6,7.751667,-75.532667,251.0,295.34,222.62
URE.2022.169.14.25.55,URE,2022.169.14.25.55,earthquake,3247,4805.0,32.47,48.05,3,4,0.7789,0.3114,8.25,7.36,6.839000225067139,-76.25199890136719,23.01,2.0,7.751667,-75.532667,251.0,128.44,218.25
URE.2022.169.15.16.17,URE,2022.169.15.16.17,earthquake,3288,4847.0,32.88,48.47,3,4,0.7744,0.3963,6.99,10.13,6.843999862670898,-76.26100158691406,23.95,1.9,7.751667,-75.532667,251.0,128.63,218.75
URE.2022.170.00.21.32,URE,2022.170.00.21.32,earthquake,3213,4760.0,32.13,47.6,4,3,0.7558,0.5671,29.82,15.82,6.936999797821045,-76.24400329589844,26.76,2.8,7.751667,-75.532667,251.0,119.52,221.13
URE.2022.171.09.20.31,URE,2022.171.09.20.31,earthquake,3155,,31.55,,3,0,0.8091,0.0,11.18,,6.89900016784668,-76.24600219726562,22.3,2.1,7.751667,-75.532667,251.0,122.87,219.92
URE.2022.171.14.56.49,URE,2022.171.14.56.49,earthquake,2981,4888.0,29.81,48.88,3,2,0.5955,0.3402,4.4,12.29,6.427000045776367,-74.86399841308594,13.31,2.0,7.751667,-75.532667,251.0,164.07,153.2
URE.2022.172.01.07.21,URE,2022.172.01.07.21,earthquake,2883,4266.0,28.83,42.66,4,3,0.7455,0.5944,16.35,14.85,7.164999961853027,-76.01499938964844,0.0,1.6,7.751667,-75.532667,251.0,83.93,219.4
URE.2022.172.20.12.13,URE,2022.172.20.12.13,earthquake,3040,3662.0,30.4,36.62,4,4,0.878,0.6614,23.18,10.61,7.313000202178955,-75.45999908447266,15.98,1.7,7.751667,-75.532667,251.0,49.17,170.61
URE.2022.173.03.26.17,URE,2022.173.03.26.17,earthquake,2895,4308.0,28.95,43.08,3,4,0.7143,0.5252,1.22,18.58,6.986000061035156,-76.16200256347656,0.0,1.5,7.751667,-75.532667,251.0,109.54,219.41
URE.2022.174.09.02.32,URE,2022.174.09.02.32,earthquake,2877,,28.77,,3,0,0.7539,0.0,12.03,,6.8460001945495605,-76.1780014038086,0.0,1.9,7.751667,-75.532667,251.0,122.92,215.47
URE.2022.175.19.58.03,URE,2022.175.19.58.03,earthquake,3166,4786.0,31.66,47.86,3,3,0.7903,0.4165,15.03,13.39,6.8520002365112305,-76.25,22.07,2.5,7.751667,-75.532667,251.0,127.18,218.57
URE.2022.175.20.11.29,URE,2022.175.20.11.29,earthquake,2853,4452.0,28.53,44.52,3,3,0.7222,0.3389,9.78,11.43,6.789000034332275,-76.19499969482422,0.0,1.8,7.751667,-75.532667,251.0,129.17,214.53
URE.2022.177.09.22.38,URE,2022.177.09.22.38,earthquake,2906,4941.0,29.06,49.41,4,2,0.7144,0.4593,11.13,7.59,7.333000183105469,-77.14399719238281,23.88,2.3,7.751667,-75.532667,251.0,183.76,255.51
URE.2022.178.11.34.07,URE,2022.178.11.34.07,earthquake,2971,4305.0,29.71,43.05,3,4,0.8932,0.4165,19.1,11.06,7.10699987411499,-76.08200073242188,0.0,1.9,7.751667,-75.532667,251.0,93.6,220.42
URE.2022.180.03.04.18,URE,2022.180.03.04.18,earthquake,2993,4315.0,29.93,43.15,3,3,0.6636,0.3687,7.55,0.41,7.0879998207092285,-76.20600128173828,-0.18,1.5,7.751667,-75.532667,251.0,104.46,225.41
URE.2022.181.13.45.23,URE,2022.181.13.45.23,earthquake,2848,3830.0,28.48,38.3,3,4,0.926,0.5911,11.34,8.84,7.179999828338623,-75.83999633789062,10.85,1.6,7.751667,-75.532667,251.0,71.75,208.24
URE.2022.182.03.51.53,URE,2022.182.03.51.53,earthquake,2994,3917.0,29.94,39.17,4,4,0.8359,0.5513,21.45,10.55,7.130000114440918,-75.63200378417969,13.05,2.1,7.751667,-75.532667,251.0,69.62,189.07
URE.2022.182.07.14.31,URE,2022.182.07.14.31,earthquake,3157,4754.0,31.57,47.54,3,3,0.883,0.4532,19.03,14.04,7.019000053405762,-76.3030014038086,22.77,1.9,7.751667,-75.532667,251.0,117.47,226.44
URE.2022.185.06.03.32,URE,2022.185.06.03.32,earthquake,,4854.0,,48.54,0,3,0.0,0.4306,-2.24,3.93,6.849999904632568,-76.77400207519531,20.06,2.0,7.751667,-75.532667,251.0,169.5,234.05
URE.2022.186.06.34.30,URE,2022.186.06.34.30,earthquake,2827.0,4459.0,28.27,44.59,4,4,0.6827,0.4648,7.33,12.16,6.843999862670898,-76.24800109863281,0.0,1.7,7.751667,-75.532667,251.0,127.73,218.25
URE.2022.193.22.06.37,URE,2022.193.22.06.37,earthquake,2892.0,4541.0,28.92,45.41,3,4,0.85,0.5331,3.33,14.51,7.500999927520752,-74.38099670410156,21.34,1.5,7.751667,-75.532667,251.0,130.07,102.23
URE.2022.194.13.43.27,URE,2022.194.13.43.27,earthquake,4945.0,5099.0,49.45,50.99,3,2,0.6432,0.1715,19.71,8.94,7.639999866485596,-73.9729995727539,18.1,2.0,7.751667,-75.532667,251.0,172.51,94.0
URE.2022.198.17.15.28,URE,2022.198.17.15.28,earthquake,2892.0,4078.0,28.92,40.78,4,4,0.8441,0.5925,12.93,3.65,7.104000091552734,-76.03099822998047,26.82,1.7,7.751667,-75.532667,251.0,90.31,217.56
URE.2022.201.14.13.44,URE,2022.201.14.13.44,earthquake,2888.0,4789.0,28.88,47.89,3,3,0.5304,0.2593,5.58,3.28,6.495999813079834,-74.65299987792969,15.98,1.6,7.751667,-75.532667,251.0,169.49,144.96
URE.2022.202.11.28.09,URE,2022.202.11.28.09,earthquake,3113.0,4228.0,31.13,42.28,4,4,0.712,0.4946,17.07,14.44,6.98199987411499,-75.54100036621094,30.39,1.6,7.751667,-75.532667,251.0,85.12,180.62
URE.2022.203.21.52.54,URE,2022.203.21.52.54,earthquake,4906.0,,49.06,,3,0,0.6188,0.0,6.93,,5.159999847412109,-74.69599914550781,24.24,3.1,7.751667,-75.532667,251.0,301.18,162.06
URE.2022.203.22.12.29,URE,2022.203.22.12.29,earthquake,3284.0,4921.0,32.84,49.21,3,3,0.6295,0.5342,6.0,11.84,6.936999797821045,-76.27200317382812,11.99,1.5,7.751667,-75.532667,251.0,121.58,222.23
URE.2022.203.22.16.33,URE,2022.203.22.16.33,earthquake,3248.0,4812.0,32.48,48.12,4,3,0.7946,0.5637,9.3,13.56,7.166999816894531,-76.34700012207031,19.73,2.0,7.751667,-75.532667,251.0,110.73,234.32
URE.2022.204.03.46.55,URE,2022.204.03.46.55,earthquake,2866.0,4775.0,28.66,47.75,3,4,0.8789,0.4486,14.9,9.14,6.545000076293945,-74.72000122070312,4.91,2.1,7.751667,-75.532667,251.0,160.83,146.02
URE.2022.204.05.17.27,URE,2022.204.05.17.27,earthquake,3222.0,4896.0,32.22,48.96,3,3,0.7779,0.523,17.66,10.39,6.918000221252441,-76.37300109863281,24.18,2.3,7.751667,-75.532667,251.0,130.8,225.24
URE.2022.204.20.56.04,URE,2022.204.20.56.04,earthquake,3239.0,4772.0,32.39,47.72,3,3,0.7311,0.5726,8.34,11.68,7.1529998779296875,-76.3290023803711,21.13,1.8,7.751667,-75.532667,251.0,110.05,233.07
URE.2022.206.04.20.59,URE,2022.206.04.20.59,noise,,,,,0,0,0.0,0.0,,,6.793000221252441,-76.97200012207031,17.08,1.6,7.751667,-75.532667,251.0,191.06,236.39
URE.2022.206.16.46.01,URE,2022.206.16.46.01,earthquake,3160.0,,31.6,,3,0,0.8585,0.0,11.98,,7.361999988555908,-76.14399719238281,12.23,1.9,7.751667,-75.532667,251.0,80.05,237.47
URE.2022.207.12.13.38,URE,2022.207.12.13.38,earthquake,2967.0,4155.0,29.67,41.55,3,2,0.9122,0.4077,10.53,7.8,7.310999870300293,-76.12999725341797,0.0,2.0,7.751667,-75.532667,251.0,81.98,233.57
URE.2022.208.03.58.04,URE,2022.208.03.58.04,earthquake,9444,,94.44,,3,0,0.5854,0.0,11.31,,6.857999801635742,-76.26300048828125,15.98,1.5,7.751667,-75.532667,251.0,127.56,219.26
URE.2022.210.01.40.40,URE,2022.210.01.40.40,earthquake,3424,,34.24,,3,0,0.6385,0.0,10.74,,5.526000022888184,-77.10600280761719,33.2,3.0,7.751667,-75.532667,251.0,301.41,215.35
URE.2022.211.13.42.28,URE,2022.211.13.42.28,earthquake,2916,3913.0,29.16,39.13,3,4,0.6596,0.4368,14.1,10.69,7.053999900817871,-75.47699737548828,21.02,1.9,7.751667,-75.532667,251.0,77.4,175.44
URE.2022.213.00.56.10,URE,2022.213.00.56.10,earthquake,3203,4705.0,32.03,47.05,3,3,0.7466,0.4824,10.68,15.26,6.958000183105469,-76.19300079345703,17.85,1.6,7.751667,-75.532667,251.0,114.1,219.76
URE.2022.214.08.41.48,URE,2022.214.08.41.48,earthquake,3143,4669.0,31.43,46.69,3,2,0.7997,0.5813,7.68,8.92,7.019000053405762,-76.24500274658203,9.41,1.6,7.751667,-75.532667,251.0,112.92,224.19
URE.2022.217.13.10.48,URE,2022.217.13.10.48,earthquake,3304,,33.04,,3,0,0.8786,0.0,20.38,,7.456999778747559,-76.49700164794922,24.65,2.2,7.751667,-75.532667,251.0,111.29,253.04
URE.2022.217.23.34.36,URE,2022.217.23.34.36,earthquake,3378,5631.0,33.78,56.31,3,2,0.9266,0.4304,12.84,16.16,7.135000228881836,-77.05000305175781,34.14,2.4,7.751667,-75.532667,251.0,180.85,247.94
URE.2022.218.07.51.12,URE,2022.218.07.51.12,earthquake,3269,4864.0,32.69,48.64,3,3,0.7205,0.5169,9.03,15.49,6.870999813079834,-76.25499725341797,22.77,2.0,7.751667,-75.532667,251.0,125.89,219.36
URE.2022.220.19.01.23,URE,2022.220.19.01.23,earthquake,3353,,33.53,,3,0,0.8264,0.0,7.37,,5.698999881744385,-74.39399719238281,22.83,2.5,7.751667,-75.532667,251.0,259.57,150.92
URE.2022.222.14.46.52,URE,2022.222.14.46.52,earthquake,3175,4496.0,31.75,44.96,3,4,0.8472,0.4274,13.84,17.4,7.091000080108643,-76.22000122070312,17.85,2.2,7.751667,-75.532667,251.0,105.34,226.13
URE.2022.223.10.28.54,URE,2022.223.10.28.54,earthquake,3189,,31.89,,3,0,0.6607,0.0,1.31,,6.86899995803833,-76.30400085449219,19.96,1.7,7.751667,-75.532667,251.0,129.55,221.15
URE.2022.223.11.06.16,URE,2022.223.11.06.16,earthquake,3156,4115.0,31.56,41.15,4,4,0.8518,0.5339,7.98,19.67,7.228000164031982,-75.86799621582031,33.2,1.5,7.751667,-75.532667,251.0,68.73,212.6
URE.2022.224.10.17.03,URE,2022.224.10.17.03,earthquake,3182,4772.0,31.82,47.72,3,2,0.7072,0.4319,7.12,13.31,6.855999946594238,-76.29100036621094,21.84,1.2,7.751667,-75.532667,251.0,129.7,220.26
URE.2022.224.17.38.21,URE,2022.224.17.38.21,earthquake,3351,5366.0,33.51,53.66,3,2,0.8722,0.5931,6.18,2.77,6.7789998054504395,-76.70500183105469,25.7,2.1,7.751667,-75.532667,251.0,168.32,230.35
URE.2022.226.12.56.40,URE,2022.226.12.56.40,earthquake,3194,,31.94,,3,0,0.559,0.0,6.44,,7.107999801635742,-76.19400024414062,15.51,1.7,7.751667,-75.532667,251.0,101.97,225.77
URE.2022.230.22.18.05,URE,2022.230.22.18.05,earthquake,,4935.0,,49.35,0,4,0.0,0.5482,-1.27,9.9,6.951000213623047,-76.34500122070312,21.84,1.6,7.751667,-75.532667,251.0,126.04,225.42
URE.2022.231.02.47.34,URE,2022.231.02.47.34,earthquake,1380.0,2927.0,13.8,29.27,3,3,0.599,0.5103,6.9,13.92,6.918000221252441,-76.18199920654297,25.82,1.2,7.751667,-75.532667,251.0,116.79,217.91
URE.2022.233.03.12.50,URE,2022.233.03.12.50,earthquake,3148.0,4741.0,31.48,47.41,3,3,0.7173,0.4432,7.03,13.89,6.951000213623047,-76.22899627685547,14.57,1.7,7.751667,-75.532667,251.0,117.27,221.01
URE.2022.234.23.16.38,URE,2022.234.23.16.38,earthquake,3258.0,4809.0,32.58,48.09,3,2,0.8268,0.4526,16.51,14.7,6.978000164031982,-76.23100280761719,20.55,1.6,7.751667,-75.532667,251.0,115.18,222.07
URE.2022.239.17.33.33,URE,2022.239.17.33.33,earthquake,3383.0,,33.83,,3,0,0.6325,0.0,2.63,,6.880000114440918,-76.26499938964844,24.18,1.6,7.751667,-75.532667,251.0,125.82,220.04
URE.2022.239.21.55.31,URE,2022.239.21.55.31,earthquake,3293.0,4907.0,32.93,49.07,3,3,0.7939,0.3877,6.87,9.45,6.876999855041504,-76.25700378417969,22.3,1.8,7.751667,-75.532667,251.0,125.51,219.63
URE.2022.240.15.30.48,URE,2022.240.15.30.48,earthquake,2942.0,3878.0,29.42,38.78,3,4,0.8272,0.5298,7.97,10.74,7.252999782562256,-74.99400329589844,21.95,1.6,7.751667,-75.532667,251.0,81.09,132.81
URE.2022.241.13.47.37,URE,2022.241.13.47.37,earthquake,3213.0,4762.0,32.13,47.62,3,4,0.9207,0.4372,8.1,9.65,6.953999996185303,-76.23600006103516,15.51,1.7,7.751667,-75.532667,251.0,117.53,221.4
URE.2022.243.09.35.06,URE,2022.243.09.35.06,earthquake,3159.0,4647.0,31.59,46.47,3,4,0.8657,0.4486,5.47,16.15,6.968999862670898,-76.24400329589844,18.67,1.6,7.751667,-75.532667,251.0,116.88,222.27
URE.2022.244.15.02.29,URE,2022.244.15.02.29,earthquake,3346.0,4968.0,33.46,49.68,4,3,0.7076,0.5961,12.49,15.57,6.9770002365112305,-76.26399993896484,21.6,2.0,7.751667,-75.532667,251.0,117.73,223.35
URE.2022.246.02.36.50,URE,2022.246.02.36.50,earthquake,3165.0,4860.0,31.65,48.6,3,3,0.6157,0.5476,5.36,13.89,6.90500020980835,-76.3280029296875,23.24,1.9,7.751667,-75.532667,251.0,128.37,223.22
URE.2022.247.17.26.40,URE,2022.247.17.26.40,earthquake,3370.0,5307.0,33.7,53.07,4,3,0.7669,0.5384,19.27,14.98,6.849999904632568,-76.67900085449219,33.09,3.0,7.751667,-75.532667,251.0,161.14,231.84
URE.2022.249.11.27.33,URE,2022.249.11.27.33,earthquake,2742.0,4553.0,27.42,45.53,3,3,0.8126,0.573,17.82,9.78,6.883999824523926,-76.48699951171875,0.0,2.4,7.751667,-75.532667,251.0,142.52,227.74
URE.2022.250.03.40.24,URE,2022.250.03.40.24,earthquake,3501.0,,35.01,,3,0,0.4187,0.0,3.26,,5.9120001792907715,-76.6719970703125,34.49,2.4,7.751667,-75.532667,251.0,239.27,211.83
URE.2022.252.01.43.53,URE,2022.252.01.43.53,earthquake,3061.0,,30.61,,3,0,0.7683,0.0,25.0,,6.96999979019165,-75.97200012207031,16.97,3.3,7.751667,-75.532667,251.0,99.13,209.33
URE.2022.253.11.24.29,URE,2022.253.11.24.29,earthquake,3295.0,4994.0,32.95,49.94,4,3,0.6888,0.5777,11.43,17.09,6.815999984741211,-76.33799743652344,30.04,1.9,7.751667,-75.532667,251.0,136.44,220.73
URE.2022.256.11.27.36,URE,2022.256.11.27.36,earthquake,3225.0,5044.0,32.25,50.44,3,3,0.8145,0.5739,3.68,10.88,7.263000011444092,-76.80599975585938,26.76,1.5,7.751667,-75.532667,251.0,150.57,249.05
URE.2022.257.02.34.29,URE,2022.257.02.34.29,earthquake,3252.0,,32.52,,3,0,0.8482,0.0,7.46,,7.105999946594238,-76.71099853515625,28.63,1.7,7.751667,-75.532667,251.0,148.39,241.31
URE.2022.258.00.59.37,URE,2022.258.00.59.37,earthquake,3339.0,5310.0,33.39,53.1,3,2,0.6077,0.4194,2.44,7.12,7.004000186920166,-76.67500305175781,18.55,1.5,7.751667,-75.532667,251.0,150.81,236.82
URE.2022.258.03.08.20,URE,2022.258.03.08.20,earthquake,,4892.0,,48.92,0,3,0.0,0.598,-1.81,9.97,6.986999988555908,-76.41000366210938,15.27,1.5,7.751667,-75.532667,251.0,128.58,228.93
URE.2022.262.07.28.26,URE,2022.262.07.28.26,earthquake,3122.0,4724.0,31.22,47.24,4,4,0.7709,0.4495,5.35,9.63,6.994999885559082,-76.33799743652344,13.52,1.5,7.751667,-75.532667,251.0,122.1,226.79
URE.2022.262.11.02.19,URE,2022.262.11.02.19,earthquake,3282.0,5593.0,32.82,55.93,3,3,0.8266,0.4084,4.01,6.45,7.006999969482422,-77.00499725341797,31.21,2.0,7.751667,-75.532667,251.0,182.22,243.23
URE.2022.263.07.17.55,URE,2022.263.07.17.55,earthquake,3286.0,4778.0,32.86,47.78,3,4,0.8564,0.5413,10.02,17.58,6.9710001945495605,-76.26799774169922,8.48,1.4,7.751667,-75.532667,251.0,118.51,223.29
URE.2022.263.08.23.38,URE,2022.263.08.23.38,earthquake,2887.0,,28.87,,3,0,0.6958,0.0,1.94,,6.340000152587891,-74.36100006103516,0.92,2.2,7.751667,-75.532667,251.0,202.8,140.26
URE.2022.264.06.12.21,URE,2022.264.06.12.21,earthquake,3037.0,5244.0,30.37,52.44,3,2,0.5581,0.5184,3.27,9.71,7.205999851226807,-73.78800201416016,25.64,2.2,7.751667,-75.532667,251.0,201.81,107.28
URE.2022.264.15.03.49,URE,2022.264.15.03.49,earthquake,3264.0,4744.0,32.64,47.44,4,3,0.7293,0.4172,10.57,17.58,6.998000144958496,-76.23200225830078,18.55,1.8,7.751667,-75.532667,251.0,113.62,222.86
URE.2022.265.07.34.44,URE,2022.265.07.34.44,earthquake,3185.0,,31.85,,3,0,0.578,0.0,2.34,,6.855999946594238,-76.29100036621094,21.84,1.2,7.751667,-75.532667,251.0,129.7,220.26
URE.2022.265.09.11.05,URE,2022.265.09.11.05,earthquake,3147.0,4439.0,31.47,44.39,3,4,0.8734,0.4091,3.98,9.63,6.974999904632568,-75.96399688720703,13.16,1.8,7.751667,-75.532667,251.0,98.21,209.03
URE.2022.266.08.33.46,URE,2022.266.08.33.46,earthquake,3222,4883.0,32.22,48.83,3,2,0.9207,0.3312,14.73,12.81,6.811999797821045,-76.33300018310547,27.23,1.9,7.751667,-75.532667,251.0,136.42,220.43
URE.2022.267.13.58.45,URE,2022.267.13.58.45,earthquake,3188,,31.88,,3,0,0.746,0.0,11.56,,7.104000091552734,-76.23699951171875,15.04,1.7,7.751667,-75.532667,251.0,105.72,227.39
URE.2022.268.21.22.49,URE,2022.268.21.22.49,earthquake,3156,4429.0,31.56,44.29,3,3,0.8265,0.4491,10.07,8.59,6.99399995803833,-75.98600006103516,20.43,1.8,7.751667,-75.532667,251.0,97.6,210.88
URE.2022.269.05.54.02,URE,2022.269.05.54.02,earthquake,2940,4557.0,29.4,45.57,3,3,0.7451,0.522,11.4,15.38,6.889999866485596,-76.2229995727539,-0.06,1.7,7.751667,-75.532667,251.0,122.03,218.7
URE.2022.270.23.26.33,URE,2022.270.23.26.33,earthquake,3204,4782.0,32.04,47.82,3,3,0.7718,0.5911,13.91,14.55,7.059000015258789,-76.3219985961914,14.8,1.8,7.751667,-75.532667,251.0,116.02,228.73
URE.2022.271.21.28.59,URE,2022.271.21.28.59,earthquake,2914,5546.0,29.14,55.46,3,3,0.5777,0.4301,5.98,12.71,7.078000068664551,-73.55699920654297,0.0,2.5,7.751667,-75.532667,251.0,230.48,108.73
URE.2022.272.05.25.02,URE,2022.272.05.25.02,earthquake,3208,4783.0,32.08,47.83,3,4,0.8049,0.4589,7.73,13.11,6.9029998779296875,-76.36199951171875,24.41,1.8,7.751667,-75.532667,251.0,131.13,224.35
URE.2022.273.03.12.01,URE,2022.273.03.12.01,earthquake,3338,4951.0,33.38,49.51,3,3,0.6742,0.4129,6.6,19.7,6.849999904632568,-76.21600341796875,23.24,1.7,7.751667,-75.532667,251.0,125.05,217.16
URE.2022.275.22.49.45,URE,2022.275.22.49.45,earthquake,2848,4149.0,28.48,41.49,3,4,0.8556,0.4622,4.89,14.73,7.535999774932861,-74.61900329589844,15.35,1.5,7.751667,-75.532667,251.0,103.59,103.25
URE.2022.276.23.31.36,URE,2022.276.23.31.36,earthquake,3226,5177.0,32.26,51.77,3,3,0.8578,0.5192,13.09,13.59,6.7210001945495605,-76.43599700927734,15.98,1.8,7.751667,-75.532667,251.0,151.47,221.25
URE.2022.277.00.00.16,URE,2022.277.00.00.16,earthquake,3369,5397.0,33.69,53.97,3,2,0.73,0.491,3.95,7.51,6.790999889373779,-76.71199798583984,25.82,2.1,7.751667,-75.532667,251.0,168.07,230.87
URE.2022.277.01.10.56,URE,2022.277.01.10.56,earthquake,3376,5327.0,33.76,53.27,4,2,0.6752,0.3803,24.1,13.44,6.7820000648498535,-76.72899627685547,30.51,3.0,7.751667,-75.532667,251.0,170.16,231.01
URE.2022.277.01.29.51,URE,2022.277.01.29.51,earthquake,1441,2679.0,14.41,26.79,3,3,0.5988,0.5727,5.78,13.67,6.729000091552734,-76.73300170898438,30.27,2.0,7.751667,-75.532667,251.0,174.25,229.61
URE.2022.278.08.56.10,URE,2022.278.08.56.10,earthquake,3131,4763.0,31.31,47.63,3,3,0.6772,0.4555,2.05,10.55,6.814000129699707,-76.19599914550781,13.16,1.3,7.751667,-75.532667,251.0,126.96,215.28
URE.2022.278.23.06.22,URE,2022.278.23.06.22,earthquake,3257,5103.0,32.57,51.03,3,2,0.7644,0.4429,5.9,14.71,6.934999942779541,-76.71299743652344,33.09,2.0,7.751667,-75.532667,251.0,158.56,235.35
URE.2022.279.20.29.16,URE,2022.279.20.29.16,earthquake,3329,5334.0,33.29,53.34,3,3,0.6647,0.4959,5.48,8.99,6.715000152587891,-76.72599792480469,29.45,2.2,7.751667,-75.532667,251.0,174.68,229.06
URE.2022.282.05.29.56,URE,2022.282.05.29.56,earthquake,3252,,32.52,,3,0,0.811,0.0,0.53,,7.599999904632568,-76.99500274658203,34.14,1.7,7.751667,-75.532667,251.0,162.21,264.16
URE.2022.283.06.22.43,URE,2022.283.06.22.43,earthquake,3223,5168.0,32.23,51.68,3,3,0.8877,0.5244,1.07,13.95,6.552000045776367,-76.33300018310547,20.78,1.5,7.751667,-75.532667,251.0,159.43,213.73
URE.2022.283.09.27.15,URE,2022.283.09.27.15,earthquake,3503,6166.0,35.03,61.66,3,3,0.6673,0.5938,5.33,11.12,6.156000137329102,-76.85299682617188,34.02,2.0,7.751667,-75.532667,251.0,228.97,219.67
URE.2022.283.13.22.45,URE,2022.283.13.22.45,earthquake,3249,4857.0,32.49,48.57,4,4,0.7412,0.4326,3.72,19.08,6.841000080108643,-76.22000122070312,19.26,1.9,7.751667,-75.532667,251.0,126.11,217.05
URE.2022.284.13.22.28,URE,2022.284.13.22.28,earthquake,3381,,33.81,,3,0,0.5604,0.0,1.62,,7.206999778747559,-77.13700103759766,34.14,2.3,7.751667,-75.532667,251.0,187.05,251.32
URE.2022.284.21.23.31,URE,2022.284.21.23.31,earthquake,3155,4659.0,31.55,46.59,3,3,0.7444,0.5085,4.31,10.09,6.958000183105469,-76.28099822998047,15.98,1.6,7.751667,-75.532667,251.0,120.54,223.32
URE.2022.284.21.47.46,URE,2022.284.21.47.46,earthquake,3199,4796.0,31.99,47.96,3,2,0.7525,0.5943,6.06,9.08,7.048999786376953,-76.29900360107422,15.98,1.6,7.751667,-75.532667,251.0,114.88,227.48
URE.2022.285.00.20.35,URE,2022.285.00.20.35,noise,,,,,0,0,0.0,0.0,,,6.714000225067139,-73.08000183105469,13.4,1.7,7.751667,-75.532667,251.0,294.17,112.8
URE.2022.285.04.20.36,URE,2022.285.04.20.36,earthquake,4405.0,,44.05,,3,0,0.7456,0.0,6.79,,6.951000213623047,-77.1259994506836,3.68,1.6,7.751667,-75.532667,251.0,196.95,243.39
URE.2022.286.08.51.40,URE,2022.286.08.51.40,earthquake,3208.0,4701.0,32.08,47.01,4,3,0.8301,0.4342,12.39,18.3,6.961999893188477,-76.29000091552734,18.55,1.8,7.751667,-75.532667,251.0,120.91,223.8
URE.2022.287.03.38.03,URE,2022.287.03.38.03,earthquake,3175.0,4439.0,31.75,44.39,3,2,0.9524,0.5042,22.32,10.3,7.315999984741211,-76.16300201416016,13.16,2.2,7.751667,-75.532667,251.0,84.62,235.34
URE.2022.288.05.44.49,URE,2022.288.05.44.49,earthquake,2055.0,4946.0,20.55,49.46,3,4,0.8063,0.4231,1.36,14.74,6.880000114440918,-76.28299713134766,23.95,1.5,7.751667,-75.532667,251.0,127.11,220.73
URE.2022.289.14.21.37,URE,2022.289.14.21.37,earthquake,,4709.0,,47.09,0,4,0.0,0.4311,-1.99,9.94,6.966000080108643,-76.27200317382812,16.91,1.7,7.751667,-75.532667,251.0,119.22,223.26
URE.2022.290.09.28.49,URE,2022.290.09.28.49,earthquake,3358.0,5009.0,33.58,50.09,3,3,0.5831,0.5413,10.43,18.95,6.895999908447266,-76.23300170898438,26.29,1.8,7.751667,-75.532667,251.0,122.21,219.3
URE.2022.292.13.09.31,URE,2022.292.13.09.31,earthquake,3242.0,4523.0,32.42,45.23,4,4,0.8501,0.5575,24.17,16.69,7.2179999351501465,-76.26799774169922,29.57,1.9,7.751667,-75.532667,251.0,100.35,234.02
URE.2022.292.23.01.57,URE,2022.292.23.01.57,earthquake,3239.0,4843.0,32.39,48.43,3,4,0.6433,0.528,12.04,17.31,6.929999828338623,-76.25299835205078,27.23,2.0,7.751667,-75.532667,251.0,120.76,221.24
URE.2022.294.01.15.07,URE,2022.294.01.15.07,earthquake,3290.0,5108.0,32.9,51.08,3,2,0.9418,0.3279,20.83,7.85,6.841000080108643,-76.7300033569336,26.52,2.9,7.751667,-75.532667,251.0,166.2,232.78
URE.2022.294.02.28.58,URE,2022.294.02.28.58,earthquake,2856.0,4938.0,28.56,49.38,3,2,0.7981,0.5286,6.89,10.68,7.314000129699707,-74.03299713134766,18.25,1.7,7.751667,-75.532667,251.0,172.44,106.2
URE.2022.295.00.07.50,URE,2022.295.00.07.50,earthquake,2886.0,4656.0,28.86,46.56,3,3,0.5858,0.3343,2.56,9.56,6.710000038146973,-74.6240005493164,2.22,1.7,7.751667,-75.532667,251.0,152.78,138.88
URE.2022.295.17.31.18,URE,2022.295.17.31.18,earthquake,3247.0,4891.0,32.47,48.91,3,2,0.7293,0.4232,8.55,0.98,6.956999778747559,-76.37200164794922,24.77,2.0,7.751667,-75.532667,251.0,127.72,226.57
URE.2022.296.23.28.42,URE,2022.296.23.28.42,earthquake,3304.0,4666.0,33.04,46.66,3,4,0.9042,0.4373,10.23,16.59,7.269999980926514,-76.43399810791016,25.7,1.7,7.751667,-75.532667,251.0,112.84,241.89
URE.2022.296.23.49.29,URE,2022.296.23.49.29,earthquake,3114.0,,31.14,,3,0,0.827,0.0,18.71,,7.181000232696533,-76.2020034790039,21.95,2.6,7.751667,-75.532667,251.0,97.17,229.54
URE.2022.297.08.26.09,URE,2022.297.08.26.09,earthquake,3722.0,6370.0,37.22,63.7,3,2,0.6849,0.5854,6.26,10.63,5.375,-74.3239974975586,18.29,1.6,7.751667,-75.532667,251.0,294.87,152.97
URE.2022.299.12.34.06,URE,2022.299.12.34.06,earthquake,3040.0,,30.4,,3,0,0.4152,0.0,4.63,,7.067999839782715,-74.41699981689453,11.8,1.5,7.751667,-75.532667,251.0,144.52,121.47
URE.2022.300.05.34.58,URE,2022.300.05.34.58,earthquake,3189.0,4531.0,31.89,45.31,4,4,0.8363,0.4507,20.52,17.8,7.228000164031982,-76.3010025024414,22.42,2.6,7.751667,-75.532667,251.0,102.69,235.72
URE.2022.301.06.31.20,URE,2022.301.06.31.20,earthquake,,4792.0,,47.92,0,3,0.0,0.4326,-0.4,13.41,6.86299991607666,-76.20500183105469,18.32,1.6,7.751667,-75.532667,251.0,123.17,217.11
URE.2022.301.07.16.10,URE,2022.301.07.16.10,earthquake,3041.0,,30.41,,3,0,0.6962,0.0,1.44,,7.146999835968018,-76.90699768066406,33.12,1.6,7.751667,-75.532667,251.0,165.79,246.3
URE.2022.302.23.49.29,URE,2022.302.23.49.29,earthquake,3098.0,4203.0,30.98,42.03,3,4,0.9447,0.5475,10.51,14.95,7.672999858856201,-74.69000244140625,31.45,1.8,7.751667,-75.532667,251.0,93.37,95.29
URE.2022.303.02.05.02,URE,2022.303.02.05.02,earthquake,3178.0,4760.0,31.78,47.6,3,2,0.8118,0.3962,8.46,6.18,6.927999973297119,-76.28500366210938,9.88,1.6,7.751667,-75.532667,251.0,123.28,222.41
URE.2022.304.22.03.49,URE,2022.304.22.03.49,earthquake,3171,,31.71,,3,0,0.6455,0.0,13.19,,6.998000144958496,-76.23999786376953,17.15,2.1,7.751667,-75.532667,251.0,114.22,223.18
URE.2022.307.03.41.02,URE,2022.307.03.41.02,earthquake,3156,4576.0,31.56,45.76,3,2,0.6862,0.4902,4.64,15.17,7.192999839782715,-76.1989974975586,18.79,2.1,7.751667,-75.532667,251.0,96.06,230.01
URE.2022.307.08.54.28,URE,2022.307.08.54.28,earthquake,2970,4028.0,29.7,40.28,4,4,0.8149,0.6005,7.63,12.06,7.3379998207092285,-74.8219985961914,23.36,1.7,7.751667,-75.532667,251.0,90.8,120.21
URE.2022.307.11.54.01,URE,2022.307.11.54.01,earthquake,3180,4289.0,31.8,42.89,3,3,0.7361,0.4759,6.49,10.82,7.339000225067139,-76.06500244140625,19.02,2.0,7.751667,-75.532667,251.0,74.39,232.19
URE.2022.307.15.02.15,URE,2022.307.15.02.15,earthquake,3440,5637.0,34.4,56.37,3,2,0.6311,0.3817,8.78,6.06,6.577000141143799,-76.66999816894531,24.18,2.9,7.751667,-75.532667,251.0,180.71,224.11
URE.2022.319.09.32.32,URE,2022.319.09.32.32,earthquake,8057,9770.0,80.57,97.7,3,2,0.677,0.5581,1.36,9.58,6.464000225067139,-74.5510025024414,27.09,1.9,7.751667,-75.532667,251.0,178.99,142.65
URE.2022.320.06.29.52,URE,2022.320.06.29.52,earthquake,3279,5239.0,32.79,52.39,3,3,0.8446,0.4639,1.06,11.51,6.673999786376953,-76.7239990234375,27.46,2.0,7.751667,-75.532667,251.0,177.53,227.91
URE.2022.321.01.41.56,URE,2022.321.01.41.56,earthquake,3283,4856.0,32.83,48.56,3,2,0.5489,0.418,2.05,9.29,6.914999961853027,-76.31900024414062,26.52,1.5,7.751667,-75.532667,251.0,126.88,223.23
URE.2022.323.17.58.17,URE,2022.323.17.58.17,earthquake,3296,,32.96,,3,0,0.5678,0.0,9.72,,6.676000118255615,-76.5,24.41,1.6,7.751667,-75.532667,251.0,159.89,221.99
URE.2022.327.01.42.06,URE,2022.327.01.42.06,earthquake,3220,,32.2,,3,0,0.9025,0.0,2.99,-0.2,7.004000186920166,-76.23799896240234,17.62,1.5,7.751667,-75.532667,251.0,113.58,223.33
URE.2022.327.03.08.19,URE,2022.327.03.08.19,earthquake,3340,5292.0,33.4,52.92,3,3,0.8049,0.412,0.5,8.48,6.775000095367432,-76.75199890136719,19.61,1.6,7.751667,-75.532667,251.0,172.62,231.34
URE.2022.327.05.33.20,URE,2022.327.05.33.20,earthquake,3227,4625.0,32.27,46.25,4,4,0.7721,0.5874,3.56,19.64,6.960000038146973,-75.97899627685547,29.57,1.6,7.751667,-75.532667,251.0,100.47,209.4
URE.2022.329.03.42.33,URE,2022.329.03.42.33,earthquake,3184.0,4757.0,31.84,47.57,3,2,0.6964,0.2415,1.68,10.46,6.843999862670898,-76.15799713134766,21.6,1.5,7.751667,-75.532667,251.0,121.84,214.56
URE.2022.329.04.02.49,URE,2022.329.04.02.49,earthquake,3168.0,4772.0,31.68,47.72,4,4,0.8112,0.4302,7.52,10.34,6.8480000495910645,-76.18199920654297,16.68,1.6,7.751667,-75.532667,251.0,123.0,215.7
URE.2022.329.11.05.37,URE,2022.329.11.05.37,earthquake,3219.0,4588.0,32.19,45.88,3,4,0.7724,0.4921,10.08,16.88,7.070000171661377,-76.21499633789062,16.68,1.7,7.751667,-75.532667,251.0,106.57,225.02
URE.2022.331.09.43.44,URE,2022.331.09.43.44,earthquake,,3569.0,,35.69,0,2,0.0,0.221,-1.75,10.28,5.385000228881836,-75.87899780273438,8.54,2.5,7.751667,-75.532667,251.0,264.51,188.35
URE.2022.332.13.48.36,URE,2022.332.13.48.36,earthquake,3080.0,,30.8,,3,0,0.5222,0.0,4.71,,6.875,-76.26499938964844,10.12,1.5,7.751667,-75.532667,251.0,126.25,219.88
URE.2022.333.08.13.40,URE,2022.333.08.13.40,earthquake,3307.0,5579.0,33.07,55.79,3,2,0.8693,0.3458,9.47,12.03,6.406000137329102,-76.73999786376953,25.23,2.2,7.751667,-75.532667,251.0,199.84,221.95
URE.2022.334.10.32.34,URE,2022.334.10.32.34,earthquake,3184.0,4466.0,31.84,44.66,4,4,0.7564,0.4685,14.27,16.63,7.275000095367432,-76.19999694824219,15.74,2.3,7.751667,-75.532667,251.0,90.57,234.45
URE.2022.335.04.39.20,URE,2022.335.04.39.20,earthquake,3349.0,5352.0,33.49,53.52,3,3,0.8896,0.5822,11.12,15.71,6.761000156402588,-76.71199798583984,33.32,2.4,7.751667,-75.532667,251.0,170.19,230.0
URE.2022.335.04.39.58,URE,2022.335.04.39.58,earthquake,3334.0,5193.0,33.34,51.93,3,3,0.8497,0.4688,12.27,11.73,6.936999797821045,-76.63899993896484,19.49,2.4,7.751667,-75.532667,251.0,151.78,233.66
URE.2022.335.07.36.36,URE,2022.335.07.36.36,earthquake,3326.0,,33.26,,3,0,0.8761,0.0,4.14,,6.51200008392334,-76.7239990234375,29.45,1.7,7.751667,-75.532667,251.0,190.03,223.9
URE.2022.335.08.20.03,URE,2022.335.08.20.03,noise,,,,,0,0,0.0,0.0,,,5.50600004196167,-76.63500213623047,23.24,1.5,7.751667,-75.532667,251.0,276.65,206.21
URE.2022.335.16.42.16,URE,2022.335.16.42.16,earthquake,2940.0,3767.0,29.4,37.67,4,4,0.8928,0.5196,13.94,13.39,7.190000057220459,-75.26300048828125,32.27,1.6,7.751667,-75.532667,251.0,68.88,154.38
URE.2022.337.02.28.09,URE,2022.337.02.28.09,earthquake,3144.0,,31.44,,4,0,0.6612,0.0,29.12,,6.880000114440918,-76.16699981689453,21.54,2.5,7.751667,-75.532667,251.0,119.16,216.04
URE.2022.337.09.21.40,URE,2022.337.09.21.40,noise,,,,,0,0,0.0,0.0,,,7.517000198364258,-73.19200134277344,16.08,1.5,7.751667,-75.532667,251.0,259.57,95.58
URE.2022.337.17.37.47,URE,2022.337.17.37.47,earthquake,3028.0,5098.0,30.28,50.98,3,2,0.8047,0.5015,7.62,8.55,7.181000232696533,-77.00599670410156,15.61,2.1,7.751667,-75.532667,251.0,174.44,248.89
URE.2022.338.01.22.13,URE,2022.338.01.22.13,earthquake,3205.0,5018.0,32.05,50.18,4,3,0.8109,0.4953,14.35,13.5,6.866000175476074,-76.2750015258789,21.72,2.2,7.751667,-75.532667,251.0,127.72,219.97
URE.2022.338.06.21.59,URE,2022.338.06.21.59,earthquake,3134.0,4441.0,31.34,44.41,4,4,0.8031,0.4403,13.97,19.0,7.159999847412109,-76.15899658203125,21.95,1.6,7.751667,-75.532667,251.0,95.19,226.62
URE.2022.341.05.58.43,URE,2022.341.05.58.43,earthquake,3154.0,4691.0,31.54,46.91,3,3,0.8431,0.4703,9.56,17.2,7.046999931335449,-76.28600311279297,9.65,1.7,7.751667,-75.532667,251.0,113.97,226.91
URE.2022.341.07.54.14,URE,2022.341.07.54.14,earthquake,3171.0,,31.71,,3,0,0.8116,0.0,8.47,,6.923999786376953,-75.96600341796875,22.07,1.6,7.751667,-75.532667,251.0,103.28,207.62
URE.2022.341.21.04.39,URE,2022.341.21.04.39,earthquake,3050.0,4257.0,30.5,42.57,3,4,0.9226,0.4707,25.82,14.04,6.934999942779541,-75.73699951171875,15.98,2.3,7.751667,-75.532667,251.0,93.09,194.04
URE.2022.341.21.07.13,URE,2022.341.21.07.13,earthquake,3044.0,4240.0,30.44,42.4,3,3,0.9263,0.4736,35.76,11.94,6.927999973297119,-75.74700164794922,18.38,3.2,7.751667,-75.532667,251.0,94.12,194.58
URE.2022.342.14.39.01,URE,2022.342.14.39.01,earthquake,2903.0,,29.03,,3,0,0.6126,0.0,2.63,,6.995999813079834,-76.90299987792969,5.13,1.9,7.751667,-75.532667,251.0,172.84,241.17
URE.2022.349.20.12.52,URE,2022.349.20.12.52,earthquake,3200.0,,32.0,,3,0,0.6099,0.0,1.5,-3.18,6.914999961853027,-76.65299987792969,12.93,1.7,7.751667,-75.532667,251.0,154.48,233.28
URE.2022.349.21.19.13,URE,2022.349.21.19.13,earthquake,2958.0,4547.0,29.58,45.47,3,3,0.5944,0.4116,9.48,18.15,6.809999942779541,-76.19300079345703,2.39,2.2,7.751667,-75.532667,251.0,127.13,215.04
URE.2022.349.23.21.51,URE,2022.349.23.21.51,earthquake,2911.0,4838.0,29.11,48.38,3,3,0.8446,0.4942,12.38,9.86,6.814000129699707,-76.73899841308594,24.01,2.0,7.751667,-75.532667,251.0,168.81,232.18
URE.2022.350.19.20.05,URE,2022.350.19.20.05,earthquake,3053.0,5007.0,30.53,50.07,3,2,0.5749,0.405,9.63,9.49,7.293000221252441,-77.06199645996094,19.84,2.3,7.751667,-75.532667,251.0,176.25,253.37
URE.2022.350.23.44.43,URE,2022.350.23.44.43,earthquake,3317.0,4833.0,33.17,48.33,3,4,0.5563,0.2347,3.54,6.29,6.883999824523926,-76.30400085449219,22.07,1.6,7.751667,-75.532667,251.0,128.3,221.64
URE.2023.048.21.13.44,URE,2023.048.21.13.44,earthquake,3229.0,4454.0,32.29,44.54,3,4,0.7445,0.5564,7.23,17.92,7.126999855041504,-76.0270004272461,34.49,1.7,7.751667,-75.532667,251.0,88.04,218.34
URE.2023.050.22.52.38,URE,2023.050.22.52.38,earthquake,3289.0,5279.0,32.89,52.79,3,2,0.8211,0.4985,3.52,7.68,7.061999797821045,-76.84100341796875,31.21,1.8,7.751667,-75.532667,251.0,163.34,242.25
URE.2023.051.08.03.30,URE,2023.051.08.03.30,earthquake,3338.0,5449.0,33.38,54.49,3,2,0.7812,0.2673,1.81,3.54,6.876999855041504,-76.69200134277344,17.62,1.6,7.751667,-75.532667,251.0,160.45,233.0
URE.2023.051.15.35.15,URE,2023.051.15.35.15,earthquake,3263.0,5213.0,32.63,52.13,3,2,0.688,0.5119,3.13,5.45,6.611000061035156,-76.40899658203125,19.49,1.6,7.751667,-75.532667,251.0,159.0,217.55
URE.2023.052.05.33.56,URE,2023.052.05.33.56,earthquake,3299.0,,32.99,,3,0,0.8656,0.0,7.58,,7.328999996185303,-77.00499725341797,35.08,1.8,7.751667,-75.532667,251.0,169.08,254.05
URE.2023.052.05.58.03,URE,2023.052.05.58.03,earthquake,3142.0,4635.0,31.42,46.35,3,3,0.8144,0.4155,0.02,14.75,6.974999904632568,-76.23400115966797,17.38,1.6,7.751667,-75.532667,251.0,115.64,222.08
URE.2023.052.08.09.09,URE,2023.052.08.09.09,earthquake,3488.0,,34.88,,3,0,0.443,0.0,1.02,,6.415999889373779,-76.78399658203125,26.05,2.2,7.751667,-75.532667,251.0,202.31,223.18
URE.2023.053.21.03.07,URE,2023.053.21.03.07,earthquake,3352.0,5474.0,33.52,54.74,3,3,0.7517,0.467,7.4,9.58,6.52400016784668,-76.75299835205078,29.8,2.0,7.751667,-75.532667,251.0,191.32,224.87
URE.2023.054.10.55.11,URE,2023.054.10.55.11,earthquake,3255.0,,32.55,,3,0,0.9269,0.0,25.53,,6.9730000495910645,-76.75,29.8,2.9,7.751667,-75.532667,251.0,159.62,237.43
URE.2023.055.04.51.25,URE,2023.055.04.51.25,earthquake,3254.0,,32.54,,3,0,0.4925,0.0,11.12,,6.85099983215332,-76.2979965209961,18.67,1.5,7.751667,-75.532667,251.0,130.63,220.36
URE.2023.055.23.48.18,URE,2023.055.23.48.18,earthquake,,4859.0,,48.59,0,4,0.0,0.3576,-2.38,9.29,7.230999946594238,-77.02300262451172,21.49,1.7,7.751667,-75.532667,251.0,174.28,250.81
URE.2023.056.01.17.25,URE,2023.056.01.17.25,earthquake,3142.0,4604.0,31.42,46.04,4,2,0.7715,0.4969,4.25,13.21,6.9679999351501465,-76.24199676513672,15.04,1.2,7.751667,-75.532667,251.0,116.81,222.15
URE.2023.056.05.48.43,URE,2023.056.05.48.43,earthquake,,5161.0,,51.61,0,4,0.0,0.6191,-4.02,10.61,6.99399995803833,-77.10800170898438,11.19,1.7,7.751667,-75.532667,251.0,193.06,244.38
URE.2023.058.03.54.30,URE,2023.058.03.54.30,earthquake,3387.0,,33.87,,3,0,0.8128,0.0,7.12,,6.466000080108643,-76.81800079345703,32.27,1.6,7.751667,-75.532667,251.0,200.94,225.04
URE.2023.058.05.19.29,URE,2023.058.05.19.29,earthquake,2999.0,3762.0,29.99,37.62,4,4,0.9439,0.7351,18.11,15.31,7.317999839782715,-75.14900207519531,19.02,1.6,7.751667,-75.532667,251.0,63.98,138.53
URE.2023.060.01.33.46,URE,2023.060.01.33.46,earthquake,,4595.0,,45.95,0,3,0.0,0.3805,-1.63,0.17,6.9710001945495605,-76.29000091552734,9.18,1.6,7.751667,-75.532667,251.0,120.19,224.13
URE.2023.061.09.26.24,URE,2023.061.09.26.24,earthquake,3196.0,4815.0,31.96,48.15,4,3,0.7309,0.3798,2.49,11.68,6.953999996185303,-76.35600280761719,19.02,1.7,7.751667,-75.532667,251.0,126.67,225.91
URE.2023.064.18.31.03,URE,2023.064.18.31.03,earthquake,3249,,32.49,,3,0,0.759,0.0,1.64,,7.294000148773193,-76.66300201416016,22.07,1.6,7.751667,-75.532667,251.0,134.63,247.99
URE.2023.065.02.49.11,URE,2023.065.02.49.11,earthquake,3255,4781.0,32.55,47.81,3,3,0.5582,0.5902,4.5,12.46,7.014999866485596,-76.29199981689453,22.07,1.4,7.751667,-75.532667,251.0,116.9,225.87
URE.2023.065.12.20.56,URE,2023.065.12.20.56,earthquake,2989,,29.89,,3,0,0.9158,0.0,15.54,,7.710000038146973,-77.26100158691406,28.76,2.4,7.751667,-75.532667,251.0,190.72,268.73
URE.2023.065.22.01.04,URE,2023.065.22.01.04,earthquake,3224,4962.0,32.24,49.62,3,2,0.8823,0.478,22.95,7.99,7.51200008392334,-76.92400360107422,26.52,3.1,7.751667,-75.532667,251.0,155.79,260.3
URE.2023.066.11.41.29,URE,2023.066.11.41.29,earthquake,3352,5708.0,33.52,57.08,3,2,0.932,0.413,27.5,10.98,7.019000053405762,-77.06800079345703,34.73,3.0,7.751667,-75.532667,251.0,187.87,244.55
URE.2023.066.23.36.58,URE,2023.066.23.36.58,earthquake,3132,4469.0,31.32,44.69,4,2,0.7356,0.5,10.62,3.75,7.263000011444092,-76.26599884033203,24.88,1.7,7.751667,-75.532667,251.0,97.32,236.32
URE.2023.067.06.16.24,URE,2023.067.06.16.24,earthquake,5861,,58.61,,3,0,0.827,0.0,0.47,,5.747000217437744,-74.3949966430664,26.05,1.5,7.751667,-75.532667,251.0,254.88,150.36
URE.2023.067.22.29.59,URE,2023.067.22.29.59,earthquake,3000,,30.0,,3,0,0.878,0.0,7.52,,6.4079999923706055,-76.75900268554688,8.86,1.8,7.751667,-75.532667,251.0,201.09,222.43
URE.2023.069.23.26.10,URE,2023.069.23.26.10,earthquake,3309,4837.0,33.09,48.37,3,4,0.801,0.4104,9.47,12.06,7.310999870300293,-76.54100036621094,32.15,1.5,7.751667,-75.532667,251.0,121.49,246.42
URE.2023.070.04.48.01,URE,2023.070.04.48.01,earthquake,3092,4121.0,30.92,41.21,4,4,0.6785,0.4576,6.97,12.46,7.310999870300293,-76.13099670410156,23.48,1.9,7.751667,-75.532667,251.0,82.07,233.61
URE.2023.072.21.17.20,URE,2023.072.21.17.20,earthquake,3131,4397.0,31.31,43.97,4,4,0.8408,0.4773,24.77,16.77,7.208000183105469,-76.13700103759766,18.32,2.1,7.751667,-75.532667,251.0,89.8,228.01
URE.2023.073.10.24.24,URE,2023.073.10.24.24,earthquake,3350,6604.0,33.5,66.04,3,3,0.7892,0.3111,1.38,9.11,5.741000175476074,-74.24500274658203,13.16,2.1,7.751667,-75.532667,251.0,264.02,147.29
URE.2023.078.00.49.23,URE,2023.078.00.49.23,earthquake,2648,4460.0,26.48,44.6,3,2,0.8958,0.7015,9.72,14.92,7.328999996185303,-74.12899780273438,-0.02,2.3,7.751667,-75.532667,251.0,161.81,106.7
URE.2023.078.10.41.44,URE,2023.078.10.41.44,earthquake,3330,5316.0,33.3,53.16,4,2,0.8106,0.5784,16.22,9.56,6.830999851226807,-76.73400115966797,34.73,2.2,7.751667,-75.532667,251.0,167.23,232.57
URE.2023.078.15.18.30,URE,2023.078.15.18.30,earthquake,2860,4689.0,28.6,46.89,4,2,0.8141,0.4489,12.08,6.53,7.651000022888184,-74.10199737548828,9.46,2.1,7.751667,-75.532667,251.0,158.23,93.94
URE.2023.079.18.18.44,URE,2023.079.18.18.44,earthquake,3172,,31.72,,3,0,0.6071,0.0,7.17,,6.994999885559082,-76.22100067138672,18.96,1.7,7.751667,-75.532667,251.0,113.04,222.29
URE.2023.080.01.43.05,URE,2023.080.01.43.05,earthquake,3320.0,5436.0,33.2,54.36,3,3,0.9072,0.4523,5.6,12.1,7.064000129699707,-76.947998046875,25.82,2.3,7.751667,-75.532667,251.0,173.77,244.14
URE.2023.080.23.29.43,URE,2023.080.23.29.43,earthquake,3326.0,5067.0,33.26,50.67,3,2,0.8017,0.615,15.21,12.75,6.960000038146973,-76.37699890136719,16.91,2.0,7.751667,-75.532667,251.0,127.89,226.85
URE.2023.081.04.16.05,URE,2023.081.04.16.05,earthquake,3246.0,5041.0,32.46,50.41,3,3,0.864,0.5812,20.58,14.82,6.909999847412109,-76.38899993896484,15.57,2.5,7.751667,-75.532667,251.0,132.68,225.5
URE.2023.081.04.23.15,URE,2023.081.04.23.15,earthquake,3189.0,4940.0,31.89,49.4,4,2,0.719,0.5723,4.26,12.14,6.942999839782715,-76.38099670410156,13.4,1.7,7.751667,-75.532667,251.0,129.5,226.38
URE.2023.082.08.55.10,URE,2023.082.08.55.10,earthquake,3047.0,,30.47,,3,0,0.7451,0.0,0.95,,6.247000217437744,-74.35199737548828,10.3,1.9,7.751667,-75.532667,251.0,211.44,141.83
URE.2023.082.23.43.57,URE,2023.082.23.43.57,earthquake,3094.0,,30.94,,3,0,0.6757,0.0,1.55,,6.7230000495910645,-75.95600128173828,15.98,1.5,7.751667,-75.532667,251.0,122.99,202.37
URE.2023.083.01.25.41,URE,2023.083.01.25.41,earthquake,3201.0,4829.0,32.01,48.29,3,3,0.8046,0.4089,11.21,7.12,6.934000015258789,-76.37300109863281,23.3,1.9,7.751667,-75.532667,251.0,129.56,225.79
URE.2023.083.06.15.49,URE,2023.083.06.15.49,earthquake,3151.0,4204.0,31.51,42.04,4,4,0.7398,0.5934,3.28,18.97,7.171999931335449,-75.87100219726562,33.55,1.5,7.751667,-75.532667,251.0,74.19,210.25
URE.2023.084.06.55.39,URE,2023.084.06.55.39,earthquake,5582.0,7165.0,55.82,71.65,3,2,0.8512,0.1839,11.64,14.77,6.965000152587891,-76.23799896240234,12.75,1.8,7.751667,-75.532667,251.0,116.76,221.88
URE.2023.084.06.56.03,URE,2023.084.06.56.03,earthquake,3178.0,4723.0,31.78,47.23,3,3,0.8675,0.2993,11.54,16.66,6.966000080108643,-76.2509994506836,13.63,2.8,7.751667,-75.532667,251.0,117.64,222.44
URE.2023.084.06.57.19,URE,2023.084.06.57.19,earthquake,3160.0,4775.0,31.6,47.75,3,2,0.7034,0.3661,6.68,15.19,6.992000102996826,-76.27899932861328,1.79,1.3,7.751667,-75.532667,251.0,117.68,224.49
URE.2023.084.12.27.34,URE,2023.084.12.27.34,earthquake,3192.0,4865.0,31.92,48.65,3,3,0.7965,0.4841,21.97,20.12,6.9629998207092285,-76.26399993896484,9.36,1.2,7.751667,-75.532667,251.0,118.86,222.84
URE.2023.085.01.53.01,URE,2023.085.01.53.01,earthquake,3198.0,4840.0,31.98,48.4,4,3,0.7367,0.5027,23.91,16.24,6.9679999351501465,-76.24099731445312,13.69,2.3,7.751667,-75.532667,251.0,116.74,222.11
URE.2023.085.03.41.50,URE,2023.085.03.41.50,earthquake,3094.0,4308.0,30.94,43.08,4,3,0.732,0.354,19.46,14.8,6.940000057220459,-75.73200225830078,21.66,2.3,7.751667,-75.532667,251.0,92.42,193.79
URE.2023.085.20.07.47,URE,2023.085.20.07.47,earthquake,3216.0,4870.0,32.16,48.7,3,3,0.8243,0.577,13.41,11.75,6.961999893188477,-76.26799774169922,10.41,1.8,7.751667,-75.532667,251.0,119.24,222.96
URE.2023.086.00.27.59,URE,2023.086.00.27.59,earthquake,3102.0,4464.0,31.02,44.64,3,4,0.6267,0.4085,6.43,13.39,7.192999839782715,-76.22899627685547,15.04,1.8,7.751667,-75.532667,251.0,98.62,231.25
URE.2023.087.01.57.15,URE,2023.087.01.57.15,earthquake,7792.0,,77.92,,3,0,0.6309,0.0,4.74,,6.695000171661377,-76.8290023803711,30.27,1.6,7.751667,-75.532667,251.0,184.81,230.86
URE.2023.087.01.58.00,URE,2023.087.01.58.00,earthquake,3248.0,,32.48,,3,0,0.6224,0.0,4.77,,7.288000106811523,-76.93499755859375,29.1,1.7,7.751667,-75.532667,251.0,163.05,251.76
URE.2023.087.05.23.15,URE,2023.087.05.23.15,earthquake,2934.0,4702.0,29.34,47.02,3,3,0.842,0.4055,1.51,9.23,6.821000099182129,-76.41999816894531,21.12,1.6,7.751667,-75.532667,251.0,142.11,223.65
URE.2023.088.05.57.51,URE,2023.088.05.57.51,earthquake,2921.0,5069.0,29.21,50.69,3,4,0.8101,0.7369,5.17,14.52,7.348999977111816,-77.11900329589844,11.92,2.0,7.751667,-75.532667,251.0,180.64,255.83
URE.2023.088.09.12.05,URE,2023.088.09.12.05,earthquake,3354.0,5365.0,33.54,53.65,3,3,0.5495,0.3595,6.82,3.98,6.710999965667725,-76.7770004272461,32.27,1.7,7.751667,-75.532667,251.0,179.25,230.13
URE.2023.088.09.30.40,URE,2023.088.09.30.40,earthquake,2887.0,4467.0,28.87,44.67,3,4,0.7822,0.4037,6.5,11.35,6.885000228881836,-76.3030014038086,9.45,1.7,7.751667,-75.532667,251.0,128.15,221.64
URE.2023.088.22.32.31,URE,2023.088.22.32.31,earthquake,2823.0,4452.0,28.23,44.52,3,2,0.7315,0.4437,3.53,15.93,6.861000061035156,-76.11399841308594,0.0,1.5,7.751667,-75.532667,251.0,117.57,213.13
URE.2023.089.10.25.37,URE,2023.089.10.25.37,earthquake,,4503.0,,45.03,0,3,0.0,0.413,-0.72,11.62,6.820000171661377,-76.41899871826172,19.76,1.8,7.751667,-75.532667,251.0,142.11,223.59
URE.2023.090.08.45.09,URE,2023.090.08.45.09,earthquake,6136.0,,61.36,,3,0,0.7751,0.0,1.12,,6.920000076293945,-76.697998046875,21.13,1.6,7.751667,-75.532667,251.0,158.16,234.52
URE.2023.090.08.45.38,URE,2023.090.08.45.38,earthquake,3247.0,,32.47,,3,0,0.7189,0.0,1.16,,6.921999931335449,-76.65799713134766,17.62,1.8,7.751667,-75.532667,251.0,154.46,233.63
URE.2023.096.06.47.23,URE,2023.096.06.47.23,earthquake,2998.0,,29.98,,3,0,0.735,0.0,0.36,,6.560999870300293,-74.36900329589844,22.61,1.9,7.751667,-75.532667,251.0,184.01,135.62
URE.2023.096.16.11.10,URE,2023.096.16.11.10,earthquake,3262.0,,32.62,,3,0,0.7012,0.0,4.92,,6.822000026702881,-76.7020034790039,30.04,2.0,7.751667,-75.532667,251.0,165.06,231.55
URE.2023.096.16.13.06,URE,2023.096.16.13.06,earthquake,3310.0,,33.1,,3,0,0.8832,0.0,8.08,,6.826000213623047,-76.71800231933594,30.39,2.3,7.751667,-75.532667,251.0,166.17,232.05
URE.2023.096.20.24.45,URE,2023.096.20.24.45,earthquake,3239.0,4890.0,32.39,48.9,3,3,0.8683,0.5295,15.73,15.51,6.960000038146973,-76.35800170898438,23.95,2.4,7.751667,-75.532667,251.0,126.37,226.2
URE.2023.098.01.41.31,URE,2023.098.01.41.31,earthquake,3207.0,5313.0,32.07,53.13,3,2,0.8931,0.4055,24.34,11.79,6.521999835968018,-76.35099792480469,15.98,2.6,7.751667,-75.532667,251.0,163.29,213.66
URE.2023.098.01.47.19,URE,2023.098.01.47.19,earthquake,2895.0,5271.0,28.95,52.71,3,2,0.72,0.363,3.87,11.53,7.201000213623047,-77.3280029296875,20.0,2.2,7.751667,-75.532667,251.0,207.31,253.04
URE.2023.098.04.23.07,URE,2023.098.04.23.07,earthquake,,4393.0,,43.93,0,4,0.0,0.6046,-1.2,11.66,7.302000045776367,-76.55000305175781,0.01,1.5,7.751667,-75.532667,251.0,122.8,246.18
URE.2023.098.13.04.16,URE,2023.098.13.04.16,earthquake,3145.0,,31.45,,3,0,0.8083,0.0,7.96,,7.204999923706055,-76.49099731445312,27.93,1.9,7.751667,-75.532667,251.0,121.84,240.31
URE.2023.099.18.26.32,URE,2023.099.18.26.32,earthquake,2816.0,,28.16,,3,0,0.5473,0.0,3.75,-1.04,7.173999786376953,-74.41000366210938,1.8,1.8,7.751667,-75.532667,251.0,139.42,117.2
URE.2023.100.04.07.03,URE,2023.100.04.07.03,earthquake,2873.0,4538.0,28.73,45.38,3,4,0.7434,0.5958,8.04,13.77,6.938000202178955,-76.427001953125,3.94,1.8,7.751667,-75.532667,251.0,133.6,227.72
URE.2023.103.04.13.10,URE,2023.103.04.13.10,earthquake,11146.0,,111.46,,3,0,0.6456,0.0,6.42,,6.9120001792907715,-76.30999755859375,13.34,1.5,7.751667,-75.532667,251.0,126.45,222.8
URE.2023.103.16.11.34,URE,2023.103.16.11.34,earthquake,3326.0,,33.26,,3,0,0.7191,0.0,7.1,,7.269000053405762,-76.96499633789062,30.04,2.0,7.751667,-75.532667,251.0,166.86,251.44
URE.2023.104.04.05.05,URE,2023.104.04.05.05,earthquake,3159.0,,31.59,,3,0,0.8971,0.0,10.21,,6.953999996185303,-76.69200134277344,27.93,2.2,7.751667,-75.532667,251.0,155.46,235.5
URE.2023.104.16.01.06,URE,2023.104.16.01.06,earthquake,3183.0,4682.0,31.83,46.82,3,3,0.7958,0.5016,6.24,0.12,6.989999771118164,-76.27899932861328,15.98,1.6,7.751667,-75.532667,251.0,117.83,224.42
URE.2023.106.20.37.05,URE,2023.106.20.37.05,earthquake,2865.0,,28.65,,3,0,0.5915,0.0,9.56,,6.289000034332275,-74.70700073242188,1.01,2.4,7.751667,-75.532667,251.0,185.71,150.53
URE.2023.106.23.22.43,URE,2023.106.23.22.43,earthquake,3314.0,4951.0,33.14,49.51,3,4,0.6935,0.4289,8.97,16.69,6.953999996185303,-76.25499725341797,25.12,1.9,7.751667,-75.532667,251.0,118.92,222.16
URE.2023.108.17.00.09,URE,2023.108.17.00.09,earthquake,6836.0,,68.36,,3,0,0.71,0.0,3.27,,4.840000152587891,-74.79199981689453,25.06,1.6,7.751667,-75.532667,251.0,332.26,165.68
URE.2023.113.02.05.51,URE,2023.113.02.05.51,earthquake,3267,4734.0,32.67,47.34,3,3,0.9086,0.52,7.93,11.5,7.270999908447266,-76.42900085449219,16.91,1.5,7.751667,-75.532667,251.0,112.31,241.81
URE.2023.113.04.40.48,URE,2023.113.04.40.48,earthquake,3187,4840.0,31.87,48.4,3,3,0.9028,0.4695,9.04,11.82,6.998000144958496,-76.28299713134766,8.48,1.5,7.751667,-75.532667,251.0,117.51,224.87
URE.2023.114.11.47.06,URE,2023.114.11.47.06,earthquake,3095,4015.0,30.95,40.15,3,3,0.9498,0.4712,16.47,8.72,7.1479997634887695,-75.65399932861328,15.98,1.6,7.751667,-75.532667,251.0,68.09,191.35
URE.2023.115.15.25.15,URE,2023.115.15.25.15,earthquake,2741,4409.0,27.41,44.09,3,4,0.9338,0.4179,20.96,13.45,7.548999786376953,-74.26699829101562,4.45,2.4,7.751667,-75.532667,251.0,141.43,99.03
URE.2023.116.08.44.35,URE,2023.116.08.44.35,earthquake,2879,4044.0,28.79,40.44,3,4,0.8475,0.5129,6.47,10.26,7.35699987411499,-76.2040023803711,21.3,1.5,7.751667,-75.532667,251.0,85.99,239.54
URE.2023.118.01.36.40,URE,2023.118.01.36.40,earthquake,2827,11050.0,28.27,110.5,3,2,0.8825,0.4706,9.29,6.35,7.441999912261963,-76.677001953125,0.06,1.5,7.751667,-75.532667,251.0,130.84,254.9
URE.2023.118.06.04.54,URE,2023.118.06.04.54,earthquake,2923,4640.0,29.23,46.4,3,2,0.7841,0.4724,8.76,14.51,6.886000156402588,-76.36699676513672,0.0,1.6,7.751667,-75.532667,251.0,132.86,223.95
URE.2023.119.06.40.38,URE,2023.119.06.40.38,earthquake,3299,4745.0,32.99,47.45,4,3,0.7489,0.6089,12.07,20.08,7.068999767303467,-76.302001953125,20.78,1.8,7.751667,-75.532667,251.0,113.64,228.42
URE.2023.119.07.26.24,URE,2023.119.07.26.24,earthquake,10381,,103.81,,3,0,0.612,0.0,0.75,,6.61899995803833,-73.41500091552734,14.48,1.7,7.751667,-75.532667,251.0,265.33,118.04
URE.2023.120.01.00.42,URE,2023.120.01.00.42,earthquake,2722,4541.0,27.22,45.41,3,3,0.8496,0.3975,11.28,13.64,6.855000019073486,-76.2040023803711,0.0,1.5,7.751667,-75.532667,251.0,123.81,216.82
URE.2023.120.21.56.50,URE,2023.120.21.56.50,earthquake,2957,3705.0,29.57,37.05,4,4,0.8768,0.668,24.11,11.53,7.626999855041504,-74.98799896240234,12.93,1.8,7.751667,-75.532667,251.0,61.65,102.89
URE.2023.121.00.49.22,URE,2023.121.00.49.22,earthquake,2766,4481.0,27.66,44.81,3,4,0.8326,0.4058,6.33,13.65,6.85099983215332,-76.14900207519531,0.0,1.6,7.751667,-75.532667,251.0,120.64,214.38
URE.2023.121.06.19.21,URE,2023.121.06.19.21,earthquake,2932,4459.0,29.32,44.59,4,2,0.7551,0.458,3.72,10.29,6.968999862670898,-76.27100372314453,0.96,1.6,7.751667,-75.532667,251.0,118.9,223.33
URE.2023.121.21.28.03,URE,2023.121.21.28.03,earthquake,3043,4042.0,30.43,40.42,3,4,0.9319,0.4827,11.04,13.74,7.020999908447266,-75.37699890136719,19.73,1.9,7.751667,-75.532667,251.0,82.61,167.98
URE.2023.122.02.52.41,URE,2023.122.02.52.41,earthquake,2950,4498.0,29.5,44.98,4,3,0.8109,0.5011,9.23,12.63,6.885000228881836,-76.16999816894531,0.0,1.5,7.751667,-75.532667,251.0,118.91,216.33
URE.2023.124.11.11.47,URE,2023.124.11.11.47,earthquake,3370,5153.0,33.7,51.53,3,2,0.756,0.4436,12.42,17.23,6.9710001945495605,-76.36900329589844,21.84,1.9,7.751667,-75.532667,251.0,126.41,226.98
URE.2023.126.05.01.53,URE,2023.126.05.01.53,earthquake,2872,4466.0,28.72,44.66,3,3,0.8815,0.5829,8.01,11.13,6.9120001792907715,-76.26100158691406,0.0,1.5,7.751667,-75.532667,251.0,122.84,220.94
URE.2023.127.23.46.47,URE,2023.127.23.46.47,earthquake,2802.0,4407.0,28.02,44.07,4,4,0.6941,0.5523,3.4,12.75,6.803999900817871,-76.02899932861328,0.0,1.5,7.751667,-75.532667,251.0,118.27,207.64
URE.2023.128.09.26.33,URE,2023.128.09.26.33,earthquake,3311.0,5297.0,33.11,52.97,3,3,0.6897,0.4412,3.42,11.41,6.673999786376953,-76.5770034790039,24.18,1.8,7.751667,-75.532667,251.0,165.85,224.13
URE.2023.130.11.49.23,URE,2023.130.11.49.23,earthquake,2875.0,,28.75,,3,0,0.776,0.0,10.53,,7.401000022888184,-76.10900115966797,0.0,1.7,7.751667,-75.532667,251.0,74.49,238.66
URE.2023.131.10.59.43,URE,2023.131.10.59.43,earthquake,2838.0,4392.0,28.38,43.92,3,3,0.7561,0.4348,9.22,10.12,7.364999771118164,-76.55699920654297,1.86,1.6,7.751667,-75.532667,251.0,120.86,249.35
URE.2023.132.06.19.30,URE,2023.132.06.19.30,earthquake,10996.0,12243.0,109.96,122.43,3,2,0.8358,0.5102,6.18,8.18,6.291999816894531,-74.72200012207031,4.66,1.7,7.751667,-75.532667,251.0,184.61,150.92
URE.2023.132.15.44.05,URE,2023.132.15.44.05,earthquake,2955.0,4282.0,29.55,42.82,3,4,0.9132,0.5859,19.31,1.6,7.0229997634887695,-76.08300018310547,18.09,1.7,7.751667,-75.532667,251.0,100.92,217.05
URE.2023.133.02.33.28,URE,2023.133.02.33.28,earthquake,2860.0,14030.0,28.6,140.3,4,4,0.8125,0.5654,18.16,13.03,7.001999855041504,-76.1259994506836,3.88,1.8,7.751667,-75.532667,251.0,105.66,218.35
URE.2023.133.08.34.06,URE,2023.133.08.34.06,earthquake,2868.0,,28.68,,3,0,0.6395,0.0,3.9,,6.482999801635742,-76.60900115966797,11.1,1.9,7.751667,-75.532667,251.0,183.91,220.35
URE.2023.133.10.10.49,URE,2023.133.10.10.49,earthquake,2894.0,4285.0,28.94,42.85,3,4,0.8791,0.6123,14.73,15.23,7.099999904632568,-76.25499725341797,9.49,1.7,7.751667,-75.532667,251.0,107.48,227.94
URE.2023.134.08.50.07,URE,2023.134.08.50.07,earthquake,2840.0,,28.4,,3,0,0.7638,0.0,4.06,,7.5970001220703125,-76.20500183105469,25.31,1.5,7.751667,-75.532667,251.0,76.12,257.06
URE.2023.135.14.14.59,URE,2023.135.14.14.59,earthquake,2934.0,4250.0,29.34,42.5,4,4,0.8528,0.6254,12.2,19.45,7.002999782562256,-76.08300018310547,30.0,1.8,7.751667,-75.532667,251.0,102.7,216.31
URE.2023.136.06.26.45,URE,2023.136.06.26.45,earthquake,3033.0,4337.0,30.33,43.37,4,4,0.8241,0.6843,10.87,16.46,7.019999980926514,-76.06500244140625,27.78,1.7,7.751667,-75.532667,251.0,100.01,216.03
URE.2023.136.10.40.40,URE,2023.136.10.40.40,earthquake,3244.0,5099.0,32.44,50.99,3,3,0.8837,0.5237,13.53,6.59,6.961999893188477,-76.69000244140625,31.21,2.9,7.751667,-75.532667,251.0,154.77,235.72
URE.2023.136.16.01.28,URE,2023.136.16.01.28,earthquake,2932.0,4246.0,29.32,42.46,3,4,0.7369,0.5312,7.63,14.83,6.993000030517578,-76.072998046875,16.62,1.6,7.751667,-75.532667,251.0,102.95,215.45
URE.2023.136.18.12.37,URE,2023.136.18.12.37,earthquake,2894.0,4321.0,28.94,43.21,3,4,0.851,0.3268,12.46,6.89,7.104000091552734,-76.3290023803711,14.4,1.8,7.751667,-75.532667,251.0,113.39,230.88
URE.2023.138.02.13.43,URE,2023.138.02.13.43,earthquake,3414.0,5738.0,34.14,57.38,3,4,0.91,0.3582,5.86,5.04,6.309999942779541,-76.61499786376953,25.12,1.7,7.751667,-75.532667,251.0,199.3,216.94
URE.2023.138.02.27.48,URE,2023.138.02.27.48,noise,,,,,0,0,0.0,0.0,,,6.626999855041504,-76.79399871826172,17.27,1.9,7.751667,-75.532667,251.0,186.76,228.32
URE.2023.138.12.17.38,URE,2023.138.12.17.38,earthquake,2860.0,4452.0,28.6,44.52,4,2,0.8109,0.5014,20.16,11.71,7.410999774932861,-76.54399871826172,10.64,2.4,7.751667,-75.532667,251.0,117.79,251.41
URE.2023.139.03.06.21,URE,2023.139.03.06.21,earthquake,2949.0,4485.0,29.49,44.85,3,3,0.9561,0.459,32.92,9.13,6.776000022888184,-74.81099700927734,20.02,3.3,7.751667,-75.532667,251.0,134.14,143.5
URE.2023.139.15.55.03,URE,2023.139.15.55.03,earthquake,2826.0,4402.0,28.26,44.02,3,3,0.8937,0.4733,21.95,11.93,7.39900016784668,-76.5790023803711,10.47,2.2,7.751667,-75.532667,251.0,121.88,251.41
URE.2023.141.06.02.46,URE,2023.141.06.02.46,earthquake,2821,4151.0,28.21,41.51,3,4,0.8474,0.5067,5.72,14.95,6.9770002365112305,-76.06400299072266,5.13,1.5,7.751667,-75.532667,251.0,103.83,214.44
URE.2023.142.05.49.16,URE,2023.142.05.49.16,earthquake,3087,5238.0,30.87,52.38,3,2,0.8453,0.3132,7.39,8.88,7.111999988555908,-77.11499786376953,23.46,2.0,7.751667,-75.532667,251.0,188.45,248.06
URE.2023.142.09.33.55,URE,2023.142.09.33.55,earthquake,3324,5110.0,33.24,51.1,3,3,0.892,0.5288,17.57,10.24,6.78000020980835,-76.41000366210938,29.57,1.9,7.751667,-75.532667,251.0,144.69,222.09
URE.2023.144.06.48.31,URE,2023.144.06.48.31,earthquake,2994,4628.0,29.94,46.28,3,2,0.8087,0.4677,7.94,11.6,6.853000164031982,-76.26200103759766,0.0,2.0,7.751667,-75.532667,251.0,127.92,219.07
URE.2023.144.14.36.25,URE,2023.144.14.36.25,earthquake,3183,,31.83,,4,0,0.6776,0.0,19.93,,6.929999828338623,-76.00199890136719,22.77,2.6,7.751667,-75.532667,251.0,104.61,209.73
URE.2023.146.08.46.36,URE,2023.146.08.46.36,earthquake,3002,4615.0,30.02,46.15,3,4,0.7025,0.3496,2.47,5.77,6.818999767303467,-76.35399627685547,20.0,1.5,7.751667,-75.532667,251.0,137.35,221.38
URE.2023.146.09.08.32,URE,2023.146.09.08.32,earthquake,2997,4310.0,29.97,43.1,4,4,0.7718,0.4328,12.76,11.73,7.126999855041504,-76.15599822998047,0.0,1.9,7.751667,-75.532667,251.0,97.5,224.93
URE.2023.147.15.41.31,URE,2023.147.15.41.31,earthquake,2952,4275.0,29.52,42.75,3,4,0.8898,0.5934,22.15,10.98,7.057000160217285,-76.13200378417969,21.26,1.9,7.751667,-75.532667,251.0,101.39,220.78
URE.2023.148.17.46.07,URE,2023.148.17.46.07,earthquake,3270,5068.0,32.7,50.68,3,4,0.9194,0.5705,8.01,11.47,7.267000198364258,-76.80999755859375,32.38,1.9,7.751667,-75.532667,251.0,150.83,249.27
URE.2023.148.18.54.56,URE,2023.148.18.54.56,earthquake,2941,5015.0,29.41,50.15,3,2,0.808,0.2316,10.17,9.47,6.96999979019165,-76.97200012207031,16.56,2.1,7.751667,-75.532667,251.0,180.9,241.55
URE.2023.148.23.39.54,URE,2023.148.23.39.54,earthquake,3255,5157.0,32.55,51.57,3,2,0.8164,0.4461,17.77,9.27,6.7230000495910645,-76.4229965209961,15.98,2.5,7.751667,-75.532667,251.0,150.37,220.89
URE.2023.150.18.37.28,URE,2023.150.18.37.28,earthquake,2887,3697.0,28.87,36.97,4,4,0.8533,0.7426,20.97,15.45,7.308000087738037,-75.75399780273438,29.86,1.8,7.751667,-75.532667,251.0,54.81,206.48
URE.2023.150.19.12.03,URE,2023.150.19.12.03,earthquake,11505,,115.05,,3,0,0.7934,0.0,5.74,,7.182000160217285,-73.7959976196289,32.45,1.8,7.751667,-75.532667,251.0,201.78,108.08
URE.2023.166.08.27.25,URE,2023.166.08.27.25,earthquake,3437,5910.0,34.37,59.1,3,3,0.8533,0.5621,10.76,10.3,6.125999927520752,-76.48100280761719,25.82,2.3,7.751667,-75.532667,251.0,208.1,210.3
URE.2023.166.13.35.51,URE,2023.166.13.35.51,earthquake,3316,,33.16,,3,0,0.7664,0.0,11.03,,6.918000221252441,-76.69400024414062,34.26,2.3,7.751667,-75.532667,251.0,157.93,234.36
URE.2023.167.16.59.25,URE,2023.167.16.59.25,earthquake,3306,5157.0,33.06,51.57,3,3,0.6066,0.4819,14.84,9.54,6.974999904632568,-76.65399932861328,25.82,2.5,7.751667,-75.532667,251.0,150.68,235.32
URE.2023.169.03.11.52,URE,2023.169.03.11.52,earthquake,3590,7137.0,35.9,71.37,3,3,0.5573,0.4634,4.57,9.53,5.894999980926514,-73.41400146484375,14.57,2.5,7.751667,-75.532667,251.0,311.45,131.11
URE.2023.169.09.52.43,URE,2023.169.09.52.43,earthquake,3210,4918.0,32.1,49.18,4,3,0.7732,0.4204,10.83,14.7,6.933000087738037,-76.43699645996094,21.07,2.2,7.751667,-75.532667,251.0,134.78,227.86
URE.2023.170.07.40.03,URE,2023.170.07.40.03,earthquake,3021,4261.0,30.21,42.61,4,3,0.5973,0.5587,7.53,12.29,7.491000175476074,-74.56300354003906,25.59,1.6,7.751667,-75.532667,251.0,110.81,105.01
URE.2023.170.11.14.35,URE,2023.170.11.14.35,earthquake,3141.0,,31.41,,3,0,0.7724,0.0,5.69,,6.418000221252441,-74.78399658203125,24.88,1.9,7.751667,-75.532667,251.0,169.1,150.67
URE.2023.170.13.09.03,URE,2023.170.13.09.03,earthquake,,4727.0,,47.27,0,2,0.0,0.4758,-7.14,4.78,6.860000133514404,-76.18399810791016,22.07,1.5,7.751667,-75.532667,251.0,122.05,216.15
URE.2023.171.03.29.38,URE,2023.171.03.29.38,earthquake,3171.0,4757.0,31.71,47.57,3,2,0.7656,0.4133,30.13,17.78,6.973999977111816,-76.24600219726562,13.11,3.4,7.751667,-75.532667,251.0,116.62,222.53
URE.2023.171.06.08.21,URE,2023.171.06.08.21,earthquake,3187.0,4752.0,31.87,47.52,3,2,0.9179,0.348,18.13,19.43,7.007999897003174,-76.28399658203125,20.84,2.4,7.751667,-75.532667,251.0,116.81,225.29
URE.2023.171.11.29.44,URE,2023.171.11.29.44,earthquake,3159.0,4910.0,31.59,49.1,3,3,0.6557,0.6292,17.92,12.59,6.974999904632568,-76.26399993896484,8.24,1.3,7.751667,-75.532667,251.0,117.89,223.28
URE.2023.171.11.31.28,URE,2023.171.11.31.28,earthquake,3199.0,4859.0,31.99,48.59,3,2,0.6996,0.4647,5.56,10.56,6.943999767303467,-76.2509994506836,11.0,1.9,7.751667,-75.532667,251.0,119.45,221.65
URE.2023.171.13.07.27,URE,2023.171.13.07.27,earthquake,3070.0,4085.0,30.7,40.85,3,4,0.8986,0.4497,11.05,7.71,7.065999984741211,-75.48899841308594,17.38,1.7,7.751667,-75.532667,251.0,75.98,176.36
URE.2023.171.19.18.43,URE,2023.171.19.18.43,earthquake,9580.0,,95.8,,3,0,0.4197,0.0,1.06,,7.083000183105469,-76.66999816894531,32.15,1.7,7.751667,-75.532667,251.0,145.71,239.58
URE.2023.172.00.46.37,URE,2023.172.00.46.37,earthquake,8419.0,,84.19,,3,0,0.6092,0.0,5.52,,6.918000221252441,-76.22100067138672,15.98,1.5,7.751667,-75.532667,251.0,119.48,219.54
URE.2023.172.01.02.12,URE,2023.172.01.02.12,earthquake,3180.0,4763.0,31.8,47.63,3,3,0.6589,0.5475,8.17,10.58,6.939000129699707,-76.2229995727539,17.38,1.5,7.751667,-75.532667,251.0,117.84,220.35
URE.2023.172.01.08.22,URE,2023.172.01.08.22,earthquake,3288.0,4896.0,32.88,48.96,4,3,0.8242,0.5401,23.72,18.5,6.955999851226807,-76.29199981689453,17.15,1.9,7.751667,-75.532667,251.0,121.54,223.66
URE.2023.172.07.54.35,URE,2023.172.07.54.35,earthquake,2976.0,,29.76,,3,0,0.8649,0.0,0.95,,6.047999858856201,-74.22799682617188,6.12,2.1,7.751667,-75.532667,251.0,237.25,142.49
URE.2023.174.03.33.46,URE,2023.174.03.33.46,earthquake,3318.0,4894.0,33.18,48.94,3,3,0.7686,0.5106,6.63,12.27,6.978000164031982,-76.27100372314453,14.16,1.9,7.751667,-75.532667,251.0,118.18,223.66
URE.2023.176.09.24.17,URE,2023.176.09.24.17,earthquake,3220.0,4839.0,32.2,48.39,3,3,0.8824,0.4345,5.11,13.98,6.964000225067139,-76.2750015258789,16.21,2.2,7.751667,-75.532667,251.0,119.61,223.3
URE.2023.178.13.14.35,URE,2023.178.13.14.35,earthquake,3195.0,4718.0,31.95,47.18,3,2,0.6487,0.5293,9.37,16.69,6.9770002365112305,-76.23400115966797,17.21,2.0,7.751667,-75.532667,251.0,115.48,222.15
URE.2023.181.00.47.28,URE,2023.181.00.47.28,earthquake,3223.0,4759.0,32.23,47.59,4,3,0.6833,0.5472,17.17,12.95,7.002999782562256,-76.2760009765625,19.32,2.0,7.751667,-75.532667,251.0,116.58,224.79
URE.2023.181.02.09.31,URE,2023.181.02.09.31,earthquake,,4267.0,,42.67,0,4,0.0,0.4605,-1.53,13.06,7.245999813079834,-76.10099792480469,19.02,1.7,7.751667,-75.532667,251.0,84.04,228.32
URE.2023.181.10.01.47,URE,2023.181.10.01.47,earthquake,3352.0,5690.0,33.52,56.9,3,3,0.8732,0.4464,10.49,5.23,6.309999942779541,-76.66200256347656,29.8,1.9,7.751667,-75.532667,251.0,202.46,218.12
URE.2023.182.22.36.12,URE,2023.182.22.36.12,earthquake,3243.0,,32.43,,3,0,0.7121,0.0,2.47,-2.55,6.982999801635742,-76.28099822998047,18.73,1.9,7.751667,-75.532667,251.0,118.54,224.23
URE.2023.184.03.58.23,URE,2023.184.03.58.23,earthquake,3254.0,4759.0,32.54,47.59,3,4,0.7849,0.4494,7.72,9.49,7.020999908447266,-76.32499694824219,16.74,1.5,7.751667,-75.532667,251.0,119.09,227.32
URE.2023.184.18.43.18,URE,2023.184.18.43.18,earthquake,3247.0,4437.0,32.47,44.37,3,3,0.8412,0.3805,8.72,6.3,7.083000183105469,-76.1449966430664,19.49,1.7,7.751667,-75.532667,251.0,100.19,222.47
URE.2023.184.21.07.09,URE,2023.184.21.07.09,earthquake,3232.0,,32.32,,3,0,0.8685,0.0,6.31,-0.87,7.0980000495910645,-76.12699890136719,16.74,1.6,7.751667,-75.532667,251.0,97.62,222.27
URE.2023.184.22.51.55,URE,2023.184.22.51.55,earthquake,3192.0,4399.0,31.92,43.99,3,3,0.7937,0.4048,11.29,7.33,7.089000225067139,-76.1449966430664,19.96,1.8,7.751667,-75.532667,251.0,99.7,222.73
URE.2023.185.08.47.49,URE,2023.185.08.47.49,earthquake,3508.0,,35.08,,3,0,0.8172,0.0,7.8,,6.169000148773193,-76.75599670410156,28.05,2.0,7.751667,-75.532667,251.0,221.15,217.76
URE.2023.185.14.49.00,URE,2023.185.14.49.00,earthquake,3315.0,5350.0,33.15,53.5,3,2,0.7204,0.4774,7.19,13.69,6.705999851226807,-76.6989974975586,31.91,2.4,7.751667,-75.532667,251.0,173.1,228.16
URE.2023.186.00.43.06,URE,2023.186.00.43.06,earthquake,3435.0,5400.0,34.35,54.0,3,3,0.8153,0.5632,9.27,7.84,6.889999866485596,-76.68099975585938,22.77,1.9,7.751667,-75.532667,251.0,158.61,233.15
URE.2023.186.00.58.08,URE,2023.186.00.58.08,earthquake,2940.0,4944.0,29.4,49.44,3,3,0.7918,0.2497,1.45,8.37,6.7870001792907715,-76.71800231933594,6.32,1.6,7.751667,-75.532667,251.0,168.86,230.9
URE.2023.186.02.32.30,URE,2023.186.02.32.30,earthquake,3274.0,,32.74,,3,0,0.9,0.0,11.16,,7.177999973297119,-76.77799987792969,29.8,2.1,7.751667,-75.532667,251.0,151.4,245.31
URE.2023.186.07.46.58,URE,2023.186.07.46.58,earthquake,,3902.0,,39.02,0,4,0.0,0.5742,-2.57,8.39,7.456999778747559,-75.15899658203125,32.85,1.5,7.751667,-75.532667,251.0,52.56,128.3
URE.2023.187.00.06.53,URE,2023.187.00.06.53,earthquake,3268.0,4802.0,32.68,48.02,4,3,0.7496,0.4335,19.38,17.85,6.98199987411499,-76.26100158691406,20.96,2.2,7.751667,-75.532667,251.0,117.1,223.42
URE.2023.187.04.17.13,URE,2023.187.04.17.13,earthquake,3244.0,4891.0,32.44,48.91,3,3,0.6744,0.4069,5.0,13.58,6.857999801635742,-76.1780014038086,22.01,1.8,7.751667,-75.532667,251.0,121.84,215.83
URE.2023.188.12.28.16,URE,2023.188.12.28.16,earthquake,2922.0,4642.0,29.22,46.42,3,3,0.6818,0.3605,1.79,12.18,6.7729997634887695,-76.37799835205078,1.0,1.7,7.751667,-75.532667,251.0,142.93,220.83
URE.2023.189.01.09.18,URE,2023.189.01.09.18,earthquake,3282.0,5310.0,32.82,53.1,3,2,0.8298,0.3467,9.85,14.07,6.671999931335449,-76.49099731445312,20.43,2.2,7.751667,-75.532667,251.0,159.56,221.62
URE.2023.189.01.19.44,URE,2023.189.01.19.44,earthquake,3287.0,5128.0,32.87,51.28,3,2,0.848,0.3563,7.38,6.27,6.823999881744385,-76.68699645996094,28.16,1.8,7.751667,-75.532667,251.0,163.62,231.25
URE.2023.189.04.44.05,URE,2023.189.04.44.05,earthquake,3260.0,,32.6,,3,0,0.8041,0.0,8.77,,6.86899995803833,-76.62699890136719,15.98,1.7,7.751667,-75.532667,251.0,155.34,231.14
URE.2023.189.07.56.13,URE,2023.189.07.56.13,earthquake,3182.0,4665.0,31.82,46.65,3,4,0.8065,0.3698,5.73,16.65,6.985000133514404,-76.28299713134766,16.39,1.5,7.751667,-75.532667,251.0,118.54,224.38
URE.2023.190.11.25.31,URE,2023.190.11.25.31,earthquake,3191.0,4685.0,31.91,46.85,3,2,0.8734,0.5422,14.8,14.55,6.986999988555908,-76.27799987792969,18.96,2.9,7.751667,-75.532667,251.0,118.0,224.27
URE.2023.191.15.49.29,URE,2023.191.15.49.29,earthquake,3168.0,4545.0,31.68,45.45,3,3,0.6502,0.4498,10.44,6.78,7.1479997634887695,-76.25199890136719,15.98,1.7,7.751667,-75.532667,251.0,103.74,229.99
URE.2023.192.02.33.29,URE,2023.192.02.33.29,earthquake,3124.0,4661.0,31.24,46.61,4,4,0.6738,0.3932,6.09,12.11,6.991000175476074,-76.28199768066406,14.92,1.2,7.751667,-75.532667,251.0,117.99,224.57
URE.2023.192.09.29.39,URE,2023.192.09.29.39,earthquake,3246.0,4866.0,32.46,48.66,3,3,0.7964,0.5822,1.45,10.93,6.948999881744385,-76.36699676513672,19.02,1.7,7.751667,-75.532667,251.0,127.93,226.12
URE.2023.192.15.26.54,URE,2023.192.15.26.54,earthquake,3373.0,,33.73,,3,0,0.814,0.0,6.84,,6.52400016784668,-76.60299682617188,21.84,1.7,7.751667,-75.532667,251.0,180.03,221.12
URE.2023.193.11.23.38,URE,2023.193.11.23.38,earthquake,3143.0,4316.0,31.43,43.16,4,4,0.836,0.5465,14.55,18.73,7.317999839782715,-76.16600036621094,22.77,1.8,7.751667,-75.532667,251.0,84.77,235.59
URE.2023.194.19.37.46,URE,2023.194.19.37.46,earthquake,3153.0,4470.0,31.53,44.7,3,4,0.7544,0.4265,11.67,16.57,7.135000228881836,-76.177001953125,16.62,2.2,7.751667,-75.532667,251.0,98.54,226.25
URE.2023.194.20.08.27,URE,2023.194.20.08.27,earthquake,3200.0,4692.0,32.0,46.92,4,4,0.8375,0.4488,12.65,7.35,6.989999771118164,-76.21700286865234,19.02,1.7,7.751667,-75.532667,251.0,113.15,221.94
URE.2023.195.19.03.51,URE,2023.195.19.03.51,earthquake,3247.0,4782.0,32.47,47.82,3,3,0.8354,0.3859,11.88,12.49,6.99399995803833,-76.23600006103516,18.09,1.8,7.751667,-75.532667,251.0,114.24,222.87
URE.2023.196.04.23.17,URE,2023.196.04.23.17,earthquake,3305.0,4919.0,33.05,49.19,3,2,0.781,0.4,10.98,10.87,7.410999774932861,-76.4489974975586,23.01,1.7,7.751667,-75.532667,251.0,107.91,249.63
URE.2023.197.08.49.52,URE,2023.197.08.49.52,earthquake,4734.0,,47.34,,4,0,0.7368,0.0,10.73,,6.4710001945495605,-77.11000061035156,30.74,2.2,7.751667,-75.532667,251.0,224.54,231.0
URE.2023.197.12.45.23,URE,2023.197.12.45.23,earthquake,3134.0,,31.34,,4,0,0.5828,0.0,25.92,,7.131999969482422,-76.18800354003906,22.13,3.0,7.751667,-75.532667,251.0,99.65,226.59
URE.2023.197.14.59.56,URE,2023.197.14.59.56,earthquake,3143.0,4737.0,31.43,47.37,3,2,0.7094,0.5681,1.77,2.49,6.979000091552734,-76.2249984741211,16.21,1.5,7.751667,-75.532667,251.0,114.65,221.86
URE.2023.198.11.26.50,URE,2023.198.11.26.50,earthquake,3023.0,4024.0,30.23,40.24,3,3,0.8562,0.327,14.94,13.83,7.051000118255615,-75.48400115966797,15.74,1.8,7.751667,-75.532667,251.0,77.67,176.03
URE.2023.198.20.03.18,URE,2023.198.20.03.18,earthquake,3140,,31.4,,3,0,0.6867,0.0,5.59,-1.43,6.973999977111816,-76.20899963378906,15.86,1.5,7.751667,-75.532667,251.0,113.9,221.01
URE.2023.199.09.57.21,URE,2023.199.09.57.21,earthquake,3222,4756.0,32.22,47.56,4,3,0.7836,0.5606,21.64,17.35,6.986999988555908,-76.25800323486328,14.86,1.5,7.751667,-75.532667,251.0,116.47,223.49
URE.2023.200.21.50.31,URE,2023.200.21.50.31,earthquake,2928,3975.0,29.28,39.75,3,2,0.8603,0.3943,22.96,13.29,7.043000221252441,-75.47899627685547,12.99,2.3,7.751667,-75.532667,251.0,78.6,175.67
URE.2023.201.21.01.49,URE,2023.201.21.01.49,earthquake,3199,,31.99,,4,0,0.8238,0.0,15.31,,6.988999843597412,-76.2760009765625,17.91,1.9,7.751667,-75.532667,251.0,117.68,224.26
URE.2023.201.23.23.30,URE,2023.201.23.23.30,earthquake,3119,4590.0,31.19,45.9,4,3,0.6534,0.5222,17.21,16.56,7.058000087738037,-76.2959976196289,17.27,1.8,7.751667,-75.532667,251.0,113.96,227.74
URE.2023.202.02.33.50,URE,2023.202.02.33.50,earthquake,3366,,33.66,,3,0,0.9047,0.0,17.78,,5.35099983215332,-74.35700225830078,22.25,2.8,7.751667,-75.532667,251.0,295.61,153.84
URE.2023.203.00.15.36,URE,2023.203.00.15.36,earthquake,3200,4752.0,32.0,47.52,4,3,0.8377,0.5697,14.7,13.28,7.0,-76.27300262451172,6.13,2.0,7.751667,-75.532667,251.0,116.58,224.56
URE.2023.204.02.33.49,URE,2023.204.02.33.49,earthquake,3186,3219.0,31.86,32.19,3,2,0.6503,0.5039,3.44,8.28,6.744999885559082,-76.4219970703125,20.08,1.5,7.751667,-75.532667,251.0,148.46,221.48
URE.2023.205.01.11.16,URE,2023.205.01.11.16,earthquake,3254,4737.0,32.54,47.37,3,4,0.8092,0.3705,16.02,18.45,7.0,-76.22599792480469,17.62,1.9,7.751667,-75.532667,251.0,113.0,222.68
URE.2023.207.06.11.22,URE,2023.207.06.11.22,earthquake,3240,4772.0,32.4,47.72,3,4,0.8063,0.5307,9.09,16.2,6.993000030517578,-76.28700256347656,19.67,1.7,7.751667,-75.532667,251.0,118.22,224.84
URE.2023.208.01.06.52,URE,2023.208.01.06.52,earthquake,3118,3851.0,31.18,38.51,4,4,0.9473,0.8667,33.32,12.98,7.360000133514404,-75.70899963378906,34.26,2.1,7.751667,-75.532667,251.0,47.49,204.2
URE.2023.208.19.08.56,URE,2023.208.19.08.56,earthquake,3348,5442.0,33.48,54.42,3,3,0.7421,0.4012,2.68,2.0,6.642000198364258,-76.63600158691406,22.07,1.5,7.751667,-75.532667,251.0,172.94,224.87
URE.2023.209.03.15.33,URE,2023.209.03.15.33,earthquake,3528,6662.0,35.28,66.62,4,4,0.7596,0.4835,5.61,12.58,6.8379998207092285,-73.23500061035156,18.96,2.9,7.751667,-75.532667,251.0,273.1,111.57
URE.2023.210.19.05.29,URE,2023.210.19.05.29,earthquake,3175,4762.0,31.75,47.62,3,3,0.8225,0.4118,7.13,0.44,6.948999881744385,-76.20800018310547,18.0,1.6,7.751667,-75.532667,251.0,115.93,220.07
URE.2023.213.05.15.11,URE,2023.213.05.15.11,earthquake,3081,4431.0,30.81,44.31,3,4,0.732,0.5218,6.15,10.38,7.098999977111816,-76.28500366210938,17.68,1.5,7.751667,-75.532667,251.0,110.03,229.06
URE.2023.213.08.42.02,URE,2023.213.08.42.02,earthquake,3094,4051.0,30.94,40.51,3,4,0.954,0.4652,27.64,9.41,7.132999897003174,-75.66699981689453,11.82,2.5,7.751667,-75.532667,251.0,70.01,192.24
URE.2023.213.17.06.55,URE,2023.213.17.06.55,earthquake,3419,,34.19,,3,0,0.5413,0.0,4.72,,6.923999786376953,-76.81999969482422,28.16,2.0,7.751667,-75.532667,251.0,169.06,237.3
URE.2023.214.07.58.57,URE,2023.214.07.58.57,earthquake,3170,4576.0,31.7,45.76,4,4,0.6119,0.4165,8.94,22.11,6.932000160217285,-75.99600219726562,29.75,1.6,7.751667,-75.532667,251.0,104.09,209.47
URE.2023.217.05.17.03,URE,2023.217.05.17.03,earthquake,3250,4765.0,32.5,47.65,3,2,0.8241,0.5566,6.45,18.16,6.985000133514404,-76.27799987792969,20.02,2.0,7.751667,-75.532667,251.0,118.15,224.19
URE.2023.219.01.55.53,URE,2023.219.01.55.53,earthquake,3231,4751.0,32.31,47.51,4,3,0.78,0.5756,11.05,10.73,6.982999801635742,-76.26799774169922,18.61,1.9,7.751667,-75.532667,251.0,117.55,223.73
URE.2023.219.17.04.22,URE,2023.219.17.04.22,earthquake,2949,,29.49,,3,0,0.7718,0.0,0.41,,6.427000045776367,-76.64900207519531,6.96,1.7,7.751667,-75.532667,251.0,191.49,220.16
URE.2023.219.20.01.08,URE,2023.219.20.01.08,earthquake,3142,4522.0,31.42,45.22,4,4,0.6904,0.4894,13.54,10.12,7.169000148773193,-76.16899871826172,7.07,1.5,7.751667,-75.532667,251.0,95.32,227.51
URE.2023.219.22.00.16,URE,2023.219.22.00.16,earthquake,3050.0,,30.5,,3,0,0.944,0.0,25.34,,7.361999988555908,-76.08200073242188,22.07,2.0,7.751667,-75.532667,251.0,74.38,234.63
URE.2023.220.12.17.23,URE,2023.220.12.17.23,earthquake,3139.0,4648.0,31.39,46.48,3,3,0.7566,0.5631,3.53,12.3,6.986999988555908,-76.28700256347656,16.74,1.8,7.751667,-75.532667,251.0,118.69,224.61
URE.2023.220.21.00.28,URE,2023.220.21.00.28,noise,,,,,0,0,0.0,0.0,,,7.300000190734863,-73.8280029296875,24.89,1.5,7.751667,-75.532667,251.0,194.66,104.76
URE.2023.221.13.22.13,URE,2023.221.13.22.13,earthquake,3244.0,4672.0,32.44,46.72,3,2,0.6423,0.5197,4.84,14.21,6.995999813079834,-76.29199981689453,18.32,1.8,7.751667,-75.532667,251.0,118.37,225.14
URE.2023.222.08.34.45,URE,2023.222.08.34.45,earthquake,3307.0,10778.0,33.07,107.78,3,2,0.9114,0.415,19.73,10.18,7.283999919891357,-76.77400207519531,22.3,2.1,7.751667,-75.532667,251.0,146.44,249.4
URE.2023.223.21.40.36,URE,2023.223.21.40.36,earthquake,3187.0,4702.0,31.87,47.02,4,2,0.7894,0.5416,19.85,18.33,6.993000030517578,-76.27400207519531,16.04,1.8,7.751667,-75.532667,251.0,117.21,224.34
URE.2023.224.10.55.58,URE,2023.224.10.55.58,earthquake,6739.0,7732.0,67.39,77.32,3,4,0.9486,0.521,19.98,10.4,4.839000225067139,-74.78900146484375,27.93,1.5,7.751667,-75.532667,251.0,332.45,165.63
URE.2023.224.11.56.28,URE,2023.224.11.56.28,earthquake,3214.0,4892.0,32.14,48.92,4,3,0.8162,0.5219,12.63,17.31,6.875,-76.19499969482422,20.43,1.7,7.751667,-75.532667,251.0,121.44,217.07
URE.2023.224.13.08.38,URE,2023.224.13.08.38,earthquake,3239.0,4903.0,32.39,49.03,4,3,0.8464,0.4758,11.23,19.15,6.873000144958496,-76.23699951171875,22.07,1.8,7.751667,-75.532667,251.0,124.46,218.72
URE.2023.224.19.41.11,URE,2023.224.19.41.11,earthquake,3185.0,4454.0,31.85,44.54,3,4,0.8042,0.4392,5.34,1.63,7.2270002365112305,-76.25499725341797,15.74,1.6,7.751667,-75.532667,251.0,98.61,234.0
URE.2023.225.13.35.18,URE,2023.225.13.35.18,earthquake,3102.0,4606.0,31.02,46.06,3,3,0.8061,0.4769,9.5,13.1,6.9770002365112305,-76.2959976196289,16.21,1.8,7.751667,-75.532667,251.0,120.18,224.58
URE.2023.227.04.20.22,URE,2023.227.04.20.22,earthquake,3217.0,4689.0,32.17,46.89,3,3,0.7656,0.3814,2.35,15.28,6.988999843597412,-76.28099822998047,18.38,1.6,7.751667,-75.532667,251.0,118.07,224.46
URE.2023.227.14.04.15,URE,2023.227.14.04.15,earthquake,7182.0,,71.82,,3,0,0.492,0.0,8.49,,7.6539998054504395,-74.8499984741211,0.0,2.0,7.751667,-75.532667,251.0,76.08,98.12
URE.2023.228.00.09.51,URE,2023.228.00.09.51,earthquake,3298.0,4987.0,32.98,49.87,3,3,0.7462,0.6069,13.21,3.25,6.892000198364258,-76.35299682617188,24.18,2.1,7.751667,-75.532667,251.0,131.31,223.67
URE.2023.228.09.37.25,URE,2023.228.09.37.25,earthquake,3199.0,,31.99,,3,0,0.3429,0.0,3.52,,6.9710001945495605,-76.69000244140625,14.57,1.6,7.751667,-75.532667,251.0,154.21,236.03
URE.2023.228.13.25.50,URE,2023.228.13.25.50,earthquake,3367.0,5313.0,33.67,53.13,3,3,0.8198,0.5341,8.45,14.16,6.958000183105469,-76.69000244140625,24.41,2.6,7.751667,-75.532667,251.0,155.02,235.59
URE.2023.228.17.26.47,URE,2023.228.17.26.47,earthquake,3198.0,,31.98,,3,0,0.7003,0.0,5.89,,7.335000038146973,-76.24299621582031,12.93,1.5,7.751667,-75.532667,251.0,90.93,239.6
URE.2023.228.18.47.46,URE,2023.228.18.47.46,earthquake,3108.0,3790.0,31.08,37.9,4,4,0.9362,0.7882,23.28,5.22,7.360000133514404,-75.53299713134766,33.55,1.8,7.751667,-75.532667,251.0,43.32,180.05
URE.2023.228.21.49.26,URE,2023.228.21.49.26,earthquake,3010.0,4109.0,30.1,41.09,4,4,0.9108,0.6174,11.46,10.14,7.498000144958496,-74.71700286865234,25.12,1.7,7.751667,-75.532667,251.0,94.27,107.26
URE.2023.229.03.22.57,URE,2023.229.03.22.57,earthquake,3129.0,,31.29,,3,0,0.7407,0.0,2.3,,6.839000225067139,-76.29100036621094,16.68,1.5,7.751667,-75.532667,251.0,131.15,219.73
URE.2023.229.05.09.41,URE,2023.229.05.09.41,earthquake,3159.0,4650.0,31.59,46.5,4,2,0.7544,0.4531,13.75,16.83,6.9710001945495605,-76.27799987792969,18.61,1.9,7.751667,-75.532667,251.0,119.27,223.67
URE.2023.230.02.13.33,URE,2023.230.02.13.33,earthquake,3225.0,4811.0,32.25,48.11,3,3,0.7472,0.4102,9.98,9.37,6.85099983215332,-76.2750015258789,22.25,2.5,7.751667,-75.532667,251.0,129.0,219.5
URE.2023.231.09.57.13,URE,2023.231.09.57.13,earthquake,3229.0,4781.0,32.29,47.81,4,3,0.7913,0.3873,9.53,15.99,6.974999904632568,-76.21299743652344,18.14,1.7,7.751667,-75.532667,251.0,114.1,221.21
URE.2023.232.05.30.19,URE,2023.232.05.30.19,earthquake,2961.0,4468.0,29.61,44.68,3,2,0.568,0.5136,0.56,16.62,7.056000232696533,-76.44599914550781,11.67,1.5,7.751667,-75.532667,251.0,126.83,232.72
URE.2023.232.16.53.54,URE,2023.232.16.53.54,earthquake,3114.0,4834.0,31.14,48.34,3,2,0.6048,0.379,3.13,6.5,6.860000133514404,-76.29299926757812,19.02,1.5,7.751667,-75.532667,251.0,129.51,220.46
URE.2023.232.19.25.24,URE,2023.232.19.25.24,earthquake,3170.0,4348.0,31.7,43.48,4,3,0.845,0.442,9.37,9.53,7.394000053405762,-76.1510009765625,15.98,1.7,7.751667,-75.532667,251.0,78.87,239.94
URE.2023.234.07.42.50,URE,2023.234.07.42.50,earthquake,3095.0,4722.0,30.95,47.22,3,3,0.5255,0.5801,2.07,1.03,6.931000232696533,-76.26000213623047,12.99,1.8,7.751667,-75.532667,251.0,121.19,221.55
URE.2023.235.04.24.03,URE,2023.235.04.24.03,earthquake,3087.0,4048.0,30.87,40.48,4,4,0.8513,0.4111,12.69,6.87,7.4019999504089355,-76.0780029296875,24.88,1.5,7.751667,-75.532667,251.0,71.53,237.31
URE.2023.235.18.45.38,URE,2023.235.18.45.38,earthquake,3160.0,4909.0,31.6,49.09,3,4,0.8928,0.3865,3.42,5.88,7.195000171661377,-76.65599822998047,12.93,1.7,7.751667,-75.532667,251.0,138.44,243.67
URE.2023.236.19.33.55,URE,2023.236.19.33.55,earthquake,3200.0,4949.0,32.0,49.49,4,3,0.6611,0.7292,16.85,20.93,6.947000026702881,-76.24700164794922,14.86,2.2,7.751667,-75.532667,251.0,118.91,221.6
URE.2023.236.20.05.08,URE,2023.236.20.05.08,earthquake,2971.0,5185.0,29.71,51.85,3,3,0.8898,0.4373,9.54,9.18,6.340000152587891,-74.52300262451172,20.59,2.2,7.751667,-75.532667,251.0,191.87,144.39
URE.2023.236.21.13.42,URE,2023.236.21.13.42,earthquake,3160.0,4626.0,31.6,46.26,3,2,0.6966,0.326,5.45,2.82,6.960000038146973,-76.22100067138672,17.38,1.5,7.751667,-75.532667,251.0,115.94,221.0
URE.2023.236.22.13.57,URE,2023.236.22.13.57,earthquake,3238.0,4754.0,32.38,47.54,3,4,0.8796,0.4764,13.06,13.03,7.005000114440918,-76.2750015258789,17.21,1.9,7.751667,-75.532667,251.0,116.34,224.83
URE.2023.237.02.01.19,URE,2023.237.02.01.19,earthquake,3178.0,4691.0,31.78,46.91,3,3,0.7059,0.5412,6.14,12.93,7.006999969482422,-76.29399871826172,15.98,1.5,7.751667,-75.532667,251.0,117.67,225.63
URE.2023.237.03.50.20,URE,2023.237.03.50.20,earthquake,3198.0,,31.98,,3,0,0.8129,0.0,3.09,,6.941999912261963,-76.2979965209961,21.07,1.6,7.751667,-75.532667,251.0,123.12,223.39
URE.2023.237.14.51.21,URE,2023.237.14.51.21,earthquake,3258.0,,32.58,,3,0,0.6252,0.0,1.85,,6.998000144958496,-76.23600006103516,17.38,1.8,7.751667,-75.532667,251.0,113.92,223.02
URE.2023.238.10.04.50,URE,2023.238.10.04.50,earthquake,3174.0,4703.0,31.74,47.03,3,3,0.8401,0.4258,15.23,19.48,6.986000061035156,-76.29199981689453,8.18,1.8,7.751667,-75.532667,251.0,119.16,224.76
URE.2023.239.21.44.53,URE,2023.239.21.44.53,earthquake,5029.0,,50.29,,3,0,0.5607,0.0,22.3,,5.3379998207092285,-76.69000244140625,10.06,2.3,7.751667,-75.532667,251.0,296.02,205.69
URE.2023.239.21.50.11,URE,2023.239.21.50.11,noise,,,,,0,0,0.0,0.0,,,5.329999923706055,-76.63899993896484,0.0,3.3,7.751667,-75.532667,251.0,294.43,204.62
URE.2023.239.23.15.02,URE,2023.239.23.15.02,earthquake,3212.0,4725.0,32.12,47.25,4,3,0.7652,0.5033,8.35,14.43,6.980999946594238,-76.22100067138672,17.85,1.7,7.751667,-75.532667,251.0,114.19,221.77
URE.2023.240.01.36.43,URE,2023.240.01.36.43,earthquake,5382.0,,53.82,,3,0,0.6093,0.0,7.53,,5.329999923706055,-76.64399719238281,12.4,1.9,7.751667,-75.532667,251.0,294.66,204.72
URE.2023.240.02.59.39,URE,2023.240.02.59.39,noise,,,,,0,0,0.0,0.0,,,5.317999839782715,-76.70899963378906,8.61,1.6,7.751667,-75.532667,251.0,298.93,205.87
URE.2023.240.07.32.15,URE,2023.240.07.32.15,noise,,,,,0,0,0.0,0.0,,,5.355999946594238,-76.71499633789062,0.25,1.9,7.751667,-75.532667,251.0,295.44,206.34
URE.2023.240.08.04.03,URE,2023.240.08.04.03,earthquake,3229.0,4931.0,32.29,49.31,3,3,0.8289,0.4916,13.83,14.62,6.929999828338623,-76.34100341796875,17.38,2.2,7.751667,-75.532667,251.0,127.37,224.54
URE.2023.240.10.18.04,URE,2023.240.10.18.04,earthquake,2878.0,2887.0,28.78,28.87,3,2,0.3788,0.3618,6.9,4.18,5.310999870300293,-76.68900299072266,0.0,2.5,7.751667,-75.532667,251.0,298.67,205.42
URE.2023.240.11.23.12,URE,2023.240.11.23.12,earthquake,2902.0,4214.0,29.02,42.14,3,4,0.8347,0.6234,7.48,18.24,7.052999973297119,-76.13600158691406,30.0,1.5,7.751667,-75.532667,251.0,102.01,220.8
URE.2023.241.00.51.14,URE,2023.241.00.51.14,earthquake,3166,4692,31.66,46.92,3,2,0.8366,0.502,5.3,6.97,7.011000156402588,-76.26599884033203,15.98,1.8,7.751667,-75.532667,251.0,115.17,224.71
URE.2023.243.07.47.38,URE,2023.243.07.47.38,earthquake,3440.0,,34.4,,3,0,0.5691,0.0,7.65,,6.948999881744385,-77.18900299072266,34.02,2.1,7.751667,-75.532667,251.0,203.28,244.22
URE.2023.243.14.06.42,URE,2023.243.14.06.42,earthquake,3270.0,,32.7,,3,0,0.7984,0.0,14.31,,6.90500020980835,-76.6449966430664,15.98,2.0,7.751667,-75.532667,251.0,154.44,232.75
URE.2023.243.20.29.32,URE,2023.243.20.29.32,earthquake,3209.0,4794.0,32.09,47.94,3,3,0.7856,0.4081,10.83,5.96,6.995999813079834,-76.30899810791016,9.88,1.8,7.751667,-75.532667,251.0,119.71,225.77
URE.2023.244.00.43.43,URE,2023.244.00.43.43,earthquake,3142.0,11112.0,31.42,111.12,3,3,0.8688,0.5082,12.02,9.83,7.1529998779296875,-76.18800354003906,15.04,1.5,7.751667,-75.532667,251.0,98.06,227.58
URE.2023.244.02.19.21,URE,2023.244.02.19.21,earthquake,3172.0,,31.72,,3,0,0.8226,0.0,28.32,,5.366000175476074,-76.73100280761719,15.07,4.5,7.751667,-75.532667,251.0,295.24,206.74
URE.2023.244.23.15.49,URE,2023.244.23.15.49,earthquake,3142.0,4648.0,31.42,46.48,3,3,0.7341,0.5846,3.47,12.42,6.9720001220703125,-76.19300079345703,14.51,1.8,7.751667,-75.532667,251.0,112.92,220.26
URE.2023.245.15.16.38,URE,2023.245.15.16.38,noise,,,,,0,0,0.0,0.0,,,5.289000034332275,-76.66400146484375,0.0,2.4,7.751667,-75.532667,251.0,299.71,204.74
URE.2023.245.19.29.13,URE,2023.245.19.29.13,earthquake,3224.0,4844.0,32.24,48.44,3,3,0.6485,0.5902,4.65,19.73,6.867000102996826,-76.1500015258789,15.98,1.6,7.751667,-75.532667,251.0,119.24,214.91
URE.2023.246.05.26.46,URE,2023.246.05.26.46,earthquake,3250.0,5160.0,32.5,51.6,3,3,0.7767,0.5386,1.39,10.92,6.875999927520752,-76.76499938964844,36.02,2.1,7.751667,-75.532667,251.0,167.02,234.64
URE.2023.246.06.59.20,URE,2023.246.06.59.20,earthquake,3269.0,4916.0,32.69,49.16,3,2,0.8933,0.6099,16.78,12.98,6.882999897003174,-76.23100280761719,24.24,2.0,7.751667,-75.532667,251.0,123.19,218.8
URE.2023.246.07.50.28,URE,2023.246.07.50.28,noise,,,,,0,0,0.0,0.0,,,5.320000171661377,-76.68499755859375,16.02,1.6,7.751667,-75.532667,251.0,297.58,205.43
URE.2023.246.10.19.45,URE,2023.246.10.19.45,earthquake,3231.0,4934.0,32.31,49.34,3,3,0.9054,0.538,6.96,11.95,6.9019999504089355,-76.35399627685547,18.67,1.7,7.751667,-75.532667,251.0,130.59,224.04
URE.2023.246.22.02.01,URE,2023.246.22.02.01,earthquake,3111.0,,31.11,,3,0,0.8894,0.0,18.75,,7.1479997634887695,-76.23500061035156,15.74,1.6,7.751667,-75.532667,251.0,102.31,229.31
URE.2023.247.16.12.53,URE,2023.247.16.12.53,earthquake,3214.0,4751.0,32.14,47.51,3,4,0.8265,0.351,7.41,5.01,6.953999996185303,-76.19499969482422,15.27,1.6,7.751667,-75.532667,251.0,114.58,219.7
URE.2023.251.00.48.43,URE,2023.251.00.48.43,earthquake,2890,4332.0,28.9,43.32,3,4,0.7077,0.6087,2.15,17.57,7.451000213623047,-74.46800231933594,23.17,1.7,7.751667,-75.532667,251.0,122.1,105.73
URE.2023.252.08.44.00,URE,2023.252.08.44.00,earthquake,3159,4156.0,31.59,41.56,4,4,0.8832,0.7001,19.02,15.88,7.684000015258789,-74.85700225830078,31.45,1.8,7.751667,-75.532667,251.0,74.91,95.69
URE.2023.252.23.13.58,URE,2023.252.23.13.58,earthquake,3268,4885.0,32.68,48.85,3,3,0.7255,0.5608,5.24,3.82,6.860000133514404,-76.16899871826172,21.13,2.0,7.751667,-75.532667,251.0,121.08,215.51
URE.2023.253.02.53.09,URE,2023.253.02.53.09,earthquake,2974,6300.0,29.74,63.0,3,2,0.8247,0.4797,18.25,12.34,5.317999839782715,-76.71099853515625,5.2,3.4,7.751667,-75.532667,251.0,299.03,205.91
URE.2023.253.06.33.36,URE,2023.253.06.33.36,earthquake,3101,4205.0,31.01,42.05,3,4,0.6784,0.5431,19.3,18.48,7.3429999351501465,-76.13300323486328,24.47,2.2,7.751667,-75.532667,251.0,80.2,235.74
URE.2023.253.20.46.22,URE,2023.253.20.46.22,earthquake,3152,4632.0,31.52,46.32,3,4,0.8351,0.5154,6.83,12.21,6.961999893188477,-76.21900177001953,17.62,1.3,7.751667,-75.532667,251.0,115.62,220.99
URE.2023.254.02.33.49,URE,2023.254.02.33.49,earthquake,3285,5222.0,32.85,52.22,3,3,0.8534,0.5848,10.73,12.03,6.888000011444092,-76.69000244140625,28.87,1.8,7.751667,-75.532667,251.0,159.54,233.3
URE.2023.254.04.00.08,URE,2023.254.04.00.08,earthquake,3281,4841.0,32.81,48.41,3,4,0.7811,0.4179,8.9,13.17,6.864999771118164,-76.28099822998047,22.36,1.7,7.751667,-75.532667,251.0,128.23,220.17
URE.2023.255.05.22.12,URE,2023.255.05.22.12,earthquake,3358,4952.0,33.58,49.52,3,3,0.68,0.5151,10.22,16.2,6.830999851226807,-76.1989974975586,0.0,1.7,7.751667,-75.532667,251.0,125.62,215.9
URE.2023.255.09.02.50,URE,2023.255.09.02.50,earthquake,2769,,27.69,,3,0,0.8216,0.0,18.34,,6.439000129699707,-74.75900268554688,1.03,2.5,7.751667,-75.532667,251.0,168.46,149.46
URE.2023.256.18.33.02,URE,2023.256.18.33.02,earthquake,5872,,58.72,,3,0,0.5217,0.0,2.47,,5.2729997634887695,-76.73400115966797,30.79,1.8,7.751667,-75.532667,251.0,304.62,205.93
URE.2023.257.07.37.01,URE,2023.257.07.37.01,earthquake,3243,4741.0,32.43,47.41,4,3,0.755,0.475,12.06,15.07,6.965000152587891,-76.26499938964844,20.84,2.1,7.751667,-75.532667,251.0,118.77,222.95
URE.2023.257.10.14.40,URE,2023.257.10.14.40,earthquake,3257,4809.0,32.57,48.09,3,4,0.8971,0.3503,33.85,19.16,6.980999946594238,-76.26699829101562,21.31,3.4,7.751667,-75.532667,251.0,117.63,223.62
URE.2023.257.14.25.22,URE,2023.257.14.25.22,earthquake,3067.0,,30.67,,3,0,0.787,0.0,32.33,,5.324999809265137,-76.75399780273438,13.18,5.1,7.751667,-75.532667,251.0,300.44,206.79
URE.2023.257.14.28.57,URE,2023.257.14.28.57,noise,,,,,0,0,0.0,0.0,,,5.327000141143799,-76.73500061035156,22.63,3.0,7.751667,-75.532667,251.0,299.3,206.45
URE.2023.257.14.29.26,URE,2023.257.14.29.26,noise,,,,,0,0,0.0,0.0,,,5.250999927520752,-76.71700286865234,30.0,2.7,7.751667,-75.532667,251.0,306.0,205.42
URE.2023.257.14.34.15,URE,2023.257.14.34.15,noise,,,,,0,0,0.0,0.0,,,5.309000015258789,-76.63400268554688,16.21,1.8,7.751667,-75.532667,251.0,296.32,204.34
URE.2023.258.14.10.18,URE,2023.258.14.10.18,earthquake,11607.0,,116.07,,3,0,0.4159,0.0,8.36,,5.310999870300293,-76.7509994506836,35.2,1.9,7.751667,-75.532667,251.0,301.67,206.6
URE.2023.258.16.17.39,URE,2023.258.16.17.39,earthquake,9331.0,10872.0,93.31,108.72,3,3,0.8125,0.4832,9.68,15.37,6.9679999351501465,-76.2770004272461,18.32,2.0,7.751667,-75.532667,251.0,119.44,223.53
URE.2023.258.16.18.41,URE,2023.258.16.18.41,earthquake,3162.0,4702.0,31.62,47.02,4,2,0.6859,0.5482,9.65,11.21,6.9679999351501465,-76.26000213623047,19.73,2.0,7.751667,-75.532667,251.0,118.15,222.86
URE.2023.258.19.18.00,URE,2023.258.19.18.00,earthquake,3240.0,4756.0,32.4,47.56,3,2,0.626,0.5598,12.8,17.36,6.974999904632568,-76.27200317382812,8.48,1.6,7.751667,-75.532667,251.0,118.49,223.59
URE.2023.259.08.08.14,URE,2023.259.08.08.14,earthquake,3137,4636.0,31.37,46.36,3,3,0.6431,0.4593,9.19,12.68,6.9710001945495605,-76.2770004272461,9.24,1.2,7.751667,-75.532667,251.0,119.19,223.64
URE.2023.259.16.48.37,URE,2023.259.16.48.37,earthquake,3117,3969.0,31.17,39.69,3,4,0.9344,0.5811,15.34,6.6,7.335000038146973,-75.83100128173828,32.85,1.6,7.751667,-75.532667,251.0,56.63,215.57
URE.2023.259.19.37.39,URE,2023.259.19.37.39,earthquake,2901,4006.0,29.01,40.06,4,4,0.805,0.5927,11.32,12.59,7.574999809265137,-74.78199768066406,12.45,1.5,7.751667,-75.532667,251.0,85.1,103.22
URE.2023.260.19.10.38,URE,2023.260.19.10.38,earthquake,3165,4656.0,31.65,46.56,4,3,0.6333,0.5497,12.48,18.71,6.973999977111816,-76.2770004272461,19.08,2.4,7.751667,-75.532667,251.0,118.95,223.75
URE.2023.261.20.12.30,URE,2023.261.20.12.30,earthquake,3197,4672.0,31.97,46.72,3,3,0.7162,0.3704,4.4,13.95,6.973999977111816,-76.28199768066406,17.73,1.9,7.751667,-75.532667,251.0,119.34,223.94
URE.2023.262.07.23.16,URE,2023.262.07.23.16,earthquake,3387,,33.87,,3,0,0.7382,0.0,3.18,,6.578999996185303,-76.77899932861328,36.13,2.1,7.751667,-75.532667,251.0,189.13,226.79
URE.2023.262.11.26.13,URE,2023.262.11.26.13,earthquake,3288,5522.0,32.88,55.22,3,2,0.8222,0.2545,9.32,11.62,6.982999801635742,-76.96499633789062,30.27,2.0,7.751667,-75.532667,251.0,179.54,241.83
URE.2023.264.22.58.38,URE,2023.264.22.58.38,earthquake,3139,4579.0,31.39,45.79,4,2,0.7206,0.6561,16.63,9.63,7.139999866485596,-76.25900268554688,22.3,2.0,7.751667,-75.532667,251.0,104.9,229.89
URE.2023.264.23.45.45,URE,2023.264.23.45.45,earthquake,3098,,30.98,,3,0,0.8562,0.0,17.71,,7.129000186920166,-76.24800109863281,20.43,1.9,7.751667,-75.532667,251.0,104.77,228.96
URE.2023.267.15.37.56,URE,2023.267.15.37.56,earthquake,2750.0,4544.0,27.5,45.44,3,4,0.8144,0.4466,26.2,11.86,6.923999786376953,-74.32499694824219,0.0,3.4,7.751667,-75.532667,251.0,161.74,124.39
URE.2023.267.18.52.22,URE,2023.267.18.52.22,earthquake,2797.0,4330.0,27.97,43.3,3,3,0.8644,0.4271,22.48,9.78,6.72599983215332,-75.87799835205078,21.02,2.5,7.751667,-75.532667,251.0,119.67,198.61
URE.2023.267.22.40.42,URE,2023.267.22.40.42,earthquake,3294.0,,32.94,,3,0,0.7198,0.0,1.99,,6.908999919891357,-76.62799835205078,17.85,1.7,7.751667,-75.532667,251.0,152.68,232.45
URE.2023.268.04.56.13,URE,2023.268.04.56.13,earthquake,3288.0,4822.0,32.88,48.22,3,2,0.6352,0.6078,12.87,17.23,6.980999946594238,-76.26200103759766,25.12,2.1,7.751667,-75.532667,251.0,117.25,223.42
URE.2023.271.11.14.21,URE,2023.271.11.14.21,noise,,,,,0,0,0.0,0.0,,,4.876999855041504,-75.31400299072266,3.25,3.8,7.751667,-75.532667,251.0,318.82,175.64
URE.2023.271.15.24.28,URE,2023.271.15.24.28,earthquake,3373.0,5397.0,33.73,53.97,3,2,0.593,0.3725,16.81,18.87,7.355999946594238,-77.0,34.02,2.8,7.751667,-75.532667,251.0,167.74,254.98
URE.2023.272.10.00.31,URE,2023.272.10.00.31,earthquake,3214.0,4944.0,32.14,49.44,3,3,0.7362,0.4307,0.81,7.63,7.145999908447266,-76.64399719238281,26.99,1.5,7.751667,-75.532667,251.0,139.77,241.44
URE.2023.273.22.28.08,URE,2023.273.22.28.08,earthquake,3102.0,4130.0,31.02,41.3,3,4,0.8624,0.4827,11.87,17.76,7.208000183105469,-75.85399627685547,31.91,1.7,7.751667,-75.532667,251.0,69.81,210.56
URE.2023.274.03.51.04,URE,2023.274.03.51.04,earthquake,3415.0,3546.0,34.15,35.46,3,2,0.5371,0.4569,9.66,8.98,5.293000221252441,-76.6729965209961,27.11,2.5,7.751667,-75.532667,251.0,299.72,204.95
URE.2023.275.11.39.27,URE,2023.275.11.39.27,earthquake,3152.0,4892.0,31.52,48.92,3,2,0.6336,0.5159,8.1,15.4,6.927999973297119,-76.22899627685547,8.24,1.3,7.751667,-75.532667,251.0,119.2,220.21
URE.2023.275.17.57.33,URE,2023.275.17.57.33,earthquake,3191.0,4853.0,31.91,48.53,3,3,0.7992,0.3977,9.19,12.15,6.864999771118164,-76.322998046875,19.26,1.9,7.751667,-75.532667,251.0,131.27,221.72
URE.2023.275.22.27.54,URE,2023.275.22.27.54,earthquake,1739.0,4918.0,17.39,49.18,3,3,0.689,0.515,14.86,14.81,6.947000026702881,-76.26899719238281,16.39,2.7,7.751667,-75.532667,251.0,120.53,222.46
URE.2023.275.22.44.02,URE,2023.275.22.44.02,earthquake,3220.0,4868.0,32.2,48.68,4,3,0.6344,0.5828,11.42,15.82,6.926000118255615,-76.26599884033203,15.98,2.1,7.751667,-75.532667,251.0,122.04,221.61
URE.2023.275.22.51.25,URE,2023.275.22.51.25,earthquake,3220.0,12026.0,32.2,120.26,3,3,0.7873,0.4195,28.32,12.3,6.919000148773193,-76.26100158691406,19.08,3.6,7.751667,-75.532667,251.0,122.26,221.18
URE.2023.275.22.52.36,URE,2023.275.22.52.36,earthquake,3231.0,4915.0,32.31,49.15,3,3,0.7304,0.4564,2.67,12.24,6.948999881744385,-76.2760009765625,15.21,2.4,7.751667,-75.532667,251.0,120.9,222.8
URE.2023.275.22.54.47,URE,2023.275.22.54.47,earthquake,3203.0,10885.0,32.03,108.85,4,4,0.683,0.4698,14.0,16.01,6.934000015258789,-76.26000213623047,14.16,2.1,7.751667,-75.532667,251.0,120.94,221.65
URE.2023.276.00.09.52,URE,2023.276.00.09.52,earthquake,3232.0,4868.0,32.32,48.68,3,2,0.7172,0.3921,6.43,17.17,6.940999984741211,-76.18399810791016,11.76,1.6,7.751667,-75.532667,251.0,114.93,218.78
URE.2023.276.00.52.54,URE,2023.276.00.52.54,earthquake,3306.0,10272.0,33.06,102.72,4,2,0.7375,0.4177,14.97,7.4,6.943999767303467,-76.25599670410156,11.28,1.7,7.751667,-75.532667,251.0,119.82,221.85
URE.2023.276.01.29.14,URE,2023.276.01.29.14,earthquake,3216.0,4832.0,32.16,48.32,4,3,0.7196,0.4805,17.43,14.85,6.934999942779541,-76.25900268554688,11.52,1.4,7.751667,-75.532667,251.0,120.78,221.65
URE.2023.276.06.04.56,URE,2023.276.06.04.56,earthquake,3243.0,4895.0,32.43,48.95,3,3,0.5865,0.4733,15.29,15.01,6.940999984741211,-76.26499938964844,15.68,2.6,7.751667,-75.532667,251.0,120.73,222.09
URE.2023.276.07.44.00,URE,2023.276.07.44.00,earthquake,3178.0,4806.0,31.78,48.06,4,3,0.6298,0.5054,14.33,16.17,6.926000118255615,-76.26300048828125,13.46,2.0,7.751667,-75.532667,251.0,121.82,221.5
URE.2023.276.08.25.35,URE,2023.276.08.25.35,earthquake,3206.0,4883.0,32.06,48.83,3,2,0.783,0.5524,0.7,14.66,6.931000232696533,-76.27300262451172,13.98,1.8,7.751667,-75.532667,251.0,122.14,222.06
URE.2023.276.09.08.41,URE,2023.276.09.08.41,earthquake,,4830.0,,48.3,0,3,0.0,0.4636,-2.2,13.73,6.935999870300293,-76.27300262451172,13.11,1.7,7.751667,-75.532667,251.0,121.73,222.23
URE.2023.276.17.39.26,URE,2023.276.17.39.26,earthquake,3251.0,4885.0,32.51,48.85,4,3,0.6748,0.4263,12.63,13.0,6.945000171661377,-76.26899719238281,14.63,2.3,7.751667,-75.532667,251.0,120.7,222.39
URE.2023.277.03.40.20,URE,2023.277.03.40.20,earthquake,3183.0,4791.0,31.83,47.91,3,3,0.8585,0.517,9.13,13.86,6.931000232696533,-76.27100372314453,7.52,1.6,7.751667,-75.532667,251.0,122.0,221.98
URE.2023.277.11.23.44,URE,2023.277.11.23.44,earthquake,3178.0,4824.0,31.78,48.24,3,2,0.6929,0.3724,6.11,15.6,6.951000213623047,-76.36699676513672,15.51,1.9,7.751667,-75.532667,251.0,127.77,226.19
URE.2023.278.04.46.57,URE,2023.278.04.46.57,earthquake,3265.0,,32.65,,3,0,0.6002,0.0,5.09,,6.932000160217285,-76.36599731445312,15.98,1.8,7.751667,-75.532667,251.0,129.16,225.48
URE.2023.279.04.22.45,URE,2023.279.04.22.45,earthquake,2721.0,,27.21,,3,0,0.5532,0.0,10.09,,6.730999946594238,-76.66699981689453,26.29,1.7,7.751667,-75.532667,251.0,168.62,228.05
URE.2023.280.08.48.56,URE,2023.280.08.48.56,earthquake,3335.0,5559.0,33.35,55.59,3,4,0.6709,0.3749,4.73,7.38,6.453999996185303,-76.71800231933594,30.51,2.1,7.751667,-75.532667,251.0,194.27,222.45
URE.2023.281.01.02.41,URE,2023.281.01.02.41,earthquake,3181.0,4789.0,31.81,47.89,3,2,0.7254,0.4724,12.06,13.87,6.864999771118164,-76.28299713134766,20.14,2.5,7.751667,-75.532667,251.0,128.37,220.24
URE.2023.282.18.25.07,URE,2023.282.18.25.07,earthquake,3183.0,,31.83,,3,0,0.8353,0.0,1.68,,7.02400016784668,-76.34700012207031,9.77,1.7,7.751667,-75.532667,251.0,120.66,228.22
URE.2023.286.14.40.43,URE,2023.286.14.40.43,earthquake,2958.0,4480.0,29.58,44.8,3,4,0.6996,0.3632,9.21,5.73,7.017000198364258,-76.3499984741211,0.81,2.0,7.751667,-75.532667,251.0,121.42,228.05
URE.2023.286.20.48.26,URE,2023.286.20.48.26,earthquake,3128.0,4669.0,31.28,46.69,4,3,0.6999,0.4301,20.41,18.69,6.982999801635742,-76.2770004272461,19.49,2.6,7.751667,-75.532667,251.0,118.24,224.08
URE.2023.287.02.24.05,URE,2023.287.02.24.05,earthquake,11999.0,,119.99,,3,0,0.7703,0.0,17.84,,6.841000080108643,-76.1709976196289,19.49,2.0,7.751667,-75.532667,251.0,122.93,215.03
URE.2023.287.05.17.02,URE,2023.287.05.17.02,earthquake,3154.0,4628.0,31.54,46.28,3,4,0.5091,0.4596,4.14,12.43,6.989999771118164,-76.28099822998047,14.1,1.4,7.751667,-75.532667,251.0,117.99,224.49
URE.2023.287.08.55.13,URE,2023.287.08.55.13,earthquake,3187.0,4876.0,31.87,48.76,4,3,0.6981,0.605,2.15,6.24,6.843999862670898,-76.17500305175781,19.26,1.8,7.751667,-75.532667,251.0,122.91,215.29
URE.2023.288.23.44.35,URE,2023.288.23.44.35,earthquake,2920.0,4883.0,29.2,48.83,4,4,0.8296,0.5448,25.46,18.07,7.599999904632568,-74.14800262451172,9.63,2.9,7.751667,-75.532667,251.0,153.69,96.17
URE.2023.290.09.39.30,URE,2023.290.09.39.30,earthquake,3433.0,,34.33,,3,0,0.7819,0.0,10.78,,5.190999984741211,-74.73899841308594,28.57,2.6,7.751667,-75.532667,251.0,296.47,162.73
URE.2023.292.14.45.44,URE,2023.292.14.45.44,earthquake,,4995.0,,49.95,0,3,0.0,0.3562,-0.1,3.52,6.929999828338623,-76.35800170898438,12.7,1.6,7.751667,-75.532667,251.0,128.69,225.13
URE.2023.293.15.44.11,URE,2023.293.15.44.11,earthquake,3437.0,,34.37,,3,0,0.6774,0.0,11.05,,5.355999946594238,-76.66600036621094,31.45,3.1,7.751667,-75.532667,251.0,293.08,205.39
URE.2023.296.00.43.23,URE,2023.296.00.43.23,earthquake,3247,4731.0,32.47,47.31,3,3,0.6209,0.4443,9.57,17.42,7.004000186920166,-76.28800201416016,14.8,1.4,7.751667,-75.532667,251.0,117.44,225.29
URE.2023.296.00.48.34,URE,2023.296.00.48.34,earthquake,3148,4498.0,31.48,44.98,3,3,0.8607,0.4587,14.4,11.15,7.182000160217285,-76.20500183105469,19.02,1.6,7.751667,-75.532667,251.0,97.35,229.72
URE.2023.296.02.19.05,URE,2023.296.02.19.05,earthquake,3245,4855.0,32.45,48.55,3,4,0.7985,0.3881,5.43,10.24,6.923999786376953,-76.35800170898438,23.95,1.8,7.751667,-75.532667,251.0,129.16,224.93
URE.2023.296.16.15.53,URE,2023.296.16.15.53,earthquake,3213,,32.13,,3,0,0.6532,0.0,7.13,,6.922999858856201,-76.35900115966797,21.95,2.2,7.751667,-75.532667,251.0,129.32,224.93
URE.2023.296.19.44.45,URE,2023.296.19.44.45,earthquake,3160,4621.0,31.6,46.21,3,3,0.7334,0.4018,7.19,16.63,6.9679999351501465,-76.23999786376953,15.98,1.7,7.751667,-75.532667,251.0,116.66,222.07
URE.2023.298.18.49.28,URE,2023.298.18.49.28,earthquake,3252,5019.0,32.52,50.19,3,3,0.8608,0.4926,26.92,11.39,6.9670000076293945,-76.38200378417969,14.63,3.2,7.751667,-75.532667,251.0,127.77,227.27
URE.2023.299.03.54.38,URE,2023.299.03.54.38,earthquake,3129,4866.0,31.29,48.66,3,3,0.7971,0.5884,16.83,18.81,6.966000080108643,-76.24199676513672,14.98,2.3,7.751667,-75.532667,251.0,116.97,222.08
URE.2023.299.15.29.36,URE,2023.299.15.29.36,earthquake,3259,4928.0,32.59,49.28,3,2,0.7268,0.1827,21.55,10.91,6.964000225067139,-76.23899841308594,16.04,2.1,7.751667,-75.532667,251.0,116.92,221.88
URE.2023.299.21.35.26,URE,2023.299.21.35.26,earthquake,3423,,34.23,,3,0,0.636,0.0,4.9,,7.107999801635742,-76.24600219726562,13.87,1.8,7.751667,-75.532667,251.0,106.15,227.93
URE.2023.299.22.44.50,URE,2023.299.22.44.50,earthquake,3252,,32.52,,3,0,0.6428,0.0,18.01,,7.0229997634887695,-76.25599670410156,17.62,1.7,7.751667,-75.532667,251.0,113.45,224.79
URE.2023.299.23.54.19,URE,2023.299.23.54.19,earthquake,3216,4853.0,32.16,48.53,3,4,0.7657,0.4157,5.68,17.23,6.9670000076293945,-76.25399780273438,14.98,1.8,7.751667,-75.532667,251.0,117.78,222.59
URE.2023.300.01.07.25,URE,2023.300.01.07.25,earthquake,3201,4839.0,32.01,48.39,3,4,0.6053,0.4353,0.03,17.89,6.958000183105469,-76.25700378417969,9.82,1.9,7.751667,-75.532667,251.0,118.74,222.38
URE.2023.300.01.11.55,URE,2023.300.01.11.55,earthquake,3195,4807.0,31.95,48.07,3,4,0.6164,0.4511,6.88,12.38,6.960000038146973,-76.26300048828125,13.11,1.7,7.751667,-75.532667,251.0,119.03,222.69
URE.2023.300.01.45.07,URE,2023.300.01.45.07,earthquake,3167,4825.0,31.67,48.25,3,4,0.6982,0.4018,10.15,14.07,6.955999851226807,-76.2509994506836,13.63,1.6,7.751667,-75.532667,251.0,118.46,222.08
URE.2023.300.10.24.01,URE,2023.300.10.24.01,earthquake,3221,5080.0,32.21,50.8,3,3,0.809,0.4937,11.65,0.37,6.9079999923706055,-76.37799835205078,14.22,2.0,7.751667,-75.532667,251.0,131.97,225.07
URE.2023.300.13.15.20,URE,2023.300.13.15.20,earthquake,8510,,85.1,,3,0,0.6927,0.0,3.56,-2.21,6.823999881744385,-76.20899963378906,6.6,1.8,7.751667,-75.532667,251.0,126.9,216.1
URE.2023.300.17.18.00,URE,2023.300.17.18.00,earthquake,3215,4714.0,32.15,47.14,3,2,0.7189,0.5709,16.86,15.95,7.0,-76.23799896240234,17.62,2.2,7.751667,-75.532667,251.0,113.9,223.18
URE.2023.300.21.22.01,URE,2023.300.21.22.01,earthquake,2932,5178.0,29.32,51.78,3,3,0.7703,0.4547,28.92,19.05,6.498000144958496,-76.5790023803711,2.46,3.5,7.751667,-75.532667,251.0,180.5,219.88
URE.2023.301.14.57.25,URE,2023.301.14.57.25,earthquake,3250,4916.0,32.5,49.16,3,3,0.7815,0.5389,15.98,9.72,6.916999816894531,-76.35099792480469,22.13,2.8,7.751667,-75.532667,251.0,129.17,224.44
URE.2023.303.18.33.41,URE,2023.303.18.33.41,earthquake,7260,8774.0,72.6,87.74,3,2,0.7093,0.3107,16.64,16.67,5.309000015258789,-76.73799896240234,37.07,2.0,7.751667,-75.532667,251.0,301.23,206.34
URE.2023.303.18.34.20,URE,2023.303.18.34.20,earthquake,3305,4801.0,33.05,48.01,3,3,0.705,0.4529,16.66,16.88,6.985000133514404,-76.27400207519531,21.43,2.5,7.751667,-75.532667,251.0,117.85,224.04
URE.2023.303.22.15.57,URE,2023.303.22.15.57,earthquake,3238,4742.0,32.38,47.42,3,3,0.8004,0.4847,25.8,20.7,6.980000019073486,-76.2750015258789,21.43,3.4,7.751667,-75.532667,251.0,118.32,223.89
URE.2023.304.04.18.20,URE,2023.304.04.18.20,earthquake,12914,,129.14,,3,0,0.8208,0.0,19.44,,7.017000198364258,-76.28299713134766,19.73,1.6,7.751667,-75.532667,251.0,116.03,225.6
URE.2023.304.07.35.05,URE,2023.304.07.35.05,earthquake,3224,4775.0,32.24,47.75,3,4,0.6569,0.5175,7.97,13.4,7.026000022888184,-76.31099700927734,17.62,1.8,7.751667,-75.532667,251.0,117.58,227.01
URE.2023.305.03.41.25,URE,2023.305.03.41.25,earthquake,3235,5236.0,32.35,52.36,3,3,0.8027,0.5466,2.54,12.98,6.763000011444092,-76.63099670410156,28.63,2.2,7.751667,-75.532667,251.0,163.3,228.04
URE.2023.305.23.22.55,URE,2023.305.23.22.55,earthquake,2968,4679.0,29.68,46.79,3,2,0.5507,0.7292,9.21,12.32,6.9770002365112305,-76.22100067138672,18.09,1.3,7.751667,-75.532667,251.0,114.52,221.62
URE.2023.306.00.07.36,URE,2023.306.00.07.36,earthquake,3268,4906.0,32.68,49.06,3,2,0.5702,0.3345,6.55,14.03,6.854000091552734,-76.28900146484375,20.43,1.8,7.751667,-75.532667,251.0,129.73,220.12
URE.2023.306.13.52.46,URE,2023.306.13.52.46,earthquake,3200,4835.0,32.0,48.35,3,2,0.7549,0.4223,5.52,8.71,6.88100004196167,-76.3030014038086,23.36,1.6,7.751667,-75.532667,251.0,128.48,221.51
URE.2023.307.09.18.30,URE,2023.307.09.18.30,earthquake,3121,3864.0,31.21,38.64,4,4,0.8929,0.7499,14.06,8.43,7.326000213623047,-75.63400268554688,32.62,1.5,7.751667,-75.532667,251.0,48.39,193.37
URE.2023.310.05.05.42,URE,2023.310.05.05.42,earthquake,3284,5289.0,32.84,52.89,3,3,0.8564,0.4649,17.46,7.16,6.815999984741211,-76.63099670410156,22.3,2.1,7.751667,-75.532667,251.0,159.43,229.6
URE.2023.311.01.54.03,URE,2023.311.01.54.03,earthquake,3266,5177.0,32.66,51.77,3,3,0.8913,0.5383,11.39,9.41,7.026000022888184,-76.69100189208984,29.57,2.3,7.751667,-75.532667,251.0,150.98,237.96
URE.2023.311.02.11.31,URE,2023.311.02.11.31,earthquake,3127,4703.0,31.27,47.03,3,3,0.8844,0.4188,13.14,16.84,7.047999858856201,-76.2979965209961,15.1,2.3,7.751667,-75.532667,251.0,114.87,227.4
URE.2023.311.02.45.30,URE,2023.311.02.45.30,earthquake,2788,4346.0,27.88,43.46,3,4,0.8147,0.3741,37.55,17.88,6.953000068664551,-76.24099731445312,2.44,3.7,7.751667,-75.532667,251.0,117.97,221.57
URE.2023.311.03.01.29,URE,2023.311.03.01.29,earthquake,3227,4712.0,32.27,47.12,4,2,0.705,0.5542,4.67,14.61,6.998000144958496,-76.28099822998047,19.49,1.6,7.751667,-75.532667,251.0,117.36,224.8
URE.2023.311.03.04.20,URE,2023.311.03.04.20,earthquake,3247,4799.0,32.47,47.99,3,4,0.868,0.5155,22.8,13.89,7.010000228881836,-76.27300262451172,19.55,2.1,7.751667,-75.532667,251.0,115.79,224.95
URE.2023.311.03.04.32,URE,2023.311.03.04.32,earthquake,2010,3563.0,20.1,35.63,4,4,0.6902,0.5197,22.84,12.02,7.019000053405762,-76.28800201416016,15.51,2.4,7.751667,-75.532667,251.0,116.27,225.87
URE.2023.311.03.05.51,URE,2023.311.03.05.51,earthquake,3128,12901.0,31.28,129.01,3,3,0.6832,0.5943,5.3,10.96,6.998000144958496,-76.31099700927734,15.98,1.7,7.751667,-75.532667,251.0,119.71,225.92
URE.2023.311.03.51.58,URE,2023.311.03.51.58,earthquake,3185,4703.0,31.85,47.03,3,2,0.9347,0.7978,9.8,13.87,7.004000186920166,-76.26499938964844,19.79,2.0,7.751667,-75.532667,251.0,115.65,224.41
URE.2023.311.04.20.00,URE,2023.311.04.20.00,earthquake,3228,4720.0,32.28,47.2,3,3,0.568,0.5595,2.81,4.59,6.979000091552734,-76.29000091552734,19.73,1.6,7.751667,-75.532667,251.0,119.55,224.43
URE.2023.311.13.03.46,URE,2023.311.13.03.46,earthquake,3297,5144.0,32.97,51.44,3,2,0.8185,0.3026,9.32,5.7,6.9710001945495605,-76.61699676513672,23.71,2.6,7.751667,-75.532667,251.0,147.6,234.27
URE.2023.311.15.25.46,URE,2023.311.15.25.46,earthquake,3176,4699.0,31.76,46.99,3,4,0.8534,0.4536,8.47,7.82,6.9730000495910645,-76.23600006103516,15.74,1.6,7.751667,-75.532667,251.0,115.96,222.09
URE.2023.312.04.50.03,URE,2023.312.04.50.03,earthquake,2921,5832.0,29.21,58.32,3,3,0.9052,0.4101,27.92,11.75,7.676000118255615,-73.35199737548828,0.0,3.2,7.751667,-75.532667,251.0,240.71,91.85
URE.2023.312.05.04.41,URE,2023.312.05.04.41,earthquake,1294,4750.0,12.94,47.5,3,3,0.6957,0.4557,8.93,18.63,6.980999946594238,-76.2699966430664,17.85,1.7,7.751667,-75.532667,251.0,117.86,223.73
URE.2023.312.09.18.06,URE,2023.312.09.18.06,earthquake,2953,4979.0,29.53,49.79,3,3,0.6273,0.4102,13.41,18.99,7.433000087738037,-74.08000183105469,25.73,2.6,7.751667,-75.532667,251.0,164.13,102.3
URE.2023.313.15.15.47,URE,2023.313.15.15.47,earthquake,3247,,32.47,,3,0,0.8658,0.0,11.56,,6.806000232696533,-76.33399963378906,25.47,2.0,7.751667,-75.532667,251.0,137.0,220.29
URE.2023.313.18.22.49,URE,2023.313.18.22.49,earthquake,3260,4802.0,32.6,48.02,3,3,0.7503,0.6159,23.64,14.13,7.020999908447266,-76.28099822998047,21.07,2.6,7.751667,-75.532667,251.0,115.56,225.68
URE.2023.314.11.06.12,URE,2023.314.11.06.12,earthquake,3232,,32.32,,3,0,0.8025,0.0,4.37,,7.026000022888184,-76.16100311279297,9.88,1.5,7.751667,-75.532667,251.0,106.08,220.88
URE.2023.314.18.31.59,URE,2023.314.18.31.59,earthquake,3178,4706.0,31.78,47.06,3,4,0.8136,0.3232,3.9,8.21,6.9730000495910645,-76.20800018310547,15.27,1.5,7.751667,-75.532667,251.0,113.91,220.93
URE.2023.315.01.28.37,URE,2023.315.01.28.37,earthquake,3253,4794.0,32.53,47.94,3,3,0.8484,0.5831,19.2,16.36,7.002999782562256,-76.27400207519531,15.86,1.4,7.751667,-75.532667,251.0,116.42,224.72
URE.2023.315.08.05.37,URE,2023.315.08.05.37,earthquake,3194,4708.0,31.94,47.08,3,2,0.7232,0.6505,3.25,12.85,6.9710001945495605,-76.28700256347656,10.12,1.8,7.751667,-75.532667,251.0,119.96,224.02
URE.2023.316.11.50.19,URE,2023.316.11.50.19,earthquake,3189,,31.89,,3,0,0.7132,0.0,1.59,,6.798999786376953,-76.68199920654297,21.6,1.7,7.751667,-75.532667,251.0,164.95,230.38
URE.2023.317.09.46.14,URE,2023.317.09.46.14,earthquake,3241,4528.0,32.41,45.28,4,4,0.8259,0.5275,14.56,15.19,7.294000148773193,-76.2979965209961,24.88,1.5,7.751667,-75.532667,251.0,98.47,239.12
URE.2023.318.08.16.29,URE,2023.318.08.16.29,earthquake,3286,4824.0,32.86,48.24,3,3,0.774,0.5488,7.07,15.59,6.99399995803833,-76.26200103759766,21.66,2.6,7.751667,-75.532667,251.0,116.21,223.91
URE.2023.318.15.14.39,URE,2023.318.15.14.39,earthquake,3311,5133.0,33.11,51.33,3,3,0.4428,0.3065,6.15,1.43,6.966000080108643,-76.37699890136719,13.63,1.8,7.751667,-75.532667,251.0,127.44,227.07
URE.2023.318.18.48.46,URE,2023.318.18.48.46,earthquake,3383,5521.0,33.83,55.21,3,3,0.4796,0.4522,8.46,5.11,6.514999866485596,-76.625,19.02,2.2,7.751667,-75.532667,251.0,182.38,221.49
URE.2023.318.19.04.49,URE,2023.318.19.04.49,earthquake,3308,4825.0,33.08,48.25,3,3,0.6445,0.5882,9.18,7.03,7.0320000648498535,-76.2750015258789,17.38,1.2,7.751667,-75.532667,251.0,114.24,225.89
URE.2023.318.21.20.50,URE,2023.318.21.20.50,earthquake,3088,6019.0,30.88,60.19,3,2,0.8506,0.6544,13.0,10.9,7.236999988555908,-73.32599639892578,34.34,2.8,7.751667,-75.532667,251.0,250.12,103.01
URE.2023.318.22.08.42,URE,2023.318.22.08.42,earthquake,9077,,90.77,,3,0,0.7828,0.0,5.36,,7.006999969482422,-76.26200103759766,19.02,1.7,7.751667,-75.532667,251.0,115.18,224.4
URE.2023.318.22.27.02,URE,2023.318.22.27.02,earthquake,12951,,129.51,,3,0,0.7204,0.0,11.35,,5.7769999504089355,-76.33300018310547,12.93,1.5,7.751667,-75.532667,251.0,235.62,202.1
URE.2023.318.22.40.28,URE,2023.318.22.40.28,earthquake,3164,4685.0,31.64,46.85,4,2,0.7175,0.153,9.64,5.91,6.985000133514404,-76.25800323486328,9.12,1.8,7.751667,-75.532667,251.0,116.63,223.41
URE.2023.319.17.23.40,URE,2023.319.17.23.40,earthquake,3207,4709.0,32.07,47.09,3,4,0.8281,0.5121,12.34,14.64,7.010000228881836,-76.25900268554688,19.08,2.3,7.751667,-75.532667,251.0,114.71,224.4
URE.2023.321.09.48.10,URE,2023.321.09.48.10,earthquake,3232,4756.0,32.32,47.56,3,2,0.8184,0.3869,5.4,1.45,6.985000133514404,-76.27100372314453,22.95,3.0,7.751667,-75.532667,251.0,117.62,223.92
URE.2023.321.10.38.24,URE,2023.321.10.38.24,earthquake,3266,4810.0,32.66,48.1,4,3,0.7188,0.6142,21.23,16.67,7.004000186920166,-76.25900268554688,20.84,2.7,7.751667,-75.532667,251.0,115.18,224.17
URE.2023.321.11.08.23,URE,2023.321.11.08.23,earthquake,3237,4739.0,32.37,47.39,3,4,0.8226,0.4845,6.64,5.53,6.986999988555908,-76.20999908447266,16.45,1.5,7.751667,-75.532667,251.0,112.89,221.53
URE.2023.321.13.25.13,URE,2023.321.13.25.13,earthquake,3162,4678.0,31.62,46.78,3,4,0.8929,0.4478,10.21,10.16,6.992000102996826,-76.28500366210938,17.38,1.6,7.751667,-75.532667,251.0,118.14,224.72
URE.2023.322.05.40.10,URE,2023.322.05.40.10,earthquake,3171,4758.0,31.71,47.58,3,4,0.8399,0.4735,37.62,14.31,7.007999897003174,-76.25,20.96,3.2,7.751667,-75.532667,251.0,114.18,223.97
URE.2023.322.10.50.41,URE,2023.322.10.50.41,earthquake,3233,4758.0,32.33,47.58,3,3,0.7058,0.5962,14.17,14.64,6.999000072479248,-76.28299713134766,18.14,2.1,7.751667,-75.532667,251.0,117.44,224.91
URE.2023.322.13.14.36,URE,2023.322.13.14.36,earthquake,3155,4672.0,31.55,46.72,3,2,0.87,0.6535,4.76,11.31,6.9770002365112305,-76.1969985961914,27.23,1.6,7.751667,-75.532667,251.0,112.78,220.61
URE.2023.322.16.19.55,URE,2023.322.16.19.55,earthquake,3177,4819.0,31.77,48.19,3,3,0.8208,0.5455,9.88,3.45,6.89900016784668,-76.28500366210938,20.43,1.3,7.751667,-75.532667,251.0,125.67,221.43
URE.2023.323.06.14.19,URE,2023.323.06.14.19,earthquake,3295,4806.0,32.95,48.06,3,4,0.8373,0.5152,8.94,8.26,6.998000144958496,-76.30699920654297,21.37,1.5,7.751667,-75.532667,251.0,119.4,225.78
URE.2023.324.01.14.25,URE,2023.324.01.14.25,earthquake,3083,4784.0,30.83,47.84,4,3,0.6527,0.4624,24.12,17.04,6.864999771118164,-76.18699645996094,19.2,2.9,7.751667,-75.532667,251.0,121.8,216.43
URE.2023.325.00.29.12,URE,2023.325.00.29.12,earthquake,3084,,30.84,,3,0,0.6406,0.0,7.88,,6.675000190734863,-74.45899963378906,17.85,2.1,7.751667,-75.532667,251.0,168.04,135.05
URE.2023.325.08.21.39,URE,2023.325.08.21.39,earthquake,3233,4711.0,32.33,47.11,3,4,0.7034,0.4908,0.36,10.48,6.992000102996826,-76.29399871826172,17.15,1.5,7.751667,-75.532667,251.0,118.84,225.06
URE.2023.325.09.29.32,URE,2023.325.09.29.32,earthquake,3083,,30.83,,3,0,0.6821,0.0,2.1,,6.9070000648498535,-75.96399688720703,17.62,1.5,7.751667,-75.532667,251.0,104.85,207.04
URE.2023.326.01.05.48,URE,2023.326.01.05.48,earthquake,2795,3656.0,27.95,36.56,4,4,0.7977,0.4206,18.4,14.34,7.260000228881836,-75.75199890136719,21.83,1.7,7.751667,-75.532667,251.0,59.52,204.01
URE.2023.326.19.19.19,URE,2023.326.19.19.19,earthquake,3072,4730.0,30.72,47.3,3,4,0.891,0.4156,8.64,5.44,6.8429999351501465,-76.14099884033203,0.09,1.6,7.751667,-75.532667,251.0,120.88,213.8
URE.2023.328.06.52.07,URE,2023.328.06.52.07,earthquake,3162,4650.0,31.62,46.5,3,3,0.8707,0.3709,12.78,7.67,6.995999813079834,-76.26799774169922,26.76,1.3,7.751667,-75.532667,251.0,116.51,224.22
URE.2023.329.16.54.48,URE,2023.329.16.54.48,earthquake,3177,4893.0,31.77,48.93,3,3,0.7806,0.3698,10.95,7.31,6.926000118255615,-76.26399993896484,14.1,1.8,7.751667,-75.532667,251.0,121.89,221.53
URE.2023.330.12.08.42,URE,2023.330.12.08.42,earthquake,2910,,29.1,,3,0,0.8122,0.0,19.34,,7.159999847412109,-77.15799713134766,14.34,3.6,7.751667,-75.532667,251.0,190.97,250.07
URE.2023.330.20.45.24,URE,2023.330.20.45.24,earthquake,3070,4334.0,30.7,43.34,3,2,0.8711,0.3845,14.54,11.53,7.229000091552734,-76.04499816894531,9.18,1.6,7.751667,-75.532667,251.0,80.86,224.41
URE.2023.331.01.01.31,URE,2023.331.01.01.31,earthquake,3247,5064.0,32.47,50.64,3,2,0.7757,0.4581,24.09,13.89,6.9710001945495605,-76.25199890136719,11.0,1.7,7.751667,-75.532667,251.0,117.31,222.66
URE.2023.331.03.11.18,URE,2023.331.03.11.18,earthquake,3215,4876.0,32.15,48.76,3,3,0.8261,0.5307,6.57,12.35,6.936999797821045,-76.25700378417969,7.3,1.4,7.751667,-75.532667,251.0,120.47,221.64
URE.2023.331.10.48.39,URE,2023.331.10.48.39,earthquake,3248,4749.0,32.48,47.49,3,3,0.8077,0.5774,18.6,16.33,7.0,-76.22000122070312,17.32,1.8,7.751667,-75.532667,251.0,112.56,222.44
URE.2023.331.23.20.51,URE,2023.331.23.20.51,earthquake,3163,4108.0,31.63,41.08,3,4,0.9645,0.6546,17.46,11.0,7.1579999923706055,-75.66000366210938,34.79,2.3,7.751667,-75.532667,251.0,67.14,192.09
URE.2023.332.19.11.03,URE,2023.332.19.11.03,earthquake,3235.0,4772.0,32.35,47.72,4,3,0.7775,0.553,22.27,13.14,6.998000144958496,-76.2249984741211,18.61,2.4,7.751667,-75.532667,251.0,113.09,222.57
URE.2023.333.11.35.08,URE,2023.333.11.35.08,earthquake,10997.0,,109.97,,4,0,0.6999,0.0,17.24,,6.863999843597412,-76.28800201416016,19.55,3.3,7.751667,-75.532667,251.0,128.82,220.4
URE.2023.333.11.36.28,URE,2023.333.11.36.28,earthquake,2964.0,,29.64,,3,0,0.8153,0.0,17.27,,6.854000091552734,-76.29000091552734,0.15,3.0,7.751667,-75.532667,251.0,129.8,220.16
URE.2023.333.11.48.31,URE,2023.333.11.48.31,earthquake,3237.0,4785.0,32.37,47.85,3,2,0.7695,0.4984,1.54,13.56,6.86899995803833,-76.28500366210938,19.26,1.8,7.751667,-75.532667,251.0,128.18,220.45
URE.2023.333.12.04.13,URE,2023.333.12.04.13,earthquake,3258.0,4889.0,32.58,48.89,3,3,0.875,0.5087,35.29,15.9,6.861000061035156,-76.26899719238281,21.54,3.5,7.751667,-75.532667,251.0,127.72,219.59
URE.2023.333.14.15.10,URE,2023.333.14.15.10,earthquake,3250.0,4844.0,32.5,48.44,3,3,0.8535,0.436,4.66,7.29,6.860000133514404,-76.27999877929688,20.66,2.1,7.751667,-75.532667,251.0,128.58,219.97
URE.2023.333.14.16.58,URE,2023.333.14.16.58,earthquake,3294.0,,32.94,,3,0,0.7587,0.0,5.9,,6.876999855041504,-76.28500366210938,20.9,1.7,7.751667,-75.532667,251.0,127.51,220.7
URE.2023.333.14.19.12,URE,2023.333.14.19.12,earthquake,3225.0,4804.0,32.25,48.04,3,2,0.8762,0.5624,2.15,14.21,6.854000091552734,-76.28399658203125,17.56,2.0,7.751667,-75.532667,251.0,129.38,219.93
URE.2023.333.21.38.58,URE,2023.333.21.38.58,earthquake,3182.0,5057.0,31.82,50.57,3,4,0.798,0.5302,5.24,10.29,6.951000213623047,-76.64900207519531,15.04,1.8,7.751667,-75.532667,251.0,151.76,234.38
URE.2023.334.13.42.24,URE,2023.334.13.42.24,earthquake,3167.0,4550.0,31.67,45.5,3,2,0.7968,0.696,15.73,10.23,7.189000129699707,-76.21399688720703,18.09,2.0,7.751667,-75.532667,251.0,97.61,230.44
URE.2023.335.00.17.25,URE,2023.335.00.17.25,earthquake,3168.0,4665.0,31.68,46.65,3,4,0.9154,0.5279,7.95,13.71,6.979000091552734,-76.26200103759766,17.62,1.5,7.751667,-75.532667,251.0,117.41,223.35
URE.2023.336.04.17.57,URE,2023.336.04.17.57,earthquake,,4679.0,,46.79,0,3,0.0,0.4432,-3.18,9.21,6.978000164031982,-76.26899719238281,16.33,1.5,7.751667,-75.532667,251.0,118.02,223.58
URE.2023.336.18.52.31,URE,2023.336.18.52.31,earthquake,,4693.0,,46.93,0,2,0.0,0.3295,-6.92,4.36,6.9770002365112305,-76.27899932861328,17.91,2.1,7.751667,-75.532667,251.0,118.87,223.93
URE.2023.337.03.46.31,URE,2023.337.03.46.31,earthquake,3190.0,4817.0,31.9,48.17,3,4,0.568,0.4888,5.03,12.85,6.828999996185303,-76.17500305175781,16.68,1.5,7.751667,-75.532667,251.0,124.27,214.85
URE.2023.338.12.32.48,URE,2023.338.12.32.48,earthquake,3346.0,5638.0,33.46,56.38,3,2,0.7756,0.5726,9.19,4.02,6.3520002365112305,-76.5250015258789,15.98,1.9,7.751667,-75.532667,251.0,189.68,215.37
URE.2023.338.17.50.11,URE,2023.338.17.50.11,earthquake,3371.0,,33.71,,3,0,0.5733,0.0,0.99,-4.54,7.048999786376953,-76.25199890136719,22.07,1.5,7.751667,-75.532667,251.0,111.11,225.67
URE.2023.338.18.40.14,URE,2023.338.18.40.14,earthquake,3173.0,4669.0,31.73,46.69,4,2,0.7205,0.6233,14.95,17.39,6.921999931335449,-76.18199920654297,8.95,1.5,7.751667,-75.532667,251.0,116.44,218.05
URE.2023.340.05.32.22,URE,2023.340.05.32.22,earthquake,3222.0,,32.22,,3,0,0.7546,0.0,9.79,,6.866000175476074,-76.29499816894531,19.32,1.8,7.751667,-75.532667,251.0,129.15,220.73
URE.2023.341.12.34.56,URE,2023.341.12.34.56,earthquake,3331.0,5321.0,33.31,53.21,3,4,0.8439,0.4692,8.84,14.38,6.692999839782715,-76.62000274658203,22.77,1.9,7.751667,-75.532667,251.0,167.72,225.8
URE.2023.342.08.52.23,URE,2023.342.08.52.23,earthquake,3593.0,6847.0,35.93,68.47,3,4,0.5861,0.3391,2.97,8.99,5.427000045776367,-76.14800262451172,22.6,2.6,7.751667,-75.532667,251.0,265.94,194.86
URE.2023.342.11.08.33,URE,2023.342.11.08.33,earthquake,3221.0,4767.0,32.21,47.67,3,3,0.7034,0.4801,1.41,9.11,6.99399995803833,-76.25900268554688,17.56,1.6,7.751667,-75.532667,251.0,115.98,223.79
URE.2023.342.13.24.53,URE,2023.342.13.24.53,earthquake,3250.0,5325.0,32.5,53.25,3,2,0.634,0.3229,10.13,9.25,6.745999813079834,-76.69100189208984,32.15,2.2,7.751667,-75.532667,251.0,169.51,229.07
URE.2023.342.15.25.38,URE,2023.342.15.25.38,earthquake,3225.0,4771.0,32.25,47.71,3,3,0.8925,0.5151,14.8,5.45,6.9120001792907715,-76.23400115966797,21.19,2.2,7.751667,-75.532667,251.0,120.91,219.87
URE.2023.343.01.50.16,URE,2023.343.01.50.16,earthquake,3179.0,,31.79,,4,0,0.777,0.0,7.97,,6.96999979019165,-76.2770004272461,19.32,2.0,7.751667,-75.532667,251.0,119.28,223.6
URE.2023.343.14.17.30,URE,2023.343.14.17.30,earthquake,3225.0,4771.0,32.25,47.71,3,4,0.7213,0.5424,5.99,13.68,6.9710001945495605,-76.24700164794922,10.18,1.7,7.751667,-75.532667,251.0,116.94,222.46
URE.2023.344.06.33.42,URE,2023.344.06.33.42,earthquake,3215.0,4902.0,32.15,49.02,3,3,0.5231,0.4541,9.1,17.2,6.873000144958496,-76.19499969482422,23.89,1.7,7.751667,-75.532667,251.0,121.62,217.01
URE.2023.344.08.09.43,URE,2023.344.08.09.43,earthquake,,4885.0,,48.85,0,3,0.0,0.4859,-3.17,15.41,6.855999946594238,-76.15799713134766,21.84,1.5,7.751667,-75.532667,251.0,120.75,214.92
URE.2023.345.16.31.23,URE,2023.345.16.31.23,earthquake,3161.0,4664.0,31.61,46.64,4,4,0.7783,0.4836,10.18,12.16,7.00600004196167,-76.2750015258789,17.09,1.8,7.751667,-75.532667,251.0,116.26,224.87
URE.2023.347.10.16.49,URE,2023.347.10.16.49,earthquake,3437.0,5582.0,34.37,55.82,3,2,0.8065,0.4677,0.33,11.24,6.739999771118164,-76.83200073242188,36.13,2.3,7.751667,-75.532667,251.0,181.95,232.14
URE.2023.347.14.26.51,URE,2023.347.14.26.51,earthquake,,5205.0,,52.05,0,3,0.0,0.5004,-0.4,2.34,7.285999774932861,-76.96900177001953,28.63,2.1,7.751667,-75.532667,251.0,166.68,252.1
URE.2023.348.20.18.48,URE,2023.348.20.18.48,earthquake,3273.0,4778.0,32.73,47.78,3,4,0.7776,0.4826,8.44,13.72,7.0289998054504395,-76.27400207519531,20.49,2.1,7.751667,-75.532667,251.0,114.39,225.73
URE.2023.349.08.09.38,URE,2023.349.08.09.38,earthquake,2899.0,,28.99,,3,0,0.676,0.0,7.38,,6.5289998054504395,-73.77200317382812,24.49,2.0,7.751667,-75.532667,251.0,236.87,124.7
URE.2023.349.23.52.22,URE,2023.349.23.52.22,earthquake,3187.0,4711.0,31.87,47.11,3,4,0.6775,0.4569,5.15,12.87,7.007999897003174,-76.27300262451172,17.79,1.8,7.751667,-75.532667,251.0,115.95,224.87
URE.2023.350.10.48.25,URE,2023.350.10.48.25,earthquake,3124.0,4699.0,31.24,46.99,4,2,0.6941,0.6101,10.21,15.19,7.0,-76.2959976196289,16.04,1.8,7.751667,-75.532667,251.0,118.37,225.44
URE.2023.352.11.48.55,URE,2023.352.11.48.55,earthquake,3280.0,,32.8,,3,0,0.5458,0.0,7.81,,7.004000186920166,-76.95600128173828,30.04,2.3,7.751667,-75.532667,251.0,177.57,242.34
URE.2023.352.20.10.20,URE,2023.352.20.10.20,earthquake,3234.0,,32.34,,3,0,0.7317,0.0,12.41,,6.913000106811523,-76.35099792480469,24.41,2.2,7.751667,-75.532667,251.0,129.49,224.3
URE.2023.353.11.59.48,URE,2023.353.11.59.48,earthquake,3153.0,4918,31.53,49.18,3,3,0.447,0.5979,9.66,17.19,6.880000114440918,-76.30599975585938,21.66,2.3,7.751667,-75.532667,251.0,128.78,221.58
URE.2023.354.01.22.03,URE,2023.354.01.22.03,earthquake,3212.0,4464,32.12,44.64,4,3,0.7031,0.5353,11.21,5.13,7.13100004196167,-76.18399810791016,22.77,1.9,7.751667,-75.532667,251.0,99.4,226.37
URE.2023.355.15.26.54,URE,2023.355.15.26.54,earthquake,3230.0,4762,32.3,47.62,3,3,0.8522,0.2426,5.43,9.48,6.947999954223633,-76.23200225830078,17.56,1.9,7.751667,-75.532667,251.0,117.73,221.03
URE.2023.355.19.52.00,URE,2023.355.19.52.00,earthquake,2573.0,4857,25.73,48.57,3,2,0.6011,0.5727,0.54,4.69,6.835000038146973,-76.322998046875,15.98,1.7,7.751667,-75.532667,251.0,133.77,220.78
URE.2023.356.08.30.28,URE,2023.356.08.30.28,earthquake,3195.0,4722,31.95,47.22,4,3,0.7602,0.6038,13.92,16.93,6.988999843597412,-76.25599670410156,16.74,1.9,7.751667,-75.532667,251.0,116.15,223.48
URE.2023.356.21.26.44,URE,2023.356.21.26.44,earthquake,3137.0,4639,31.37,46.39,3,2,0.8413,0.5551,7.42,15.74,6.964000225067139,-76.2229995727539,19.02,2.0,7.751667,-75.532667,251.0,115.75,221.23
URE.2023.357.13.17.05,URE,2023.357.13.17.05,earthquake,3127.0,4757,31.27,47.57,4,3,0.6812,0.5015,8.41,7.5,7.1570000648498535,-76.48400115966797,19.02,1.6,7.751667,-75.532667,251.0,123.91,238.0
URE.2023.358.02.39.00,URE,2023.358.02.39.00,earthquake,3136.0,4473,31.36,44.73,3,4,0.8777,0.4645,3.76,0.41,7.111999988555908,-76.25599670410156,15.98,1.5,7.751667,-75.532667,251.0,106.68,228.51
URE.2023.358.18.15.41,URE,2023.358.18.15.41,earthquake,3184.0,4637,31.84,46.37,3,3,0.8739,0.4403,5.97,8.47,6.978000164031982,-76.27200317382812,16.04,1.5,7.751667,-75.532667,251.0,118.25,223.7
URE.2023.359.02.13.13,URE,2023.359.02.13.13,earthquake,3344.0,4905,33.44,49.05,4,4,0.7765,0.485,10.65,16.67,6.886000156402588,-76.20899963378906,24.59,1.8,7.751667,-75.532667,251.0,121.42,218.0
URE.2023.359.13.25.58,URE,2023.359.13.25.58,earthquake,3167.0,4770,31.67,47.7,4,4,0.7669,0.5154,3.26,14.55,6.848999977111816,-76.17500305175781,16.74,1.8,7.751667,-75.532667,251.0,122.46,215.44
URE.2023.359.17.04.44,URE,2023.359.17.04.44,earthquake,3285.0,4728,32.85,47.28,4,3,0.7376,0.5294,8.79,14.96,7.059000015258789,-76.27799987792969,21.78,1.9,7.751667,-75.532667,251.0,112.42,227.1
URE.2023.359.20.04.56,URE,2023.359.20.04.56,earthquake,2832.0,4311,28.32,43.11,4,3,0.7766,0.4691,9.28,9.61,6.921999931335449,-76.28399658203125,1.64,1.7,7.751667,-75.532667,251.0,123.7,222.17
URE.2023.360.08.10.02,URE,2023.360.08.10.02,earthquake,,4713,,47.13,0,2,0.0,0.571,-0.14,6.35,6.951000213623047,-76.26599884033203,23.65,1.5,7.751667,-75.532667,251.0,119.98,222.49
URE.2023.360.14.00.26,URE,2023.360.14.00.26,earthquake,3350.0,5771,33.5,57.71,3,2,0.8962,0.4705,19.28,6.26,6.202000141143799,-76.51499938964844,26.52,2.6,7.751667,-75.532667,251.0,202.86,212.41
URE.2023.361.07.04.14,URE,2023.361.07.04.14,earthquake,3444.0,3469,34.44,34.69,3,2,0.6069,0.3662,7.0,14.81,5.4679999351501465,-75.45600128173828,12.99,2.8,7.751667,-75.532667,251.0,252.69,178.07
URE.2023.361.09.01.50,URE,2023.361.09.01.50,earthquake,,4509,,45.09,0,4,0.0,0.4241,-0.17,11.82,7.3420000076293945,-76.33999633789062,21.95,1.6,7.751667,-75.532667,251.0,99.96,243.1
URE.2023.361.16.33.54,URE,2023.361.16.33.54,earthquake,3183,4878.0,31.83,48.78,3,3,0.8831,0.4994,9.77,4.83,7.02400016784668,-76.42400360107422,15.39,2.2,7.751667,-75.532667,251.0,127.12,230.78
URE.2023.365.10.13.38,URE,2023.365.10.13.38,earthquake,3342,5294.0,33.42,52.94,3,4,0.5561,0.4141,1.72,11.65,6.745999813079834,-76.70800018310547,30.51,1.8,7.751667,-75.532667,251.0,170.93,229.48
URE.2023.365.19.13.08,URE,2023.365.19.13.08,earthquake,3305,4888.0,33.05,48.88,3,4,0.6929,0.3402,6.62,5.89,7.245999813079834,-76.4739990234375,11.99,2.0,7.751667,-75.532667,251.0,117.99,241.77
URE.2024.002.02.31.33,URE,2024.002.02.31.33,earthquake,3354,,33.54,,3,0,0.5974,0.0,0.9,,6.501999855041504,-76.73500061035156,27.34,1.5,7.751667,-75.532667,251.0,191.67,223.94
URE.2024.002.02.34.59,URE,2024.002.02.34.59,earthquake,3128,4636.0,31.28,46.36,4,3,0.7587,0.4362,3.12,5.69,6.9770002365112305,-76.26200103759766,15.98,1.5,7.751667,-75.532667,251.0,117.57,223.27
URE.2024.002.09.40.59,URE,2024.002.09.40.59,earthquake,3345,,33.45,,3,0,0.8008,0.0,4.29,,6.519000053405762,-76.73500061035156,42.34,2.6,7.751667,-75.532667,251.0,190.32,224.33
URE.2024.002.14.28.40,URE,2024.002.14.28.40,earthquake,3281,5057.0,32.81,50.57,3,2,0.621,0.3644,9.3,9.59,6.802999973297119,-76.71199798583984,29.34,2.2,7.751667,-75.532667,251.0,167.23,231.22
URE.2024.002.19.58.53,URE,2024.002.19.58.53,earthquake,3053,3729.0,30.53,37.29,4,4,0.9074,0.8045,26.14,15.37,7.294000148773193,-75.36100006103516,16.21,2.5,7.751667,-75.532667,251.0,54.04,159.47
URE.2024.004.20.53.24,URE,2024.004.20.53.24,earthquake,3260,4762.0,32.6,47.62,4,3,0.7915,0.5537,13.34,9.34,7.01200008392334,-76.26699829101562,18.26,1.9,7.751667,-75.532667,251.0,115.17,224.79
URE.2024.004.20.56.51,URE,2024.004.20.56.51,earthquake,3268,,32.68,,3,0,0.626,0.0,9.76,,7.0229997634887695,-76.86399841308594,21.37,2.1,7.751667,-75.532667,251.0,167.62,241.35
URE.2024.006.02.14.35,URE,2024.006.02.14.35,earthquake,2931,5467.0,29.31,54.67,3,3,0.8905,0.4011,21.34,6.5,7.3520002365112305,-73.5790023803711,19.55,2.8,7.751667,-75.532667,251.0,220.09,101.46
URE.2024.006.15.15.49,URE,2024.006.15.15.49,earthquake,3237,4833.0,32.37,48.33,3,3,0.6515,0.5679,2.45,5.55,6.910999774932861,-76.20099639892578,21.6,1.5,7.751667,-75.532667,251.0,118.7,218.48
URE.2024.006.18.43.05,URE,2024.006.18.43.05,earthquake,3237,4843.0,32.37,48.43,4,3,0.7663,0.635,16.25,21.1,6.875999927520752,-76.16100311279297,21.48,1.8,7.751667,-75.532667,251.0,119.13,215.66
URE.2024.007.01.19.38,URE,2024.007.01.19.38,earthquake,3136,4929.0,31.36,49.29,3,4,0.894,0.4455,3.57,4.81,7.105999946594238,-76.60800170898438,14.57,1.7,7.751667,-75.532667,251.0,138.53,239.04
URE.2024.007.02.11.07,URE,2024.007.02.11.07,earthquake,3357,,33.57,,3,0,0.7974,0.0,4.99,,7.179999828338623,-76.76000213623047,27.93,1.8,7.751667,-75.532667,251.0,149.5,245.06
URE.2024.007.03.46.05,URE,2024.007.03.46.05,earthquake,3178,4770.0,31.78,47.7,3,4,0.5891,0.5766,3.28,16.94,6.855999946594238,-76.16000366210938,19.02,1.4,7.751667,-75.532667,251.0,120.87,215.01
URE.2024.007.03.55.48,URE,2024.007.03.55.48,earthquake,3255,5236.0,32.55,52.36,3,2,0.8557,0.3368,11.59,6.78,6.90500020980835,-76.6449966430664,15.98,2.0,7.751667,-75.532667,251.0,154.44,232.75
URE.2024.007.04.00.42,URE,2024.007.04.00.42,earthquake,3164,4682.0,31.64,46.82,3,2,0.861,0.5906,23.0,17.72,7.025000095367432,-76.2699966430664,18.96,2.3,7.751667,-75.532667,251.0,114.39,225.42
URE.2024.007.08.14.34,URE,2024.007.08.14.34,earthquake,3251,4951.0,32.51,49.51,3,3,0.8846,0.5797,33.73,17.72,6.861000061035156,-76.16100311279297,22.01,3.2,7.751667,-75.532667,251.0,120.48,215.2
URE.2024.007.08.20.15,URE,2024.007.08.20.15,earthquake,3258,4983.0,32.58,49.83,3,3,0.8326,0.4163,40.76,21.82,6.868000030517578,-76.16799926757812,22.71,3.9,7.751667,-75.532667,251.0,120.3,215.71
URE.2024.007.08.22.22,URE,2024.007.08.22.22,earthquake,5236,9684.0,52.36,96.84,3,3,0.6358,0.4466,2.29,5.2,6.833000183105469,-76.2239990234375,19.02,1.9,7.751667,-75.532667,251.0,127.08,216.97
URE.2024.007.08.23.10,URE,2024.007.08.23.10,earthquake,10963,,109.63,,3,0,0.7926,0.0,0.93,,6.875,-76.16000366210938,22.07,1.8,7.751667,-75.532667,251.0,119.16,215.59
URE.2024.007.08.24.27,URE,2024.007.08.24.27,earthquake,3260,4885.0,32.6,48.85,3,3,0.7257,0.5845,1.0,20.94,6.86899995803833,-76.15799713134766,22.07,1.7,7.751667,-75.532667,251.0,119.57,215.31
URE.2024.007.08.31.01,URE,2024.007.08.31.01,earthquake,3231,4832.0,32.31,48.32,4,3,0.7041,0.6346,2.85,10.82,6.848999977111816,-76.16300201416016,17.97,1.6,7.751667,-75.532667,251.0,121.7,214.93
URE.2024.007.08.45.36,URE,2024.007.08.45.36,earthquake,3241,4842.0,32.41,48.42,3,4,0.5467,0.4808,2.93,13.53,6.867000102996826,-76.16000366210938,19.96,1.6,7.751667,-75.532667,251.0,119.88,215.34
URE.2024.007.09.38.36,URE,2024.007.09.38.36,earthquake,3308,4941.0,33.08,49.41,3,3,0.7026,0.5455,15.77,23.41,6.875999927520752,-76.15899658203125,23.07,2.1,7.751667,-75.532667,251.0,119.0,215.57
URE.2024.007.10.47.48,URE,2024.007.10.47.48,earthquake,3314,4920.0,33.14,49.2,4,2,0.8091,0.5507,14.32,18.73,6.866000175476074,-76.16400146484375,22.01,2.2,7.751667,-75.532667,251.0,120.22,215.48
URE.2024.007.15.29.46,URE,2024.007.15.29.46,earthquake,3269,4909.0,32.69,49.09,3,3,0.9079,0.5061,8.15,20.74,6.873000144958496,-76.16400146484375,21.54,1.9,7.751667,-75.532667,251.0,119.59,215.7
URE.2024.008.16.27.00,URE,2024.008.16.27.00,earthquake,3199,4792.0,31.99,47.92,3,2,0.7215,0.4773,1.51,8.27,6.860000133514404,-76.29100036621094,19.96,2.0,7.751667,-75.532667,251.0,129.37,220.39
URE.2024.008.16.36.26,URE,2024.008.16.36.26,earthquake,3218,,32.18,,3,0,0.7324,0.0,0.96,-2.06,7.025000095367432,-76.3270034790039,12.64,1.5,7.751667,-75.532667,251.0,118.95,227.55
URE.2024.008.19.16.50,URE,2024.008.19.16.50,earthquake,3356,,33.56,,3,0,0.8297,0.0,9.74,,6.992000102996826,-76.81700134277344,33.32,2.1,7.751667,-75.532667,251.0,164.82,239.44
URE.2024.008.23.02.36,URE,2024.008.23.02.36,earthquake,3341,4930.0,33.41,49.3,4,2,0.7333,0.5482,7.58,14.59,6.885000228881836,-76.15699768066406,22.01,1.8,7.751667,-75.532667,251.0,118.06,215.77
URE.2024.009.07.38.01,URE,2024.009.07.38.01,earthquake,3254,4873.0,32.54,48.73,4,3,0.6808,0.5935,4.54,22.95,6.849999904632568,-76.1500015258789,21.37,1.5,7.751667,-75.532667,251.0,120.79,214.4
URE.2024.009.18.29.13,URE,2024.009.18.29.13,earthquake,3212,4934.0,32.12,49.34,4,3,0.7662,0.5047,26.23,7.64,7.00600004196167,-76.41899871826172,17.56,3.1,7.751667,-75.532667,251.0,127.97,229.94
URE.2024.009.19.55.56,URE,2024.009.19.55.56,earthquake,10054,11615.0,100.54,116.15,3,3,0.8849,0.498,10.9,2.61,7.013999938964844,-76.4489974975586,0.0,1.8,7.751667,-75.532667,251.0,129.96,231.18
URE.2024.009.19.57.05,URE,2024.009.19.57.05,earthquake,3116,4675.0,31.16,46.75,4,3,0.756,0.457,10.91,2.02,6.991000175476074,-76.28800201416016,18.38,2.0,7.751667,-75.532667,251.0,118.45,224.8
URE.2024.010.14.52.11,URE,2024.010.14.52.11,earthquake,3153,4555.0,31.53,45.55,3,4,0.8782,0.4096,8.04,22.78,6.934999942779541,-75.98500061035156,25.12,1.9,7.751667,-75.532667,251.0,103.21,208.97
URE.2024.010.22.41.36,URE,2024.010.22.41.36,earthquake,3320,,33.2,,3,0,0.9196,0.0,13.28,,6.982999801635742,-76.68399810791016,19.26,2.4,7.751667,-75.532667,251.0,152.92,236.3
URE.2024.011.20.43.52,URE,2024.011.20.43.52,earthquake,3209.0,4902.0,32.09,49.02,3,3,0.7539,0.6109,11.73,8.37,6.991000175476074,-76.41899871826172,16.33,2.5,7.751667,-75.532667,251.0,129.04,229.37
URE.2024.012.01.29.58,URE,2024.012.01.29.58,earthquake,3408.0,5449.0,34.08,54.49,3,3,0.9252,0.3753,32.58,14.48,6.802999973297119,-76.68199920654297,26.99,3.6,7.751667,-75.532667,251.0,164.67,230.5
URE.2024.012.02.22.08,URE,2024.012.02.22.08,earthquake,2910.0,,29.1,,3,0,0.9119,0.0,11.26,,6.260000228881836,-74.49099731445312,33.52,1.6,7.751667,-75.532667,251.0,201.15,145.03
URE.2024.012.06.20.57,URE,2024.012.06.20.57,earthquake,3253.0,4781.0,32.53,47.81,3,2,0.8158,0.4775,7.93,17.25,6.988999843597412,-76.26499938964844,20.14,3.4,7.751667,-75.532667,251.0,116.84,223.84
URE.2024.012.22.04.42,URE,2024.012.22.04.42,earthquake,3114.0,4412.0,31.14,44.12,4,4,0.8622,0.4915,16.36,13.62,7.198999881744385,-76.26100158691406,22.07,1.9,7.751667,-75.532667,251.0,100.99,232.8
URE.2024.013.00.48.11,URE,2024.013.00.48.11,earthquake,5813.0,9946.0,58.13,99.46,3,2,0.6779,0.2285,13.95,4.65,5.389999866485596,-76.78900146484375,36.95,2.3,7.751667,-75.532667,251.0,295.83,208.09
URE.2024.013.03.58.17,URE,2024.013.03.58.17,earthquake,3186.0,4722.0,31.86,47.22,3,2,0.7224,0.1722,2.96,4.6,6.966000080108643,-74.59300231933594,28.4,1.5,7.751667,-75.532667,251.0,135.33,129.89
URE.2024.013.22.25.33,URE,2024.013.22.25.33,earthquake,11596.0,,115.96,,3,0,0.5468,0.0,4.71,,6.798999786376953,-76.6969985961914,28.87,1.7,7.751667,-75.532667,251.0,166.23,230.74
URE.2024.013.22.36.52,URE,2024.013.22.36.52,earthquake,3258.0,4872.0,32.58,48.72,4,3,0.7504,0.6626,8.37,23.42,6.86899995803833,-76.18000030517578,24.88,2.0,7.751667,-75.532667,251.0,120.99,216.26
URE.2024.013.22.57.05,URE,2024.013.22.57.05,earthquake,3188.0,4812.0,31.88,48.12,3,3,0.8409,0.6012,8.5,21.57,6.833000183105469,-76.16899871826172,17.38,1.9,7.751667,-75.532667,251.0,123.53,214.71
URE.2024.014.13.38.53,URE,2024.014.13.38.53,earthquake,3213.0,4747.0,32.13,47.47,3,2,0.8858,0.5809,16.91,15.87,7.008999824523926,-76.28500366210938,1.47,1.5,7.751667,-75.532667,251.0,116.81,225.37
URE.2024.014.15.31.27,URE,2024.014.15.31.27,earthquake,3255.0,,32.55,,3,0,0.5382,0.0,2.95,,6.823999881744385,-76.66100311279297,29.57,1.7,7.751667,-75.532667,251.0,161.4,230.61
URE.2024.014.20.44.27,URE,2024.014.20.44.27,earthquake,3118.0,4695.0,31.18,46.95,3,2,0.7291,0.5142,9.19,12.77,7.038000106811523,-76.31099700927734,12.05,1.5,7.751667,-75.532667,251.0,116.67,227.48
URE.2024.014.22.54.31,URE,2024.014.22.54.31,earthquake,3155.0,4864.0,31.55,48.64,3,3,0.8537,0.5599,32.76,24.14,6.863999843597412,-76.1449966430664,22.01,3.0,7.751667,-75.532667,251.0,119.2,214.6
URE.2024.015.03.35.30,URE,2024.015.03.35.30,earthquake,,4797.0,,47.97,0,3,0.0,0.5506,-5.91,16.74,6.860000133514404,-76.1709976196289,19.49,1.9,7.751667,-75.532667,251.0,121.21,215.6
URE.2024.015.04.15.14,URE,2024.015.04.15.14,earthquake,3230.0,4863.0,32.3,48.63,4,3,0.7385,0.5222,14.56,22.52,6.860000133514404,-76.1709976196289,19.49,1.9,7.751667,-75.532667,251.0,121.21,215.6
URE.2024.016.22.29.07,URE,2024.016.22.29.07,earthquake,9363.0,,93.63,,3,0,0.895,0.0,24.75,,5.413000106811523,-73.84500122070312,22.54,1.9,7.751667,-75.532667,251.0,318.93,144.08
URE.2024.018.07.16.34,URE,2024.018.07.16.34,earthquake,3222.0,4834.0,32.22,48.34,3,4,0.6723,0.5365,3.99,13.39,6.839000225067139,-76.177001953125,17.85,1.5,7.751667,-75.532667,251.0,123.49,215.22
URE.2024.018.22.17.13,URE,2024.018.22.17.13,earthquake,,4884.0,,48.84,0,3,0.0,0.528,-0.33,11.09,7.5320000648498535,-76.99099731445312,18.14,1.8,7.751667,-75.532667,251.0,162.73,261.51
URE.2024.019.04.06.34,URE,2024.019.04.06.34,earthquake,3362.0,5393.0,33.62,53.93,3,2,0.6169,0.3138,3.88,10.3,7.204999923706055,-77.0009994506836,30.98,2.0,7.751667,-75.532667,251.0,172.98,249.64
URE.2024.019.11.28.27,URE,2024.019.11.28.27,noise,,,,,0,0,0.0,0.0,,,4.765999794006348,-75.76599884033203,39.36,2.1,7.751667,-75.532667,251.0,331.19,184.48
URE.2024.019.11.47.43,URE,2024.019.11.47.43,earthquake,3028.0,,30.28,,3,0,0.7921,0.0,13.09,,4.796000003814697,-76.06099700927734,29.93,3.7,7.751667,-75.532667,251.0,332.05,190.17
URE.2024.020.05.26.57,URE,2024.020.05.26.57,earthquake,3209.0,4763.0,32.09,47.63,3,3,0.8576,0.5315,6.34,17.06,6.974999904632568,-76.28099822998047,15.27,1.6,7.751667,-75.532667,251.0,119.18,223.94
URE.2024.020.10.19.30,URE,2024.020.10.19.30,earthquake,3228.0,,32.28,,4,0,0.7547,0.0,3.4,,6.86899995803833,-76.28700256347656,19.96,1.5,7.751667,-75.532667,251.0,128.32,220.52
URE.2024.020.11.56.26,URE,2024.020.11.56.26,earthquake,3401.0,5294.0,34.01,52.94,4,3,0.7565,0.3988,18.07,13.93,6.964000225067139,-76.69400024414062,32.62,3.4,7.751667,-75.532667,251.0,155.01,235.88
URE.2024.021.01.57.41,URE,2024.021.01.57.41,earthquake,3316.0,5329.0,33.16,53.29,3,4,0.875,0.3585,3.08,2.74,6.783999919891357,-76.69300079345703,18.09,1.5,7.751667,-75.532667,251.0,166.95,230.21
URE.2024.021.04.27.01,URE,2024.021.04.27.01,earthquake,2972.0,,29.72,,3,0,0.7198,0.0,5.19,,7.669000148773193,-74.10399627685547,15.15,1.6,7.751667,-75.532667,251.0,157.88,93.22
URE.2024.022.07.01.33,URE,2024.022.07.01.33,earthquake,,5702.0,,57.02,0,3,0.0,0.4292,-2.88,5.18,6.86899995803833,-76.89099884033203,20.66,1.8,7.751667,-75.532667,251.0,178.95,237.03
URE.2024.022.16.55.14,URE,2024.022.16.55.14,earthquake,3252.0,4828.0,32.52,48.28,3,4,0.8927,0.4324,9.96,7.28,6.934999942779541,-74.5989990234375,34.96,1.9,7.751667,-75.532667,251.0,137.06,131.16
URE.2024.023.04.36.10,URE,2024.023.04.36.10,earthquake,3441.0,,34.41,,3,0,0.6561,0.0,0.7,,6.979000091552734,-76.82099914550781,27.23,2.0,7.751667,-75.532667,251.0,165.93,239.09
URE.2024.023.06.07.51,URE,2024.023.06.07.51,earthquake,3169.0,4922.0,31.69,49.22,3,3,0.6309,0.3825,6.59,4.03,6.932000160217285,-76.37300109863281,11.05,1.6,7.751667,-75.532667,251.0,129.71,225.72
URE.2024.023.13.57.25,URE,2024.023.13.57.25,earthquake,3231.0,4771.0,32.31,47.71,3,3,0.8521,0.4794,5.41,4.96,6.992000102996826,-76.2750015258789,17.62,1.6,7.751667,-75.532667,251.0,117.37,224.34
URE.2024.023.23.11.38,URE,2024.023.23.11.38,earthquake,3148.0,4667.0,31.48,46.67,3,3,0.8346,0.5462,1.59,13.59,6.980000019073486,-76.27799987792969,7.71,1.5,7.751667,-75.532667,251.0,118.55,224.01
URE.2024.023.23.53.35,URE,2024.023.23.53.35,earthquake,3169.0,8380.0,31.69,83.8,3,4,0.6307,0.3532,9.73,10.66,7.007999897003174,-76.28900146484375,8.07,1.8,7.751667,-75.532667,251.0,117.2,225.48
URE.2024.024.01.13.16,URE,2024.024.01.13.16,earthquake,3160.0,13433.0,31.6,134.33,3,2,0.8202,0.4861,14.55,7.76,6.995999813079834,-76.22599792480469,14.75,2.0,7.751667,-75.532667,251.0,113.33,222.53
URE.2024.024.01.15.35,URE,2024.024.01.15.35,earthquake,3146.0,4699.0,31.46,46.99,4,3,0.7953,0.578,7.75,15.21,6.99399995803833,-76.26799774169922,16.86,1.5,7.751667,-75.532667,251.0,116.67,224.14
URE.2024.024.01.17.19,URE,2024.024.01.17.19,earthquake,9904.0,11430.0,99.04,114.3,3,4,0.3997,0.378,0.84,8.64,6.994999885559082,-76.25199890136719,11.93,2.0,7.751667,-75.532667,251.0,115.37,223.55
URE.2024.024.02.47.07,URE,2024.024.02.47.07,earthquake,3212,4741.0,32.12,47.41,3,4,0.8459,0.4763,0.38,11.38,6.9710001945495605,-76.26100158691406,8.89,1.6,7.751667,-75.532667,251.0,117.98,223.01
URE.2024.024.07.51.43,URE,2024.024.07.51.43,earthquake,3161,4698.0,31.61,46.98,4,4,0.6715,0.5056,12.4,15.34,6.985000133514404,-76.25800323486328,9.12,1.8,7.751667,-75.532667,251.0,116.63,223.41
URE.2024.024.12.11.51,URE,2024.024.12.11.51,earthquake,3459,5243.0,34.59,52.43,3,2,0.7303,0.3895,14.5,17.71,7.354000091552734,-76.81099700927734,33.79,2.8,7.751667,-75.532667,251.0,147.77,252.77
URE.2024.024.12.18.36,URE,2024.024.12.18.36,earthquake,3112,4722.0,31.12,47.22,3,3,0.6607,0.6497,12.68,16.48,6.9710001945495605,-76.25800323486328,10.76,1.9,7.751667,-75.532667,251.0,117.76,222.9
URE.2024.024.23.16.55,URE,2024.024.23.16.55,earthquake,3309,4987.0,33.09,49.87,3,3,0.7587,0.6707,20.16,20.12,6.876999855041504,-76.1449966430664,23.01,3.3,7.751667,-75.532667,251.0,118.02,214.99
URE.2024.025.00.04.33,URE,2024.025.00.04.33,earthquake,3255,4904.0,32.55,49.04,4,3,0.6816,0.7308,2.31,16.89,6.857999801635742,-76.18199920654297,15.98,1.5,7.751667,-75.532667,251.0,122.1,216.0
URE.2024.025.12.28.15,URE,2024.025.12.28.15,earthquake,3187,,31.87,,3,0,0.7656,0.0,6.04,,6.985000133514404,-76.26399993896484,7.95,1.6,7.751667,-75.532667,251.0,117.08,223.65
URE.2024.026.04.29.38,URE,2024.026.04.29.38,earthquake,3304,4938.0,33.04,49.38,3,3,0.8315,0.6414,15.32,15.0,6.86299991607666,-76.18000030517578,22.36,2.2,7.751667,-75.532667,251.0,121.52,216.07
URE.2024.026.13.22.51,URE,2024.026.13.22.51,earthquake,3001,,30.01,,3,0,0.5059,0.0,5.28,,6.113999843597412,-74.00499725341797,0.0,2.0,7.751667,-75.532667,251.0,247.59,136.92
URE.2024.028.04.27.11,URE,2024.028.04.27.11,earthquake,3280,,32.8,,3,0,0.917,0.0,8.15,,7.578000068664551,-76.60299682617188,27.23,1.7,7.751667,-75.532667,251.0,119.64,260.83
URE.2024.028.23.15.08,URE,2024.028.23.15.08,earthquake,3001,4126.0,30.01,41.26,4,3,0.8231,0.5328,18.15,10.84,7.119999885559082,-74.9489974975586,16.04,2.5,7.751667,-75.532667,251.0,95.03,137.28
URE.2024.029.15.22.04,URE,2024.029.15.22.04,earthquake,3287,4922.0,32.87,49.22,3,3,0.7841,0.3402,2.19,14.74,6.889999866485596,-76.28299713134766,30.51,1.5,7.751667,-75.532667,251.0,126.27,221.05
URE.2024.029.15.34.37,URE,2024.029.15.34.37,earthquake,3010,,30.1,,3,0,0.8849,0.0,7.68,-3.21,7.298999786376953,-76.58300018310547,10.12,1.6,7.751667,-75.532667,251.0,126.27,246.71
URE.2024.030.09.40.17,URE,2024.030.09.40.17,earthquake,3184,4736.0,31.84,47.36,3,4,0.5458,0.452,5.66,8.39,6.98799991607666,-76.27300262451172,10.06,1.6,7.751667,-75.532667,251.0,117.53,224.11
URE.2024.030.17.10.17,URE,2024.030.17.10.17,earthquake,3257,5281.0,32.57,52.81,3,2,0.8034,0.4528,10.86,2.81,6.857999801635742,-76.69100189208984,20.43,2.2,7.751667,-75.532667,251.0,161.64,232.38
URE.2024.031.10.48.33,URE,2024.031.10.48.33,earthquake,3227,4735.0,32.27,47.35,3,4,0.5239,0.4116,5.05,5.8,6.979000091552734,-76.27899932861328,18.79,1.6,7.751667,-75.532667,251.0,118.71,224.01
URE.2024.034.06.59.55,URE,2024.034.06.59.55,earthquake,3186,4161.0,31.86,41.61,3,4,0.9115,0.4244,10.19,3.4,7.201000213623047,-75.88600158691406,28.63,1.7,7.751667,-75.532667,251.0,72.32,212.66
URE.2024.034.10.51.25,URE,2024.034.10.51.25,earthquake,2957,3866.0,29.57,38.66,3,4,0.9475,0.4303,28.79,9.63,7.139999866485596,-75.62200164794922,15.98,2.0,7.751667,-75.532667,251.0,68.36,188.3
URE.2024.036.08.35.22,URE,2024.036.08.35.22,earthquake,3249,5021.0,32.49,50.21,3,2,0.762,0.4821,2.6,8.19,6.673999786376953,-76.34700012207031,19.02,1.8,7.751667,-75.532667,251.0,149.31,217.09
URE.2024.037.17.22.05,URE,2024.037.17.22.05,earthquake,3211,,32.11,,3,0,0.5597,0.0,5.55,-0.0,7.295000076293945,-76.38700103759766,33.2,1.6,7.751667,-75.532667,251.0,106.96,241.88
URE.2024.037.22.39.49,URE,2024.037.22.39.49,earthquake,3130,4060.0,31.3,40.6,3,2,0.9206,0.4462,18.08,10.82,7.177999973297119,-75.60900115966797,16.21,1.5,7.751667,-75.532667,251.0,64.0,187.57
URE.2024.038.16.54.12,URE,2024.038.16.54.12,earthquake,3486,,34.86,,4,0,0.5088,0.0,7.62,,5.315000057220459,-76.71499633789062,39.88,2.9,7.751667,-75.532667,251.0,299.52,205.96
URE.2024.039.00.53.03,URE,2024.039.00.53.03,earthquake,12116,,121.16,,3,0,0.6306,0.0,9.52,,6.998000144958496,-76.28299713134766,8.48,1.5,7.751667,-75.532667,251.0,117.51,224.87
URE.2024.039.09.58.30,URE,2024.039.09.58.30,earthquake,3279,4371.0,32.79,43.71,3,4,0.7748,0.4888,22.48,14.94,7.3460001945495605,-76.12999725341797,31.33,2.4,7.751667,-75.532667,251.0,79.74,235.8
URE.2024.040.04.13.18,URE,2024.040.04.13.18,earthquake,3188,4615.0,31.88,46.15,4,3,0.8564,0.564,15.53,13.62,7.13100004196167,-76.3010025024414,20.02,1.7,7.751667,-75.532667,251.0,109.11,231.07
URE.2024.040.06.23.52,URE,2024.040.06.23.52,earthquake,3229,3254.0,32.29,32.54,3,2,0.6968,0.2147,8.85,8.6,7.015999794006348,-76.64199829101562,23.36,1.9,7.751667,-75.532667,251.0,147.03,236.48
URE.2024.042.12.12.47,URE,2024.042.12.12.47,earthquake,3044,3931.0,30.44,39.31,3,4,0.92,0.4843,9.31,7.59,7.190999984741211,-75.61799621582031,16.21,1.5,7.751667,-75.532667,251.0,62.72,188.64
URE.2024.042.15.52.07,URE,2024.042.15.52.07,earthquake,2978,5310.0,29.78,53.1,3,2,0.7611,0.2205,7.82,8.71,6.261000156402588,-74.4749984741211,4.7,2.1,7.751667,-75.532667,251.0,202.07,144.6
URE.2024.043.17.51.09,URE,2024.043.17.51.09,earthquake,2828,,28.28,,3,0,0.7296,0.0,7.79,,6.495999813079834,-74.68199920654297,16.35,1.7,7.751667,-75.532667,251.0,167.67,145.86
URE.2024.044.06.22.25,URE,2024.044.06.22.25,earthquake,2826,4317.0,28.26,43.17,3,3,0.8397,0.5681,2.69,10.87,6.934999942779541,-76.28199768066406,1.49,1.5,7.751667,-75.532667,251.0,122.48,222.54
URE.2024.044.18.53.48,URE,2024.044.18.53.48,earthquake,3335,5699.0,33.35,56.99,3,3,0.4234,0.6735,23.21,17.66,6.031000137329102,-75.86499786376953,29.39,3.3,7.751667,-75.532667,251.0,193.8,190.95
URE.2024.044.19.39.39,URE,2024.044.19.39.39,earthquake,3257,,32.57,,3,0,0.5286,0.0,1.33,,6.86299991607666,-76.322998046875,19.02,1.8,7.751667,-75.532667,251.0,131.43,221.66
URE.2024.045.06.52.30,URE,2024.045.06.52.30,earthquake,3403,5783.0,34.03,57.83,3,2,0.7831,0.4997,9.87,18.46,6.548999786376953,-76.92900085449219,24.41,2.4,7.751667,-75.532667,251.0,203.66,229.32
URE.2024.046.18.27.09,URE,2024.046.18.27.09,earthquake,3009,5150.0,30.09,51.5,3,2,0.7932,0.2939,30.48,13.57,7.025000095367432,-77.072998046875,9.5,4.2,7.751667,-75.532667,251.0,188.09,244.81
URE.2024.046.18.33.23,URE,2024.046.18.33.23,earthquake,3412,,34.12,,3,0,0.7282,0.0,11.17,-0.23,7.085000038146973,-76.96800231933594,29.34,2.4,7.751667,-75.532667,251.0,174.76,245.14
URE.2024.046.23.40.56,URE,2024.046.23.40.56,earthquake,3372,,33.72,,3,0,0.6918,0.0,1.72,,7.017000198364258,-77.0250015258789,27.93,1.9,7.751667,-75.532667,251.0,183.7,243.85
URE.2024.047.01.56.42,URE,2024.047.01.56.42,earthquake,5523,7130.0,55.23,71.3,3,4,0.8414,0.451,8.08,20.45,6.8480000495910645,-76.17500305175781,18.79,1.5,7.751667,-75.532667,251.0,122.55,215.41
URE.2024.047.01.57.07,URE,2024.047.01.57.07,earthquake,3029,4634.0,30.29,46.34,3,4,0.815,0.4482,9.23,19.4,6.835000038146973,-76.17900085449219,-0.02,2.1,7.751667,-75.532667,251.0,123.98,215.19
URE.2024.047.16.26.58,URE,2024.047.16.26.58,earthquake,3150,4773.0,31.5,47.73,4,3,0.7001,0.546,13.26,14.34,6.831999778747559,-76.18399810791016,16.04,2.1,7.751667,-75.532667,251.0,124.57,215.31
URE.2024.048.11.30.06,URE,2024.048.11.30.06,earthquake,3170,4461.0,31.7,44.61,4,3,0.8603,0.5199,15.9,17.33,7.24399995803833,-76.23799896240234,29.34,2.2,7.751667,-75.532667,251.0,95.98,234.25
URE.2024.049.05.29.39,URE,2024.049.05.29.39,earthquake,2932,5161.0,29.32,51.61,3,2,0.9129,0.4601,7.71,5.57,7.699999809265137,-73.76200103759766,19.64,1.9,7.751667,-75.532667,251.0,195.42,91.56
URE.2024.050.02.42.35,URE,2024.050.02.42.35,earthquake,3174,4784.0,31.74,47.84,4,3,0.7683,0.4657,25.24,17.34,6.835000038146973,-76.19999694824219,22.6,2.9,7.751667,-75.532667,251.0,125.33,216.06
URE.2024.050.04.42.07,URE,2024.050.04.42.07,earthquake,3160,4606.0,31.6,46.06,4,2,0.7061,0.4026,5.91,17.94,6.9029998779296875,-75.9530029296875,24.41,1.6,7.751667,-75.532667,251.0,104.7,206.34
URE.2024.050.14.41.13,URE,2024.050.14.41.13,earthquake,3153,4655.0,31.53,46.55,4,4,0.7254,0.4145,16.1,14.07,7.011000156402588,-76.28199768066406,15.68,2.1,7.751667,-75.532667,251.0,116.42,225.33
URE.2024.052.06.02.18,URE,2024.052.06.02.18,earthquake,3216,4836.0,32.16,48.36,3,3,0.7752,0.4834,1.56,1.95,6.889999866485596,-76.29100036621094,20.96,1.5,7.751667,-75.532667,251.0,126.85,221.35
URE.2024.052.21.44.51,URE,2024.052.21.44.51,earthquake,9500,9671.0,95.0,96.71,4,2,0.5477,0.3787,12.1,6.15,6.8480000495910645,-76.18199920654297,16.68,1.6,7.751667,-75.532667,251.0,123.0,215.7
URE.2024.054.01.12.10,URE,2024.054.01.12.10,earthquake,4615,7193.0,46.15,71.93,3,4,0.6643,0.5762,9.76,6.54,6.539999961853027,-74.06999969482422,22.37,1.6,7.751667,-75.532667,251.0,209.9,129.58
URE.2024.054.07.54.40,URE,2024.054.07.54.40,earthquake,3159,4719.0,31.59,47.19,3,2,0.8989,0.5912,21.44,13.89,6.986999988555908,-76.26200103759766,11.76,1.3,7.751667,-75.532667,251.0,116.77,223.64
URE.2024.054.08.59.17,URE,2024.054.08.59.17,earthquake,3209,4839.0,32.09,48.39,4,3,0.792,0.6167,11.23,17.03,6.894000053405762,-76.20999908447266,18.09,1.7,7.751667,-75.532667,251.0,120.79,218.3
URE.2024.055.07.59.16,URE,2024.055.07.59.16,earthquake,3246,5064.0,32.46,50.64,3,3,0.7397,0.5876,3.01,15.01,6.9710001945495605,-76.65799713134766,24.41,1.8,7.751667,-75.532667,251.0,151.3,235.28
URE.2024.059.04.58.05,URE,2024.059.04.58.05,earthquake,3194,4766.0,31.94,47.66,4,4,0.8131,0.5409,7.72,16.09,6.86299991607666,-76.19499969482422,22.07,1.5,7.751667,-75.532667,251.0,122.51,216.7
URE.2024.059.07.05.07,URE,2024.059.07.05.07,earthquake,3141,5131.0,31.41,51.31,3,3,0.8183,0.3443,36.29,8.91,6.349999904632568,-75.63800048828125,22.01,4.0,7.751667,-75.532667,251.0,155.45,184.3
URE.2024.059.14.30.39,URE,2024.059.14.30.39,earthquake,3022,,30.22,,3,0,0.825,0.0,16.37,,6.044000148773193,-74.06500244140625,0.0,3.6,7.751667,-75.532667,251.0,248.94,139.25
URE.2024.060.19.34.10,URE,2024.060.19.34.10,earthquake,3159,4371.0,31.59,43.71,3,3,0.6462,0.5879,11.35,14.0,7.145999908447266,-76.1709976196289,25.12,1.8,7.751667,-75.532667,251.0,97.22,226.49
URE.2024.060.19.41.56,URE,2024.060.19.41.56,earthquake,3184,4377.0,31.84,43.77,3,4,0.8026,0.5046,6.14,13.5,7.1529998779296875,-76.17900085449219,25.12,1.6,7.751667,-75.532667,251.0,97.33,227.18
URE.2024.062.04.01.25,URE,2024.062.04.01.25,earthquake,3034,5660.0,30.34,56.6,3,2,0.8463,0.3946,20.73,19.03,6.460999965667725,-77.19999694824219,6.98,3.4,7.751667,-75.532667,251.0,233.02,232.33
URE.2024.062.09.42.02,URE,2024.062.09.42.02,earthquake,3107,4822.0,31.07,48.22,3,3,0.862,0.4252,0.9,18.29,6.941999912261963,-76.35600280761719,14.04,1.7,7.751667,-75.532667,251.0,127.6,225.49
URE.2024.063.20.44.06,URE,2024.063.20.44.06,earthquake,3105,4644.0,31.05,46.44,3,2,0.8755,0.3491,6.68,1.31,7.066999912261963,-76.38600158691406,17.73,1.6,7.751667,-75.532667,251.0,120.86,231.26
URE.2024.064.00.49.41,URE,2024.064.00.49.41,earthquake,5385,7244.0,53.85,72.44,3,2,0.4767,0.4712,8.23,13.37,7.138000011444092,-76.20500183105469,22.07,1.6,7.751667,-75.532667,251.0,100.57,227.6
URE.2024.064.22.25.45,URE,2024.064.22.25.45,earthquake,3049,4801.0,30.49,48.01,3,3,0.8579,0.3463,34.46,10.13,6.889999866485596,-76.27400207519531,15.51,3.8,7.751667,-75.532667,251.0,125.62,220.71
URE.2024.065.01.35.17,URE,2024.065.01.35.17,earthquake,3353,,33.53,,3,0,0.9387,0.0,16.23,,6.955999851226807,-76.72599792480469,13.4,2.3,7.751667,-75.532667,251.0,158.44,236.34
URE.2024.065.06.33.35,URE,2024.065.06.33.35,earthquake,2676,4478.0,26.76,44.78,4,2,0.8577,0.6172,16.51,13.28,7.3480000495910645,-74.1240005493164,0.0,2.4,7.751667,-75.532667,251.0,161.74,105.93
URE.2024.065.08.44.55,URE,2024.065.08.44.55,earthquake,3188,4631.0,31.88,46.31,4,3,0.7676,0.4018,7.18,12.53,6.974999904632568,-76.28199768066406,14.98,1.5,7.751667,-75.532667,251.0,119.26,223.97
URE.2024.067.05.35.21,URE,2024.067.05.35.21,earthquake,3202.0,4852.0,32.02,48.52,3,3,0.8022,0.4645,7.09,9.67,6.909999847412109,-76.36699676513672,21.95,1.6,7.751667,-75.532667,251.0,130.96,224.76
URE.2024.068.03.55.54,URE,2024.068.03.55.54,earthquake,11493.0,11516.0,114.93,115.16,3,2,0.4621,0.5026,9.51,26.14,6.8480000495910645,-76.2969970703125,15.98,1.2,7.751667,-75.532667,251.0,130.81,220.23
URE.2024.068.22.49.42,URE,2024.068.22.49.42,earthquake,3085.0,,30.85,,3,0,0.7098,0.0,5.49,,6.956999778747559,-76.26499938964844,9.47,1.6,7.751667,-75.532667,251.0,119.42,222.66
URE.2024.069.08.01.53,URE,2024.069.08.01.53,earthquake,3204.0,4748.0,32.04,47.48,4,4,0.7083,0.4605,2.02,12.42,6.839000225067139,-76.29299926757812,15.98,1.6,7.751667,-75.532667,251.0,131.29,219.8
URE.2024.069.09.16.25,URE,2024.069.09.16.25,earthquake,2942.0,3953.0,29.42,39.53,4,4,0.8954,0.4544,25.31,14.43,7.473999977111816,-74.7959976196289,21.6,1.9,7.751667,-75.532667,251.0,86.89,110.65
URE.2024.069.21.47.36,URE,2024.069.21.47.36,earthquake,3135.0,4277.0,31.35,42.77,4,4,0.8051,0.289,23.75,10.22,7.392000198364258,-76.12999725341797,25.59,2.4,7.751667,-75.532667,251.0,76.99,238.93
URE.2024.070.21.10.22,URE,2024.070.21.10.22,earthquake,11478.0,,114.78,,3,0,0.4988,0.0,5.64,,6.910999774932861,-76.35600280761719,8.54,1.5,7.751667,-75.532667,251.0,130.03,224.41
URE.2024.071.04.40.22,URE,2024.071.04.40.22,earthquake,2880.0,4866.0,28.8,48.66,3,3,0.7509,0.3994,12.44,12.45,7.6519999504089355,-73.94000244140625,7.36,2.5,7.751667,-75.532667,251.0,176.05,93.48
URE.2024.072.05.18.23,URE,2024.072.05.18.23,earthquake,3360.0,5396.0,33.6,53.96,3,3,0.8246,0.3463,11.06,7.88,6.6570000648498535,-76.70500183105469,29.57,2.2,7.751667,-75.532667,251.0,177.26,227.0
URE.2024.075.09.54.19,URE,2024.075.09.54.19,earthquake,3080.0,4764.0,30.8,47.64,4,3,0.8116,0.4639,34.52,13.31,6.8480000495910645,-76.22899627685547,22.36,3.2,7.751667,-75.532667,251.0,126.09,217.62
URE.2024.076.15.29.32,URE,2024.076.15.29.32,earthquake,2716.0,13713.0,27.16,137.13,3,2,0.7362,0.3558,6.49,6.72,6.96999979019165,-75.18800354003906,21.32,1.7,7.751667,-75.532667,251.0,94.45,156.22
URE.2024.076.16.32.41,URE,2024.076.16.32.41,earthquake,,4656.0,,46.56,0,4,0.0,0.3053,-1.51,7.9,7.066999912261963,-76.5770034790039,14.36,1.5,7.751667,-75.532667,251.0,137.93,236.77
URE.2024.077.07.05.55,URE,2024.077.07.05.55,earthquake,3453.0,,34.53,,3,0,0.6519,0.0,5.13,,5.168000221252441,-74.7229995727539,33.96,2.5,7.751667,-75.532667,251.0,299.43,162.55
URE.2024.079.09.17.52,URE,2024.079.09.17.52,earthquake,3169.0,4667.0,31.69,46.67,4,3,0.7702,0.4968,5.44,17.37,7.017000198364258,-76.29499816894531,14.39,1.6,7.751667,-75.532667,251.0,116.98,226.06
URE.2024.079.14.08.13,URE,2024.079.14.08.13,earthquake,,4802.0,,48.02,0,4,0.0,0.4893,-0.47,19.6,6.836999893188477,-76.177001953125,19.02,1.7,7.751667,-75.532667,251.0,123.67,215.16
URE.2024.080.08.04.02,URE,2024.080.08.04.02,earthquake,3123.0,4645.0,31.23,46.45,3,3,0.7176,0.5116,3.1,10.97,7.004000186920166,-76.28500366210938,15.57,1.7,7.751667,-75.532667,251.0,117.2,225.18
URE.2024.082.03.07.23,URE,2024.082.03.07.23,earthquake,2980.0,4464.0,29.8,44.64,3,4,0.9177,0.5063,3.95,13.18,6.921999931335449,-76.24800109863281,4.16,1.6,7.751667,-75.532667,251.0,121.07,220.77
URE.2024.082.11.10.47,URE,2024.082.11.10.47,earthquake,1367.0,2407.0,13.67,24.07,4,4,0.7779,0.4332,7.63,8.5,4.961999893188477,-74.76000213623047,22.07,1.5,7.751667,-75.532667,251.0,320.13,164.47
URE.2024.082.21.39.22,URE,2024.082.21.39.22,earthquake,3218.0,4795.0,32.18,47.95,4,3,0.6485,0.4895,14.62,11.2,6.999000072479248,-76.23699951171875,17.68,2.2,7.751667,-75.532667,251.0,113.91,223.1
URE.2024.083.12.49.34,URE,2024.083.12.49.34,earthquake,3180.0,4752.0,31.8,47.52,3,3,0.6847,0.5513,9.71,15.08,6.8520002365112305,-76.26699829101562,17.85,2.1,7.751667,-75.532667,251.0,128.35,219.23
URE.2024.083.13.55.59,URE,2024.083.13.55.59,earthquake,3195.0,4750.0,31.95,47.5,3,4,0.6479,0.4495,2.67,13.25,6.836999893188477,-76.2969970703125,16.21,1.9,7.751667,-75.532667,251.0,131.74,219.89
URE.2024.084.07.50.26,URE,2024.084.07.50.26,earthquake,3115.0,,31.15,,3,0,0.7404,0.0,2.19,,6.836999893188477,-76.30400085449219,19.02,1.3,7.751667,-75.532667,251.0,132.24,220.15
URE.2024.087.05.01.55,URE,2024.087.05.01.55,earthquake,3197.0,4699.0,31.97,46.99,4,4,0.7368,0.428,6.18,12.66,6.998000144958496,-76.27300262451172,7.07,2.0,7.751667,-75.532667,251.0,116.74,224.49
URE.2024.087.11.14.15,URE,2024.087.11.14.15,earthquake,3129.0,4705.0,31.29,47.05,3,4,0.9005,0.4638,7.6,16.47,6.864999771118164,-76.2979965209961,17.56,1.8,7.751667,-75.532667,251.0,129.45,220.8
URE.2024.088.01.33.30,URE,2024.088.01.33.30,earthquake,2724.0,,27.24,,3,0,0.7024,0.0,4.39,,7.558000087738037,-74.01200103759766,12.37,2.3,7.751667,-75.532667,251.0,169.14,97.17
URE.2024.088.08.20.41,URE,2024.088.08.20.41,earthquake,3394.0,5307.0,33.94,53.07,3,4,0.8093,0.4029,5.05,19.74,6.901000022888184,-76.56999969482422,20.2,1.5,7.751667,-75.532667,251.0,148.22,230.67
URE.2024.089.05.18.28,URE,2024.089.05.18.28,earthquake,3224.0,4936.0,32.24,49.36,3,2,0.7129,0.5987,18.48,22.59,6.868000030517578,-76.2239990234375,20.84,2.3,7.751667,-75.532667,251.0,124.01,218.04
URE.2024.089.08.59.53,URE,2024.089.08.59.53,earthquake,3038.0,,30.38,,3,0,0.756,0.0,9.24,,6.504000186920166,-76.1050033569336,2.05,1.6,7.751667,-75.532667,251.0,151.78,204.65
URE.2024.092.08.00.02,URE,2024.092.08.00.02,earthquake,3226.0,4776.0,32.26,47.76,3,4,0.7344,0.3385,6.23,3.53,6.999000072479248,-76.28800201416016,8.54,1.5,7.751667,-75.532667,251.0,117.83,225.1
URE.2024.093.00.25.07,URE,2024.093.00.25.07,earthquake,,4840.0,,48.4,0,2,0.0,0.4869,-2.91,1.28,6.867000102996826,-76.27999877929688,20.9,1.5,7.751667,-75.532667,251.0,127.99,220.19
URE.2024.094.03.31.07,URE,2024.094.03.31.07,earthquake,,4809.0,,48.09,0,3,0.0,0.4116,-1.76,6.15,7.019000053405762,-76.28500366210938,7.83,1.5,7.751667,-75.532667,251.0,116.04,225.76
URE.2024.095.19.35.57,URE,2024.095.19.35.57,earthquake,3086.0,4895.0,30.86,48.95,3,3,0.4965,0.2618,5.69,4.43,6.9039998054504395,-76.28099822998047,22.71,1.5,7.751667,-75.532667,251.0,124.96,221.44
URE.2024.096.11.39.30,URE,2024.096.11.39.30,earthquake,2991.0,,29.91,,3,0,0.866,0.0,1.86,,7.198999881744385,-76.06400299072266,21.84,1.6,7.751667,-75.532667,251.0,84.71,223.85
URE.2024.097.05.11.34,URE,2024.097.05.11.34,earthquake,3190.0,4818.0,31.9,48.18,3,3,0.6264,0.4348,3.67,18.63,6.8979997634887695,-76.25499725341797,14.16,1.8,7.751667,-75.532667,251.0,123.59,220.24
URE.2024.098.16.40.47,URE,2024.098.16.40.47,earthquake,3130.0,4692.0,31.3,46.92,4,2,0.6671,0.7126,14.97,18.83,7.053999900817871,-76.27999877929688,14.28,2.4,7.751667,-75.532667,251.0,112.96,226.97
URE.2024.099.00.23.36,URE,2024.099.00.23.36,earthquake,3231.0,5188.0,32.31,51.88,3,2,0.8407,0.3743,5.32,9.99,6.718999862670898,-76.70800018310547,25.59,1.9,7.751667,-75.532667,251.0,172.89,228.73
URE.2024.099.05.07.27,URE,2024.099.05.07.27,earthquake,3083.0,4942.0,30.83,49.42,3,2,0.9047,0.4113,1.85,5.08,6.881999969482422,-76.61199951171875,15.98,1.5,7.751667,-75.532667,251.0,153.15,231.17
URE.2024.099.14.45.50,URE,2024.099.14.45.50,earthquake,3348.0,4883.0,33.48,48.83,3,3,0.5328,0.2202,1.81,3.9,6.86299991607666,-76.2030029296875,24.88,1.6,7.751667,-75.532667,251.0,123.04,217.03
URE.2024.100.02.35.36,URE,2024.100.02.35.36,earthquake,,11221.0,,112.21,0,2,0.0,0.2804,-0.06,4.16,6.697999954223633,-74.2969970703125,0.02,1.7,7.751667,-75.532667,251.0,179.45,130.41
URE.2024.102.07.22.42,URE,2024.102.07.22.42,earthquake,3065.0,5001.0,30.65,50.01,3,2,0.8487,0.5165,14.88,12.28,6.3480000495910645,-75.65399932861328,17.62,2.5,7.751667,-75.532667,251.0,155.81,184.94
URE.2024.102.12.45.27,URE,2024.102.12.45.27,earthquake,2931.0,4008.0,29.31,40.08,3,4,0.6479,0.5523,1.84,8.3,7.426000118255615,-74.80699920654297,22.77,1.8,7.751667,-75.532667,251.0,87.8,114.17
URE.2024.103.22.06.41,URE,2024.103.22.06.41,earthquake,3036.0,,30.36,,3,0,0.7552,0.0,9.6,,6.438000202178955,-75.34300231933594,15.92,2.3,7.751667,-75.532667,251.0,146.78,171.78
URE.2024.104.02.49.43,URE,2024.104.02.49.43,earthquake,3246.0,4804.0,32.46,48.04,4,2,0.7959,0.6264,6.14,22.41,6.875999927520752,-76.22100067138672,23.36,1.9,7.751667,-75.532667,251.0,123.11,218.17
URE.2024.104.10.34.45,URE,2024.104.10.34.45,earthquake,,4831.0,,48.31,0,3,0.0,0.5598,-2.44,19.63,6.8520002365112305,-76.2030029296875,25.82,1.5,7.751667,-75.532667,251.0,124.01,216.69
URE.2024.104.13.27.35,URE,2024.104.13.27.35,earthquake,3351.0,5180.0,33.51,51.8,3,2,0.8495,0.4609,7.86,4.27,7.171999931335449,-76.81400299072266,32.85,2.3,7.751667,-75.532667,251.0,155.29,245.7
URE.2024.104.22.42.08,URE,2024.104.22.42.08,earthquake,4930.0,,49.3,,3,0,0.5462,0.0,5.36,,5.690000057220459,-73.43399810791016,8.89,2.4,7.751667,-75.532667,251.0,325.29,134.37
URE.2024.105.10.10.26,URE,2024.105.10.10.26,earthquake,2983.0,,29.83,,3,0,0.9004,0.0,6.12,,6.0,-73.79199981689453,25.08,2.3,7.751667,-75.532667,251.0,273.01,135.09
URE.2024.105.20.47.02,URE,2024.105.20.47.02,earthquake,3260.0,,32.6,,3,0,0.8467,0.0,1.49,-1.51,6.939000129699707,-76.22699737548828,17.44,1.6,7.751667,-75.532667,251.0,118.13,220.51
URE.2024.109.23.14.52,URE,2024.109.23.14.52,earthquake,3347.0,4784.0,33.47,47.84,4,4,0.8793,0.596,11.3,14.12,7.189000129699707,-76.36199951171875,34.02,2.3,7.751667,-75.532667,251.0,110.69,235.85
URE.2024.111.12.13.10,URE,2024.111.12.13.10,earthquake,3250.0,4846.0,32.5,48.46,3,3,0.7552,0.3802,22.32,20.66,6.951000213623047,-76.23100280761719,15.68,2.1,7.751667,-75.532667,251.0,117.41,221.09
URE.2024.111.12.39.44,URE,2024.111.12.39.44,earthquake,3191.0,4813.0,31.91,48.13,4,3,0.7499,0.5903,3.93,16.22,6.945000171661377,-76.2229995727539,15.74,1.6,7.751667,-75.532667,251.0,117.34,220.55
URE.2024.111.14.36.45,URE,2024.111.14.36.45,earthquake,3196.0,4774.0,31.96,47.74,3,2,0.5906,0.5153,3.62,16.89,6.947999954223633,-76.23300170898438,15.92,1.7,7.751667,-75.532667,251.0,117.81,221.07
URE.2024.112.22.04.51,URE,2024.112.22.04.51,earthquake,3240,4688.0,32.4,46.88,3,3,0.883,0.4029,9.08,5.66,7.011000156402588,-76.2750015258789,9.41,1.5,7.751667,-75.532667,251.0,115.87,225.06
URE.2024.113.02.03.40,URE,2024.113.02.03.40,earthquake,3132,4198.0,31.32,41.98,4,4,0.8514,0.4591,12.98,10.53,7.197000026702881,-75.89900207519531,32.38,1.5,7.751667,-75.532667,251.0,73.47,213.42
URE.2024.113.09.43.48,URE,2024.113.09.43.48,earthquake,3242,4607.0,32.42,46.07,4,4,0.7661,0.4807,12.62,14.74,7.139999866485596,-76.27200317382812,14.39,1.7,7.751667,-75.532667,251.0,106.0,230.39
URE.2024.113.10.02.54,URE,2024.113.10.02.54,earthquake,6763,8115.0,67.63,81.15,3,4,0.8784,0.505,7.08,10.92,7.01800012588501,-76.25900268554688,20.37,1.5,7.751667,-75.532667,251.0,114.08,224.71
URE.2024.113.20.30.21,URE,2024.113.20.30.21,earthquake,10710,,107.1,,3,0,0.7989,0.0,6.1,,7.366000175476074,-76.13999938964844,15.98,1.7,7.751667,-75.532667,251.0,79.44,237.57
URE.2024.113.20.31.36,URE,2024.113.20.31.36,earthquake,3150,,31.5,,3,0,0.8386,0.0,6.13,,7.422999858856201,-76.1989974975586,13.16,2.0,7.751667,-75.532667,251.0,82.02,243.74
URE.2024.114.02.14.09,URE,2024.114.02.14.09,earthquake,3414,,34.14,,3,0,0.5588,0.0,5.54,,7.15500020980835,-77.08000183105469,28.63,2.3,7.751667,-75.532667,251.0,183.11,248.98
URE.2024.116.10.28.52,URE,2024.116.10.28.52,earthquake,3355,5546.0,33.55,55.46,3,2,0.5143,0.4775,2.19,5.16,6.683000087738037,-76.83999633789062,28.63,1.8,7.751667,-75.532667,251.0,186.59,230.78
URE.2024.116.10.48.56,URE,2024.116.10.48.56,earthquake,3227,4907.0,32.27,49.07,4,3,0.7054,0.636,19.03,20.85,6.946000099182129,-76.25,13.93,2.2,7.751667,-75.532667,251.0,119.21,221.68
URE.2024.116.17.12.50,URE,2024.116.17.12.50,earthquake,3223,4993.0,32.23,49.93,4,3,0.8323,0.5296,18.36,13.92,6.926000118255615,-76.37899780273438,15.92,2.6,7.751667,-75.532667,251.0,130.65,225.72
URE.2024.116.17.16.08,URE,2024.116.17.16.08,earthquake,3250,5005.0,32.5,50.05,3,4,0.7204,0.4136,3.05,1.76,6.9730000495910645,-76.38400268554688,15.04,1.9,7.751667,-75.532667,251.0,127.48,227.56
URE.2024.116.21.28.33,URE,2024.116.21.28.33,earthquake,3281,4777.0,32.81,47.77,3,4,0.6818,0.4263,11.0,11.62,6.999000072479248,-76.2490005493164,19.79,2.3,7.751667,-75.532667,251.0,114.82,223.58
URE.2024.117.05.54.11,URE,2024.117.05.54.11,earthquake,3225,4775.0,32.25,47.75,4,3,0.5731,0.4044,6.41,17.44,7.011000156402588,-76.27799987792969,10.77,1.4,7.751667,-75.532667,251.0,116.11,225.18
URE.2024.117.15.16.00,URE,2024.117.15.16.00,earthquake,3179,4660.0,31.79,46.6,3,4,0.7217,0.5617,4.65,10.35,6.978000164031982,-76.26499938964844,18.2,1.6,7.751667,-75.532667,251.0,117.72,223.43
URE.2024.118.00.34.40,URE,2024.118.00.34.40,earthquake,3212,4831.0,32.12,48.31,4,3,0.756,0.5773,10.98,12.86,6.86899995803833,-76.16200256347656,19.73,2.1,7.751667,-75.532667,251.0,119.82,215.49
URE.2024.118.07.31.52,URE,2024.118.07.31.52,earthquake,3207,4859.0,32.07,48.59,3,3,0.8289,0.5955,6.33,18.35,6.947000026702881,-76.24600219726562,13.22,1.6,7.751667,-75.532667,251.0,118.84,221.56
URE.2024.120.16.46.15,URE,2024.120.16.46.15,earthquake,3235.0,5170.0,32.35,51.7,4,3,0.7789,0.6051,9.5,9.07,7.033999919891357,-76.74400329589844,18.32,2.6,7.751667,-75.532667,251.0,155.51,239.39
URE.2024.120.23.40.51,URE,2024.120.23.40.51,earthquake,3219.0,4870.0,32.19,48.7,3,4,0.8281,0.3858,3.7,16.12,6.948999881744385,-76.25499725341797,15.74,1.7,7.751667,-75.532667,251.0,119.33,221.98
URE.2024.121.15.56.03,URE,2024.121.15.56.03,earthquake,3226.0,4858.0,32.26,48.58,3,3,0.58,0.716,6.16,23.47,6.900000095367432,-76.23500061035156,11.7,1.9,7.751667,-75.532667,251.0,122.0,219.51
URE.2024.121.17.55.54,URE,2024.121.17.55.54,earthquake,12337.0,14034.0,123.37,140.34,3,3,0.7733,0.6761,7.53,11.84,6.8379998207092285,-76.30799865722656,-0.1,1.7,7.751667,-75.532667,251.0,132.44,220.32
URE.2024.121.17.57.26,URE,2024.121.17.57.26,earthquake,3216.0,4917.0,32.16,49.17,4,3,0.6986,0.6798,6.05,22.73,6.953999996185303,-76.24099731445312,14.39,1.8,7.751667,-75.532667,251.0,117.89,221.6
URE.2024.121.19.30.16,URE,2024.121.19.30.16,earthquake,3157.0,4785.0,31.57,47.85,3,3,0.579,0.4925,6.54,17.13,6.948999881744385,-76.23600006103516,15.98,2.0,7.751667,-75.532667,251.0,117.94,221.23
URE.2024.121.21.38.21,URE,2024.121.21.38.21,earthquake,2923.0,4995.0,29.23,49.95,3,3,0.6032,0.4454,7.53,11.05,6.868000030517578,-74.04499816894531,10.01,2.2,7.751667,-75.532667,251.0,191.14,120.65
URE.2024.121.22.33.25,URE,2024.121.22.33.25,earthquake,3169.0,4930.0,31.69,49.3,3,3,0.9011,0.542,15.38,12.12,6.941999912261963,-76.36599731445312,15.1,2.4,7.751667,-75.532667,251.0,128.39,225.83
URE.2024.123.11.14.05,URE,2024.123.11.14.05,earthquake,3181.0,4807.0,31.81,48.07,3,3,0.8534,0.6632,21.44,12.79,6.913000106811523,-76.21600341796875,6.13,1.5,7.751667,-75.532667,251.0,119.56,219.17
URE.2024.123.11.19.30,URE,2024.123.11.19.30,earthquake,3199.0,10563.0,31.99,105.63,3,2,0.837,0.5224,8.07,4.62,6.9070000648498535,-75.96800231933594,25.12,1.8,7.751667,-75.532667,251.0,105.06,207.26
URE.2024.124.08.15.08,URE,2024.124.08.15.08,noise,,,,,0,0,0.0,0.0,,,6.61299991607666,-74.2750015258789,34.51,1.6,7.751667,-75.532667,251.0,187.49,132.11
URE.2024.126.23.20.10,URE,2024.126.23.20.10,earthquake,3352.0,5283.0,33.52,52.83,3,2,0.8857,0.5147,18.76,7.96,6.748000144958496,-76.75700378417969,30.04,2.8,7.751667,-75.532667,251.0,174.93,230.7
URE.2024.127.06.32.16,URE,2024.127.06.32.16,earthquake,3232.0,4492.0,32.32,44.92,3,4,0.7073,0.5517,6.51,13.13,7.23199987411499,-76.27999877929688,19.14,1.5,7.751667,-75.532667,251.0,100.53,235.18
URE.2024.127.12.57.16,URE,2024.127.12.57.16,earthquake,2957.0,3874.0,29.57,38.74,4,4,0.8896,0.6112,16.26,12.36,7.6539998054504395,-74.87000274658203,23.48,1.8,7.751667,-75.532667,251.0,73.9,98.36
URE.2024.127.14.43.15,URE,2024.127.14.43.15,earthquake,3192.0,4708.0,31.92,47.08,3,2,0.7674,0.5023,3.75,0.97,7.03000020980835,-76.31400299072266,13.16,1.1,7.751667,-75.532667,251.0,117.52,227.27
URE.2024.128.01.51.29,URE,2024.128.01.51.29,earthquake,3453.0,6324.0,34.53,63.24,3,3,0.8983,0.7043,12.14,1.69,5.853000164031982,-76.84500122070312,28.63,2.7,7.751667,-75.532667,251.0,255.21,214.72
URE.2024.128.12.36.05,URE,2024.128.12.36.05,earthquake,3217.0,4967.0,32.17,49.67,3,2,0.6815,0.6267,7.16,15.59,6.9029998779296875,-76.28500366210938,24.88,1.8,7.751667,-75.532667,251.0,125.34,221.56
URE.2024.129.06.21.54,URE,2024.129.06.21.54,earthquake,3191.0,4805.0,31.91,48.05,3,3,0.7751,0.6117,10.38,13.08,6.948999881744385,-76.28299713134766,23.48,1.8,7.751667,-75.532667,251.0,121.42,223.07
URE.2024.129.10.02.15,URE,2024.129.10.02.15,earthquake,3140.0,4514.0,31.4,45.14,4,2,0.8718,0.6426,25.08,14.68,7.172999858856201,-76.19999694824219,17.91,2.7,7.751667,-75.532667,251.0,97.58,229.06
URE.2024.129.12.41.54,URE,2024.129.12.41.54,earthquake,2822.0,4204.0,28.22,42.04,3,2,0.8137,0.6347,3.87,11.03,7.132999897003174,-76.21199798583984,10.86,1.6,7.751667,-75.532667,251.0,101.51,227.67
URE.2024.129.22.22.35,URE,2024.129.22.22.35,earthquake,3167.0,4751.0,31.67,47.51,3,3,0.8837,0.5683,18.02,13.41,6.947000026702881,-76.28900146484375,21.84,2.4,7.751667,-75.532667,251.0,122.04,223.23
URE.2024.130.00.10.17,URE,2024.130.00.10.17,earthquake,3210.0,4739.0,32.1,47.39,3,4,0.8385,0.361,2.54,10.36,6.96999979019165,-76.25299835205078,12.29,1.5,7.751667,-75.532667,251.0,117.46,222.66
URE.2024.130.03.43.52,URE,2024.130.03.43.52,earthquake,3183.0,,31.83,,3,0,0.7616,0.0,11.61,,6.9730000495910645,-76.63700103759766,6.13,1.5,7.751667,-75.532667,251.0,149.27,234.84
URE.2024.131.11.39.24,URE,2024.131.11.39.24,earthquake,3186.0,4672.0,31.86,46.72,3,2,0.8009,0.5676,10.87,10.12,7.026000022888184,-76.30699920654297,12.7,1.7,7.751667,-75.532667,251.0,117.25,226.86
URE.2024.131.12.05.06,URE,2024.131.12.05.06,earthquake,3251,5335.0,32.51,53.35,3,2,0.5595,0.3242,5.26,12.76,7.186999797821045,-76.97200012207031,31.09,2.3,7.751667,-75.532667,251.0,170.71,248.64
URE.2024.132.08.32.34,URE,2024.132.08.32.34,earthquake,3261,4876.0,32.61,48.76,3,3,0.8037,0.5605,13.88,12.31,6.920000076293945,-76.26399993896484,11.76,1.4,7.751667,-75.532667,251.0,122.39,221.33
URE.2024.132.11.27.49,URE,2024.132.11.27.49,earthquake,3065,4660.0,30.65,46.6,4,3,0.5511,0.4502,10.06,19.49,6.828999996185303,-76.20500183105469,20.9,1.8,7.751667,-75.532667,251.0,126.19,216.08
URE.2024.132.15.23.03,URE,2024.132.15.23.03,earthquake,3277,,32.77,,3,0,0.8242,0.0,10.87,,6.684999942779541,-76.6989974975586,23.01,1.9,7.751667,-75.532667,251.0,174.67,227.59
URE.2024.134.05.48.13,URE,2024.134.05.48.13,earthquake,3254,4946.0,32.54,49.46,3,2,0.8783,0.4711,11.09,14.79,6.8520002365112305,-76.2030029296875,25.82,1.5,7.751667,-75.532667,251.0,124.01,216.69
URE.2024.134.06.31.06,URE,2024.134.06.31.06,earthquake,3232,4550.0,32.32,45.5,3,4,0.956,0.5715,25.47,12.7,7.341000080108643,-76.2969970703125,16.45,2.4,7.751667,-75.532667,251.0,95.8,241.75
URE.2024.136.15.25.27,URE,2024.136.15.25.27,earthquake,2927,,29.27,,3,0,0.7798,0.0,3.37,,6.7220001220703125,-76.74400329589844,11.17,1.8,7.751667,-75.532667,251.0,175.68,229.67
URE.2024.137.02.39.10,URE,2024.137.02.39.10,earthquake,3047,3986.0,30.47,39.86,4,3,0.6823,0.5423,13.65,10.36,7.113999843597412,-75.73400115966797,15.1,1.7,7.751667,-75.532667,251.0,73.94,197.51
URE.2024.137.03.50.30,URE,2024.137.03.50.30,earthquake,3076,4581.0,30.76,45.81,3,2,0.6154,0.4492,5.5,13.99,6.9679999351501465,-76.29000091552734,16.68,1.8,7.751667,-75.532667,251.0,120.43,224.02
URE.2024.137.10.25.01,URE,2024.137.10.25.01,earthquake,3135,,31.35,,4,0,0.7889,0.0,7.15,,7.026000022888184,-76.3030014038086,14.1,1.7,7.751667,-75.532667,251.0,116.93,226.71
URE.2024.138.00.47.46,URE,2024.138.00.47.46,earthquake,11052,,110.52,,3,0,0.4784,0.0,7.17,,6.895999908447266,-76.26799774169922,15.98,1.5,7.751667,-75.532667,251.0,124.69,220.68
URE.2024.138.06.03.54,URE,2024.138.06.03.54,earthquake,3139,4679.0,31.39,46.79,3,3,0.7385,0.502,1.54,8.46,7.005000114440918,-76.28800201416016,16.04,1.6,7.751667,-75.532667,251.0,117.36,225.33
URE.2024.138.11.25.29,URE,2024.138.11.25.29,earthquake,3219,10376.0,32.19,103.76,3,3,0.7833,0.4721,12.4,8.32,6.998000144958496,-76.24700164794922,14.28,1.9,7.751667,-75.532667,251.0,114.75,223.46
URE.2024.138.20.14.58,URE,2024.138.20.14.58,earthquake,2959,,29.59,,3,0,0.7266,0.0,4.42,,6.936999797821045,-76.28399658203125,7.18,1.9,7.751667,-75.532667,251.0,122.47,222.69
URE.2024.139.16.30.23,URE,2024.139.16.30.23,earthquake,3161,4150.0,31.61,41.5,3,4,0.9149,0.3287,14.26,3.58,7.129000186920166,-75.55599975585938,32.62,1.9,7.751667,-75.532667,251.0,68.91,182.14
URE.2024.140.02.06.00,URE,2024.140.02.06.00,earthquake,3167,11409.0,31.67,114.09,4,4,0.8315,0.5481,9.3,4.74,6.994999885559082,-76.29499816894531,14.45,1.8,7.751667,-75.532667,251.0,118.69,225.21
URE.2024.141.20.45.31,URE,2024.141.20.45.31,earthquake,2947,4521.0,29.47,45.21,3,2,0.5935,0.4687,7.69,15.4,6.896999835968018,-76.24299621582031,0.0,2.5,7.751667,-75.532667,251.0,122.82,219.73
URE.2024.142.11.08.10,URE,2024.142.11.08.10,earthquake,3309,5385.0,33.09,53.85,3,3,0.8286,0.3628,13.82,11.09,6.7779998779296875,-76.70600128173828,30.27,2.4,7.751667,-75.532667,251.0,168.47,230.35
URE.2024.142.20.02.34,URE,2024.142.20.02.34,earthquake,2932,4873.0,29.32,48.73,3,2,0.8362,0.6201,9.79,4.73,7.599999904632568,-77.04399871826172,9.69,2.1,7.751667,-75.532667,251.0,167.58,264.36
URE.2024.144.11.22.50,URE,2024.144.11.22.50,earthquake,3309,13158.0,33.09,131.58,3,4,0.8412,0.4276,8.32,10.56,6.961999893188477,-76.66699981689453,19.73,2.2,7.751667,-75.532667,251.0,152.68,235.19
URE.2024.144.20.36.45,URE,2024.144.20.36.45,earthquake,2944,4534.0,29.44,45.34,4,2,0.6754,0.354,2.67,10.37,6.947000026702881,-74.62300109863281,21.69,1.6,7.751667,-75.532667,251.0,134.19,131.48
URE.2024.144.21.06.35,URE,2024.144.21.06.35,earthquake,3162,4776.0,31.62,47.76,3,3,0.7737,0.4603,7.0,15.54,6.849999904632568,-76.19000244140625,19.49,1.8,7.751667,-75.532667,251.0,123.34,216.09
URE.2024.144.21.29.32,URE,2024.144.21.29.32,earthquake,3344,,33.44,,3,0,0.591,0.0,1.88,,5.271999835968018,-76.69400024414062,36.95,2.7,7.751667,-75.532667,251.0,302.81,205.17
URE.2024.145.00.07.32,URE,2024.145.00.07.32,earthquake,3162,4813.0,31.62,48.13,4,4,0.5812,0.616,1.81,19.74,6.918000221252441,-76.23400115966797,18.09,1.6,7.751667,-75.532667,251.0,120.4,220.07
URE.2024.146.01.02.40,URE,2024.146.01.02.40,earthquake,3206,4833.0,32.06,48.33,3,4,0.7196,0.4156,5.86,15.29,6.989999771118164,-76.3499984741211,20.66,1.9,7.751667,-75.532667,251.0,123.44,227.02
URE.2024.152.07.16.19,URE,2024.152.07.16.19,earthquake,3144,4205.0,31.44,42.05,3,2,0.8816,0.3162,11.65,8.24,7.15500020980835,-75.94999694824219,15.98,2.0,7.751667,-75.532667,251.0,80.48,214.95
URE.2024.152.07.21.10,URE,2024.152.07.21.10,earthquake,2763,3895.0,27.63,38.95,3,2,0.877,0.2559,42.09,11.55,7.192999839782715,-76.02200317382812,0.0,4.0,7.751667,-75.532667,251.0,82.07,221.19
URE.2024.152.07.37.56,URE,2024.152.07.37.56,earthquake,3083,4156.0,30.83,41.56,4,2,0.7901,0.3095,31.79,9.76,7.164000034332275,-75.96099853515625,16.74,2.9,7.751667,-75.532667,251.0,80.37,216.06
URE.2024.152.07.43.49,URE,2024.152.07.43.49,earthquake,3086,,30.86,,4,0,0.733,0.0,32.8,,7.181000232696533,-75.96199798583984,12.11,3.0,7.751667,-75.532667,251.0,78.92,216.93
URE.2024.152.07.52.38,URE,2024.152.07.52.38,earthquake,2855,3879.0,28.55,38.79,3,3,0.7848,0.3273,6.58,8.57,7.0980000495910645,-75.93199920654297,0.68,1.5,7.751667,-75.532667,251.0,84.67,211.4
URE.2024.152.08.14.29,URE,2024.152.08.14.29,earthquake,3178,,31.78,,3,0,0.8842,0.0,19.55,,7.177999973297119,-75.95899963378906,14.16,2.6,7.751667,-75.532667,251.0,78.99,216.59
URE.2024.152.09.09.11,URE,2024.152.09.09.11,earthquake,3247,4882.0,32.47,48.82,4,3,0.6295,0.5593,14.99,16.0,6.8470001220703125,-76.18499755859375,20.96,2.1,7.751667,-75.532667,251.0,123.28,215.79
URE.2024.153.00.02.30,URE,2024.153.00.02.30,earthquake,2739,4135.0,27.39,41.35,3,4,0.7806,0.6003,10.96,15.28,7.031000137329102,-76.29299926757812,2.94,1.6,7.751667,-75.532667,251.0,115.75,226.53
URE.2024.153.04.34.06,URE,2024.153.04.34.06,earthquake,3189,4720.0,31.89,47.2,3,3,0.7635,0.4977,4.85,1.26,7.000999927520752,-76.2750015258789,9.47,1.4,7.751667,-75.532667,251.0,116.66,224.68
URE.2024.153.19.25.37,URE,2024.153.19.25.37,earthquake,2808,3950.0,28.08,39.5,4,4,0.7454,0.5813,4.24,1.33,7.640999794006348,-74.74600219726562,10.14,1.5,7.751667,-75.532667,251.0,87.65,97.97
URE.2024.154.16.43.52,URE,2024.154.16.43.52,earthquake,3027,,30.27,,3,0,0.7314,0.0,9.43,,7.120999813079834,-75.96299743652344,13.4,2.0,7.751667,-75.532667,251.0,84.39,214.29
URE.2024.156.11.06.14,URE,2024.156.11.06.14,earthquake,3175,4745.0,31.75,47.45,3,2,0.5867,0.3636,2.76,13.48,6.835000038146973,-76.1989974975586,23.71,1.9,7.751667,-75.532667,251.0,125.26,216.02
URE.2024.157.16.41.33,URE,2024.157.16.41.33,earthquake,3143,4635.0,31.43,46.35,3,3,0.8057,0.3866,2.32,8.03,7.004000186920166,-76.29399871826172,27.7,1.6,7.751667,-75.532667,251.0,117.91,225.52
URE.2024.159.05.50.05,URE,2024.159.05.50.05,earthquake,3141.0,4815.0,31.41,48.15,4,3,0.6691,0.7119,10.89,21.65,6.920000076293945,-76.22899627685547,13.11,1.9,7.751667,-75.532667,251.0,119.88,219.94
URE.2024.159.06.16.37,URE,2024.159.06.16.37,earthquake,,4825.0,,48.25,0,4,0.0,0.6119,-0.17,18.33,6.932000160217285,-76.24099731445312,12.99,1.8,7.751667,-75.532667,251.0,119.72,220.83
URE.2024.159.06.49.02,URE,2024.159.06.49.02,earthquake,3155.0,8268.0,31.55,82.68,4,4,0.6773,0.5511,11.9,13.45,6.931000232696533,-76.23699951171875,14.75,1.8,7.751667,-75.532667,251.0,119.52,220.64
URE.2024.159.06.50.29,URE,2024.159.06.50.29,earthquake,7946.0,9602.0,79.46,96.02,4,4,0.6091,0.7427,1.1,14.11,6.926000118255615,-76.22899627685547,12.99,1.7,7.751667,-75.532667,251.0,119.37,220.14
URE.2024.159.06.54.25,URE,2024.159.06.54.25,earthquake,3137.0,4846.0,31.37,48.46,3,4,0.5349,0.5762,2.02,18.24,6.936999797821045,-76.23699951171875,12.99,1.7,7.751667,-75.532667,251.0,119.02,220.84
URE.2024.159.06.59.20,URE,2024.159.06.59.20,earthquake,3252.0,4945.0,32.52,49.45,3,3,0.7887,0.7529,16.69,25.42,6.951000213623047,-76.23100280761719,15.68,2.1,7.751667,-75.532667,251.0,117.41,221.09
URE.2024.159.17.58.41,URE,2024.159.17.58.41,earthquake,3351.0,5417.0,33.51,54.17,3,3,0.8948,0.547,29.55,14.39,6.77400016784668,-76.73100280761719,30.27,3.5,7.751667,-75.532667,251.0,170.89,230.83
URE.2024.161.07.19.58,URE,2024.161.07.19.58,earthquake,3099.0,,30.99,,3,0,0.869,0.0,9.19,,7.214000225067139,-76.07499694824219,13.16,1.6,7.751667,-75.532667,251.0,84.37,225.23
URE.2024.161.17.02.30,URE,2024.161.17.02.30,earthquake,2977.0,3756.0,29.77,37.56,3,3,0.8823,0.4985,4.44,6.68,7.2829999923706055,-75.18299865722656,16.33,1.5,7.751667,-75.532667,251.0,64.62,143.31
URE.2024.162.22.57.03,URE,2024.162.22.57.03,earthquake,12268.0,,122.68,,3,0,0.6798,0.0,19.06,,7.385000228881836,-72.81900024414062,13.63,1.5,7.751667,-75.532667,251.0,302.2,97.53
URE.2024.163.04.42.22,URE,2024.163.04.42.22,earthquake,3451.0,3566.0,34.51,35.66,3,2,0.4844,0.4077,11.68,12.8,5.288000106811523,-76.125,16.45,2.7,7.751667,-75.532667,251.0,280.22,193.56
URE.2024.163.08.20.36,URE,2024.163.08.20.36,earthquake,3046.0,4865.0,30.46,48.65,4,4,0.8224,0.6209,4.53,16.65,7.638999938964844,-74.2020034790039,33.11,1.7,7.751667,-75.532667,251.0,147.33,94.76
URE.2024.164.15.25.33,URE,2024.164.15.25.33,earthquake,11069.0,,110.69,,3,0,0.6767,0.0,1.94,,7.189000129699707,-76.197998046875,14.2,1.7,7.751667,-75.532667,251.0,96.26,229.77
URE.2024.165.08.12.43,URE,2024.165.08.12.43,earthquake,10529.0,,105.29,,3,0,0.4004,0.0,1.78,,6.789000034332275,-73.14299774169922,11.35,1.5,7.751667,-75.532667,251.0,284.56,111.82
URE.2024.165.08.36.29,URE,2024.165.08.36.29,earthquake,3015.0,,30.15,,4,0,0.4933,0.0,15.22,,6.998000144958496,-76.29199981689453,14.57,2.1,7.751667,-75.532667,251.0,118.22,225.22
URE.2024.165.15.44.13,URE,2024.165.15.44.13,earthquake,3273.0,4878.0,32.73,48.78,3,4,0.8989,0.6204,9.01,20.48,6.857999801635742,-76.18099975585938,20.72,2.5,7.751667,-75.532667,251.0,122.04,215.96
URE.2024.165.15.50.47,URE,2024.165.15.50.47,earthquake,3391.0,4995.0,33.91,49.95,3,3,0.7012,0.7097,6.87,18.41,6.945000171661377,-76.16899871826172,23.95,1.8,7.751667,-75.532667,251.0,113.56,218.26
URE.2024.166.15.09.40,URE,2024.166.15.09.40,earthquake,3258.0,4940.0,32.58,49.4,3,3,0.8711,0.3563,0.78,5.82,6.99399995803833,-76.36299896240234,10.35,1.8,7.751667,-75.532667,251.0,124.2,227.63
URE.2024.166.20.27.37,URE,2024.166.20.27.37,earthquake,3238.0,4880.0,32.38,48.8,3,2,0.8336,0.5387,17.44,15.26,6.960000038146973,-76.33899688720703,20.43,2.3,7.751667,-75.532667,251.0,124.86,225.53
URE.2024.166.21.10.37,URE,2024.166.21.10.37,earthquake,3190.0,4799.0,31.9,47.99,3,4,0.6102,0.5994,0.09,15.93,6.863999843597412,-76.16600036621094,18.67,1.9,7.751667,-75.532667,251.0,120.53,215.51
URE.2024.167.07.19.31,URE,2024.167.07.19.31,earthquake,3153.0,4785.0,31.53,47.85,4,3,0.6884,0.4639,11.96,13.45,6.974999904632568,-76.39700317382812,19.02,2.2,7.751667,-75.532667,251.0,128.39,228.07
URE.2024.167.20.22.32,URE,2024.167.20.22.32,earthquake,2991.0,4505.0,29.91,45.05,4,3,0.7708,0.4214,5.05,3.19,6.895999908447266,-76.2760009765625,0.0,1.9,7.751667,-75.532667,251.0,125.27,220.98
URE.2024.169.03.02.55,URE,2024.169.03.02.55,earthquake,3130.0,4755.0,31.3,47.55,4,3,0.656,0.6094,11.59,21.48,6.804999828338623,-76.21800231933594,17.62,2.2,7.751667,-75.532667,251.0,129.18,215.91
URE.2024.169.06.23.45,URE,2024.169.06.23.45,earthquake,3170.0,4657.0,31.7,46.57,3,2,0.8021,0.4832,2.79,10.9,6.998000144958496,-76.29000091552734,17.15,1.5,7.751667,-75.532667,251.0,118.06,225.14
URE.2024.173.22.43.07,URE,2024.173.22.43.07,earthquake,3204.0,5020.0,32.04,50.2,3,2,0.7573,0.7437,6.45,13.22,6.998000144958496,-76.6240005493164,15.98,2.4,7.751667,-75.532667,251.0,146.51,235.4
URE.2024.276.07.40.09,URE,2024.276.07.40.09,earthquake,3092.0,4805.0,30.92,48.05,4,3,0.5891,0.5471,14.33,6.51,6.974999904632568,-76.38200378417969,18.55,1.7,7.751667,-75.532667,251.0,127.17,227.57
URE.2024.276.20.49.17,URE,2024.276.20.49.17,earthquake,3061.0,4795.0,30.61,47.95,3,4,0.9162,0.4436,10.25,11.29,6.758999824523926,-76.36900329589844,23.95,1.8,7.751667,-75.532667,251.0,143.46,220.13
URE.2024.277.23.24.18,URE,2024.277.23.24.18,earthquake,3099.0,6509.0,30.99,65.09,3,2,0.7036,0.3513,6.08,6.97,6.896999835968018,-76.21299743652344,0.0,1.6,7.751667,-75.532667,251.0,120.73,218.52
URE.2024.280.03.06.12,URE,2024.280.03.06.12,noise,,,,,0,0,0.0,0.0,,,6.434000015258789,-77.3489990234375,15.0,2.0,7.751667,-75.532667,251.0,247.98,234.13
URE.2024.280.09.40.25,URE,2024.280.09.40.25,noise,,,,,0,0,0.0,0.0,,,5.004000186920166,-74.76599884033203,27.99,1.7,7.751667,-75.532667,251.0,315.47,164.36
URE.2024.280.21.22.48,URE,2024.280.21.22.48,earthquake,9851.0,,98.51,,3,0,0.5686,0.0,6.72,,6.956999778747559,-76.34200286865234,20.08,2.0,7.751667,-75.532667,251.0,125.33,225.53
URE.2024.281.01.29.58,URE,2024.281.01.29.58,earthquake,3144.0,4277.0,31.44,42.77,4,2,0.7736,0.4538,10.24,10.59,7.435999870300293,-76.25,25.12,1.6,7.751667,-75.532667,251.0,86.51,246.25
URE.2024.281.02.58.47,URE,2024.281.02.58.47,earthquake,11982.0,,119.82,,3,0,0.6688,0.0,4.66,,6.295000076293945,-76.70899963378906,3.0,1.6,7.751667,-75.532667,251.0,206.99,218.97
URE.2024.282.08.49.43,URE,2024.282.08.49.43,earthquake,3266.0,4922.0,32.66,49.22,3,2,0.8314,0.3178,3.36,16.38,6.839000225067139,-76.20700073242188,19.96,1.8,7.751667,-75.532667,251.0,125.43,216.46
URE.2024.282.09.29.25,URE,2024.282.09.29.25,earthquake,3171.0,,31.71,,3,0,0.804,0.0,8.29,,7.026000022888184,-76.27899932861328,15.98,1.5,7.751667,-75.532667,251.0,115.02,225.8
URE.2024.283.12.04.12,URE,2024.283.12.04.12,earthquake,3211.0,4423.0,32.11,44.23,3,3,0.7888,0.522,7.41,18.51,7.238999843597412,-76.22699737548828,19.96,1.8,7.751667,-75.532667,251.0,95.33,233.55
URE.2024.284.07.45.13,URE,2024.284.07.45.13,earthquake,3431.0,5453.0,34.31,54.53,3,2,0.6906,0.5277,15.54,12.06,6.761000156402588,-76.7249984741211,34.02,2.7,7.751667,-75.532667,251.0,171.29,230.31
URE.2024.285.07.03.19,URE,2024.285.07.03.19,earthquake,3184.0,4864.0,31.84,48.64,3,3,0.7732,0.4166,3.12,13.54,6.876999855041504,-76.34700012207031,15.27,1.6,7.751667,-75.532667,251.0,132.07,222.96
URE.2024.285.22.36.44,URE,2024.285.22.36.44,earthquake,2889.0,4565.0,28.89,45.65,3,4,0.7698,0.4869,18.91,19.48,6.932000160217285,-76.28399658203125,0.0,2.5,7.751667,-75.532667,251.0,122.88,222.51
URE.2024.286.00.13.15,URE,2024.286.00.13.15,earthquake,,4824.0,,48.24,0,3,0.0,0.4344,-1.78,11.57,6.932000160217285,-76.2760009765625,21.13,1.7,7.751667,-75.532667,251.0,122.28,222.21
URE.2024.286.03.44.21,URE,2024.286.03.44.21,earthquake,3231.0,4751.0,32.31,47.51,4,4,0.8052,0.4769,3.11,13.74,6.939000129699707,-76.25900268554688,9.88,1.1,7.751667,-75.532667,251.0,120.45,221.79
URE.2024.286.05.15.23,URE,2024.286.05.15.23,earthquake,3172.0,4668.0,31.72,46.68,3,3,0.629,0.4877,3.43,10.34,6.99399995803833,-76.28099822998047,18.55,1.6,7.751667,-75.532667,251.0,117.67,224.64
URE.2024.287.00.35.47,URE,2024.287.00.35.47,earthquake,3452.0,,34.52,,3,0,0.8783,0.0,0.96,,6.622000217437744,-76.7509994506836,33.67,1.6,7.751667,-75.532667,251.0,183.62,227.2
URE.2024.289.08.33.51,URE,2024.289.08.33.51,earthquake,3292.0,4913.0,32.92,49.13,3,3,0.6158,0.4248,0.86,3.46,6.958000183105469,-76.34300231933594,23.24,1.6,7.751667,-75.532667,251.0,125.33,225.6
URE.2024.290.10.00.34,URE,2024.290.10.00.34,earthquake,3320.0,5311.0,33.2,53.11,3,2,0.9121,0.4547,8.27,8.12,6.885000228881836,-76.70600128173828,28.52,2.4,7.751667,-75.532667,251.0,161.16,233.58
URE.2024.290.15.23.38,URE,2024.290.15.23.38,earthquake,3140.0,4697.0,31.4,46.97,3,2,0.7619,0.4574,16.53,11.69,7.025000095367432,-76.3290023803711,12.87,2.0,7.751667,-75.532667,251.0,119.11,227.62
URE.2024.291.01.58.34,URE,2024.291.01.58.34,earthquake,3228.0,5117.0,32.28,51.17,4,3,0.817,0.5937,15.44,17.81,6.732999801635742,-76.43800354003906,27.23,2.0,7.751667,-75.532667,251.0,150.62,221.65
URE.2024.292.22.10.33,URE,2024.292.22.10.33,earthquake,3148.0,4507.0,31.48,45.07,3,3,0.8716,0.3438,32.13,13.83,6.980999946594238,-75.94200134277344,16.04,3.1,7.751667,-75.532667,251.0,96.47,207.96
URE.2024.293.06.40.17,URE,2024.293.06.40.17,earthquake,3158.0,4797.0,31.58,47.97,3,3,0.8742,0.5031,11.0,19.38,6.828999996185303,-76.23699951171875,19.96,2.0,7.751667,-75.532667,251.0,128.3,217.36
URE.2024.294.00.50.49,URE,2024.294.00.50.49,earthquake,3372.0,5125.0,33.72,51.25,3,3,0.66,0.4736,0.8,11.56,6.8460001945495605,-76.36199951171875,15.04,1.4,7.751667,-75.532667,251.0,135.71,222.49
URE.2024.294.01.52.34,URE,2024.294.01.52.34,earthquake,3249.0,4885.0,32.49,48.85,4,3,0.793,0.4016,12.85,20.97,6.86299991607666,-76.23999786376953,21.07,2.0,7.751667,-75.532667,251.0,125.54,218.52
URE.2024.296.09.12.53,URE,2024.296.09.12.53,earthquake,3150.0,4691.0,31.5,46.91,3,3,0.9296,0.5712,11.24,8.63,7.078000068664551,-76.41000366210938,21.37,1.6,7.751667,-75.532667,251.0,122.19,232.49
URE.2024.297.22.26.15,URE,2024.297.22.26.15,earthquake,3409.0,5386.0,34.09,53.86,3,4,0.6982,0.5319,4.73,2.23,6.873000144958496,-76.65499877929688,27.93,1.7,7.751667,-75.532667,251.0,157.48,231.97
URE.2024.298.17.38.12,URE,2024.298.17.38.12,earthquake,3180.0,,31.8,,3,0,0.7918,0.0,6.29,-5.92,6.833000183105469,-76.19400024414062,17.85,1.7,7.751667,-75.532667,251.0,125.12,215.75
URE.2024.299.15.20.23,URE,2024.299.15.20.23,earthquake,,4607.0,,46.07,0,4,0.0,0.4178,-5.43,8.39,6.998000144958496,-76.26399993896484,19.26,1.7,7.751667,-75.532667,251.0,116.05,224.14
URE.2024.299.21.37.30,URE,2024.299.21.37.30,earthquake,3248.0,4900.0,32.48,49.0,3,4,0.8998,0.4227,0.29,10.29,6.855000019073486,-76.22599792480469,21.95,1.7,7.751667,-75.532667,251.0,125.28,217.71
URE.2024.299.21.40.05,URE,2024.299.21.40.05,earthquake,3304.0,5032.0,33.04,50.32,3,3,0.8147,0.5054,4.08,15.08,6.855999946594238,-76.28700256347656,24.88,1.8,7.751667,-75.532667,251.0,129.42,220.11
URE.2024.301.02.30.22,URE,2024.301.02.30.22,earthquake,2808.0,3863.0,28.08,38.63,3,4,0.6985,0.5922,1.43,12.09,7.270999908447266,-76.08300018310547,8.87,1.6,7.751667,-75.532667,251.0,80.72,228.84
URE.2024.301.04.53.03,URE,2024.301.04.53.03,earthquake,3195.0,4663.0,31.95,46.63,4,4,0.8636,0.4904,6.46,9.71,6.988999843597412,-76.28199768066406,0.0,1.3,7.751667,-75.532667,251.0,118.15,224.49
URE.2024.302.02.20.08,URE,2024.302.02.20.08,earthquake,3150.0,4662.0,31.5,46.62,3,3,0.5433,0.5415,4.37,4.75,7.0279998779296875,-76.27200317382812,12.17,1.5,7.751667,-75.532667,251.0,114.31,225.61
URE.2024.302.18.50.17,URE,2024.302.18.50.17,earthquake,,4814.0,,48.14,0,3,0.0,0.3045,-1.18,2.59,6.86299991607666,-76.24600219726562,18.55,1.5,7.751667,-75.532667,251.0,125.95,218.76
URE.2024.306.03.51.14,URE,2024.306.03.51.14,earthquake,3194.0,,31.94,,3,0,0.9077,0.0,10.0,,6.965000152587891,-76.26300048828125,18.5,1.6,7.751667,-75.532667,251.0,118.62,222.87
URE.2024.306.10.35.19,URE,2024.306.10.35.19,earthquake,3163.0,4803.0,31.63,48.03,3,3,0.7327,0.4659,12.46,18.04,6.9730000495910645,-76.22200012207031,13.81,1.9,7.751667,-75.532667,251.0,114.93,221.51
URE.2024.307.04.46.41,URE,2024.307.04.46.41,earthquake,3232.0,4726.0,32.32,47.26,3,2,0.9103,0.4354,12.1,12.03,7.0329999923706055,-76.26100158691406,23.3,1.9,7.751667,-75.532667,251.0,113.06,225.38
URE.2024.307.15.15.39,URE,2024.307.15.15.39,earthquake,3136.0,4149.0,31.36,41.49,3,4,0.825,0.47,5.89,8.91,7.301000118255615,-76.10800170898438,15.98,1.6,7.751667,-75.532667,251.0,80.72,231.91
URE.2024.308.16.34.41,URE,2024.308.16.34.41,earthquake,3277.0,4562.0,32.77,45.62,4,4,0.8482,0.4399,33.89,7.21,7.244999885559082,-76.21099853515625,27.58,2.3,7.751667,-75.532667,251.0,93.52,233.23
URE.2024.308.19.03.37,URE,2024.308.19.03.37,earthquake,3295.0,4960.0,32.95,49.6,4,2,0.8638,0.4171,23.44,15.0,7.291999816894531,-76.60900115966797,19.49,2.8,7.751667,-75.532667,251.0,129.21,246.9
URE.2024.308.23.14.58,URE,2024.308.23.14.58,earthquake,3244.0,4977.0,32.44,49.77,4,2,0.7952,0.5873,3.52,12.95,7.245999813079834,-76.61499786376953,21.37,2.0,7.751667,-75.532667,251.0,131.9,244.99
URE.2024.309.05.14.58,URE,2024.309.05.14.58,earthquake,2899.0,4874.0,28.99,48.74,3,3,0.6794,0.341,5.3,7.06,6.742000102996826,-76.73699951171875,9.31,1.6,7.751667,-75.532667,251.0,173.66,230.06
URE.2024.309.18.19.25,URE,2024.309.18.19.25,earthquake,3256.0,4758.0,32.56,47.58,3,2,0.7881,0.3801,2.88,4.35,6.966000080108643,-76.28299713134766,16.97,1.6,7.751667,-75.532667,251.0,120.05,223.68
URE.2024.310.19.27.07,URE,2024.310.19.27.07,earthquake,2977.0,,29.77,,3,0,0.8499,0.0,17.29,,6.660999774932861,-75.71800231933594,13.16,2.1,7.751667,-75.532667,251.0,122.34,189.64
URE.2024.310.23.20.11,URE,2024.310.23.20.11,earthquake,2825.0,4037.0,28.25,40.37,3,2,0.9168,0.4236,33.37,10.35,7.363999843597412,-76.20700073242188,2.87,3.0,7.751667,-75.532667,251.0,85.89,240.1
URE.2024.311.04.36.04,URE,2024.311.04.36.04,earthquake,3210.0,4449.0,32.1,44.49,3,4,0.7093,0.4316,15.44,13.83,7.1620001792907715,-76.12899780273438,24.94,2.1,7.751667,-75.532667,251.0,92.66,225.31
URE.2024.311.22.59.40,URE,2024.311.22.59.40,earthquake,3238.0,4782,32.38,47.82,4,3,0.8695,0.5562,9.14,13.02,6.9679999351501465,-76.2509994506836,19.49,2.0,7.751667,-75.532667,251.0,117.48,222.51
URE.2024.312.01.32.27,URE,2024.312.01.32.27,earthquake,3289.0,12655,32.89,126.55,3,2,0.8382,0.4314,6.3,1.25,6.835000038146973,-76.3290023803711,26.05,1.6,7.751667,-75.532667,251.0,134.2,220.99
URE.2024.312.12.58.14,URE,2024.312.12.58.14,earthquake,3481.0,5938,34.81,59.38,4,3,0.8472,0.5466,6.75,7.4,6.026000022888184,-76.48899841308594,34.73,2.6,7.751667,-75.532667,251.0,218.15,209.04
URE.2024.312.21.14.30,URE,2024.312.21.14.30,earthquake,3284.0,4825,32.84,48.25,3,3,0.7371,0.4069,2.61,4.13,6.995999813079834,-76.26599884033203,28.16,1.9,7.751667,-75.532667,251.0,116.36,224.14
URE.2024.313.10.11.06,URE,2024.313.10.11.06,earthquake,3150.0,4366,31.5,43.66,4,4,0.7022,0.3799,10.1,11.67,7.301000118255615,-76.1760025024414,25.59,1.7,7.751667,-75.532667,251.0,86.75,234.98
URE.2024.313.20.33.35,URE,2024.313.20.33.35,earthquake,3177.0,4849,31.77,48.49,3,4,0.81,0.3956,5.39,3.31,6.9070000648498535,-76.23999786376953,12.46,1.7,7.751667,-75.532667,251.0,121.76,219.94
URE.2024.314.01.32.41,URE,2024.314.01.32.41,earthquake,3185.0,4843,31.85,48.43,3,2,0.7626,0.3646,1.4,2.07,6.9019999504089355,-76.26000213623047,12.99,1.5,7.751667,-75.532667,251.0,123.61,220.57
URE.2024.314.04.30.40,URE,2024.314.04.30.40,earthquake,3101.0,4443,31.01,44.43,3,3,0.8855,0.3078,4.67,12.28,7.309000015258789,-76.33699798583984,25.12,1.6,7.751667,-75.532667,251.0,101.37,241.18
URE.2024.314.07.28.13,URE,2024.314.07.28.13,earthquake,3133.0,4855,31.33,48.55,3,3,0.8086,0.405,13.28,10.06,6.89900016784668,-76.26300048828125,13.22,1.6,7.751667,-75.532667,251.0,124.08,220.58
URE.2024.314.07.48.50,URE,2024.314.07.48.50,earthquake,3132.0,4847,31.32,48.47,3,2,0.7091,0.4902,2.35,5.69,6.8979997634887695,-76.26699829101562,11.82,1.5,7.751667,-75.532667,251.0,124.45,220.7
URE.2024.315.12.51.09,URE,2024.315.12.51.09,earthquake,2808.0,4540,28.08,45.4,4,3,0.73,0.4044,5.83,17.27,7.160999774932861,-76.6989974975586,14.89,2.0,7.751667,-75.532667,251.0,144.37,243.17
URE.2024.315.13.39.57,URE,2024.315.13.39.57,earthquake,2701.0,4412,27.01,44.12,3,4,0.8938,0.3793,12.5,8.69,7.183000087738037,-76.70500183105469,2.0,2.5,7.751667,-75.532667,251.0,143.88,244.16
URE.2024.315.13.52.04,URE,2024.315.13.52.04,earthquake,3191.0,4929,31.91,49.29,4,3,0.7782,0.4421,7.4,7.27,7.224999904632568,-76.69200134277344,18.32,2.1,7.751667,-75.532667,251.0,140.6,245.6
URE.2024.315.14.18.03,URE,2024.315.14.18.03,earthquake,2975.0,3949,29.75,39.49,4,4,0.81,0.6549,21.7,16.17,7.264999866485596,-74.91500091552734,15.98,2.4,7.751667,-75.532667,251.0,86.86,128.25
URE.2024.315.17.34.20,URE,2024.315.17.34.20,earthquake,,4914,,49.14,0,2,0.0,0.6593,-9.31,12.53,6.853000164031982,-76.28700256347656,20.25,2.1,7.751667,-75.532667,251.0,129.67,220.02
URE.2024.316.05.26.23,URE,2024.316.05.26.23,earthquake,3141.0,4752,31.41,47.52,3,2,0.7703,0.3097,0.33,10.49,7.001999855041504,-76.35399627685547,15.98,1.5,7.751667,-75.532667,251.0,122.87,227.62
URE.2024.316.09.22.53,URE,2024.316.09.22.53,earthquake,3050.0,4044,30.5,40.44,3,4,0.8861,0.5165,15.25,9.51,7.538000106811523,-74.85900115966797,16.45,1.6,7.751667,-75.532667,251.0,78.0,107.59
URE.2024.316.09.42.01,URE,2024.316.09.42.01,earthquake,,4377,,43.77,0,4,0.0,0.4907,-0.78,0.11,7.01200008392334,-76.30599975585938,13.87,1.5,7.751667,-75.532667,251.0,118.24,226.28
URE.2024.316.17.30.56,URE,2024.316.17.30.56,earthquake,3138.0,4630,31.38,46.3,4,2,0.7542,0.5671,6.74,1.82,6.986000061035156,-76.2750015258789,17.68,1.9,7.751667,-75.532667,251.0,117.84,224.11
URE.2024.317.03.38.34,URE,2024.317.03.38.34,earthquake,3060.0,3882,30.6,38.82,3,4,0.5785,0.5124,7.74,7.38,7.5229997634887695,-74.89099884033203,10.59,1.6,7.751667,-75.532667,251.0,75.18,109.61
URE.2024.317.08.59.09,URE,2024.317.08.59.09,earthquake,,5023,,50.23,0,3,0.0,0.4082,-0.33,7.87,6.936999797821045,-76.77200317382812,16.28,1.5,7.751667,-75.532667,251.0,163.83,236.72
URE.2024.317.11.53.27,URE,2024.317.11.53.27,earthquake,3241.0,4387,32.41,43.87,4,3,0.8276,0.532,16.38,12.51,7.146999835968018,-75.91000366210938,31.8,1.9,7.751667,-75.532667,251.0,78.78,211.94
URE.2024.318.04.37.41,URE,2024.318.04.37.41,earthquake,3209.0,4740,32.09,47.4,3,3,0.8841,0.567,15.03,15.51,6.992000102996826,-76.25800323486328,20.2,2.2,7.751667,-75.532667,251.0,116.07,223.67
URE.2024.318.16.26.46,URE,2024.318.16.26.46,earthquake,2890.0,4082,28.9,40.82,4,3,0.7784,0.185,13.47,3.12,7.23199987411499,-76.04100036621094,0.0,1.6,7.751667,-75.532667,251.0,80.32,224.35
URE.2024.318.16.56.26,URE,2024.318.16.56.26,earthquake,2985.0,4871,29.85,48.71,3,3,0.7922,0.3722,2.39,0.54,7.589000225067139,-74.04199981689453,21.69,1.7,7.751667,-75.532667,251.0,165.45,96.14
URE.2024.319.00.12.20,URE,2024.319.00.12.20,earthquake,3071.0,4009,30.71,40.09,3,4,0.823,0.4075,15.06,7.75,7.538000106811523,-74.8949966430664,12.93,1.7,7.751667,-75.532667,251.0,74.22,108.52
URE.2024.320.03.03.04,URE,2024.320.03.03.04,earthquake,3126.0,4745.0,31.26,47.45,3,2,0.7952,0.3133,8.62,10.94,7.025000095367432,-76.3270034790039,12.64,1.5,7.751667,-75.532667,251.0,118.95,227.55
URE.2024.321.04.14.01,URE,2024.321.04.14.01,earthquake,2948.0,,29.48,,3,0,0.7823,0.0,0.62,,7.599999904632568,-73.31700134277344,12.03,2.3,7.751667,-75.532667,251.0,245.03,93.78
URE.2024.321.07.08.21,URE,2024.321.07.08.21,earthquake,2983.0,3893.0,29.83,38.93,4,4,0.8492,0.5549,28.36,9.82,7.514999866485596,-74.87100219726562,13.16,2.1,7.751667,-75.532667,251.0,77.56,109.68
URE.2024.321.07.53.46,URE,2024.321.07.53.46,earthquake,3067.0,3941.0,30.67,39.41,3,2,0.786,0.5556,3.25,3.07,7.541999816894531,-74.9020004272461,9.88,1.5,7.751667,-75.532667,251.0,73.35,108.39
URE.2024.321.12.01.37,URE,2024.321.12.01.37,earthquake,,4023.0,,40.23,0,4,0.0,0.6041,-0.65,15.8,7.006999969482422,-75.25700378417969,25.99,1.6,7.751667,-75.532667,251.0,87.8,159.7
URE.2024.321.23.04.06,URE,2024.321.23.04.06,earthquake,3057.0,3959.0,30.57,39.59,3,4,0.9013,0.5243,7.14,9.23,7.552999973297119,-74.9000015258789,10.12,1.7,7.751667,-75.532667,251.0,73.18,107.43
URE.2024.321.23.25.34,URE,2024.321.23.25.34,earthquake,2886.0,4375.0,28.86,43.75,4,4,0.6834,0.5408,1.67,10.45,6.939000129699707,-76.27300262451172,7.13,1.6,7.751667,-75.532667,251.0,121.49,222.33
URE.2024.322.04.10.39,URE,2024.322.04.10.39,earthquake,2929.0,3749.0,29.29,37.49,3,3,0.7155,0.4104,6.41,4.03,7.533999919891357,-74.85199737548828,7.3,1.5,7.751667,-75.532667,251.0,78.87,107.73
URE.2024.322.07.08.47,URE,2024.322.07.08.47,noise,,,,,0,0,0.0,0.0,,,5.320000171661377,-76.58699798583984,15.98,1.5,7.751667,-75.532667,251.0,293.11,203.51
URE.2024.322.08.41.23,URE,2024.322.08.41.23,earthquake,2926.0,5260.0,29.26,52.6,4,2,0.8187,0.5655,9.43,8.43,6.26200008392334,-74.4469985961914,34.36,2.7,7.751667,-75.532667,251.0,203.79,143.87
URE.2024.322.10.21.55,URE,2024.322.10.21.55,earthquake,3173.0,4802.0,31.73,48.02,3,3,0.8409,0.4461,14.96,10.64,6.998000144958496,-76.24299621582031,12.93,1.9,7.751667,-75.532667,251.0,114.44,223.3
URE.2024.323.01.34.23,URE,2024.323.01.34.23,earthquake,3119.0,4695.0,31.19,46.95,4,3,0.8017,0.6031,11.45,12.88,6.995999813079834,-76.31400299072266,14.86,1.9,7.751667,-75.532667,251.0,120.11,225.96
URE.2024.323.06.54.49,URE,2024.323.06.54.49,earthquake,3254.0,4876.0,32.54,48.76,3,3,0.8384,0.4293,15.7,12.57,6.9710001945495605,-76.375,23.07,2.5,7.751667,-75.532667,251.0,126.9,227.18
URE.2024.323.07.13.06,URE,2024.323.07.13.06,earthquake,3154.0,4733.0,31.54,47.33,4,3,0.782,0.485,4.32,9.85,6.984000205993652,-76.38999938964844,15.92,1.5,7.751667,-75.532667,251.0,127.15,228.17
URE.2024.323.08.22.45,URE,2024.323.08.22.45,earthquake,3204.0,,32.04,,3,0,0.8584,0.0,7.07,,6.964000225067139,-76.24600219726562,20.96,1.7,7.751667,-75.532667,251.0,117.43,222.16
URE.2024.323.11.21.20,URE,2024.323.11.21.20,earthquake,3138.0,4615.0,31.38,46.15,3,3,0.6925,0.4926,5.74,16.01,6.959000110626221,-76.28399658203125,15.45,1.6,7.751667,-75.532667,251.0,120.69,223.47
URE.2024.324.00.40.36,URE,2024.324.00.40.36,earthquake,3110.0,4674.0,31.1,46.74,3,4,0.7123,0.3921,4.45,3.04,7.013999938964844,-76.3239974975586,12.75,1.7,7.751667,-75.532667,251.0,119.53,227.01
URE.2024.324.04.20.23,URE,2024.324.04.20.23,earthquake,3212.0,4793.0,32.12,47.93,4,3,0.8481,0.6423,22.48,14.87,7.031000137329102,-76.31900024414062,20.25,2.6,7.751667,-75.532667,251.0,117.85,227.5
URE.2024.324.05.41.19,URE,2024.324.05.41.19,earthquake,3221.0,4735.0,32.21,47.35,4,2,0.6691,0.425,10.2,12.7,6.986000061035156,-76.26200103759766,18.26,1.8,7.751667,-75.532667,251.0,116.85,223.61
URE.2024.324.15.22.24,URE,2024.324.15.22.24,earthquake,3136.0,4551.0,31.36,45.51,4,3,0.761,0.6188,23.21,16.38,7.126999855041504,-76.25399780273438,17.85,2.0,7.751667,-75.532667,251.0,105.42,229.1
URE.2024.324.16.15.31,URE,2024.324.16.15.31,earthquake,3137.0,4564.0,31.37,45.64,4,4,0.7947,0.4681,28.91,16.79,7.144000053405762,-76.24400329589844,15.98,2.5,7.751667,-75.532667,251.0,103.35,229.49
URE.2024.325.00.37.22,URE,2024.325.00.37.22,earthquake,3394.0,,33.94,,3,0,0.5409,0.0,2.45,-1.68,7.105999946594238,-77.1500015258789,25.35,2.2,7.751667,-75.532667,251.0,192.29,248.31
URE.2024.325.01.34.47,URE,2024.325.01.34.47,earthquake,11019.0,,110.19,,4,0,0.7605,0.0,10.1,,7.0320000648498535,-76.30899810791016,10.08,1.5,7.751667,-75.532667,251.0,116.96,227.17
URE.2024.325.18.31.11,URE,2024.325.18.31.11,earthquake,3244.0,4939.0,32.44,49.39,3,4,0.8515,0.394,14.91,0.63,7.728000164031982,-76.60600280761719,22.3,1.7,7.751667,-75.532667,251.0,118.43,268.81
URE.2024.325.19.07.09,URE,2024.325.19.07.09,earthquake,,4864.0,,48.64,0,2,0.0,0.5434,-10.16,4.3,6.982999801635742,-76.27300262451172,24.18,1.8,7.751667,-75.532667,251.0,117.93,223.92
URE.2024.326.02.53.50,URE,2024.326.02.53.50,earthquake,3242.0,,32.42,,3,0,0.8703,0.0,12.15,-1.15,6.854000091552734,-76.625,18.09,2.0,7.751667,-75.532667,251.0,156.22,230.61
URE.2024.326.09.20.48,URE,2024.326.09.20.48,earthquake,3133.0,4746.0,31.33,47.46,4,3,0.6512,0.4478,7.6,9.12,6.828000068664551,-76.19200134277344,15.57,1.7,7.751667,-75.532667,251.0,125.44,215.52
URE.2024.327.00.53.58,URE,2024.327.00.53.58,earthquake,,4690.0,,46.9,0,2,0.0,0.3939,-0.27,8.14,6.879000186920166,-76.36599731445312,12.85,1.6,7.751667,-75.532667,251.0,133.35,223.69
URE.2024.328.15.19.24,URE,2024.328.15.19.24,earthquake,3145.0,4729.0,31.45,47.29,4,3,0.755,0.5466,15.02,6.66,7.015999794006348,-76.31500244140625,15.21,2.2,7.751667,-75.532667,251.0,118.66,226.76
URE.2024.329.23.41.51,URE,2024.329.23.41.51,earthquake,3168.0,4592.0,31.68,45.92,3,3,0.8117,0.5618,5.21,17.86,7.105999946594238,-76.26300048828125,17.62,1.8,7.751667,-75.532667,251.0,107.7,228.52
URE.2024.330.08.43.33,URE,2024.330.08.43.33,earthquake,3135.0,4684.0,31.35,46.84,4,2,0.7624,0.4698,11.59,13.41,6.98799991607666,-76.26599884033203,16.86,1.8,7.751667,-75.532667,251.0,117.0,223.84
URE.2024.330.13.56.51,URE,2024.330.13.56.51,earthquake,3389.0,5336.0,33.89,53.36,3,3,0.918,0.3636,6.62,6.36,7.251999855041504,-76.89199829101562,28.63,1.9,7.751667,-75.532667,251.0,159.89,249.87
URE.2024.331.13.41.17,URE,2024.331.13.41.17,earthquake,3097.0,,30.97,,3,0,0.7382,0.0,4.87,,6.913000106811523,-76.22899627685547,14.1,1.5,7.751667,-75.532667,251.0,120.47,219.7
URE.2024.331.16.09.25,URE,2024.331.16.09.25,earthquake,3071.0,4610.0,30.71,46.1,3,3,0.7469,0.452,3.55,0.31,7.004000186920166,-76.31099700927734,12.99,1.8,7.751667,-75.532667,251.0,119.25,226.15
URE.2024.331.23.58.58,URE,2024.331.23.58.58,earthquake,3181.0,4781.0,31.81,47.81,3,2,0.7276,0.4773,1.15,4.64,6.946000099182129,-76.35199737548828,15.8,1.8,7.751667,-75.532667,251.0,126.97,225.49
URE.2024.332.03.02.27,URE,2024.332.03.02.27,earthquake,3386.0,,33.86,,3,0,0.8528,0.0,5.33,,6.495999813079834,-76.73799896240234,26.76,2.1,7.751667,-75.532667,251.0,192.38,223.87
URE.2024.332.03.58.40,URE,2024.332.03.58.40,earthquake,3158.0,4492.0,31.58,44.92,3,4,0.902,0.4533,5.84,13.01,7.059000015258789,-76.0780029296875,31.21,1.5,7.751667,-75.532667,251.0,97.43,218.2
URE.2024.332.21.17.29,URE,2024.332.21.17.29,earthquake,3107.0,4644.0,31.07,46.44,3,2,0.8869,0.4523,5.45,7.64,6.943999767303467,-76.27300262451172,21.02,2.0,7.751667,-75.532667,251.0,121.08,222.51
URE.2024.336.22.43.02,URE,2024.336.22.43.02,earthquake,,4785.0,,47.85,0,4,0.0,0.4416,-0.45,2.63,7.290999889373779,-76.80000305175781,18.67,1.5,7.751667,-75.532667,251.0,148.86,250.07
URE.2024.337.02.42.19,URE,2024.337.02.42.19,earthquake,3187.0,4512.0,31.87,45.12,3,4,0.7077,0.5889,13.81,18.85,7.239999771118164,-76.24500274658203,21.95,1.8,7.751667,-75.532667,251.0,96.87,234.3
URE.2024.337.07.36.30,URE,2024.337.07.36.30,earthquake,3290.0,5248.0,32.9,52.48,4,3,0.7831,0.6991,17.0,15.29,6.809000015258789,-76.58499908447266,33.67,2.3,7.751667,-75.532667,251.0,156.12,228.17
URE.2024.337.13.57.25,URE,2024.337.13.57.25,earthquake,2924.0,4084.0,29.24,40.84,4,4,0.9062,0.576,19.32,12.26,7.534999847412109,-76.31099700927734,17.73,2.1,7.751667,-75.532667,251.0,89.16,254.46
URE.2024.338.07.23.09,URE,2024.338.07.23.09,earthquake,3197.0,4799.0,31.97,47.99,3,4,0.6326,0.5605,3.13,20.51,6.876999855041504,-76.16699981689453,12.93,1.7,7.751667,-75.532667,251.0,119.43,215.95
URE.2024.338.21.30.46,URE,2024.338.21.30.46,earthquake,,4749.0,,47.49,0,4,0.0,0.5482,-3.33,17.17,6.86899995803833,-76.15599822998047,11.29,1.6,7.751667,-75.532667,251.0,119.44,215.23
URE.2024.339.04.15.14,URE,2024.339.04.15.14,earthquake,11205.0,,112.05,,4,0,0.8693,0.0,16.26,,6.8480000495910645,-76.12000274658203,13.16,1.6,7.751667,-75.532667,251.0,119.14,213.02
URE.2024.339.13.01.37,URE,2024.339.13.01.37,earthquake,2965.0,4579.0,29.65,45.79,3,4,0.9119,0.7995,10.14,12.36,6.859000205993652,-76.23400115966797,0.0,1.7,7.751667,-75.532667,251.0,125.47,218.16
URE.2024.340.00.54.47,URE,2024.340.00.54.47,earthquake,3166.0,4853.0,31.66,48.53,3,3,0.5424,0.4976,11.02,15.74,6.9679999351501465,-76.29199981689453,21.6,2.2,7.751667,-75.532667,251.0,120.58,224.1
URE.2024.340.09.27.57,URE,2024.340.09.27.57,earthquake,3256.0,4933.0,32.56,49.33,3,2,0.8374,0.2801,9.74,11.75,6.830999851226807,-76.18800354003906,21.13,1.6,7.751667,-75.532667,251.0,124.91,215.44
URE.2024.340.12.19.09,URE,2024.340.12.19.09,earthquake,3231.0,,32.31,,4,0,0.724,0.0,9.05,,6.854000091552734,-76.2249984741211,21.13,2.0,7.751667,-75.532667,251.0,125.3,217.64
URE.2024.340.22.24.40,URE,2024.340.22.24.40,earthquake,,4803.0,,48.03,0,3,0.0,0.4967,-1.95,14.04,6.921999931335449,-76.31099700927734,22.3,1.9,7.751667,-75.532667,251.0,125.72,223.18
URE.2024.341.07.48.56,URE,2024.341.07.48.56,earthquake,3253.0,4915.0,32.53,49.15,3,4,0.7707,0.3031,0.09,4.1,6.942999839782715,-76.2979965209961,20.66,1.6,7.751667,-75.532667,251.0,123.04,223.43
URE.2024.342.08.32.27,URE,2024.342.08.32.27,earthquake,3065.0,4773.0,30.65,47.73,3,3,0.888,0.5211,2.86,12.38,6.97599983215332,-76.25399780273438,0.0,1.7,7.751667,-75.532667,251.0,117.05,222.92
URE.2024.342.20.17.34,URE,2024.342.20.17.34,earthquake,2900.0,,29.0,,4,0,0.8126,0.0,10.09,,6.380000114440918,-73.67900085449219,12.8,3.2,7.751667,-75.532667,251.0,254.85,126.41
URE.2024.343.01.24.15,URE,2024.343.01.24.15,earthquake,,4872.0,,48.72,0,3,0.0,0.5998,-1.03,15.71,6.86899995803833,-76.13700103759766,17.62,2.4,7.751667,-75.532667,251.0,118.24,214.4
URE.2024.343.03.37.56,URE,2024.343.03.37.56,earthquake,3217.0,4805.0,32.17,48.05,3,3,0.5896,0.5101,0.22,11.26,6.8460001945495605,-76.12799835205078,13.4,1.5,7.751667,-75.532667,251.0,119.81,213.32
URE.2024.343.14.33.19,URE,2024.343.14.33.19,earthquake,3355.0,5837.0,33.55,58.37,3,2,0.905,0.4328,26.13,15.13,6.124000072479248,-76.38700103759766,15.74,3.3,7.751667,-75.532667,251.0,203.26,207.73
URE.2024.344.13.28.36,URE,2024.344.13.28.36,earthquake,2978.0,4705.0,29.78,47.05,3,2,0.9049,0.3988,12.36,11.05,6.770999908447266,-76.18499755859375,0.73,2.2,7.751667,-75.532667,251.0,130.2,213.64
URE.2024.344.13.28.50,URE,2024.344.13.28.50,earthquake,1608.0,3342.0,16.08,33.42,3,2,0.8522,0.4459,12.47,10.4,6.76200008392334,-76.23600006103516,0.0,2.3,7.751667,-75.532667,251.0,134.21,215.41
URE.2024.345.19.46.03,URE,2024.345.19.46.03,earthquake,3209.0,4817.0,32.09,48.17,3,3,0.701,0.4098,5.89,6.31,6.849999904632568,-76.23500061035156,20.2,1.8,7.751667,-75.532667,251.0,126.33,217.92
URE.2024.346.10.38.06,URE,2024.346.10.38.06,earthquake,3397.0,,33.97,,3,0,0.7406,0.0,1.92,,5.940999984741211,-76.6259994506836,36.95,2.0,7.751667,-75.532667,251.0,233.88,211.18
URE.2024.346.11.01.10,URE,2024.346.11.01.10,earthquake,2918.0,4652.0,29.18,46.52,3,4,0.8578,0.4202,7.33,10.09,6.656000137329102,-74.7979965209961,24.03,1.5,7.751667,-75.532667,251.0,145.83,146.15
URE.2024.347.00.21.05,URE,2024.347.00.21.05,earthquake,3000.0,4499.0,30.0,44.99,4,3,0.7928,0.4322,7.73,13.23,6.923999786376953,-76.15499877929688,0.0,1.8,7.751667,-75.532667,251.0,114.46,216.94
URE.2024.348.02.52.17,URE,2024.348.02.52.17,earthquake,,4851.0,,48.51,0,3,0.0,0.349,-2.34,8.55,6.943999767303467,-76.71199798583984,11.04,1.7,7.751667,-75.532667,251.0,157.9,235.63
URE.2024.349.01.47.31,URE,2024.349.01.47.31,earthquake,2950.0,4163.0,29.5,41.63,3,2,0.9311,0.3122,18.78,6.64,6.929999828338623,-75.16699981689453,19.02,2.1,7.751667,-75.532667,251.0,99.44,156.02
URE.2024.349.06.14.07,URE,2024.349.06.14.07,earthquake,,4997.0,,49.97,0,3,0.0,0.4058,-3.92,5.34,6.875999927520752,-76.62100219726562,0.0,1.5,7.751667,-75.532667,251.0,154.34,231.21
URE.2024.350.22.51.08,URE,2024.350.22.51.08,earthquake,3362.0,,33.62,,3,0,0.7219,0.0,7.19,,5.269000053405762,-76.68099975585938,36.13,3.1,7.751667,-75.532667,251.0,302.51,204.89
URE.2024.350.23.53.26,URE,2024.350.23.53.26,earthquake,2802.0,4705.0,28.02,47.05,3,3,0.869,0.5604,6.97,11.12,7.705999851226807,-76.89900207519531,1.0,1.7,7.751667,-75.532667,251.0,150.81,268.17
URE.2024.351.23.11.07,URE,2024.351.23.11.07,earthquake,3361.0,5067.0,33.61,50.67,3,2,0.8779,0.3933,7.2,2.61,7.285999774932861,-76.5260009765625,26.99,2.2,7.751667,-75.532667,251.0,121.13,244.9
URE.2024.353.03.40.48,URE,2024.353.03.40.48,earthquake,2978.0,4597.0,29.78,45.97,3,3,0.8726,0.4356,4.29,4.1,6.535999774932861,-75.16000366210938,17.97,2.0,7.751667,-75.532667,251.0,140.6,162.95
URE.2024.353.19.47.24,URE,2024.353.19.47.24,earthquake,3180.0,4353.0,31.8,43.53,3,4,0.8679,0.5041,5.5,2.39,7.396999835968018,-74.70700073242188,33.67,1.7,7.751667,-75.532667,251.0,99.2,113.24
URE.2024.354.00.03.15,URE,2024.354.00.03.15,earthquake,2970.0,4158.0,29.7,41.58,4,4,0.8681,0.5937,8.31,10.28,7.401000022888184,-74.73600006103516,24.48,1.5,7.751667,-75.532667,251.0,96.09,113.75
URE.2024.354.13.24.51,URE,2024.354.13.24.51,earthquake,9609.0,,96.09,,3,0,0.9032,0.0,5.44,,5.329999923706055,-76.5510025024414,25.82,1.8,7.751667,-75.532667,251.0,290.53,202.87
URE.2024.355.03.39.26,URE,2024.355.03.39.26,earthquake,3025.0,,30.25,,3,0,0.8848,0.0,8.38,,7.033999919891357,-77.20899963378906,13.15,2.2,7.751667,-75.532667,251.0,201.37,246.9
URE.2024.355.04.16.47,URE,2024.355.04.16.47,earthquake,2811.0,,28.11,,3,0,0.8498,0.0,8.02,,7.571000099182129,-76.88300323486328,0.0,2.0,7.751667,-75.532667,251.0,150.32,262.45
URE.2024.355.12.14.00,URE,2024.355.12.14.00,earthquake,3167.0,4734.0,31.67,47.34,4,4,0.7642,0.3203,18.24,8.71,6.870999813079834,-76.1780014038086,16.21,1.9,7.751667,-75.532667,251.0,120.68,216.23
URE.2024.355.13.16.52,URE,2024.355.13.16.52,earthquake,,4701.0,,47.01,0,2,0.0,0.6006,-1.06,2.73,7.035999774932861,-76.21499633789062,19.73,1.9,7.751667,-75.532667,251.0,109.26,223.63
URE.2024.355.15.16.22,URE,2024.355.15.16.22,earthquake,3185.0,,31.85,,3,0,0.8805,0.0,2.66,-1.79,6.9770002365112305,-76.13099670410156,4.73,1.5,7.751667,-75.532667,251.0,108.18,217.67
URE.2024.355.21.48.23,URE,2024.355.21.48.23,earthquake,3206.0,4844.0,32.06,48.44,4,4,0.593,0.5153,12.41,20.86,6.870999813079834,-76.18199920654297,14.57,1.8,7.751667,-75.532667,251.0,120.94,216.4
URE.2024.356.05.55.27,URE,2024.356.05.55.27,earthquake,2654.0,,26.54,,3,0,0.6449,0.0,5.44,,6.670000076293945,-72.96600341796875,1.25,2.1,7.751667,-75.532667,251.0,307.68,112.71
URE.2024.356.17.04.19,URE,2024.356.17.04.19,earthquake,10771.0,11071.0,107.71,110.71,3,3,0.9422,0.707,11.45,4.28,7.580999851226807,-74.29299926757812,33.24,1.5,7.751667,-75.532667,251.0,138.07,97.77
URE.2024.358.21.36.29,URE,2024.358.21.36.29,earthquake,2778.0,,27.78,,3,0,0.8859,0.0,5.48,,6.6539998054504395,-74.5999984741211,13.76,1.7,7.751667,-75.532667,251.0,159.21,139.62
URE.2024.358.23.03.28,URE,2024.358.23.03.28,earthquake,3091.0,4716.0,30.91,47.16,3,2,0.8091,0.5422,10.24,14.19,6.955999851226807,-76.24400329589844,16.21,1.4,7.751667,-75.532667,251.0,117.95,221.8
URE.2024.359.03.00.18,URE,2024.359.03.00.18,earthquake,3433.0,5440.0,34.33,54.4,3,2,0.679,0.351,6.63,7.28,7.3379998207092285,-77.0780029296875,34.14,2.0,7.751667,-75.532667,251.0,176.58,255.09
URE.2024.359.03.37.15,URE,2024.359.03.37.15,noise,,,,,0,0,0.0,0.0,,,6.3480000495910645,-76.6500015258789,18.05,1.7,7.751667,-75.532667,251.0,198.33,218.56
URE.2024.359.06.39.32,URE,2024.359.06.39.32,earthquake,3119.0,3714.0,31.19,37.14,4,4,0.8968,0.7942,37.48,17.69,7.3470001220703125,-75.59200286865234,19.67,3.7,7.751667,-75.532667,251.0,45.23,188.33
URE.2024.359.07.43.11,URE,2024.359.07.43.11,earthquake,,4722.0,,47.22,0,4,0.0,0.4825,-4.74,6.29,7.004000186920166,-76.2959976196289,16.62,1.6,7.751667,-75.532667,251.0,118.06,225.59
URE.2025.001.05.53.36,URE,2025.001.05.53.36,earthquake,3258.0,5124.0,32.58,51.24,3,3,0.9473,0.6118,21.54,15.5,7.052999973297119,-76.6760025024414,21.84,3.2,7.751667,-75.532667,251.0,147.99,238.6
URE.2025.002.00.18.45,URE,2025.002.00.18.45,earthquake,3151.0,4746.0,31.51,47.46,3,2,0.8166,0.4675,3.6,7.62,6.998000144958496,-76.38600158691406,15.98,1.6,7.751667,-75.532667,251.0,125.79,228.56
URE.2025.002.05.11.56,URE,2025.002.05.11.56,earthquake,3210.0,4787.0,32.1,47.87,4,3,0.7804,0.4257,0.27,10.44,6.97599983215332,-76.38400268554688,16.04,1.8,7.751667,-75.532667,251.0,127.25,227.67
URE.2025.003.06.24.25,URE,2025.003.06.24.25,earthquake,2877.0,3960.0,28.77,39.6,4,4,0.7253,0.4836,8.46,18.19,7.060999870300293,-75.30699920654297,21.39,1.8,7.751667,-75.532667,251.0,80.34,161.92
URE.2025.004.07.08.50,URE,2025.004.07.08.50,earthquake,2907.0,3891.0,29.07,38.91,4,4,0.6631,0.6035,16.79,14.61,7.124000072479248,-75.8219985961914,10.87,1.5,7.751667,-75.532667,251.0,76.41,204.73
URE.2025.004.07.40.26,URE,2025.004.07.40.26,earthquake,2958.0,,29.58,,3,0,0.6198,0.0,0.68,-0.38,7.014999866485596,-76.38700103759766,0.0,1.5,7.751667,-75.532667,251.0,124.63,229.24
URE.2025.004.11.53.55,URE,2025.004.11.53.55,earthquake,3443.0,,34.43,,3,0,0.6204,0.0,10.77,,5.97599983215332,-76.42400360107422,22.77,2.2,7.751667,-75.532667,251.0,219.7,206.7
URE.2025.004.20.14.12,URE,2025.004.20.14.12,earthquake,3269.0,4862.0,32.69,48.62,3,2,0.7566,0.4643,24.51,12.67,7.046000003814697,-76.31800079345703,16.27,2.3,7.751667,-75.532667,251.0,116.65,228.06
URE.2025.005.01.54.37,URE,2025.005.01.54.37,earthquake,3167.0,4824.0,31.67,48.24,3,3,0.8373,0.3735,15.35,14.86,6.85699987411499,-76.28900146484375,22.25,2.9,7.751667,-75.532667,251.0,129.48,220.22
URE.2025.005.02.42.22,URE,2025.005.02.42.22,earthquake,3244.0,4819.0,32.44,48.19,3,3,0.7088,0.3618,8.66,16.08,6.8520002365112305,-76.28900146484375,23.48,2.5,7.751667,-75.532667,251.0,129.9,220.06
URE.2025.005.02.43.55,URE,2025.005.02.43.55,earthquake,3177.0,,31.77,,3,0,0.6075,0.0,9.32,,6.873000144958496,-76.30000305175781,22.77,1.7,7.751667,-75.532667,251.0,128.93,221.14
URE.2025.005.10.03.06,URE,2025.005.10.03.06,earthquake,,4473.0,,44.73,0,3,0.0,0.403,-0.69,6.7,6.938000202178955,-76.39299774169922,4.3,1.5,7.751667,-75.532667,251.0,130.85,226.61
URE.2025.005.17.53.29,URE,2025.005.17.53.29,earthquake,3236.0,,32.36,,3,0,0.6783,0.0,0.37,,6.864999771118164,-76.29499816894531,22.07,1.6,7.751667,-75.532667,251.0,129.23,220.69
URE.2025.005.22.48.26,URE,2025.005.22.48.26,earthquake,3223.0,13124.0,32.23,131.24,3,3,0.4628,0.3656,15.89,12.19,6.951000213623047,-76.26399993896484,12.93,2.7,7.751667,-75.532667,251.0,119.84,222.41
URE.2025.005.23.50.19,URE,2025.005.23.50.19,earthquake,3107.0,4677.0,31.07,46.77,3,2,0.7699,0.6813,9.68,13.36,7.019999980926514,-76.31800079345703,12.99,1.7,7.751667,-75.532667,251.0,118.59,227.03
URE.2025.006.01.22.02,URE,2025.006.01.22.02,earthquake,5678.0,7329.0,56.78,73.29,4,2,0.7917,0.2815,37.27,14.4,6.854000091552734,-76.31199645996094,16.91,1.6,7.751667,-75.532667,251.0,131.38,220.97
URE.2025.006.01.22.28,URE,2025.006.01.22.28,earthquake,3117.0,11786.0,31.17,117.86,3,2,0.9257,0.3389,38.16,9.32,6.855000019073486,-76.2969970703125,21.43,3.7,7.751667,-75.532667,251.0,130.22,220.45
URE.2025.006.01.23.37,URE,2025.006.01.23.37,earthquake,12958.0,,129.58,,3,0,0.5165,0.0,3.0,,6.854000091552734,-76.30599975585938,22.77,2.2,7.751667,-75.532667,251.0,130.95,220.75
URE.2025.006.01.30.13,URE,2025.006.01.30.13,earthquake,9019.0,10555.0,90.19,105.55,3,2,0.7981,0.4179,5.39,2.52,6.894000053405762,-76.28299713134766,26.52,1.5,7.751667,-75.532667,251.0,125.94,221.18
URE.2025.006.01.31.11,URE,2025.006.01.31.11,earthquake,3149.0,4680.0,31.49,46.8,3,3,0.7888,0.366,6.81,3.76,6.985000133514404,-76.27300262451172,17.85,1.6,7.751667,-75.532667,251.0,117.77,224.0
URE.2025.006.17.18.28,URE,2025.006.17.18.28,earthquake,3166.0,4753.0,31.66,47.53,3,4,0.7851,0.4052,1.58,3.31,6.943999767303467,-76.25599670410156,11.28,1.7,7.751667,-75.532667,251.0,119.82,221.85
URE.2025.006.20.20.33,URE,2025.006.20.20.33,earthquake,3174.0,4837.0,31.74,48.37,3,3,0.7187,0.4993,8.41,22.52,6.85699987411499,-76.23200225830078,16.09,2.1,7.751667,-75.532667,251.0,125.51,218.02
URE.2025.007.06.50.33,URE,2025.007.06.50.33,earthquake,3175.0,,31.75,,3,0,0.814,0.0,7.06,-0.88,6.859000205993652,-76.29000091552734,21.95,1.5,7.751667,-75.532667,251.0,129.38,220.32
URE.2025.007.14.46.52,URE,2025.007.14.46.52,earthquake,2790.0,,27.9,,4,0,0.8435,0.0,10.06,-0.8,7.046000003814697,-75.58999633789062,2.17,1.5,7.751667,-75.532667,251.0,78.3,184.64
URE.2025.007.18.57.38,URE,2025.007.18.57.38,earthquake,2940.0,,29.4,,3,0,0.7644,0.0,0.21,-3.67,7.331999778747559,-77.04100036621094,12.99,1.8,7.751667,-75.532667,251.0,172.81,254.52
URE.2025.008.10.56.12,URE,2025.008.10.56.12,earthquake,3179.0,4841.0,31.79,48.41,3,2,0.5253,0.4286,4.58,17.53,6.872000217437744,-76.2509994506836,21.95,1.5,7.751667,-75.532667,251.0,125.52,219.24
URE.2025.009.01.30.18,URE,2025.009.01.30.18,earthquake,3151.0,4739.0,31.51,47.39,3,3,0.7755,0.5653,4.53,7.49,7.013000011444092,-76.31700134277344,14.16,1.7,7.751667,-75.532667,251.0,119.04,226.72
URE.2025.009.02.43.22,URE,2025.009.02.43.22,earthquake,3231.0,,32.31,,3,0,0.7065,0.0,1.29,,6.817999839782715,-76.4229965209961,4.96,1.7,7.751667,-75.532667,251.0,142.58,223.65
URE.2025.009.02.45.15,URE,2025.009.02.45.15,earthquake,,4777.0,,47.77,0,3,0.0,0.4375,-1.78,10.96,6.934999942779541,-76.37000274658203,12.99,1.6,7.751667,-75.532667,251.0,129.25,225.72
URE.2025.009.13.06.29,URE,2025.009.13.06.29,earthquake,3227.0,5065.0,32.27,50.65,3,2,0.8196,0.4228,13.85,8.14,6.973999977111816,-76.625,24.3,2.4,7.751667,-75.532667,251.0,148.13,234.58
URE.2025.010.03.55.44,URE,2025.010.03.55.44,earthquake,3192.0,4873.0,31.92,48.73,3,2,0.7339,0.5246,2.48,14.9,6.860000133514404,-76.24199676513672,20.43,1.7,7.751667,-75.532667,251.0,125.93,218.51
URE.2025.010.22.45.15,URE,2025.010.22.45.15,earthquake,2893.0,4191.0,28.93,41.91,3,4,0.8773,0.4085,14.04,10.58,7.098999977111816,-76.18000030517578,18.0,2.4,7.751667,-75.532667,251.0,101.57,224.76
URE.2025.011.06.18.09,URE,2025.011.06.18.09,earthquake,,5280.0,,52.8,0,4,0.0,0.5035,-1.41,14.28,5.4629998207092285,-74.6989974975586,22.07,1.7,7.751667,-75.532667,251.0,269.37,159.94
URE.2025.011.14.54.28,URE,2025.011.14.54.28,earthquake,3174.0,4857.0,31.74,48.57,3,2,0.9214,0.486,6.55,18.25,6.860000133514404,-76.23500061035156,19.02,1.2,7.751667,-75.532667,251.0,125.45,218.23
URE.2025.012.05.44.39,URE,2025.012.05.44.39,earthquake,,4932.0,,49.32,0,2,0.0,0.5852,-1.44,20.05,6.86899995803833,-76.19200134277344,22.07,2.1,7.751667,-75.532667,251.0,121.78,216.76
URE.2025.012.08.01.46,URE,2025.012.08.01.46,earthquake,3351.0,,33.51,,3,0,0.8611,0.0,3.47,,6.855999946594238,-76.68900299072266,31.91,1.7,7.751667,-75.532667,251.0,161.6,232.27
URE.2025.014.06.35.08,URE,2025.014.06.35.08,earthquake,3211.0,4742.0,32.11,47.42,4,3,0.7744,0.5523,3.14,20.14,6.986999988555908,-76.25299835205078,19.02,1.6,7.751667,-75.532667,251.0,116.09,223.29
URE.2025.014.10.28.59,URE,2025.014.10.28.59,earthquake,3219.0,4896.0,32.19,48.96,3,4,0.833,0.577,3.87,14.16,6.843999862670898,-76.21800231933594,21.84,1.6,7.751667,-75.532667,251.0,125.71,217.06
URE.2025.014.12.03.26,URE,2025.014.12.03.26,earthquake,3102.0,4175.0,31.02,41.75,3,2,0.5833,0.288,2.74,2.35,7.057000160217285,-75.03500366210938,24.88,1.6,7.751667,-75.532667,251.0,94.45,144.4
URE.2025.014.17.10.40,URE,2025.014.17.10.40,earthquake,3113.0,4605.0,31.13,46.05,3,4,0.5965,0.5002,2.61,3.3,6.9070000648498535,-76.0,28.16,1.5,7.751667,-75.532667,251.0,106.72,208.95
URE.2025.015.05.05.33,URE,2025.015.05.05.33,earthquake,3066.0,4174.0,30.66,41.74,4,4,0.8348,0.396,4.19,7.96,7.451000213623047,-74.6780014038086,31.91,2.2,7.751667,-75.532667,251.0,100.0,109.36
URE.2025.015.05.14.40,URE,2025.015.05.14.40,earthquake,3130.0,4755.0,31.3,47.55,3,4,0.8175,0.4588,4.66,10.96,6.986999988555908,-76.25800323486328,14.86,1.5,7.751667,-75.532667,251.0,116.47,223.49
URE.2025.015.09.48.54,URE,2025.015.09.48.54,earthquake,3091.0,4471.0,30.91,44.71,3,3,0.8178,0.4339,9.97,11.27,7.111999988555908,-76.2760009765625,16.45,1.5,7.751667,-75.532667,251.0,108.34,229.28
URE.2025.016.06.28.38,URE,2025.016.06.28.38,earthquake,3215.0,4835.0,32.15,48.35,3,4,0.8271,0.5027,2.86,0.09,6.945000171661377,-76.24299621582031,14.39,1.6,7.751667,-75.532667,251.0,118.78,221.37
URE.2025.017.08.53.19,URE,2025.017.08.53.19,earthquake,3337.0,,33.37,,3,0,0.7004,0.0,4.31,,6.508999824523926,-76.71900177001953,28.87,2.1,7.751667,-75.532667,251.0,189.89,223.71
URE.2025.017.13.24.17,URE,2025.017.13.24.17,earthquake,3072.0,3676.0,30.72,36.76,4,4,0.9326,0.6757,19.11,11.58,7.747000217437744,-75.0719985961914,15.98,2.4,7.751667,-75.532667,251.0,50.82,90.55
URE.2025.019.19.17.27,URE,2025.019.19.17.27,earthquake,3105.0,,31.05,,3,0,0.6576,0.0,1.85,,7.111999988555908,-76.18599700927734,26.29,1.5,7.751667,-75.532667,251.0,101.02,225.6
URE.2025.020.18.17.05,URE,2025.020.18.17.05,earthquake,3230.0,4844.0,32.3,48.44,3,3,0.7675,0.6101,4.77,21.8,6.908999919891357,-76.19100189208984,22.77,2.2,7.751667,-75.532667,251.0,118.19,218.0
URE.2025.020.18.32.45,URE,2025.020.18.32.45,earthquake,3074.0,4705.0,30.74,47.05,4,2,0.6974,0.7587,6.68,22.36,6.85699987411499,-76.1729965209961,15.21,2.4,7.751667,-75.532667,251.0,121.61,215.59
URE.2025.021.19.16.09,URE,2025.021.19.16.09,earthquake,3321,5353.0,33.21,53.53,3,2,0.7902,0.4243,0.47,8.67,7.192999839782715,-76.9729995727539,30.27,2.1,7.751667,-75.532667,251.0,170.57,248.86
URE.2025.022.03.23.32,URE,2025.022.03.23.32,earthquake,3153,4642.0,31.53,46.42,3,3,0.64,0.363,1.04,2.14,6.999000072479248,-76.28199768066406,14.39,1.5,7.751667,-75.532667,251.0,117.36,224.87
URE.2025.023.20.16.41,URE,2025.023.20.16.41,earthquake,3318,5389.0,33.18,53.89,3,3,0.7973,0.5951,7.27,10.41,6.732999801635742,-76.6989974975586,23.01,2.6,7.751667,-75.532667,251.0,171.12,228.9
URE.2025.024.02.20.05,URE,2025.024.02.20.05,earthquake,3240,4678.0,32.4,46.78,3,2,0.7944,0.5948,14.4,16.72,7.413000106811523,-76.43000030517578,19.26,2.0,7.751667,-75.532667,251.0,105.87,249.34
URE.2025.024.05.57.15,URE,2025.024.05.57.15,earthquake,3112,4688.0,31.12,46.88,3,4,0.5768,0.4008,5.26,14.67,6.880000114440918,-76.20999908447266,16.27,1.5,7.751667,-75.532667,251.0,122.01,217.85
URE.2025.024.07.50.09,URE,2025.024.07.50.09,earthquake,3186,4652.0,31.86,46.52,3,3,0.7044,0.4541,5.34,13.96,6.958000183105469,-76.2760009765625,17.79,1.8,7.751667,-75.532667,251.0,120.17,223.13
URE.2025.024.20.56.13,URE,2025.024.20.56.13,earthquake,3138,4657.0,31.38,46.57,4,3,0.7212,0.3093,7.15,2.84,7.002999782562256,-76.31199645996094,13.52,1.7,7.751667,-75.532667,251.0,119.41,226.15
URE.2025.026.06.12.08,URE,2025.026.06.12.08,earthquake,3193,4938.0,31.93,49.38,3,3,0.9024,0.465,0.17,2.6,6.800000190734863,-76.3489990234375,21.95,1.5,7.751667,-75.532667,251.0,138.58,220.63
URE.2025.026.06.52.31,URE,2025.026.06.52.31,earthquake,3227,4863.0,32.27,48.63,3,3,0.521,0.4998,6.07,15.07,6.927000045776367,-76.26300048828125,12.99,1.8,7.751667,-75.532667,251.0,121.74,221.53
URE.2025.026.19.18.28,URE,2025.026.19.18.28,earthquake,3235,4378.0,32.35,43.78,3,3,0.5506,0.4402,0.38,13.04,7.328000068664551,-76.22799682617188,15.98,1.6,7.751667,-75.532667,251.0,89.91,238.64
URE.2025.027.04.51.00,URE,2025.027.04.51.00,earthquake,13094,,130.94,,3,0,0.824,0.0,3.04,,6.2210001945495605,-74.28399658203125,24.82,1.7,7.751667,-75.532667,251.0,218.38,140.74
URE.2025.027.05.18.42,URE,2025.027.05.18.42,earthquake,3109,4723.0,31.09,47.23,3,3,0.5265,0.4211,4.82,10.88,6.934000015258789,-76.3489990234375,16.97,1.9,7.751667,-75.532667,251.0,127.68,224.96
URE.2025.027.05.58.38,URE,2025.027.05.58.38,earthquake,3183,4837.0,31.83,48.37,3,3,0.6511,0.3448,3.58,15.51,6.8480000495910645,-76.2969970703125,15.98,1.2,7.751667,-75.532667,251.0,130.81,220.23
URE.2025.027.10.54.46,URE,2025.027.10.54.46,earthquake,2602,4493.0,26.02,44.93,3,4,0.4916,0.44,1.1,10.17,7.409999847412109,-74.19300079345703,0.0,1.7,7.751667,-75.532667,251.0,152.59,104.25
URE.2025.028.08.08.44,URE,2025.028.08.08.44,earthquake,4389,,43.89,,3,0,0.5685,0.0,4.83,,7.113999843597412,-76.65699768066406,25.59,1.9,7.751667,-75.532667,251.0,142.75,240.47
URE.2025.030.04.42.06,URE,2025.030.04.42.06,earthquake,3249,5015.0,32.49,50.15,3,2,0.8127,0.3826,12.22,5.33,6.801000118255615,-76.34400177001953,26.76,1.9,7.751667,-75.532667,251.0,138.13,220.49
URE.2025.030.09.35.08,URE,2025.030.09.35.08,earthquake,3381,,33.81,,3,0,0.903,0.0,4.74,,7.24399995803833,-77.16000366210938,32.62,2.5,7.751667,-75.532667,251.0,188.19,252.75
URE.2025.030.14.04.17,URE,2025.030.14.04.17,earthquake,3150,4762.0,31.5,47.62,3,4,0.835,0.4209,0.04,14.94,6.936999797821045,-76.23799896240234,13.87,1.7,7.751667,-75.532667,251.0,119.09,220.89
URE.2025.031.09.56.35,URE,2025.031.09.56.35,earthquake,3230.0,4833.0,32.3,48.33,3,2,0.8943,0.5147,12.32,12.34,7.0320000648498535,-76.31500244140625,17.21,2.3,7.751667,-75.532667,251.0,117.45,227.39
URE.2025.031.22.35.26,URE,2025.031.22.35.26,earthquake,3355.0,,33.55,,3,0,0.8621,0.0,4.06,,6.6570000648498535,-76.69200134277344,33.32,2.1,7.751667,-75.532667,251.0,176.21,226.68
URE.2025.032.09.41.43,URE,2025.032.09.41.43,earthquake,3142.0,4752.0,31.42,47.52,4,3,0.6446,0.374,2.14,9.88,6.946000099182129,-76.25499725341797,9.59,1.7,7.751667,-75.532667,251.0,119.58,221.88
URE.2025.032.19.16.44,URE,2025.032.19.16.44,earthquake,3036.0,,30.36,,3,0,0.8161,0.0,0.52,-3.08,6.942999839782715,-76.26599884033203,0.0,1.6,7.751667,-75.532667,251.0,120.64,222.2
URE.2025.034.05.37.01,URE,2025.034.05.37.01,earthquake,2835.0,,28.35,,3,0,0.7796,0.0,0.92,,7.636000156402588,-77.26699829101562,14.24,1.8,7.751667,-75.532667,251.0,191.77,266.29
URE.2025.034.10.00.17,URE,2025.034.10.00.17,earthquake,3206.0,,32.06,,3,0,0.7901,0.0,5.44,-1.22,6.980999946594238,-76.2750015258789,16.97,1.9,7.751667,-75.532667,251.0,118.24,223.93
URE.2025.034.10.28.47,URE,2025.034.10.28.47,earthquake,3362.0,,33.62,,3,0,0.8416,0.0,0.96,-0.27,6.817999839782715,-76.697998046875,25.82,2.2,7.751667,-75.532667,251.0,164.99,231.33
URE.2025.035.01.39.42,URE,2025.035.01.39.42,earthquake,3013.0,3716.0,30.13,37.16,4,3,0.9073,0.4963,22.42,11.03,7.288000106811523,-75.51200103759766,15.98,1.9,7.751667,-75.532667,251.0,51.33,177.45
URE.2025.035.16.09.59,URE,2025.035.16.09.59,earthquake,3023.0,4081.0,30.23,40.81,4,4,0.8084,0.6145,10.43,11.74,7.24399995803833,-75.90599822998047,24.41,1.7,7.751667,-75.532667,251.0,69.64,216.3
URE.2025.036.02.16.52,URE,2025.036.02.16.52,earthquake,,4493.0,,44.93,0,2,0.0,0.5447,-1.21,14.06,7.059000015258789,-75.98200225830078,33.55,1.5,7.751667,-75.532667,251.0,91.26,212.95
URE.2025.036.19.16.45,URE,2025.036.19.16.45,earthquake,3172.0,4853.0,31.72,48.53,4,3,0.6856,0.5531,22.21,11.66,6.879000186920166,-76.18199920654297,20.84,3.3,7.751667,-75.532667,251.0,120.23,216.65
URE.2025.037.00.22.25,URE,2025.037.00.22.25,earthquake,3230.0,4852.0,32.3,48.52,4,3,0.8081,0.5512,5.7,13.7,6.867000102996826,-76.18000030517578,21.13,1.8,7.751667,-75.532667,251.0,121.17,216.19
URE.2025.037.14.39.12,URE,2025.037.14.39.12,earthquake,13065.0,,130.65,,3,0,0.8494,0.0,5.27,-2.0,6.531000137329102,-74.13500213623047,26.34,2.0,7.751667,-75.532667,251.0,205.08,131.08
URE.2025.037.14.40.51,URE,2025.037.14.40.51,earthquake,3195.0,4494.0,31.95,44.94,3,3,0.8238,0.5386,5.39,6.74,7.326000213623047,-76.26599884033203,11.05,1.8,7.751667,-75.532667,251.0,93.63,239.86
URE.2025.038.04.20.17,URE,2025.038.04.20.17,earthquake,2741.0,4473.0,27.41,44.73,3,2,0.9015,0.6445,5.76,5.98,6.849999904632568,-74.4990005493164,1.64,2.2,7.751667,-75.532667,251.0,151.56,131.07
URE.2025.038.06.42.04,URE,2025.038.06.42.04,earthquake,3099.0,4700.0,30.99,47.0,3,3,0.7672,0.3489,3.67,8.21,6.854000091552734,-76.31199645996094,16.91,1.6,7.751667,-75.532667,251.0,131.38,220.97
URE.2025.038.07.31.00,URE,2025.038.07.31.00,earthquake,2970.0,4990.0,29.7,49.9,3,3,0.8631,0.4504,4.28,8.19,7.264999866485596,-77.08200073242188,19.9,2.0,7.751667,-75.532667,251.0,179.27,252.63
URE.2025.038.15.18.52,URE,2025.038.15.18.52,earthquake,7611.0,9025.0,76.11,90.25,3,2,0.8737,0.3641,1.33,1.42,7.074999809265137,-76.70899963378906,10.96,1.9,7.751667,-75.532667,251.0,149.88,240.12
URE.2025.039.00.36.03,URE,2025.039.00.36.03,earthquake,3398.0,,33.98,,3,0,0.9268,0.0,11.92,,5.51800012588501,-74.6719970703125,29.16,3.2,7.751667,-75.532667,251.0,264.72,158.88
URE.2025.040.00.31.38,URE,2025.040.00.31.38,earthquake,3245.0,4965.0,32.45,49.65,3,2,0.7808,0.5268,8.97,2.23,6.913000106811523,-76.31800079345703,19.79,2.6,7.751667,-75.532667,251.0,126.97,223.12
URE.2025.040.01.03.35,URE,2025.040.01.03.35,earthquake,3246.0,4943.0,32.46,49.43,3,2,0.7943,0.4925,9.67,4.06,6.913000106811523,-76.3489990234375,19.02,2.0,7.751667,-75.532667,251.0,129.33,224.23
URE.2025.040.01.44.52,URE,2025.040.01.44.52,earthquake,3195.0,4907.0,31.95,49.07,4,2,0.7598,0.5474,9.23,0.14,6.9070000648498535,-76.33799743652344,20.66,2.3,7.751667,-75.532667,251.0,128.97,223.64
URE.2025.040.07.46.53,URE,2025.040.07.46.53,earthquake,817.0,3889.0,8.17,38.89,3,3,0.5915,0.609,0.18,10.45,7.236000061035156,-76.05699920654297,11.24,1.5,7.751667,-75.532667,251.0,81.25,225.46
URE.2025.040.09.46.38,URE,2025.040.09.46.38,earthquake,3255.0,4914.0,32.55,49.14,4,3,0.6887,0.5786,15.69,14.85,6.943999767303467,-76.24600219726562,15.33,2.1,7.751667,-75.532667,251.0,119.09,221.45
URE.2025.040.11.25.08,URE,2025.040.11.25.08,earthquake,3179.0,4843.0,31.79,48.43,3,3,0.9005,0.5394,6.72,13.63,6.927999973297119,-76.2509994506836,13.4,1.8,7.751667,-75.532667,251.0,120.78,221.09
URE.2025.041.08.24.45,URE,2025.041.08.24.45,earthquake,3089.0,4552.0,30.89,45.52,4,4,0.8679,0.5725,2.54,9.87,6.939000129699707,-74.69300079345703,19.02,1.9,7.751667,-75.532667,251.0,129.12,134.06
URE.2025.041.16.30.54,URE,2025.041.16.30.54,earthquake,3129.0,4425.0,31.29,44.25,4,3,0.7137,0.4117,13.07,3.19,7.11899995803833,-76.2030029296875,20.2,2.0,7.751667,-75.532667,251.0,101.84,226.65
URE.2025.042.00.58.14,URE,2025.042.00.58.14,earthquake,3019.0,4487.0,30.19,44.87,4,3,0.8159,0.5275,5.97,11.39,6.918000221252441,-74.69100189208984,19.73,1.8,7.751667,-75.532667,251.0,130.91,134.72
URE.2025.042.05.21.07,URE,2025.042.05.21.07,earthquake,3240.0,4975.0,32.4,49.75,3,3,0.9069,0.57,1.14,16.01,6.890999794006348,-76.34400177001953,19.84,2.1,7.751667,-75.532667,251.0,130.71,223.32
URE.2025.043.03.06.13,URE,2025.043.03.06.13,earthquake,3248.0,4874.0,32.48,48.74,3,3,0.8783,0.5399,13.06,13.34,6.948999881744385,-76.33999633789062,19.67,1.8,7.751667,-75.532667,251.0,125.8,225.17
URE.2025.044.04.36.19,URE,2025.044.04.36.19,earthquake,3179.0,4663.0,31.79,46.63,3,2,0.6609,0.3326,2.98,11.01,7.000999927520752,-76.29000091552734,15.45,1.7,7.751667,-75.532667,251.0,117.83,225.25
URE.2025.044.05.05.44,URE,2025.044.05.05.44,earthquake,3169.0,4823.0,31.69,48.23,4,3,0.7404,0.5942,9.4,1.94,6.923999786376953,-76.2490005493164,14.34,2.0,7.751667,-75.532667,251.0,120.97,220.88
URE.2025.044.10.25.42,URE,2025.044.10.25.42,earthquake,3198.0,4762.0,31.98,47.62,3,3,0.7335,0.5999,1.0,8.21,7.039999961853027,-76.31999969482422,13.57,1.8,7.751667,-75.532667,251.0,117.26,227.89
URE.2025.045.06.15.07,URE,2025.045.06.15.07,earthquake,3119.0,4289.0,31.19,42.89,3,4,0.8547,0.6226,9.06,8.43,7.168000221252441,-76.08599853515625,25.7,1.5,7.751667,-75.532667,251.0,88.87,223.45
URE.2025.047.11.23.07,URE,2025.047.11.23.07,earthquake,3132.0,4472.0,31.32,44.72,3,3,0.6741,0.472,5.69,8.68,7.09499979019165,-74.66200256347656,27.93,1.5,7.751667,-75.532667,251.0,120.47,127.02
URE.2025.048.00.22.21,URE,2025.048.00.22.21,earthquake,2778.0,4635.0,27.78,46.35,4,4,0.7557,0.3535,16.21,11.7,6.579999923706055,-74.64800262451172,4.57,3.0,7.751667,-75.532667,251.0,162.29,142.92
URE.2025.048.01.37.41,URE,2025.048.01.37.41,earthquake,,4519.0,,45.19,0,4,0.0,0.4414,-3.71,4.03,6.833000183105469,-76.06300354003906,0.21,1.6,7.751667,-75.532667,251.0,117.27,209.99
URE.2025.048.02.12.45,URE,2025.048.02.12.45,earthquake,12584.0,13865.0,125.84,138.65,3,2,0.7471,0.5833,9.2,7.74,6.961999893188477,-76.28099822998047,0.0,1.1,7.751667,-75.532667,251.0,120.22,223.46
URE.2025.048.09.35.51,URE,2025.048.09.35.51,earthquake,,4273.0,,42.73,0,2,0.0,0.5077,-6.55,3.61,7.692999839782715,-74.5009994506836,3.71,1.7,7.751667,-75.532667,251.0,113.99,93.19
URE.2025.050.03.20.17,URE,2025.050.03.20.17,earthquake,2903.0,,29.03,,3,0,0.8562,0.0,4.46,,7.047999858856201,-74.26399993896484,9.46,2.0,7.751667,-75.532667,251.0,160.23,118.97
URE.2025.050.05.12.35,URE,2025.050.05.12.35,earthquake,3090.0,3615.0,30.9,36.15,3,2,0.9181,0.2533,15.25,8.55,7.339000225067139,-75.58699798583984,18.79,1.8,7.751667,-75.532667,251.0,46.03,187.49
URE.2025.050.06.18.40,URE,2025.050.06.18.40,earthquake,3224.0,4720.0,32.24,47.2,3,2,0.9069,0.3569,0.01,20.87,6.955999851226807,-76.24600219726562,15.57,1.8,7.751667,-75.532667,251.0,118.09,221.88
URE.2025.050.06.49.50,URE,2025.050.06.49.50,earthquake,3169.0,4644.0,31.69,46.44,3,4,0.8504,0.4798,3.31,16.15,7.01200008392334,-76.26799774169922,14.51,1.5,7.751667,-75.532667,251.0,115.25,224.83
URE.2025.050.08.44.26,URE,2025.050.08.44.26,earthquake,,4670.0,,46.7,0,4,0.0,0.3657,-1.59,16.05,6.984000205993652,-76.24800109863281,16.04,1.5,7.751667,-75.532667,251.0,115.95,222.98
URE.2025.050.09.15.42,URE,2025.050.09.15.42,earthquake,2950.0,4191.0,29.5,41.91,3,4,0.754,0.4996,4.32,4.11,7.041999816894531,-76.13800048828125,15.26,1.5,7.751667,-75.532667,251.0,103.08,220.45
URE.2025.050.13.05.02,URE,2025.050.13.05.02,earthquake,3141.0,4621.0,31.41,46.21,4,4,0.8569,0.4865,15.09,16.44,6.973999977111816,-76.25399780273438,15.68,2.1,7.751667,-75.532667,251.0,117.21,222.85
URE.2025.050.13.37.45,URE,2025.050.13.37.45,earthquake,3262.0,4744.0,32.62,47.44,3,4,0.8726,0.3433,7.58,10.79,6.979000091552734,-76.23999786376953,30.91,1.4,7.751667,-75.532667,251.0,115.76,222.47
URE.2025.051.05.36.43,URE,2025.051.05.36.43,earthquake,,5757,,57.57,0,3,0.0,0.3163,-1.13,9.22,7.251999855041504,-76.12100219726562,14.42,1.5,7.751667,-75.532667,251.0,85.27,229.64
URE.2025.052.05.36.17,URE,2025.052.05.36.17,earthquake,3201.0,4705,32.01,47.05,3,4,0.8998,0.4354,0.81,10.32,6.964000225067139,-76.25399780273438,15.68,1.6,7.751667,-75.532667,251.0,118.03,222.48
URE.2025.052.21.01.05,URE,2025.052.21.01.05,earthquake,3112.0,4439,31.12,44.39,4,3,0.7654,0.5474,11.43,4.74,7.089000225067139,-76.25599670410156,17.15,2.0,7.751667,-75.532667,251.0,108.38,227.5
URE.2025.055.06.25.30,URE,2025.055.06.25.30,earthquake,3144.0,4735,31.44,47.35,3,2,0.9246,0.2608,5.26,8.67,6.96999979019165,-76.29000091552734,8.77,1.5,7.751667,-75.532667,251.0,120.27,224.1
URE.2025.057.06.36.36,URE,2025.057.06.36.36,earthquake,3167.0,4692,31.67,46.92,4,2,0.7777,0.3932,8.49,5.13,6.936999797821045,-76.27899932861328,21.84,1.7,7.751667,-75.532667,251.0,122.1,222.5
URE.2025.057.08.40.11,URE,2025.057.08.40.11,earthquake,3160.0,4484,31.6,44.84,4,3,0.7507,0.3869,7.93,12.48,7.320000171661377,-76.35900115966797,24.88,1.7,7.751667,-75.532667,251.0,102.94,242.42
URE.2025.058.00.13.18,URE,2025.058.00.13.18,earthquake,3206.0,4815,32.06,48.15,3,2,0.8509,0.3436,5.23,2.14,6.916999816894531,-76.2699966430664,13.57,1.6,7.751667,-75.532667,251.0,123.08,221.46
URE.2025.058.00.22.56,URE,2025.058.00.22.56,earthquake,,4856,,48.56,0,3,0.0,0.451,-0.37,7.84,6.927999973297119,-76.26699829101562,14.86,1.8,7.751667,-75.532667,251.0,121.95,221.72
URE.2025.058.08.54.00,URE,2025.058.08.54.00,earthquake,3236.0,4610,32.36,46.1,3,3,0.7332,0.4998,8.79,13.26,7.125999927520752,-76.26200103759766,16.27,2.2,7.751667,-75.532667,251.0,106.16,229.37
URE.2025.058.10.19.13,URE,2025.058.10.19.13,earthquake,3118.0,4472,31.18,44.72,4,3,0.8355,0.4077,6.68,7.49,7.09499979019165,-76.27300262451172,15.21,1.6,7.751667,-75.532667,251.0,109.33,228.42
URE.2025.058.11.02.38,URE,2025.058.11.02.38,earthquake,2904.0,4407,29.04,44.07,3,4,0.8904,0.5492,5.24,10.01,6.9120001792907715,-76.27799987792969,1.21,1.5,7.751667,-75.532667,251.0,124.08,221.6
URE.2025.058.12.41.52,URE,2025.058.12.41.52,earthquake,3238.0,4629,32.38,46.29,3,3,0.8444,0.5819,26.57,16.32,7.133999824523926,-76.25900268554688,18.79,2.3,7.751667,-75.532667,251.0,105.33,229.62
URE.2025.060.11.42.17,URE,2025.060.11.42.17,earthquake,3224.0,4904,32.24,49.04,3,4,0.7758,0.4779,3.6,12.0,6.995999813079834,-76.35800170898438,21.84,1.5,7.751667,-75.532667,251.0,123.64,227.53
URE.2025.061.04.07.43,URE,2025.061.04.07.43,earthquake,2886.0,4416,28.86,44.16,3,4,0.6266,0.5256,2.17,11.92,6.947999954223633,-76.28700256347656,9.63,1.5,7.751667,-75.532667,251.0,121.8,223.19
URE.2025.062.02.30.46,URE,2025.062.02.30.46,earthquake,3247.0,4581,32.47,45.81,4,2,0.7596,0.5431,20.78,19.67,7.269999980926514,-76.28399658203125,21.48,2.4,7.751667,-75.532667,251.0,98.56,237.33
URE.2025.062.04.50.07,URE,2025.062.04.50.07,earthquake,3132.0,4721,31.32,47.21,3,3,0.9272,0.4992,8.26,11.7,6.998000144958496,-76.31999969482422,12.23,1.6,7.751667,-75.532667,251.0,120.43,226.25
URE.2025.062.05.17.01,URE,2025.062.05.17.01,earthquake,3248.0,4561,32.48,45.61,3,2,0.8114,0.7249,6.56,19.03,7.25,-76.28700256347656,24.88,2.1,7.751667,-75.532667,251.0,100.05,236.37
URE.2025.062.16.57.23,URE,2025.062.16.57.23,earthquake,,4745.0,,47.45,0,4,0.0,0.3385,-8.01,0.68,6.973999977111816,-76.23999786376953,17.32,1.6,7.751667,-75.532667,251.0,116.17,222.29
URE.2025.063.00.22.25,URE,2025.063.00.22.25,earthquake,3121.0,,31.21,,3,0,0.8203,0.0,2.93,,6.951000213623047,-76.26000213623047,16.04,1.5,7.751667,-75.532667,251.0,119.54,222.25
URE.2025.063.01.30.12,URE,2025.063.01.30.12,earthquake,3345.0,,33.45,,3,0,0.7959,0.0,0.01,,7.46999979019165,-76.86399841308594,27.46,1.7,7.751667,-75.532667,251.0,150.17,258.12
URE.2025.064.06.30.52,URE,2025.064.06.30.52,earthquake,,4804.0,,48.04,0,3,0.0,0.6478,-0.79,18.83,6.927000045776367,-76.26699829101562,13.93,2.7,7.751667,-75.532667,251.0,122.03,221.69
URE.2025.064.06.32.39,URE,2025.064.06.32.39,earthquake,3307.0,,33.07,,3,0,0.6378,0.0,1.69,,6.913000106811523,-76.21600341796875,6.13,1.5,7.751667,-75.532667,251.0,119.56,219.17
URE.2025.064.07.08.36,URE,2025.064.07.08.36,earthquake,,4784.0,,47.84,0,3,0.0,0.4295,-4.28,8.38,6.921999931335449,-76.26499938964844,12.52,2.0,7.751667,-75.532667,251.0,122.3,221.44
URE.2025.064.07.25.44,URE,2025.064.07.25.44,earthquake,3220.0,,32.2,,3,0,0.8442,0.0,6.24,-1.12,6.939000129699707,-76.26499938964844,12.75,1.5,7.751667,-75.532667,251.0,120.89,222.02
URE.2025.064.08.57.25,URE,2025.064.08.57.25,earthquake,3187.0,4838.0,31.87,48.38,4,3,0.7929,0.5413,5.36,7.3,6.926000118255615,-76.25800323486328,12.75,2.1,7.751667,-75.532667,251.0,121.46,221.3
URE.2025.064.09.14.54,URE,2025.064.09.14.54,earthquake,3160.0,,31.6,,3,0,0.7931,0.0,0.28,-1.41,6.932000160217285,-76.26799774169922,11.99,1.1,7.751667,-75.532667,251.0,121.69,221.9
URE.2025.064.10.05.16,URE,2025.064.10.05.16,earthquake,,4791.0,,47.91,0,3,0.0,0.5239,-0.59,18.44,6.940000057220459,-76.26000213623047,14.75,2.4,7.751667,-75.532667,251.0,120.44,221.86
URE.2025.064.10.14.07,URE,2025.064.10.14.07,earthquake,,4799.0,,47.99,0,2,0.0,0.5172,-2.36,2.19,6.939000129699707,-76.27200317382812,13.4,1.6,7.751667,-75.532667,251.0,121.41,222.3
URE.2025.064.10.18.55,URE,2025.064.10.18.55,earthquake,3192.0,4808.0,31.92,48.08,4,3,0.8257,0.4762,2.44,14.44,6.932000160217285,-76.23799896240234,12.7,1.9,7.751667,-75.532667,251.0,119.51,220.71
URE.2025.064.10.20.55,URE,2025.064.10.20.55,earthquake,3278.0,4898.0,32.78,48.98,4,3,0.7071,0.502,0.23,19.73,6.955999851226807,-76.25399780273438,17.32,2.3,7.751667,-75.532667,251.0,118.68,222.19
URE.2025.064.10.48.18,URE,2025.064.10.48.18,earthquake,3214.0,4879.0,32.14,48.79,4,4,0.7413,0.4474,4.01,7.83,6.931000232696533,-76.26000213623047,12.99,1.8,7.751667,-75.532667,251.0,121.19,221.55
URE.2025.064.11.25.46,URE,2025.064.11.25.46,earthquake,3219.0,4765.0,32.19,47.65,3,2,0.5819,0.4494,0.52,5.16,6.918000221252441,-76.26100158691406,12.99,2.0,7.751667,-75.532667,251.0,122.34,221.14
URE.2025.064.11.39.23,URE,2025.064.11.39.23,earthquake,3021.0,4677.0,30.21,46.77,3,3,0.8546,0.4417,6.45,14.89,6.913000106811523,-76.26899719238281,0.0,1.9,7.751667,-75.532667,251.0,123.34,221.28
URE.2025.064.11.54.30,URE,2025.064.11.54.30,earthquake,8565.0,10193.0,85.65,101.93,4,4,0.7245,0.434,1.04,8.59,6.961999893188477,-76.26899719238281,13.11,1.3,7.751667,-75.532667,251.0,119.31,223.0
URE.2025.064.11.55.23,URE,2025.064.11.55.23,earthquake,3237.0,10729.0,32.37,107.29,4,3,0.751,0.422,0.67,9.99,6.949999809265137,-76.26499938964844,13.69,2.8,7.751667,-75.532667,251.0,119.99,222.41
URE.2025.064.12.24.55,URE,2025.064.12.24.55,earthquake,3169.0,4782.0,31.69,47.82,3,4,0.8436,0.4071,1.05,4.98,6.921000003814697,-76.26899719238281,12.87,1.6,7.751667,-75.532667,251.0,122.67,221.56
URE.2025.064.15.49.04,URE,2025.064.15.49.04,earthquake,3167.0,,31.67,,3,0,0.6429,0.0,1.71,-3.77,6.949999809265137,-76.27100372314453,13.11,1.8,7.751667,-75.532667,251.0,120.44,222.65
URE.2025.064.16.45.40,URE,2025.064.16.45.40,earthquake,3126.0,4798.0,31.26,47.98,3,3,0.7631,0.4521,0.3,3.5,6.928999900817871,-76.26100158691406,12.4,1.7,7.751667,-75.532667,251.0,121.43,221.52
URE.2025.064.17.51.07,URE,2025.064.17.51.07,earthquake,3244.0,4879.0,32.44,48.79,4,3,0.7016,0.511,2.74,17.95,6.945000171661377,-76.26899719238281,14.63,2.3,7.751667,-75.532667,251.0,120.7,222.39
URE.2025.064.17.56.50,URE,2025.064.17.56.50,earthquake,3178.0,4879.0,31.78,48.79,3,2,0.737,0.523,0.0,12.19,6.923999786376953,-76.26200103759766,17.21,3.0,7.751667,-75.532667,251.0,121.91,221.39
URE.2025.064.18.03.47,URE,2025.064.18.03.47,earthquake,3174.0,4790.0,31.74,47.9,3,4,0.746,0.3469,6.17,2.73,6.922999858856201,-76.2770004272461,12.99,1.4,7.751667,-75.532667,251.0,123.1,221.93
URE.2025.064.18.30.52,URE,2025.064.18.30.52,earthquake,,4831.0,,48.31,0,3,0.0,0.4912,-1.69,12.32,6.914999961853027,-76.26599884033203,10.12,1.6,7.751667,-75.532667,251.0,122.95,221.24
URE.2025.064.20.01.10,URE,2025.064.20.01.10,earthquake,3168.0,4823.0,31.68,48.23,3,3,0.8608,0.5044,1.15,14.81,6.926000118255615,-76.25900268554688,13.4,2.2,7.751667,-75.532667,251.0,121.53,221.34
URE.2025.064.20.08.52,URE,2025.064.20.08.52,earthquake,,4741.0,,47.41,0,4,0.0,0.3639,-7.33,6.11,6.934999942779541,-76.26699829101562,11.46,1.7,7.751667,-75.532667,251.0,121.37,221.96
URE.2025.064.20.20.15,URE,2025.064.20.20.15,earthquake,3166.0,4861.0,31.66,48.61,3,3,0.6059,0.4049,0.8,3.46,6.926000118255615,-76.26399993896484,14.1,1.8,7.751667,-75.532667,251.0,121.89,221.53
URE.2025.064.21.42.08,URE,2025.064.21.42.08,earthquake,3208.0,4885.0,32.08,48.85,3,3,0.7661,0.546,8.09,11.95,6.940999984741211,-76.2490005493164,15.74,2.4,7.751667,-75.532667,251.0,119.55,221.46
URE.2025.064.21.52.30,URE,2025.064.21.52.30,earthquake,3336.0,5006.0,33.36,50.06,3,3,0.7719,0.5631,8.22,20.35,6.953999996185303,-76.23999786376953,21.13,2.7,7.751667,-75.532667,251.0,117.82,221.56
URE.2025.064.22.06.50,URE,2025.064.22.06.50,earthquake,,4787.0,,47.87,0,4,0.0,0.5989,-2.34,16.68,6.932000160217285,-76.26000213623047,13.22,1.8,7.751667,-75.532667,251.0,121.1,221.59
URE.2025.064.22.08.26,URE,2025.064.22.08.26,earthquake,3204.0,4852.0,32.04,48.52,3,4,0.8365,0.4307,0.85,17.67,6.928999900817871,-76.25399780273438,13.11,1.9,7.751667,-75.532667,251.0,120.92,221.25
URE.2025.064.22.16.44,URE,2025.064.22.16.44,earthquake,4422.0,4834.0,44.22,48.34,4,4,0.7583,0.6252,10.84,9.97,6.935999870300293,-76.26899719238281,11.17,1.9,7.751667,-75.532667,251.0,121.44,222.07
URE.2025.064.22.16.57,URE,2025.064.22.16.57,earthquake,3161.0,4814.0,31.61,48.14,4,3,0.7569,0.5105,8.05,17.17,6.940999984741211,-76.25599670410156,13.34,1.9,7.751667,-75.532667,251.0,120.07,221.74
URE.2025.064.22.34.40,URE,2025.064.22.34.40,earthquake,3227.0,4887.0,32.27,48.87,3,3,0.6144,0.4703,1.18,3.05,6.929999828338623,-76.2509994506836,14.34,1.5,7.751667,-75.532667,251.0,120.61,221.16
URE.2025.064.23.41.26,URE,2025.064.23.41.26,earthquake,3180.0,4822.0,31.8,48.22,3,2,0.7517,0.4398,10.08,5.0,6.926000118255615,-76.28399658203125,11.0,1.7,7.751667,-75.532667,251.0,123.37,222.3
URE.2025.065.00.56.33,URE,2025.065.00.56.33,earthquake,3145.0,4781.0,31.45,47.81,3,3,0.7459,0.5056,1.56,9.47,6.936999797821045,-76.28500366210938,11.52,1.5,7.751667,-75.532667,251.0,122.55,222.72
URE.2025.065.01.23.04,URE,2025.065.01.23.04,earthquake,3125.0,4737.0,31.25,47.37,3,2,0.6921,0.5292,0.83,12.48,6.916999816894531,-76.27799987792969,11.23,1.6,7.751667,-75.532667,251.0,123.67,221.77
URE.2025.065.02.26.16,URE,2025.065.02.26.16,earthquake,3209.0,4862.0,32.09,48.62,4,3,0.717,0.56,11.27,20.9,6.934999942779541,-76.25700378417969,13.57,1.9,7.751667,-75.532667,251.0,120.64,221.57
URE.2025.065.11.01.30,URE,2025.065.11.01.30,earthquake,3200.0,4813.0,32.0,48.13,3,3,0.8759,0.4154,5.8,15.55,6.939000129699707,-76.2770004272461,11.7,1.8,7.751667,-75.532667,251.0,121.78,222.49
URE.2025.065.12.17.46,URE,2025.065.12.17.46,earthquake,3114.0,4730.0,31.14,47.3,4,3,0.7034,0.6631,9.46,18.23,6.936999797821045,-76.23600006103516,12.99,2.1,7.751667,-75.532667,251.0,118.94,220.8
URE.2025.065.18.44.09,URE,2025.065.18.44.09,earthquake,,4797.0,,47.97,0,4,0.0,0.561,-1.3,21.31,6.934000015258789,-76.24400329589844,13.34,2.0,7.751667,-75.532667,251.0,119.77,221.02
URE.2025.065.21.30.11,URE,2025.065.21.30.11,earthquake,8236.0,9548.0,82.36,95.48,3,4,0.8438,0.6442,1.22,16.11,6.934999942779541,-76.76899719238281,35.2,1.8,7.751667,-75.532667,251.0,163.68,236.59
URE.2025.066.04.57.29,URE,2025.066.04.57.29,earthquake,3128.0,,31.28,,3,0,0.6,0.0,2.5,-2.11,6.947999954223633,-76.2760009765625,11.82,1.5,7.751667,-75.532667,251.0,120.98,222.77
URE.2025.066.05.18.41,URE,2025.066.05.18.41,earthquake,3003.0,4381.0,30.03,43.81,4,2,0.9063,0.455,5.14,2.71,7.21999979019165,-76.08999633789062,14.34,1.7,7.751667,-75.532667,251.0,85.1,226.33
URE.2025.066.05.29.39,URE,2025.066.05.29.39,earthquake,3051.0,,30.51,,4,0,0.8492,0.0,2.2,,7.235000133514404,-76.11100006103516,21.84,2.3,7.751667,-75.532667,251.0,85.67,228.21
URE.2025.066.07.52.26,URE,2025.066.07.52.26,earthquake,3135.0,4775.0,31.35,47.75,3,3,0.7284,0.6043,7.77,17.5,6.947000026702881,-76.2490005493164,13.4,1.6,7.751667,-75.532667,251.0,119.06,221.68
URE.2025.066.18.15.19,URE,2025.066.18.15.19,earthquake,3167.0,4831.0,31.67,48.31,3,4,0.7423,0.6039,0.89,13.74,6.936999797821045,-76.25499725341797,12.93,1.6,7.751667,-75.532667,251.0,120.32,221.56
URE.2025.067.00.33.48,URE,2025.067.00.33.48,earthquake,3189.0,4774.0,31.89,47.74,3,3,0.8686,0.3399,0.0,4.45,6.923999786376953,-76.27200317382812,12.99,1.5,7.751667,-75.532667,251.0,122.65,221.78
URE.2025.067.01.48.41,URE,2025.067.01.48.41,earthquake,3209.0,,32.09,,3,0,0.6774,0.0,2.19,,6.932000160217285,-76.37799835205078,16.97,2.3,7.751667,-75.532667,251.0,130.11,225.89
URE.2025.067.05.26.19,URE,2025.067.05.26.19,earthquake,3180.0,4843.0,31.8,48.43,3,3,0.7835,0.3989,5.87,5.22,6.86299991607666,-76.24600219726562,18.55,1.5,7.751667,-75.532667,251.0,125.95,218.76
URE.2025.067.10.05.01,URE,2025.067.10.05.01,earthquake,,13406.0,,134.06,0,4,0.0,0.3689,-5.97,2.27,6.252999782562256,-76.697998046875,30.51,2.2,7.751667,-75.532667,251.0,209.88,217.92
URE.2025.067.10.41.03,URE,2025.067.10.41.03,earthquake,,4947.0,,49.47,0,2,0.0,0.5187,-0.91,12.17,6.927000045776367,-76.36599731445312,12.99,2.9,7.751667,-75.532667,251.0,129.55,225.31
URE.2025.067.12.00.53,URE,2025.067.12.00.53,earthquake,3122.0,4935.0,31.22,49.35,3,2,0.8445,0.5823,2.4,13.22,6.906000137329102,-76.3740005493164,11.23,1.9,7.751667,-75.532667,251.0,131.82,224.86
URE.2025.067.14.56.54,URE,2025.067.14.56.54,earthquake,3000.0,4633.0,30.0,46.33,3,4,0.7423,0.4443,1.89,12.89,6.909999847412109,-76.24400329589844,0.0,1.7,7.751667,-75.532667,251.0,121.79,220.2
URE.2025.068.12.45.23,URE,2025.068.12.45.23,earthquake,3369.0,,33.69,,3,0,0.6196,0.0,3.5,,7.078000068664551,-76.96499633789062,32.38,1.8,7.751667,-75.532667,251.0,174.79,244.87
URE.2025.069.08.55.08,URE,2025.069.08.55.08,earthquake,3159.0,4747.0,31.59,47.47,3,4,0.9015,0.4254,2.72,10.34,6.943999767303467,-76.27100372314453,11.82,1.5,7.751667,-75.532667,251.0,120.93,222.43
URE.2025.070.06.46.03,URE,2025.070.06.46.03,earthquake,,3914.0,,39.14,0,4,0.0,0.4868,-5.2,12.29,6.948999881744385,-76.22200012207031,17.88,1.7,7.751667,-75.532667,251.0,116.93,220.65
URE.2025.071.20.46.31,URE,2025.071.20.46.31,earthquake,,4414.0,,44.14,0,3,0.0,0.5269,-2.23,12.46,7.301000118255615,-76.3239974975586,23.71,1.7,7.751667,-75.532667,251.0,100.56,240.34
URE.2025.072.00.55.41,URE,2025.072.00.55.41,earthquake,3119.0,,31.19,,4,0,0.7146,0.0,0.89,-1.52,6.828000068664551,-76.18499755859375,16.56,1.6,7.751667,-75.532667,251.0,124.99,215.23
URE.2025.072.03.07.40,URE,2025.072.03.07.40,earthquake,,4799.0,,47.99,0,4,0.0,0.4277,-1.15,3.04,6.915999889373779,-76.26899719238281,12.87,1.6,7.751667,-75.532667,251.0,123.09,221.39
URE.2025.073.04.06.57,URE,2025.073.04.06.57,earthquake,3429.0,,34.29,,3,0,0.7513,0.0,2.68,-3.46,5.943999767303467,-76.45800018310547,37.07,2.1,7.751667,-75.532667,251.0,224.55,207.15
URE.2025.073.05.20.24,URE,2025.073.05.20.24,earthquake,3200.0,4811.0,32.0,48.11,3,4,0.8129,0.4393,8.4,11.13,6.927999973297119,-76.26799774169922,13.87,1.8,7.751667,-75.532667,251.0,122.02,221.76
URE.2025.073.13.48.02,URE,2025.073.13.48.02,earthquake,3215.0,4788.0,32.15,47.88,3,4,0.7783,0.2874,4.45,4.99,6.913000106811523,-76.21399688720703,14.57,1.7,7.751667,-75.532667,251.0,119.42,219.09
URE.2025.073.22.18.09,URE,2025.073.22.18.09,earthquake,3202.0,,32.02,,3,0,0.638,0.0,1.65,,6.914999961853027,-76.21600341796875,12.93,1.5,7.751667,-75.532667,251.0,119.39,219.24
URE.2025.074.03.00.58,URE,2025.074.03.00.58,earthquake,3275.0,5170.0,32.75,51.7,4,3,0.8064,0.3922,1.66,10.53,7.078000068664551,-76.68499755859375,21.37,2.2,7.751667,-75.532667,251.0,147.42,239.72
URE.2025.074.04.49.13,URE,2025.074.04.49.13,earthquake,3187.0,,31.87,,3,0,0.8303,0.0,8.84,,6.927999973297119,-76.24199676513672,14.34,1.5,7.751667,-75.532667,251.0,120.13,220.73
URE.2025.074.14.29.23,URE,2025.074.14.29.23,earthquake,3149.0,4504.0,31.49,45.04,4,3,0.7775,0.4023,11.49,1.85,7.1020002365112305,-76.27999877929688,15.98,1.8,7.751667,-75.532667,251.0,109.4,229.0
URE.2025.074.16.26.35,URE,2025.074.16.26.35,earthquake,3190.0,,31.9,,3,0,0.6187,0.0,6.19,-1.02,7.03000020980835,-76.322998046875,12.99,1.9,7.751667,-75.532667,251.0,118.25,227.6
URE.2025.075.08.47.17,URE,2025.075.08.47.17,earthquake,3213.0,4710.0,32.13,47.1,3,2,0.6452,0.4779,3.42,1.38,6.998000144958496,-76.29499816894531,16.15,1.5,7.751667,-75.532667,251.0,118.45,225.33
URE.2025.076.01.23.17,URE,2025.076.01.23.17,earthquake,3168.0,4820.0,31.68,48.2,3,2,0.7987,0.5292,0.42,7.93,6.929999828338623,-76.26100158691406,12.99,1.5,7.751667,-75.532667,251.0,121.34,221.56
URE.2025.076.06.16.11,URE,2025.076.06.16.11,earthquake,,4160.0,,41.6,0,4,0.0,0.4995,-0.35,11.25,7.427000045776367,-76.07499694824219,24.77,1.5,7.751667,-75.532667,251.0,69.79,239.07
URE.2025.076.10.50.50,URE,2025.076.10.50.50,earthquake,3171.0,4795.0,31.71,47.95,3,3,0.6254,0.4623,1.06,8.19,6.835000038146973,-76.20899963378906,20.9,1.8,7.751667,-75.532667,251.0,125.92,216.42
URE.2025.076.15.49.41,URE,2025.076.15.49.41,earthquake,3163.0,,31.63,,3,0,0.8371,0.0,0.13,-6.8,6.942999839782715,-76.37699890136719,11.76,1.7,7.751667,-75.532667,251.0,129.18,226.24
URE.2025.076.19.09.39,URE,2025.076.19.09.39,earthquake,3217.0,4600.0,32.17,46.0,3,3,0.7548,0.4424,2.2,3.87,7.201000213623047,-76.30000305175781,9.88,1.7,7.751667,-75.532667,251.0,104.32,234.33
URE.2025.076.20.09.49,URE,2025.076.20.09.49,earthquake,8043.0,,80.43,,3,0,0.3662,0.0,3.99,,6.979000091552734,-76.77999877929688,25.35,1.5,7.751667,-75.532667,251.0,162.07,238.26
URE.2025.078.07.03.27,URE,2025.078.07.03.27,earthquake,3239.0,4895.0,32.39,48.95,4,2,0.718,0.4735,12.48,16.38,6.885000228881836,-76.22599792480469,25.7,2.2,7.751667,-75.532667,251.0,122.67,218.66
URE.2025.078.10.05.41,URE,2025.078.10.05.41,earthquake,3134.0,,31.34,,3,0,0.705,0.0,2.21,,6.958000183105469,-76.58300018310547,12.93,1.6,7.751667,-75.532667,251.0,145.44,232.95
URE.2025.079.05.20.47,URE,2025.079.05.20.47,earthquake,,4634.0,,46.34,0,4,0.0,0.3945,-4.42,1.06,6.998000144958496,-76.2490005493164,14.8,1.6,7.751667,-75.532667,251.0,114.9,223.54
URE.2025.080.13.49.40,URE,2025.080.13.49.40,earthquake,,4803.0,,48.03,0,4,0.0,0.5369,-1.22,10.52,6.951000213623047,-76.28099822998047,18.79,1.8,7.751667,-75.532667,251.0,121.11,223.07
URE.2025.083.06.58.15,URE,2025.083.06.58.15,earthquake,7676.0,,76.76,,4,0,0.8503,0.0,1.65,,6.883999824523926,-76.24400329589844,20.9,1.6,7.751667,-75.532667,251.0,124.0,219.35
URE.2025.083.06.58.22,URE,2025.083.06.58.22,earthquake,6918.0,,69.18,,4,0,0.8423,0.0,3.17,,6.889999866485596,-76.30599975585938,19.9,1.6,7.751667,-75.532667,251.0,127.95,221.91
URE.2025.083.06.58.59,URE,2025.083.06.58.59,earthquake,,4942.0,,49.42,0,2,0.0,0.5671,-1.87,20.02,6.874000072479248,-76.23500061035156,20.61,1.8,7.751667,-75.532667,251.0,124.24,218.67
URE.2025.083.08.17.07,URE,2025.083.08.17.07,earthquake,3150.0,4168.0,31.5,41.68,4,4,0.7936,0.6139,1.85,1.94,7.171999931335449,-75.8219985961914,33.32,1.6,7.751667,-75.532667,251.0,71.62,206.5
URE.2025.083.10.18.09,URE,2025.083.10.18.09,earthquake,,4993.0,,49.93,0,2,0.0,0.4597,-6.22,5.99,7.011000156402588,-76.62200164794922,16.91,2.0,7.751667,-75.532667,251.0,145.51,235.81
URE.2025.083.14.10.12,URE,2025.083.14.10.12,earthquake,,4667.0,,46.67,0,4,0.0,0.5755,-5.13,4.99,6.953999996185303,-76.27200317382812,19.49,1.9,7.751667,-75.532667,251.0,120.19,222.83
URE.2025.084.19.28.13,URE,2025.084.19.28.13,earthquake,3162.0,4666.0,31.62,46.66,3,3,0.719,0.3726,1.62,5.18,6.999000072479248,-76.27100372314453,8.65,1.9,7.751667,-75.532667,251.0,116.51,224.45
URE.2025.087.23.35.21,URE,2025.087.23.35.21,earthquake,3262.0,,32.62,,3,0,0.7976,0.0,7.58,,5.583000183105469,-74.6719970703125,18.96,3.1,7.751667,-75.532667,251.0,258.02,158.31
URE.2025.088.00.18.03,URE,2025.088.00.18.03,earthquake,3169.0,4478.0,31.69,44.78,3,4,0.4539,0.5029,4.35,16.94,7.192999839782715,-76.29299926757812,24.18,1.7,7.751667,-75.532667,251.0,104.22,233.69
URE.2025.088.05.46.28,URE,2025.088.05.46.28,earthquake,3030.0,4037.0,30.3,40.37,4,4,0.7377,0.4621,1.25,11.73,7.511000156402588,-74.78900146484375,22.42,1.6,7.751667,-75.532667,251.0,86.26,107.92
URE.2025.088.21.44.27,URE,2025.088.21.44.27,earthquake,3151.0,,31.51,,3,0,0.7396,0.0,1.27,,6.8460001945495605,-76.302001953125,15.98,1.6,7.751667,-75.532667,251.0,131.33,220.35
URE.2025.090.08.46.30,URE,2025.090.08.46.30,earthquake,3119.0,4692.0,31.19,46.92,3,3,0.857,0.4392,4.63,4.89,6.951000213623047,-76.30000305175781,16.45,1.5,7.751667,-75.532667,251.0,122.55,223.78
URE.2025.090.11.14.19,URE,2025.090.11.14.19,earthquake,3121.0,4749.0,31.21,47.49,3,3,0.4585,0.6254,0.73,9.83,7.000999927520752,-76.26799774169922,8.42,2.0,7.751667,-75.532667,251.0,116.12,224.41
URE.2025.090.11.19.59,URE,2025.090.11.19.59,earthquake,3254.0,,32.54,,3,0,0.5679,0.0,2.4,,6.936999797821045,-76.27400207519531,15.21,2.3,7.751667,-75.532667,251.0,121.73,222.3
URE.2025.090.20.16.59,URE,2025.090.20.16.59,earthquake,,4513.0,,45.13,0,3,0.0,0.4148,-0.24,12.14,6.918000221252441,-76.30699920654297,0.29,1.6,7.751667,-75.532667,251.0,125.74,222.89
URE.2025.090.21.18.20,URE,2025.090.21.18.20,earthquake,3045.0,4725.0,30.45,47.25,3,3,0.8186,0.3728,10.63,12.17,6.88100004196167,-76.26000213623047,0.1,1.6,7.751667,-75.532667,251.0,125.39,219.88
URE.2025.091.07.17.25,URE,2025.091.07.17.25,earthquake,2943.0,,29.43,,3,0,0.8617,0.0,1.94,,6.460999965667725,-73.45999908447266,0.01,2.9,7.751667,-75.532667,251.0,269.81,121.81
URE.2025.092.01.10.34,URE,2025.092.01.10.34,earthquake,3072.0,4350.0,30.72,43.5,3,2,0.6977,0.4606,5.68,9.31,7.314000129699707,-76.21800231933594,20.78,2.2,7.751667,-75.532667,251.0,89.8,237.43
URE.2025.092.01.21.48,URE,2025.092.01.21.48,earthquake,3139.0,4389.0,31.39,43.89,4,4,0.8543,0.293,3.58,6.82,7.328000068664551,-76.25599670410156,18.79,3.3,7.751667,-75.532667,251.0,92.56,239.64
URE.2025.092.08.00.31,URE,2025.092.08.00.31,earthquake,3134.0,4377.0,31.34,43.77,3,3,0.6667,0.3779,3.23,3.47,7.289999961853027,-76.2490005493164,15.98,1.5,7.751667,-75.532667,251.0,94.11,237.19
URE.2025.093.08.25.27,URE,2025.093.08.25.27,earthquake,3133.0,4725.0,31.33,47.25,4,4,0.8148,0.4337,8.32,10.32,6.8979997634887695,-76.23999786376953,16.97,1.6,7.751667,-75.532667,251.0,122.53,219.65
URE.2025.094.01.47.40,URE,2025.094.01.47.40,earthquake,,4896.0,,48.96,0,3,0.0,0.5943,-0.04,12.35,6.857999801635742,-76.18199920654297,15.98,1.5,7.751667,-75.532667,251.0,122.1,216.0
URE.2025.094.14.32.09,URE,2025.094.14.32.09,earthquake,3399.0,,33.99,,3,0,0.4822,0.0,2.86,,7.269999980926514,-77.18900299072266,28.05,2.0,7.751667,-75.532667,251.0,190.41,253.86
URE.2025.094.22.03.50,URE,2025.094.22.03.50,earthquake,,4833.0,,48.33,0,3,0.0,0.5315,-5.15,0.23,6.948999881744385,-76.23799896240234,29.57,2.0,7.751667,-75.532667,251.0,118.09,221.31
URE.2025.095.16.37.21,URE,2025.095.16.37.21,earthquake,3186.0,4646.0,31.86,46.46,3,4,0.8413,0.4488,0.98,12.53,7.001999855041504,-76.26399993896484,19.73,1.9,7.751667,-75.532667,251.0,115.73,224.29
URE.2025.096.03.34.56,URE,2025.096.03.34.56,earthquake,,4829.0,,48.29,0,3,0.0,0.3844,-2.14,7.21,6.945000171661377,-76.26799774169922,21.13,1.7,7.751667,-75.532667,251.0,120.62,222.35
URE.2025.096.16.02.05,URE,2025.096.16.02.05,earthquake,3068.0,4365.0,30.68,43.65,3,3,0.6359,0.3638,15.91,12.02,6.992000102996826,-75.94499969482422,13.16,2.4,7.751667,-75.532667,251.0,95.55,208.48
URE.2025.098.16.58.08,URE,2025.098.16.58.08,earthquake,3106.0,,31.06,,3,0,0.7228,0.0,0.38,-2.66,6.928999900817871,-76.36799621582031,2.56,1.7,7.751667,-75.532667,251.0,129.55,225.45
URE.2025.099.01.37.36,URE,2025.099.01.37.36,earthquake,3245.0,,32.45,,3,0,0.7651,0.0,0.09,-3.49,6.880000114440918,-76.2229995727539,22.54,2.2,7.751667,-75.532667,251.0,122.89,218.38
URE.2025.099.14.04.32,URE,2025.099.14.04.32,earthquake,,4997.0,,49.97,0,2,0.0,0.4058,-3.33,3.6,6.99399995803833,-76.37100219726562,6.6,1.6,7.751667,-75.532667,251.0,124.85,227.9
URE.2025.099.14.55.23,URE,2025.099.14.55.23,earthquake,3157.0,4801.0,31.57,48.01,3,3,0.8595,0.4739,10.39,6.96,6.854000091552734,-76.24400329589844,19.02,2.0,7.751667,-75.532667,251.0,126.59,218.4
URE.2025.099.21.42.53,URE,2025.099.21.42.53,earthquake,3220.0,4836.0,32.2,48.36,3,3,0.9202,0.4386,4.03,6.25,6.870999813079834,-76.24600219726562,19.96,1.4,7.751667,-75.532667,251.0,125.26,219.01
URE.2025.099.23.51.24,URE,2025.099.23.51.24,earthquake,6531.0,8182.0,65.31,81.82,3,3,0.8953,0.4749,9.57,16.46,6.9679999351501465,-76.19100189208984,28.84,2.2,7.751667,-75.532667,251.0,113.11,220.03
URE.2025.099.23.51.57,URE,2025.099.23.51.57,earthquake,3252.0,4899.0,32.52,48.99,3,3,0.8681,0.4895,10.34,16.58,6.875,-76.23300170898438,23.48,2.5,7.751667,-75.532667,251.0,124.02,218.62
URE.2025.100.03.44.56,URE,2025.100.03.44.56,earthquake,3158.0,4800.0,31.58,48.0,3,3,0.5091,0.3264,1.08,1.04,6.929999828338623,-76.25599670410156,12.4,1.9,7.751667,-75.532667,251.0,120.98,221.36
URE.2025.100.08.23.39,URE,2025.100.08.23.39,earthquake,3161.0,4800.0,31.61,48.0,4,4,0.5873,0.4849,6.86,10.77,6.86299991607666,-76.23500061035156,19.73,1.7,7.751667,-75.532667,251.0,125.19,218.32
URE.2025.100.23.18.49,URE,2025.100.23.18.49,earthquake,3098.0,3921.0,30.98,39.21,3,4,0.8357,0.514,5.32,7.81,7.434000015258789,-75.11299896240234,34.49,2.0,7.751667,-75.532667,251.0,58.13,127.16
URE.2025.101.21.18.41,URE,2025.101.21.18.41,earthquake,3193.0,,31.93,,3,0,0.8926,0.0,1.22,-0.72,6.998000144958496,-76.27899932861328,7.54,2.0,7.751667,-75.532667,251.0,117.2,224.72
URE.2025.102.04.30.51,URE,2025.102.04.30.51,earthquake,4311.0,4831.0,43.11,48.31,3,4,0.7226,0.5325,4.09,5.81,6.97599983215332,-76.26899719238281,20.22,1.5,7.751667,-75.532667,251.0,118.19,223.51
URE.2025.102.12.14.07,URE,2025.102.12.14.07,earthquake,3070.0,4718.0,30.7,47.18,3,4,0.7599,0.42,6.89,0.59,6.922999858856201,-76.26499938964844,0.0,2.1,7.751667,-75.532667,251.0,122.22,221.47
URE.2025.103.00.24.03,URE,2025.103.00.24.03,earthquake,3112.0,4667.0,31.12,46.67,4,3,0.8304,0.5911,1.62,5.17,7.045000076293945,-76.34100341796875,6.78,2.2,7.751667,-75.532667,251.0,118.62,228.84
URE.2025.103.20.04.33,URE,2025.103.20.04.33,earthquake,3126.0,4673.0,31.26,46.73,4,3,0.7791,0.4861,3.87,10.22,7.0329999923706055,-76.33000183105469,9.59,2.2,7.751667,-75.532667,251.0,118.6,227.97
URE.2025.103.22.37.34,URE,2025.103.22.37.34,earthquake,2823.0,4588.0,28.23,45.88,3,3,0.9058,0.4585,5.99,8.15,6.860000133514404,-76.3550033569336,0.0,1.9,7.751667,-75.532667,251.0,134.05,222.69
URE.2025.104.14.30.31,URE,2025.104.14.30.31,earthquake,3024.0,3627.0,30.24,36.27,4,4,0.9392,0.735,10.72,5.14,7.6579999923706055,-75.11000061035156,15.98,1.7,7.751667,-75.532667,251.0,47.77,102.5
URE.2025.105.06.43.12,URE,2025.105.06.43.12,earthquake,3493.0,,34.93,,3,0,0.6658,0.0,1.77,,6.710000038146973,-77.10399627685547,27.93,2.1,7.751667,-75.532667,251.0,208.29,236.52
URE.2025.105.23.54.02,URE,2025.105.23.54.02,earthquake,3104.0,4458.0,31.04,44.58,3,4,0.9171,0.4454,9.39,15.78,7.138000011444092,-76.19400024414062,21.13,2.1,7.751667,-75.532667,251.0,99.68,227.13
URE.2025.107.00.07.30,URE,2025.107.00.07.30,earthquake,3238.0,4744.0,32.38,47.44,3,2,0.7552,0.4658,3.37,11.23,6.923999786376953,-76.24199676513672,26.99,2.0,7.751667,-75.532667,251.0,120.47,220.6
URE.2025.107.09.28.40,URE,2025.107.09.28.40,earthquake,3139.0,,31.39,,3,0,0.576,0.0,5.61,,7.195000171661377,-76.1050033569336,19.02,1.5,7.751667,-75.532667,251.0,88.21,225.78
URE.2025.108.01.32.16,URE,2025.108.01.32.16,earthquake,3210,4849.0,32.1,48.49,3,2,0.8255,0.6049,7.78,16.52,6.941999912261963,-76.26000213623047,12.99,1.7,7.751667,-75.532667,251.0,120.28,221.93
URE.2025.108.02.42.04,URE,2025.108.02.42.04,earthquake,3124,4500.0,31.24,45.0,3,3,0.8161,0.4453,3.37,4.35,7.067999839782715,-76.28500366210938,9.57,0.9,7.751667,-75.532667,251.0,112.32,227.74
URE.2025.108.03.54.08,URE,2025.108.03.54.08,earthquake,7135,,71.35,,4,0,0.7176,0.0,9.99,,6.947000026702881,-76.26699829101562,12.99,1.5,7.751667,-75.532667,251.0,120.39,222.38
URE.2025.108.03.54.48,URE,2025.108.03.54.48,earthquake,3150,4788.0,31.5,47.88,3,4,0.805,0.3541,5.44,17.04,6.935999870300293,-76.25299835205078,13.34,1.9,7.751667,-75.532667,251.0,120.26,221.45
URE.2025.108.05.09.22,URE,2025.108.05.09.22,earthquake,3223,4858.0,32.23,48.58,4,2,0.7779,0.4902,4.96,17.08,6.86899995803833,-76.22200012207031,22.07,2.2,7.751667,-75.532667,251.0,123.78,217.99
URE.2025.109.07.30.24,URE,2025.109.07.30.24,earthquake,3152,11139.0,31.52,111.39,3,3,0.5268,0.344,4.6,4.3,7.015999794006348,-76.29900360107422,12.87,1.5,7.751667,-75.532667,251.0,117.38,226.17
URE.2025.109.08.20.13,URE,2025.109.08.20.13,earthquake,3152,4759.0,31.52,47.59,4,3,0.725,0.4041,7.27,10.38,7.020999908447266,-76.3280029296875,13.87,1.7,7.751667,-75.532667,251.0,119.33,227.43
URE.2025.109.13.43.17,URE,2025.109.13.43.17,earthquake,2945,4083.0,29.45,40.83,4,4,0.7997,0.4792,13.74,9.46,7.120999813079834,-74.94100189208984,16.21,2.1,7.751667,-75.532667,251.0,95.55,136.84
URE.2025.110.03.05.25,URE,2025.110.03.05.25,earthquake,3188,4932.0,31.88,49.32,4,3,0.7486,0.4123,17.93,17.67,6.870999813079834,-76.28500366210938,21.43,2.3,7.751667,-75.532667,251.0,128.01,220.51
URE.2025.110.12.11.29,URE,2025.110.12.11.29,earthquake,3108,3990.0,31.08,39.9,3,4,0.7869,0.4218,7.76,12.07,7.211999893188477,-75.50299835205078,18.79,1.8,7.751667,-75.532667,251.0,59.77,176.86
URE.2025.113.14.50.38,URE,2025.113.14.50.38,earthquake,3179,4798.0,31.79,47.98,3,2,0.8156,0.5118,11.19,13.77,6.98199987411499,-76.25199890136719,14.04,1.9,7.751667,-75.532667,251.0,116.42,223.06
URE.2025.113.19.06.31,URE,2025.113.19.06.31,earthquake,3360,5122.0,33.6,51.22,3,2,0.915,0.468,11.85,0.2,7.421000003814697,-76.64900207519531,31.45,2.2,7.751667,-75.532667,251.0,128.5,253.54
URE.2025.114.01.10.14,URE,2025.114.01.10.14,earthquake,2758,3872.0,27.58,38.72,4,4,0.8004,0.598,5.48,3.63,7.189000129699707,-75.00499725341797,1.76,2.0,7.751667,-75.532667,251.0,85.23,136.86
URE.2025.114.09.58.34,URE,2025.114.09.58.34,earthquake,2773,4616.0,27.73,46.16,4,2,0.8085,0.1597,20.38,9.75,6.693999767303467,-74.50399780273438,1.97,3.0,7.751667,-75.532667,251.0,163.06,135.77
URE.2025.114.11.44.21,URE,2025.114.11.44.21,earthquake,2854,4390.0,28.54,43.9,3,3,0.9306,0.3681,6.53,11.78,6.931000232696533,-76.27100372314453,7.52,1.6,7.751667,-75.532667,251.0,122.0,221.98
URE.2025.114.12.29.20,URE,2025.114.12.29.20,earthquake,3158,4647.0,31.58,46.47,3,2,0.8787,0.2879,23.64,21.56,6.980000019073486,-76.27200317382812,19.55,3.0,7.751667,-75.532667,251.0,118.09,223.77
URE.2025.114.14.54.01,URE,2025.114.14.54.01,earthquake,2961,4519.0,29.61,45.19,3,4,0.6907,0.4003,3.52,0.81,6.966000080108643,-74.5999984741211,13.13,1.7,7.751667,-75.532667,251.0,134.73,130.1
URE.2025.115.10.37.59,URE,2025.115.10.37.59,earthquake,2901,4447.0,29.01,44.47,4,3,0.6686,0.2392,11.85,18.4,6.948999881744385,-76.25299835205078,1.0,1.6,7.751667,-75.532667,251.0,119.19,221.91
URE.2025.115.16.19.05,URE,2025.115.16.19.05,earthquake,3195,,31.95,,3,0,0.7607,0.0,3.61,,6.936999797821045,-76.3489990234375,18.79,1.7,7.751667,-75.532667,251.0,127.44,225.06
URE.2025.116.12.52.04,URE,2025.116.12.52.04,earthquake,3107.0,4574.0,31.07,45.74,3,4,0.6459,0.4865,0.4,13.7,6.986999988555908,-76.29199981689453,14.57,1.4,7.751667,-75.532667,251.0,119.08,224.8
URE.2025.116.21.50.39,URE,2025.116.21.50.39,earthquake,3149.0,4699.0,31.49,46.99,4,2,0.8097,0.3545,18.43,6.63,6.9770002365112305,-76.26599884033203,17.85,1.9,7.751667,-75.532667,251.0,117.88,223.43
URE.2025.118.05.12.08,URE,2025.118.05.12.08,earthquake,8471.0,,84.71,,4,0,0.6111,0.0,0.04,,6.843999862670898,-76.23699951171875,7.22,1.5,7.751667,-75.532667,251.0,126.98,217.81
URE.2025.118.05.13.03,URE,2025.118.05.13.03,earthquake,2908.0,,29.08,,3,0,0.608,0.0,5.24,,6.8480000495910645,-76.23200225830078,11.0,1.7,7.751667,-75.532667,251.0,126.3,217.74
URE.2025.118.06.37.56,URE,2025.118.06.37.56,earthquake,2860.0,4505.0,28.6,45.05,3,2,0.5864,0.5272,7.85,14.66,6.855000019073486,-76.22699737548828,0.0,1.8,7.751667,-75.532667,251.0,125.35,217.75
URE.2025.118.09.52.42,URE,2025.118.09.52.42,earthquake,2908.0,4546.0,29.08,45.46,3,2,0.8815,0.4144,4.81,2.78,6.829999923706055,-76.23999786376953,0.02,1.7,7.751667,-75.532667,251.0,128.41,217.51
URE.2025.119.05.30.12,URE,2025.119.05.30.12,earthquake,2879.0,4453.0,28.79,44.53,3,2,0.7566,0.3987,1.71,0.82,6.923999786376953,-76.28299713134766,2.0,1.5,7.751667,-75.532667,251.0,123.46,222.2
URE.2025.119.16.57.32,URE,2025.119.16.57.32,earthquake,3150.0,,31.5,,3,0,0.6009,0.0,8.81,,6.974999904632568,-76.26200103759766,10.76,1.7,7.751667,-75.532667,251.0,117.74,223.2
URE.2025.120.01.51.23,URE,2025.120.01.51.23,earthquake,3193.0,4509.0,31.93,45.09,3,4,0.6963,0.4225,1.89,6.36,7.125,-76.20899963378906,15.98,1.6,7.751667,-75.532667,251.0,101.87,227.17
URE.2025.120.09.13.23,URE,2025.120.09.13.23,earthquake,2959.0,,29.59,,3,0,0.7478,0.0,2.45,,6.677999973297119,-73.98600006103516,1.93,2.4,7.751667,-75.532667,251.0,208.03,124.7
URE.2025.120.09.24.11,URE,2025.120.09.24.11,earthquake,,4729.0,,47.29,0,3,0.0,0.4175,-0.15,5.82,6.546000003814697,-74.67900085449219,19.79,1.6,7.751667,-75.532667,251.0,163.31,144.68
URE.2025.120.15.46.06,URE,2025.120.15.46.06,earthquake,2847.0,4414.0,28.47,44.14,3,4,0.6958,0.47,1.0,12.74,6.986999988555908,-76.31999969482422,2.0,1.7,7.751667,-75.532667,251.0,121.27,225.84
URE.2025.121.03.25.15,URE,2025.121.03.25.15,earthquake,2803.0,,28.03,,4,0,0.746,0.0,21.15,,6.873000144958496,-74.56900024414062,17.0,2.6,7.751667,-75.532667,251.0,144.1,132.34
URE.2025.121.03.36.58,URE,2025.121.03.36.58,earthquake,3365.0,,33.65,,3,0,0.8017,0.0,6.26,,7.442999839782715,-76.88500213623047,34.02,2.1,7.751667,-75.532667,251.0,153.08,257.21
URE.2025.121.15.33.24,URE,2025.121.15.33.24,earthquake,2898.0,4639.0,28.98,46.39,3,3,0.8601,0.3925,11.59,12.23,6.784999847412109,-76.32099914550781,14.34,1.8,7.751667,-75.532667,251.0,137.87,219.21
URE.2025.122.21.44.01,URE,2025.122.21.44.01,earthquake,2963.0,,29.63,,3,0,0.696,0.0,0.86,,6.8460001945495605,-76.34600067138672,0.0,1.7,7.751667,-75.532667,251.0,134.53,221.93
URE.2025.123.02.32.40,URE,2025.123.02.32.40,earthquake,3340.0,4829.0,33.4,48.29,3,2,0.7324,0.5322,7.36,19.55,6.914999961853027,-76.1050033569336,28.87,1.8,7.751667,-75.532667,251.0,112.05,214.37
URE.2025.124.04.00.45,URE,2025.124.04.00.45,earthquake,2928.0,,29.28,,3,0,0.5635,0.0,2.83,,6.681000232696533,-74.01699829101562,0.0,2.4,7.751667,-75.532667,251.0,205.04,125.18
URE.2025.124.14.51.41,URE,2025.124.14.51.41,earthquake,2856.0,4563.0,28.56,45.63,3,2,0.8444,0.4989,11.92,2.11,6.8379998207092285,-76.31500244140625,1.0,2.0,7.751667,-75.532667,251.0,132.94,220.58
URE.2025.124.16.25.33,URE,2025.124.16.25.33,earthquake,2831.0,4616.0,28.31,46.16,3,3,0.8253,0.4329,9.08,5.78,6.855999946594238,-76.322998046875,11.05,1.9,7.751667,-75.532667,251.0,132.01,221.43
URE.2025.125.01.10.43,URE,2025.125.01.10.43,earthquake,3143.0,4809.0,31.43,48.09,3,3,0.7502,0.5448,0.45,3.5,6.820000171661377,-76.21800231933594,21.37,1.6,7.751667,-75.532667,251.0,127.84,216.34
URE.2025.125.09.59.08,URE,2025.125.09.59.08,earthquake,3314.0,5390.0,33.14,53.9,3,3,0.8622,0.6728,8.25,11.13,6.828999996185303,-76.68099975585938,16.21,2.2,7.751667,-75.532667,251.0,162.76,231.25
URE.2025.126.03.23.13,URE,2025.126.03.23.13,earthquake,3284.0,4764.0,32.84,47.64,3,3,0.7773,0.663,6.67,8.44,7.02400016784668,-76.27799987792969,17.73,1.9,7.751667,-75.532667,251.0,115.1,225.69
URE.2025.126.03.59.02,URE,2025.126.03.59.02,earthquake,3167.0,4723.0,31.67,47.23,3,3,0.689,0.5191,12.27,11.92,7.0289998054504395,-76.30799865722656,16.33,2.0,7.751667,-75.532667,251.0,117.11,227.01
URE.2025.126.19.31.42,URE,2025.126.19.31.42,earthquake,2938.0,4324.0,29.38,43.24,3,4,0.8317,0.3696,12.43,0.71,7.034999847412109,-76.26100158691406,20.2,1.5,7.751667,-75.532667,251.0,112.9,225.46
URE.2025.127.07.34.30,URE,2025.127.07.34.30,earthquake,,5616.0,,56.16,0,3,0.0,0.5103,-1.41,2.01,6.513000011444092,-76.61199951171875,24.88,2.3,7.751667,-75.532667,251.0,181.6,221.1
URE.2025.127.14.56.25,URE,2025.127.14.56.25,earthquake,3141.0,4538.0,31.41,45.38,3,3,0.881,0.4209,12.05,11.96,7.163000106811523,-76.28700256347656,15.27,1.8,7.751667,-75.532667,251.0,105.7,232.03
URE.2025.128.07.55.16,URE,2025.128.07.55.16,earthquake,2985.0,4353.0,29.85,43.53,4,4,0.8066,0.4861,1.27,10.63,7.679999828338623,-74.51499938964844,30.24,1.5,7.751667,-75.532667,251.0,112.55,93.97
URE.2025.128.15.03.13,URE,2025.128.15.03.13,earthquake,3399.0,,33.99,,3,0,0.8546,0.0,6.47,,7.197000026702881,-76.9469985961914,34.02,2.8,7.751667,-75.532667,251.0,167.73,248.64
URE.2025.128.20.33.59,URE,2025.128.20.33.59,earthquake,3177.0,4695.0,31.77,46.95,3,3,0.8891,0.4652,20.04,14.94,7.197999954223633,-76.38200378417969,16.8,2.4,7.751667,-75.532667,251.0,111.97,236.91
URE.2025.129.01.30.10,URE,2025.129.01.30.10,earthquake,3150.0,,31.5,,4,0,0.6832,0.0,4.18,,6.973999977111816,-76.2490005493164,10.18,1.5,7.751667,-75.532667,251.0,116.84,222.65
URE.2025.129.08.28.02,URE,2025.129.08.28.02,earthquake,2953.0,,29.53,,3,0,0.7563,0.0,5.1,,6.105999946594238,-73.95700073242188,10.31,2.1,7.751667,-75.532667,251.0,251.88,136.17
URE.2025.129.11.27.36,URE,2025.129.11.27.36,earthquake,3162.0,4682.0,31.62,46.82,3,2,0.6894,0.735,0.96,10.81,6.992000102996826,-76.26399993896484,19.96,1.8,7.751667,-75.532667,251.0,116.52,223.91
URE.2025.130.19.22.50,URE,2025.130.19.22.50,earthquake,3060.0,4762.0,30.6,47.62,3,2,0.8112,0.4038,12.33,6.57,6.693999767303467,-76.00199890136719,15.39,2.2,7.751667,-75.532667,251.0,127.94,203.93
URE.2025.130.21.29.11,URE,2025.130.21.29.11,earthquake,3123.0,3372.0,31.23,33.72,3,2,0.6414,0.2737,4.71,3.24,6.276000022888184,-76.59100341796875,15.98,1.6,7.751667,-75.532667,251.0,200.76,215.69
URE.2025.132.01.49.22,URE,2025.132.01.49.22,earthquake,3122.0,4709.0,31.22,47.09,3,2,0.8275,0.4943,10.33,14.05,6.947000026702881,-76.29199981689453,17.38,1.9,7.751667,-75.532667,251.0,122.26,223.34
URE.2025.132.06.59.22,URE,2025.132.06.59.22,earthquake,3178.0,4799.0,31.78,47.99,3,3,0.6714,0.5279,3.34,19.27,6.918000221252441,-76.27799987792969,12.29,1.9,7.751667,-75.532667,251.0,123.58,221.8
URE.2025.133.12.23.11,URE,2025.133.12.23.11,earthquake,3174.0,4860.0,31.74,48.6,3,3,0.6491,0.525,0.13,2.96,6.855999946594238,-76.19000244140625,19.02,1.7,7.751667,-75.532667,251.0,122.8,216.28
URE.2025.136.11.06.26,URE,2025.136.11.06.26,earthquake,2787.0,4263.0,27.87,42.63,4,3,0.6323,0.2731,6.73,8.75,7.008999824523926,-76.28500366210938,1.47,1.5,7.751667,-75.532667,251.0,116.81,225.37
URE.2025.138.01.15.33,URE,2025.138.01.15.33,earthquake,3119.0,4803.0,31.19,48.03,3,2,0.7421,0.6632,3.24,16.14,6.839000225067139,-76.2030029296875,17.15,1.9,7.751667,-75.532667,251.0,125.17,216.3
URE.2025.138.04.37.25,URE,2025.138.04.37.25,earthquake,3251.0,4940.0,32.51,49.4,3,2,0.8165,0.5976,8.82,20.94,6.86899995803833,-76.19200134277344,22.07,2.1,7.751667,-75.532667,251.0,121.78,216.76
URE.2025.138.06.33.14,URE,2025.138.06.33.14,earthquake,3278.0,,32.78,,3,0,0.6734,0.0,9.65,,6.855999946594238,-76.18199920654297,19.96,2.0,7.751667,-75.532667,251.0,122.28,215.94
URE.2025.138.06.40.56,URE,2025.138.06.40.56,earthquake,3239.0,4908.0,32.39,49.08,4,2,0.6913,0.5565,14.55,22.72,6.855999946594238,-76.20500183105469,22.01,2.2,7.751667,-75.532667,251.0,123.79,216.89
URE.2025.138.20.47.41,URE,2025.138.20.47.41,earthquake,3206.0,4771.0,32.06,47.71,3,3,0.6348,0.6559,14.57,19.83,7.051000118255615,-76.31199645996094,16.21,2.3,7.751667,-75.532667,251.0,115.79,228.04
URE.2025.139.13.08.21,URE,2025.139.13.08.21,earthquake,3225.0,4924.0,32.25,49.24,4,3,0.7295,0.4821,7.93,8.3,6.920000076293945,-76.26799774169922,24.18,2.0,7.751667,-75.532667,251.0,122.68,221.48
URE.2025.140.02.30.13,URE,2025.140.02.30.13,earthquake,3210.0,4774.0,32.1,47.74,3,3,0.8716,0.3535,14.19,15.44,6.9770002365112305,-76.25700378417969,19.73,1.9,7.751667,-75.532667,251.0,117.2,223.08
URE.2025.140.22.03.14,URE,2025.140.22.03.14,earthquake,3213.0,,32.13,,3,0,0.5833,0.0,12.8,,7.0279998779296875,-76.31600189208984,12.99,2.1,7.751667,-75.532667,251.0,117.83,227.27
URE.2025.141.03.43.24,URE,2025.141.03.43.24,earthquake,3190.0,4845.0,31.9,48.45,3,2,0.6534,0.3626,1.85,5.34,6.984000205993652,-76.29299926757812,8.07,1.7,7.751667,-75.532667,251.0,119.39,224.73
URE.2025.142.11.01.43,URE,2025.142.11.01.43,earthquake,3204.0,4882.0,32.04,48.82,3,2,0.8446,0.6052,5.72,10.35,6.859000205993652,-76.31600189208984,21.02,1.8,7.751667,-75.532667,251.0,131.25,221.27
URE.2025.143.01.11.32,URE,2025.143.01.11.32,earthquake,3224.0,4617.0,32.24,46.17,3,3,0.8759,0.4899,8.05,12.34,7.189000129699707,-76.27799987792969,19.02,1.8,7.751667,-75.532667,251.0,103.15,232.95
URE.2025.144.05.46.07,URE,2025.144.05.46.07,earthquake,3219.0,4779.0,32.19,47.79,3,3,0.8821,0.6292,3.43,14.84,7.197000026702881,-76.42400360107422,16.91,2.0,7.751667,-75.532667,251.0,115.94,238.12
URE.2025.144.08.35.42,URE,2025.144.08.35.42,earthquake,3170.0,4777.0,31.7,47.77,4,3,0.7829,0.5468,5.6,5.68,6.909999847412109,-76.21700286865234,15.86,1.8,7.751667,-75.532667,251.0,119.89,219.11
URE.2025.144.09.54.20,URE,2025.144.09.54.20,earthquake,3155.0,4756.0,31.55,47.56,4,3,0.7799,0.4894,6.26,13.44,6.980000019073486,-76.28800201416016,15.1,1.9,7.751667,-75.532667,251.0,119.32,224.39
URE.2025.144.16.10.25,URE,2025.144.16.10.25,earthquake,,4779.0,,47.79,0,3,0.0,0.3754,-3.98,7.33,6.9679999351501465,-76.26799774169922,9.24,1.5,7.751667,-75.532667,251.0,118.75,223.18
URE.2025.145.09.37.44,URE,2025.145.09.37.44,earthquake,,5225.0,,52.25,0,3,0.0,0.4897,-1.07,14.16,6.883999824523926,-76.69200134277344,24.65,2.6,7.751667,-75.532667,251.0,159.98,233.22
URE.2025.145.10.32.57,URE,2025.145.10.32.57,earthquake,3186.0,4856.0,31.86,48.56,3,3,0.8377,0.5412,13.68,13.26,6.953000068664551,-76.3479995727539,19.08,2.1,7.751667,-75.532667,251.0,126.12,225.6
URE.2025.145.14.37.57,URE,2025.145.14.37.57,earthquake,3117.0,,31.17,,3,0,0.7367,0.0,3.61,,6.881999969482422,-76.62999725341797,13.63,1.6,7.751667,-75.532667,251.0,154.7,231.63
URE.2025.146.21.59.27,URE,2025.146.21.59.27,earthquake,3227.0,4731.0,32.27,47.31,4,3,0.6947,0.4066,14.66,18.02,6.988999843597412,-76.26499938964844,20.14,3.4,7.751667,-75.532667,251.0,116.84,223.84
URE.2025.147.00.51.10,URE,2025.147.00.51.10,earthquake,3279.0,4824.0,32.79,48.24,3,3,0.7767,0.5658,7.54,6.89,6.997000217437744,-76.25399780273438,20.31,1.9,7.751667,-75.532667,251.0,115.36,223.7
URE.2025.147.09.53.04,URE,2025.147.09.53.04,earthquake,2937.0,3944.0,29.37,39.44,4,4,0.8307,0.3311,17.55,8.31,7.070000171661377,-75.38999938964844,16.21,1.8,7.751667,-75.532667,251.0,77.02,168.19
URE.2025.148.11.03.25,URE,2025.148.11.03.25,earthquake,2955.0,4579.0,29.55,45.79,3,4,0.7826,0.507,0.04,12.42,6.929999828338623,-76.23899841308594,0.0,1.5,7.751667,-75.532667,251.0,119.75,220.68
URE.2025.153.00.53.30,URE,2025.153.00.53.30,earthquake,3292.0,4932.0,32.92,49.32,3,3,0.5371,0.3004,6.64,4.52,6.86899995803833,-76.30400085449219,19.96,1.7,7.751667,-75.532667,251.0,129.55,221.15
URE.2025.154.00.22.09,URE,2025.154.00.22.09,earthquake,3237.0,4772.0,32.37,47.72,4,4,0.7981,0.3478,6.64,10.22,6.995999813079834,-76.24600219726562,12.87,1.6,7.751667,-75.532667,251.0,114.83,223.35
URE.2025.154.22.58.59,URE,2025.154.22.58.59,earthquake,3475.0,,34.75,,4,0,0.7891,0.0,5.95,-5.0,6.131999969482422,-73.11699676513672,18.32,3.2,7.751667,-75.532667,251.0,321.47,123.71
URE.2025.155.08.19.20,URE,2025.155.08.19.20,earthquake,3153.0,4141.0,31.53,41.41,4,4,0.7802,0.4694,10.77,18.93,7.254000186920166,-75.9209976196289,31.68,2.1,7.751667,-75.532667,251.0,69.76,217.94
URE.2025.155.14.14.41,URE,2025.155.14.14.41,earthquake,3189.0,4871.0,31.89,48.71,3,2,0.612,0.4129,2.38,9.21,6.949999809265137,-76.26899719238281,12.05,1.5,7.751667,-75.532667,251.0,120.29,222.57
URE.2025.157.04.56.41,URE,2025.157.04.56.41,earthquake,2913.0,,29.13,,3,0,0.7102,0.0,4.16,-2.83,6.576000213623047,-74.69999694824219,3.15,2.0,7.751667,-75.532667,251.0,159.26,144.67
URE.2025.157.20.04.55,URE,2025.157.20.04.55,earthquake,2929.0,10216.0,29.29,102.16,3,4,0.6224,0.3967,0.9,16.29,6.618000030517578,-76.73300170898438,8.58,1.7,7.751667,-75.532667,251.0,182.47,226.68
URE.2025.158.11.07.08,URE,2025.158.11.07.08,earthquake,3069.0,4854.0,30.69,48.54,3,3,0.9136,0.4435,3.25,4.76,7.026000022888184,-76.50900268554688,10.82,1.8,7.751667,-75.532667,251.0,134.38,233.39
URE.2025.158.12.49.53,URE,2025.158.12.49.53,earthquake,3415.0,5329.0,34.15,53.29,3,3,0.5642,0.5825,2.26,14.92,6.843999862670898,-76.66999816894531,18.32,2.5,7.751667,-75.532667,251.0,160.77,231.44
URE.2025.160.13.03.28,URE,2025.160.13.03.28,earthquake,2994.0,3906.0,29.94,39.06,3,4,0.8956,0.6073,7.35,9.36,7.297999858856201,-75.07099914550781,32.79,1.8,7.751667,-75.532667,251.0,71.51,134.53
URE.2025.160.22.48.31,URE,2025.160.22.48.31,earthquake,2915.0,4803.0,29.15,48.03,3,4,0.6137,0.5606,2.57,13.38,7.359000205993652,-74.0989990234375,7.3,1.7,7.751667,-75.532667,251.0,164.07,105.25
URE.2025.161.01.33.08,URE,2025.161.01.33.08,earthquake,2921.0,3883.0,29.21,38.83,4,4,0.8907,0.6871,9.09,10.4,7.2829999923706055,-75.92500305175781,29.41,1.7,7.751667,-75.532667,251.0,67.54,219.9
URE.2025.161.04.10.55,URE,2025.161.04.10.55,earthquake,,4788.0,,47.88,0,4,0.0,0.4753,-8.49,2.35,7.025000095367432,-76.28700256347656,5.25,1.8,7.751667,-75.532667,251.0,115.73,226.07
URE.2025.162.07.01.02,URE,2025.162.07.01.02,earthquake,,3754.0,,37.54,0,4,0.0,0.6046,-0.41,1.46,7.363999843597412,-75.34500122070312,15.98,1.5,7.751667,-75.532667,251.0,47.61,154.2
URE.2025.162.08.21.34,URE,2025.162.08.21.34,earthquake,3200.0,4738.0,32.0,47.38,3,2,0.7571,0.6696,2.31,9.96,6.998000144958496,-76.2750015258789,18.09,1.8,7.751667,-75.532667,251.0,116.89,224.57
URE.2025.162.11.31.42,URE,2025.162.11.31.42,earthquake,2819.0,4606.0,28.19,46.06,3,4,0.6899,0.4047,7.6,9.94,6.802999973297119,-74.447998046875,0.52,2.1,7.751667,-75.532667,251.0,159.23,131.15
URE.2025.162.12.37.26,URE,2025.162.12.37.26,earthquake,2962.0,3874.0,29.62,38.74,4,4,0.8063,0.4328,8.77,9.65,7.557000160217285,-74.87799835205078,10.59,2.3,7.751667,-75.532667,251.0,75.37,106.55
URE.2025.162.22.12.41,URE,2025.162.22.12.41,earthquake,,4697.0,,46.97,0,2,0.0,0.6081,-1.35,8.61,6.8379998207092285,-74.43900299072266,0.07,1.8,7.751667,-75.532667,251.0,157.46,129.85
URE.2025.163.00.35.57,URE,2025.163.00.35.57,earthquake,3246.0,4862.0,32.46,48.62,3,3,0.5041,0.5682,2.22,19.29,6.886000156402588,-76.19999694824219,22.01,2.5,7.751667,-75.532667,251.0,120.81,217.63
URE.2025.163.00.46.28,URE,2025.163.00.46.28,earthquake,,4755.0,,47.55,0,3,0.0,0.596,-2.45,16.31,6.8520002365112305,-76.19200134277344,18.32,1.7,7.751667,-75.532667,251.0,123.29,216.24
URE.2025.165.09.41.11,URE,2025.165.09.41.11,earthquake,2980.0,4418.0,29.8,44.18,4,4,0.7763,0.4205,18.38,10.0,7.390999794006348,-76.47599792480469,21.96,2.2,7.751667,-75.532667,251.0,111.48,249.1
URE.2025.165.15.45.35,URE,2025.165.15.45.35,earthquake,3136.0,,31.36,,3,0,0.7489,0.0,12.62,,7.026000022888184,-76.32599639892578,11.52,1.5,7.751667,-75.532667,251.0,118.79,227.55
URE.2025.165.21.28.08,URE,2025.165.21.28.08,earthquake,,4828.0,,48.28,0,2,0.0,0.4991,-0.37,9.54,6.934000015258789,-76.27799987792969,11.82,1.5,7.751667,-75.532667,251.0,122.27,222.35
URE.2025.166.05.25.35,URE,2025.166.05.25.35,earthquake,,4646.0,,46.46,0,3,0.0,0.4946,-0.45,1.59,6.993000030517578,-76.26699829101562,16.97,1.7,7.751667,-75.532667,251.0,116.67,224.07
URE.2025.166.05.55.01,URE,2025.166.05.55.01,earthquake,3208.0,4792.0,32.08,47.92,3,3,0.8536,0.3254,5.91,6.67,7.004000186920166,-76.36900329589844,18.32,1.7,7.751667,-75.532667,251.0,123.95,228.21
URE.2025.166.07.18.47,URE,2025.166.07.18.47,earthquake,3288.0,4497.0,32.88,44.97,4,4,0.6778,0.4338,17.17,10.46,7.158999919891357,-76.1709976196289,29.1,2.1,7.751667,-75.532667,251.0,96.23,227.11
URE.2025.168.00.29.32,URE,2025.168.00.29.32,earthquake,2926.0,,29.26,,3,0,0.7788,0.0,7.89,,5.913000106811523,-74.11699676513672,0.0,3.2,7.751667,-75.532667,251.0,256.57,142.33
URE.2025.168.10.09.24,URE,2025.168.10.09.24,earthquake,3005.0,3871.0,30.05,38.71,4,4,0.8395,0.6034,2.78,10.69,7.533999919891357,-75.0199966430664,0.0,1.6,7.751667,-75.532667,251.0,61.48,113.02
URE.2025.168.22.50.25,URE,2025.168.22.50.25,earthquake,3166.0,3196.0,31.66,31.96,3,2,0.6785,0.3601,2.19,7.84,6.836999893188477,-76.2969970703125,16.21,1.9,7.751667,-75.532667,251.0,131.74,219.89
URE.2025.169.04.28.30,URE,2025.169.04.28.30,earthquake,3155.0,4833.0,31.55,48.33,3,2,0.8691,0.4697,4.44,19.45,6.872000217437744,-76.23699951171875,19.67,1.9,7.751667,-75.532667,251.0,124.55,218.69
URE.2025.169.20.47.43,URE,2025.169.20.47.43,earthquake,2954.0,3731.0,29.54,37.31,3,4,0.8949,0.6617,3.45,3.74,7.298999786376953,-75.25700378417969,17.37,1.5,7.751667,-75.532667,251.0,58.58,148.69
URE.2025.170.05.07.53,URE,2025.170.05.07.53,earthquake,2840.0,4324.0,28.4,43.24,4,3,0.7663,0.5203,9.77,14.83,6.9720001220703125,-76.29100036621094,7.6,1.9,7.751667,-75.532667,251.0,120.19,224.21
URE.2025.171.07.17.09,URE,2025.171.07.17.09,earthquake,3138.0,4744.0,31.38,47.44,4,2,0.6185,0.4309,3.52,7.99,6.974999904632568,-76.28600311279297,16.27,1.9,7.751667,-75.532667,251.0,119.56,224.13
URE.2025.171.08.44.55,URE,2025.171.08.44.55,earthquake,3182.0,4801.0,31.82,48.01,3,2,0.7411,0.5187,6.59,5.2,6.953000068664551,-76.27999877929688,16.74,1.9,7.751667,-75.532667,251.0,120.87,223.1
URE.2025.171.09.19.07,URE,2025.171.09.19.07,earthquake,12209.0,,122.09,,3,0,0.7208,0.0,0.68,,7.0329999923706055,-76.28500366210938,0.0,2.0,7.751667,-75.532667,251.0,114.96,226.31
URE.2025.171.10.51.05,URE,2025.171.10.51.05,earthquake,3210.0,4728.0,32.1,47.28,4,3,0.7604,0.4147,10.04,15.15,6.9730000495910645,-76.2959976196289,15.51,1.8,7.751667,-75.532667,251.0,120.49,224.43
URE.2025.171.16.18.55,URE,2025.171.16.18.55,earthquake,3362.0,,33.62,,3,0,0.8465,0.0,9.82,,6.673999786376953,-76.85900115966797,18.79,2.5,7.751667,-75.532667,251.0,188.84,230.95
URE.2025.174.12.13.20,URE,2025.174.12.13.20,earthquake,3269.0,,32.69,,3,0,0.6544,0.0,6.98,,7.2230000495910645,-76.96099853515625,35.08,2.1,7.751667,-75.532667,251.0,168.15,249.75
URE.2025.174.19.14.00,URE,2025.174.19.14.00,earthquake,4578.0,6077.0,45.78,60.77,4,3,0.6204,0.4494,3.09,10.87,6.46999979019165,-73.91600036621094,34.69,2.2,7.751667,-75.532667,251.0,228.0,128.34
URE.2025.174.19.14.17,URE,2025.174.19.14.17,earthquake,,4476.0,,44.76,0,3,0.0,0.4874,-2.81,11.18,6.973999977111816,-76.31600189208984,0.0,2.1,7.751667,-75.532667,251.0,121.97,225.21
URE.2025.175.22.22.15,URE,2025.175.22.22.15,earthquake,3010.0,4234.0,30.1,42.34,3,4,0.6919,0.4231,8.97,6.66,7.120999813079834,-76.1989974975586,20.04,1.8,7.751667,-75.532667,251.0,101.37,226.57
URE.2025.176.04.13.12,URE,2025.176.04.13.12,earthquake,9624.0,,96.24,,3,0,0.659,0.0,3.93,,7.138999938964844,-76.28800201416016,14.45,1.7,7.751667,-75.532667,251.0,107.44,230.95
URE.2025.178.06.10.22,URE,2025.178.06.10.22,earthquake,3317.0,,33.17,,3,0,0.7846,0.0,6.57,,6.745999813079834,-76.73100280761719,30.51,2.8,7.751667,-75.532667,251.0,172.87,230.03
URE.2025.179.09.54.57,URE,2025.179.09.54.57,earthquake,3143.0,4680.0,31.43,46.8,3,3,0.7904,0.5041,0.83,1.02,7.0,-76.28500366210938,17.15,2.1,7.751667,-75.532667,251.0,117.51,225.03
URE.2025.180.16.29.07,URE,2025.180.16.29.07,earthquake,2952.0,,29.52,,3,0,0.8807,0.0,10.34,,6.822000026702881,-76.31099700927734,0.0,1.7,7.751667,-75.532667,251.0,134.01,219.94
URE.2025.182.14.04.26,URE,2025.182.14.04.26,earthquake,2951.0,,29.51,,3,0,0.6844,0.0,5.4,-1.36,6.991000175476074,-76.21700286865234,18.2,1.8,7.751667,-75.532667,251.0,113.07,221.97
URE.2025.184.11.28.56,URE,2025.184.11.28.56,earthquake,2796.0,,27.96,,3,0,0.8891,0.0,0.95,-0.41,6.942999839782715,-74.697998046875,9.34,1.5,7.751667,-75.532667,251.0,128.42,134.09
URE.2025.185.05.57.00,URE,2025.185.05.57.00,earthquake,3051.0,4463.0,30.51,44.63,3,2,0.5875,0.7085,7.41,14.91,7.164999961853027,-76.27200317382812,0.0,2.3,7.751667,-75.532667,251.0,104.26,231.56
URE.2025.185.20.10.27,URE,2025.185.20.10.27,earthquake,2996.0,4808.0,29.96,48.08,3,3,0.8514,0.5266,9.0,5.31,7.418000221252441,-76.88300323486328,19.98,2.2,7.751667,-75.532667,251.0,153.51,256.18
URE.2025.189.10.59.12,URE,2025.189.10.59.12,earthquake,3245.0,4800.0,32.45,48.0,3,3,0.8535,0.4282,2.14,3.21,6.9730000495910645,-76.26000213623047,28.63,1.9,7.751667,-75.532667,251.0,117.75,223.05
URE.2025.189.23.55.22,URE,2025.189.23.55.22,earthquake,,5315.0,,53.15,0,3,0.0,0.3913,-0.55,3.91,7.192999839782715,-76.80999755859375,33.79,2.2,7.751667,-75.532667,251.0,153.94,246.42
URE.2025.190.17.03.07,URE,2025.190.17.03.07,earthquake,2978.0,4685.0,29.78,46.85,3,2,0.7567,0.4775,2.22,0.49,6.8460001945495605,-76.3270034790039,0.0,1.7,7.751667,-75.532667,251.0,133.14,221.26
URE.2025.190.17.39.24,URE,2025.190.17.39.24,earthquake,3276.0,4959.0,32.76,49.59,3,3,0.4872,0.3839,0.44,2.21,6.901000022888184,-76.322998046875,21.84,2.2,7.751667,-75.532667,251.0,128.32,222.9
URE.2025.192.22.15.42,URE,2025.192.22.15.42,earthquake,2929.0,,29.29,,3,0,0.6436,0.0,1.23,,6.824999809265137,-76.18299865722656,18.84,1.8,7.751667,-75.532667,251.0,125.14,215.06
URE.2025.193.15.44.05,URE,2025.193.15.44.05,earthquake,3110.0,4742.0,31.1,47.42,3,2,0.6389,0.2494,5.2,5.07,7.392000198364258,-76.5459976196289,15.74,1.5,7.751667,-75.532667,251.0,118.69,250.49
URE.2025.193.23.58.09,URE,2025.193.23.58.09,earthquake,3164.0,4734.0,31.64,47.34,3,2,0.7847,0.1893,0.7,0.88,6.9710001945495605,-76.26899719238281,12.52,1.9,7.751667,-75.532667,251.0,118.59,223.33
URE.2025.195.00.59.38,URE,2025.195.00.59.38,earthquake,3163.0,,31.63,,3,0,0.7598,0.0,0.71,,6.992000102996826,-76.28299713134766,7.77,1.6,7.751667,-75.532667,251.0,117.99,224.65
URE.2025.195.06.28.09,URE,2025.195.06.28.09,earthquake,8047.0,,80.47,,3,0,0.7899,0.0,3.48,,5.744999885559082,-76.58399963378906,23.0,1.6,7.751667,-75.532667,251.0,250.51,207.71
URE.2025.195.16.50.07,URE,2025.195.16.50.07,earthquake,,4771.0,,47.71,0,4,0.0,0.5284,-0.36,11.5,7.002999782562256,-76.24500274658203,12.99,2.0,7.751667,-75.532667,251.0,114.19,223.57
URE.2025.196.02.59.59,URE,2025.196.02.59.59,earthquake,,4806.0,,48.06,0,2,0.0,0.2562,-0.46,8.37,6.978000164031982,-76.2509994506836,11.58,1.8,7.751667,-75.532667,251.0,116.66,222.87
URE.2025.196.03.04.48,URE,2025.196.03.04.48,earthquake,,4806.0,,48.06,0,2,0.0,0.4558,-0.41,12.36,6.995999813079834,-76.24400329589844,12.99,2.4,7.751667,-75.532667,251.0,114.68,223.27
URE.2025.196.04.08.35,URE,2025.196.04.08.35,earthquake,3208.0,4798.0,32.08,47.98,3,3,0.8061,0.4505,6.28,1.3,6.98199987411499,-76.24700164794922,11.35,1.7,7.751667,-75.532667,251.0,116.04,222.86
URE.2025.196.04.14.35,URE,2025.196.04.14.35,earthquake,,4418.0,,44.18,0,2,0.0,0.4348,-1.61,6.95,6.964000225067139,-76.27400207519531,7.09,2.7,7.751667,-75.532667,251.0,119.53,223.26
URE.2025.197.11.11.29,URE,2025.197.11.11.29,earthquake,,4863.0,,48.63,0,4,0.0,0.3845,-0.95,8.0,6.927999973297119,-76.26100158691406,13.34,1.8,7.751667,-75.532667,251.0,121.51,221.49
URE.2025.198.06.17.04,URE,2025.198.06.17.04,earthquake,3150.0,4936.0,31.5,49.36,3,3,0.7062,0.4193,2.02,4.75,7.000999927520752,-76.50700378417969,13.28,1.7,7.751667,-75.532667,251.0,135.88,232.4
URE.2025.198.08.44.20,URE,2025.198.08.44.20,earthquake,3167.0,4864.0,31.67,48.64,3,3,0.7822,0.497,7.27,1.72,6.8379998207092285,-76.3030014038086,15.86,1.5,7.751667,-75.532667,251.0,132.08,220.14
URE.2025.198.10.32.56,URE,2025.198.10.32.56,earthquake,3172.0,3229.0,31.72,32.29,3,2,0.6943,0.2881,2.63,13.57,7.026000022888184,-76.51100158691406,13.16,1.5,7.751667,-75.532667,251.0,134.56,233.45
URE.2025.198.23.16.39,URE,2025.198.23.16.39,earthquake,2977.0,4465.0,29.77,44.65,3,4,0.7916,0.4575,2.07,0.26,6.940999984741211,-76.30000305175781,0.0,1.8,7.751667,-75.532667,251.0,123.35,223.43
URE.2025.199.23.07.10,URE,2025.199.23.07.10,earthquake,,5012.0,,50.12,0,4,0.0,0.4058,-0.33,11.95,7.571000099182129,-74.01200103759766,19.24,2.0,7.751667,-75.532667,251.0,168.96,96.69
URE.2025.200.04.36.02,URE,2025.200.04.36.02,earthquake,3330,5334.0,33.3,53.34,3,3,0.7978,0.3438,3.84,11.22,6.785999774932861,-76.72100067138672,23.48,2.8,7.751667,-75.532667,251.0,169.19,230.94
URE.2025.202.23.03.39,URE,2025.202.23.03.39,earthquake,3228,,32.28,,4,0,0.6815,0.0,0.83,,6.864999771118164,-76.31500244140625,20.43,2.0,7.751667,-75.532667,251.0,130.68,221.43
URE.2025.204.05.49.16,URE,2025.204.05.49.16,earthquake,3248,4744.0,32.48,47.44,4,3,0.7193,0.5651,6.04,14.21,7.011000156402588,-76.29000091552734,16.04,1.6,7.751667,-75.532667,251.0,117.05,225.64
URE.2025.204.07.50.25,URE,2025.204.07.50.25,earthquake,8303,,83.03,,3,0,0.5371,0.0,2.21,,6.9710001945495605,-76.28700256347656,10.12,1.8,7.751667,-75.532667,251.0,119.96,224.02
URE.2025.204.13.04.03,URE,2025.204.13.04.03,earthquake,2980,,29.8,,3,0,0.5741,0.0,2.64,,7.320000171661377,-76.26200103759766,10.37,1.5,7.751667,-75.532667,251.0,93.58,239.38
URE.2025.205.03.14.46,URE,2025.205.03.14.46,earthquake,2952,4445.0,29.52,44.45,4,3,0.8079,0.3942,10.37,11.97,6.956999778747559,-76.26899719238281,11.49,1.6,7.751667,-75.532667,251.0,119.72,222.82
URE.2025.205.16.32.56,URE,2025.205.16.32.56,earthquake,2883,,28.83,,3,0,0.7571,0.0,1.24,,7.367000102996826,-74.68399810791016,21.15,1.5,7.751667,-75.532667,251.0,102.87,114.37
URE.2025.206.11.59.06,URE,2025.206.11.59.06,earthquake,3093,4599.0,30.93,45.99,4,3,0.722,0.448,4.6,5.63,6.964000225067139,-76.27899932861328,15.51,1.7,7.751667,-75.532667,251.0,119.91,223.46
URE.2025.208.22.04.38,URE,2025.208.22.04.38,earthquake,3248,,32.48,,3,0,0.6148,0.0,5.35,-0.58,7.0320000648498535,-76.28399658203125,14.34,1.6,7.751667,-75.532667,251.0,114.96,226.23
URE.2025.209.16.56.10,URE,2025.209.16.56.10,earthquake,3153,,31.53,,3,0,0.6819,0.0,0.85,-2.13,7.020999908447266,-76.31900024414062,13.22,1.9,7.751667,-75.532667,251.0,118.6,227.1
URE.2025.209.19.41.06,URE,2025.209.19.41.06,earthquake,3170,4604.0,31.7,46.04,3,3,0.855,0.4573,2.77,7.45,7.164999961853027,-76.2699966430664,17.15,1.9,7.751667,-75.532667,251.0,104.09,231.49
URE.2025.210.08.51.15,URE,2025.210.08.51.15,earthquake,3154,4645.0,31.54,46.45,4,4,0.6316,0.4379,6.16,13.13,6.995999813079834,-76.29000091552734,16.21,1.6,7.751667,-75.532667,251.0,118.22,225.06
URE.2025.211.03.46.12,URE,2025.211.03.46.12,earthquake,3319,,33.19,,3,0,0.5134,0.0,1.67,,7.201000213623047,-76.22899627685547,17.15,1.6,7.751667,-75.532667,251.0,98.06,231.65
URE.2025.213.07.01.32,URE,2025.213.07.01.32,earthquake,3156,4692.0,31.56,46.92,3,4,0.7945,0.4842,10.39,10.76,6.973999977111816,-76.28700256347656,19.08,2.2,7.751667,-75.532667,251.0,119.72,224.13
URE.2025.214.08.21.23,URE,2025.214.08.21.23,earthquake,3186.0,4644.0,31.86,46.44,3,2,0.7263,0.4683,5.43,1.36,6.9770002365112305,-76.25499725341797,8.24,1.5,7.751667,-75.532667,251.0,117.05,223.0
URE.2025.215.00.46.08,URE,2025.215.00.46.08,earthquake,3293.0,,32.93,,3,0,0.689,0.0,14.54,,7.211999893188477,-76.89399719238281,28.87,2.1,7.751667,-75.532667,251.0,161.68,248.43
URE.2025.215.23.35.43,URE,2025.215.23.35.43,earthquake,3320.0,5267.0,33.2,52.67,3,3,0.7925,0.5701,1.29,8.96,7.008999824523926,-76.77799987792969,18.09,2.5,7.751667,-75.532667,251.0,160.15,239.23
URE.2025.216.09.56.02,URE,2025.216.09.56.02,earthquake,2864.0,4408.0,28.64,44.08,3,3,0.5614,0.5076,10.34,13.7,6.973999977111816,-76.27899932861328,9.58,1.7,7.751667,-75.532667,251.0,119.11,223.82
URE.2025.218.00.30.53,URE,2025.218.00.30.53,earthquake,3212.0,4668.0,32.12,46.68,3,2,0.7519,0.4441,0.01,6.52,7.007999897003174,-76.26000213623047,20.72,2.0,7.751667,-75.532667,251.0,114.94,224.36
URE.2025.218.11.54.47,URE,2025.218.11.54.47,earthquake,3314.0,5695.0,33.14,56.95,3,4,0.8201,0.3805,1.65,1.42,5.986000061035156,-75.90699768066406,36.37,1.9,7.751667,-75.532667,251.0,199.6,191.99
URE.2025.218.19.09.07,URE,2025.218.19.09.07,earthquake,3373.0,,33.73,,3,0,0.5764,0.0,5.08,,6.506999969482422,-76.7020034790039,15.98,1.9,7.751667,-75.532667,251.0,188.76,223.25
URE.2025.218.19.46.11,URE,2025.218.19.46.11,earthquake,3288.0,5161.0,32.88,51.61,3,3,0.7611,0.5006,5.98,4.34,6.947000026702881,-76.56400299072266,16.21,2.4,7.751667,-75.532667,251.0,144.52,232.06
URE.2025.218.19.58.57,URE,2025.218.19.58.57,earthquake,3132.0,4807.0,31.32,48.07,3,2,0.8126,0.6003,3.58,13.92,6.843999862670898,-76.1989974975586,19.02,1.1,7.751667,-75.532667,251.0,124.46,216.28
URE.2025.219.10.41.29,URE,2025.219.10.41.29,earthquake,,4566.0,,45.66,0,3,0.0,0.4838,-0.38,5.4,7.364999771118164,-76.7249984741211,2.69,2.5,7.751667,-75.532667,251.0,138.36,252.08
URE.2025.219.12.44.12,URE,2025.219.12.44.12,earthquake,3175.0,4795.0,31.75,47.95,3,3,0.8785,0.5373,5.58,8.32,6.985000133514404,-76.29199981689453,17.15,3.1,7.751667,-75.532667,251.0,119.24,224.73
URE.2025.219.21.41.24,URE,2025.219.21.41.24,earthquake,3151.0,4537.0,31.51,45.37,3,4,0.6977,0.5343,3.31,14.54,7.256999969482422,-76.35299682617188,16.33,1.7,7.751667,-75.532667,251.0,105.79,238.91
URE.2025.220.02.22.41,URE,2025.220.02.22.41,earthquake,,4529.0,,45.29,0,3,0.0,0.4761,-0.05,16.11,7.015999794006348,-76.29499816894531,17.73,1.8,7.751667,-75.532667,251.0,117.06,226.02
URE.2025.222.08.55.55,URE,2025.222.08.55.55,earthquake,3185.0,4817.0,31.85,48.17,3,3,0.7556,0.5019,1.37,10.21,6.920000076293945,-76.24400329589844,25.35,2.5,7.751667,-75.532667,251.0,120.95,220.54
URE.2025.222.16.22.01,URE,2025.222.16.22.01,earthquake,3403.0,7081.0,34.03,70.81,3,2,0.7934,0.3059,7.67,6.13,5.313000202178955,-74.44300079345703,23.77,2.5,7.751667,-75.532667,251.0,295.39,155.86
URE.2025.223.13.15.08,URE,2025.223.13.15.08,earthquake,3249.0,5507.0,32.49,55.07,3,3,0.6933,0.4142,9.56,4.81,6.921999931335449,-76.86499786376953,23.48,2.0,7.751667,-75.532667,251.0,173.38,238.13
URE.2025.224.10.56.29,URE,2025.224.10.56.29,earthquake,3207.0,4660.0,32.07,46.6,4,3,0.7819,0.5226,1.11,10.42,7.179999828338623,-76.302001953125,16.21,2.4,7.751667,-75.532667,251.0,105.87,233.38
URE.2025.224.11.23.21,URE,2025.224.11.23.21,earthquake,2842.0,4285.0,28.42,42.85,3,4,0.8633,0.4867,0.29,2.15,7.132999897003174,-76.28800201416016,1.0,1.7,7.751667,-75.532667,251.0,107.86,230.68
URE.2025.224.14.36.56,URE,2025.224.14.36.56,earthquake,3242.0,4678.0,32.42,46.78,4,3,0.7133,0.5132,15.53,21.16,7.15500020980835,-76.29499816894531,19.49,2.2,7.751667,-75.532667,251.0,106.94,231.95
URE.2025.224.20.16.57,URE,2025.224.20.16.57,earthquake,3203.0,4801.0,32.03,48.01,3,4,0.8928,0.3481,4.08,8.21,6.86299991607666,-76.23699951171875,19.02,1.7,7.751667,-75.532667,251.0,125.33,218.4
URE.2025.225.00.54.54,URE,2025.225.00.54.54,earthquake,3080.0,,30.8,,3,0,0.6908,0.0,0.95,-0.42,7.14300012588501,-76.2959976196289,13.05,1.5,7.751667,-75.532667,251.0,107.85,231.43
URE.2025.226.00.19.34,URE,2025.226.00.19.34,earthquake,,5271.0,,52.71,0,3,0.0,0.4389,-0.59,4.73,7.307000160217285,-77.02300262451172,29.8,2.0,7.751667,-75.532667,251.0,171.68,253.45
URE.2025.226.13.23.02,URE,2025.226.13.23.02,earthquake,2793.0,4204.0,27.93,42.04,3,4,0.4533,0.4915,0.29,4.23,7.047999858856201,-76.2969970703125,9.45,1.7,7.751667,-75.532667,251.0,114.79,227.37
URE.2025.226.15.41.37,URE,2025.226.15.41.37,earthquake,3296.0,5202.0,32.96,52.02,3,3,0.8226,0.5122,7.03,4.76,6.99399995803833,-76.6780014038086,26.76,2.1,7.751667,-75.532667,251.0,151.69,236.54
URE.2025.226.18.10.26,URE,2025.226.18.10.26,earthquake,3216.0,,32.16,,3,0,0.7067,0.0,0.42,,6.86299991607666,-76.2969970703125,22.3,1.7,7.751667,-75.532667,251.0,129.54,220.7
URE.2025.226.22.59.26,URE,2025.226.22.59.26,earthquake,3200.0,4805.0,32.0,48.05,3,3,0.7667,0.3045,3.42,0.04,6.9710001945495605,-76.29199981689453,9.88,2.2,7.751667,-75.532667,251.0,120.34,224.21
URE.2025.227.01.14.29,URE,2025.227.01.14.29,earthquake,3168.0,,31.68,,3,0,0.7208,0.0,8.58,,6.9679999351501465,-76.30000305175781,7.36,1.7,7.751667,-75.532667,251.0,121.2,224.4
URE.2025.227.03.41.29,URE,2025.227.03.41.29,earthquake,3147.0,4678.0,31.47,46.78,3,3,0.6972,0.475,1.65,4.11,6.958000183105469,-76.28500366210938,21.6,1.7,7.751667,-75.532667,251.0,120.85,223.47
URE.2025.229.16.39.06,URE,2025.229.16.39.06,earthquake,2878.0,4244.0,28.78,42.44,3,4,0.7787,0.413,2.67,0.96,7.060999870300293,-76.28199768066406,9.67,1.5,7.751667,-75.532667,251.0,112.59,227.33
URE.2025.230.05.32.20,URE,2025.230.05.32.20,earthquake,2956.0,4406.0,29.56,44.06,3,2,0.666,0.3903,1.29,10.6,6.980000019073486,-76.26399993896484,14.35,1.7,7.751667,-75.532667,251.0,117.48,223.46
URE.2025.231.05.47.02,URE,2025.231.05.47.02,earthquake,3195.0,4807.0,31.95,48.07,3,4,0.8748,0.5677,0.6,19.16,6.90500020980835,-76.21399688720703,18.32,1.7,7.751667,-75.532667,251.0,120.11,218.82
URE.2025.232.15.07.56,URE,2025.232.15.07.56,earthquake,2895.0,5031.0,28.95,50.31,3,4,0.8499,0.4917,2.17,6.28,6.953999996185303,-76.91600036621094,4.09,1.8,7.751667,-75.532667,251.0,176.38,240.08
URE.2025.232.15.09.49,URE,2025.232.15.09.49,earthquake,3246.0,4652.0,32.46,46.52,4,4,0.7249,0.3866,9.97,20.44,7.1620001792907715,-76.29499816894531,16.39,3.6,7.751667,-75.532667,251.0,106.46,232.28
URE.2025.232.15.34.24,URE,2025.232.15.34.24,earthquake,3172.0,4625.0,31.72,46.25,3,3,0.9105,0.5927,9.74,11.15,7.160999774932861,-76.28199768066406,14.8,2.0,7.751667,-75.532667,251.0,105.4,231.75
URE.2025.232.15.44.11,URE,2025.232.15.44.11,earthquake,3167.0,4597.0,31.67,45.97,4,4,0.6607,0.3334,17.98,1.51,7.1479997634887695,-76.27799987792969,16.21,1.9,7.751667,-75.532667,251.0,105.95,230.99
URE.2025.233.06.59.35,URE,2025.233.06.59.35,earthquake,2950.0,,29.5,,3,0,0.7199,0.0,3.92,-0.01,6.826000213623047,-76.77799987792969,15.86,1.7,7.751667,-75.532667,251.0,171.44,233.42
URE.2025.233.10.31.14,URE,2025.233.10.31.14,earthquake,3156.0,4554.0,31.56,45.54,3,4,0.5883,0.4143,5.88,12.77,7.110000133514404,-76.26899719238281,16.91,1.6,7.751667,-75.532667,251.0,107.9,228.93
URE.2025.233.13.47.42,URE,2025.233.13.47.42,earthquake,3183.0,4641.0,31.83,46.41,3,2,0.8604,0.4587,9.8,3.24,6.9720001220703125,-76.28199768066406,16.62,1.8,7.751667,-75.532667,251.0,119.5,223.86
URE.2025.234.05.46.15,URE,2025.234.05.46.15,earthquake,3212.0,4475.0,32.12,44.75,4,4,0.7574,0.4119,5.26,10.09,7.323999881744385,-76.29199981689453,20.2,1.8,7.751667,-75.532667,251.0,96.23,240.61
URE.2025.234.12.58.56,URE,2025.234.12.58.56,earthquake,3221.0,5079.0,32.21,50.79,3,3,0.8929,0.5628,3.91,5.83,6.9710001945495605,-76.60199737548828,18.09,2.6,7.751667,-75.532667,251.0,146.26,233.89
URE.2025.235.02.27.09,URE,2025.235.02.27.09,earthquake,2966.0,4529.0,29.66,45.29,3,4,0.6617,0.3396,1.74,2.14,6.913000106811523,-76.28800201416016,0.0,1.5,7.751667,-75.532667,251.0,124.73,222.01
URE.2025.236.02.28.14,URE,2025.236.02.28.14,earthquake,3160.0,4864.0,31.6,48.64,3,3,0.7967,0.4492,4.05,15.45,6.857999801635742,-76.2699966430664,18.03,2.4,7.751667,-75.532667,251.0,128.05,219.53
URE.2025.236.06.00.08,URE,2025.236.06.00.08,earthquake,3084.0,4378.0,30.84,43.78,3,2,0.9285,0.4682,7.88,16.46,7.113999843597412,-76.10600280761719,22.07,2.5,7.751667,-75.532667,251.0,94.76,221.94
URE.2025.236.09.09.47,URE,2025.236.09.09.47,earthquake,3196.0,,31.96,,3,0,0.7275,0.0,0.06,,7.050000190734863,-76.34300231933594,9.77,1.6,7.751667,-75.532667,251.0,118.43,229.11
URE.2025.238.11.18.31,URE,2025.238.11.18.31,earthquake,3082,4581.0,30.82,45.81,3,2,0.7216,0.4836,1.12,2.34,6.948999881744385,-76.23600006103516,15.98,2.0,7.751667,-75.532667,251.0,117.94,221.23
URE.2025.238.20.51.59,URE,2025.238.20.51.59,earthquake,3170,4400.0,31.7,44.0,4,3,0.8581,0.3634,2.02,6.96,7.289999961853027,-76.12000274658203,16.68,2.1,7.751667,-75.532667,251.0,82.52,231.81
URE.2025.240.16.53.01,URE,2025.240.16.53.01,earthquake,3026,3858.0,30.26,38.58,4,4,0.8922,0.5376,14.57,1.06,7.303999900817871,-75.09700012207031,13.05,1.5,7.751667,-75.532667,251.0,69.02,135.81
URE.2025.241.02.52.26,URE,2025.241.02.52.26,earthquake,3178,4786.0,31.78,47.86,4,4,0.7688,0.6087,7.34,12.17,6.9029998779296875,-76.21399688720703,19.02,1.6,7.751667,-75.532667,251.0,120.28,218.76
URE.2025.241.03.12.56,URE,2025.241.03.12.56,earthquake,3210,4826.0,32.1,48.26,4,4,0.8312,0.5957,6.62,19.43,6.895999908447266,-76.21600341796875,17.85,1.6,7.751667,-75.532667,251.0,121.03,218.61
URE.2025.242.11.26.43,URE,2025.242.11.26.43,earthquake,3200,4184.0,32.0,41.84,4,4,0.8662,0.5227,24.32,17.5,7.210000038146973,-75.88400268554688,32.15,2.2,7.751667,-75.532667,251.0,71.36,212.94
URE.2025.243.00.08.08,URE,2025.243.00.08.08,earthquake,3136,4710.0,31.36,47.1,3,3,0.8762,0.6764,11.07,12.52,6.947999954223633,-76.28600311279297,14.28,1.6,7.751667,-75.532667,251.0,121.73,223.15
URE.2025.243.06.02.45,URE,2025.243.06.02.45,earthquake,2960,4255.0,29.6,42.55,4,4,0.7858,0.4743,14.39,6.52,7.504000186920166,-74.50299835205078,15.98,2.1,7.751667,-75.532667,251.0,116.87,103.49
URE.2025.243.10.40.15,URE,2025.243.10.40.15,earthquake,3407,5289.0,34.07,52.89,3,3,0.8949,0.4595,18.94,9.28,7.251999855041504,-76.86799621582031,35.66,2.8,7.751667,-75.532667,251.0,157.4,249.54
URE.2025.244.04.02.13,URE,2025.244.04.02.13,earthquake,3184,,31.84,,3,0,0.8974,0.0,5.39,-0.02,6.952000141143799,-76.28900146484375,14.39,1.5,7.751667,-75.532667,251.0,121.63,223.41
URE.2025.244.08.37.23,URE,2025.244.08.37.23,earthquake,2964,,29.64,,3,0,0.7045,0.0,5.34,,6.822000026702881,-76.28700256347656,0.04,1.7,7.751667,-75.532667,251.0,132.32,219.06
URE.2025.244.13.39.09,URE,2025.244.13.39.09,earthquake,3063,4365.0,30.63,43.65,4,4,0.7562,0.4225,9.6,9.76,7.160999774932861,-74.75,22.07,1.6,7.751667,-75.532667,251.0,108.31,127.04
URE.2025.245.04.09.30,URE,2025.245.04.09.30,earthquake,3373,5646.0,33.73,56.46,4,3,0.7588,0.5915,8.73,4.04,7.076000213623047,-77.0510025024414,31.45,2.3,7.751667,-75.532667,251.0,183.52,246.07
URE.2025.246.00.28.12,URE,2025.246.00.28.12,earthquake,3142,4604.0,31.42,46.04,3,2,0.8057,0.7035,16.86,18.49,7.054999828338623,-76.29199981689453,20.49,2.3,7.751667,-75.532667,251.0,113.86,227.46
URE.2025.246.05.44.24,URE,2025.246.05.44.24,earthquake,3207,4712.0,32.07,47.12,4,4,0.7978,0.3621,15.61,15.2,6.991000175476074,-76.2770004272461,16.97,1.8,7.751667,-75.532667,251.0,117.6,224.38
URE.2025.246.09.48.21,URE,2025.246.09.48.21,earthquake,3527,,35.27,,3,0,0.7734,0.0,6.67,,6.760000228881836,-76.73100280761719,4.28,1.5,7.751667,-75.532667,251.0,171.87,230.43
URE.2025.246.17.09.05,URE,2025.246.17.09.05,earthquake,3401,,34.01,,3,0,0.4331,0.0,3.28,,7.3379998207092285,-76.90599822998047,34.14,2.0,7.751667,-75.532667,251.0,158.32,253.29
URE.2025.247.03.28.48,URE,2025.247.03.28.48,earthquake,3113,4662.0,31.13,46.62,4,3,0.7903,0.5003,28.42,16.16,7.013999938964844,-76.29100036621094,16.97,2.7,7.751667,-75.532667,251.0,116.9,225.79
URE.2025.247.09.11.06,URE,2025.247.09.11.06,earthquake,3396,5452.0,33.96,54.52,3,3,0.6668,0.5633,6.46,9.33,7.204999923706055,-77.01799774169922,28.87,2.1,7.751667,-75.532667,251.0,174.74,249.86
URE.2025.249.07.00.17,URE,2025.249.07.00.17,earthquake,2802,4592.0,28.02,45.92,4,2,0.8438,0.4921,15.85,9.75,6.894999980926514,-74.5770034790039,24.19,2.4,7.751667,-75.532667,251.0,141.81,131.86
URE.2025.250.12.01.50,URE,2025.250.12.01.50,earthquake,3105,4747.0,31.05,47.47,4,2,0.7414,0.3465,30.88,12.81,6.9679999351501465,-76.23899841308594,12.52,2.3,7.751667,-75.532667,251.0,116.59,222.03
URE.2025.250.15.40.31,URE,2025.250.15.40.31,earthquake,3083,4351.0,30.83,43.51,3,4,0.6606,0.4074,3.23,1.55,7.245999813079834,-76.39399719238281,20.43,1.6,7.751667,-75.532667,251.0,110.3,239.59
URE.2025.252.00.11.52,URE,2025.252.00.11.52,earthquake,2834,4861.0,28.34,48.61,3,3,0.8132,0.3206,7.13,11.33,6.749000072479248,-76.7239990234375,8.65,2.0,7.751667,-75.532667,251.0,172.06,229.95
URE.2025.252.03.25.21,URE,2025.252.03.25.21,earthquake,2836,4351.0,28.36,43.51,3,4,0.8263,0.5465,5.01,13.83,6.952000141143799,-76.28500366210938,7.87,1.5,7.751667,-75.532667,251.0,121.33,223.25
URE.2025.252.14.37.22,URE,2025.252.14.37.22,earthquake,3641,3691.0,36.41,36.91,3,2,0.6723,0.4426,4.3,3.21,7.059000015258789,-76.24199676513672,34.49,1.8,7.751667,-75.532667,251.0,109.55,225.68
URE.2025.253.02.36.19,URE,2025.253.02.36.19,earthquake,2538,,25.38,,3,0,0.6239,0.0,13.93,,6.877999782562256,-76.79399871826172,22.63,1.7,7.751667,-75.532667,251.0,169.51,235.33
URE.2025.253.03.14.23,URE,2025.253.03.14.23,earthquake,3214,,32.14,,3,0,0.6493,0.0,6.49,,6.809999942779541,-76.2969970703125,17.62,1.5,7.751667,-75.532667,251.0,134.05,219.07
URE.2025.253.17.52.12,URE,2025.253.17.52.12,earthquake,3135,,31.35,,3,0,0.8061,0.0,10.38,,6.9720001220703125,-76.28299713134766,17.32,1.9,7.751667,-75.532667,251.0,119.57,223.9
URE.2025.254.14.37.25,URE,2025.254.14.37.25,earthquake,3180,5017.0,31.8,50.17,3,2,0.7185,0.3212,5.26,7.11,6.8480000495910645,-76.29900360107422,18.55,1.5,7.751667,-75.532667,251.0,130.95,220.31
URE.2025.254.18.43.43,URE,2025.254.18.43.43,earthquake,3173,5197.0,31.73,51.97,3,3,0.8253,0.4859,8.62,5.34,6.567999839782715,-76.40699768066406,19.02,2.2,7.751667,-75.532667,251.0,162.67,216.47
URE.2025.254.23.33.10,URE,2025.254.23.33.10,earthquake,3209,4329.0,32.09,43.29,4,4,0.8823,0.3977,24.18,13.79,7.51200008392334,-76.18800354003906,15.98,2.6,7.751667,-75.532667,251.0,77.01,249.91
URE.2025.260.13.05.56,URE,2025.260.13.05.56,earthquake,3043,4713.0,30.43,47.13,3,3,0.7434,0.4382,1.61,10.04,6.843999862670898,-76.15499877929688,0.0,1.8,7.751667,-75.532667,251.0,121.65,214.44
URE.2025.260.18.31.28,URE,2025.260.18.31.28,earthquake,3237,,32.37,,3,0,0.6915,0.0,14.2,-0.1,6.875,-76.18000030517578,23.95,2.0,7.751667,-75.532667,251.0,120.45,216.44
URE.2025.265.00.05.07,URE,2025.265.00.05.07,earthquake,3312,5284.0,33.12,52.84,3,3,0.9291,0.5445,16.59,8.19,6.409999847412109,-76.16000366210938,32.85,2.7,7.751667,-75.532667,251.0,163.76,205.08
URE.2025.265.00.54.22,URE,2025.265.00.54.22,earthquake,3238,5202.0,32.38,52.02,3,2,0.8478,0.5206,14.78,7.11,6.4070000648498535,-76.15499877929688,35.66,2.3,7.751667,-75.532667,251.0,163.83,204.85
URE.2025.265.02.24.12,URE,2025.265.02.24.12,earthquake,3268,4872.0,32.68,48.72,3,3,0.8063,0.4319,10.59,15.49,6.824999809265137,-76.19000244140625,25.06,2.0,7.751667,-75.532667,251.0,125.58,215.35
URE.2025.265.02.58.04,URE,2025.265.02.58.04,earthquake,3290,5247.0,32.9,52.47,3,3,0.8063,0.4926,3.5,5.7,6.401000022888184,-76.15899658203125,35.43,1.9,7.751667,-75.532667,251.0,164.62,204.89
URE.2025.265.04.27.42,URE,2025.265.04.27.42,earthquake,3291,5264.0,32.91,52.64,3,3,0.9236,0.5555,24.05,8.34,6.406000137329102,-76.1709976196289,36.02,2.8,7.751667,-75.532667,251.0,164.68,205.39
URE.2025.265.09.27.02,URE,2025.265.09.27.02,earthquake,3091,,30.91,,3,0,0.6875,0.0,2.22,,6.958000183105469,-77.09700012207031,14.48,1.8,7.751667,-75.532667,251.0,193.74,243.16
URE.2025.265.12.36.01,URE,2025.265.12.36.01,earthquake,3124,4586.0,31.24,45.86,3,3,0.7636,0.5167,15.25,17.32,7.076000213623047,-76.25499725341797,15.33,2.3,7.751667,-75.532667,251.0,109.28,226.91
URE.2025.265.17.22.57,URE,2025.265.17.22.57,earthquake,3282,,32.82,,3,0,0.7381,0.0,6.87,,6.401000022888184,-76.16600036621094,31.68,1.9,7.751667,-75.532667,251.0,164.95,205.14
URE.2025.265.20.41.39,URE,2025.265.20.41.39,earthquake,3173,4904.0,31.73,49.04,3,2,0.693,0.4346,12.8,2.96,6.840000152587891,-76.29299926757812,17.91,1.9,7.751667,-75.532667,251.0,131.2,219.83
URE.2025.266.07.48.38,URE,2025.266.07.48.38,earthquake,2873,4859.0,28.73,48.59,3,3,0.6136,0.4854,0.36,11.06,6.705999851226807,-76.6500015258789,8.22,2.0,7.751667,-75.532667,251.0,169.12,226.93
URE.2025.266.20.37.44,URE,2025.266.20.37.44,earthquake,3211,,32.11,,3,0,0.9144,0.0,9.41,-0.61,6.9710001945495605,-76.24600219726562,11.35,1.5,7.751667,-75.532667,251.0,116.86,222.42
URE.2025.266.20.46.25,URE,2025.266.20.46.25,earthquake,9845,,98.45,,3,0,0.7874,0.0,6.69,,6.988999843597412,-76.24199676513672,12.29,1.8,7.751667,-75.532667,251.0,115.1,222.92
URE.2025.266.20.47.32,URE,2025.266.20.47.32,earthquake,3217,3227.0,32.17,32.27,3,2,0.7648,0.2296,6.62,7.76,6.97599983215332,-76.24800109863281,11.46,1.7,7.751667,-75.532667,251.0,116.6,222.68
URE.2025.266.20.54.39,URE,2025.266.20.54.39,earthquake,3097,4626.0,30.97,46.26,3,4,0.6723,0.3405,3.65,5.87,6.9670000076293945,-76.25499725341797,9.94,1.6,7.751667,-75.532667,251.0,117.86,222.63
URE.2025.267.03.44.23,URE,2025.267.03.44.23,earthquake,3234,4898.0,32.34,48.98,3,3,0.8785,0.5769,12.85,22.95,6.863999843597412,-76.16300201416016,21.54,1.9,7.751667,-75.532667,251.0,120.34,215.38
URE.2025.267.05.19.39,URE,2025.267.05.19.39,earthquake,3080,4584.0,30.8,45.84,3,4,0.5406,0.4229,3.03,12.38,6.9710001945495605,-76.27200317382812,8.77,1.2,7.751667,-75.532667,251.0,118.82,223.44
URE.2025.267.09.42.56,URE,2025.267.09.42.56,earthquake,3158,4653.0,31.58,46.53,3,2,0.7038,0.7668,3.42,15.04,6.980999946594238,-76.28800201416016,15.33,1.6,7.751667,-75.532667,251.0,119.24,224.43
URE.2025.267.11.01.29,URE,2025.267.11.01.29,earthquake,3121,,31.21,,4,0,0.7964,0.0,10.65,,6.9710001945495605,-76.2490005493164,10.64,1.7,7.751667,-75.532667,251.0,117.08,222.54
URE.2025.268.16.49.14,URE,2025.268.16.49.14,earthquake,3170,,31.7,,3,0,0.7599,0.0,7.47,-4.82,6.836999893188477,-76.19400024414062,17.62,1.6,7.751667,-75.532667,251.0,124.76,215.87
URE.2025.269.03.48.27,URE,2025.269.03.48.27,earthquake,3213,4726.0,32.13,47.26,3,4,0.7331,0.3849,7.18,15.29,6.8480000495910645,-76.14299774169922,21.6,1.5,7.751667,-75.532667,251.0,120.54,214.03
URE.2025.270.02.54.42,URE,2025.270.02.54.42,earthquake,3166,4477.0,31.66,44.77,3,2,0.652,0.6298,4.54,16.39,7.283999919891357,-76.31099700927734,25.12,1.5,7.751667,-75.532667,251.0,100.27,239.0
URE.2025.271.02.38.29,URE,2025.271.02.38.29,earthquake,2911,,29.11,,3,0,0.5121,0.0,3.09,,7.0269999504089355,-74.5780029296875,6.98,1.5,7.751667,-75.532667,251.0,132.4,127.19
URE.2025.271.08.37.04,URE,2025.271.08.37.04,earthquake,2963,3869.0,29.63,38.69,4,4,0.9108,0.6881,29.19,10.02,7.5229997634887695,-74.86100006103516,17.85,2.2,7.751667,-75.532667,251.0,78.31,108.8
URE.2025.271.19.18.41,URE,2025.271.19.18.41,earthquake,3028,,30.28,,4,0,0.8306,0.0,16.2,-6.04,7.493000030517578,-74.87799835205078,18.09,1.7,7.751667,-75.532667,251.0,77.7,111.56
URE.2025.272.00.33.05,URE,2025.272.00.33.05,earthquake,12079,12930.0,120.79,129.3,4,4,0.7848,0.607,11.39,11.72,6.428999900817871,-76.16999816894531,15.98,1.5,7.751667,-75.532667,251.0,162.34,205.74
URE.2025.272.02.00.02,URE,2025.272.02.00.02,earthquake,3178,4783.0,31.78,47.83,3,2,0.8641,0.3062,6.83,18.3,6.841000080108643,-76.17900085449219,19.49,1.8,7.751667,-75.532667,251.0,123.44,215.37
URE.2025.272.02.15.24,URE,2025.272.02.15.24,earthquake,3243,4857.0,32.43,48.57,3,3,0.757,0.5799,12.1,13.0,6.853000164031982,-76.18299865722656,18.73,1.8,7.751667,-75.532667,251.0,122.61,215.89
URE.2025.272.04.47.25,URE,2025.272.04.47.25,earthquake,3157,4724.0,31.57,47.24,3,3,0.7221,0.263,11.06,13.21,6.880000114440918,-76.2699966430664,11.7,1.5,7.751667,-75.532667,251.0,126.18,220.23
URE.2025.273.02.38.43,URE,2025.273.02.38.43,earthquake,3169,4737.0,31.69,47.37,3,4,0.7971,0.3912,15.69,14.69,6.9670000076293945,-76.2750015258789,16.39,2.0,7.751667,-75.532667,251.0,119.36,223.41
URE.2025.273.06.15.10,URE,2025.273.06.15.10,earthquake,3106,4693.0,31.06,46.93,4,2,0.7856,0.7585,13.79,19.54,7.002999782562256,-76.30400085449219,14.63,2.3,7.751667,-75.532667,251.0,118.77,225.86
URE.2025.273.10.29.36,URE,2025.273.10.29.36,earthquake,3108,4683.0,31.08,46.83,3,2,0.7425,0.7258,12.84,15.23,7.021999835968018,-76.30699920654297,14.51,1.8,7.751667,-75.532667,251.0,117.56,226.7
URE.2025.274.04.15.40,URE,2025.274.04.15.40,earthquake,2960,4573.0,29.6,45.73,3,4,0.7613,0.3558,7.74,7.03,6.829999923706055,-76.18299865722656,0.0,1.5,7.751667,-75.532667,251.0,124.69,215.21
URE.2025.274.05.42.49,URE,2025.274.05.42.49,earthquake,3289.0,4794.0,32.89,47.94,3,3,0.8045,0.583,10.23,12.76,6.9770002365112305,-76.23400115966797,17.21,2.0,7.751667,-75.532667,251.0,115.48,222.15
URE.2025.274.07.57.58,URE,2025.274.07.57.58,earthquake,2990.0,4708.0,29.9,47.08,3,2,0.5797,0.3586,5.3,4.37,6.9670000076293945,-76.24199676513672,14.39,1.7,7.751667,-75.532667,251.0,116.89,222.11
URE.2025.275.02.33.10,URE,2025.275.02.33.10,earthquake,3040.0,4633.0,30.4,46.33,3,2,0.8391,0.4806,12.21,15.12,6.9710001945495605,-76.25800323486328,10.76,1.9,7.751667,-75.532667,251.0,117.76,222.9
URE.2025.275.10.30.49,URE,2025.275.10.30.49,earthquake,2860.0,4544.0,28.6,45.44,3,2,0.6096,0.5437,1.23,2.76,6.818999767303467,-76.27799987792969,8.49,1.5,7.751667,-75.532667,251.0,131.96,218.64
URE.2025.276.00.25.52,URE,2025.276.00.25.52,earthquake,3186.0,4855.0,31.86,48.55,3,4,0.55,0.5788,1.07,14.2,6.828999996185303,-76.27999877929688,19.02,1.6,7.751667,-75.532667,251.0,131.23,219.01
URE.2025.276.05.27.42,URE,2025.276.05.27.42,earthquake,9288.0,9407.0,92.88,94.07,3,2,0.6633,0.3179,9.55,4.03,6.376999855041504,-76.7699966430664,24.17,1.5,7.751667,-75.532667,251.0,204.45,222.04
URE.2025.276.09.44.12,URE,2025.276.09.44.12,earthquake,3196.0,4751.0,31.96,47.51,4,3,0.7699,0.5382,4.32,16.78,6.9770002365112305,-76.2509994506836,27.7,1.6,7.751667,-75.532667,251.0,116.75,222.84
URE.2025.276.22.48.49,URE,2025.276.22.48.49,earthquake,3208.0,,32.08,,3,0,0.7744,0.0,2.34,-2.17,7.002999782562256,-76.28199768066406,17.68,1.7,7.751667,-75.532667,251.0,117.04,225.03
URE.2025.277.10.55.29,URE,2025.277.10.55.29,earthquake,2906.0,,29.06,,3,0,0.7293,0.0,15.84,,7.0370001792907715,-76.38500213623047,19.78,1.7,7.751667,-75.532667,251.0,122.89,230.03
URE.2025.277.16.00.35,URE,2025.277.16.00.35,earthquake,3164.0,4704.0,31.64,47.04,3,4,0.7956,0.4086,4.54,13.04,6.817999839782715,-76.18399810791016,20.9,1.3,7.751667,-75.532667,251.0,125.84,214.9
URE.2025.277.21.29.28,URE,2025.277.21.29.28,earthquake,3114.0,4721.0,31.14,47.21,4,3,0.7289,0.313,21.12,14.02,6.96999979019165,-76.25399780273438,10.64,2.5,7.751667,-75.532667,251.0,117.54,222.7
URE.2025.277.23.13.49,URE,2025.277.23.13.49,earthquake,,4652.0,,46.52,0,4,0.0,0.4348,-0.9,3.8,6.947000026702881,-76.30699920654297,13.63,1.5,7.751667,-75.532667,251.0,123.4,223.9
URE.2025.278.02.55.34,URE,2025.278.02.55.34,earthquake,3086.0,4673.0,30.86,46.73,3,3,0.9078,0.5093,15.17,14.91,6.978000164031982,-76.25900268554688,11.35,2.0,7.751667,-75.532667,251.0,117.27,223.19
URE.2025.278.06.34.54,URE,2025.278.06.34.54,earthquake,3226.0,,32.26,,3,0,0.5467,0.0,5.45,,6.604000091552734,-74.17900085449219,27.44,1.9,7.751667,-75.532667,251.0,196.12,130.24
URE.2025.278.06.37.31,URE,2025.278.06.37.31,earthquake,3177.0,4828.0,31.77,48.28,3,2,0.8611,0.5349,11.28,18.68,6.839000225067139,-76.18299865722656,17.68,2.1,7.751667,-75.532667,251.0,123.87,215.47
URE.2025.278.13.31.43,URE,2025.278.13.31.43,earthquake,3217.0,4771.0,32.17,47.71,3,2,0.7457,0.4181,13.38,10.11,6.840000152587891,-76.18399810791016,22.71,2.2,7.751667,-75.532667,251.0,123.85,215.54
URE.2025.278.15.51.20,URE,2025.278.15.51.20,earthquake,2973.0,4627.0,29.73,46.27,3,2,0.7625,0.4507,3.49,12.88,6.997000217437744,-76.32499694824219,0.05,1.7,7.751667,-75.532667,251.0,120.9,226.4
URE.2025.278.18.44.45,URE,2025.278.18.44.45,earthquake,3119.0,4648.0,31.19,46.48,3,2,0.7109,0.3994,4.22,13.82,6.936999797821045,-76.27799987792969,15.33,1.9,7.751667,-75.532667,251.0,122.02,222.46
URE.2025.279.02.19.21,URE,2025.279.02.19.21,earthquake,3211.0,4798.0,32.11,47.98,3,2,0.7254,0.4898,8.35,0.21,6.833000183105469,-76.17900085449219,21.13,1.5,7.751667,-75.532667,251.0,124.16,215.13
URE.2025.279.02.20.40,URE,2025.279.02.20.40,earthquake,3202.0,,32.02,,3,0,0.6644,0.0,6.1,-0.41,6.827000141143799,-76.18099975585938,20.9,1.5,7.751667,-75.532667,251.0,124.83,215.04
URE.2025.279.13.15.37,URE,2025.279.13.15.37,earthquake,3222.0,4822.0,32.22,48.22,4,3,0.6815,0.6066,21.31,21.43,6.836999893188477,-76.18199920654297,22.01,2.9,7.751667,-75.532667,251.0,123.99,215.37
URE.2025.280.01.30.34,URE,2025.280.01.30.34,earthquake,3209.0,4808.0,32.09,48.08,3,3,0.6277,0.3572,2.7,8.56,6.811999797821045,-76.18599700927734,20.2,1.6,7.751667,-75.532667,251.0,126.51,214.81
URE.2025.280.04.19.29,URE,2025.280.04.19.29,earthquake,3175.0,4771.0,31.75,47.71,3,4,0.8829,0.4485,6.4,13.8,6.820000171661377,-76.18099975585938,19.49,1.6,7.751667,-75.532667,251.0,125.47,214.83
URE.2025.280.05.47.49,URE,2025.280.05.47.49,earthquake,3134.0,4767.0,31.34,47.67,4,3,0.7408,0.4151,14.51,19.49,6.841000080108643,-76.18499755859375,19.79,2.7,7.751667,-75.532667,251.0,123.82,215.62
URE.2025.280.08.07.54,URE,2025.280.08.07.54,earthquake,3256.0,4835.0,32.56,48.35,3,4,0.6907,0.4761,2.85,8.69,6.830999851226807,-76.19400024414062,22.07,1.5,7.751667,-75.532667,251.0,125.3,215.69
URE.2025.280.09.03.20,URE,2025.280.09.03.20,earthquake,,4805.0,,48.05,0,4,0.0,0.4777,-0.59,14.35,6.830999851226807,-76.18800354003906,21.13,1.6,7.751667,-75.532667,251.0,124.91,215.44
URE.2025.281.00.24.54,URE,2025.281.00.24.54,earthquake,10353.0,11816.0,103.53,118.16,3,3,0.6523,0.5915,16.03,20.49,6.806000232696533,-76.1969985961914,16.09,1.6,7.751667,-75.532667,251.0,127.75,215.09
URE.2025.281.00.26.05,URE,2025.281.00.26.05,earthquake,3199.0,4671.0,31.99,46.71,4,3,0.679,0.5672,16.0,19.58,6.9720001220703125,-76.24600219726562,15.1,2.1,7.751667,-75.532667,251.0,116.78,222.45
URE.2025.281.00.31.11,URE,2025.281.00.31.11,earthquake,3141.0,4702.0,31.41,47.02,3,4,0.6661,0.4332,1.94,14.95,6.814000129699707,-76.19400024414062,19.02,1.6,7.751667,-75.532667,251.0,126.83,215.2
URE.2025.281.01.16.02,URE,2025.281.01.16.02,earthquake,3125.0,4723.0,31.25,47.23,4,3,0.7401,0.5006,10.36,15.19,6.9720001220703125,-76.23400115966797,10.41,1.9,7.751667,-75.532667,251.0,115.89,221.97
URE.2025.281.02.26.52,URE,2025.281.02.26.52,earthquake,3164.0,,31.64,,3,0,0.777,0.0,9.13,,6.814000129699707,-76.19200134277344,19.02,1.8,7.751667,-75.532667,251.0,126.71,215.12
URE.2025.281.17.47.54,URE,2025.281.17.47.54,earthquake,2933.0,4462.0,29.33,44.62,3,4,0.7136,0.4865,3.47,12.99,6.823999881744385,-76.20700073242188,0.5,1.6,7.751667,-75.532667,251.0,126.77,216.02
URE.2025.281.20.03.53,URE,2025.281.20.03.53,earthquake,3182.0,4788.0,31.82,47.88,3,4,0.8721,0.4029,22.14,9.8,7.052999973297119,-76.28399658203125,7.6,2.4,7.751667,-75.532667,251.0,113.36,227.08
URE.2025.281.20.10.48,URE,2025.281.20.10.48,earthquake,3192.0,4800.0,31.92,48.0,3,3,0.8607,0.443,20.75,10.68,7.052999973297119,-76.27799987792969,10.06,2.8,7.751667,-75.532667,251.0,112.87,226.85
URE.2025.282.00.13.08,URE,2025.282.00.13.08,earthquake,3167.0,,31.67,,3,0,0.5312,0.0,4.27,,7.050000190734863,-76.29100036621094,6.48,1.5,7.751667,-75.532667,251.0,114.15,227.22
URE.2025.282.13.46.40,URE,2025.282.13.46.40,earthquake,3197.0,4545.0,31.97,45.45,3,4,0.6017,0.5497,1.86,13.03,7.349999904632568,-76.3489990234375,20.08,2.0,7.751667,-75.532667,251.0,100.45,243.81
URE.2025.282.19.52.17,URE,2025.282.19.52.17,earthquake,3255.0,4823.0,32.55,48.23,3,4,0.7737,0.3927,5.07,3.87,6.823999881744385,-76.19000244140625,21.84,1.6,7.751667,-75.532667,251.0,125.67,215.32
URE.2025.283.00.24.43,URE,2025.283.00.24.43,earthquake,3121.0,4715.0,31.21,47.15,3,2,0.8621,0.3571,18.08,0.75,7.004000186920166,-76.25499725341797,12.05,2.2,7.751667,-75.532667,251.0,114.88,224.01
URE.2025.283.01.05.09,URE,2025.283.01.05.09,earthquake,2940.0,4293.0,29.4,42.93,4,4,0.7113,0.5761,3.36,14.48,7.2230000495910645,-76.37899780273438,29.94,1.7,7.751667,-75.532667,251.0,110.2,238.01
URE.2025.283.10.21.00,URE,2025.283.10.21.00,earthquake,3326.0,3336.0,33.26,33.36,3,2,0.755,0.4011,3.62,1.59,6.739999771118164,-76.7030029296875,28.63,1.6,7.751667,-75.532667,251.0,170.94,229.19
URE.2025.283.23.27.11,URE,2025.283.23.27.11,earthquake,3175.0,4865.0,31.75,48.65,3,2,0.741,0.4844,13.3,15.66,6.855999946594238,-76.16200256347656,20.49,3.1,7.751667,-75.532667,251.0,121.0,215.09
URE.2025.284.03.52.58,URE,2025.284.03.52.58,earthquake,2959.0,,29.59,,3,0,0.8083,0.0,5.05,,6.761000156402588,-76.33200073242188,18.03,1.7,7.751667,-75.532667,251.0,140.7,218.91
URE.2025.285.01.38.35,URE,2025.285.01.38.35,earthquake,2837.0,4355.0,28.37,43.55,4,3,0.7601,0.4585,3.22,6.66,6.915999889373779,-76.27100372314453,1.01,1.5,7.751667,-75.532667,251.0,123.24,221.46
URE.2025.285.13.34.32,URE,2025.285.13.34.32,earthquake,3121.0,,31.21,,3,0,0.4863,0.0,3.69,,6.867000102996826,-76.1500015258789,15.98,1.6,7.751667,-75.532667,251.0,119.24,214.91
URE.2025.286.07.00.44,URE,2025.286.07.00.44,earthquake,3216.0,4813.0,32.16,48.13,4,3,0.852,0.4919,7.55,12.89,6.833000183105469,-76.18399810791016,21.78,1.8,7.751667,-75.532667,251.0,124.48,215.34
URE.2025.287.02.50.22,URE,2025.287.02.50.22,earthquake,3394.0,5770.0,33.94,57.7,3,2,0.8962,0.4814,10.56,13.13,6.122000217437744,-76.60299682617188,35.9,2.6,7.751667,-75.532667,251.0,215.57,213.34
URE.2025.287.02.52.29,URE,2025.287.02.52.29,earthquake,3246.0,4858.0,32.46,48.58,3,3,0.7917,0.5211,8.55,15.88,6.860000133514404,-76.18199920654297,24.41,1.7,7.751667,-75.532667,251.0,121.92,216.06
URE.2025.287.06.45.24,URE,2025.287.06.45.24,earthquake,3219.0,4757.0,32.19,47.57,3,2,0.8003,0.3909,6.11,2.92,6.843999862670898,-76.1709976196289,22.83,1.9,7.751667,-75.532667,251.0,122.66,215.12
URE.2025.288.02.54.13,URE,2025.288.02.54.13,earthquake,3233.0,4578.0,32.33,45.78,3,4,0.6781,0.5168,9.87,19.17,7.111999988555908,-76.27300262451172,17.62,1.7,7.751667,-75.532667,251.0,108.09,229.17
URE.2025.288.19.18.29,URE,2025.288.19.18.29,earthquake,3304.0,4973.0,33.04,49.73,3,3,0.8787,0.5494,2.35,2.16,6.883999824523926,-76.23999786376953,23.01,1.5,7.751667,-75.532667,251.0,123.72,219.19
URE.2025.289.08.19.47,URE,2025.289.08.19.47,earthquake,3167.0,4749.0,31.67,47.49,3,2,0.8684,0.4089,6.76,20.42,6.855999946594238,-76.23699951171875,19.96,1.5,7.751667,-75.532667,251.0,125.94,218.18
URE.2025.289.11.29.31,URE,2025.289.11.29.31,earthquake,5594.0,,55.94,,3,0,0.6773,0.0,19.06,,7.452000141143799,-76.51699829101562,35.08,1.6,7.751667,-75.532667,251.0,113.56,253.1
URE.2025.289.17.05.52,URE,2025.289.17.05.52,earthquake,3141.0,4748.0,31.41,47.48,4,4,0.7085,0.4915,12.08,18.06,6.814000129699707,-76.23699951171875,18.55,1.9,7.751667,-75.532667,251.0,129.62,216.92
URE.2025.291.07.39.27,URE,2025.291.07.39.27,earthquake,9661.0,11268.0,96.61,112.68,3,2,0.7554,0.4928,15.31,8.3,7.6620001792907715,-74.01300048828125,15.84,1.7,7.751667,-75.532667,251.0,167.94,93.28
URE.2025.291.07.40.32,URE,2025.291.07.40.32,earthquake,3140.0,4750.0,31.4,47.5,3,2,0.7142,0.5027,15.26,8.29,6.98199987411499,-76.24099731445312,16.39,2.3,7.751667,-75.532667,251.0,115.59,222.62
URE.2025.291.22.50.54,URE,2025.291.22.50.54,earthquake,2927.0,,29.27,,3,0,0.761,0.0,0.93,-1.24,6.7829999923706055,-76.18499755859375,4.76,1.5,7.751667,-75.532667,251.0,129.09,213.96
URE.2025.292.10.30.24,URE,2025.292.10.30.24,earthquake,,11646.0,,116.46,0,2,0.0,0.4477,-4.12,6.2,7.310999870300293,-76.40399932861328,19.49,1.5,7.751667,-75.532667,251.0,107.81,243.18
URE.2025.292.22.04.35,URE,2025.292.22.04.35,earthquake,3160.0,4794.0,31.6,47.94,3,3,0.8863,0.4974,29.12,19.86,6.921999931335449,-76.2239990234375,16.27,3.1,7.751667,-75.532667,251.0,119.35,219.8
URE.2025.292.22.06.47,URE,2025.292.22.06.47,earthquake,3168.0,4791.0,31.68,47.91,3,3,0.9203,0.5834,3.8,17.19,6.921000003814697,-76.23300170898438,17.09,2.4,7.751667,-75.532667,251.0,120.08,220.13
URE.2025.293.00.16.04,URE,2025.293.00.16.04,earthquake,3155.0,4804.0,31.55,48.04,3,3,0.4389,0.4359,2.81,7.69,6.906000137329102,-76.23200225830078,15.45,1.7,7.751667,-75.532667,251.0,121.28,219.59
URE.2025.294.18.28.42,URE,2025.294.18.28.42,earthquake,3024.0,4294.0,30.24,42.94,3,3,0.6996,0.5541,4.56,4.37,6.815000057220459,-75.2040023803711,29.22,1.6,7.751667,-75.532667,251.0,109.76,160.67
URE.2025.296.05.27.58,URE,2025.296.05.27.58,earthquake,,4757.0,,47.57,0,3,0.0,0.3917,-0.81,12.52,6.820000171661377,-76.18800354003906,19.26,1.6,7.751667,-75.532667,251.0,125.91,215.12
URE.2025.296.09.45.57,URE,2025.296.09.45.57,earthquake,3173.0,4759.0,31.73,47.59,3,3,0.8705,0.5672,4.62,10.31,6.822000026702881,-76.15799713134766,21.84,1.7,7.751667,-75.532667,251.0,123.85,213.93
URE.2025.296.20.00.30,URE,2025.296.20.00.30,earthquake,3185.0,4733.0,31.85,47.33,3,3,0.8153,0.3497,14.87,13.35,6.835000038146973,-76.12799835205078,19.02,2.1,7.751667,-75.532667,251.0,120.83,213.0
URE.2025.297.04.56.05,URE,2025.297.04.56.05,earthquake,3025.0,3651.0,30.25,36.51,3,4,0.6544,0.7017,0.36,11.1,4.88700008392334,-76.1709976196289,17.79,1.6,7.751667,-75.532667,251.0,324.57,192.61
URE.2025.297.04.56.17,URE,2025.297.04.56.17,earthquake,,2464.0,,24.64,0,4,0.0,0.6558,-0.01,10.6,4.895999908447266,-76.16000366210938,17.85,1.6,7.751667,-75.532667,251.0,323.34,192.43
URE.2025.298.10.10.32,URE,2025.298.10.10.32,earthquake,3384.0,5762.0,33.84,57.62,3,3,0.8225,0.3701,0.56,3.57,6.105000019073486,-76.54900360107422,37.07,2.0,7.751667,-75.532667,251.0,213.96,211.73
URE.2025.298.18.56.38,URE,2025.298.18.56.38,earthquake,3252.0,5266.0,32.52,52.66,3,3,0.8994,0.528,19.69,8.05,6.817999839782715,-76.6500015258789,20.2,2.8,7.751667,-75.532667,251.0,160.89,230.15
URE.2025.298.20.48.54,URE,2025.298.20.48.54,earthquake,3089.0,4569.0,30.89,45.69,3,2,0.7387,0.5109,4.12,8.61,6.923999786376953,-76.25900268554688,16.68,1.5,7.751667,-75.532667,251.0,121.7,221.27
URE.2025.299.08.57.40,URE,2025.299.08.57.40,earthquake,3146.0,4857.0,31.46,48.57,3,3,0.6924,0.5198,2.03,2.99,6.836999893188477,-76.28399658203125,20.9,1.6,7.751667,-75.532667,251.0,130.83,219.41
URE.2025.300.07.50.44,URE,2025.300.07.50.44,earthquake,3209.0,4933.0,32.09,49.33,3,2,0.6177,0.4408,10.72,9.31,6.8470001220703125,-76.28900146484375,20.37,1.8,7.751667,-75.532667,251.0,130.33,219.9
URE.2025.300.17.54.43,URE,2025.300.17.54.43,earthquake,3283.0,,32.83,,3,0,0.7589,0.0,3.1,,6.876999855041504,-76.26799774169922,21.6,1.7,7.751667,-75.532667,251.0,126.29,220.06
URE.2025.300.22.04.51,URE,2025.300.22.04.51,earthquake,3154.0,4764.0,31.54,47.64,3,3,0.8617,0.3793,15.6,12.85,6.855999946594238,-76.27999877929688,19.02,2.4,7.751667,-75.532667,251.0,128.92,219.85
URE.2025.300.22.43.35,URE,2025.300.22.43.35,earthquake,3103.0,4816.0,31.03,48.16,3,3,0.7458,0.4711,8.57,9.8,6.956999778747559,-76.26499938964844,9.47,1.6,7.751667,-75.532667,251.0,119.42,222.66
URE.2025.301.07.17.51,URE,2025.301.07.17.51,earthquake,3235.0,7436.0,32.35,74.36,4,3,0.858,0.315,2.03,6.02,6.9770002365112305,-76.1969985961914,27.23,1.6,7.751667,-75.532667,251.0,112.78,220.61
URE.2025.301.15.23.29,URE,2025.301.15.23.29,earthquake,3029.0,,30.29,,3,0,0.7394,0.0,4.61,-3.08,6.979000091552734,-76.26000213623047,0.01,1.7,7.751667,-75.532667,251.0,117.26,223.27
URE.2025.302.05.40.04,URE,2025.302.05.40.04,earthquake,3095.0,3872.0,30.95,38.72,4,4,0.8984,0.7224,9.97,12.44,7.389999866485596,-75.24600219726562,31.68,1.5,7.751667,-75.532667,251.0,51.0,141.64
URE.2025.302.06.48.05,URE,2025.302.06.48.05,earthquake,3154.0,4223.0,31.54,42.23,4,4,0.8557,0.6311,22.33,15.02,7.057000160217285,-75.62799835205078,31.68,1.9,7.751667,-75.532667,251.0,77.54,187.81
URE.2025.302.15.34.50,URE,2025.302.15.34.50,earthquake,3235.0,4603.0,32.35,46.03,4,4,0.7071,0.5043,15.04,8.18,7.086999893188477,-76.24500274658203,16.21,1.9,7.751667,-75.532667,251.0,107.64,226.98
URE.2025.303.03.55.21,URE,2025.303.03.55.21,earthquake,,13009.0,,130.09,0,4,0.0,0.5775,-0.89,15.33,6.964000225067139,-76.19499969482422,32.85,1.5,7.751667,-75.532667,251.0,113.74,220.06
URE.2025.303.03.56.46,URE,2025.303.03.56.46,earthquake,,4601.0,,46.01,0,4,0.0,0.6046,-0.65,15.03,6.914999961853027,-76.22100067138672,29.34,1.5,7.751667,-75.532667,251.0,119.74,219.44
URE.2025.303.11.39.24,URE,2025.303.11.39.24,earthquake,3161.0,4665.0,31.61,46.65,3,2,0.8863,0.4615,9.98,3.63,7.006999969482422,-76.29199981689453,14.57,1.6,7.751667,-75.532667,251.0,117.52,225.56
URE.2025.304.12.04.01,URE,2025.304.12.04.01,earthquake,3158.0,4560.0,31.58,45.6,3,4,0.8109,0.4838,3.08,15.56,7.117000102996826,-76.197998046875,14.1,1.5,7.751667,-75.532667,251.0,101.59,226.34
URE.2025.304.14.03.03,URE,2025.304.14.03.03,earthquake,3121.0,4741.0,31.21,47.41,3,3,0.7888,0.5302,3.68,18.49,6.955999851226807,-76.2509994506836,13.63,1.6,7.751667,-75.532667,251.0,118.46,222.08
URE.2025.304.14.29.04,URE,2025.304.14.29.04,earthquake,3160.0,4919.0,31.6,49.19,3,4,0.8729,0.4759,2.68,7.87,6.994999885559082,-76.38899993896484,3.73,1.6,7.751667,-75.532667,251.0,126.26,228.54
URE.2025.304.16.54.18,URE,2025.304.16.54.18,earthquake,3119.0,4715.0,31.19,47.15,3,3,0.5636,0.5857,0.89,11.84,6.923999786376953,-76.23500061035156,12.99,1.7,7.751667,-75.532667,251.0,119.97,220.32
URE.2025.304.17.03.49,URE,2025.304.17.03.49,earthquake,3248.0,,32.48,,3,0,0.6229,0.0,8.05,,6.955999851226807,-76.25299835205078,27.46,1.8,7.751667,-75.532667,251.0,118.61,222.15
URE.2025.305.00.27.15,URE,2025.305.00.27.15,earthquake,3018.0,4624.0,30.18,46.24,3,2,0.6411,0.4192,0.22,0.16,6.901000022888184,-76.197998046875,9.3,1.7,7.751667,-75.532667,251.0,119.36,218.03
URE.2025.305.08.13.00,URE,2025.305.08.13.00,earthquake,3134.0,4367.0,31.34,43.67,4,4,0.8222,0.3706,3.76,11.55,7.210000038146973,-76.16500091552734,18.09,1.8,7.751667,-75.532667,251.0,91.98,229.4
URE.2025.305.11.10.46,URE,2025.305.11.10.46,earthquake,3207.0,4852.0,32.07,48.52,3,2,0.742,0.4938,6.0,18.64,6.860000133514404,-76.15599822998047,20.9,2.3,7.751667,-75.532667,251.0,120.26,214.95
URE.2025.305.19.22.53,URE,2025.305.19.22.53,earthquake,3119.0,4871.0,31.19,48.71,3,2,0.7413,0.3614,8.79,8.76,6.839000225067139,-76.2969970703125,16.91,1.8,7.751667,-75.532667,251.0,131.57,219.95
URE.2025.306.00.37.27,URE,2025.306.00.37.27,earthquake,3339.0,,33.39,,3,0,0.7306,0.0,10.26,,6.854000091552734,-76.58899688720703,19.96,1.7,7.751667,-75.532667,251.0,153.17,229.67
URE.2025.306.10.58.20,URE,2025.306.10.58.20,earthquake,3203.0,4869.0,32.03,48.69,3,3,0.7941,0.2539,9.09,9.48,6.833000183105469,-76.29499816894531,16.45,1.8,7.751667,-75.532667,251.0,131.94,219.69
URE.2025.306.13.29.23,URE,2025.306.13.29.23,earthquake,3480.0,4083.0,34.8,40.83,4,4,0.9152,0.3957,18.69,7.1,6.4039998054504395,-76.93499755859375,37.19,3.1,7.751667,-75.532667,251.0,214.97,226.2
URE.2025.306.15.26.51,URE,2025.306.15.26.51,earthquake,3066.0,4196.0,30.66,41.96,4,2,0.7334,0.422,8.96,3.57,7.019000053405762,-75.54199981689453,16.21,1.5,7.751667,-75.532667,251.0,81.03,180.73
URE.2025.306.20.52.50,URE,2025.306.20.52.50,earthquake,3402.0,,34.02,,3,0,0.8332,0.0,3.13,,6.535999774932861,-76.77799987792969,28.28,2.1,7.751667,-75.532667,251.0,192.35,225.74
URE.2025.306.21.34.06,URE,2025.306.21.34.06,earthquake,3555.0,,35.55,,3,0,0.6396,0.0,4.31,,6.140999794006348,-76.74600219726562,28.63,2.4,7.751667,-75.532667,251.0,222.95,217.05
URE.2025.307.03.09.25,URE,2025.307.03.09.25,earthquake,3062.0,4027.0,30.62,40.27,3,4,0.9011,0.6554,11.17,19.35,7.146999835968018,-75.8030014038086,26.76,1.6,7.751667,-75.532667,251.0,73.23,204.07
URE.2025.307.07.49.17,URE,2025.307.07.49.17,earthquake,3210.0,4768.0,32.1,47.68,4,3,0.663,0.4248,2.19,20.01,6.8379998207092285,-76.19499969482422,22.89,2.1,7.751667,-75.532667,251.0,124.74,215.94
URE.2025.307.12.13.49,URE,2025.307.12.13.49,earthquake,3122.0,4521.0,31.22,45.21,3,3,0.6543,0.5029,5.96,11.49,7.038000106811523,-76.24700164794922,16.39,1.5,7.751667,-75.532667,251.0,111.57,225.02
URE.2025.309.08.29.19,URE,2025.309.08.29.19,earthquake,3143.0,4307.0,31.43,43.07,3,4,0.7212,0.4547,9.61,3.67,7.47599983215332,-76.19000244140625,25.12,1.5,7.751667,-75.532667,251.0,78.68,247.25
URE.2025.309.10.23.47,URE,2025.309.10.23.47,earthquake,3061.0,4661.0,30.61,46.61,4,3,0.6852,0.521,19.41,13.94,6.839000225067139,-76.1719970703125,15.8,2.6,7.751667,-75.532667,251.0,123.17,215.01
URE.2025.309.11.23.00,URE,2025.309.11.23.00,earthquake,,6360.0,,63.6,0,3,0.0,0.3201,-0.04,6.11,5.5960001945495605,-74.37799835205078,28.34,2.5,7.751667,-75.532667,251.0,270.43,151.76
URE.2025.310.00.52.53,URE,2025.310.00.52.53,earthquake,3189.0,4568.0,31.89,45.68,3,2,0.6423,0.6773,16.65,19.35,7.048999786376953,-76.22599792480469,16.5,2.2,7.751667,-75.532667,251.0,109.08,224.61
URE.2025.310.02.19.21,URE,2025.310.02.19.21,earthquake,3148.0,4691.0,31.48,46.91,3,2,0.8374,0.7109,2.23,13.58,7.026000022888184,-76.32599639892578,11.52,1.5,7.751667,-75.532667,251.0,118.79,227.55
URE.2025.311.00.48.08,URE,2025.311.00.48.08,earthquake,3185.0,4826.0,31.85,48.26,3,2,0.8126,0.2844,3.49,9.53,6.843999862670898,-76.29100036621094,19.02,1.6,7.751667,-75.532667,251.0,130.72,219.88
URE.2025.311.02.27.10,URE,2025.311.02.27.10,earthquake,3351.0,5489.0,33.51,54.89,3,4,0.6614,0.6179,1.96,13.6,6.514999866485596,-76.66999816894531,30.74,1.9,7.751667,-75.532667,251.0,185.71,222.64
URE.2025.312.02.58.35,URE,2025.312.02.58.35,earthquake,3122.0,4726.0,31.22,47.26,3,2,0.6765,0.3895,13.53,7.89,6.98199987411499,-76.2490005493164,11.93,2.4,7.751667,-75.532667,251.0,116.19,222.94
URE.2025.313.11.04.57,URE,2025.313.11.04.57,earthquake,,10883.0,,108.83,0,3,0.0,0.5345,-2.87,5.89,6.881999969482422,-76.24800109863281,20.9,1.6,7.751667,-75.532667,251.0,124.45,219.44
URE.2025.313.16.11.06,URE,2025.313.16.11.06,earthquake,3193.0,4837.0,31.93,48.37,4,3,0.7742,0.5434,8.75,17.36,6.855999946594238,-76.16500091552734,20.66,2.0,7.751667,-75.532667,251.0,121.19,215.22
URE.2025.314.03.40.42,URE,2025.314.03.40.42,earthquake,3395.0,5674.0,33.95,56.74,3,3,0.8776,0.543,14.32,11.49,6.303999900817871,-76.53800201416016,26.52,2.5,7.751667,-75.532667,251.0,194.86,214.82
URE.2025.315.03.16.38,URE,2025.315.03.16.38,earthquake,3163,4693,31.63,46.93,3,3,0.6224,0.3673,1.56,7.86,6.820000171661377,-76.19400024414062,16.21,1.7,7.751667,-75.532667,251.0,126.29,215.37
URE.2025.315.14.05.42,URE,2025.315.14.05.42,earthquake,2941,4249,29.41,42.49,3,2,0.9201,0.5288,36.01,6.96,6.823999881744385,-75.61000061035156,12.99,2.8,7.751667,-75.532667,251.0,102.95,184.76
URE.2025.316.08.31.00,URE,2025.316.08.31.00,earthquake,3231,4806,32.31,48.06,3,3,0.8892,0.2335,4.3,7.35,6.820000171661377,-76.1709976196289,21.13,2.0,7.751667,-75.532667,251.0,124.84,214.42
URE.2025.317.08.55.04,URE,2025.317.08.55.04,earthquake,3210,4772,32.1,47.72,4,4,0.7634,0.4024,3.81,13.21,6.811999797821045,-76.19400024414062,19.02,1.6,7.751667,-75.532667,251.0,127.01,215.14
URE.2025.317.16.03.35,URE,2025.317.16.03.35,earthquake,3259,4922,32.59,49.22,3,3,0.7369,0.5047,6.93,9.77,6.830999851226807,-76.17900085449219,23.95,1.9,7.751667,-75.532667,251.0,124.34,215.07
URE.2025.317.19.13.23,URE,2025.317.19.13.23,earthquake,9807,10116,98.07,101.16,3,3,0.8032,0.3372,21.97,1.72,5.951000213623047,-74.84700012207031,0.0,1.7,7.751667,-75.532667,251.0,213.07,159.12
URE.2025.317.21.30.58,URE,2025.317.21.30.58,earthquake,3144,4781,31.44,47.81,3,2,0.714,0.5943,1.61,2.27,6.822000026702881,-76.18599700927734,18.79,1.8,7.751667,-75.532667,251.0,125.6,215.1
URE.2025.318.08.07.43,URE,2025.318.08.07.43,earthquake,3290,5163,32.9,51.63,3,3,0.8846,0.5483,15.03,11.33,6.943999767303467,-76.58999633789062,21.02,2.6,7.751667,-75.532667,251.0,146.99,232.65
URE.2025.319.01.36.43,URE,2025.319.01.36.43,earthquake,3114,4712,31.14,47.12,4,2,0.7634,0.4742,13.6,6.22,7.039999961853027,-76.31999969482422,13.57,1.8,7.751667,-75.532667,251.0,117.26,227.89
URE.2025.319.14.16.16,URE,2025.319.14.16.16,earthquake,2961,4079,29.61,40.79,4,4,0.8394,0.4843,13.79,2.54,7.473999977111816,-74.66799926757812,26.05,2.2,7.751667,-75.532667,251.0,100.23,107.78
URE.2025.320.12.03.17,URE,2025.320.12.03.17,earthquake,3116,4694,31.16,46.94,3,3,0.6229,0.439,9.22,11.95,6.9710001945495605,-76.25299835205078,10.29,1.7,7.751667,-75.532667,251.0,117.38,222.7
URE.2025.320.12.59.01,URE,2025.320.12.59.01,earthquake,3251,4604,32.51,46.04,4,4,0.8915,0.5632,5.65,12.52,7.589000225067139,-76.35800170898438,21.37,1.5,7.751667,-75.532667,251.0,92.82,258.88
URE.2025.320.14.09.06,URE,2025.320.14.09.06,earthquake,3117,4565,31.17,45.65,3,2,0.8161,0.4951,8.81,15.13,6.895999908447266,-75.98300170898438,25.12,2.2,7.751667,-75.532667,251.0,106.9,207.75
URE.2025.321.06.35.48,URE,2025.321.06.35.48,earthquake,3244,4992,32.44,49.92,3,3,0.9173,0.6732,20.95,15.66,6.77400016784668,-76.25700378417969,25.59,2.3,7.751667,-75.532667,251.0,134.49,216.54
URE.2025.322.03.41.37,URE,2025.322.03.41.37,earthquake,3315,,33.15,,3,0,0.5138,0.0,5.09,,6.322999954223633,-76.53600311279297,15.98,1.6,7.751667,-75.532667,251.0,193.01,215.12
URE.2025.322.05.44.35,URE,2025.322.05.44.35,earthquake,2941,4832.0,29.41,48.32,4,4,0.8665,0.4251,13.01,8.02,7.590000152587891,-74.1240005493164,29.11,2.7,7.751667,-75.532667,251.0,156.44,96.47
URE.2025.322.08.44.44,URE,2025.322.08.44.44,earthquake,3236,4875.0,32.36,48.75,3,3,0.7653,0.4501,4.35,10.54,6.870999813079834,-76.29100036621094,18.55,1.8,7.751667,-75.532667,251.0,128.44,220.74
URE.2025.323.02.41.12,URE,2025.323.02.41.12,earthquake,3234,4772.0,32.34,47.72,3,3,0.8529,0.4346,12.59,14.18,6.960000038146973,-76.26200103759766,18.09,1.6,7.751667,-75.532667,251.0,118.95,222.65
URE.2025.323.08.25.48,URE,2025.323.08.25.48,earthquake,3115,4683.0,31.15,46.83,3,4,0.8393,0.4619,1.41,17.81,7.005000114440918,-76.3030014038086,13.93,1.6,7.751667,-75.532667,251.0,118.54,225.9
URE.2025.323.11.27.28,URE,2025.323.11.27.28,earthquake,2938,3923.0,29.38,39.23,3,4,0.7535,0.6009,8.4,10.36,7.0929999351501465,-75.16300201416016,31.0,1.5,7.751667,-75.532667,251.0,83.5,150.72
URE.2025.324.04.38.12,URE,2025.324.04.38.12,earthquake,3122,4604.0,31.22,46.04,4,3,0.7504,0.4972,13.4,16.26,6.968999862670898,-76.26899719238281,17.44,1.9,7.751667,-75.532667,251.0,118.75,223.25
URE.2025.325.08.05.10,URE,2025.325.08.05.10,earthquake,3135,,31.35,,3,0,0.8337,0.0,3.35,,6.9770002365112305,-76.28299713134766,15.98,1.6,7.751667,-75.532667,251.0,119.17,224.09
URE.2025.326.18.52.40,URE,2025.326.18.52.40,earthquake,3196,,31.96,,3,0,0.579,0.0,0.49,,6.790999889373779,-76.23400115966797,13.16,1.8,7.751667,-75.532667,251.0,131.47,216.14
URE.2025.326.19.39.10,URE,2025.326.19.39.10,earthquake,3272,4811.0,32.72,48.11,3,3,0.7119,0.4643,9.55,8.38,6.776000022888184,-76.15799713134766,16.21,1.9,7.751667,-75.532667,251.0,128.11,212.66
URE.2025.329.11.23.08,URE,2025.329.11.23.08,earthquake,3135,,31.35,,3,0,0.6957,0.0,13.69,,6.953000068664551,-76.26599884033203,11.7,2.2,7.751667,-75.532667,251.0,119.82,222.56
URE.2025.329.11.31.47,URE,2025.329.11.31.47,earthquake,3105,4748.0,31.05,47.48,3,3,0.7139,0.4464,4.93,14.91,6.934999942779541,-76.2750015258789,9.82,2.2,7.751667,-75.532667,251.0,121.96,222.27
URE.2025.329.14.49.31,URE,2025.329.14.49.31,earthquake,3228,8901.0,32.28,89.01,3,3,0.7571,0.4485,9.1,8.03,6.958000183105469,-76.2770004272461,11.76,2.4,7.751667,-75.532667,251.0,120.24,223.16
URE.2025.330.03.35.27,URE,2025.330.03.35.27,earthquake,9048,10652.0,90.48,106.52,3,4,0.6623,0.3447,11.19,14.76,6.993000030517578,-76.26899719238281,15.68,3.5,7.751667,-75.532667,251.0,116.83,224.14
URE.2025.330.03.36.27,URE,2025.330.03.36.27,earthquake,3114,4732.0,31.14,47.32,3,4,0.6529,0.3656,11.22,14.54,6.985000133514404,-76.25299835205078,11.0,2.5,7.751667,-75.532667,251.0,116.25,223.21
URE.2025.330.03.37.47,URE,2025.330.03.37.47,earthquake,7322,,73.22,,3,0,0.5502,0.0,5.72,,6.956999778747559,-76.2490005493164,9.59,1.9,7.751667,-75.532667,251.0,118.23,222.03
URE.2025.330.03.40.44,URE,2025.330.03.40.44,earthquake,3092,4782.0,30.92,47.82,3,3,0.7857,0.5064,5.68,11.27,6.953999996185303,-76.25700378417969,9.24,1.7,7.751667,-75.532667,251.0,119.07,222.24
URE.2025.330.03.59.13,URE,2025.330.03.59.13,earthquake,3138,4748.0,31.38,47.48,3,3,0.7405,0.3153,14.3,14.08,6.9730000495910645,-76.24199676513672,15.27,1.3,7.751667,-75.532667,251.0,116.4,222.33
URE.2025.330.04.19.43,URE,2025.330.04.19.43,earthquake,3126,4881.0,31.26,48.81,3,3,0.7675,0.4569,9.62,13.39,6.965000152587891,-76.25900268554688,9.82,1.8,7.751667,-75.532667,251.0,118.32,222.72
URE.2025.330.07.52.24,URE,2025.330.07.52.24,earthquake,3220,,32.2,,4,0,0.5858,0.0,12.14,,6.973999977111816,-76.24500274658203,12.99,1.6,7.751667,-75.532667,251.0,116.54,222.49
URE.2025.330.08.00.17,URE,2025.330.08.00.17,earthquake,3139,4808.0,31.39,48.08,3,3,0.857,0.4672,12.3,16.11,6.9710001945495605,-76.23799896240234,12.52,1.9,7.751667,-75.532667,251.0,116.27,222.1
URE.2025.330.14.35.21,URE,2025.330.14.35.21,earthquake,3115,,31.15,,3,0,0.8126,0.0,32.59,,6.9730000495910645,-76.25499725341797,13.46,3.4,7.751667,-75.532667,251.0,117.37,222.85
URE.2025.330.14.43.29,URE,2025.330.14.43.29,earthquake,3042,4738.0,30.42,47.38,3,2,0.6587,0.5037,6.14,8.0,6.941999912261963,-76.25800323486328,0.0,1.6,7.751667,-75.532667,251.0,120.13,221.86
URE.2025.330.18.27.44,URE,2025.330.18.27.44,earthquake,3123,4709.0,31.23,47.09,3,3,0.7127,0.4878,4.43,2.44,6.945000171661377,-76.25,9.94,1.8,7.751667,-75.532667,251.0,119.3,221.65
URE.2025.330.19.54.25,URE,2025.330.19.54.25,earthquake,3174,4836.0,31.74,48.36,3,2,0.7381,0.5405,7.08,1.76,6.943999767303467,-76.25700378417969,9.71,1.6,7.751667,-75.532667,251.0,119.89,221.89
URE.2025.331.08.41.00,URE,2025.331.08.41.00,earthquake,3226,4907.0,32.26,49.07,4,3,0.6987,0.4857,26.18,21.32,6.982999801635742,-76.24600219726562,13.22,2.6,7.751667,-75.532667,251.0,115.88,222.86
URE.2025.331.21.33.36,URE,2025.331.21.33.36,earthquake,3126.0,4713.0,31.26,47.13,4,2,0.7985,0.5555,16.22,15.47,6.995999813079834,-76.25800323486328,11.76,2.2,7.751667,-75.532667,251.0,115.75,223.83
URE.2025.333.06.23.01,URE,2025.333.06.23.01,earthquake,3175.0,4717.0,31.75,47.17,3,2,0.5087,0.4099,3.96,9.35,6.974999904632568,-76.26200103759766,10.76,1.7,7.751667,-75.532667,251.0,117.74,223.2
URE.2025.333.09.14.45,URE,2025.333.09.14.45,earthquake,3011.0,4110.0,30.11,41.1,4,4,0.8284,0.5593,8.64,11.74,7.117000102996826,-74.96800231933594,16.21,1.7,7.751667,-75.532667,251.0,93.87,138.36
URE.2025.333.16.50.51,URE,2025.333.16.50.51,earthquake,3157.0,4861.0,31.57,48.61,3,2,0.8397,0.4443,15.45,20.39,6.8480000495910645,-76.26699829101562,21.6,2.5,7.751667,-75.532667,251.0,128.7,219.1
URE.2025.333.23.04.04,URE,2025.333.23.04.04,earthquake,3109.0,4668.0,31.09,46.68,3,3,0.7741,0.3397,17.1,5.74,6.822999954223633,-76.19300079345703,17.68,2.4,7.751667,-75.532667,251.0,125.96,215.42
URE.2025.334.02.30.48,URE,2025.334.02.30.48,earthquake,3125.0,4785.0,31.25,47.85,3,2,0.6848,0.6037,15.29,10.65,6.948999881744385,-76.25599670410156,9.94,1.8,7.751667,-75.532667,251.0,119.41,222.02
URE.2025.334.03.02.13,URE,2025.334.03.02.13,earthquake,3140.0,,31.4,,3,0,0.6902,0.0,9.91,,7.339000225067139,-76.2040023803711,15.98,1.5,7.751667,-75.532667,251.0,87.02,238.41
URE.2025.334.04.42.25,URE,2025.334.04.42.25,earthquake,3216.0,4783.0,32.16,47.83,4,3,0.693,0.5276,19.77,12.62,7.00600004196167,-76.23500061035156,15.45,2.3,7.751667,-75.532667,251.0,113.19,223.28
URE.2025.334.07.02.10,URE,2025.334.07.02.10,earthquake,,4765.0,,47.65,0,3,0.0,0.5835,-0.76,14.69,6.968999862670898,-76.2300033569336,15.92,2.3,7.751667,-75.532667,251.0,115.84,221.7
URE.2025.335.19.40.21,URE,2025.335.19.40.21,earthquake,3222.0,4874.0,32.22,48.74,4,2,0.7868,0.5961,8.8,0.46,6.870999813079834,-76.26000213623047,18.03,1.8,7.751667,-75.532667,251.0,126.24,219.56
URE.2025.336.01.35.45,URE,2025.336.01.35.45,earthquake,3286.0,,32.86,,3,0,0.6784,0.0,6.37,,6.822000026702881,-76.62300109863281,19.02,1.9,7.751667,-75.532667,251.0,158.33,229.58
URE.2025.336.06.23.36,URE,2025.336.06.23.36,earthquake,2817.0,,28.17,,3,0,0.8071,0.0,9.4,,7.526000022888184,-74.04499816894531,0.0,2.1,7.751667,-75.532667,251.0,166.03,98.55
URE.2025.336.21.22.28,URE,2025.336.21.22.28,earthquake,3108.0,4132.0,31.08,41.32,4,4,0.8279,0.5353,12.53,14.25,7.296000003814697,-76.02400207519531,15.98,1.9,7.751667,-75.532667,251.0,74.03,227.13
URE.2025.336.23.41.06,URE,2025.336.23.41.06,earthquake,3188.0,4797.0,31.88,47.97,3,2,0.4841,0.441,7.13,15.43,6.9019999504089355,-76.23899841308594,21.48,1.7,7.751667,-75.532667,251.0,122.12,219.74
URE.2025.337.00.49.18,URE,2025.337.00.49.18,earthquake,3410.0,,34.1,,3,0,0.7177,0.0,10.59,,5.7729997634887695,-76.47599792480469,26.76,2.5,7.751667,-75.532667,251.0,242.4,205.54
URE.2025.337.09.56.28,URE,2025.337.09.56.28,earthquake,6995.0,8566.0,69.95,85.66,4,3,0.785,0.5197,16.74,19.77,6.901000022888184,-75.99600219726562,28.4,1.6,7.751667,-75.532667,251.0,107.09,208.57
URE.2025.337.09.57.07,URE,2025.337.09.57.07,earthquake,3060.0,4631.0,30.6,46.31,3,3,0.8726,0.5387,16.23,19.76,6.980999946594238,-76.31700134277344,10.88,2.2,7.751667,-75.532667,251.0,121.5,225.51
URE.2025.338.04.14.58,URE,2025.338.04.14.58,earthquake,3133.0,4636.0,31.33,46.36,3,4,0.8706,0.4669,8.35,12.18,7.006999969482422,-76.30400085449219,13.34,1.7,7.751667,-75.532667,251.0,118.47,226.01
URE.2025.338.05.04.30,URE,2025.338.05.04.30,earthquake,3263.0,4974.0,32.63,49.74,3,3,0.8813,0.6127,6.37,14.09,6.880000114440918,-76.322998046875,22.36,1.9,7.751667,-75.532667,251.0,130.03,222.2
URE.2025.338.08.59.04,URE,2025.338.08.59.04,earthquake,3267.0,4705.0,32.67,47.05,4,4,0.5562,0.4193,5.93,15.28,6.918000221252441,-75.98500061035156,28.87,1.7,7.751667,-75.532667,251.0,104.86,208.47
URE.2025.340.02.18.08,URE,2025.340.02.18.08,earthquake,3209.0,4921.0,32.09,49.21,3,2,0.8655,0.6391,1.24,12.71,6.870999813079834,-76.2760009765625,21.37,1.6,7.751667,-75.532667,251.0,127.37,220.17
URE.2025.340.02.28.34,URE,2025.340.02.28.34,earthquake,3252.0,4912.0,32.52,49.12,3,3,0.4912,0.5137,3.46,14.21,6.86899995803833,-76.322998046875,20.43,1.8,7.751667,-75.532667,251.0,130.94,221.85
URE.2025.340.07.20.04,URE,2025.340.07.20.04,earthquake,3235.0,4847.0,32.35,48.47,4,3,0.7752,0.6341,15.02,17.99,6.855999946594238,-76.15399932861328,19.02,2.0,7.751667,-75.532667,251.0,120.49,214.75
URE.2025.340.07.29.07,URE,2025.340.07.29.07,earthquake,3239.0,4847.0,32.39,48.47,3,3,0.8527,0.6266,11.14,19.94,6.848999977111816,-76.15799713134766,19.32,2.1,7.751667,-75.532667,251.0,121.38,214.71
URE.2025.340.07.42.33,URE,2025.340.07.42.33,earthquake,3193.0,4796.0,31.93,47.96,3,3,0.7198,0.6697,2.29,18.53,6.85099983215332,-76.15699768066406,20.08,2.1,7.751667,-75.532667,251.0,121.14,214.73
URE.2025.340.08.54.11,URE,2025.340.08.54.11,earthquake,13015.0,,130.15,,3,0,0.732,0.0,6.06,,6.7270002365112305,-76.68599700927734,27.7,1.6,7.751667,-75.532667,251.0,170.48,228.42
URE.2025.340.08.55.49,URE,2025.340.08.55.49,earthquake,3172.0,4806.0,31.72,48.06,3,3,0.7301,0.5371,7.37,3.79,6.873000144958496,-76.1709976196289,20.43,1.8,7.751667,-75.532667,251.0,120.04,216.0
URE.2025.340.17.03.32,URE,2025.340.17.03.32,noise,,,,,0,0,0.0,0.0,,,5.216000080108643,-74.52799987792969,17.38,1.8,7.751667,-75.532667,251.0,301.63,158.32
URE.2025.341.01.47.22,URE,2025.341.01.47.22,earthquake,3508.0,5683.0,35.08,56.83,4,4,0.8119,0.374,9.47,16.23,7.396999835968018,-77.13400268554688,31.8,2.1,7.751667,-75.532667,251.0,181.02,257.59
URE.2025.341.02.01.21,URE,2025.341.02.01.21,earthquake,3261.0,,32.61,,3,0,0.8227,0.0,17.66,,6.942999839782715,-76.74800109863281,26.76,2.8,7.751667,-75.532667,251.0,161.26,236.4
URE.2025.341.07.58.00,URE,2025.341.07.58.00,earthquake,2991.0,3692.0,29.91,36.92,4,4,0.9472,0.7663,42.74,11.89,7.705999851226807,-74.99400329589844,12.05,3.0,7.751667,-75.532667,251.0,59.64,94.82
URE.2025.341.22.43.41,URE,2025.341.22.43.41,earthquake,3183.0,4778.0,31.83,47.78,3,3,0.8481,0.4858,5.14,14.33,6.849999904632568,-76.177001953125,20.2,1.8,7.751667,-75.532667,251.0,122.5,215.55
URE.2025.342.07.52.35,URE,2025.342.07.52.35,earthquake,3247.0,4785.0,32.47,47.85,3,4,0.7228,0.4865,5.33,15.22,7.010000228881836,-76.28099822998047,5.61,1.8,7.751667,-75.532667,251.0,116.42,225.26
URE.2025.342.08.13.10,URE,2025.342.08.13.10,earthquake,3158.0,4745.0,31.58,47.45,3,4,0.7636,0.4615,6.74,17.88,7.02400016784668,-76.28199768066406,6.02,2.3,7.751667,-75.532667,251.0,115.41,225.84
URE.2025.342.10.13.22,URE,2025.342.10.13.22,earthquake,3211.0,4849.0,32.11,48.49,3,3,0.8219,0.506,33.59,10.6,7.059000015258789,-76.28199768066406,5.61,3.4,7.751667,-75.532667,251.0,112.74,227.25
URE.2025.343.16.51.29,URE,2025.343.16.51.29,earthquake,3164.0,4749.0,31.64,47.49,3,4,0.6384,0.5248,4.22,14.23,7.005000114440918,-76.27899932861328,4.9,2.0,7.751667,-75.532667,251.0,116.65,224.99
URE.2025.344.00.33.13,URE,2025.344.00.33.13,earthquake,3248.0,4889.0,32.48,48.89,3,3,0.7695,0.4126,11.8,20.32,6.880000114440918,-76.29299926757812,22.3,2.1,7.751667,-75.532667,251.0,127.83,221.1
URE.2025.344.06.27.48,URE,2025.344.06.27.48,earthquake,3104.0,4849.0,31.04,48.49,4,3,0.6355,0.6213,16.3,19.4,6.861999988555908,-76.17900085449219,24.94,2.1,7.751667,-75.532667,251.0,121.55,216.0
URE.2025.344.17.33.10,URE,2025.344.17.33.10,earthquake,3275.0,4772.0,32.75,47.72,3,3,0.6362,0.3503,4.13,3.33,7.039999961853027,-76.29900360107422,14.8,1.6,7.751667,-75.532667,251.0,115.55,227.12
URE.2025.345.01.12.27,URE,2025.345.01.12.27,earthquake,2978.0,3679.0,29.78,36.79,4,4,0.9254,0.8075,14.34,10.75,7.690000057220459,-74.99700164794922,15.98,1.5,7.751667,-75.532667,251.0,59.49,96.55
URE.2025.346.02.33.35,URE,2025.346.02.33.35,earthquake,3251.0,4557.0,32.51,45.57,4,4,0.7171,0.3715,5.85,0.75,7.09499979019165,-76.19200134277344,28.4,1.5,7.751667,-75.532667,251.0,102.82,225.11
URE.2025.346.14.20.33,URE,2025.346.14.20.33,earthquake,3169.0,4861.0,31.69,48.61,3,4,0.7707,0.6235,5.46,18.14,6.928999900817871,-76.24400329589844,11.93,1.7,7.751667,-75.532667,251.0,120.19,220.85
URE.2025.346.14.26.43,URE,2025.346.14.26.43,earthquake,3153.0,4851.0,31.53,48.51,4,4,0.6456,0.5827,7.42,21.93,6.935999870300293,-76.24800109863281,11.7,2.0,7.751667,-75.532667,251.0,119.9,221.25
URE.2025.346.21.42.03,URE,2025.346.21.42.03,earthquake,3076.0,3750.0,30.76,37.5,3,4,0.9244,0.4802,18.97,7.05,7.301000118255615,-75.51200103759766,18.32,1.7,7.751667,-75.532667,251.0,49.89,177.38
URE.2025.347.02.21.25,URE,2025.347.02.21.25,earthquake,3188.0,,31.88,,3,0,0.6691,0.0,3.75,,7.020999908447266,-76.27300262451172,26.05,1.6,7.751667,-75.532667,251.0,114.94,225.38
URE.2025.347.02.47.57,URE,2025.347.02.47.57,earthquake,7423.0,,74.23,,3,0,0.6944,0.0,0.28,,5.374000072479248,-75.93000030517578,35.08,1.7,7.751667,-75.532667,251.0,266.59,189.51
URE.2025.347.06.41.21,URE,2025.347.06.41.21,earthquake,3246.0,4865.0,32.46,48.65,3,4,0.8091,0.4368,1.19,11.7,6.836999893188477,-76.16899871826172,19.49,1.6,7.751667,-75.532667,251.0,123.17,214.83
URE.2025.347.12.19.01,URE,2025.347.12.19.01,earthquake,3176,4682.0,31.76,46.82,4,3,0.5703,0.5023,8.56,16.86,7.011000156402588,-76.27899932861328,9.36,2.0,7.751667,-75.532667,251.0,116.18,225.22
URE.2025.347.14.33.58,URE,2025.347.14.33.58,earthquake,2965,,29.65,,3,0,0.7941,0.0,16.16,,6.5929999351501465,-74.13600158691406,17.09,3.0,7.751667,-75.532667,251.0,200.54,129.62
URE.2025.348.03.54.26,URE,2025.348.03.54.26,earthquake,3347,5354.0,33.47,53.54,3,2,0.8762,0.4423,17.75,12.91,6.820000171661377,-76.7229995727539,32.85,3.2,7.751667,-75.532667,251.0,167.01,231.99
URE.2025.348.07.18.30,URE,2025.348.07.18.30,earthquake,11137,,111.37,,3,0,0.3307,0.0,1.94,,6.995999813079834,-76.71800231933594,10.35,2.1,7.751667,-75.532667,251.0,155.27,237.52
URE.2025.349.21.56.31,URE,2025.349.21.56.31,earthquake,3215,4892.0,32.15,48.92,3,4,0.8367,0.3135,6.4,17.25,6.855000019073486,-76.28600311279297,21.95,1.9,7.751667,-75.532667,251.0,129.43,220.04
URE.2025.351.07.21.48,URE,2025.351.07.21.48,earthquake,3379,5383.0,33.79,53.83,3,3,0.6808,0.4513,4.53,13.39,7.34499979019165,-76.94599914550781,26.99,2.0,7.751667,-75.532667,251.0,162.33,254.01
URE.2025.352.01.21.32,URE,2025.352.01.21.32,earthquake,3405,5653.0,34.05,56.53,3,2,0.8549,0.3099,5.57,2.6,6.334000110626221,-76.53500366210938,27.11,1.7,7.751667,-75.532667,251.0,191.95,215.3
URE.2025.352.01.23.58,URE,2025.352.01.23.58,earthquake,12308,12948.0,123.08,129.48,4,4,0.9388,0.85,34.81,17.77,6.321000099182129,-76.5479965209961,24.65,3.2,7.751667,-75.532667,251.0,193.95,215.4
URE.2025.352.20.38.13,URE,2025.352.20.38.13,earthquake,2961,,29.61,,3,0,0.8328,0.0,24.87,,6.791999816894531,-73.9020004272461,15.6,3.7,7.751667,-75.532667,251.0,209.02,120.41
URE.2025.353.02.03.41,URE,2025.353.02.03.41,earthquake,3393,5586.0,33.93,55.86,3,4,0.6533,0.4292,7.54,3.51,7.208000183105469,-77.05400085449219,27.7,2.2,7.751667,-75.532667,251.0,178.36,250.4
URE.2025.353.09.41.19,URE,2025.353.09.41.19,earthquake,3284,4952.0,32.84,49.52,3,2,0.4664,0.4773,3.26,18.96,6.873000144958496,-76.28500366210938,25.59,1.7,7.751667,-75.532667,251.0,127.84,220.58
URE.2025.354.05.04.55,URE,2025.354.05.04.55,earthquake,3124,4792.0,31.24,47.92,3,2,0.8881,0.3581,6.0,7.07,6.833000183105469,-76.29100036621094,16.68,1.6,7.751667,-75.532667,251.0,131.66,219.55
URE.2025.354.14.49.57,URE,2025.354.14.49.57,earthquake,3186,4548.0,31.86,45.48,3,4,0.9139,0.4715,24.91,20.64,7.235000133514404,-76.23799896240234,18.09,2.8,7.751667,-75.532667,251.0,96.57,233.77
URE.2025.354.21.38.23,URE,2025.354.21.38.23,earthquake,3161,4836.0,31.61,48.36,3,2,0.8758,0.3935,12.41,7.71,6.921999931335449,-76.25299835205078,17.09,2.1,7.751667,-75.532667,251.0,121.43,220.97
URE.2025.354.21.58.13,URE,2025.354.21.58.13,earthquake,3116,4697.0,31.16,46.97,4,2,0.7067,0.5485,27.74,18.13,6.953999996185303,-76.27100372314453,17.56,2.6,7.751667,-75.532667,251.0,120.11,222.79
URE.2025.354.22.04.50,URE,2025.354.22.04.50,earthquake,3170,4745.0,31.7,47.45,4,3,0.6933,0.5317,4.67,7.24,6.9679999351501465,-76.28500366210938,15.98,1.7,7.751667,-75.532667,251.0,120.05,223.83
URE.2025.354.22.27.12,URE,2025.354.22.27.12,earthquake,3196,,31.96,,3,0,0.7268,0.0,9.66,,6.945000171661377,-76.28099822998047,15.74,1.5,7.751667,-75.532667,251.0,121.59,222.85
URE.2025.355.15.10.43,URE,2025.355.15.10.43,earthquake,3412,5543.0,34.12,55.43,3,3,0.7817,0.3324,0.53,7.66,6.699999809265137,-76.8290023803711,34.02,2.7,7.751667,-75.532667,251.0,184.46,230.99
URE.2025.355.23.05.21,URE,2025.355.23.05.21,earthquake,3291,,32.91,,3,0,0.5712,0.0,3.48,,6.89900016784668,-76.60600280761719,13.63,1.8,7.751667,-75.532667,251.0,151.45,231.56
URE.2025.356.01.48.22,URE,2025.356.01.48.22,earthquake,3231,,32.31,,3,0,0.8619,0.0,6.86,-0.86,6.539000034332275,-76.35299682617188,19.02,2.0,7.751667,-75.532667,251.0,161.85,214.1
URE.2025.356.10.33.47,URE,2025.356.10.33.47,earthquake,3173,4846.0,31.73,48.46,3,2,0.6336,0.4654,0.67,9.79,6.849999904632568,-76.28700256347656,20.2,1.7,7.751667,-75.532667,251.0,129.93,219.92
URE.2025.357.12.38.45,URE,2025.357.12.38.45,earthquake,3143,4766.0,31.43,47.66,4,3,0.7239,0.6629,9.31,23.86,6.855999946594238,-76.16400146484375,18.96,2.0,7.751667,-75.532667,251.0,121.13,215.18
URE.2025.358.04.48.33,URE,2025.358.04.48.33,earthquake,3172,4648.0,31.72,46.48,3,4,0.7951,0.4765,7.74,5.99,7.038000106811523,-76.31099700927734,12.05,1.5,7.751667,-75.532667,251.0,116.67,227.48
URE.2025.359.21.04.26,URE,2025.359.21.04.26,earthquake,3083,4656.0,30.83,46.56,3,4,0.7638,0.3813,2.46,3.98,6.998000144958496,-76.2979965209961,12.93,1.5,7.751667,-75.532667,251.0,118.69,225.44
URE.2025.360.01.27.36,URE,2025.360.01.27.36,earthquake,3179,4775.0,31.79,47.75,3,4,0.9168,0.4294,0.67,15.79,6.855999946594238,-76.29499816894531,15.98,1.6,7.751667,-75.532667,251.0,129.99,220.41
URE.2025.360.16.21.42,URE,2025.360.16.21.42,earthquake,3217,4794.0,32.17,47.94,4,4,0.7389,0.3231,10.92,9.45,6.835000038146973,-76.14700317382812,21.13,2.0,7.751667,-75.532667,251.0,121.98,213.83
URE.2025.361.09.28.30,URE,2025.361.09.28.30,earthquake,3170,4645.0,31.7,46.45,3,3,0.6788,0.5125,21.66,10.49,6.998000144958496,-76.28800201416016,15.98,2.3,7.751667,-75.532667,251.0,117.9,225.06
URE.2025.361.18.27.01,URE,2025.361.18.27.01,earthquake,2952,,29.52,,3,0,0.6935,0.0,4.11,,7.068999767303467,-75.9020004272461,23.13,1.8,7.751667,-75.532667,251.0,85.8,208.4
URE.2025.362.13.41.54,URE,2025.362.13.41.54,earthquake,3121,4791.0,31.21,47.91,3,3,0.6609,0.5649,1.57,14.44,6.945000171661377,-76.2490005493164,10.64,1.6,7.751667,-75.532667,251.0,119.22,221.61
URE.2025.362.20.54.52,URE,2025.362.20.54.52,earthquake,3286,5361.0,32.86,53.61,3,2,0.8535,0.5273,14.22,0.08,7.295000076293945,-76.97000122070312,28.98,2.3,7.751667,-75.532667,251.0,166.48,252.44
URE.2025.363.08.56.00,URE,2025.363.08.56.00,earthquake,3357,,33.57,,3,0,0.6154,0.0,4.2,,7.215000152587891,-77.02999877929688,33.2,1.9,7.751667,-75.532667,251.0,175.61,250.34
URE.2025.363.12.57.24,URE,2025.363.12.57.24,earthquake,3153,4507.0,31.53,45.07,4,4,0.7082,0.5191,2.19,18.89,7.125999927520752,-76.28700256347656,13.52,1.5,7.751667,-75.532667,251.0,108.27,230.32
URE.2025.364.10.10.34,URE,2025.364.10.10.34,earthquake,3112,4753.0,31.12,47.53,3,3,0.8348,0.3802,2.39,11.84,6.788000106811523,-76.20500183105469,15.98,1.6,7.751667,-75.532667,251.0,129.89,214.91
