trace_name,station_code,timestamp,category,p_sample,s_sample,p_time_s,s_time_s,p_n_models,s_n_models,p_prob,s_prob,snr_p_db,snr_s_db,source_latitude,source_longitude,source_depth_km,source_magnitude,station_latitude,station_longitude,station_elevation_m,distance_km,back_azimuth
TAM.2018.060.16.54.14,TAM,2018.060.16.54.14,unlabelled,,,,,0,0,0.0,0.0,,,6.198999881744385,-74.4530029296875,11.82,1.5,6.435441,-71.791355,462.0,295.66,265.07
TAM.2018.063.17.02.14,TAM,2018.063.17.02.14,unlabelled,,,,,0,0,0.0,0.0,,,7.609000205993652,-72.802001953125,3.39,1.6,6.435441,-71.791355,462.0,171.21,319.35
TAM.2018.063.20.32.15,TAM,2018.063.20.32.15,unlabelled,,,,,0,0,0.0,0.0,,,6.03000020980835,-72.52400207519531,9.74,1.5,6.435441,-71.791355,462.0,92.65,241.1
TAM.2018.063.23.23.58,TAM,2018.063.23.23.58,unlabelled,,,,,0,0,0.0,0.0,,,6.005000114440918,-72.51699829101562,4.75,1.6,6.435441,-71.791355,462.0,93.35,239.38
TAM.2018.075.19.15.09,TAM,2018.075.19.15.09,unlabelled,,,,,0,0,0.0,0.0,,,5.245999813079834,-72.9739990234375,3.45,1.6,6.435441,-71.791355,462.0,185.62,224.94
TAM.2018.076.11.21.18,TAM,2018.076.11.21.18,unlabelled,,,,,0,0,0.0,0.0,-1.47,,6.1570000648498535,-72.43399810791016,16.94,1.7,6.435441,-71.791355,462.0,77.49,246.62
TAM.2018.076.18.47.00,TAM,2018.076.18.47.00,unlabelled,,,,,0,0,0.0,0.0,,,4.999000072479248,-72.61699676513672,5.86,1.9,6.435441,-71.791355,462.0,183.29,209.97
TAM.2018.077.05.45.56,TAM,2018.077.05.45.56,unlabelled,,,,,0,0,0.0,0.0,,,5.585999965667725,-73.73500061035156,4.91,1.5,6.435441,-71.791355,462.0,234.79,246.52
TAM.2018.077.09.57.38,TAM,2018.077.09.57.38,unlabelled,,,,,0,0,0.0,0.0,,,7.747000217437744,-72.81900024414062,3.12,1.6,6.435441,-71.791355,462.0,184.19,322.01
TAM.2018.077.10.33.17,TAM,2018.077.10.33.17,unlabelled,,,,,0,0,0.0,0.0,,,5.7129998207092285,-73.98699951171875,115.0,1.3,6.435441,-71.791355,462.0,255.85,251.92
TAM.2018.077.12.08.25,TAM,2018.077.12.08.25,unlabelled,,,,,0,0,0.0,0.0,,,7.565000057220459,-72.75599670410156,-0.1,1.8,6.435441,-71.791355,462.0,164.21,319.58
TAM.2018.078.22.15.42,TAM,2018.078.22.15.42,unlabelled,,,,,0,0,0.0,0.0,,,4.159999847412109,-73.66200256347656,-0.18,1.7,6.435441,-71.791355,462.0,326.05,219.58
TAM.2018.079.06.46.00,TAM,2018.079.06.46.00,unlabelled,,,,,0,0,0.0,0.0,,,4.28000020980835,-73.88800048828125,-0.1,1.6,6.435441,-71.791355,462.0,332.88,224.38
TAM.2018.079.13.52.42,TAM,2018.079.13.52.42,unlabelled,,,,,0,0,0.0,0.0,,,5.840000152587891,-73.1050033569336,0.07,1.5,6.435441,-71.791355,462.0,159.62,245.71
TAM.2018.079.23.53.56,TAM,2018.079.23.53.56,unlabelled,,,,,0,0,0.0,0.0,,,7.276000022888184,-73.26799774169922,8.29,1.5,6.435441,-71.791355,462.0,187.83,299.75
TAM.2018.080.00.44.23,TAM,2018.080.00.44.23,unlabelled,,,,,0,0,0.0,0.0,,,6.708000183105469,-74.60299682617188,13.01,1.9,6.435441,-71.791355,462.0,312.4,275.7
TAM.2018.080.06.53.05,TAM,2018.080.06.53.05,unlabelled,,,,,0,0,0.0,0.0,,,7.741000175476074,-74.26699829101562,29.39,1.5,6.435441,-71.791355,462.0,309.26,297.98
TAM.2018.109.01.48.47,TAM,2018.109.01.48.47,unlabelled,,,,,0,0,0.0,0.0,,,5.270999908447266,-74.08899688720703,4.22,1.5,6.435441,-71.791355,462.0,285.17,243.28
TAM.2018.110.11.50.30,TAM,2018.110.11.50.30,unlabelled,,,,,0,0,0.0,0.0,,,4.630000114440918,-72.96099853515625,0.0,1.9,6.435441,-71.791355,462.0,238.03,213.05
TAM.2018.110.12.53.29,TAM,2018.110.12.53.29,unlabelled,,,,,0,0,0.0,0.0,,,4.610000133514404,-73.02400207519531,0.0,2.6,6.435441,-71.791355,462.0,243.73,214.14
TAM.2018.115.12.42.31,TAM,2018.115.12.42.31,unlabelled,,,,,0,0,0.0,0.0,,,6.008999824523926,-73.01300048828125,-0.15,1.8,6.435441,-71.791355,462.0,143.19,250.84
TAM.2018.115.20.00.35,TAM,2018.115.20.00.35,unlabelled,,,,,0,0,0.0,0.0,,,6.6570000648498535,-74.08599853515625,10.94,2.2,6.435441,-71.791355,462.0,254.96,275.64
TAM.2018.116.04.41.46,TAM,2018.116.04.41.46,unlabelled,,,,,0,0,0.0,0.0,,,5.986999988555908,-73.0270004272461,-0.36,1.5,6.435441,-71.791355,462.0,145.46,250.13
TAM.2018.116.09.14.26,TAM,2018.116.09.14.26,unlabelled,,,,,0,0,0.0,0.0,,,5.563000202178955,-72.72100067138672,-0.44,1.6,6.435441,-71.791355,462.0,141.07,226.9
TAM.2018.116.14.44.18,TAM,2018.116.14.44.18,unlabelled,,,,,0,0,0.0,0.0,,,5.64900016784668,-73.09600067138672,0.01,1.7,6.435441,-71.791355,462.0,168.59,239.02
TAM.2018.118.14.46.46,TAM,2018.118.14.46.46,unlabelled,,,,,0,0,0.0,0.0,,,5.8470001220703125,-73.07599639892578,0.27,1.7,6.435441,-71.791355,462.0,156.37,245.48
TAM.2018.120.08.27.16,TAM,2018.120.08.27.16,unlabelled,,,,,0,0,0.0,0.0,,,5.992000102996826,-72.99400329589844,0.38,1.6,6.435441,-71.791355,462.0,141.84,249.84
TAM.2018.122.07.33.30,TAM,2018.122.07.33.30,unlabelled,,,,,0,0,0.0,0.0,,,5.454999923706055,-74.36399841308594,0.93,2.2,6.435441,-71.791355,462.0,304.79,249.3
TAM.2018.125.21.06.10,TAM,2018.125.21.06.10,unlabelled,,,,,0,0,0.0,0.0,,,6.570000171661377,-73.08899688720703,24.23,1.9,6.435441,-71.791355,462.0,144.3,275.99
TAM.2018.125.23.52.34,TAM,2018.125.23.52.34,unlabelled,,,,,0,0,0.0,0.0,,,5.333000183105469,-72.61199951171875,18.8,1.8,6.435441,-71.791355,462.0,152.06,216.74
TAM.2018.127.05.35.50,TAM,2018.127.05.35.50,unlabelled,,,,,0,0,0.0,0.0,,,6.010000228881836,-73.96199798583984,2.45,2.1,6.435441,-71.791355,462.0,244.78,259.04
TAM.2018.127.22.40.02,TAM,2018.127.22.40.02,unlabelled,,,,,0,0,0.0,0.0,,,6.565999984741211,-73.13200378417969,30.0,2.1,6.435441,-71.791355,462.0,148.99,275.64
TAM.2018.128.09.29.31,TAM,2018.128.09.29.31,unlabelled,,,,,0,0,0.0,0.0,,,5.296999931335449,-74.06800079345703,-0.08,1.6,6.435441,-71.791355,462.0,281.8,243.58
TAM.2018.128.09.41.01,TAM,2018.128.09.41.01,unlabelled,,,,,0,0,0.0,0.0,,,5.296000003814697,-74.11199951171875,12.93,1.6,6.435441,-71.791355,462.0,286.21,244.0
TAM.2018.128.19.53.04,TAM,2018.128.19.53.04,unlabelled,,,,,0,0,0.0,0.0,,,5.176000118255615,-73.01300048828125,0.0,2.1,6.435441,-71.791355,462.0,194.17,224.23
TAM.2018.129.12.08.56,TAM,2018.129.12.08.56,unlabelled,,,,,0,0,0.0,0.0,,,5.994999885559082,-74.35299682617188,11.96,1.9,6.435441,-71.791355,462.0,287.65,260.39
TAM.2018.130.10.47.36,TAM,2018.130.10.47.36,unlabelled,,,,,0,0,0.0,0.0,,,5.289000034332275,-72.68900299072266,12.09,1.5,6.435441,-71.791355,462.0,161.1,218.15
TAM.2018.131.04.59.29,TAM,2018.131.04.59.29,unlabelled,,,,,0,0,0.0,0.0,-2.15,,5.715000152587891,-72.6729965209961,3.29,1.6,6.435441,-71.791355,462.0,125.99,230.82
TAM.2018.131.23.19.53,TAM,2018.131.23.19.53,unlabelled,,,,,0,0,0.0,0.0,,,6.289999961853027,-73.54299926757812,4.48,1.6,6.435441,-71.791355,462.0,194.47,265.35
TAM.2018.134.12.55.57,TAM,2018.134.12.55.57,unlabelled,,,,,0,0,0.0,0.0,,,6.079999923706055,-72.83100128173828,0.02,1.6,6.435441,-71.791355,462.0,121.58,251.19
TAM.2018.134.22.05.28,TAM,2018.134.22.05.28,unlabelled,,,,,0,0,0.0,0.0,,,5.309999942779541,-72.8290023803711,0.03,1.9,6.435441,-71.791355,462.0,169.39,222.77
TAM.2018.137.14.33.51,TAM,2018.137.14.33.51,unlabelled,,,,,0,0,0.0,0.0,,,7.15500020980835,-73.34100341796875,11.52,1.7,6.435441,-71.791355,462.0,188.88,295.01
TAM.2018.137.19.15.46,TAM,2018.137.19.15.46,unlabelled,,,,,0,0,0.0,0.0,,,5.0269999504089355,-73.27799987792969,0.0,2.1,6.435441,-71.791355,462.0,226.66,226.67
TAM.2018.137.22.07.48,TAM,2018.137.22.07.48,unlabelled,,,,,0,0,0.0,0.0,,,5.019999980926514,-73.26200103759766,0.0,2.1,6.435441,-71.791355,462.0,225.91,226.22
TAM.2018.139.06.23.34,TAM,2018.139.06.23.34,unlabelled,,,,,0,0,0.0,0.0,,,7.107999801635742,-74.31099700927734,15.88,2.2,6.435441,-71.791355,462.0,288.3,285.1
TAM.2018.139.20.04.38,TAM,2018.139.20.04.38,unlabelled,,,,,0,0,0.0,0.0,,,7.646999835968018,-72.96800231933594,2.08,1.5,6.435441,-71.791355,462.0,186.69,315.94
TAM.2018.140.09.34.18,TAM,2018.140.09.34.18,unlabelled,,,,,0,0,0.0,0.0,,,4.922999858856201,-73.35900115966797,20.92,1.8,6.435441,-71.791355,462.0,241.1,226.16
TAM.2018.140.23.43.25,TAM,2018.140.23.43.25,unlabelled,,,,,0,0,0.0,0.0,,,6.651000022888184,-72.99299621582031,0.1,1.5,6.435441,-71.791355,462.0,135.02,280.24
TAM.2018.142.11.13.24,TAM,2018.142.11.13.24,unlabelled,,,,,0,0,0.0,0.0,,,4.434999942779541,-73.51000213623047,5.22,1.5,6.435441,-71.791355,462.0,291.91,220.81
TAM.2018.144.09.54.44,TAM,2018.144.09.54.44,unlabelled,,,,,0,0,0.0,0.0,,,5.269999980926514,-72.93900299072266,0.0,1.6,6.435441,-71.791355,462.0,181.0,224.66
TAM.2018.144.10.42.37,TAM,2018.144.10.42.37,unlabelled,,,,,0,0,0.0,0.0,,,7.718999862670898,-74.48400115966797,23.36,1.6,6.435441,-71.791355,462.0,329.6,295.67
TAM.2018.145.13.35.33,TAM,2018.145.13.35.33,unlabelled,,,,,0,0,0.0,0.0,,,4.894000053405762,-73.25499725341797,20.66,2.5,6.435441,-71.791355,462.0,235.26,223.64
TAM.2018.147.17.36.35,TAM,2018.147.17.36.35,unlabelled,,,,,0,0,0.0,0.0,,,4.985000133514404,-72.6729965209961,0.0,1.9,6.435441,-71.791355,462.0,187.79,211.38
TAM.2018.149.01.57.28,TAM,2018.149.01.57.28,unlabelled,,,,,0,0,0.0,0.0,,,4.330999851226807,-73.88700103759766,4.51,1.8,6.435441,-71.791355,462.0,328.78,225.05
TAM.2018.155.20.33.59,TAM,2018.155.20.33.59,unlabelled,,,,,0,0,0.0,0.0,,,5.031000137329102,-72.78500366210938,18.68,2.0,6.435441,-71.791355,462.0,190.35,215.37
TAM.2018.157.18.22.32,TAM,2018.157.18.22.32,unlabelled,,,,,0,0,0.0,0.0,,,5.091000080108643,-72.94300079345703,13.16,1.7,6.435441,-71.791355,462.0,195.89,220.69
TAM.2018.158.03.39.52,TAM,2018.158.03.39.52,unlabelled,,,,,0,0,0.0,0.0,,,5.915999889373779,-72.38099670410156,2.11,1.7,6.435441,-71.791355,462.0,86.94,228.68
TAM.2018.160.08.46.13,TAM,2018.160.08.46.13,unlabelled,,,,,0,0,0.0,0.0,,,4.738999843597412,-73.42500305175781,10.66,1.7,6.435441,-71.791355,462.0,260.68,224.06
TAM.2018.161.15.19.07,TAM,2018.161.15.19.07,unlabelled,,,,,0,0,0.0,0.0,,,7.26200008392334,-72.72599792480469,-0.01,1.9,6.435441,-71.791355,462.0,137.94,311.56
TAM.2018.162.14.43.06,TAM,2018.162.14.43.06,unlabelled,,,,,0,0,0.0,0.0,,,5.236000061035156,-72.76399993896484,0.82,1.7,6.435441,-71.791355,462.0,170.87,219.13
TAM.2018.168.09.38.26,TAM,2018.168.09.38.26,unlabelled,,,,,0,0,0.0,0.0,,,7.526000022888184,-72.64099884033203,0.01,1.5,6.435441,-71.791355,462.0,152.84,322.15
TAM.2018.170.06.49.50,TAM,2018.170.06.49.50,unlabelled,,,,,0,0,0.0,0.0,,,7.078000068664551,-72.19300079345703,0.23,1.6,6.435441,-71.791355,462.0,83.79,328.02
TAM.2018.171.23.13.22,TAM,2018.171.23.13.22,unlabelled,,,,,0,0,0.0,0.0,,,7.068999767303467,-73.9749984741211,0.0,2.3,6.435441,-71.791355,462.0,251.37,286.31
TAM.2018.174.21.12.38,TAM,2018.174.21.12.38,unlabelled,,,,,0,0,0.0,0.0,,,7.718999862670898,-72.77300262451172,12.58,2.0,6.435441,-71.791355,462.0,178.64,322.68
TAM.2018.175.10.36.36,TAM,2018.175.10.36.36,unlabelled,,,,,0,0,0.0,0.0,,,7.454999923706055,-73.87300109863281,35.37,2.1,6.435441,-71.791355,462.0,256.18,296.23
TAM.2018.176.15.20.59,TAM,2018.176.15.20.59,unlabelled,,,,,0,0,0.0,0.0,,,3.5230000019073486,-72.37899780273438,4.5,2.2,6.435441,-71.791355,462.0,328.59,191.47
TAM.2018.177.08.51.18,TAM,2018.177.08.51.18,unlabelled,,,,,0,0,0.0,0.0,,,4.7170000076293945,-73.40299987792969,-0.01,1.7,6.435441,-71.791355,462.0,260.76,223.3
TAM.2018.181.14.08.47,TAM,2018.181.14.08.47,unlabelled,,,,,0,0,0.0,0.0,,,7.486000061035156,-74.0780029296875,3.94,2.0,6.435441,-71.791355,462.0,278.11,294.83
TAM.2018.182.21.20.11,TAM,2018.182.21.20.11,unlabelled,,,,,0,0,0.0,0.0,,,7.491000175476074,-74.09300231933594,17.84,1.8,6.435441,-71.791355,462.0,279.85,294.79
TAM.2018.187.05.20.19,TAM,2018.187.05.20.19,unlabelled,,,,,0,0,0.0,0.0,,,7.568999767303467,-74.56600189208984,29.21,2.3,6.435441,-71.791355,462.0,331.22,292.4
TAM.2018.187.07.38.09,TAM,2018.187.07.38.09,unlabelled,,,,,0,0,0.0,0.0,,,6.171999931335449,-72.52200317382812,-0.03,1.9,6.435441,-71.791355,462.0,85.94,250.22
TAM.2018.189.06.08.06,TAM,2018.189.06.08.06,unlabelled,,,,,0,0,0.0,0.0,,,6.086999893188477,-74.2509994506836,1.49,2.1,6.435441,-71.791355,462.0,274.9,262.08
TAM.2018.192.07.48.36,TAM,2018.192.07.48.36,unlabelled,,,,,0,0,0.0,0.0,,,6.408999919891357,-73.79399871826172,0.0,2.5,6.435441,-71.791355,462.0,221.56,269.36
TAM.2018.194.22.55.09,TAM,2018.194.22.55.09,unlabelled,,,,,0,0,0.0,0.0,,,6.019000053405762,-72.5469970703125,4.34,2.2,6.435441,-71.791355,462.0,95.47,241.2
TAM.2018.195.02.26.39,TAM,2018.195.02.26.39,unlabelled,,,,,0,0,0.0,0.0,-2.52,,6.0370001792907715,-72.63300323486328,4.64,1.9,6.435441,-71.791355,462.0,103.04,244.73
TAM.2018.195.04.00.43,TAM,2018.195.04.00.43,unlabelled,,,,,0,0,0.0,0.0,,,6.857999801635742,-74.6510009765625,5.6,1.6,6.435441,-71.791355,462.0,319.64,278.57
TAM.2018.195.20.04.59,TAM,2018.195.20.04.59,unlabelled,,,,,0,0,0.0,0.0,,,5.045000076293945,-73.0989990234375,1.01,2.0,6.435441,-71.791355,462.0,211.24,223.36
TAM.2018.196.08.18.37,TAM,2018.196.08.18.37,unlabelled,,,,,0,0,0.0,0.0,,,5.004000186920166,-72.92500305175781,0.0,1.5,6.435441,-71.791355,462.0,202.05,218.48
TAM.2018.197.22.52.50,TAM,2018.197.22.52.50,unlabelled,,,,,0,0,0.0,0.0,,,4.986999988555908,-72.88099670410156,0.0,2.0,6.435441,-71.791355,462.0,200.56,217.06
TAM.2018.199.06.55.42,TAM,2018.199.06.55.42,unlabelled,,,,,0,0,0.0,0.0,,,6.6479997634887695,-73.43699645996094,8.85,1.7,6.435441,-71.791355,462.0,183.52,277.45
TAM.2018.201.05.01.30,TAM,2018.201.05.01.30,unlabelled,,,,,0,0,0.0,0.0,,,6.59499979019165,-73.57599639892578,26.07,2.0,6.435441,-71.791355,462.0,198.18,275.21
TAM.2018.203.00.11.59,TAM,2018.203.00.11.59,unlabelled,,,,,0,0,0.0,0.0,,,6.660999774932861,-73.48699951171875,25.79,1.7,6.435441,-71.791355,462.0,189.19,277.67
TAM.2018.203.01.50.30,TAM,2018.203.01.50.30,unlabelled,,,,,0,0,0.0,0.0,,,6.2270002365112305,-73.88500213623047,4.6,2.2,6.435441,-71.791355,462.0,232.8,264.43
TAM.2018.204.18.51.43,TAM,2018.204.18.51.43,unlabelled,,,,,0,0,0.0,0.0,,,5.031000137329102,-73.18599700927734,0.42,2.1,6.435441,-71.791355,462.0,219.05,224.92
TAM.2018.205.20.20.53,TAM,2018.205.20.20.53,unlabelled,,,,,0,0,0.0,0.0,,,4.179999828338623,-73.76200103759766,14.42,1.6,6.435441,-71.791355,462.0,331.54,221.31
TAM.2018.205.23.45.29,TAM,2018.205.23.45.29,unlabelled,,,,,0,0,0.0,0.0,,,5.329999923706055,-74.35700225830078,13.63,1.9,6.435441,-71.791355,462.0,309.29,246.85
TAM.2018.206.01.51.43,TAM,2018.206.01.51.43,unlabelled,,,,,0,0,0.0,0.0,,,4.184000015258789,-73.79000091552734,4.39,1.5,6.435441,-71.791355,462.0,333.26,221.76
TAM.2018.206.13.45.45,TAM,2018.206.13.45.45,unlabelled,,,,,0,0,0.0,0.0,,,5.660999774932861,-74.41899871826172,4.02,1.5,6.435441,-71.791355,462.0,303.23,253.74
TAM.2018.209.06.04.17,TAM,2018.209.06.04.17,unlabelled,,,,,0,0,0.0,0.0,,,4.113999843597412,-73.6760025024414,10.0,1.6,6.435441,-71.791355,462.0,330.97,219.23
TAM.2018.209.13.06.32,TAM,2018.209.13.06.32,unlabelled,,,,,0,0,0.0,0.0,,,7.175000190734863,-73.69999694824219,22.28,1.9,6.435441,-71.791355,462.0,226.28,291.3
TAM.2018.212.01.30.06,TAM,2018.212.01.30.06,unlabelled,,,,,0,0,0.0,0.0,,,7.440000057220459,-73.68299865722656,31.64,2.7,6.435441,-71.791355,462.0,236.73,298.1
TAM.2018.213.20.37.29,TAM,2018.213.20.37.29,unlabelled,,,,,0,0,0.0,0.0,,,5.635000228881836,-72.68399810791016,3.22,2.0,6.435441,-71.791355,462.0,132.67,228.2
TAM.2018.214.19.04.22,TAM,2018.214.19.04.22,unlabelled,,,,,0,0,0.0,0.0,,,5.835000038146973,-73.96399688720703,32.78,1.5,6.435441,-71.791355,462.0,249.48,254.68
TAM.2018.215.09.07.54,TAM,2018.215.09.07.54,unlabelled,,,,,0,0,0.0,0.0,,,6.079999923706055,-74.26599884033203,1.22,1.7,6.435441,-71.791355,462.0,276.65,261.97
TAM.2018.215.11.10.35,TAM,2018.215.11.10.35,unlabelled,,,,,0,0,0.0,0.0,,,4.948999881744385,-72.62999725341797,0.0,1.9,6.435441,-71.791355,462.0,188.81,209.52
TAM.2018.215.12.02.16,TAM,2018.215.12.02.16,unlabelled,,,,,0,0,0.0,0.0,,,6.072000026702881,-74.25499725341797,2.5,2.8,6.435441,-71.791355,462.0,275.58,261.75
TAM.2018.215.15.21.05,TAM,2018.215.15.21.05,unlabelled,,,,,0,0,0.0,0.0,,,6.701000213623047,-72.9209976196289,4.39,1.7,6.435441,-71.791355,462.0,128.34,283.29
TAM.2018.218.14.18.42,TAM,2018.218.14.18.42,unlabelled,,,,,0,0,0.0,0.0,,,6.6479997634887695,-74.0790023803711,5.64,1.5,6.435441,-71.791355,462.0,254.1,275.44
TAM.2018.218.16.02.11,TAM,2018.218.16.02.11,unlabelled,,,,,0,0,0.0,0.0,,,5.0879998207092285,-72.90699768066406,0.0,1.7,6.435441,-71.791355,462.0,193.58,219.73
TAM.2018.219.20.12.21,TAM,2018.219.20.12.21,unlabelled,,,,,0,0,0.0,0.0,,,6.158999919891357,-74.03700256347656,6.66,2.6,6.435441,-71.791355,462.0,250.36,263.11
TAM.2018.220.21.54.44,TAM,2018.220.21.54.44,unlabelled,,,,,0,0,0.0,0.0,,,6.077000141143799,-74.26100158691406,0.0,3.1,6.435441,-71.791355,462.0,276.15,261.88
TAM.2018.221.11.38.24,TAM,2018.221.11.38.24,unlabelled,,,,,0,0,0.0,0.0,,,6.051000118255615,-72.4540023803711,0.0,1.5,6.435441,-71.791355,462.0,84.76,239.93
TAM.2018.222.19.06.33,TAM,2018.222.19.06.33,unlabelled,,,,,0,0,0.0,0.0,,,6.198999881744385,-72.35099792480469,5.5,1.6,6.435441,-71.791355,462.0,67.22,247.14
TAM.2018.223.04.37.05,TAM,2018.223.04.37.05,unlabelled,,,,,0,0,0.0,0.0,,,5.736000061035156,-72.54100036621094,-0.23,1.5,6.435441,-71.791355,462.0,113.44,227.05
TAM.2018.225.06.42.04,TAM,2018.225.06.42.04,unlabelled,,,,,0,0,0.0,0.0,-0.71,,7.288000106811523,-72.28399658203125,0.0,1.7,6.435441,-71.791355,462.0,108.88,330.02
TAM.2018.225.08.44.20,TAM,2018.225.08.44.20,unlabelled,,,,,0,0,0.0,0.0,,,5.919000148773193,-72.66999816894531,-0.13,1.9,6.435441,-71.791355,462.0,112.78,239.62
TAM.2018.226.05.21.17,TAM,2018.226.05.21.17,unlabelled,,,,,0,0,0.0,0.0,,,5.797999858856201,-72.5780029296875,2.77,1.6,6.435441,-71.791355,462.0,112.03,231.05
TAM.2018.230.13.19.47,TAM,2018.230.13.19.47,unlabelled,,,,,0,0,0.0,0.0,,,5.415999889373779,-74.3239974975586,1.63,1.5,6.435441,-71.791355,462.0,302.24,248.23
TAM.2018.232.21.14.18,TAM,2018.232.21.14.18,unlabelled,,,,,0,0,0.0,0.0,,,5.517000198364258,-74.59600067138672,9.32,1.6,6.435441,-71.791355,462.0,326.71,252.04
TAM.2018.233.06.54.36,TAM,2018.233.06.54.36,unlabelled,,,,,0,0,0.0,0.0,,,7.2270002365112305,-73.06300354003906,24.88,1.9,6.435441,-71.791355,462.0,165.59,301.99
TAM.2018.234.13.06.31,TAM,2018.234.13.06.31,unlabelled,,,,,0,0,0.0,0.0,,,6.21999979019165,-74.15699768066406,20.09,4.1,6.435441,-71.791355,462.0,262.83,264.93
TAM.2018.237.20.57.50,TAM,2018.237.20.57.50,unlabelled,,,,,0,0,0.0,0.0,,,6.127999782562256,-74.2040023803711,34.45,1.7,6.435441,-71.791355,462.0,269.13,262.88
TAM.2018.240.00.46.46,TAM,2018.240.00.46.46,unlabelled,,,,,0,0,0.0,0.0,-5.29,,5.827000141143799,-72.59500122070312,16.36,1.6,6.435441,-71.791355,462.0,111.53,232.94
TAM.2018.241.06.53.08,TAM,2018.241.06.53.08,unlabelled,,,,,0,0,0.0,0.0,,,5.511000156402588,-74.33100128173828,8.57,1.7,6.435441,-71.791355,462.0,299.19,250.16
TAM.2018.242.16.38.59,TAM,2018.242.16.38.59,unlabelled,,,,,0,0,0.0,0.0,,,5.585999965667725,-72.60600280761719,4.57,2.0,6.435441,-71.791355,462.0,130.22,223.88
TAM.2018.243.03.38.11,TAM,2018.243.03.38.11,unlabelled,,,,,0,0,0.0,0.0,,,5.671999931335449,-73.55999755859375,4.02,1.6,6.435441,-71.791355,462.0,213.22,246.77
TAM.2018.244.15.08.10,TAM,2018.244.15.08.10,unlabelled,,,,,0,0,0.0,0.0,,,7.2729997634887695,-74.50299835205078,23.14,1.7,6.435441,-71.791355,462.0,313.7,287.33
TAM.2018.246.15.59.03,TAM,2018.246.15.59.03,unlabelled,,,,,0,0,0.0,0.0,,,6.813000202178955,-72.72200012207031,31.23,1.6,6.435441,-71.791355,462.0,111.06,292.14
TAM.2018.251.16.13.07,TAM,2018.251.16.13.07,unlabelled,,,,,0,0,0.0,0.0,,,5.098999977111816,-72.94499969482422,0.0,1.8,6.435441,-71.791355,462.0,195.37,220.91
TAM.2018.251.17.48.48,TAM,2018.251.17.48.48,unlabelled,,,,,0,0,0.0,0.0,,,4.739999771118164,-73.27899932861328,0.0,2.2,6.435441,-71.791355,462.0,249.63,221.39
TAM.2018.252.08.02.44,TAM,2018.252.08.02.44,unlabelled,,,,,0,0,0.0,0.0,,,7.247000217437744,-72.41000366210938,15.46,1.5,6.435441,-71.791355,462.0,112.83,322.73
TAM.2018.252.16.23.20,TAM,2018.252.16.23.20,unlabelled,,,,,0,0,0.0,0.0,-2.39,,6.965000152587891,-72.73200225830078,3.86,1.5,6.435441,-71.791355,462.0,119.36,299.44
TAM.2018.255.20.43.24,TAM,2018.255.20.43.24,unlabelled,,,,,0,0,0.0,0.0,,,5.664000034332275,-72.6500015258789,0.0,1.8,6.435441,-71.791355,462.0,127.72,228.14
TAM.2018.257.02.47.07,TAM,2018.257.02.47.07,unlabelled,,,,,0,0,0.0,0.0,,,4.918000221252441,-72.9219970703125,10.28,2.0,6.435441,-71.791355,462.0,209.39,216.79
TAM.2018.258.10.19.45,TAM,2018.258.10.19.45,unlabelled,,,,,0,0,0.0,0.0,,,6.651000022888184,-74.06600189208984,2.95,1.9,6.435441,-71.791355,462.0,252.7,275.54
TAM.2018.258.13.33.37,TAM,2018.258.13.33.37,unlabelled,,,,,0,0,0.0,0.0,,,7.603000164031982,-74.2699966430664,3.38,2.0,6.435441,-71.791355,462.0,302.77,295.39
TAM.2018.258.17.13.21,TAM,2018.258.17.13.21,unlabelled,,,,,0,0,0.0,0.0,,,7.688000202178955,-73.72899627685547,7.5,2.6,6.435441,-71.791355,462.0,254.98,303.02
TAM.2018.258.20.04.15,TAM,2018.258.20.04.15,unlabelled,,,,,0,0,0.0,0.0,,,4.802999973297119,-73.21700286865234,10.92,2.4,6.435441,-71.791355,462.0,239.86,221.26
TAM.2018.259.00.35.10,TAM,2018.259.00.35.10,unlabelled,,,,,0,0,0.0,0.0,,,5.031000137329102,-73.20800018310547,3.16,1.8,6.435441,-71.791355,462.0,220.78,225.37
TAM.2018.260.08.32.47,TAM,2018.260.08.32.47,unlabelled,,,,,0,0,0.0,0.0,,,4.9670000076293945,-72.93000030517578,0.0,1.7,6.435441,-71.791355,462.0,205.62,217.9
TAM.2018.260.19.21.14,TAM,2018.260.19.21.14,unlabelled,,,,,0,0,0.0,0.0,,,4.951000213623047,-73.58799743652344,0.0,2.2,6.435441,-71.791355,462.0,257.98,230.58
TAM.2018.260.23.01.36,TAM,2018.260.23.01.36,unlabelled,,,,,0,0,0.0,0.0,,,7.48799991607666,-72.7760009765625,0.0,1.6,6.435441,-71.791355,462.0,159.34,316.99
TAM.2018.261.14.13.44,TAM,2018.261.14.13.44,unlabelled,,,,,0,0,0.0,0.0,,,4.203999996185303,-73.7770004272461,10.43,1.6,6.435441,-71.791355,462.0,330.65,221.83
TAM.2018.262.14.41.22,TAM,2018.262.14.41.22,unlabelled,,,,,0,0,0.0,0.0,,,4.364999771118164,-73.71499633789062,4.04,1.7,6.435441,-71.791355,462.0,312.84,223.05
TAM.2018.264.16.27.11,TAM,2018.264.16.27.11,unlabelled,,,,,0,0,0.0,0.0,,,6.205999851226807,-74.16200256347656,32.08,1.5,6.435441,-71.791355,462.0,263.53,264.61
TAM.2018.272.02.25.15,TAM,2018.272.02.25.15,unlabelled,,,,,0,0,0.0,0.0,,,6.043000221252441,-74.35700225830078,0.16,1.5,6.435441,-71.791355,462.0,287.22,261.45
TAM.2018.272.02.52.24,TAM,2018.272.02.52.24,unlabelled,,,,,0,0,0.0,0.0,,,4.493000030517578,-73.51699829101562,0.01,2.1,6.435441,-71.791355,462.0,287.59,221.76
TAM.2018.273.01.31.41,TAM,2018.273.01.31.41,unlabelled,,,,,0,0,0.0,0.0,,,6.923999786376953,-74.76100158691406,16.43,1.7,6.435441,-71.791355,462.0,332.76,279.51
TAM.2018.273.21.56.09,TAM,2018.273.21.56.09,unlabelled,,,,,0,0,0.0,0.0,,,4.76200008392334,-73.14099884033203,0.27,1.6,6.435441,-71.791355,462.0,237.92,219.01
TAM.2018.275.14.31.19,TAM,2018.275.14.31.19,unlabelled,,,,,0,0,0.0,0.0,,,7.223999977111816,-72.29399871826172,31.17,1.6,6.435441,-71.791355,462.0,103.4,327.53
TAM.2018.275.18.14.30,TAM,2018.275.18.14.30,unlabelled,,,,,0,0,0.0,0.0,,,7.060999870300293,-72.45600128173828,5.0,1.7,6.435441,-71.791355,462.0,100.92,313.31
TAM.2018.276.07.53.29,TAM,2018.276.07.53.29,unlabelled,,,,,0,0,0.0,0.0,,,7.203999996185303,-72.38500213623047,-0.01,1.6,6.435441,-71.791355,462.0,107.38,322.36
TAM.2018.276.18.16.30,TAM,2018.276.18.16.30,unlabelled,,,,,0,0,0.0,0.0,,,6.998000144958496,-72.40799713134766,3.97,1.9,6.435441,-71.791355,462.0,92.3,312.42
TAM.2018.279.16.07.50,TAM,2018.279.16.07.50,unlabelled,,,,,0,0,0.0,0.0,,,5.065999984741211,-74.06700134277344,-0.45,1.5,6.435441,-71.791355,462.0,294.05,239.12
TAM.2018.279.20.01.56,TAM,2018.279.20.01.56,unlabelled,,,,,0,0,0.0,0.0,,,6.945000171661377,-72.36799621582031,-0.25,1.8,6.435441,-71.791355,462.0,85.09,311.51
TAM.2018.279.22.18.54,TAM,2018.279.22.18.54,unlabelled,,,,,0,0,0.0,0.0,,,7.017000198364258,-72.43299865722656,1.33,1.8,6.435441,-71.791355,462.0,95.75,312.23
TAM.2018.281.03.26.26,TAM,2018.281.03.26.26,unlabelled,,,,,0,0,0.0,0.0,,,6.993000030517578,-72.40399932861328,3.29,1.6,6.435441,-71.791355,462.0,91.6,312.35
TAM.2018.283.15.23.40,TAM,2018.283.15.23.40,unlabelled,,,,,0,0,0.0,0.0,,,4.953000068664551,-73.44599914550781,0.0,2.4,6.435441,-71.791355,462.0,245.9,228.28
TAM.2018.284.03.01.20,TAM,2018.284.03.01.20,unlabelled,,,,,0,0,0.0,0.0,,,5.7729997634887695,-72.58699798583984,0.01,1.6,6.435441,-71.791355,462.0,114.56,230.29
TAM.2018.288.02.31.14,TAM,2018.288.02.31.14,unlabelled,,,,,0,0,0.0,0.0,,,4.607999801635742,-73.80500030517578,-0.2,1.5,6.435441,-71.791355,462.0,301.03,227.93
TAM.2018.288.08.23.44,TAM,2018.288.08.23.44,unlabelled,,,,,0,0,0.0,0.0,,,5.673999786376953,-73.0459976196289,0.0,2.0,6.435441,-71.791355,462.0,162.42,238.84
TAM.2018.291.23.46.20,TAM,2018.291.23.46.20,unlabelled,,,,,0,0,0.0,0.0,,,7.1570000648498535,-74.35399627685547,30.41,2.1,6.435441,-71.791355,462.0,294.3,285.88
TAM.2018.293.04.41.44,TAM,2018.293.04.41.44,unlabelled,,,,,0,0,0.0,0.0,,,4.999000072479248,-73.46399688720703,0.0,2.3,6.435441,-71.791355,462.0,244.05,229.48
TAM.2018.294.00.17.01,TAM,2018.294.00.17.01,unlabelled,,,,,0,0,0.0,0.0,,,5.000999927520752,-73.14399719238281,0.0,2.4,6.435441,-71.791355,462.0,218.2,223.44
TAM.2018.294.07.42.31,TAM,2018.294.07.42.31,unlabelled,,,,,0,0,0.0,0.0,,,7.340000152587891,-72.27100372314453,0.0,1.7,6.435441,-71.791355,462.0,113.21,332.11
TAM.2018.294.11.28.18,TAM,2018.294.11.28.18,unlabelled,,,,,0,0,0.0,0.0,,,5.081999778747559,-73.01499938964844,0.0,2.4,6.435441,-71.791355,462.0,201.91,222.23
TAM.2018.294.14.43.39,TAM,2018.294.14.43.39,unlabelled,,,,,0,0,0.0,0.0,,,4.984000205993652,-73.58699798583984,6.44,1.6,6.435441,-71.791355,462.0,255.59,231.19
TAM.2018.295.20.49.36,TAM,2018.295.20.49.36,unlabelled,,,,,0,0,0.0,0.0,,,5.695000171661377,-72.61599731445312,0.0,2.2,6.435441,-71.791355,462.0,122.63,228.15
TAM.2018.296.10.48.36,TAM,2018.296.10.48.36,unlabelled,,,,,0,0,0.0,0.0,,,7.446000099182129,-72.20099639892578,0.28,1.7,6.435441,-71.791355,462.0,120.58,337.97
TAM.2018.296.23.42.49,TAM,2018.296.23.42.49,unlabelled,,,,,0,0,0.0,0.0,,,4.254000186920166,-73.8239974975586,-0.12,3.0,6.435441,-71.791355,462.0,330.07,223.14
TAM.2018.298.03.00.51,TAM,2018.298.03.00.51,unlabelled,,,,,0,0,0.0,0.0,,,7.724999904632568,-72.72899627685547,5.0,1.5,6.435441,-71.791355,462.0,176.26,324.06
TAM.2018.308.15.44.45,TAM,2018.308.15.44.45,unlabelled,,,,,0,0,0.0,0.0,,,5.63700008392334,-73.05699920654297,1.0,1.8,6.435441,-71.791355,462.0,165.61,237.85
TAM.2018.310.00.14.30,TAM,2018.310.00.14.30,unlabelled,,,,,0,0,0.0,0.0,,,7.179999828338623,-72.01799774169922,0.0,1.6,6.435441,-71.791355,462.0,86.07,343.09
TAM.2018.312.05.55.30,TAM,2018.312.05.55.30,unlabelled,,,,,0,0,0.0,0.0,,,7.190999984741211,-72.125,3.35,1.5,6.435441,-71.791355,462.0,91.33,336.2
TAM.2018.313.09.51.46,TAM,2018.313.09.51.46,unlabelled,,,,,0,0,0.0,0.0,,,5.857999801635742,-74.38400268554688,5.15,1.5,6.435441,-71.791355,462.0,293.98,257.6
TAM.2018.314.03.47.01,TAM,2018.314.03.47.01,unlabelled,,,,,0,0,0.0,0.0,,,5.269999980926514,-72.76699829101562,0.05,1.5,6.435441,-71.791355,462.0,168.18,220.03
TAM.2018.314.23.48.44,TAM,2018.314.23.48.44,unlabelled,,,,,0,0,0.0,0.0,,,7.757999897003174,-74.10800170898438,10.42,1.6,6.435441,-71.791355,462.0,294.77,299.89
TAM.2018.316.04.57.54,TAM,2018.316.04.57.54,unlabelled,,,,,0,0,0.0,0.0,,,6.005000114440918,-72.63800048828125,3.28,1.7,6.435441,-71.791355,462.0,105.1,243.11
TAM.2018.317.01.14.57,TAM,2018.317.01.14.57,unlabelled,,,,,0,0,0.0,0.0,,,7.013000011444092,-72.38800048828125,3.08,1.6,6.435441,-71.791355,462.0,91.82,314.11
TAM.2018.325.04.21.28,TAM,2018.325.04.21.28,unlabelled,,,,,0,0,0.0,0.0,,,6.078000068664551,-72.5719985961914,3.03,1.6,6.435441,-71.791355,462.0,95.0,245.46
TAM.2018.327.12.31.20,TAM,2018.327.12.31.20,unlabelled,,,,,0,0,0.0,0.0,,,4.71999979019165,-73.39800262451172,11.15,1.9,6.435441,-71.791355,462.0,260.14,223.26
TAM.2018.327.21.51.51,TAM,2018.327.21.51.51,unlabelled,,,,,0,0,0.0,0.0,,,4.620999813079834,-73.68399810791016,16.74,1.6,6.435441,-71.791355,462.0,290.24,226.36
TAM.2018.328.14.24.33,TAM,2018.328.14.24.33,unlabelled,,,,,0,0,0.0,0.0,,,5.821000099182129,-73.49600219726562,0.0,1.5,6.435441,-71.791355,462.0,200.54,250.29
TAM.2018.332.15.56.02,TAM,2018.332.15.56.02,unlabelled,,,,,0,0,0.0,0.0,,,4.626999855041504,-73.05000305175781,17.77,2.5,6.435441,-71.791355,462.0,243.81,214.95
TAM.2018.332.18.24.08,TAM,2018.332.18.24.08,unlabelled,,,,,0,0,0.0,0.0,,,6.900000095367432,-74.72899627685547,15.1,1.6,6.435441,-71.791355,462.0,328.86,279.16
TAM.2018.334.08.05.04,TAM,2018.334.08.05.04,unlabelled,,,,,0,0,0.0,0.0,,,4.890999794006348,-72.74400329589844,0.0,1.7,6.435441,-71.791355,462.0,200.77,211.76
TAM.2018.339.17.12.46,TAM,2018.339.17.12.46,unlabelled,,,,,0,0,0.0,0.0,,,6.583000183105469,-74.40599822998047,25.61,1.6,6.435441,-71.791355,462.0,289.66,273.38
TAM.2018.341.20.10.21,TAM,2018.341.20.10.21,unlabelled,,,,,0,0,0.0,0.0,,,5.248000144958496,-72.91000366210938,2.87,1.5,6.435441,-71.791355,462.0,180.53,223.39
TAM.2018.342.15.38.53,TAM,2018.342.15.38.53,unlabelled,,,,,0,0,0.0,0.0,,,5.372000217437744,-73.6500015258789,15.64,1.5,6.435441,-71.791355,462.0,237.04,240.35
TAM.2018.343.21.04.32,TAM,2018.343.21.04.32,unlabelled,,,,,0,0,0.0,0.0,,,5.730999946594238,-72.54199981689453,3.74,1.6,6.435441,-71.791355,462.0,113.9,226.89
TAM.2018.347.11.41.46,TAM,2018.347.11.41.46,unlabelled,,,,,0,0,0.0,0.0,,,4.839000225067139,-73.42900085449219,0.15,1.6,6.435441,-71.791355,462.0,253.14,225.86
TAM.2018.350.05.58.23,TAM,2018.350.05.58.23,unlabelled,,,,,0,0,0.0,0.0,,,6.218999862670898,-72.6520004272461,3.71,1.6,6.435441,-71.791355,462.0,98.19,255.94
TAM.2018.350.14.03.58,TAM,2018.350.14.03.58,unlabelled,,,,,0,0,0.0,0.0,,,4.949999809265137,-73.23999786376953,0.0,1.9,6.435441,-71.791355,462.0,229.64,224.4
TAM.2018.351.10.40.52,TAM,2018.351.10.40.52,unlabelled,,,,,0,0,0.0,0.0,,,6.883999824523926,-72.65699768066406,3.71,1.6,6.435441,-71.791355,462.0,107.81,297.45
TAM.2018.352.07.55.20,TAM,2018.352.07.55.20,unlabelled,,,,,0,0,0.0,0.0,,,4.855999946594238,-73.38999938964844,9.71,1.5,6.435441,-71.791355,462.0,248.74,225.48
TAM.2018.354.09.17.04,TAM,2018.354.09.17.04,unlabelled,,,,,0,0,0.0,0.0,,,4.510000228881836,-73.52899932861328,0.02,3.9,6.435441,-71.791355,462.0,287.07,222.21
TAM.2018.354.18.01.10,TAM,2018.354.18.01.10,unlabelled,,,,,0,0,0.0,0.0,,,6.679999828338623,-74.12200164794922,32.65,1.5,6.435441,-71.791355,462.0,259.17,276.12
TAM.2018.354.23.48.47,TAM,2018.354.23.48.47,unlabelled,,,,,0,0,0.0,0.0,,,6.165999889373779,-72.78900146484375,-0.01,1.6,6.435441,-71.791355,462.0,114.34,254.95
TAM.2018.355.15.57.48,TAM,2018.355.15.57.48,unlabelled,,,,,0,0,0.0,0.0,,,7.724999904632568,-74.16100311279297,6.44,1.7,6.435441,-71.791355,462.0,298.11,298.72
TAM.2018.355.18.37.13,TAM,2018.355.18.37.13,unlabelled,,,,,0,0,0.0,0.0,,,5.876999855041504,-74.052001953125,6.64,1.6,6.435441,-71.791355,462.0,257.72,256.26
TAM.2018.355.20.06.01,TAM,2018.355.20.06.01,unlabelled,,,,,0,0,0.0,0.0,,,5.699999809265137,-73.99199676513672,16.1,1.7,6.435441,-71.791355,462.0,256.83,251.66
TAM.2018.355.20.23.38,TAM,2018.355.20.23.38,unlabelled,,,,,0,0,0.0,0.0,,,5.908999919891357,-74.04900360107422,1.59,1.9,6.435441,-71.791355,462.0,256.56,257.01
TAM.2018.356.06.03.59,TAM,2018.356.06.03.59,unlabelled,,,,,0,0,0.0,0.0,,,5.9629998207092285,-74.11599731445312,1.65,2.0,6.435441,-71.791355,462.0,262.53,258.65
TAM.2018.356.06.33.16,TAM,2018.356.06.33.16,unlabelled,,,,,0,0,0.0,0.0,,,5.859000205993652,-74.0479965209961,5.8,1.5,6.435441,-71.791355,462.0,257.78,255.81
TAM.2018.356.06.42.08,TAM,2018.356.06.42.08,unlabelled,,,,,0,0,0.0,0.0,,,5.918000221252441,-74.09500122070312,1.92,1.6,6.435441,-71.791355,462.0,261.3,257.48
TAM.2018.356.10.17.18,TAM,2018.356.10.17.18,unlabelled,,,,,0,0,0.0,0.0,,,4.908999919891357,-73.51300048828125,-0.04,1.5,6.435441,-71.791355,462.0,254.69,228.58
TAM.2018.356.16.56.37,TAM,2018.356.16.56.37,unlabelled,,,,,0,0,0.0,0.0,,,4.1020002365112305,-71.85199737548828,1.0,1.9,6.435441,-71.791355,462.0,258.13,181.5
TAM.2018.357.10.37.43,TAM,2018.357.10.37.43,unlabelled,,,,,0,0,0.0,0.0,,,4.788000106811523,-73.31700134277344,5.29,1.6,6.435441,-71.791355,462.0,248.51,222.93
TAM.2018.357.18.14.18,TAM,2018.357.18.14.18,unlabelled,,,,,0,0,0.0,0.0,,,7.138000011444092,-74.5260009765625,38.25,2.1,6.435441,-71.791355,462.0,312.12,284.57
TAM.2018.358.17.29.03,TAM,2018.358.17.29.03,unlabelled,,,,,0,0,0.0,0.0,,,4.525000095367432,-73.59400177001953,0.05,1.9,6.435441,-71.791355,462.0,290.75,223.49
TAM.2018.359.19.57.39,TAM,2018.359.19.57.39,unlabelled,,,,,0,0,0.0,0.0,,,6.6519999504089355,-74.08100128173828,8.1,1.5,6.435441,-71.791355,462.0,254.36,275.53
TAM.2018.361.18.28.50,TAM,2018.361.18.28.50,unlabelled,,,,,0,0,0.0,0.0,,,7.0980000495910645,-74.14700317382812,3.99,1.6,6.435441,-71.791355,462.0,270.53,285.85
TAM.2018.361.22.51.41,TAM,2018.361.22.51.41,unlabelled,,,,,0,0,0.0,0.0,,,6.015999794006348,-74.06800079345703,1.73,2.4,6.435441,-71.791355,462.0,256.18,259.69
TAM.2018.362.01.20.34,TAM,2018.362.01.20.34,unlabelled,,,,,0,0,0.0,0.0,,,5.978000164031982,-74.01899719238281,6.15,1.5,6.435441,-71.791355,462.0,251.67,258.53
TAM.2018.362.03.32.26,TAM,2018.362.03.32.26,unlabelled,,,,,0,0,0.0,0.0,,,4.401000022888184,-73.66899871826172,0.0,1.6,6.435441,-71.791355,462.0,306.45,222.86
TAM.2018.362.07.13.18,TAM,2018.362.07.13.18,unlabelled,,,,,0,0,0.0,0.0,,,5.985000133514404,-74.06500244140625,1.82,2.1,6.435441,-71.791355,462.0,256.51,258.93
TAM.2018.362.19.58.53,TAM,2018.362.19.58.53,unlabelled,,,,,0,0,0.0,0.0,,,5.973999977111816,-74.072998046875,0.0,1.9,6.435441,-71.791355,462.0,257.62,258.7
TAM.2018.362.23.39.16,TAM,2018.362.23.39.16,unlabelled,,,,,0,0,0.0,0.0,,,5.953999996185303,-74.04000091552734,2.32,1.7,6.435441,-71.791355,462.0,254.5,258.05
TAM.2018.362.23.41.48,TAM,2018.362.23.41.48,unlabelled,,,,,0,0,0.0,0.0,,,5.994999885559082,-74.06900024414062,-0.06,2.4,6.435441,-71.791355,462.0,256.73,259.19
TAM.2018.363.06.44.24,TAM,2018.363.06.44.24,unlabelled,,,,,0,0,0.0,0.0,,,5.982999801635742,-74.04900360107422,-0.35,1.7,6.435441,-71.791355,462.0,254.82,258.8
TAM.2018.363.13.09.15,TAM,2018.363.13.09.15,unlabelled,,,,,0,0,0.0,0.0,,,5.289999961853027,-72.81099700927734,3.81,1.8,6.435441,-71.791355,462.0,169.69,221.77
TAM.2018.364.15.09.38,TAM,2018.364.15.09.38,unlabelled,,,,,0,0,0.0,0.0,,,5.572999954223633,-72.78800201416016,0.0,1.6,6.435441,-71.791355,462.0,145.85,229.21
TAM.2019.002.05.07.03,TAM,2019.002.05.07.03,unlabelled,,,,,0,0,0.0,0.0,-2.39,,6.01800012588501,-72.45600128173828,0.06,1.5,6.435441,-71.791355,462.0,86.84,237.92
TAM.2019.002.16.14.35,TAM,2019.002.16.14.35,unlabelled,,,,,0,0,0.0,0.0,,,5.2129998207092285,-73.06600189208984,5.01,1.8,6.435441,-71.791355,462.0,195.45,226.31
TAM.2019.003.15.28.40,TAM,2019.003.15.28.40,unlabelled,,,,,0,0,0.0,0.0,,,5.665999889373779,-73.76899719238281,2.81,1.6,6.435441,-71.791355,462.0,234.88,248.87
TAM.2019.005.14.20.46,TAM,2019.005.14.20.46,unlabelled,,,,,0,0,0.0,0.0,,,6.039000034332275,-73.96099853515625,2.28,1.7,6.435441,-71.791355,462.0,244.07,259.77
TAM.2019.006.11.55.28,TAM,2019.006.11.55.28,unlabelled,,,,,0,0,0.0,0.0,,,4.919000148773193,-73.23500061035156,0.0,2.5,6.435441,-71.791355,462.0,231.72,223.71
TAM.2019.010.00.21.53,TAM,2019.010.00.21.53,unlabelled,,,,,0,0,0.0,0.0,,,6.593999862670898,-74.29399871826172,18.27,1.8,6.435441,-71.791355,462.0,277.36,273.77
TAM.2019.012.18.11.59,TAM,2019.012.18.11.59,unlabelled,,,,,0,0,0.0,0.0,,,6.571000099182129,-74.697998046875,2.19,1.9,6.435441,-71.791355,462.0,321.85,272.83
TAM.2019.015.02.09.06,TAM,2019.015.02.09.06,unlabelled,,,,,0,0,0.0,0.0,,,6.543000221252441,-74.7030029296875,2.84,1.6,6.435441,-71.791355,462.0,322.28,272.28
TAM.2019.016.05.32.11,TAM,2019.016.05.32.11,unlabelled,,,,,0,0,0.0,0.0,,,5.813000202178955,-72.50800323486328,2.28,1.5,6.435441,-71.791355,462.0,105.03,229.09
TAM.2019.016.20.17.30,TAM,2019.016.20.17.30,unlabelled,,,,,0,0,0.0,0.0,,,5.848999977111816,-72.7030029296875,3.86,1.6,6.435441,-71.791355,462.0,119.95,237.32
TAM.2019.017.21.54.23,TAM,2019.017.21.54.23,unlabelled,,,,,0,0,0.0,0.0,,,7.215000152587891,-72.04499816894531,0.0,1.6,6.435441,-71.791355,462.0,90.66,342.0
TAM.2019.018.07.49.42,TAM,2019.018.07.49.42,unlabelled,,,,,0,0,0.0,0.0,,,7.136000156402588,-72.17900085449219,3.82,1.8,6.435441,-71.791355,462.0,88.54,331.08
TAM.2019.018.17.09.38,TAM,2019.018.17.09.38,unlabelled,,,,,0,0,0.0,0.0,,,4.443999767303467,-73.68599700927734,-0.06,1.6,6.435441,-71.791355,462.0,304.27,223.73
TAM.2019.019.00.02.49,TAM,2019.019.00.02.49,unlabelled,,,,,0,0,0.0,0.0,,,7.203999996185303,-72.39800262451172,-0.02,1.4,6.435441,-71.791355,462.0,108.26,321.76
TAM.2019.019.07.02.52,TAM,2019.019.07.02.52,unlabelled,,,,,0,0,0.0,0.0,,,5.454999923706055,-72.96199798583984,3.15,1.6,6.435441,-71.791355,462.0,168.99,230.15
TAM.2019.020.10.31.43,TAM,2019.020.10.31.43,unlabelled,,,,,0,0,0.0,0.0,,,4.96999979019165,-73.1510009765625,-0.11,2.4,6.435441,-71.791355,462.0,221.23,222.97
TAM.2019.021.15.12.35,TAM,2019.021.15.12.35,unlabelled,,,,,0,0,0.0,0.0,,,6.6479997634887695,-74.06999969482422,4.61,1.6,6.435441,-71.791355,462.0,253.11,275.46
TAM.2019.022.18.24.16,TAM,2019.022.18.24.16,unlabelled,,,,,0,0,0.0,0.0,,,5.502999782562256,-72.92900085449219,5.06,1.6,6.435441,-71.791355,462.0,162.78,230.76
TAM.2019.023.16.53.41,TAM,2019.023.16.53.41,unlabelled,,,,,0,0,0.0,0.0,,,5.13700008392334,-73.15599822998047,1.0,2.3,6.435441,-71.791355,462.0,208.47,226.54
TAM.2019.024.12.52.59,TAM,2019.024.12.52.59,unlabelled,,,,,0,0,0.0,0.0,,,7.0920000076293945,-72.24800109863281,4.36,1.9,6.435441,-71.791355,462.0,88.43,325.22
TAM.2019.025.04.25.23,TAM,2019.025.04.25.23,unlabelled,,,,,0,0,0.0,0.0,,,5.130000114440918,-73.01100158691406,2.48,1.6,6.435441,-71.791355,462.0,197.71,223.16
TAM.2019.025.23.08.04,TAM,2019.025.23.08.04,unlabelled,,,,,0,0,0.0,0.0,,,5.359000205993652,-74.35700225830078,3.99,2.1,6.435441,-71.791355,462.0,308.03,247.4
TAM.2019.025.23.45.24,TAM,2019.025.23.45.24,unlabelled,,,,,0,0,0.0,0.0,,,5.36899995803833,-74.3550033569336,3.56,1.7,6.435441,-71.791355,462.0,307.4,247.58
TAM.2019.026.12.27.09,TAM,2019.026.12.27.09,unlabelled,,,,,0,0,0.0,0.0,,,6.4019999504089355,-73.51000213623047,3.05,1.5,6.435441,-71.791355,462.0,190.16,268.98
TAM.2019.027.01.46.35,TAM,2019.027.01.46.35,unlabelled,,,,,0,0,0.0,0.0,,,7.521999835968018,-72.83200073242188,4.32,1.5,6.435441,-71.791355,462.0,166.32,316.32
TAM.2019.027.09.12.14,TAM,2019.027.09.12.14,unlabelled,,,,,0,0,0.0,0.0,,,5.063000202178955,-73.052001953125,1.95,1.8,6.435441,-71.791355,462.0,206.23,222.68
TAM.2019.027.09.29.03,TAM,2019.027.09.29.03,unlabelled,,,,,0,0,0.0,0.0,,,5.309000015258789,-72.79199981689453,4.55,1.6,6.435441,-71.791355,462.0,166.72,221.71
TAM.2019.028.05.29.33,TAM,2019.028.05.29.33,unlabelled,,,,,0,0,0.0,0.0,,,7.53000020980835,-72.84200286865234,4.64,1.6,6.435441,-71.791355,462.0,167.72,316.26
TAM.2019.028.15.05.18,TAM,2019.028.15.05.18,unlabelled,,,,,0,0,0.0,0.0,,,5.150000095367432,-73.05899810791016,0.0,1.8,6.435441,-71.791355,462.0,199.79,224.71
TAM.2019.028.19.51.56,TAM,2019.028.19.51.56,unlabelled,,,,,0,0,0.0,0.0,,,5.857999801635742,-74.2959976196289,33.33,1.6,6.435441,-71.791355,462.0,284.48,257.16
TAM.2019.029.14.08.29,TAM,2019.029.14.08.29,unlabelled,,,,,0,0,0.0,0.0,,,6.585999965667725,-73.36399841308594,12.16,2.1,6.435441,-71.791355,462.0,174.74,275.56
TAM.2019.030.10.10.16,TAM,2019.030.10.10.16,unlabelled,,,,,0,0,0.0,0.0,,,5.064000129699707,-73.01200103759766,4.56,1.5,6.435441,-71.791355,462.0,203.17,221.78
TAM.2019.031.02.53.00,TAM,2019.031.02.53.00,unlabelled,,,,,0,0,0.0,0.0,,,4.382999897003174,-73.75,-0.01,1.5,6.435441,-71.791355,462.0,314.05,223.82
TAM.2019.032.10.58.11,TAM,2019.032.10.58.11,unlabelled,,,,,0,0,0.0,0.0,,,6.258999824523926,-72.7770004272461,2.0,1.7,6.435441,-71.791355,462.0,110.79,259.91
TAM.2019.032.20.35.11,TAM,2019.032.20.35.11,unlabelled,,,,,0,0,0.0,0.0,-0.31,,6.013999938964844,-72.51300048828125,0.87,1.7,6.435441,-71.791355,462.0,92.47,239.77
TAM.2019.033.06.22.53,TAM,2019.033.06.22.53,unlabelled,,,,,0,0,0.0,0.0,,,4.616000175476074,-73.42900085449219,-0.01,2.1,6.435441,-71.791355,462.0,270.94,222.13
TAM.2019.034.04.08.52,TAM,2019.034.04.08.52,unlabelled,,,,,0,0,0.0,0.0,,,7.573999881744385,-74.03199768066406,10.91,1.5,6.435441,-71.791355,462.0,277.75,297.09
TAM.2019.037.07.23.17,TAM,2019.037.07.23.17,unlabelled,,,,,0,0,0.0,0.0,,,5.806000232696533,-74.0479965209961,1.0,1.9,6.435441,-71.791355,462.0,259.3,254.55
TAM.2019.039.01.32.01,TAM,2019.039.01.32.01,unlabelled,,,,,0,0,0.0,0.0,,,5.383999824523926,-72.74600219726562,3.21,1.6,6.435441,-71.791355,462.0,157.14,222.33
TAM.2019.039.05.55.58,TAM,2019.039.05.55.58,unlabelled,,,,,0,0,0.0,0.0,,,6.185999870300293,-74.34400177001953,8.82,1.6,6.435441,-71.791355,462.0,283.79,264.56
TAM.2019.040.15.00.12,TAM,2019.040.15.00.12,unlabelled,,,,,0,0,0.0,0.0,,,5.340000152587891,-74.41699981689453,5.02,2.2,6.435441,-71.791355,462.0,314.98,247.52
TAM.2019.042.23.30.40,TAM,2019.042.23.30.40,unlabelled,,,,,0,0,0.0,0.0,,,5.181000232696533,-73.29399871826172,0.0,2.3,6.435441,-71.791355,462.0,216.65,230.26
TAM.2019.044.12.52.44,TAM,2019.044.12.52.44,unlabelled,,,,,0,0,0.0,0.0,-0.8,,5.755000114440918,-72.99500274658203,0.0,1.7,6.435441,-71.791355,462.0,153.02,240.61
TAM.2019.048.04.09.13,TAM,2019.048.04.09.13,unlabelled,,,,,0,0,0.0,0.0,,,6.4079999923706055,-73.56199645996094,0.01,1.8,6.435441,-71.791355,462.0,195.9,269.21
TAM.2019.049.07.55.08,TAM,2019.049.07.55.08,unlabelled,,,,,0,0,0.0,0.0,,,6.000999927520752,-74.18299865722656,0.0,1.5,6.435441,-71.791355,462.0,269.0,259.84
TAM.2019.053.13.00.01,TAM,2019.053.13.00.01,unlabelled,,,,,0,0,0.0,0.0,,,5.795000076293945,-74.20899963378906,16.73,1.6,6.435441,-71.791355,462.0,276.82,255.31
TAM.2019.053.17.47.58,TAM,2019.053.17.47.58,unlabelled,,,,,0,0,0.0,0.0,,,7.36299991607666,-72.12899780273438,4.04,2.0,6.435441,-71.791355,462.0,109.16,340.03
TAM.2019.054.00.15.57,TAM,2019.054.00.15.57,unlabelled,,,,,0,0,0.0,0.0,,,5.855999946594238,-72.1449966430664,3.88,1.5,6.435441,-71.791355,462.0,75.09,211.44
TAM.2019.055.08.58.14,TAM,2019.055.08.58.14,unlabelled,,,,,0,0,0.0,0.0,-1.3,,7.448999881744385,-72.3219985961914,0.0,1.5,6.435441,-71.791355,462.0,126.5,332.41
TAM.2019.055.08.59.25,TAM,2019.055.08.59.25,unlabelled,,,,,0,0,0.0,0.0,-1.33,,7.4070000648498535,-72.28700256347656,0.0,1.6,6.435441,-71.791355,462.0,120.6,333.02
TAM.2019.056.12.39.17,TAM,2019.056.12.39.17,unlabelled,,,,,0,0,0.0,0.0,,,5.014999866485596,-72.94400024414062,0.0,2.2,6.435441,-71.791355,462.0,202.42,219.16
TAM.2019.059.07.57.18,TAM,2019.059.07.57.18,unlabelled,,,,,0,0,0.0,0.0,,,5.673999786376953,-73.45800018310547,1.46,1.7,6.435441,-71.791355,462.0,202.81,245.56
TAM.2019.059.19.53.01,TAM,2019.059.19.53.01,unlabelled,,,,,0,0,0.0,0.0,,,5.78000020980835,-72.53600311279297,6.17,1.9,6.435441,-71.791355,462.0,109.76,228.71
TAM.2019.060.23.15.36,TAM,2019.060.23.15.36,unlabelled,,,,,0,0,0.0,0.0,,,5.067999839782715,-72.91200256347656,1.16,2.2,6.435441,-71.791355,462.0,195.64,219.44
TAM.2019.060.23.38.02,TAM,2019.060.23.38.02,unlabelled,,,,,0,0,0.0,0.0,,,6.208000183105469,-74.51599884033203,0.17,2.2,6.435441,-71.791355,462.0,302.52,265.38
TAM.2019.061.01.43.12,TAM,2019.061.01.43.12,unlabelled,,,,,0,0,0.0,0.0,,,4.958000183105469,-73.29299926757812,0.0,1.5,6.435441,-71.791355,462.0,233.16,225.59
TAM.2019.061.02.26.25,TAM,2019.061.02.26.25,unlabelled,,,,,0,0,0.0,0.0,,,5.01200008392334,-73.2490005493164,0.0,1.5,6.435441,-71.791355,462.0,225.49,225.8
TAM.2019.061.05.08.12,TAM,2019.061.05.08.12,unlabelled,,,,,0,0,0.0,0.0,,,5.014999866485596,-73.24400329589844,3.18,1.7,6.435441,-71.791355,462.0,224.86,225.76
TAM.2019.061.06.00.38,TAM,2019.061.06.00.38,unlabelled,,,,,0,0,0.0,0.0,,,5.060999870300293,-73.18299865722656,3.93,2.1,6.435441,-71.791355,462.0,216.47,225.47
TAM.2019.061.18.17.52,TAM,2019.061.18.17.52,unlabelled,,,,,0,0,0.0,0.0,,,6.4720001220703125,-73.20899963378906,12.77,2.0,6.435441,-71.791355,462.0,156.87,271.56
TAM.2019.062.03.15.29,TAM,2019.062.03.15.29,unlabelled,,,,,0,0,0.0,0.0,,,5.041999816894531,-73.21399688720703,2.74,2.0,6.435441,-71.791355,462.0,220.4,225.71
TAM.2019.062.04.48.40,TAM,2019.062.04.48.40,unlabelled,,,,,0,0,0.0,0.0,,,5.011000156402588,-73.25299835205078,3.86,1.5,6.435441,-71.791355,462.0,225.89,225.86
TAM.2019.062.05.28.32,TAM,2019.062.05.28.32,unlabelled,,,,,0,0,0.0,0.0,,,5.039999961853027,-73.23799896240234,0.0,1.7,6.435441,-71.791355,462.0,222.46,226.15
TAM.2019.062.23.46.16,TAM,2019.062.23.46.16,unlabelled,,,,,0,0,0.0,0.0,,,5.513999938964844,-73.03600311279297,1.04,1.5,6.435441,-71.791355,462.0,171.39,233.59
TAM.2019.064.11.00.00,TAM,2019.064.11.00.00,unlabelled,,,,,0,0,0.0,0.0,,,4.879000186920166,-73.24800109863281,0.0,1.5,6.435441,-71.791355,462.0,235.93,223.23
TAM.2019.064.20.04.05,TAM,2019.064.20.04.05,unlabelled,,,,,0,0,0.0,0.0,,,4.916999816894531,-73.30599975585938,0.0,1.8,6.435441,-71.791355,462.0,237.38,225.06
TAM.2019.067.02.12.06,TAM,2019.067.02.12.06,unlabelled,,,,,0,0,0.0,0.0,,,7.589000225067139,-74.00499725341797,27.97,1.5,6.435441,-71.791355,462.0,275.86,297.68
TAM.2019.067.04.22.58,TAM,2019.067.04.22.58,unlabelled,,,,,0,0,0.0,0.0,,,5.855999946594238,-74.30799865722656,17.27,1.6,6.435441,-71.791355,462.0,285.83,257.18
TAM.2019.068.14.49.30,TAM,2019.068.14.49.30,unlabelled,,,,,0,0,0.0,0.0,,,6.531000137329102,-73.48999786376953,1.57,1.9,6.435441,-71.791355,462.0,188.19,273.31
TAM.2019.069.02.09.57,TAM,2019.069.02.09.57,unlabelled,,,,,0,0,0.0,0.0,,,4.934999942779541,-73.23400115966797,0.0,2.6,6.435441,-71.791355,462.0,230.37,224.0
TAM.2019.069.21.50.43,TAM,2019.069.21.50.43,unlabelled,,,,,0,0,0.0,0.0,,,5.048999786376953,-73.2020034790039,2.36,1.7,6.435441,-71.791355,462.0,218.91,225.61
TAM.2019.070.00.58.11,TAM,2019.070.00.58.11,unlabelled,,,,,0,0,0.0,0.0,,,5.261000156402588,-74.50199890136719,0.07,2.7,6.435441,-71.791355,462.0,327.07,246.75
TAM.2019.070.13.35.33,TAM,2019.070.13.35.33,unlabelled,,,,,0,0,0.0,0.0,,,7.361999988555908,-72.71700286865234,15.29,1.6,6.435441,-71.791355,462.0,144.79,315.1
TAM.2019.071.00.17.39,TAM,2019.071.00.17.39,unlabelled,,,,,0,0,0.0,0.0,,,5.078000068664551,-73.25499725341797,0.0,1.7,6.435441,-71.791355,462.0,220.94,227.28
TAM.2019.071.08.31.44,TAM,2019.071.08.31.44,unlabelled,,,,,0,0,0.0,0.0,,,4.980000019073486,-73.19400024414062,0.0,1.8,6.435441,-71.791355,462.0,223.71,224.06
TAM.2019.072.08.15.32,TAM,2019.072.08.15.32,unlabelled,,,,,0,0,0.0,0.0,,,7.386000156402588,-73.15799713134766,3.62,1.6,6.435441,-71.791355,462.0,184.02,304.92
TAM.2019.075.13.58.24,TAM,2019.075.13.58.24,unlabelled,,,,,0,0,0.0,0.0,,,4.591000080108643,-73.54900360107422,-0.02,1.8,6.435441,-71.791355,462.0,282.01,223.77
TAM.2019.075.22.23.41,TAM,2019.075.22.23.41,unlabelled,,,,,0,0,0.0,0.0,,,7.139999866485596,-72.69000244140625,-0.12,1.5,6.435441,-71.791355,462.0,126.25,308.16
TAM.2019.080.11.14.18,TAM,2019.080.11.14.18,unlabelled,,,,,0,0,0.0,0.0,,,7.718999862670898,-72.66400146484375,3.79,3.3,6.435441,-71.791355,462.0,171.59,325.87
TAM.2019.080.14.32.26,TAM,2019.080.14.32.26,unlabelled,,,,,0,0,0.0,0.0,,,5.283999919891357,-74.54100036621094,9.37,1.7,6.435441,-71.791355,462.0,330.05,247.45
TAM.2019.081.05.56.37,TAM,2019.081.05.56.37,unlabelled,,,,,0,0,0.0,0.0,,,6.165999889373779,-73.71800231933594,0.0,1.8,6.435441,-71.791355,462.0,215.26,262.15
TAM.2019.081.07.25.01,TAM,2019.081.07.25.01,unlabelled,,,,,0,0,0.0,0.0,,,6.198999881744385,-74.34600067138672,6.61,1.8,6.435441,-71.791355,462.0,283.87,264.86
TAM.2019.084.23.25.17,TAM,2019.084.23.25.17,unlabelled,,,,,0,0,0.0,0.0,,,5.2820000648498535,-74.56900024414062,19.99,1.6,6.435441,-71.791355,462.0,332.99,247.62
TAM.2019.085.07.46.54,TAM,2019.085.07.46.54,unlabelled,,,,,0,0,0.0,0.0,,,6.631999969482422,-73.14600372314453,26.0,1.5,6.435441,-71.791355,462.0,151.39,278.33
TAM.2019.086.10.30.25,TAM,2019.086.10.30.25,unlabelled,,,,,0,0,0.0,0.0,,,7.359000205993652,-74.16400146484375,6.31,1.5,6.435441,-71.791355,462.0,281.41,291.42
TAM.2019.086.14.50.22,TAM,2019.086.14.50.22,unlabelled,,,,,0,0,0.0,0.0,,,4.368000030517578,-73.78500366210938,3.64,1.5,6.435441,-71.791355,462.0,317.94,224.12
TAM.2019.086.22.06.35,TAM,2019.086.22.06.35,unlabelled,,,,,0,0,0.0,0.0,,,6.202000141143799,-74.43000030517578,0.03,2.3,6.435441,-71.791355,462.0,293.1,265.09
TAM.2019.086.23.21.16,TAM,2019.086.23.21.16,unlabelled,,,,,0,0,0.0,0.0,,,5.284999847412109,-74.56600189208984,18.24,1.5,6.435441,-71.791355,462.0,332.56,247.65
TAM.2019.088.10.58.59,TAM,2019.088.10.58.59,unlabelled,,,,,0,0,0.0,0.0,,,5.135000228881836,-73.26300048828125,0.0,1.6,6.435441,-71.791355,462.0,217.36,228.65
TAM.2019.088.13.16.09,TAM,2019.088.13.16.09,unlabelled,,,,,0,0,0.0,0.0,,,5.116000175476074,-73.12999725341797,0.0,1.7,6.435441,-71.791355,462.0,208.02,225.53
TAM.2019.089.10.50.33,TAM,2019.089.10.50.33,unlabelled,,,,,0,0,0.0,0.0,,,5.1020002365112305,-72.88999938964844,0.0,1.6,6.435441,-71.791355,462.0,191.18,219.59
TAM.2019.090.04.22.48,TAM,2019.090.04.22.48,unlabelled,,,,,0,0,0.0,0.0,,,5.383999824523926,-74.46800231933594,9.66,1.8,6.435441,-71.791355,462.0,318.38,248.72
TAM.2019.090.12.43.07,TAM,2019.090.12.43.07,unlabelled,,,,,0,0,0.0,0.0,,,6.383999824523926,-74.5979995727539,7.68,1.5,6.435441,-71.791355,462.0,310.55,269.11
TAM.2019.093.08.03.08,TAM,2019.093.08.03.08,unlabelled,,,,,0,0,0.0,0.0,,,5.002999782562256,-72.98500061035156,0.0,1.8,6.435441,-71.791355,462.0,206.33,219.91
TAM.2019.093.10.34.39,TAM,2019.093.10.34.39,unlabelled,,,,,0,0,0.0,0.0,,,5.90500020980835,-73.625,121.15,1.5,6.435441,-71.791355,462.0,211.25,253.98
TAM.2019.093.19.30.32,TAM,2019.093.19.30.32,unlabelled,,,,,0,0,0.0,0.0,,,7.35099983215332,-72.70099639892578,1.37,2.1,6.435441,-71.791355,462.0,142.68,315.26
TAM.2019.094.00.33.29,TAM,2019.094.00.33.29,unlabelled,,,,,0,0,0.0,0.0,,,6.189000129699707,-74.33100128173828,10.01,1.6,6.435441,-71.791355,462.0,282.33,264.6
TAM.2019.094.08.28.00,TAM,2019.094.08.28.00,unlabelled,,,,,0,0,0.0,0.0,,,5.8429999351501465,-72.48999786376953,15.51,1.7,6.435441,-71.791355,462.0,101.35,229.77
TAM.2019.094.11.20.38,TAM,2019.094.11.20.38,unlabelled,,,,,0,0,0.0,0.0,,,7.301000118255615,-72.25499725341797,15.42,1.7,6.435441,-71.791355,462.0,108.58,331.87
TAM.2019.097.06.55.37,TAM,2019.097.06.55.37,unlabelled,,,,,0,0,0.0,0.0,,,6.385000228881836,-73.78099822998047,34.97,1.7,6.435441,-71.791355,462.0,220.18,268.66
TAM.2019.098.00.11.15,TAM,2019.098.00.11.15,unlabelled,,,,,0,0,0.0,0.0,,,4.665999889373779,-73.51300048828125,-0.11,1.7,6.435441,-71.791355,462.0,273.27,224.36
TAM.2019.098.01.42.28,TAM,2019.098.01.42.28,unlabelled,,,,,0,0,0.0,0.0,,,5.454999923706055,-73.36199951171875,0.0,1.5,6.435441,-71.791355,462.0,204.94,238.14
TAM.2019.099.14.26.49,TAM,2019.099.14.26.49,unlabelled,,,,,0,0,0.0,0.0,,,7.2210001945495605,-73.88400268554688,19.41,2.2,6.435441,-71.791355,462.0,247.09,290.71
TAM.2019.099.23.50.29,TAM,2019.099.23.50.29,unlabelled,,,,,0,0,0.0,0.0,-2.14,,5.9679999351501465,-72.4739990234375,4.19,1.7,6.435441,-71.791355,462.0,91.54,235.66
TAM.2019.100.20.13.52,TAM,2019.100.20.13.52,unlabelled,,,,,0,0,0.0,0.0,,,5.341000080108643,-74.36399841308594,4.46,2.0,6.435441,-71.791355,462.0,309.52,247.12
TAM.2019.100.20.17.30,TAM,2019.100.20.17.30,unlabelled,,,,,0,0,0.0,0.0,,,5.3520002365112305,-74.35600280761719,3.47,1.8,6.435441,-71.791355,462.0,308.23,247.26
TAM.2019.101.12.15.55,TAM,2019.101.12.15.55,unlabelled,,,,,0,0,0.0,0.0,,,5.269000053405762,-74.10600280761719,2.0,1.6,6.435441,-71.791355,462.0,286.95,243.41
TAM.2019.101.14.17.12,TAM,2019.101.14.17.12,unlabelled,,,,,0,0,0.0,0.0,,,4.5920000076293945,-73.51599884033203,-0.01,1.6,6.435441,-71.791355,462.0,279.42,223.24
TAM.2019.103.03.40.08,TAM,2019.103.03.40.08,unlabelled,,,,,0,0,0.0,0.0,,,6.763000011444092,-73.90499877929688,19.49,2.1,6.435441,-71.791355,462.0,236.53,278.93
TAM.2019.104.08.06.39,TAM,2019.104.08.06.39,unlabelled,,,,,0,0,0.0,0.0,,,5.794000148773193,-73.06199645996094,-0.02,1.5,6.435441,-71.791355,462.0,157.52,243.3
TAM.2019.106.00.52.47,TAM,2019.106.00.52.47,unlabelled,,,,,0,0,0.0,0.0,,,5.922999858856201,-74.33999633789062,1.86,1.6,6.435441,-71.791355,462.0,287.71,258.78
TAM.2019.106.06.46.36,TAM,2019.106.06.46.36,unlabelled,,,,,0,0,0.0,0.0,,,4.811999797821045,-72.75499725341797,0.0,2.3,6.435441,-71.791355,462.0,208.87,210.79
TAM.2019.106.21.38.22,TAM,2019.106.21.38.22,unlabelled,,,,,0,0,0.0,0.0,,,6.038000106811523,-72.25800323486328,9.24,2.1,6.435441,-71.791355,462.0,67.81,229.62
TAM.2019.107.02.56.25,TAM,2019.107.02.56.25,unlabelled,,,,,0,0,0.0,0.0,,,6.296000003814697,-74.26300048828125,17.69,1.5,6.435441,-71.791355,462.0,273.89,266.91
TAM.2019.107.08.59.35,TAM,2019.107.08.59.35,unlabelled,,,,,0,0,0.0,0.0,,,3.6029999256134033,-72.10099792480469,7.21,2.1,6.435441,-71.791355,462.0,315.1,186.27
TAM.2019.107.10.02.16,TAM,2019.107.10.02.16,unlabelled,,,,,0,0,0.0,0.0,,,6.004000186920166,-72.81999969482422,3.5,1.7,6.435441,-71.791355,462.0,123.43,247.32
TAM.2019.107.10.47.56,TAM,2019.107.10.47.56,unlabelled,,,,,0,0,0.0,0.0,,,7.002999782562256,-73.26200103759766,-0.09,1.5,6.435441,-71.791355,462.0,174.29,291.19
TAM.2019.110.07.00.42,TAM,2019.110.07.00.42,unlabelled,,,,,0,0,0.0,0.0,,,7.645999908447266,-72.85399627685547,3.75,1.8,6.435441,-71.791355,462.0,178.06,318.81
TAM.2019.112.04.39.35,TAM,2019.112.04.39.35,unlabelled,,,,,0,0,0.0,0.0,,,5.127999782562256,-73.11599731445312,0.0,1.9,6.435441,-71.791355,462.0,205.98,225.49
TAM.2019.112.09.41.32,TAM,2019.112.09.41.32,unlabelled,,,,,0,0,0.0,0.0,,,7.328999996185303,-72.71700286865234,3.0,1.7,6.435441,-71.791355,462.0,142.24,314.06
TAM.2019.113.10.34.54,TAM,2019.113.10.34.54,unlabelled,,,,,0,0,0.0,0.0,,,6.5329999923706055,-74.53600311279297,7.19,1.7,6.435441,-71.791355,462.0,303.78,272.19
TAM.2019.114.04.39.49,TAM,2019.114.04.39.49,unlabelled,,,,,0,0,0.0,0.0,,,6.480999946594238,-74.33300018310547,1.11,1.7,6.435441,-71.791355,462.0,281.2,271.17
TAM.2019.114.05.28.08,TAM,2019.114.05.28.08,unlabelled,,,,,0,0,0.0,0.0,,,7.159999847412109,-73.86299896240234,20.49,1.6,6.435441,-71.791355,462.0,242.62,289.41
TAM.2019.114.11.56.38,TAM,2019.114.11.56.38,unlabelled,,,,,0,0,0.0,0.0,,,5.833000183105469,-72.63300323486328,0.0,1.8,6.435441,-71.791355,462.0,114.53,234.48
TAM.2019.117.04.33.54,TAM,2019.117.04.33.54,unlabelled,,,,,0,0,0.0,0.0,,,5.26800012588501,-72.53700256347656,0.0,2.7,6.435441,-71.791355,462.0,153.25,212.64
TAM.2019.118.19.25.38,TAM,2019.118.19.25.38,unlabelled,,,,,0,0,0.0,0.0,,,5.1479997634887695,-73.01399993896484,0.0,2.3,6.435441,-71.791355,462.0,196.48,223.63
TAM.2019.118.19.52.25,TAM,2019.118.19.52.25,unlabelled,,,,,0,0,0.0,0.0,,,5.755000114440918,-74.46800231933594,5.72,2.0,6.435441,-71.791355,462.0,305.69,255.89
TAM.2019.119.22.24.28,TAM,2019.119.22.24.28,unlabelled,,,,,0,0,0.0,0.0,,,4.252999782562256,-73.71900177001953,4.84,1.9,6.435441,-71.791355,462.0,322.32,221.61
TAM.2019.120.07.00.15,TAM,2019.120.07.00.15,unlabelled,,,,,0,0,0.0,0.0,,,6.539000034332275,-74.71299743652344,3.4,1.5,6.435441,-71.791355,462.0,323.37,272.19
TAM.2019.120.18.02.31,TAM,2019.120.18.02.31,unlabelled,,,,,0,0,0.0,0.0,,,6.276000022888184,-74.05699920654297,25.94,2.2,6.435441,-71.791355,462.0,251.29,266.1
TAM.2019.122.04.00.12,TAM,2019.122.04.00.12,unlabelled,,,,,0,0,0.0,0.0,,,5.380000114440918,-74.44100189208984,3.83,1.8,6.435441,-71.791355,462.0,315.76,248.45
TAM.2019.123.18.59.49,TAM,2019.123.18.59.49,unlabelled,,,,,0,0,0.0,0.0,,,6.14300012588501,-72.4260025024414,0.0,1.9,6.435441,-71.791355,462.0,77.32,245.31
TAM.2019.125.15.22.59,TAM,2019.125.15.22.59,unlabelled,,,,,0,0,0.0,0.0,,,5.480999946594238,-72.77999877929688,-0.21,1.9,6.435441,-71.791355,462.0,152.06,226.1
TAM.2019.127.15.11.42,TAM,2019.127.15.11.42,unlabelled,,,,,0,0,0.0,0.0,,,5.098999977111816,-73.11900329589844,11.54,1.8,6.435441,-71.791355,462.0,208.48,224.92
TAM.2019.128.07.31.41,TAM,2019.128.07.31.41,unlabelled,,,,,0,0,0.0,0.0,,,4.952000141143799,-73.18000030517578,-0.02,1.6,6.435441,-71.791355,462.0,224.88,223.23
TAM.2019.128.08.27.02,TAM,2019.128.08.27.02,unlabelled,,,,,0,0,0.0,0.0,,,6.690000057220459,-73.39299774169922,32.53,1.6,6.435441,-71.791355,462.0,179.36,279.12
TAM.2019.133.08.38.04,TAM,2019.133.08.38.04,unlabelled,,,,,0,0,0.0,0.0,-4.32,,7.34499979019165,-72.19999694824219,0.0,1.7,6.435441,-71.791355,462.0,110.26,335.84
TAM.2019.134.08.07.02,TAM,2019.134.08.07.02,unlabelled,,,,,0,0,0.0,0.0,,,5.922999858856201,-72.4280014038086,0.0,1.8,6.435441,-71.791355,462.0,90.42,231.23
TAM.2019.134.17.28.37,TAM,2019.134.17.28.37,unlabelled,,,,,0,0,0.0,0.0,,,7.427999973297119,-72.30400085449219,3.74,1.8,6.435441,-71.791355,462.0,123.52,332.73
TAM.2019.134.23.48.14,TAM,2019.134.23.48.14,unlabelled,,,,,0,0,0.0,0.0,,,7.26200008392334,-72.21299743652344,0.0,1.5,6.435441,-71.791355,462.0,102.6,333.01
TAM.2019.135.15.44.28,TAM,2019.135.15.44.28,unlabelled,,,,,0,0,0.0,0.0,-0.75,,7.0920000076293945,-72.36100006103516,0.0,1.9,6.435441,-71.791355,462.0,96.11,319.1
TAM.2019.136.12.50.50,TAM,2019.136.12.50.50,unlabelled,,,,,0,0,0.0,0.0,,,4.828000068664551,-73.19999694824219,8.0,1.5,6.435441,-71.791355,462.0,236.54,221.35
TAM.2019.137.06.05.03,TAM,2019.137.06.05.03,unlabelled,,,,,0,0,0.0,0.0,-0.18,,6.156000137329102,-72.63200378417969,0.0,1.8,6.435441,-71.791355,462.0,98.02,251.67
TAM.2019.138.10.26.34,TAM,2019.138.10.26.34,unlabelled,,,,,0,0,0.0,0.0,,,5.756999969482422,-73.05000305175781,-0.09,2.2,6.435441,-71.791355,462.0,158.24,241.77
TAM.2019.141.05.56.22,TAM,2019.141.05.56.22,unlabelled,,,,,0,0,0.0,0.0,,,5.640999794006348,-72.95899963378906,14.85,1.7,6.435441,-71.791355,462.0,156.29,235.86
TAM.2019.141.09.52.24,TAM,2019.141.09.52.24,unlabelled,,,,,0,0,0.0,0.0,,,7.176000118255615,-73.06600189208984,18.16,1.5,6.435441,-71.791355,462.0,162.97,300.24
TAM.2019.143.01.26.07,TAM,2019.143.01.26.07,unlabelled,,,,,0,0,0.0,0.0,,,6.797999858856201,-73.93299865722656,26.62,1.6,6.435441,-71.791355,462.0,240.2,279.73
TAM.2019.146.11.08.33,TAM,2019.146.11.08.33,unlabelled,,,,,0,0,0.0,0.0,,,5.322999954223633,-73.12100219726562,0.0,2.0,6.435441,-71.791355,462.0,191.87,230.19
TAM.2019.146.11.17.09,TAM,2019.146.11.17.09,unlabelled,,,,,0,0,0.0,0.0,,,5.289999961853027,-73.13500213623047,0.0,2.7,6.435441,-71.791355,462.0,195.41,229.66
TAM.2019.148.04.15.42,TAM,2019.148.04.15.42,unlabelled,,,,,0,0,0.0,0.0,,,7.202000141143799,-72.64800262451172,0.45,1.8,6.435441,-71.791355,462.0,127.09,311.89
TAM.2019.149.15.55.48,TAM,2019.149.15.55.48,unlabelled,,,,,0,0,0.0,0.0,,,5.775000095367432,-74.3949966430664,1.29,1.5,6.435441,-71.791355,462.0,297.31,255.92
TAM.2019.149.23.25.46,TAM,2019.149.23.25.46,unlabelled,,,,,0,0,0.0,0.0,,,5.751999855041504,-74.35399627685547,0.54,2.1,6.435441,-71.791355,462.0,293.56,255.22
TAM.2019.150.23.07.52,TAM,2019.150.23.07.52,unlabelled,,,,,0,0,0.0,0.0,,,5.989999771118164,-72.41899871826172,0.0,1.9,6.435441,-71.791355,462.0,85.16,234.69
TAM.2019.151.17.21.54,TAM,2019.151.17.21.54,unlabelled,,,,,0,0,0.0,0.0,,,5.1519999504089355,-72.88300323486328,31.11,1.6,6.435441,-71.791355,462.0,186.44,220.48
TAM.2019.151.17.50.41,TAM,2019.151.17.50.41,unlabelled,,,,,0,0,0.0,0.0,,,5.671999931335449,-72.66899871826172,0.0,1.6,6.435441,-71.791355,462.0,128.71,229.06
TAM.2019.153.10.39.16,TAM,2019.153.10.39.16,unlabelled,,,,,0,0,0.0,0.0,,,6.519000053405762,-74.16500091552734,25.62,1.8,6.435441,-71.791355,462.0,262.72,272.15
TAM.2019.154.11.29.17,TAM,2019.154.11.29.17,unlabelled,,,,,0,0,0.0,0.0,,,5.139999866485596,-73.05899810791016,10.12,1.9,6.435441,-71.791355,462.0,200.58,224.49
TAM.2019.154.12.22.00,TAM,2019.154.12.22.00,unlabelled,,,,,0,0,0.0,0.0,,,6.771999835968018,-73.90799713134766,20.67,1.6,6.435441,-71.791355,462.0,237.01,279.16
TAM.2019.154.20.16.14,TAM,2019.154.20.16.14,unlabelled,,,,,0,0,0.0,0.0,,,4.879000186920166,-73.18000030517578,20.3,2.0,6.435441,-71.791355,462.0,230.84,221.86
TAM.2019.155.18.46.38,TAM,2019.155.18.46.38,unlabelled,,,,,0,0,0.0,0.0,,,6.041999816894531,-74.28900146484375,7.77,1.9,6.435441,-71.791355,462.0,279.8,261.19
TAM.2019.156.12.13.13,TAM,2019.156.12.13.13,unlabelled,,,,,0,0,0.0,0.0,,,5.965000152587891,-73.02999877929688,-0.41,1.5,6.435441,-71.791355,462.0,146.62,249.29
TAM.2019.157.14.42.33,TAM,2019.157.14.42.33,unlabelled,,,,,0,0,0.0,0.0,,,6.120999813079834,-74.31800079345703,8.9,1.6,6.435441,-71.791355,462.0,281.74,263.05
TAM.2019.158.03.50.37,TAM,2019.158.03.50.37,unlabelled,,,,,0,0,0.0,0.0,,,4.673999786376953,-73.33300018310547,0.01,1.8,6.435441,-71.791355,462.0,259.07,221.33
TAM.2019.158.07.42.20,TAM,2019.158.07.42.20,unlabelled,,,,,0,0,0.0,0.0,,,5.625999927520752,-72.90699768066406,6.34,1.6,6.435441,-71.791355,462.0,152.54,234.13
TAM.2019.159.16.11.05,TAM,2019.159.16.11.05,unlabelled,,,,,0,0,0.0,0.0,,,5.0960001945495605,-73.06500244140625,4.06,2.1,6.435441,-71.791355,462.0,204.55,223.67
TAM.2019.161.16.39.34,TAM,2019.161.16.39.34,unlabelled,,,,,0,0,0.0,0.0,,,5.449999809265137,-73.0739974975586,0.33,1.8,6.435441,-71.791355,462.0,179.01,232.57
TAM.2019.162.23.19.23,TAM,2019.162.23.19.23,unlabelled,,,,,0,0,0.0,0.0,,,6.367000102996826,-73.90299987792969,26.96,1.7,6.435441,-71.791355,462.0,233.73,268.26
TAM.2019.163.14.55.04,TAM,2019.163.14.55.04,unlabelled,,,,,0,0,0.0,0.0,,,6.120999813079834,-74.20099639892578,4.09,1.6,6.435441,-71.791355,462.0,268.9,262.7
TAM.2019.164.14.28.46,TAM,2019.164.14.28.46,unlabelled,,,,,0,0,0.0,0.0,,,5.208000183105469,-72.93399810791016,0.0,1.7,6.435441,-71.791355,462.0,185.58,223.05
TAM.2019.165.04.15.52,TAM,2019.165.04.15.52,unlabelled,,,,,0,0,0.0,0.0,,,6.271999835968018,-73.65499877929688,1.54,1.5,6.435441,-71.791355,462.0,206.98,265.09
TAM.2019.165.06.38.20,TAM,2019.165.06.38.20,unlabelled,,,,,0,0,0.0,0.0,,,5.270999908447266,-73.04299926757812,0.21,1.5,6.435441,-71.791355,462.0,189.19,227.17
TAM.2019.165.08.01.50,TAM,2019.165.08.01.50,unlabelled,,,,,0,0,0.0,0.0,,,6.065999984741211,-73.69200134277344,25.24,1.5,6.435441,-71.791355,462.0,214.26,259.11
TAM.2019.167.02.19.03,TAM,2019.167.02.19.03,unlabelled,,,,,0,0,0.0,0.0,,,6.2870001792907715,-73.63500213623047,0.0,2.1,6.435441,-71.791355,462.0,204.64,265.5
TAM.2019.170.00.29.26,TAM,2019.170.00.29.26,unlabelled,,,,,0,0,0.0,0.0,,,7.328000068664551,-72.23799896240234,0.0,1.9,6.435441,-71.791355,462.0,110.36,333.46
TAM.2019.170.18.27.50,TAM,2019.170.18.27.50,unlabelled,,,,,0,0,0.0,0.0,,,6.909999847412109,-72.86599731445312,13.46,1.8,6.435441,-71.791355,462.0,129.9,293.89
TAM.2019.171.09.02.58,TAM,2019.171.09.02.58,unlabelled,,,,,0,0,0.0,0.0,,,6.760000228881836,-73.07099914550781,4.52,1.5,6.435441,-71.791355,462.0,145.99,284.31
TAM.2019.174.18.05.14,TAM,2019.174.18.05.14,unlabelled,,,,,0,0,0.0,0.0,,,5.61299991607666,-73.48400115966797,3.41,1.6,6.435441,-71.791355,462.0,208.29,244.2
TAM.2019.174.19.39.35,TAM,2019.174.19.39.35,unlabelled,,,,,0,0,0.0,0.0,,,5.760000228881836,-73.4540023803711,0.11,2.1,6.435441,-71.791355,462.0,198.62,248.0
TAM.2019.174.23.59.56,TAM,2019.174.23.59.56,unlabelled,,,,,0,0,0.0,0.0,,,5.164999961853027,-72.98200225830078,0.0,1.8,6.435441,-71.791355,462.0,192.68,223.25
TAM.2019.175.05.06.31,TAM,2019.175.05.06.31,unlabelled,,,,,0,0,0.0,0.0,,,6.11299991607666,-72.88700103759766,0.0,1.7,6.435441,-71.791355,462.0,126.38,253.67
TAM.2019.176.05.36.12,TAM,2019.176.05.36.12,unlabelled,,,,,0,0,0.0,0.0,,,6.914000034332275,-74.73100280761719,33.98,1.9,6.435441,-71.791355,462.0,329.32,279.42
TAM.2019.176.16.58.18,TAM,2019.176.16.58.18,unlabelled,,,,,0,0,0.0,0.0,,,4.380000114440918,-73.6969985961914,-0.05,1.5,6.435441,-71.791355,462.0,310.27,222.99
TAM.2019.177.14.00.10,TAM,2019.177.14.00.10,unlabelled,,,,,0,0,0.0,0.0,,,5.361999988555908,-74.38099670410156,1.74,1.5,6.435441,-71.791355,462.0,310.36,247.65
TAM.2019.180.12.14.06,TAM,2019.180.12.14.06,unlabelled,,,,,0,0,0.0,0.0,,,7.09499979019165,-72.26399993896484,3.29,1.9,6.435441,-71.791355,462.0,89.72,324.41
TAM.2019.182.06.18.01,TAM,2019.182.06.18.01,unlabelled,,,,,0,0,0.0,0.0,,,5.3520002365112305,-73.28299713134766,0.0,1.9,6.435441,-71.791355,462.0,204.05,234.12
TAM.2019.182.14.31.42,TAM,2019.182.14.31.42,unlabelled,,,,,0,0,0.0,0.0,,,5.670000076293945,-72.98100280761719,0.0,1.5,6.435441,-71.791355,462.0,156.55,237.33
TAM.2019.183.15.02.13,TAM,2019.183.15.02.13,unlabelled,,,,,0,0,0.0,0.0,,,7.428999900817871,-73.85399627685547,38.0,1.8,6.435441,-71.791355,462.0,253.04,295.86
TAM.2019.183.23.23.38,TAM,2019.183.23.23.38,unlabelled,,,,,0,0,0.0,0.0,,,7.14300012588501,-74.16699981689453,2.57,2.2,6.435441,-71.791355,462.0,274.02,286.73
TAM.2019.184.07.05.52,TAM,2019.184.07.05.52,unlabelled,,,,,0,0,0.0,0.0,,,6.689000129699707,-73.38300323486328,33.84,1.9,6.435441,-71.791355,462.0,178.25,279.14
TAM.2019.184.15.26.42,TAM,2019.184.15.26.42,unlabelled,,,,,0,0,0.0,0.0,,,7.209000110626221,-73.0199966430664,17.27,1.6,6.435441,-71.791355,462.0,160.51,302.28
TAM.2019.185.21.32.47,TAM,2019.185.21.32.47,unlabelled,,,,,0,0,0.0,0.0,,,5.826000213623047,-74.25800323486328,15.71,1.6,6.435441,-71.791355,462.0,281.22,256.27
TAM.2019.186.13.58.20,TAM,2019.186.13.58.20,unlabelled,,,,,0,0,0.0,0.0,,,4.433000087738037,-73.24299621582031,0.0,2.6,6.435441,-71.791355,462.0,273.7,216.07
TAM.2019.187.15.17.34,TAM,2019.187.15.17.34,unlabelled,,,,,0,0,0.0,0.0,,,6.440000057220459,-73.26000213623047,13.65,1.7,6.435441,-71.791355,462.0,162.47,270.26
TAM.2019.187.22.19.59,TAM,2019.187.22.19.59,unlabelled,,,,,0,0,0.0,0.0,,,5.1519999504089355,-73.02999877929688,3.57,1.8,6.435441,-71.791355,462.0,197.39,224.09
TAM.2019.190.03.25.32,TAM,2019.190.03.25.32,unlabelled,,,,,0,0,0.0,0.0,,,7.702000141143799,-73.23799896240234,9.78,2.3,6.435441,-71.791355,462.0,212.51,311.32
TAM.2019.190.10.38.10,TAM,2019.190.10.38.10,unlabelled,,,,,0,0,0.0,0.0,,,5.2870001792907715,-72.7760009765625,0.02,1.7,6.435441,-71.791355,462.0,167.39,220.7
TAM.2019.192.10.33.02,TAM,2019.192.10.33.02,unlabelled,,,,,0,0,0.0,0.0,,,4.363999843597412,-73.71600341796875,6.11,2.0,6.435441,-71.791355,462.0,313.0,223.05
TAM.2019.192.23.18.46,TAM,2019.192.23.18.46,unlabelled,,,,,0,0,0.0,0.0,,,4.309000015258789,-73.87300109863281,0.0,1.9,6.435441,-71.791355,462.0,329.42,224.56
TAM.2019.192.23.23.54,TAM,2019.192.23.23.54,unlabelled,,,,,0,0,0.0,0.0,,,4.388999938964844,-73.7699966430664,-0.04,1.6,6.435441,-71.791355,462.0,315.11,224.2
TAM.2019.193.18.28.11,TAM,2019.193.18.28.11,unlabelled,,,,,0,0,0.0,0.0,,,4.298999786376953,-73.84200286865234,0.0,1.7,6.435441,-71.791355,462.0,327.82,223.99
TAM.2019.194.20.01.39,TAM,2019.194.20.01.39,unlabelled,,,,,0,0,0.0,0.0,,,7.156000137329102,-74.16899871826172,9.39,1.6,6.435441,-71.791355,462.0,274.64,287.0
TAM.2019.196.04.10.55,TAM,2019.196.04.10.55,unlabelled,,,,,0,0,0.0,0.0,,,5.9019999504089355,-74.2249984741211,1.33,1.9,6.435441,-71.791355,462.0,275.74,257.78
TAM.2019.196.12.29.22,TAM,2019.196.12.29.22,unlabelled,,,,,0,0,0.0,0.0,,,7.361000061035156,-73.13200378417969,3.39,1.6,6.435441,-71.791355,462.0,180.08,304.72
TAM.2019.198.01.18.46,TAM,2019.198.01.18.46,unlabelled,,,,,0,0,0.0,0.0,,,7.598999977111816,-73.31900024414062,20.61,2.0,6.435441,-71.791355,462.0,212.24,307.41
TAM.2019.199.06.44.58,TAM,2019.199.06.44.58,unlabelled,,,,,0,0,0.0,0.0,,,7.484000205993652,-72.84700012207031,0.31,1.6,6.435441,-71.791355,462.0,164.48,314.89
TAM.2019.200.00.22.05,TAM,2019.200.00.22.05,unlabelled,,,,,0,0,0.0,0.0,,,7.447999954223633,-73.24800109863281,21.15,1.5,6.435441,-71.791355,462.0,196.09,304.91
TAM.2019.200.00.36.16,TAM,2019.200.00.36.16,unlabelled,,,,,0,0,0.0,0.0,,,6.093999862670898,-74.25499725341797,19.8,1.8,6.435441,-71.791355,462.0,275.23,262.25
TAM.2019.201.08.36.58,TAM,2019.201.08.36.58,unlabelled,,,,,0,0,0.0,0.0,,,6.38700008392334,-73.40899658203125,3.72,1.5,6.435441,-71.791355,462.0,179.04,268.38
TAM.2019.202.08.18.16,TAM,2019.202.08.18.16,unlabelled,,,,,0,0,0.0,0.0,,,6.623000144958496,-73.27200317382812,30.28,1.5,6.435441,-71.791355,462.0,165.07,277.3
TAM.2019.202.16.45.31,TAM,2019.202.16.45.31,unlabelled,,,,,0,0,0.0,0.0,,,4.375,-73.76200103759766,11.52,1.5,6.435441,-71.791355,462.0,315.61,223.88
TAM.2019.203.06.01.16,TAM,2019.203.06.01.16,unlabelled,,,,,0,0,0.0,0.0,,,5.875999927520752,-73.19300079345703,0.38,1.6,6.435441,-71.791355,462.0,167.02,248.33
TAM.2019.204.18.46.20,TAM,2019.204.18.46.20,unlabelled,,,,,0,0,0.0,0.0,,,4.435999870300293,-73.23899841308594,0.0,1.5,6.435441,-71.791355,462.0,273.17,216.04
TAM.2019.206.00.37.22,TAM,2019.206.00.37.22,unlabelled,,,,,0,0,0.0,0.0,,,5.526000022888184,-74.34700012207031,3.82,2.3,6.435441,-71.791355,462.0,300.29,250.57
TAM.2019.207.01.54.23,TAM,2019.207.01.54.23,unlabelled,,,,,0,0,0.0,0.0,,,6.7789998054504395,-74.50199890136719,9.3,1.7,6.435441,-71.791355,462.0,302.15,277.38
TAM.2019.207.11.02.13,TAM,2019.207.11.02.13,unlabelled,,,,,0,0,0.0,0.0,,,5.177000045776367,-74.49700164794922,2.39,2.2,6.435441,-71.791355,462.0,330.39,245.23
TAM.2019.207.22.47.59,TAM,2019.207.22.47.59,unlabelled,,,,,0,0,0.0,0.0,,,5.203000068664551,-72.88400268554688,1.74,1.8,6.435441,-71.791355,462.0,182.26,221.66
TAM.2019.207.23.16.10,TAM,2019.207.23.16.10,unlabelled,,,,,0,0,0.0,0.0,,,5.2170000076293945,-74.52899932861328,0.0,1.9,6.435441,-71.791355,462.0,331.78,246.18
TAM.2019.210.08.04.39,TAM,2019.210.08.04.39,unlabelled,,,,,0,0,0.0,0.0,,,5.334000110626221,-73.19499969482422,18.45,1.5,6.435441,-71.791355,462.0,197.47,231.99
TAM.2019.211.22.11.25,TAM,2019.211.22.11.25,unlabelled,,,,,0,0,0.0,0.0,,,5.817999839782715,-73.03700256347656,1.6,1.7,6.435441,-71.791355,462.0,153.86,243.72
TAM.2020.269.03.00.58,TAM,2020.269.03.00.58,unlabelled,,,,,0,0,0.0,0.0,,,4.952000141143799,-72.99800109863281,-0.01,1.6,6.435441,-71.791355,462.0,211.6,219.23
TAM.2020.269.04.52.42,TAM,2020.269.04.52.42,unlabelled,,,,,0,0,0.0,0.0,,,5.697999954223633,-72.65299987792969,0.01,2.4,6.435441,-71.791355,462.0,125.49,229.52
TAM.2020.269.19.13.01,TAM,2020.269.19.13.01,unlabelled,,,,,0,0,0.0,0.0,,,7.64900016784668,-72.7229995727539,5.89,2.0,6.435441,-71.791355,462.0,169.14,322.57
TAM.2020.269.19.13.08,TAM,2020.269.19.13.08,unlabelled,,,,,0,0,0.0,0.0,,,7.633999824523926,-72.7770004272461,3.48,1.9,6.435441,-71.791355,462.0,171.55,320.65
TAM.2020.269.21.49.47,TAM,2020.269.21.49.47,unlabelled,,,,,0,0,0.0,0.0,,,5.991000175476074,-73.01300048828125,1.73,2.1,6.435441,-71.791355,462.0,143.86,250.09
TAM.2020.270.02.30.02,TAM,2020.270.02.30.02,unlabelled,,,,,0,0,0.0,0.0,,,6.2789998054504395,-72.74600219726562,3.3,1.5,6.435441,-71.791355,462.0,107.03,260.75
TAM.2020.272.14.03.49,TAM,2020.272.14.03.49,unlabelled,,,,,0,0,0.0,0.0,,,6.36899995803833,-74.78800201416016,11.86,1.7,6.435441,-71.791355,462.0,331.6,268.9
TAM.2020.273.10.39.47,TAM,2020.273.10.39.47,unlabelled,,,,,0,0,0.0,0.0,,,5.3420000076293945,-72.93699645996094,0.0,1.8,6.435441,-71.791355,462.0,175.26,226.43
TAM.2020.275.16.59.18,TAM,2020.275.16.59.18,unlabelled,,,,,0,0,0.0,0.0,,,5.526000022888184,-72.81500244140625,22.53,1.7,6.435441,-71.791355,462.0,151.52,228.47
TAM.2020.278.08.43.01,TAM,2020.278.08.43.01,unlabelled,,,,,0,0,0.0,0.0,,,5.590000152587891,-73.73400115966797,112.54,1.7,6.435441,-71.791355,462.0,234.51,246.61
TAM.2020.278.19.59.24,TAM,2020.278.19.59.24,unlabelled,,,,,0,0,0.0,0.0,,,5.166999816894531,-73.0719985961914,12.93,1.7,6.435441,-71.791355,462.0,199.48,225.38
TAM.2020.279.07.42.51,TAM,2020.279.07.42.51,unlabelled,,,,,0,0,0.0,0.0,,,5.388999938964844,-72.96900177001953,19.26,1.6,6.435441,-71.791355,462.0,174.34,228.48
TAM.2020.279.12.40.42,TAM,2020.279.12.40.42,unlabelled,,,,,0,0,0.0,0.0,,,6.349999904632568,-74.572998046875,24.07,1.8,6.435441,-71.791355,462.0,307.88,268.4
TAM.2020.280.17.13.50,TAM,2020.280.17.13.50,unlabelled,,,,,0,0,0.0,0.0,,,7.357999801635742,-74.20999908447266,3.35,1.7,6.435441,-71.791355,462.0,286.11,291.03
TAM.2020.281.06.40.37,TAM,2020.281.06.40.37,unlabelled,,,,,0,0,0.0,0.0,,,5.059000015258789,-73.27200317382812,18.79,1.8,6.435441,-71.791355,462.0,223.75,227.21
TAM.2020.282.00.55.12,TAM,2020.282.00.55.12,unlabelled,,,,,0,0,0.0,0.0,,,5.13100004196167,-73.0780029296875,16.45,2.1,6.435441,-71.791355,462.0,202.77,224.72
TAM.2020.282.18.55.51,TAM,2020.282.18.55.51,unlabelled,,,,,0,0,0.0,0.0,,,7.355999946594238,-74.1719970703125,5.01,2.4,6.435441,-71.791355,462.0,282.11,291.29
TAM.2020.284.07.55.02,TAM,2020.284.07.55.02,unlabelled,,,,,0,0,0.0,0.0,,,4.309999942779541,-73.68800354003906,0.45,2.8,6.435441,-71.791355,462.0,315.32,221.9
TAM.2020.284.20.11.14,TAM,2020.284.20.11.14,unlabelled,,,,,0,0,0.0,0.0,,,5.126999855041504,-73.05400085449219,3.61,1.8,6.435441,-71.791355,462.0,201.23,224.09
TAM.2020.286.05.27.15,TAM,2020.286.05.27.15,unlabelled,,,,,0,0,0.0,0.0,,,5.21999979019165,-72.97799682617188,16.45,2.2,6.435441,-71.791355,462.0,187.98,224.42
TAM.2020.287.03.34.43,TAM,2020.287.03.34.43,unlabelled,,,,,0,0,0.0,0.0,,,4.480999946594238,-73.2249984741211,28.63,1.8,6.435441,-71.791355,462.0,268.24,216.39
TAM.2020.289.20.35.37,TAM,2020.289.20.35.37,unlabelled,,,,,0,0,0.0,0.0,,,6.415999889373779,-74.26899719238281,15.39,1.5,6.435441,-71.791355,462.0,274.1,269.69
TAM.2020.290.01.17.08,TAM,2020.290.01.17.08,unlabelled,,,,,0,0,0.0,0.0,,,7.572000026702881,-72.99099731445312,8.7,1.6,6.435441,-71.791355,462.0,182.67,313.55
TAM.2020.290.16.56.55,TAM,2020.290.16.56.55,unlabelled,,,,,0,0,0.0,0.0,,,7.502999782562256,-73.30000305175781,19.47,2.0,6.435441,-71.791355,462.0,204.28,305.4
TAM.2020.291.02.28.01,TAM,2020.291.02.28.01,unlabelled,,,,,0,0,0.0,0.0,,,5.688000202178955,-73.41600036621094,11.99,2.0,6.435441,-71.791355,462.0,197.93,245.4
TAM.2020.291.12.13.45,TAM,2020.291.12.13.45,unlabelled,,,,,0,0,0.0,0.0,,,7.498000144958496,-74.4280014038086,26.51,1.8,6.435441,-71.791355,462.0,314.16,292.12
TAM.2020.291.17.34.35,TAM,2020.291.17.34.35,unlabelled,,,,,0,0,0.0,0.0,,,5.959000110626221,-74.3219985961914,3.51,1.6,6.435441,-71.791355,462.0,284.99,259.48
TAM.2020.291.20.44.32,TAM,2020.291.20.44.32,unlabelled,,,,,0,0,0.0,0.0,,,5.21999979019165,-73.05500030517578,12.93,2.0,6.435441,-71.791355,462.0,194.04,226.22
TAM.2020.293.19.19.27,TAM,2020.293.19.19.27,unlabelled,,,,,0,0,0.0,0.0,,,7.188000202178955,-73.47200012207031,30.3,1.6,6.435441,-71.791355,462.0,203.57,294.23
TAM.2020.293.23.54.31,TAM,2020.293.23.54.31,unlabelled,,,,,0,0,0.0,0.0,,,7.0929999351501465,-74.14600372314453,1.83,2.3,6.435441,-71.791355,462.0,270.27,285.74
TAM.2020.294.10.46.25,TAM,2020.294.10.46.25,unlabelled,,,,,0,0,0.0,0.0,,,4.494999885559082,-73.57499694824219,39.0,3.2,6.435441,-71.791355,462.0,291.74,222.74
TAM.2020.294.22.36.50,TAM,2020.294.22.36.50,unlabelled,,,,,0,0,0.0,0.0,,,5.310999870300293,-72.58300018310547,11.05,1.6,6.435441,-71.791355,462.0,152.14,215.23
TAM.2020.297.15.36.28,TAM,2020.297.15.36.28,unlabelled,,,,,0,0,0.0,0.0,,,5.25,-72.34300231933594,13.16,1.9,6.435441,-71.791355,462.0,144.63,205.02
TAM.2020.297.16.19.01,TAM,2020.297.16.19.01,unlabelled,,,,,0,0,0.0,0.0,,,5.067999839782715,-73.2030029296875,0.0,1.5,6.435441,-71.791355,462.0,217.52,226.03
TAM.2020.298.16.06.11,TAM,2020.298.16.06.11,unlabelled,,,,,0,0,0.0,0.0,,,5.89900016784668,-74.63899993896484,3.57,1.5,6.435441,-71.791355,462.0,320.71,259.5
TAM.2020.298.18.20.01,TAM,2020.298.18.20.01,unlabelled,,,,,0,0,0.0,0.0,,,5.160999774932861,-73.01300048828125,2.49,2.2,6.435441,-71.791355,462.0,195.37,223.9
TAM.2020.299.14.51.24,TAM,2020.299.14.51.24,unlabelled,,,,,0,0,0.0,0.0,,,6.504000186920166,-74.12699890136719,21.56,1.7,6.435441,-71.791355,462.0,258.47,271.81
TAM.2020.299.19.34.43,TAM,2020.299.19.34.43,unlabelled,,,,,0,0,0.0,0.0,,,5.640999794006348,-73.45600128173828,15.98,1.5,6.435441,-71.791355,462.0,204.16,244.6
TAM.2020.300.01.38.18,TAM,2020.300.01.38.18,unlabelled,,,,,0,0,0.0,0.0,,,6.715000152587891,-73.01699829101562,0.05,1.5,6.435441,-71.791355,462.0,139.03,282.92
TAM.2020.300.23.42.01,TAM,2020.300.23.42.01,unlabelled,,,,,0,0,0.0,0.0,,,5.110000133514404,-73.20999908447266,15.98,1.8,6.435441,-71.791355,462.0,214.88,227.06
TAM.2020.301.06.33.49,TAM,2020.301.06.33.49,unlabelled,,,,,0,0,0.0,0.0,,,6.238999843597412,-74.38500213623047,7.69,1.6,6.435441,-71.791355,462.0,287.79,265.81
TAM.2020.301.09.57.59,TAM,2020.301.09.57.59,unlabelled,,,,,0,0,0.0,0.0,,,5.684000015258789,-72.66100311279297,16.91,1.9,6.435441,-71.791355,462.0,127.18,229.25
TAM.2020.302.23.19.27,TAM,2020.302.23.19.27,unlabelled,,,,,0,0,0.0,0.0,,,5.135000228881836,-73.0009994506836,10.82,1.9,6.435441,-71.791355,462.0,196.55,223.04
TAM.2020.304.15.26.20,TAM,2020.304.15.26.20,unlabelled,,,,,0,0,0.0,0.0,,,5.248000144958496,-73.2249984741211,4.1,1.9,6.435441,-71.791355,462.0,206.03,230.48
TAM.2020.306.11.31.24,TAM,2020.306.11.31.24,unlabelled,,,,,0,0,0.0,0.0,,,5.64900016784668,-73.46199798583984,15.39,1.5,6.435441,-71.791355,462.0,204.38,244.91
TAM.2020.306.16.35.04,TAM,2020.306.16.35.04,unlabelled,,,,,0,0,0.0,0.0,,,7.473999977111816,-74.5989990234375,36.13,2.6,6.435441,-71.791355,462.0,330.83,290.48
TAM.2020.308.14.51.24,TAM,2020.308.14.51.24,unlabelled,,,,,0,0,0.0,0.0,,,5.190999984741211,-73.09400177001953,19.14,1.8,6.435441,-71.791355,462.0,199.38,226.42
TAM.2020.311.10.43.48,TAM,2020.311.10.43.48,unlabelled,,,,,0,0,0.0,0.0,,,4.9070000648498535,-73.2020034790039,16.91,2.0,6.435441,-71.791355,462.0,230.19,222.83
TAM.2020.312.23.03.45,TAM,2020.312.23.03.45,unlabelled,,,,,0,0,0.0,0.0,,,6.28000020980835,-73.16200256347656,15.51,2.0,6.435441,-71.791355,462.0,152.62,263.61
TAM.2020.314.12.53.46,TAM,2020.314.12.53.46,unlabelled,,,,,0,0,0.0,0.0,,,6.651000022888184,-74.56300354003906,13.0,1.5,6.435441,-71.791355,462.0,307.47,274.6
TAM.2020.317.14.29.11,TAM,2020.317.14.29.11,unlabelled,,,,,0,0,0.0,0.0,,,5.422999858856201,-72.39800262451172,0.0,1.9,6.435441,-71.791355,462.0,130.57,210.99
TAM.2020.317.15.24.43,TAM,2020.317.15.24.43,unlabelled,,,,,0,0,0.0,0.0,,,4.445000171661377,-73.19499969482422,0.0,1.6,6.435441,-71.791355,462.0,269.52,215.32
TAM.2020.318.03.47.34,TAM,2020.318.03.47.34,unlabelled,,,,,0,0,0.0,0.0,,,6.243000030517578,-74.35399627685547,11.96,1.9,6.435441,-71.791355,462.0,284.34,265.85
TAM.2020.320.05.53.16,TAM,2020.320.05.53.16,unlabelled,,,,,0,0,0.0,0.0,,,7.079999923706055,-72.2969970703125,16.33,1.8,6.435441,-71.791355,462.0,90.59,321.93
TAM.2020.322.14.22.20,TAM,2020.322.14.22.20,unlabelled,,,,,0,0,0.0,0.0,,,5.64300012588501,-73.02100372314453,2.78,1.7,6.435441,-71.791355,462.0,161.9,237.29
TAM.2020.325.17.20.05,TAM,2020.325.17.20.05,unlabelled,,,,,0,0,0.0,0.0,,,7.355999946594238,-74.17500305175781,1.76,2.3,6.435441,-71.791355,462.0,282.42,291.27
TAM.2020.325.17.54.29,TAM,2020.325.17.54.29,unlabelled,,,,,0,0,0.0,0.0,,,4.809999942779541,-73.36699676513672,3.85,1.8,6.435441,-71.791355,462.0,250.56,224.24
TAM.2020.326.10.00.06,TAM,2020.326.10.00.06,unlabelled,,,,,0,0,0.0,0.0,,,4.833000183105469,-73.17400360107422,19.26,1.8,6.435441,-71.791355,462.0,234.23,220.91
TAM.2020.326.15.08.08,TAM,2020.326.15.08.08,unlabelled,,,,,0,0,0.0,0.0,,,7.480000019073486,-74.09700012207031,6.67,1.8,6.435441,-71.791355,462.0,279.75,294.53
TAM.2020.326.16.43.46,TAM,2020.326.16.43.46,unlabelled,,,,,0,0,0.0,0.0,,,5.10099983215332,-73.06199645996094,2.98,1.8,6.435441,-71.791355,462.0,203.92,223.71
TAM.2020.327.18.41.39,TAM,2020.327.18.41.39,unlabelled,,,,,0,0,0.0,0.0,,,5.711999893188477,-72.6050033569336,0.0,1.7,6.435441,-71.791355,462.0,120.47,228.43
TAM.2020.328.10.38.15,TAM,2020.328.10.38.15,unlabelled,,,,,0,0,0.0,0.0,,,6.576000213623047,-73.45899963378906,9.27,2.8,6.435441,-71.791355,462.0,185.11,274.91
TAM.2020.330.04.38.19,TAM,2020.330.04.38.19,unlabelled,,,,,0,0,0.0,0.0,,,6.684999942779541,-73.01000213623047,13.63,1.8,6.435441,-71.791355,462.0,137.57,281.64
TAM.2020.333.00.21.26,TAM,2020.333.00.21.26,unlabelled,,,,,0,0,0.0,0.0,,,5.645999908447266,-73.03099822998047,9.88,2.2,6.435441,-71.791355,462.0,162.65,237.6
TAM.2020.334.03.17.24,TAM,2020.334.03.17.24,unlabelled,,,,,0,0,0.0,0.0,,,7.5970001220703125,-72.6729965209961,15.98,2.4,6.435441,-71.791355,462.0,161.22,322.88
TAM.2020.336.20.24.42,TAM,2020.336.20.24.42,unlabelled,,,,,0,0,0.0,0.0,,,7.210000038146973,-74.36399841308594,10.95,2.2,6.435441,-71.791355,462.0,296.99,286.91
TAM.2020.338.09.34.34,TAM,2020.338.09.34.34,unlabelled,,,,,0,0,0.0,0.0,,,5.1579999923706055,-72.98300170898438,0.0,1.5,6.435441,-71.791355,462.0,193.32,223.12
TAM.2020.339.20.05.26,TAM,2020.339.20.05.26,unlabelled,,,,,0,0,0.0,0.0,,,3.684000015258789,-72.68299865722656,0.0,1.8,6.435441,-71.791355,462.0,319.92,198.04
TAM.2020.340.10.10.47,TAM,2020.340.10.10.47,unlabelled,,,,,0,0,0.0,0.0,,,5.735000133514404,-72.55400085449219,5.5,1.6,6.435441,-71.791355,462.0,114.57,227.5
TAM.2020.342.09.22.27,TAM,2020.342.09.22.27,unlabelled,,,,,0,0,0.0,0.0,,,7.01200008392334,-72.25,15.86,1.5,6.435441,-71.791355,462.0,81.47,321.53
TAM.2020.343.19.15.44,TAM,2020.343.19.15.44,unlabelled,,,,,0,0,0.0,0.0,,,5.97599983215332,-74.22599792480469,15.67,1.5,6.435441,-71.791355,462.0,274.19,259.45
TAM.2020.343.23.52.25,TAM,2020.343.23.52.25,unlabelled,,,,,0,0,0.0,0.0,,,5.460999965667725,-72.6760025024414,15.98,1.9,6.435441,-71.791355,462.0,145.62,222.32
TAM.2020.344.19.46.46,TAM,2020.344.19.46.46,unlabelled,,,,,0,0,0.0,0.0,,,7.0970001220703125,-72.38099670410156,-0.01,1.6,6.435441,-71.791355,462.0,97.99,318.33
TAM.2020.349.08.16.39,TAM,2020.349.08.16.39,unlabelled,,,,,0,0,0.0,0.0,,,5.048999786376953,-73.27100372314453,0.0,1.7,6.435441,-71.791355,462.0,224.42,226.99
TAM.2020.351.20.24.42,TAM,2020.351.20.24.42,unlabelled,,,,,0,0,0.0,0.0,,,5.377999782562256,-72.8759994506836,13.05,2.0,6.435441,-71.791355,462.0,167.63,225.82
TAM.2020.352.19.18.55,TAM,2020.352.19.18.55,unlabelled,,,,,0,0,0.0,0.0,,,6.548999786376953,-73.05000305175781,-0.06,1.5,6.435441,-71.791355,462.0,139.78,275.23
TAM.2020.353.01.03.48,TAM,2020.353.01.03.48,unlabelled,,,,,0,0,0.0,0.0,,,7.258999824523926,-73.44999694824219,12.38,2.1,6.435441,-71.791355,462.0,204.71,296.51
TAM.2020.353.07.29.37,TAM,2020.353.07.29.37,unlabelled,,,,,0,0,0.0,0.0,,,5.519000053405762,-74.45800018310547,30.98,2.2,6.435441,-71.791355,462.0,312.15,251.2
TAM.2020.353.23.48.30,TAM,2020.353.23.48.30,unlabelled,,,,,0,0,0.0,0.0,,,5.031000137329102,-72.64299774169922,0.14,1.6,6.435441,-71.791355,462.0,181.71,211.32
TAM.2020.355.21.56.43,TAM,2020.355.21.56.43,unlabelled,,,,,0,0,0.0,0.0,,,6.047999858856201,-73.197998046875,12.46,1.7,6.435441,-71.791355,462.0,161.45,254.69
TAM.2020.357.23.50.03,TAM,2020.357.23.50.03,unlabelled,,,,,0,0,0.0,0.0,,,4.373000144958496,-73.82599639892578,7.3,1.5,6.435441,-71.791355,462.0,320.72,224.77
TAM.2020.360.14.55.52,TAM,2020.360.14.55.52,unlabelled,,,,,0,0,0.0,0.0,,,5.736999988555908,-72.70099639892578,-0.02,1.7,6.435441,-71.791355,462.0,126.91,232.56
TAM.2020.361.04.59.55,TAM,2020.361.04.59.55,unlabelled,,,,,0,0,0.0,0.0,,,5.804999828338623,-73.10900115966797,0.07,1.5,6.435441,-71.791355,462.0,161.66,244.52
TAM.2020.363.23.20.15,TAM,2020.363.23.20.15,unlabelled,,,,,0,0,0.0,0.0,,,6.414999961853027,-73.70099639892578,0.88,1.6,6.435441,-71.791355,462.0,211.27,269.49
TAM.2020.363.23.52.10,TAM,2020.363.23.52.10,unlabelled,,,,,0,0,0.0,0.0,,,6.426000118255615,-73.69200134277344,-0.41,1.8,6.435441,-71.791355,462.0,210.26,269.82
TAM.2020.366.19.58.04,TAM,2020.366.19.58.04,unlabelled,,,,,0,0,0.0,0.0,,,4.966000080108643,-72.7979965209961,11.76,2.0,6.435441,-71.791355,462.0,197.08,214.51
TAM.2020.366.23.05.12,TAM,2020.366.23.05.12,unlabelled,,,,,0,0,0.0,0.0,,,6.535999774932861,-74.6050033569336,6.66,1.5,6.435441,-71.791355,462.0,311.42,272.2
TAM.2021.001.20.11.32,TAM,2021.001.20.11.32,unlabelled,,,,,0,0,0.0,0.0,,,6.658999919891357,-74.37899780273438,21.94,1.8,6.435441,-71.791355,462.0,287.25,275.08
TAM.2021.003.11.01.36,TAM,2021.003.11.01.36,unlabelled,,,,,0,0,0.0,0.0,,,5.843999862670898,-72.62000274658203,3.29,1.9,6.435441,-71.791355,462.0,112.65,234.55
TAM.2021.003.13.23.36,TAM,2021.003.13.23.36,unlabelled,,,,,0,0,0.0,0.0,,,6.936999797821045,-72.31099700927734,8.58,1.8,6.435441,-71.791355,462.0,79.86,314.02
TAM.2021.005.04.57.10,TAM,2021.005.04.57.10,unlabelled,,,,,0,0,0.0,0.0,,,7.228000164031982,-72.50700378417969,20.55,1.7,6.435441,-71.791355,462.0,118.07,317.98
TAM.2021.006.15.39.22,TAM,2021.006.15.39.22,unlabelled,,,,,0,0,0.0,0.0,,,6.504000186920166,-73.55899810791016,15.76,1.7,6.435441,-71.791355,462.0,195.68,272.32
TAM.2021.006.19.33.02,TAM,2021.006.19.33.02,unlabelled,,,,,0,0,0.0,0.0,,,5.085000038146973,-73.08100128173828,0.0,2.1,6.435441,-71.791355,462.0,206.65,223.79
TAM.2021.007.06.31.33,TAM,2021.007.06.31.33,unlabelled,,,,,0,0,0.0,0.0,,,5.164000034332275,-72.9990005493164,4.31,1.5,6.435441,-71.791355,462.0,194.06,223.63
TAM.2021.009.02.10.10,TAM,2021.009.02.10.10,unlabelled,,,,,0,0,0.0,0.0,-1.69,,7.47599983215332,-72.15899658203125,0.0,1.8,6.435441,-71.791355,462.0,122.04,340.58
TAM.2021.011.07.40.04,TAM,2021.011.07.40.04,unlabelled,,,,,0,0,0.0,0.0,,,5.150000095367432,-73.10399627685547,12.93,1.8,6.435441,-71.791355,462.0,203.33,225.71
TAM.2021.013.07.15.23,TAM,2021.013.07.15.23,unlabelled,,,,,0,0,0.0,0.0,,,5.192999839782715,-73.0780029296875,0.0,1.6,6.435441,-71.791355,462.0,197.95,226.11
TAM.2021.013.10.00.32,TAM,2021.013.10.00.32,unlabelled,,,,,0,0,0.0,0.0,,,5.116000175476074,-72.96800231933594,3.25,1.6,6.435441,-71.791355,462.0,195.64,221.83
TAM.2021.013.13.12.32,TAM,2021.013.13.12.32,unlabelled,,,,,0,0,0.0,0.0,,,5.085999965667725,-72.96700286865234,3.45,1.5,6.435441,-71.791355,462.0,198.05,221.17
TAM.2021.014.15.12.03,TAM,2021.014.15.12.03,unlabelled,,,,,0,0,0.0,0.0,,,6.09499979019165,-74.19599914550781,19.2,1.6,6.435441,-71.791355,462.0,268.75,262.08
TAM.2021.016.09.52.15,TAM,2021.016.09.52.15,unlabelled,,,,,0,0,0.0,0.0,,,5.070000171661377,-73.19300079345703,15.51,1.6,6.435441,-71.791355,462.0,216.57,225.87
TAM.2021.016.13.10.21,TAM,2021.016.13.10.21,unlabelled,,,,,0,0,0.0,0.0,,,7.3520002365112305,-73.81099700927734,14.84,1.5,6.435441,-71.791355,462.0,245.15,294.54
TAM.2021.017.14.40.16,TAM,2021.017.14.40.16,unlabelled,,,,,0,0,0.0,0.0,,,5.8480000495910645,-72.59600067138672,-0.38,1.5,6.435441,-71.791355,462.0,110.24,233.94
TAM.2021.018.21.12.59,TAM,2021.018.21.12.59,unlabelled,,,,,0,0,0.0,0.0,,,4.400000095367432,-73.78900146484375,10.88,1.7,6.435441,-71.791355,462.0,315.71,224.62
TAM.2021.019.00.40.55,TAM,2021.019.00.40.55,unlabelled,,,,,0,0,0.0,0.0,,,4.4770002365112305,-73.56800079345703,15.27,1.5,6.435441,-71.791355,462.0,292.68,222.36
TAM.2021.019.14.06.18,TAM,2021.019.14.06.18,unlabelled,,,,,0,0,0.0,0.0,,,5.1539998054504395,-73.08399963378906,13.63,1.7,6.435441,-71.791355,462.0,201.44,225.36
TAM.2021.019.17.40.41,TAM,2021.019.17.40.41,unlabelled,,,,,0,0,0.0,0.0,,,5.7769999504089355,-72.9990005493164,12.7,1.5,6.435441,-71.791355,462.0,152.22,241.49
TAM.2021.020.16.15.31,TAM,2021.020.16.15.31,unlabelled,,,,,0,0,0.0,0.0,,,5.671000003814697,-74.37300109863281,30.51,1.9,6.435441,-71.791355,462.0,298.03,253.66
TAM.2021.021.20.53.12,TAM,2021.021.20.53.12,unlabelled,,,,,0,0,0.0,0.0,,,7.554999828338623,-73.11900329589844,19.96,1.9,6.435441,-71.791355,462.0,191.96,310.24
TAM.2021.024.00.11.20,TAM,2021.024.00.11.20,unlabelled,,,,,0,0,0.0,0.0,,,6.0960001945495605,-74.21499633789062,15.79,1.9,6.435441,-71.791355,462.0,270.81,262.17
TAM.2021.025.12.41.19,TAM,2021.025.12.41.19,unlabelled,,,,,0,0,0.0,0.0,,,4.433000087738037,-73.77300262451172,13.4,1.8,6.435441,-71.791355,462.0,311.86,224.86
TAM.2021.029.19.31.17,TAM,2021.029.19.31.17,unlabelled,,,,,0,0,0.0,0.0,,,6.923999786376953,-72.35800170898438,26.29,2.7,6.435441,-71.791355,462.0,82.73,310.81
TAM.2021.031.13.48.46,TAM,2021.031.13.48.46,unlabelled,,,,,0,0,0.0,0.0,,,6.057000160217285,-74.31300354003906,6.7,1.9,6.435441,-71.791355,462.0,282.17,261.61
TAM.2021.032.18.07.31,TAM,2021.032.18.07.31,unlabelled,,,,,0,0,0.0,0.0,,,6.373000144958496,-74.0510025024414,34.21,1.7,6.435441,-71.791355,462.0,250.08,268.54
TAM.2021.035.18.52.28,TAM,2021.035.18.52.28,unlabelled,,,,,0,0,0.0,0.0,,,5.263999938964844,-72.5510025024414,0.0,1.8,6.435441,-71.791355,462.0,154.46,213.04
TAM.2021.036.11.27.30,TAM,2021.036.11.27.30,unlabelled,,,,,0,0,0.0,0.0,,,7.091000080108643,-74.15699768066406,5.84,1.5,6.435441,-71.791355,462.0,271.38,285.63
TAM.2021.036.17.21.13,TAM,2021.036.17.21.13,unlabelled,,,,,0,0,0.0,0.0,,,5.728000164031982,-73.44400024414062,15.98,1.9,6.435441,-71.791355,462.0,198.97,246.94
TAM.2021.036.18.25.51,TAM,2021.036.18.25.51,unlabelled,,,,,0,0,0.0,0.0,,,4.817999839782715,-73.4729995727539,19.02,1.5,6.435441,-71.791355,462.0,258.26,226.25
TAM.2021.037.10.27.04,TAM,2021.037.10.27.04,unlabelled,,,,,0,0,0.0,0.0,,,5.126999855041504,-72.94100189208984,19.73,1.9,6.435441,-71.791355,462.0,192.74,221.41
TAM.2021.038.03.37.33,TAM,2021.038.03.37.33,unlabelled,,,,,0,0,0.0,0.0,,,5.258999824523926,-73.0979995727539,13.05,1.7,6.435441,-71.791355,462.0,194.59,228.11
TAM.2021.038.07.23.32,TAM,2021.038.07.23.32,unlabelled,,,,,0,0,0.0,0.0,,,4.795000076293945,-73.37699890136719,19.73,1.7,6.435441,-71.791355,462.0,252.52,224.16
TAM.2021.040.09.43.15,TAM,2021.040.09.43.15,unlabelled,,,,,0,0,0.0,0.0,,,5.39900016784668,-73.572998046875,25.62,1.5,6.435441,-71.791355,462.0,228.16,239.94
TAM.2021.041.02.12.49,TAM,2021.041.02.12.49,unlabelled,,,,,0,0,0.0,0.0,,,7.0229997634887695,-72.0979995727539,25.99,1.8,6.435441,-71.791355,462.0,73.29,332.46
TAM.2021.041.10.58.07,TAM,2021.041.10.58.07,unlabelled,,,,,0,0,0.0,0.0,,,7.243000030517578,-72.84600067138672,4.34,1.8,6.435441,-71.791355,462.0,146.85,307.52
TAM.2021.041.13.04.25,TAM,2021.041.13.04.25,unlabelled,,,,,0,0,0.0,0.0,,,5.665999889373779,-73.072998046875,13.05,1.5,6.435441,-71.791355,462.0,165.44,239.12
TAM.2021.043.08.26.46,TAM,2021.043.08.26.46,unlabelled,,,,,0,0,0.0,0.0,,,7.073999881744385,-74.73699951171875,4.51,1.8,6.435441,-71.791355,462.0,333.21,282.41
TAM.2021.044.01.45.48,TAM,2021.044.01.45.48,unlabelled,,,,,0,0,0.0,0.0,,,4.7769999504089355,-73.37999725341797,15.86,1.6,6.435441,-71.791355,462.0,254.19,223.9
TAM.2021.044.05.40.22,TAM,2021.044.05.40.22,unlabelled,,,,,0,0,0.0,0.0,,,5.2789998054504395,-72.77999877929688,2.68,1.8,6.435441,-71.791355,462.0,168.35,220.62
TAM.2021.044.14.38.19,TAM,2021.044.14.38.19,unlabelled,,,,,0,0,0.0,0.0,,,5.4070000648498535,-72.74800109863281,0.0,2.4,6.435441,-71.791355,462.0,155.42,223.02
TAM.2021.048.07.41.25,TAM,2021.048.07.41.25,unlabelled,,,,,0,0,0.0,0.0,,,5.775000095367432,-72.2959976196289,3.7,1.5,6.435441,-71.791355,462.0,91.95,217.44
TAM.2021.048.11.10.49,TAM,2021.048.11.10.49,unlabelled,,,,,0,0,0.0,0.0,,,6.252999782562256,-74.23899841308594,15.24,2.4,6.435441,-71.791355,462.0,271.56,265.88
TAM.2021.049.18.16.57,TAM,2021.049.18.16.57,unlabelled,,,,,0,0,0.0,0.0,,,5.672999858856201,-72.66799926757812,9.88,2.9,6.435441,-71.791355,462.0,128.56,229.06
TAM.2021.049.22.16.43,TAM,2021.049.22.16.43,unlabelled,,,,,0,0,0.0,0.0,,,4.5229997634887695,-73.34600067138672,13.98,1.9,6.435441,-71.791355,462.0,272.77,219.24
TAM.2021.052.13.02.55,TAM,2021.052.13.02.55,unlabelled,,,,,0,0,0.0,0.0,,,6.926000118255615,-74.73400115966797,19.73,1.7,6.435441,-71.791355,462.0,329.85,279.64
TAM.2021.053.05.36.36,TAM,2021.053.05.36.36,unlabelled,,,,,0,0,0.0,0.0,,,7.303999900817871,-74.23500061035156,2.61,1.5,6.435441,-71.791355,462.0,286.65,289.72
TAM.2021.054.10.34.40,TAM,2021.054.10.34.40,unlabelled,,,,,0,0,0.0,0.0,,,6.840000152587891,-74.75700378417969,3.42,1.6,6.435441,-71.791355,462.0,330.97,277.94
TAM.2021.055.07.57.41,TAM,2021.055.07.57.41,unlabelled,,,,,0,0,0.0,0.0,,,6.4019999504089355,-74.01899719238281,35.98,1.6,6.435441,-71.791355,462.0,246.46,269.26
TAM.2021.056.00.37.08,TAM,2021.056.00.37.08,unlabelled,,,,,0,0,0.0,0.0,,,6.046999931335449,-74.23799896240234,5.8,1.6,6.435441,-71.791355,462.0,274.14,261.12
TAM.2021.057.16.32.35,TAM,2021.057.16.32.35,unlabelled,,,,,0,0,0.0,0.0,,,7.620999813079834,-74.2490005493164,1.72,1.5,6.435441,-71.791355,462.0,301.53,295.92
TAM.2021.057.18.17.28,TAM,2021.057.18.17.28,unlabelled,,,,,0,0,0.0,0.0,,,7.623000144958496,-74.23100280761719,3.02,1.8,6.435441,-71.791355,462.0,299.84,296.12
TAM.2021.058.22.24.15,TAM,2021.058.22.24.15,unlabelled,,,,,0,0,0.0,0.0,,,6.447000026702881,-74.5790023803711,12.5,1.7,6.435441,-71.791355,462.0,308.38,270.39
TAM.2021.059.07.29.14,TAM,2021.059.07.29.14,unlabelled,,,,,0,0,0.0,0.0,-0.55,,5.302999973297119,-73.0719985961914,15.98,1.7,6.435441,-71.791355,462.0,189.2,228.62
TAM.2021.060.18.29.38,TAM,2021.060.18.29.38,unlabelled,,,,,0,0,0.0,0.0,,,5.168000221252441,-73.1259994506836,28.81,1.9,6.435441,-71.791355,462.0,203.7,226.59
TAM.2021.061.08.11.13,TAM,2021.061.08.11.13,unlabelled,,,,,0,0,0.0,0.0,,,7.2270002365112305,-73.77400207519531,21.43,1.7,6.435441,-71.791355,462.0,235.99,291.89
TAM.2021.061.15.49.10,TAM,2021.061.15.49.10,unlabelled,,,,,0,0,0.0,0.0,,,4.802999973297119,-73.25900268554688,5.41,1.7,6.435441,-71.791355,462.0,242.95,222.08
TAM.2021.062.03.03.41,TAM,2021.062.03.03.41,unlabelled,,,,,0,0,0.0,0.0,,,5.123000144958496,-72.6449966430664,0.0,1.9,6.435441,-71.791355,462.0,173.22,213.13
TAM.2021.064.08.02.58,TAM,2021.064.08.02.58,unlabelled,,,,,0,0,0.0,0.0,,,5.7230000495910645,-73.75499725341797,17.18,1.5,6.435441,-71.791355,462.0,231.21,250.18
TAM.2021.065.07.56.53,TAM,2021.065.07.56.53,unlabelled,,,,,0,0,0.0,0.0,,,5.747000217437744,-74.25399780273438,22.77,1.5,6.435441,-71.791355,462.0,283.03,254.53
TAM.2021.065.15.27.21,TAM,2021.065.15.27.21,unlabelled,,,,,0,0,0.0,0.0,,,5.644000053405762,-72.88500213623047,16.33,1.5,6.435441,-71.791355,462.0,149.39,234.2
TAM.2021.066.02.21.44,TAM,2021.066.02.21.44,unlabelled,,,,,0,0,0.0,0.0,,,6.36299991607666,-74.26100158691406,14.75,1.9,6.435441,-71.791355,462.0,273.34,268.46
TAM.2021.068.03.44.56,TAM,2021.068.03.44.56,unlabelled,,,,,0,0,0.0,0.0,,,6.364999771118164,-74.09100341796875,28.1,2.2,6.435441,-71.791355,462.0,254.53,268.37
TAM.2021.069.21.09.40,TAM,2021.069.21.09.40,unlabelled,,,,,0,0,0.0,0.0,,,4.863999843597412,-72.88400268554688,15.98,2.1,6.435441,-71.791355,462.0,211.78,214.91
TAM.2021.070.00.35.00,TAM,2021.070.00.35.00,unlabelled,,,,,0,0,0.0,0.0,,,3.8480000495910645,-72.79199981689453,2.21,1.8,6.435441,-71.791355,462.0,306.88,201.24
TAM.2021.070.13.48.47,TAM,2021.070.13.48.47,unlabelled,,,,,0,0,0.0,0.0,,,7.208000183105469,-73.80699920654297,29.63,1.7,6.435441,-71.791355,462.0,238.62,291.1
TAM.2021.070.22.39.25,TAM,2021.070.22.39.25,unlabelled,,,,,0,0,0.0,0.0,,,6.432000160217285,-73.51499938964844,23.13,1.8,6.435441,-71.791355,462.0,190.68,269.98
TAM.2021.071.00.27.07,TAM,2021.071.00.27.07,unlabelled,,,,,0,0,0.0,0.0,,,7.357999801635742,-72.03299713134766,0.03,1.8,6.435441,-71.791355,462.0,105.46,345.35
TAM.2021.072.18.12.22,TAM,2021.072.18.12.22,unlabelled,,,,,0,0,0.0,0.0,,,5.7729997634887695,-73.0739974975586,13.16,1.5,6.435441,-71.791355,462.0,159.76,242.78
TAM.2021.072.22.30.11,TAM,2021.072.22.30.11,unlabelled,,,,,0,0,0.0,0.0,,,5.144000053405762,-73.02899932861328,14.1,1.7,6.435441,-71.791355,462.0,197.95,223.89
TAM.2021.073.02.00.55,TAM,2021.073.02.00.55,unlabelled,,,,,0,0,0.0,0.0,,,7.369999885559082,-74.16300201416016,6.82,1.6,6.435441,-71.791355,462.0,281.75,291.66
TAM.2021.073.03.27.39,TAM,2021.073.03.27.39,unlabelled,,,,,0,0,0.0,0.0,,,5.979000091552734,-72.427001953125,21.95,1.6,6.435441,-71.791355,462.0,86.58,234.37
TAM.2021.074.01.38.32,TAM,2021.074.01.38.32,unlabelled,,,,,0,0,0.0,0.0,,,7.190999984741211,-74.5770034790039,31.63,1.7,6.435441,-71.791355,462.0,319.05,285.34
TAM.2021.074.15.02.05,TAM,2021.074.15.02.05,unlabelled,,,,,0,0,0.0,0.0,,,6.0269999504089355,-72.70800018310547,15.8,1.6,6.435441,-71.791355,462.0,111.04,246.05
TAM.2021.076.10.35.09,TAM,2021.076.10.35.09,unlabelled,,,,,0,0,0.0,0.0,,,6.177000045776367,-73.80799865722656,2.14,1.7,6.435441,-71.791355,462.0,224.96,262.81
TAM.2021.081.22.31.12,TAM,2021.081.22.31.12,unlabelled,,,,,0,0,0.0,0.0,,,4.663000106811523,-73.11199951171875,29.8,3.6,6.435441,-71.791355,462.0,244.6,216.81
TAM.2021.082.10.36.58,TAM,2021.082.10.36.58,unlabelled,,,,,0,0,0.0,0.0,,,5.855000019073486,-74.3499984741211,11.61,1.6,6.435441,-71.791355,462.0,290.38,257.37
TAM.2021.082.12.27.07,TAM,2021.082.12.27.07,unlabelled,,,,,0,0,0.0,0.0,,,7.414000034332275,-71.98300170898438,6.49,1.8,6.435441,-71.791355,462.0,110.27,348.94
TAM.2021.083.05.44.19,TAM,2021.083.05.44.19,unlabelled,,,,,0,0,0.0,0.0,,,6.60699987411499,-74.26399993896484,8.93,1.7,6.435441,-71.791355,462.0,274.14,274.11
TAM.2021.084.12.46.55,TAM,2021.084.12.46.55,unlabelled,,,,,0,0,0.0,0.0,,,4.703999996185303,-73.13300323486328,-0.02,1.6,6.435441,-71.791355,462.0,242.4,217.89
TAM.2021.087.06.48.12,TAM,2021.087.06.48.12,unlabelled,,,,,0,0,0.0,0.0,,,4.482999801635742,-73.54299926757812,33.26,2.2,6.435441,-71.791355,462.0,290.33,222.04
TAM.2021.087.10.25.38,TAM,2021.087.10.25.38,unlabelled,,,,,0,0,0.0,0.0,,,4.60699987411499,-73.39700317382812,15.39,1.6,6.435441,-71.791355,462.0,269.32,221.43
TAM.2021.087.15.52.09,TAM,2021.087.15.52.09,unlabelled,,,,,0,0,0.0,0.0,,,5.159999847412109,-73.0260009765625,-0.03,2.1,6.435441,-71.791355,462.0,196.45,224.18
TAM.2021.087.16.43.45,TAM,2021.087.16.43.45,unlabelled,,,,,0,0,0.0,0.0,,,5.126999855041504,-73.01200103759766,2.46,1.8,6.435441,-71.791355,462.0,198.02,223.12
TAM.2021.087.17.33.45,TAM,2021.087.17.33.45,unlabelled,,,,,0,0,0.0,0.0,,,6.565999984741211,-73.3759994506836,33.09,2.3,6.435441,-71.791355,462.0,175.87,274.8
TAM.2021.087.23.22.18,TAM,2021.087.23.22.18,unlabelled,,,,,0,0,0.0,0.0,,,5.263999938964844,-73.09600067138672,0.0,1.7,6.435441,-71.791355,462.0,194.05,228.19
TAM.2021.088.04.45.33,TAM,2021.088.04.45.33,unlabelled,,,,,0,0,0.0,0.0,,,4.48799991607666,-73.51499938964844,19.02,1.7,6.435441,-71.791355,462.0,287.85,221.66
TAM.2021.088.07.38.54,TAM,2021.088.07.38.54,unlabelled,,,,,0,0,0.0,0.0,,,5.105000019073486,-73.05799865722656,0.0,1.6,6.435441,-71.791355,462.0,203.29,223.7
TAM.2021.088.13.01.59,TAM,2021.088.13.01.59,unlabelled,,,,,0,0,0.0,0.0,,,5.203999996185303,-73.06199645996094,0.0,1.5,6.435441,-71.791355,462.0,195.82,226.01
TAM.2021.088.14.21.04,TAM,2021.088.14.21.04,unlabelled,,,,,0,0,0.0,0.0,,,5.166999816894531,-73.08200073242188,12.23,1.7,6.435441,-71.791355,462.0,200.27,225.61
TAM.2021.088.20.18.19,TAM,2021.088.20.18.19,unlabelled,,,,,0,0,0.0,0.0,,,4.910999774932861,-73.33399963378906,22.54,2.7,6.435441,-71.791355,462.0,240.04,225.47
TAM.2021.088.23.41.36,TAM,2021.088.23.41.36,unlabelled,,,,,0,0,0.0,0.0,,,6.599999904632568,-73.29900360107422,29.57,1.8,6.435441,-71.791355,462.0,167.74,276.31
TAM.2021.089.05.30.46,TAM,2021.089.05.30.46,unlabelled,,,,,0,0,0.0,0.0,,,5.235000133514404,-73.0780029296875,0.0,1.7,6.435441,-71.791355,462.0,194.75,227.09
TAM.2021.089.22.41.18,TAM,2021.089.22.41.18,unlabelled,,,,,0,0,0.0,0.0,,,4.796000003814697,-73.0009994506836,0.0,1.6,6.435441,-71.791355,462.0,225.45,216.53
TAM.2021.091.00.12.49,TAM,2021.091.00.12.49,unlabelled,,,,,0,0,0.0,0.0,,,4.747000217437744,-73.43699645996094,0.0,1.6,6.435441,-71.791355,462.0,260.97,224.4
TAM.2021.091.19.54.31,TAM,2021.091.19.54.31,unlabelled,,,,,0,0,0.0,0.0,,,5.130000114440918,-73.00700378417969,0.0,1.7,6.435441,-71.791355,462.0,197.4,223.07
TAM.2021.093.20.27.07,TAM,2021.093.20.27.07,unlabelled,,,,,0,0,0.0,0.0,,,6.565999984741211,-72.72799682617188,0.01,1.7,6.435441,-71.791355,462.0,104.6,277.99
TAM.2021.095.02.35.05,TAM,2021.095.02.35.05,unlabelled,,,,,0,0,0.0,0.0,,,4.385000228881836,-73.81199645996094,12.29,1.5,6.435441,-71.791355,462.0,318.68,224.74
TAM.2021.095.03.18.50,TAM,2021.095.03.18.50,unlabelled,,,,,0,0,0.0,0.0,,,5.885000228881836,-74.6050033569336,0.84,1.8,6.435441,-71.791355,462.0,317.31,259.09
TAM.2021.095.18.15.36,TAM,2021.095.18.15.36,unlabelled,,,,,0,0,0.0,0.0,,,6.089000225067139,-72.37100219726562,13.05,2.0,6.435441,-71.791355,462.0,74.71,239.18
TAM.2021.095.23.35.27,TAM,2021.095.23.35.27,unlabelled,,,,,0,0,0.0,0.0,,,6.683000087738037,-74.44999694824219,18.91,1.6,6.435441,-71.791355,462.0,295.31,275.47
TAM.2021.098.15.55.46,TAM,2021.098.15.55.46,unlabelled,,,,,0,0,0.0,0.0,,,6.133999824523926,-73.81400299072266,0.0,1.5,6.435441,-71.791355,462.0,226.28,261.64
TAM.2021.099.00.29.20,TAM,2021.099.00.29.20,unlabelled,,,,,0,0,0.0,0.0,,,5.992000102996826,-74.23200225830078,1.77,1.5,6.435441,-71.791355,462.0,274.52,259.84
TAM.2021.101.02.00.53,TAM,2021.101.02.00.53,unlabelled,,,,,0,0,0.0,0.0,,,5.666999816894531,-73.08399963378906,16.21,1.8,6.435441,-71.791355,462.0,166.43,239.37
TAM.2021.101.11.41.30,TAM,2021.101.11.41.30,unlabelled,,,,,0,0,0.0,0.0,,,5.835999965667725,-74.07099914550781,7.32,1.5,6.435441,-71.791355,462.0,260.89,255.4
TAM.2021.101.12.01.51,TAM,2021.101.12.01.51,unlabelled,,,,,0,0,0.0,0.0,,,5.906000137329102,-74.10800170898438,0.0,2.8,6.435441,-71.791355,462.0,263.0,257.26
TAM.2021.101.12.15.54,TAM,2021.101.12.15.54,unlabelled,,,,,0,0,0.0,0.0,,,5.857999801635742,-74.14099884033203,1.44,1.8,6.435441,-71.791355,462.0,267.79,256.33
TAM.2021.101.13.44.15,TAM,2021.101.13.44.15,unlabelled,,,,,0,0,0.0,0.0,,,5.656000137329102,-73.09700012207031,10.12,2.1,6.435441,-71.791355,462.0,168.29,239.26
TAM.2021.102.06.11.16,TAM,2021.102.06.11.16,unlabelled,,,,,0,0,0.0,0.0,,,5.182000160217285,-72.71499633789062,11.76,1.8,6.435441,-71.791355,462.0,172.27,216.47
TAM.2021.105.23.08.53,TAM,2021.105.23.08.53,unlabelled,,,,,0,0,0.0,0.0,,,6.374000072479248,-74.22599792480469,12.23,1.5,6.435441,-71.791355,462.0,269.43,268.69
TAM.2021.107.16.02.02,TAM,2021.107.16.02.02,unlabelled,,,,,0,0,0.0,0.0,,,5.829999923706055,-74.08300018310547,9.75,1.6,6.435441,-71.791355,462.0,262.34,255.34
TAM.2021.108.03.52.32,TAM,2021.108.03.52.32,unlabelled,,,,,0,0,0.0,0.0,,,6.440999984741211,-74.18900299072266,0.0,1.5,6.435441,-71.791355,462.0,265.23,270.27
TAM.2021.110.06.15.53,TAM,2021.110.06.15.53,unlabelled,,,,,0,0,0.0,0.0,,,5.619999885559082,-72.81099700927734,11.29,1.7,6.435441,-71.791355,462.0,144.48,231.43
TAM.2021.112.13.08.39,TAM,2021.112.13.08.39,unlabelled,,,,,0,0,0.0,0.0,,,6.215000152587891,-73.87100219726562,15.41,1.9,6.435441,-71.791355,462.0,231.39,264.07
TAM.2021.114.05.00.50,TAM,2021.114.05.00.50,unlabelled,,,,,0,0,0.0,0.0,,,6.267000198364258,-72.40899658203125,26.38,1.5,6.435441,-71.791355,462.0,70.83,254.79
TAM.2021.114.05.30.29,TAM,2021.114.05.30.29,unlabelled,,,,,0,0,0.0,0.0,,,7.224999904632568,-72.79499816894531,6.13,1.5,6.435441,-71.791355,462.0,141.18,308.26
TAM.2021.114.18.33.38,TAM,2021.114.18.33.38,unlabelled,,,,,0,0,0.0,0.0,,,6.27400016784668,-74.7040023803711,0.0,1.8,6.435441,-71.791355,462.0,322.75,266.99
TAM.2021.116.13.35.09,TAM,2021.116.13.35.09,unlabelled,,,,,0,0,0.0,0.0,,,6.939000129699707,-73.86100006103516,9.62,1.6,6.435441,-71.791355,462.0,235.51,283.8
TAM.2021.117.11.43.45,TAM,2021.117.11.43.45,unlabelled,,,,,0,0,0.0,0.0,,,5.120999813079834,-73.05400085449219,22.07,2.4,6.435441,-71.791355,462.0,201.71,223.96
TAM.2021.118.06.23.44,TAM,2021.118.06.23.44,unlabelled,,,,,0,0,0.0,0.0,,,7.307000160217285,-72.70099639892578,11.76,1.6,6.435441,-71.791355,462.0,139.28,313.85
TAM.2021.118.08.54.00,TAM,2021.118.08.54.00,unlabelled,,,,,0,0,0.0,0.0,,,7.03000020980835,-74.6719970703125,30.51,2.2,6.435441,-71.791355,462.0,325.19,281.83
TAM.2021.118.13.43.52,TAM,2021.118.13.43.52,unlabelled,,,,,0,0,0.0,0.0,,,7.322000026702881,-72.71800231933594,10.82,1.7,6.435441,-71.791355,462.0,141.78,313.81
TAM.2021.120.09.04.24,TAM,2021.120.09.04.24,unlabelled,,,,,0,0,0.0,0.0,,,7.146999835968018,-72.30599975585938,19.14,1.6,6.435441,-71.791355,462.0,97.1,324.16
TAM.2021.120.10.34.12,TAM,2021.120.10.34.12,unlabelled,,,,,0,0,0.0,0.0,,,7.178999900817871,-72.27300262451172,16.09,1.6,6.435441,-71.791355,462.0,97.96,327.11
TAM.2021.122.08.30.31,TAM,2021.122.08.30.31,unlabelled,,,,,0,0,0.0,0.0,,,5.257999897003174,-73.125,15.98,1.7,6.435441,-71.791355,462.0,196.89,228.67
TAM.2021.125.15.18.38,TAM,2021.125.15.18.38,unlabelled,,,,,0,0,0.0,0.0,,,6.854000091552734,-74.66999816894531,22.3,3.2,6.435441,-71.791355,462.0,321.66,278.44
TAM.2021.125.17.52.24,TAM,2021.125.17.52.24,unlabelled,,,,,0,0,0.0,0.0,,,5.855000019073486,-74.322998046875,0.03,1.5,6.435441,-71.791355,462.0,287.47,257.24
TAM.2021.125.18.27.22,TAM,2021.125.18.27.22,unlabelled,,,,,0,0,0.0,0.0,,,5.331999778747559,-72.96900177001953,17.85,3.2,6.435441,-71.791355,462.0,178.59,226.96
TAM.2021.125.21.20.39,TAM,2021.125.21.20.39,unlabelled,,,,,0,0,0.0,0.0,,,4.2270002365112305,-73.72000122070312,26.29,2.2,6.435441,-71.791355,462.0,324.55,221.29
TAM.2021.128.05.10.04,TAM,2021.128.05.10.04,unlabelled,,,,,0,0,0.0,0.0,,,5.426000118255615,-73.18900299072266,5.07,1.5,6.435441,-71.791355,462.0,190.82,234.27
TAM.2021.128.22.07.14,TAM,2021.128.22.07.14,unlabelled,,,,,0,0,0.0,0.0,,,7.485000133514404,-74.59700012207031,19.96,2.1,6.435441,-71.791355,462.0,331.05,290.69
TAM.2021.132.19.26.56,TAM,2021.132.19.26.56,unlabelled,,,,,0,0,0.0,0.0,,,7.063000202178955,-74.4469985961914,9.45,1.8,6.435441,-71.791355,462.0,301.68,283.45
TAM.2021.135.02.26.48,TAM,2021.135.02.26.48,unlabelled,,,,,0,0,0.0,0.0,,,6.064000129699707,-72.3949966430664,4.81,1.5,6.435441,-71.791355,462.0,78.42,238.45
TAM.2021.135.04.51.17,TAM,2021.135.04.51.17,unlabelled,,,,,0,0,0.0,0.0,,,5.288000106811523,-74.51699829101562,25.35,1.7,6.435441,-71.791355,462.0,327.42,247.34
TAM.2021.135.15.14.03,TAM,2021.135.15.14.03,unlabelled,,,,,0,0,0.0,0.0,,,6.084000110626221,-74.22899627685547,14.52,1.7,6.435441,-71.791355,462.0,272.53,261.94
TAM.2021.135.18.05.19,TAM,2021.135.18.05.19,unlabelled,,,,,0,0,0.0,0.0,,,7.36899995803833,-74.1760025024414,2.49,2.2,6.435441,-71.791355,462.0,283.04,291.53
TAM.2021.135.18.56.20,TAM,2021.135.18.56.20,unlabelled,,,,,0,0,0.0,0.0,,,7.184999942779541,-72.30999755859375,13.05,1.7,6.435441,-71.791355,462.0,100.79,325.36
TAM.2021.136.09.45.26,TAM,2021.136.09.45.26,unlabelled,,,,,0,0,0.0,0.0,,,7.3979997634887695,-72.51200103759766,13.16,1.6,6.435441,-71.791355,462.0,132.94,323.24
TAM.2021.137.01.09.12,TAM,2021.137.01.09.12,unlabelled,,,,,0,0,0.0,0.0,,,5.9120001792907715,-72.53199768066406,28.59,1.5,6.435441,-71.791355,462.0,100.35,234.81
TAM.2021.137.20.47.10,TAM,2021.137.20.47.10,unlabelled,,,,,0,0,0.0,0.0,,,5.948999881744385,-72.55500030517578,22.89,1.8,6.435441,-71.791355,462.0,100.18,237.57
TAM.2021.140.06.44.51,TAM,2021.140.06.44.51,unlabelled,,,,,0,0,0.0,0.0,-5.04,,6.377999782562256,-72.73400115966797,16.57,1.7,6.435441,-71.791355,462.0,104.48,266.57
TAM.2021.140.08.34.05,TAM,2021.140.08.34.05,unlabelled,,,,,0,0,0.0,0.0,,,4.357999801635742,-73.79000091552734,11.93,1.5,6.435441,-71.791355,462.0,319.12,224.05
TAM.2021.142.08.04.21,TAM,2021.142.08.04.21,unlabelled,,,,,0,0,0.0,0.0,,,6.951000213623047,-73.64199829101562,12.45,2.6,6.435441,-71.791355,462.0,212.41,285.68
TAM.2021.143.11.27.09,TAM,2021.143.11.27.09,unlabelled,,,,,0,0,0.0,0.0,-0.09,,7.310999870300293,-72.05999755859375,23.24,1.7,6.435441,-71.791355,462.0,101.28,342.97
TAM.2021.143.22.18.34,TAM,2021.143.22.18.34,unlabelled,,,,,0,0,0.0,0.0,,,6.960000038146973,-74.09200286865234,4.8,1.9,6.435441,-71.791355,462.0,260.9,282.98
TAM.2021.145.01.17.02,TAM,2021.145.01.17.02,unlabelled,,,,,0,0,0.0,0.0,,,5.177999973297119,-72.94400024414062,0.0,1.6,6.435441,-71.791355,462.0,188.76,222.61
TAM.2021.145.19.52.59,TAM,2021.145.19.52.59,unlabelled,,,,,0,0,0.0,0.0,,,6.203999996185303,-73.07599639892578,15.98,2.0,6.435441,-71.791355,462.0,144.43,259.86
TAM.2021.146.22.43.16,TAM,2021.146.22.43.16,unlabelled,,,,,0,0,0.0,0.0,,,4.36899995803833,-73.73100280761719,11.93,2.2,6.435441,-71.791355,462.0,313.73,223.35
TAM.2021.149.08.37.23,TAM,2021.149.08.37.23,unlabelled,,,,,0,0,0.0,0.0,,,6.01200008392334,-72.35299682617188,19.02,1.6,6.435441,-71.791355,462.0,77.82,233.04
TAM.2021.149.23.05.05,TAM,2021.149.23.05.05,unlabelled,,,,,0,0,0.0,0.0,,,7.283999919891357,-74.3219985961914,24.88,1.8,6.435441,-71.791355,462.0,295.03,288.69
TAM.2021.150.01.28.43,TAM,2021.150.01.28.43,unlabelled,,,,,0,0,0.0,0.0,,,7.204999923706055,-73.61399841308594,14.15,1.9,6.435441,-71.791355,462.0,218.71,293.01
TAM.2021.150.05.51.13,TAM,2021.150.05.51.13,unlabelled,,,,,0,0,0.0,0.0,,,5.926000118255615,-74.63500213623047,1.84,1.6,6.435441,-71.791355,462.0,319.73,260.01
TAM.2021.151.14.47.48,TAM,2021.151.14.47.48,unlabelled,,,,,0,0,0.0,0.0,,,7.4039998054504395,-72.86399841308594,11.76,1.6,6.435441,-71.791355,462.0,159.77,312.16
TAM.2021.152.18.37.35,TAM,2021.152.18.37.35,unlabelled,,,,,0,0,0.0,0.0,,,5.853000164031982,-72.61599731445312,22.54,1.8,6.435441,-71.791355,462.0,111.71,234.84
TAM.2021.153.03.17.50,TAM,2021.153.03.17.50,unlabelled,,,,,0,0,0.0,0.0,,,5.7829999923706055,-72.60600280761719,18.79,1.6,6.435441,-71.791355,462.0,115.49,231.38
TAM.2021.153.13.51.53,TAM,2021.153.13.51.53,unlabelled,,,,,0,0,0.0,0.0,,,6.420000076293945,-74.30599975585938,7.61,1.5,6.435441,-71.791355,462.0,278.19,269.79
TAM.2021.154.19.53.36,TAM,2021.154.19.53.36,unlabelled,,,,,0,0,0.0,0.0,,,6.571000099182129,-73.55999755859375,21.62,1.5,6.435441,-71.791355,462.0,196.2,274.48
TAM.2021.155.18.56.52,TAM,2021.155.18.56.52,unlabelled,,,,,0,0,0.0,0.0,,,6.270999908447266,-72.41799926757812,13.05,2.0,6.435441,-71.791355,462.0,71.68,255.34
TAM.2021.156.03.21.05,TAM,2021.156.03.21.05,unlabelled,,,,,0,0,0.0,0.0,,,5.656000137329102,-72.62799835205078,30.78,1.5,6.435441,-71.791355,462.0,126.52,227.1
TAM.2021.159.13.28.19,TAM,2021.159.13.28.19,unlabelled,,,,,0,0,0.0,0.0,,,7.541999816894531,-74.3270034790039,24.95,1.5,6.435441,-71.791355,462.0,305.74,293.74
TAM.2021.159.18.39.42,TAM,2021.159.18.39.42,unlabelled,,,,,0,0,0.0,0.0,,,7.214000225067139,-73.80599975585938,28.87,1.4,6.435441,-71.791355,462.0,238.75,291.26
TAM.2021.159.22.06.58,TAM,2021.159.22.06.58,unlabelled,,,,,0,0,0.0,0.0,,,5.978000164031982,-72.49700164794922,18.79,1.8,6.435441,-71.791355,462.0,93.05,237.1
TAM.2021.161.05.13.42,TAM,2021.161.05.13.42,unlabelled,,,,,0,0,0.0,0.0,,,5.706999778747559,-72.71299743652344,19.02,1.8,6.435441,-71.791355,462.0,129.99,231.76
TAM.2021.161.09.13.03,TAM,2021.161.09.13.03,unlabelled,,,,,0,0,0.0,0.0,-0.62,,6.440999984741211,-72.61399841308594,12.93,1.7,6.435441,-71.791355,462.0,91.0,270.43
TAM.2021.163.05.50.10,TAM,2021.163.05.50.10,unlabelled,,,,,0,0,0.0,0.0,,,5.966000080108643,-72.56400299072266,13.05,1.5,6.435441,-71.791355,462.0,100.04,238.78
TAM.2021.163.09.24.44,TAM,2021.163.09.24.44,unlabelled,,,,,0,0,0.0,0.0,,,4.326000213623047,-73.8489990234375,13.22,2.5,6.435441,-71.791355,462.0,326.22,224.45
TAM.2021.163.18.37.45,TAM,2021.163.18.37.45,unlabelled,,,,,0,0,0.0,0.0,,,5.172999858856201,-73.00499725341797,21.13,1.9,6.435441,-71.791355,462.0,193.8,223.98
TAM.2021.164.01.32.05,TAM,2021.164.01.32.05,unlabelled,,,,,0,0,0.0,0.0,,,5.706999778747559,-72.61399841308594,19.02,1.7,6.435441,-71.791355,462.0,121.58,228.55
TAM.2021.167.05.11.32,TAM,2021.167.05.11.32,unlabelled,,,,,0,0,0.0,0.0,,,6.671000003814697,-74.15499877929688,17.79,1.6,6.435441,-71.791355,462.0,262.71,275.82
TAM.2021.170.15.11.47,TAM,2021.170.15.11.47,unlabelled,,,,,0,0,0.0,0.0,,,5.659999847412109,-72.71099853515625,0.0,1.6,6.435441,-71.791355,462.0,133.11,229.94
TAM.2021.170.19.32.07,TAM,2021.170.19.32.07,unlabelled,,,,,0,0,0.0,0.0,,,5.01200008392334,-74.12100219726562,2.58,1.5,6.435441,-71.791355,462.0,302.27,238.74
TAM.2021.171.16.44.03,TAM,2021.171.16.44.03,unlabelled,,,,,0,0,0.0,0.0,,,7.125999927520752,-72.98799896240234,14.32,1.7,6.435441,-71.791355,462.0,152.75,300.07
TAM.2021.172.07.59.38,TAM,2021.172.07.59.38,unlabelled,,,,,0,0,0.0,0.0,,,4.822000026702881,-73.19100189208984,19.49,1.7,6.435441,-71.791355,462.0,236.38,221.06
TAM.2021.172.15.18.34,TAM,2021.172.15.18.34,unlabelled,,,,,0,0,0.0,0.0,,,6.933000087738037,-72.04499816894531,14.67,1.7,6.435441,-71.791355,462.0,61.76,333.01
TAM.2021.172.22.18.37,TAM,2021.172.22.18.37,unlabelled,,,,,0,0,0.0,0.0,,,4.835999965667725,-73.37100219726562,14.92,2.9,6.435441,-71.791355,462.0,248.81,224.78
TAM.2021.173.07.09.35,TAM,2021.173.07.09.35,unlabelled,,,,,0,0,0.0,0.0,,,6.495999813079834,-73.35900115966797,35.43,2.0,6.435441,-71.791355,462.0,173.54,272.3
TAM.2021.173.10.11.32,TAM,2021.173.10.11.32,unlabelled,,,,,0,0,0.0,0.0,,,6.36299991607666,-72.6760025024414,15.98,1.6,6.435441,-71.791355,462.0,98.2,265.37
TAM.2021.173.10.27.52,TAM,2021.173.10.27.52,unlabelled,,,,,0,0,0.0,0.0,,,5.25,-72.74299621582031,15.74,2.0,6.435441,-71.791355,462.0,168.2,218.85
TAM.2021.174.12.02.21,TAM,2021.174.12.02.21,unlabelled,,,,,0,0,0.0,0.0,,,4.163000106811523,-73.7040023803711,12.11,1.7,6.435441,-71.791355,462.0,328.77,220.25
TAM.2021.176.00.13.16,TAM,2021.176.00.13.16,unlabelled,,,,,0,0,0.0,0.0,,,5.997000217437744,-72.51799774169922,17.71,1.5,6.435441,-71.791355,462.0,93.9,238.95
TAM.2021.176.09.42.35,TAM,2021.176.09.42.35,unlabelled,,,,,0,0,0.0,0.0,,,6.610000133514404,-74.18299865722656,13.66,1.6,6.435441,-71.791355,462.0,265.23,274.31
TAM.2021.176.11.13.47,TAM,2021.176.11.13.47,unlabelled,,,,,0,0,0.0,0.0,,,5.348999977111816,-73.01599884033203,22.54,3.0,6.435441,-71.791355,462.0,181.18,228.52
TAM.2021.176.22.24.42,TAM,2021.176.22.24.42,unlabelled,,,,,0,0,0.0,0.0,,,7.209000110626221,-73.79900360107422,27.27,1.6,6.435441,-71.791355,462.0,237.83,291.2
TAM.2021.177.12.46.51,TAM,2021.177.12.46.51,unlabelled,,,,,0,0,0.0,0.0,,,5.357999801635742,-72.9990005493164,15.98,1.9,6.435441,-71.791355,462.0,179.11,228.36
TAM.2021.177.18.31.29,TAM,2021.177.18.31.29,unlabelled,,,,,0,0,0.0,0.0,,,5.291999816894531,-72.86900329589844,2.01,1.7,6.435441,-71.791355,462.0,173.87,223.4
TAM.2021.177.18.57.52,TAM,2021.177.18.57.52,unlabelled,,,,,0,0,0.0,0.0,,,3.750999927520752,-72.34500122070312,4.67,2.0,6.435441,-71.791355,462.0,303.13,191.71
TAM.2021.177.20.51.32,TAM,2021.177.20.51.32,unlabelled,,,,,0,0,0.0,0.0,,,5.375,-72.89600372314453,12.93,1.8,6.435441,-71.791355,462.0,169.45,226.27
TAM.2021.177.22.26.11,TAM,2021.177.22.26.11,unlabelled,,,,,0,0,0.0,0.0,,,6.269999980926514,-72.37300109863281,14.48,1.8,6.435441,-71.791355,462.0,66.9,254.16
TAM.2021.177.23.45.03,TAM,2021.177.23.45.03,unlabelled,,,,,0,0,0.0,0.0,,,6.664000034332275,-73.98600006103516,11.79,1.7,6.435441,-71.791355,462.0,244.03,276.07
TAM.2021.178.08.51.38,TAM,2021.178.08.51.38,unlabelled,,,,,0,0,0.0,0.0,,,5.581999778747559,-72.74299621582031,11.05,1.8,6.435441,-71.791355,462.0,141.45,228.2
TAM.2021.179.04.14.34,TAM,2021.179.04.14.34,unlabelled,,,,,0,0,0.0,0.0,-8.73,,7.064000129699707,-72.24099731445312,1.55,1.8,6.435441,-71.791355,462.0,85.46,324.46
TAM.2021.179.14.20.37,TAM,2021.179.14.20.37,unlabelled,,,,,0,0,0.0,0.0,,,6.49399995803833,-74.53399658203125,-0.2,1.5,6.435441,-71.791355,462.0,303.45,271.38
TAM.2021.180.22.18.00,TAM,2021.180.22.18.00,unlabelled,,,,,0,0,0.0,0.0,,,6.0,-72.77300262451172,22.42,1.7,6.435441,-71.791355,462.0,118.83,246.15
TAM.2021.183.14.34.14,TAM,2021.183.14.34.14,unlabelled,,,,,0,0,0.0,0.0,,,7.184000015258789,-73.93499755859375,17.97,2.1,6.435441,-71.791355,462.0,251.0,289.38
TAM.2021.184.12.59.22,TAM,2021.184.12.59.22,unlabelled,,,,,0,0,0.0,0.0,,,7.690000057220459,-73.31800079345703,9.05,1.7,6.435441,-71.791355,462.0,218.39,309.53
TAM.2021.186.07.32.28,TAM,2021.186.07.32.28,unlabelled,,,,,0,0,0.0,0.0,,,5.952000141143799,-72.5199966430664,17.38,1.9,6.435441,-71.791355,462.0,96.75,236.5
TAM.2021.188.07.11.48,TAM,2021.188.07.11.48,unlabelled,,,,,0,0,0.0,0.0,,,5.980000019073486,-72.36000061035156,15.04,1.8,6.435441,-71.791355,462.0,80.61,231.36
TAM.2021.191.05.14.57,TAM,2021.191.05.14.57,unlabelled,,,,,0,0,0.0,0.0,,,7.164000034332275,-72.13700103759766,0.0,1.8,6.435441,-71.791355,462.0,89.17,334.65
TAM.2021.192.07.59.23,TAM,2021.192.07.59.23,unlabelled,,,,,0,0,0.0,0.0,,,6.431000232696533,-74.78800201416016,34.96,1.9,6.435441,-71.791355,462.0,331.5,270.08
TAM.2021.195.06.02.06,TAM,2021.195.06.02.06,unlabelled,,,,,0,0,0.0,0.0,,,6.414999961853027,-74.79299926757812,32.73,2.8,6.435441,-71.791355,462.0,332.06,269.78
TAM.2021.195.09.13.43,TAM,2021.195.09.13.43,unlabelled,,,,,0,0,0.0,0.0,,,5.021999835968018,-73.32499694824219,19.14,1.8,6.435441,-71.791355,462.0,230.84,227.46
TAM.2021.196.10.28.29,TAM,2021.196.10.28.29,unlabelled,,,,,0,0,0.0,0.0,,,6.388000011444092,-73.71800231933594,11.11,1.5,6.435441,-71.791355,462.0,213.21,268.7
TAM.2021.196.10.31.16,TAM,2021.196.10.31.16,unlabelled,,,,,0,0,0.0,0.0,,,6.406000137329102,-73.71900177001953,1.52,1.6,6.435441,-71.791355,462.0,213.27,269.23
TAM.2021.196.12.40.33,TAM,2021.196.12.40.33,unlabelled,,,,,0,0,0.0,0.0,,,6.40500020980835,-73.72899627685547,2.17,1.5,6.435441,-71.791355,462.0,214.38,269.21
TAM.2021.196.16.38.43,TAM,2021.196.16.38.43,unlabelled,,,,,0,0,0.0,0.0,,,6.783999919891357,-73.98799896240234,19.33,1.7,6.435441,-71.791355,462.0,245.95,279.14
TAM.2021.197.18.27.24,TAM,2021.197.18.27.24,unlabelled,,,,,0,0,0.0,0.0,,,7.074999809265137,-72.0999984741211,13.05,1.9,6.435441,-71.791355,462.0,78.53,334.26
TAM.2021.198.16.24.33,TAM,2021.198.16.24.33,unlabelled,,,,,0,0,0.0,0.0,,,5.795000076293945,-72.56999969482422,18.44,2.0,6.435441,-71.791355,462.0,111.55,230.63
TAM.2021.199.14.07.03,TAM,2021.199.14.07.03,unlabelled,,,,,0,0,0.0,0.0,,,7.367000102996826,-74.14199829101562,1.46,2.3,6.435441,-71.791355,462.0,279.47,291.77
TAM.2021.200.13.28.56,TAM,2021.200.13.28.56,unlabelled,,,,,0,0,0.0,0.0,,,7.541999816894531,-72.88099670410156,10.82,2.0,6.435441,-71.791355,462.0,171.67,315.53
TAM.2021.200.14.37.03,TAM,2021.200.14.37.03,unlabelled,,,,,0,0,0.0,0.0,,,7.105999946594238,-72.0250015258789,0.0,1.7,6.435441,-71.791355,462.0,78.53,340.81
TAM.2021.200.16.08.07,TAM,2021.200.16.08.07,unlabelled,,,,,0,0,0.0,0.0,,,6.510000228881836,-74.70600128173828,30.16,1.5,6.435441,-71.791355,462.0,322.51,271.63
TAM.2021.202.15.09.34,TAM,2021.202.15.09.34,unlabelled,,,,,0,0,0.0,0.0,,,4.335000038146973,-73.84600067138672,15.51,2.0,6.435441,-71.791355,462.0,325.27,224.53
TAM.2021.205.04.42.29,TAM,2021.205.04.42.29,unlabelled,,,,,0,0,0.0,0.0,,,6.010000228881836,-73.10800170898438,7.3,1.7,6.435441,-71.791355,462.0,153.12,252.18
TAM.2021.205.10.15.03,TAM,2021.205.10.15.03,unlabelled,,,,,0,0,0.0,0.0,,,5.89300012588501,-72.62100219726562,0.0,2.0,6.435441,-71.791355,462.0,109.68,236.89
TAM.2021.205.13.27.45,TAM,2021.205.13.27.45,unlabelled,,,,,0,0,0.0,0.0,,,5.757999897003174,-72.59300231933594,12.93,1.9,6.435441,-71.791355,462.0,116.13,229.87
TAM.2021.205.23.27.28,TAM,2021.205.23.27.28,unlabelled,,,,,0,0,0.0,0.0,,,5.25,-72.96700286865234,15.74,1.7,6.435441,-71.791355,462.0,184.76,224.86
TAM.2021.206.03.16.23,TAM,2021.206.03.16.23,unlabelled,,,,,0,0,0.0,0.0,,,6.489999771118164,-73.79100036621094,0.0,2.0,6.435441,-71.791355,462.0,221.28,271.67
TAM.2021.207.00.59.17,TAM,2021.207.00.59.17,unlabelled,,,,,0,0,0.0,0.0,,,5.5329999923706055,-72.93699645996094,13.4,1.6,6.435441,-71.791355,462.0,161.39,231.87
TAM.2021.207.07.19.57,TAM,2021.207.07.19.57,unlabelled,,,,,0,0,0.0,0.0,,,6.434999942779541,-74.79000091552734,30.04,2.0,6.435441,-71.791355,462.0,331.72,270.16
TAM.2021.207.15.05.18,TAM,2021.207.15.05.18,unlabelled,,,,,0,0,0.0,0.0,,,5.993000030517578,-73.12699890136719,9.88,1.6,6.435441,-71.791355,462.0,155.7,251.76
TAM.2021.208.00.55.28,TAM,2021.208.00.55.28,unlabelled,,,,,0,0,0.0,0.0,,,5.1479997634887695,-73.08200073242188,19.26,1.8,6.435441,-71.791355,462.0,201.75,225.18
TAM.2021.210.02.50.14,TAM,2021.210.02.50.14,unlabelled,,,,,0,0,0.0,0.0,,,6.414000034332275,-74.80500030517578,33.09,1.5,6.435441,-71.791355,462.0,333.39,269.76
TAM.2021.212.14.55.34,TAM,2021.212.14.55.34,unlabelled,,,,,0,0,0.0,0.0,,,6.114999771118164,-72.36799621582031,14.8,1.7,6.435441,-71.791355,462.0,72.99,240.99
TAM.2021.212.20.08.30,TAM,2021.212.20.08.30,unlabelled,,,,,0,0,0.0,0.0,,,5.941999912261963,-73.93299865722656,28.54,1.5,6.435441,-71.791355,462.0,243.23,257.15
TAM.2021.214.04.54.49,TAM,2021.214.04.54.49,unlabelled,,,,,0,0,0.0,0.0,,,6.175000190734863,-72.38300323486328,17.62,1.6,6.435441,-71.791355,462.0,71.52,246.29
TAM.2021.214.17.53.01,TAM,2021.214.17.53.01,unlabelled,,,,,0,0,0.0,0.0,,,6.229000091552734,-74.24199676513672,22.2,1.8,6.435441,-71.791355,462.0,272.11,265.32
TAM.2021.214.22.45.20,TAM,2021.214.22.45.20,unlabelled,,,,,0,0,0.0,0.0,,,5.552000045776367,-72.91999816894531,13.16,1.5,6.435441,-71.791355,462.0,158.62,232.04
TAM.2021.216.21.51.30,TAM,2021.216.21.51.30,unlabelled,,,,,0,0,0.0,0.0,,,6.848999977111816,-74.51899719238281,7.95,1.8,6.435441,-71.791355,462.0,305.06,278.78
TAM.2021.217.09.21.40,TAM,2021.217.09.21.40,unlabelled,,,,,0,0,0.0,0.0,,,7.210000038146973,-73.78800201416016,28.23,1.2,6.435441,-71.791355,462.0,236.74,291.33
TAM.2021.217.11.15.45,TAM,2021.217.11.15.45,unlabelled,,,,,0,0,0.0,0.0,,,6.801000118255615,-74.34600067138672,27.21,1.7,6.435441,-71.791355,462.0,285.38,278.29
TAM.2021.218.05.10.36,TAM,2021.218.05.10.36,unlabelled,,,,,0,0,0.0,0.0,,,7.563000202178955,-74.2490005493164,0.06,1.6,6.435441,-71.791355,462.0,298.82,294.81
TAM.2021.219.15.04.55,TAM,2021.219.15.04.55,unlabelled,,,,,0,0,0.0,0.0,,,6.584000110626221,-74.28600311279297,9.25,1.7,6.435441,-71.791355,462.0,276.41,273.55
TAM.2021.220.00.31.03,TAM,2021.220.00.31.03,unlabelled,,,,,0,0,0.0,0.0,,,5.081999778747559,-73.0009994506836,12.93,1.6,6.435441,-71.791355,462.0,200.88,221.9
TAM.2021.220.23.29.08,TAM,2021.220.23.29.08,unlabelled,,,,,0,0,0.0,0.0,,,7.118000030517578,-72.23699951171875,13.05,2.0,6.435441,-71.791355,462.0,90.14,326.9
TAM.2021.221.01.46.02,TAM,2021.221.01.46.02,unlabelled,,,,,0,0,0.0,0.0,,,7.276000022888184,-73.98200225830078,6.11,2.0,6.435441,-71.791355,462.0,259.36,291.13
TAM.2021.221.02.24.03,TAM,2021.221.02.24.03,unlabelled,,,,,0,0,0.0,0.0,,,5.25600004196167,-73.10199737548828,3.57,1.5,6.435441,-71.791355,462.0,195.14,228.13
TAM.2021.221.16.46.04,TAM,2021.221.16.46.04,unlabelled,,,,,0,0,0.0,0.0,,,5.89900016784668,-73.59100341796875,12.93,1.5,6.435441,-71.791355,462.0,207.83,253.51
TAM.2021.222.03.07.13,TAM,2021.222.03.07.13,unlabelled,,,,,0,0,0.0,0.0,,,5.2210001945495605,-73.06400299072266,0.01,1.7,6.435441,-71.791355,462.0,194.68,226.45
TAM.2021.222.21.57.17,TAM,2021.222.21.57.17,unlabelled,,,,,0,0,0.0,0.0,,,7.2230000495910645,-73.79900360107422,25.62,2.1,6.435441,-71.791355,462.0,238.39,291.55
TAM.2021.223.02.55.46,TAM,2021.223.02.55.46,unlabelled,,,,,0,0,0.0,0.0,,,5.14300012588501,-73.05599975585938,0.0,2.0,6.435441,-71.791355,462.0,200.11,224.49
TAM.2021.223.13.41.44,TAM,2021.223.13.41.44,unlabelled,,,,,0,0,0.0,0.0,,,4.415999889373779,-73.78500366210938,0.0,2.6,6.435441,-71.791355,462.0,314.14,224.79
TAM.2021.224.07.13.25,TAM,2021.224.07.13.25,unlabelled,,,,,0,0,0.0,0.0,,,5.557000160217285,-73.28500366210938,19.73,1.8,6.435441,-71.791355,462.0,191.79,239.65
TAM.2021.225.15.21.32,TAM,2021.225.15.21.32,unlabelled,,,,,0,0,0.0,0.0,,,4.3460001945495605,-73.81400299072266,6.6,1.7,6.435441,-71.791355,462.0,321.92,224.23
TAM.2021.226.08.52.12,TAM,2021.226.08.52.12,unlabelled,,,,,0,0,0.0,0.0,,,5.289000034332275,-73.08100128173828,17.73,1.6,6.435441,-71.791355,462.0,190.97,228.47
TAM.2021.230.22.28.10,TAM,2021.230.22.28.10,unlabelled,,,,,0,0,0.0,0.0,,,6.315999984741211,-74.0719985961914,0.1,1.6,6.435441,-71.791355,462.0,252.67,267.13
TAM.2021.233.03.43.21,TAM,2021.233.03.43.21,unlabelled,,,,,0,0,0.0,0.0,,,7.353000164031982,-73.15799713134766,6.67,1.6,6.435441,-71.791355,462.0,181.96,303.97
TAM.2021.235.19.04.52,TAM,2021.235.19.04.52,unlabelled,,,,,0,0,0.0,0.0,,,7.269000053405762,-73.98500061035156,6.25,2.2,6.435441,-71.791355,462.0,259.39,290.94
TAM.2021.237.04.14.11,TAM,2021.237.04.14.11,unlabelled,,,,,0,0,0.0,0.0,,,7.3470001220703125,-74.16100311279297,2.57,1.8,6.435441,-71.791355,462.0,280.62,291.19
TAM.2021.238.12.22.20,TAM,2021.238.12.22.20,unlabelled,,,,,0,0,0.0,0.0,,,6.820000171661377,-73.05899810791016,19.02,2.2,6.435441,-71.791355,462.0,146.49,286.95
TAM.2021.238.14.31.46,TAM,2021.238.14.31.46,unlabelled,,,,,0,0,0.0,0.0,,,5.201000213623047,-73.01000213623047,14.34,1.7,6.435441,-71.791355,462.0,191.96,224.74
TAM.2021.239.07.15.41,TAM,2021.239.07.15.41,unlabelled,,,,,0,0,0.0,0.0,,,6.040999889373779,-74.28299713134766,13.22,1.5,6.435441,-71.791355,462.0,279.16,261.15
TAM.2021.240.11.59.34,TAM,2021.240.11.59.34,unlabelled,,,,,0,0,0.0,0.0,,,4.9770002365112305,-72.5250015258789,0.0,2.4,6.435441,-71.791355,462.0,180.6,206.78
TAM.2021.240.21.41.29,TAM,2021.240.21.41.29,unlabelled,,,,,0,0,0.0,0.0,,,4.961999893188477,-73.08899688720703,14.57,2.4,6.435441,-71.791355,462.0,217.28,221.48
TAM.2021.241.05.29.27,TAM,2021.241.05.29.27,unlabelled,,,,,0,0,0.0,0.0,,,6.677000045776367,-74.51499938964844,22.72,1.7,6.435441,-71.791355,462.0,302.41,275.22
TAM.2021.241.09.37.06,TAM,2021.241.09.37.06,unlabelled,,,,,0,0,0.0,0.0,,,7.23199987411499,-73.14099884033203,0.04,1.9,6.435441,-71.791355,462.0,173.25,300.64
TAM.2021.241.12.31.43,TAM,2021.241.12.31.43,unlabelled,,,,,0,0,0.0,0.0,,,6.466000080108643,-74.10199737548828,26.62,1.5,6.435441,-71.791355,462.0,255.62,270.89
TAM.2021.241.20.05.34,TAM,2021.241.20.05.34,unlabelled,,,,,0,0,0.0,0.0,,,6.0920000076293945,-74.24500274658203,5.92,1.9,6.435441,-71.791355,462.0,274.16,262.17
TAM.2021.242.00.11.27,TAM,2021.242.00.11.27,unlabelled,,,,,0,0,0.0,0.0,,,5.186999797821045,-73.02100372314453,15.39,1.7,6.435441,-71.791355,462.0,193.92,224.67
TAM.2021.242.20.59.11,TAM,2021.242.20.59.11,unlabelled,,,,,0,0,0.0,0.0,,,6.493000030517578,-74.01499938964844,33.99,1.5,6.435441,-71.791355,462.0,246.05,271.61
TAM.2021.242.21.37.05,TAM,2021.242.21.37.05,unlabelled,,,,,0,0,0.0,0.0,,,5.742000102996826,-72.70899963378906,19.14,1.6,6.435441,-71.791355,462.0,127.27,233.0
TAM.2021.243.05.28.29,TAM,2021.243.05.28.29,unlabelled,,,,,0,0,0.0,0.0,,,6.093999862670898,-74.23500061035156,-0.38,1.8,6.435441,-71.791355,462.0,273.03,262.19
TAM.2021.243.09.35.04,TAM,2021.243.09.35.04,unlabelled,,,,,0,0,0.0,0.0,,,7.34499979019165,-72.26399993896484,0.0,1.6,6.435441,-71.791355,462.0,113.34,332.58
TAM.2021.244.02.44.21,TAM,2021.244.02.44.21,unlabelled,,,,,0,0,0.0,0.0,,,6.513999938964844,-74.25299835205078,15.75,1.8,6.435441,-71.791355,462.0,272.43,271.97
TAM.2021.244.10.10.19,TAM,2021.244.10.10.19,unlabelled,,,,,0,0,0.0,0.0,,,6.705999851226807,-72.98400115966797,12.23,2.0,6.435441,-71.791355,462.0,135.25,282.85
TAM.2021.246.16.05.25,TAM,2021.246.16.05.25,unlabelled,,,,,0,0,0.0,0.0,,,7.329999923706055,-72.78399658203125,0.0,2.2,6.435441,-71.791355,462.0,147.73,312.1
TAM.2021.247.01.16.56,TAM,2021.247.01.16.56,unlabelled,,,,,0,0,0.0,0.0,,,7.284999847412109,-72.74600219726562,0.3,1.5,6.435441,-71.791355,462.0,141.28,311.74
TAM.2021.247.01.24.52,TAM,2021.247.01.24.52,unlabelled,,,,,0,0,0.0,0.0,,,6.864999771118164,-72.2249984741211,22.36,1.7,6.435441,-71.791355,462.0,67.5,314.76
TAM.2021.248.13.12.38,TAM,2021.248.13.12.38,unlabelled,,,,,0,0,0.0,0.0,,,5.4029998779296875,-72.76499938964844,6.95,1.5,6.435441,-71.791355,462.0,157.03,223.41
TAM.2021.248.15.21.39,TAM,2021.248.15.21.39,unlabelled,,,,,0,0,0.0,0.0,,,5.419000148773193,-72.83499908447266,19.26,1.5,6.435441,-71.791355,462.0,161.21,225.85
TAM.2021.248.23.20.47,TAM,2021.248.23.20.47,unlabelled,,,,,0,0,0.0,0.0,,,5.323999881744385,-72.72100067138672,0.0,1.6,6.435441,-71.791355,462.0,160.33,220.0
TAM.2021.249.21.48.41,TAM,2021.249.21.48.41,unlabelled,,,,,0,0,0.0,0.0,,,7.357999801635742,-74.16100311279297,7.19,1.6,6.435441,-71.791355,462.0,281.06,291.42
TAM.2021.251.04.51.40,TAM,2021.251.04.51.40,unlabelled,,,,,0,0,0.0,0.0,,,6.041999816894531,-72.54199981689453,11.64,1.5,6.435441,-71.791355,462.0,93.77,242.4
TAM.2021.251.08.00.23,TAM,2021.251.08.00.23,unlabelled,,,,,0,0,0.0,0.0,,,7.078000068664551,-74.62300109863281,22.07,1.5,6.435441,-71.791355,462.0,321.0,282.95
TAM.2021.252.09.39.13,TAM,2021.252.09.39.13,unlabelled,,,,,0,0,0.0,0.0,,,6.445000171661377,-73.23100280761719,18.2,1.6,6.435441,-71.791355,462.0,159.26,270.46
TAM.2021.252.23.41.10,TAM,2021.252.23.41.10,unlabelled,,,,,0,0,0.0,0.0,,,4.38100004196167,-73.69100189208984,-0.01,2.1,6.435441,-71.791355,462.0,309.73,222.91
TAM.2021.255.17.07.11,TAM,2021.255.17.07.11,unlabelled,,,,,0,0,0.0,0.0,,,6.446000099182129,-72.93099975585938,9.18,1.5,6.435441,-71.791355,462.0,126.07,270.59
TAM.2021.255.20.55.16,TAM,2021.255.20.55.16,unlabelled,,,,,0,0,0.0,0.0,,,6.323999881744385,-74.552001953125,17.65,1.5,6.435441,-71.791355,462.0,305.67,267.84
TAM.2021.256.03.53.33,TAM,2021.256.03.53.33,unlabelled,,,,,0,0,0.0,0.0,,,7.531000137329102,-72.67900085449219,14.8,1.9,6.435441,-71.791355,462.0,155.88,321.06
TAM.2021.256.09.28.00,TAM,2021.256.09.28.00,unlabelled,,,,,0,0,0.0,0.0,,,6.013000011444092,-74.27200317382812,6.02,1.5,6.435441,-71.791355,462.0,278.47,260.48
TAM.2021.256.21.45.31,TAM,2021.256.21.45.31,unlabelled,,,,,0,0,0.0,0.0,,,6.215000152587891,-72.37200164794922,14.8,1.5,6.435441,-71.791355,462.0,68.72,249.25
TAM.2021.257.01.54.49,TAM,2021.257.01.54.49,unlabelled,,,,,0,0,0.0,0.0,,,4.434999942779541,-73.61799621582031,23.71,2.0,6.435441,-71.791355,462.0,299.85,222.55
TAM.2021.257.23.00.20,TAM,2021.257.23.00.20,unlabelled,,,,,0,0,0.0,0.0,,,4.099999904632568,-71.80500030517578,0.0,2.2,6.435441,-71.791355,462.0,258.27,180.34
TAM.2021.259.06.26.38,TAM,2021.259.06.26.38,unlabelled,,,,,0,0,0.0,0.0,,,7.395999908447266,-72.85700225830078,11.05,1.6,6.435441,-71.791355,462.0,158.6,312.11
TAM.2021.259.13.10.08,TAM,2021.259.13.10.08,unlabelled,,,,,0,0,0.0,0.0,,,7.708000183105469,-72.95099639892578,4.4,1.6,6.435441,-71.791355,462.0,190.31,317.76
TAM.2021.260.04.00.31,TAM,2021.260.04.00.31,unlabelled,,,,,0,0,0.0,0.0,,,6.695000171661377,-72.93900299072266,13.16,1.5,6.435441,-71.791355,462.0,130.13,282.81
TAM.2021.261.14.38.24,TAM,2021.261.14.38.24,unlabelled,,,,,0,0,0.0,0.0,,,5.618000030517578,-72.8489990234375,32.85,1.7,6.435441,-71.791355,462.0,147.92,232.39
TAM.2021.261.19.12.10,TAM,2021.261.19.12.10,unlabelled,,,,,0,0,0.0,0.0,,,6.61899995803833,-73.19000244140625,25.12,1.8,6.435441,-71.791355,462.0,156.02,277.55
TAM.2021.262.12.47.10,TAM,2021.262.12.47.10,unlabelled,,,,,0,0,0.0,0.0,,,5.1020002365112305,-72.91600036621094,15.98,1.8,6.435441,-71.791355,462.0,193.03,220.25
TAM.2021.263.21.03.48,TAM,2021.263.21.03.48,unlabelled,,,,,0,0,0.0,0.0,,,5.578000068664551,-72.81700134277344,3.51,1.7,6.435441,-71.791355,462.0,147.94,230.19
TAM.2021.265.14.48.13,TAM,2021.265.14.48.13,unlabelled,,,,,0,0,0.0,0.0,,,4.3420000076293945,-73.87999725341797,8.95,1.7,6.435441,-71.791355,462.0,327.37,225.1
TAM.2021.265.17.03.07,TAM,2021.265.17.03.07,unlabelled,,,,,0,0,0.0,0.0,,,7.436999797821045,-72.09600067138672,4.75,1.6,6.435441,-71.791355,462.0,115.77,343.11
TAM.2021.266.06.51.26,TAM,2021.266.06.51.26,unlabelled,,,,,0,0,0.0,0.0,,,7.7210001945495605,-74.3290023803711,35.64,1.5,6.435441,-71.791355,462.0,314.33,297.04
TAM.2021.266.07.33.03,TAM,2021.266.07.33.03,unlabelled,,,,,0,0,0.0,0.0,,,7.5980000495910645,-74.12999725341797,-0.04,1.5,6.435441,-71.791355,462.0,288.61,296.59
TAM.2021.266.07.43.06,TAM,2021.266.07.43.06,unlabelled,,,,,0,0,0.0,0.0,,,6.6020002365112305,-73.11199951171875,11.52,1.6,6.435441,-71.791355,462.0,147.23,277.26
TAM.2021.266.17.39.04,TAM,2021.266.17.39.04,unlabelled,,,,,0,0,0.0,0.0,,,5.817999839782715,-72.51699829101562,15.86,1.5,6.435441,-71.791355,462.0,105.42,229.67
TAM.2021.267.20.05.09,TAM,2021.267.20.05.09,unlabelled,,,,,0,0,0.0,0.0,,,5.297999858856201,-72.74099731445312,27.46,3.1,6.435441,-71.791355,462.0,163.95,219.95
TAM.2021.269.18.11.23,TAM,2021.269.18.11.23,unlabelled,,,,,0,0,0.0,0.0,,,5.863999843597412,-72.59500122070312,10.59,1.8,6.435441,-71.791355,462.0,109.11,234.65
TAM.2021.270.00.56.03,TAM,2021.270.00.56.03,unlabelled,,,,,0,0,0.0,0.0,,,7.348999977111816,-72.49299621582031,21.13,1.9,6.435441,-71.791355,462.0,127.36,322.53
TAM.2021.272.05.57.21,TAM,2021.272.05.57.21,unlabelled,,,,,0,0,0.0,0.0,,,7.301000118255615,-72.48899841308594,0.0,1.7,6.435441,-71.791355,462.0,122.92,321.19
TAM.2021.272.07.51.22,TAM,2021.272.07.51.22,unlabelled,,,,,0,0,0.0,0.0,,,5.9029998779296875,-73.94499969482422,11.95,2.0,6.435441,-71.791355,462.0,245.53,256.24
TAM.2021.274.19.06.39,TAM,2021.274.19.06.39,unlabelled,,,,,0,0,0.0,0.0,,,4.26800012588501,-73.61000061035156,1.66,1.5,6.435441,-71.791355,462.0,313.17,220.15
TAM.2021.275.12.48.34,TAM,2021.275.12.48.34,unlabelled,,,,,0,0,0.0,0.0,,,5.697999954223633,-73.05500030517578,11.52,2.2,6.435441,-71.791355,462.0,161.92,239.83
TAM.2021.276.17.14.23,TAM,2021.276.17.14.23,unlabelled,,,,,0,0,0.0,0.0,,,5.814000129699707,-72.49600219726562,15.39,1.6,6.435441,-71.791355,462.0,103.95,228.65
TAM.2021.277.13.10.09,TAM,2021.277.13.10.09,unlabelled,,,,,0,0,0.0,0.0,,,5.22599983215332,-72.87899780273438,24.18,2.2,6.435441,-71.791355,462.0,179.99,222.06
TAM.2021.277.23.12.18,TAM,2021.277.23.12.18,unlabelled,,,,,0,0,0.0,0.0,,,6.111999988555908,-73.91000366210938,28.83,1.9,6.435441,-71.791355,462.0,237.16,261.44
TAM.2021.278.15.35.44,TAM,2021.278.15.35.44,unlabelled,,,,,0,0,0.0,0.0,,,6.504000186920166,-74.51599884033203,0.62,1.6,6.435441,-71.791355,462.0,301.48,271.59
TAM.2021.280.04.51.47,TAM,2021.280.04.51.47,unlabelled,,,,,0,0,0.0,0.0,,,6.061999797821045,-73.947998046875,30.31,1.9,6.435441,-71.791355,462.0,242.21,260.3
TAM.2021.281.13.26.33,TAM,2021.281.13.26.33,unlabelled,,,,,0,0,0.0,0.0,,,6.38100004196167,-72.65299987792969,13.05,1.6,6.435441,-71.791355,462.0,95.51,266.43
TAM.2021.282.11.19.13,TAM,2021.282.11.19.13,unlabelled,,,,,0,0,0.0,0.0,-0.32,-0.54,7.01800012588501,-72.18599700927734,4.73,2.0,6.435441,-71.791355,462.0,77.81,325.92
TAM.2021.282.11.23.46,TAM,2021.282.11.23.46,unlabelled,,,,,0,0,0.0,0.0,,,7.0289998054504395,-72.16500091552734,3.0,2.0,6.435441,-71.791355,462.0,77.56,327.84
TAM.2021.282.19.29.13,TAM,2021.282.19.29.13,unlabelled,,,,,0,0,0.0,0.0,,,7.10099983215332,-72.37899780273438,13.05,1.6,6.435441,-71.791355,462.0,98.17,318.6
TAM.2021.282.22.52.58,TAM,2021.282.22.52.58,unlabelled,,,,,0,0,0.0,0.0,,,6.7220001220703125,-74.37100219726562,22.73,1.7,6.435441,-71.791355,462.0,287.04,276.49
TAM.2021.284.07.56.47,TAM,2021.284.07.56.47,unlabelled,,,,,0,0,0.0,0.0,,,7.105999946594238,-73.04499816894531,0.0,1.5,6.435441,-71.791355,462.0,157.18,298.22
TAM.2021.284.08.40.57,TAM,2021.284.08.40.57,unlabelled,,,,,0,0,0.0,0.0,,,6.059000015258789,-74.25399780273438,10.08,1.9,6.435441,-71.791355,462.0,275.68,261.45
TAM.2021.285.05.37.49,TAM,2021.285.05.37.49,unlabelled,,,,,0,0,0.0,0.0,,,7.394999980926514,-74.0009994506836,0.01,1.5,6.435441,-71.791355,462.0,266.26,293.62
TAM.2021.285.18.23.55,TAM,2021.285.18.23.55,unlabelled,,,,,0,0,0.0,0.0,,,7.320000171661377,-74.56400299072266,22.3,1.5,6.435441,-71.791355,462.0,321.68,287.87
TAM.2021.286.05.06.31,TAM,2021.286.05.06.31,unlabelled,,,,,0,0,0.0,0.0,,,5.113999843597412,-73.0989990234375,22.07,2.1,6.435441,-71.791355,462.0,205.74,224.81
TAM.2021.286.20.18.50,TAM,2021.286.20.18.50,unlabelled,,,,,0,0,0.0,0.0,,,4.561999797821045,-73.5469970703125,13.16,1.5,6.435441,-71.791355,462.0,284.19,223.29
TAM.2021.287.05.20.00,TAM,2021.287.05.20.00,unlabelled,,,,,0,0,0.0,0.0,,,5.14900016784668,-73.02100372314453,13.05,1.8,6.435441,-71.791355,462.0,196.94,223.81
TAM.2021.287.12.05.40,TAM,2021.287.12.05.40,unlabelled,,,,,0,0,0.0,0.0,,,4.570000171661377,-73.5510025024414,17.62,2.0,6.435441,-71.791355,462.0,283.85,223.47
TAM.2021.291.07.14.11,TAM,2021.291.07.14.11,unlabelled,,,,,0,0,0.0,0.0,,,5.144000053405762,-73.00900268554688,2.85,2.1,6.435441,-71.791355,462.0,196.42,223.42
TAM.2021.292.22.45.28,TAM,2021.292.22.45.28,unlabelled,,,,,0,0,0.0,0.0,,,5.202000141143799,-72.62300109863281,1.0,1.5,6.435441,-71.791355,462.0,164.58,214.07
TAM.2021.293.07.39.36,TAM,2021.293.07.39.36,unlabelled,,,,,0,0,0.0,0.0,,,5.538000106811523,-73.03299713134766,-0.05,1.5,6.435441,-71.791355,462.0,169.55,234.24
TAM.2021.295.15.41.49,TAM,2021.295.15.41.49,unlabelled,,,,,0,0,0.0,0.0,,,5.59499979019165,-72.45800018310547,20.43,2.3,6.435441,-71.791355,462.0,118.68,218.49
TAM.2021.296.03.31.08,TAM,2021.296.03.31.08,unlabelled,,,,,0,0,0.0,0.0,,,5.744999885559082,-72.53299713134766,26.76,1.5,6.435441,-71.791355,462.0,112.11,227.12
TAM.2021.297.13.37.16,TAM,2021.297.13.37.16,unlabelled,,,,,0,0,0.0,0.0,,,6.926000118255615,-74.60099792480469,25.12,1.5,6.435441,-71.791355,462.0,315.36,280.07
TAM.2021.298.09.41.08,TAM,2021.298.09.41.08,unlabelled,,,,,0,0,0.0,0.0,,,7.206999778747559,-72.3010025024414,4.61,1.5,6.435441,-71.791355,462.0,102.25,326.6
TAM.2021.299.14.03.47,TAM,2021.299.14.03.47,unlabelled,,,,,0,0,0.0,0.0,,,4.822000026702881,-72.77200317382812,0.0,1.8,6.435441,-71.791355,462.0,208.89,211.39
TAM.2021.301.08.44.43,TAM,2021.301.08.44.43,unlabelled,,,,,0,0,0.0,0.0,,,4.767000198364258,-73.37699890136719,16.45,1.7,6.435441,-71.791355,462.0,254.76,223.68
TAM.2021.302.17.15.14,TAM,2021.302.17.15.14,unlabelled,,,,,0,0,0.0,0.0,,,5.886000156402588,-72.97100067138672,0.03,1.8,6.435441,-71.791355,462.0,144.01,245.11
TAM.2021.302.23.40.14,TAM,2021.302.23.40.14,unlabelled,,,,,0,0,0.0,0.0,,,4.953999996185303,-74.13700103759766,0.01,1.5,6.435441,-71.791355,462.0,307.16,237.89
TAM.2021.305.22.13.48,TAM,2021.305.22.13.48,unlabelled,,,,,0,0,0.0,0.0,,,6.071000099182129,-72.47699737548828,18.32,2.2,6.435441,-71.791355,462.0,85.91,242.06
TAM.2021.306.10.06.32,TAM,2021.306.10.06.32,unlabelled,,,,,0,0,0.0,0.0,,,5.1519999504089355,-73.08000183105469,13.16,1.7,6.435441,-71.791355,462.0,201.28,225.23
TAM.2021.306.17.37.49,TAM,2021.306.17.37.49,unlabelled,,,,,0,0,0.0,0.0,,,4.552000045776367,-73.17900085449219,16.33,1.6,6.435441,-71.791355,462.0,258.89,216.51
TAM.2021.306.18.02.27,TAM,2021.306.18.02.27,unlabelled,,,,,0,0,0.0,0.0,,,5.25600004196167,-74.51100158691406,27.46,1.7,6.435441,-71.791355,462.0,328.21,246.73
TAM.2021.306.19.31.22,TAM,2021.306.19.31.22,unlabelled,,,,,0,0,0.0,0.0,,,5.697999954223633,-74.43900299072266,30.98,1.5,6.435441,-71.791355,462.0,304.23,254.59
TAM.2021.308.01.52.16,TAM,2021.308.01.52.16,unlabelled,,,,,0,0,0.0,0.0,,,7.35099983215332,-74.1500015258789,1.86,1.6,6.435441,-71.791355,462.0,279.65,291.37
TAM.2021.308.11.42.34,TAM,2021.308.11.42.34,unlabelled,,,,,0,0,0.0,0.0,,,6.796999931335449,-73.125,147.0,2.0,6.435441,-71.791355,462.0,152.8,285.25
TAM.2021.308.14.51.56,TAM,2021.308.14.51.56,unlabelled,,,,,0,0,0.0,0.0,,,5.669000148773193,-74.40299987792969,25.82,2.3,6.435441,-71.791355,462.0,301.28,253.8
TAM.2021.309.14.13.24,TAM,2021.309.14.13.24,unlabelled,,,,,0,0,0.0,0.0,,,7.218999862670898,-72.25,23.83,1.7,6.435441,-71.791355,462.0,100.39,329.7
TAM.2021.310.16.11.01,TAM,2021.310.16.11.01,unlabelled,,,,,0,0,0.0,0.0,,,6.980999946594238,-73.36199951171875,-0.01,2.0,6.435441,-71.791355,462.0,183.84,289.25
TAM.2021.311.01.22.25,TAM,2021.311.01.22.25,unlabelled,,,,,0,0,0.0,0.0,,,5.669000148773193,-72.61000061035156,15.98,1.7,6.435441,-71.791355,462.0,124.08,226.96
TAM.2021.311.06.34.27,TAM,2021.311.06.34.27,unlabelled,,,,,0,0,0.0,0.0,,,6.572999954223633,-73.09700012207031,19.02,1.6,6.435441,-71.791355,462.0,145.21,276.09
TAM.2021.312.02.56.15,TAM,2021.312.02.56.15,unlabelled,,,,,0,0,0.0,0.0,,,6.23199987411499,-73.7969970703125,2.42,1.6,6.435441,-71.791355,462.0,223.05,264.32
TAM.2021.313.07.07.06,TAM,2021.313.07.07.06,unlabelled,,,,,0,0,0.0,0.0,,,6.008999824523926,-73.48799896240234,6.49,1.5,6.435441,-71.791355,462.0,193.6,255.99
TAM.2021.314.13.46.57,TAM,2021.314.13.46.57,unlabelled,,,,,0,0,0.0,0.0,,,7.048999786376953,-74.61199951171875,25.82,2.3,6.435441,-71.791355,462.0,319.13,282.44
TAM.2021.316.19.29.11,TAM,2021.316.19.29.11,unlabelled,,,,,0,0,0.0,0.0,,,7.214000225067139,-73.81400299072266,9.41,1.7,6.435441,-71.791355,462.0,239.58,291.18
TAM.2021.317.11.25.57,TAM,2021.317.11.25.57,unlabelled,,,,,0,0,0.0,0.0,,,7.675000190734863,-73.89900207519531,13.79,2.3,6.435441,-71.791355,462.0,270.21,300.61
TAM.2021.317.23.01.31,TAM,2021.317.23.01.31,unlabelled,,,,,0,0,0.0,0.0,,,5.855000019073486,-72.43299865722656,24.65,1.5,6.435441,-71.791355,462.0,95.73,227.93
TAM.2021.320.17.25.05,TAM,2021.320.17.25.05,unlabelled,,,,,0,0,0.0,0.0,,,7.709000110626221,-74.40299987792969,25.6,1.5,6.435441,-71.791355,462.0,321.07,296.18
TAM.2021.321.00.37.03,TAM,2021.321.00.37.03,unlabelled,,,,,0,0,0.0,0.0,,,4.769000053405762,-73.38899993896484,12.93,1.6,6.435441,-71.791355,462.0,255.52,223.93
TAM.2021.321.07.31.11,TAM,2021.321.07.31.11,unlabelled,,,,,0,0,0.0,0.0,,,4.492000102996826,-73.36799621582031,16.21,1.5,6.435441,-71.791355,462.0,276.97,219.19
TAM.2021.321.08.43.59,TAM,2021.321.08.43.59,unlabelled,,,,,0,0,0.0,0.0,,,5.46999979019165,-72.77400207519531,11.1,1.5,6.435441,-71.791355,462.0,152.43,225.59
TAM.2021.322.14.01.03,TAM,2021.322.14.01.03,unlabelled,,,,,0,0,0.0,0.0,,,6.578000068664551,-73.55799865722656,15.65,2.2,6.435441,-71.791355,462.0,196.04,274.71
TAM.2021.324.07.15.08,TAM,2021.324.07.15.08,unlabelled,,,,,0,0,0.0,0.0,,,5.929999828338623,-74.20999908447266,0.0,1.6,6.435441,-71.791355,462.0,273.46,258.34
TAM.2021.324.08.09.16,TAM,2021.324.08.09.16,unlabelled,,,,,0,0,0.0,0.0,,,7.203999996185303,-74.2030029296875,11.05,1.6,6.435441,-71.791355,462.0,279.8,287.82
TAM.2021.325.08.06.40,TAM,2021.325.08.06.40,unlabelled,,,,,0,0,0.0,0.0,,,5.571000099182129,-73.59700012207031,12.23,1.6,6.435441,-71.791355,462.0,221.59,244.54
TAM.2021.325.21.43.10,TAM,2021.325.21.43.10,unlabelled,,,,,0,0,0.0,0.0,,,6.020999908447266,-73.26100158691406,13.05,1.6,6.435441,-71.791355,462.0,168.98,254.34
TAM.2021.326.12.13.13,TAM,2021.326.12.13.13,unlabelled,,,,,0,0,0.0,0.0,,,6.830999851226807,-73.94999694824219,27.39,1.7,6.435441,-71.791355,462.0,242.68,280.51
TAM.2021.327.06.05.45,TAM,2021.327.06.05.45,unlabelled,,,,,0,0,0.0,0.0,,,5.5879998207092285,-72.44000244140625,0.0,1.7,6.435441,-71.791355,462.0,118.07,217.5
TAM.2021.328.07.52.36,TAM,2021.328.07.52.36,unlabelled,,,,,0,0,0.0,0.0,,,6.428999900817871,-72.71399688720703,19.02,1.5,6.435441,-71.791355,462.0,102.07,269.65
TAM.2021.329.10.01.28,TAM,2021.329.10.01.28,unlabelled,,,,,0,0,0.0,0.0,,,5.7769999504089355,-74.31300354003906,37.54,1.6,6.435441,-71.791355,462.0,288.47,255.52
TAM.2021.330.18.10.37,TAM,2021.330.18.10.37,unlabelled,,,,,0,0,0.0,0.0,,,5.8420000076293945,-73.8030014038086,15.98,1.7,6.435441,-71.791355,462.0,232.13,253.69
TAM.2021.331.15.28.28,TAM,2021.331.15.28.28,unlabelled,,,,,0,0,0.0,0.0,,,6.2789998054504395,-74.4520034790039,5.33,1.8,6.435441,-71.791355,462.0,294.88,266.78
TAM.2021.332.06.58.17,TAM,2021.332.06.58.17,unlabelled,,,,,0,0,0.0,0.0,,,6.083000183105469,-73.9469985961914,7.06,1.8,6.435441,-71.791355,462.0,241.71,260.84
TAM.2021.333.13.59.04,TAM,2021.333.13.59.04,unlabelled,,,,,0,0,0.0,0.0,,,5.1479997634887695,-73.14800262451172,12.93,1.7,6.435441,-71.791355,462.0,206.99,226.61
TAM.2021.334.10.24.34,TAM,2021.334.10.24.34,unlabelled,,,,,0,0,0.0,0.0,,,4.7179999351501465,-73.41899871826172,10.82,1.9,6.435441,-71.791355,462.0,261.9,223.6
TAM.2021.334.10.26.32,TAM,2021.334.10.26.32,unlabelled,,,,,0,0,0.0,0.0,,,4.751999855041504,-73.43199920654297,18.55,3.5,6.435441,-71.791355,462.0,260.18,224.4
TAM.2021.336.08.13.50,TAM,2021.336.08.13.50,unlabelled,,,,,0,0,0.0,0.0,,,5.629000186920166,-72.44100189208984,17.85,1.8,6.435441,-71.791355,462.0,114.57,218.92
TAM.2021.337.09.55.36,TAM,2021.337.09.55.36,unlabelled,,,,,0,0,0.0,0.0,,,5.497000217437744,-72.70800018310547,11.76,1.5,6.435441,-71.791355,462.0,145.16,224.41
TAM.2021.338.00.58.12,TAM,2021.338.00.58.12,unlabelled,,,,,0,0,0.0,0.0,,,6.771999835968018,-73.08599853515625,2.21,1.6,6.435441,-71.791355,462.0,147.93,284.65
TAM.2021.338.01.29.09,TAM,2021.338.01.29.09,unlabelled,,,,,0,0,0.0,0.0,-2.69,,6.754000186920166,-73.0260009765625,11.35,1.6,6.435441,-71.791355,462.0,141.01,284.54
TAM.2021.339.11.14.01,TAM,2021.339.11.14.01,unlabelled,,,,,0,0,0.0,0.0,,,5.685999870300293,-74.4219970703125,36.6,1.6,6.435441,-71.791355,462.0,302.78,254.26
TAM.2021.340.12.45.20,TAM,2021.340.12.45.20,unlabelled,,,,,0,0,0.0,0.0,,,7.24399995803833,-73.822998046875,10.45,1.9,6.435441,-71.791355,462.0,241.71,291.83
TAM.2021.340.13.01.18,TAM,2021.340.13.01.18,unlabelled,,,,,0,0,0.0,0.0,-1.87,,5.124000072479248,-73.68000030517578,0.0,1.6,6.435441,-71.791355,462.0,254.53,235.36
TAM.2021.340.20.04.10,TAM,2021.340.20.04.10,unlabelled,,,,,0,0,0.0,0.0,,,5.781000137329102,-72.9540023803711,17.38,1.5,6.435441,-71.791355,462.0,147.65,240.71
TAM.2021.341.04.52.59,TAM,2021.341.04.52.59,unlabelled,,,,,0,0,0.0,0.0,,,5.822000026702881,-74.2239990234375,14.25,1.5,6.435441,-71.791355,462.0,277.68,255.99
TAM.2021.341.05.12.33,TAM,2021.341.05.12.33,unlabelled,,,,,0,0,0.0,0.0,,,6.617000102996826,-73.31600189208984,30.0,1.6,6.435441,-71.791355,462.0,169.82,276.88
TAM.2021.342.22.50.28,TAM,2021.342.22.50.28,unlabelled,,,,,0,0,0.0,0.0,,,5.760000228881836,-73.23400115966797,11.29,1.6,6.435441,-71.791355,462.0,176.3,245.01
TAM.2021.342.22.54.53,TAM,2021.342.22.54.53,unlabelled,,,,,0,0,0.0,0.0,,,4.38700008392334,-73.66100311279297,18.96,3.6,6.435441,-71.791355,462.0,306.99,222.54
TAM.2021.342.23.06.49,TAM,2021.342.23.06.49,unlabelled,,,,,0,0,0.0,0.0,,,4.431000232696533,-73.63899993896484,15.51,1.5,6.435441,-71.791355,462.0,301.75,222.82
TAM.2021.342.23.32.50,TAM,2021.342.23.32.50,unlabelled,,,,,0,0,0.0,0.0,,,4.419000148773193,-73.6240005493164,8.27,1.3,6.435441,-71.791355,462.0,301.61,222.42
TAM.2021.343.00.13.42,TAM,2021.343.00.13.42,unlabelled,,,,,0,0,0.0,0.0,,,4.389999866485596,-73.65799713134766,15.98,2.7,6.435441,-71.791355,462.0,306.52,222.54
TAM.2021.343.00.16.07,TAM,2021.343.00.16.07,unlabelled,,,,,0,0,0.0,0.0,,,4.414000034332275,-73.66200256347656,18.85,2.3,6.435441,-71.791355,462.0,304.87,222.94
TAM.2021.343.00.18.34,TAM,2021.343.00.18.34,unlabelled,,,,,0,0,0.0,0.0,,,4.423999786376953,-73.93499755859375,15.51,1.6,6.435441,-71.791355,462.0,325.44,226.99
TAM.2021.343.00.19.48,TAM,2021.343.00.19.48,unlabelled,,,,,0,0,0.0,0.0,,,4.420000076293945,-73.64900207519531,13.16,1.8,6.435441,-71.791355,462.0,303.4,222.82
TAM.2021.343.00.30.12,TAM,2021.343.00.30.12,unlabelled,,,,,0,0,0.0,0.0,,,4.40500020980835,-73.65599822998047,14.1,1.6,6.435441,-71.791355,462.0,305.15,222.72
TAM.2021.343.01.29.43,TAM,2021.343.01.29.43,unlabelled,,,,,0,0,0.0,0.0,,,4.389999866485596,-73.64099884033203,21.37,1.8,6.435441,-71.791355,462.0,305.25,222.28
TAM.2021.343.03.59.41,TAM,2021.343.03.59.41,unlabelled,,,,,0,0,0.0,0.0,,,4.4039998054504395,-73.64299774169922,17.56,2.2,6.435441,-71.791355,462.0,304.26,222.5
TAM.2021.344.09.25.31,TAM,2021.344.09.25.31,unlabelled,,,,,0,0,0.0,0.0,,,7.289999961853027,-72.0739974975586,0.51,2.0,6.435441,-71.791355,462.0,99.54,341.72
TAM.2021.344.14.56.42,TAM,2021.344.14.56.42,unlabelled,,,,,0,0,0.0,0.0,,,6.066999912261963,-72.50499725341797,26.21,1.5,6.435441,-71.791355,462.0,88.86,242.75
TAM.2021.344.15.21.44,TAM,2021.344.15.21.44,unlabelled,,,,,0,0,0.0,0.0,,,5.499000072479248,-72.70600128173828,2.85,1.5,6.435441,-71.791355,462.0,144.84,224.41
TAM.2021.344.17.37.57,TAM,2021.344.17.37.57,unlabelled,,,,,0,0,0.0,0.0,,,4.392000198364258,-73.66200256347656,17.85,2.4,6.435441,-71.791355,462.0,306.66,222.63
TAM.2021.344.17.39.43,TAM,2021.344.17.39.43,unlabelled,,,,,0,0,0.0,0.0,,,4.419000148773193,-73.6449966430664,16.04,1.7,6.435441,-71.791355,462.0,303.18,222.74
TAM.2021.344.18.09.08,TAM,2021.344.18.09.08,unlabelled,,,,,0,0,0.0,0.0,,,4.427000045776367,-73.66000366210938,16.97,1.6,6.435441,-71.791355,462.0,303.66,223.09
TAM.2021.344.22.22.52,TAM,2021.344.22.22.52,unlabelled,,,,,0,0,0.0,0.0,,,4.408999919891357,-73.64900207519531,15.04,1.8,6.435441,-71.791355,462.0,304.3,222.67
TAM.2021.346.07.22.12,TAM,2021.346.07.22.12,unlabelled,,,,,0,0,0.0,0.0,,,7.316999912261963,-73.16100311279297,-0.01,1.5,6.435441,-71.791355,462.0,180.05,302.86
TAM.2021.346.11.35.11,TAM,2021.346.11.35.11,unlabelled,,,,,0,0,0.0,0.0,,,6.238999843597412,-74.02300262451172,19.41,2.3,6.435441,-71.791355,462.0,247.87,265.1
TAM.2021.347.09.46.12,TAM,2021.347.09.46.12,unlabelled,,,,,0,0,0.0,0.0,,,3.5409998893737793,-72.01000213623047,1.07,1.8,6.435441,-71.791355,462.0,320.99,184.34
TAM.2021.348.20.17.30,TAM,2021.348.20.17.30,unlabelled,,,,,0,0,0.0,0.0,,,5.409999847412109,-74.37899780273438,21.89,2.0,6.435441,-71.791355,462.0,308.15,248.54
TAM.2021.350.15.29.38,TAM,2021.350.15.29.38,unlabelled,,,,,0,0,0.0,0.0,,,6.375999927520752,-74.79399871826172,30.27,1.7,6.435441,-71.791355,462.0,332.24,269.03
TAM.2021.353.09.26.45,TAM,2021.353.09.26.45,unlabelled,,,,,0,0,0.0,0.0,,,5.269000053405762,-72.81700134277344,18.32,1.5,6.435441,-71.791355,462.0,171.87,221.42
TAM.2021.353.22.33.14,TAM,2021.353.22.33.14,unlabelled,,,,,0,0,0.0,0.0,,,6.0920000076293945,-74.21900177001953,25.87,1.5,6.435441,-71.791355,462.0,271.31,262.09
TAM.2021.355.07.49.26,TAM,2021.355.07.49.26,unlabelled,,,,,0,0,0.0,0.0,,,4.434999942779541,-73.58999633789062,12.93,1.5,6.435441,-71.791355,462.0,297.77,222.11
TAM.2021.355.13.55.18,TAM,2021.355.13.55.18,unlabelled,,,,,0,0,0.0,0.0,,,5.696000099182129,-72.6510009765625,15.98,1.8,6.435441,-71.791355,462.0,125.47,229.37
TAM.2021.357.05.21.22,TAM,2021.357.05.21.22,unlabelled,,,,,0,0,0.0,0.0,,,5.270999908447266,-73.60800170898438,15.98,1.5,6.435441,-71.791355,462.0,238.86,237.47
TAM.2021.357.12.41.29,TAM,2021.357.12.41.29,unlabelled,,,,,0,0,0.0,0.0,,,7.598999977111816,-73.26599884033203,14.46,1.6,6.435441,-71.791355,462.0,207.62,308.39
TAM.2021.357.23.35.09,TAM,2021.357.23.35.09,unlabelled,,,,,0,0,0.0,0.0,,,6.013000011444092,-72.64900207519531,26.17,1.7,6.435441,-71.791355,462.0,105.79,243.84
TAM.2021.358.03.41.30,TAM,2021.358.03.41.30,unlabelled,,,,,0,0,0.0,0.0,,,6.432000160217285,-73.6969985961914,0.0,1.5,6.435441,-71.791355,462.0,210.81,270.0
TAM.2021.358.07.59.44,TAM,2021.358.07.59.44,unlabelled,,,,,0,0,0.0,0.0,,,6.216000080108643,-74.45700073242188,0.0,1.5,6.435441,-71.791355,462.0,295.94,265.44
TAM.2021.359.16.07.17,TAM,2021.359.16.07.17,unlabelled,,,,,0,0,0.0,0.0,,,6.508999824523926,-74.34200286865234,13.99,1.5,6.435441,-71.791355,462.0,282.26,271.8
TAM.2021.360.01.08.48,TAM,2021.360.01.08.48,unlabelled,,,,,0,0,0.0,0.0,,,6.578999996185303,-73.04000091552734,17.85,1.5,6.435441,-71.791355,462.0,139.02,276.63
TAM.2021.360.12.07.21,TAM,2021.360.12.07.21,unlabelled,,,,,0,0,0.0,0.0,,,7.4720001220703125,-72.52100372314453,20.2,1.9,6.435441,-71.791355,462.0,140.15,324.92
TAM.2021.361.14.51.47,TAM,2021.361.14.51.47,unlabelled,,,,,0,0,0.0,0.0,,,4.392000198364258,-73.80699920654297,13.4,1.5,6.435441,-71.791355,462.0,317.74,224.77
TAM.2021.361.19.07.21,TAM,2021.361.19.07.21,unlabelled,,,,,0,0,0.0,0.0,,,5.859000205993652,-73.09500122070312,13.16,1.5,6.435441,-71.791355,462.0,157.75,246.24
TAM.2021.364.03.12.49,TAM,2021.364.03.12.49,unlabelled,,,,,0,0,0.0,0.0,,,5.011000156402588,-72.9729995727539,18.32,2.0,6.435441,-71.791355,462.0,204.8,219.78
TAM.2021.364.06.35.33,TAM,2021.364.06.35.33,unlabelled,,,,,0,0,0.0,0.0,-8.46,,5.943999767303467,-72.5260009765625,15.98,1.5,6.435441,-71.791355,462.0,97.8,236.28
TAM.2021.364.11.36.50,TAM,2021.364.11.36.50,unlabelled,,,,,0,0,0.0,0.0,,,6.093999862670898,-74.25399780273438,14.14,1.7,6.435441,-71.791355,462.0,275.12,262.25
TAM.2021.365.06.30.04,TAM,2021.365.06.30.04,unlabelled,,,,,0,0,0.0,0.0,,,5.059999942779541,-72.9530029296875,15.86,1.6,6.435441,-71.791355,462.0,199.22,220.29
TAM.2021.365.06.47.00,TAM,2021.365.06.47.00,unlabelled,,,,,0,0,0.0,0.0,,,5.1479997634887695,-73.07599639892578,12.93,1.5,6.435441,-71.791355,462.0,201.28,225.05
TAM.2021.365.13.17.59,TAM,2021.365.13.17.59,unlabelled,,,,,0,0,0.0,0.0,,,6.093999862670898,-72.42400360107422,15.98,1.5,6.435441,-71.791355,462.0,79.54,241.69
TAM.2022.001.10.39.01,TAM,2022.001.10.39.01,unlabelled,,,,,0,0,0.0,0.0,,,5.622000217437744,-72.65899658203125,25.12,1.5,6.435441,-71.791355,462.0,131.6,226.92
TAM.2022.001.12.21.36,TAM,2022.001.12.21.36,unlabelled,,,,,0,0,0.0,0.0,,,5.166999816894531,-72.62699890136719,16.21,1.6,6.435441,-71.791355,462.0,168.05,213.46
TAM.2022.001.20.44.32,TAM,2022.001.20.44.32,unlabelled,,,,,0,0,0.0,0.0,,,5.072000026702881,-72.9010009765625,15.98,1.7,6.435441,-71.791355,462.0,194.52,219.24
TAM.2022.003.03.05.51,TAM,2022.003.03.05.51,unlabelled,,,,,0,0,0.0,0.0,,,6.015999794006348,-72.33799743652344,19.02,1.6,6.435441,-71.791355,462.0,76.23,232.55
TAM.2022.003.18.03.32,TAM,2022.003.18.03.32,unlabelled,,,,,0,0,0.0,0.0,,,6.876999855041504,-72.95600128173828,9.88,1.5,6.435441,-71.791355,462.0,137.73,290.83
TAM.2022.003.22.39.23,TAM,2022.003.22.39.23,unlabelled,,,,,0,0,0.0,0.0,,,6.572000026702881,-73.61000061035156,13.08,1.7,6.435441,-71.791355,462.0,201.72,274.4
TAM.2022.004.06.57.57,TAM,2022.004.06.57.57,unlabelled,,,,,0,0,0.0,0.0,,,4.452000141143799,-73.56800079345703,34.02,2.3,6.435441,-71.791355,462.0,294.74,222.0
TAM.2022.004.13.23.23,TAM,2022.004.13.23.23,unlabelled,,,,,0,0,0.0,0.0,,,5.110000133514404,-73.16999816894531,16.91,1.6,6.435441,-71.791355,462.0,211.66,226.24
TAM.2022.004.13.25.21,TAM,2022.004.13.25.21,unlabelled,,,,,0,0,0.0,0.0,,,5.127999782562256,-73.20899963378906,25.23,1.6,6.435441,-71.791355,462.0,213.44,227.43
TAM.2022.004.21.28.29,TAM,2022.004.21.28.29,unlabelled,,,,,0,0,0.0,0.0,,,5.079999923706055,-73.23600006103516,17.62,2.2,6.435441,-71.791355,462.0,219.25,226.94
TAM.2022.004.22.10.56,TAM,2022.004.22.10.56,unlabelled,,,,,0,0,0.0,0.0,,,5.552000045776367,-73.41100311279297,15.98,1.5,6.435441,-71.791355,462.0,204.2,241.5
TAM.2022.005.20.18.22,TAM,2022.005.20.18.22,unlabelled,,,,,0,0,0.0,0.0,,,5.105999946594238,-73.2959976196289,16.21,1.9,6.435441,-71.791355,462.0,222.23,228.66
TAM.2022.006.13.18.01,TAM,2022.006.13.18.01,unlabelled,,,,,0,0,0.0,0.0,,,7.328999996185303,-74.16200256347656,5.27,1.5,6.435441,-71.791355,462.0,280.02,290.8
TAM.2022.006.18.08.42,TAM,2022.006.18.08.42,unlabelled,,,,,0,0,0.0,0.0,,,4.228000164031982,-73.72899627685547,29.04,2.3,6.435441,-71.791355,462.0,325.13,221.44
TAM.2022.007.21.33.22,TAM,2022.007.21.33.22,unlabelled,,,,,0,0,0.0,0.0,,,7.331999778747559,-72.18000030517578,4.3,1.7,6.435441,-71.791355,462.0,108.05,336.6
TAM.2022.007.22.18.01,TAM,2022.007.22.18.01,unlabelled,,,,,0,0,0.0,0.0,,,5.486999988555908,-72.66100311279297,30.98,1.5,6.435441,-71.791355,462.0,142.38,222.6
TAM.2022.008.02.26.31,TAM,2022.008.02.26.31,unlabelled,,,,,0,0,0.0,0.0,,,6.077000141143799,-72.39399719238281,16.21,1.6,6.435441,-71.791355,462.0,77.58,239.31
TAM.2022.008.06.07.28,TAM,2022.008.06.07.28,unlabelled,,,,,0,0,0.0,0.0,,,4.255000114440918,-73.74299621582031,13.93,1.5,6.435441,-71.791355,462.0,323.92,221.99
TAM.2022.008.23.48.13,TAM,2022.008.23.48.13,unlabelled,,,,,0,0,0.0,0.0,,,5.054999828338623,-73.18699645996094,10.12,1.7,6.435441,-71.791355,462.0,217.26,225.43
TAM.2022.009.01.42.10,TAM,2022.009.01.42.10,unlabelled,,,,,0,0,0.0,0.0,,,6.002999782562256,-72.5260009765625,15.98,1.5,6.435441,-71.791355,462.0,94.32,239.58
TAM.2022.009.08.56.45,TAM,2022.009.08.56.45,unlabelled,,,,,0,0,0.0,0.0,,,5.546000003814697,-73.06099700927734,15.98,1.5,6.435441,-71.791355,462.0,171.56,235.09
TAM.2022.009.11.42.03,TAM,2022.009.11.42.03,unlabelled,,,,,0,0,0.0,0.0,,,4.581999778747559,-73.50499725341797,0.0,1.5,6.435441,-71.791355,462.0,279.4,222.9
TAM.2022.009.12.29.58,TAM,2022.009.12.29.58,unlabelled,,,,,0,0,0.0,0.0,,,5.550000190734863,-73.09100341796875,15.04,1.8,6.435441,-71.791355,462.0,174.05,235.83
TAM.2022.010.08.27.56,TAM,2022.010.08.27.56,unlabelled,,,,,0,0,0.0,0.0,,,5.059000015258789,-73.16100311279297,12.93,1.5,6.435441,-71.791355,462.0,214.9,224.98
TAM.2022.010.18.28.26,TAM,2022.010.18.28.26,unlabelled,,,,,0,0,0.0,0.0,,,6.500999927520752,-73.79100036621094,24.51,1.8,6.435441,-71.791355,462.0,221.31,271.99
TAM.2022.010.18.31.55,TAM,2022.010.18.31.55,unlabelled,,,,,0,0,0.0,0.0,,,6.236000061035156,-72.59300231933594,25.35,1.8,6.435441,-71.791355,462.0,91.4,256.08
TAM.2022.010.23.37.47,TAM,2022.010.23.37.47,unlabelled,,,,,0,0,0.0,0.0,,,6.311999797821045,-72.55400085449219,23.95,1.8,6.435441,-71.791355,462.0,85.47,260.85
TAM.2022.012.09.29.36,TAM,2022.012.09.29.36,unlabelled,,,,,0,0,0.0,0.0,,,4.591000080108643,-73.36900329589844,0.0,1.7,6.435441,-71.791355,462.0,268.63,220.68
TAM.2022.012.10.03.09,TAM,2022.012.10.03.09,unlabelled,,,,,0,0,0.0,0.0,,,5.499000072479248,-72.83899688720703,19.02,1.5,6.435441,-71.791355,462.0,155.5,228.3
TAM.2022.012.22.01.15,TAM,2022.012.22.01.15,unlabelled,,,,,0,0,0.0,0.0,,,7.681000232696533,-74.28199768066406,24.69,2.6,6.435441,-71.791355,462.0,307.72,296.74
TAM.2022.014.05.56.36,TAM,2022.014.05.56.36,unlabelled,,,,,0,0,0.0,0.0,,,6.005000114440918,-72.4219970703125,15.98,1.6,6.435441,-71.791355,462.0,84.48,235.74
TAM.2022.014.18.30.32,TAM,2022.014.18.30.32,unlabelled,,,,,0,0,0.0,0.0,,,7.323999881744385,-73.11000061035156,21.13,1.5,6.435441,-71.791355,462.0,175.77,304.07
TAM.2022.015.11.30.08,TAM,2022.015.11.30.08,unlabelled,,,,,0,0,0.0,0.0,,,5.770999908447266,-72.5469970703125,19.61,1.6,6.435441,-71.791355,462.0,111.33,228.74
TAM.2022.018.17.24.56,TAM,2022.018.17.24.56,unlabelled,,,,,0,0,0.0,0.0,,,4.88100004196167,-72.84700012207031,17.62,1.9,6.435441,-71.791355,462.0,207.9,214.28
TAM.2022.021.22.13.34,TAM,2022.021.22.13.34,unlabelled,,,,,0,0,0.0,0.0,,,5.9120001792907715,-72.57599639892578,19.02,1.9,6.435441,-71.791355,462.0,104.37,236.36
TAM.2022.023.20.19.53,TAM,2022.023.20.19.53,unlabelled,,,,,0,0,0.0,0.0,,,7.01800012588501,-73.96499633789062,9.77,1.8,6.435441,-71.791355,462.0,248.8,285.13
TAM.2022.024.03.34.11,TAM,2022.024.03.34.11,unlabelled,,,,,0,0,0.0,0.0,,,5.5329999923706055,-74.52200317382812,29.34,1.7,6.435441,-71.791355,462.0,318.37,251.88
TAM.2022.024.12.34.14,TAM,2022.024.12.34.14,unlabelled,,,,,0,0,0.0,0.0,,,6.999000072479248,-72.322998046875,0.86,1.7,6.435441,-71.791355,462.0,85.67,316.71
TAM.2022.024.14.24.48,TAM,2022.024.14.24.48,unlabelled,,,,,0,0,0.0,0.0,,,5.271999835968018,-73.04900360107422,16.42,1.7,6.435441,-71.791355,462.0,189.61,227.33
TAM.2022.024.16.44.38,TAM,2022.024.16.44.38,unlabelled,,,,,0,0,0.0,0.0,,,5.613999843597412,-72.81099700927734,17.85,1.7,6.435441,-71.791355,462.0,144.89,231.23
TAM.2022.025.17.40.39,TAM,2022.025.17.40.39,unlabelled,,,,,0,0,0.0,0.0,,,7.295000076293945,-72.13099670410156,6.03,1.9,6.435441,-71.791355,462.0,102.2,338.47
TAM.2022.026.05.48.51,TAM,2022.026.05.48.51,unlabelled,,,,,0,0,0.0,0.0,,,5.361999988555908,-73.33200073242188,13.16,1.9,6.435441,-71.791355,462.0,207.84,235.25
TAM.2022.028.07.02.50,TAM,2022.028.07.02.50,unlabelled,,,,,0,0,0.0,0.0,,,5.23799991607666,-72.55999755859375,13.05,1.8,6.435441,-71.791355,462.0,157.42,212.77
TAM.2022.029.02.59.03,TAM,2022.029.02.59.03,unlabelled,,,,,0,0,0.0,0.0,,,6.223999977111816,-74.12899780273438,20.61,1.7,6.435441,-71.791355,462.0,259.7,264.96
TAM.2022.030.07.55.42,TAM,2022.030.07.55.42,unlabelled,,,,,0,0,0.0,0.0,,,6.238999843597412,-74.46800231933594,0.59,2.3,6.435441,-71.791355,462.0,296.95,265.95
TAM.2022.030.16.40.13,TAM,2022.030.16.40.13,unlabelled,,,,,0,0,0.0,0.0,-3.72,,6.629000186920166,-72.89199829101562,4.4,2.2,6.435441,-71.791355,462.0,123.6,280.04
TAM.2022.030.19.16.06,TAM,2022.030.19.16.06,unlabelled,,,,,0,0,0.0,0.0,,,7.0289998054504395,-74.23100280761719,6.75,1.9,6.435441,-71.791355,462.0,277.59,283.82
TAM.2022.030.21.35.52,TAM,2022.030.21.35.52,unlabelled,,,,,0,0,0.0,0.0,,,7.4070000648498535,-73.24600219726562,17.16,1.5,6.435441,-71.791355,462.0,193.36,303.84
TAM.2022.031.06.06.16,TAM,2022.031.06.06.16,unlabelled,,,,,0,0,0.0,0.0,,,5.741000175476074,-72.6510009765625,17.38,1.7,6.435441,-71.791355,462.0,122.28,231.14
TAM.2022.032.15.44.22,TAM,2022.032.15.44.22,unlabelled,,,,,0,0,0.0,0.0,,,4.177999973297119,-73.78500366210938,15.45,2.1,6.435441,-71.791355,462.0,333.39,221.61
TAM.2022.092.00.45.53,TAM,2022.092.00.45.53,unlabelled,,,,,0,0,0.0,0.0,-3.3,,4.888000011444092,-72.95600128173828,13.87,2.3,6.435441,-71.791355,462.0,214.31,217.07
TAM.2022.092.14.02.08,TAM,2022.092.14.02.08,unlabelled,,,,,0,0,0.0,0.0,,,5.432000160217285,-72.80599975585938,16.68,1.5,6.435441,-71.791355,462.0,157.91,225.41
TAM.2022.093.09.46.40,TAM,2022.093.09.46.40,unlabelled,,,,,0,0,0.0,0.0,-0.44,,6.934999942779541,-73.02899932861328,10.35,1.8,6.435441,-71.791355,462.0,147.57,292.06
TAM.2022.094.05.32.09,TAM,2022.094.05.32.09,unlabelled,,,,,0,0,0.0,0.0,,,5.738999843597412,-72.61599731445312,16.21,1.5,6.435441,-71.791355,462.0,119.43,229.89
TAM.2022.094.10.00.19,TAM,2022.094.10.00.19,unlabelled,,,,,0,0,0.0,0.0,,,6.311999797821045,-72.7040023803711,31.28,1.5,6.435441,-71.791355,462.0,101.89,262.35
TAM.2022.095.07.27.57,TAM,2022.095.07.27.57,unlabelled,,,,,0,0,0.0,0.0,,,6.335999965667725,-72.64600372314453,12.93,1.9,6.435441,-71.791355,462.0,95.19,263.41
TAM.2022.095.07.34.29,TAM,2022.095.07.34.29,unlabelled,,,,,0,0,0.0,0.0,,,6.3520002365112305,-72.67400360107422,13.16,1.8,6.435441,-71.791355,462.0,98.08,264.65
TAM.2022.095.09.38.26,TAM,2022.095.09.38.26,unlabelled,,,,,0,0,0.0,0.0,-0.02,,5.0320000648498535,-72.81500244140625,15.04,1.8,6.435441,-71.791355,462.0,192.2,216.2
TAM.2022.096.05.42.26,TAM,2022.096.05.42.26,unlabelled,,,,,0,0,0.0,0.0,,,6.9039998054504395,-74.0199966430664,11.79,1.9,6.435441,-71.791355,462.0,251.81,282.0
TAM.2022.097.20.30.53,TAM,2022.097.20.30.53,unlabelled,,,,,0,0,0.0,0.0,,,5.896999835968018,-73.9280014038086,0.0,2.0,6.435441,-71.791355,462.0,243.86,255.98
TAM.2022.099.13.22.40,TAM,2022.099.13.22.40,unlabelled,,,,,0,0,0.0,0.0,,,5.067999839782715,-73.34200286865234,21.87,1.5,6.435441,-71.791355,462.0,228.83,228.72
TAM.2022.102.23.13.35,TAM,2022.102.23.13.35,unlabelled,,,,,0,0,0.0,0.0,,,5.60699987411499,-72.59300231933594,15.98,1.6,6.435441,-71.791355,462.0,127.55,224.13
TAM.2022.103.11.58.17,TAM,2022.103.11.58.17,unlabelled,,,,,0,0,0.0,0.0,,,4.76800012588501,-73.33799743652344,0.01,1.6,6.435441,-71.791355,462.0,251.72,222.98
TAM.2022.104.08.16.01,TAM,2022.104.08.16.01,unlabelled,,,,,0,0,0.0,0.0,,,6.2220001220703125,-74.17900085449219,18.57,1.5,6.435441,-71.791355,462.0,265.23,265.03
TAM.2022.108.09.39.01,TAM,2022.108.09.39.01,unlabelled,,,,,0,0,0.0,0.0,,,6.909999847412109,-72.38300323486328,13.98,1.6,6.435441,-71.791355,462.0,83.87,308.77
TAM.2022.109.02.06.34,TAM,2022.109.02.06.34,unlabelled,,,,,0,0,0.0,0.0,,,5.385000228881836,-72.72899627685547,4.57,1.7,6.435441,-71.791355,462.0,155.8,221.84
TAM.2022.110.03.22.21,TAM,2022.110.03.22.21,unlabelled,,,,,0,0,0.0,0.0,,,5.480000019073486,-73.80400085449219,19.02,2.2,6.435441,-71.791355,462.0,246.62,244.74
TAM.2022.110.20.24.55,TAM,2022.110.20.24.55,unlabelled,,,,,0,0,0.0,0.0,,,6.324999809265137,-72.69300079345703,11.99,1.8,6.435441,-71.791355,462.0,100.5,263.07
TAM.2022.112.01.38.47,TAM,2022.112.01.38.47,unlabelled,,,,,0,0,0.0,0.0,,,5.185999870300293,-73.23799896240234,16.68,1.7,6.435441,-71.791355,462.0,211.56,229.3
TAM.2022.112.19.24.34,TAM,2022.112.19.24.34,unlabelled,,,,,0,0,0.0,0.0,,,6.210999965667725,-73.06500244140625,12.93,1.6,6.435441,-71.791355,462.0,143.09,260.08
TAM.2022.113.14.37.51,TAM,2022.113.14.37.51,unlabelled,,,,,0,0,0.0,0.0,,,5.931000232696533,-72.39600372314453,17.58,1.6,6.435441,-71.791355,462.0,87.12,230.22
TAM.2022.114.10.56.03,TAM,2022.114.10.56.03,unlabelled,,,,,0,0,0.0,0.0,,,7.046000003814697,-72.25,14.45,1.6,6.435441,-71.791355,462.0,84.44,323.12
TAM.2022.115.17.53.11,TAM,2022.115.17.53.11,unlabelled,,,,,0,0,0.0,0.0,,,5.760000228881836,-73.7750015258789,6.37,1.6,6.435441,-71.791355,462.0,231.93,251.32
TAM.2022.117.18.20.05,TAM,2022.117.18.20.05,unlabelled,,,,,0,0,0.0,0.0,,,6.264999866485596,-73.4219970703125,19.0,1.5,6.435441,-71.791355,462.0,181.4,264.13
TAM.2022.118.23.34.31,TAM,2022.118.23.34.31,unlabelled,,,,,0,0,0.0,0.0,,,4.1519999504089355,-73.59500122070312,35.72,2.9,6.435441,-71.791355,462.0,322.07,218.46
TAM.2022.119.09.35.16,TAM,2022.119.09.35.16,unlabelled,,,,,0,0,0.0,0.0,,,5.395999908447266,-72.6510009765625,9.0,1.6,6.435441,-71.791355,462.0,149.24,219.67
TAM.2022.120.08.22.39,TAM,2022.120.08.22.39,unlabelled,,,,,0,0,0.0,0.0,,,6.751999855041504,-74.04900360107422,26.99,1.9,6.435441,-71.791355,462.0,252.11,278.11
TAM.2022.122.01.27.48,TAM,2022.122.01.27.48,unlabelled,,,,,0,0,0.0,0.0,,,5.984000205993652,-72.43699645996094,22.07,1.5,6.435441,-71.791355,462.0,87.17,235.09
TAM.2022.123.23.59.36,TAM,2022.123.23.59.36,unlabelled,,,,,0,0,0.0,0.0,,,7.507999897003174,-74.10299682617188,9.12,2.3,6.435441,-71.791355,462.0,281.63,295.05
TAM.2022.124.00.02.17,TAM,2022.124.00.02.17,unlabelled,,,,,0,0,0.0,0.0,,,7.507999897003174,-74.12000274658203,15.21,1.6,6.435441,-71.791355,462.0,283.34,294.89
TAM.2022.124.02.39.44,TAM,2022.124.02.39.44,unlabelled,,,,,0,0,0.0,0.0,,,5.1519999504089355,-72.70899963378906,19.02,1.6,6.435441,-71.791355,462.0,174.57,215.65
TAM.2022.124.03.36.46,TAM,2022.124.03.36.46,unlabelled,,,,,0,0,0.0,0.0,,,5.468999862670898,-74.41200256347656,19.84,1.7,6.435441,-71.791355,462.0,309.22,249.92
TAM.2022.124.07.08.41,TAM,2022.124.07.08.41,unlabelled,,,,,0,0,0.0,0.0,,,7.73199987411499,-74.12000274658203,17.86,1.8,6.435441,-71.791355,462.0,294.51,299.27
TAM.2022.126.06.52.12,TAM,2022.126.06.52.12,unlabelled,,,,,0,0,0.0,0.0,,,7.192999839782715,-73.58399963378906,17.95,1.7,6.435441,-71.791355,462.0,215.14,293.02
TAM.2022.126.22.42.23,TAM,2022.126.22.42.23,unlabelled,,,,,0,0,0.0,0.0,,,6.008999824523926,-73.83200073242188,32.23,2.0,6.435441,-71.791355,462.0,230.71,258.32
TAM.2022.129.04.49.14,TAM,2022.129.04.49.14,unlabelled,,,,,0,0,0.0,0.0,,,5.677000045776367,-72.75800323486328,19.02,1.5,6.435441,-71.791355,462.0,135.96,231.96
TAM.2022.129.08.52.33,TAM,2022.129.08.52.33,unlabelled,,,,,0,0,0.0,0.0,,,4.946000099182129,-72.86699676513672,0.0,1.7,6.435441,-71.791355,462.0,203.29,215.94
TAM.2022.134.17.37.33,TAM,2022.134.17.37.33,unlabelled,,,,,0,0,0.0,0.0,,,6.386000156402588,-74.43199920654297,10.0,1.9,6.435441,-71.791355,462.0,292.18,269.08
TAM.2022.135.11.52.55,TAM,2022.135.11.52.55,unlabelled,,,,,0,0,0.0,0.0,,,6.644000053405762,-74.36900329589844,36.93,1.6,6.435441,-71.791355,462.0,286.02,274.77
TAM.2022.135.14.54.32,TAM,2022.135.14.54.32,unlabelled,,,,,0,0,0.0,0.0,,,7.170000076293945,-74.21399688720703,1.73,1.8,6.435441,-71.791355,462.0,279.85,287.02
TAM.2022.135.18.49.58,TAM,2022.135.18.49.58,unlabelled,,,,,0,0,0.0,0.0,,,6.546000003814697,-74.3270034790039,0.0,1.5,6.435441,-71.791355,462.0,280.74,272.64
TAM.2022.136.06.35.48,TAM,2022.136.06.35.48,unlabelled,,,,,0,0,0.0,0.0,,,4.8520002365112305,-73.38500213623047,4.73,1.9,6.435441,-71.791355,462.0,248.66,225.32
TAM.2022.136.11.33.22,TAM,2022.136.11.33.22,unlabelled,,,,,0,0,0.0,0.0,,,6.620999813079834,-74.38999938964844,28.38,1.5,6.435441,-71.791355,462.0,288.15,274.23
TAM.2022.136.21.58.40,TAM,2022.136.21.58.40,unlabelled,,,,,0,0,0.0,0.0,,,7.3480000495910645,-73.49600219726562,27.57,2.3,6.435441,-71.791355,462.0,213.72,298.28
TAM.2022.137.19.29.49,TAM,2022.137.19.29.49,unlabelled,,,,,0,0,0.0,0.0,-0.06,,6.324999809265137,-72.47899627685547,15.98,1.7,6.435441,-71.791355,462.0,77.05,260.92
TAM.2022.138.06.22.26,TAM,2022.138.06.22.26,unlabelled,,,,,0,0,0.0,0.0,,,7.485000133514404,-73.02899932861328,19.02,1.5,6.435441,-71.791355,462.0,179.38,310.39
TAM.2022.142.12.27.08,TAM,2022.142.12.27.08,unlabelled,,,,,0,0,0.0,0.0,,,7.426000118255615,-72.9000015258789,20.2,1.5,6.435441,-71.791355,462.0,164.35,311.87
TAM.2022.142.14.55.53,TAM,2022.142.14.55.53,unlabelled,,,,,0,0,0.0,0.0,,,5.26800012588501,-73.0,6.95,1.6,6.435441,-71.791355,462.0,185.96,226.1
TAM.2022.142.20.19.50,TAM,2022.142.20.19.50,unlabelled,,,,,0,0,0.0,0.0,,,5.539999961853027,-72.71099853515625,2.62,1.9,6.435441,-71.791355,462.0,142.03,225.85
TAM.2022.143.20.43.59,TAM,2022.143.20.43.59,unlabelled,,,,,0,0,0.0,0.0,,,6.210999965667725,-72.37899780273438,19.02,1.7,6.435441,-71.791355,462.0,69.6,249.14
TAM.2022.144.11.27.44,TAM,2022.144.11.27.44,unlabelled,,,,,0,0,0.0,0.0,,,5.8379998207092285,-72.53700256347656,15.98,2.0,6.435441,-71.791355,462.0,105.72,231.36
TAM.2022.146.07.45.22,TAM,2022.146.07.45.22,unlabelled,,,,,0,0,0.0,0.0,,,5.22599983215332,-73.01200103759766,20.2,1.6,6.435441,-71.791355,462.0,190.16,225.37
TAM.2022.146.08.21.54,TAM,2022.146.08.21.54,unlabelled,,,,,0,0,0.0,0.0,,,5.406000137329102,-73.29199981689453,19.02,1.9,6.435441,-71.791355,462.0,201.42,235.66
TAM.2022.150.12.57.08,TAM,2022.150.12.57.08,unlabelled,,,,,0,0,0.0,0.0,,,4.947000026702881,-73.26200103759766,8.71,1.8,6.435441,-71.791355,462.0,231.58,224.78
TAM.2022.152.14.46.37,TAM,2022.152.14.46.37,unlabelled,,,,,0,0,0.0,0.0,,,6.645999908447266,-74.28199768066406,15.16,1.6,6.435441,-71.791355,462.0,276.45,274.97
TAM.2022.153.09.12.41,TAM,2022.153.09.12.41,unlabelled,,,,,0,0,0.0,0.0,,,4.373000144958496,-73.80799865722656,6.78,2.0,6.435441,-71.791355,462.0,319.32,224.52
TAM.2022.153.19.16.15,TAM,2022.153.19.16.15,unlabelled,,,,,0,0,0.0,0.0,,,5.564000129699707,-74.55999755859375,17.73,1.6,6.435441,-71.791355,462.0,321.32,252.7
TAM.2022.154.01.09.47,TAM,2022.154.01.09.47,unlabelled,,,,,0,0,0.0,0.0,,,5.954999923706055,-72.54399871826172,18.09,1.8,6.435441,-71.791355,462.0,98.8,237.51
TAM.2022.154.05.05.51,TAM,2022.154.05.05.51,unlabelled,,,,,0,0,0.0,0.0,,,6.000999927520752,-72.98100280761719,-0.13,1.6,6.435441,-71.791355,462.0,140.15,250.02
TAM.2022.155.12.06.10,TAM,2022.155.12.06.10,unlabelled,,,,,0,0,0.0,0.0,,,7.504000186920166,-73.04399871826172,13.87,2.0,6.435441,-71.791355,462.0,182.0,310.56
TAM.2022.159.08.55.15,TAM,2022.159.08.55.15,unlabelled,,,,,0,0,0.0,0.0,,,7.111999988555908,-73.89700317382812,14.82,1.8,6.435441,-71.791355,462.0,244.5,287.94
TAM.2022.161.20.42.13,TAM,2022.161.20.42.13,unlabelled,,,,,0,0,0.0,0.0,,,6.670000076293945,-72.96399688720703,18.33,1.5,6.435441,-71.791355,462.0,132.26,281.38
TAM.2022.163.02.19.40,TAM,2022.163.02.19.40,unlabelled,,,,,0,0,0.0,0.0,,,7.409999847412109,-73.74099731445312,20.5,2.0,6.435441,-71.791355,462.0,240.91,296.69
TAM.2022.163.05.01.32,TAM,2022.163.05.01.32,unlabelled,,,,,0,0,0.0,0.0,,,7.321000099182129,-72.177001953125,-0.01,1.6,6.435441,-71.791355,462.0,106.81,336.5
TAM.2022.163.08.04.46,TAM,2022.163.08.04.46,unlabelled,,,,,0,0,0.0,0.0,,,5.672999858856201,-72.875,8.71,1.6,6.435441,-71.791355,462.0,146.63,234.96
TAM.2022.163.12.00.56,TAM,2022.163.12.00.56,unlabelled,,,,,0,0,0.0,0.0,,,5.1620001792907715,-73.03800201416016,13.05,1.5,6.435441,-71.791355,462.0,197.22,224.5
TAM.2022.163.23.57.25,TAM,2022.163.23.57.25,unlabelled,,,,,0,0,0.0,0.0,,,6.4070000648498535,-74.8030014038086,32.62,1.8,6.435441,-71.791355,462.0,333.18,269.63
TAM.2022.164.08.07.40,TAM,2022.164.08.07.40,unlabelled,,,,,0,0,0.0,0.0,,,5.677000045776367,-73.45800018310547,15.98,1.8,6.435441,-71.791355,462.0,202.67,245.64
TAM.2022.164.13.50.12,TAM,2022.164.13.50.12,unlabelled,,,,,0,0,0.0,0.0,,,4.368000030517578,-73.63500213623047,36.54,2.4,6.435441,-71.791355,462.0,306.62,221.88
TAM.2022.164.17.44.35,TAM,2022.164.17.44.35,unlabelled,,,,,0,0,0.0,0.0,,,4.545000076293945,-73.57099914550781,26.52,1.9,6.435441,-71.791355,462.0,287.38,223.42
TAM.2022.167.14.10.02,TAM,2022.167.14.10.02,unlabelled,,,,,0,0,0.0,0.0,,,6.539999961853027,-74.70800018310547,5.43,1.5,6.435441,-71.791355,462.0,322.82,272.22
TAM.2022.167.21.59.35,TAM,2022.167.21.59.35,unlabelled,,,,,0,0,0.0,0.0,,,5.568999767303467,-72.6760025024414,16.21,1.8,6.435441,-71.791355,462.0,137.02,225.68
TAM.2022.167.22.45.21,TAM,2022.167.22.45.21,unlabelled,,,,,0,0,0.0,0.0,,,7.214000225067139,-73.802001953125,31.58,1.8,6.435441,-71.791355,462.0,238.34,291.29
TAM.2022.168.01.45.23,TAM,2022.168.01.45.23,unlabelled,,,,,0,0,0.0,0.0,,,6.640999794006348,-74.4749984741211,18.53,1.6,6.435441,-71.791355,462.0,297.68,274.53
TAM.2022.168.04.47.49,TAM,2022.168.04.47.49,unlabelled,,,,,0,0,0.0,0.0,,,7.360000133514404,-72.38400268554688,13.16,1.6,6.435441,-71.791355,462.0,121.43,327.39
TAM.2022.168.23.52.03,TAM,2022.168.23.52.03,unlabelled,,,,,0,0,0.0,0.0,,,6.144000053405762,-73.99400329589844,4.57,2.1,6.435441,-71.791355,462.0,245.85,262.59
TAM.2022.169.11.21.21,TAM,2022.169.11.21.21,unlabelled,,,,,0,0,0.0,0.0,,,7.193999767303467,-72.20700073242188,15.39,1.8,6.435441,-71.791355,462.0,95.65,331.32
TAM.2022.169.22.42.30,TAM,2022.169.22.42.30,unlabelled,,,,,0,0,0.0,0.0,,,6.550000190734863,-74.71099853515625,1.34,1.7,6.435441,-71.791355,462.0,323.19,272.41
TAM.2022.170.08.30.41,TAM,2022.170.08.30.41,unlabelled,,,,,0,0,0.0,0.0,,,5.052999973297119,-72.81500244140625,18.32,2.2,6.435441,-71.791355,462.0,190.33,216.62
TAM.2022.171.11.15.52,TAM,2022.171.11.15.52,unlabelled,,,,,0,0,0.0,0.0,,,5.984000205993652,-72.36799621582031,16.68,2.4,6.435441,-71.791355,462.0,81.02,232.0
TAM.2022.172.12.02.46,TAM,2022.172.12.02.46,unlabelled,,,,,0,0,0.0,0.0,,,6.586999893188477,-74.2229995727539,29.7,1.5,6.435441,-71.791355,462.0,269.48,273.7
TAM.2022.174.23.01.56,TAM,2022.174.23.01.56,unlabelled,,,,,0,0,0.0,0.0,,,7.368000030517578,-72.30799865722656,12.03,1.5,6.435441,-71.791355,462.0,117.88,331.06
TAM.2022.175.11.45.31,TAM,2022.175.11.45.31,unlabelled,,,,,0,0,0.0,0.0,,,6.9679999351501465,-72.29000091552734,4.41,1.5,6.435441,-71.791355,462.0,80.67,316.92
TAM.2022.175.16.07.58,TAM,2022.175.16.07.58,unlabelled,,,,,0,0,0.0,0.0,,,4.8520002365112305,-73.37699890136719,7.54,1.7,6.435441,-71.791355,462.0,248.03,225.17
TAM.2022.176.10.42.15,TAM,2022.176.10.42.15,unlabelled,,,,,0,0,0.0,0.0,,,4.951000213623047,-73.12899780273438,13.63,1.9,6.435441,-71.791355,462.0,221.14,222.14
TAM.2022.179.04.44.50,TAM,2022.179.04.44.50,unlabelled,,,,,0,0,0.0,0.0,,,5.98199987411499,-72.43699645996094,16.45,1.8,6.435441,-71.791355,462.0,87.29,234.97
TAM.2022.179.09.55.22,TAM,2022.179.09.55.22,unlabelled,,,,,0,0,0.0,0.0,,,5.9079999923706055,-72.46499633789062,13.16,1.9,6.435441,-71.791355,462.0,94.66,232.0
TAM.2022.179.17.55.13,TAM,2022.179.17.55.13,unlabelled,,,,,0,0,0.0,0.0,,,5.142000198364258,-74.30599975585938,15.04,1.7,6.435441,-71.791355,462.0,313.09,242.95
TAM.2022.183.13.23.24,TAM,2022.183.13.23.24,unlabelled,,,,,0,0,0.0,0.0,,,6.447999954223633,-73.28099822998047,32.38,2.2,6.435441,-71.791355,462.0,164.79,270.57
TAM.2022.184.08.21.14,TAM,2022.184.08.21.14,unlabelled,,,,,0,0,0.0,0.0,,,5.039000034332275,-72.95700073242188,22.58,1.5,6.435441,-71.791355,462.0,201.29,219.96
TAM.2022.185.02.56.04,TAM,2022.185.02.56.04,unlabelled,,,,,0,0,0.0,0.0,,,5.709000110626221,-72.64900207519531,13.87,1.7,6.435441,-71.791355,462.0,124.37,229.81
TAM.2022.185.04.38.14,TAM,2022.185.04.38.14,unlabelled,,,,,0,0,0.0,0.0,,,5.119999885559082,-73.04000091552734,0.89,1.6,6.435441,-71.791355,462.0,200.71,223.62
TAM.2022.187.00.02.46,TAM,2022.187.00.02.46,unlabelled,,,,,0,0,0.0,0.0,,,6.886000156402588,-72.3239974975586,13.16,1.5,6.435441,-71.791355,462.0,77.15,310.26
TAM.2022.189.14.11.30,TAM,2022.189.14.11.30,unlabelled,,,,,0,0,0.0,0.0,-5.34,,7.204999923706055,-72.2040023803711,15.98,2.2,6.435441,-71.791355,462.0,96.56,331.83
TAM.2022.189.18.11.14,TAM,2022.189.18.11.14,unlabelled,,,,,0,0,0.0,0.0,,,5.158999919891357,-73.15899658203125,15.98,1.6,6.435441,-71.791355,462.0,207.05,227.09
TAM.2022.189.22.43.29,TAM,2022.189.22.43.29,unlabelled,,,,,0,0,0.0,0.0,,,5.289999961853027,-73.18699645996094,19.02,1.5,6.435441,-71.791355,462.0,199.83,230.74
TAM.2022.190.01.05.38,TAM,2022.190.01.05.38,unlabelled,,,,,0,0,0.0,0.0,,,5.118000030517578,-73.18900299072266,23.95,1.5,6.435441,-71.791355,462.0,212.57,226.81
TAM.2022.190.01.41.19,TAM,2022.190.01.41.19,unlabelled,,,,,0,0,0.0,0.0,,,5.571000099182129,-72.90699768066406,17.62,1.7,6.435441,-71.791355,462.0,156.19,232.32
TAM.2022.190.23.48.33,TAM,2022.190.23.48.33,unlabelled,,,,,0,0,0.0,0.0,,,4.327000141143799,-73.84100341796875,12.99,2.4,6.435441,-71.791355,462.0,325.52,224.35
TAM.2022.192.05.34.01,TAM,2022.192.05.34.01,unlabelled,,,,,0,0,0.0,0.0,,,6.614999771118164,-73.02899932861328,14.8,1.9,6.435441,-71.791355,462.0,138.32,278.32
TAM.2022.193.15.51.17,TAM,2022.193.15.51.17,unlabelled,,,,,0,0,0.0,0.0,,,6.260000228881836,-74.38500213623047,1.54,1.8,6.435441,-71.791355,462.0,287.62,266.28
TAM.2022.193.22.06.59,TAM,2022.193.22.06.59,unlabelled,,,,,0,0,0.0,0.0,,,7.500999927520752,-74.38099670410156,21.34,1.5,6.435441,-71.791355,462.0,309.47,292.54
TAM.2022.194.10.58.22,TAM,2022.194.10.58.22,unlabelled,,,,,0,0,0.0,0.0,,,4.269000053405762,-73.58899688720703,19.14,1.9,6.435441,-71.791355,462.0,311.59,219.84
TAM.2022.194.11.15.23,TAM,2022.194.11.15.23,unlabelled,,,,,0,0,0.0,0.0,,,5.241000175476074,-72.5999984741211,7.77,2.1,6.435441,-71.791355,462.0,159.58,214.18
TAM.2022.194.13.43.40,TAM,2022.194.13.43.40,unlabelled,,,,,0,0,0.0,0.0,,,7.639999866485596,-73.9729995727539,18.1,2.0,6.435441,-71.791355,462.0,275.4,299.06
TAM.2022.196.13.19.02,TAM,2022.196.13.19.02,unlabelled,,,,,0,0,0.0,0.0,,,5.7870001792907715,-72.32599639892578,19.96,1.6,6.435441,-71.791355,462.0,92.98,219.56
TAM.2022.197.08.16.02,TAM,2022.197.08.16.02,unlabelled,,,,,0,0,0.0,0.0,-3.92,,7.4730000495910645,-72.23200225830078,17.27,1.5,6.435441,-71.791355,462.0,124.65,337.03
TAM.2022.197.11.44.01,TAM,2022.197.11.44.01,unlabelled,,,,,0,0,0.0,0.0,,,7.754000186920166,-72.79100036621094,14.34,2.0,6.435441,-71.791355,462.0,182.92,322.92
TAM.2022.198.05.21.44,TAM,2022.198.05.21.44,unlabelled,,,,,0,0,0.0,0.0,,,6.031000137329102,-72.32499694824219,16.91,1.7,6.435441,-71.791355,462.0,74.08,232.89
TAM.2022.198.06.38.42,TAM,2022.198.06.38.42,unlabelled,,,,,0,0,0.0,0.0,,,5.499000072479248,-72.81099700927734,15.74,1.8,6.435441,-71.791355,462.0,153.2,227.52
TAM.2022.198.22.41.13,TAM,2022.198.22.41.13,unlabelled,,,,,0,0,0.0,0.0,,,6.880000114440918,-73.71900177001953,11.96,1.7,6.435441,-71.791355,462.0,218.74,283.1
TAM.2022.199.20.54.10,TAM,2022.199.20.54.10,unlabelled,,,,,0,0,0.0,0.0,,,7.198999881744385,-72.7300033569336,12.93,1.5,6.435441,-71.791355,462.0,133.77,309.2
TAM.2022.200.05.30.35,TAM,2022.200.05.30.35,unlabelled,,,,,0,0,0.0,0.0,,,4.715000152587891,-73.4800033569336,16.09,1.5,6.435441,-71.791355,462.0,266.83,224.61
TAM.2022.201.06.56.35,TAM,2022.201.06.56.35,unlabelled,,,,,0,0,0.0,0.0,,,6.789999961853027,-72.90799713134766,3.91,1.5,6.435441,-71.791355,462.0,129.56,287.68
TAM.2022.201.07.29.17,TAM,2022.201.07.29.17,unlabelled,,,,,0,0,0.0,0.0,,,4.435999870300293,-73.57099914550781,31.86,2.2,6.435441,-71.791355,462.0,296.28,221.82
TAM.2022.201.12.42.53,TAM,2022.201.12.42.53,unlabelled,,,,,0,0,0.0,0.0,-0.38,,7.261000156402588,-72.19300079345703,12.23,1.8,6.435441,-71.791355,462.0,101.52,334.09
TAM.2022.201.14.14.02,TAM,2022.201.14.14.02,unlabelled,,,,,0,0,0.0,0.0,,,6.495999813079834,-74.65299987792969,15.98,1.6,6.435441,-71.791355,462.0,316.61,271.37
TAM.2022.203.00.46.24,TAM,2022.203.00.46.24,unlabelled,,,,,0,0,0.0,0.0,,,6.631999969482422,-72.58599853515625,15.98,1.6,6.435441,-71.791355,462.0,90.54,283.94
TAM.2022.203.08.01.57,TAM,2022.203.08.01.57,unlabelled,,,,,0,0,0.0,0.0,,,4.99399995803833,-72.69400024414062,10.35,2.3,6.435441,-71.791355,462.0,188.16,212.14
TAM.2022.203.21.03.30,TAM,2022.203.21.03.30,unlabelled,,,,,0,0,0.0,0.0,,,6.572000026702881,-73.2249984741211,12.17,2.2,6.435441,-71.791355,462.0,159.29,275.52
TAM.2022.204.03.47.15,TAM,2022.204.03.47.15,unlabelled,,,,,0,0,0.0,0.0,,,6.545000076293945,-74.72000122070312,4.91,2.1,6.435441,-71.791355,462.0,324.17,272.31
TAM.2022.204.04.42.38,TAM,2022.204.04.42.38,unlabelled,,,,,0,0,0.0,0.0,,,6.554999828338623,-74.71900177001953,4.05,2.2,6.435441,-71.791355,462.0,324.1,272.5
TAM.2022.204.20.58.08,TAM,2022.204.20.58.08,unlabelled,,,,,0,0,0.0,0.0,,,5.659999847412109,-73.3239974975586,13.16,1.7,6.435441,-71.791355,462.0,190.11,243.27
TAM.2022.207.18.17.13,TAM,2022.207.18.17.13,unlabelled,,,,,0,0,0.0,0.0,,,5.705999851226807,-74.40699768066406,18.96,2.1,6.435441,-71.791355,462.0,300.57,254.57
TAM.2022.208.23.47.31,TAM,2022.208.23.47.31,unlabelled,,,,,0,0,0.0,0.0,,,7.192999839782715,-73.79900360107422,35.0,1.7,6.435441,-71.791355,462.0,237.21,290.8
TAM.2022.208.23.56.34,TAM,2022.208.23.56.34,unlabelled,,,,,0,0,0.0,0.0,,,5.354000091552734,-71.79399871826172,0.0,1.6,6.435441,-71.791355,462.0,119.59,180.14
TAM.2022.209.03.54.11,TAM,2022.209.03.54.11,unlabelled,,,,,0,0,0.0,0.0,-4.71,,7.113999843597412,-72.24500274658203,10.12,1.6,6.435441,-71.791355,462.0,90.26,326.27
TAM.2022.211.18.34.02,TAM,2022.211.18.34.02,unlabelled,,,,,0,0,0.0,0.0,,,4.9770002365112305,-73.31300354003906,17.15,1.7,6.435441,-71.791355,462.0,233.28,226.34
TAM.2022.212.20.35.37,TAM,2022.212.20.35.37,unlabelled,,,,,0,0,0.0,0.0,,,7.192999839782715,-73.8030014038086,33.27,1.5,6.435441,-71.791355,462.0,237.62,290.76
TAM.2022.213.04.20.47,TAM,2022.213.04.20.47,unlabelled,,,,,0,0,0.0,0.0,,,7.367000102996826,-72.96199798583984,13.34,2.2,6.435441,-71.791355,462.0,165.38,308.6
TAM.2022.213.09.15.53,TAM,2022.213.09.15.53,unlabelled,,,,,0,0,0.0,0.0,,,4.361999988555908,-73.8219985961914,9.82,2.1,6.435441,-71.791355,462.0,321.27,224.57
TAM.2022.215.06.18.20,TAM,2022.215.06.18.20,unlabelled,,,,,0,0,0.0,0.0,,,5.085000038146973,-74.48100280761719,19.02,1.5,6.435441,-71.791355,462.0,333.24,243.52
TAM.2022.217.18.52.15,TAM,2022.217.18.52.15,unlabelled,,,,,0,0,0.0,0.0,,,6.622000217437744,-74.50800323486328,17.16,1.8,6.435441,-71.791355,462.0,301.17,274.08
TAM.2022.219.02.08.17,TAM,2022.219.02.08.17,unlabelled,,,,,0,0,0.0,0.0,,,7.191999912261963,-73.802001953125,35.95,1.6,6.435441,-71.791355,462.0,237.48,290.75
TAM.2022.219.08.35.11,TAM,2022.219.08.35.11,unlabelled,,,,,0,0,0.0,0.0,,,7.210000038146973,-72.35199737548828,26.76,1.5,6.435441,-71.791355,462.0,105.72,324.15
TAM.2022.220.19.01.28,TAM,2022.220.19.01.28,unlabelled,,,,,0,0,0.0,0.0,,,5.698999881744385,-74.39399719238281,22.83,2.5,6.435441,-71.791355,462.0,299.4,254.36
TAM.2022.220.22.27.37,TAM,2022.220.22.27.37,unlabelled,,,,,0,0,0.0,0.0,,,7.232999801635742,-72.22899627685547,16.68,1.8,6.435441,-71.791355,462.0,100.6,331.28
TAM.2022.222.08.38.05,TAM,2022.222.08.38.05,unlabelled,,,,,0,0,0.0,0.0,,,5.172999858856201,-73.07599639892578,12.23,1.9,6.435441,-71.791355,462.0,199.33,225.61
TAM.2022.223.09.10.50,TAM,2022.223.09.10.50,unlabelled,,,,,0,0,0.0,0.0,,,4.380000114440918,-73.78399658203125,9.18,1.5,6.435441,-71.791355,462.0,316.91,224.27
TAM.2022.223.13.09.37,TAM,2022.223.13.09.37,unlabelled,,,,,0,0,0.0,0.0,,,6.201000213623047,-74.26899719238281,17.29,1.5,6.435441,-71.791355,462.0,275.37,264.73
TAM.2022.224.05.09.22,TAM,2022.224.05.09.22,unlabelled,,,,,0,0,0.0,0.0,-1.52,,7.070000171661377,-72.37300109863281,15.98,1.6,6.435441,-71.791355,462.0,95.18,317.53
TAM.2022.224.06.41.37,TAM,2022.224.06.41.37,unlabelled,,,,,0,0,0.0,0.0,,,5.232999801635742,-73.12699890136719,0.0,1.6,6.435441,-71.791355,462.0,198.9,228.12
TAM.2022.225.01.36.06,TAM,2022.225.01.36.06,unlabelled,,,,,0,0,0.0,0.0,,,4.343999862670898,-73.70600128173828,10.29,1.5,6.435441,-71.791355,462.0,313.87,222.63
TAM.2022.225.03.26.20,TAM,2022.225.03.26.20,unlabelled,,,,,0,0,0.0,0.0,,,5.400000095367432,-72.71900177001953,25.12,1.7,6.435441,-71.791355,462.0,153.83,221.94
TAM.2022.225.03.44.44,TAM,2022.225.03.44.44,unlabelled,,,,,0,0,0.0,0.0,,,5.421000003814697,-72.72799682617188,16.21,2.0,6.435441,-71.791355,462.0,152.78,222.8
TAM.2022.225.04.29.30,TAM,2022.225.04.29.30,unlabelled,,,,,0,0,0.0,0.0,,,5.394000053405762,-72.7300033569336,13.16,2.0,6.435441,-71.791355,462.0,155.13,222.11
TAM.2022.225.05.19.14,TAM,2022.225.05.19.14,unlabelled,,,,,0,0,0.0,0.0,,,5.410999774932861,-72.73400115966797,13.16,1.6,6.435441,-71.791355,462.0,154.04,222.71
TAM.2022.225.05.23.45,TAM,2022.225.05.23.45,unlabelled,,,,,0,0,0.0,0.0,,,5.369999885559082,-72.7300033569336,15.98,1.5,6.435441,-71.791355,462.0,157.12,221.47
TAM.2022.225.05.36.12,TAM,2022.225.05.36.12,unlabelled,,,,,0,0,0.0,0.0,,,5.38100004196167,-72.7300033569336,15.98,2.0,6.435441,-71.791355,462.0,156.2,221.76
TAM.2022.225.05.59.18,TAM,2022.225.05.59.18,unlabelled,,,,,0,0,0.0,0.0,,,5.379000186920166,-72.71900177001953,19.02,2.8,6.435441,-71.791355,462.0,155.56,221.37
TAM.2022.225.07.43.46,TAM,2022.225.07.43.46,unlabelled,,,,,0,0,0.0,0.0,,,5.423999786376953,-72.69200134277344,28.05,1.5,6.435441,-71.791355,462.0,149.85,221.77
TAM.2022.225.13.59.58,TAM,2022.225.13.59.58,unlabelled,,,,,0,0,0.0,0.0,,,6.808000087738037,-73.16799926757812,143.44,1.6,6.435441,-71.791355,462.0,157.71,285.22
TAM.2022.226.10.09.53,TAM,2022.226.10.09.53,unlabelled,,,,,0,0,0.0,0.0,-3.32,,5.802000045776367,-72.56500244140625,15.98,1.6,6.435441,-71.791355,462.0,110.64,230.76
TAM.2022.227.13.46.08,TAM,2022.227.13.46.08,unlabelled,,,,,0,0,0.0,0.0,,,5.406000137329102,-72.70800018310547,29.57,1.7,6.435441,-71.791355,462.0,152.52,221.77
TAM.2022.229.22.11.18,TAM,2022.229.22.11.18,unlabelled,,,,,0,0,0.0,0.0,,,5.085999965667725,-73.18399810791016,5.55,1.5,6.435441,-71.791355,462.0,214.62,226.02
TAM.2022.231.00.05.29,TAM,2022.231.00.05.29,unlabelled,,,,,0,0,0.0,0.0,,,4.668000221252441,-73.51699829101562,14.34,1.6,6.435441,-71.791355,462.0,273.42,224.46
TAM.2022.231.00.12.41,TAM,2022.231.00.12.41,unlabelled,,,,,0,0,0.0,0.0,,,4.651000022888184,-73.48500061035156,15.98,2.6,6.435441,-71.791355,462.0,272.31,223.65
TAM.2022.237.10.59.38,TAM,2022.237.10.59.38,unlabelled,,,,,0,0,0.0,0.0,,,5.395999908447266,-72.69999694824219,29.8,1.7,6.435441,-71.791355,462.0,152.76,221.24
TAM.2022.238.15.03.51,TAM,2022.238.15.03.51,unlabelled,,,,,0,0,0.0,0.0,,,4.855999946594238,-73.27400207519531,21.13,1.9,6.435441,-71.791355,462.0,239.76,223.32
TAM.2022.239.01.14.04,TAM,2022.239.01.14.04,unlabelled,,,,,0,0,0.0,0.0,,,5.478000164031982,-74.57099914550781,19.96,1.6,6.435441,-71.791355,462.0,325.47,251.16
TAM.2022.239.06.52.26,TAM,2022.239.06.52.26,unlabelled,,,,,0,0,0.0,0.0,,,7.552999973297119,-72.36399841308594,18.32,1.5,6.435441,-71.791355,462.0,138.85,332.92
TAM.2022.239.10.41.31,TAM,2022.239.10.41.31,unlabelled,,,,,0,0,0.0,0.0,,,4.995999813079834,-73.15299987792969,19.73,2.3,6.435441,-71.791355,462.0,219.29,223.53
TAM.2022.241.21.27.51,TAM,2022.241.21.27.51,unlabelled,,,,,0,0,0.0,0.0,,,5.019000053405762,-73.23400115966797,15.98,2.4,6.435441,-71.791355,462.0,223.76,225.65
TAM.2022.242.15.51.13,TAM,2022.242.15.51.13,unlabelled,,,,,0,0,0.0,0.0,,,7.63100004196167,-73.75199890136719,10.0,1.9,6.435441,-71.791355,462.0,253.78,301.51
TAM.2022.242.16.30.42,TAM,2022.242.16.30.42,unlabelled,,,,,0,0,0.0,0.0,,,6.197000026702881,-74.21299743652344,0.0,1.8,6.435441,-71.791355,462.0,269.24,264.51
TAM.2022.242.22.25.22,TAM,2022.242.22.25.22,unlabelled,,,,,0,0,0.0,0.0,,,6.702000141143799,-73.03099822998047,13.57,1.6,6.435441,-71.791355,462.0,140.23,282.21
TAM.2022.243.15.29.40,TAM,2022.243.15.29.40,unlabelled,,,,,0,0,0.0,0.0,,,7.2170000076293945,-72.77400207519531,4.67,2.0,6.435441,-71.791355,462.0,138.81,308.57
TAM.2022.243.16.54.16,TAM,2022.243.16.54.16,unlabelled,,,,,0,0,0.0,0.0,,,7.206999778747559,-72.75599670410156,6.31,2.0,6.435441,-71.791355,462.0,136.57,308.72
TAM.2022.243.18.04.16,TAM,2022.243.18.04.16,unlabelled,,,,,0,0,0.0,0.0,,,5.659999847412109,-72.62100219726562,13.16,1.9,6.435441,-71.791355,462.0,125.65,227.01
TAM.2022.243.18.36.17,TAM,2022.243.18.36.17,unlabelled,,,,,0,0,0.0,0.0,,,7.201000213623047,-72.76100158691406,9.41,1.5,6.435441,-71.791355,462.0,136.59,308.36
TAM.2022.244.01.42.46,TAM,2022.244.01.42.46,unlabelled,,,,,0,0,0.0,0.0,,,5.538000106811523,-73.37699890136719,18.32,2.0,6.435441,-71.791355,462.0,201.67,240.6
TAM.2022.245.07.39.47,TAM,2022.245.07.39.47,unlabelled,,,,,0,0,0.0,0.0,,,5.1529998779296875,-73.23100280761719,15.86,1.6,6.435441,-71.791355,462.0,213.39,228.42
TAM.2022.246.03.44.56,TAM,2022.246.03.44.56,unlabelled,,,,,0,0,0.0,0.0,,,5.98199987411499,-73.5459976196289,14.8,2.1,6.435441,-71.791355,462.0,200.56,255.62
TAM.2022.246.08.15.37,TAM,2022.246.08.15.37,unlabelled,,,,,0,0,0.0,0.0,,,5.690000057220459,-73.28099822998047,14.57,1.9,6.435441,-71.791355,462.0,184.36,243.52
TAM.2022.247.09.06.50,TAM,2022.247.09.06.50,unlabelled,,,,,0,0,0.0,0.0,,,6.415999889373779,-73.197998046875,17.15,1.9,6.435441,-71.791355,462.0,155.62,269.29
TAM.2022.249.08.52.16,TAM,2022.249.08.52.16,unlabelled,,,,,0,0,0.0,0.0,,,7.052999973297119,-72.21700286865234,15.98,1.6,6.435441,-71.791355,462.0,82.94,325.46
TAM.2022.250.04.57.10,TAM,2022.250.04.57.10,unlabelled,,,,,0,0,0.0,0.0,,,6.618000030517578,-74.13700103759766,28.12,2.1,6.435441,-71.791355,462.0,260.22,274.58
TAM.2022.251.09.39.03,TAM,2022.251.09.39.03,unlabelled,,,,,0,0,0.0,0.0,-4.76,,6.959000110626221,-72.95899963378906,7.66,2.0,6.435441,-71.791355,462.0,141.49,294.22
TAM.2022.252.01.52.27,TAM,2022.252.01.52.27,unlabelled,,,,,0,0,0.0,0.0,,,4.538000106811523,-73.28700256347656,13.63,1.7,6.435441,-71.791355,462.0,267.38,218.38
TAM.2022.253.17.22.44,TAM,2022.253.17.22.44,unlabelled,,,,,0,0,0.0,0.0,,,5.7210001945495605,-72.60700225830078,16.33,1.5,6.435441,-71.791355,462.0,119.98,228.86
TAM.2022.254.23.45.54,TAM,2022.254.23.45.54,unlabelled,,,,,0,0,0.0,0.0,,,5.434999942779541,-72.43399810791016,29.0,1.5,6.435441,-71.791355,462.0,131.54,212.78
TAM.2022.256.17.22.05,TAM,2022.256.17.22.05,unlabelled,,,,,0,0,0.0,0.0,,,5.863999843597412,-73.81300354003906,19.02,1.7,6.435441,-71.791355,462.0,232.51,254.34
TAM.2022.258.10.55.26,TAM,2022.258.10.55.26,unlabelled,,,,,0,0,0.0,0.0,,,6.743000030517578,-74.45800018310547,14.75,1.5,6.435441,-71.791355,462.0,296.86,276.73
TAM.2022.260.22.00.11,TAM,2022.260.22.00.11,unlabelled,,,,,0,0,0.0,0.0,,,6.926000118255615,-72.15899658203125,15.98,2.0,6.435441,-71.791355,462.0,67.79,323.18
TAM.2022.261.02.43.37,TAM,2022.261.02.43.37,unlabelled,,,,,0,0,0.0,0.0,,,5.011000156402588,-74.11799621582031,2.34,1.9,6.435441,-71.791355,462.0,302.04,238.69
TAM.2022.261.17.09.11,TAM,2022.261.17.09.11,unlabelled,,,,,0,0,0.0,0.0,,,5.752999782562256,-73.17400360107422,13.63,1.7,6.435441,-71.791355,462.0,170.65,243.83
TAM.2022.263.04.31.21,TAM,2022.263.04.31.21,unlabelled,,,,,0,0,0.0,0.0,,,5.421000003814697,-72.67400360107422,11.76,1.6,6.435441,-71.791355,462.0,148.78,221.11
TAM.2022.263.08.23.48,TAM,2022.263.08.23.48,unlabelled,,,,,0,0,0.0,0.0,,,6.340000152587891,-74.36100006103516,0.92,2.2,6.435441,-71.791355,462.0,284.48,268.02
TAM.2022.264.06.12.25,TAM,2022.264.06.12.25,unlabelled,,,,,0,0,0.0,0.0,,,7.205999851226807,-73.78800201416016,25.64,2.2,6.435441,-71.791355,462.0,236.58,291.23
TAM.2022.264.16.13.54,TAM,2022.264.16.13.54,unlabelled,,,,,0,0,0.0,0.0,,,7.40500020980835,-72.06900024414062,10.7,1.5,6.435441,-71.791355,462.0,111.53,344.05
TAM.2022.266.15.45.46,TAM,2022.266.15.45.46,unlabelled,,,,,0,0,0.0,0.0,,,6.01200008392334,-72.5199966430664,15.04,1.8,6.435441,-71.791355,462.0,93.25,239.9
TAM.2022.268.07.26.56,TAM,2022.268.07.26.56,unlabelled,,,,,0,0,0.0,0.0,,,5.198999881744385,-73.07499694824219,11.52,2.1,6.435441,-71.791355,462.0,197.24,226.18
TAM.2022.268.07.27.02,TAM,2022.268.07.27.02,unlabelled,,,,,0,0,0.0,0.0,,,5.201000213623047,-73.09100341796875,12.93,2.4,6.435441,-71.791355,462.0,198.37,226.58
TAM.2022.271.21.28.57,TAM,2022.271.21.28.57,unlabelled,,,,,0,0,0.0,0.0,,,7.078000068664551,-73.55699920654297,0.0,2.5,6.435441,-71.791355,462.0,207.73,290.11
TAM.2022.273.22.28.26,TAM,2022.273.22.28.26,unlabelled,,,,,0,0,0.0,0.0,,,6.75,-74.44000244140625,16.69,1.5,6.435441,-71.791355,462.0,294.97,276.92
TAM.2022.275.16.30.34,TAM,2022.275.16.30.34,unlabelled,,,,,0,0,0.0,0.0,,,4.401000022888184,-73.6729965209961,14.34,1.7,6.435441,-71.791355,462.0,306.75,222.92
TAM.2022.278.19.03.09,TAM,2022.278.19.03.09,unlabelled,,,,,0,0,0.0,0.0,,,5.703999996185303,-74.54299926757812,21.02,1.7,6.435441,-71.791355,462.0,315.16,255.28
TAM.2022.282.05.47.24,TAM,2022.282.05.47.24,unlabelled,,,,,0,0,0.0,0.0,,,4.933000087738037,-73.23100280761719,12.58,1.5,6.435441,-71.791355,462.0,230.3,223.9
TAM.2022.283.13.45.32,TAM,2022.283.13.45.32,unlabelled,,,,,0,0,0.0,0.0,,,7.760000228881836,-72.56199645996094,9.36,2.1,6.435441,-71.791355,462.0,169.43,329.88
TAM.2022.283.18.20.16,TAM,2022.283.18.20.16,unlabelled,,,,,0,0,0.0,0.0,,,4.679999828338623,-73.45800018310547,10.59,1.6,6.435441,-71.791355,462.0,267.92,223.65
TAM.2022.285.00.20.16,TAM,2022.285.00.20.16,unlabelled,,,,,0,0,0.0,0.0,,,6.714000225067139,-73.08000183105469,13.4,1.7,6.435441,-71.791355,462.0,145.81,282.27
TAM.2022.285.23.44.33,TAM,2022.285.23.44.33,unlabelled,,,,,0,0,0.0,0.0,,,7.03000020980835,-72.21299743652344,15.98,1.8,6.435441,-71.791355,462.0,80.6,324.69
TAM.2022.286.15.21.06,TAM,2022.286.15.21.06,unlabelled,,,,,0,0,0.0,0.0,,,7.5289998054504395,-73.76699829101562,23.38,1.5,6.435441,-71.791355,462.0,249.56,299.1
TAM.2022.287.17.37.54,TAM,2022.287.17.37.54,unlabelled,,,,,0,0,0.0,0.0,,,7.382999897003174,-73.11199951171875,3.6,1.6,6.435441,-71.791355,462.0,179.67,305.76
TAM.2022.287.22.21.56,TAM,2022.287.22.21.56,unlabelled,,,,,0,0,0.0,0.0,,,6.894000053405762,-73.1449966430664,19.02,1.5,6.435441,-71.791355,462.0,158.03,288.79
TAM.2022.288.02.35.32,TAM,2022.288.02.35.32,unlabelled,,,,,0,0,0.0,0.0,-1.53,,5.946000099182129,-72.46399688720703,16.68,1.8,6.435441,-71.791355,462.0,92.04,234.02
TAM.2022.289.12.34.58,TAM,2022.289.12.34.58,unlabelled,,,,,0,0,0.0,0.0,,,7.199999809265137,-73.81400299072266,32.14,1.5,6.435441,-71.791355,462.0,239.03,290.83
TAM.2022.290.01.19.06,TAM,2022.290.01.19.06,unlabelled,,,,,0,0,0.0,0.0,,,5.855000019073486,-72.54199981689453,13.63,2.2,6.435441,-71.791355,462.0,104.99,232.35
TAM.2022.292.15.55.00,TAM,2022.292.15.55.00,unlabelled,,,,,0,0,0.0,0.0,,,6.599999904632568,-73.3239974975586,30.04,1.5,6.435441,-71.791355,462.0,170.49,276.21
TAM.2022.292.20.10.16,TAM,2022.292.20.10.16,unlabelled,,,,,0,0,0.0,0.0,,,5.054999828338623,-73.23999786376953,15.27,1.9,6.435441,-71.791355,462.0,221.47,226.5
TAM.2022.293.00.49.40,TAM,2022.293.00.49.40,unlabelled,,,,,0,0,0.0,0.0,,,5.076000213623047,-73.23400115966797,19.96,1.7,6.435441,-71.791355,462.0,219.39,226.82
TAM.2022.293.02.17.53,TAM,2022.293.02.17.53,unlabelled,,,,,0,0,0.0,0.0,,,5.300000190734863,-72.78299713134766,26.52,2.1,6.435441,-71.791355,462.0,166.81,221.22
TAM.2022.293.05.28.09,TAM,2022.293.05.28.09,unlabelled,,,,,0,0,0.0,0.0,,,5.043000221252441,-73.22599792480469,21.48,1.5,6.435441,-71.791355,462.0,221.27,225.98
TAM.2022.293.07.17.18,TAM,2022.293.07.17.18,unlabelled,,,,,0,0,0.0,0.0,,,7.091000080108643,-73.27100372314453,10.76,1.5,6.435441,-71.791355,462.0,178.92,293.99
TAM.2022.293.13.54.32,TAM,2022.293.13.54.32,unlabelled,,,,,0,0,0.0,0.0,,,5.085000038146973,-73.26200103759766,17.85,2.3,6.435441,-71.791355,462.0,220.98,227.56
TAM.2022.293.13.55.43,TAM,2022.293.13.55.43,unlabelled,,,,,0,0,0.0,0.0,,,5.057000160217285,-73.23400115966797,17.38,2.2,6.435441,-71.791355,462.0,220.84,226.42
TAM.2022.293.14.14.06,TAM,2022.293.14.14.06,unlabelled,,,,,0,0,0.0,0.0,,,5.076000213623047,-73.25700378417969,16.21,2.0,6.435441,-71.791355,462.0,221.25,227.27
TAM.2022.294.02.29.10,TAM,2022.294.02.29.10,unlabelled,,,,,0,0,0.0,0.0,,,7.314000129699707,-74.03299713134766,18.25,1.7,6.435441,-71.791355,462.0,266.12,291.54
TAM.2022.295.00.08.10,TAM,2022.295.00.08.10,unlabelled,,,,,0,0,0.0,0.0,,,6.710000038146973,-74.6240005493164,2.22,1.7,6.435441,-71.791355,462.0,314.74,275.7
TAM.2022.297.08.26.10,TAM,2022.297.08.26.10,unlabelled,,,,,0,0,0.0,0.0,,,5.375,-74.3239974975586,18.29,1.6,6.435441,-71.791355,462.0,303.97,247.44
TAM.2022.298.06.49.49,TAM,2022.298.06.49.49,unlabelled,,,,,0,0,0.0,0.0,,,7.565000057220459,-72.89800262451172,21.84,1.6,6.435441,-71.791355,462.0,174.8,315.68
TAM.2022.298.17.17.21,TAM,2022.298.17.17.21,unlabelled,,,,,0,0,0.0,0.0,,,4.3520002365112305,-73.81199645996094,7.3,1.9,6.435441,-71.791355,462.0,321.29,224.29
TAM.2022.299.12.34.25,TAM,2022.299.12.34.25,unlabelled,,,,,0,0,0.0,0.0,,,7.067999839782715,-74.41699981689453,11.8,1.5,6.435441,-71.791355,462.0,298.58,283.7
TAM.2022.300.01.21.27,TAM,2022.300.01.21.27,unlabelled,,,,,0,0,0.0,0.0,,,6.1570000648498535,-72.60900115966797,0.0,1.5,6.435441,-71.791355,462.0,95.57,251.25
TAM.2022.300.08.20.18,TAM,2022.300.08.20.18,unlabelled,,,,,0,0,0.0,0.0,,,5.7789998054504395,-72.53500366210938,12.93,2.0,6.435441,-71.791355,462.0,109.75,228.63
TAM.2022.300.22.08.50,TAM,2022.300.22.08.50,unlabelled,,,,,0,0,0.0,0.0,,,7.611000061035156,-73.25399780273438,7.92,1.5,6.435441,-71.791355,462.0,207.41,308.9
TAM.2022.301.10.18.22,TAM,2022.301.10.18.22,unlabelled,,,,,0,0,0.0,0.0,,,7.133999824523926,-72.1520004272461,0.0,1.6,6.435441,-71.791355,462.0,86.93,332.72
TAM.2022.302.19.32.47,TAM,2022.302.19.32.47,unlabelled,,,,,0,0,0.0,0.0,,,7.336999893188477,-72.28500366210938,33.34,1.7,6.435441,-71.791355,462.0,113.65,331.34
TAM.2022.303.03.16.25,TAM,2022.303.03.16.25,unlabelled,,,,,0,0,0.0,0.0,,,5.791999816894531,-72.52899932861328,10.12,2.2,6.435441,-71.791355,462.0,108.3,228.97
TAM.2022.304.11.39.55,TAM,2022.304.11.39.55,unlabelled,,,,,0,0,0.0,0.0,,,6.140999794006348,-72.59700012207031,13.63,1.6,6.435441,-71.791355,462.0,94.91,249.98
TAM.2022.304.17.22.17,TAM,2022.304.17.22.17,unlabelled,,,,,0,0,0.0,0.0,,,5.619999885559082,-72.89600372314453,12.93,2.0,6.435441,-71.791355,462.0,151.95,233.65
TAM.2022.304.18.43.14,TAM,2022.304.18.43.14,unlabelled,,,,,0,0,0.0,0.0,,,5.6479997634887695,-73.31700134277344,17.62,1.9,6.435441,-71.791355,462.0,190.02,242.81
TAM.2022.305.07.51.07,TAM,2022.305.07.51.07,unlabelled,,,,,0,0,0.0,0.0,,,6.2870001792907715,-74.34600067138672,-0.22,1.7,6.435441,-71.791355,462.0,283.12,266.82
TAM.2022.305.11.51.05,TAM,2022.305.11.51.05,unlabelled,,,,,0,0,0.0,0.0,,,6.165999889373779,-72.59500122070312,19.02,1.5,6.435441,-71.791355,462.0,93.78,251.52
TAM.2022.306.05.24.00,TAM,2022.306.05.24.00,unlabelled,,,,,0,0,0.0,0.0,,,7.422999858856201,-73.34400177001953,0.0,1.8,6.435441,-71.791355,462.0,203.39,302.57
TAM.2022.307.03.34.01,TAM,2022.307.03.34.01,unlabelled,,,,,0,0,0.0,0.0,,,5.775000095367432,-73.17400360107422,13.16,1.7,6.435441,-71.791355,462.0,169.58,244.56
TAM.2022.307.19.01.28,TAM,2022.307.19.01.28,unlabelled,,,,,0,0,0.0,0.0,,,5.568999767303467,-72.9540023803711,15.98,1.6,6.435441,-71.791355,462.0,160.47,233.4
TAM.2022.308.04.36.30,TAM,2022.308.04.36.30,unlabelled,,,,,0,0,0.0,0.0,,,6.090000152587891,-73.92900085449219,0.0,1.7,6.435441,-71.791355,462.0,239.62,260.94
TAM.2022.308.06.12.18,TAM,2022.308.06.12.18,unlabelled,,,,,0,0,0.0,0.0,,,5.164999961853027,-73.01799774169922,13.16,1.8,6.435441,-71.791355,462.0,195.43,224.1
TAM.2022.308.19.11.49,TAM,2022.308.19.11.49,unlabelled,,,,,0,0,0.0,0.0,,,6.336999893188477,-74.62999725341797,19.92,1.8,6.435441,-71.791355,462.0,314.24,268.17
TAM.2022.308.23.06.11,TAM,2022.308.23.06.11,unlabelled,,,,,0,0,0.0,0.0,,,5.059000015258789,-73.33799743652344,13.4,1.9,6.435441,-71.791355,462.0,229.16,228.46
TAM.2022.309.02.18.46,TAM,2022.309.02.18.46,unlabelled,,,,,0,0,0.0,0.0,-1.21,,7.1020002365112305,-72.60700225830078,10.82,1.9,6.435441,-71.791355,462.0,116.47,309.31
TAM.2022.309.03.20.59,TAM,2022.309.03.20.59,unlabelled,,,,,0,0,0.0,0.0,,,7.64300012588501,-74.43699645996094,0.0,1.9,6.435441,-71.791355,462.0,321.36,294.71
TAM.2022.312.13.18.22,TAM,2022.312.13.18.22,unlabelled,,,,,0,0,0.0,0.0,,,5.163000106811523,-73.01399993896484,19.49,2.3,6.435441,-71.791355,462.0,195.28,223.96
TAM.2022.313.08.06.55,TAM,2022.313.08.06.55,unlabelled,,,,,0,0,0.0,0.0,,,6.085000038146973,-74.27999877929688,1.13,2.6,6.435441,-71.791355,462.0,278.11,262.13
TAM.2022.313.14.16.06,TAM,2022.313.14.16.06,unlabelled,,,,,0,0,0.0,0.0,,,5.660999774932861,-73.125,-0.09,1.5,6.435441,-71.791355,462.0,170.68,239.95
TAM.2022.315.01.28.13,TAM,2022.315.01.28.13,unlabelled,,,,,0,0,0.0,0.0,,,5.761000156402588,-73.93099975585938,31.4,1.5,6.435441,-71.791355,462.0,248.31,252.64
TAM.2022.316.00.59.47,TAM,2022.316.00.59.47,unlabelled,,,,,0,0,0.0,0.0,,,6.043000221252441,-74.29199981689453,10.11,1.5,6.435441,-71.791355,462.0,280.11,261.22
TAM.2022.317.02.02.09,TAM,2022.317.02.02.09,unlabelled,,,,,0,0,0.0,0.0,-0.52,,6.881999969482422,-72.1719970703125,15.98,1.6,6.435441,-71.791355,462.0,64.89,319.58
TAM.2022.317.05.01.57,TAM,2022.317.05.01.57,unlabelled,,,,,0,0,0.0,0.0,,,5.136000156402588,-73.06400299072266,15.86,1.7,6.435441,-71.791355,462.0,201.29,224.51
TAM.2022.317.16.27.23,TAM,2022.317.16.27.23,unlabelled,,,,,0,0,0.0,0.0,,,7.697000026702881,-72.70700073242188,18.61,2.0,6.435441,-71.791355,462.0,172.33,324.11
TAM.2022.317.22.34.39,TAM,2022.317.22.34.39,unlabelled,,,,,0,0,0.0,0.0,,,5.072000026702881,-73.27200317382812,18.32,1.6,6.435441,-71.791355,462.0,222.77,227.48
TAM.2022.319.01.17.16,TAM,2022.319.01.17.16,unlabelled,,,,,0,0,0.0,0.0,,,5.13100004196167,-73.2300033569336,4.39,1.6,6.435441,-71.791355,462.0,214.93,227.92
TAM.2022.319.02.16.39,TAM,2022.319.02.16.39,unlabelled,,,,,0,0,0.0,0.0,,,5.039999961853027,-73.22699737548828,21.6,1.9,6.435441,-71.791355,462.0,221.58,225.93
TAM.2022.319.03.55.39,TAM,2022.319.03.55.39,unlabelled,,,,,0,0,0.0,0.0,,,6.14300012588501,-72.6259994506836,-0.4,1.5,6.435441,-71.791355,462.0,97.86,250.75
TAM.2022.319.05.49.08,TAM,2022.319.05.49.08,unlabelled,,,,,0,0,0.0,0.0,,,5.1539998054504395,-73.11000061035156,15.74,1.7,6.435441,-71.791355,462.0,203.49,225.93
TAM.2022.319.09.32.48,TAM,2022.319.09.32.48,unlabelled,,,,,0,0,0.0,0.0,,,6.464000225067139,-74.5510025024414,27.09,1.9,6.435441,-71.791355,462.0,305.29,270.75
TAM.2022.319.20.12.13,TAM,2022.319.20.12.13,unlabelled,,,,,0,0,0.0,0.0,,,7.584000110626221,-73.36699676513672,28.66,1.6,6.435441,-71.791355,462.0,215.51,306.21
TAM.2022.320.02.11.46,TAM,2022.320.02.11.46,unlabelled,,,,,0,0,0.0,0.0,,,4.5289998054504395,-74.05000305175781,5.72,1.8,6.435441,-71.791355,462.0,327.24,230.0
TAM.2022.321.18.07.45,TAM,2022.321.18.07.45,unlabelled,,,,,0,0,0.0,0.0,-1.49,,6.4019999504089355,-72.59300231933594,13.05,1.6,6.435441,-71.791355,462.0,88.76,267.66
TAM.2022.321.20.38.17,TAM,2022.321.20.38.17,unlabelled,,,,,0,0,0.0,0.0,,,4.673999786376953,-73.36799621582031,9.18,1.5,6.435441,-71.791355,462.0,261.64,221.97
TAM.2022.321.22.43.20,TAM,2022.321.22.43.20,unlabelled,,,,,0,0,0.0,0.0,,,4.932000160217285,-72.94100189208984,22.77,2.2,6.435441,-71.791355,462.0,209.43,217.51
TAM.2022.322.03.48.22,TAM,2022.322.03.48.22,unlabelled,,,,,0,0,0.0,0.0,,,7.561999797821045,-73.15899658203125,3.22,1.6,6.435441,-71.791355,462.0,195.85,309.58
TAM.2022.324.03.41.10,TAM,2022.324.03.41.10,unlabelled,,,,,0,0,0.0,0.0,,,7.64300012588501,-74.54900360107422,35.08,1.5,6.435441,-71.791355,462.0,332.66,293.83
TAM.2022.325.05.20.54,TAM,2022.325.05.20.54,unlabelled,,,,,0,0,0.0,0.0,,,5.119999885559082,-72.88899993896484,13.05,1.7,6.435441,-71.791355,462.0,189.58,219.94
TAM.2022.326.04.12.22,TAM,2022.326.04.12.22,unlabelled,,,,,0,0,0.0,0.0,,,4.353000164031982,-73.81700134277344,14.98,2.0,6.435441,-71.791355,462.0,321.6,224.37
TAM.2022.328.04.33.58,TAM,2022.328.04.33.58,unlabelled,,,,,0,0,0.0,0.0,,,5.210000038146973,-72.84700012207031,0.0,1.7,6.435441,-71.791355,462.0,178.98,220.84
TAM.2022.329.17.50.52,TAM,2022.329.17.50.52,unlabelled,,,,,0,0,0.0,0.0,,,5.376999855041504,-72.9010009765625,19.02,1.9,6.435441,-71.791355,462.0,169.7,226.45
TAM.2022.332.10.43.45,TAM,2022.332.10.43.45,unlabelled,,,,,0,0,0.0,0.0,,,7.718999862670898,-72.93099975585938,29.92,1.7,6.435441,-71.791355,462.0,189.74,318.5
TAM.2022.332.19.26.30,TAM,2022.332.19.26.30,unlabelled,,,,,0,0,0.0,0.0,,,6.269000053405762,-74.45600128173828,10.01,1.7,6.435441,-71.791355,462.0,295.39,266.58
TAM.2022.333.04.20.02,TAM,2022.333.04.20.02,unlabelled,,,,,0,0,0.0,0.0,,,5.291999816894531,-72.56099700927734,15.98,2.4,6.435441,-71.791355,462.0,152.49,214.02
TAM.2022.333.05.07.42,TAM,2022.333.05.07.42,unlabelled,,,,,0,0,0.0,0.0,,,4.998000144958496,-72.91400146484375,0.0,1.7,6.435441,-71.791355,462.0,201.82,218.09
TAM.2022.336.03.41.33,TAM,2022.336.03.41.33,unlabelled,,,,,0,0,0.0,0.0,,,4.8979997634887695,-73.16699981689453,18.5,2.6,6.435441,-71.791355,462.0,228.32,221.94
TAM.2022.336.05.35.04,TAM,2022.336.05.35.04,unlabelled,,,,,0,0,0.0,0.0,,,7.313000202178955,-74.66100311279297,22.77,1.7,6.435441,-71.791355,462.0,331.68,287.18
TAM.2022.337.09.21.32,TAM,2022.337.09.21.32,unlabelled,,,,,0,0,0.0,0.0,,,7.517000198364258,-73.19200134277344,16.08,1.5,6.435441,-71.791355,462.0,195.6,307.78
TAM.2022.337.22.53.41,TAM,2022.337.22.53.41,unlabelled,,,,,0,0,0.0,0.0,,,4.76200008392334,-73.39700317382812,0.0,1.6,6.435441,-71.791355,462.0,256.69,223.95
TAM.2022.339.05.53.29,TAM,2022.339.05.53.29,unlabelled,,,,,0,0,0.0,0.0,,,6.190999984741211,-72.447998046875,2.23,1.8,6.435441,-71.791355,462.0,77.52,249.63
TAM.2022.341.11.26.19,TAM,2022.341.11.26.19,unlabelled,,,,,0,0,0.0,0.0,,,5.8480000495910645,-74.43000030517578,0.0,1.5,6.435441,-71.791355,462.0,299.19,257.6
TAM.2022.341.22.17.44,TAM,2022.341.22.17.44,unlabelled,,,,,0,0,0.0,0.0,,,5.361000061035156,-72.927001953125,14.92,1.7,6.435441,-71.791355,462.0,173.01,226.68
TAM.2022.342.23.19.50,TAM,2022.342.23.19.50,unlabelled,,,,,0,0,0.0,0.0,,,6.0,-74.23999786376953,15.21,1.5,6.435441,-71.791355,462.0,275.23,260.06
TAM.2022.342.23.23.00,TAM,2022.342.23.23.00,unlabelled,,,,,0,0,0.0,0.0,,,6.00600004196167,-74.25299835205078,13.44,1.6,6.435441,-71.791355,462.0,276.53,260.25
TAM.2022.343.06.12.26,TAM,2022.343.06.12.26,unlabelled,,,,,0,0,0.0,0.0,,,7.474999904632568,-74.0989990234375,12.7,1.5,6.435441,-71.791355,462.0,279.72,294.4
TAM.2022.343.20.12.32,TAM,2022.343.20.12.32,unlabelled,,,,,0,0,0.0,0.0,,,7.165999889373779,-73.99199676513672,27.77,1.7,6.435441,-71.791355,462.0,256.33,288.5
TAM.2022.345.06.36.46,TAM,2022.345.06.36.46,unlabelled,,,,,0,0,0.0,0.0,,,5.8470001220703125,-73.18900299072266,10.12,1.5,6.435441,-71.791355,462.0,167.83,247.26
TAM.2022.345.12.41.40,TAM,2022.345.12.41.40,unlabelled,,,,,0,0,0.0,0.0,,,5.818999767303467,-73.21099853515625,8.95,1.9,6.435441,-71.791355,462.0,171.29,246.62
TAM.2022.345.21.47.57,TAM,2022.345.21.47.57,unlabelled,,,,,0,0,0.0,0.0,,,4.190999984741211,-73.71700286865234,11.11,2.1,6.435441,-71.791355,462.0,327.35,220.79
TAM.2022.346.21.00.41,TAM,2022.346.21.00.41,unlabelled,,,,,0,0,0.0,0.0,,,4.373000144958496,-73.84200286865234,12.99,1.9,6.435441,-71.791355,462.0,321.97,225.0
TAM.2022.348.06.50.07,TAM,2022.348.06.50.07,unlabelled,,,,,0,0,0.0,0.0,,,6.7789998054504395,-73.98400115966797,18.56,1.5,6.435441,-71.791355,462.0,245.43,279.03
TAM.2022.349.18.09.58,TAM,2022.349.18.09.58,unlabelled,,,,,0,0,0.0,0.0,,,5.678999900817871,-72.64199829101562,13.16,2.1,6.435441,-71.791355,462.0,125.96,228.43
TAM.2022.349.18.47.06,TAM,2022.349.18.47.06,unlabelled,,,,,0,0,0.0,0.0,,,5.958000183105469,-74.29299926757812,14.36,1.5,6.435441,-71.791355,462.0,281.85,259.34
TAM.2022.350.06.04.06,TAM,2022.350.06.04.06,unlabelled,,,,,0,0,0.0,0.0,,,5.13100004196167,-73.375,20.17,1.7,6.435441,-71.791355,462.0,227.1,230.65
TAM.2022.351.08.48.01,TAM,2022.351.08.48.01,unlabelled,,,,,0,0,0.0,0.0,,,6.783999919891357,-73.45099639892578,17.78,1.9,6.435441,-71.791355,462.0,187.53,281.96
TAM.2022.352.00.02.20,TAM,2022.352.00.02.20,unlabelled,,,,,0,0,0.0,0.0,,,4.505000114440918,-73.5469970703125,0.01,2.4,6.435441,-71.791355,462.0,288.82,222.43
TAM.2022.352.04.43.57,TAM,2022.352.04.43.57,unlabelled,,,,,0,0,0.0,0.0,,,5.138000011444092,-73.1729965209961,2.67,1.5,6.435441,-71.791355,462.0,209.77,226.92
TAM.2022.352.05.07.58,TAM,2022.352.05.07.58,unlabelled,,,,,0,0,0.0,0.0,,,5.366000175476074,-72.83699798583984,13.87,1.8,6.435441,-71.791355,462.0,165.51,224.45
TAM.2022.352.09.25.57,TAM,2022.352.09.25.57,unlabelled,,,,,0,0,0.0,0.0,-0.44,,7.335999965667725,-72.59400177001953,16.97,1.5,6.435441,-71.791355,462.0,133.37,318.36
TAM.2022.352.14.51.30,TAM,2022.352.14.51.30,unlabelled,,,,,0,0,0.0,0.0,,,5.46999979019165,-72.7750015258789,13.87,1.7,6.435441,-71.791355,462.0,152.51,225.62
TAM.2022.352.15.50.48,TAM,2022.352.15.50.48,unlabelled,,,,,0,0,0.0,0.0,,,6.561999797821045,-73.34600067138672,26.99,1.5,6.435441,-71.791355,462.0,172.53,274.74
TAM.2022.353.13.52.33,TAM,2022.353.13.52.33,unlabelled,,,,,0,0,0.0,0.0,,,7.301000118255615,-72.18399810791016,20.9,2.0,6.435441,-71.791355,462.0,105.1,335.64
TAM.2022.354.12.58.11,TAM,2022.354.12.58.11,unlabelled,,,,,0,0,0.0,0.0,,,6.556000232696533,-73.34600067138672,29.8,2.2,6.435441,-71.791355,462.0,172.47,274.52
TAM.2022.354.20.55.20,TAM,2022.354.20.55.20,unlabelled,,,,,0,0,0.0,0.0,,,6.0879998207092285,-72.4489974975586,16.68,1.7,6.435441,-71.791355,462.0,82.29,242.2
TAM.2022.354.22.21.27,TAM,2022.354.22.21.27,unlabelled,,,,,0,0,0.0,0.0,,,5.211999893188477,-72.93699645996094,13.16,1.5,6.435441,-71.791355,462.0,185.48,223.22
TAM.2022.355.02.19.08,TAM,2022.355.02.19.08,unlabelled,,,,,0,0,0.0,0.0,,,5.190999984741211,-73.0979995727539,26.17,1.9,6.435441,-71.791355,462.0,199.7,226.51
TAM.2022.355.02.26.11,TAM,2022.355.02.26.11,unlabelled,,,,,0,0,0.0,0.0,-0.16,,5.176000118255615,-73.13800048828125,10.12,1.7,6.435441,-71.791355,462.0,204.06,227.03
TAM.2022.357.07.10.15,TAM,2022.357.07.10.15,unlabelled,,,,,0,0,0.0,0.0,,,5.443999767303467,-72.7509994506836,20.66,1.5,6.435441,-71.791355,462.0,152.68,224.15
TAM.2022.357.22.12.51,TAM,2022.357.22.12.51,unlabelled,,,,,0,0,0.0,0.0,,,6.607999801635742,-74.29399871826172,16.16,1.6,6.435441,-71.791355,462.0,277.46,274.09
TAM.2022.358.05.26.52,TAM,2022.358.05.26.52,unlabelled,,,,,0,0,0.0,0.0,,,7.4029998779296875,-72.68499755859375,8.65,1.7,6.435441,-71.791355,462.0,145.61,317.35
TAM.2022.359.00.36.18,TAM,2022.359.00.36.18,unlabelled,,,,,0,0,0.0,0.0,,,5.243000030517578,-72.71700286865234,11.05,1.6,6.435441,-71.791355,462.0,167.02,217.91
TAM.2022.359.08.28.14,TAM,2022.359.08.28.14,unlabelled,,,,,0,0,0.0,0.0,,,4.849999904632568,-73.34300231933594,15.74,1.7,6.435441,-71.791355,462.0,245.53,224.51
TAM.2022.361.00.43.29,TAM,2022.361.00.43.29,unlabelled,,,,,0,0,0.0,0.0,,,7.250999927520752,-73.76799774169922,27.0,1.6,6.435441,-71.791355,462.0,236.36,292.55
TAM.2022.362.04.35.12,TAM,2022.362.04.35.12,unlabelled,,,,,0,0,0.0,0.0,,,7.043000221252441,-72.26699829101562,4.12,1.5,6.435441,-71.791355,462.0,85.32,321.98
TAM.2022.363.10.01.46,TAM,2022.363.10.01.46,unlabelled,,,,,0,0,0.0,0.0,,,5.139999866485596,-73.05899810791016,10.12,1.9,6.435441,-71.791355,462.0,200.58,224.49
TAM.2022.364.18.06.53,TAM,2022.364.18.06.53,unlabelled,,,,,0,0,0.0,0.0,,,5.928999900817871,-74.27200317382812,30.03,1.5,6.435441,-71.791355,462.0,280.2,258.61
TAM.2022.365.16.03.26,TAM,2022.365.16.03.26,unlabelled,,,,,0,0,0.0,0.0,,,6.489999771118164,-74.35399627685547,12.44,1.6,6.435441,-71.791355,462.0,283.54,271.36
TAM.2023.001.05.50.12,TAM,2023.001.05.50.12,unlabelled,,,,,0,0,0.0,0.0,,,6.315999984741211,-73.1510009765625,14.1,1.8,6.435441,-71.791355,462.0,151.0,265.06
TAM.2023.002.17.24.02,TAM,2023.002.17.24.02,unlabelled,,,,,0,0,0.0,0.0,,,5.906000137329102,-73.05899810791016,8.71,1.6,6.435441,-71.791355,462.0,152.03,247.42
TAM.2023.004.11.28.04,TAM,2023.004.11.28.04,unlabelled,,,,,0,0,0.0,0.0,,,5.369999885559082,-72.9219970703125,15.74,1.8,6.435441,-71.791355,462.0,171.92,226.8
TAM.2023.005.09.54.26,TAM,2023.005.09.54.26,unlabelled,,,,,0,0,0.0,0.0,,,7.054999828338623,-74.63800048828125,27.23,1.5,6.435441,-71.791355,462.0,322.08,282.45
TAM.2023.005.12.59.46,TAM,2023.005.12.59.46,unlabelled,,,,,0,0,0.0,0.0,,,7.323999881744385,-72.11100006103516,3.49,1.5,6.435441,-71.791355,462.0,104.42,340.24
TAM.2023.006.13.53.30,TAM,2023.006.13.53.30,unlabelled,,,,,0,0,0.0,0.0,,,6.78000020980835,-73.91600036621094,25.47,1.9,6.435441,-71.791355,462.0,238.02,279.33
TAM.2023.008.01.12.32,TAM,2023.008.01.12.32,unlabelled,,,,,0,0,0.0,0.0,,,4.4770002365112305,-73.36199951171875,14.57,1.7,6.435441,-71.791355,462.0,277.84,218.87
TAM.2023.008.18.30.39,TAM,2023.008.18.30.39,unlabelled,,,,,0,0,0.0,0.0,,,5.376999855041504,-72.69100189208984,15.98,1.5,6.435441,-71.791355,462.0,153.7,220.45
TAM.2023.009.08.30.20,TAM,2023.009.08.30.20,unlabelled,,,,,0,0,0.0,0.0,,,5.1020002365112305,-73.32599639892578,15.98,1.7,6.435441,-71.791355,462.0,225.02,229.14
TAM.2023.009.20.56.50,TAM,2023.009.20.56.50,unlabelled,,,,,0,0,0.0,0.0,,,7.210999965667725,-73.7959976196289,29.0,1.5,6.435441,-71.791355,462.0,237.6,291.28
TAM.2023.010.14.05.29,TAM,2023.010.14.05.29,unlabelled,,,,,0,0,0.0,0.0,,,5.960999965667725,-72.55599975585938,15.98,1.7,6.435441,-71.791355,462.0,99.57,238.24
TAM.2023.010.21.00.19,TAM,2023.010.21.00.19,unlabelled,,,,,0,0,0.0,0.0,,,7.126999855041504,-74.61699676513672,15.98,2.4,6.435441,-71.791355,462.0,321.59,283.92
TAM.2023.011.23.00.40,TAM,2023.011.23.00.40,unlabelled,,,,,0,0,0.0,0.0,,,4.359000205993652,-72.74199676513672,0.0,2.4,6.435441,-71.791355,462.0,252.64,204.69
TAM.2023.012.07.22.41,TAM,2023.012.07.22.41,unlabelled,,,,,0,0,0.0,0.0,,,6.302000045776367,-73.78099822998047,34.25,1.5,6.435441,-71.791355,462.0,220.62,266.28
TAM.2023.012.20.24.50,TAM,2023.012.20.24.50,unlabelled,,,,,0,0,0.0,0.0,,,7.208000183105469,-73.80699920654297,29.63,1.7,6.435441,-71.791355,462.0,238.62,291.1
TAM.2023.013.10.52.13,TAM,2023.013.10.52.13,unlabelled,,,,,0,0,0.0,0.0,,,7.5929999351501465,-72.78199768066406,10.06,2.3,6.435441,-71.791355,462.0,168.43,319.53
TAM.2023.014.20.07.10,TAM,2023.014.20.07.10,unlabelled,,,,,0,0,0.0,0.0,,,6.640999794006348,-74.11100006103516,25.55,1.7,6.435441,-71.791355,462.0,257.56,275.19
TAM.2023.015.00.50.59,TAM,2023.015.00.50.59,unlabelled,,,,,0,0,0.0,0.0,-1.41,,7.172999858856201,-72.1729965209961,7.89,1.6,6.435441,-71.791355,462.0,91.83,332.67
TAM.2023.015.05.44.16,TAM,2023.015.05.44.16,unlabelled,,,,,0,0,0.0,0.0,-5.68,,7.002999782562256,-72.11799621582031,2.96,1.5,6.435441,-71.791355,462.0,72.41,330.1
TAM.2023.015.09.27.55,TAM,2023.015.09.27.55,unlabelled,,,,,0,0,0.0,0.0,,,6.763999938964844,-72.36000061035156,16.09,1.5,6.435441,-71.791355,462.0,72.63,300.05
TAM.2023.015.13.36.27,TAM,2023.015.13.36.27,unlabelled,,,,,0,0,0.0,0.0,,,5.816999912261963,-72.5739974975586,16.21,1.6,6.435441,-71.791355,462.0,110.37,231.75
TAM.2023.015.17.06.38,TAM,2023.015.17.06.38,unlabelled,,,,,0,0,0.0,0.0,,,5.318999767303467,-73.18099975585938,0.0,1.5,6.435441,-71.791355,462.0,197.29,231.33
TAM.2023.015.21.28.43,TAM,2023.015.21.28.43,unlabelled,,,,,0,0,0.0,0.0,-1.47,,5.613999843597412,-72.61000061035156,9.88,1.8,6.435441,-71.791355,462.0,128.32,224.98
TAM.2023.015.21.34.13,TAM,2023.015.21.34.13,unlabelled,,,,,0,0,0.0,0.0,,,5.559000015258789,-72.62699890136719,10.12,1.7,6.435441,-71.791355,462.0,133.99,223.71
TAM.2023.016.10.33.20,TAM,2023.016.10.33.20,unlabelled,,,,,0,0,0.0,0.0,,,4.455999851226807,-73.74299621582031,12.93,1.5,6.435441,-71.791355,462.0,307.71,224.75
TAM.2023.016.18.42.53,TAM,2023.016.18.42.53,unlabelled,,,,,0,0,0.0,0.0,,,5.7829999923706055,-74.3239974975586,23.95,1.6,6.435441,-71.791355,462.0,289.48,255.7
TAM.2023.017.04.06.37,TAM,2023.017.04.06.37,unlabelled,,,,,0,0,0.0,0.0,,,7.2129998207092285,-73.802001953125,26.76,1.7,6.435441,-71.791355,462.0,238.3,291.27
TAM.2023.018.07.02.54,TAM,2023.018.07.02.54,unlabelled,,,,,0,0,0.0,0.0,,,6.88100004196167,-72.21900177001953,20.23,1.6,6.435441,-71.791355,462.0,68.29,316.2
TAM.2023.019.05.56.53,TAM,2023.019.05.56.53,unlabelled,,,,,0,0,0.0,0.0,,,5.765999794006348,-74.31800079345703,27.93,1.7,6.435441,-71.791355,462.0,289.31,255.31
TAM.2023.019.09.38.31,TAM,2023.019.09.38.31,unlabelled,,,,,0,0,0.0,0.0,,,5.089000225067139,-72.97100067138672,13.63,1.7,6.435441,-71.791355,462.0,198.09,221.33
TAM.2023.019.19.04.09,TAM,2023.019.19.04.09,unlabelled,,,,,0,0,0.0,0.0,,,6.019999980926514,-74.24700164794922,16.53,2.0,6.435441,-71.791355,462.0,275.61,260.54
TAM.2023.020.18.17.43,TAM,2023.020.18.17.43,unlabelled,,,,,0,0,0.0,0.0,,,7.129000186920166,-73.47699737548828,35.45,1.5,6.435441,-71.791355,462.0,201.51,292.47
TAM.2023.021.01.19.52,TAM,2023.021.01.19.52,unlabelled,,,,,0,0,0.0,0.0,,,5.3429999351501465,-72.9520034790039,15.98,1.5,6.435441,-71.791355,462.0,176.39,226.83
TAM.2023.021.01.24.28,TAM,2023.021.01.24.28,unlabelled,,,,,0,0,0.0,0.0,,,5.366000175476074,-72.96299743652344,15.98,1.5,6.435441,-71.791355,462.0,175.55,227.71
TAM.2023.021.03.40.56,TAM,2023.021.03.40.56,unlabelled,,,,,0,0,0.0,0.0,,,5.38100004196167,-72.93499755859375,13.16,1.5,6.435441,-71.791355,462.0,172.14,227.42
TAM.2023.021.03.42.36,TAM,2023.021.03.42.36,unlabelled,,,,,0,0,0.0,0.0,,,5.353000164031982,-72.94300079345703,12.93,1.6,6.435441,-71.791355,462.0,174.9,226.87
TAM.2023.022.07.00.28,TAM,2023.022.07.00.28,unlabelled,,,,,0,0,0.0,0.0,,,6.730000019073486,-74.61100006103516,1.87,1.7,6.435441,-71.791355,462.0,313.52,276.12
TAM.2023.023.14.29.27,TAM,2023.023.14.29.27,unlabelled,,,,,0,0,0.0,0.0,,,4.361000061035156,-73.75800323486328,11.76,1.7,6.435441,-71.791355,462.0,316.43,223.63
TAM.2023.024.01.19.52,TAM,2023.024.01.19.52,unlabelled,,,,,0,0,0.0,0.0,,,5.7170000076293945,-74.37100219726562,28.16,1.5,6.435441,-71.791355,462.0,296.41,254.59
TAM.2023.024.07.38.50,TAM,2023.024.07.38.50,unlabelled,,,,,0,0,0.0,0.0,,,4.348999977111816,-73.80999755859375,19.61,1.9,6.435441,-71.791355,462.0,321.38,224.22
TAM.2023.024.17.54.53,TAM,2023.024.17.54.53,unlabelled,,,,,0,0,0.0,0.0,,,4.38700008392334,-73.61000061035156,29.45,1.8,6.435441,-71.791355,462.0,303.21,221.75
TAM.2023.025.07.39.27,TAM,2023.025.07.39.27,unlabelled,,,,,0,0,0.0,0.0,,,4.843999862670898,-73.48799896240234,1.45,1.5,6.435441,-71.791355,462.0,257.49,226.97
TAM.2023.026.02.33.30,TAM,2023.026.02.33.30,unlabelled,,,,,0,0,0.0,0.0,,,5.307000160217285,-72.90699768066406,18.26,3.4,6.435441,-71.791355,462.0,175.6,224.77
TAM.2023.026.02.38.00,TAM,2023.026.02.38.00,unlabelled,,,,,0,0,0.0,0.0,,,5.38100004196167,-72.93699645996094,13.63,1.8,6.435441,-71.791355,462.0,172.31,227.47
TAM.2023.026.02.56.49,TAM,2023.026.02.56.49,unlabelled,,,,,0,0,0.0,0.0,,,5.376999855041504,-72.94599914550781,11.76,1.9,6.435441,-71.791355,462.0,173.34,227.59
TAM.2023.026.02.59.24,TAM,2023.026.02.59.24,unlabelled,,,,,0,0,0.0,0.0,,,5.38700008392334,-72.947998046875,13.16,1.5,6.435441,-71.791355,462.0,172.76,227.91
TAM.2023.026.03.01.19,TAM,2023.026.03.01.19,unlabelled,,,,,0,0,0.0,0.0,,,5.372000217437744,-72.98200225830078,13.87,1.5,6.435441,-71.791355,462.0,176.67,228.33
TAM.2023.026.03.19.28,TAM,2023.026.03.19.28,unlabelled,,,,,0,0,0.0,0.0,,,5.440000057220459,-72.92500305175781,30.53,1.7,6.435441,-71.791355,462.0,166.96,228.81
TAM.2023.026.03.22.55,TAM,2023.026.03.22.55,unlabelled,,,,,0,0,0.0,0.0,,,5.381999969482422,-72.9489974975586,13.05,1.5,6.435441,-71.791355,462.0,173.21,227.8
TAM.2023.026.04.38.09,TAM,2023.026.04.38.09,unlabelled,,,,,0,0,0.0,0.0,,,5.366000175476074,-72.947998046875,10.35,1.9,6.435441,-71.791355,462.0,174.33,227.34
TAM.2023.028.20.16.15,TAM,2023.028.20.16.15,unlabelled,,,,,0,0,0.0,0.0,,,5.822999954223633,-74.23500061035156,20.12,1.9,6.435441,-71.791355,462.0,278.83,256.07
TAM.2023.029.03.23.54,TAM,2023.029.03.23.54,unlabelled,,,,,0,0,0.0,0.0,,,5.22599983215332,-73.19100189208984,18.09,1.5,6.435441,-71.791355,462.0,204.73,229.28
TAM.2023.029.09.24.49,TAM,2023.029.09.24.49,unlabelled,,,,,0,0,0.0,0.0,,,7.7220001220703125,-73.31600189208984,29.01,1.5,6.435441,-71.791355,462.0,220.49,310.28
TAM.2023.029.15.15.21,TAM,2023.029.15.15.21,unlabelled,,,,,0,0,0.0,0.0,,,7.559999942779541,-74.42500305175781,7.2,2.1,6.435441,-71.791355,462.0,316.46,293.3
TAM.2023.029.21.50.04,TAM,2023.029.21.50.04,unlabelled,,,,,0,0,0.0,0.0,,,5.158999919891357,-73.12899780273438,12.93,1.8,6.435441,-71.791355,462.0,204.63,226.45
TAM.2023.030.06.43.52,TAM,2023.030.06.43.52,unlabelled,,,,,0,0,0.0,0.0,-4.1,-1.09,6.2210001945495605,-72.40299987792969,4.64,1.5,6.435441,-71.791355,462.0,71.71,250.72
TAM.2023.031.00.28.13,TAM,2023.031.00.28.13,unlabelled,,,,,0,0,0.0,0.0,,,5.697999954223633,-74.29000091552734,22.07,1.8,6.435441,-71.791355,462.0,288.37,253.71
TAM.2023.031.02.06.33,TAM,2023.031.02.06.33,unlabelled,,,,,0,0,0.0,0.0,,,5.179999828338623,-73.13600158691406,13.16,1.5,6.435441,-71.791355,462.0,203.6,227.08
TAM.2023.032.05.49.14,TAM,2023.032.05.49.14,unlabelled,,,,,0,0,0.0,0.0,,,6.284999847412109,-72.28900146484375,16.68,1.7,6.435441,-71.791355,462.0,57.52,253.21
TAM.2023.032.16.55.16,TAM,2023.032.16.55.16,unlabelled,,,,,0,0,0.0,0.0,-0.16,,6.2779998779296875,-72.30999755859375,15.98,1.5,6.435441,-71.791355,462.0,59.97,253.15
TAM.2023.035.10.02.14,TAM,2023.035.10.02.14,unlabelled,,,,,0,0,0.0,0.0,,,6.011000156402588,-74.12899780273438,0.0,1.6,6.435441,-71.791355,462.0,262.92,259.84
TAM.2023.035.17.42.52,TAM,2023.035.17.42.52,unlabelled,,,,,0,0,0.0,0.0,,,5.499000072479248,-72.5719985961914,17.38,1.6,6.435441,-71.791355,462.0,134.89,219.89
TAM.2023.036.06.28.52,TAM,2023.036.06.28.52,unlabelled,,,,,0,0,0.0,0.0,,,4.482999801635742,-73.25299835205078,19.96,2.2,6.435441,-71.791355,462.0,269.91,216.95
TAM.2023.037.00.56.01,TAM,2023.037.00.56.01,unlabelled,,,,,0,0,0.0,0.0,-0.2,,7.349999904632568,-72.02200317382812,8.83,1.7,6.435441,-71.791355,462.0,104.3,345.87
TAM.2023.037.01.40.36,TAM,2023.037.01.40.36,unlabelled,,,,,0,0,0.0,0.0,,,7.354000091552734,-72.14900207519531,0.0,1.7,6.435441,-71.791355,462.0,109.0,338.76
TAM.2023.037.03.36.53,TAM,2023.037.03.36.53,unlabelled,,,,,0,0,0.0,0.0,,,7.295000076293945,-72.08200073242188,15.86,2.2,6.435441,-71.791355,462.0,100.34,341.35
TAM.2023.037.05.05.18,TAM,2023.037.05.05.18,unlabelled,,,,,0,0,0.0,0.0,,,6.765999794006348,-73.9229965209961,18.38,1.6,6.435441,-71.791355,462.0,238.55,278.94
TAM.2023.037.05.21.00,TAM,2023.037.05.21.00,unlabelled,,,,,0,0,0.0,0.0,,,5.635000228881836,-72.68299865722656,10.59,1.5,6.435441,-71.791355,462.0,132.59,228.16
TAM.2023.037.10.34.16,TAM,2023.037.10.34.16,unlabelled,,,,,0,0,0.0,0.0,,,5.269999980926514,-73.24299621582031,0.0,1.5,6.435441,-71.791355,462.0,206.04,231.36
TAM.2023.037.12.23.01,TAM,2023.037.12.23.01,unlabelled,,,,,0,0,0.0,0.0,,,5.144999980926514,-72.66200256347656,0.5,2.4,6.435441,-71.791355,462.0,172.23,214.09
TAM.2023.038.18.27.14,TAM,2023.038.18.27.14,unlabelled,,,,,0,0,0.0,0.0,,,5.14900016784668,-73.072998046875,13.05,1.9,6.435441,-71.791355,462.0,200.96,225.0
TAM.2023.039.09.16.33,TAM,2023.039.09.16.33,unlabelled,,,,,0,0,0.0,0.0,,,4.357999801635742,-73.7760009765625,10.23,1.5,6.435441,-71.791355,462.0,318.04,223.85
TAM.2023.040.14.43.17,TAM,2023.040.14.43.17,unlabelled,,,,,0,0,0.0,0.0,,,5.254000186920166,-72.61699676513672,12.93,1.9,6.435441,-71.791355,462.0,159.47,215.03
TAM.2023.041.16.04.18,TAM,2023.041.16.04.18,unlabelled,,,,,0,0,0.0,0.0,,,4.373000144958496,-73.6520004272461,28.87,1.6,6.435441,-71.791355,462.0,307.47,222.21
TAM.2023.042.03.07.56,TAM,2023.042.03.07.56,unlabelled,,,,,0,0,0.0,0.0,,,4.658999919891357,-73.23400115966797,37.07,2.2,6.435441,-71.791355,462.0,253.26,219.21
TAM.2023.043.03.06.28,TAM,2023.043.03.06.28,unlabelled,,,,,0,0,0.0,0.0,,,5.1579999923706055,-73.24299621582031,12.58,1.6,6.435441,-71.791355,462.0,214.02,228.77
TAM.2023.043.16.58.31,TAM,2023.043.16.58.31,unlabelled,,,,,0,0,0.0,0.0,,,5.64300012588501,-72.6510009765625,8.95,1.8,6.435441,-71.791355,462.0,129.37,227.41
TAM.2023.044.14.19.23,TAM,2023.044.14.19.23,unlabelled,,,,,0,0,0.0,0.0,,,5.875999927520752,-72.59700012207031,15.98,1.7,6.435441,-71.791355,462.0,108.53,235.29
TAM.2023.049.11.51.25,TAM,2023.049.11.51.25,unlabelled,,,,,0,0,0.0,0.0,,,7.439000129699707,-73.36900329589844,33.97,1.5,6.435441,-71.791355,462.0,206.67,302.57
TAM.2023.049.23.27.51,TAM,2023.049.23.27.51,unlabelled,,,,,0,0,0.0,0.0,,,5.020999908447266,-73.28900146484375,13.87,2.6,6.435441,-71.791355,462.0,228.0,226.76
TAM.2023.050.03.26.06,TAM,2023.050.03.26.06,unlabelled,,,,,0,0,0.0,0.0,,,6.593999862670898,-74.3949966430664,31.68,1.5,6.435441,-71.791355,462.0,288.51,273.63
TAM.2023.050.05.33.22,TAM,2023.050.05.33.22,unlabelled,,,,,0,0,0.0,0.0,,,5.519000053405762,-73.5009994506836,12.93,1.7,6.435441,-71.791355,462.0,214.71,241.93
TAM.2023.050.05.41.52,TAM,2023.050.05.41.52,unlabelled,,,,,0,0,0.0,0.0,,,7.209000110626221,-74.11799621582031,-0.34,1.9,6.435441,-71.791355,462.0,271.03,288.53
TAM.2023.050.20.16.51,TAM,2023.050.20.16.51,unlabelled,,,,,0,0,0.0,0.0,,,7.1020002365112305,-74.24099731445312,30.0,1.9,6.435441,-71.791355,462.0,280.66,285.37
TAM.2023.051.00.25.14,TAM,2023.051.00.25.14,unlabelled,,,,,0,0,0.0,0.0,,,6.577000141143799,-73.32599639892578,25.12,1.6,6.435441,-71.791355,462.0,170.46,275.36
TAM.2023.051.03.00.12,TAM,2023.051.03.00.12,unlabelled,,,,,0,0,0.0,0.0,,,6.27400016784668,-73.93800354003906,17.79,1.8,6.435441,-71.791355,462.0,238.18,265.82
TAM.2023.052.08.45.58,TAM,2023.052.08.45.58,unlabelled,,,,,0,0,0.0,0.0,-2.73,,5.63100004196167,-72.77899932861328,11.05,1.6,6.435441,-71.791355,462.0,140.96,230.92
TAM.2023.052.12.10.07,TAM,2023.052.12.10.07,unlabelled,,,,,0,0,0.0,0.0,,,6.0329999923706055,-72.41100311279297,0.0,1.5,6.435441,-71.791355,462.0,81.75,237.05
TAM.2023.053.02.58.10,TAM,2023.053.02.58.10,unlabelled,,,,,0,0,0.0,0.0,,,7.64900016784668,-74.02200317382812,22.12,1.5,6.435441,-71.791355,462.0,280.62,298.7
TAM.2023.054.00.34.08,TAM,2023.054.00.34.08,unlabelled,,,,,0,0,0.0,0.0,,,5.715000152587891,-72.61000061035156,10.12,1.5,6.435441,-71.791355,462.0,120.66,228.72
TAM.2023.054.00.43.06,TAM,2023.054.00.43.06,unlabelled,,,,,0,0,0.0,0.0,,,5.211999893188477,-73.09300231933594,10.82,1.5,6.435441,-71.791355,462.0,197.7,226.88
TAM.2023.054.01.03.22,TAM,2023.054.01.03.22,unlabelled,,,,,0,0,0.0,0.0,,,5.241000175476074,-74.55699920654297,5.0,1.5,6.435441,-71.791355,462.0,333.55,246.82
TAM.2023.054.02.52.14,TAM,2023.054.02.52.14,unlabelled,,,,,0,0,0.0,0.0,,,6.209000110626221,-72.44999694824219,19.19,1.6,6.435441,-71.791355,462.0,77.06,251.07
TAM.2023.054.03.00.45,TAM,2023.054.03.00.45,unlabelled,,,,,0,0,0.0,0.0,,,5.098999977111816,-72.81999969482422,19.49,1.9,6.435441,-71.791355,462.0,186.61,217.68
TAM.2023.056.09.43.02,TAM,2023.056.09.43.02,unlabelled,,,,,0,0,0.0,0.0,-2.31,-9.47,7.065999984741211,-72.10099792480469,15.98,2.0,6.435441,-71.791355,462.0,77.68,333.87
TAM.2023.056.13.51.42,TAM,2023.056.13.51.42,unlabelled,,,,,0,0,0.0,0.0,,,4.679999828338623,-73.44499969482422,8.01,1.5,6.435441,-71.791355,462.0,266.93,223.43
TAM.2023.058.03.07.27,TAM,2023.058.03.07.27,unlabelled,,,,,0,0,0.0,0.0,,,5.181000232696533,-73.04499816894531,0.0,2.2,6.435441,-71.791355,462.0,196.27,225.09
TAM.2023.058.15.53.05,TAM,2023.058.15.53.05,unlabelled,,,,,0,0,0.0,0.0,,,4.697000026702881,-73.4729995727539,13.4,1.9,6.435441,-71.791355,462.0,267.72,224.19
TAM.2023.058.18.41.23,TAM,2023.058.18.41.23,unlabelled,,,,,0,0,0.0,0.0,,,4.688000202178955,-73.48699951171875,15.86,2.1,6.435441,-71.791355,462.0,269.51,224.28
TAM.2023.058.19.25.23,TAM,2023.058.19.25.23,unlabelled,,,,,0,0,0.0,0.0,,,4.697000026702881,-73.40399932861328,16.45,2.3,6.435441,-71.791355,462.0,262.45,222.99
TAM.2023.058.19.35.37,TAM,2023.058.19.35.37,unlabelled,,,,,0,0,0.0,0.0,,,4.683000087738037,-73.47000122070312,16.04,2.6,6.435441,-71.791355,462.0,268.6,223.91
TAM.2023.058.19.38.57,TAM,2023.058.19.38.57,unlabelled,,,,,0,0,0.0,0.0,,,4.705999851226807,-73.4729995727539,12.93,1.6,6.435441,-71.791355,462.0,267.0,224.34
TAM.2023.058.21.33.04,TAM,2023.058.21.33.04,unlabelled,,,,,0,0,0.0,0.0,,,4.701000213623047,-73.48300170898438,15.98,1.7,6.435441,-71.791355,462.0,268.17,224.42
TAM.2023.060.22.47.41,TAM,2023.060.22.47.41,unlabelled,,,,,0,0,0.0,0.0,,,6.815999984741211,-73.23600006103516,29.07,1.5,6.435441,-71.791355,462.0,165.2,284.84
TAM.2023.061.02.56.38,TAM,2023.061.02.56.38,unlabelled,,,,,0,0,0.0,0.0,-6.68,,5.984000205993652,-72.4729995727539,15.98,1.5,6.435441,-71.791355,462.0,90.46,236.54
TAM.2023.061.21.32.16,TAM,2023.061.21.32.16,unlabelled,,,,,0,0,0.0,0.0,,,4.461999893188477,-73.48699951171875,30.98,1.5,6.435441,-71.791355,462.0,287.98,220.81
TAM.2023.062.02.09.25,TAM,2023.062.02.09.25,unlabelled,,,,,0,0,0.0,0.0,,,5.685999870300293,-72.93099975585938,16.91,2.1,6.435441,-71.791355,462.0,150.95,236.76
TAM.2023.066.01.58.31,TAM,2023.066.01.58.31,unlabelled,,,,,0,0,0.0,0.0,,,5.13100004196167,-73.10800170898438,12.93,1.6,6.435441,-71.791355,462.0,205.12,225.38
TAM.2023.066.07.25.16,TAM,2023.066.07.25.16,unlabelled,,,,,0,0,0.0,0.0,,,4.954999923706055,-73.36000061035156,5.43,1.6,6.435441,-71.791355,462.0,238.74,226.79
TAM.2023.066.07.41.06,TAM,2023.066.07.41.06,unlabelled,,,,,0,0,0.0,0.0,,,6.5370001792907715,-74.71199798583984,15.82,1.5,6.435441,-71.791355,462.0,323.25,272.16
TAM.2023.066.11.17.53,TAM,2023.066.11.17.53,unlabelled,,,,,0,0,0.0,0.0,,,7.526000022888184,-72.625,12.34,1.8,6.435441,-71.791355,462.0,151.76,322.68
TAM.2023.066.17.52.41,TAM,2023.066.17.52.41,unlabelled,,,,,0,0,0.0,0.0,,,5.813000202178955,-74.15899658203125,0.0,1.6,6.435441,-71.791355,462.0,270.96,255.41
TAM.2023.067.06.16.29,TAM,2023.067.06.16.29,unlabelled,,,,,0,0,0.0,0.0,,,5.747000217437744,-74.3949966430664,26.05,1.5,6.435441,-71.791355,462.0,298.09,255.34
TAM.2023.068.13.36.41,TAM,2023.068.13.36.41,unlabelled,,,,,0,0,0.0,0.0,,,7.10099983215332,-72.22000122070312,16.33,1.9,6.435441,-71.791355,462.0,87.54,327.25
TAM.2023.069.08.39.36,TAM,2023.069.08.39.36,unlabelled,,,,,0,0,0.0,0.0,,,5.760000228881836,-72.61399841308594,31.17,1.5,6.435441,-71.791355,462.0,117.78,230.68
TAM.2023.071.10.25.34,TAM,2023.071.10.25.34,unlabelled,,,,,0,0,0.0,0.0,,,6.61899995803833,-73.3219985961914,27.46,2.2,6.435441,-71.791355,462.0,170.51,276.92
TAM.2023.073.10.24.26,TAM,2023.073.10.24.26,unlabelled,,,,,0,0,0.0,0.0,,,5.741000175476074,-74.24500274658203,13.16,2.1,6.435441,-71.791355,462.0,282.25,254.34
TAM.2023.074.08.18.38,TAM,2023.074.08.18.38,unlabelled,,,,,0,0,0.0,0.0,,,3.684000015258789,-72.4000015258789,-0.38,1.6,6.435441,-71.791355,462.0,311.66,192.54
TAM.2023.074.22.58.45,TAM,2023.074.22.58.45,unlabelled,,,,,0,0,0.0,0.0,,,5.9629998207092285,-72.43699645996094,22.07,2.4,6.435441,-71.791355,462.0,88.52,233.86
TAM.2023.075.02.51.40,TAM,2023.075.02.51.40,unlabelled,,,,,0,0,0.0,0.0,,,5.874000072479248,-72.49400329589844,15.27,1.7,6.435441,-71.791355,462.0,99.51,231.44
TAM.2023.075.13.52.12,TAM,2023.075.13.52.12,unlabelled,,,,,0,0,0.0,0.0,,,5.734000205993652,-74.26799774169922,11.76,1.6,6.435441,-71.791355,462.0,284.92,254.34
TAM.2023.076.09.07.43,TAM,2023.076.09.07.43,unlabelled,,,,,0,0,0.0,0.0,,,6.448999881744385,-74.31400299072266,0.0,1.5,6.435441,-71.791355,462.0,279.06,270.45
TAM.2023.076.22.16.10,TAM,2023.076.22.16.10,unlabelled,,,,,0,0,0.0,0.0,,,5.75600004196167,-74.23500061035156,16.04,2.5,6.435441,-71.791355,462.0,280.74,254.61
TAM.2023.076.23.22.59,TAM,2023.076.23.22.59,unlabelled,,,,,0,0,0.0,0.0,,,5.741000175476074,-74.24299621582031,9.41,1.5,6.435441,-71.791355,462.0,282.04,254.33
TAM.2023.077.15.24.53,TAM,2023.077.15.24.53,unlabelled,,,,,0,0,0.0,0.0,,,5.965000152587891,-72.58399963378906,12.93,2.2,6.435441,-71.791355,462.0,101.99,239.37
TAM.2023.077.16.49.18,TAM,2023.077.16.49.18,unlabelled,,,,,0,0,0.0,0.0,,,5.546999931335449,-73.70899963378906,18.67,1.9,6.435441,-71.791355,462.0,233.94,245.27
TAM.2023.078.00.49.37,TAM,2023.078.00.49.37,unlabelled,,,,,0,0,0.0,0.0,,,7.328999996185303,-74.12899780273438,-0.02,2.3,6.435441,-71.791355,462.0,276.61,291.07
TAM.2023.078.10.06.53,TAM,2023.078.10.06.53,unlabelled,,,,,0,0,0.0,0.0,,,5.743000030517578,-74.23200225830078,12.93,1.6,6.435441,-71.791355,462.0,280.81,254.31
TAM.2023.079.14.03.03,TAM,2023.079.14.03.03,unlabelled,,,,,0,0,0.0,0.0,,,4.925000190734863,-73.02999877929688,10.23,1.7,6.435441,-71.791355,462.0,216.16,219.47
TAM.2023.079.18.31.18,TAM,2023.079.18.31.18,unlabelled,,,,,0,0,0.0,0.0,,,5.163000106811523,-74.13099670410156,13.16,1.5,6.435441,-71.791355,462.0,294.86,241.62
TAM.2023.079.21.39.31,TAM,2023.079.21.39.31,unlabelled,,,,,0,0,0.0,0.0,,,5.14900016784668,-74.14399719238281,18.2,1.6,6.435441,-71.791355,462.0,296.87,241.49
TAM.2023.079.23.16.25,TAM,2023.079.23.16.25,unlabelled,,,,,0,0,0.0,0.0,,,6.7779998779296875,-73.9209976196289,22.61,1.5,6.435441,-71.791355,462.0,238.53,279.26
TAM.2023.079.23.31.09,TAM,2023.079.23.31.09,unlabelled,,,,,0,0,0.0,0.0,,,7.063000202178955,-72.1729965209961,15.86,1.7,6.435441,-71.791355,462.0,81.22,328.73
TAM.2023.080.02.09.08,TAM,2023.080.02.09.08,unlabelled,,,,,0,0,0.0,0.0,,,6.9730000495910645,-72.89800262451172,18.79,1.7,6.435441,-71.791355,462.0,136.03,295.98
TAM.2023.082.02.25.57,TAM,2023.082.02.25.57,unlabelled,,,,,0,0,0.0,0.0,,,7.578999996185303,-73.5739974975586,15.1,1.6,6.435441,-71.791355,462.0,234.07,302.81
TAM.2023.082.08.55.19,TAM,2023.082.08.55.19,unlabelled,,,,,0,0,0.0,0.0,,,6.247000217437744,-74.35199737548828,10.3,1.9,6.435441,-71.791355,462.0,284.08,265.94
TAM.2023.082.22.38.48,TAM,2023.082.22.38.48,unlabelled,,,,,0,0,0.0,0.0,,,7.433000087738037,-71.93900299072266,27.34,1.5,6.435441,-71.791355,462.0,111.52,351.6
TAM.2023.084.01.00.54,TAM,2023.084.01.00.54,unlabelled,,,,,0,0,0.0,0.0,,,5.6479997634887695,-74.55000305175781,15.98,2.4,6.435441,-71.791355,462.0,317.57,254.23
TAM.2023.084.12.16.28,TAM,2023.084.12.16.28,unlabelled,,,,,0,0,0.0,0.0,,,6.519000053405762,-72.44499969482422,4.25,1.5,6.435441,-71.791355,462.0,72.89,277.32
TAM.2023.085.01.42.06,TAM,2023.085.01.42.06,unlabelled,,,,,0,0,0.0,0.0,,,5.544000148773193,-72.61299896240234,19.78,1.6,6.435441,-71.791355,462.0,134.14,222.74
TAM.2023.085.14.45.48,TAM,2023.085.14.45.48,unlabelled,,,,,0,0,0.0,0.0,,,7.701000213623047,-73.78900146484375,37.68,1.5,6.435441,-71.791355,462.0,261.33,302.5
TAM.2023.087.03.42.44,TAM,2023.087.03.42.44,unlabelled,,,,,0,0,0.0,0.0,,,6.673999786376953,-74.39099884033203,31.23,1.5,6.435441,-71.791355,462.0,288.72,275.39
TAM.2023.087.21.30.10,TAM,2023.087.21.30.10,unlabelled,,,,,0,0,0.0,0.0,,,6.723999977111816,-74.52899932861328,8.59,1.6,6.435441,-71.791355,462.0,304.44,276.17
TAM.2023.088.00.54.19,TAM,2023.088.00.54.19,unlabelled,,,,,0,0,0.0,0.0,,,6.7210001945495605,-74.52400207519531,8.94,1.5,6.435441,-71.791355,462.0,303.85,276.12
TAM.2023.088.01.56.46,TAM,2023.088.01.56.46,unlabelled,,,,,0,0,0.0,0.0,,,5.110000133514404,-73.12699890136719,15.74,1.7,6.435441,-71.791355,462.0,208.25,225.33
TAM.2023.088.16.00.43,TAM,2023.088.16.00.43,unlabelled,,,,,0,0,0.0,0.0,,,5.1020002365112305,-72.7979965209961,30.0,1.6,6.435441,-71.791355,462.0,184.86,217.15
TAM.2023.089.18.06.55,TAM,2023.089.18.06.55,unlabelled,,,,,0,0,0.0,0.0,,,5.170000076293945,-73.08999633789062,9.77,2.3,6.435441,-71.791355,462.0,200.67,225.85
TAM.2023.182.10.07.21,TAM,2023.182.10.07.21,unlabelled,,,,,0,0,0.0,0.0,,,6.690000057220459,-72.98400115966797,0.07,1.5,6.435441,-71.791355,462.0,134.87,282.12
TAM.2023.183.18.41.10,TAM,2023.183.18.41.10,unlabelled,,,,,0,0,0.0,0.0,,,7.040999889373779,-72.25900268554688,13.05,1.6,6.435441,-71.791355,462.0,84.6,322.36
TAM.2023.185.08.40.18,TAM,2023.185.08.40.18,unlabelled,,,,,0,0,0.0,0.0,,,7.379000186920166,-72.1259994506836,15.98,1.6,6.435441,-71.791355,462.0,110.71,340.5
TAM.2023.186.02.50.53,TAM,2023.186.02.50.53,unlabelled,,,,,0,0,0.0,0.0,,,4.355999946594238,-73.83599853515625,11.35,2.0,6.435441,-71.791355,462.0,322.84,224.68
TAM.2023.188.05.41.35,TAM,2023.188.05.41.35,unlabelled,,,,,0,0,0.0,0.0,,,5.934999942779541,-74.56500244140625,1.7,1.7,6.435441,-71.791355,462.0,311.92,259.93
TAM.2023.188.11.38.14,TAM,2023.188.11.38.14,unlabelled,,,,,0,0,0.0,0.0,,,4.383999824523926,-73.80500030517578,12.7,1.5,6.435441,-71.791355,462.0,318.22,224.63
TAM.2023.190.05.17.40,TAM,2023.190.05.17.40,unlabelled,,,,,0,0,0.0,0.0,,,5.85099983215332,-74.33499908447266,0.0,2.3,6.435441,-71.791355,462.0,288.86,257.21
TAM.2023.192.13.34.03,TAM,2023.192.13.34.03,unlabelled,,,,,0,0,0.0,0.0,,,6.2729997634887695,-73.87000274658203,3.73,2.4,6.435441,-71.791355,462.0,230.68,265.65
TAM.2023.195.19.17.12,TAM,2023.195.19.17.12,unlabelled,,,,,0,0,0.0,0.0,,,6.839000225067139,-72.1719970703125,15.98,1.8,6.435441,-71.791355,462.0,61.35,316.7
TAM.2023.197.12.06.56,TAM,2023.197.12.06.56,unlabelled,,,,,0,0,0.0,0.0,,,4.435999870300293,-73.5260009765625,7.48,3.1,6.435441,-71.791355,462.0,292.98,221.09
TAM.2023.198.04.19.04,TAM,2023.198.04.19.04,unlabelled,,,,,0,0,0.0,0.0,,,7.605000019073486,-72.5790023803711,12.99,1.9,6.435441,-71.791355,462.0,155.89,326.11
TAM.2023.200.10.40.33,TAM,2023.200.10.40.33,unlabelled,,,,,0,0,0.0,0.0,,,5.077000141143799,-73.23500061035156,15.39,1.8,6.435441,-71.791355,462.0,219.4,226.86
TAM.2023.201.01.09.03,TAM,2023.201.01.09.03,unlabelled,,,,,0,0,0.0,0.0,,,5.251999855041504,-73.06400299072266,19.9,1.6,6.435441,-71.791355,462.0,192.33,227.19
TAM.2023.202.03.01.06,TAM,2023.202.03.01.06,unlabelled,,,,,0,0,0.0,0.0,,,5.2769999504089355,-74.4209976196289,10.59,1.6,6.435441,-71.791355,462.0,318.14,246.39
TAM.2023.206.08.09.31,TAM,2023.206.08.09.31,unlabelled,,,,,0,0,0.0,0.0,,,7.0279998779296875,-72.26200103759766,15.98,2.0,6.435441,-71.791355,462.0,83.68,321.58
TAM.2023.207.11.02.50,TAM,2023.207.11.02.50,unlabelled,,,,,0,0,0.0,0.0,,,7.434000015258789,-73.75299835205078,13.23,1.5,6.435441,-71.791355,462.0,243.29,297.11
TAM.2023.207.18.50.23,TAM,2023.207.18.50.23,unlabelled,,,,,0,0,0.0,0.0,,,5.0980000495910645,-73.10299682617188,7.89,1.5,6.435441,-71.791355,462.0,207.31,224.55
TAM.2023.209.08.50.08,TAM,2023.209.08.50.08,unlabelled,,,,,0,0,0.0,0.0,-0.48,,4.63700008392334,-72.96199798583984,17.68,2.2,6.435441,-71.791355,462.0,237.44,213.17
TAM.2023.210.13.16.14,TAM,2023.210.13.16.14,unlabelled,,,,,0,0,0.0,0.0,,,5.182000160217285,-73.75900268554688,23.32,1.6,6.435441,-71.791355,462.0,258.26,237.64
TAM.2023.211.05.10.28,TAM,2023.211.05.10.28,unlabelled,,,,,0,0,0.0,0.0,,,5.835999965667725,-74.22699737548828,14.67,2.2,6.435441,-71.791355,462.0,277.62,256.32
TAM.2023.211.10.01.23,TAM,2023.211.10.01.23,unlabelled,,,,,0,0,0.0,0.0,,,5.965000152587891,-74.26499938964844,12.05,1.8,6.435441,-71.791355,462.0,278.66,259.38
TAM.2023.213.07.37.29,TAM,2023.213.07.37.29,unlabelled,,,,,0,0,0.0,0.0,,,4.364999771118164,-73.54100036621094,16.27,1.6,6.435441,-71.791355,462.0,300.03,220.35
TAM.2023.214.01.35.15,TAM,2023.214.01.35.15,unlabelled,,,,,0,0,0.0,0.0,,,5.067999839782715,-73.2959976196289,15.74,1.6,6.435441,-71.791355,462.0,225.04,227.86
TAM.2023.215.05.00.27,TAM,2023.215.05.00.27,unlabelled,,,,,0,0,0.0,0.0,,,5.0269999504089355,-72.80899810791016,0.0,1.8,6.435441,-71.791355,462.0,192.26,215.95
TAM.2023.216.09.04.19,TAM,2023.216.09.04.19,unlabelled,,,,,0,0,0.0,0.0,,,5.988999843597412,-72.58699798583984,0.0,1.5,6.435441,-71.791355,462.0,100.95,240.76
TAM.2023.217.05.41.42,TAM,2023.217.05.41.42,unlabelled,,,,,0,0,0.0,0.0,,,5.449999809265137,-73.70500183105469,7.61,1.5,6.435441,-71.791355,462.0,238.27,242.88
TAM.2023.217.06.10.44,TAM,2023.217.06.10.44,unlabelled,,,,,0,0,0.0,0.0,,,5.164999961853027,-72.98999786376953,3.73,1.7,6.435441,-71.791355,462.0,193.29,223.44
TAM.2023.217.14.39.04,TAM,2023.217.14.39.04,unlabelled,,,,,0,0,0.0,0.0,,,7.0960001945495605,-72.3270034790039,10.0,1.7,6.435441,-71.791355,462.0,94.04,321.0
TAM.2023.217.17.00.48,TAM,2023.217.17.00.48,unlabelled,,,,,0,0,0.0,0.0,,,5.089000225067139,-73.05899810791016,17.85,2.4,6.435441,-71.791355,462.0,204.65,223.38
TAM.2023.218.04.09.54,TAM,2023.218.04.09.54,unlabelled,,,,,0,0,0.0,0.0,,,4.349999904632568,-73.83399963378906,9.36,2.8,6.435441,-71.791355,462.0,323.15,224.57
TAM.2023.220.15.22.02,TAM,2023.220.15.22.02,unlabelled,,,,,0,0,0.0,0.0,,,7.603000164031982,-73.91899871826172,35.0,1.6,6.435441,-71.791355,462.0,268.21,298.9
TAM.2023.220.21.00.34,TAM,2023.220.21.00.34,unlabelled,,,,,0,0,0.0,0.0,,,7.300000190734863,-73.8280029296875,24.89,1.5,6.435441,-71.791355,462.0,244.56,293.13
TAM.2023.221.19.37.31,TAM,2023.221.19.37.31,unlabelled,,,,,0,0,0.0,0.0,,,5.229000091552734,-73.10600280761719,16.21,1.9,6.435441,-71.791355,462.0,197.47,227.57
TAM.2023.224.00.10.48,TAM,2023.224.00.10.48,unlabelled,,,,,0,0,0.0,0.0,,,6.979000091552734,-72.18299865722656,12.93,1.7,6.435441,-71.791355,462.0,74.08,324.26
TAM.2023.225.00.26.15,TAM,2023.225.00.26.15,unlabelled,,,,,0,0,0.0,0.0,,,7.741000175476074,-72.28199768066406,0.0,1.5,6.435441,-71.791355,462.0,154.22,339.45
TAM.2023.227.03.21.02,TAM,2023.227.03.21.02,unlabelled,,,,,0,0,0.0,0.0,,,5.14900016784668,-73.09400177001953,13.05,1.8,6.435441,-71.791355,462.0,202.61,225.47
TAM.2023.227.22.07.04,TAM,2023.227.22.07.04,unlabelled,,,,,0,0,0.0,0.0,,,5.188000202178955,-72.89900207519531,31.91,2.3,6.435441,-71.791355,462.0,184.6,221.7
TAM.2023.228.00.48.33,TAM,2023.228.00.48.33,unlabelled,,,,,0,0,0.0,0.0,,,4.357999801635742,-73.62300109863281,27.11,1.5,6.435441,-71.791355,462.0,306.56,221.56
TAM.2023.228.06.32.57,TAM,2023.228.06.32.57,unlabelled,,,,,0,0,0.0,0.0,,,5.590000152587891,-73.09100341796875,19.02,1.5,6.435441,-71.791355,462.0,171.59,237.05
TAM.2023.228.11.59.14,TAM,2023.228.11.59.14,unlabelled,,,,,0,0,0.0,0.0,,,7.288000106811523,-72.1969985961914,19.73,1.5,6.435441,-71.791355,462.0,104.4,334.59
TAM.2023.228.14.56.50,TAM,2023.228.14.56.50,unlabelled,,,,,0,0,0.0,0.0,,,5.688000202178955,-72.9219970703125,19.73,1.6,6.435441,-71.791355,462.0,149.99,236.62
TAM.2023.229.02.06.52,TAM,2023.229.02.06.52,unlabelled,,,,,0,0,0.0,0.0,,,6.035999774932861,-72.1729965209961,14.27,1.7,6.435441,-71.791355,462.0,61.11,223.74
TAM.2023.229.07.56.40,TAM,2023.229.07.56.40,unlabelled,,,,,0,0,0.0,0.0,,,5.89300012588501,-72.61799621582031,0.0,1.5,6.435441,-71.791355,462.0,109.4,236.79
TAM.2023.229.13.25.42,TAM,2023.229.13.25.42,unlabelled,,,,,0,0,0.0,0.0,,,6.10099983215332,-72.53800201416016,21.45,1.8,6.435441,-71.791355,462.0,90.52,245.93
TAM.2023.229.17.14.13,TAM,2023.229.17.14.13,unlabelled,,,,,0,0,0.0,0.0,,,4.255000114440918,-73.77799987792969,11.46,3.4,6.435441,-71.791355,462.0,326.53,222.5
TAM.2023.229.17.14.41,TAM,2023.229.17.14.41,unlabelled,,,,,0,0,0.0,0.0,,,4.263000011444092,-73.75,16.74,4.0,6.435441,-71.791355,462.0,323.79,222.2
TAM.2023.229.17.17.33,TAM,2023.229.17.17.33,unlabelled,,,,,0,0,0.0,0.0,,,4.265999794006348,-73.75199890136719,12.87,5.6,6.435441,-71.791355,462.0,323.69,222.27
TAM.2023.229.17.22.40,TAM,2023.229.17.22.40,unlabelled,,,,,0,0,0.0,0.0,,,4.309999942779541,-73.74500274658203,13.63,2.8,6.435441,-71.791355,462.0,319.57,222.75
TAM.2023.229.17.26.14,TAM,2023.229.17.26.14,unlabelled,,,,,0,0,0.0,0.0,,,4.258999824523926,-73.7300033569336,14.8,2.9,6.435441,-71.791355,462.0,322.63,221.85
TAM.2023.229.17.27.36,TAM,2023.229.17.27.36,unlabelled,,,,,0,0,0.0,0.0,,,4.406000137329102,-73.69499969482422,13.22,1.6,6.435441,-71.791355,462.0,308.01,223.32
TAM.2023.229.17.28.09,TAM,2023.229.17.28.09,unlabelled,,,,,0,0,0.0,0.0,,,4.26800012588501,-73.73400115966797,14.28,2.6,6.435441,-71.791355,462.0,322.19,222.03
TAM.2023.229.17.29.32,TAM,2023.229.17.29.32,unlabelled,,,,,0,0,0.0,0.0,,,4.241000175476074,-73.78500366210938,13.11,2.2,6.435441,-71.791355,462.0,328.2,222.42
TAM.2023.229.17.33.12,TAM,2023.229.17.33.12,unlabelled,,,,,0,0,0.0,0.0,,,4.486000061035156,-73.6240005493164,10.53,2.4,6.435441,-71.791355,462.0,296.17,223.38
TAM.2023.229.17.39.54,TAM,2023.229.17.39.54,unlabelled,,,,,0,0,0.0,0.0,,,4.36299991607666,-73.7030029296875,11.35,2.2,6.435441,-71.791355,462.0,312.1,222.85
TAM.2023.229.17.40.32,TAM,2023.229.17.40.32,unlabelled,,,,,0,0,0.0,0.0,,,4.210999965667725,-73.77400207519531,13.69,5.0,6.435441,-71.791355,462.0,329.85,221.87
TAM.2023.229.17.40.53,TAM,2023.229.17.40.53,unlabelled,,,,,0,0,0.0,0.0,-3.9,,4.210000038146973,-73.7770004272461,9.65,3.7,6.435441,-71.791355,462.0,330.15,221.9
TAM.2023.229.17.47.10,TAM,2023.229.17.47.10,unlabelled,,,,,0,0,0.0,0.0,,,4.285999774932861,-73.76300048828125,14.28,2.2,6.435441,-71.791355,462.0,322.87,222.69
TAM.2023.229.17.48.12,TAM,2023.229.17.48.12,unlabelled,,,,,0,0,0.0,0.0,,,4.218999862670898,-73.81099700927734,17.44,1.7,6.435441,-71.791355,462.0,331.94,222.51
TAM.2023.229.17.53.25,TAM,2023.229.17.53.25,unlabelled,,,,,0,0,0.0,0.0,,,4.379000186920166,-73.6709976196289,16.04,2.5,6.435441,-71.791355,462.0,308.39,222.58
TAM.2023.229.17.53.58,TAM,2023.229.17.53.58,unlabelled,,,,,0,0,0.0,0.0,,,4.3420000076293945,-73.70999908447266,12.52,2.3,6.435441,-71.791355,462.0,314.33,222.66
TAM.2023.229.17.55.01,TAM,2023.229.17.55.01,unlabelled,,,,,0,0,0.0,0.0,,,4.379000186920166,-73.69599914550781,6.54,1.8,6.435441,-71.791355,462.0,310.27,222.96
TAM.2023.229.17.55.45,TAM,2023.229.17.55.45,unlabelled,,,,,0,0,0.0,0.0,,,4.208000183105469,-73.78600311279297,9.65,1.5,6.435441,-71.791355,462.0,330.98,222.01
TAM.2023.229.17.56.51,TAM,2023.229.17.56.51,unlabelled,,,,,0,0,0.0,0.0,,,4.458000183105469,-73.6709976196289,7.54,1.8,6.435441,-71.791355,462.0,302.0,223.7
TAM.2023.229.17.59.38,TAM,2023.229.17.59.38,unlabelled,,,,,0,0,0.0,0.0,,,4.210000038146973,-73.76899719238281,12.93,1.5,6.435441,-71.791355,462.0,329.56,221.79
TAM.2023.229.18.00.42,TAM,2023.229.18.00.42,unlabelled,,,,,0,0,0.0,0.0,,,4.39900016784668,-73.69200134277344,10.82,1.7,6.435441,-71.791355,462.0,308.35,223.18
TAM.2023.229.18.02.33,TAM,2023.229.18.02.33,unlabelled,,,,,0,0,0.0,0.0,,,4.375999927520752,-73.677001953125,16.21,2.1,6.435441,-71.791355,462.0,309.09,222.63
TAM.2023.229.18.04.40,TAM,2023.229.18.04.40,unlabelled,,,,,0,0,0.0,0.0,,,4.40500020980835,-73.6510009765625,16.04,2.1,6.435441,-71.791355,462.0,304.77,222.64
TAM.2023.229.18.07.31,TAM,2023.229.18.07.31,unlabelled,,,,,0,0,0.0,0.0,,,4.263999938964844,-73.78500366210938,10.53,1.8,6.435441,-71.791355,462.0,326.32,222.72
TAM.2023.229.18.08.07,TAM,2023.229.18.08.07,unlabelled,,,,,0,0,0.0,0.0,,,4.264999866485596,-73.78500366210938,14.86,2.0,6.435441,-71.791355,462.0,326.24,222.73
TAM.2023.229.18.08.47,TAM,2023.229.18.08.47,unlabelled,,,,,0,0,0.0,0.0,,,4.324999809265137,-73.74199676513672,15.92,2.4,6.435441,-71.791355,462.0,318.12,222.91
TAM.2023.229.18.09.05,TAM,2023.229.18.09.05,unlabelled,,,,,0,0,0.0,0.0,,,4.368000030517578,-73.7040023803711,11.7,2.2,6.435441,-71.791355,462.0,311.77,222.93
TAM.2023.229.18.10.50,TAM,2023.229.18.10.50,unlabelled,,,,,0,0,0.0,0.0,,,4.324999809265137,-73.73100280761719,14.51,1.8,6.435441,-71.791355,462.0,317.29,222.74
TAM.2023.229.18.14.09,TAM,2023.229.18.14.09,unlabelled,,,,,0,0,0.0,0.0,,,4.461999893188477,-73.677001953125,15.04,1.5,6.435441,-71.791355,462.0,302.14,223.85
TAM.2023.229.18.26.34,TAM,2023.229.18.26.34,unlabelled,,,,,0,0,0.0,0.0,,,4.236000061035156,-73.73699951171875,1.44,1.7,6.435441,-71.791355,462.0,325.05,221.66
TAM.2023.229.18.26.36,TAM,2023.229.18.26.36,unlabelled,,,,,0,0,0.0,0.0,,,4.389999866485596,-73.70500183105469,12.46,1.7,6.435441,-71.791355,462.0,310.06,223.25
TAM.2023.229.18.29.00,TAM,2023.229.18.29.00,unlabelled,,,,,0,0,0.0,0.0,,,4.359000205993652,-73.66799926757812,0.0,2.7,6.435441,-71.791355,462.0,309.81,222.26
TAM.2023.229.18.35.43,TAM,2023.229.18.35.43,unlabelled,,,,,0,0,0.0,0.0,,,4.3420000076293945,-73.70500183105469,19.08,1.6,6.435441,-71.791355,462.0,313.96,222.59
TAM.2023.229.18.39.04,TAM,2023.229.18.39.04,unlabelled,,,,,0,0,0.0,0.0,,,4.415999889373779,-73.61799621582031,14.86,2.0,6.435441,-71.791355,462.0,301.41,222.28
TAM.2023.229.18.47.15,TAM,2023.229.18.47.15,unlabelled,,,,,0,0,0.0,0.0,,,4.249000072479248,-73.76899719238281,14.98,1.5,6.435441,-71.791355,462.0,326.35,222.29
TAM.2023.229.18.49.06,TAM,2023.229.18.49.06,unlabelled,,,,,0,0,0.0,0.0,,,4.442999839782715,-73.63600158691406,0.0,2.0,6.435441,-71.791355,462.0,300.55,222.95
TAM.2023.229.18.54.05,TAM,2023.229.18.54.05,unlabelled,,,,,0,0,0.0,0.0,,,4.372000217437744,-73.76799774169922,10.83,1.5,6.435441,-71.791355,462.0,316.31,223.93
TAM.2023.229.18.56.47,TAM,2023.229.18.56.47,unlabelled,,,,,0,0,0.0,0.0,,,4.201000213623047,-73.78500366210938,13.05,1.5,6.435441,-71.791355,462.0,331.48,221.9
TAM.2023.229.19.04.50,TAM,2023.229.19.04.50,unlabelled,,,,,0,0,0.0,0.0,,,4.386000156402588,-73.68399810791016,12.87,2.0,6.435441,-71.791355,462.0,308.8,222.88
TAM.2023.229.19.07.00,TAM,2023.229.19.07.00,unlabelled,,,,,0,0,0.0,0.0,,,4.2789998054504395,-73.76699829101562,13.93,2.3,6.435441,-71.791355,462.0,323.74,222.66
TAM.2023.229.19.11.40,TAM,2023.229.19.11.40,unlabelled,,,,,0,0,0.0,0.0,,,4.396999835968018,-73.65499877929688,16.5,2.4,6.435441,-71.791355,462.0,305.73,222.59
TAM.2023.229.19.32.32,TAM,2023.229.19.32.32,unlabelled,,,,,0,0,0.0,0.0,,,4.265999794006348,-73.76699829101562,15.92,1.7,6.435441,-71.791355,462.0,324.81,222.49
TAM.2023.229.19.36.19,TAM,2023.229.19.36.19,unlabelled,,,,,0,0,0.0,0.0,,,4.269999980926514,-73.7300033569336,15.98,1.5,6.435441,-71.791355,462.0,321.73,222.0
TAM.2023.229.19.46.35,TAM,2023.229.19.46.35,unlabelled,,,,,0,0,0.0,0.0,,,4.269999980926514,-73.75299835205078,14.51,1.7,6.435441,-71.791355,462.0,323.43,222.33
TAM.2023.229.19.48.49,TAM,2023.229.19.48.49,unlabelled,,,,,0,0,0.0,0.0,,,4.244999885559082,-73.79900360107422,9.12,1.6,6.435441,-71.791355,462.0,328.92,222.67
TAM.2023.229.19.52.11,TAM,2023.229.19.52.11,unlabelled,,,,,0,0,0.0,0.0,,,4.269999980926514,-73.76000213623047,18.03,1.8,6.435441,-71.791355,462.0,323.96,222.44
TAM.2023.229.19.53.58,TAM,2023.229.19.53.58,unlabelled,,,,,0,0,0.0,0.0,,,4.492000102996826,-73.57499694824219,14.86,2.6,6.435441,-71.791355,462.0,291.98,222.69
TAM.2023.229.20.19.34,TAM,2023.229.20.19.34,unlabelled,,,,,0,0,0.0,0.0,,,4.409999847412109,-73.67500305175781,15.68,3.3,6.435441,-71.791355,462.0,306.17,223.08
TAM.2023.229.20.20.22,TAM,2023.229.20.20.22,unlabelled,,,,,0,0,0.0,0.0,,,4.460999965667725,-73.65399932861328,9.36,2.4,6.435441,-71.791355,462.0,300.46,223.48
TAM.2023.229.20.42.34,TAM,2023.229.20.42.34,unlabelled,,,,,0,0,0.0,0.0,,,4.421999931335449,-73.63200378417969,2.77,1.5,6.435441,-71.791355,462.0,301.96,222.59
TAM.2023.229.20.44.20,TAM,2023.229.20.44.20,unlabelled,,,,,0,0,0.0,0.0,,,4.492000102996826,-73.62799835205078,10.12,1.7,6.435441,-71.791355,462.0,295.99,223.53
TAM.2023.229.20.50.04,TAM,2023.229.20.50.04,unlabelled,,,,,0,0,0.0,0.0,,,4.302000045776367,-73.72599792480469,14.28,2.1,6.435441,-71.791355,462.0,318.8,222.36
TAM.2023.229.21.39.50,TAM,2023.229.21.39.50,unlabelled,,,,,0,0,0.0,0.0,,,4.322999954223633,-73.70600128173828,14.86,1.5,6.435441,-71.791355,462.0,315.59,222.35
TAM.2023.229.21.52.39,TAM,2023.229.21.52.39,unlabelled,,,,,0,0,0.0,0.0,,,4.36299991607666,-73.677001953125,19.02,2.4,6.435441,-71.791355,462.0,310.15,222.45
TAM.2023.229.22.08.22,TAM,2023.229.22.08.22,unlabelled,,,,,0,0,0.0,0.0,,,4.419000148773193,-73.66300201416016,13.11,2.8,6.435441,-71.791355,462.0,304.54,223.02
TAM.2023.229.22.30.16,TAM,2023.229.22.30.16,unlabelled,,,,,0,0,0.0,0.0,,,4.270999908447266,-73.74700164794922,14.04,2.7,6.435441,-71.791355,462.0,322.91,222.26
TAM.2023.229.23.13.21,TAM,2023.229.23.13.21,unlabelled,,,,,0,0,0.0,0.0,,,4.3979997634887695,-73.69400024414062,13.81,1.7,6.435441,-71.791355,462.0,308.58,223.2
TAM.2023.229.23.27.46,TAM,2023.229.23.27.46,unlabelled,,,,,0,0,0.0,0.0,,,4.48199987411499,-73.66000366210938,14.63,1.5,6.435441,-71.791355,462.0,299.24,223.88
TAM.2023.229.23.30.05,TAM,2023.229.23.30.05,unlabelled,,,,,0,0,0.0,0.0,,,4.4770002365112305,-73.63700103759766,9.88,1.5,6.435441,-71.791355,462.0,297.88,223.45
TAM.2023.229.23.39.01,TAM,2023.229.23.39.01,unlabelled,,,,,0,0,0.0,0.0,,,4.416999816894531,-73.63800048828125,12.99,2.0,6.435441,-71.791355,462.0,302.82,222.61
TAM.2023.230.00.18.23,TAM,2023.230.00.18.23,unlabelled,,,,,0,0,0.0,0.0,,,4.258999824523926,-73.7239990234375,3.33,1.5,6.435441,-71.791355,462.0,322.19,221.76
TAM.2023.230.00.32.05,TAM,2023.230.00.32.05,unlabelled,,,,,0,0,0.0,0.0,,,4.394999980926514,-73.677001953125,15.74,1.9,6.435441,-71.791355,462.0,307.54,222.9
TAM.2023.230.00.41.51,TAM,2023.230.00.41.51,unlabelled,,,,,0,0,0.0,0.0,,,4.26800012588501,-73.73699951171875,12.75,1.9,6.435441,-71.791355,462.0,322.41,222.07
TAM.2023.230.01.11.14,TAM,2023.230.01.11.14,unlabelled,,,,,0,0,0.0,0.0,,,4.495999813079834,-73.58200073242188,20.61,2.4,6.435441,-71.791355,462.0,292.18,222.86
TAM.2023.230.01.15.39,TAM,2023.230.01.15.39,unlabelled,,,,,0,0,0.0,0.0,,,4.420000076293945,-73.61399841308594,12.87,5.1,6.435441,-71.791355,462.0,300.78,222.28
TAM.2023.230.01.28.14,TAM,2023.230.01.28.14,unlabelled,,,,,0,0,0.0,0.0,,,4.335999965667725,-73.75,16.39,1.6,6.435441,-71.791355,462.0,317.83,223.17
TAM.2023.230.01.40.30,TAM,2023.230.01.40.30,unlabelled,,,,,0,0,0.0,0.0,,,4.24399995803833,-73.75900268554688,13.11,2.5,6.435441,-71.791355,462.0,326.02,222.08
TAM.2023.230.01.43.33,TAM,2023.230.01.43.33,unlabelled,,,,,0,0,0.0,0.0,,,4.363999843597412,-73.69599914550781,12.64,1.6,6.435441,-71.791355,462.0,311.49,222.75
TAM.2023.230.01.56.37,TAM,2023.230.01.56.37,unlabelled,,,,,0,0,0.0,0.0,,,4.4079999923706055,-73.677001953125,12.99,1.5,6.435441,-71.791355,462.0,306.49,223.08
TAM.2023.230.02.04.30,TAM,2023.230.02.04.30,unlabelled,,,,,0,0,0.0,0.0,,,4.35699987411499,-73.72200012207031,13.93,1.5,6.435441,-71.791355,462.0,314.02,223.05
TAM.2023.230.02.17.24,TAM,2023.230.02.17.24,unlabelled,,,,,0,0,0.0,0.0,,,4.541999816894531,-73.58399963378906,15.68,2.0,6.435441,-71.791355,462.0,288.62,223.58
TAM.2023.230.02.19.08,TAM,2023.230.02.19.08,unlabelled,,,,,0,0,0.0,0.0,,,4.263000011444092,-73.73899841308594,16.39,2.5,6.435441,-71.791355,462.0,322.97,222.04
TAM.2023.230.03.01.49,TAM,2023.230.03.01.49,unlabelled,,,,,0,0,0.0,0.0,,,4.26200008392334,-73.76499938964844,12.99,2.5,6.435441,-71.791355,462.0,324.98,222.4
TAM.2023.230.03.04.44,TAM,2023.230.03.04.44,unlabelled,,,,,0,0,0.0,0.0,,,4.4039998054504395,-73.677001953125,8.45,1.0,6.435441,-71.791355,462.0,306.81,223.02
TAM.2023.230.03.31.46,TAM,2023.230.03.31.46,unlabelled,,,,,0,0,0.0,0.0,,,4.379000186920166,-73.6780014038086,12.87,2.1,6.435441,-71.791355,462.0,308.92,222.69
TAM.2023.230.03.32.54,TAM,2023.230.03.32.54,unlabelled,,,,,0,0,0.0,0.0,,,4.571000099182129,-73.5459976196289,12.99,2.1,6.435441,-71.791355,462.0,283.39,223.41
TAM.2023.230.04.01.58,TAM,2023.230.04.01.58,unlabelled,,,,,0,0,0.0,0.0,,,4.21999979019165,-73.78299713134766,12.05,1.6,6.435441,-71.791355,462.0,329.77,222.12
TAM.2023.230.04.21.39,TAM,2023.230.04.21.39,unlabelled,,,,,0,0,0.0,0.0,,,4.321000099182129,-73.73999786376953,14.98,2.9,6.435441,-71.791355,462.0,318.3,222.82
TAM.2023.230.04.34.17,TAM,2023.230.04.34.17,unlabelled,,,,,0,0,0.0,0.0,,,4.3420000076293945,-73.71499633789062,13.11,2.7,6.435441,-71.791355,462.0,314.71,222.74
TAM.2023.230.04.43.05,TAM,2023.230.04.43.05,unlabelled,,,,,0,0,0.0,0.0,,,4.377999782562256,-73.68199920654297,11.46,1.7,6.435441,-71.791355,462.0,309.3,222.74
TAM.2023.230.05.15.47,TAM,2023.230.05.15.47,unlabelled,,,,,0,0,0.0,0.0,,,4.211999893188477,-73.77100372314453,11.82,1.6,6.435441,-71.791355,462.0,329.54,221.84
TAM.2023.230.05.56.18,TAM,2023.230.05.56.18,unlabelled,,,,,0,0,0.0,0.0,,,4.249000072479248,-73.7770004272461,13.34,1.8,6.435441,-71.791355,462.0,326.94,222.41
TAM.2023.230.06.12.04,TAM,2023.230.06.12.04,unlabelled,,,,,0,0,0.0,0.0,,,4.376999855041504,-73.68499755859375,19.08,2.5,6.435441,-71.791355,462.0,309.61,222.77
TAM.2023.230.06.12.14,TAM,2023.230.06.12.14,unlabelled,,,,,0,0,0.0,0.0,,,4.434000015258789,-73.68800354003906,17.32,2.7,6.435441,-71.791355,462.0,305.22,223.62
TAM.2023.230.07.17.11,TAM,2023.230.07.17.11,unlabelled,,,,,0,0,0.0,0.0,,,4.409999847412109,-73.63999938964844,12.75,1.8,6.435441,-71.791355,462.0,303.54,222.54
TAM.2023.230.07.29.59,TAM,2023.230.07.29.59,unlabelled,,,,,0,0,0.0,0.0,,,4.283999919891357,-73.71099853515625,11.05,1.7,6.435441,-71.791355,462.0,319.17,221.9
TAM.2023.230.08.22.21,TAM,2023.230.08.22.21,unlabelled,,,,,0,0,0.0,0.0,,,4.248000144958496,-73.68299865722656,15.8,1.8,6.435441,-71.791355,462.0,320.11,221.01
TAM.2023.230.08.22.41,TAM,2023.230.08.22.41,unlabelled,,,,,0,0,0.0,0.0,,,4.321000099182129,-73.73600006103516,14.63,1.3,6.435441,-71.791355,462.0,318.0,222.76
TAM.2023.230.08.24.47,TAM,2023.230.08.24.47,unlabelled,,,,,0,0,0.0,0.0,,,4.383999824523926,-73.68599700927734,14.34,2.5,6.435441,-71.791355,462.0,309.11,222.88
TAM.2023.230.08.33.23,TAM,2023.230.08.33.23,unlabelled,,,,,0,0,0.0,0.0,,,4.375999927520752,-73.7020034790039,11.58,1.6,6.435441,-71.791355,462.0,310.97,223.01
TAM.2023.230.09.44.42,TAM,2023.230.09.44.42,unlabelled,,,,,0,0,0.0,0.0,,,4.340000152587891,-73.68800354003906,13.57,1.7,6.435441,-71.791355,462.0,312.85,222.31
TAM.2023.230.10.50.44,TAM,2023.230.10.50.44,unlabelled,,,,,0,0,0.0,0.0,,,4.395999908447266,-73.65899658203125,16.74,2.1,6.435441,-71.791355,462.0,306.11,222.64
TAM.2023.230.10.57.01,TAM,2023.230.10.57.01,unlabelled,,,,,0,0,0.0,0.0,,,4.480999946594238,-73.58599853515625,12.64,2.0,6.435441,-71.791355,462.0,293.7,222.71
TAM.2023.230.11.12.07,TAM,2023.230.11.12.07,unlabelled,,,,,0,0,0.0,0.0,,,4.269000053405762,-73.7249984741211,16.04,1.7,6.435441,-71.791355,462.0,321.44,221.91
TAM.2023.230.11.30.33,TAM,2023.230.11.30.33,unlabelled,,,,,0,0,0.0,0.0,,,4.359000205993652,-73.66999816894531,15.57,1.9,6.435441,-71.791355,462.0,309.95,222.29
TAM.2023.230.12.06.39,TAM,2023.230.12.06.39,unlabelled,,,,,0,0,0.0,0.0,,,4.46999979019165,-73.58499908447266,16.15,2.8,6.435441,-71.791355,462.0,294.53,222.53
TAM.2023.230.12.49.58,TAM,2023.230.12.49.58,unlabelled,,,,,0,0,0.0,0.0,,,4.245999813079834,-73.76399993896484,13.4,2.0,6.435441,-71.791355,462.0,326.22,222.18
TAM.2023.230.13.21.52,TAM,2023.230.13.21.52,unlabelled,,,,,0,0,0.0,0.0,,,4.25600004196167,-73.79000091552734,14.75,1.5,6.435441,-71.791355,462.0,327.34,222.69
TAM.2023.230.13.45.15,TAM,2023.230.13.45.15,unlabelled,,,,,0,0,0.0,0.0,,,7.066999912261963,-72.2760009765625,1.0,1.5,6.435441,-71.791355,462.0,88.03,322.54
TAM.2023.230.14.42.16,TAM,2023.230.14.42.16,unlabelled,,,,,0,0,0.0,0.0,,,4.482999801635742,-73.56800079345703,11.76,1.6,6.435441,-71.791355,462.0,292.19,222.45
TAM.2023.230.19.45.18,TAM,2023.230.19.45.18,unlabelled,,,,,0,0,0.0,0.0,,,4.289999961853027,-73.73600006103516,16.86,2.8,6.435441,-71.791355,462.0,320.53,222.35
TAM.2023.230.19.46.17,TAM,2023.230.19.46.17,unlabelled,,,,,0,0,0.0,0.0,,,4.289000034332275,-73.75800323486328,13.87,3.2,6.435441,-71.791355,462.0,322.25,222.66
TAM.2023.230.19.47.50,TAM,2023.230.19.47.50,unlabelled,,,,,0,0,0.0,0.0,,,4.314000129699707,-73.74700164794922,19.02,1.9,6.435441,-71.791355,462.0,319.39,222.83
TAM.2023.230.20.47.23,TAM,2023.230.20.47.23,unlabelled,,,,,0,0,0.0,0.0,,,4.4029998779296875,-73.65599822998047,18.09,2.1,6.435441,-71.791355,462.0,305.31,222.69
TAM.2023.230.20.59.56,TAM,2023.230.20.59.56,unlabelled,,,,,0,0,0.0,0.0,,,4.298999786376953,-73.73100280761719,16.5,2.2,6.435441,-71.791355,462.0,319.42,222.4
TAM.2023.230.23.10.23,TAM,2023.230.23.10.23,unlabelled,,,,,0,0,0.0,0.0,,,7.73199987411499,-72.6709976196289,9.71,1.8,6.435441,-71.791355,462.0,173.21,325.93
TAM.2023.230.23.47.33,TAM,2023.230.23.47.33,unlabelled,,,,,0,0,0.0,0.0,,,4.185999870300293,-73.7750015258789,14.63,1.6,6.435441,-71.791355,462.0,331.99,221.57
TAM.2023.231.00.19.07,TAM,2023.231.00.19.07,unlabelled,,,,,0,0,0.0,0.0,,,4.395999908447266,-73.66300201416016,14.51,2.3,6.435441,-71.791355,462.0,306.41,222.7
TAM.2023.231.00.29.20,TAM,2023.231.00.29.20,unlabelled,,,,,0,0,0.0,0.0,,,4.374000072479248,-73.64399719238281,16.97,1.7,6.435441,-71.791355,462.0,306.79,222.1
TAM.2023.231.01.24.49,TAM,2023.231.01.24.49,unlabelled,,,,,0,0,0.0,0.0,,,4.409999847412109,-73.64900207519531,14.86,1.8,6.435441,-71.791355,462.0,304.22,222.68
TAM.2023.231.02.04.50,TAM,2023.231.02.04.50,unlabelled,,,,,0,0,0.0,0.0,,,4.431000232696533,-73.59600067138672,0.01,2.6,6.435441,-71.791355,462.0,298.54,222.15
TAM.2023.231.02.44.30,TAM,2023.231.02.44.30,unlabelled,,,,,0,0,0.0,0.0,,,4.265999794006348,-73.74099731445312,15.45,1.5,6.435441,-71.791355,462.0,322.87,222.11
TAM.2023.231.02.55.14,TAM,2023.231.02.55.14,unlabelled,,,,,0,0,0.0,0.0,,,4.331999778747559,-73.71600341796875,17.68,1.8,6.435441,-71.791355,462.0,315.6,222.62
TAM.2023.231.03.00.44,TAM,2023.231.03.00.44,unlabelled,,,,,0,0,0.0,0.0,,,4.480000019073486,-73.56900024414062,12.99,1.5,6.435441,-71.791355,462.0,292.51,222.42
TAM.2023.231.04.04.07,TAM,2023.231.04.04.07,unlabelled,,,,,0,0,0.0,0.0,,,4.508999824523926,-73.53399658203125,11.7,2.1,6.435441,-71.791355,462.0,287.53,222.28
TAM.2023.231.04.42.40,TAM,2023.231.04.42.40,unlabelled,,,,,0,0,0.0,0.0,,,5.145999908447266,-73.06099700927734,15.04,1.6,6.435441,-71.791355,462.0,200.26,224.67
TAM.2023.231.06.43.11,TAM,2023.231.06.43.11,unlabelled,,,,,0,0,0.0,0.0,,,4.440999984741211,-73.58300018310547,12.87,1.6,6.435441,-71.791355,462.0,296.75,222.08
TAM.2023.231.11.19.23,TAM,2023.231.11.19.23,unlabelled,,,,,0,0,0.0,0.0,,,4.4079999923706055,-73.6760025024414,13.69,1.5,6.435441,-71.791355,462.0,306.41,223.06
TAM.2023.231.11.27.44,TAM,2023.231.11.27.44,unlabelled,,,,,0,0,0.0,0.0,,,4.300000190734863,-73.73899841308594,16.04,3.0,6.435441,-71.791355,462.0,319.93,222.53
TAM.2023.231.11.41.52,TAM,2023.231.11.41.52,unlabelled,,,,,0,0,0.0,0.0,,,5.2129998207092285,-73.1449966430664,13.05,1.7,6.435441,-71.791355,462.0,201.86,228.03
TAM.2023.231.11.56.52,TAM,2023.231.11.56.52,unlabelled,,,,,0,0,0.0,0.0,,,4.250999927520752,-73.73100280761719,15.92,2.8,6.435441,-71.791355,462.0,323.37,221.76
TAM.2023.231.12.04.46,TAM,2023.231.12.04.46,unlabelled,,,,,0,0,0.0,0.0,,,4.401000022888184,-73.68399810791016,13.11,1.5,6.435441,-71.791355,462.0,307.58,223.09
TAM.2023.231.12.12.45,TAM,2023.231.12.12.45,unlabelled,,,,,0,0,0.0,0.0,,,5.129000186920166,-73.05000305175781,18.09,2.2,6.435441,-71.791355,462.0,200.76,224.04
TAM.2023.231.14.40.16,TAM,2023.231.14.40.16,unlabelled,,,,,0,0,0.0,0.0,,,4.328000068664551,-73.73100280761719,12.08,1.8,6.435441,-71.791355,462.0,317.05,222.79
TAM.2023.231.16.10.36,TAM,2023.231.16.10.36,unlabelled,,,,,0,0,0.0,0.0,,,4.65500020980835,-73.4020004272461,19.02,1.5,6.435441,-71.791355,462.0,265.73,222.27
TAM.2023.231.16.58.40,TAM,2023.231.16.58.40,unlabelled,,,,,0,0,0.0,0.0,,,4.64900016784668,-73.38300323486328,19.26,1.8,6.435441,-71.791355,462.0,264.82,221.84
TAM.2023.231.17.03.18,TAM,2023.231.17.03.18,unlabelled,,,,,0,0,0.0,0.0,,,4.642000198364258,-73.4020004272461,19.02,1.6,6.435441,-71.791355,462.0,266.8,222.06
TAM.2023.231.17.56.30,TAM,2023.231.17.56.30,unlabelled,,,,,0,0,0.0,0.0,,,4.396999835968018,-73.7030029296875,12.23,1.6,6.435441,-71.791355,462.0,309.34,223.32
TAM.2023.231.18.42.10,TAM,2023.231.18.42.10,unlabelled,,,,,0,0,0.0,0.0,,,4.613999843597412,-73.38099670410156,18.14,2.0,6.435441,-71.791355,462.0,267.57,221.25
TAM.2023.231.18.44.41,TAM,2023.231.18.44.41,unlabelled,,,,,0,0,0.0,0.0,,,4.4070000648498535,-73.66799926757812,11.35,1.9,6.435441,-71.791355,462.0,305.89,222.93
TAM.2023.231.18.47.01,TAM,2023.231.18.47.01,unlabelled,,,,,0,0,0.0,0.0,,,7.73199987411499,-73.88800048828125,0.0,1.5,6.435441,-71.791355,462.0,272.41,301.89
TAM.2023.231.21.46.46,TAM,2023.231.21.46.46,unlabelled,,,,,0,0,0.0,0.0,,,4.285999774932861,-73.75700378417969,15.45,2.2,6.435441,-71.791355,462.0,322.42,222.6
TAM.2023.231.22.53.24,TAM,2023.231.22.53.24,unlabelled,,,,,0,0,0.0,0.0,,,4.377999782562256,-73.68699645996094,16.74,2.4,6.435441,-71.791355,462.0,309.67,222.81
TAM.2023.231.22.53.40,TAM,2023.231.22.53.40,unlabelled,,,,,0,0,0.0,0.0,,,4.4670000076293945,-73.61199951171875,10.88,2.1,6.435441,-71.791355,462.0,296.8,222.92
TAM.2023.232.02.10.14,TAM,2023.232.02.10.14,unlabelled,,,,,0,0,0.0,0.0,,,4.317999839782715,-73.73799896240234,16.74,2.9,6.435441,-71.791355,462.0,318.39,222.75
TAM.2023.232.04.46.37,TAM,2023.232.04.46.37,unlabelled,,,,,0,0,0.0,0.0,,,4.381999969482422,-73.68800354003906,17.32,2.5,6.435441,-71.791355,462.0,309.42,222.88
TAM.2023.232.05.55.36,TAM,2023.232.05.55.36,unlabelled,,,,,0,0,0.0,0.0,,,4.261000156402588,-73.75800323486328,16.45,2.3,6.435441,-71.791355,462.0,324.55,222.29
TAM.2023.232.06.46.06,TAM,2023.232.06.46.06,unlabelled,,,,,0,0,0.0,0.0,,,4.364999771118164,-73.697998046875,11.99,1.6,6.435441,-71.791355,462.0,311.56,222.8
TAM.2023.232.07.38.00,TAM,2023.232.07.38.00,unlabelled,,,,,0,0,0.0,0.0,,,4.291999816894531,-73.75199890136719,16.62,2.2,6.435441,-71.791355,462.0,321.56,222.61
TAM.2023.232.08.41.50,TAM,2023.232.08.41.50,unlabelled,,,,,0,0,0.0,0.0,,,5.448999881744385,-73.86699676513672,4.18,1.5,6.435441,-71.791355,462.0,254.4,244.72
TAM.2023.232.09.17.31,TAM,2023.232.09.17.31,unlabelled,,,,,0,0,0.0,0.0,,,4.355999946594238,-73.70500183105469,10.03,1.9,6.435441,-71.791355,462.0,312.82,222.78
TAM.2023.232.09.19.28,TAM,2023.232.09.19.28,unlabelled,,,,,0,0,0.0,0.0,,,4.355999946594238,-73.697998046875,15.98,2.1,6.435441,-71.791355,462.0,312.29,222.67
TAM.2023.232.12.32.20,TAM,2023.232.12.32.20,unlabelled,,,,,0,0,0.0,0.0,,,4.3520002365112305,-73.69400024414062,17.32,2.9,6.435441,-71.791355,462.0,312.32,222.56
TAM.2023.232.13.09.33,TAM,2023.232.13.09.33,unlabelled,,,,,0,0,0.0,0.0,,,4.39300012588501,-73.66799926757812,18.26,2.1,6.435441,-71.791355,462.0,307.03,222.73
TAM.2023.232.13.09.36,TAM,2023.232.13.09.36,unlabelled,,,,,0,0,0.0,0.0,,,4.39300012588501,-73.71600341796875,15.8,2.0,6.435441,-71.791355,462.0,310.65,223.46
TAM.2023.232.15.03.56,TAM,2023.232.15.03.56,unlabelled,,,,,0,0,0.0,0.0,,,4.370999813079834,-73.697998046875,12.4,1.7,6.435441,-71.791355,462.0,311.07,222.88
TAM.2023.232.17.10.40,TAM,2023.232.17.10.40,unlabelled,,,,,0,0,0.0,0.0,,,5.125,-73.10800170898438,19.02,1.6,6.435441,-71.791355,462.0,205.59,225.25
TAM.2023.232.19.18.02,TAM,2023.232.19.18.02,unlabelled,,,,,0,0,0.0,0.0,,,4.283999919891357,-73.73500061035156,15.51,1.9,6.435441,-71.791355,462.0,320.95,222.26
TAM.2023.232.21.20.02,TAM,2023.232.21.20.02,unlabelled,,,,,0,0,0.0,0.0,,,4.252999782562256,-73.77899932861328,12.64,1.6,6.435441,-71.791355,462.0,326.77,222.49
TAM.2023.233.00.28.50,TAM,2023.233.00.28.50,unlabelled,,,,,0,0,0.0,0.0,,,4.464000225067139,-73.61799621582031,13.34,1.6,6.435441,-71.791355,462.0,297.49,222.97
TAM.2023.233.02.28.21,TAM,2023.233.02.28.21,unlabelled,,,,,0,0,0.0,0.0,,,4.302000045776367,-73.74299621582031,16.62,2.7,6.435441,-71.791355,462.0,320.07,222.61
TAM.2023.233.05.59.27,TAM,2023.233.05.59.27,unlabelled,,,,,0,0,0.0,0.0,,,4.434000015258789,-73.66300201416016,12.05,1.7,6.435441,-71.791355,462.0,303.32,223.23
TAM.2023.233.06.52.40,TAM,2023.233.06.52.40,unlabelled,,,,,0,0,0.0,0.0,,,7.256999969482422,-73.89700317382812,28.35,1.5,6.435441,-71.791355,462.0,249.84,291.45
TAM.2023.233.09.39.55,TAM,2023.233.09.39.55,unlabelled,,,,,0,0,0.0,0.0,,,4.38700008392334,-73.68099975585938,12.17,1.9,6.435441,-71.791355,462.0,308.49,222.85
TAM.2023.233.10.03.52,TAM,2023.233.10.03.52,unlabelled,,,,,0,0,0.0,0.0,,,4.385000228881836,-73.68000030517578,18.14,2.4,6.435441,-71.791355,462.0,308.58,222.8
TAM.2023.233.10.46.13,TAM,2023.233.10.46.13,unlabelled,,,,,0,0,0.0,0.0,,,4.260000228881836,-73.76599884033203,18.96,2.0,6.435441,-71.791355,462.0,325.22,222.39
TAM.2023.233.14.05.44,TAM,2023.233.14.05.44,unlabelled,,,,,0,0,0.0,0.0,,,4.478000164031982,-73.65399932861328,14.16,1.5,6.435441,-71.791355,462.0,299.1,223.73
TAM.2023.233.14.53.33,TAM,2023.233.14.53.33,unlabelled,,,,,0,0,0.0,0.0,,,4.410999774932861,-73.66600036621094,11.23,1.7,6.435441,-71.791355,462.0,305.41,222.95
TAM.2023.233.16.27.18,TAM,2023.233.16.27.18,unlabelled,,,,,0,0,0.0,0.0,,,4.433000087738037,-73.62999725341797,14.98,2.0,6.435441,-71.791355,462.0,300.92,222.71
TAM.2023.233.21.44.58,TAM,2023.233.21.44.58,unlabelled,,,,,0,0,0.0,0.0,,,4.210000038146973,-73.78500366210938,12.99,1.5,6.435441,-71.791355,462.0,330.74,222.02
TAM.2023.233.22.36.30,TAM,2023.233.22.36.30,unlabelled,,,,,0,0,0.0,0.0,,,4.324999809265137,-73.72699737548828,16.27,2.4,6.435441,-71.791355,462.0,316.99,222.69
TAM.2023.234.02.31.18,TAM,2023.234.02.31.18,unlabelled,,,,,0,0,0.0,0.0,,,5.620999813079834,-72.8479995727539,18.91,1.8,6.435441,-71.791355,462.0,147.63,232.46
TAM.2023.234.02.51.23,TAM,2023.234.02.51.23,unlabelled,,,,,0,0,0.0,0.0,,,5.577000141143799,-72.96199798583984,19.61,1.8,6.435441,-71.791355,462.0,160.65,233.84
TAM.2023.234.02.52.37,TAM,2023.234.02.52.37,unlabelled,,,,,0,0,0.0,0.0,,,5.578999996185303,-72.97699737548828,13.28,1.7,6.435441,-71.791355,462.0,161.87,234.25
TAM.2023.234.03.40.55,TAM,2023.234.03.40.55,unlabelled,,,,,0,0,0.0,0.0,,,5.598999977111816,-72.87899780273438,15.98,2.0,6.435441,-71.791355,462.0,151.84,232.53
TAM.2023.234.04.21.47,TAM,2023.234.04.21.47,unlabelled,,,,,0,0,0.0,0.0,,,5.645999908447266,-72.81900024414062,20.66,1.7,6.435441,-71.791355,462.0,143.4,232.55
TAM.2023.234.08.10.06,TAM,2023.234.08.10.06,unlabelled,,,,,0,0,0.0,0.0,,,4.3429999351501465,-73.72200012207031,12.99,1.7,6.435441,-71.791355,462.0,315.15,222.86
TAM.2023.234.10.23.15,TAM,2023.234.10.23.15,unlabelled,,,,,0,0,0.0,0.0,,,4.489999771118164,-73.56400299072266,17.32,3.5,6.435441,-71.791355,462.0,291.32,222.49
TAM.2023.235.03.18.51,TAM,2023.235.03.18.51,unlabelled,,,,,0,0,0.0,0.0,,,7.5269999504089355,-73.0479965209961,17.21,2.0,6.435441,-71.791355,462.0,183.99,311.08
TAM.2023.235.06.29.19,TAM,2023.235.06.29.19,unlabelled,,,,,0,0,0.0,0.0,,,4.375,-73.68399810791016,14.86,2.1,6.435441,-71.791355,462.0,309.69,222.73
TAM.2023.235.10.54.37,TAM,2023.235.10.54.37,unlabelled,,,,,0,0,0.0,0.0,,,5.639999866485596,-73.00900268554688,13.05,1.7,6.435441,-71.791355,462.0,160.96,236.94
TAM.2023.235.20.46.28,TAM,2023.235.20.46.28,unlabelled,,,,,0,0,0.0,0.0,,,4.308000087738037,-73.74500274658203,10.62,1.5,6.435441,-71.791355,462.0,319.73,222.72
TAM.2023.236.00.25.28,TAM,2023.236.00.25.28,unlabelled,,,,,0,0,0.0,0.0,,,4.47599983215332,-73.63300323486328,10.67,1.8,6.435441,-71.791355,462.0,297.66,223.38
TAM.2023.236.00.55.07,TAM,2023.236.00.55.07,unlabelled,,,,,0,0,0.0,0.0,,,4.413000106811523,-73.6760025024414,9.91,1.6,6.435441,-71.791355,462.0,306.01,223.14
TAM.2023.236.01.54.08,TAM,2023.236.01.54.08,unlabelled,,,,,0,0,0.0,0.0,,,4.254000186920166,-73.77300262451172,14.37,1.8,6.435441,-71.791355,462.0,326.24,222.41
TAM.2023.236.06.59.14,TAM,2023.236.06.59.14,unlabelled,,,,,0,0,0.0,0.0,,,4.394999980926514,-73.66000366210938,12.52,2.6,6.435441,-71.791355,462.0,306.26,222.64
TAM.2023.236.12.23.03,TAM,2023.236.12.23.03,unlabelled,,,,,0,0,0.0,0.0,,,4.271999835968018,-73.77400207519531,15.42,2.9,6.435441,-71.791355,462.0,324.84,222.67
TAM.2023.236.20.05.22,TAM,2023.236.20.05.22,unlabelled,,,,,0,0,0.0,0.0,,,6.340000152587891,-74.52300262451172,20.59,2.2,6.435441,-71.791355,462.0,302.39,268.15
TAM.2023.237.04.25.57,TAM,2023.237.04.25.57,unlabelled,,,,,0,0,0.0,0.0,,,5.61899995803833,-72.90799713134766,-0.01,1.9,6.435441,-71.791355,462.0,153.08,233.92
TAM.2023.237.04.26.14,TAM,2023.237.04.26.14,unlabelled,,,,,0,0,0.0,0.0,,,4.265999794006348,-73.74400329589844,12.72,2.2,6.435441,-71.791355,462.0,323.09,222.15
TAM.2023.237.07.56.57,TAM,2023.237.07.56.57,unlabelled,,,,,0,0,0.0,0.0,,,4.414000034332275,-73.65399932861328,10.79,2.0,6.435441,-71.791355,462.0,304.26,222.81
TAM.2023.237.11.49.45,TAM,2023.237.11.49.45,unlabelled,,,,,0,0,0.0,0.0,,,4.495999813079834,-73.58899688720703,11.11,1.5,6.435441,-71.791355,462.0,292.71,222.98
TAM.2023.237.12.23.22,TAM,2023.237.12.23.22,unlabelled,,,,,0,0,0.0,0.0,,,4.502999782562256,-73.5979995727539,11.0,2.0,6.435441,-71.791355,462.0,292.82,223.22
TAM.2023.237.22.23.53,TAM,2023.237.22.23.53,unlabelled,,,,,0,0,0.0,0.0,,,4.38100004196167,-73.68800354003906,13.02,2.9,6.435441,-71.791355,462.0,309.51,222.87
TAM.2023.238.00.37.14,TAM,2023.238.00.37.14,unlabelled,,,,,0,0,0.0,0.0,,,4.390999794006348,-73.68599700927734,11.79,2.0,6.435441,-71.791355,462.0,308.54,222.98
TAM.2023.238.01.07.13,TAM,2023.238.01.07.13,unlabelled,,,,,0,0,0.0,0.0,,,4.311999797821045,-73.74299621582031,14.54,2.2,6.435441,-71.791355,462.0,319.25,222.75
TAM.2023.238.01.37.01,TAM,2023.238.01.37.01,unlabelled,,,,,0,0,0.0,0.0,,,4.341000080108643,-73.71299743652344,13.02,2.4,6.435441,-71.791355,462.0,314.64,222.69
TAM.2023.238.12.46.45,TAM,2023.238.12.46.45,unlabelled,,,,,0,0,0.0,0.0,,,7.10699987411499,-74.4469985961914,0.14,1.8,6.435441,-71.791355,462.0,302.82,284.35
TAM.2023.238.15.53.54,TAM,2023.238.15.53.54,unlabelled,,,,,0,0,0.0,0.0,,,5.622000217437744,-72.84100341796875,15.98,1.8,6.435441,-71.791355,462.0,146.95,232.31
TAM.2023.239.00.51.04,TAM,2023.239.00.51.04,unlabelled,,,,,0,0,0.0,0.0,,,6.936999797821045,-72.25399780273438,1.25,1.5,6.435441,-71.791355,462.0,75.45,317.34
TAM.2023.239.05.50.15,TAM,2023.239.05.50.15,unlabelled,,,,,0,0,0.0,0.0,,,4.4029998779296875,-73.66300201416016,10.09,1.5,6.435441,-71.791355,462.0,305.84,222.8
TAM.2023.239.07.36.51,TAM,2023.239.07.36.51,unlabelled,,,,,0,0,0.0,0.0,,,4.255000114440918,-73.77400207519531,12.43,1.7,6.435441,-71.791355,462.0,326.23,222.44
TAM.2023.239.14.39.06,TAM,2023.239.14.39.06,unlabelled,,,,,0,0,0.0,0.0,,,4.363999843597412,-73.69999694824219,13.19,2.0,6.435441,-71.791355,462.0,311.79,222.81
TAM.2023.239.20.41.51,TAM,2023.239.20.41.51,unlabelled,,,,,0,0,0.0,0.0,,,6.5269999504089355,-74.06199645996094,33.9,2.2,6.435441,-71.791355,462.0,251.37,272.44
TAM.2023.239.20.50.46,TAM,2023.239.20.50.46,unlabelled,,,,,0,0,0.0,0.0,,,4.355999946594238,-73.70500183105469,10.03,1.9,6.435441,-71.791355,462.0,312.82,222.78
TAM.2023.240.02.45.42,TAM,2023.240.02.45.42,unlabelled,,,,,0,0,0.0,0.0,,,4.422999858856201,-73.66000366210938,12.14,2.2,6.435441,-71.791355,462.0,303.99,223.03
TAM.2023.240.16.10.46,TAM,2023.240.16.10.46,unlabelled,,,,,0,0,0.0,0.0,,,4.285999774932861,-73.76599884033203,12.37,1.8,6.435441,-71.791355,462.0,323.1,222.73
TAM.2023.240.16.51.58,TAM,2023.240.16.51.58,unlabelled,,,,,0,0,0.0,0.0,,,4.4629998207092285,-73.63800048828125,10.91,1.5,6.435441,-71.791355,462.0,299.09,223.27
TAM.2023.241.11.20.33,TAM,2023.241.11.20.33,unlabelled,,,,,0,0,0.0,0.0,,,4.379000186920166,-73.68699645996094,14.48,2.4,6.435441,-71.791355,462.0,309.59,222.83
TAM.2023.241.17.42.41,TAM,2023.241.17.42.41,unlabelled,,,,,0,0,0.0,0.0,-0.53,,7.1529998779296875,-72.2249984741211,15.98,1.6,6.435441,-71.791355,462.0,92.71,328.89
TAM.2023.241.19.51.37,TAM,2023.241.19.51.37,unlabelled,,,,,0,0,0.0,0.0,,,5.585000038146973,-73.06400299072266,15.39,1.5,6.435441,-71.791355,462.0,169.4,236.35
TAM.2023.241.21.03.25,TAM,2023.241.21.03.25,unlabelled,,,,,0,0,0.0,0.0,,,4.276000022888184,-73.7770004272461,14.8,1.7,6.435441,-71.791355,462.0,324.74,222.76
TAM.2023.242.07.55.46,TAM,2023.242.07.55.46,unlabelled,,,,,0,0,0.0,0.0,,,5.309999942779541,-72.94499969482422,13.05,1.8,6.435441,-71.791355,462.0,178.35,225.81
TAM.2023.242.10.37.31,TAM,2023.242.10.37.31,unlabelled,,,,,0,0,0.0,0.0,,,6.041999816894531,-72.5719985961914,16.33,1.7,6.435441,-71.791355,462.0,96.73,243.31
TAM.2023.242.21.36.09,TAM,2023.242.21.36.09,unlabelled,,,,,0,0,0.0,0.0,,,4.39900016784668,-73.677001953125,10.82,1.2,6.435441,-71.791355,462.0,307.22,222.95
TAM.2023.243.11.03.10,TAM,2023.243.11.03.10,unlabelled,,,,,0,0,0.0,0.0,,,4.296999931335449,-73.74800109863281,15.24,2.2,6.435441,-71.791355,462.0,320.85,222.62
TAM.2023.243.15.36.25,TAM,2023.243.15.36.25,unlabelled,,,,,0,0,0.0,0.0,,,4.382999897003174,-73.68299865722656,12.08,2.1,6.435441,-71.791355,462.0,308.97,222.82
TAM.2023.244.02.08.20,TAM,2023.244.02.08.20,unlabelled,,,,,0,0,0.0,0.0,,,4.388999938964844,-73.68000030517578,16.06,2.5,6.435441,-71.791355,462.0,308.25,222.86
TAM.2023.244.04.39.39,TAM,2023.244.04.39.39,unlabelled,,,,,0,0,0.0,0.0,,,4.289000034332275,-73.75299835205078,13.13,1.8,6.435441,-71.791355,462.0,321.88,222.59
TAM.2023.244.12.43.15,TAM,2023.244.12.43.15,unlabelled,,,,,0,0,0.0,0.0,,,4.2769999504089355,-73.74099731445312,14.01,3.4,6.435441,-71.791355,462.0,321.97,222.25
TAM.2023.245.00.00.49,TAM,2023.245.00.00.49,unlabelled,,,,,0,0,0.0,0.0,,,4.394999980926514,-73.66600036621094,14.28,2.6,6.435441,-71.791355,462.0,306.71,222.73
TAM.2023.245.01.20.48,TAM,2023.245.01.20.48,unlabelled,,,,,0,0,0.0,0.0,,,7.3420000076293945,-72.0479965209961,31.33,1.6,6.435441,-71.791355,462.0,104.19,344.22
TAM.2023.245.04.44.48,TAM,2023.245.04.44.48,unlabelled,,,,,0,0,0.0,0.0,,,4.288000106811523,-73.75199890136719,16.06,2.7,6.435441,-71.791355,462.0,321.89,222.56
TAM.2023.245.13.35.52,TAM,2023.245.13.35.52,unlabelled,,,,,0,0,0.0,0.0,,,4.364999771118164,-73.69400024414062,13.02,2.3,6.435441,-71.791355,462.0,311.26,222.74
TAM.2023.245.19.09.09,TAM,2023.245.19.09.09,unlabelled,,,,,0,0,0.0,0.0,,,4.2769999504089355,-73.75199890136719,11.2,1.9,6.435441,-71.791355,462.0,322.79,222.41
TAM.2023.245.19.56.57,TAM,2023.245.19.56.57,unlabelled,,,,,0,0,0.0,0.0,,,4.343999862670898,-73.71199798583984,12.55,1.7,6.435441,-71.791355,462.0,314.32,222.72
TAM.2023.246.06.58.01,TAM,2023.246.06.58.01,unlabelled,,,,,0,0,0.0,0.0,,,5.188000202178955,-72.97599792480469,4.21,1.6,6.435441,-71.791355,462.0,190.38,223.63
TAM.2023.246.16.49.27,TAM,2023.246.16.49.27,unlabelled,,,,,0,0,0.0,0.0,,,4.267000198364258,-73.7750015258789,13.66,1.6,6.435441,-71.791355,462.0,325.32,222.61
TAM.2023.247.01.54.43,TAM,2023.247.01.54.43,unlabelled,,,,,0,0,0.0,0.0,,,4.420000076293945,-73.65699768066406,12.99,2.1,6.435441,-71.791355,462.0,304.0,222.94
TAM.2023.247.05.58.00,TAM,2023.247.05.58.00,unlabelled,,,,,0,0,0.0,0.0,,,4.415999889373779,-73.66899871826172,11.55,1.5,6.435441,-71.791355,462.0,305.23,223.07
TAM.2023.247.05.59.10,TAM,2023.247.05.59.10,unlabelled,,,,,0,0,0.0,0.0,,,4.303999900817871,-73.75299835205078,15.07,1.9,6.435441,-71.791355,462.0,320.66,222.79
TAM.2023.247.14.24.25,TAM,2023.247.14.24.25,unlabelled,,,,,0,0,0.0,0.0,,,4.289999961853027,-73.75800323486328,10.79,1.6,6.435441,-71.791355,462.0,322.17,222.67
TAM.2023.247.17.58.42,TAM,2023.247.17.58.42,unlabelled,,,,,0,0,0.0,0.0,,,4.295000076293945,-73.7490005493164,15.95,2.5,6.435441,-71.791355,462.0,321.09,222.61
TAM.2023.247.18.25.21,TAM,2023.247.18.25.21,unlabelled,,,,,0,0,0.0,0.0,,,4.369999885559082,-73.68699645996094,13.43,2.4,6.435441,-71.791355,462.0,310.33,222.7
TAM.2023.248.03.40.52,TAM,2023.248.03.40.52,unlabelled,,,,,0,0,0.0,0.0,,,4.383999824523926,-73.68399810791016,15.01,2.2,6.435441,-71.791355,462.0,308.96,222.85
TAM.2023.248.06.59.26,TAM,2023.248.06.59.26,unlabelled,,,,,0,0,0.0,0.0,,,4.396999835968018,-73.677001953125,12.49,1.7,6.435441,-71.791355,462.0,307.38,222.93
TAM.2023.248.12.09.40,TAM,2023.248.12.09.40,unlabelled,,,,,0,0,0.0,0.0,,,4.243000030517578,-73.76100158691406,14.31,2.4,6.435441,-71.791355,462.0,326.25,222.1
TAM.2023.248.18.41.07,TAM,2023.248.18.41.07,unlabelled,,,,,0,0,0.0,0.0,,,4.264999866485596,-73.7750015258789,13.02,1.8,6.435441,-71.791355,462.0,325.49,222.59
TAM.2023.248.18.51.46,TAM,2023.248.18.51.46,unlabelled,,,,,0,0,0.0,0.0,,,4.257999897003174,-73.77400207519531,15.07,2.0,6.435441,-71.791355,462.0,325.98,222.48
TAM.2023.249.17.27.35,TAM,2023.249.17.27.35,unlabelled,,,,,0,0,0.0,0.0,,,4.5320000648498535,-73.33799743652344,12.23,1.5,6.435441,-71.791355,462.0,271.44,219.23
TAM.2023.249.19.57.00,TAM,2023.249.19.57.00,unlabelled,,,,,0,0,0.0,0.0,,,4.260000228881836,-73.76899719238281,15.42,2.3,6.435441,-71.791355,462.0,325.45,222.44
TAM.2023.250.12.29.07,TAM,2023.250.12.29.07,unlabelled,,,,,0,0,0.0,0.0,,,4.316999912261963,-73.74500274658203,16.3,2.5,6.435441,-71.791355,462.0,319.0,222.84
TAM.2023.251.00.49.07,TAM,2023.251.00.49.07,unlabelled,,,,,0,0,0.0,0.0,,,7.451000213623047,-74.46800231933594,23.17,1.7,6.435441,-71.791355,462.0,316.39,290.95
TAM.2023.252.03.01.28,TAM,2023.252.03.01.28,unlabelled,,,,,0,0,0.0,0.0,,,5.171000003814697,-72.99700164794922,17.38,1.7,6.435441,-71.791355,462.0,193.34,223.74
TAM.2023.252.05.36.11,TAM,2023.252.05.36.11,unlabelled,,,,,0,0,0.0,0.0,,,4.455999851226807,-73.60800170898438,9.74,1.7,6.435441,-71.791355,462.0,297.39,222.7
TAM.2023.252.20.17.38,TAM,2023.252.20.17.38,unlabelled,,,,,0,0,0.0,0.0,,,7.204999923706055,-73.84700012207031,31.9,1.7,6.435441,-71.791355,462.0,242.64,290.65
TAM.2023.252.20.56.39,TAM,2023.252.20.56.39,unlabelled,,,,,0,0,0.0,0.0,,,4.881999969482422,-72.9209976196289,-0.11,2.2,6.435441,-71.791355,462.0,212.53,216.13
TAM.2023.253.01.04.32,TAM,2023.253.01.04.32,unlabelled,,,,,0,0,0.0,0.0,,,7.184999942779541,-72.2030029296875,0.0,1.7,6.435441,-71.791355,462.0,94.56,331.26
TAM.2023.253.01.28.02,TAM,2023.253.01.28.02,unlabelled,,,,,0,0,0.0,0.0,,,4.40500020980835,-73.6709976196289,12.08,1.8,6.435441,-71.791355,462.0,306.28,222.95
TAM.2023.253.20.25.35,TAM,2023.253.20.25.35,unlabelled,,,,,0,0,0.0,0.0,,,4.254000186920166,-73.77999877929688,14.51,1.5,6.435441,-71.791355,462.0,326.76,222.52
TAM.2023.253.20.28.42,TAM,2023.253.20.28.42,unlabelled,,,,,0,0,0.0,0.0,,,4.254000186920166,-73.7699966430664,16.59,2.3,6.435441,-71.791355,462.0,326.01,222.37
TAM.2023.254.00.43.10,TAM,2023.254.00.43.10,unlabelled,,,,,0,0,0.0,0.0,,,4.561999797821045,-73.53700256347656,15.92,2.1,6.435441,-71.791355,462.0,283.43,223.12
TAM.2023.254.04.49.53,TAM,2023.254.04.49.53,unlabelled,,,,,0,0,0.0,0.0,,,5.10699987411499,-74.19999694824219,16.04,2.3,6.435441,-71.791355,462.0,304.55,241.29
TAM.2023.254.12.36.43,TAM,2023.254.12.36.43,unlabelled,,,,,0,0,0.0,0.0,,,5.386000156402588,-72.82099914550781,17.73,1.8,6.435441,-71.791355,462.0,162.69,224.55
TAM.2023.254.15.28.29,TAM,2023.254.15.28.29,unlabelled,,,,,0,0,0.0,0.0,,,4.341000080108643,-73.73899841308594,9.97,1.6,6.435441,-71.791355,462.0,316.6,223.08
TAM.2023.254.16.57.03,TAM,2023.254.16.57.03,unlabelled,,,,,0,0,0.0,0.0,,,4.395999908447266,-73.69100189208984,8.54,0.6,6.435441,-71.791355,462.0,308.52,223.12
TAM.2023.254.16.57.10,TAM,2023.254.16.57.10,unlabelled,,,,,0,0,0.0,0.0,,,4.401000022888184,-73.677001953125,14.6,2.4,6.435441,-71.791355,462.0,307.05,222.98
TAM.2023.255.09.03.09,TAM,2023.255.09.03.09,unlabelled,,,,,0,0,0.0,0.0,-3.73,,6.439000129699707,-74.75900268554688,1.03,2.5,6.435441,-71.791355,462.0,328.29,270.24
TAM.2023.255.19.38.22,TAM,2023.255.19.38.22,unlabelled,,,,,0,0,0.0,0.0,,,6.803999900817871,-74.41000366210938,13.48,2.0,6.435441,-71.791355,462.0,292.43,278.16
TAM.2023.256.10.58.50,TAM,2023.256.10.58.50,unlabelled,,,,,0,0,0.0,0.0,,,6.0960001945495605,-72.3479995727539,3.0,1.9,6.435441,-71.791355,462.0,72.13,238.67
TAM.2023.257.02.00.12,TAM,2023.257.02.00.12,unlabelled,,,,,0,0,0.0,0.0,,,7.2820000648498535,-72.24500274658203,0.0,1.7,6.435441,-71.791355,462.0,106.2,331.85
TAM.2023.257.07.52.36,TAM,2023.257.07.52.36,unlabelled,,,,,0,0,0.0,0.0,,,4.4039998054504395,-73.6760025024414,15.33,2.0,6.435441,-71.791355,462.0,306.73,223.01
TAM.2023.257.11.44.29,TAM,2023.257.11.44.29,unlabelled,,,,,0,0,0.0,0.0,,,4.267000198364258,-73.75499725341797,11.61,1.8,6.435441,-71.791355,462.0,323.83,222.32
TAM.2023.257.12.53.29,TAM,2023.257.12.53.29,unlabelled,,,,,0,0,0.0,0.0,,,4.4710001945495605,-73.62799835205078,10.18,1.5,6.435441,-71.791355,462.0,297.68,223.23
TAM.2023.258.15.22.26,TAM,2023.258.15.22.26,unlabelled,,,,,0,0,0.0,0.0,,,4.484000205993652,-73.58399963378906,13.69,2.4,6.435441,-71.791355,462.0,293.31,222.72
TAM.2023.259.13.49.50,TAM,2023.259.13.49.50,unlabelled,,,,,0,0,0.0,0.0,,,4.263999938964844,-73.75700378417969,15.01,3.0,6.435441,-71.791355,462.0,324.22,222.31
TAM.2023.260.06.43.41,TAM,2023.260.06.43.41,unlabelled,,,,,0,0,0.0,0.0,,,4.2820000648498535,-73.75499725341797,16.97,2.4,6.435441,-71.791355,462.0,322.6,222.52
TAM.2023.260.21.12.44,TAM,2023.260.21.12.44,unlabelled,,,,,0,0,0.0,0.0,,,6.034999847412109,-72.7229995727539,17.38,1.7,6.435441,-71.791355,462.0,112.21,246.81
TAM.2023.261.00.19.12,TAM,2023.261.00.19.12,unlabelled,,,,,0,0,0.0,0.0,,,4.335999965667725,-73.72000122070312,15.3,2.7,6.435441,-71.791355,462.0,315.57,222.73
TAM.2023.262.02.04.54,TAM,2023.262.02.04.54,unlabelled,,,,,0,0,0.0,0.0,,,4.3520002365112305,-73.71499633789062,12.49,1.5,6.435441,-71.791355,462.0,313.89,222.87
TAM.2023.262.07.32.13,TAM,2023.262.07.32.13,unlabelled,,,,,0,0,0.0,0.0,,,5.959000110626221,-72.59100341796875,16.91,1.9,6.435441,-71.791355,462.0,103.0,239.28
TAM.2023.263.04.39.50,TAM,2023.263.04.39.50,unlabelled,,,,,0,0,0.0,0.0,-3.23,-0.77,6.676000118255615,-73.00499725341797,11.46,1.8,6.435441,-71.791355,462.0,136.84,281.28
TAM.2023.263.12.01.23,TAM,2023.263.12.01.23,unlabelled,,,,,0,0,0.0,0.0,,,6.039999961853027,-73.96099853515625,4.99,1.9,6.435441,-71.791355,462.0,244.05,259.8
TAM.2023.264.05.52.26,TAM,2023.264.05.52.26,unlabelled,,,,,0,0,0.0,0.0,,,4.8480000495910645,-72.93099975585938,19.49,1.7,6.435441,-71.791355,462.0,216.23,215.78
TAM.2023.265.05.20.37,TAM,2023.265.05.20.37,unlabelled,,,,,0,0,0.0,0.0,,,4.281000137329102,-73.75299835205078,13.84,1.7,6.435441,-71.791355,462.0,322.53,222.48
TAM.2023.266.02.54.58,TAM,2023.266.02.54.58,unlabelled,,,,,0,0,0.0,0.0,,,7.0929999351501465,-74.3219985961914,6.29,1.5,6.435441,-71.791355,462.0,289.06,284.72
TAM.2023.266.06.18.57,TAM,2023.266.06.18.57,unlabelled,,,,,0,0,0.0,0.0,,,4.3480000495910645,-73.81600189208984,4.99,1.6,6.435441,-71.791355,462.0,321.92,224.29
TAM.2023.266.12.02.23,TAM,2023.266.12.02.23,unlabelled,,,,,0,0,0.0,0.0,,,4.255000114440918,-73.76899719238281,12.72,1.6,6.435441,-71.791355,462.0,325.86,222.37
TAM.2023.266.12.34.53,TAM,2023.266.12.34.53,unlabelled,,,,,0,0,0.0,0.0,,,4.249000072479248,-73.77100372314453,12.99,1.7,6.435441,-71.791355,462.0,326.5,222.32
TAM.2023.266.17.36.25,TAM,2023.266.17.36.25,unlabelled,,,,,0,0,0.0,0.0,,,4.456999778747559,-73.62300109863281,11.26,1.5,6.435441,-71.791355,462.0,298.44,222.95
TAM.2023.266.22.28.57,TAM,2023.266.22.28.57,unlabelled,,,,,0,0,0.0,0.0,,,5.085000038146973,-73.13600158691406,14.1,2.0,6.435441,-71.791355,462.0,210.91,224.99
TAM.2023.267.18.10.41,TAM,2023.267.18.10.41,unlabelled,,,,,0,0,0.0,0.0,,,4.414999961853027,-73.6719970703125,10.26,1.6,6.435441,-71.791355,462.0,305.54,223.1
TAM.2023.267.19.59.00,TAM,2023.267.19.59.00,unlabelled,,,,,0,0,0.0,0.0,,,6.876999855041504,-72.93499755859375,12.99,1.6,6.435441,-71.791355,462.0,135.56,291.18
TAM.2023.268.11.00.47,TAM,2023.268.11.00.47,unlabelled,,,,,0,0,0.0,0.0,,,4.468999862670898,-73.60099792480469,12.87,3.2,6.435441,-71.791355,462.0,295.81,222.77
TAM.2023.268.22.03.31,TAM,2023.268.22.03.31,unlabelled,,,,,0,0,0.0,0.0,,,4.439000129699707,-73.55999755859375,11.26,1.5,6.435441,-71.791355,462.0,295.22,221.69
TAM.2023.269.23.57.22,TAM,2023.269.23.57.22,unlabelled,,,,,0,0,0.0,0.0,,,6.39300012588501,-72.86799621582031,16.21,1.5,6.435441,-71.791355,462.0,119.2,267.8
TAM.2023.270.04.45.10,TAM,2023.270.04.45.10,unlabelled,,,,,0,0,0.0,0.0,,,4.261000156402588,-73.7699966430664,13.31,1.8,6.435441,-71.791355,462.0,325.44,222.46
TAM.2023.270.16.43.00,TAM,2023.270.16.43.00,unlabelled,,,,,0,0,0.0,0.0,,,4.25,-73.7770004272461,13.93,1.6,6.435441,-71.791355,462.0,326.86,222.42
TAM.2023.271.00.16.16,TAM,2023.271.00.16.16,unlabelled,,,,,0,0,0.0,0.0,,,7.10099983215332,-74.3499984741211,13.81,1.9,6.435441,-71.791355,462.0,292.27,284.73
TAM.2023.271.04.20.54,TAM,2023.271.04.20.54,unlabelled,,,,,0,0,0.0,0.0,,,5.5929999351501465,-74.45800018310547,26.29,1.6,6.435441,-71.791355,462.0,309.57,252.63
TAM.2023.271.04.23.41,TAM,2023.271.04.23.41,unlabelled,,,,,0,0,0.0,0.0,,,6.326000213623047,-74.61000061035156,20.28,1.6,6.435441,-71.791355,462.0,312.07,267.93
TAM.2023.271.08.08.11,TAM,2023.271.08.08.11,unlabelled,,,,,0,0,0.0,0.0,,,4.373000144958496,-73.68399810791016,13.49,2.7,6.435441,-71.791355,462.0,309.86,222.7
TAM.2023.272.00.08.03,TAM,2023.272.00.08.03,unlabelled,,,,,0,0,0.0,0.0,,,5.105999946594238,-73.06500244140625,19.49,2.2,6.435441,-71.791355,462.0,203.75,223.88
TAM.2023.272.05.29.24,TAM,2023.272.05.29.24,unlabelled,,,,,0,0,0.0,0.0,,,5.13700008392334,-73.62300109863281,6.98,1.5,6.435441,-71.791355,462.0,248.54,234.8
TAM.2023.272.06.22.40,TAM,2023.272.06.22.40,unlabelled,,,,,0,0,0.0,0.0,,,7.192999839782715,-73.78900146484375,23.81,2.1,6.435441,-71.791355,462.0,236.17,290.89
TAM.2023.272.15.50.40,TAM,2023.272.15.50.40,unlabelled,,,,,0,0,0.0,0.0,,,5.125,-73.02899932861328,16.91,1.9,6.435441,-71.791355,462.0,199.47,223.47
TAM.2023.274.09.24.28,TAM,2023.274.09.24.28,unlabelled,,,,,0,0,0.0,0.0,,,4.3520002365112305,-73.71499633789062,12.49,1.5,6.435441,-71.791355,462.0,313.89,222.87
TAM.2023.274.22.25.15,TAM,2023.274.22.25.15,unlabelled,,,,,0,0,0.0,0.0,,,7.689000129699707,-74.26000213623047,8.09,1.6,6.435441,-71.791355,462.0,305.94,297.09
TAM.2023.275.02.48.41,TAM,2023.275.02.48.41,unlabelled,,,,,0,0,0.0,0.0,,,7.019999980926514,-72.31900024414062,22.0,1.6,6.435441,-71.791355,462.0,87.08,317.97
TAM.2023.275.15.57.08,TAM,2023.275.15.57.08,unlabelled,,,,,0,0,0.0,0.0,,,5.223999977111816,-74.54100036621094,34.96,1.7,6.435441,-71.791355,462.0,332.68,246.4
TAM.2023.276.05.56.04,TAM,2023.276.05.56.04,unlabelled,,,,,0,0,0.0,0.0,,,4.353000164031982,-73.81999969482422,6.28,1.8,6.435441,-71.791355,462.0,321.83,224.41
TAM.2023.276.22.08.54,TAM,2023.276.22.08.54,unlabelled,,,,,0,0,0.0,0.0,,,4.4710001945495605,-73.60600280761719,12.87,1.6,6.435441,-71.791355,462.0,296.02,222.88
TAM.2023.277.06.33.15,TAM,2023.277.06.33.15,unlabelled,,,,,0,0,0.0,0.0,,,7.078999996185303,-73.2490005493164,2.06,1.8,6.435441,-71.791355,462.0,176.16,293.91
TAM.2023.277.17.12.42,TAM,2023.277.17.12.42,unlabelled,,,,,0,0,0.0,0.0,,,6.965000152587891,-72.42400360107422,3.0,1.5,6.435441,-71.791355,462.0,91.23,309.97
TAM.2023.277.20.00.25,TAM,2023.277.20.00.25,unlabelled,,,,,0,0,0.0,0.0,,,4.3520002365112305,-73.70500183105469,14.37,3.0,6.435441,-71.791355,462.0,313.14,222.73
TAM.2023.277.22.33.44,TAM,2023.277.22.33.44,unlabelled,,,,,0,0,0.0,0.0,,,5.863999843597412,-72.60199737548828,0.0,1.8,6.435441,-71.791355,462.0,109.74,234.89
TAM.2023.278.05.31.38,TAM,2023.278.05.31.38,unlabelled,,,,,0,0,0.0,0.0,-1.7,,6.047999858856201,-72.48400115966797,15.98,1.8,6.435441,-71.791355,462.0,87.81,240.83
TAM.2023.278.07.00.01,TAM,2023.278.07.00.01,unlabelled,,,,,0,0,0.0,0.0,,,4.394999980926514,-73.68199920654297,10.26,1.5,6.435441,-71.791355,462.0,307.92,222.97
TAM.2023.278.21.54.41,TAM,2023.278.21.54.41,unlabelled,,,,,0,0,0.0,0.0,,,5.90500020980835,-72.58799743652344,0.0,1.9,6.435441,-71.791355,462.0,105.9,236.41
TAM.2023.279.01.50.51,TAM,2023.279.01.50.51,unlabelled,,,,,0,0,0.0,0.0,,,4.360000133514404,-73.69499969482422,14.98,2.2,6.435441,-71.791355,462.0,311.74,222.68
TAM.2023.310.15.53.21,TAM,2023.310.15.53.21,unlabelled,,,,,0,0,0.0,0.0,,,6.908999919891357,-72.11399841308594,13.16,1.8,6.435441,-71.791355,462.0,63.37,325.76
TAM.2023.311.20.04.29,TAM,2023.311.20.04.29,unlabelled,,,,,0,0,0.0,0.0,,,4.449999809265137,-73.63600158691406,9.36,1.7,6.435441,-71.791355,462.0,299.99,223.05
TAM.2023.311.21.16.27,TAM,2023.311.21.16.27,unlabelled,,,,,0,0,0.0,0.0,,,5.697999954223633,-73.43299865722656,10.12,2.0,6.435441,-71.791355,462.0,199.19,245.92
TAM.2023.312.09.18.20,TAM,2023.312.09.18.20,unlabelled,,,,,0,0,0.0,0.0,,,7.433000087738037,-74.08000183105469,25.73,2.6,6.435441,-71.791355,462.0,275.93,293.7
TAM.2023.313.20.19.46,TAM,2023.313.20.19.46,unlabelled,,,,,0,0,0.0,0.0,,,6.296000003814697,-74.01899719238281,31.81,1.6,6.435441,-71.791355,462.0,246.94,266.54
TAM.2023.314.00.58.07,TAM,2023.314.00.58.07,unlabelled,,,,,0,0,0.0,0.0,,,7.51200008392334,-72.2249984741211,13.87,1.7,6.435441,-71.791355,462.0,128.34,338.1
TAM.2023.314.07.48.15,TAM,2023.314.07.48.15,unlabelled,,,,,0,0,0.0,0.0,,,4.355000019073486,-73.59100341796875,11.85,4.3,6.435441,-71.791355,462.0,304.48,221.01
TAM.2023.314.11.44.55,TAM,2023.314.11.44.55,unlabelled,,,,,0,0,0.0,0.0,,,5.798999786376953,-72.77100372314453,14.22,1.6,6.435441,-71.791355,462.0,129.28,237.07
TAM.2023.314.15.01.04,TAM,2023.314.15.01.04,unlabelled,,,,,0,0,0.0,0.0,,,4.421000003814697,-74.01699829101562,1.59,1.5,6.435441,-71.791355,462.0,332.35,228.02
TAM.2023.315.01.46.02,TAM,2023.315.01.46.02,unlabelled,,,,,0,0,0.0,0.0,,,7.473999977111816,-72.56999969482422,15.27,1.6,6.435441,-71.791355,462.0,143.51,323.21
TAM.2023.316.13.18.52,TAM,2023.316.13.18.52,unlabelled,,,,,0,0,0.0,0.0,,,4.385000228881836,-73.67400360107422,8.74,1.7,6.435441,-71.791355,462.0,308.13,222.71
TAM.2023.316.21.44.22,TAM,2023.316.21.44.22,unlabelled,,,,,0,0,0.0,0.0,,,4.304999828338623,-73.74099731445312,16.83,2.8,6.435441,-71.791355,462.0,319.67,222.62
TAM.2023.316.22.16.55,TAM,2023.316.22.16.55,unlabelled,,,,,0,0,0.0,0.0,,,4.296000003814697,-73.75499725341797,14.66,2.5,6.435441,-71.791355,462.0,321.46,222.71
TAM.2023.318.08.07.44,TAM,2023.318.08.07.44,unlabelled,,,,,0,0,0.0,0.0,,,5.8379998207092285,-74.26899719238281,-0.01,2.3,6.435441,-71.791355,462.0,282.08,256.59
TAM.2023.318.21.20.43,TAM,2023.318.21.20.43,unlabelled,,,,,0,0,0.0,0.0,,,7.236999988555908,-73.32599639892578,34.34,2.8,6.435441,-71.791355,462.0,191.39,297.68
TAM.2023.320.08.08.25,TAM,2023.320.08.08.25,unlabelled,,,,,0,0,0.0,0.0,,,4.170000076293945,-73.76100158691406,8.51,1.8,6.435441,-71.791355,462.0,332.3,221.17
TAM.2023.320.11.14.32,TAM,2023.320.11.14.32,unlabelled,,,,,0,0,0.0,0.0,,,4.482999801635742,-73.5459976196289,12.75,1.6,6.435441,-71.791355,462.0,290.56,222.09
TAM.2023.321.00.46.15,TAM,2023.321.00.46.15,unlabelled,,,,,0,0,0.0,0.0,,,7.011000156402588,-72.33499908447266,13.16,1.5,6.435441,-71.791355,462.0,87.54,316.67
TAM.2023.321.07.27.34,TAM,2023.321.07.27.34,unlabelled,,,,,0,0,0.0,0.0,,,6.857999801635742,-73.48600006103516,2.3,1.7,6.435441,-71.791355,462.0,193.13,284.1
TAM.2023.321.08.32.20,TAM,2023.321.08.32.20,unlabelled,,,,,0,0,0.0,0.0,,,5.331999778747559,-72.96900177001953,17.85,3.2,6.435441,-71.791355,462.0,178.59,226.96
TAM.2023.321.08.51.02,TAM,2023.321.08.51.02,unlabelled,,,,,0,0,0.0,0.0,,,6.2829999923706055,-73.94000244140625,34.64,1.5,6.435441,-71.791355,462.0,238.32,266.06
TAM.2023.321.10.36.59,TAM,2023.321.10.36.59,unlabelled,,,,,0,0,0.0,0.0,,,7.331999778747559,-74.64800262451172,19.02,1.5,6.435441,-71.791355,462.0,330.92,287.6
TAM.2023.322.07.07.55,TAM,2023.322.07.07.55,unlabelled,,,,,0,0,0.0,0.0,,,7.10699987411499,-74.04000091552734,14.57,1.5,6.435441,-71.791355,462.0,259.44,286.76
TAM.2023.322.08.26.53,TAM,2023.322.08.26.53,unlabelled,,,,,0,0,0.0,0.0,,,6.688000202178955,-74.25299835205078,9.31,1.7,6.435441,-71.791355,462.0,273.67,276.0
TAM.2023.322.11.27.53,TAM,2023.322.11.27.53,unlabelled,,,,,0,0,0.0,0.0,,,7.0,-72.28800201416016,15.98,1.8,6.435441,-71.791355,462.0,83.14,318.7
TAM.2023.322.12.05.08,TAM,2023.322.12.05.08,unlabelled,,,,,0,0,0.0,0.0,,,6.3470001220703125,-74.46499633789062,24.24,2.0,6.435441,-71.791355,462.0,295.95,268.26
TAM.2023.323.03.16.27,TAM,2023.323.03.16.27,unlabelled,,,,,0,0,0.0,0.0,,,6.489999771118164,-73.38200378417969,15.98,1.5,6.435441,-71.791355,462.0,176.06,272.05
TAM.2023.323.18.52.15,TAM,2023.323.18.52.15,unlabelled,,,,,0,0,0.0,0.0,,,7.701000213623047,-74.01200103759766,7.59,2.6,6.435441,-71.791355,462.0,282.45,299.84
TAM.2023.324.17.06.36,TAM,2023.324.17.06.36,unlabelled,,,,,0,0,0.0,0.0,,,4.392000198364258,-73.68000030517578,15.68,2.6,6.435441,-71.791355,462.0,308.01,222.9
TAM.2023.324.22.53.12,TAM,2023.324.22.53.12,unlabelled,,,,,0,0,0.0,0.0,,,6.651000022888184,-74.32099914550781,29.97,1.5,6.435441,-71.791355,462.0,280.79,275.01
TAM.2023.326.05.29.02,TAM,2023.326.05.29.02,unlabelled,,,,,0,0,0.0,0.0,,,7.099999904632568,-74.6729965209961,14.8,1.5,6.435441,-71.791355,462.0,326.93,283.16
TAM.2023.326.22.15.12,TAM,2023.326.22.15.12,unlabelled,,,,,0,0,0.0,0.0,,,7.066999912261963,-72.45600128173828,12.11,1.5,6.435441,-71.791355,462.0,101.38,313.59
TAM.2023.327.17.34.42,TAM,2023.327.17.34.42,unlabelled,,,,,0,0,0.0,0.0,,,6.735000133514404,-74.08899688720703,10.0,1.6,6.435441,-71.791355,462.0,256.25,277.56
TAM.2023.328.03.03.43,TAM,2023.328.03.03.43,unlabelled,,,,,0,0,0.0,0.0,,,5.142000198364258,-73.2040023803711,15.98,1.5,6.435441,-71.791355,462.0,211.98,227.64
TAM.2023.329.00.30.11,TAM,2023.329.00.30.11,unlabelled,,,,,0,0,0.0,0.0,,,4.492000102996826,-73.59300231933594,36.19,2.8,6.435441,-71.791355,462.0,293.34,222.98
TAM.2023.329.00.34.26,TAM,2023.329.00.34.26,unlabelled,,,,,0,0,0.0,0.0,,,4.505000114440918,-73.5999984741211,33.38,1.6,6.435441,-71.791355,462.0,292.81,223.28
TAM.2023.329.06.35.44,TAM,2023.329.06.35.44,unlabelled,,,,,0,0,0.0,0.0,,,7.664999961853027,-72.78900146484375,14.98,1.7,6.435441,-71.791355,462.0,175.04,321.03
TAM.2023.329.08.01.40,TAM,2023.329.08.01.40,unlabelled,,,,,0,0,0.0,0.0,,,4.5,-73.5999984741211,34.67,2.2,6.435441,-71.791355,462.0,293.22,223.21
TAM.2023.330.16.48.21,TAM,2023.330.16.48.21,unlabelled,,,,,0,0,0.0,0.0,,,5.236999988555908,-73.01599884033203,15.04,1.8,6.435441,-71.791355,462.0,189.63,225.72
TAM.2023.331.19.39.45,TAM,2023.331.19.39.45,unlabelled,,,,,0,0,0.0,0.0,,,6.691999912261963,-74.26499938964844,12.84,1.5,6.435441,-71.791355,462.0,275.04,276.06
TAM.2023.333.23.19.21,TAM,2023.333.23.19.21,unlabelled,,,,,0,0,0.0,0.0,,,6.331999778747559,-74.74299621582031,-0.01,1.5,6.435441,-71.791355,462.0,326.75,268.16
TAM.2023.334.01.33.24,TAM,2023.334.01.33.24,unlabelled,,,,,0,0,0.0,0.0,,,4.359000205993652,-73.68399810791016,15.54,2.8,6.435441,-71.791355,462.0,311.0,222.51
TAM.2023.334.01.43.00,TAM,2023.334.01.43.00,unlabelled,,,,,0,0,0.0,0.0,,,4.361000061035156,-73.68900299072266,11.14,1.6,6.435441,-71.791355,462.0,311.21,222.61
TAM.2023.334.05.16.28,TAM,2023.334.05.16.28,unlabelled,,,,,0,0,0.0,0.0,,,4.392000198364258,-73.68000030517578,15.68,2.6,6.435441,-71.791355,462.0,308.01,222.9
TAM.2023.334.05.30.55,TAM,2023.334.05.30.55,unlabelled,,,,,0,0,0.0,0.0,,,6.715000152587891,-74.4010009765625,19.94,1.5,6.435441,-71.791355,462.0,290.26,276.26
TAM.2023.334.18.10.23,TAM,2023.334.18.10.23,unlabelled,,,,,0,0,0.0,0.0,,,5.760000228881836,-74.41600036621094,19.02,2.1,6.435441,-71.791355,462.0,299.98,255.72
TAM.2023.335.17.38.57,TAM,2023.335.17.38.57,unlabelled,,,,,0,0,0.0,0.0,,,6.6529998779296875,-74.23999786376953,4.99,1.5,6.435441,-71.791355,462.0,271.88,275.22
TAM.2023.336.15.53.41,TAM,2023.336.15.53.41,unlabelled,,,,,0,0,0.0,0.0,,,7.076000213623047,-72.16799926757812,15.98,2.1,6.435441,-71.791355,462.0,82.17,329.58
TAM.2023.337.08.48.09,TAM,2023.337.08.48.09,unlabelled,,,,,0,0,0.0,0.0,,,5.163000106811523,-73.14199829101562,21.37,1.6,6.435441,-71.791355,462.0,205.37,226.82
TAM.2023.337.11.03.30,TAM,2023.337.11.03.30,unlabelled,,,,,0,0,0.0,0.0,,,7.103000164031982,-72.48999786376953,-0.01,1.5,6.435441,-71.791355,462.0,106.84,313.75
TAM.2023.337.13.55.40,TAM,2023.337.13.55.40,unlabelled,,,,,0,0,0.0,0.0,,,5.890999794006348,-72.50299835205078,19.49,1.6,6.435441,-71.791355,462.0,99.14,232.64
TAM.2023.337.14.59.25,TAM,2023.337.14.59.25,unlabelled,,,,,0,0,0.0,0.0,,,7.0960001945495605,-72.27100372314453,17.73,2.0,6.435441,-71.791355,462.0,90.27,324.05
TAM.2023.337.21.08.56,TAM,2023.337.21.08.56,unlabelled,,,,,0,0,0.0,0.0,,,7.258999824523926,-73.01100158691406,12.99,1.5,6.435441,-71.791355,462.0,162.69,304.11
TAM.2023.338.11.45.09,TAM,2023.338.11.45.09,unlabelled,,,,,0,0,0.0,0.0,,,5.076000213623047,-73.35299682617188,18.09,1.6,6.435441,-71.791355,462.0,229.17,229.09
TAM.2023.341.02.52.32,TAM,2023.341.02.52.32,unlabelled,,,,,0,0,0.0,0.0,,,5.553999900817871,-72.66400146484375,12.93,1.6,6.435441,-71.791355,462.0,137.24,224.79
TAM.2023.341.03.44.30,TAM,2023.341.03.44.30,unlabelled,,,,,0,0,0.0,0.0,,,6.046000003814697,-72.35299682617188,3.69,1.8,6.435441,-71.791355,462.0,75.62,235.31
TAM.2023.341.05.10.12,TAM,2023.341.05.10.12,unlabelled,,,,,0,0,0.0,0.0,,,4.60099983215332,-73.5510025024414,12.87,1.9,6.435441,-71.791355,462.0,281.37,223.95
TAM.2023.342.04.57.57,TAM,2023.342.04.57.57,unlabelled,,,,,0,0,0.0,0.0,,,6.89300012588501,-73.53099822998047,-0.16,1.5,6.435441,-71.791355,462.0,198.9,284.84
TAM.2023.342.14.21.31,TAM,2023.342.14.21.31,unlabelled,,,,,0,0,0.0,0.0,,,6.295000076293945,-73.87000274658203,36.26,1.9,6.435441,-71.791355,462.0,230.5,266.25
TAM.2023.342.15.37.15,TAM,2023.342.15.37.15,unlabelled,,,,,0,0,0.0,0.0,,,4.171999931335449,-73.75800323486328,7.07,1.7,6.435441,-71.791355,462.0,331.91,221.15
TAM.2023.343.07.55.44,TAM,2023.343.07.55.44,unlabelled,,,,,0,0,0.0,0.0,,,5.4070000648498535,-72.91899871826172,13.05,1.9,6.435441,-71.791355,462.0,168.89,227.73
TAM.2023.343.19.52.43,TAM,2023.343.19.52.43,unlabelled,,,,,0,0,0.0,0.0,,,7.048999786376953,-72.19499969482422,15.98,1.7,6.435441,-71.791355,462.0,81.21,326.69
TAM.2023.344.02.20.32,TAM,2023.344.02.20.32,unlabelled,,,,,0,0,0.0,0.0,,,4.616000175476074,-73.37899780273438,31.39,1.5,6.435441,-71.791355,462.0,267.26,221.24
TAM.2023.345.09.39.33,TAM,2023.345.09.39.33,unlabelled,,,,,0,0,0.0,0.0,,,7.236999988555908,-72.62000274658203,12.93,1.5,6.435441,-71.791355,462.0,127.46,314.11
TAM.2023.345.13.44.00,TAM,2023.345.13.44.00,unlabelled,,,,,0,0,0.0,0.0,,,7.302999973297119,-72.72799682617188,9.94,1.7,6.435441,-71.791355,462.0,141.15,312.88
TAM.2023.345.22.55.44,TAM,2023.345.22.55.44,unlabelled,,,,,0,0,0.0,0.0,,,6.492000102996826,-74.19400024414062,0.0,1.7,6.435441,-71.791355,462.0,265.85,271.48
TAM.2023.345.23.45.01,TAM,2023.345.23.45.01,unlabelled,,,,,0,0,0.0,0.0,,,5.646999835968018,-72.6050033569336,0.0,1.6,6.435441,-71.791355,462.0,125.36,225.98
TAM.2023.347.00.09.24,TAM,2023.347.00.09.24,unlabelled,,,,,0,0,0.0,0.0,,,6.2789998054504395,-74.447998046875,12.42,1.6,6.435441,-71.791355,462.0,294.44,266.78
TAM.2024.132.04.20.11,TAM,2024.132.04.20.11,unlabelled,,,,,0,0,0.0,0.0,,,5.427000045776367,-72.89900207519531,17.62,1.7,6.435441,-71.791355,462.0,165.77,227.78
TAM.2024.133.22.06.01,TAM,2024.133.22.06.01,unlabelled,,,,,0,0,0.0,0.0,,,5.821000099182129,-73.45600128173828,5.66,1.7,6.435441,-71.791355,462.0,196.38,249.85
TAM.2024.134.22.22.09,TAM,2024.134.22.22.09,unlabelled,,,,,0,0,0.0,0.0,,,4.952000141143799,-72.85299682617188,16.61,1.8,6.435441,-71.791355,462.0,201.84,215.69
TAM.2024.136.08.36.20,TAM,2024.136.08.36.20,unlabelled,,,,,0,0,0.0,0.0,,,5.614999771118164,-72.49199676513672,21.48,1.6,6.435441,-71.791355,462.0,119.37,220.57
TAM.2024.136.11.48.48,TAM,2024.136.11.48.48,unlabelled,,,,,0,0,0.0,0.0,,,7.138999938964844,-72.37899780273438,15.86,1.5,6.435441,-71.791355,462.0,101.36,320.18
TAM.2024.138.15.18.39,TAM,2024.138.15.18.39,unlabelled,,,,,0,0,0.0,0.0,,,5.449999809265137,-72.87999725341797,28.88,1.9,6.435441,-71.791355,462.0,162.5,227.94
TAM.2024.139.17.05.35,TAM,2024.139.17.05.35,unlabelled,,,,,0,0,0.0,0.0,,,6.548999786376953,-74.16899871826172,21.4,1.7,6.435441,-71.791355,462.0,263.29,272.87
TAM.2024.139.18.50.55,TAM,2024.139.18.50.55,unlabelled,,,,,0,0,0.0,0.0,,,4.4670000076293945,-73.41200256347656,0.0,1.8,6.435441,-71.791355,462.0,282.2,219.61
TAM.2024.142.22.10.58,TAM,2024.142.22.10.58,unlabelled,,,,,0,0,0.0,0.0,,,4.375999927520752,-73.55400085449219,12.99,2.4,6.435441,-71.791355,462.0,300.04,220.71
TAM.2024.142.23.19.16,TAM,2024.142.23.19.16,unlabelled,,,,,0,0,0.0,0.0,,,5.889999866485596,-73.31999969482422,4.6,1.7,6.435441,-71.791355,462.0,179.62,250.46
TAM.2024.144.05.00.17,TAM,2024.144.05.00.17,unlabelled,,,,,0,0,0.0,0.0,,,4.3470001220703125,-73.85399627685547,7.71,2.0,6.435441,-71.791355,462.0,324.95,224.81
TAM.2024.144.05.19.31,TAM,2024.144.05.19.31,unlabelled,,,,,0,0,0.0,0.0,,,5.201000213623047,-73.00599670410156,0.0,1.8,6.435441,-71.791355,462.0,191.65,224.64
TAM.2024.144.09.14.50,TAM,2024.144.09.14.50,unlabelled,,,,,0,0,0.0,0.0,,,6.111000061035156,-72.84100341796875,15.98,2.1,6.435441,-71.791355,462.0,121.57,252.89
TAM.2024.144.16.58.16,TAM,2024.144.16.58.16,unlabelled,,,,,0,0,0.0,0.0,,,6.676000118255615,-72.94100189208984,19.96,1.6,6.435441,-71.791355,462.0,129.9,281.88
TAM.2024.145.14.00.07,TAM,2024.145.14.00.07,unlabelled,,,,,0,0,0.0,0.0,,,6.276000022888184,-73.47899627685547,22.83,1.6,6.435441,-71.791355,462.0,187.55,264.7
TAM.2024.145.18.25.45,TAM,2024.145.18.25.45,unlabelled,,,,,0,0,0.0,0.0,,,7.24399995803833,-72.1969985961914,13.16,2.2,6.435441,-71.791355,462.0,100.03,333.39
TAM.2024.146.00.24.37,TAM,2024.146.00.24.37,unlabelled,,,,,0,0,0.0,0.0,,,5.656000137329102,-72.7699966430664,13.16,1.5,6.435441,-71.791355,462.0,138.45,231.55
TAM.2024.146.00.36.01,TAM,2024.146.00.36.01,unlabelled,,,,,0,0,0.0,0.0,,,5.669000148773193,-72.76799774169922,16.21,2.1,6.435441,-71.791355,462.0,137.38,231.96
TAM.2024.146.10.31.22,TAM,2024.146.10.31.22,unlabelled,,,,,0,0,0.0,0.0,,,6.052999973297119,-74.1969985961914,26.04,1.6,6.435441,-71.791355,462.0,269.55,261.11
TAM.2024.148.00.29.44,TAM,2024.148.00.29.44,unlabelled,,,,,0,0,0.0,0.0,,,5.760000228881836,-72.58899688720703,26.52,1.7,6.435441,-71.791355,462.0,115.65,229.81
TAM.2024.148.08.09.48,TAM,2024.148.08.09.48,unlabelled,,,,,0,0,0.0,0.0,,,5.789999961853027,-72.70099639892578,2.97,1.5,6.435441,-71.791355,462.0,123.42,234.72
TAM.2024.148.13.30.54,TAM,2024.148.13.30.54,unlabelled,,,,,0,0,0.0,0.0,,,6.169000148773193,-73.25199890136719,16.8,1.8,6.435441,-71.791355,462.0,164.29,259.75
TAM.2024.151.05.48.46,TAM,2024.151.05.48.46,unlabelled,,,,,0,0,0.0,0.0,,,6.019000053405762,-74.2969970703125,2.0,1.8,6.435441,-71.791355,462.0,281.09,260.71
TAM.2024.152.19.40.05,TAM,2024.152.19.40.05,unlabelled,,,,,0,0,0.0,0.0,,,7.269999980926514,-73.99199676513672,7.41,1.8,6.435441,-71.791355,462.0,260.16,290.91
TAM.2024.153.17.07.05,TAM,2024.153.17.07.05,unlabelled,,,,,0,0,0.0,0.0,,,5.5329999923706055,-72.8219985961914,14.57,1.6,6.435441,-71.791355,462.0,151.59,228.88
TAM.2024.153.21.15.37,TAM,2024.153.21.15.37,unlabelled,,,,,0,0,0.0,0.0,,,5.188000202178955,-73.0989990234375,16.68,2.1,6.435441,-71.791355,462.0,200.01,226.46
TAM.2024.154.02.34.01,TAM,2024.154.02.34.01,unlabelled,,,,,0,0,0.0,0.0,-0.51,-2.65,6.035999774932861,-72.50199890136719,0.0,1.5,6.435441,-71.791355,462.0,90.2,240.72
TAM.2024.154.03.49.49,TAM,2024.154.03.49.49,unlabelled,,,,,0,0,0.0,0.0,,,5.145999908447266,-73.08000183105469,14.34,1.9,6.435441,-71.791355,462.0,201.75,225.09
TAM.2024.154.08.09.29,TAM,2024.154.08.09.29,unlabelled,,,,,0,0,0.0,0.0,,,4.40500020980835,-73.67900085449219,15.04,1.5,6.435441,-71.791355,462.0,306.88,223.07
TAM.2024.154.17.41.25,TAM,2024.154.17.41.25,unlabelled,,,,,0,0,0.0,0.0,,,4.645999908447266,-73.4749984741211,11.52,1.5,6.435441,-71.791355,462.0,271.95,223.4
TAM.2024.155.14.04.20,TAM,2024.155.14.04.20,unlabelled,,,,,0,0,0.0,0.0,,,4.47599983215332,-73.61199951171875,13.57,1.6,6.435441,-71.791355,462.0,296.07,223.05
TAM.2024.156.09.46.44,TAM,2024.156.09.46.44,unlabelled,,,,,0,0,0.0,0.0,,,6.498000144958496,-73.4520034790039,1.63,2.3,6.435441,-71.791355,462.0,183.82,272.25
TAM.2024.158.00.01.32,TAM,2024.158.00.01.32,unlabelled,,,,,0,0,0.0,0.0,,,5.4629998207092285,-72.56999969482422,16.21,2.0,6.435441,-71.791355,462.0,137.83,218.76
TAM.2024.158.21.42.58,TAM,2024.158.21.42.58,unlabelled,,,,,0,0,0.0,0.0,,,4.961999893188477,-73.34100341796875,10.12,1.6,6.435441,-71.791355,462.0,236.67,226.57
TAM.2024.159.09.10.09,TAM,2024.159.09.10.09,unlabelled,,,,,0,0,0.0,0.0,,,7.501999855041504,-72.53500366210938,0.08,1.5,6.435441,-71.791355,462.0,143.75,325.18
TAM.2024.162.19.02.02,TAM,2024.162.19.02.02,unlabelled,,,,,0,0,0.0,0.0,,,7.429999828338623,-72.75900268554688,4.26,1.6,6.435441,-71.791355,462.0,153.4,315.86
TAM.2024.162.19.11.29,TAM,2024.162.19.11.29,unlabelled,,,,,0,0,0.0,0.0,,,7.408999919891357,-72.81199645996094,10.59,1.6,6.435441,-71.791355,462.0,155.93,313.73
TAM.2024.162.19.22.51,TAM,2024.162.19.22.51,unlabelled,,,,,0,0,0.0,0.0,,,7.40500020980835,-72.81099700927734,11.17,1.5,6.435441,-71.791355,462.0,155.55,313.64
TAM.2024.162.19.27.05,TAM,2024.162.19.27.05,unlabelled,,,,,0,0,0.0,0.0,,,7.39900016784668,-72.82599639892578,10.41,2.1,6.435441,-71.791355,462.0,156.3,313.04
TAM.2024.162.22.56.44,TAM,2024.162.22.56.44,unlabelled,,,,,0,0,0.0,0.0,,,7.385000228881836,-72.81900024414062,13.63,1.5,6.435441,-71.791355,462.0,154.68,312.82
TAM.2024.162.23.34.18,TAM,2024.162.23.34.18,unlabelled,,,,,0,0,0.0,0.0,,,7.585000038146973,-74.25399780273438,2.5,1.6,6.435441,-71.791355,462.0,300.33,295.19
TAM.2024.163.01.53.43,TAM,2024.163.01.53.43,unlabelled,,,,,0,0,0.0,0.0,,,5.574999809265137,-72.30899810791016,18.42,1.8,6.435441,-71.791355,462.0,111.08,211.09
TAM.2024.163.08.20.54,TAM,2024.163.08.20.54,unlabelled,,,,,0,0,0.0,0.0,,,7.638999938964844,-74.2020034790039,33.11,1.7,6.435441,-71.791355,462.0,297.75,296.7
TAM.2024.163.20.08.20,TAM,2024.163.20.08.20,unlabelled,,,,,0,0,0.0,0.0,,,7.421000003814697,-72.7760009765625,8.01,1.6,6.435441,-71.791355,462.0,154.01,315.11
TAM.2024.164.01.05.04,TAM,2024.164.01.05.04,unlabelled,,,,,0,0,0.0,0.0,,,7.389999866485596,-72.79000091552734,4.44,1.5,6.435441,-71.791355,462.0,152.72,313.79
TAM.2024.164.02.54.31,TAM,2024.164.02.54.31,unlabelled,,,,,0,0,0.0,0.0,,,5.500999927520752,-72.66200256347656,4.47,2.6,6.435441,-71.791355,462.0,141.32,223.06
TAM.2024.164.21.17.59,TAM,2024.164.21.17.59,unlabelled,,,,,0,0,0.0,0.0,,,5.019000053405762,-72.9990005493164,15.98,1.8,6.435441,-71.791355,462.0,205.98,220.56
TAM.2024.165.08.12.27,TAM,2024.165.08.12.27,unlabelled,,,,,0,0,0.0,0.0,,,6.789000034332275,-73.14299774169922,11.35,1.5,6.435441,-71.791355,462.0,154.5,284.74
TAM.2024.165.10.21.41,TAM,2024.165.10.21.41,unlabelled,,,,,0,0,0.0,0.0,,,7.429999828338623,-72.75700378417969,5.9,1.5,6.435441,-71.791355,462.0,153.25,315.92
TAM.2024.165.13.35.36,TAM,2024.165.13.35.36,unlabelled,,,,,0,0,0.0,0.0,,,5.204999923706055,-73.19999694824219,0.0,1.8,6.435441,-71.791355,462.0,207.01,228.98
TAM.2024.166.16.57.52,TAM,2024.166.16.57.52,unlabelled,,,,,0,0,0.0,0.0,,,7.709000110626221,-73.74500274658203,37.03,2.2,6.435441,-71.791355,462.0,257.72,303.24
TAM.2024.167.12.27.48,TAM,2024.167.12.27.48,unlabelled,,,,,0,0,0.0,0.0,,,6.881999969482422,-74.18499755859375,14.97,1.5,6.435441,-71.791355,462.0,269.24,280.71
TAM.2024.167.17.31.35,TAM,2024.167.17.31.35,unlabelled,,,,,0,0,0.0,0.0,,,7.201000213623047,-73.4729995727539,15.01,1.5,6.435441,-71.791355,462.0,204.26,294.59
TAM.2024.169.06.59.26,TAM,2024.169.06.59.26,unlabelled,,,,,0,0,0.0,0.0,,,5.9730000495910645,-72.53600311279297,0.0,1.6,6.435441,-71.791355,462.0,96.99,238.22
TAM.2024.169.19.53.38,TAM,2024.169.19.53.38,unlabelled,,,,,0,0,0.0,0.0,,,5.857999801635742,-72.9729995727539,0.0,2.0,6.435441,-71.791355,462.0,145.55,244.04
TAM.2024.170.10.01.17,TAM,2024.170.10.01.17,unlabelled,,,,,0,0,0.0,0.0,,,7.260000228881836,-72.6520004272461,18.53,1.6,6.435441,-71.791355,462.0,131.77,313.84
TAM.2024.171.00.34.50,TAM,2024.171.00.34.50,unlabelled,,,,,0,0,0.0,0.0,,,7.02400016784668,-72.21600341796875,4.61,1.8,6.435441,-71.791355,462.0,80.25,324.22
TAM.2024.171.00.42.00,TAM,2024.171.00.42.00,unlabelled,,,,,0,0,0.0,0.0,,,4.455999851226807,-73.59600067138672,14.75,2.4,6.435441,-71.791355,462.0,296.49,222.51
TAM.2024.171.23.07.23,TAM,2024.171.23.07.23,unlabelled,,,,,0,0,0.0,0.0,,,5.10699987411499,-73.09400177001953,14.92,1.9,6.435441,-71.791355,462.0,205.91,224.55
TAM.2024.172.08.38.39,TAM,2024.172.08.38.39,unlabelled,,,,,0,0,0.0,0.0,,,5.184000015258789,-73.05699920654297,16.21,1.8,6.435441,-71.791355,462.0,196.98,225.43
TAM.2024.172.22.02.56,TAM,2024.172.22.02.56,unlabelled,,,,,0,0,0.0,0.0,,,4.372000217437744,-73.66799926757812,27.29,2.4,6.435441,-71.791355,462.0,308.74,222.44
TAM.2024.173.23.51.14,TAM,2024.173.23.51.14,unlabelled,,,,,0,0,0.0,0.0,,,4.802999973297119,-73.33599853515625,20.43,1.6,6.435441,-71.791355,462.0,248.74,223.55
TAM.2024.174.06.26.29,TAM,2024.174.06.26.29,unlabelled,,,,,0,0,0.0,0.0,,,5.2230000495910645,-72.95899963378906,16.09,1.7,6.435441,-71.791355,462.0,186.28,224.02
TAM.2024.174.15.30.01,TAM,2024.174.15.30.01,unlabelled,,,,,0,0,0.0,0.0,,,6.638000011444092,-74.12999725341797,20.15,2.6,6.435441,-71.791355,462.0,259.62,275.08
TAM.2024.174.15.36.05,TAM,2024.174.15.36.05,unlabelled,,,,,0,0,0.0,0.0,,,6.738999843597412,-74.17500305175781,22.94,2.2,6.435441,-71.791355,462.0,265.73,277.39
TAM.2024.175.01.45.32,TAM,2024.175.01.45.32,unlabelled,,,,,0,0,0.0,0.0,,,6.353000164031982,-74.3550033569336,14.54,1.9,6.435441,-71.791355,462.0,283.77,268.3
TAM.2024.175.05.53.06,TAM,2024.175.05.53.06,unlabelled,,,,,0,0,0.0,0.0,,,7.382999897003174,-74.52999877929688,24.88,1.7,6.435441,-71.791355,462.0,320.29,289.26
TAM.2024.175.20.20.20,TAM,2024.175.20.20.20,unlabelled,,,,,0,0,0.0,0.0,,,6.999000072479248,-74.10099792480469,0.35,1.5,6.435441,-71.791355,462.0,262.85,283.85
TAM.2024.175.20.26.02,TAM,2024.175.20.26.02,unlabelled,,,,,0,0,0.0,0.0,,,6.035999774932861,-73.98799896240234,-0.4,1.5,6.435441,-71.791355,462.0,247.07,259.82
TAM.2024.180.00.58.19,TAM,2024.180.00.58.19,unlabelled,,,,,0,0,0.0,0.0,,,6.684000015258789,-72.572998046875,3.38,1.7,6.435441,-71.791355,462.0,90.71,287.68
TAM.2024.180.20.54.52,TAM,2024.180.20.54.52,unlabelled,,,,,0,0,0.0,0.0,,,7.4629998207092285,-73.16899871826172,30.09,1.5,6.435441,-71.791355,462.0,189.97,306.82
TAM.2024.180.23.10.46,TAM,2024.180.23.10.46,unlabelled,,,,,0,0,0.0,0.0,,,5.376999855041504,-72.62899780273438,31.91,2.0,6.435441,-71.791355,462.0,149.34,218.44
TAM.2024.181.15.15.30,TAM,2024.181.15.15.30,unlabelled,,,,,0,0,0.0,0.0,,,7.189000129699707,-72.302001953125,14.57,1.6,6.435441,-71.791355,462.0,100.65,325.92
TAM.2024.183.18.07.47,TAM,2024.183.18.07.47,unlabelled,,,,,0,0,0.0,0.0,,,7.0329999923706055,-72.25399780273438,10.7,1.8,6.435441,-71.791355,462.0,83.57,322.29
TAM.2024.185.02.09.21,TAM,2024.185.02.09.21,unlabelled,,,,,0,0,0.0,0.0,,,5.119999885559082,-73.15799713134766,13.05,1.8,6.435441,-71.791355,462.0,209.93,226.21
TAM.2024.185.04.37.24,TAM,2024.185.04.37.24,unlabelled,,,,,0,0,0.0,0.0,,,7.295000076293945,-72.177001953125,13.52,1.6,6.435441,-71.791355,462.0,104.18,335.87
TAM.2024.186.01.38.47,TAM,2024.186.01.38.47,unlabelled,,,,,0,0,0.0,0.0,,,5.10699987411499,-73.072998046875,15.39,2.0,6.435441,-71.791355,462.0,204.28,224.08
TAM.2024.187.04.17.19,TAM,2024.187.04.17.19,unlabelled,,,,,0,0,0.0,0.0,,,5.085999965667725,-72.94599914550781,0.0,1.6,6.435441,-71.791355,462.0,196.53,220.66
TAM.2024.187.16.13.09,TAM,2024.187.16.13.09,unlabelled,,,,,0,0,0.0,0.0,,,6.605000019073486,-74.64299774169922,-0.02,1.6,6.435441,-71.791355,462.0,315.96,273.56
TAM.2024.191.01.50.52,TAM,2024.191.01.50.52,unlabelled,,,,,0,0,0.0,0.0,,,6.4029998779296875,-72.59500122070312,15.98,1.6,6.435441,-71.791355,462.0,88.98,267.73
TAM.2024.192.06.00.51,TAM,2024.192.06.00.51,unlabelled,,,,,0,0,0.0,0.0,,,4.505000114440918,-73.5469970703125,0.01,2.4,6.435441,-71.791355,462.0,288.82,222.43
TAM.2024.192.09.23.18,TAM,2024.192.09.23.18,unlabelled,,,,,0,0,0.0,0.0,-0.88,,7.209000110626221,-72.03299713134766,-0.01,1.5,6.435441,-71.791355,462.0,89.62,342.67
TAM.2024.192.09.34.10,TAM,2024.192.09.34.10,unlabelled,,,,,0,0,0.0,0.0,,,4.775000095367432,-73.33100128173828,0.01,1.6,6.435441,-71.791355,462.0,250.62,222.97
TAM.2024.192.19.42.19,TAM,2024.192.19.42.19,unlabelled,,,,,0,0,0.0,0.0,,,5.168000221252441,-73.13999938964844,0.0,1.9,6.435441,-71.791355,462.0,204.83,226.89
TAM.2024.194.09.17.42,TAM,2024.194.09.17.42,unlabelled,,,,,0,0,0.0,0.0,,,7.084000110626221,-73.58899688720703,15.23,1.5,6.435441,-71.791355,462.0,211.28,289.95
TAM.2024.195.03.05.18,TAM,2024.195.03.05.18,unlabelled,,,,,0,0,0.0,0.0,,,4.701000213623047,-73.76799774169922,11.7,1.7,6.435441,-71.791355,462.0,291.12,228.89
TAM.2024.195.04.35.59,TAM,2024.195.04.35.59,unlabelled,,,,,0,0,0.0,0.0,,,5.890999794006348,-74.20600128173828,-0.16,2.0,6.435441,-71.791355,462.0,273.95,257.44
TAM.2024.195.05.19.37,TAM,2024.195.05.19.37,unlabelled,,,,,0,0,0.0,0.0,-1.97,,6.992000102996826,-72.57599639892578,8.82,1.8,6.435441,-71.791355,462.0,106.37,305.4
TAM.2024.195.18.25.36,TAM,2024.195.18.25.36,unlabelled,,,,,0,0,0.0,0.0,,,4.427999973297119,-73.66200256347656,0.0,1.6,6.435441,-71.791355,462.0,303.73,223.13
TAM.2024.196.15.24.53,TAM,2024.196.15.24.53,unlabelled,,,,,0,0,0.0,0.0,,,6.302000045776367,-73.45500183105469,19.02,1.6,6.435441,-71.791355,462.0,184.65,265.51
TAM.2024.196.22.03.02,TAM,2024.196.22.03.02,unlabelled,,,,,0,0,0.0,0.0,,,5.1539998054504395,-73.15499877929688,0.0,1.6,6.435441,-71.791355,462.0,207.1,226.89
TAM.2024.197.03.45.01,TAM,2024.197.03.45.01,unlabelled,,,,,0,0,0.0,0.0,,,4.985000133514404,-72.91999816894531,32.15,1.9,6.435441,-71.791355,462.0,203.36,217.99
TAM.2024.197.16.52.59,TAM,2024.197.16.52.59,unlabelled,,,,,0,0,0.0,0.0,,,6.0329999923706055,-72.7249984741211,12.93,1.7,6.435441,-71.791355,462.0,112.5,246.75
TAM.2024.197.18.34.34,TAM,2024.197.18.34.34,unlabelled,,,,,0,0,0.0,0.0,,,5.940000057220459,-72.5739974975586,14.8,1.9,6.435441,-71.791355,462.0,102.49,237.73
TAM.2024.199.03.17.02,TAM,2024.199.03.17.02,unlabelled,,,,,0,0,0.0,0.0,,,5.744999885559082,-72.66999816894531,13.4,2.1,6.435441,-71.791355,462.0,123.65,231.91
TAM.2024.199.06.57.01,TAM,2024.199.06.57.01,unlabelled,,,,,0,0,0.0,0.0,,,7.413000106811523,-72.322998046875,10.82,1.5,6.435441,-71.791355,462.0,123.04,331.51
TAM.2024.202.09.39.30,TAM,2024.202.09.39.30,unlabelled,,,,,0,0,0.0,0.0,,,5.451000213623047,-72.22100067138672,18.79,2.0,6.435441,-71.791355,462.0,118.81,203.63
TAM.2024.203.07.30.54,TAM,2024.203.07.30.54,unlabelled,,,,,0,0,0.0,0.0,,,7.329999923706055,-72.08799743652344,2.15,1.8,6.435441,-71.791355,462.0,104.22,341.68
TAM.2024.203.12.39.42,TAM,2024.203.12.39.42,unlabelled,,,,,0,0,0.0,0.0,,,5.6479997634887695,-74.61199951171875,27.46,1.7,6.435441,-71.791355,462.0,324.17,254.57
TAM.2024.205.14.15.42,TAM,2024.205.14.15.42,unlabelled,,,,,0,0,0.0,0.0,,,5.796000003814697,-74.19599914550781,33.61,2.1,6.435441,-71.791355,462.0,275.4,255.25
TAM.2024.205.16.29.40,TAM,2024.205.16.29.40,unlabelled,,,,,0,0,0.0,0.0,,,5.132999897003174,-73.02899932861328,13.4,2.0,6.435441,-71.791355,462.0,198.83,223.65
TAM.2024.207.18.45.13,TAM,2024.207.18.45.13,unlabelled,,,,,0,0,0.0,0.0,,,6.320000171661377,-74.70500183105469,0.01,1.8,6.435441,-71.791355,462.0,322.6,267.89
TAM.2024.208.16.41.50,TAM,2024.208.16.41.50,unlabelled,,,,,0,0,0.0,0.0,,,5.896999835968018,-72.50700378417969,19.26,1.9,6.435441,-71.791355,462.0,99.09,233.1
TAM.2024.209.14.05.11,TAM,2024.209.14.05.11,unlabelled,,,,,0,0,0.0,0.0,,,6.302000045776367,-74.3550033569336,14.51,1.8,6.435441,-71.791355,462.0,284.02,267.16
TAM.2024.210.08.08.55,TAM,2024.210.08.08.55,unlabelled,,,,,0,0,0.0,0.0,,,5.619999885559082,-72.66999816894531,9.88,1.6,6.435441,-71.791355,462.0,132.64,227.21
TAM.2024.213.02.38.09,TAM,2024.213.02.38.09,unlabelled,,,,,0,0,0.0,0.0,,,6.01800012588501,-72.59500122070312,9.88,1.7,6.435441,-71.791355,462.0,100.2,242.61
TAM.2024.213.08.39.36,TAM,2024.213.08.39.36,unlabelled,,,,,0,0,0.0,0.0,,,4.546999931335449,-73.21199798583984,17.62,1.7,6.435441,-71.791355,462.0,261.52,217.08
TAM.2024.216.11.43.33,TAM,2024.216.11.43.33,unlabelled,,,,,0,0,0.0,0.0,,,5.620999813079834,-73.31999969482422,12.29,1.8,6.435441,-71.791355,462.0,191.71,242.06
TAM.2024.216.16.06.54,TAM,2024.216.16.06.54,unlabelled,,,,,0,0,0.0,0.0,,,4.297999858856201,-73.65599822998047,17.44,2.5,6.435441,-71.791355,462.0,313.97,221.26
TAM.2024.217.01.33.46,TAM,2024.217.01.33.46,unlabelled,,,,,0,0,0.0,0.0,,,5.228000164031982,-72.80599975585938,0.0,1.6,6.435441,-71.791355,462.0,174.51,220.14
TAM.2024.217.08.30.00,TAM,2024.217.08.30.00,unlabelled,,,,,0,0,0.0,0.0,,,6.946000099182129,-72.89700317382812,4.49,1.5,6.435441,-71.791355,462.0,134.66,294.85
TAM.2024.218.07.31.56,TAM,2024.218.07.31.56,unlabelled,,,,,0,0,0.0,0.0,,,6.514999866485596,-73.23899841308594,34.02,1.9,6.435441,-71.791355,462.0,160.37,273.23
TAM.2024.218.07.46.43,TAM,2024.218.07.46.43,unlabelled,,,,,0,0,0.0,0.0,,,6.5229997634887695,-73.23899841308594,30.68,1.7,6.435441,-71.791355,462.0,160.42,273.54
TAM.2024.220.09.35.14,TAM,2024.220.09.35.14,unlabelled,,,,,0,0,0.0,0.0,,,7.743000030517578,-72.62799835205078,6.75,1.6,6.435441,-71.791355,462.0,171.62,327.46
TAM.2024.221.14.23.41,TAM,2024.221.14.23.41,unlabelled,,,,,0,0,0.0,0.0,,,5.235000133514404,-73.06199645996094,4.57,1.7,6.435441,-71.791355,462.0,193.45,226.74
TAM.2024.221.22.03.58,TAM,2024.221.22.03.58,unlabelled,,,,,0,0,0.0,0.0,,,4.363999843597412,-73.68699645996094,0.29,2.6,6.435441,-71.791355,462.0,310.82,222.62
TAM.2024.223.01.54.39,TAM,2024.223.01.54.39,unlabelled,,,,,0,0,0.0,0.0,,,4.988999843597412,-73.19300079345703,17.62,2.3,6.435441,-71.791355,462.0,222.91,224.22
TAM.2024.223.04.15.49,TAM,2024.223.04.15.49,unlabelled,,,,,0,0,0.0,0.0,,,4.2270002365112305,-73.75800323486328,13.87,1.5,6.435441,-71.791355,462.0,327.34,221.85
TAM.2024.223.21.17.30,TAM,2024.223.21.17.30,unlabelled,,,,,0,0,0.0,0.0,,,5.353000164031982,-74.3759994506836,19.08,2.1,6.435441,-71.791355,462.0,310.23,247.44
TAM.2024.227.14.55.53,TAM,2024.227.14.55.53,unlabelled,,,,,0,0,0.0,0.0,,,5.60699987411499,-72.5479965209961,22.07,1.9,6.435441,-71.791355,462.0,124.14,222.48
TAM.2024.227.14.57.49,TAM,2024.227.14.57.49,unlabelled,,,,,0,0,0.0,0.0,-1.64,-0.92,5.629000186920166,-72.51200103759766,23.95,1.9,6.435441,-71.791355,462.0,119.66,221.85
TAM.2024.227.15.15.48,TAM,2024.227.15.15.48,unlabelled,,,,,0,0,0.0,0.0,,,4.991000175476074,-72.70899963378906,17.15,1.7,6.435441,-71.791355,462.0,189.33,212.52
TAM.2024.227.18.59.18,TAM,2024.227.18.59.18,unlabelled,,,,,0,0,0.0,0.0,,,5.031000137329102,-73.08300018310547,19.55,2.5,6.435441,-71.791355,462.0,211.16,222.72
TAM.2024.228.06.17.06,TAM,2024.228.06.17.06,unlabelled,,,,,0,0,0.0,0.0,,,5.038000106811523,-73.0719985961914,14.8,1.9,6.435441,-71.791355,462.0,209.77,222.62
TAM.2024.228.23.17.11,TAM,2024.228.23.17.11,unlabelled,,,,,0,0,0.0,0.0,,,6.757999897003174,-73.51000213623047,0.0,1.9,6.435441,-71.791355,462.0,193.38,280.73
TAM.2024.229.08.06.01,TAM,2024.229.08.06.01,unlabelled,,,,,0,0,0.0,0.0,,,5.701000213623047,-72.70800018310547,13.16,1.8,6.435441,-71.791355,462.0,129.97,231.38
TAM.2024.229.08.49.05,TAM,2024.229.08.49.05,unlabelled,,,,,0,0,0.0,0.0,,,5.166999816894531,-73.03299713134766,18.09,1.7,6.435441,-71.791355,462.0,196.43,224.5
TAM.2024.230.18.32.24,TAM,2024.230.18.32.24,unlabelled,,,,,0,0,0.0,0.0,,,5.568999767303467,-72.6719970703125,10.12,2.1,6.435441,-71.791355,462.0,136.7,225.55
TAM.2024.231.05.36.37,TAM,2024.231.05.36.37,unlabelled,,,,,0,0,0.0,0.0,,,6.310999870300293,-74.33599853515625,14.52,1.5,6.435441,-71.791355,462.0,281.87,267.34
TAM.2024.232.20.21.37,TAM,2024.232.20.21.37,unlabelled,,,,,0,0,0.0,0.0,,,4.304999828338623,-73.68099975585938,20.37,1.7,6.435441,-71.791355,462.0,315.22,221.73
TAM.2024.233.13.40.28,TAM,2024.233.13.40.28,unlabelled,,,,,0,0,0.0,0.0,,,4.203999996185303,-72.14199829101562,23.48,2.0,6.435441,-71.791355,462.0,249.8,188.97
TAM.2024.233.20.48.31,TAM,2024.233.20.48.31,unlabelled,,,,,0,0,0.0,0.0,,,4.664000034332275,-72.86499786376953,13.18,1.7,6.435441,-71.791355,462.0,229.18,211.32
TAM.2024.235.00.46.32,TAM,2024.235.00.46.32,unlabelled,,,,,0,0,0.0,0.0,,,7.050000190734863,-74.64800262451172,9.21,1.8,6.435441,-71.791355,462.0,323.04,282.31
TAM.2024.235.15.46.01,TAM,2024.235.15.46.01,unlabelled,,,,,0,0,0.0,0.0,,,6.013000011444092,-74.28600311279297,15.79,1.6,6.435441,-71.791355,462.0,280.0,260.53
TAM.2024.235.19.10.51,TAM,2024.235.19.10.51,unlabelled,,,,,0,0,0.0,0.0,,,5.926000118255615,-72.53299713134766,27.13,1.7,6.435441,-71.791355,462.0,99.56,235.58
TAM.2024.235.21.15.40,TAM,2024.235.21.15.40,unlabelled,,,,,0,0,0.0,0.0,,,4.355999946594238,-73.82599639892578,9.59,2.8,6.435441,-71.791355,462.0,322.06,224.54
TAM.2024.235.21.35.31,TAM,2024.235.21.35.31,unlabelled,,,,,0,0,0.0,0.0,,,4.34499979019165,-73.83599853515625,6.66,2.0,6.435441,-71.791355,462.0,323.71,224.53
TAM.2024.236.00.20.56,TAM,2024.236.00.20.56,unlabelled,,,,,0,0,0.0,0.0,,,6.366000175476074,-74.56300354003906,30.62,1.5,6.435441,-71.791355,462.0,306.72,268.72
TAM.2024.236.07.13.24,TAM,2024.236.07.13.24,unlabelled,,,,,0,0,0.0,0.0,,,4.703999996185303,-73.47699737548828,19.02,2.0,6.435441,-71.791355,462.0,267.47,224.37
TAM.2024.236.16.38.35,TAM,2024.236.16.38.35,unlabelled,,,,,0,0,0.0,0.0,,,4.355999946594238,-73.82499694824219,7.71,1.8,6.435441,-71.791355,462.0,321.98,224.53
TAM.2024.237.08.35.46,TAM,2024.237.08.35.46,unlabelled,,,,,0,0,0.0,0.0,,,6.077000141143799,-73.2979965209961,15.98,1.5,6.435441,-71.791355,462.0,171.37,256.71
TAM.2024.237.16.11.06,TAM,2024.237.16.11.06,unlabelled,,,,,0,0,0.0,0.0,,,6.324999809265137,-74.3489990234375,11.56,1.6,6.435441,-71.791355,462.0,283.23,267.67
TAM.2024.237.17.48.46,TAM,2024.237.17.48.46,unlabelled,,,,,0,0,0.0,0.0,,,5.164999961853027,-72.35800170898438,11.76,1.7,6.435441,-71.791355,462.0,153.87,204.1
TAM.2024.238.21.08.56,TAM,2024.238.21.08.56,unlabelled,,,,,0,0,0.0,0.0,,,6.677000045776367,-74.1729965209961,23.41,2.3,6.435441,-71.791355,462.0,264.75,275.93
TAM.2024.238.22.08.56,TAM,2024.238.22.08.56,unlabelled,,,,,0,0,0.0,0.0,,,6.831999778747559,-74.322998046875,27.42,1.8,6.435441,-71.791355,462.0,283.36,279.05
TAM.2024.239.09.00.01,TAM,2024.239.09.00.01,unlabelled,,,,,0,0,0.0,0.0,,,5.8379998207092285,-72.46199798583984,22.07,1.6,6.435441,-71.791355,462.0,99.37,228.37
TAM.2024.239.13.52.42,TAM,2024.239.13.52.42,unlabelled,,,,,0,0,0.0,0.0,,,5.882999897003174,-74.33899688720703,14.87,1.5,6.435441,-71.791355,462.0,288.52,257.91
TAM.2024.239.15.38.31,TAM,2024.239.15.38.31,unlabelled,,,,,0,0,0.0,0.0,,,6.689000129699707,-73.61399841308594,1.9,2.1,6.435441,-71.791355,462.0,203.52,278.02
TAM.2024.239.21.28.23,TAM,2024.239.21.28.23,unlabelled,,,,,0,0,0.0,0.0,,,7.36899995803833,-72.81199645996094,11.35,2.2,6.435441,-71.791355,462.0,152.91,312.53
TAM.2024.243.15.10.11,TAM,2024.243.15.10.11,unlabelled,,,,,0,0,0.0,0.0,,,4.364999771118164,-73.74299621582031,12.93,1.5,6.435441,-71.791355,462.0,314.96,223.47
TAM.2024.243.18.34.13,TAM,2024.243.18.34.13,unlabelled,,,,,0,0,0.0,0.0,,,7.0289998054504395,-72.04900360107422,16.8,1.8,6.435441,-71.791355,462.0,71.56,336.56
TAM.2024.244.23.29.51,TAM,2024.244.23.29.51,unlabelled,,,,,0,0,0.0,0.0,,,4.343999862670898,-73.87799835205078,13.4,1.9,6.435441,-71.791355,462.0,327.06,225.1
TAM.2024.245.01.41.37,TAM,2024.245.01.41.37,unlabelled,,,,,0,0,0.0,0.0,,,7.019000053405762,-72.00299835205078,22.07,1.9,6.435441,-71.791355,462.0,68.65,340.08
TAM.2024.245.07.23.51,TAM,2024.245.07.23.51,unlabelled,,,,,0,0,0.0,0.0,,,6.5320000648498535,-73.31800079345703,31.21,1.7,6.435441,-71.791355,462.0,169.2,273.7
TAM.2024.247.16.24.25,TAM,2024.247.16.24.25,unlabelled,,,,,0,0,0.0,0.0,,,5.681000232696533,-72.77899932861328,15.98,2.0,6.435441,-71.791355,462.0,137.53,232.71
TAM.2024.248.07.00.03,TAM,2024.248.07.00.03,unlabelled,,,,,0,0,0.0,0.0,,,5.666999816894531,-72.7979965209961,4.25,1.8,6.435441,-71.791355,462.0,140.14,232.73
TAM.2024.248.08.19.50,TAM,2024.248.08.19.50,unlabelled,,,,,0,0,0.0,0.0,,,5.880000114440918,-72.5250015258789,0.0,1.7,6.435441,-71.791355,462.0,101.82,232.93
TAM.2024.248.17.56.24,TAM,2024.248.17.56.24,unlabelled,,,,,0,0,0.0,0.0,,,7.172999858856201,-74.06500244140625,0.7,2.3,6.435441,-71.791355,462.0,264.23,288.11
TAM.2024.250.04.20.16,TAM,2024.250.04.20.16,unlabelled,,,,,0,0,0.0,0.0,,,5.946000099182129,-72.56500244140625,17.15,1.5,6.435441,-71.791355,462.0,101.3,237.74
TAM.2024.251.04.09.06,TAM,2024.251.04.09.06,unlabelled,,,,,0,0,0.0,0.0,,,5.013000011444092,-72.697998046875,18.32,2.1,6.435441,-71.791355,462.0,186.62,212.6
TAM.2024.251.04.29.01,TAM,2024.251.04.29.01,unlabelled,,,,,0,0,0.0,0.0,,,5.5879998207092285,-73.0270004272461,15.98,1.8,6.435441,-71.791355,462.0,165.82,235.65
TAM.2024.251.15.52.16,TAM,2024.251.15.52.16,unlabelled,,,,,0,0,0.0,0.0,,,6.63100004196167,-72.99099731445312,28.37,1.6,6.435441,-71.791355,462.0,134.43,279.33
TAM.2024.251.23.32.54,TAM,2024.251.23.32.54,unlabelled,,,,,0,0,0.0,0.0,,,6.892000198364258,-73.7699966430664,13.56,1.9,6.435441,-71.791355,462.0,224.53,283.11
TAM.2024.255.03.42.26,TAM,2024.255.03.42.26,unlabelled,,,,,0,0,0.0,0.0,,,4.815999984741211,-74.00900268554688,8.08,1.5,6.435441,-71.791355,462.0,304.02,234.02
TAM.2024.255.07.25.02,TAM,2024.255.07.25.02,unlabelled,,,,,0,0,0.0,0.0,,,4.866000175476074,-73.00399780273438,0.0,1.7,6.435441,-71.791355,462.0,219.47,217.8
TAM.2024.255.16.09.20,TAM,2024.255.16.09.20,unlabelled,,,,,0,0,0.0,0.0,,,7.03000020980835,-72.23799896240234,12.93,2.1,6.435441,-71.791355,462.0,82.23,323.12
TAM.2024.255.17.17.45,TAM,2024.255.17.17.45,unlabelled,,,,,0,0,0.0,0.0,,,7.239999771118164,-72.28800201416016,13.52,1.8,6.435441,-71.791355,462.0,104.55,328.36
TAM.2024.255.19.37.43,TAM,2024.255.19.37.43,unlabelled,,,,,0,0,0.0,0.0,,,5.724999904632568,-72.9990005493164,0.02,1.6,6.435441,-71.791355,462.0,155.06,239.62
TAM.2024.256.06.56.40,TAM,2024.256.06.56.40,unlabelled,,,,,0,0,0.0,0.0,,,5.60699987411499,-73.2979965209961,13.63,1.7,6.435441,-71.791355,462.0,190.3,241.3
TAM.2024.259.00.33.29,TAM,2024.259.00.33.29,unlabelled,,,,,0,0,0.0,0.0,,,7.105000019073486,-72.11299896240234,22.42,1.7,6.435441,-71.791355,462.0,82.14,334.37
TAM.2024.260.22.32.57,TAM,2024.260.22.32.57,unlabelled,,,,,0,0,0.0,0.0,,,5.3429999351501465,-72.53600311279297,26.76,2.2,6.435441,-71.791355,462.0,146.27,214.35
TAM.2024.262.01.42.00,TAM,2024.262.01.42.00,unlabelled,,,,,0,0,0.0,0.0,,,5.810999870300293,-72.60800170898438,19.02,1.6,6.435441,-71.791355,462.0,113.75,232.67
TAM.2024.262.06.09.01,TAM,2024.262.06.09.01,unlabelled,,,,,0,0,0.0,0.0,,,6.328999996185303,-72.26699829101562,18.79,1.5,6.435441,-71.791355,462.0,53.92,257.42
TAM.2024.263.00.40.37,TAM,2024.263.00.40.37,unlabelled,,,,,0,0,0.0,0.0,,,6.447999954223633,-73.96499633789062,34.78,1.5,6.435441,-71.791355,462.0,240.45,270.45
TAM.2024.263.07.50.49,TAM,2024.263.07.50.49,unlabelled,,,,,0,0,0.0,0.0,,,7.3470001220703125,-74.16300201416016,2.07,1.5,6.435441,-71.791355,462.0,280.83,291.18
TAM.2024.263.13.29.08,TAM,2024.263.13.29.08,unlabelled,,,,,0,0,0.0,0.0,,,6.050000190734863,-74.23999786376953,0.0,2.6,6.435441,-71.791355,462.0,274.31,261.2
TAM.2024.263.13.39.58,TAM,2024.263.13.39.58,unlabelled,,,,,0,0,0.0,0.0,,,6.046000003814697,-74.22100067138672,0.98,2.0,6.435441,-71.791355,462.0,272.3,261.03
TAM.2024.264.19.03.51,TAM,2024.264.19.03.51,unlabelled,,,,,0,0,0.0,0.0,,,6.026000022888184,-74.22699737548828,8.89,1.7,6.435441,-71.791355,462.0,273.32,260.6
TAM.2024.265.03.42.45,TAM,2024.265.03.42.45,unlabelled,,,,,0,0,0.0,0.0,,,6.019999980926514,-74.21700286865234,12.11,1.7,6.435441,-71.791355,462.0,272.34,260.42
TAM.2024.265.11.06.36,TAM,2024.265.11.06.36,unlabelled,,,,,0,0,0.0,0.0,,,6.8480000495910645,-72.91300201416016,16.21,1.8,6.435441,-71.791355,462.0,132.15,290.26
TAM.2024.265.12.46.57,TAM,2024.265.12.46.57,unlabelled,,,,,0,0,0.0,0.0,,,4.160999774932861,-73.75700378417969,27.29,2.6,6.435441,-71.791355,462.0,332.76,221.0
TAM.2024.266.01.40.38,TAM,2024.266.01.40.38,unlabelled,,,,,0,0,0.0,0.0,,,7.010000228881836,-74.61199951171875,5.37,1.5,6.435441,-71.791355,462.0,318.25,281.68
TAM.2024.267.10.32.40,TAM,2024.267.10.32.40,unlabelled,,,,,0,0,0.0,0.0,,,6.035999774932861,-74.22100067138672,-0.06,1.9,6.435441,-71.791355,462.0,272.48,260.8
TAM.2024.267.11.08.13,TAM,2024.267.11.08.13,unlabelled,,,,,0,0,0.0,0.0,,,7.203000068664551,-72.38999938964844,16.68,1.7,6.435441,-71.791355,462.0,107.63,322.1
TAM.2024.267.17.36.56,TAM,2024.267.17.36.56,unlabelled,,,,,0,0,0.0,0.0,,,6.039000034332275,-74.2249984741211,0.0,2.6,6.435441,-71.791355,462.0,272.86,260.89
TAM.2024.268.03.48.46,TAM,2024.268.03.48.46,unlabelled,,,,,0,0,0.0,0.0,,,7.374000072479248,-72.79199981689453,14.98,1.7,6.435441,-71.791355,462.0,151.67,313.24
TAM.2024.268.05.53.15,TAM,2024.268.05.53.15,unlabelled,,,,,0,0,0.0,0.0,,,6.063000202178955,-74.65699768066406,9.39,1.7,6.435441,-71.791355,462.0,319.78,262.76
TAM.2024.269.10.59.24,TAM,2024.269.10.59.24,unlabelled,,,,,0,0,0.0,0.0,,,5.629000186920166,-72.75499725341797,17.56,2.2,6.435441,-71.791355,462.0,139.05,230.16
TAM.2024.270.09.07.40,TAM,2024.270.09.07.40,unlabelled,,,,,0,0,0.0,0.0,,,7.566999912261963,-72.54299926757812,15.45,1.8,6.435441,-71.791355,462.0,150.19,326.47
TAM.2024.270.09.17.28,TAM,2024.270.09.17.28,unlabelled,,,,,0,0,0.0,0.0,,,5.014999866485596,-72.97599792480469,16.91,1.9,6.435441,-71.791355,462.0,204.68,219.94
TAM.2024.270.09.34.54,TAM,2024.270.09.34.54,unlabelled,,,,,0,0,0.0,0.0,,,4.14900016784668,-73.75,11.46,1.7,6.435441,-71.791355,462.0,333.26,220.75
TAM.2024.270.09.51.58,TAM,2024.270.09.51.58,unlabelled,,,,,0,0,0.0,0.0,,,6.7789998054504395,-73.91200256347656,5.01,2.1,6.435441,-71.791355,462.0,237.57,279.32
TAM.2024.270.10.04.13,TAM,2024.270.10.04.13,unlabelled,,,,,0,0,0.0,0.0,,,7.050000190734863,-72.3270034790039,11.64,1.5,6.435441,-71.791355,462.0,90.14,318.96
TAM.2024.271.06.04.01,TAM,2024.271.06.04.01,unlabelled,,,,,0,0,0.0,0.0,,,6.041999816894531,-74.2300033569336,0.0,2.6,6.435441,-71.791355,462.0,273.36,260.98
TAM.2024.271.06.50.22,TAM,2024.271.06.50.22,unlabelled,,,,,0,0,0.0,0.0,,,6.0320000648498535,-74.21900177001953,0.01,1.6,6.435441,-71.791355,462.0,272.34,260.7
TAM.2024.272.01.33.17,TAM,2024.272.01.33.17,unlabelled,,,,,0,0,0.0,0.0,,,7.289999961853027,-74.60299682617188,23.95,1.5,6.435441,-71.791355,462.0,324.81,287.08
TAM.2024.272.09.01.45,TAM,2024.272.09.01.45,unlabelled,,,,,0,0,0.0,0.0,,,6.447000026702881,-74.3030014038086,14.72,1.8,6.435441,-71.791355,462.0,277.84,270.4
TAM.2024.272.12.06.49,TAM,2024.272.12.06.49,unlabelled,,,,,0,0,0.0,0.0,,,6.0320000648498535,-74.21800231933594,0.0,1.5,6.435441,-71.791355,462.0,272.23,260.7
TAM.2024.273.18.14.14,TAM,2024.273.18.14.14,unlabelled,,,,,0,0,0.0,0.0,,,4.3460001945495605,-73.83300018310547,8.95,1.9,6.435441,-71.791355,462.0,323.39,224.5
TAM.2024.275.09.51.35,TAM,2024.275.09.51.35,unlabelled,,,,,0,0,0.0,0.0,,,6.107999801635742,-72.5250015258789,8.78,1.6,6.435441,-71.791355,462.0,88.89,246.0
TAM.2024.275.17.16.17,TAM,2024.275.17.16.17,unlabelled,,,,,0,0,0.0,0.0,,,5.818999767303467,-72.5270004272461,14.57,1.9,6.435441,-71.791355,462.0,106.2,230.1
TAM.2024.276.00.15.53,TAM,2024.276.00.15.53,unlabelled,,,,,0,0,0.0,0.0,,,7.461999893188477,-72.22000122070312,7.77,1.5,6.435441,-71.791355,462.0,123.01,337.38
TAM.2024.276.07.58.10,TAM,2024.276.07.58.10,unlabelled,,,,,0,0,0.0,0.0,,,7.2170000076293945,-73.83300018310547,28.53,1.5,6.435441,-71.791355,462.0,241.66,291.08
TAM.2024.276.10.33.27,TAM,2024.276.10.33.27,unlabelled,,,,,0,0,0.0,0.0,,,7.2230000495910645,-72.33999633789062,17.27,1.8,6.435441,-71.791355,462.0,106.13,325.18
TAM.2024.278.01.01.04,TAM,2024.278.01.01.04,unlabelled,,,,,0,0,0.0,0.0,,,4.4039998054504395,-73.58799743652344,15.92,2.1,6.435441,-71.791355,462.0,300.18,221.64
TAM.2024.279.11.06.04,TAM,2024.279.11.06.04,unlabelled,,,,,0,0,0.0,0.0,,,7.341000080108643,-74.23999786376953,10.01,1.6,6.435441,-71.791355,462.0,288.56,290.45
TAM.2024.279.12.07.12,TAM,2024.279.12.07.12,unlabelled,,,,,0,0,0.0,0.0,,,6.763000011444092,-72.99500274658203,20.2,2.2,6.435441,-71.791355,462.0,137.95,285.29
TAM.2024.281.09.20.36,TAM,2024.281.09.20.36,unlabelled,,,,,0,0,0.0,0.0,,,7.63700008392334,-73.98799896240234,24.0,1.5,6.435441,-71.791355,462.0,276.69,298.83
TAM.2024.286.19.26.04,TAM,2024.286.19.26.04,unlabelled,,,,,0,0,0.0,0.0,,,6.0289998054504395,-72.70999908447266,15.98,2.1,6.435441,-71.791355,462.0,111.16,246.2
TAM.2024.286.20.54.17,TAM,2024.286.20.54.17,unlabelled,,,,,0,0,0.0,0.0,,,6.031000137329102,-72.73999786376953,13.16,1.7,6.435441,-71.791355,462.0,114.11,246.98
TAM.2024.288.21.11.28,TAM,2024.288.21.11.28,unlabelled,,,,,0,0,0.0,0.0,,,6.064000129699707,-72.56800079345703,13.05,1.7,6.435441,-71.791355,462.0,95.26,244.5
TAM.2024.288.23.54.25,TAM,2024.288.23.54.25,unlabelled,,,,,0,0,0.0,0.0,,,6.159999847412109,-74.28299713134766,15.94,2.4,6.435441,-71.791355,462.0,277.38,263.83
TAM.2024.290.21.26.49,TAM,2024.290.21.26.49,unlabelled,,,,,0,0,0.0,0.0,,,6.164999961853027,-73.05999755859375,13.05,1.6,6.435441,-71.791355,462.0,143.53,258.04
TAM.2024.291.07.14.08,TAM,2024.291.07.14.08,unlabelled,,,,,0,0,0.0,0.0,,,6.978000164031982,-72.96099853515625,11.46,1.9,6.435441,-71.791355,462.0,142.56,294.96
TAM.2024.291.22.58.49,TAM,2024.291.22.58.49,unlabelled,,,,,0,0,0.0,0.0,,,7.313000202178955,-72.6520004272461,11.52,1.6,6.435441,-71.791355,462.0,135.89,315.63
TAM.2024.292.01.35.02,TAM,2024.292.01.35.02,unlabelled,,,,,0,0,0.0,0.0,,,4.3379998207092285,-73.81800079345703,10.18,2.0,6.435441,-71.791355,462.0,322.87,224.18
TAM.2024.292.04.33.21,TAM,2024.292.04.33.21,unlabelled,,,,,0,0,0.0,0.0,,,5.945000171661377,-72.43099975585938,21.95,1.8,6.435441,-71.791355,462.0,89.18,232.58
TAM.2024.292.20.57.56,TAM,2024.292.20.57.56,unlabelled,,,,,0,0,0.0,0.0,,,5.954999923706055,-73.44400024414062,19.02,1.7,6.435441,-71.791355,462.0,190.46,253.89
TAM.2024.292.22.26.57,TAM,2024.292.22.26.57,unlabelled,,,,,0,0,0.0,0.0,,,5.020999908447266,-73.26399993896484,19.02,1.8,6.435441,-71.791355,462.0,225.99,226.28
TAM.2024.294.10.15.24,TAM,2024.294.10.15.24,unlabelled,,,,,0,0,0.0,0.0,,,5.36299991607666,-72.8489990234375,3.42,1.7,6.435441,-71.791355,462.0,166.68,224.7
TAM.2024.294.14.40.45,TAM,2024.294.14.40.45,unlabelled,,,,,0,0,0.0,0.0,-0.68,,5.7820000648498535,-72.7030029296875,16.09,1.8,6.435441,-71.791355,462.0,124.12,234.44
TAM.2024.296.05.11.47,TAM,2024.296.05.11.47,unlabelled,,,,,0,0,0.0,0.0,,,7.243000030517578,-72.88500213623047,14.99,1.5,6.435441,-71.791355,462.0,150.29,306.52
TAM.2024.296.21.33.39,TAM,2024.296.21.33.39,unlabelled,,,,,0,0,0.0,0.0,,,4.767000198364258,-73.53399658203125,0.0,1.5,6.435441,-71.791355,462.0,267.05,226.39
TAM.2024.296.23.26.21,TAM,2024.296.23.26.21,unlabelled,,,,,0,0,0.0,0.0,,,6.797999858856201,-73.91699981689453,19.64,2.4,6.435441,-71.791355,462.0,238.45,279.8
TAM.2024.297.00.28.10,TAM,2024.297.00.28.10,unlabelled,,,,,0,0,0.0,0.0,,,6.783999919891357,-73.9229965209961,18.03,1.8,6.435441,-71.791355,462.0,238.86,279.41
TAM.2024.297.08.30.54,TAM,2024.297.08.30.54,unlabelled,,,,,0,0,0.0,0.0,,,5.922999858856201,-72.37799835205078,2.85,1.8,6.435441,-71.791355,462.0,86.18,228.92
TAM.2024.298.11.39.27,TAM,2024.298.11.39.27,unlabelled,,,,,0,0,0.0,0.0,,,6.974999904632568,-73.9749984741211,18.93,1.5,6.435441,-71.791355,462.0,248.69,284.01
TAM.2024.299.04.05.31,TAM,2024.299.04.05.31,unlabelled,,,,,0,0,0.0,0.0,,,5.681000232696533,-72.66100311279297,0.0,1.7,6.435441,-71.791355,462.0,127.39,229.13
TAM.2024.301.12.56.02,TAM,2024.301.12.56.02,unlabelled,,,,,0,0,0.0,0.0,,,5.453000068664551,-72.96299743652344,24.65,2.0,6.435441,-71.791355,462.0,169.21,230.12
TAM.2024.301.15.56.30,TAM,2024.301.15.56.30,unlabelled,,,,,0,0,0.0,0.0,,,4.313000202178955,-73.74600219726562,15.1,2.1,6.435441,-71.791355,462.0,319.4,222.8
TAM.2024.302.16.07.21,TAM,2024.302.16.07.21,unlabelled,,,,,0,0,0.0,0.0,,,5.499000072479248,-72.4540023803711,17.62,2.0,6.435441,-71.791355,462.0,126.91,215.35
TAM.2024.303.12.36.50,TAM,2024.303.12.36.50,unlabelled,,,,,0,0,0.0,0.0,,,4.913000106811523,-71.94599914550781,0.0,2.0,6.435441,-71.791355,462.0,169.23,185.82
TAM.2024.304.00.14.02,TAM,2024.304.00.14.02,unlabelled,,,,,0,0,0.0,0.0,,,7.636000156402588,-74.01799774169922,23.58,1.5,6.435441,-71.791355,462.0,279.55,298.49
TAM.2024.304.11.10.27,TAM,2024.304.11.10.27,unlabelled,,,,,0,0,0.0,0.0,,,6.5329999923706055,-73.947998046875,34.31,2.0,6.435441,-71.791355,462.0,238.79,272.71
TAM.2024.305.16.18.25,TAM,2024.305.16.18.25,unlabelled,,,,,0,0,0.0,0.0,,,4.394999980926514,-73.69599914550781,12.99,1.7,6.435441,-71.791355,462.0,308.97,223.19
TAM.2024.305.16.18.59,TAM,2024.305.16.18.59,unlabelled,,,,,0,0,0.0,0.0,,,4.394000053405762,-73.7020034790039,11.41,1.5,6.435441,-71.791355,462.0,309.51,223.26
TAM.2024.305.16.31.58,TAM,2024.305.16.31.58,unlabelled,,,,,0,0,0.0,0.0,,,4.394999980926514,-73.69100189208984,16.04,2.9,6.435441,-71.791355,462.0,308.6,223.11
TAM.2024.305.16.32.09,TAM,2024.305.16.32.09,unlabelled,,,,,0,0,0.0,0.0,,,4.361000061035156,-73.69400024414062,13.93,4.0,6.435441,-71.791355,462.0,311.58,222.68
TAM.2024.305.19.57.20,TAM,2024.305.19.57.20,unlabelled,,,,,0,0,0.0,0.0,,,7.367000102996826,-72.31400299072266,18.2,1.8,6.435441,-71.791355,462.0,118.11,330.75
TAM.2024.306.11.32.38,TAM,2024.306.11.32.38,unlabelled,,,,,0,0,0.0,0.0,,,3.812000036239624,-72.18000030517578,0.0,1.7,6.435441,-71.791355,462.0,293.29,188.47
TAM.2024.308.08.29.53,TAM,2024.308.08.29.53,unlabelled,,,,,0,0,0.0,0.0,,,4.538000106811523,-73.54199981689453,34.2,2.6,6.435441,-71.791355,462.0,285.76,222.84
TAM.2024.308.09.26.59,TAM,2024.308.09.26.59,unlabelled,,,,,0,0,0.0,0.0,,,6.020999908447266,-72.64900207519531,9.77,1.8,6.435441,-71.791355,462.0,105.4,244.27
TAM.2024.309.02.10.39,TAM,2024.309.02.10.39,unlabelled,,,,,0,0,0.0,0.0,,,5.123000144958496,-73.06500244140625,20.9,2.1,6.435441,-71.791355,462.0,202.39,224.25
TAM.2024.310.04.08.35,TAM,2024.310.04.08.35,unlabelled,,,,,0,0,0.0,0.0,,,3.747999906539917,-72.15699768066406,0.0,1.6,6.435441,-71.791355,462.0,299.94,187.79
TAM.2024.310.22.03.39,TAM,2024.310.22.03.39,unlabelled,,,,,0,0,0.0,0.0,,,5.744999885559082,-74.59500122070312,16.39,1.5,6.435441,-71.791355,462.0,319.6,256.33
TAM.2024.311.13.05.41,TAM,2024.311.13.05.41,unlabelled,,,,,0,0,0.0,0.0,,,3.803999900817871,-72.18199920654297,0.64,1.8,6.435441,-71.791355,462.0,294.2,188.48
TAM.2024.312.11.34.08,TAM,2024.312.11.34.08,unlabelled,,,,,0,0,0.0,0.0,,,6.091000080108643,-74.35299682617188,9.18,1.7,6.435441,-71.791355,462.0,286.02,262.49
TAM.2024.313.15.49.29,TAM,2024.313.15.49.29,unlabelled,,,,,0,0,0.0,0.0,,,5.151000022888184,-73.87000274658203,6.65,1.8,6.435441,-71.791355,462.0,270.51,238.43
TAM.2024.314.18.45.50,TAM,2024.314.18.45.50,unlabelled,,,,,0,0,0.0,0.0,,,5.605000019073486,-74.65699768066406,20.2,2.0,6.435441,-71.791355,462.0,330.28,254.01
TAM.2024.315.03.33.01,TAM,2024.315.03.33.01,unlabelled,,,,,0,0,0.0,0.0,,,6.9770002365112305,-74.63999938964844,29.57,1.7,6.435441,-71.791355,462.0,320.6,280.93
TAM.2024.317.09.26.06,TAM,2024.317.09.26.06,unlabelled,,,,,0,0,0.0,0.0,,,3.8589999675750732,-72.15299987792969,24.18,1.9,6.435441,-71.791355,462.0,287.72,188.03
TAM.2024.317.14.44.27,TAM,2024.317.14.44.27,unlabelled,,,,,0,0,0.0,0.0,,,5.769999980926514,-74.31600189208984,14.8,2.0,6.435441,-71.791355,462.0,288.99,255.38
TAM.2024.318.16.15.43,TAM,2024.318.16.15.43,unlabelled,,,,,0,0,0.0,0.0,,,4.439000129699707,-73.51100158691406,11.99,1.8,6.435441,-71.791355,462.0,291.64,220.89
TAM.2024.318.16.56.40,TAM,2024.318.16.56.40,unlabelled,,,,,0,0,0.0,0.0,,,7.589000225067139,-74.04199981689453,21.69,1.7,6.435441,-71.791355,462.0,279.49,297.29
TAM.2024.318.18.14.25,TAM,2024.318.18.14.25,unlabelled,,,,,0,0,0.0,0.0,,,5.622000217437744,-72.47799682617188,0.82,2.1,6.435441,-71.791355,462.0,117.77,220.24
TAM.2024.319.12.14.35,TAM,2024.319.12.14.35,unlabelled,,,,,0,0,0.0,0.0,,,6.39900016784668,-74.29499816894531,13.3,2.0,6.435441,-71.791355,462.0,277.0,269.31
TAM.2024.320.21.20.27,TAM,2024.320.21.20.27,unlabelled,,,,,0,0,0.0,0.0,,,5.690000057220459,-72.71700286865234,24.88,2.0,6.435441,-71.791355,462.0,131.51,231.23
TAM.2024.321.04.13.57,TAM,2024.321.04.13.57,unlabelled,,,,,0,0,0.0,0.0,,,7.599999904632568,-73.31700134277344,12.03,2.3,6.435441,-71.791355,462.0,212.14,307.47
TAM.2024.322.08.41.34,TAM,2024.322.08.41.34,unlabelled,,,,,0,0,0.0,0.0,,,6.26200008392334,-74.4469985961914,34.36,2.7,6.435441,-71.791355,462.0,294.45,266.41
TAM.2024.322.09.57.37,TAM,2024.322.09.57.37,unlabelled,,,,,0,0,0.0,0.0,,,7.357999801635742,-74.12799835205078,0.0,2.4,6.435441,-71.791355,462.0,277.66,291.7
TAM.2024.324.05.58.50,TAM,2024.324.05.58.50,unlabelled,,,,,0,0,0.0,0.0,,,6.669000148773193,-73.20099639892578,30.39,1.9,6.435441,-71.791355,462.0,158.03,279.49
TAM.2024.325.00.04.10,TAM,2024.325.00.04.10,unlabelled,,,,,0,0,0.0,0.0,,,7.348999977111816,-72.16500091552734,10.59,1.8,6.435441,-71.791355,462.0,109.14,337.79
TAM.2024.325.08.11.30,TAM,2024.325.08.11.30,unlabelled,,,,,0,0,0.0,0.0,,,3.815999984741211,-72.15699768066406,0.04,1.6,6.435441,-71.791355,462.0,292.49,187.98
TAM.2024.325.13.46.46,TAM,2024.325.13.46.46,unlabelled,,,,,0,0,0.0,0.0,,,5.833000183105469,-74.30999755859375,19.61,1.5,6.435441,-71.791355,462.0,286.63,256.7
TAM.2024.326.13.13.04,TAM,2024.326.13.13.04,unlabelled,,,,,0,0,0.0,0.0,,,5.704999923706055,-72.70999908447266,15.27,2.1,6.435441,-71.791355,462.0,129.87,231.59
TAM.2024.327.08.53.55,TAM,2024.327.08.53.55,unlabelled,,,,,0,0,0.0,0.0,,,6.684000015258789,-73.98699951171875,0.0,1.7,6.435441,-71.791355,462.0,244.38,276.58
TAM.2024.328.13.22.03,TAM,2024.328.13.22.03,unlabelled,,,,,0,0,0.0,0.0,,,6.039999961853027,-73.98600006103516,19.72,1.7,6.435441,-71.791355,462.0,246.77,259.91
TAM.2024.329.04.45.40,TAM,2024.329.04.45.40,unlabelled,,,,,0,0,0.0,0.0,,,6.383999824523926,-73.69000244140625,28.53,1.7,6.435441,-71.791355,462.0,210.12,268.55
TAM.2024.330.08.37.36,TAM,2024.330.08.37.36,unlabelled,,,,,0,0,0.0,0.0,,,5.531000137329102,-73.87899780273438,10.12,1.7,6.435441,-71.791355,462.0,251.85,246.71
TAM.2024.330.11.48.41,TAM,2024.330.11.48.41,unlabelled,,,,,0,0,0.0,0.0,,,4.526000022888184,-73.56900024414062,12.93,1.9,6.435441,-71.791355,462.0,288.77,223.1
TAM.2024.331.01.29.04,TAM,2024.331.01.29.04,unlabelled,,,,,0,0,0.0,0.0,,,5.164999961853027,-72.99299621582031,16.68,2.1,6.435441,-71.791355,462.0,193.52,223.51
TAM.2024.332.09.07.09,TAM,2024.332.09.07.09,unlabelled,,,,,0,0,0.0,0.0,,,4.639999866485596,-73.447998046875,12.52,2.4,6.435441,-71.791355,462.0,270.4,222.84
TAM.2024.336.06.27.54,TAM,2024.336.06.27.54,unlabelled,,,,,0,0,0.0,0.0,,,6.455999851226807,-74.14900207519531,19.8,2.1,6.435441,-71.791355,462.0,260.81,270.63
TAM.2024.337.07.42.53,TAM,2024.337.07.42.53,unlabelled,,,,,0,0,0.0,0.0,,,7.543000221252441,-74.22200012207031,0.0,1.8,6.435441,-71.791355,462.0,295.19,294.66
TAM.2024.339.06.50.55,TAM,2024.339.06.50.55,unlabelled,,,,,0,0,0.0,0.0,,,4.696000099182129,-72.88800048828125,17.95,1.6,6.435441,-71.791355,462.0,227.52,212.33
TAM.2024.340.06.28.02,TAM,2024.340.06.28.02,unlabelled,,,,,0,0,0.0,0.0,,,5.046999931335449,-73.18599700927734,0.0,1.9,6.435441,-71.791355,462.0,217.8,225.25
TAM.2024.341.10.37.40,TAM,2024.341.10.37.40,unlabelled,,,,,0,0,0.0,0.0,,,5.76200008392334,-72.302001953125,19.02,1.7,6.435441,-71.791355,462.0,93.5,217.23
TAM.2024.342.09.07.39,TAM,2024.342.09.07.39,unlabelled,,,,,0,0,0.0,0.0,,,5.10099983215332,-73.17900085449219,3.0,1.5,6.435441,-71.791355,462.0,213.07,226.24
TAM.2024.342.10.58.26,TAM,2024.342.10.58.26,unlabelled,,,,,0,0,0.0,0.0,,,7.73199987411499,-73.7229995727539,24.16,2.2,6.435441,-71.791355,462.0,257.09,304.01
TAM.2024.343.02.03.56,TAM,2024.343.02.03.56,unlabelled,,,,,0,0,0.0,0.0,,,5.724999904632568,-73.0770034790039,0.11,1.7,6.435441,-71.791355,462.0,162.56,241.17
TAM.2024.343.12.43.18,TAM,2024.343.12.43.18,unlabelled,,,,,0,0,0.0,0.0,,,6.5920000076293945,-74.16000366210938,12.51,2.3,6.435441,-71.791355,462.0,262.56,273.91
TAM.2024.343.12.59.27,TAM,2024.343.12.59.27,unlabelled,,,,,0,0,0.0,0.0,,,3.7950000762939453,-72.50700378417969,1.58,1.8,6.435441,-71.791355,462.0,302.58,195.24
TAM.2024.343.18.21.09,TAM,2024.343.18.21.09,unlabelled,,,,,0,0,0.0,0.0,,,4.8520002365112305,-73.15499877929688,9.65,1.9,6.435441,-71.791355,462.0,231.26,220.85
TAM.2024.344.17.44.34,TAM,2024.344.17.44.34,unlabelled,,,,,0,0,0.0,0.0,,,7.26800012588501,-72.67900085449219,12.19,1.7,6.435441,-71.791355,462.0,134.55,313.23
TAM.2024.346.05.56.33,TAM,2024.346.05.56.33,unlabelled,,,,,0,0,0.0,0.0,,,5.631999969482422,-73.09400177001953,15.86,1.9,6.435441,-71.791355,462.0,169.38,238.43
TAM.2024.346.11.01.33,TAM,2024.346.11.01.33,unlabelled,,,,,0,0,0.0,0.0,,,6.656000137329102,-74.7979965209961,24.03,1.5,6.435441,-71.791355,462.0,333.42,274.37
TAM.2024.346.18.52.46,TAM,2024.346.18.52.46,unlabelled,,,,,0,0,0.0,0.0,,,5.188000202178955,-72.64700317382812,15.98,1.8,6.435441,-71.791355,462.0,167.36,214.53
TAM.2024.347.07.53.39,TAM,2024.347.07.53.39,unlabelled,,,,,0,0,0.0,0.0,,,4.831999778747559,-73.18499755859375,1.81,1.7,6.435441,-71.791355,462.0,235.11,221.12
TAM.2024.348.02.30.07,TAM,2024.348.02.30.07,unlabelled,,,,,0,0,0.0,0.0,,,4.431000232696533,-73.51399993896484,0.0,2.0,6.435441,-71.791355,462.0,292.53,220.82
TAM.2024.348.09.51.19,TAM,2024.348.09.51.19,unlabelled,,,,,0,0,0.0,0.0,,,5.863999843597412,-72.46900177001953,21.6,2.5,6.435441,-71.791355,462.0,98.08,229.92
TAM.2024.349.04.24.13,TAM,2024.349.04.24.13,unlabelled,,,,,0,0,0.0,0.0,,,5.26800012588501,-73.22599792480469,0.0,1.6,6.435441,-71.791355,462.0,204.72,230.98
TAM.2024.349.12.19.47,TAM,2024.349.12.19.47,unlabelled,,,,,0,0,0.0,0.0,,,4.830999851226807,-72.87000274658203,1.0,1.5,6.435441,-71.791355,462.0,213.91,214.02
TAM.2024.350.04.22.21,TAM,2024.350.04.22.21,unlabelled,,,,,0,0,0.0,0.0,,,7.359000205993652,-72.12000274658203,0.0,1.9,6.435441,-71.791355,462.0,108.4,340.44
TAM.2024.352.01.26.36,TAM,2024.352.01.26.36,unlabelled,,,,,0,0,0.0,0.0,,,6.065999984741211,-74.22200012207031,1.72,1.6,6.435441,-71.791355,462.0,272.06,261.5
TAM.2024.352.09.47.21,TAM,2024.352.09.47.21,unlabelled,,,,,0,0,0.0,0.0,,,5.933000087738037,-74.625,1.99,1.5,6.435441,-71.791355,462.0,318.5,260.11
TAM.2024.352.10.08.29,TAM,2024.352.10.08.29,unlabelled,,,,,0,0,0.0,0.0,,,5.089000225067139,-73.36199951171875,0.0,1.6,6.435441,-71.791355,462.0,228.98,229.52
TAM.2024.353.08.12.59,TAM,2024.353.08.12.59,unlabelled,,,,,0,0,0.0,0.0,,,5.2129998207092285,-72.88899993896484,15.39,1.5,6.435441,-71.791355,462.0,181.8,222.02
TAM.2024.353.17.46.22,TAM,2024.353.17.46.22,unlabelled,,,,,0,0,0.0,0.0,,,6.5229997634887695,-74.08100128173828,25.74,2.2,6.435441,-71.791355,462.0,253.45,272.32
TAM.2024.354.05.01.27,TAM,2024.354.05.01.27,unlabelled,,,,,0,0,0.0,0.0,,,6.453999996185303,-74.75900268554688,7.04,1.7,6.435441,-71.791355,462.0,328.29,270.52
TAM.2024.354.05.59.38,TAM,2024.354.05.59.38,unlabelled,,,,,0,0,0.0,0.0,,,6.605000019073486,-73.08999633789062,32.08,1.9,6.435441,-71.791355,462.0,144.85,277.51
TAM.2024.355.07.30.36,TAM,2024.355.07.30.36,unlabelled,,,,,0,0,0.0,0.0,-0.19,-0.08,6.215000152587891,-72.40899658203125,15.98,1.5,6.435441,-71.791355,462.0,72.56,250.4
TAM.2024.356.15.41.58,TAM,2024.356.15.41.58,unlabelled,,,,,0,0,0.0,0.0,,,5.078000068664551,-72.91300201416016,5.32,1.9,6.435441,-71.791355,462.0,194.85,219.67
TAM.2024.356.17.04.40,TAM,2024.356.17.04.40,unlabelled,,,,,0,0,0.0,0.0,,,7.580999851226807,-74.29299926757812,33.24,1.5,6.435441,-71.791355,462.0,304.06,294.77
TAM.2024.356.20.19.52,TAM,2024.356.20.19.52,unlabelled,,,,,0,0,0.0,0.0,,,5.067999839782715,-73.16100311279297,20.9,2.4,6.435441,-71.791355,462.0,214.2,225.16
TAM.2024.356.20.39.22,TAM,2024.356.20.39.22,unlabelled,,,,,0,0,0.0,0.0,-1.16,,5.145999908447266,-73.27200317382812,0.0,1.5,6.435441,-71.791355,462.0,217.31,229.07
TAM.2024.358.21.36.48,TAM,2024.358.21.36.48,unlabelled,,,,,0,0,0.0,0.0,,,6.6539998054504395,-74.5999984741211,13.76,1.7,6.435441,-71.791355,462.0,311.57,274.61
TAM.2025.001.01.36.18,TAM,2025.001.01.36.18,unlabelled,,,,,0,0,0.0,0.0,,,7.5370001792907715,-72.51200103759766,6.19,1.6,6.435441,-71.791355,462.0,145.54,326.87
TAM.2025.001.07.05.10,TAM,2025.001.07.05.10,unlabelled,,,,,0,0,0.0,0.0,,,4.714000225067139,-73.3010025024414,14.76,1.5,6.435441,-71.791355,462.0,253.4,221.38
TAM.2025.002.12.35.23,TAM,2025.002.12.35.23,unlabelled,,,,,0,0,0.0,0.0,,,5.014999866485596,-72.60399627685547,0.0,1.9,6.435441,-71.791355,462.0,181.04,209.86
TAM.2025.003.08.48.27,TAM,2025.003.08.48.27,unlabelled,,,,,0,0,0.0,0.0,,,7.644999980926514,-73.08000183105469,19.08,1.7,6.435441,-71.791355,462.0,195.36,313.29
TAM.2025.004.02.50.26,TAM,2025.004.02.50.26,unlabelled,,,,,0,0,0.0,0.0,,,5.724999904632568,-72.51699829101562,21.95,1.5,6.435441,-71.791355,462.0,112.36,225.67
TAM.2025.005.02.23.22,TAM,2025.005.02.23.22,unlabelled,,,,,0,0,0.0,0.0,-2.82,,7.192999839782715,-72.1240005493164,16.91,1.6,6.435441,-71.791355,462.0,91.49,336.32
TAM.2025.005.04.57.02,TAM,2025.005.04.57.02,unlabelled,,,,,0,0,0.0,0.0,,,7.604000091552734,-74.02999877929688,1.52,2.4,6.435441,-71.791355,462.0,279.07,297.72
TAM.2025.007.11.14.20,TAM,2025.007.11.14.20,unlabelled,,,,,0,0,0.0,0.0,,,4.980000019073486,-73.17900085449219,7.89,1.5,6.435441,-71.791355,462.0,222.56,223.75
TAM.2025.008.01.09.43,TAM,2025.008.01.09.43,unlabelled,,,,,0,0,0.0,0.0,-2.65,-1.74,5.126999855041504,-72.93499755859375,10.35,2.0,6.435441,-71.791355,462.0,192.3,221.26
TAM.2025.008.05.36.53,TAM,2025.008.05.36.53,unlabelled,,,,,0,0,0.0,0.0,,,5.607999801635742,-72.61699676513672,0.48,1.7,6.435441,-71.791355,462.0,129.34,225.01
TAM.2025.008.17.02.19,TAM,2025.008.17.02.19,unlabelled,,,,,0,0,0.0,0.0,,,5.089000225067139,-73.15299987792969,1.0,1.8,6.435441,-71.791355,462.0,211.93,225.44
TAM.2025.008.23.22.08,TAM,2025.008.23.22.08,unlabelled,,,,,0,0,0.0,0.0,,,6.091000080108643,-74.23999786376953,16.41,1.7,6.435441,-71.791355,462.0,273.63,262.13
TAM.2025.010.07.18.47,TAM,2025.010.07.18.47,unlabelled,,,,,0,0,0.0,0.0,-4.65,,5.760000228881836,-72.66300201416016,22.07,1.6,6.435441,-71.791355,462.0,122.02,232.3
TAM.2025.010.11.10.59,TAM,2025.010.11.10.59,unlabelled,,,,,0,0,0.0,0.0,,,6.869999885559082,-73.93000030517578,1.61,1.8,6.435441,-71.791355,462.0,241.31,281.61
TAM.2025.010.16.23.13,TAM,2025.010.16.23.13,unlabelled,,,,,0,0,0.0,0.0,,,4.455999851226807,-73.677001953125,15.57,1.5,6.435441,-71.791355,462.0,302.62,223.76
TAM.2025.010.18.13.15,TAM,2025.010.18.13.15,unlabelled,,,,,0,0,0.0,0.0,,,7.651000022888184,-73.98699951171875,9.82,1.5,6.435441,-71.791355,462.0,277.34,299.12
TAM.2025.011.15.00.28,TAM,2025.011.15.00.28,unlabelled,,,,,0,0,0.0,0.0,,,5.006999969482422,-73.48699951171875,3.22,1.8,6.435441,-71.791355,462.0,245.42,230.02
TAM.2025.012.04.04.03,TAM,2025.012.04.04.03,unlabelled,,,,,0,0,0.0,0.0,,,4.815999984741211,-73.34300231933594,5.43,1.6,6.435441,-71.791355,462.0,248.23,223.91
TAM.2025.014.18.15.01,TAM,2025.014.18.15.01,unlabelled,,,,,0,0,0.0,0.0,,,4.9670000076293945,-73.18299865722656,15.04,1.5,6.435441,-71.791355,462.0,223.9,223.58
TAM.2025.016.14.21.32,TAM,2025.016.14.21.32,unlabelled,,,,,0,0,0.0,0.0,-1.36,,6.681000232696533,-72.86799621582031,18.32,1.8,6.435441,-71.791355,462.0,122.13,282.91
TAM.2025.016.14.26.04,TAM,2025.016.14.26.04,unlabelled,,,,,0,0,0.0,0.0,,,6.697000026702881,-72.88300323486328,15.98,2.0,6.435441,-71.791355,462.0,124.15,283.54
TAM.2025.017.08.24.55,TAM,2025.017.08.24.55,unlabelled,,,,,0,0,0.0,0.0,,,5.081999778747559,-72.875,9.88,1.7,6.435441,-71.791355,462.0,191.85,218.78
TAM.2025.017.14.31.02,TAM,2025.017.14.31.02,unlabelled,,,,,0,0,0.0,0.0,,,4.392000198364258,-73.81199645996094,5.84,1.8,6.435441,-71.791355,462.0,318.13,224.84
TAM.2025.020.13.48.25,TAM,2025.020.13.48.25,unlabelled,,,,,0,0,0.0,0.0,,,5.525000095367432,-73.13400268554688,12.93,1.7,6.435441,-71.791355,462.0,179.54,235.96
TAM.2025.020.18.16.29,TAM,2025.020.18.16.29,unlabelled,,,,,0,0,0.0,0.0,,,7.355000019073486,-72.3280029296875,19.73,1.7,6.435441,-71.791355,462.0,117.73,329.78
TAM.2025.020.22.28.54,TAM,2025.020.22.28.54,unlabelled,,,,,0,0,0.0,0.0,,,6.998000144958496,-73.77799987792969,34.79,2.1,6.435441,-71.791355,462.0,228.28,285.93
TAM.2025.021.12.37.00,TAM,2025.021.12.37.00,unlabelled,,,,,0,0,0.0,0.0,,,5.807000160217285,-74.13899993896484,13.28,1.6,6.435441,-71.791355,462.0,268.99,255.15
TAM.2025.021.16.18.57,TAM,2025.021.16.18.57,unlabelled,,,,,0,0,0.0,0.0,,,6.590000152587891,-73.6780014038086,7.07,1.5,6.435441,-71.791355,462.0,209.37,274.79
TAM.2025.023.02.37.59,TAM,2025.023.02.37.59,unlabelled,,,,,0,0,0.0,0.0,,,5.145999908447266,-73.1510009765625,14.57,1.7,6.435441,-71.791355,462.0,207.39,226.63
TAM.2025.023.09.04.50,TAM,2025.023.09.04.50,unlabelled,,,,,0,0,0.0,0.0,,,5.199999809265137,-73.08100128173828,13.98,1.7,6.435441,-71.791355,462.0,197.65,226.34
TAM.2025.023.21.36.47,TAM,2025.023.21.36.47,unlabelled,,,,,0,0,0.0,0.0,,,5.869999885559082,-72.57099914550781,24.88,1.7,6.435441,-71.791355,462.0,106.57,234.11
TAM.2025.024.02.56.24,TAM,2025.024.02.56.24,unlabelled,,,,,0,0,0.0,0.0,,,5.025000095367432,-73.24199676513672,12.93,1.6,6.435441,-71.791355,462.0,223.93,225.93
TAM.2025.024.21.21.58,TAM,2025.024.21.21.58,unlabelled,,,,,0,0,0.0,0.0,,,5.163000106811523,-73.0270004272461,11.52,1.8,6.435441,-71.791355,462.0,196.29,224.27
TAM.2025.025.01.16.56,TAM,2025.025.01.16.56,unlabelled,,,,,0,0,0.0,0.0,,,6.434999942779541,-73.4010009765625,30.98,1.6,6.435441,-71.791355,462.0,178.06,270.07
TAM.2025.026.17.14.23,TAM,2025.026.17.14.23,unlabelled,,,,,0,0,0.0,0.0,,,5.4070000648498535,-72.44200134277344,0.0,1.7,6.435441,-71.791355,462.0,134.63,212.39
TAM.2025.027.10.55.02,TAM,2025.027.10.55.02,unlabelled,,,,,0,0,0.0,0.0,,,7.409999847412109,-74.19300079345703,0.0,1.7,6.435441,-71.791355,462.0,286.46,292.24
TAM.2025.028.22.27.49,TAM,2025.028.22.27.49,unlabelled,,,,,0,0,0.0,0.0,,,5.370999813079834,-72.92900085449219,0.0,1.8,6.435441,-71.791355,462.0,172.41,227.0
TAM.2025.029.04.15.59,TAM,2025.029.04.15.59,unlabelled,,,,,0,0,0.0,0.0,,,6.4670000076293945,-74.0,18.74,1.9,6.435441,-71.791355,462.0,244.34,270.94
TAM.2025.031.10.14.59,TAM,2025.031.10.14.59,unlabelled,,,,,0,0,0.0,0.0,,,5.359000205993652,-73.03800201416016,0.0,1.6,6.435441,-71.791355,462.0,182.28,229.29
TAM.2025.033.01.07.32,TAM,2025.033.01.07.32,unlabelled,,,,,0,0,0.0,0.0,-0.38,-0.0,6.084000110626221,-72.4280014038086,15.98,1.9,6.435441,-71.791355,462.0,80.46,241.15
TAM.2025.033.05.55.30,TAM,2025.033.05.55.30,unlabelled,,,,,0,0,0.0,0.0,,,6.501999855041504,-72.47100067138672,16.09,1.5,6.435441,-71.791355,462.0,75.54,275.63
TAM.2025.033.08.29.41,TAM,2025.033.08.29.41,unlabelled,,,,,0,0,0.0,0.0,,,7.166999816894531,-72.33999633789062,0.0,1.5,6.435441,-71.791355,462.0,101.11,323.18
TAM.2025.034.17.14.26,TAM,2025.034.17.14.26,unlabelled,,,,,0,0,0.0,0.0,,,6.736000061035156,-73.11299896240234,22.01,1.7,6.435441,-71.791355,462.0,149.89,282.89
TAM.2025.037.14.54.06,TAM,2025.037.14.54.06,unlabelled,,,,,0,0,0.0,0.0,,,4.935999870300293,-73.35099792480469,14.8,1.6,6.435441,-71.791355,462.0,239.46,226.26
TAM.2025.038.04.20.35,TAM,2025.038.04.20.35,unlabelled,,,,,0,0,0.0,0.0,,,6.849999904632568,-74.4990005493164,1.64,2.2,6.435441,-71.791355,462.0,302.89,278.86
TAM.2025.039.00.28.37,TAM,2025.039.00.28.37,unlabelled,,,,,0,0,0.0,0.0,,,4.5960001945495605,-73.51100158691406,31.45,1.6,6.435441,-71.791355,462.0,278.72,223.22
TAM.2025.039.15.16.12,TAM,2025.039.15.16.12,unlabelled,,,,,0,0,0.0,0.0,,,6.763999938964844,-74.48799896240234,6.0,1.6,6.435441,-71.791355,462.0,300.42,277.1
TAM.2025.040.04.49.52,TAM,2025.040.04.49.52,unlabelled,,,,,0,0,0.0,0.0,,,5.353000164031982,-73.3239974975586,15.04,1.6,6.435441,-71.791355,462.0,207.68,234.89
TAM.2025.040.20.36.34,TAM,2025.040.20.36.34,unlabelled,,,,,0,0,0.0,0.0,,,5.6020002365112305,-72.68099975585938,2.53,1.5,6.435441,-71.791355,462.0,134.89,226.95
TAM.2025.041.08.25.09,TAM,2025.041.08.25.09,unlabelled,,,,,0,0,0.0,0.0,,,6.939000129699707,-74.69300079345703,19.02,1.9,6.435441,-71.791355,462.0,325.62,280.01
TAM.2025.041.23.25.45,TAM,2025.041.23.25.45,unlabelled,,,,,0,0,0.0,0.0,,,6.8520002365112305,-74.53900146484375,6.89,1.6,6.435441,-71.791355,462.0,307.3,278.78
TAM.2025.041.23.46.58,TAM,2025.041.23.46.58,unlabelled,,,,,0,0,0.0,0.0,,,5.340000152587891,-73.0260009765625,17.27,1.8,6.435441,-71.791355,462.0,182.67,228.52
TAM.2025.042.03.37.35,TAM,2025.042.03.37.35,unlabelled,,,,,0,0,0.0,0.0,,,5.675000190734863,-73.95800018310547,29.57,1.6,6.435441,-71.791355,462.0,254.17,250.8
TAM.2025.042.09.21.46,TAM,2025.042.09.21.46,unlabelled,,,,,0,0,0.0,0.0,,,4.876999855041504,-73.20800018310547,34.73,1.5,6.435441,-71.791355,462.0,233.09,222.39
TAM.2025.043.06.20.42,TAM,2025.043.06.20.42,unlabelled,,,,,0,0,0.0,0.0,,,5.116000175476074,-73.06700134277344,1.0,1.5,6.435441,-71.791355,462.0,203.1,224.14
TAM.2025.043.06.32.59,TAM,2025.043.06.32.59,unlabelled,,,,,0,0,0.0,0.0,,,5.0960001945495605,-72.9000015258789,16.09,1.6,6.435441,-71.791355,462.0,192.4,219.72
TAM.2025.043.12.40.26,TAM,2025.043.12.40.26,unlabelled,,,,,0,0,0.0,0.0,,,4.866000175476074,-72.78199768066406,13.98,1.8,6.435441,-71.791355,462.0,205.34,212.36
TAM.2025.044.08.56.51,TAM,2025.044.08.56.51,unlabelled,,,,,0,0,0.0,0.0,,,5.060999870300293,-72.97799682617188,0.0,1.5,6.435441,-71.791355,462.0,200.94,220.91
TAM.2025.044.10.01.47,TAM,2025.044.10.01.47,unlabelled,,,,,0,0,0.0,0.0,-5.71,,5.382999897003174,-72.58899688720703,13.63,1.7,6.435441,-71.791355,462.0,146.1,217.24
TAM.2025.046.15.15.52,TAM,2025.046.15.15.52,unlabelled,,,,,0,0,0.0,0.0,,,4.34499979019165,-73.70899963378906,13.34,2.5,6.435441,-71.791355,462.0,314.01,222.69
TAM.2025.046.16.34.21,TAM,2025.046.16.34.21,unlabelled,,,,,0,0,0.0,0.0,,,6.8420000076293945,-73.49800109863281,0.01,2.1,6.435441,-71.791355,462.0,194.0,283.5
TAM.2025.046.20.49.00,TAM,2025.046.20.49.00,unlabelled,,,,,0,0,0.0,0.0,,,6.031000137329102,-72.42900085449219,1.27,1.9,6.435441,-71.791355,462.0,83.55,237.67
TAM.2025.047.11.23.32,TAM,2025.047.11.23.32,unlabelled,,,,,0,0,0.0,0.0,,,7.09499979019165,-74.66200256347656,27.93,1.5,6.435441,-71.791355,462.0,325.62,283.11
TAM.2025.048.05.57.43,TAM,2025.048.05.57.43,unlabelled,,,,,0,0,0.0,0.0,,,6.566999912261963,-74.66799926757812,6.05,1.5,6.435441,-71.791355,462.0,318.51,272.78
TAM.2025.049.23.55.34,TAM,2025.049.23.55.34,unlabelled,,,,,0,0,0.0,0.0,,,6.315000057220459,-74.38300323486328,19.01,1.6,6.435441,-71.791355,462.0,287.04,267.48
TAM.2025.050.03.20.32,TAM,2025.050.03.20.32,unlabelled,,,,,0,0,0.0,0.0,,,7.047999858856201,-74.26399993896484,9.46,2.0,6.435441,-71.791355,462.0,281.63,284.06
TAM.2025.050.04.05.43,TAM,2025.050.04.05.43,unlabelled,,,,,0,0,0.0,0.0,,,7.331999778747559,-72.83399963378906,1.21,1.5,6.435441,-71.791355,462.0,152.02,310.77
TAM.2025.051.22.33.37,TAM,2025.051.22.33.37,unlabelled,,,,,0,0,0.0,0.0,,,5.744999885559082,-74.24299621582031,23.24,1.5,6.435441,-71.791355,462.0,281.92,254.42
TAM.2025.052.05.23.58,TAM,2025.052.05.23.58,unlabelled,,,,,0,0,0.0,0.0,,,7.480999946594238,-72.26300048828125,0.0,1.6,6.435441,-71.791355,462.0,126.83,335.76
TAM.2025.052.06.04.46,TAM,2025.052.06.04.46,unlabelled,,,,,0,0,0.0,0.0,,,4.7829999923706055,-74.20600128173828,12.27,1.5,6.435441,-71.791355,462.0,323.96,235.79
TAM.2025.052.07.25.15,TAM,2025.052.07.25.15,unlabelled,,,,,0,0,0.0,0.0,,,5.111999988555908,-73.1240005493164,0.0,1.7,6.435441,-71.791355,462.0,207.86,225.31
TAM.2025.052.22.05.34,TAM,2025.052.22.05.34,unlabelled,,,,,0,0,0.0,0.0,,,6.0370001792907715,-73.23600006103516,11.76,1.8,6.435441,-71.791355,462.0,165.83,254.67
TAM.2025.053.10.06.11,TAM,2025.053.10.06.11,unlabelled,,,,,0,0,0.0,0.0,,,4.400000095367432,-73.69300079345703,10.64,1.5,6.435441,-71.791355,462.0,308.34,223.21
TAM.2025.053.23.08.10,TAM,2025.053.23.08.10,unlabelled,,,,,0,0,0.0,0.0,,,6.315999984741211,-73.00499725341797,12.93,1.9,6.435441,-71.791355,462.0,134.92,264.45
TAM.2025.054.21.22.29,TAM,2025.054.21.22.29,unlabelled,,,,,0,0,0.0,0.0,,,5.171000003814697,-73.08200073242188,19.02,1.8,6.435441,-71.791355,462.0,199.96,225.7
TAM.2025.056.09.29.24,TAM,2025.056.09.29.24,unlabelled,,,,,0,0,0.0,0.0,,,5.369999885559082,-72.9219970703125,15.74,1.8,6.435441,-71.791355,462.0,171.92,226.8
TAM.2025.057.10.41.11,TAM,2025.057.10.41.11,unlabelled,,,,,0,0,0.0,0.0,,,5.611999988555908,-72.86699676513672,15.98,1.9,6.435441,-71.791355,462.0,149.91,232.65
TAM.2025.057.19.19.02,TAM,2025.057.19.19.02,unlabelled,,,,,0,0,0.0,0.0,,,6.119999885559082,-72.4739990234375,2.4,1.8,6.435441,-71.791355,462.0,83.2,245.25
TAM.2025.057.22.26.34,TAM,2025.057.22.26.34,unlabelled,,,,,0,0,0.0,0.0,,,7.0329999923706055,-73.08999633789062,24.3,1.9,6.435441,-71.791355,462.0,158.05,294.79
TAM.2025.061.04.38.15,TAM,2025.061.04.38.15,unlabelled,,,,,0,0,0.0,0.0,,,5.139999866485596,-73.15299987792969,20.66,1.5,6.435441,-71.791355,462.0,208.0,226.54
TAM.2025.062.12.15.22,TAM,2025.062.12.15.22,unlabelled,,,,,0,0,0.0,0.0,,,6.61299991607666,-74.3270034790039,27.03,1.6,6.435441,-71.791355,462.0,281.14,274.15
TAM.2025.062.16.33.10,TAM,2025.062.16.33.10,unlabelled,,,,,0,0,0.0,0.0,,,5.964000225067139,-73.77899932861328,17.41,1.5,6.435441,-71.791355,462.0,226.07,256.78
TAM.2025.063.14.56.15,TAM,2025.063.14.56.15,unlabelled,,,,,0,0,0.0,0.0,,,4.796999931335449,-73.4489974975586,15.98,1.8,6.435441,-71.791355,462.0,257.98,225.47
TAM.2025.063.18.03.32,TAM,2025.063.18.03.32,unlabelled,,,,,0,0,0.0,0.0,,,4.478000164031982,-72.8010025024414,3.16,1.7,6.435441,-71.791355,462.0,243.67,207.38
TAM.2025.066.20.52.22,TAM,2025.066.20.52.22,unlabelled,,,,,0,0,0.0,0.0,,,5.038000106811523,-72.91899871826172,1.33,1.7,6.435441,-71.791355,462.0,198.7,219.0
TAM.2025.067.00.46.11,TAM,2025.067.00.46.11,unlabelled,,,,,0,0,0.0,0.0,,,4.461999893188477,-73.5510025024414,27.93,1.5,6.435441,-71.791355,462.0,292.66,221.87
TAM.2025.067.02.37.32,TAM,2025.067.02.37.32,unlabelled,,,,,0,0,0.0,0.0,,,6.03000020980835,-74.19100189208984,2.82,1.8,6.435441,-71.791355,462.0,269.32,260.55
TAM.2025.067.22.53.13,TAM,2025.067.22.53.13,unlabelled,,,,,0,0,0.0,0.0,,,5.794000148773193,-74.25700378417969,4.16,1.5,6.435441,-71.791355,462.0,281.99,255.56
TAM.2025.068.04.24.13,TAM,2025.068.04.24.13,unlabelled,,,,,0,0,0.0,0.0,,,5.706999778747559,-73.62899780273438,0.0,1.5,6.435441,-71.791355,462.0,218.79,248.5
TAM.2025.069.00.32.14,TAM,2025.069.00.32.14,unlabelled,,,,,0,0,0.0,0.0,,,5.132999897003174,-72.22000122070312,0.0,1.5,6.435441,-71.791355,462.0,151.65,198.27
TAM.2025.069.10.39.32,TAM,2025.069.10.39.32,unlabelled,,,,,0,0,0.0,0.0,,,4.242000102996826,-73.7760009765625,13.11,2.2,6.435441,-71.791355,462.0,327.44,222.3
TAM.2025.069.10.40.00,TAM,2025.069.10.40.00,unlabelled,,,,,0,0,0.0,0.0,,,4.214000225067139,-73.80000305175781,6.19,2.0,6.435441,-71.791355,462.0,331.53,222.28
TAM.2025.069.18.39.58,TAM,2025.069.18.39.58,unlabelled,,,,,0,0,0.0,0.0,,,4.619999885559082,-73.44400024414062,14.92,3.8,6.435441,-71.791355,462.0,271.73,222.45
TAM.2025.070.02.33.16,TAM,2025.070.02.33.16,unlabelled,,,,,0,0,0.0,0.0,-0.15,,4.61899995803833,-73.66600036621094,0.0,2.0,6.435441,-71.791355,462.0,288.95,226.05
TAM.2025.071.04.30.33,TAM,2025.071.04.30.33,unlabelled,,,,,0,0,0.0,0.0,,,7.013999938964844,-72.02100372314453,22.0,1.6,6.435441,-71.791355,462.0,68.84,338.37
TAM.2025.071.10.32.30,TAM,2025.071.10.32.30,unlabelled,,,,,0,0,0.0,0.0,,,6.5329999923706055,-74.14800262451172,9.56,1.8,6.435441,-71.791355,462.0,260.9,272.5
TAM.2025.072.06.12.24,TAM,2025.072.06.12.24,unlabelled,,,,,0,0,0.0,0.0,,,5.033999919891357,-72.92900085449219,15.27,1.5,6.435441,-71.791355,462.0,199.74,219.17
TAM.2025.072.16.56.18,TAM,2025.072.16.56.18,unlabelled,,,,,0,0,0.0,0.0,,,5.127999782562256,-73.02200317382812,0.0,1.7,6.435441,-71.791355,462.0,198.7,223.37
TAM.2025.073.14.19.24,TAM,2025.073.14.19.24,unlabelled,,,,,0,0,0.0,0.0,,,6.664000034332275,-74.25499725341797,17.83,1.6,6.435441,-71.791355,462.0,273.64,275.44
TAM.2025.074.14.05.47,TAM,2025.074.14.05.47,unlabelled,,,,,0,0,0.0,0.0,,,5.125999927520752,-73.18000030517578,0.0,1.5,6.435441,-71.791355,462.0,211.24,226.8
TAM.2025.075.15.16.30,TAM,2025.075.15.16.30,unlabelled,,,,,0,0,0.0,0.0,,,6.585000038146973,-74.61599731445312,0.0,1.5,6.435441,-71.791355,462.0,312.86,273.19
TAM.2025.075.15.37.17,TAM,2025.075.15.37.17,unlabelled,,,,,0,0,0.0,0.0,,,7.374000072479248,-73.13600158691406,3.71,1.8,6.435441,-71.791355,462.0,181.27,305.01
TAM.2025.075.20.18.13,TAM,2025.075.20.18.13,unlabelled,,,,,0,0,0.0,0.0,,,5.017000198364258,-73.16799926757812,33.09,2.2,6.435441,-71.791355,462.0,218.76,224.26
TAM.2025.075.21.16.54,TAM,2025.075.21.16.54,unlabelled,,,,,0,0,0.0,0.0,,,5.797999858856201,-72.64600372314453,19.26,1.7,6.435441,-71.791355,462.0,117.98,233.35
TAM.2025.075.23.23.17,TAM,2025.075.23.23.17,unlabelled,,,,,0,0,0.0,0.0,,,7.0920000076293945,-72.2760009765625,27.58,1.5,6.435441,-71.791355,462.0,90.24,323.6
TAM.2025.076.01.22.58,TAM,2025.076.01.22.58,unlabelled,,,,,0,0,0.0,0.0,,,7.138999938964844,-72.23300170898438,22.42,1.5,6.435441,-71.791355,462.0,91.86,327.92
TAM.2025.076.15.18.59,TAM,2025.076.15.18.59,unlabelled,,,,,0,0,0.0,0.0,,,4.52400016784668,-73.65399932861328,12.99,1.5,6.435441,-71.791355,462.0,295.43,224.41
TAM.2025.077.17.57.56,TAM,2025.077.17.57.56,unlabelled,,,,,0,0,0.0,0.0,,,6.818999767303467,-73.1709976196289,148.39,1.7,6.435441,-71.791355,462.0,158.35,285.62
TAM.2025.077.21.17.44,TAM,2025.077.21.17.44,unlabelled,,,,,0,0,0.0,0.0,,,7.589000225067139,-73.0719985961914,19.02,2.0,6.435441,-71.791355,462.0,190.52,312.11
TAM.2025.078.07.28.08,TAM,2025.078.07.28.08,unlabelled,,,,,0,0,0.0,0.0,,,4.330999851226807,-73.55799865722656,10.18,2.3,6.435441,-71.791355,462.0,304.12,220.16
TAM.2025.078.07.56.42,TAM,2025.078.07.56.42,unlabelled,,,,,0,0,0.0,0.0,,,4.241000175476074,-73.7750015258789,12.29,2.1,6.435441,-71.791355,462.0,327.45,222.27
TAM.2025.080.14.21.24,TAM,2025.080.14.21.24,unlabelled,,,,,0,0,0.0,0.0,,,5.451000213623047,-72.42400360107422,12.7,2.0,6.435441,-71.791355,462.0,129.46,212.79
TAM.2025.083.11.33.56,TAM,2025.083.11.33.56,unlabelled,,,,,0,0,0.0,0.0,,,7.5879998207092285,-73.03800201416016,16.04,1.7,6.435441,-71.791355,462.0,187.67,312.85
TAM.2025.084.10.17.24,TAM,2025.084.10.17.24,unlabelled,,,,,0,0,0.0,0.0,,,6.4120001792907715,-72.73600006103516,17.38,1.5,6.435441,-71.791355,462.0,104.53,268.63
TAM.2025.084.14.12.04,TAM,2025.084.14.12.04,unlabelled,,,,,0,0,0.0,0.0,,,5.931000232696533,-72.51200103759766,22.07,1.8,6.435441,-71.791355,462.0,97.33,235.07
TAM.2025.084.18.28.27,TAM,2025.084.18.28.27,unlabelled,,,,,0,0,0.0,0.0,,,5.104000091552734,-73.09100341796875,8.01,1.9,6.435441,-71.791355,462.0,205.91,224.42
TAM.2025.084.18.34.25,TAM,2025.084.18.34.25,unlabelled,,,,,0,0,0.0,0.0,,,5.752999782562256,-73.1510009765625,10.35,2.0,6.435441,-71.791355,462.0,168.37,243.44
TAM.2025.085.06.02.38,TAM,2025.085.06.02.38,unlabelled,,,,,0,0,0.0,0.0,,,6.664000034332275,-74.3270034790039,0.0,1.5,6.435441,-71.791355,462.0,281.57,275.29
TAM.2025.086.13.52.52,TAM,2025.086.13.52.52,unlabelled,,,,,0,0,0.0,0.0,,,4.36299991607666,-73.7020034790039,12.75,3.7,6.435441,-71.791355,462.0,312.02,222.83
TAM.2025.087.06.25.08,TAM,2025.087.06.25.08,unlabelled,,,,,0,0,0.0,0.0,,,6.776000022888184,-73.11199951171875,149.06,1.7,6.435441,-71.791355,462.0,150.82,284.54
TAM.2025.087.23.35.30,TAM,2025.087.23.35.30,unlabelled,,,,,0,0,0.0,0.0,,,5.583000183105469,-74.6719970703125,18.96,3.1,6.435441,-71.791355,462.0,332.56,253.69
TAM.2025.088.23.55.47,TAM,2025.088.23.55.47,unlabelled,,,,,0,0,0.0,0.0,,,4.355999946594238,-73.5199966430664,12.12,1.5,6.435441,-71.791355,462.0,299.3,219.88
TAM.2025.089.08.10.36,TAM,2025.089.08.10.36,unlabelled,,,,,0,0,0.0,0.0,,,5.104000091552734,-73.03099822998047,16.45,1.9,6.435441,-71.791355,462.0,201.32,223.06
TAM.2025.089.09.59.03,TAM,2025.089.09.59.03,unlabelled,,,,,0,0,0.0,0.0,,,4.5,-72.79000091552734,19.02,1.9,6.435441,-71.791355,462.0,240.95,207.39
TAM.2025.089.17.12.11,TAM,2025.089.17.12.11,unlabelled,,,,,0,0,0.0,0.0,,,7.179999828338623,-73.7969970703125,34.36,1.5,6.435441,-71.791355,462.0,236.5,290.49
TAM.2025.090.14.41.00,TAM,2025.090.14.41.00,unlabelled,,,,,0,0,0.0,0.0,,,6.551000118255615,-73.052001953125,27.81,1.7,6.435441,-71.791355,462.0,140.02,275.31
TAM.2025.093.09.48.51,TAM,2025.093.09.48.51,unlabelled,,,,,0,0,0.0,0.0,,,4.638000011444092,-73.4229965209961,0.0,1.8,6.435441,-71.791355,462.0,268.69,222.37
TAM.2025.093.21.59.57,TAM,2025.093.21.59.57,unlabelled,,,,,0,0,0.0,0.0,,,5.6479997634887695,-74.26599884033203,20.2,1.5,6.435441,-71.791355,462.0,287.46,252.5
TAM.2025.094.01.34.02,TAM,2025.094.01.34.02,unlabelled,,,,,0,0,0.0,0.0,,,7.211999893188477,-73.7979965209961,24.81,2.1,6.435441,-71.791355,462.0,237.85,291.28
TAM.2025.095.10.47.12,TAM,2025.095.10.47.12,unlabelled,,,,,0,0,0.0,0.0,,,5.366000175476074,-72.90499877929688,16.21,1.9,6.435441,-71.791355,462.0,170.86,226.26
TAM.2025.096.10.38.19,TAM,2025.096.10.38.19,unlabelled,,,,,0,0,0.0,0.0,,,5.747000217437744,-74.18699645996094,12.93,1.7,6.435441,-71.791355,462.0,275.9,254.11
TAM.2025.097.18.13.21,TAM,2025.097.18.13.21,unlabelled,,,,,0,0,0.0,0.0,,,7.125999927520752,-72.19400024414062,2.73,1.5,6.435441,-71.791355,462.0,88.39,329.79
TAM.2025.097.22.48.44,TAM,2025.097.22.48.44,unlabelled,,,,,0,0,0.0,0.0,,,7.0960001945495605,-72.0530014038086,15.86,2.3,6.435441,-71.791355,462.0,78.57,338.41
TAM.2025.097.22.54.32,TAM,2025.097.22.54.32,unlabelled,,,,,0,0,0.0,0.0,,,7.125999927520752,-72.1729965209961,26.17,1.7,6.435441,-71.791355,462.0,87.25,331.1
TAM.2025.098.10.24.55,TAM,2025.098.10.24.55,unlabelled,,,,,0,0,0.0,0.0,,,5.525000095367432,-73.125,0.05,1.7,6.435441,-71.791355,462.0,178.72,235.78
TAM.2025.098.10.33.13,TAM,2025.098.10.33.13,unlabelled,,,,,0,0,0.0,0.0,,,5.604000091552734,-73.0510025024414,15.7,1.9,6.435441,-71.791355,462.0,167.04,236.67
TAM.2025.098.15.59.21,TAM,2025.098.15.59.21,unlabelled,,,,,0,0,0.0,0.0,,,5.689000129699707,-72.7490005493164,18.01,2.2,6.435441,-71.791355,462.0,134.36,232.15
TAM.2025.099.02.45.18,TAM,2025.099.02.45.18,unlabelled,,,,,0,0,0.0,0.0,,,7.557000160217285,-72.38700103759766,1.29,1.8,6.435441,-71.791355,462.0,140.41,332.08
TAM.2025.100.10.01.37,TAM,2025.100.10.01.37,unlabelled,,,,,0,0,0.0,0.0,,,4.808000087738037,-73.40299987792969,17.97,1.7,6.435441,-71.791355,462.0,253.51,224.85
TAM.2025.100.10.48.26,TAM,2025.100.10.48.26,unlabelled,,,,,0,0,0.0,0.0,,,4.783999919891357,-73.39399719238281,23.95,1.9,6.435441,-71.791355,462.0,254.71,224.28
TAM.2025.103.18.38.34,TAM,2025.103.18.38.34,unlabelled,,,,,0,0,0.0,0.0,,,6.688000202178955,-73.98400115966797,10.12,1.9,6.435441,-71.791355,462.0,244.1,276.69
TAM.2025.105.01.23.07,TAM,2025.105.01.23.07,unlabelled,,,,,0,0,0.0,0.0,,,6.6620001792907715,-73.96299743652344,7.16,2.0,6.435441,-71.791355,462.0,241.48,276.08
TAM.2025.105.06.45.47,TAM,2025.105.06.45.47,unlabelled,,,,,0,0,0.0,0.0,,,6.103000164031982,-74.22100067138672,38.03,1.5,6.435441,-71.791355,462.0,271.36,262.35
TAM.2025.105.09.49.57,TAM,2025.105.09.49.57,unlabelled,,,,,0,0,0.0,0.0,,,7.204999923706055,-73.82499694824219,31.52,1.7,6.435441,-71.791355,462.0,240.36,290.86
TAM.2025.107.12.46.06,TAM,2025.107.12.46.06,unlabelled,,,,,0,0,0.0,0.0,,,5.355000019073486,-72.87300109863281,0.0,1.9,6.435441,-71.791355,462.0,169.18,225.13
TAM.2025.108.12.00.21,TAM,2025.108.12.00.21,unlabelled,,,,,0,0,0.0,0.0,,,6.269999980926514,-73.21099853515625,13.16,1.8,6.435441,-71.791355,462.0,158.13,263.43
TAM.2025.109.14.54.53,TAM,2025.109.14.54.53,unlabelled,,,,,0,0,0.0,0.0,,,5.71999979019165,-74.18099975585938,14.57,1.7,6.435441,-71.791355,462.0,276.11,253.48
TAM.2025.111.12.46.37,TAM,2025.111.12.46.37,unlabelled,,,,,0,0,0.0,0.0,,,7.6579999923706055,-74.01599884033203,34.52,1.7,6.435441,-71.791355,462.0,280.52,298.95
TAM.2025.111.23.10.48,TAM,2025.111.23.10.48,unlabelled,,,,,0,0,0.0,0.0,,,5.244999885559082,-73.00800323486328,18.79,2.0,6.435441,-71.791355,462.0,188.37,225.73
TAM.2025.113.23.43.30,TAM,2025.113.23.43.30,unlabelled,,,,,0,0,0.0,0.0,,,7.013000011444092,-72.33100128173828,21.6,1.7,6.435441,-71.791355,462.0,87.4,316.98
TAM.2025.114.03.15.22,TAM,2025.114.03.15.22,unlabelled,,,,,0,0,0.0,0.0,,,7.052999973297119,-72.3740005493164,21.86,1.5,6.435441,-71.791355,462.0,93.88,316.71
TAM.2025.114.14.54.23,TAM,2025.114.14.54.23,unlabelled,,,,,0,0,0.0,0.0,,,6.966000080108643,-74.5999984741211,13.13,1.7,6.435441,-71.791355,462.0,316.03,280.86
TAM.2025.116.04.25.17,TAM,2025.116.04.25.17,unlabelled,,,,,0,0,0.0,0.0,,,5.515999794006348,-73.39600372314453,18.79,1.5,6.435441,-71.791355,462.0,204.7,240.3
TAM.2025.118.07.19.12,TAM,2025.118.07.19.12,unlabelled,,,,,0,0,0.0,0.0,,,7.295000076293945,-74.11100006103516,17.81,1.5,6.435441,-71.791355,462.0,273.44,290.48
TAM.2025.118.23.44.00,TAM,2025.118.23.44.00,unlabelled,,,,,0,0,0.0,0.0,,,4.767000198364258,-73.42900085449219,0.0,1.8,6.435441,-71.791355,462.0,258.76,224.6
TAM.2025.119.06.29.24,TAM,2025.119.06.29.24,unlabelled,,,,,0,0,0.0,0.0,-0.16,,5.515999794006348,-72.73200225830078,15.98,2.0,6.435441,-71.791355,462.0,145.55,225.74
TAM.2025.120.03.49.01,TAM,2025.120.03.49.01,unlabelled,,,,,0,0,0.0,0.0,,,5.802000045776367,-73.197998046875,11.99,1.9,6.435441,-71.791355,462.0,170.73,245.85
TAM.2025.120.09.24.30,TAM,2025.120.09.24.30,unlabelled,,,,,0,0,0.0,0.0,,,6.546000003814697,-74.67900085449219,19.79,1.6,6.435441,-71.791355,462.0,319.64,272.35
TAM.2025.121.00.01.40,TAM,2025.121.00.01.40,unlabelled,,,,,0,0,0.0,0.0,,,6.548999786376953,-73.53399658203125,14.98,1.5,6.435441,-71.791355,462.0,193.16,273.83
TAM.2025.126.03.06.31,TAM,2025.126.03.06.31,unlabelled,,,,,0,0,0.0,0.0,,,7.4720001220703125,-73.69000244140625,0.0,1.7,6.435441,-71.791355,462.0,239.08,298.76
TAM.2025.128.01.21.03,TAM,2025.128.01.21.03,unlabelled,,,,,0,0,0.0,0.0,,,5.520999908447266,-73.05400085449219,2.0,1.7,6.435441,-71.791355,462.0,172.54,234.19
TAM.2025.128.04.30.43,TAM,2025.128.04.30.43,unlabelled,,,,,0,0,0.0,0.0,,,6.486000061035156,-72.94300079345703,0.02,1.6,6.435441,-71.791355,462.0,127.51,272.58
TAM.2025.128.05.30.41,TAM,2025.128.05.30.41,unlabelled,,,,,0,0,0.0,0.0,,,6.676000118255615,-73.98200225830078,0.0,1.7,6.435441,-71.791355,462.0,243.73,276.39
TAM.2025.128.05.33.54,TAM,2025.128.05.33.54,unlabelled,,,,,0,0,0.0,0.0,,,6.683000087738037,-73.99500274658203,1.63,2.5,6.435441,-71.791355,462.0,245.25,276.53
TAM.2025.128.07.55.43,TAM,2025.128.07.55.43,unlabelled,,,,,0,0,0.0,0.0,,,7.679999828338623,-74.51499938964844,30.24,1.5,6.435441,-71.791355,462.0,330.89,294.74
TAM.2025.129.08.28.01,TAM,2025.129.08.28.01,unlabelled,,,,,0,0,0.0,0.0,,,6.105999946594238,-73.95700073242188,10.31,2.1,6.435441,-71.791355,462.0,242.4,261.48
TAM.2025.129.18.37.11,TAM,2025.129.18.37.11,unlabelled,,,,,0,0,0.0,0.0,,,5.697999954223633,-73.06600189208984,12.64,2.6,6.435441,-71.791355,462.0,162.97,240.04
TAM.2025.130.01.58.29,TAM,2025.130.01.58.29,unlabelled,,,,,0,0,0.0,0.0,,,6.914000034332275,-74.552001953125,37.01,1.6,6.435441,-71.791355,462.0,309.8,279.99
TAM.2025.130.08.39.48,TAM,2025.130.08.39.48,unlabelled,,,,,0,0,0.0,0.0,,,6.699999809265137,-74.03500366210938,0.02,1.7,6.435441,-71.791355,462.0,249.85,276.85
TAM.2025.130.23.06.36,TAM,2025.130.23.06.36,unlabelled,,,,,0,0,0.0,0.0,,,5.1570000648498535,-73.07499694824219,3.81,1.8,6.435441,-71.791355,462.0,200.5,225.23
TAM.2025.131.08.53.03,TAM,2025.131.08.53.03,unlabelled,,,,,0,0,0.0,0.0,,,6.0980000495910645,-72.87699890136719,9.88,1.8,6.435441,-71.791355,462.0,125.8,252.8
TAM.2025.132.03.06.57,TAM,2025.132.03.06.57,unlabelled,,,,,0,0,0.0,0.0,,,4.245999813079834,-73.51499938964844,15.98,1.7,6.435441,-71.791355,462.0,308.41,218.36
TAM.2025.132.15.53.53,TAM,2025.132.15.53.53,unlabelled,,,,,0,0,0.0,0.0,,,7.6620001792907715,-73.4010009765625,15.0,1.5,6.435441,-71.791355,462.0,223.66,307.43
TAM.2025.133.20.49.39,TAM,2025.133.20.49.39,unlabelled,,,,,0,0,0.0,0.0,,,6.743000030517578,-73.93000030517578,28.92,1.7,6.435441,-71.791355,462.0,238.94,278.31
TAM.2025.134.08.57.26,TAM,2025.134.08.57.26,unlabelled,,,,,0,0,0.0,0.0,,,6.317999839782715,-74.05599975585938,33.77,1.7,6.435441,-71.791355,462.0,250.89,267.16
TAM.2025.134.20.15.30,TAM,2025.134.20.15.30,unlabelled,,,,,0,0,0.0,0.0,,,7.336999893188477,-74.06700134277344,0.0,1.6,6.435441,-71.791355,462.0,270.55,291.76
TAM.2025.135.06.56.39,TAM,2025.135.06.56.39,unlabelled,,,,,0,0,0.0,0.0,,,6.757999897003174,-73.9489974975586,30.14,1.6,6.435441,-71.791355,462.0,241.26,278.63
TAM.2025.135.22.42.43,TAM,2025.135.22.42.43,unlabelled,,,,,0,0,0.0,0.0,,,6.541999816894531,-72.94000244140625,15.39,2.1,6.435441,-71.791355,462.0,127.6,275.36
TAM.2025.136.14.27.16,TAM,2025.136.14.27.16,unlabelled,,,,,0,0,0.0,0.0,,,6.551000118255615,-73.62200164794922,1.42,1.5,6.435441,-71.791355,462.0,202.89,273.71
TAM.2025.137.01.06.00,TAM,2025.137.01.06.00,unlabelled,,,,,0,0,0.0,0.0,,,5.1570000648498535,-73.08699798583984,15.27,2.0,6.435441,-71.791355,462.0,201.44,225.49
TAM.2025.137.16.43.04,TAM,2025.137.16.43.04,unlabelled,,,,,0,0,0.0,0.0,,,6.501999855041504,-73.10700225830078,20.0,1.5,6.435441,-71.791355,462.0,145.72,272.97
TAM.2025.138.13.49.47,TAM,2025.138.13.49.47,unlabelled,,,,,0,0,0.0,0.0,,,6.705999851226807,-73.9469985961914,16.7,1.8,6.435441,-71.791355,462.0,240.27,277.28
TAM.2025.139.20.59.16,TAM,2025.139.20.59.16,unlabelled,,,,,0,0,0.0,0.0,,,5.263999938964844,-73.13700103759766,0.0,1.6,6.435441,-71.791355,462.0,197.46,229.07
TAM.2025.140.22.30.36,TAM,2025.140.22.30.36,unlabelled,,,,,0,0,0.0,0.0,,,5.0229997634887695,-72.85099792480469,17.91,3.3,6.435441,-71.791355,462.0,195.38,216.98
TAM.2025.140.23.05.31,TAM,2025.140.23.05.31,unlabelled,,,,,0,0,0.0,0.0,,,5.006999969482422,-72.88200378417969,0.0,2.3,6.435441,-71.791355,462.0,198.86,217.46
TAM.2025.142.17.30.36,TAM,2025.142.17.30.36,unlabelled,,,,,0,0,0.0,0.0,,,6.48799991607666,-72.7249984741211,15.98,2.1,6.435441,-71.791355,462.0,103.44,273.27
TAM.2025.143.02.08.57,TAM,2025.143.02.08.57,unlabelled,,,,,0,0,0.0,0.0,,,5.73199987411499,-72.38600158691406,5.74,1.6,6.435441,-71.791355,462.0,101.9,220.27
TAM.2025.143.22.16.50,TAM,2025.143.22.16.50,unlabelled,,,,,0,0,0.0,0.0,-2.55,,6.841000080108643,-73.42900085449219,0.58,2.1,6.435441,-71.791355,462.0,186.56,284.0
TAM.2025.144.13.55.33,TAM,2025.144.13.55.33,unlabelled,,,,,0,0,0.0,0.0,,,5.111999988555908,-73.03600311279297,0.0,2.2,6.435441,-71.791355,462.0,201.05,223.35
TAM.2025.144.22.02.43,TAM,2025.144.22.02.43,unlabelled,,,,,0,0,0.0,0.0,,,7.698999881744385,-72.73500061035156,12.4,1.5,6.435441,-71.791355,462.0,174.34,323.33
TAM.2025.149.21.15.27,TAM,2025.149.21.15.27,unlabelled,,,,,0,0,0.0,0.0,,,6.739999771118164,-72.18299865722656,19.41,1.7,6.435441,-71.791355,462.0,54.87,307.89
TAM.2025.150.06.02.15,TAM,2025.150.06.02.15,unlabelled,,,,,0,0,0.0,0.0,,,6.109000205993652,-72.8489990234375,15.98,1.9,6.435441,-71.791355,462.0,122.48,252.92
TAM.2025.150.13.10.35,TAM,2025.150.13.10.35,unlabelled,,,,,0,0,0.0,0.0,,,6.955999851226807,-74.18000030517578,6.46,1.7,6.435441,-71.791355,462.0,270.3,282.43
TAM.2025.151.05.40.31,TAM,2025.151.05.40.31,unlabelled,,,,,0,0,0.0,0.0,,,5.85099983215332,-72.63200378417969,8.69,2.0,6.435441,-71.791355,462.0,113.29,235.26
TAM.2025.153.09.51.41,TAM,2025.153.09.51.41,unlabelled,,,,,0,0,0.0,0.0,,,7.048999786376953,-72.23400115966797,15.98,1.5,6.435441,-71.791355,462.0,83.66,324.23
TAM.2025.156.11.14.28,TAM,2025.156.11.14.28,unlabelled,,,,,0,0,0.0,0.0,,,6.702000141143799,-73.16500091552734,27.75,2.3,6.435441,-71.791355,462.0,154.75,281.06
TAM.2025.157.04.57.01,TAM,2025.157.04.57.01,unlabelled,,,,,0,0,0.0,0.0,,,6.576000213623047,-74.69999694824219,3.15,2.0,6.435441,-71.791355,462.0,322.09,272.93
TAM.2025.158.09.56.53,TAM,2025.158.09.56.53,unlabelled,,,,,0,0,0.0,0.0,,,5.104000091552734,-73.16000366210938,17.1,1.8,6.435441,-71.791355,462.0,211.32,225.91
TAM.2025.159.02.43.36,TAM,2025.159.02.43.36,unlabelled,,,,,0,0,0.0,0.0,,,6.734000205993652,-73.29199981689453,16.15,1.8,6.435441,-71.791355,462.0,169.21,281.34
TAM.2025.159.09.12.46,TAM,2025.159.09.12.46,unlabelled,,,,,0,0,0.0,0.0,,,3.5329999923706055,-72.39900207519531,3.3,1.8,6.435441,-71.791355,462.0,327.96,191.89
TAM.2025.159.13.08.15,TAM,2025.159.13.08.15,unlabelled,,,,,0,0,0.0,0.0,,,4.445000171661377,-73.28500366210938,15.27,6.4,6.435441,-71.791355,462.0,275.4,217.02
TAM.2025.159.13.15.54,TAM,2025.159.13.15.54,unlabelled,,,,,0,0,0.0,0.0,,,4.455999851226807,-73.43599700927734,16.45,2.0,6.435441,-71.791355,462.0,284.83,219.86
TAM.2025.159.13.16.32,TAM,2025.159.13.16.32,unlabelled,,,,,0,0,0.0,0.0,,,4.48799991607666,-73.38300323486328,18.09,4.0,6.435441,-71.791355,462.0,278.36,219.4
TAM.2025.159.13.19.20,TAM,2025.159.13.19.20,unlabelled,,,,,0,0,0.0,0.0,,,4.395999908447266,-73.31500244140625,16.5,3.3,6.435441,-71.791355,462.0,281.73,216.9
TAM.2025.159.13.20.07,TAM,2025.159.13.20.07,unlabelled,,,,,0,0,0.0,0.0,,,4.484000205993652,-73.25499725341797,14.39,4.2,6.435441,-71.791355,462.0,269.95,217.0
TAM.2025.159.13.23.41,TAM,2025.159.13.23.41,unlabelled,,,,,0,0,0.0,0.0,,,4.4670000076293945,-73.30599975585938,16.68,4.0,6.435441,-71.791355,462.0,274.87,217.71
TAM.2025.159.13.24.18,TAM,2025.159.13.24.18,unlabelled,,,,,0,0,0.0,0.0,,,4.321000099182129,-73.30699920654297,24.94,3.8,6.435441,-71.791355,462.0,287.9,215.77
TAM.2025.159.13.25.13,TAM,2025.159.13.25.13,unlabelled,,,,,0,0,0.0,0.0,,,4.410999774932861,-73.34200286865234,15.98,2.0,6.435441,-71.791355,462.0,282.22,217.59
TAM.2025.159.13.27.36,TAM,2025.159.13.27.36,unlabelled,,,,,0,0,0.0,0.0,,,4.461999893188477,-73.2959976196289,12.99,3.6,6.435441,-71.791355,462.0,274.64,217.46
TAM.2025.159.13.28.48,TAM,2025.159.13.28.48,unlabelled,,,,,0,0,0.0,0.0,,,4.431000232696533,-73.3219985961914,11.23,3.8,6.435441,-71.791355,462.0,279.11,217.5
TAM.2025.159.13.33.50,TAM,2025.159.13.33.50,unlabelled,,,,,0,0,0.0,0.0,,,4.4070000648498535,-73.3219985961914,14.04,3.7,6.435441,-71.791355,462.0,281.23,217.17
TAM.2025.159.13.41.03,TAM,2025.159.13.41.03,unlabelled,,,,,0,0,0.0,0.0,,,4.568999767303467,-73.427001953125,28.52,2.9,6.435441,-71.791355,462.0,274.68,221.37
TAM.2025.159.13.41.38,TAM,2025.159.13.41.38,unlabelled,,,,,0,0,0.0,0.0,,,4.434999942779541,-73.27100372314453,12.99,3.3,6.435441,-71.791355,462.0,275.36,216.62
TAM.2025.159.13.42.24,TAM,2025.159.13.42.24,unlabelled,,,,,0,0,0.0,0.0,,,4.38100004196167,-73.30699920654297,12.87,3.4,6.435441,-71.791355,462.0,282.54,216.55
TAM.2025.159.13.44.09,TAM,2025.159.13.44.09,unlabelled,,,,,0,0,0.0,0.0,,,4.4670000076293945,-73.25399780273438,14.75,2.3,6.435441,-71.791355,462.0,271.39,216.74
TAM.2025.159.13.50.12,TAM,2025.159.13.50.12,unlabelled,,,,,0,0,0.0,0.0,,,4.482999801635742,-73.30599975585938,12.29,3.5,6.435441,-71.791355,462.0,273.47,217.94
TAM.2025.159.13.51.39,TAM,2025.159.13.51.39,unlabelled,,,,,0,0,0.0,0.0,,,4.425000190734863,-73.29199981689453,14.16,3.4,6.435441,-71.791355,462.0,277.64,216.87
TAM.2025.159.13.53.19,TAM,2025.159.13.53.19,unlabelled,,,,,0,0,0.0,0.0,,,4.4770002365112305,-73.32099914550781,22.07,2.4,6.435441,-71.791355,462.0,275.02,218.13
TAM.2025.159.13.54.06,TAM,2025.159.13.54.06,unlabelled,,,,,0,0,0.0,0.0,,,4.492000102996826,-73.51499938964844,37.07,2.6,6.435441,-71.791355,462.0,287.52,221.72
TAM.2025.159.13.56.18,TAM,2025.159.13.56.18,unlabelled,,,,,0,0,0.0,0.0,,,4.526000022888184,-73.30999755859375,15.04,2.7,6.435441,-71.791355,462.0,270.01,218.63
TAM.2025.159.13.57.30,TAM,2025.159.13.57.30,unlabelled,,,,,0,0,0.0,0.0,,,4.453000068664551,-73.31800079345703,16.09,2.9,6.435441,-71.791355,462.0,276.91,217.73
TAM.2025.159.13.59.51,TAM,2025.159.13.59.51,unlabelled,,,,,0,0,0.0,0.0,,,4.510000228881836,-73.375,10.23,2.3,6.435441,-71.791355,462.0,275.92,219.57
TAM.2025.159.14.00.19,TAM,2025.159.14.00.19,unlabelled,,,,,0,0,0.0,0.0,,,4.4070000648498535,-73.31300354003906,8.18,3.8,6.435441,-71.791355,462.0,280.63,217.01
TAM.2025.159.14.02.27,TAM,2025.159.14.02.27,unlabelled,,,,,0,0,0.0,0.0,,,4.374000072479248,-73.33399963378906,18.96,3.5,6.435441,-71.791355,462.0,284.95,216.95
TAM.2025.159.14.03.46,TAM,2025.159.14.03.46,unlabelled,,,,,0,0,0.0,0.0,,,4.453999996185303,-73.28500366210938,15.74,3.1,6.435441,-71.791355,462.0,274.61,217.14
TAM.2025.159.14.07.26,TAM,2025.159.14.07.26,unlabelled,,,,,0,0,0.0,0.0,,,4.461999893188477,-73.33399963378906,14.57,2.5,6.435441,-71.791355,462.0,277.21,218.15
TAM.2025.159.14.08.48,TAM,2025.159.14.08.48,unlabelled,,,,,0,0,0.0,0.0,,,4.473999977111816,-73.2509994506836,16.04,3.7,6.435441,-71.791355,462.0,270.57,216.79
TAM.2025.159.14.16.13,TAM,2025.159.14.16.13,unlabelled,,,,,0,0,0.0,0.0,,,4.420000076293945,-73.49600219726562,17.38,2.1,6.435441,-71.791355,462.0,292.16,220.37
TAM.2025.159.14.20.19,TAM,2025.159.14.20.19,unlabelled,,,,,0,0,0.0,0.0,,,4.386000156402588,-73.53399658203125,0.0,1.9,6.435441,-71.791355,462.0,297.76,220.52
TAM.2025.159.14.21.37,TAM,2025.159.14.21.37,unlabelled,,,,,0,0,0.0,0.0,,,4.519999980926514,-73.23699951171875,0.58,2.4,6.435441,-71.791355,462.0,265.57,217.17
TAM.2025.159.14.23.40,TAM,2025.159.14.23.40,unlabelled,,,,,0,0,0.0,0.0,,,4.449999809265137,-73.30799865722656,16.91,2.7,6.435441,-71.791355,462.0,276.5,217.51
TAM.2025.159.14.26.35,TAM,2025.159.14.26.35,unlabelled,,,,,0,0,0.0,0.0,,,4.406000137329102,-73.3010025024414,8.65,3.0,6.435441,-71.791355,462.0,279.92,216.78
TAM.2025.159.14.29.05,TAM,2025.159.14.29.05,unlabelled,,,,,0,0,0.0,0.0,,,4.513000011444092,-73.2249984741211,15.98,2.4,6.435441,-71.791355,462.0,265.39,216.84
TAM.2025.159.14.30.26,TAM,2025.159.14.30.26,unlabelled,,,,,0,0,0.0,0.0,,,4.473999977111816,-73.24700164794922,13.22,3.0,6.435441,-71.791355,462.0,270.31,216.71
TAM.2025.159.14.33.27,TAM,2025.159.14.33.27,unlabelled,,,,,0,0,0.0,0.0,,,4.479000091552734,-73.41300201416016,0.04,1.9,6.435441,-71.791355,462.0,281.25,219.79
TAM.2025.159.14.36.17,TAM,2025.159.14.36.17,unlabelled,,,,,0,0,0.0,0.0,,,4.442999839782715,-73.322998046875,9.88,2.9,6.435441,-71.791355,462.0,278.13,217.69
TAM.2025.159.14.37.58,TAM,2025.159.14.37.58,unlabelled,,,,,0,0,0.0,0.0,,,4.4720001220703125,-73.26899719238281,17.27,2.7,6.435441,-71.791355,462.0,271.95,217.1
TAM.2025.159.14.39.39,TAM,2025.159.14.39.39,unlabelled,,,,,0,0,0.0,0.0,,,4.415999889373779,-73.30799865722656,12.93,1.6,6.435441,-71.791355,462.0,279.5,217.04
TAM.2025.159.14.44.25,TAM,2025.159.14.44.25,unlabelled,,,,,0,0,0.0,0.0,,,4.400000095367432,-73.35900115966797,18.38,2.9,6.435441,-71.791355,462.0,284.33,217.74
TAM.2025.159.14.48.02,TAM,2025.159.14.48.02,unlabelled,,,,,0,0,0.0,0.0,,,4.610000133514404,-73.47899627685547,34.02,2.2,6.435441,-71.791355,462.0,275.17,222.9
TAM.2025.159.14.49.14,TAM,2025.159.14.49.14,unlabelled,,,,,0,0,0.0,0.0,-0.19,,4.514999866485596,-73.32499694824219,9.88,2.2,6.435441,-71.791355,462.0,272.0,218.74
TAM.2025.159.14.49.43,TAM,2025.159.14.49.43,unlabelled,,,,,0,0,0.0,0.0,-0.16,,4.566999912261963,-73.4800033569336,11.23,1.9,6.435441,-71.791355,462.0,278.75,222.25
TAM.2025.159.14.50.03,TAM,2025.159.14.50.03,unlabelled,,,,,0,0,0.0,0.0,-0.39,,4.438000202178955,-73.28199768066406,18.61,3.5,6.435441,-71.791355,462.0,275.82,216.87
TAM.2025.159.14.53.40,TAM,2025.159.14.53.40,unlabelled,,,,,0,0,0.0,0.0,,,4.4629998207092285,-73.2770004272461,13.05,2.4,6.435441,-71.791355,462.0,273.28,217.12
TAM.2025.159.14.56.36,TAM,2025.159.14.56.36,unlabelled,,,,,0,0,0.0,0.0,,,4.447000026702881,-73.2750015258789,18.38,2.8,6.435441,-71.791355,462.0,274.56,216.86
TAM.2025.159.15.06.18,TAM,2025.159.15.06.18,unlabelled,,,,,0,0,0.0,0.0,,,4.318999767303467,-73.26499938964844,0.0,2.4,6.435441,-71.791355,462.0,285.39,214.98
TAM.2025.159.15.08.58,TAM,2025.159.15.08.58,unlabelled,,,,,0,0,0.0,0.0,,,4.519000053405762,-73.33200073242188,10.59,2.4,6.435441,-71.791355,462.0,272.14,218.93
TAM.2025.159.15.14.05,TAM,2025.159.15.14.05,unlabelled,,,,,0,0,0.0,0.0,,,4.458000183105469,-73.25900268554688,15.74,2.9,6.435441,-71.791355,462.0,272.52,216.71
TAM.2025.159.15.18.40,TAM,2025.159.15.18.40,unlabelled,,,,,0,0,0.0,0.0,,,4.478000164031982,-73.28399658203125,12.34,2.1,6.435441,-71.791355,462.0,272.42,217.46
TAM.2025.159.15.27.28,TAM,2025.159.15.27.28,unlabelled,,,,,0,0,0.0,0.0,,,4.39900016784668,-73.30699920654297,16.5,3.2,6.435441,-71.791355,462.0,280.94,216.79
TAM.2025.159.15.30.32,TAM,2025.159.15.30.32,unlabelled,,,,,0,0,0.0,0.0,,,4.460000038146973,-73.33399963378906,11.76,2.3,6.435441,-71.791355,462.0,277.39,218.12
TAM.2025.159.15.36.22,TAM,2025.159.15.36.22,unlabelled,,,,,0,0,0.0,0.0,,,4.521999835968018,-73.3239974975586,0.0,2.0,6.435441,-71.791355,462.0,271.32,218.83
TAM.2025.159.15.47.19,TAM,2025.159.15.47.19,unlabelled,,,,,0,0,0.0,0.0,,,4.489999771118164,-73.52999877929688,15.98,1.9,6.435441,-71.791355,462.0,288.79,221.93
TAM.2025.159.15.52.48,TAM,2025.159.15.52.48,unlabelled,,,,,0,0,0.0,0.0,,,4.455999851226807,-73.30799865722656,17.15,2.4,6.435441,-71.791355,462.0,275.97,217.59
TAM.2025.159.16.00.29,TAM,2025.159.16.00.29,unlabelled,,,,,0,0,0.0,0.0,,,4.40500020980835,-73.3030014038086,0.0,2.0,6.435441,-71.791355,462.0,280.14,216.8
TAM.2025.159.16.05.27,TAM,2025.159.16.05.27,unlabelled,,,,,0,0,0.0,0.0,,,4.421999931335449,-73.46399688720703,2.38,1.7,6.435441,-71.791355,462.0,289.71,219.86
TAM.2025.159.16.08.08,TAM,2025.159.16.08.08,unlabelled,,,,,0,0,0.0,0.0,,,4.551000118255615,-73.4209976196289,0.01,2.0,6.435441,-71.791355,462.0,275.74,220.99
TAM.2025.159.16.14.19,TAM,2025.159.16.14.19,unlabelled,,,,,0,0,0.0,0.0,,,4.552999973297119,-73.46199798583984,5.66,2.2,6.435441,-71.791355,462.0,278.57,221.73
TAM.2025.159.16.15.04,TAM,2025.159.16.15.04,unlabelled,,,,,0,0,0.0,0.0,,,4.468999862670898,-73.29499816894531,16.04,2.5,6.435441,-71.791355,462.0,273.96,217.54
TAM.2025.159.16.25.47,TAM,2025.159.16.25.47,unlabelled,,,,,0,0,0.0,0.0,,,4.390999794006348,-73.3219985961914,17.68,3.6,6.435441,-71.791355,462.0,282.64,216.96
TAM.2025.159.16.37.09,TAM,2025.159.16.37.09,unlabelled,,,,,0,0,0.0,0.0,,,4.451000213623047,-73.26000213623047,12.11,2.2,6.435441,-71.791355,462.0,273.21,216.64
TAM.2025.159.16.38.54,TAM,2025.159.16.38.54,unlabelled,,,,,0,0,0.0,0.0,,,4.4770002365112305,-73.32099914550781,22.07,2.4,6.435441,-71.791355,462.0,275.02,218.13
TAM.2025.159.16.46.16,TAM,2025.159.16.46.16,unlabelled,,,,,0,0,0.0,0.0,,,4.485000133514404,-73.25399780273438,17.32,3.7,6.435441,-71.791355,462.0,269.8,217.0
TAM.2025.159.16.52.30,TAM,2025.159.16.52.30,unlabelled,,,,,0,0,0.0,0.0,,,4.521999835968018,-73.26300048828125,20.9,2.3,6.435441,-71.791355,462.0,267.14,217.69
TAM.2025.159.17.01.08,TAM,2025.159.17.01.08,unlabelled,,,,,0,0,0.0,0.0,,,4.445000171661377,-73.26599884033203,11.29,2.1,6.435441,-71.791355,462.0,274.14,216.66
TAM.2025.159.17.21.24,TAM,2025.159.17.21.24,unlabelled,,,,,0,0,0.0,0.0,,,4.420000076293945,-73.28900146484375,15.27,2.6,6.435441,-71.791355,462.0,277.88,216.75
TAM.2025.159.17.25.02,TAM,2025.159.17.25.02,unlabelled,,,,,0,0,0.0,0.0,,,4.507999897003174,-73.41999816894531,25.2,1.8,6.435441,-71.791355,462.0,279.29,220.34
TAM.2025.159.17.30.17,TAM,2025.159.17.30.17,unlabelled,,,,,0,0,0.0,0.0,,,4.389999866485596,-73.3489990234375,16.21,2.5,6.435441,-71.791355,462.0,284.54,217.43
TAM.2025.159.17.34.12,TAM,2025.159.17.34.12,unlabelled,,,,,0,0,0.0,0.0,,,4.47599983215332,-73.38400268554688,15.86,2.0,6.435441,-71.791355,462.0,279.46,219.24
TAM.2025.159.17.34.52,TAM,2025.159.17.34.52,unlabelled,,,,,0,0,0.0,0.0,,,4.585999965667725,-72.81800079345703,20.0,2.4,6.435441,-71.791355,462.0,234.03,209.14
TAM.2025.159.17.38.40,TAM,2025.159.17.38.40,unlabelled,,,,,0,0,0.0,0.0,,,4.485000133514404,-73.47799682617188,6.02,1.6,6.435441,-71.791355,462.0,285.4,221.0
TAM.2025.159.17.43.09,TAM,2025.159.17.43.09,unlabelled,,,,,0,0,0.0,0.0,,,4.420000076293945,-73.28700256347656,19.73,2.6,6.435441,-71.791355,462.0,277.75,216.71
TAM.2025.159.17.45.23,TAM,2025.159.17.45.23,unlabelled,,,,,0,0,0.0,0.0,,,4.388999938964844,-73.33200073242188,12.99,4.0,6.435441,-71.791355,462.0,283.49,217.11
TAM.2025.159.17.52.29,TAM,2025.159.17.52.29,unlabelled,,,,,0,0,0.0,0.0,,,4.377999782562256,-73.34200286865234,20.43,2.6,6.435441,-71.791355,462.0,285.13,217.14
TAM.2025.159.17.57.16,TAM,2025.159.17.57.16,unlabelled,,,,,0,0,0.0,0.0,,,4.517000198364258,-73.2760009765625,21.84,2.0,6.435441,-71.791355,462.0,268.46,217.87
TAM.2025.159.18.00.45,TAM,2025.159.18.00.45,unlabelled,,,,,0,0,0.0,0.0,,,4.498000144958496,-73.45099639892578,10.59,1.9,6.435441,-71.791355,462.0,282.36,220.73
TAM.2025.159.18.02.45,TAM,2025.159.18.02.45,unlabelled,,,,,0,0,0.0,0.0,,,4.394999980926514,-73.3740005493164,24.18,1.9,6.435441,-71.791355,462.0,285.79,217.94
TAM.2025.159.18.05.20,TAM,2025.159.18.05.20,unlabelled,,,,,0,0,0.0,0.0,,,4.433000087738037,-73.26300048828125,15.98,2.0,6.435441,-71.791355,462.0,275.01,216.44
TAM.2025.159.18.07.29,TAM,2025.159.18.07.29,unlabelled,,,,,0,0,0.0,0.0,,,7.552999973297119,-72.88700103759766,1.56,1.6,6.435441,-71.791355,462.0,173.01,315.66
TAM.2025.159.18.12.09,TAM,2025.159.18.12.09,unlabelled,,,,,0,0,0.0,0.0,,,4.396999835968018,-73.38099670410156,19.73,2.3,6.435441,-71.791355,462.0,286.09,218.09
TAM.2025.159.18.20.53,TAM,2025.159.18.20.53,unlabelled,,,,,0,0,0.0,0.0,,,4.640999794006348,-73.3219985961914,0.0,2.0,6.435441,-71.791355,462.0,261.04,220.6
TAM.2025.159.18.24.35,TAM,2025.159.18.24.35,unlabelled,,,,,0,0,0.0,0.0,,,4.446000099182129,-73.31099700927734,13.05,1.6,6.435441,-71.791355,462.0,277.05,217.51
TAM.2025.159.18.26.04,TAM,2025.159.18.26.04,unlabelled,,,,,0,0,0.0,0.0,,,4.474999904632568,-73.30799865722656,13.16,2.1,6.435441,-71.791355,462.0,274.31,217.86
TAM.2025.159.18.33.46,TAM,2025.159.18.33.46,unlabelled,,,,,0,0,0.0,0.0,,,4.425000190734863,-73.64399719238281,21.95,1.6,6.435441,-71.791355,462.0,302.62,222.81
TAM.2025.159.18.45.36,TAM,2025.159.18.45.36,unlabelled,,,,,0,0,0.0,0.0,,,4.459000110626221,-73.34600067138672,20.08,1.8,6.435441,-71.791355,462.0,278.3,218.32
TAM.2025.159.18.46.26,TAM,2025.159.18.46.26,unlabelled,,,,,0,0,0.0,0.0,,,4.375999927520752,-73.29100036621094,13.87,2.6,6.435441,-71.791355,462.0,281.93,216.2
TAM.2025.159.19.04.54,TAM,2025.159.19.04.54,unlabelled,,,,,0,0,0.0,0.0,,,4.47599983215332,-73.25399780273438,12.75,3.7,6.435441,-71.791355,462.0,270.6,216.87
TAM.2025.159.19.13.11,TAM,2025.159.19.13.11,unlabelled,,,,,0,0,0.0,0.0,,,4.533999919891357,-73.31300354003906,15.51,2.1,6.435441,-71.791355,462.0,269.52,218.8
TAM.2025.159.19.14.58,TAM,2025.159.19.14.58,unlabelled,,,,,0,0,0.0,0.0,,,4.465000152587891,-73.31900024414062,12.99,4.1,6.435441,-71.791355,462.0,275.93,217.92
TAM.2025.159.19.25.42,TAM,2025.159.19.25.42,unlabelled,,,,,0,0,0.0,0.0,,,4.442999839782715,-73.26100158691406,16.91,2.7,6.435441,-71.791355,462.0,273.99,216.54
TAM.2025.159.19.35.23,TAM,2025.159.19.35.23,unlabelled,,,,,0,0,0.0,0.0,,,4.414999961853027,-73.322998046875,0.0,2.1,6.435441,-71.791355,462.0,280.59,217.3
TAM.2025.159.19.43.05,TAM,2025.159.19.43.05,unlabelled,,,,,0,0,0.0,0.0,,,4.386000156402588,-73.36299896240234,0.0,1.9,6.435441,-71.791355,462.0,285.83,217.62
TAM.2025.159.19.48.49,TAM,2025.159.19.48.49,unlabelled,,,,,0,0,0.0,0.0,,,4.302999973297119,-73.29499816894531,0.0,2.2,6.435441,-71.791355,462.0,288.75,215.32
TAM.2025.159.19.58.29,TAM,2025.159.19.58.29,unlabelled,,,,,0,0,0.0,0.0,,,4.48199987411499,-73.2699966430664,18.96,3.7,6.435441,-71.791355,462.0,271.13,217.26
TAM.2025.159.20.25.07,TAM,2025.159.20.25.07,unlabelled,,,,,0,0,0.0,0.0,,,4.434999942779541,-73.35600280761719,23.65,2.6,6.435441,-71.791355,462.0,281.07,218.17
TAM.2025.159.20.34.25,TAM,2025.159.20.34.25,unlabelled,,,,,0,0,0.0,0.0,,,4.47599983215332,-73.33300018310547,14.45,2.5,6.435441,-71.791355,462.0,275.93,218.33
TAM.2025.159.20.43.44,TAM,2025.159.20.43.44,unlabelled,,,,,0,0,0.0,0.0,,,4.474999904632568,-73.27200317382812,18.32,2.4,6.435441,-71.791355,462.0,271.88,217.19
TAM.2025.159.20.56.01,TAM,2025.159.20.56.01,unlabelled,,,,,0,0,0.0,0.0,,,4.96999979019165,-73.30599975585938,24.65,2.1,6.435441,-71.791355,462.0,233.26,226.07
TAM.2025.159.20.57.39,TAM,2025.159.20.57.39,unlabelled,,,,,0,0,0.0,0.0,,,4.451000213623047,-73.447998046875,5.55,1.8,6.435441,-71.791355,462.0,286.11,220.0
TAM.2025.159.21.01.37,TAM,2025.159.21.01.37,unlabelled,,,,,0,0,0.0,0.0,,,4.459000110626221,-73.29000091552734,15.86,2.2,6.435441,-71.791355,462.0,274.5,217.3
TAM.2025.159.21.02.23,TAM,2025.159.21.02.23,unlabelled,,,,,0,0,0.0,0.0,,,4.506999969482422,-73.26799774169922,21.6,2.4,6.435441,-71.791355,462.0,268.8,217.57
TAM.2025.159.21.49.51,TAM,2025.159.21.49.51,unlabelled,,,,,0,0,0.0,0.0,,,4.413000106811523,-73.45600128173828,3.2,1.9,6.435441,-71.791355,462.0,289.91,219.6
TAM.2025.159.21.53.44,TAM,2025.159.21.53.44,unlabelled,,,,,0,0,0.0,0.0,,,4.420000076293945,-73.48500061035156,0.74,2.0,6.435441,-71.791355,462.0,291.38,220.19
TAM.2025.159.21.59.31,TAM,2025.159.21.59.31,unlabelled,,,,,0,0,0.0,0.0,,,4.520999908447266,-73.52300262451172,14.22,1.8,6.435441,-71.791355,462.0,285.73,222.28
TAM.2025.159.22.02.06,TAM,2025.159.22.02.06,unlabelled,,,,,0,0,0.0,0.0,,,4.433000087738037,-73.25499725341797,31.68,2.4,6.435441,-71.791355,462.0,274.49,216.3
TAM.2025.159.22.09.00,TAM,2025.159.22.09.00,unlabelled,,,,,0,0,0.0,0.0,,,4.453999996185303,-73.44499969482422,4.96,2.1,6.435441,-71.791355,462.0,285.64,219.99
TAM.2025.159.22.11.55,TAM,2025.159.22.11.55,unlabelled,,,,,0,0,0.0,0.0,,,4.401000022888184,-73.36599731445312,22.3,2.6,6.435441,-71.791355,462.0,284.72,217.88
TAM.2025.159.22.13.17,TAM,2025.159.22.13.17,unlabelled,,,,,0,0,0.0,0.0,,,4.4710001945495605,-73.27200317382812,18.55,2.4,6.435441,-71.791355,462.0,272.24,217.14
TAM.2025.159.22.25.08,TAM,2025.159.22.25.08,unlabelled,,,,,0,0,0.0,0.0,,,4.455999851226807,-73.28299713134766,16.27,2.8,6.435441,-71.791355,462.0,274.3,217.13
TAM.2025.159.22.28.20,TAM,2025.159.22.28.20,unlabelled,,,,,0,0,0.0,0.0,,,4.458000183105469,-73.28500366210938,19.49,2.6,6.435441,-71.791355,462.0,274.25,217.2
TAM.2025.159.22.33.46,TAM,2025.159.22.33.46,unlabelled,,,,,0,0,0.0,0.0,,,4.546000003814697,-73.51300048828125,5.0,1.8,6.435441,-71.791355,462.0,282.93,222.48
TAM.2025.159.22.40.54,TAM,2025.159.22.40.54,unlabelled,,,,,0,0,0.0,0.0,,,4.28000020980835,-73.73699951171875,10.0,1.5,6.435441,-71.791355,462.0,321.42,222.23
TAM.2025.159.22.43.31,TAM,2025.159.22.43.31,unlabelled,,,,,0,0,0.0,0.0,,,4.410999774932861,-73.3489990234375,20.72,4.7,6.435441,-71.791355,462.0,282.69,217.71
TAM.2025.159.22.48.20,TAM,2025.159.22.48.20,unlabelled,,,,,0,0,0.0,0.0,,,4.440999984741211,-73.26100158691406,15.98,2.8,6.435441,-71.791355,462.0,274.17,216.52
TAM.2025.159.23.02.37,TAM,2025.159.23.02.37,unlabelled,,,,,0,0,0.0,0.0,,,4.4019999504089355,-73.35099792480469,19.43,3.1,6.435441,-71.791355,462.0,283.62,217.63
TAM.2025.159.23.13.13,TAM,2025.159.23.13.13,unlabelled,,,,,0,0,0.0,0.0,,,4.431000232696533,-73.29299926757812,13.63,2.2,6.435441,-71.791355,462.0,277.17,216.97
TAM.2025.159.23.21.07,TAM,2025.159.23.21.07,unlabelled,,,,,0,0,0.0,0.0,,,4.364999771118164,-73.57499694824219,22.07,2.4,6.435441,-71.791355,462.0,302.48,220.89
TAM.2025.159.23.32.31,TAM,2025.159.23.32.31,unlabelled,,,,,0,0,0.0,0.0,,,4.421999931335449,-73.35299682617188,20.9,2.2,6.435441,-71.791355,462.0,282.0,217.93
TAM.2025.159.23.43.07,TAM,2025.159.23.43.07,unlabelled,,,,,0,0,0.0,0.0,,,4.380000114440918,-73.34200286865234,15.74,1.6,6.435441,-71.791355,462.0,284.95,217.17
TAM.2025.159.23.49.36,TAM,2025.159.23.49.36,unlabelled,,,,,0,0,0.0,0.0,,,4.375999927520752,-73.3489990234375,15.98,2.4,6.435441,-71.791355,462.0,285.77,217.24
TAM.2025.160.00.06.05,TAM,2025.160.00.06.05,unlabelled,,,,,0,0,0.0,0.0,,,4.480999946594238,-73.31300354003906,15.98,2.3,6.435441,-71.791355,462.0,274.12,218.04
TAM.2025.160.00.20.22,TAM,2025.160.00.20.22,unlabelled,,,,,0,0,0.0,0.0,,,4.40500020980835,-73.30799865722656,15.98,2.3,6.435441,-71.791355,462.0,280.47,216.89
TAM.2025.160.00.21.11,TAM,2025.160.00.21.11,unlabelled,,,,,0,0,0.0,0.0,,,4.423999786376953,-73.46399688720703,8.95,2.2,6.435441,-71.791355,462.0,289.54,219.89
TAM.2025.160.00.37.30,TAM,2025.160.00.37.30,unlabelled,,,,,0,0,0.0,0.0,,,4.458000183105469,-73.2979965209961,13.16,1.9,6.435441,-71.791355,462.0,275.12,217.44
TAM.2025.160.00.40.42,TAM,2025.160.00.40.42,unlabelled,,,,,0,0,0.0,0.0,,,4.495999813079834,-73.34200286865234,19.26,2.0,6.435441,-71.791355,462.0,274.82,218.78
TAM.2025.160.01.25.42,TAM,2025.160.01.25.42,unlabelled,,,,,0,0,0.0,0.0,,,4.311999797821045,-73.56800079345703,15.04,1.6,6.435441,-71.791355,462.0,306.45,220.07
TAM.2025.160.01.32.05,TAM,2025.160.01.32.05,unlabelled,,,,,0,0,0.0,0.0,,,4.447000026702881,-73.25299835205078,15.98,3.0,6.435441,-71.791355,462.0,273.11,216.45
TAM.2025.160.01.38.57,TAM,2025.160.01.38.57,unlabelled,,,,,0,0,0.0,0.0,,,4.49399995803833,-73.322998046875,19.02,2.0,6.435441,-71.791355,462.0,273.68,218.41
TAM.2025.160.01.51.12,TAM,2025.160.01.51.12,unlabelled,,,,,0,0,0.0,0.0,,,4.508999824523926,-73.33599853515625,17.62,1.8,6.435441,-71.791355,462.0,273.28,218.86
TAM.2025.160.01.56.09,TAM,2025.160.01.56.09,unlabelled,,,,,0,0,0.0,0.0,,,4.579999923706055,-73.41200256347656,0.0,1.6,6.435441,-71.791355,462.0,272.67,221.27
TAM.2025.160.01.58.16,TAM,2025.160.01.58.16,unlabelled,,,,,0,0,0.0,0.0,,,4.468999862670898,-73.27799987792969,12.99,3.6,6.435441,-71.791355,462.0,272.81,217.22
TAM.2025.160.02.16.19,TAM,2025.160.02.16.19,unlabelled,,,,,0,0,0.0,0.0,,,4.4039998054504395,-73.33699798583984,13.05,1.7,6.435441,-71.791355,462.0,282.5,217.4
TAM.2025.160.02.22.38,TAM,2025.160.02.22.38,unlabelled,,,,,0,0,0.0,0.0,,,4.020999908447266,-73.5530014038086,32.7,1.8,6.435441,-71.791355,462.0,330.79,216.27
TAM.2025.160.02.28.43,TAM,2025.160.02.28.43,unlabelled,,,,,0,0,0.0,0.0,,,4.439000129699707,-73.28299713134766,19.26,2.3,6.435441,-71.791355,462.0,275.8,216.9
TAM.2025.160.02.44.37,TAM,2025.160.02.44.37,unlabelled,,,,,0,0,0.0,0.0,,,4.427999973297119,-73.30400085449219,17.85,2.3,6.435441,-71.791355,462.0,278.17,217.13
TAM.2025.160.02.50.03,TAM,2025.160.02.50.03,unlabelled,,,,,0,0,0.0,0.0,-2.38,,4.427999973297119,-73.322998046875,15.98,1.8,6.435441,-71.791355,462.0,279.44,217.48
TAM.2025.160.02.57.56,TAM,2025.160.02.57.56,unlabelled,,,,,0,0,0.0,0.0,,,4.585000038146973,-73.38099670410156,14.1,1.8,6.435441,-71.791355,462.0,270.0,220.8
TAM.2025.160.03.28.30,TAM,2025.160.03.28.30,unlabelled,,,,,0,0,0.0,0.0,,,4.486000061035156,-73.30599975585938,14.34,1.9,6.435441,-71.791355,462.0,273.21,217.98
TAM.2025.160.03.29.30,TAM,2025.160.03.29.30,unlabelled,,,,,0,0,0.0,0.0,,,4.386000156402588,-73.31700134277344,17.38,2.3,6.435441,-71.791355,462.0,282.75,216.8
TAM.2025.160.03.52.54,TAM,2025.160.03.52.54,unlabelled,,,,,0,0,0.0,0.0,,,4.48799991607666,-73.27999877929688,0.0,1.8,6.435441,-71.791355,462.0,271.28,217.53
TAM.2025.160.04.15.37,TAM,2025.160.04.15.37,unlabelled,,,,,0,0,0.0,0.0,,,4.505000114440918,-73.27200317382812,0.0,1.1,6.435441,-71.791355,462.0,269.24,217.62
TAM.2025.160.04.19.01,TAM,2025.160.04.19.01,unlabelled,,,,,0,0,0.0,0.0,,,4.4670000076293945,-73.24400329589844,16.21,2.0,6.435441,-71.791355,462.0,270.73,216.56
TAM.2025.160.04.30.21,TAM,2025.160.04.30.21,unlabelled,,,,,0,0,0.0,0.0,,,4.5229997634887695,-73.0719985961914,2.95,1.9,6.435441,-71.791355,462.0,254.68,213.93
TAM.2025.160.05.11.57,TAM,2025.160.05.11.57,unlabelled,,,,,0,0,0.0,0.0,,,4.392000198364258,-73.28500366210938,19.49,2.6,6.435441,-71.791355,462.0,280.11,216.3
TAM.2025.160.05.17.49,TAM,2025.160.05.17.49,unlabelled,,,,,0,0,0.0,0.0,,,4.434999942779541,-73.2699966430664,15.98,2.4,6.435441,-71.791355,462.0,275.29,216.6
TAM.2025.160.05.24.07,TAM,2025.160.05.24.07,unlabelled,,,,,0,0,0.0,0.0,,,4.4710001945495605,-73.13300323486328,10.0,1.9,6.435441,-71.791355,462.0,263.24,214.45
TAM.2025.160.06.34.05,TAM,2025.160.06.34.05,unlabelled,,,,,0,0,0.0,0.0,,,4.454999923706055,-73.28600311279297,0.0,2.0,6.435441,-71.791355,462.0,274.58,217.17
TAM.2025.160.06.44.35,TAM,2025.160.06.44.35,unlabelled,,,,,0,0,0.0,0.0,,,4.36299991607666,-73.56800079345703,19.26,1.9,6.435441,-71.791355,462.0,302.14,220.76
TAM.2025.160.07.16.31,TAM,2025.160.07.16.31,unlabelled,,,,,0,0,0.0,0.0,,,5.8480000495910645,-73.23100280761719,9.77,1.8,6.435441,-71.791355,462.0,172.08,247.9
TAM.2025.160.07.25.25,TAM,2025.160.07.25.25,unlabelled,,,,,0,0,0.0,0.0,,,4.50600004196167,-73.26499938964844,16.33,2.2,6.435441,-71.791355,462.0,268.68,217.5
TAM.2025.160.08.27.39,TAM,2025.160.08.27.39,unlabelled,,,,,0,0,0.0,0.0,,,4.4730000495910645,-73.2750015258789,0.0,1.8,6.435441,-71.791355,462.0,272.26,217.22
TAM.2025.160.08.42.38,TAM,2025.160.08.42.38,unlabelled,,,,,0,0,0.0,0.0,,,4.446000099182129,-73.35099792480469,10.0,1.8,6.435441,-71.791355,462.0,279.77,218.23
TAM.2025.160.08.52.09,TAM,2025.160.08.52.09,unlabelled,,,,,0,0,0.0,0.0,,,4.388999938964844,-73.19400024414062,6.6,2.0,6.435441,-71.791355,462.0,274.55,214.55
TAM.2025.160.09.16.28,TAM,2025.160.09.16.28,unlabelled,,,,,0,0,0.0,0.0,,,4.426000118255615,-73.33599853515625,19.96,2.4,6.435441,-71.791355,462.0,280.5,217.69
TAM.2025.160.09.27.05,TAM,2025.160.09.27.05,unlabelled,,,,,0,0,0.0,0.0,,,4.394999980926514,-73.18499755859375,10.0,1.9,6.435441,-71.791355,462.0,273.43,214.46
TAM.2025.160.09.52.39,TAM,2025.160.09.52.39,unlabelled,,,,,0,0,0.0,0.0,,,4.4629998207092285,-73.44400024414062,9.3,1.9,6.435441,-71.791355,462.0,284.81,220.1
TAM.2025.160.09.59.33,TAM,2025.160.09.59.33,unlabelled,,,,,0,0,0.0,0.0,,,4.6020002365112305,-73.36599731445312,10.0,1.8,6.435441,-71.791355,462.0,267.49,220.79
TAM.2025.160.10.14.42,TAM,2025.160.10.14.42,unlabelled,,,,,0,0,0.0,0.0,,,4.374000072479248,-73.23999786376953,0.0,1.9,6.435441,-71.791355,462.0,278.82,215.23
TAM.2025.160.10.22.51,TAM,2025.160.10.22.51,unlabelled,,,,,0,0,0.0,0.0,,,4.438000202178955,-73.29900360107422,21.48,2.1,6.435441,-71.791355,462.0,276.95,217.18
TAM.2025.160.10.34.31,TAM,2025.160.10.34.31,unlabelled,,,,,0,0,0.0,0.0,,,4.492000102996826,-73.23500061035156,3.87,2.1,6.435441,-71.791355,462.0,267.92,216.74
TAM.2025.160.10.35.29,TAM,2025.160.10.35.29,unlabelled,,,,,0,0,0.0,0.0,,,4.361999988555908,-73.38400268554688,15.86,1.9,6.435441,-71.791355,462.0,289.36,217.67
TAM.2025.160.11.12.49,TAM,2025.160.11.12.49,unlabelled,,,,,0,0,0.0,0.0,,,4.394999980926514,-73.37300109863281,14.51,3.2,6.435441,-71.791355,462.0,285.72,217.92
TAM.2025.160.12.10.51,TAM,2025.160.12.10.51,unlabelled,,,,,0,0,0.0,0.0,,,4.482999801635742,-73.38099670410156,0.98,1.9,6.435441,-71.791355,462.0,278.65,219.29
TAM.2025.160.12.13.07,TAM,2025.160.12.13.07,unlabelled,,,,,0,0,0.0,0.0,,,4.343999862670898,-73.25499725341797,30.0,1.9,6.435441,-71.791355,462.0,282.49,215.12
TAM.2025.160.13.24.07,TAM,2025.160.13.24.07,unlabelled,,,,,0,0,0.0,0.0,,,4.4070000648498535,-73.35900115966797,16.45,2.5,6.435441,-71.791355,462.0,283.72,217.84
TAM.2025.160.13.59.23,TAM,2025.160.13.59.23,unlabelled,,,,,0,0,0.0,0.0,,,4.433000087738037,-73.35299682617188,18.79,2.1,6.435441,-71.791355,462.0,281.04,218.09
TAM.2025.160.14.57.47,TAM,2025.160.14.57.47,unlabelled,,,,,0,0,0.0,0.0,,,4.4670000076293945,-73.4729995727539,4.49,2.4,6.435441,-71.791355,462.0,286.55,220.65
TAM.2025.160.14.57.50,TAM,2025.160.14.57.50,unlabelled,,,,,0,0,0.0,0.0,,,6.831999778747559,-74.4530029296875,12.72,1.6,6.435441,-71.791355,462.0,297.57,278.63
TAM.2025.160.15.23.28,TAM,2025.160.15.23.28,unlabelled,,,,,0,0,0.0,0.0,,,4.544000148773193,-73.4520034790039,14.45,1.9,6.435441,-71.791355,462.0,278.59,221.42
TAM.2025.160.16.00.40,TAM,2025.160.16.00.40,unlabelled,,,,,0,0,0.0,0.0,,,4.53000020980835,-73.43399810791016,5.9,2.1,6.435441,-71.791355,462.0,278.44,220.9
TAM.2025.160.16.19.59,TAM,2025.160.16.19.59,unlabelled,,,,,0,0,0.0,0.0,,,6.828000068664551,-74.4520034790039,6.18,1.9,6.435441,-71.791355,462.0,297.4,278.55
TAM.2025.160.16.24.08,TAM,2025.160.16.24.08,unlabelled,,,,,0,0,0.0,0.0,,,4.4710001945495605,-73.4280014038086,11.05,2.3,6.435441,-71.791355,462.0,282.99,219.94
TAM.2025.160.16.27.55,TAM,2025.160.16.27.55,unlabelled,,,,,0,0,0.0,0.0,,,7.263000011444092,-72.71399688720703,4.96,2.0,6.435441,-71.791355,462.0,137.02,311.96
TAM.2025.160.17.08.24,TAM,2025.160.17.08.24,unlabelled,,,,,0,0,0.0,0.0,,,4.492000102996826,-73.5979995727539,7.07,2.1,6.435441,-71.791355,462.0,293.71,223.06
TAM.2025.160.17.16.37,TAM,2025.160.17.16.37,unlabelled,,,,,0,0,0.0,0.0,,,4.440999984741211,-73.35900115966797,18.09,2.2,6.435441,-71.791355,462.0,280.75,218.3
TAM.2025.160.17.22.35,TAM,2025.160.17.22.35,unlabelled,,,,,0,0,0.0,0.0,,,4.468999862670898,-73.4729995727539,4.73,2.1,6.435441,-71.791355,462.0,286.38,220.68
TAM.2025.160.17.55.16,TAM,2025.160.17.55.16,unlabelled,,,,,0,0,0.0,0.0,,,5.624000072479248,-72.64600372314453,10.59,2.2,6.435441,-71.791355,462.0,130.4,226.56
TAM.2025.160.18.36.49,TAM,2025.160.18.36.49,unlabelled,,,,,0,0,0.0,0.0,,,4.410999774932861,-73.53399658203125,6.6,1.8,6.435441,-71.791355,462.0,295.66,220.87
TAM.2025.160.19.00.53,TAM,2025.160.19.00.53,unlabelled,,,,,0,0,0.0,0.0,,,4.401000022888184,-73.32099914550781,14.34,2.9,6.435441,-71.791355,462.0,281.69,217.07
TAM.2025.160.20.01.43,TAM,2025.160.20.01.43,unlabelled,,,,,0,0,0.0,0.0,,,4.372000217437744,-73.33899688720703,21.43,2.9,6.435441,-71.791355,462.0,285.45,217.01
TAM.2025.160.21.25.24,TAM,2025.160.21.25.24,unlabelled,,,,,0,0,0.0,0.0,,,4.504000186920166,-73.34300231933594,13.28,2.1,6.435441,-71.791355,462.0,274.19,218.91
TAM.2025.160.21.52.43,TAM,2025.160.21.52.43,unlabelled,,,,,0,0,0.0,0.0,,,4.506999969482422,-73.33999633789062,8.24,2.1,6.435441,-71.791355,462.0,273.73,218.9
TAM.2025.160.22.48.45,TAM,2025.160.22.48.45,unlabelled,,,,,0,0,0.0,0.0,,,7.359000205993652,-74.0989990234375,7.3,1.7,6.435441,-71.791355,462.0,274.73,291.96
TAM.2025.160.23.51.15,TAM,2025.160.23.51.15,unlabelled,,,,,0,0,0.0,0.0,,,4.480999946594238,-73.35299682617188,16.91,2.2,6.435441,-71.791355,462.0,276.87,218.76
TAM.2025.161.00.10.02,TAM,2025.161.00.10.02,unlabelled,,,,,0,0,0.0,0.0,,,4.489999771118164,-73.40399932861328,13.87,2.1,6.435441,-71.791355,462.0,279.67,219.8
TAM.2025.161.00.40.03,TAM,2025.161.00.40.03,unlabelled,,,,,0,0,0.0,0.0,,,4.380000114440918,-73.30999755859375,15.27,2.2,6.435441,-71.791355,462.0,282.82,216.59
TAM.2025.161.01.08.29,TAM,2025.161.01.08.29,unlabelled,,,,,0,0,0.0,0.0,,,4.441999912261963,-73.22799682617188,1.0,2.0,6.435441,-71.791355,462.0,271.92,215.91
TAM.2025.161.01.41.27,TAM,2025.161.01.41.27,unlabelled,,,,,0,0,0.0,0.0,,,4.433000087738037,-73.27400207519531,15.27,2.6,6.435441,-71.791355,462.0,275.74,216.65
TAM.2025.161.01.51.33,TAM,2025.161.01.51.33,unlabelled,,,,,0,0,0.0,0.0,,,4.464000225067139,-73.56600189208984,0.98,1.7,6.435441,-71.791355,462.0,293.6,222.14
TAM.2025.161.01.52.48,TAM,2025.161.01.52.48,unlabelled,,,,,0,0,0.0,0.0,,,4.4070000648498535,-73.29299926757812,12.46,2.5,6.435441,-71.791355,462.0,279.3,216.65
TAM.2025.161.02.02.22,TAM,2025.161.02.02.22,unlabelled,,,,,0,0,0.0,0.0,,,4.453999996185303,-73.35700225830078,15.27,2.1,6.435441,-71.791355,462.0,279.49,218.45
TAM.2025.161.03.47.05,TAM,2025.161.03.47.05,unlabelled,,,,,0,0,0.0,0.0,,,4.506999969482422,-73.34500122070312,1.68,1.9,6.435441,-71.791355,462.0,274.07,218.99
TAM.2025.161.04.48.41,TAM,2025.161.04.48.41,unlabelled,,,,,0,0,0.0,0.0,,,4.4770002365112305,-73.36599731445312,21.37,2.3,6.435441,-71.791355,462.0,278.12,218.94
TAM.2025.161.04.54.53,TAM,2025.161.04.54.53,unlabelled,,,,,0,0,0.0,0.0,,,4.441999912261963,-73.24700164794922,0.27,1.8,6.435441,-71.791355,462.0,273.16,216.27
TAM.2025.161.04.58.30,TAM,2025.161.04.58.30,unlabelled,,,,,0,0,0.0,0.0,,,4.559999942779541,-73.34200286865234,9.41,1.7,6.435441,-71.791355,462.0,269.32,219.72
TAM.2025.161.05.05.09,TAM,2025.161.05.05.09,unlabelled,,,,,0,0,0.0,0.0,,,4.426000118255615,-73.31300354003906,17.62,2.4,6.435441,-71.791355,462.0,278.95,217.27
TAM.2025.161.05.09.32,TAM,2025.161.05.09.32,unlabelled,,,,,0,0,0.0,0.0,,,4.49399995803833,-73.28099822998047,14.57,1.7,6.435441,-71.791355,462.0,270.82,217.63
TAM.2025.161.07.11.01,TAM,2025.161.07.11.01,unlabelled,,,,,0,0,0.0,0.0,,,4.421000003814697,-73.26499938964844,13.52,2.3,6.435441,-71.791355,462.0,276.21,216.32
TAM.2025.161.09.20.18,TAM,2025.161.09.20.18,unlabelled,,,,,0,0,0.0,0.0,,,4.460000038146973,-73.41200256347656,0.0,1.8,6.435441,-71.791355,462.0,282.8,219.51
TAM.2025.161.11.50.42,TAM,2025.161.11.50.42,unlabelled,,,,,0,0,0.0,0.0,,,4.491000175476074,-73.27799987792969,12.75,3.2,6.435441,-71.791355,462.0,270.88,217.53
TAM.2025.161.12.32.25,TAM,2025.161.12.32.25,unlabelled,,,,,0,0,0.0,0.0,,,4.454999923706055,-73.26899719238281,0.0,2.0,6.435441,-71.791355,462.0,273.45,216.86
TAM.2025.161.15.05.36,TAM,2025.161.15.05.36,unlabelled,,,,,0,0,0.0,0.0,,,4.3520002365112305,-73.28500366210938,19.96,2.6,6.435441,-71.791355,462.0,283.69,215.77
TAM.2025.161.15.20.53,TAM,2025.161.15.20.53,unlabelled,,,,,0,0,0.0,0.0,,,4.419000148773193,-73.33399963378906,14.86,3.3,6.435441,-71.791355,462.0,280.98,217.55
TAM.2025.161.17.28.28,TAM,2025.161.17.28.28,unlabelled,,,,,0,0,0.0,0.0,,,4.3480000495910645,-73.33399963378906,22.07,2.3,6.435441,-71.791355,462.0,287.25,216.6
TAM.2025.161.17.29.13,TAM,2025.161.17.29.13,unlabelled,,,,,0,0,0.0,0.0,,,4.423999786376953,-73.52999877929688,0.51,2.0,6.435441,-71.791355,462.0,294.28,220.99
TAM.2025.161.18.02.15,TAM,2025.161.18.02.15,unlabelled,,,,,0,0,0.0,0.0,,,4.493000030517578,-73.37999725341797,13.05,2.0,6.435441,-71.791355,462.0,277.72,219.42
TAM.2025.161.18.39.18,TAM,2025.161.18.39.18,unlabelled,,,,,0,0,0.0,0.0,,,4.474999904632568,-73.4729995727539,4.49,2.2,6.435441,-71.791355,462.0,285.88,220.77
TAM.2025.161.19.24.14,TAM,2025.161.19.24.14,unlabelled,,,,,0,0,0.0,0.0,,,7.25600004196167,-72.68000030517578,8.24,2.0,6.435441,-71.791355,462.0,133.72,312.79
TAM.2025.161.21.13.10,TAM,2025.161.21.13.10,unlabelled,,,,,0,0,0.0,0.0,,,6.818999767303467,-74.45099639892578,1.5,1.8,6.435441,-71.791355,462.0,297.15,278.36
TAM.2025.162.00.38.22,TAM,2025.162.00.38.22,unlabelled,,,,,0,0,0.0,0.0,,,4.363999843597412,-73.3219985961914,0.0,1.7,6.435441,-71.791355,462.0,285.04,216.6
TAM.2025.162.00.51.59,TAM,2025.162.00.51.59,unlabelled,,,,,0,0,0.0,0.0,,,4.283999919891357,-73.81099700927734,15.51,1.8,6.435441,-71.791355,462.0,326.66,223.35
TAM.2025.162.02.36.37,TAM,2025.162.02.36.37,unlabelled,,,,,0,0,0.0,0.0,,,4.454999923706055,-73.06400299072266,0.0,1.8,6.435441,-71.791355,462.0,260.49,212.84
TAM.2025.162.03.23.58,TAM,2025.162.03.23.58,unlabelled,,,,,0,0,0.0,0.0,,,6.808000087738037,-74.46399688720703,0.0,1.6,6.435441,-71.791355,462.0,298.4,278.09
TAM.2025.162.04.14.19,TAM,2025.162.04.14.19,unlabelled,,,,,0,0,0.0,0.0,,,4.434999942779541,-73.33599853515625,15.27,1.9,6.435441,-71.791355,462.0,279.71,217.81
TAM.2025.162.04.26.08,TAM,2025.162.04.26.08,unlabelled,,,,,0,0,0.0,0.0,,,4.380000114440918,-73.28299713134766,15.51,2.0,6.435441,-71.791355,462.0,281.05,216.1
TAM.2025.162.06.22.15,TAM,2025.162.06.22.15,unlabelled,,,,,0,0,0.0,0.0,,,4.388999938964844,-73.18099975585938,25.0,2.1,6.435441,-71.791355,462.0,273.73,214.31
TAM.2025.162.07.03.36,TAM,2025.162.07.03.36,unlabelled,,,,,0,0,0.0,0.0,,,4.4079999923706055,-73.22200012207031,0.0,1.9,6.435441,-71.791355,462.0,274.6,215.34
TAM.2025.162.08.05.05,TAM,2025.162.08.05.05,unlabelled,,,,,0,0,0.0,0.0,-1.17,,4.500999927520752,-73.34100341796875,17.56,3.4,6.435441,-71.791355,462.0,274.31,218.83
TAM.2025.162.08.13.26,TAM,2025.162.08.13.26,unlabelled,,,,,0,0,0.0,0.0,-0.14,,4.408999919891357,-73.34200286865234,15.1,3.0,6.435441,-71.791355,462.0,282.39,217.56
TAM.2025.162.08.34.03,TAM,2025.162.08.34.03,unlabelled,,,,,0,0,0.0,0.0,,,4.295000076293945,-73.82599639892578,14.57,1.5,6.435441,-71.791355,462.0,326.92,223.71
TAM.2025.162.08.51.05,TAM,2025.162.08.51.05,unlabelled,,,,,0,0,0.0,0.0,,,6.843999862670898,-74.447998046875,0.0,1.6,6.435441,-71.791355,462.0,297.22,278.9
TAM.2025.162.08.53.43,TAM,2025.162.08.53.43,unlabelled,,,,,0,0,0.0,0.0,,,6.815999984741211,-74.44400024414062,2.58,1.5,6.435441,-71.791355,462.0,296.33,278.32
TAM.2025.162.08.54.44,TAM,2025.162.08.54.44,unlabelled,,,,,0,0,0.0,0.0,,,4.431000232696533,-73.39399719238281,19.96,2.3,6.435441,-71.791355,462.0,284.03,218.78
TAM.2025.162.12.31.25,TAM,2025.162.12.31.25,unlabelled,,,,,0,0,0.0,0.0,,,4.36299991607666,-73.32099914550781,0.0,2.5,6.435441,-71.791355,462.0,285.06,216.57
TAM.2025.162.12.51.03,TAM,2025.162.12.51.03,unlabelled,,,,,0,0,0.0,0.0,,,4.326000213623047,-73.22200012207031,19.66,2.0,6.435441,-71.791355,462.0,282.05,214.28
TAM.2025.162.12.53.57,TAM,2025.162.12.53.57,unlabelled,,,,,0,0,0.0,0.0,,,4.489999771118164,-73.45099639892578,27.93,2.1,6.435441,-71.791355,462.0,283.03,220.61
TAM.2025.162.19.06.40,TAM,2025.162.19.06.40,unlabelled,,,,,0,0,0.0,0.0,,,4.439000129699707,-73.44300079345703,8.24,1.9,6.435441,-71.791355,462.0,286.78,219.74
TAM.2025.162.22.12.38,TAM,2025.162.22.12.38,unlabelled,,,,,0,0,0.0,0.0,,,4.468999862670898,-73.34600067138672,0.1,2.0,6.435441,-71.791355,462.0,277.43,218.47
TAM.2025.162.23.49.54,TAM,2025.162.23.49.54,unlabelled,,,,,0,0,0.0,0.0,,,4.539999961853027,-73.27899932861328,0.0,1.9,6.435441,-71.791355,462.0,266.66,218.26
TAM.2025.163.00.07.38,TAM,2025.163.00.07.38,unlabelled,,,,,0,0,0.0,0.0,,,4.392000198364258,-73.23999786376953,0.0,1.9,6.435441,-71.791355,462.0,277.19,215.46
TAM.2025.163.01.45.03,TAM,2025.163.01.45.03,unlabelled,,,,,0,0,0.0,0.0,,,4.445000171661377,-73.44000244140625,0.04,1.5,6.435441,-71.791355,462.0,286.05,219.78
TAM.2025.163.02.05.50,TAM,2025.163.02.05.50,unlabelled,,,,,0,0,0.0,0.0,,,4.4019999504089355,-73.26300048828125,0.0,1.9,6.435441,-71.791355,462.0,277.78,216.03
TAM.2025.163.08.20.38,TAM,2025.163.08.20.38,unlabelled,,,,,0,0,0.0,0.0,,,4.492000102996826,-73.29100036621094,16.21,1.8,6.435441,-71.791355,462.0,271.67,217.79
TAM.2025.163.08.33.09,TAM,2025.163.08.33.09,unlabelled,,,,,0,0,0.0,0.0,,,4.620999813079834,-73.31300354003906,12.7,1.9,6.435441,-71.791355,462.0,262.08,220.12
TAM.2025.163.10.42.09,TAM,2025.163.10.42.09,unlabelled,,,,,0,0,0.0,0.0,,,4.4670000076293945,-73.26599884033203,19.49,1.9,6.435441,-71.791355,462.0,272.19,216.97
TAM.2025.163.15.56.50,TAM,2025.163.15.56.50,unlabelled,,,,,0,0,0.0,0.0,,,4.421999931335449,-73.4280014038086,9.88,2.0,6.435441,-71.791355,462.0,287.18,219.25
TAM.2025.163.17.51.22,TAM,2025.163.17.51.22,unlabelled,,,,,0,0,0.0,0.0,,,4.51800012588501,-73.4990005493164,9.77,1.7,6.435441,-71.791355,462.0,284.19,221.83
TAM.2025.163.17.52.05,TAM,2025.163.17.52.05,unlabelled,,,,,0,0,0.0,0.0,,,4.452000141143799,-73.43199920654297,4.26,1.9,6.435441,-71.791355,462.0,284.89,219.74
TAM.2025.163.19.47.12,TAM,2025.163.19.47.12,unlabelled,,,,,0,0,0.0,0.0,,,4.48799991607666,-73.3219985961914,13.72,1.7,6.435441,-71.791355,462.0,274.13,218.3
TAM.2025.163.20.40.54,TAM,2025.163.20.40.54,unlabelled,,,,,0,0,0.0,0.0,,,4.502999782562256,-73.43399810791016,3.32,1.8,6.435441,-71.791355,462.0,280.71,220.51
TAM.2025.163.20.45.02,TAM,2025.163.20.45.02,unlabelled,,,,,0,0,0.0,0.0,,,4.460000038146973,-73.33799743652344,16.68,2.1,6.435441,-71.791355,462.0,277.66,218.19
TAM.2025.163.20.48.53,TAM,2025.163.20.48.53,unlabelled,,,,,0,0,0.0,0.0,,,4.441999912261963,-73.25299835205078,16.02,1.8,6.435441,-71.791355,462.0,273.55,216.38
TAM.2025.163.23.07.01,TAM,2025.163.23.07.01,unlabelled,,,,,0,0,0.0,0.0,,,4.4629998207092285,-73.46499633789062,1.8,1.7,6.435441,-71.791355,462.0,286.31,220.46
TAM.2025.164.00.23.25,TAM,2025.164.00.23.25,unlabelled,,,,,0,0,0.0,0.0,,,4.626999855041504,-73.12100219726562,0.0,2.0,6.435441,-71.791355,462.0,248.39,216.45
TAM.2025.164.01.20.23,TAM,2025.164.01.20.23,unlabelled,,,,,0,0,0.0,0.0,,,7.710999965667725,-74.16300201416016,1.19,1.5,6.435441,-71.791355,462.0,297.57,298.44
TAM.2025.164.06.09.48,TAM,2025.164.06.09.48,unlabelled,,,,,0,0,0.0,0.0,,,4.535999774932861,-73.28700256347656,17.62,1.7,6.435441,-71.791355,462.0,267.56,218.35
TAM.2025.164.07.13.26,TAM,2025.164.07.13.26,unlabelled,,,,,0,0,0.0,0.0,,,4.584000110626221,-73.2770004272461,0.0,1.7,6.435441,-71.791355,462.0,262.71,218.88
TAM.2025.164.07.31.41,TAM,2025.164.07.31.41,unlabelled,,,,,0,0,0.0,0.0,,,4.410999774932861,-73.25299835205078,15.98,1.9,6.435441,-71.791355,462.0,276.32,215.96
TAM.2025.164.11.24.47,TAM,2025.164.11.24.47,unlabelled,,,,,0,0,0.0,0.0,,,4.482999801635742,-73.48500061035156,0.27,1.8,6.435441,-71.791355,462.0,286.08,221.08
TAM.2025.164.12.48.31,TAM,2025.164.12.48.31,unlabelled,,,,,0,0,0.0,0.0,,,4.5,-73.44300079345703,2.62,1.8,6.435441,-71.791355,462.0,281.61,220.62
TAM.2025.164.15.21.26,TAM,2025.164.15.21.26,unlabelled,,,,,0,0,0.0,0.0,,,7.710000038146973,-74.16400146484375,6.41,1.7,6.435441,-71.791355,462.0,297.62,298.41
TAM.2025.164.17.14.33,TAM,2025.164.17.14.33,unlabelled,,,,,0,0,0.0,0.0,,,4.5269999504089355,-73.11699676513672,3.28,1.9,6.435441,-71.791355,462.0,257.13,214.91
TAM.2025.164.18.35.10,TAM,2025.164.18.35.10,unlabelled,,,,,0,0,0.0,0.0,,,4.421999931335449,-73.29100036621094,15.51,2.3,6.435441,-71.791355,462.0,277.84,216.81
TAM.2025.164.19.53.55,TAM,2025.164.19.53.55,unlabelled,,,,,0,0,0.0,0.0,,,4.454999923706055,-73.2750015258789,12.99,2.7,6.435441,-71.791355,462.0,273.85,216.97
TAM.2025.164.21.40.10,TAM,2025.164.21.40.10,unlabelled,,,,,0,0,0.0,0.0,,,4.498000144958496,-73.45999908447266,2.85,1.9,6.435441,-71.791355,462.0,283.01,220.88
TAM.2025.165.02.22.18,TAM,2025.165.02.22.18,unlabelled,,,,,0,0,0.0,0.0,,,4.400000095367432,-73.31600189208984,0.02,1.5,6.435441,-71.791355,462.0,281.45,216.97
TAM.2025.165.03.29.51,TAM,2025.165.03.29.51,unlabelled,,,,,0,0,0.0,0.0,,,4.388000011444092,-73.27200317382812,15.51,1.5,6.435441,-71.791355,462.0,279.62,216.01
TAM.2025.165.04.47.39,TAM,2025.165.04.47.39,unlabelled,,,,,0,0,0.0,0.0,,,4.3979997634887695,-73.33799743652344,15.92,2.6,6.435441,-71.791355,462.0,283.09,217.34
TAM.2025.165.04.59.55,TAM,2025.165.04.59.55,unlabelled,,,,,0,0,0.0,0.0,,,4.497000217437744,-73.39700317382812,18.67,1.7,6.435441,-71.791355,462.0,278.58,219.77
TAM.2025.165.05.03.24,TAM,2025.165.05.03.24,unlabelled,,,,,0,0,0.0,0.0,,,4.479000091552734,-73.26100158691406,23.48,1.9,6.435441,-71.791355,462.0,270.8,217.04
TAM.2025.165.05.27.41,TAM,2025.165.05.27.41,unlabelled,,,,,0,0,0.0,0.0,,,4.452000141143799,-73.26100158691406,16.91,2.0,6.435441,-71.791355,462.0,273.19,216.67
TAM.2025.165.10.37.25,TAM,2025.165.10.37.25,unlabelled,,,,,0,0,0.0,0.0,,,4.586999893188477,-72.94000244140625,7.58,1.9,6.435441,-71.791355,462.0,240.79,211.97
TAM.2025.165.14.19.26,TAM,2025.165.14.19.26,unlabelled,,,,,0,0,0.0,0.0,,,4.521999835968018,-73.43399810791016,3.55,1.8,6.435441,-71.791355,462.0,279.11,220.79
TAM.2025.165.15.54.20,TAM,2025.165.15.54.20,unlabelled,,,,,0,0,0.0,0.0,,,4.4710001945495605,-73.43399810791016,12.46,2.0,6.435441,-71.791355,462.0,283.42,220.04
TAM.2025.165.17.36.30,TAM,2025.165.17.36.30,unlabelled,,,,,0,0,0.0,0.0,,,4.48799991607666,-73.28700256347656,15.98,2.1,6.435441,-71.791355,462.0,271.75,217.66
TAM.2025.165.18.49.37,TAM,2025.165.18.49.37,unlabelled,,,,,0,0,0.0,0.0,,,4.445000171661377,-73.28700256347656,17.38,2.1,6.435441,-71.791355,462.0,275.53,217.05
TAM.2025.165.19.54.49,TAM,2025.165.19.54.49,unlabelled,,,,,0,0,0.0,0.0,,,4.414999961853027,-73.30799865722656,16.62,2.4,6.435441,-71.791355,462.0,279.59,217.03
TAM.2025.166.04.01.30,TAM,2025.166.04.01.30,unlabelled,,,,,0,0,0.0,0.0,,,4.514999866485596,-73.30999755859375,19.26,1.6,6.435441,-71.791355,462.0,270.96,218.47
TAM.2025.166.05.12.31,TAM,2025.166.05.12.31,unlabelled,,,,,0,0,0.0,0.0,,,4.474999904632568,-73.25900268554688,15.98,1.8,6.435441,-71.791355,462.0,271.02,216.95
TAM.2025.166.08.15.20,TAM,2025.166.08.15.20,unlabelled,,,,,0,0,0.0,0.0,,,7.179999828338623,-72.39199829101562,14.57,1.6,6.435441,-71.791355,462.0,105.77,321.15
TAM.2025.166.09.11.55,TAM,2025.166.09.11.55,unlabelled,,,,,0,0,0.0,0.0,,,4.3480000495910645,-73.78199768066406,20.9,1.6,6.435441,-71.791355,462.0,319.3,223.8
TAM.2025.166.17.38.25,TAM,2025.166.17.38.25,unlabelled,,,,,0,0,0.0,0.0,,,5.909999847412109,-73.61299896240234,15.04,1.7,6.435441,-71.791355,462.0,209.82,254.02
TAM.2025.167.00.54.35,TAM,2025.167.00.54.35,unlabelled,,,,,0,0,0.0,0.0,,,4.544000148773193,-72.98200225830078,12.87,1.7,6.435441,-71.791355,462.0,247.3,212.3
TAM.2025.167.01.51.23,TAM,2025.167.01.51.23,unlabelled,,,,,0,0,0.0,0.0,,,4.502999782562256,-73.25499725341797,14.57,2.2,6.435441,-71.791355,462.0,268.28,217.27
TAM.2025.167.03.52.24,TAM,2025.167.03.52.24,unlabelled,,,,,0,0,0.0,0.0,,,4.4770002365112305,-73.24400329589844,14.8,1.8,6.435441,-71.791355,462.0,269.84,216.7
TAM.2025.167.07.09.37,TAM,2025.167.07.09.37,unlabelled,,,,,0,0,0.0,0.0,,,4.498000144958496,-73.41899871826172,2.15,1.7,6.435441,-71.791355,462.0,280.06,220.17
TAM.2025.167.09.37.18,TAM,2025.167.09.37.18,unlabelled,,,,,0,0,0.0,0.0,,,4.4730000495910645,-73.24800109863281,15.0,1.5,6.435441,-71.791355,462.0,270.46,216.72
TAM.2025.167.19.15.17,TAM,2025.167.19.15.17,unlabelled,,,,,0,0,0.0,0.0,,,4.593999862670898,-73.25700378417969,14.57,2.0,6.435441,-71.791355,462.0,260.46,218.65
TAM.2025.167.21.54.49,TAM,2025.167.21.54.49,unlabelled,,,,,0,0,0.0,0.0,,,4.492000102996826,-73.34500122070312,11.29,1.5,6.435441,-71.791355,462.0,275.37,218.78
TAM.2025.168.02.17.13,TAM,2025.168.02.17.13,unlabelled,,,,,0,0,0.0,0.0,,,4.48799991607666,-73.32099914550781,14.1,1.5,6.435441,-71.791355,462.0,274.06,218.28
TAM.2025.168.03.26.37,TAM,2025.168.03.26.37,unlabelled,,,,,0,0,0.0,0.0,,,4.434000015258789,-73.21299743652344,14.45,1.7,6.435441,-71.791355,462.0,271.67,215.51
TAM.2025.168.05.10.39,TAM,2025.168.05.10.39,unlabelled,,,,,0,0,0.0,0.0,,,5.806000232696533,-74.0510025024414,18.09,1.7,6.435441,-71.791355,462.0,259.62,254.57
TAM.2025.168.07.30.33,TAM,2025.168.07.30.33,unlabelled,,,,,0,0,0.0,0.0,,,4.4730000495910645,-73.23799896240234,16.21,1.9,6.435441,-71.791355,462.0,269.8,216.53
TAM.2025.168.09.27.13,TAM,2025.168.09.27.13,unlabelled,,,,,0,0,0.0,0.0,,,6.039000034332275,-74.21600341796875,15.93,1.8,6.435441,-71.791355,462.0,271.88,260.85
TAM.2025.168.09.48.41,TAM,2025.168.09.48.41,unlabelled,,,,,0,0,0.0,0.0,,,4.499000072479248,-73.46900177001953,22.36,1.9,6.435441,-71.791355,462.0,283.58,221.05
TAM.2025.168.12.22.22,TAM,2025.168.12.22.22,unlabelled,,,,,0,0,0.0,0.0,,,4.478000164031982,-73.24800109863281,16.86,2.2,6.435441,-71.791355,462.0,270.02,216.79
TAM.2025.168.12.48.45,TAM,2025.168.12.48.45,unlabelled,,,,,0,0,0.0,0.0,,,4.390999794006348,-73.28600311279297,13.22,2.7,6.435441,-71.791355,462.0,280.27,216.3
TAM.2025.168.14.47.24,TAM,2025.168.14.47.24,unlabelled,,,,,0,0,0.0,0.0,,,4.533999919891357,-73.0530014038086,15.89,1.7,6.435441,-71.791355,462.0,252.5,213.68
TAM.2025.168.15.19.53,TAM,2025.168.15.19.53,unlabelled,,,,,0,0,0.0,0.0,,,5.163000106811523,-73.08200073242188,11.05,1.9,6.435441,-71.791355,462.0,200.58,225.52
TAM.2025.168.16.16.39,TAM,2025.168.16.16.39,unlabelled,,,,,0,0,0.0,0.0,,,4.39900016784668,-73.37999725341797,12.99,3.2,6.435441,-71.791355,462.0,285.85,218.1
TAM.2025.168.22.19.13,TAM,2025.168.22.19.13,unlabelled,,,,,0,0,0.0,0.0,,,4.420000076293945,-73.23100280761719,14.34,1.9,6.435441,-71.791355,462.0,274.09,215.67
TAM.2025.168.23.28.10,TAM,2025.168.23.28.10,unlabelled,,,,,0,0,0.0,0.0,,,4.459000110626221,-73.22000122070312,12.29,2.1,6.435441,-71.791355,462.0,269.88,215.99
TAM.2025.169.00.06.44,TAM,2025.169.00.06.44,unlabelled,,,,,0,0,0.0,0.0,,,6.573999881744385,-74.67500305175781,18.19,1.6,6.435441,-71.791355,462.0,319.32,272.91
TAM.2025.169.01.06.50,TAM,2025.169.01.06.50,unlabelled,,,,,0,0,0.0,0.0,,,4.388999938964844,-73.29399871826172,16.74,2.6,6.435441,-71.791355,462.0,280.97,216.42
TAM.2025.169.04.02.29,TAM,2025.169.04.02.29,unlabelled,,,,,0,0,0.0,0.0,,,4.440999984741211,-73.24400329589844,13.87,1.9,6.435441,-71.791355,462.0,273.05,216.2
TAM.2025.169.22.04.44,TAM,2025.169.22.04.44,unlabelled,,,,,0,0,0.0,0.0,,,4.474999904632568,-73.2760009765625,15.04,2.3,6.435441,-71.791355,462.0,272.15,217.27
TAM.2025.169.23.47.10,TAM,2025.169.23.47.10,unlabelled,,,,,0,0,0.0,0.0,,,4.486000061035156,-73.2509994506836,18.09,1.9,6.435441,-71.791355,462.0,269.51,216.95
TAM.2025.170.00.08.55,TAM,2025.170.00.08.55,unlabelled,,,,,0,0,0.0,0.0,,,4.633999824523926,-72.98100280761719,19.21,1.6,6.435441,-71.791355,462.0,238.87,213.55
TAM.2025.170.00.33.39,TAM,2025.170.00.33.39,unlabelled,,,,,0,0,0.0,0.0,,,4.426000118255615,-73.36799621582031,11.99,1.7,6.435441,-71.791355,462.0,282.68,218.26
TAM.2025.170.00.42.16,TAM,2025.170.00.42.16,unlabelled,,,,,0,0,0.0,0.0,,,4.545000076293945,-73.03399658203125,12.06,1.5,6.435441,-71.791355,462.0,250.33,213.43
TAM.2025.170.00.44.30,TAM,2025.170.00.44.30,unlabelled,,,,,0,0,0.0,0.0,,,4.593999862670898,-73.01699829101562,15.83,1.7,6.435441,-71.791355,462.0,244.77,213.76
TAM.2025.170.00.59.48,TAM,2025.170.00.59.48,unlabelled,,,,,0,0,0.0,0.0,,,4.541999816894531,-73.22899627685547,7.25,1.8,6.435441,-71.791355,462.0,263.1,217.34
TAM.2025.170.03.02.10,TAM,2025.170.03.02.10,unlabelled,,,,,0,0,0.0,0.0,,,4.668000221252441,-73.33599853515625,10.64,1.9,6.435441,-71.791355,462.0,259.79,221.28
TAM.2025.170.03.02.28,TAM,2025.170.03.02.28,unlabelled,,,,,0,0,0.0,0.0,,,4.499000072479248,-73.2760009765625,15.45,2.0,6.435441,-71.791355,462.0,270.04,217.61
TAM.2025.170.04.32.52,TAM,2025.170.04.32.52,unlabelled,,,,,0,0,0.0,0.0,,,4.497000217437744,-73.17500305175781,21.48,1.6,6.435441,-71.791355,462.0,263.55,215.64
TAM.2025.170.06.54.05,TAM,2025.170.06.54.05,unlabelled,,,,,0,0,0.0,0.0,,,4.449999809265137,-73.31300354003906,11.29,1.8,6.435441,-71.791355,462.0,276.84,217.6
TAM.2025.170.07.21.26,TAM,2025.170.07.21.26,unlabelled,,,,,0,0,0.0,0.0,,,4.514999866485596,-73.23799896240234,15.51,1.8,6.435441,-71.791355,462.0,266.08,217.12
TAM.2025.170.07.30.28,TAM,2025.170.07.30.28,unlabelled,,,,,0,0,0.0,0.0,,,4.491000175476074,-73.24700164794922,15.1,2.3,6.435441,-71.791355,462.0,268.8,216.95
TAM.2025.170.11.31.45,TAM,2025.170.11.31.45,unlabelled,,,,,0,0,0.0,0.0,,,4.558000087738037,-73.20999908447266,8.3,1.9,6.435441,-71.791355,462.0,260.41,217.2
TAM.2025.170.12.50.57,TAM,2025.170.12.50.57,unlabelled,,,,,0,0,0.0,0.0,,,5.355999946594238,-74.59700012207031,22.07,2.4,6.435441,-71.791355,462.0,332.82,249.13
TAM.2025.170.15.19.51,TAM,2025.170.15.19.51,unlabelled,,,,,0,0,0.0,0.0,,,4.489999771118164,-73.23999786376953,17.62,1.9,6.435441,-71.791355,462.0,268.43,216.8
TAM.2025.170.15.36.50,TAM,2025.170.15.36.50,unlabelled,,,,,0,0,0.0,0.0,,,4.482999801635742,-73.27400207519531,9.18,2.0,6.435441,-71.791355,462.0,271.31,217.34
TAM.2025.171.02.11.37,TAM,2025.171.02.11.37,unlabelled,,,,,0,0,0.0,0.0,,,4.474999904632568,-73.31500244140625,5.66,1.6,6.435441,-71.791355,462.0,274.78,217.99
TAM.2025.171.04.15.28,TAM,2025.171.04.15.28,unlabelled,,,,,0,0,0.0,0.0,,,4.559999942779541,-73.3280029296875,2.38,1.7,6.435441,-71.791355,462.0,268.34,219.46
TAM.2025.171.12.01.36,TAM,2025.171.12.01.36,unlabelled,,,,,0,0,0.0,0.0,,,4.435999870300293,-73.3010025024414,13.28,2.3,6.435441,-71.791355,462.0,277.26,217.19
TAM.2025.171.12.21.34,TAM,2025.171.12.21.34,unlabelled,,,,,0,0,0.0,0.0,,,4.49399995803833,-73.26300048828125,15.27,2.4,6.435441,-71.791355,462.0,269.6,217.29
TAM.2025.172.01.17.00,TAM,2025.172.01.17.00,unlabelled,,,,,0,0,0.0,0.0,,,6.418000221252441,-73.24700164794922,14.8,1.7,6.435441,-71.791355,462.0,161.04,269.4
TAM.2025.172.03.35.24,TAM,2025.172.03.35.24,unlabelled,,,,,0,0,0.0,0.0,,,4.49399995803833,-73.28299713134766,15.98,1.8,6.435441,-71.791355,462.0,270.95,217.67
TAM.2025.172.11.41.11,TAM,2025.172.11.41.11,unlabelled,,,,,0,0,0.0,0.0,,,4.331999778747559,-73.84100341796875,8.07,2.7,6.435441,-71.791355,462.0,325.12,224.42
TAM.2025.172.16.47.22,TAM,2025.172.16.47.22,unlabelled,,,,,0,0,0.0,0.0,,,4.53000020980835,-73.28099822998047,10.82,1.9,6.435441,-71.791355,462.0,267.67,218.15
TAM.2025.172.20.57.30,TAM,2025.172.20.57.30,unlabelled,,,,,0,0,0.0,0.0,,,4.396999835968018,-73.26499938964844,0.0,2.1,6.435441,-71.791355,462.0,278.36,216.0
TAM.2025.173.03.13.25,TAM,2025.173.03.13.25,unlabelled,,,,,0,0,0.0,0.0,,,4.4070000648498535,-73.24400329589844,17.38,1.6,6.435441,-71.791355,462.0,276.1,215.74
TAM.2025.173.07.30.10,TAM,2025.173.07.30.10,unlabelled,,,,,0,0,0.0,0.0,,,4.482999801635742,-73.28900146484375,11.29,1.8,6.435441,-71.791355,462.0,272.32,217.62
TAM.2025.173.08.35.43,TAM,2025.173.08.35.43,unlabelled,,,,,0,0,0.0,0.0,,,6.077000141143799,-72.46399688720703,15.98,1.6,6.435441,-71.791355,462.0,84.33,242.0
TAM.2025.173.10.10.15,TAM,2025.173.10.10.15,unlabelled,,,,,0,0,0.0,0.0,,,4.447999954223633,-73.24500274658203,0.0,1.5,6.435441,-71.791355,462.0,272.49,216.31
TAM.2025.173.12.00.27,TAM,2025.173.12.00.27,unlabelled,,,,,0,0,0.0,0.0,,,4.5320000648498535,-72.98899841308594,12.76,1.9,6.435441,-71.791355,462.0,248.83,212.29
TAM.2025.173.12.41.08,TAM,2025.173.12.41.08,unlabelled,,,,,0,0,0.0,0.0,,,4.406000137329102,-73.35700225830078,18.85,2.8,6.435441,-71.791355,462.0,283.67,217.79
TAM.2025.173.15.32.41,TAM,2025.173.15.32.41,unlabelled,,,,,0,0,0.0,0.0,,,4.526000022888184,-73.39099884033203,0.0,1.9,6.435441,-71.791355,462.0,275.69,220.09
TAM.2025.173.18.34.40,TAM,2025.173.18.34.40,unlabelled,,,,,0,0,0.0,0.0,,,4.486000061035156,-73.26799774169922,11.52,2.0,6.435441,-71.791355,462.0,270.64,217.27
TAM.2025.173.18.44.43,TAM,2025.173.18.44.43,unlabelled,,,,,0,0,0.0,0.0,,,4.497000217437744,-73.33300018310547,17.27,2.3,6.435441,-71.791355,462.0,274.11,218.63
TAM.2025.173.18.47.01,TAM,2025.173.18.47.01,unlabelled,,,,,0,0,0.0,0.0,,,4.452000141143799,-73.26100158691406,16.91,2.0,6.435441,-71.791355,462.0,273.19,216.67
TAM.2025.174.00.15.19,TAM,2025.174.00.15.19,unlabelled,,,,,0,0,0.0,0.0,,,6.190999984741211,-72.61499786376953,4.61,2.0,6.435441,-71.791355,462.0,95.06,253.52
TAM.2025.174.00.41.48,TAM,2025.174.00.41.48,unlabelled,,,,,0,0,0.0,0.0,,,4.4730000495910645,-73.28099822998047,15.74,1.9,6.435441,-71.791355,462.0,272.66,217.33
TAM.2025.174.01.11.21,TAM,2025.174.01.11.21,unlabelled,,,,,0,0,0.0,0.0,,,4.548999786376953,-73.26899719238281,0.0,1.6,6.435441,-71.791355,462.0,265.19,218.2
TAM.2025.174.01.22.49,TAM,2025.174.01.22.49,unlabelled,,,,,0,0,0.0,0.0,,,4.513999938964844,-73.33300018310547,16.33,1.8,6.435441,-71.791355,462.0,272.64,218.88
TAM.2025.174.02.20.03,TAM,2025.174.02.20.03,unlabelled,,,,,0,0,0.0,0.0,,,4.482999801635742,-73.25700378417969,14.1,1.8,6.435441,-71.791355,462.0,270.18,217.03
TAM.2025.174.04.48.45,TAM,2025.174.04.48.45,unlabelled,,,,,0,0,0.0,0.0,,,4.468999862670898,-73.28700256347656,22.77,1.7,6.435441,-71.791355,462.0,273.42,217.39
TAM.2025.174.06.38.29,TAM,2025.174.06.38.29,unlabelled,,,,,0,0,0.0,0.0,,,4.381999969482422,-73.32099914550781,15.04,2.6,6.435441,-71.791355,462.0,283.37,216.82
TAM.2025.174.08.56.20,TAM,2025.174.08.56.20,unlabelled,,,,,0,0,0.0,0.0,,,4.452000141143799,-73.36199951171875,1.45,1.6,6.435441,-71.791355,462.0,280.0,218.51
TAM.2025.174.09.09.30,TAM,2025.174.09.09.30,unlabelled,,,,,0,0,0.0,0.0,,,6.789000034332275,-73.91600036621094,10.36,2.2,6.435441,-71.791355,462.0,238.18,279.57
TAM.2025.174.09.56.43,TAM,2025.174.09.56.43,unlabelled,,,,,0,0,0.0,0.0,,,4.401000022888184,-73.27899932861328,14.86,2.4,6.435441,-71.791355,462.0,278.91,216.31
TAM.2025.174.12.22.14,TAM,2025.174.12.22.14,unlabelled,,,,,0,0,0.0,0.0,,,4.491000175476074,-73.62899780273438,0.0,1.6,6.435441,-71.791355,462.0,296.14,223.53
TAM.2025.174.12.47.13,TAM,2025.174.12.47.13,unlabelled,,,,,0,0,0.0,0.0,,,4.421000003814697,-73.61900329589844,19.14,1.5,6.435441,-71.791355,462.0,301.07,222.37
TAM.2025.174.19.14.01,TAM,2025.174.19.14.01,unlabelled,,,,,0,0,0.0,0.0,,,6.46999979019165,-73.91600036621094,34.69,2.2,6.435441,-71.791355,462.0,235.06,271.05
TAM.2025.174.20.58.13,TAM,2025.174.20.58.13,unlabelled,,,,,0,0,0.0,0.0,,,6.804999828338623,-74.43499755859375,1.1,1.9,6.435441,-71.791355,462.0,295.18,278.11
TAM.2025.174.23.30.00,TAM,2025.174.23.30.00,unlabelled,,,,,0,0,0.0,0.0,,,5.685999870300293,-73.41400146484375,11.29,2.4,6.435441,-71.791355,462.0,197.83,245.32
TAM.2025.174.23.59.56,TAM,2025.174.23.59.56,unlabelled,,,,,0,0,0.0,0.0,,,6.670000076293945,-73.98999786376953,8.28,1.5,6.435441,-71.791355,462.0,244.54,276.21
TAM.2025.175.00.52.21,TAM,2025.175.00.52.21,unlabelled,,,,,0,0,0.0,0.0,,,5.672999858856201,-73.39199829101562,9.18,1.9,6.435441,-71.791355,462.0,196.23,244.64
TAM.2025.175.01.54.12,TAM,2025.175.01.54.12,unlabelled,,,,,0,0,0.0,0.0,,,4.47599983215332,-73.31999969482422,14.92,2.3,6.435441,-71.791355,462.0,275.04,218.09
TAM.2025.175.03.46.51,TAM,2025.175.03.46.51,unlabelled,,,,,0,0,0.0,0.0,,,4.375999927520752,-73.27999877929688,16.15,1.9,6.435441,-71.791355,462.0,281.22,215.99
TAM.2025.175.04.36.33,TAM,2025.175.04.36.33,unlabelled,,,,,0,0,0.0,0.0,,,4.482999801635742,-73.29299926757812,13.16,1.7,6.435441,-71.791355,462.0,272.59,217.7
TAM.2025.175.04.53.19,TAM,2025.175.04.53.19,unlabelled,,,,,0,0,0.0,0.0,,,4.5,-73.28700256347656,19.73,1.7,6.435441,-71.791355,462.0,270.7,217.83
TAM.2025.175.05.55.38,TAM,2025.175.05.55.38,unlabelled,,,,,0,0,0.0,0.0,,,4.578000068664551,-73.26399993896484,0.0,1.5,6.435441,-71.791355,462.0,262.33,218.54
TAM.2025.175.07.14.04,TAM,2025.175.07.14.04,unlabelled,,,,,0,0,0.0,0.0,,,4.380000114440918,-73.2760009765625,13.34,2.9,6.435441,-71.791355,462.0,280.6,215.97
TAM.2025.175.07.17.05,TAM,2025.175.07.17.05,unlabelled,,,,,0,0,0.0,0.0,,,4.508999824523926,-73.2979965209961,17.62,1.8,6.435441,-71.791355,462.0,270.66,218.16
TAM.2025.175.14.21.58,TAM,2025.175.14.21.58,unlabelled,,,,,0,0,0.0,0.0,,,4.517000198364258,-73.26300048828125,11.99,2.3,6.435441,-71.791355,462.0,267.58,217.62
TAM.2025.175.15.55.49,TAM,2025.175.15.55.49,unlabelled,,,,,0,0,0.0,0.0,,,7.323999881744385,-72.33200073242188,12.7,1.6,6.435441,-71.791355,462.0,115.01,328.73
TAM.2025.175.21.22.26,TAM,2025.175.21.22.26,unlabelled,,,,,0,0,0.0,0.0,,,4.5879998207092285,-72.84300231933594,18.23,2.1,6.435441,-71.791355,462.0,235.19,209.75
TAM.2025.176.01.25.54,TAM,2025.176.01.25.54,unlabelled,,,,,0,0,0.0,0.0,,,6.315000057220459,-74.39800262451172,0.0,1.8,6.435441,-71.791355,462.0,288.7,267.5
TAM.2025.176.02.22.20,TAM,2025.176.02.22.20,unlabelled,,,,,0,0,0.0,0.0,,,4.5320000648498535,-72.98699951171875,38.12,1.6,6.435441,-71.791355,462.0,248.72,212.25
TAM.2025.176.05.17.19,TAM,2025.176.05.17.19,unlabelled,,,,,0,0,0.0,0.0,,,6.005000114440918,-72.4000015258789,14.8,2.2,6.435441,-71.791355,462.0,82.48,234.78
TAM.2025.176.09.00.51,TAM,2025.176.09.00.51,unlabelled,,,,,0,0,0.0,0.0,,,7.708000183105469,-72.28299713134766,2.5,1.6,6.435441,-71.791355,462.0,150.85,338.93
TAM.2025.176.11.45.53,TAM,2025.176.11.45.53,unlabelled,,,,,0,0,0.0,0.0,,,4.511000156402588,-73.1969985961914,11.76,1.6,6.435441,-71.791355,462.0,263.72,216.27
TAM.2025.176.15.22.18,TAM,2025.176.15.22.18,unlabelled,,,,,0,0,0.0,0.0,,,4.3979997634887695,-73.3010025024414,18.5,1.8,6.435441,-71.791355,462.0,280.63,216.67
TAM.2025.176.19.58.16,TAM,2025.176.19.58.16,unlabelled,,,,,0,0,0.0,0.0,,,4.408999919891357,-73.28099822998047,7.07,1.9,6.435441,-71.791355,462.0,278.33,216.45
TAM.2025.176.22.01.35,TAM,2025.176.22.01.35,unlabelled,,,,,0,0,0.0,0.0,,,4.370999813079834,-73.34400177001953,13.69,1.9,6.435441,-71.791355,462.0,285.88,217.08
TAM.2025.177.02.52.39,TAM,2025.177.02.52.39,unlabelled,,,,,0,0,0.0,0.0,,,4.410999774932861,-73.27400207519531,15.27,1.8,6.435441,-71.791355,462.0,277.69,216.35
TAM.2025.177.02.55.13,TAM,2025.177.02.55.13,unlabelled,,,,,0,0,0.0,0.0,,,4.421999931335449,-73.25499725341797,15.74,1.8,6.435441,-71.791355,462.0,275.47,216.15
TAM.2025.177.05.42.04,TAM,2025.177.05.42.04,unlabelled,,,,,0,0,0.0,0.0,,,6.046999931335449,-74.21900177001953,15.18,1.5,6.435441,-71.791355,462.0,272.07,261.05
TAM.2025.177.09.36.49,TAM,2025.177.09.36.49,unlabelled,,,,,0,0,0.0,0.0,,,4.5,-73.31700134277344,19.49,3.5,6.435441,-71.791355,462.0,272.74,218.38
TAM.2025.177.09.45.06,TAM,2025.177.09.45.06,unlabelled,,,,,0,0,0.0,0.0,,,6.396999835968018,-72.79199981689453,0.0,2.0,6.435441,-71.791355,462.0,110.78,267.86
TAM.2025.177.14.45.16,TAM,2025.177.14.45.16,unlabelled,,,,,0,0,0.0,0.0,,,4.373000144958496,-73.3499984741211,12.99,2.5,6.435441,-71.791355,462.0,286.1,217.22
TAM.2025.177.14.58.10,TAM,2025.177.14.58.10,unlabelled,,,,,0,0,0.0,0.0,,,4.892000198364258,-73.31700134277344,14.57,2.3,6.435441,-71.791355,462.0,240.2,224.8
TAM.2025.177.15.46.16,TAM,2025.177.15.46.16,unlabelled,,,,,0,0,0.0,0.0,,,4.480000019073486,-73.30699920654297,15.21,1.9,6.435441,-71.791355,462.0,273.8,217.91
TAM.2025.178.00.14.42,TAM,2025.178.00.14.42,unlabelled,,,,,0,0,0.0,0.0,,,4.446000099182129,-73.30000305175781,15.1,2.6,6.435441,-71.791355,462.0,276.32,217.31
TAM.2025.178.00.43.51,TAM,2025.178.00.43.51,unlabelled,,,,,0,0,0.0,0.0,,,4.617000102996826,-73.22699737548828,16.91,1.8,6.435441,-71.791355,462.0,256.4,218.42
TAM.2025.178.19.19.52,TAM,2025.178.19.19.52,unlabelled,,,,,0,0,0.0,0.0,,,4.460999965667725,-73.28399658203125,15.16,2.1,6.435441,-71.791355,462.0,273.92,217.22
TAM.2025.179.01.45.33,TAM,2025.179.01.45.33,unlabelled,,,,,0,0,0.0,0.0,,,4.514999866485596,-73.2020034790039,14.1,1.7,6.435441,-71.791355,462.0,263.7,216.43
TAM.2025.179.03.44.34,TAM,2025.179.03.44.34,unlabelled,,,,,0,0,0.0,0.0,,,4.367000102996826,-73.33000183105469,15.51,2.6,6.435441,-71.791355,462.0,285.3,216.78
TAM.2025.179.09.04.31,TAM,2025.179.09.04.31,unlabelled,,,,,0,0,0.0,0.0,,,6.4720001220703125,-72.7040023803711,4.0,1.6,6.435441,-71.791355,462.0,101.04,272.34
TAM.2025.179.09.56.13,TAM,2025.179.09.56.13,unlabelled,,,,,0,0,0.0,0.0,,,4.242000102996826,-73.5770034790039,17.91,1.7,6.435441,-71.791355,462.0,313.05,219.3
TAM.2025.179.11.13.27,TAM,2025.179.11.13.27,unlabelled,,,,,0,0,0.0,0.0,,,4.48799991607666,-73.25499725341797,9.65,1.9,6.435441,-71.791355,462.0,269.6,217.06
TAM.2025.179.12.24.00,TAM,2025.179.12.24.00,unlabelled,,,,,0,0,0.0,0.0,,,4.343999862670898,-73.31700134277344,0.98,1.8,6.435441,-71.791355,462.0,286.49,216.25
TAM.2025.179.18.12.33,TAM,2025.179.18.12.33,unlabelled,,,,,0,0,0.0,0.0,,,4.386000156402588,-73.29499816894531,15.45,2.4,6.435441,-71.791355,462.0,281.3,216.4
TAM.2025.180.07.57.05,TAM,2025.180.07.57.05,unlabelled,,,,,0,0,0.0,0.0,,,5.875999927520752,-72.59300231933594,10.17,1.6,6.435441,-71.791355,462.0,108.17,235.16
TAM.2025.180.11.22.39,TAM,2025.180.11.22.39,unlabelled,,,,,0,0,0.0,0.0,,,6.7220001220703125,-74.54199981689453,7.89,1.5,6.435441,-71.791355,462.0,305.84,276.1
TAM.2025.180.22.35.28,TAM,2025.180.22.35.28,unlabelled,,,,,0,0,0.0,0.0,,,4.396999835968018,-73.2760009765625,19.49,1.7,6.435441,-71.791355,462.0,279.08,216.2
TAM.2025.181.05.08.26,TAM,2025.181.05.08.26,unlabelled,,,,,0,0,0.0,0.0,,,4.40500020980835,-73.25900268554688,19.26,1.7,6.435441,-71.791355,462.0,277.25,215.99
TAM.2025.181.05.34.41,TAM,2025.181.05.34.41,unlabelled,,,,,0,0,0.0,0.0,,,4.480999946594238,-73.28600311279297,16.04,2.3,6.435441,-71.791355,462.0,272.29,217.54
TAM.2025.181.09.59.13,TAM,2025.181.09.59.13,unlabelled,,,,,0,0,0.0,0.0,,,4.489999771118164,-73.28299713134766,17.15,2.1,6.435441,-71.791355,462.0,271.3,217.61
TAM.2025.181.10.56.54,TAM,2025.181.10.56.54,unlabelled,,,,,0,0,0.0,0.0,,,5.553999900817871,-72.87100219726562,0.03,1.8,6.435441,-71.791355,462.0,154.24,230.86
TAM.2025.181.18.52.42,TAM,2025.181.18.52.42,unlabelled,,,,,0,0,0.0,0.0,,,4.52400016784668,-73.3489990234375,13.87,1.9,6.435441,-71.791355,462.0,272.89,219.31
TAM.2025.181.19.46.45,TAM,2025.181.19.46.45,unlabelled,,,,,0,0,0.0,0.0,,,7.413000106811523,-72.98999786376953,3.66,1.6,6.435441,-71.791355,462.0,170.98,309.29
TAM.2025.182.12.51.08,TAM,2025.182.12.51.08,unlabelled,,,,,0,0,0.0,0.0,,,4.413000106811523,-73.33000183105469,19.55,2.8,6.435441,-71.791355,462.0,281.24,217.4
TAM.2025.182.16.17.47,TAM,2025.182.16.17.47,unlabelled,,,,,0,0,0.0,0.0,,,6.644999980926514,-74.1449966430664,35.42,1.7,6.435441,-71.791355,462.0,261.34,275.22
TAM.2025.182.21.45.29,TAM,2025.182.21.45.29,unlabelled,,,,,0,0,0.0,0.0,,,7.117000102996826,-72.23200225830078,17.15,2.0,6.435441,-71.791355,462.0,89.74,327.15
TAM.2025.183.05.14.12,TAM,2025.183.05.14.12,unlabelled,,,,,0,0,0.0,0.0,,,4.445000171661377,-73.2770004272461,16.97,2.3,6.435441,-71.791355,462.0,274.87,216.87
TAM.2025.184.11.29.20,TAM,2025.184.11.29.20,unlabelled,,,,,0,0,0.0,0.0,,,6.942999839782715,-74.697998046875,9.34,1.5,6.435441,-71.791355,462.0,326.24,280.07
TAM.2025.184.16.11.08,TAM,2025.184.16.11.08,unlabelled,,,,,0,0,0.0,0.0,,,4.452000141143799,-73.26000213623047,14.86,2.9,6.435441,-71.791355,462.0,273.12,216.65
TAM.2025.187.15.48.28,TAM,2025.187.15.48.28,unlabelled,,,,,0,0,0.0,0.0,,,4.4770002365112305,-73.23799896240234,16.21,2.0,6.435441,-71.791355,462.0,269.45,216.58
TAM.2025.188.10.06.38,TAM,2025.188.10.06.38,unlabelled,,,,,0,0,0.0,0.0,,,4.400000095367432,-73.36599731445312,15.68,3.4,6.435441,-71.791355,462.0,284.81,217.86
TAM.2025.188.11.57.10,TAM,2025.188.11.57.10,unlabelled,,,,,0,0,0.0,0.0,,,4.385000228881836,-73.31999969482422,0.0,1.8,6.435441,-71.791355,462.0,283.04,216.84
TAM.2025.188.13.03.32,TAM,2025.188.13.03.32,unlabelled,,,,,0,0,0.0,0.0,,,5.248000144958496,-73.65599822998047,10.65,1.8,6.435441,-71.791355,462.0,244.71,237.65
TAM.2025.188.18.12.13,TAM,2025.188.18.12.13,unlabelled,,,,,0,0,0.0,0.0,,,7.295000076293945,-72.19400024414062,28.05,1.6,6.435441,-71.791355,462.0,104.96,334.94
TAM.2025.189.03.06.20,TAM,2025.189.03.06.20,unlabelled,,,,,0,0,0.0,0.0,-2.08,,4.388000011444092,-73.36699676513672,15.92,2.7,6.435441,-71.791355,462.0,285.93,217.72
TAM.2025.189.13.45.56,TAM,2025.189.13.45.56,unlabelled,,,,,0,0,0.0,0.0,,,4.452000141143799,-73.25499725341797,18.32,2.0,6.435441,-71.791355,462.0,272.79,216.56
TAM.2025.190.09.06.50,TAM,2025.190.09.06.50,unlabelled,,,,,0,0,0.0,0.0,,,5.177999973297119,-73.0739974975586,18.32,1.9,6.435441,-71.791355,462.0,198.78,225.68
TAM.2025.190.11.41.25,TAM,2025.190.11.41.25,unlabelled,,,,,0,0,0.0,0.0,,,4.478000164031982,-73.58699798583984,31.62,3.1,6.435441,-71.791355,462.0,294.02,222.68
TAM.2025.190.12.02.49,TAM,2025.190.12.02.49,unlabelled,,,,,0,0,0.0,0.0,,,4.464000225067139,-73.59600067138672,32.15,2.0,6.435441,-71.791355,462.0,295.84,222.62
TAM.2025.190.13.14.46,TAM,2025.190.13.14.46,unlabelled,,,,,0,0,0.0,0.0,,,4.414000034332275,-73.36599731445312,17.62,1.7,6.435441,-71.791355,462.0,283.58,218.06
TAM.2025.190.14.16.55,TAM,2025.190.14.16.55,unlabelled,,,,,0,0,0.0,0.0,,,4.427999973297119,-73.23400115966797,19.26,1.9,6.435441,-71.791355,462.0,273.57,215.83
TAM.2025.191.07.33.43,TAM,2025.191.07.33.43,unlabelled,,,,,0,0,0.0,0.0,,,4.419000148773193,-73.26699829101562,14.63,1.8,6.435441,-71.791355,462.0,276.52,216.33
TAM.2025.191.08.01.27,TAM,2025.191.08.01.27,unlabelled,,,,,0,0,0.0,0.0,,,4.461999893188477,-73.26399993896484,18.38,1.6,6.435441,-71.791355,462.0,272.5,216.86
TAM.2025.191.08.06.33,TAM,2025.191.08.06.33,unlabelled,,,,,0,0,0.0,0.0,,,4.486999988555908,-73.58699798583984,28.34,2.6,6.435441,-71.791355,462.0,293.29,222.81
TAM.2025.191.13.56.30,TAM,2025.191.13.56.30,unlabelled,,,,,0,0,0.0,0.0,,,6.085999965667725,-74.18599700927734,19.31,1.5,6.435441,-71.791355,462.0,267.79,261.83
TAM.2025.192.06.02.50,TAM,2025.192.06.02.50,unlabelled,,,,,0,0,0.0,0.0,,,4.376999855041504,-73.1969985961914,0.0,1.6,6.435441,-71.791355,462.0,275.83,214.46
TAM.2025.192.08.41.40,TAM,2025.192.08.41.40,unlabelled,,,,,0,0,0.0,0.0,,,7.193999767303467,-72.23699951171875,15.86,1.5,6.435441,-71.791355,462.0,97.28,329.6
TAM.2025.192.11.41.05,TAM,2025.192.11.41.05,unlabelled,,,,,0,0,0.0,0.0,,,6.2820000648498535,-74.14700317382812,13.55,2.3,6.435441,-71.791355,462.0,261.18,266.41
TAM.2025.193.03.38.14,TAM,2025.193.03.38.14,unlabelled,,,,,0,0,0.0,0.0,,,4.5,-73.24400329589844,12.99,2.4,6.435441,-71.791355,462.0,267.81,217.02
TAM.2025.193.07.30.43,TAM,2025.193.07.30.43,unlabelled,,,,,0,0,0.0,0.0,,,7.241000175476074,-72.28099822998047,9.88,1.5,6.435441,-71.791355,462.0,104.24,328.75
TAM.2025.193.11.20.05,TAM,2025.193.11.20.05,unlabelled,,,,,0,0,0.0,0.0,,,4.432000160217285,-73.56400299072266,10.58,1.7,6.435441,-71.791355,462.0,296.1,221.65
TAM.2025.195.01.51.38,TAM,2025.195.01.51.38,unlabelled,,,,,0,0,0.0,0.0,,,4.421999931335449,-73.25199890136719,0.0,1.5,6.435441,-71.791355,462.0,275.27,216.09
TAM.2025.195.09.43.53,TAM,2025.195.09.43.53,unlabelled,,,,,0,0,0.0,0.0,,,4.4629998207092285,-73.17500305175781,19.14,1.7,6.435441,-71.791355,462.0,266.62,215.17
TAM.2025.195.22.13.09,TAM,2025.195.22.13.09,unlabelled,,,,,0,0,0.0,0.0,,,6.376999855041504,-72.39199829101562,13.05,1.9,6.435441,-71.791355,462.0,66.76,264.48
TAM.2025.196.03.47.33,TAM,2025.196.03.47.33,unlabelled,,,,,0,0,0.0,0.0,,,4.489999771118164,-73.21800231933594,0.0,1.7,6.435441,-71.791355,462.0,266.97,216.38
TAM.2025.196.08.33.33,TAM,2025.196.08.33.33,unlabelled,,,,,0,0,0.0,0.0,,,4.763999938964844,-73.29499816894531,0.0,1.6,6.435441,-71.791355,462.0,248.83,222.1
TAM.2025.197.00.21.58,TAM,2025.197.00.21.58,unlabelled,,,,,0,0,0.0,0.0,,,6.438000202178955,-73.51799774169922,0.0,1.8,6.435441,-71.791355,462.0,191.01,270.18
TAM.2025.197.06.56.48,TAM,2025.197.06.56.48,unlabelled,,,,,0,0,0.0,0.0,,,5.126999855041504,-73.06300354003906,10.12,1.6,6.435441,-71.791355,462.0,201.92,224.29
TAM.2025.198.06.59.43,TAM,2025.198.06.59.43,unlabelled,,,,,0,0,0.0,0.0,,,4.419000148773193,-73.36900329589844,17.03,1.7,6.435441,-71.791355,462.0,283.35,218.18
TAM.2025.198.10.25.21,TAM,2025.198.10.25.21,unlabelled,,,,,0,0,0.0,0.0,,,4.401000022888184,-73.29499816894531,12.93,1.8,6.435441,-71.791355,462.0,279.97,216.6
TAM.2025.199.23.07.23,TAM,2025.199.23.07.23,unlabelled,,,,,0,0,0.0,0.0,,,7.571000099182129,-74.01200103759766,19.24,2.0,6.435441,-71.791355,462.0,275.64,297.24
TAM.2025.201.00.11.45,TAM,2025.201.00.11.45,unlabelled,,,,,0,0,0.0,0.0,,,4.514999866485596,-73.25299835205078,14.1,1.7,6.435441,-71.791355,462.0,267.08,217.4
TAM.2025.201.01.34.42,TAM,2025.201.01.34.42,unlabelled,,,,,0,0,0.0,0.0,,,4.502999782562256,-73.26300048828125,14.57,1.9,6.435441,-71.791355,462.0,268.81,217.42
TAM.2025.201.01.45.35,TAM,2025.201.01.45.35,unlabelled,,,,,0,0,0.0,0.0,,,4.547999858856201,-73.3290023803711,16.33,1.7,6.435441,-71.791355,462.0,269.43,219.3
TAM.2025.201.08.01.24,TAM,2025.201.08.01.24,unlabelled,,,,,0,0,0.0,0.0,,,4.926000118255615,-73.09700012207031,12.46,2.2,6.435441,-71.791355,462.0,220.86,220.98
TAM.2025.201.18.17.58,TAM,2025.201.18.17.58,unlabelled,,,,,0,0,0.0,0.0,,,4.513999938964844,-73.31600189208984,1.33,1.9,6.435441,-71.791355,462.0,271.46,218.57
TAM.2025.202.02.20.58,TAM,2025.202.02.20.58,unlabelled,,,,,0,0,0.0,0.0,-2.84,,4.248000144958496,-73.76200103759766,12.64,2.0,6.435441,-71.791355,462.0,325.91,222.18
TAM.2025.202.08.18.11,TAM,2025.202.08.18.11,unlabelled,,,,,0,0,0.0,0.0,,,4.461999893188477,-73.58599853515625,33.09,2.0,6.435441,-71.791355,462.0,295.25,222.43
TAM.2025.203.00.24.27,TAM,2025.203.00.24.27,unlabelled,,,,,0,0,0.0,0.0,,,4.433000087738037,-73.30400085449219,11.99,1.8,6.435441,-71.791355,462.0,277.73,217.2
TAM.2025.203.12.02.18,TAM,2025.203.12.02.18,unlabelled,,,,,0,0,0.0,0.0,,,4.535999774932861,-73.2509994506836,10.82,1.9,6.435441,-71.791355,462.0,265.1,217.67
TAM.2025.203.13.52.42,TAM,2025.203.13.52.42,unlabelled,,,,,0,0,0.0,0.0,,,4.406000137329102,-73.28099822998047,17.56,2.6,6.435441,-71.791355,462.0,278.6,216.41
TAM.2025.203.14.04.06,TAM,2025.203.14.04.06,unlabelled,,,,,0,0,0.0,0.0,,,6.051000118255615,-74.23799896240234,0.0,1.6,6.435441,-71.791355,462.0,274.07,261.21
TAM.2025.203.19.11.12,TAM,2025.203.19.11.12,unlabelled,,,,,0,0,0.0,0.0,,,4.419000148773193,-73.01799774169922,9.47,1.7,6.435441,-71.791355,462.0,261.15,211.43
TAM.2025.204.06.10.59,TAM,2025.204.06.10.59,unlabelled,,,,,0,0,0.0,0.0,,,4.4710001945495605,-73.22899627685547,14.34,1.7,6.435441,-71.791355,462.0,269.39,216.33
TAM.2025.206.04.33.26,TAM,2025.206.04.33.26,unlabelled,,,,,0,0,0.0,0.0,,,7.414999961853027,-72.05799865722656,1.91,1.7,6.435441,-71.791355,462.0,112.27,344.8
TAM.2025.206.06.59.11,TAM,2025.206.06.59.11,unlabelled,,,,,0,0,0.0,0.0,,,7.376999855041504,-72.10900115966797,15.98,1.5,6.435441,-71.791355,462.0,109.89,341.39
TAM.2025.206.08.07.32,TAM,2025.206.08.07.32,unlabelled,,,,,0,0,0.0,0.0,,,6.244999885559082,-74.32599639892578,1.47,1.6,6.435441,-71.791355,462.0,281.23,265.85
TAM.2025.206.23.14.53,TAM,2025.206.23.14.53,unlabelled,,,,,0,0,0.0,0.0,,,5.749000072479248,-72.76399993896484,0.0,1.9,6.435441,-71.791355,462.0,131.74,234.87
TAM.2025.207.00.46.55,TAM,2025.207.00.46.55,unlabelled,,,,,0,0,0.0,0.0,,,4.497000217437744,-73.01599884033203,22.74,1.6,6.435441,-71.791355,462.0,253.71,212.4
TAM.2025.207.17.58.35,TAM,2025.207.17.58.35,unlabelled,,,,,0,0,0.0,0.0,,,4.413000106811523,-73.40499877929688,1.04,1.8,6.435441,-71.791355,462.0,286.35,218.73
TAM.2025.207.18.37.52,TAM,2025.207.18.37.52,unlabelled,,,,,0,0,0.0,0.0,,,4.986000061035156,-72.89099884033203,16.09,2.1,6.435441,-71.791355,462.0,201.32,217.29
TAM.2025.208.00.17.43,TAM,2025.208.00.17.43,unlabelled,,,,,0,0,0.0,0.0,,,4.439000129699707,-73.32099914550781,20.66,2.1,6.435441,-71.791355,462.0,278.34,217.59
TAM.2025.208.02.16.56,TAM,2025.208.02.16.56,unlabelled,,,,,0,0,0.0,0.0,,,5.803999900817871,-73.0989990234375,0.0,1.9,6.435441,-71.791355,462.0,160.71,244.32
TAM.2025.208.02.17.51,TAM,2025.208.02.17.51,unlabelled,,,,,0,0,0.0,0.0,,,5.763000011444092,-73.16200256347656,13.05,1.8,6.435441,-71.791355,462.0,168.96,243.96
TAM.2025.208.08.09.15,TAM,2025.208.08.09.15,unlabelled,,,,,0,0,0.0,0.0,,,4.458000183105469,-73.23600006103516,14.8,1.6,6.435441,-71.791355,462.0,271.01,216.28
TAM.2025.208.12.13.24,TAM,2025.208.12.13.24,unlabelled,,,,,0,0,0.0,0.0,,,5.644999980926514,-74.322998046875,22.42,1.8,6.435441,-71.791355,462.0,293.58,252.81
TAM.2025.208.13.16.33,TAM,2025.208.13.16.33,unlabelled,,,,,0,0,0.0,0.0,,,7.25,-72.09200286865234,9.23,1.7,6.435441,-71.791355,462.0,96.02,339.77
TAM.2025.209.05.05.51,TAM,2025.209.05.05.51,unlabelled,,,,,0,0,0.0,0.0,,,5.513999938964844,-72.94999694824219,11.29,2.0,6.435441,-71.791355,462.0,163.83,231.6
TAM.2025.209.06.17.47,TAM,2025.209.06.17.47,unlabelled,,,,,0,0,0.0,0.0,,,7.697999954223633,-72.60600280761719,12.75,1.6,6.435441,-71.791355,462.0,166.12,327.24
TAM.2025.209.11.43.28,TAM,2025.209.11.43.28,unlabelled,,,,,0,0,0.0,0.0,-1.79,-0.19,6.910999774932861,-72.125,19.26,1.7,6.435441,-71.791355,462.0,64.24,324.97
TAM.2025.209.16.28.26,TAM,2025.209.16.28.26,unlabelled,,,,,0,0,0.0,0.0,,,4.328999996185303,-73.83899688720703,2.62,1.6,6.435441,-71.791355,462.0,325.2,224.35
TAM.2025.210.03.38.49,TAM,2025.210.03.38.49,unlabelled,,,,,0,0,0.0,0.0,,,5.447000026702881,-72.87200164794922,7.14,1.7,6.435441,-71.791355,462.0,162.07,227.64
TAM.2025.210.17.42.38,TAM,2025.210.17.42.38,unlabelled,,,,,0,0,0.0,0.0,,,4.48799991607666,-73.21700286865234,13.4,1.8,6.435441,-71.791355,462.0,267.09,216.33
TAM.2025.210.21.01.35,TAM,2025.210.21.01.35,unlabelled,,,,,0,0,0.0,0.0,,,4.409999847412109,-73.31999969482422,0.0,1.7,6.435441,-71.791355,462.0,280.83,217.18
TAM.2025.211.06.35.27,TAM,2025.211.06.35.27,unlabelled,,,,,0,0,0.0,0.0,,,4.498000144958496,-73.24600219726562,12.93,1.5,6.435441,-71.791355,462.0,268.12,217.03
TAM.2025.211.06.45.18,TAM,2025.211.06.45.18,unlabelled,,,,,0,0,0.0,0.0,,,4.511000156402588,-72.91100311279297,9.3,1.5,6.435441,-71.791355,462.0,246.34,210.3
TAM.2025.211.14.25.42,TAM,2025.211.14.25.42,unlabelled,,,,,0,0,0.0,0.0,,,4.395999908447266,-73.35600280761719,17.79,3.4,6.435441,-71.791355,462.0,284.48,217.63
TAM.2025.211.15.18.10,TAM,2025.211.15.18.10,unlabelled,,,,,0,0,0.0,0.0,,,4.489999771118164,-73.29100036621094,13.16,2.4,6.435441,-71.791355,462.0,271.84,217.76
TAM.2025.211.22.09.28,TAM,2025.211.22.09.28,unlabelled,,,,,0,0,0.0,0.0,,,4.447000026702881,-73.28299713134766,16.21,1.9,6.435441,-71.791355,462.0,275.09,217.01
TAM.2025.212.00.08.11,TAM,2025.212.00.08.11,unlabelled,,,,,0,0,0.0,0.0,,,4.433000087738037,-73.31500244140625,0.98,1.8,6.435441,-71.791355,462.0,278.47,217.4
TAM.2025.212.00.53.36,TAM,2025.212.00.53.36,unlabelled,,,,,0,0,0.0,0.0,,,4.394999980926514,-73.3030014038086,10.64,3.0,6.435441,-71.791355,462.0,281.03,216.67
TAM.2025.212.01.45.13,TAM,2025.212.01.45.13,unlabelled,,,,,0,0,0.0,0.0,,,4.38700008392334,-72.95600128173828,9.68,1.7,6.435441,-71.791355,462.0,260.71,209.73
TAM.2025.212.02.34.20,TAM,2025.212.02.34.20,unlabelled,,,,,0,0,0.0,0.0,,,4.400000095367432,-73.37100219726562,12.11,1.7,6.435441,-71.791355,462.0,285.15,217.95
TAM.2025.212.02.45.44,TAM,2025.212.02.45.44,unlabelled,,,,,0,0,0.0,0.0,,,4.4670000076293945,-73.11399841308594,22.07,1.6,6.435441,-71.791355,462.0,262.42,214.02
TAM.2025.212.06.59.58,TAM,2025.212.06.59.58,unlabelled,,,,,0,0,0.0,0.0,,,4.380000114440918,-73.34200286865234,15.74,1.6,6.435441,-71.791355,462.0,284.95,217.17
TAM.2025.212.19.26.18,TAM,2025.212.19.26.18,unlabelled,,,,,0,0,0.0,0.0,,,4.406000137329102,-73.37300109863281,13.69,2.0,6.435441,-71.791355,462.0,284.76,218.07
TAM.2025.212.19.59.15,TAM,2025.212.19.59.15,unlabelled,,,,,0,0,0.0,0.0,,,4.39900016784668,-73.39399719238281,3.32,1.6,6.435441,-71.791355,462.0,286.81,218.34
TAM.2025.213.00.45.10,TAM,2025.213.00.45.10,unlabelled,,,,,0,0,0.0,0.0,,,6.826000213623047,-74.4530029296875,1.0,1.5,6.435441,-71.791355,462.0,297.48,278.5
TAM.2025.213.01.53.03,TAM,2025.213.01.53.03,unlabelled,,,,,0,0,0.0,0.0,,,4.392000198364258,-73.35700225830078,16.04,2.1,6.435441,-71.791355,462.0,284.9,217.6
TAM.2025.213.11.09.55,TAM,2025.213.11.09.55,unlabelled,,,,,0,0,0.0,0.0,,,4.458000183105469,-73.29499816894531,15.51,2.1,6.435441,-71.791355,462.0,274.92,217.38
TAM.2025.213.18.15.17,TAM,2025.213.18.15.17,unlabelled,,,,,0,0,0.0,0.0,,,6.796999931335449,-74.44400024414062,2.02,1.9,6.435441,-71.791355,462.0,296.05,277.91
TAM.2025.214.01.31.03,TAM,2025.214.01.31.03,unlabelled,,,,,0,0,0.0,0.0,,,4.440999984741211,-73.30999755859375,9.65,1.7,6.435441,-71.791355,462.0,277.43,217.42
TAM.2025.214.23.40.23,TAM,2025.214.23.40.23,unlabelled,,,,,0,0,0.0,0.0,,,6.401000022888184,-74.6510009765625,3.0,2.0,6.435441,-71.791355,462.0,316.37,269.47
TAM.2025.215.10.11.02,TAM,2025.215.10.11.02,unlabelled,,,,,0,0,0.0,0.0,,,5.368000030517578,-72.71700286865234,20.66,1.8,6.435441,-71.791355,462.0,156.33,221.02
TAM.2025.215.12.26.45,TAM,2025.215.12.26.45,unlabelled,,,,,0,0,0.0,0.0,,,4.495999813079834,-73.2770004272461,14.75,2.1,6.435441,-71.791355,462.0,270.37,217.58
TAM.2025.215.20.06.10,TAM,2025.215.20.06.10,unlabelled,,,,,0,0,0.0,0.0,,,4.418000221252441,-73.3759994506836,12.93,1.5,6.435441,-71.791355,462.0,283.92,218.29
TAM.2025.215.20.11.09,TAM,2025.215.20.11.09,unlabelled,,,,,0,0,0.0,0.0,,,4.386000156402588,-73.22200012207031,0.0,2.2,6.435441,-71.791355,462.0,276.59,215.05
TAM.2025.215.22.55.32,TAM,2025.215.22.55.32,unlabelled,,,,,0,0,0.0,0.0,,,5.566999912261963,-72.88800048828125,12.46,1.8,6.435441,-71.791355,462.0,154.8,231.71
TAM.2025.216.23.25.08,TAM,2025.216.23.25.08,unlabelled,,,,,0,0,0.0,0.0,,,4.401000022888184,-73.33499908447266,16.62,2.6,6.435441,-71.791355,462.0,282.63,217.33
TAM.2025.217.03.52.42,TAM,2025.217.03.52.42,unlabelled,,,,,0,0,0.0,0.0,,,6.685999870300293,-74.73500061035156,5.38,1.5,6.435441,-71.791355,462.0,326.73,275.03
TAM.2025.292.17.45.17,TAM,2025.292.17.45.17,unlabelled,,,,,0,0,0.0,0.0,,,5.960999965667725,-72.40299987792969,16.74,2.8,6.435441,-71.791355,462.0,85.64,232.25
TAM.2025.292.22.18.12,TAM,2025.292.22.18.12,unlabelled,,,,,0,0,0.0,0.0,,,4.445000171661377,-73.37300109863281,14.39,2.4,6.435441,-71.791355,462.0,281.37,218.61
TAM.2025.294.03.37.34,TAM,2025.294.03.37.34,unlabelled,,,,,0,0,0.0,0.0,,,4.426000118255615,-73.31199645996094,9.47,2.3,6.435441,-71.791355,462.0,278.88,217.25
TAM.2025.294.20.59.02,TAM,2025.294.20.59.02,unlabelled,,,,,0,0,0.0,0.0,,,5.5320000648498535,-72.34600067138672,33.57,2.0,6.435441,-71.791355,462.0,117.27,211.61
TAM.2025.295.22.37.17,TAM,2025.295.22.37.17,unlabelled,,,,,0,0,0.0,0.0,,,4.440999984741211,-73.56700134277344,14.28,1.5,6.435441,-71.791355,462.0,295.57,221.83
TAM.2025.296.11.13.56,TAM,2025.296.11.13.56,unlabelled,,,,,0,0,0.0,0.0,,,4.497000217437744,-73.56999969482422,12.87,2.2,6.435441,-71.791355,462.0,291.2,222.69
TAM.2025.296.15.11.50,TAM,2025.296.15.11.50,unlabelled,,,,,0,0,0.0,0.0,,,4.421000003814697,-73.37100219726562,3.67,1.8,6.435441,-71.791355,462.0,283.32,218.24
TAM.2025.296.20.05.59,TAM,2025.296.20.05.59,unlabelled,,,,,0,0,0.0,0.0,,,7.370999813079834,-72.04299926757812,22.07,1.9,6.435441,-71.791355,462.0,107.14,344.97
TAM.2025.297.01.05.20,TAM,2025.297.01.05.20,unlabelled,,,,,0,0,0.0,0.0,,,4.453999996185303,-73.37899780273438,13.46,1.9,6.435441,-71.791355,462.0,281.01,218.84
TAM.2025.297.04.40.17,TAM,2025.297.04.40.17,unlabelled,,,,,0,0,0.0,0.0,,,4.419000148773193,-73.48799896240234,14.16,2.0,6.435441,-71.791355,462.0,291.67,220.22
TAM.2025.299.17.13.07,TAM,2025.299.17.13.07,unlabelled,,,,,0,0,0.0,0.0,,,5.968999862670898,-72.55400085449219,18.79,1.8,6.435441,-71.791355,462.0,98.92,238.61
TAM.2025.300.23.43.55,TAM,2025.300.23.43.55,unlabelled,,,,,0,0,0.0,0.0,,,5.7220001220703125,-74.29199981689453,24.41,1.7,6.435441,-71.791355,462.0,287.84,254.23
TAM.2025.301.12.44.28,TAM,2025.301.12.44.28,unlabelled,,,,,0,0,0.0,0.0,,,4.559999942779541,-73.30400085449219,12.93,1.5,6.435441,-71.791355,462.0,266.66,219.02
TAM.2025.301.14.52.41,TAM,2025.301.14.52.41,unlabelled,,,,,0,0,0.0,0.0,,,4.548999786376953,-73.54199981689453,3.38,1.7,6.435441,-71.791355,462.0,284.87,223.01
TAM.2025.303.02.15.44,TAM,2025.303.02.15.44,unlabelled,,,,,0,0,0.0,0.0,,,4.580999851226807,-73.55799865722656,19.49,2.3,6.435441,-71.791355,462.0,283.5,223.76
TAM.2025.303.03.30.49,TAM,2025.303.03.30.49,unlabelled,,,,,0,0,0.0,0.0,,,4.572000026702881,-73.57099914550781,13.87,1.5,6.435441,-71.791355,462.0,285.22,223.83
TAM.2025.303.08.08.41,TAM,2025.303.08.08.41,unlabelled,,,,,0,0,0.0,0.0,,,4.436999797821045,-73.30599975585938,13.4,1.5,6.435441,-71.791355,462.0,277.51,217.29
TAM.2025.304.15.00.41,TAM,2025.304.15.00.41,unlabelled,,,,,0,0,0.0,0.0,,,4.5970001220703125,-73.53399658203125,18.14,2.8,6.435441,-71.791355,462.0,280.38,223.61
TAM.2025.304.17.38.07,TAM,2025.304.17.38.07,unlabelled,,,,,0,0,0.0,0.0,,,4.614999771118164,-73.52999877929688,14.98,2.2,6.435441,-71.791355,462.0,278.64,223.83
TAM.2025.304.19.25.58,TAM,2025.304.19.25.58,unlabelled,,,,,0,0,0.0,0.0,,,5.395999908447266,-73.27200317382812,16.91,1.8,6.435441,-71.791355,462.0,200.23,235.04
TAM.2025.304.22.55.01,TAM,2025.304.22.55.01,unlabelled,,,,,0,0,0.0,0.0,,,4.434999942779541,-73.29100036621094,12.7,1.7,6.435441,-71.791355,462.0,276.69,216.99
TAM.2025.305.03.29.26,TAM,2025.305.03.29.26,unlabelled,,,,,0,0,0.0,0.0,,,5.4039998054504395,-73.24800109863281,0.0,1.7,6.435441,-71.791355,462.0,197.55,234.81
TAM.2025.305.19.13.13,TAM,2025.305.19.13.13,unlabelled,,,,,0,0,0.0,0.0,,,7.716000080108643,-72.95600128173828,13.16,2.0,6.435441,-71.791355,462.0,191.34,317.81
TAM.2025.305.23.02.44,TAM,2025.305.23.02.44,unlabelled,,,,,0,0,0.0,0.0,,,4.506999969482422,-73.55999755859375,30.12,1.5,6.435441,-71.791355,462.0,289.63,222.67
TAM.2025.306.05.43.37,TAM,2025.306.05.43.37,unlabelled,,,,,0,0,0.0,0.0,,,4.482999801635742,-73.26799774169922,12.93,1.5,6.435441,-71.791355,462.0,270.91,217.23
TAM.2025.307.04.51.13,TAM,2025.307.04.51.13,unlabelled,,,,,0,0,0.0,0.0,,,5.735000133514404,-72.28199768066406,31.68,1.7,6.435441,-71.791355,462.0,94.6,215.06
TAM.2025.309.01.40.18,TAM,2025.309.01.40.18,unlabelled,,,,,0,0,0.0,0.0,,,4.210000038146973,-73.70899963378906,12.93,1.5,6.435441,-71.791355,462.0,325.18,220.91
TAM.2025.309.11.23.04,TAM,2025.309.11.23.04,unlabelled,,,,,0,0,0.0,0.0,,,5.5960001945495605,-74.37799835205078,28.34,2.5,6.435441,-71.791355,462.0,301.04,252.18
TAM.2025.309.15.30.58,TAM,2025.309.15.30.58,unlabelled,,,,,0,0,0.0,0.0,,,4.482999801635742,-73.27899932861328,12.99,2.3,6.435441,-71.791355,462.0,271.65,217.44
TAM.2025.309.16.46.21,TAM,2025.309.16.46.21,unlabelled,,,,,0,0,0.0,0.0,,,5.539999961853027,-74.2699966430664,24.88,1.5,6.435441,-71.791355,462.0,291.74,250.29
TAM.2025.310.07.10.52,TAM,2025.310.07.10.52,unlabelled,,,,,0,0,0.0,0.0,,,5.928999900817871,-72.61499786376953,0.0,1.6,6.435441,-71.791355,462.0,106.99,238.48
TAM.2025.310.07.45.04,TAM,2025.310.07.45.04,unlabelled,,,,,0,0,0.0,0.0,,,4.61299991607666,-73.18499755859375,5.9,1.5,6.435441,-71.791355,462.0,253.89,217.53
TAM.2025.310.13.08.38,TAM,2025.310.13.08.38,unlabelled,,,,,0,0,0.0,0.0,,,4.4770002365112305,-73.26100158691406,12.46,1.6,6.435441,-71.791355,462.0,270.97,217.02
TAM.2025.310.23.20.45,TAM,2025.310.23.20.45,unlabelled,,,,,0,0,0.0,0.0,,,5.585999965667725,-74.66899871826172,18.96,2.2,6.435441,-71.791355,462.0,332.15,253.73
TAM.2025.311.07.45.45,TAM,2025.311.07.45.45,unlabelled,,,,,0,0,0.0,0.0,,,5.0879998207092285,-72.97699737548828,0.0,1.6,6.435441,-71.791355,462.0,198.62,221.45
TAM.2025.311.21.33.59,TAM,2025.311.21.33.59,unlabelled,,,,,0,0,0.0,0.0,,,4.23199987411499,-73.677001953125,7.54,1.6,6.435441,-71.791355,462.0,321.02,220.71
TAM.2025.312.13.01.43,TAM,2025.312.13.01.43,unlabelled,,,,,0,0,0.0,0.0,,,5.7170000076293945,-72.34500122070312,24.98,2.0,6.435441,-71.791355,462.0,100.34,217.68
TAM.2025.313.13.50.45,TAM,2025.313.13.50.45,unlabelled,,,,,0,0,0.0,0.0,,,5.065999984741211,-73.02200317382812,17.21,2.7,6.435441,-71.791355,462.0,203.75,222.05
TAM.2025.314.05.33.21,TAM,2025.314.05.33.21,unlabelled,,,,,0,0,0.0,0.0,,,4.52400016784668,-73.24400329589844,11.23,1.7,6.435441,-71.791355,462.0,265.69,217.36
TAM.2025.314.16.03.04,TAM,2025.314.16.03.04,unlabelled,,,,,0,0,0.0,0.0,,,5.132999897003174,-72.9219970703125,14.57,1.9,6.435441,-71.791355,462.0,190.86,221.06
TAM.2025.314.18.59.27,TAM,2025.314.18.59.27,unlabelled,,,,,0,0,0.0,0.0,,,4.448999881744385,-73.2770004272461,14.04,2.1,6.435441,-71.791355,462.0,274.51,216.92
TAM.2025.315.04.20.15,TAM,2025.315.04.20.15,unlabelled,,,,,0,0,0.0,0.0,,,6.389999866485596,-73.7699966430664,0.0,1.5,6.435441,-71.791355,462.0,218.95,268.8
TAM.2025.316.03.20.32,TAM,2025.316.03.20.32,unlabelled,,,,,0,0,0.0,0.0,,,4.480999946594238,-73.25900268554688,13.87,1.8,6.435441,-71.791355,462.0,270.49,217.03
TAM.2025.316.14.25.16,TAM,2025.316.14.25.16,unlabelled,,,,,0,0,0.0,0.0,-0.22,,5.979000091552734,-72.48300170898438,3.69,2.0,6.435441,-71.791355,462.0,91.69,236.64
TAM.2025.316.18.20.23,TAM,2025.316.18.20.23,unlabelled,,,,,0,0,0.0,0.0,,,4.642000198364258,-73.44100189208984,19.26,1.9,6.435441,-71.791355,462.0,269.71,222.75
TAM.2025.316.20.32.58,TAM,2025.316.20.32.58,unlabelled,,,,,0,0,0.0,0.0,,,4.7779998779296875,-73.4739990234375,4.0,1.6,6.435441,-71.791355,462.0,261.43,225.57
TAM.2025.317.21.40.00,TAM,2025.317.21.40.00,unlabelled,,,,,0,0,0.0,0.0,,,6.51200008392334,-73.38099670410156,28.98,1.8,6.435441,-71.791355,462.0,176.04,272.85
TAM.2025.318.19.31.44,TAM,2025.318.19.31.44,unlabelled,,,,,0,0,0.0,0.0,,,4.64900016784668,-73.45600128173828,18.55,2.1,6.435441,-71.791355,462.0,270.27,223.12
TAM.2025.319.01.27.37,TAM,2025.319.01.27.37,unlabelled,,,,,0,0,0.0,0.0,,,4.416999816894531,-73.28600311279297,21.02,1.9,6.435441,-71.791355,462.0,277.95,216.65
TAM.2025.319.03.42.47,TAM,2025.319.03.42.47,unlabelled,,,,,0,0,0.0,0.0,-0.36,,5.698999881744385,-73.46600341796875,13.05,2.1,6.435441,-71.791355,462.0,202.48,246.37
TAM.2025.319.08.36.37,TAM,2025.319.08.36.37,unlabelled,,,,,0,0,0.0,0.0,-1.05,,7.066999912261963,-72.12200164794922,6.61,1.5,6.435441,-71.791355,462.0,78.83,332.39
TAM.2025.319.10.41.33,TAM,2025.319.10.41.33,unlabelled,,,,,0,0,0.0,0.0,,,4.986000061035156,-73.8489990234375,0.0,1.8,6.435441,-71.791355,462.0,278.64,234.99
TAM.2025.319.12.22.10,TAM,2025.319.12.22.10,unlabelled,,,,,0,0,0.0,0.0,,,6.946000099182129,-73.52300262451172,5.4,1.5,6.435441,-71.791355,462.0,199.61,286.53
TAM.2025.320.19.11.30,TAM,2025.320.19.11.30,unlabelled,,,,,0,0,0.0,0.0,,,4.363999843597412,-73.23600006103516,0.0,2.5,6.435441,-71.791355,462.0,279.47,215.02
TAM.2025.321.13.27.25,TAM,2025.321.13.27.25,unlabelled,,,,,0,0,0.0,0.0,,,4.440999984741211,-73.2979965209961,11.52,1.7,6.435441,-71.791355,462.0,276.62,217.2
TAM.2025.321.18.14.28,TAM,2025.321.18.14.28,unlabelled,,,,,0,0,0.0,0.0,,,5.1539998054504395,-72.93299865722656,12.93,1.8,6.435441,-71.791355,462.0,189.92,221.8
TAM.2025.322.05.44.51,TAM,2025.322.05.44.51,unlabelled,,,,,0,0,0.0,0.0,,,7.590000152587891,-74.1240005493164,29.11,2.7,6.435441,-71.791355,462.0,287.63,296.49
TAM.2025.323.08.14.36,TAM,2025.323.08.14.36,unlabelled,,,,,0,0,0.0,0.0,,,4.883999824523926,-73.03700256347656,18.55,1.9,6.435441,-71.791355,462.0,220.17,218.87
TAM.2025.324.21.05.52,TAM,2025.324.21.05.52,unlabelled,,,,,0,0,0.0,0.0,,,4.4710001945495605,-73.29399871826172,13.63,2.1,6.435441,-71.791355,462.0,273.71,217.55
TAM.2025.325.05.35.57,TAM,2025.325.05.35.57,unlabelled,,,,,0,0,0.0,0.0,,,4.436999797821045,-73.29299926757812,14.34,1.6,6.435441,-71.791355,462.0,276.64,217.05
TAM.2025.325.10.23.55,TAM,2025.325.10.23.55,unlabelled,,,,,0,0,0.0,0.0,,,4.9710001945495605,-72.87200164794922,10.7,1.7,6.435441,-71.791355,462.0,201.38,216.53
TAM.2025.325.18.57.26,TAM,2025.325.18.57.26,unlabelled,,,,,0,0,0.0,0.0,,,4.486000061035156,-73.20899963378906,0.0,1.6,6.435441,-71.791355,462.0,266.74,216.15
TAM.2025.327.22.36.38,TAM,2025.327.22.36.38,unlabelled,,,,,0,0,0.0,0.0,,,4.502999782562256,-73.2699966430664,9.18,1.6,6.435441,-71.791355,462.0,269.28,217.55
TAM.2025.329.11.10.25,TAM,2025.329.11.10.25,unlabelled,,,,,0,0,0.0,0.0,,,7.241000175476074,-72.81600189208984,5.84,1.8,6.435441,-71.791355,462.0,144.1,308.25
TAM.2025.329.13.27.24,TAM,2025.329.13.27.24,unlabelled,,,,,0,0,0.0,0.0,,,4.748000144958496,-73.09500122070312,21.56,1.5,6.435441,-71.791355,462.0,235.97,217.81
TAM.2025.330.02.15.37,TAM,2025.330.02.15.37,unlabelled,,,,,0,0,0.0,0.0,,,4.4120001792907715,-73.28900146484375,15.92,2.3,6.435441,-71.791355,462.0,278.59,216.64
TAM.2025.331.13.47.30,TAM,2025.331.13.47.30,unlabelled,,,,,0,0,0.0,0.0,,,4.521999835968018,-73.26799774169922,9.88,1.5,6.435441,-71.791355,462.0,267.48,217.79
TAM.2025.331.22.05.54,TAM,2025.331.22.05.54,unlabelled,,,,,0,0,0.0,0.0,,,4.479000091552734,-73.2760009765625,9.88,1.6,6.435441,-71.791355,462.0,271.8,217.32
TAM.2025.332.00.46.36,TAM,2025.332.00.46.36,unlabelled,,,,,0,0,0.0,0.0,,,7.690000057220459,-72.61900329589844,12.46,1.8,6.435441,-71.791355,462.0,166.16,326.66
TAM.2025.332.02.22.25,TAM,2025.332.02.22.25,unlabelled,,,,,0,0,0.0,0.0,,,5.60099983215332,-74.68000030517578,18.96,1.9,6.435441,-71.791355,462.0,332.85,254.06
TAM.2025.332.06.39.21,TAM,2025.332.06.39.21,unlabelled,,,,,0,0,0.0,0.0,,,4.464000225067139,-73.30400085449219,15.98,1.5,6.435441,-71.791355,462.0,275.0,217.63
TAM.2025.334.01.20.48,TAM,2025.334.01.20.48,unlabelled,,,,,0,0,0.0,0.0,,,5.747000217437744,-72.58100128173828,4.88,1.5,6.435441,-71.791355,462.0,115.92,228.99
TAM.2025.334.10.33.21,TAM,2025.334.10.33.21,unlabelled,,,,,0,0,0.0,0.0,,,6.02400016784668,-72.45800018310547,10.59,1.8,6.435441,-71.791355,462.0,86.68,238.37
TAM.2025.334.16.15.20,TAM,2025.334.16.15.20,unlabelled,,,,,0,0,0.0,0.0,,,4.525000095367432,-73.25199890136719,11.93,2.1,6.435441,-71.791355,462.0,266.14,217.53
TAM.2025.335.20.40.46,TAM,2025.335.20.40.46,unlabelled,,,,,0,0,0.0,0.0,,,7.078999996185303,-73.17400360107422,1.94,2.0,6.435441,-71.791355,462.0,168.61,295.05
TAM.2025.336.04.35.17,TAM,2025.336.04.35.17,unlabelled,,,,,0,0,0.0,0.0,,,6.077000141143799,-72.38500213623047,15.98,1.5,6.435441,-71.791355,462.0,76.73,238.93
TAM.2025.336.06.23.49,TAM,2025.336.06.23.49,unlabelled,,,,,0,0,0.0,0.0,,,7.526000022888184,-74.04499816894531,0.0,2.1,6.435441,-71.791355,462.0,276.69,295.97
TAM.2025.336.10.01.31,TAM,2025.336.10.01.31,unlabelled,,,,,0,0,0.0,0.0,,,5.440000057220459,-72.88800048828125,30.22,1.8,6.435441,-71.791355,462.0,163.9,227.86
TAM.2025.336.20.28.00,TAM,2025.336.20.28.00,unlabelled,,,,,0,0,0.0,0.0,,,6.827000141143799,-73.52400207519531,14.29,1.9,6.435441,-71.791355,462.0,196.43,282.83
TAM.2025.337.21.53.32,TAM,2025.337.21.53.32,unlabelled,,,,,0,0,0.0,0.0,,,7.216000080108643,-72.79499816894531,12.93,1.5,6.435441,-71.791355,462.0,140.57,307.95
TAM.2025.338.09.37.03,TAM,2025.338.09.37.03,unlabelled,,,,,0,0,0.0,0.0,,,4.5320000648498535,-73.53500366210938,9.0,1.5,6.435441,-71.791355,462.0,285.72,222.64
TAM.2025.338.13.25.28,TAM,2025.338.13.25.28,unlabelled,,,,,0,0,0.0,0.0,,,5.581999778747559,-73.02200317382812,10.35,1.5,6.435441,-71.791355,462.0,165.74,235.36
TAM.2025.338.13.37.39,TAM,2025.338.13.37.39,unlabelled,,,,,0,0,0.0,0.0,,,4.861999988555908,-74.19000244140625,0.12,1.6,6.435441,-71.791355,462.0,317.62,236.91
TAM.2025.339.03.09.00,TAM,2025.339.03.09.00,unlabelled,,,,,0,0,0.0,0.0,,,4.478000164031982,-73.29100036621094,14.75,1.6,6.435441,-71.791355,462.0,272.9,217.59
TAM.2025.339.03.31.11,TAM,2025.339.03.31.11,unlabelled,,,,,0,0,0.0,0.0,,,4.455999851226807,-73.27799987792969,12.93,1.6,6.435441,-71.791355,462.0,273.96,217.04
TAM.2025.339.06.54.20,TAM,2025.339.06.54.20,unlabelled,,,,,0,0,0.0,0.0,,,7.235000133514404,-72.33200073242188,0.0,1.5,6.435441,-71.791355,462.0,106.72,325.98
TAM.2025.339.16.34.39,TAM,2025.339.16.34.39,unlabelled,,,,,0,0,0.0,0.0,,,4.486000061035156,-73.33300018310547,22.6,2.9,6.435441,-71.791355,462.0,275.06,218.47
TAM.2025.339.21.50.39,TAM,2025.339.21.50.39,unlabelled,,,,,0,0,0.0,0.0,,,5.5229997634887695,-74.60299682617188,29.34,1.6,6.435441,-71.791355,462.0,327.24,252.19
TAM.2025.339.23.34.33,TAM,2025.339.23.34.33,unlabelled,,,,,0,0,0.0,0.0,,,5.546000003814697,-74.2979965209961,26.05,1.6,6.435441,-71.791355,462.0,294.44,250.62
TAM.2025.340.00.30.26,TAM,2025.340.00.30.26,unlabelled,,,,,0,0,0.0,0.0,,,5.7170000076293945,-72.68499755859375,13.87,1.5,6.435441,-71.791355,462.0,126.88,231.28
TAM.2025.340.17.03.36,TAM,2025.340.17.03.36,unlabelled,,,,,0,0,0.0,0.0,,,5.216000080108643,-74.52799987792969,17.38,1.8,6.435441,-71.791355,462.0,331.72,246.16
TAM.2025.341.22.23.25,TAM,2025.341.22.23.25,unlabelled,,,,,0,0,0.0,0.0,,,4.48799991607666,-73.26799774169922,15.04,1.9,6.435441,-71.791355,462.0,270.47,217.3
TAM.2025.342.11.07.52,TAM,2025.342.11.07.52,unlabelled,,,,,0,0,0.0,0.0,,,4.4670000076293945,-73.25399780273438,14.75,2.3,6.435441,-71.791355,462.0,271.39,216.74
TAM.2025.343.00.03.40,TAM,2025.343.00.03.40,unlabelled,,,,,0,0,0.0,0.0,,,4.5,-73.35299682617188,14.34,1.5,6.435441,-71.791355,462.0,275.23,219.04
TAM.2025.347.14.34.05,TAM,2025.347.14.34.05,unlabelled,,,,,0,0,0.0,0.0,,,6.5929999351501465,-74.13600158691406,17.09,3.0,6.435441,-71.791355,462.0,259.92,273.98
TAM.2025.348.23.01.56,TAM,2025.348.23.01.56,unlabelled,,,,,0,0,0.0,0.0,,,4.968999862670898,-73.16400146484375,32.97,2.1,6.435441,-71.791355,462.0,222.3,223.23
TAM.2025.349.09.03.57,TAM,2025.349.09.03.57,unlabelled,,,,,0,0,0.0,0.0,,,5.927999973297119,-73.89600372314453,0.0,1.8,6.435441,-71.791355,462.0,239.6,256.57
TAM.2025.349.18.53.12,TAM,2025.349.18.53.12,unlabelled,,,,,0,0,0.0,0.0,,,6.269000053405762,-74.66300201416016,0.14,1.5,6.435441,-71.791355,462.0,318.25,266.84
TAM.2025.350.01.21.08,TAM,2025.350.01.21.08,unlabelled,,,,,0,0,0.0,0.0,-0.2,,6.13700008392334,-72.4020004272461,12.93,1.5,6.435441,-71.791355,462.0,75.2,244.0
TAM.2025.350.19.50.33,TAM,2025.350.19.50.33,unlabelled,,,,,0,0,0.0,0.0,,,4.46999979019165,-73.3010025024414,0.0,1.6,6.435441,-71.791355,462.0,274.27,217.66
TAM.2025.350.20.13.38,TAM,2025.350.20.13.38,unlabelled,,,,,0,0,0.0,0.0,,,4.480999946594238,-73.29299926757812,7.54,1.5,6.435441,-71.791355,462.0,272.77,217.67
TAM.2025.351.14.20.52,TAM,2025.351.14.20.52,unlabelled,,,,,0,0,0.0,0.0,,,7.099999904632568,-72.56400299072266,14.34,1.7,6.435441,-71.791355,462.0,112.68,310.75
TAM.2025.351.14.31.45,TAM,2025.351.14.31.45,unlabelled,,,,,0,0,0.0,0.0,,,5.706999778747559,-72.66100311279297,11.99,1.8,6.435441,-71.791355,462.0,125.53,230.12
TAM.2025.353.02.40.18,TAM,2025.353.02.40.18,unlabelled,,,,,0,0,0.0,0.0,,,5.0,-72.96900177001953,15.27,1.9,6.435441,-71.791355,462.0,205.46,219.47
TAM.2025.353.12.28.02,TAM,2025.353.12.28.02,unlabelled,,,,,0,0,0.0,0.0,-2.65,,7.0960001945495605,-72.14299774169922,16.33,1.7,6.435441,-71.791355,462.0,82.75,332.0
TAM.2025.354.22.52.33,TAM,2025.354.22.52.33,unlabelled,,,,,0,0,0.0,0.0,,,4.446000099182129,-73.2770004272461,15.86,2.8,6.435441,-71.791355,462.0,274.78,216.88
TAM.2025.355.02.20.56,TAM,2025.355.02.20.56,unlabelled,,,,,0,0,0.0,0.0,,,4.480999946594238,-73.26799774169922,14.8,1.7,6.435441,-71.791355,462.0,271.09,217.2
TAM.2025.355.12.13.55,TAM,2025.355.12.13.55,unlabelled,,,,,0,0,0.0,0.0,,,4.519000053405762,-73.27200317382812,14.8,1.6,6.435441,-71.791355,462.0,268.02,217.82
TAM.2025.356.01.38.21,TAM,2025.356.01.38.21,unlabelled,,,,,0,0,0.0,0.0,,,5.379000186920166,-72.92400360107422,19.26,1.6,6.435441,-71.791355,462.0,171.4,227.09
TAM.2025.356.02.14.26,TAM,2025.356.02.14.26,unlabelled,,,,,0,0,0.0,0.0,,,5.395999908447266,-72.88400268554688,14.8,2.0,6.435441,-71.791355,462.0,166.89,226.52
TAM.2025.356.02.17.06,TAM,2025.356.02.17.06,unlabelled,,,,,0,0,0.0,0.0,,,5.375999927520752,-72.9219970703125,3.46,1.6,6.435441,-71.791355,462.0,171.47,226.96
TAM.2025.356.19.46.24,TAM,2025.356.19.46.24,unlabelled,,,,,0,0,0.0,0.0,,,4.267000198364258,-73.75299835205078,13.28,1.9,6.435441,-71.791355,462.0,323.68,222.29
TAM.2025.358.05.08.35,TAM,2025.358.05.08.35,unlabelled,,,,,0,0,0.0,0.0,,,4.498000144958496,-73.2509994506836,10.82,1.6,6.435441,-71.791355,462.0,268.45,217.12
TAM.2025.358.08.30.43,TAM,2025.358.08.30.43,unlabelled,,,,,0,0,0.0,0.0,,,6.539000034332275,-74.07099914550781,29.24,1.7,6.435441,-71.791355,462.0,252.41,272.73
TAM.2025.358.15.03.28,TAM,2025.358.15.03.28,unlabelled,,,,,0,0,0.0,0.0,,,4.36899995803833,-73.29299926757812,0.0,1.5,6.435441,-71.791355,462.0,282.69,216.14
TAM.2025.359.14.24.19,TAM,2025.359.14.24.19,unlabelled,,,,,0,0,0.0,0.0,,,6.9629998207092285,-72.9729995727539,9.36,1.7,6.435441,-71.791355,462.0,143.08,294.13
TAM.2025.359.15.46.43,TAM,2025.359.15.46.43,unlabelled,,,,,0,0,0.0,0.0,,,4.514999866485596,-73.29499816894531,10.59,1.6,6.435441,-71.791355,462.0,269.93,218.19
TAM.2025.360.10.16.43,TAM,2025.360.10.16.43,unlabelled,,,,,0,0,0.0,0.0,,,4.984000205993652,-72.99099731445312,0.0,1.6,6.435441,-71.791355,462.0,208.38,219.68
TAM.2025.360.14.11.43,TAM,2025.360.14.11.43,unlabelled,,,,,0,0,0.0,0.0,,,7.328000068664551,-73.13400268554688,2.4,1.6,6.435441,-71.791355,462.0,178.22,303.71
TAM.2025.360.17.46.58,TAM,2025.360.17.46.58,unlabelled,,,,,0,0,0.0,0.0,,,7.75600004196167,-72.7770004272461,0.0,1.5,6.435441,-71.791355,462.0,182.17,323.35
TAM.2025.360.21.32.04,TAM,2025.360.21.32.04,unlabelled,,,,,0,0,0.0,0.0,,,5.85099983215332,-72.53700256347656,15.98,1.6,6.435441,-71.791355,462.0,104.83,231.98
TAM.2025.361.04.01.34,TAM,2025.361.04.01.34,unlabelled,,,,,0,0,0.0,0.0,,,5.394000053405762,-72.65299987792969,28.87,1.7,6.435441,-71.791355,462.0,149.56,219.69
TAM.2025.361.10.06.32,TAM,2025.361.10.06.32,unlabelled,,,,,0,0,0.0,0.0,,,5.171999931335449,-73.29100036621094,0.0,1.7,6.435441,-71.791355,462.0,217.04,230.01
TAM.2025.361.21.10.55,TAM,2025.361.21.10.55,unlabelled,,,,,0,0,0.0,0.0,,,5.781000137329102,-73.10600280761719,12.46,2.0,6.435441,-71.791355,462.0,162.52,243.63
TAM.2025.362.02.51.55,TAM,2025.362.02.51.55,unlabelled,,,,,0,0,0.0,0.0,,,4.482999801635742,-73.28099822998047,11.29,1.6,6.435441,-71.791355,462.0,271.78,217.47
TAM.2025.362.09.32.21,TAM,2025.362.09.32.21,unlabelled,,,,,0,0,0.0,0.0,,,6.96999979019165,-72.96499633789062,7.13,1.5,6.435441,-71.791355,462.0,142.59,294.56
TAM.2025.362.10.08.42,TAM,2025.362.10.08.42,unlabelled,,,,,0,0,0.0,0.0,-2.52,,7.216000080108643,-72.33000183105469,15.98,1.8,6.435441,-71.791355,462.0,104.86,325.44
TAM.2025.362.16.45.05,TAM,2025.362.16.45.05,unlabelled,,,,,0,0,0.0,0.0,,,5.176000118255615,-73.13800048828125,10.12,1.7,6.435441,-71.791355,462.0,204.06,227.03
TAM.2025.362.22.42.35,TAM,2025.362.22.42.35,unlabelled,,,,,0,0,0.0,0.0,,,6.000999927520752,-72.59500122070312,21.13,1.6,6.435441,-71.791355,462.0,101.09,241.67
TAM.2025.362.23.50.51,TAM,2025.362.23.50.51,unlabelled,,,,,0,0,0.0,0.0,,,5.675000190734863,-72.6510009765625,12.93,1.5,6.435441,-71.791355,462.0,127.0,228.58
TAM.2025.363.21.34.29,TAM,2025.363.21.34.29,unlabelled,,,,,0,0,0.0,0.0,,,4.513000011444092,-73.28099822998047,10.59,1.8,6.435441,-71.791355,462.0,269.15,217.9
TAM.2025.364.01.20.01,TAM,2025.364.01.20.01,unlabelled,,,,,0,0,0.0,0.0,,,5.928999900817871,-72.61199951171875,17.38,1.7,6.435441,-71.791355,462.0,106.71,238.39
TAM.2025.364.17.37.17,TAM,2025.364.17.37.17,unlabelled,,,,,0,0,0.0,0.0,,,6.531000137329102,-73.50800323486328,28.9,1.7,6.435441,-71.791355,462.0,190.18,273.28
TAM.2025.364.23.04.03,TAM,2025.364.23.04.03,unlabelled,,,,,0,0,0.0,0.0,,,5.195000171661377,-73.10399627685547,11.76,1.8,6.435441,-71.791355,462.0,199.88,226.73
