trace_name,station_code,timestamp,category,p_sample,s_sample,p_time_s,s_time_s,p_n_models,s_n_models,p_prob,s_prob,snr_p_db,snr_s_db,source_latitude,source_longitude,source_depth_km,source_magnitude,station_latitude,station_longitude,station_elevation_m,distance_km,back_azimuth
PTGC.2018.061.07.55.44,PTGC,2018.061.07.55.44,unlabelled,,,,,0,0,0.0,0.0,,,3.309000015258789,-74.52400207519531,0.0,2.1,4.199,-72.133833,170.0,283.16,249.74
PTGC.2018.063.20.32.30,PTGC,2018.063.20.32.30,unlabelled,,,,,0,0,0.0,0.0,,,6.03000020980835,-72.52400207519531,9.74,1.5,4.199,-72.133833,170.0,207.05,347.96
PTGC.2018.063.22.53.17,PTGC,2018.063.22.53.17,unlabelled,,,,,0,0,0.0,0.0,-2.62,,3.4579999446868896,-74.6050033569336,3.99,1.8,4.199,-72.133833,170.0,286.45,253.46
PTGC.2018.063.23.24.13,PTGC,2018.063.23.24.13,unlabelled,,,,,0,0,0.0,0.0,,,6.005000114440918,-72.51699829101562,4.75,1.6,4.199,-72.133833,170.0,204.18,348.01
PTGC.2018.064.06.08.39,PTGC,2018.064.06.08.39,unlabelled,,,,,0,0,0.0,0.0,,,3.4709999561309814,-74.38099670410156,3.63,2.2,4.199,-72.133833,170.0,262.26,252.2
PTGC.2018.065.14.36.16,PTGC,2018.065.14.36.16,unlabelled,,,,,0,0,0.0,0.0,,,6.599999904632568,-73.58000183105469,23.33,1.5,4.199,-72.133833,170.0,310.13,328.95
PTGC.2018.068.22.41.49,PTGC,2018.068.22.41.49,unlabelled,,,,,0,0,0.0,0.0,,,6.35699987411499,-73.88700103759766,0.0,1.9,4.199,-72.133833,170.0,307.75,320.92
PTGC.2018.069.11.53.28,PTGC,2018.069.11.53.28,unlabelled,,,,,0,0,0.0,0.0,,,6.076000213623047,-74.22899627685547,10.15,1.6,4.199,-72.133833,170.0,311.52,311.87
PTGC.2018.069.16.44.58,PTGC,2018.069.16.44.58,unlabelled,,,,,0,0,0.0,0.0,,,6.021999835968018,-72.46199798583984,14.8,1.8,4.199,-72.133833,170.0,204.85,349.78
PTGC.2018.070.21.34.19,PTGC,2018.070.21.34.19,unlabelled,,,,,0,0,0.0,0.0,,,7.206999778747559,-71.99500274658203,0.0,1.5,4.199,-72.133833,170.0,333.0,2.64
PTGC.2018.071.10.20.29,PTGC,2018.071.10.20.29,unlabelled,,,,,0,0,0.0,0.0,,,4.794000148773193,-74.81800079345703,31.86,1.8,4.199,-72.133833,170.0,305.06,282.56
PTGC.2018.076.02.00.21,PTGC,2018.076.02.00.21,unlabelled,,,,,0,0,0.0,0.0,,,5.64300012588501,-73.75299835205078,8.24,1.5,4.199,-72.133833,170.0,240.31,311.71
PTGC.2018.076.11.21.37,PTGC,2018.076.11.21.37,unlabelled,,,,,0,0,0.0,0.0,,,6.1570000648498535,-72.43399810791016,16.94,1.7,4.199,-72.133833,170.0,219.06,351.28
PTGC.2018.076.18.46.49,PTGC,2018.076.18.46.49,unlabelled,,,,,0,0,0.0,0.0,,,4.999000072479248,-72.61699676513672,5.86,1.9,4.199,-72.133833,170.0,103.44,328.8
PTGC.2018.077.05.45.56,PTGC,2018.077.05.45.56,unlabelled,,,,,0,0,0.0,0.0,,,5.585999965667725,-73.73500061035156,4.91,1.5,4.199,-72.133833,170.0,234.66,310.88
PTGC.2018.078.08.04.26,PTGC,2018.078.08.04.26,unlabelled,,,,,0,0,0.0,0.0,,,3.9230000972747803,-74.85600280761719,-0.02,2.7,4.199,-72.133833,170.0,303.81,264.33
PTGC.2018.078.15.45.07,PTGC,2018.078.15.45.07,unlabelled,,,,,0,0,0.0,0.0,,,7.013999938964844,-72.14399719238281,15.54,1.7,4.199,-72.133833,170.0,311.3,359.79
PTGC.2018.078.16.28.37,PTGC,2018.078.16.28.37,unlabelled,,,,,0,0,0.0,0.0,,,6.2230000495910645,-72.34700012207031,3.0,1.9,4.199,-72.133833,170.0,225.07,353.98
PTGC.2018.079.04.20.00,PTGC,2018.079.04.20.00,unlabelled,,,,,0,0,0.0,0.0,,,3.7249999046325684,-74.83499908447266,18.42,1.5,4.199,-72.133833,170.0,304.52,260.18
PTGC.2018.079.06.45.43,PTGC,2018.079.06.45.43,unlabelled,,,,,0,0,0.0,0.0,,,4.28000020980835,-73.88800048828125,-0.1,1.6,4.199,-72.133833,170.0,194.95,272.7
PTGC.2018.079.13.52.48,PTGC,2018.079.13.52.48,unlabelled,,,,,0,0,0.0,0.0,,,5.840000152587891,-73.1050033569336,0.07,1.5,4.199,-72.133833,170.0,211.02,329.35
PTGC.2018.079.22.58.48,PTGC,2018.079.22.58.48,unlabelled,,,,,0,0,0.0,0.0,,,4.633999824523926,-74.67400360107422,3.96,1.5,4.199,-72.133833,170.0,286.01,279.78
PTGC.2018.083.16.00.41,PTGC,2018.083.16.00.41,unlabelled,,,,,0,0,0.0,0.0,,,5.9730000495910645,-73.96399688720703,0.02,1.7,4.199,-72.133833,170.0,282.25,314.11
PTGC.2018.084.01.59.00,PTGC,2018.084.01.59.00,unlabelled,,,,,0,0,0.0,0.0,,,5.4710001945495605,-74.40599822998047,6.33,1.9,4.199,-72.133833,170.0,288.63,299.26
PTGC.2018.085.00.55.32,PTGC,2018.085.00.55.32,unlabelled,,,,,0,0,0.0,0.0,,,5.650000095367432,-73.7760009765625,0.0,1.9,4.199,-72.133833,170.0,242.73,311.45
PTGC.2018.086.16.50.17,PTGC,2018.086.16.50.17,unlabelled,,,,,0,0,0.0,0.0,,,3.6110000610351562,-75.0250015258789,27.17,3.0,4.199,-72.133833,170.0,327.62,258.65
PTGC.2018.086.22.32.38,PTGC,2018.086.22.32.38,unlabelled,,,,,0,0,0.0,0.0,,,6.863999843597412,-71.7979965209961,4.86,2.3,4.199,-72.133833,170.0,297.05,7.18
PTGC.2018.087.07.29.23,PTGC,2018.087.07.29.23,unlabelled,,,,,0,0,0.0,0.0,,,6.938000202178955,-71.88600158691406,0.0,2.2,4.199,-72.133833,170.0,304.13,5.17
PTGC.2018.087.14.30.01,PTGC,2018.087.14.30.01,unlabelled,,,,,0,0,0.0,0.0,,,3.571000099182129,-74.58399963378906,3.99,1.7,4.199,-72.133833,170.0,280.85,255.77
PTGC.2018.087.19.23.09,PTGC,2018.087.19.23.09,unlabelled,,,,,0,0,0.0,0.0,,,6.789000034332275,-71.96199798583984,16.42,1.5,4.199,-72.133833,170.0,287.05,3.8
PTGC.2018.088.11.48.28,PTGC,2018.088.11.48.28,unlabelled,,,,,0,0,0.0,0.0,,,5.541999816894531,-73.07099914550781,30.2,1.6,4.199,-72.133833,170.0,181.28,325.05
PTGC.2018.088.22.38.09,PTGC,2018.088.22.38.09,unlabelled,,,,,0,0,0.0,0.0,,,5.001999855041504,-75.03099822998047,41.75,1.7,4.199,-72.133833,170.0,333.51,285.55
PTGC.2018.091.21.45.44,PTGC,2018.091.21.45.44,unlabelled,,,,,0,0,0.0,0.0,,,7.057000160217285,-72.43199920654297,0.02,2.1,4.199,-72.133833,170.0,317.77,354.05
PTGC.2018.092.02.11.08,PTGC,2018.092.02.11.08,unlabelled,,,,,0,0,0.0,0.0,,,5.788000106811523,-74.34100341796875,6.92,1.5,4.199,-72.133833,170.0,301.31,305.77
PTGC.2018.092.05.25.34,PTGC,2018.092.05.25.34,unlabelled,,,,,0,0,0.0,0.0,,,4.341000080108643,-73.93900299072266,-0.17,1.5,4.199,-72.133833,170.0,201.01,274.55
PTGC.2018.092.07.55.41,PTGC,2018.092.07.55.41,unlabelled,,,,,0,0,0.0,0.0,,,6.124000072479248,-74.35299682617188,12.86,2.6,4.199,-72.133833,170.0,325.34,310.96
PTGC.2018.093.00.12.17,PTGC,2018.093.00.12.17,unlabelled,,,,,0,0,0.0,0.0,,,3.2739999294281006,-74.49299621582031,1.88,1.9,4.199,-72.133833,170.0,281.32,248.76
PTGC.2018.093.10.12.32,PTGC,2018.093.10.12.32,unlabelled,,,,,0,0,0.0,0.0,,,3.9860000610351562,-74.0260009765625,5.12,1.7,4.199,-72.133833,170.0,211.42,263.67
PTGC.2018.093.16.38.56,PTGC,2018.093.16.38.56,unlabelled,,,,,0,0,0.0,0.0,,,3.990999937057495,-74.02400207519531,1.81,1.9,4.199,-72.133833,170.0,211.14,263.81
PTGC.2018.095.18.05.56,PTGC,2018.095.18.05.56,unlabelled,,,,,0,0,0.0,0.0,,,4.48199987411499,-74.91600036621094,22.36,1.7,4.199,-72.133833,170.0,310.41,275.89
PTGC.2018.096.12.15.41,PTGC,2018.096.12.15.41,unlabelled,,,,,0,0,0.0,0.0,,,5.017000198364258,-73.43000030517578,0.98,1.7,4.199,-72.133833,170.0,169.9,302.22
PTGC.2018.097.21.34.34,PTGC,2018.097.21.34.34,unlabelled,,,,,0,0,0.0,0.0,,,6.642000198364258,-73.53700256347656,24.99,2.3,4.199,-72.133833,170.0,311.71,330.14
PTGC.2018.097.23.08.59,PTGC,2018.097.23.08.59,unlabelled,,,,,0,0,0.0,0.0,,,5.521999835968018,-74.52100372314453,4.68,1.6,4.199,-72.133833,170.0,302.51,299.02
PTGC.2018.098.16.11.00,PTGC,2018.098.16.11.00,unlabelled,,,,,0,0,0.0,0.0,,,3.375999927520752,-74.3550033569336,7.47,2.5,4.199,-72.133833,170.0,262.97,249.83
PTGC.2018.099.09.30.12,PTGC,2018.099.09.30.12,unlabelled,,,,,0,0,0.0,0.0,,,6.124000072479248,-72.6709976196289,4.3,1.6,4.199,-72.133833,170.0,221.05,344.39
PTGC.2018.099.22.16.16,PTGC,2018.099.22.16.16,unlabelled,,,,,0,0,0.0,0.0,,,3.4679999351501465,-74.65599822998047,7.59,1.6,4.199,-72.133833,170.0,291.57,253.99
PTGC.2018.100.02.15.50,PTGC,2018.100.02.15.50,unlabelled,,,,,0,0,0.0,0.0,,,5.801000118255615,-72.59100341796875,1.01,1.7,4.199,-72.133833,170.0,184.27,344.05
PTGC.2018.100.04.19.23,PTGC,2018.100.04.19.23,unlabelled,,,,,0,0,0.0,0.0,,,3.5450000762939453,-74.58899688720703,-0.04,1.8,4.199,-72.133833,170.0,282.11,255.23
PTGC.2018.100.14.17.48,PTGC,2018.100.14.17.48,unlabelled,,,,,0,0,0.0,0.0,,,7.011000156402588,-72.16500091552734,0.0,2.4,4.199,-72.133833,170.0,310.98,359.37
PTGC.2018.101.04.35.19,PTGC,2018.101.04.35.19,unlabelled,,,,,0,0,0.0,0.0,,,4.828000068664551,-73.73300170898438,5.4,1.6,4.199,-72.133833,170.0,190.61,291.46
PTGC.2018.101.09.31.49,PTGC,2018.101.09.31.49,unlabelled,,,,,0,0,0.0,0.0,,,5.992000102996826,-74.02200317382812,0.0,1.6,4.199,-72.133833,170.0,288.35,313.52
PTGC.2018.102.00.47.51,PTGC,2018.102.00.47.51,unlabelled,,,,,0,0,0.0,0.0,,,3.9609999656677246,-74.1259994506836,4.7,1.5,4.199,-72.133833,170.0,222.77,263.29
PTGC.2018.102.08.46.04,PTGC,2018.102.08.46.04,unlabelled,,,,,0,0,0.0,0.0,,,3.381999969482422,-74.37999725341797,21.33,1.5,4.199,-72.133833,170.0,265.35,250.17
PTGC.2018.106.02.22.37,PTGC,2018.106.02.22.37,unlabelled,,,,,0,0,0.0,0.0,,,6.311999797821045,-72.85800170898438,4.25,1.6,4.199,-72.133833,170.0,247.07,341.07
PTGC.2018.106.15.33.33,PTGC,2018.106.15.33.33,unlabelled,,,,,0,0,0.0,0.0,,,5.678999900817871,-72.75399780273438,4.42,2.0,4.199,-72.133833,170.0,177.53,337.23
PTGC.2018.106.15.54.27,PTGC,2018.106.15.54.27,unlabelled,,,,,0,0,0.0,0.0,,,6.010000228881836,-72.37300109863281,2.38,2.0,4.199,-72.133833,170.0,202.01,352.47
PTGC.2018.106.20.02.19,PTGC,2018.106.20.02.19,unlabelled,,,,,0,0,0.0,0.0,,,4.696000099182129,-74.62100219726562,12.66,2.3,4.199,-72.133833,170.0,281.46,281.35
PTGC.2018.106.21.26.03,PTGC,2018.106.21.26.03,unlabelled,,,,,0,0,0.0,0.0,,,5.679999828338623,-72.76499938964844,4.05,2.0,4.199,-72.133833,170.0,178.11,336.88
PTGC.2018.107.08.08.24,PTGC,2018.107.08.08.24,unlabelled,,,,,0,0,0.0,0.0,,,6.593999862670898,-73.28299713134766,26.0,2.1,4.199,-72.133833,170.0,293.88,334.37
PTGC.2018.108.06.02.15,PTGC,2018.108.06.02.15,unlabelled,,,,,0,0,0.0,0.0,,,5.186999797821045,-72.99199676513672,0.0,1.6,4.199,-72.133833,170.0,144.92,318.96
PTGC.2018.109.01.48.42,PTGC,2018.109.01.48.42,unlabelled,,,,,0,0,0.0,0.0,,,5.270999908447266,-74.08899688720703,4.22,1.5,4.199,-72.133833,170.0,247.19,298.74
PTGC.2018.109.06.37.07,PTGC,2018.109.06.37.07,unlabelled,,,,,0,0,0.0,0.0,,,3.562999963760376,-74.41899871826172,5.5,1.5,4.199,-72.133833,170.0,263.37,254.59
PTGC.2018.109.16.50.25,PTGC,2018.109.16.50.25,unlabelled,,,,,0,0,0.0,0.0,,,4.710000038146973,-74.83300018310547,8.04,3.3,4.199,-72.133833,170.0,304.85,280.78
PTGC.2018.109.23.35.14,PTGC,2018.109.23.35.14,unlabelled,,,,,0,0,0.0,0.0,,,3.562000036239624,-74.4219970703125,9.75,1.7,4.199,-72.133833,170.0,263.72,254.59
PTGC.2018.109.23.47.50,PTGC,2018.109.23.47.50,unlabelled,,,,,0,0,0.0,0.0,,,5.0289998054504395,-74.75199890136719,9.39,2.4,4.199,-72.133833,170.0,304.67,287.64
PTGC.2018.109.23.52.20,PTGC,2018.109.23.52.20,unlabelled,,,,,0,0,0.0,0.0,,,4.708000183105469,-74.88600158691406,19.74,1.6,4.199,-72.133833,170.0,310.59,280.55
PTGC.2018.111.09.32.22,PTGC,2018.111.09.32.22,unlabelled,,,,,0,0,0.0,0.0,,,5.335000038146973,-74.71299743652344,10.39,2.2,4.199,-72.133833,170.0,312.48,293.81
PTGC.2018.112.00.54.45,PTGC,2018.112.00.54.45,unlabelled,,,,,0,0,0.0,0.0,,,4.7129998207092285,-74.8479995727539,21.95,1.9,4.199,-72.133833,170.0,306.55,280.79
PTGC.2018.112.20.26.58,PTGC,2018.112.20.26.58,unlabelled,,,,,0,0,0.0,0.0,,,4.729000091552734,-74.86799621582031,38.01,1.6,4.199,-72.133833,170.0,309.06,281.04
PTGC.2018.115.12.42.42,PTGC,2018.115.12.42.42,unlabelled,,,,,0,0,0.0,0.0,,,6.008999824523926,-73.01300048828125,-0.15,1.8,4.199,-72.133833,170.0,222.63,334.07
PTGC.2018.115.20.20.42,PTGC,2018.115.20.20.42,unlabelled,,,,,0,0,0.0,0.0,,,7.11299991607666,-72.0979995727539,4.8,2.1,4.199,-72.133833,170.0,322.27,0.7
PTGC.2018.116.04.02.42,PTGC,2018.116.04.02.42,unlabelled,,,,,0,0,0.0,0.0,,,5.0320000648498535,-74.58499908447266,0.01,1.6,4.199,-72.133833,170.0,287.16,288.81
PTGC.2018.116.13.10.29,PTGC,2018.116.13.10.29,unlabelled,,,,,0,0,0.0,0.0,,,6.377999782562256,-71.95600128173828,0.0,3.0,4.199,-72.133833,170.0,241.77,4.67
PTGC.2018.116.14.44.21,PTGC,2018.116.14.44.21,unlabelled,,,,,0,0,0.0,0.0,,,5.64900016784668,-73.09600067138672,0.01,1.7,4.199,-72.133833,170.0,192.61,326.39
PTGC.2018.116.17.41.05,PTGC,2018.116.17.41.05,unlabelled,,,,,0,0,0.0,0.0,,,3.7769999504089355,-73.66600036621094,0.0,1.8,4.199,-72.133833,170.0,176.43,254.72
PTGC.2018.118.14.46.53,PTGC,2018.118.14.46.53,unlabelled,,,,,0,0,0.0,0.0,,,5.8470001220703125,-73.07599639892578,0.27,1.7,4.199,-72.133833,170.0,210.06,330.21
PTGC.2018.121.14.45.28,PTGC,2018.121.14.45.28,unlabelled,,,,,0,0,0.0,0.0,,,3.510999917984009,-74.1719970703125,3.55,2.0,4.199,-72.133833,170.0,238.82,251.49
PTGC.2018.121.20.10.00,PTGC,2018.121.20.10.00,unlabelled,,,,,0,0,0.0,0.0,,,4.684999942779541,-74.62200164794922,28.64,1.5,4.199,-72.133833,170.0,281.34,281.11
PTGC.2018.122.01.15.08,PTGC,2018.122.01.15.08,unlabelled,,,,,0,0,0.0,0.0,,,3.3469998836517334,-74.29199981689453,0.06,1.6,4.199,-72.133833,170.0,257.58,248.62
PTGC.2018.122.01.34.32,PTGC,2018.122.01.34.32,unlabelled,,,,,0,0,0.0,0.0,,,3.2730000019073486,-74.34400177001953,4.01,2.2,4.199,-72.133833,170.0,266.01,247.44
PTGC.2018.122.01.35.00,PTGC,2018.122.01.35.00,unlabelled,,,,,0,0,0.0,0.0,,,3.321000099182129,-74.37699890136719,2.89,2.0,4.199,-72.133833,170.0,267.42,248.79
PTGC.2018.125.21.06.27,PTGC,2018.125.21.06.27,unlabelled,,,,,0,0,0.0,0.0,,,6.570000171661377,-73.08899688720703,24.23,1.9,4.199,-72.133833,170.0,282.76,338.06
PTGC.2018.127.03.06.59,PTGC,2018.127.03.06.59,unlabelled,,,,,0,0,0.0,0.0,,,5.214000225067139,-74.70099639892578,3.98,1.8,4.199,-72.133833,170.0,306.13,291.61
PTGC.2018.127.05.35.55,PTGC,2018.127.05.35.55,unlabelled,,,,,0,0,0.0,0.0,,,6.010000228881836,-73.96199798583984,2.45,2.1,4.199,-72.133833,170.0,284.95,314.73
PTGC.2018.127.22.40.19,PTGC,2018.127.22.40.19,unlabelled,,,,,0,0,0.0,0.0,,,6.565999984741211,-73.13200378417969,30.0,2.1,4.199,-72.133833,170.0,284.17,337.13
PTGC.2018.128.09.40.56,PTGC,2018.128.09.40.56,unlabelled,,,,,0,0,0.0,0.0,,,5.296000003814697,-74.11199951171875,12.93,1.6,4.199,-72.133833,170.0,250.75,299.01
PTGC.2018.128.17.12.42,PTGC,2018.128.17.12.42,unlabelled,,,,,0,0,0.0,0.0,,,3.380000114440918,-74.74400329589844,3.47,2.1,4.199,-72.133833,170.0,303.74,252.74
PTGC.2018.128.19.45.54,PTGC,2018.128.19.45.54,unlabelled,,,,,0,0,0.0,0.0,,,5.99399995803833,-72.50499725341797,3.36,2.0,4.199,-72.133833,170.0,202.72,348.3
PTGC.2018.128.20.55.50,PTGC,2018.128.20.55.50,unlabelled,,,,,0,0,0.0,0.0,,,6.811999797821045,-71.97799682617188,12.45,1.9,4.199,-72.133833,170.0,289.47,3.41
PTGC.2018.129.12.06.52,PTGC,2018.129.12.06.52,unlabelled,,,,,0,0,0.0,0.0,,,3.308000087738037,-74.46499633789062,18.91,2.0,4.199,-72.133833,170.0,277.06,249.25
PTGC.2018.129.12.09.00,PTGC,2018.129.12.09.00,unlabelled,,,,,0,0,0.0,0.0,,,5.994999885559082,-74.35299682617188,11.96,1.9,4.199,-72.133833,170.0,316.21,309.0
PTGC.2018.130.17.31.38,PTGC,2018.130.17.31.38,unlabelled,,,,,0,0,0.0,0.0,,,3.5989999771118164,-74.44100189208984,19.25,1.6,4.199,-72.133833,170.0,264.69,255.56
PTGC.2018.130.20.54.59,PTGC,2018.130.20.54.59,unlabelled,,,,,0,0,0.0,0.0,,,3.5789999961853027,-74.42400360107422,2.62,1.8,4.199,-72.133833,170.0,263.43,254.99
PTGC.2018.131.23.20.04,PTGC,2018.131.23.20.04,unlabelled,,,,,0,0,0.0,0.0,,,6.289999961853027,-73.54299926757812,4.48,1.6,4.199,-72.133833,170.0,279.05,326.02
PTGC.2018.133.07.07.12,PTGC,2018.133.07.07.12,unlabelled,,,,,0,0,0.0,0.0,,,6.943999767303467,-72.28399658203125,3.97,1.6,4.199,-72.133833,170.0,304.01,356.87
PTGC.2018.134.12.56.11,PTGC,2018.134.12.56.11,unlabelled,,,,,0,0,0.0,0.0,,,6.079999923706055,-72.83100128173828,0.02,1.6,4.199,-72.133833,170.0,221.9,339.64
PTGC.2018.134.22.05.25,PTGC,2018.134.22.05.25,unlabelled,,,,,0,0,0.0,0.0,,,5.309999942779541,-72.8290023803711,0.03,1.9,4.199,-72.133833,170.0,145.06,327.91
PTGC.2018.136.14.38.57,PTGC,2018.136.14.38.57,unlabelled,,,,,0,0,0.0,0.0,,,3.4560000896453857,-74.02200317382812,2.48,1.7,4.199,-72.133833,170.0,225.24,248.67
PTGC.2018.137.00.14.30,PTGC,2018.137.00.14.30,unlabelled,,,,,0,0,0.0,0.0,,,3.374000072479248,-74.79399871826172,20.53,2.4,4.199,-72.133833,170.0,309.25,252.93
PTGC.2018.137.00.29.32,PTGC,2018.137.00.29.32,unlabelled,,,,,0,0,0.0,0.0,,,3.3399999141693115,-74.80799865722656,17.92,1.5,4.199,-72.133833,170.0,311.86,252.36
PTGC.2018.137.19.15.37,PTGC,2018.137.19.15.37,unlabelled,,,,,0,0,0.0,0.0,,,5.0269999504089355,-73.27799987792969,0.0,2.1,4.199,-72.133833,170.0,156.53,305.84
PTGC.2018.138.01.24.17,PTGC,2018.138.01.24.17,unlabelled,,,,,0,0,0.0,0.0,,,5.110000133514404,-73.39199829101562,8.56,1.5,4.199,-72.133833,170.0,172.15,305.87
PTGC.2018.139.07.57.37,PTGC,2018.139.07.57.37,unlabelled,,,,,0,0,0.0,0.0,,,3.382999897003174,-74.78700256347656,20.13,2.1,4.199,-72.133833,170.0,308.21,253.07
PTGC.2018.139.12.04.27,PTGC,2018.139.12.04.27,unlabelled,,,,,0,0,0.0,0.0,,,3.9709999561309814,-74.19999694824219,3.76,1.5,4.199,-72.133833,170.0,230.8,263.8
PTGC.2018.140.23.43.45,PTGC,2018.140.23.43.45,unlabelled,,,,,0,0,0.0,0.0,,,6.651000022888184,-72.99299621582031,0.1,1.5,4.199,-72.133833,170.0,287.38,340.69
PTGC.2018.141.08.51.44,PTGC,2018.141.08.51.44,unlabelled,,,,,0,0,0.0,0.0,,,3.3259999752044678,-74.47699737548828,26.46,2.8,4.199,-72.133833,170.0,277.6,249.73
PTGC.2018.141.13.40.28,PTGC,2018.141.13.40.28,unlabelled,,,,,0,0,0.0,0.0,,,3.299999952316284,-74.51899719238281,2.05,1.8,4.199,-72.133833,170.0,282.98,249.51
PTGC.2018.142.11.13.08,PTGC,2018.142.11.13.08,unlabelled,,,,,0,0,0.0,0.0,,,4.434999942779541,-73.51000213623047,5.22,1.5,4.199,-72.133833,170.0,154.98,279.75
PTGC.2018.142.23.05.23,PTGC,2018.142.23.05.23,unlabelled,,,,,0,0,0.0,0.0,,,3.319999933242798,-74.35700225830078,7.31,1.5,4.199,-72.133833,170.0,265.39,248.59
PTGC.2018.143.04.53.39,PTGC,2018.143.04.53.39,unlabelled,,,,,0,0,0.0,0.0,,,4.947000026702881,-74.6050033569336,15.27,1.9,4.199,-72.133833,170.0,286.42,286.88
PTGC.2018.143.12.49.04,PTGC,2018.143.12.49.04,unlabelled,,,,,0,0,0.0,0.0,,,4.434000015258789,-73.84100341796875,-0.01,1.8,4.199,-72.133833,170.0,191.28,277.87
PTGC.2018.144.09.54.40,PTGC,2018.144.09.54.40,unlabelled,,,,,0,0,0.0,0.0,,,5.269999980926514,-72.93900299072266,0.0,1.6,4.199,-72.133833,170.0,148.34,323.01
PTGC.2018.146.06.15.11,PTGC,2018.146.06.15.11,unlabelled,,,,,0,0,0.0,0.0,,,7.0,-72.4260025024414,0.0,2.0,4.199,-72.133833,170.0,311.44,354.05
PTGC.2018.146.17.28.12,PTGC,2018.146.17.28.12,unlabelled,,,,,0,0,0.0,0.0,,,3.5829999446868896,-74.39800262451172,4.98,2.0,4.199,-72.133833,170.0,260.53,254.92
PTGC.2018.146.22.58.17,PTGC,2018.146.22.58.17,unlabelled,,,,,0,0,0.0,0.0,,,6.951000213623047,-71.80500030517578,4.86,1.5,4.199,-72.133833,170.0,306.5,6.81
PTGC.2018.147.03.17.11,PTGC,2018.147.03.17.11,unlabelled,,,,,0,0,0.0,0.0,,,5.035999774932861,-74.56099700927734,15.64,1.7,4.199,-72.133833,170.0,284.78,289.06
PTGC.2018.147.07.56.04,PTGC,2018.147.07.56.04,unlabelled,,,,,0,0,0.0,0.0,,,3.2699999809265137,-74.36599731445312,7.0,1.7,4.199,-72.133833,170.0,268.39,247.57
PTGC.2018.147.17.36.23,PTGC,2018.147.17.36.23,unlabelled,,,,,0,0,0.0,0.0,,,4.985000133514404,-72.6729965209961,0.0,1.9,4.199,-72.133833,170.0,105.52,325.48
PTGC.2018.149.01.57.12,PTGC,2018.149.01.57.12,unlabelled,,,,,0,0,0.0,0.0,,,4.330999851226807,-73.88700103759766,4.51,1.8,4.199,-72.133833,170.0,195.17,274.35
PTGC.2018.149.16.31.37,PTGC,2018.149.16.31.37,unlabelled,,,,,0,0,0.0,0.0,,,3.5439999103546143,-74.41899871826172,2.4,2.0,4.199,-72.133833,170.0,263.94,254.15
PTGC.2018.150.01.44.38,PTGC,2018.150.01.44.38,unlabelled,,,,,0,0,0.0,0.0,,,3.569999933242798,-74.43099975585938,15.44,1.5,4.199,-72.133833,170.0,264.45,254.83
PTGC.2018.150.19.42.32,PTGC,2018.150.19.42.32,unlabelled,,,,,0,0,0.0,0.0,,,4.724999904632568,-74.75399780273438,12.1,1.6,4.199,-72.133833,170.0,296.56,281.41
PTGC.2018.155.04.51.04,PTGC,2018.155.04.51.04,unlabelled,,,,,0,0,0.0,0.0,,,3.4600000381469727,-74.5530014038086,4.77,1.6,4.199,-72.133833,170.0,280.85,253.17
PTGC.2018.155.20.33.50,PTGC,2018.155.20.33.50,unlabelled,,,,,0,0,0.0,0.0,,,5.031000137329102,-72.78500366210938,18.68,2.0,4.199,-72.133833,170.0,116.98,321.88
PTGC.2018.157.09.49.39,PTGC,2018.157.09.49.39,unlabelled,,,,,0,0,0.0,0.0,,,6.735000133514404,-71.91000366210938,6.14,1.6,4.199,-72.133833,170.0,281.54,5.04
PTGC.2018.160.03.09.03,PTGC,2018.160.03.09.03,unlabelled,,,,,0,0,0.0,0.0,,,3.572000026702881,-74.45899963378906,18.75,1.5,4.199,-72.133833,170.0,267.39,255.05
PTGC.2018.161.23.33.21,PTGC,2018.161.23.33.21,unlabelled,,,,,0,0,0.0,0.0,,,4.080999851226807,-74.08399963378906,20.9,2.7,4.199,-72.133833,170.0,216.92,266.62
PTGC.2018.162.01.40.02,PTGC,2018.162.01.40.02,unlabelled,,,,,0,0,0.0,0.0,,,3.430000066757202,-74.31700134277344,3.73,1.8,4.199,-72.133833,170.0,256.97,250.75
PTGC.2018.164.02.20.34,PTGC,2018.164.02.20.34,unlabelled,,,,,0,0,0.0,0.0,,,3.296999931335449,-74.48200225830078,18.95,1.8,4.199,-72.133833,170.0,279.26,249.15
PTGC.2018.166.04.19.03,PTGC,2018.166.04.19.03,unlabelled,,,,,0,0,0.0,0.0,,,6.961999893188477,-71.9520034790039,3.69,1.8,4.199,-72.133833,170.0,306.21,3.76
PTGC.2018.169.12.00.32,PTGC,2018.169.12.00.32,unlabelled,,,,,0,0,0.0,0.0,,,3.446000099182129,-74.63099670410156,20.9,2.0,4.199,-72.133833,170.0,289.6,253.38
PTGC.2018.170.06.50.21,PTGC,2018.170.06.50.21,unlabelled,,,,,0,0,0.0,0.0,,,7.078000068664551,-72.19300079345703,0.23,1.6,4.199,-72.133833,170.0,318.44,358.82
PTGC.2018.176.22.36.44,PTGC,2018.176.22.36.44,unlabelled,,,,,0,0,0.0,0.0,,,4.692999839782715,-74.61299896240234,15.57,2.3,4.199,-72.133833,170.0,280.52,281.32
PTGC.2018.179.04.33.31,PTGC,2018.179.04.33.31,unlabelled,,,,,0,0,0.0,0.0,,,3.5759999752044678,-74.4219970703125,5.19,1.8,4.199,-72.133833,170.0,263.31,254.91
PTGC.2018.180.09.28.06,PTGC,2018.180.09.28.06,unlabelled,,,,,0,0,0.0,0.0,,,6.506999969482422,-71.93299865722656,-0.12,1.7,4.199,-72.133833,170.0,256.2,4.98
PTGC.2018.181.03.40.48,PTGC,2018.181.03.40.48,unlabelled,,,,,0,0,0.0,0.0,,,5.269000053405762,-74.72899627685547,3.46,2.3,4.199,-72.133833,170.0,311.27,292.44
PTGC.2018.181.09.42.52,PTGC,2018.181.09.42.52,unlabelled,,,,,0,0,0.0,0.0,,,4.833000183105469,-74.74800109863281,20.49,2.6,4.199,-72.133833,170.0,298.46,283.69
PTGC.2018.182.04.20.49,PTGC,2018.182.04.20.49,unlabelled,,,,,0,0,0.0,0.0,,,4.715000152587891,-74.68000030517578,14.47,2.0,4.199,-72.133833,170.0,288.29,281.51
PTGC.2018.183.09.08.34,PTGC,2018.183.09.08.34,unlabelled,,,,,0,0,0.0,0.0,,,4.801000118255615,-74.58499908447266,35.13,1.5,4.199,-72.133833,170.0,280.05,283.85
PTGC.2018.183.21.19.34,PTGC,2018.183.21.19.34,unlabelled,,,,,0,0,0.0,0.0,,,3.6089999675750732,-74.27400207519531,13.32,1.9,4.199,-72.133833,170.0,246.48,254.73
PTGC.2018.183.22.03.06,PTGC,2018.183.22.03.06,unlabelled,,,,,0,0,0.0,0.0,,,5.585000038146973,-74.69499969482422,7.82,1.8,4.199,-72.133833,170.0,322.78,298.45
PTGC.2018.186.04.47.13,PTGC,2018.186.04.47.13,unlabelled,,,,,0,0,0.0,0.0,,,3.421999931335449,-74.79100036621094,5.46,1.6,4.199,-72.133833,170.0,307.39,253.86
PTGC.2018.187.07.38.30,PTGC,2018.187.07.38.30,unlabelled,,,,,0,0,0.0,0.0,,,6.171999931335449,-72.52200317382812,-0.03,1.9,4.199,-72.133833,170.0,222.38,348.86
PTGC.2018.188.05.02.06,PTGC,2018.188.05.02.06,unlabelled,,,,,0,0,0.0,0.0,,,3.306999921798706,-74.43800354003906,3.73,1.9,4.199,-72.133833,170.0,274.3,249.0
PTGC.2018.188.10.18.14,PTGC,2018.188.10.18.14,unlabelled,,,,,0,0,0.0,0.0,,,5.320000171661377,-74.69200134277344,8.78,2.3,4.199,-72.133833,170.0,309.69,293.7
PTGC.2018.189.06.08.11,PTGC,2018.189.06.08.11,unlabelled,,,,,0,0,0.0,0.0,,,6.086999893188477,-74.2509994506836,1.49,2.1,4.199,-72.133833,170.0,314.14,311.74
PTGC.2018.189.13.46.20,PTGC,2018.189.13.46.20,unlabelled,,,,,0,0,0.0,0.0,,,5.142000198364258,-74.44200134277344,3.58,1.6,4.199,-72.133833,170.0,276.51,292.25
PTGC.2018.191.23.35.36,PTGC,2018.191.23.35.36,unlabelled,,,,,0,0,0.0,0.0,,,3.4179999828338623,-74.8219985961914,21.07,1.9,4.199,-72.133833,170.0,310.83,253.96
PTGC.2018.192.07.34.21,PTGC,2018.192.07.34.21,unlabelled,,,,,0,0,0.0,0.0,,,3.7100000381469727,-74.7699966430664,13.48,1.5,4.199,-72.133833,170.0,297.71,259.63
PTGC.2018.192.07.48.47,PTGC,2018.192.07.48.47,unlabelled,,,,,0,0,0.0,0.0,,,6.408999919891357,-73.79399871826172,0.0,2.5,4.199,-72.133833,170.0,305.92,323.09
PTGC.2018.192.12.27.11,PTGC,2018.192.12.27.11,unlabelled,,,,,0,0,0.0,0.0,,,3.880000114440918,-74.09300231933594,1.99,1.7,4.199,-72.133833,170.0,220.4,260.86
PTGC.2018.195.16.01.52,PTGC,2018.195.16.01.52,unlabelled,,,,,0,0,0.0,0.0,,,7.146999835968018,-72.18299865722656,0.0,2.3,4.199,-72.133833,170.0,326.05,359.05
PTGC.2018.198.07.23.59,PTGC,2018.198.07.23.59,unlabelled,,,,,0,0,0.0,0.0,,,6.056000232696533,-74.28800201416016,8.46,1.5,4.199,-72.133833,170.0,314.98,310.78
PTGC.2018.199.01.08.32,PTGC,2018.199.01.08.32,unlabelled,,,,,0,0,0.0,0.0,,,7.111999988555908,-72.16500091552734,4.0,2.4,4.199,-72.133833,170.0,322.15,359.39
PTGC.2018.199.06.55.57,PTGC,2018.199.06.55.57,unlabelled,,,,,0,0,0.0,0.0,,,6.6479997634887695,-73.43699645996094,8.85,1.7,4.199,-72.133833,170.0,306.92,331.99
PTGC.2018.200.03.34.08,PTGC,2018.200.03.34.08,unlabelled,,,,,0,0,0.0,0.0,,,3.4760000705718994,-73.81800079345703,0.0,1.8,4.199,-72.133833,170.0,203.43,246.92
PTGC.2018.200.07.02.42,PTGC,2018.200.07.02.42,unlabelled,,,,,0,0,0.0,0.0,,,3.434999942779541,-74.73500061035156,21.41,1.6,4.199,-72.133833,170.0,301.02,253.79
PTGC.2018.201.01.56.32,PTGC,2018.201.01.56.32,unlabelled,,,,,0,0,0.0,0.0,,,3.4260001182556152,-74.73999786376953,22.99,2.0,4.199,-72.133833,170.0,301.83,253.64
PTGC.2018.201.05.01.43,PTGC,2018.201.05.01.43,unlabelled,,,,,0,0,0.0,0.0,,,6.59499979019165,-73.57599639892578,26.07,2.0,4.199,-72.133833,170.0,309.43,328.96
PTGC.2018.201.12.05.40,PTGC,2018.201.12.05.40,unlabelled,,,,,0,0,0.0,0.0,,,3.4070000648498535,-74.73300170898438,20.5,1.6,4.199,-72.133833,170.0,301.69,253.21
PTGC.2018.201.14.34.27,PTGC,2018.201.14.34.27,unlabelled,,,,,0,0,0.0,0.0,,,3.4140000343322754,-74.71499633789062,10.03,2.6,4.199,-72.133833,170.0,299.55,253.24
PTGC.2018.202.11.24.41,PTGC,2018.202.11.24.41,unlabelled,,,,,0,0,0.0,0.0,,,3.4119999408721924,-74.7239990234375,20.49,1.8,4.199,-72.133833,170.0,300.58,253.26
PTGC.2018.203.01.50.38,PTGC,2018.203.01.50.38,unlabelled,,,,,0,0,0.0,0.0,,,6.2270002365112305,-73.88500213623047,4.6,2.2,4.199,-72.133833,170.0,296.61,319.19
PTGC.2018.203.15.08.46,PTGC,2018.203.15.08.46,unlabelled,,,,,0,0,0.0,0.0,,,3.4119999408721924,-74.72200012207031,17.63,1.9,4.199,-72.133833,170.0,300.36,253.25
PTGC.2018.203.21.38.54,PTGC,2018.203.21.38.54,unlabelled,,,,,0,0,0.0,0.0,,,3.497999906539917,-74.6500015258789,0.01,2.9,4.199,-72.133833,170.0,290.02,254.58
PTGC.2018.204.00.42.43,PTGC,2018.204.00.42.43,unlabelled,,,,,0,0,0.0,0.0,,,3.621000051498413,-74.4469985961914,10.86,1.5,4.199,-72.133833,170.0,264.74,256.11
PTGC.2018.204.01.39.50,PTGC,2018.204.01.39.50,unlabelled,,,,,0,0,0.0,0.0,,,3.371000051498413,-74.76300048828125,23.53,1.6,4.199,-72.133833,170.0,306.06,252.68
PTGC.2018.204.11.35.55,PTGC,2018.204.11.35.55,unlabelled,,,,,0,0,0.0,0.0,,,3.61899995803833,-74.68299865722656,26.75,1.5,4.199,-72.133833,170.0,290.29,257.32
PTGC.2018.205.01.24.44,PTGC,2018.205.01.24.44,unlabelled,,,,,0,0,0.0,0.0,,,3.384000062942505,-74.72799682617188,15.01,1.7,4.199,-72.133833,170.0,301.92,252.72
PTGC.2018.205.14.56.26,PTGC,2018.205.14.56.26,unlabelled,,,,,0,0,0.0,0.0,,,4.763999938964844,-74.68199920654297,3.91,1.6,4.199,-72.133833,170.0,289.62,282.56
PTGC.2018.205.20.19.56,PTGC,2018.205.20.19.56,unlabelled,,,,,0,0,0.0,0.0,,,4.144999980926514,-73.84200286865234,11.87,1.7,4.199,-72.133833,170.0,189.75,268.26
PTGC.2018.205.20.20.35,PTGC,2018.205.20.20.35,unlabelled,,,,,0,0,0.0,0.0,,,4.179999828338623,-73.76200103759766,14.42,1.6,4.199,-72.133833,170.0,180.78,269.39
PTGC.2018.205.20.22.02,PTGC,2018.205.20.22.02,unlabelled,,,,,0,0,0.0,0.0,,,4.177000045776367,-73.802001953125,5.79,1.9,4.199,-72.133833,170.0,185.22,269.31
PTGC.2018.205.21.57.46,PTGC,2018.205.21.57.46,unlabelled,,,,,0,0,0.0,0.0,,,4.177000045776367,-73.79399871826172,3.84,1.6,4.199,-72.133833,170.0,184.33,269.3
PTGC.2018.205.22.22.51,PTGC,2018.205.22.22.51,unlabelled,,,,,0,0,0.0,0.0,,,5.585000038146973,-74.35900115966797,35.04,1.7,4.199,-72.133833,170.0,290.52,301.93
PTGC.2018.205.22.24.50,PTGC,2018.205.22.24.50,unlabelled,,,,,0,0,0.0,0.0,,,5.339000225067139,-74.35700225830078,15.98,2.0,4.199,-72.133833,170.0,276.98,297.16
PTGC.2018.205.23.45.25,PTGC,2018.205.23.45.25,unlabelled,,,,,0,0,0.0,0.0,,,5.329999923706055,-74.35700225830078,13.63,1.9,4.199,-72.133833,170.0,276.53,296.98
PTGC.2018.206.00.05.33,PTGC,2018.206.00.05.33,unlabelled,,,,,0,0,0.0,0.0,,,4.034999847412109,-74.02200317382812,24.88,1.9,4.199,-72.133833,170.0,210.43,265.12
PTGC.2018.206.08.53.17,PTGC,2018.206.08.53.17,unlabelled,,,,,0,0,0.0,0.0,,,4.176000118255615,-73.81400299072266,3.45,1.5,4.199,-72.133833,170.0,186.56,269.28
PTGC.2018.206.13.45.45,PTGC,2018.206.13.45.45,unlabelled,,,,,0,0,0.0,0.0,,,5.660999774932861,-74.41899871826172,4.02,1.5,4.199,-72.133833,170.0,300.62,302.63
PTGC.2018.206.16.23.19,PTGC,2018.206.16.23.19,unlabelled,,,,,0,0,0.0,0.0,,,4.1570000648498535,-73.81900024414062,2.38,1.5,4.199,-72.133833,170.0,187.15,268.64
PTGC.2018.207.16.33.16,PTGC,2018.207.16.33.16,unlabelled,,,,,0,0,0.0,0.0,,,4.156000137329102,-73.80500030517578,2.23,1.6,4.199,-72.133833,170.0,185.6,268.59
PTGC.2018.208.00.19.52,PTGC,2018.208.00.19.52,unlabelled,,,,,0,0,0.0,0.0,,,3.486999988555908,-74.72699737548828,26.16,1.8,4.199,-72.133833,170.0,298.59,254.8
PTGC.2018.208.19.11.44,PTGC,2018.208.19.11.44,unlabelled,,,,,0,0,0.0,0.0,,,4.163000106811523,-73.78500366210938,2.5,1.5,4.199,-72.133833,170.0,183.36,268.82
PTGC.2018.209.04.09.11,PTGC,2018.209.04.09.11,unlabelled,,,,,0,0,0.0,0.0,,,7.050000190734863,-71.86299896240234,12.36,2.7,4.199,-72.133833,170.0,316.7,5.42
PTGC.2018.209.06.03.57,PTGC,2018.209.06.03.57,unlabelled,,,,,0,0,0.0,0.0,,,4.113999843597412,-73.6760025024414,10.0,1.6,4.199,-72.133833,170.0,171.48,266.91
PTGC.2018.209.13.17.13,PTGC,2018.209.13.17.13,unlabelled,,,,,0,0,0.0,0.0,,,4.5970001220703125,-75.02400207519531,4.51,2.4,4.199,-72.133833,170.0,323.8,277.92
PTGC.2018.210.03.00.23,PTGC,2018.210.03.00.23,unlabelled,,,,,0,0,0.0,0.0,,,3.749000072479248,-73.9800033569336,3.89,1.5,4.199,-72.133833,170.0,210.98,256.42
PTGC.2018.210.05.58.07,PTGC,2018.210.05.58.07,unlabelled,,,,,0,0,0.0,0.0,,,3.49399995803833,-74.5999984741211,23.38,1.8,4.199,-72.133833,170.0,284.79,254.2
PTGC.2018.211.06.51.39,PTGC,2018.211.06.51.39,unlabelled,,,,,0,0,0.0,0.0,,,3.4110000133514404,-74.71399688720703,0.0,1.9,4.199,-72.133833,170.0,299.55,253.18
PTGC.2018.212.07.01.10,PTGC,2018.212.07.01.10,unlabelled,,,,,0,0,0.0,0.0,,,6.1539998054504395,-73.02899932861328,0.0,2.3,4.199,-72.133833,170.0,237.88,335.38
PTGC.2018.212.08.35.25,PTGC,2018.212.08.35.25,unlabelled,,,,,0,0,0.0,0.0,,,3.4079999923706055,-74.70800018310547,18.33,1.6,4.199,-72.133833,170.0,299.01,253.08
PTGC.2018.212.22.10.02,PTGC,2018.212.22.10.02,unlabelled,,,,,0,0,0.0,0.0,,,3.433000087738037,-74.2030029296875,4.81,1.8,4.199,-72.133833,170.0,244.94,249.84
PTGC.2018.213.15.44.04,PTGC,2018.213.15.44.04,unlabelled,,,,,0,0,0.0,0.0,,,6.203000068664551,-73.2229995727539,3.49,1.5,4.199,-72.133833,170.0,252.37,331.46
PTGC.2018.213.21.34.06,PTGC,2018.213.21.34.06,unlabelled,,,,,0,0,0.0,0.0,,,3.86299991607666,-73.65399932861328,0.0,1.8,4.199,-72.133833,170.0,172.85,257.64
PTGC.2018.214.02.45.17,PTGC,2018.214.02.45.17,unlabelled,,,,,0,0,0.0,0.0,,,3.994999885559082,-74.06500244140625,1.84,2.9,4.199,-72.133833,170.0,215.61,264.06
PTGC.2018.214.19.04.25,PTGC,2018.214.19.04.25,unlabelled,,,,,0,0,0.0,0.0,,,5.835000038146973,-73.96399688720703,32.78,1.5,4.199,-72.133833,170.0,271.88,311.79
PTGC.2018.215.12.02.20,PTGC,2018.215.12.02.20,unlabelled,,,,,0,0,0.0,0.0,,,6.072000026702881,-74.25499725341797,2.5,2.8,4.199,-72.133833,170.0,313.38,311.46
PTGC.2018.215.15.21.25,PTGC,2018.215.15.21.25,unlabelled,,,,,0,0,0.0,0.0,,,6.701000213623047,-72.9209976196289,4.39,1.7,4.199,-72.133833,170.0,290.11,342.54
PTGC.2018.216.18.48.10,PTGC,2018.216.18.48.10,unlabelled,,,,,0,0,0.0,0.0,,,5.776000022888184,-74.54299926757812,19.73,1.6,4.199,-72.133833,170.0,319.05,303.23
PTGC.2018.216.20.08.45,PTGC,2018.216.20.08.45,unlabelled,,,,,0,0,0.0,0.0,,,6.705999851226807,-72.95899963378906,7.64,1.5,4.199,-72.133833,170.0,291.92,341.78
PTGC.2018.218.16.02.02,PTGC,2018.218.16.02.02,unlabelled,,,,,0,0,0.0,0.0,,,5.0879998207092285,-72.90699768066406,0.0,1.7,4.199,-72.133833,170.0,130.47,318.92
PTGC.2018.219.01.04.45,PTGC,2018.219.01.04.45,unlabelled,,,,,0,0,0.0,0.0,,,6.892000198364258,-72.2490005493164,1.36,1.9,4.199,-72.133833,170.0,298.08,357.55
PTGC.2018.219.20.12.28,PTGC,2018.219.20.12.28,unlabelled,,,,,0,0,0.0,0.0,,,6.158999919891357,-74.03700256347656,6.66,2.6,4.199,-72.133833,170.0,302.48,315.85
PTGC.2018.220.13.03.00,PTGC,2018.220.13.03.00,unlabelled,,,,,0,0,0.0,0.0,,,4.813000202178955,-74.85700225830078,3.63,1.5,4.199,-72.133833,170.0,309.74,282.77
PTGC.2018.220.15.26.15,PTGC,2018.220.15.26.15,unlabelled,,,,,0,0,0.0,0.0,,,3.490999937057495,-74.20099639892578,8.65,0.9,4.199,-72.133833,170.0,242.58,251.24
PTGC.2018.220.21.54.49,PTGC,2018.220.21.54.49,unlabelled,,,,,0,0,0.0,0.0,,,6.077000141143799,-74.26100158691406,0.0,3.1,4.199,-72.133833,170.0,314.24,311.46
PTGC.2018.221.00.13.21,PTGC,2018.221.00.13.21,unlabelled,,,,,0,0,0.0,0.0,,,6.059999942779541,-74.23500061035156,1.85,2.2,4.199,-72.133833,170.0,310.84,311.55
PTGC.2018.221.11.38.43,PTGC,2018.221.11.38.43,unlabelled,,,,,0,0,0.0,0.0,,,6.051000118255615,-72.4540023803711,0.0,1.5,4.199,-72.133833,170.0,207.85,350.18
PTGC.2018.221.21.05.40,PTGC,2018.221.21.05.40,unlabelled,,,,,0,0,0.0,0.0,,,3.3329999446868896,-74.4800033569336,15.98,1.7,4.199,-72.133833,170.0,277.65,249.9
PTGC.2018.222.19.06.55,PTGC,2018.222.19.06.55,unlabelled,,,,,0,0,0.0,0.0,,,6.198999881744385,-72.35099792480469,5.5,1.6,4.199,-72.133833,170.0,222.47,353.8
PTGC.2018.225.08.44.33,PTGC,2018.225.08.44.33,unlabelled,,,,,0,0,0.0,0.0,,,5.919000148773193,-72.66999816894531,-0.13,1.9,4.199,-72.133833,170.0,199.28,342.66
PTGC.2018.225.19.27.04,PTGC,2018.225.19.27.04,unlabelled,,,,,0,0,0.0,0.0,,,3.3469998836517334,-74.48500061035156,14.13,2.3,4.199,-72.133833,170.0,277.64,250.24
PTGC.2018.225.21.54.28,PTGC,2018.225.21.54.28,unlabelled,,,,,0,0,0.0,0.0,,,5.03000020980835,-74.64900207519531,18.87,1.6,4.199,-72.133833,170.0,293.82,288.32
PTGC.2018.226.05.21.26,PTGC,2018.226.05.21.26,unlabelled,,,,,0,0,0.0,0.0,,,5.797999858856201,-72.5780029296875,2.77,1.6,4.199,-72.133833,170.0,183.55,344.45
PTGC.2018.226.10.02.50,PTGC,2018.226.10.02.50,unlabelled,,,,,0,0,0.0,0.0,-3.63,,3.622999906539917,-74.29199981689453,11.5,1.5,4.199,-72.133833,170.0,248.01,255.19
PTGC.2018.226.13.05.18,PTGC,2018.226.13.05.18,unlabelled,,,,,0,0,0.0,0.0,,,4.683000087738037,-74.71600341796875,11.0,2.0,4.199,-72.133833,170.0,291.54,280.68
PTGC.2018.226.17.54.46,PTGC,2018.226.17.54.46,unlabelled,,,,,0,0,0.0,0.0,,,3.496999979019165,-75.04199981689453,26.77,1.8,4.199,-72.133833,170.0,332.21,256.59
PTGC.2018.227.08.38.37,PTGC,2018.227.08.38.37,unlabelled,,,,,0,0,0.0,0.0,,,3.515000104904175,-74.50599670410156,0.32,1.7,4.199,-72.133833,170.0,274.11,254.06
PTGC.2018.227.11.50.40,PTGC,2018.227.11.50.40,unlabelled,,,,,0,0,0.0,0.0,,,3.249000072479248,-74.4530029296875,13.6,1.8,4.199,-72.133833,170.0,278.22,247.89
PTGC.2018.227.16.25.44,PTGC,2018.227.16.25.44,unlabelled,,,,,0,0,0.0,0.0,,,3.372999906539917,-74.20500183105469,3.5,1.9,4.199,-72.133833,170.0,247.53,248.42
PTGC.2018.228.11.24.48,PTGC,2018.228.11.24.48,unlabelled,,,,,0,0,0.0,0.0,,,4.704999923706055,-74.72100067138672,32.39,1.7,4.199,-72.133833,170.0,292.54,281.13
PTGC.2018.230.08.33.27,PTGC,2018.230.08.33.27,unlabelled,,,,,0,0,0.0,0.0,,,6.577000141143799,-72.21700286865234,4.31,1.5,4.199,-72.133833,170.0,263.13,358.0
PTGC.2018.230.13.19.44,PTGC,2018.230.13.19.44,unlabelled,,,,,0,0,0.0,0.0,,,5.415999889373779,-74.3239974975586,1.63,1.5,4.199,-72.133833,170.0,277.73,299.07
PTGC.2018.230.23.21.46,PTGC,2018.230.23.21.46,unlabelled,,,,,0,0,0.0,0.0,,,3.2860000133514404,-74.77300262451172,21.89,1.7,4.199,-72.133833,170.0,310.06,251.09
PTGC.2018.232.15.14.15,PTGC,2018.232.15.14.15,unlabelled,,,,,0,0,0.0,0.0,,,3.5769999027252197,-74.73699951171875,9.26,1.5,4.199,-72.133833,170.0,297.19,256.71
PTGC.2018.232.21.14.16,PTGC,2018.232.21.14.16,unlabelled,,,,,0,0,0.0,0.0,,,5.517000198364258,-74.59600067138672,9.32,1.6,4.199,-72.133833,170.0,309.56,298.19
PTGC.2018.233.23.07.58,PTGC,2018.233.23.07.58,unlabelled,,,,,0,0,0.0,0.0,,,4.693999767303467,-74.60399627685547,14.93,2.0,4.199,-72.133833,170.0,279.57,281.39
PTGC.2018.234.13.06.38,PTGC,2018.234.13.06.38,unlabelled,,,,,0,0,0.0,0.0,,,6.21999979019165,-74.15699768066406,20.09,4.1,4.199,-72.133833,170.0,316.62,314.98
PTGC.2018.234.23.17.28,PTGC,2018.234.23.17.28,unlabelled,,,,,0,0,0.0,0.0,,,4.980000019073486,-74.87899780273438,10.0,1.5,4.199,-72.133833,170.0,316.62,285.94
PTGC.2018.235.11.26.53,PTGC,2018.235.11.26.53,unlabelled,,,,,0,0,0.0,0.0,,,3.388000011444092,-74.70500183105469,-0.04,1.5,4.199,-72.133833,170.0,299.34,252.66
PTGC.2018.236.11.34.00,PTGC,2018.236.11.34.00,unlabelled,,,,,0,0,0.0,0.0,,,6.168000221252441,-73.91200256347656,1.07,1.8,4.199,-72.133833,170.0,293.72,317.92
PTGC.2018.236.12.05.36,PTGC,2018.236.12.05.36,unlabelled,,,,,0,0,0.0,0.0,,,3.372999906539917,-74.68599700927734,10.94,2.6,4.199,-72.133833,170.0,297.84,252.23
PTGC.2018.237.20.57.55,PTGC,2018.237.20.57.55,unlabelled,,,,,0,0,0.0,0.0,,,6.127999782562256,-74.2040023803711,34.45,1.7,4.199,-72.133833,170.0,313.33,312.99
PTGC.2018.239.19.48.40,PTGC,2018.239.19.48.40,unlabelled,,,,,0,0,0.0,0.0,,,7.01200008392334,-72.37899780273438,3.73,1.9,4.199,-72.133833,170.0,312.26,355.02
PTGC.2018.240.00.46.56,PTGC,2018.240.00.46.56,unlabelled,,,,,0,0,0.0,0.0,,,5.827000141143799,-72.59500122070312,16.36,1.6,4.199,-72.133833,170.0,187.15,344.16
PTGC.2018.240.15.12.43,PTGC,2018.240.15.12.43,unlabelled,,,,,0,0,0.0,0.0,,,3.569000005722046,-74.46199798583984,4.92,1.9,4.199,-72.133833,170.0,267.8,255.0
PTGC.2018.241.06.53.06,PTGC,2018.241.06.53.06,unlabelled,,,,,0,0,0.0,0.0,,,5.511000156402588,-74.33100128173828,8.57,1.7,4.199,-72.133833,170.0,283.63,300.85
PTGC.2018.242.07.46.14,PTGC,2018.242.07.46.14,unlabelled,,,,,0,0,0.0,0.0,,,6.066999912261963,-74.24500274658203,2.24,1.6,4.199,-72.133833,170.0,312.18,311.52
PTGC.2018.243.03.38.13,PTGC,2018.243.03.38.13,unlabelled,,,,,0,0,0.0,0.0,,,5.671999931335449,-73.55999755859375,4.02,1.6,4.199,-72.133833,170.0,227.05,315.9
PTGC.2018.243.12.21.04,PTGC,2018.243.12.21.04,unlabelled,,,,,0,0,0.0,0.0,,,3.4670000076293945,-74.55999755859375,0.11,2.4,4.199,-72.133833,170.0,281.37,253.36
PTGC.2018.243.18.07.10,PTGC,2018.243.18.07.10,unlabelled,,,,,0,0,0.0,0.0,,,6.684000015258789,-71.85800170898438,11.53,1.5,4.199,-72.133833,170.0,276.5,6.33
PTGC.2018.244.05.29.47,PTGC,2018.244.05.29.47,unlabelled,,,,,0,0,0.0,0.0,,,3.5910000801086426,-73.95800018310547,2.72,1.6,4.199,-72.133833,170.0,213.46,251.71
PTGC.2018.246.05.10.53,PTGC,2018.246.05.10.53,unlabelled,,,,,0,0,0.0,0.0,,,3.385999917984009,-74.69300079345703,17.94,2.2,4.199,-72.133833,170.0,298.14,252.54
PTGC.2018.246.12.43.32,PTGC,2018.246.12.43.32,unlabelled,,,,,0,0,0.0,0.0,,,5.235000133514404,-74.86799621582031,5.01,1.5,4.199,-72.133833,170.0,324.25,290.8
PTGC.2018.246.15.59.26,PTGC,2018.246.15.59.26,unlabelled,,,,,0,0,0.0,0.0,,,6.813000202178955,-72.72200012207031,31.23,1.6,4.199,-72.133833,170.0,296.32,347.32
PTGC.2018.246.20.08.02,PTGC,2018.246.20.08.02,unlabelled,,,,,0,0,0.0,0.0,,,5.195000171661377,-74.71199798583984,6.46,1.6,4.199,-72.133833,170.0,306.51,291.16
PTGC.2018.249.01.53.53,PTGC,2018.249.01.53.53,unlabelled,,,,,0,0,0.0,0.0,,,5.992000102996826,-72.61100006103516,1.64,2.2,4.199,-72.133833,170.0,205.21,345.08
PTGC.2018.251.08.19.53,PTGC,2018.251.08.19.53,unlabelled,,,,,0,0,0.0,0.0,,,6.692999839782715,-71.99099731445312,0.0,1.7,4.199,-72.133833,170.0,276.25,3.28
PTGC.2018.251.14.20.41,PTGC,2018.251.14.20.41,unlabelled,,,,,0,0,0.0,0.0,,,6.28000020980835,-72.06700134277344,3.7,1.6,4.199,-72.133833,170.0,230.24,1.84
PTGC.2018.251.16.12.59,PTGC,2018.251.16.12.59,unlabelled,,,,,0,0,0.0,0.0,,,5.098999977111816,-72.94499969482422,0.0,1.8,4.199,-72.133833,170.0,134.18,317.91
PTGC.2018.252.16.23.44,PTGC,2018.252.16.23.44,unlabelled,,,,,0,0,0.0,0.0,,,6.965000152587891,-72.73200225830078,3.86,1.5,4.199,-72.133833,170.0,312.97,347.8
PTGC.2018.254.15.33.04,PTGC,2018.254.15.33.04,unlabelled,,,,,0,0,0.0,0.0,,,6.895999908447266,-71.83899688720703,4.64,1.9,4.199,-72.133833,170.0,300.03,6.24
PTGC.2018.255.12.41.17,PTGC,2018.255.12.41.17,unlabelled,,,,,0,0,0.0,0.0,,,6.216000080108643,-74.13800048828125,27.03,1.9,4.199,-72.133833,170.0,314.82,315.2
PTGC.2018.255.20.43.30,PTGC,2018.255.20.43.30,unlabelled,,,,,0,0,0.0,0.0,,,5.664000034332275,-72.6500015258789,0.0,1.8,4.199,-72.133833,170.0,171.82,340.56
PTGC.2018.255.22.50.10,PTGC,2018.255.22.50.10,unlabelled,,,,,0,0,0.0,0.0,,,5.269999980926514,-74.89199829101562,4.1,1.7,4.199,-72.133833,170.0,328.11,291.27
PTGC.2018.255.23.53.40,PTGC,2018.255.23.53.40,unlabelled,,,,,0,0,0.0,0.0,,,6.513000011444092,-71.85900115966797,24.25,2.2,4.199,-72.133833,170.0,257.7,6.78
PTGC.2018.256.02.26.09,PTGC,2018.256.02.26.09,unlabelled,,,,,0,0,0.0,0.0,-8.0,-2.17,4.526000022888184,-73.8270034790039,0.02,1.5,4.199,-72.133833,170.0,191.39,280.95
PTGC.2018.257.02.46.55,PTGC,2018.257.02.46.55,unlabelled,,,,,0,0,0.0,0.0,-1.74,-0.06,4.918000221252441,-72.9219970703125,10.28,2.0,4.199,-72.133833,170.0,118.2,312.3
PTGC.2018.257.16.49.56,PTGC,2018.257.16.49.56,unlabelled,,,,,0,0,0.0,0.0,,,3.3889999389648438,-74.68599700927734,16.13,2.5,4.199,-72.133833,170.0,297.3,252.55
PTGC.2018.259.14.57.57,PTGC,2018.259.14.57.57,unlabelled,,,,,0,0,0.0,0.0,,,6.011000156402588,-73.97799682617188,6.87,1.5,4.199,-72.133833,170.0,286.29,314.5
PTGC.2018.260.10.07.15,PTGC,2018.260.10.07.15,unlabelled,,,,,0,0,0.0,0.0,-2.59,-2.13,4.13100004196167,-73.83699798583984,0.11,1.9,4.199,-72.133833,170.0,189.25,267.78
PTGC.2018.260.22.07.15,PTGC,2018.260.22.07.15,unlabelled,,,,,0,0,0.0,0.0,,,3.437999963760376,-74.23999786376953,6.54,1.7,4.199,-72.133833,170.0,248.61,250.29
PTGC.2018.261.03.36.47,PTGC,2018.261.03.36.47,unlabelled,,,,,0,0,0.0,0.0,,,4.547999858856201,-74.9729995727539,11.69,1.6,4.199,-72.133833,170.0,317.49,277.09
PTGC.2018.261.14.13.25,PTGC,2018.261.14.13.25,unlabelled,,,,,0,0,0.0,0.0,,,4.203999996185303,-73.7770004272461,10.43,1.6,4.199,-72.133833,170.0,182.43,270.23
PTGC.2018.262.10.46.55,PTGC,2018.262.10.46.55,unlabelled,,,,,0,0,0.0,0.0,,,5.826000213623047,-74.20600128173828,20.92,1.6,4.199,-72.133833,170.0,291.84,308.15
PTGC.2018.262.14.41.05,PTGC,2018.262.14.41.05,unlabelled,,,,,0,0,0.0,0.0,,,4.364999771118164,-73.71499633789062,4.04,1.7,4.199,-72.133833,170.0,176.48,276.03
PTGC.2018.264.08.51.28,PTGC,2018.264.08.51.28,unlabelled,,,,,0,0,0.0,0.0,,,3.4149999618530273,-74.697998046875,9.55,1.7,4.199,-72.133833,170.0,297.72,253.16
PTGC.2018.264.11.39.59,PTGC,2018.264.11.39.59,unlabelled,,,,,0,0,0.0,0.0,,,3.36899995803833,-74.70500183105469,2.06,2.0,4.199,-72.133833,170.0,299.98,252.27
PTGC.2018.267.07.39.10,PTGC,2018.267.07.39.10,unlabelled,,,,,0,0,0.0,0.0,,,3.322999954223633,-74.45800018310547,13.01,1.6,4.199,-72.133833,170.0,275.74,249.51
PTGC.2018.268.10.24.30,PTGC,2018.268.10.24.30,unlabelled,,,,,0,0,0.0,0.0,,,4.560999870300293,-74.87999725341797,6.9,1.6,4.199,-72.133833,170.0,307.43,277.59
PTGC.2018.269.05.03.13,PTGC,2018.269.05.03.13,unlabelled,,,,,0,0,0.0,0.0,,,6.232999801635742,-71.96499633789062,5.87,1.9,4.199,-72.133833,170.0,225.7,4.75
PTGC.2018.269.13.49.49,PTGC,2018.269.13.49.49,unlabelled,,,,,0,0,0.0,0.0,,,6.572000026702881,-71.88999938964844,5.14,1.7,4.199,-72.133833,170.0,263.8,5.87
PTGC.2018.269.22.53.32,PTGC,2018.269.22.53.32,unlabelled,,,,,0,0,0.0,0.0,,,3.309000015258789,-74.47899627685547,16.38,1.7,4.199,-72.133833,170.0,278.47,249.38
PTGC.2018.270.01.35.10,PTGC,2018.270.01.35.10,unlabelled,,,,,0,0,0.0,0.0,,,3.5179998874664307,-73.81099700927734,4.49,1.6,4.199,-72.133833,170.0,200.92,248.05
PTGC.2018.272.02.25.20,PTGC,2018.272.02.25.20,unlabelled,,,,,0,0,0.0,0.0,,,6.043000221252441,-74.35700225830078,0.16,1.5,4.199,-72.133833,170.0,319.9,309.69
PTGC.2018.273.23.54.55,PTGC,2018.273.23.54.55,unlabelled,,,,,0,0,0.0,0.0,,,3.3889999389648438,-74.70500183105469,9.81,1.6,4.199,-72.133833,170.0,299.31,252.68
PTGC.2018.275.03.43.44,PTGC,2018.275.03.43.44,unlabelled,,,,,0,0,0.0,0.0,,,7.175000190734863,-72.31900024414062,0.01,1.7,4.199,-72.133833,170.0,329.74,356.44
PTGC.2018.275.11.17.15,PTGC,2018.275.11.17.15,unlabelled,,,,,0,0,0.0,0.0,,,6.97599983215332,-72.34100341796875,0.0,1.9,4.199,-72.133833,170.0,307.95,355.74
PTGC.2018.275.18.14.58,PTGC,2018.275.18.14.58,unlabelled,,,,,0,0,0.0,0.0,,,7.060999870300293,-72.45600128173828,5.0,1.7,4.199,-72.133833,170.0,318.5,353.58
PTGC.2018.276.01.17.46,PTGC,2018.276.01.17.46,unlabelled,,,,,0,0,0.0,0.0,,,7.013999938964844,-72.36000061035156,2.32,2.3,4.199,-72.133833,170.0,312.3,355.41
PTGC.2018.276.07.53.59,PTGC,2018.276.07.53.59,unlabelled,,,,,0,0,0.0,0.0,,,7.203999996185303,-72.38500213623047,-0.01,1.6,4.199,-72.133833,170.0,333.47,355.23
PTGC.2018.276.18.16.59,PTGC,2018.276.18.16.59,unlabelled,,,,,0,0,0.0,0.0,,,6.998000144958496,-72.40799713134766,3.97,1.9,4.199,-72.133833,170.0,311.01,354.41
PTGC.2018.276.21.21.35,PTGC,2018.276.21.21.35,unlabelled,,,,,0,0,0.0,0.0,,,4.71999979019165,-74.6780014038086,31.45,1.7,4.199,-72.133833,170.0,288.18,281.63
PTGC.2018.277.07.43.44,PTGC,2018.277.07.43.44,unlabelled,,,,,0,0,0.0,0.0,,,3.7699999809265137,-74.62899780273438,2.76,1.5,4.199,-72.133833,170.0,281.12,260.37
PTGC.2018.277.15.02.31,PTGC,2018.277.15.02.31,unlabelled,,,,,0,0,0.0,0.0,,,7.068999767303467,-72.50700378417969,0.0,1.6,4.199,-72.133833,170.0,320.06,352.6
PTGC.2018.277.16.33.11,PTGC,2018.277.16.33.11,unlabelled,,,,,0,0,0.0,0.0,,,5.0289998054504395,-74.7300033569336,4.07,1.5,4.199,-72.133833,170.0,302.34,287.77
PTGC.2018.277.19.25.07,PTGC,2018.277.19.25.07,unlabelled,,,,,0,0,0.0,0.0,,,6.564000129699707,-73.31400299072266,40.21,1.6,4.199,-72.133833,170.0,292.41,333.48
PTGC.2018.279.16.36.19,PTGC,2018.279.16.36.19,unlabelled,,,,,0,0,0.0,0.0,,,6.992000102996826,-72.01699829101562,3.57,1.7,4.199,-72.133833,170.0,309.14,2.39
PTGC.2018.279.22.19.23,PTGC,2018.279.22.19.23,unlabelled,,,,,0,0,0.0,0.0,,,7.017000198364258,-72.43299865722656,1.33,1.8,4.199,-72.133833,170.0,313.39,353.94
PTGC.2018.281.01.53.10,PTGC,2018.281.01.53.10,unlabelled,,,,,0,0,0.0,0.0,,,4.710000038146973,-74.81800079345703,2.49,1.6,4.199,-72.133833,170.0,303.21,280.84
PTGC.2018.281.03.26.55,PTGC,2018.281.03.26.55,unlabelled,,,,,0,0,0.0,0.0,,,6.993000030517578,-72.40399932861328,3.29,1.6,4.199,-72.133833,170.0,310.42,354.48
PTGC.2018.284.03.01.30,PTGC,2018.284.03.01.30,unlabelled,,,,,0,0,0.0,0.0,,,5.7729997634887695,-72.58699798583984,0.01,1.6,4.199,-72.133833,170.0,181.17,343.91
PTGC.2018.284.07.35.04,PTGC,2018.284.07.35.04,unlabelled,,,,,0,0,0.0,0.0,,,5.7270002365112305,-72.44599914550781,13.44,2.0,4.199,-72.133833,170.0,172.48,348.43
PTGC.2018.285.07.37.38,PTGC,2018.285.07.37.38,unlabelled,,,,,0,0,0.0,0.0,,,3.385999917984009,-74.69999694824219,9.03,3.1,4.199,-72.133833,170.0,298.88,252.58
PTGC.2018.285.17.26.38,PTGC,2018.285.17.26.38,unlabelled,,,,,0,0,0.0,0.0,,,6.7729997634887695,-72.08799743652344,4.14,2.2,4.199,-72.133833,170.0,284.69,1.02
PTGC.2018.285.19.34.16,PTGC,2018.285.19.34.16,unlabelled,,,,,0,0,0.0,0.0,,,6.638000011444092,-72.10700225830078,0.0,2.3,4.199,-72.133833,170.0,269.73,0.63
PTGC.2018.285.20.55.20,PTGC,2018.285.20.55.20,unlabelled,,,,,0,0,0.0,0.0,,,6.708000183105469,-72.06600189208984,3.01,2.5,4.199,-72.133833,170.0,277.56,1.55
PTGC.2018.286.03.45.19,PTGC,2018.286.03.45.19,unlabelled,,,,,0,0,0.0,0.0,,,7.006999969482422,-72.40699768066406,-0.02,2.7,4.199,-72.133833,170.0,311.99,354.45
PTGC.2018.286.05.15.18,PTGC,2018.286.05.15.18,unlabelled,,,,,0,0,0.0,0.0,,,6.752999782562256,-72.03099822998047,0.0,3.3,4.199,-72.133833,170.0,282.66,2.31
PTGC.2018.289.07.51.49,PTGC,2018.289.07.51.49,unlabelled,,,,,0,0,0.0,0.0,,,4.5329999923706055,-74.9020004272461,2.75,1.7,4.199,-72.133833,170.0,309.47,276.96
PTGC.2018.291.19.52.17,PTGC,2018.291.19.52.17,unlabelled,,,,,0,0,0.0,0.0,,,5.668000221252441,-73.04100036621094,0.01,2.3,4.199,-72.133833,170.0,191.08,328.27
PTGC.2018.292.15.28.19,PTGC,2018.292.15.28.19,unlabelled,,,,,0,0,0.0,0.0,,,7.059999942779541,-71.84300231933594,1.0,1.7,4.199,-72.133833,170.0,318.02,5.8
PTGC.2018.292.19.59.09,PTGC,2018.292.19.59.09,unlabelled,,,,,0,0,0.0,0.0,,,5.064000129699707,-73.8489990234375,18.93,1.6,4.199,-72.133833,170.0,213.0,296.75
PTGC.2018.294.01.15.26,PTGC,2018.294.01.15.26,unlabelled,,,,,0,0,0.0,0.0,,,3.562000036239624,-74.4020004272461,3.46,1.6,4.199,-72.133833,170.0,261.58,254.46
PTGC.2018.294.01.56.37,PTGC,2018.294.01.56.37,unlabelled,,,,,0,0,0.0,0.0,,,7.11899995803833,-72.24099731445312,3.54,1.8,4.199,-72.133833,170.0,323.13,357.9
PTGC.2018.294.05.19.12,PTGC,2018.294.05.19.12,unlabelled,,,,,0,0,0.0,0.0,,,7.192999839782715,-72.31400299072266,0.0,2.2,4.199,-72.133833,170.0,331.69,356.56
PTGC.2018.294.14.43.30,PTGC,2018.294.14.43.30,unlabelled,,,,,0,0,0.0,0.0,,,4.984000205993652,-73.58699798583984,6.44,1.6,4.199,-72.133833,170.0,183.13,298.35
PTGC.2018.296.02.14.43,PTGC,2018.296.02.14.43,unlabelled,,,,,0,0,0.0,0.0,,,3.424999952316284,-74.68699645996094,20.65,1.5,4.199,-72.133833,170.0,296.22,253.29
PTGC.2018.297.02.11.03,PTGC,2018.297.02.11.03,unlabelled,,,,,0,0,0.0,0.0,,,6.982999801635742,-71.87100219726562,0.0,1.8,4.199,-72.133833,170.0,309.24,5.39
PTGC.2018.299.12.26.08,PTGC,2018.299.12.26.08,unlabelled,,,,,0,0,0.0,0.0,,,5.9710001945495605,-72.4990005493164,0.0,3.0,4.199,-72.133833,170.0,200.09,348.34
PTGC.2018.300.08.19.22,PTGC,2018.300.08.19.22,unlabelled,,,,,0,0,0.0,0.0,,,4.78000020980835,-74.8290023803711,9.5,1.5,4.199,-72.133833,170.0,305.93,282.23
PTGC.2018.303.19.29.26,PTGC,2018.303.19.29.26,unlabelled,,,,,0,0,0.0,0.0,,,3.5160000324249268,-74.16000366210938,0.83,2.4,4.199,-72.133833,170.0,237.38,251.52
PTGC.2018.303.23.35.01,PTGC,2018.303.23.35.01,unlabelled,,,,,0,0,0.0,0.0,,,6.664999961853027,-71.97000122070312,25.38,2.0,4.199,-72.133833,170.0,273.3,3.8
PTGC.2018.305.22.46.29,PTGC,2018.305.22.46.29,unlabelled,,,,,0,0,0.0,0.0,,,4.546000003814697,-74.4739990234375,21.52,1.9,4.199,-72.133833,170.0,262.57,278.49
PTGC.2018.305.23.58.29,PTGC,2018.305.23.58.29,unlabelled,,,,,0,0,0.0,0.0,,,3.369999885559082,-74.72200012207031,18.88,1.5,4.199,-72.133833,170.0,301.75,252.4
PTGC.2018.308.01.22.13,PTGC,2018.308.01.22.13,unlabelled,,,,,0,0,0.0,0.0,,,3.556999921798706,-74.44300079345703,10.9,1.8,4.199,-72.133833,170.0,266.11,254.61
PTGC.2018.308.15.44.48,PTGC,2018.308.15.44.48,unlabelled,,,,,0,0,0.0,0.0,,,5.63700008392334,-73.05699920654297,1.0,1.8,4.199,-72.133833,170.0,189.13,327.26
PTGC.2018.310.00.15.04,PTGC,2018.310.00.15.04,unlabelled,,,,,0,0,0.0,0.0,,,7.179999828338623,-72.01799774169922,0.0,1.6,4.199,-72.133833,170.0,329.9,2.22
PTGC.2018.310.00.46.47,PTGC,2018.310.00.46.47,unlabelled,,,,,0,0,0.0,0.0,,,3.556999921798706,-74.4729995727539,21.26,1.5,4.199,-72.133833,170.0,269.33,254.8
PTGC.2018.311.08.47.47,PTGC,2018.311.08.47.47,unlabelled,,,,,0,0,0.0,0.0,,,6.081999778747559,-72.36599731445312,9.81,1.5,4.199,-72.133833,170.0,209.81,352.96
PTGC.2018.312.12.29.36,PTGC,2018.312.12.29.36,unlabelled,,,,,0,0,0.0,0.0,,,6.406000137329102,-72.87100219726562,-0.05,2.6,4.199,-72.133833,170.0,257.37,341.52
PTGC.2018.314.06.10.29,PTGC,2018.314.06.10.29,unlabelled,,,,,0,0,0.0,0.0,,,6.966000080108643,-72.1449966430664,24.23,1.5,4.199,-72.133833,170.0,305.99,359.77
PTGC.2018.314.11.42.58,PTGC,2018.314.11.42.58,unlabelled,,,,,0,0,0.0,0.0,,,6.5970001220703125,-72.52899932861328,-0.07,2.0,4.199,-72.133833,170.0,268.77,350.64
PTGC.2018.314.13.52.55,PTGC,2018.314.13.52.55,unlabelled,,,,,0,0,0.0,0.0,,,3.6610000133514404,-74.177001953125,4.22,1.9,4.199,-72.133833,170.0,234.58,255.38
PTGC.2018.315.09.36.47,PTGC,2018.315.09.36.47,unlabelled,,,,,0,0,0.0,0.0,,,3.3580000400543213,-74.61599731445312,-0.01,1.5,4.199,-72.133833,170.0,290.98,251.45
PTGC.2018.316.04.04.07,PTGC,2018.316.04.04.07,unlabelled,,,,,0,0,0.0,0.0,,,3.568000078201294,-74.38200378417969,3.18,1.6,4.199,-72.133833,170.0,259.26,254.47
PTGC.2018.316.04.58.08,PTGC,2018.316.04.58.08,unlabelled,,,,,0,0,0.0,0.0,,,6.005000114440918,-72.63800048828125,3.28,1.7,4.199,-72.133833,170.0,207.39,344.38
PTGC.2018.318.18.49.40,PTGC,2018.318.18.49.40,unlabelled,,,,,0,0,0.0,0.0,,,3.4760000705718994,-74.21199798583984,3.35,1.5,4.199,-72.133833,170.0,244.28,250.97
PTGC.2018.319.19.44.19,PTGC,2018.319.19.44.19,unlabelled,,,,,0,0,0.0,0.0,,,5.465000152587891,-74.78099822998047,21.47,1.5,4.199,-72.133833,170.0,325.3,295.6
PTGC.2018.320.04.02.15,PTGC,2018.320.04.02.15,unlabelled,,,,,0,0,0.0,0.0,,,3.2990000247955322,-74.38400268554688,3.63,1.5,4.199,-72.133833,170.0,269.04,248.37
PTGC.2018.323.22.00.01,PTGC,2018.323.22.00.01,unlabelled,,,,,0,0,0.0,0.0,,,6.005000114440918,-72.53299713134766,3.3,1.5,4.199,-72.133833,170.0,204.56,347.52
PTGC.2018.326.23.09.31,PTGC,2018.326.23.09.31,unlabelled,,,,,0,0,0.0,0.0,,,6.296000003814697,-72.37899780273438,2.05,1.7,4.199,-72.133833,170.0,233.48,353.33
PTGC.2018.328.14.24.37,PTGC,2018.328.14.24.37,unlabelled,,,,,0,0,0.0,0.0,,,5.821000099182129,-73.49600219726562,0.0,1.5,4.199,-72.133833,170.0,234.5,319.95
PTGC.2018.328.16.52.50,PTGC,2018.328.16.52.50,unlabelled,,,,,0,0,0.0,0.0,,,3.4110000133514404,-74.68699645996094,19.57,2.8,4.199,-72.133833,170.0,296.68,253.01
PTGC.2018.330.15.15.57,PTGC,2018.330.15.15.57,unlabelled,,,,,0,0,0.0,0.0,,,3.321000099182129,-74.4000015258789,18.03,1.9,4.199,-72.133833,170.0,269.8,248.99
PTGC.2018.332.15.55.45,PTGC,2018.332.15.55.45,unlabelled,,,,,0,0,0.0,0.0,,,4.626999855041504,-73.05000305175781,17.77,2.5,4.199,-72.133833,170.0,112.16,294.99
PTGC.2018.332.19.49.30,PTGC,2018.332.19.49.30,unlabelled,,,,,0,0,0.0,0.0,,,3.556999921798706,-74.47699737548828,12.3,2.5,4.199,-72.133833,170.0,269.75,254.82
PTGC.2018.333.02.52.00,PTGC,2018.333.02.52.00,unlabelled,,,,,0,0,0.0,0.0,,,3.5490000247955322,-74.4729995727539,2.41,2.2,4.199,-72.133833,170.0,269.56,254.62
PTGC.2018.335.17.32.19,PTGC,2018.335.17.32.19,unlabelled,,,,,0,0,0.0,0.0,,,3.5179998874664307,-74.63800048828125,3.57,1.8,4.199,-72.133833,170.0,288.15,254.94
PTGC.2018.335.22.04.13,PTGC,2018.335.22.04.13,unlabelled,,,,,0,0,0.0,0.0,,,3.6710000038146973,-74.25800323486328,3.67,1.6,4.199,-72.133833,170.0,243.02,256.17
PTGC.2018.337.17.02.16,PTGC,2018.337.17.02.16,unlabelled,,,,,0,0,0.0,0.0,,,3.4059998989105225,-74.61100006103516,3.27,1.5,4.199,-72.133833,170.0,288.79,252.41
PTGC.2018.338.14.32.50,PTGC,2018.338.14.32.50,unlabelled,,,,,0,0,0.0,0.0,,,5.304999828338623,-74.53099822998047,13.13,1.5,4.199,-72.133833,170.0,292.71,294.79
PTGC.2018.341.20.10.17,PTGC,2018.341.20.10.17,unlabelled,,,,,0,0,0.0,0.0,,,5.248000144958496,-72.91000366210938,2.87,1.5,4.199,-72.133833,170.0,144.47,323.44
PTGC.2018.343.12.53.53,PTGC,2018.343.12.53.53,unlabelled,,,,,0,0,0.0,0.0,,,6.8429999351501465,-72.0199966430664,0.76,2.2,4.199,-72.133833,170.0,292.66,2.47
PTGC.2018.343.16.09.24,PTGC,2018.343.16.09.24,unlabelled,,,,,0,0,0.0,0.0,,,3.384000062942505,-74.71199798583984,18.97,2.1,4.199,-72.133833,170.0,300.22,252.62
PTGC.2018.346.23.05.59,PTGC,2018.346.23.05.59,unlabelled,,,,,0,0,0.0,0.0,,,4.948999881744385,-73.2020034790039,0.0,2.9,4.199,-72.133833,170.0,144.67,305.02
PTGC.2018.347.12.20.20,PTGC,2018.347.12.20.20,unlabelled,,,,,0,0,0.0,0.0,,,4.757999897003174,-73.16799926757812,4.65,1.6,4.199,-72.133833,170.0,130.36,298.35
PTGC.2018.352.04.25.18,PTGC,2018.352.04.25.18,unlabelled,,,,,0,0,0.0,0.0,,,3.497999906539917,-74.18199920654297,6.15,1.8,4.199,-72.133833,170.0,240.33,251.25
PTGC.2019.058.07.22.14,PTGC,2019.058.07.22.14,unlabelled,,,,,0,0,0.0,0.0,,,3.2750000953674316,-74.47000122070312,16.12,1.6,4.199,-72.133833,170.0,278.9,248.59
PTGC.2019.059.00.35.37,PTGC,2019.059.00.35.37,unlabelled,,,,,0,0,0.0,0.0,,,6.949999809265137,-72.10800170898438,3.95,2.5,4.199,-72.133833,170.0,304.23,0.54
PTGC.2019.059.07.57.20,PTGC,2019.059.07.57.20,unlabelled,,,,,0,0,0.0,0.0,,,5.673999786376953,-73.45800018310547,1.46,1.7,4.199,-72.133833,170.0,219.48,318.06
PTGC.2019.059.19.53.11,PTGC,2019.059.19.53.11,unlabelled,,,,,0,0,0.0,0.0,,,5.78000020980835,-72.53600311279297,6.17,1.9,4.199,-72.133833,170.0,180.43,345.71
PTGC.2019.060.08.42.46,PTGC,2019.060.08.42.46,unlabelled,,,,,0,0,0.0,0.0,,,6.883999824523926,-72.21099853515625,0.0,1.7,4.199,-72.133833,170.0,297.04,358.35
PTGC.2019.060.09.18.05,PTGC,2019.060.09.18.05,unlabelled,,,,,0,0,0.0,0.0,,,3.572999954223633,-74.41100311279297,16.17,2.1,4.199,-72.133833,170.0,262.22,254.77
PTGC.2019.061.00.02.08,PTGC,2019.061.00.02.08,unlabelled,,,,,0,0,0.0,0.0,,,6.686999797821045,-72.60299682617188,3.58,1.8,4.199,-72.133833,170.0,280.0,349.32
PTGC.2019.062.04.48.31,PTGC,2019.062.04.48.31,unlabelled,,,,,0,0,0.0,0.0,-4.47,-1.65,5.011000156402588,-73.25299835205078,3.86,1.5,4.199,-72.133833,170.0,153.25,305.91
PTGC.2019.081.18.05.43,PTGC,2019.081.18.05.43,unlabelled,,,,,0,0,0.0,0.0,,,4.35099983215332,-74.91400146484375,0.0,1.6,4.199,-72.133833,170.0,309.09,273.22
PTGC.2019.084.04.37.54,PTGC,2019.084.04.37.54,unlabelled,,,,,0,0,0.0,0.0,,,6.6579999923706055,-71.96199798583984,0.0,1.5,4.199,-72.133833,170.0,272.59,4.0
PTGC.2019.084.04.44.48,PTGC,2019.084.04.44.48,unlabelled,,,,,0,0,0.0,0.0,,,3.6389999389648438,-74.18299865722656,2.23,1.5,4.199,-72.133833,170.0,235.86,254.85
PTGC.2019.084.11.49.44,PTGC,2019.084.11.49.44,unlabelled,,,,,0,0,0.0,0.0,,,3.3589999675750732,-74.48200225830078,20.52,1.6,4.199,-72.133833,170.0,276.88,250.48
PTGC.2019.084.21.31.21,PTGC,2019.084.21.31.21,unlabelled,,,,,0,0,0.0,0.0,,,3.4059998989105225,-74.70099639892578,15.84,1.5,4.199,-72.133833,170.0,298.33,252.99
PTGC.2019.084.23.25.12,PTGC,2019.084.23.25.12,unlabelled,,,,,0,0,0.0,0.0,,,5.2820000648498535,-74.56900024414062,19.99,1.6,4.199,-72.133833,170.0,295.51,294.0
PTGC.2019.085.07.47.11,PTGC,2019.085.07.47.11,unlabelled,,,,,0,0,0.0,0.0,,,6.631999969482422,-73.14600372314453,26.0,1.5,4.199,-72.133833,170.0,291.5,337.41
PTGC.2019.085.18.47.14,PTGC,2019.085.18.47.14,unlabelled,,,,,0,0,0.0,0.0,,,6.689000129699707,-72.0780029296875,4.26,2.1,4.199,-72.133833,170.0,275.42,1.28
PTGC.2019.086.14.50.05,PTGC,2019.086.14.50.05,unlabelled,,,,,0,0,0.0,0.0,,,4.368000030517578,-73.78500366210938,3.64,1.5,4.199,-72.133833,170.0,184.25,275.88
PTGC.2019.086.18.40.45,PTGC,2019.086.18.40.45,unlabelled,,,,,0,0,0.0,0.0,,,3.5950000286102295,-73.98600006103516,1.01,2.0,4.199,-72.133833,170.0,216.28,252.08
PTGC.2019.086.23.21.11,PTGC,2019.086.23.21.11,unlabelled,,,,,0,0,0.0,0.0,,,5.284999847412109,-74.56600189208984,18.24,1.5,4.199,-72.133833,170.0,295.34,294.09
PTGC.2019.087.03.20.58,PTGC,2019.087.03.20.58,unlabelled,,,,,0,0,0.0,0.0,,,4.776000022888184,-74.7040023803711,5.27,1.8,4.199,-72.133833,170.0,292.29,282.71
PTGC.2019.087.22.27.59,PTGC,2019.087.22.27.59,unlabelled,,,,,0,0,0.0,0.0,,,3.5399999618530273,-74.46299743652344,8.56,1.9,4.199,-72.133833,170.0,268.76,254.35
PTGC.2019.088.10.58.52,PTGC,2019.088.10.58.52,unlabelled,,,,,0,0,0.0,0.0,,,5.135000228881836,-73.26300048828125,0.0,1.6,4.199,-72.133833,170.0,162.51,309.61
PTGC.2019.088.13.16.01,PTGC,2019.088.13.16.01,unlabelled,,,,,0,0,0.0,0.0,,,5.116000175476074,-73.12999725341797,0.0,1.7,4.199,-72.133833,170.0,150.0,312.57
PTGC.2019.088.23.11.59,PTGC,2019.088.23.11.59,unlabelled,,,,,0,0,0.0,0.0,-0.11,-0.71,3.6080000400543213,-73.65699768066406,2.05,1.8,4.199,-72.133833,170.0,181.35,248.93
PTGC.2019.090.04.22.45,PTGC,2019.090.04.22.45,unlabelled,,,,,0,0,0.0,0.0,,,5.383999824523926,-74.46800231933594,9.66,1.8,4.199,-72.133833,170.0,290.2,296.94
PTGC.2019.091.06.09.27,PTGC,2019.091.06.09.27,unlabelled,,,,,0,0,0.0,0.0,,,6.26800012588501,-73.6240005493164,39.22,1.6,4.199,-72.133833,170.0,282.2,324.23
PTGC.2019.093.02.21.49,PTGC,2019.093.02.21.49,unlabelled,,,,,0,0,0.0,0.0,,,5.982999801635742,-73.5770034790039,0.18,1.5,4.199,-72.133833,170.0,254.02,321.01
PTGC.2019.093.10.34.44,PTGC,2019.093.10.34.44,unlabelled,,,,,0,0,0.0,0.0,,,5.90500020980835,-73.625,121.15,1.5,4.199,-72.133833,170.0,250.86,318.83
PTGC.2019.094.00.33.34,PTGC,2019.094.00.33.34,unlabelled,,,,,0,0,0.0,0.0,,,6.189000129699707,-74.33100128173828,10.01,1.6,4.199,-72.133833,170.0,328.26,312.19
PTGC.2019.094.08.28.11,PTGC,2019.094.08.28.11,unlabelled,,,,,0,0,0.0,0.0,,,5.8429999351501465,-72.48999786376953,15.51,1.7,4.199,-72.133833,170.0,186.04,347.76
PTGC.2019.095.19.21.33,PTGC,2019.095.19.21.33,unlabelled,,,,,0,0,0.0,0.0,,,3.447000026702881,-74.55799865722656,1.2,2.1,4.199,-72.133833,170.0,281.81,252.92
PTGC.2019.095.19.27.44,PTGC,2019.095.19.27.44,unlabelled,,,,,0,0,0.0,0.0,,,3.6630001068115234,-74.23999786376953,7.07,1.6,4.199,-72.133833,170.0,241.3,255.85
PTGC.2019.096.14.43.45,PTGC,2019.096.14.43.45,unlabelled,,,,,0,0,0.0,0.0,,,3.5160000324249268,-74.37699890136719,5.71,1.6,4.199,-72.133833,170.0,260.34,253.21
PTGC.2019.097.06.55.48,PTGC,2019.097.06.55.48,unlabelled,,,,,0,0,0.0,0.0,,,6.385000228881836,-73.78099822998047,34.97,1.7,4.199,-72.133833,170.0,302.94,323.01
PTGC.2019.097.18.12.34,PTGC,2019.097.18.12.34,unlabelled,,,,,0,0,0.0,0.0,,,3.5880000591278076,-74.46499633789062,32.38,1.9,4.199,-72.133833,170.0,267.58,255.46
PTGC.2019.097.22.49.14,PTGC,2019.097.22.49.14,unlabelled,,,,,0,0,0.0,0.0,,,3.4059998989105225,-74.68099975585938,3.25,2.3,4.199,-72.133833,170.0,296.2,252.87
PTGC.2019.098.00.11.01,PTGC,2019.098.00.11.01,unlabelled,,,,,0,0,0.0,0.0,,,4.665999889373779,-73.51300048828125,-0.11,1.7,4.199,-72.133833,170.0,161.55,288.7
PTGC.2019.098.01.42.27,PTGC,2019.098.01.42.27,unlabelled,,,,,0,0,0.0,0.0,,,5.454999923706055,-73.36199951171875,0.0,1.5,4.199,-72.133833,170.0,194.55,315.6
PTGC.2019.099.22.23.02,PTGC,2019.099.22.23.02,unlabelled,,,,,0,0,0.0,0.0,,,6.89300012588501,-72.19200134277344,5.91,1.8,4.199,-72.133833,170.0,297.99,358.76
PTGC.2019.099.23.50.44,PTGC,2019.099.23.50.44,unlabelled,,,,,0,0,0.0,0.0,,,5.9679999351501465,-72.4739990234375,4.19,1.7,4.199,-72.133833,170.0,199.22,349.1
PTGC.2019.100.07.24.29,PTGC,2019.100.07.24.29,unlabelled,,,,,0,0,0.0,0.0,,,5.170000076293945,-74.81300354003906,2.94,2.0,4.199,-72.133833,170.0,316.05,289.97
PTGC.2019.100.20.13.48,PTGC,2019.100.20.13.48,unlabelled,,,,,0,0,0.0,0.0,,,5.341000080108643,-74.36399841308594,4.46,2.0,4.199,-72.133833,170.0,277.77,297.13
PTGC.2019.100.20.17.26,PTGC,2019.100.20.17.26,unlabelled,,,,,0,0,0.0,0.0,,,5.3520002365112305,-74.35600280761719,3.47,1.8,4.199,-72.133833,170.0,277.53,297.44
PTGC.2019.101.12.15.51,PTGC,2019.101.12.15.51,unlabelled,,,,,0,0,0.0,0.0,,,5.269000053405762,-74.10600280761719,2.0,1.6,4.199,-72.133833,170.0,248.74,298.48
PTGC.2019.101.14.16.57,PTGC,2019.101.14.16.57,unlabelled,,,,,0,0,0.0,0.0,,,4.5920000076293945,-73.51599884033203,-0.01,1.6,4.199,-72.133833,170.0,159.45,285.87
PTGC.2019.102.01.35.31,PTGC,2019.102.01.35.31,unlabelled,,,,,0,0,0.0,0.0,,,6.525000095367432,-71.91400146484375,4.88,2.0,4.199,-72.133833,170.0,258.37,5.4
PTGC.2019.102.02.37.13,PTGC,2019.102.02.37.13,unlabelled,,,,,0,0,0.0,0.0,,,6.618000030517578,-71.96099853515625,31.56,1.6,4.199,-72.133833,170.0,268.19,4.09
PTGC.2019.102.12.56.27,PTGC,2019.102.12.56.27,unlabelled,,,,,0,0,0.0,0.0,-3.42,-1.74,6.171999931335449,-72.36499786376953,3.18,2.1,4.199,-72.133833,170.0,219.68,353.31
PTGC.2019.104.08.06.45,PTGC,2019.104.08.06.45,unlabelled,,,,,0,0,0.0,0.0,,,5.794000148773193,-73.06199645996094,-0.02,1.5,4.199,-72.133833,170.0,204.22,329.77
PTGC.2019.104.20.57.07,PTGC,2019.104.20.57.07,unlabelled,,,,,0,0,0.0,0.0,,,4.63700008392334,-75.10099792480469,9.82,1.5,4.199,-72.133833,170.0,332.87,278.48
PTGC.2019.105.02.59.46,PTGC,2019.105.02.59.46,unlabelled,,,,,0,0,0.0,0.0,,,3.2820000648498535,-74.62699890136719,4.06,1.9,4.199,-72.133833,170.0,294.93,249.98
PTGC.2019.106.00.52.50,PTGC,2019.106.00.52.50,unlabelled,,,,,0,0,0.0,0.0,,,5.922999858856201,-74.33999633789062,1.86,1.6,4.199,-72.133833,170.0,310.14,308.02
PTGC.2019.106.03.52.53,PTGC,2019.106.03.52.53,unlabelled,,,,,0,0,0.0,0.0,,,5.802999973297119,-72.58999633789062,12.31,1.7,4.199,-72.133833,170.0,184.45,344.1
PTGC.2019.107.02.56.32,PTGC,2019.107.02.56.32,unlabelled,,,,,0,0,0.0,0.0,,,6.296000003814697,-74.26300048828125,17.69,1.5,4.199,-72.133833,170.0,330.88,314.59
PTGC.2019.107.10.02.28,PTGC,2019.107.10.02.28,unlabelled,,,,,0,0,0.0,0.0,,,6.004000186920166,-72.81999969482422,3.5,1.7,4.199,-72.133833,170.0,213.61,339.16
PTGC.2019.108.02.24.50,PTGC,2019.108.02.24.50,unlabelled,,,,,0,0,0.0,0.0,,,3.38100004196167,-74.71600341796875,20.45,2.0,4.199,-72.133833,170.0,300.74,252.58
PTGC.2019.108.02.58.22,PTGC,2019.108.02.58.22,unlabelled,,,,,0,0,0.0,0.0,,,7.031000137329102,-72.25,3.84,1.6,4.199,-72.133833,170.0,313.44,357.65
PTGC.2019.108.03.58.23,PTGC,2019.108.03.58.23,unlabelled,,,,,0,0,0.0,0.0,,,5.135000228881836,-74.7979965209961,19.39,1.5,4.199,-72.133833,170.0,313.19,289.4
PTGC.2019.109.10.54.27,PTGC,2019.109.10.54.27,unlabelled,,,,,0,0,0.0,0.0,,,4.73199987411499,-74.78399658203125,3.24,2.1,4.199,-72.133833,170.0,299.97,281.43
PTGC.2019.110.01.53.59,PTGC,2019.110.01.53.59,unlabelled,,,,,0,0,0.0,0.0,,,3.434000015258789,-74.66899871826172,15.29,1.5,4.199,-72.133833,170.0,294.02,253.37
PTGC.2019.112.19.10.54,PTGC,2019.112.19.10.54,unlabelled,,,,,0,0,0.0,0.0,,,3.4189999103546143,-74.37699890136719,0.08,1.8,4.199,-72.133833,170.0,263.66,250.98
PTGC.2019.114.16.21.48,PTGC,2019.114.16.21.48,unlabelled,,,,,0,0,0.0,0.0,,,6.059999942779541,-72.16200256347656,14.56,1.9,4.199,-72.133833,170.0,205.82,359.13
PTGC.2019.115.07.20.17,PTGC,2019.115.07.20.17,unlabelled,,,,,0,0,0.0,0.0,,,3.4830000400543213,-74.51300048828125,2.55,1.8,4.199,-72.133833,170.0,275.86,253.4
PTGC.2019.115.15.01.18,PTGC,2019.115.15.01.18,unlabelled,,,,,0,0,0.0,0.0,,,7.126999855041504,-72.08000183105469,3.7,2.2,4.199,-72.133833,170.0,323.85,1.05
PTGC.2019.117.22.49.32,PTGC,2019.117.22.49.32,unlabelled,,,,,0,0,0.0,0.0,,,6.941999912261963,-71.86699676513672,0.0,1.5,4.199,-72.133833,170.0,304.77,5.55
PTGC.2019.118.08.07.17,PTGC,2019.118.08.07.17,unlabelled,,,,,0,0,0.0,0.0,,,3.2639999389648438,-74.35099792480469,16.45,1.5,4.199,-72.133833,170.0,267.11,247.3
PTGC.2019.118.19.25.31,PTGC,2019.118.19.25.31,unlabelled,,,,,0,0,0.0,0.0,,,5.1479997634887695,-73.01399993896484,0.0,2.3,4.199,-72.133833,170.0,143.35,317.09
PTGC.2019.118.19.52.26,PTGC,2019.118.19.52.26,unlabelled,,,,,0,0,0.0,0.0,,,5.755000114440918,-74.46800231933594,5.72,2.0,4.199,-72.133833,170.0,310.83,303.71
PTGC.2019.119.22.24.10,PTGC,2019.119.22.24.10,unlabelled,,,,,0,0,0.0,0.0,,,4.252999782562256,-73.71900177001953,4.84,1.9,4.199,-72.133833,170.0,176.08,272.0
PTGC.2019.120.21.55.40,PTGC,2019.120.21.55.40,unlabelled,,,,,0,0,0.0,0.0,,,5.323999881744385,-74.6780014038086,12.61,1.8,4.199,-72.133833,170.0,308.44,293.89
PTGC.2019.121.17.05.00,PTGC,2019.121.17.05.00,unlabelled,,,,,0,0,0.0,0.0,,,3.3929998874664307,-74.55799865722656,27.43,2.1,4.199,-72.133833,170.0,283.63,251.77
PTGC.2019.122.04.00.08,PTGC,2019.122.04.00.08,unlabelled,,,,,0,0,0.0,0.0,,,5.380000114440918,-74.44100189208984,3.83,1.8,4.199,-72.133833,170.0,287.33,297.13
PTGC.2019.123.19.00.10,PTGC,2019.123.19.00.10,unlabelled,,,,,0,0,0.0,0.0,,,6.14300012588501,-72.4260025024414,0.0,1.9,4.199,-72.133833,170.0,217.4,351.44
PTGC.2019.124.23.53.31,PTGC,2019.124.23.53.31,unlabelled,,,,,0,0,0.0,0.0,,,3.6470000743865967,-74.19000244140625,2.93,2.8,4.199,-72.133833,170.0,236.38,255.11
PTGC.2019.126.07.33.47,PTGC,2019.126.07.33.47,unlabelled,,,,,0,0,0.0,0.0,,,3.5339999198913574,-74.43000030517578,4.24,1.6,4.199,-72.133833,170.0,265.42,254.0
PTGC.2019.126.14.32.43,PTGC,2019.126.14.32.43,unlabelled,,,,,0,0,0.0,0.0,,,7.093999862670898,-72.23899841308594,3.73,3.6,4.199,-72.133833,170.0,320.36,357.92
PTGC.2019.126.16.58.20,PTGC,2019.126.16.58.20,unlabelled,,,,,0,0,0.0,0.0,,,6.97599983215332,-71.81300354003906,4.36,2.4,4.199,-72.133833,170.0,309.14,6.59
PTGC.2019.126.23.23.17,PTGC,2019.126.23.23.17,unlabelled,,,,,0,0,0.0,0.0,,,5.309999942779541,-74.73600006103516,16.38,1.8,4.199,-72.133833,170.0,313.73,293.16
PTGC.2019.127.15.11.35,PTGC,2019.127.15.11.35,unlabelled,,,,,0,0,0.0,0.0,,,5.098999977111816,-73.11900329589844,11.54,1.8,4.199,-72.133833,170.0,147.83,312.36
PTGC.2019.128.07.31.30,PTGC,2019.128.07.31.30,unlabelled,,,,,0,0,0.0,0.0,,,4.952000141143799,-73.18000030517578,-0.02,1.6,4.199,-72.133833,170.0,142.86,305.69
PTGC.2019.128.08.27.18,PTGC,2019.128.08.27.18,unlabelled,,,,,0,0,0.0,0.0,,,6.690000057220459,-73.39299774169922,32.53,1.6,4.199,-72.133833,170.0,308.79,333.19
PTGC.2019.129.18.43.18,PTGC,2019.129.18.43.18,unlabelled,,,,,0,0,0.0,0.0,,,3.437999963760376,-74.36499786376953,25.82,2.1,4.199,-72.133833,170.0,261.72,251.32
PTGC.2019.132.03.14.11,PTGC,2019.132.03.14.11,unlabelled,,,,,0,0,0.0,0.0,,,5.804999828338623,-74.21700286865234,2.96,1.6,4.199,-72.133833,170.0,291.39,307.64
PTGC.2019.132.07.28.13,PTGC,2019.132.07.28.13,unlabelled,,,,,0,0,0.0,0.0,,,3.9210000038146973,-74.10399627685547,2.11,4.4,4.199,-72.133833,170.0,220.92,262.07
PTGC.2019.135.15.44.59,PTGC,2019.135.15.44.59,unlabelled,,,,,0,0,0.0,0.0,,,7.0920000076293945,-72.36100006103516,0.0,1.9,4.199,-72.133833,170.0,320.91,355.51
PTGC.2019.136.12.50.38,PTGC,2019.136.12.50.38,unlabelled,,,,,0,0,0.0,0.0,,,4.828000068664551,-73.19999694824219,8.0,1.5,4.199,-72.133833,170.0,137.25,300.49
PTGC.2019.141.05.56.25,PTGC,2019.141.05.56.25,unlabelled,,,,,0,0,0.0,0.0,,,5.640999794006348,-72.95899963378906,14.85,1.7,4.199,-72.133833,170.0,183.86,330.18
PTGC.2019.141.16.41.20,PTGC,2019.141.16.41.20,unlabelled,,,,,0,0,0.0,0.0,,,3.4609999656677246,-74.5780029296875,19.99,1.5,4.199,-72.133833,170.0,283.48,253.35
PTGC.2019.142.02.52.13,PTGC,2019.142.02.52.13,unlabelled,,,,,0,0,0.0,0.0,,,4.360000133514404,-74.20700073242188,0.0,1.6,4.199,-72.133833,170.0,230.83,274.5
PTGC.2019.143.04.36.23,PTGC,2019.143.04.36.23,unlabelled,,,,,0,0,0.0,0.0,,,4.525000095367432,-74.9489974975586,3.9,2.1,4.199,-72.133833,170.0,314.55,276.69
PTGC.2019.144.19.54.36,PTGC,2019.144.19.54.36,unlabelled,,,,,0,0,0.0,0.0,,,6.113999843597412,-72.64199829101562,1.45,1.9,4.199,-72.133833,170.0,219.13,345.12
PTGC.2019.148.18.50.05,PTGC,2019.148.18.50.05,unlabelled,,,,,0,0,0.0,0.0,,,3.742000102996826,-74.01200103759766,11.26,1.5,4.199,-72.133833,170.0,214.61,256.45
PTGC.2019.149.15.55.49,PTGC,2019.149.15.55.49,unlabelled,,,,,0,0,0.0,0.0,,,5.775000095367432,-74.3949966430664,1.29,1.5,4.199,-72.133833,170.0,305.37,304.89
PTGC.2019.149.23.25.47,PTGC,2019.149.23.25.47,unlabelled,,,,,0,0,0.0,0.0,,,5.751999855041504,-74.35399627685547,0.54,2.1,4.199,-72.133833,170.0,300.19,304.99
PTGC.2019.150.23.08.10,PTGC,2019.150.23.08.10,unlabelled,,,,,0,0,0.0,0.0,,,5.989999771118164,-72.41899871826172,0.0,1.9,4.199,-72.133833,170.0,200.56,350.94
PTGC.2019.151.01.11.14,PTGC,2019.151.01.11.14,unlabelled,,,,,0,0,0.0,0.0,,,4.579999923706055,-74.78800201416016,14.56,1.5,4.199,-72.133833,170.0,297.6,278.24
PTGC.2019.151.17.50.47,PTGC,2019.151.17.50.47,unlabelled,,,,,0,0,0.0,0.0,,,5.671999931335449,-72.66899871826172,0.0,1.6,4.199,-72.133833,170.0,173.36,340.0
PTGC.2019.152.21.51.42,PTGC,2019.152.21.51.42,unlabelled,,,,,0,0,0.0,0.0,,,3.61299991607666,-74.08899688720703,2.77,1.7,4.199,-72.133833,170.0,226.61,253.45
PTGC.2019.154.03.29.56,PTGC,2019.154.03.29.56,unlabelled,,,,,0,0,0.0,0.0,,,6.054999828338623,-72.46199798583984,4.28,2.2,4.199,-72.133833,170.0,208.44,349.96
PTGC.2019.154.11.29.10,PTGC,2019.154.11.29.10,unlabelled,,,,,0,0,0.0,0.0,,,5.139999866485596,-73.05899810791016,10.12,1.9,4.199,-72.133833,170.0,146.17,315.43
PTGC.2019.154.19.52.21,PTGC,2019.154.19.52.21,unlabelled,,,,,0,0,0.0,0.0,,,6.953000068664551,-72.22100067138672,0.0,2.2,4.199,-72.133833,170.0,304.7,358.19
PTGC.2019.154.20.16.03,PTGC,2019.154.20.16.03,unlabelled,,,,,0,0,0.0,0.0,,,4.879000186920166,-73.18000030517578,20.3,2.0,4.199,-72.133833,170.0,138.32,302.97
PTGC.2019.155.00.18.06,PTGC,2019.155.00.18.06,unlabelled,,,,,0,0,0.0,0.0,,,7.072999954223633,-72.1709976196289,0.34,3.3,4.199,-72.133833,170.0,317.85,359.26
PTGC.2019.157.14.42.38,PTGC,2019.157.14.42.38,unlabelled,,,,,0,0,0.0,0.0,,,6.120999813079834,-74.31800079345703,8.9,1.6,4.199,-72.133833,170.0,322.2,311.37
PTGC.2019.158.15.14.11,PTGC,2019.158.15.14.11,unlabelled,,,,,0,0,0.0,0.0,,,4.114999771118164,-74.94000244140625,3.93,1.8,4.199,-72.133833,170.0,311.7,268.39
PTGC.2019.158.22.53.34,PTGC,2019.158.22.53.34,unlabelled,,,,,0,0,0.0,0.0,,,3.369999885559082,-74.37899780273438,21.84,1.6,4.199,-72.133833,170.0,265.7,249.89
PTGC.2019.159.16.10.57,PTGC,2019.159.16.10.57,unlabelled,,,,,0,0,0.0,0.0,,,5.0960001945495605,-73.06500244140625,4.06,2.1,4.199,-72.133833,170.0,143.23,313.87
PTGC.2019.161.16.39.33,PTGC,2019.161.16.39.33,unlabelled,,,,,0,0,0.0,0.0,,,5.449999809265137,-73.0739974975586,0.33,1.8,4.199,-72.133833,170.0,173.24,323.03
PTGC.2019.162.23.19.32,PTGC,2019.162.23.19.32,unlabelled,,,,,0,0,0.0,0.0,,,6.367000102996826,-73.90299987792969,26.96,1.7,4.199,-72.133833,170.0,309.73,320.79
PTGC.2019.163.14.55.09,PTGC,2019.163.14.55.09,unlabelled,,,,,0,0,0.0,0.0,,,6.120999813079834,-74.20099639892578,4.09,1.6,4.199,-72.133833,170.0,312.56,312.93
PTGC.2019.164.14.28.40,PTGC,2019.164.14.28.40,unlabelled,,,,,0,0,0.0,0.0,,,5.208000183105469,-72.93399810791016,0.0,1.7,4.199,-72.133833,170.0,142.58,321.52
PTGC.2019.164.21.09.16,PTGC,2019.164.21.09.16,unlabelled,,,,,0,0,0.0,0.0,,,4.415999889373779,-75.03399658203125,1.21,2.0,4.199,-72.133833,170.0,322.83,274.37
PTGC.2019.168.14.25.54,PTGC,2019.168.14.25.54,unlabelled,,,,,0,0,0.0,0.0,,,3.563999891281128,-74.41699981689453,9.79,2.7,4.199,-72.133833,170.0,263.12,254.6
PTGC.2019.170.18.28.13,PTGC,2019.170.18.28.13,unlabelled,,,,,0,0,0.0,0.0,,,6.909999847412109,-72.86599731445312,13.46,1.8,4.199,-72.133833,170.0,310.58,344.89
PTGC.2019.170.19.38.44,PTGC,2019.170.19.38.44,unlabelled,,,,,0,0,0.0,0.0,,,5.515999794006348,-72.37300109863281,0.01,2.6,4.199,-72.133833,170.0,148.03,349.69
PTGC.2019.174.19.39.38,PTGC,2019.174.19.39.38,unlabelled,,,,,0,0,0.0,0.0,,,5.760000228881836,-73.4540023803711,0.11,2.1,4.199,-72.133833,170.0,226.34,319.75
PTGC.2019.174.23.59.49,PTGC,2019.174.23.59.49,unlabelled,,,,,0,0,0.0,0.0,,,5.164999961853027,-72.98200225830078,0.0,1.8,4.199,-72.133833,170.0,142.36,318.66
PTGC.2019.176.16.58.02,PTGC,2019.176.16.58.02,unlabelled,,,,,0,0,0.0,0.0,,,4.380000114440918,-73.6969985961914,-0.05,1.5,4.199,-72.133833,170.0,174.68,276.64
PTGC.2019.177.14.00.06,PTGC,2019.177.14.00.06,unlabelled,,,,,0,0,0.0,0.0,,,5.361999988555908,-74.38099670410156,1.74,1.5,4.199,-72.133833,170.0,280.5,297.38
PTGC.2019.177.17.39.23,PTGC,2019.177.17.39.23,unlabelled,,,,,0,0,0.0,0.0,,,6.3470001220703125,-71.97899627685547,4.68,1.9,4.199,-72.133833,170.0,238.15,4.13
PTGC.2019.178.11.28.16,PTGC,2019.178.11.28.16,unlabelled,,,,,0,0,0.0,0.0,,,3.3259999752044678,-74.25800323486328,19.02,1.8,4.199,-72.133833,170.0,254.94,247.82
PTGC.2019.178.13.55.40,PTGC,2019.178.13.55.40,unlabelled,,,,,0,0,0.0,0.0,,,4.453999996185303,-73.6050033569336,29.28,1.5,4.199,-72.133833,170.0,165.72,279.85
PTGC.2019.178.20.54.04,PTGC,2019.178.20.54.04,unlabelled,,,,,0,0,0.0,0.0,,,3.690999984741211,-73.9729995727539,2.21,1.6,4.199,-72.133833,170.0,211.84,254.69
PTGC.2019.180.01.49.29,PTGC,2019.180.01.49.29,unlabelled,,,,,0,0,0.0,0.0,,,3.5829999446868896,-74.39199829101562,4.15,1.5,4.199,-72.133833,170.0,259.89,254.88
PTGC.2019.180.12.14.36,PTGC,2019.180.12.14.36,unlabelled,,,,,0,0,0.0,0.0,,,7.09499979019165,-72.26399993896484,3.29,1.9,4.199,-72.133833,170.0,320.58,357.43
PTGC.2019.182.17.23.48,PTGC,2019.182.17.23.48,unlabelled,,,,,0,0,0.0,0.0,,,3.6449999809265137,-74.14900207519531,1.35,2.4,4.199,-72.133833,170.0,232.04,254.76
PTGC.2019.185.21.32.49,PTGC,2019.185.21.32.49,unlabelled,,,,,0,0,0.0,0.0,,,5.826000213623047,-74.25800323486328,15.71,1.6,4.199,-72.133833,170.0,296.41,307.46
PTGC.2019.186.00.02.28,PTGC,2019.186.00.02.28,unlabelled,,,,,0,0,0.0,0.0,,,3.7790000438690186,-74.08699798583984,3.3,1.8,4.199,-72.133833,170.0,221.82,257.98
PTGC.2019.187.15.17.49,PTGC,2019.187.15.17.49,unlabelled,,,,,0,0,0.0,0.0,,,6.440000057220459,-73.26000213623047,13.65,1.7,4.199,-72.133833,170.0,277.48,333.32
PTGC.2019.187.22.19.52,PTGC,2019.187.22.19.52,unlabelled,,,,,0,0,0.0,0.0,,,5.1519999504089355,-73.02999877929688,3.57,1.8,4.199,-72.133833,170.0,144.89,316.7
PTGC.2019.188.20.13.04,PTGC,2019.188.20.13.04,unlabelled,,,,,0,0,0.0,0.0,,,3.805000066757202,-73.62899780273438,11.54,1.6,4.199,-72.133833,170.0,171.66,255.35
PTGC.2019.189.22.18.48,PTGC,2019.189.22.18.48,unlabelled,,,,,0,0,0.0,0.0,,,5.533999919891357,-72.61799621582031,0.01,2.6,4.199,-72.133833,170.0,157.09,340.03
PTGC.2019.192.23.18.29,PTGC,2019.192.23.18.29,unlabelled,,,,,0,0,0.0,0.0,,,4.309000015258789,-73.87300109863281,0.0,1.9,4.199,-72.133833,170.0,193.46,273.67
PTGC.2019.193.13.47.50,PTGC,2019.193.13.47.50,unlabelled,,,,,0,0,0.0,0.0,,,3.302000045776367,-74.38800048828125,33.09,2.1,4.199,-72.133833,170.0,269.33,248.47
PTGC.2019.193.18.27.53,PTGC,2019.193.18.27.53,unlabelled,,,,,0,0,0.0,0.0,,,4.298999786376953,-73.84200286865234,0.0,1.7,4.199,-72.133833,170.0,189.96,273.4
PTGC.2019.198.23.10.02,PTGC,2019.198.23.10.02,unlabelled,,,,,0,0,0.0,0.0,,,6.4679999351501465,-71.83599853515625,-0.03,1.8,4.199,-72.133833,170.0,253.08,7.48
PTGC.2019.200.00.36.21,PTGC,2019.200.00.36.21,unlabelled,,,,,0,0,0.0,0.0,,,6.093999862670898,-74.25499725341797,19.8,1.8,4.199,-72.133833,170.0,314.99,311.79
PTGC.2019.204.18.46.00,PTGC,2019.204.18.46.00,unlabelled,,,,,0,0,0.0,0.0,,,4.435999870300293,-73.23899841308594,0.0,1.5,4.199,-72.133833,170.0,125.45,282.1
PTGC.2019.204.19.01.02,PTGC,2019.204.19.01.02,unlabelled,,,,,0,0,0.0,0.0,,,3.503999948501587,-74.20800018310547,4.77,1.8,4.199,-72.133833,170.0,242.86,251.62
PTGC.2019.205.00.37.30,PTGC,2019.205.00.37.30,unlabelled,,,,,0,0,0.0,0.0,,,6.474999904632568,-72.83799743652344,4.17,2.2,4.199,-72.133833,170.0,263.51,342.8
PTGC.2019.206.00.37.20,PTGC,2019.206.00.37.20,unlabelled,,,,,0,0,0.0,0.0,,,5.526000022888184,-74.34700012207031,3.82,2.3,4.199,-72.133833,170.0,286.0,300.96
PTGC.2019.210.12.25.29,PTGC,2019.210.12.25.29,unlabelled,,,,,0,0,0.0,0.0,,,4.692999839782715,-74.85299682617188,9.4,3.1,4.199,-72.133833,170.0,306.69,280.36
PTGC.2019.210.20.23.32,PTGC,2019.210.20.23.32,unlabelled,,,,,0,0,0.0,0.0,,,6.959000110626221,-72.11499786376953,-0.02,1.7,4.199,-72.133833,170.0,305.22,0.39
PTGC.2019.211.22.11.31,PTGC,2019.211.22.11.31,unlabelled,,,,,0,0,0.0,0.0,,,5.817999839782715,-73.03700256347656,1.6,1.7,4.199,-72.133833,170.0,205.14,330.81
PTGC.2019.213.14.48.59,PTGC,2019.213.14.48.59,unlabelled,,,,,0,0,0.0,0.0,,,5.679999828338623,-73.41400146484375,6.09,1.9,4.199,-72.133833,170.0,216.75,319.13
PTGC.2019.214.15.25.33,PTGC,2019.214.15.25.33,unlabelled,,,,,0,0,0.0,0.0,,,6.2220001220703125,-74.36000061035156,9.84,1.7,4.199,-72.133833,170.0,333.09,312.29
PTGC.2019.214.21.16.53,PTGC,2019.214.21.16.53,unlabelled,,,,,0,0,0.0,0.0,,,4.519000053405762,-74.41100311279297,0.0,1.5,4.199,-72.133833,170.0,255.23,278.05
PTGC.2019.216.21.06.08,PTGC,2019.216.21.06.08,unlabelled,,,,,0,0,0.0,0.0,,,5.296000003814697,-74.54199981689453,10.36,1.7,4.199,-72.133833,170.0,293.41,294.52
PTGC.2019.219.11.39.13,PTGC,2019.219.11.39.13,unlabelled,,,,,0,0,0.0,0.0,,,5.943999767303467,-72.41300201416016,3.78,2.4,4.199,-72.133833,170.0,195.43,350.9
PTGC.2019.222.22.06.07,PTGC,2019.222.22.06.07,unlabelled,,,,,0,0,0.0,0.0,,,3.2839999198913574,-74.71099853515625,2.7,2.0,4.199,-72.133833,170.0,303.63,250.62
PTGC.2019.227.20.12.48,PTGC,2019.227.20.12.48,unlabelled,,,,,0,0,0.0,0.0,,,6.443999767303467,-73.43299865722656,20.28,1.6,4.199,-72.133833,170.0,287.0,329.94
PTGC.2019.229.13.56.16,PTGC,2019.229.13.56.16,unlabelled,,,,,0,0,0.0,0.0,,,3.7190001010894775,-74.96099853515625,15.0,1.9,4.199,-72.133833,170.0,318.43,260.5
PTGC.2019.232.00.25.40,PTGC,2019.232.00.25.40,unlabelled,,,,,0,0,0.0,0.0,,,6.002999782562256,-74.26200103759766,10.21,1.8,4.199,-72.133833,170.0,308.99,310.3
PTGC.2019.232.16.33.57,PTGC,2019.232.16.33.57,unlabelled,,,,,0,0,0.0,0.0,,,6.894000053405762,-72.2509994506836,2.0,2.3,4.199,-72.133833,170.0,298.31,357.51
PTGC.2019.236.14.54.13,PTGC,2019.236.14.54.13,unlabelled,,,,,0,0,0.0,0.0,,,5.136000156402588,-74.81400299072266,4.81,1.7,4.199,-72.133833,170.0,314.9,289.32
PTGC.2019.236.19.51.32,PTGC,2019.236.19.51.32,unlabelled,,,,,0,0,0.0,0.0,,,3.4170000553131104,-74.31600189208984,0.06,2.7,4.199,-72.133833,170.0,257.35,250.44
PTGC.2019.236.19.51.33,PTGC,2019.236.19.51.33,unlabelled,,,,,0,0,0.0,0.0,,,3.4010000228881836,-74.31099700927734,0.1,2.6,4.199,-72.133833,170.0,257.43,250.03
PTGC.2019.237.18.06.53,PTGC,2019.237.18.06.53,unlabelled,,,,,0,0,0.0,0.0,,,7.1579999923706055,-72.18800354003906,3.98,2.2,4.199,-72.133833,170.0,327.28,358.95
PTGC.2019.237.19.37.50,PTGC,2019.237.19.37.50,unlabelled,,,,,0,0,0.0,0.0,,,6.23199987411499,-72.74199676513672,3.7,1.7,4.199,-72.133833,170.0,234.71,343.33
PTGC.2019.238.12.39.38,PTGC,2019.238.12.39.38,unlabelled,,,,,0,0,0.0,0.0,,,3.99399995803833,-74.09500122070312,9.84,1.7,4.199,-72.133833,170.0,218.94,264.13
PTGC.2019.240.16.35.50,PTGC,2019.240.16.35.50,unlabelled,,,,,0,0,0.0,0.0,,,6.991000175476074,-72.03199768066406,12.78,2.2,4.199,-72.133833,170.0,308.96,2.09
PTGC.2019.243.14.41.44,PTGC,2019.243.14.41.44,unlabelled,,,,,0,0,0.0,0.0,,,4.164999961853027,-73.56700134277344,6.11,2.2,4.199,-72.133833,170.0,159.16,268.7
PTGC.2019.243.17.47.55,PTGC,2019.243.17.47.55,unlabelled,,,,,0,0,0.0,0.0,,,6.50600004196167,-71.9489974975586,0.0,2.3,4.199,-72.133833,170.0,255.94,4.58
PTGC.2019.243.23.13.58,PTGC,2019.243.23.13.58,unlabelled,,,,,0,0,0.0,0.0,,,5.947000026702881,-74.1500015258789,1.91,1.8,4.199,-72.133833,170.0,295.54,310.93
PTGC.2019.243.23.15.08,PTGC,2019.243.23.15.08,unlabelled,,,,,0,0,0.0,0.0,,,5.900000095367432,-74.11599731445312,0.0,1.5,4.199,-72.133833,170.0,289.3,310.64
PTGC.2019.244.15.14.14,PTGC,2019.244.15.14.14,unlabelled,,,,,0,0,0.0,0.0,,,4.255000114440918,-73.8239974975586,3.78,1.7,4.199,-72.133833,170.0,187.74,271.95
PTGC.2019.244.15.28.22,PTGC,2019.244.15.28.22,unlabelled,,,,,0,0,0.0,0.0,,,5.053999900817871,-72.88300323486328,2.26,2.4,4.199,-72.133833,170.0,125.89,318.71
PTGC.2019.245.15.44.33,PTGC,2019.245.15.44.33,unlabelled,,,,,0,0,0.0,0.0,,,7.078000068664551,-72.35199737548828,0.0,1.9,4.199,-72.133833,170.0,319.29,355.67
PTGC.2019.245.20.43.43,PTGC,2019.245.20.43.43,unlabelled,,,,,0,0,0.0,0.0,,,3.4790000915527344,-74.01599884033203,3.49,1.7,4.199,-72.133833,170.0,223.7,249.22
PTGC.2019.246.00.54.22,PTGC,2019.246.00.54.22,unlabelled,,,,,0,0,0.0,0.0,,,4.822999954223633,-74.7490005493164,30.6,1.2,4.199,-72.133833,170.0,298.31,283.47
PTGC.2019.246.20.16.13,PTGC,2019.246.20.16.13,unlabelled,,,,,0,0,0.0,0.0,,,6.311999797821045,-74.08699798583984,0.16,2.2,4.199,-72.133833,170.0,318.55,317.27
PTGC.2019.250.21.58.11,PTGC,2019.250.21.58.11,unlabelled,,,,,0,0,0.0,0.0,,,3.5859999656677246,-74.13899993896484,36.37,2.4,4.199,-72.133833,170.0,232.79,253.14
PTGC.2019.251.22.15.27,PTGC,2019.251.22.15.27,unlabelled,,,,,0,0,0.0,0.0,,,4.859000205993652,-74.6520004272461,17.12,1.5,4.199,-72.133833,170.0,288.82,284.73
PTGC.2019.254.11.44.13,PTGC,2019.254.11.44.13,unlabelled,,,,,0,0,0.0,0.0,,,4.355999946594238,-73.78600311279297,1.91,1.1,4.199,-72.133833,170.0,184.23,275.47
PTGC.2019.254.18.55.23,PTGC,2019.254.18.55.23,unlabelled,,,,,0,0,0.0,0.0,,,3.700000047683716,-74.18199920654297,3.72,1.8,4.199,-72.133833,170.0,234.06,256.44
PTGC.2019.263.13.34.40,PTGC,2019.263.13.34.40,unlabelled,,,,,0,0,0.0,0.0,,,6.578000068664551,-73.2969970703125,28.51,2.5,4.199,-72.133833,170.0,292.96,333.95
PTGC.2019.267.23.49.26,PTGC,2019.267.23.49.26,unlabelled,,,,,0,0,0.0,0.0,,,6.758999824523926,-73.06800079345703,4.19,2.4,4.199,-72.133833,170.0,301.43,339.96
PTGC.2019.268.12.15.21,PTGC,2019.268.12.15.21,unlabelled,,,,,0,0,0.0,0.0,,,5.401000022888184,-74.4219970703125,13.86,1.5,4.199,-72.133833,170.0,286.52,297.73
PTGC.2019.275.17.28.04,PTGC,2019.275.17.28.04,unlabelled,,,,,0,0,0.0,0.0,,,6.131999969482422,-72.43800354003906,3.21,1.7,4.199,-72.133833,170.0,216.4,351.05
PTGC.2019.275.23.03.17,PTGC,2019.275.23.03.17,unlabelled,,,,,0,0,0.0,0.0,,,6.271999835968018,-73.81900024414062,34.39,2.6,4.199,-72.133833,170.0,295.71,320.9
PTGC.2019.279.14.09.56,PTGC,2019.279.14.09.56,unlabelled,,,,,0,0,0.0,0.0,,,5.991000175476074,-74.2229995727539,15.07,1.7,4.199,-72.133833,170.0,304.84,310.63
PTGC.2019.279.14.22.52,PTGC,2019.279.14.22.52,unlabelled,,,,,0,0,0.0,0.0,,,7.020999908447266,-72.1969985961914,0.0,1.6,4.199,-72.133833,170.0,312.15,358.72
PTGC.2019.282.14.15.32,PTGC,2019.282.14.15.32,unlabelled,,,,,0,0,0.0,0.0,,,6.039000034332275,-72.36499786376953,1.82,2.0,4.199,-72.133833,170.0,205.08,352.83
PTGC.2019.282.17.52.32,PTGC,2019.282.17.52.32,unlabelled,,,,,0,0,0.0,0.0,,,6.285999774932861,-74.03900146484375,29.17,1.5,4.199,-72.133833,170.0,312.83,317.62
PTGC.2019.289.16.33.17,PTGC,2019.289.16.33.17,unlabelled,,,,,0,0,0.0,0.0,,,6.978000164031982,-72.21600341796875,-0.15,2.0,4.199,-72.133833,170.0,307.45,358.31
PTGC.2019.293.18.54.50,PTGC,2019.293.18.54.50,unlabelled,,,,,0,0,0.0,0.0,,,5.624000072479248,-73.24099731445312,20.97,1.7,4.199,-72.133833,170.0,199.78,322.12
PTGC.2019.295.21.51.29,PTGC,2019.295.21.51.29,unlabelled,,,,,0,0,0.0,0.0,,,5.132999897003174,-74.46900177001953,3.52,1.5,4.199,-72.133833,170.0,278.92,291.83
PTGC.2019.296.12.20.25,PTGC,2019.296.12.20.25,unlabelled,,,,,0,0,0.0,0.0,,,4.5929999351501465,-73.58899688720703,0.0,1.5,4.199,-72.133833,170.0,167.29,285.15
PTGC.2019.296.19.28.30,PTGC,2019.296.19.28.30,unlabelled,,,,,0,0,0.0,0.0,,,4.941999912261963,-74.6449966430664,2.04,2.2,4.199,-72.133833,170.0,290.52,286.53
PTGC.2019.296.23.08.23,PTGC,2019.296.23.08.23,unlabelled,,,,,0,0,0.0,0.0,,,5.135000228881836,-74.48100280761719,3.89,1.9,4.199,-72.133833,170.0,280.24,291.77
PTGC.2019.300.21.57.20,PTGC,2019.300.21.57.20,unlabelled,,,,,0,0,0.0,0.0,,,6.85699987411499,-72.1050033569336,0.0,1.8,4.199,-72.133833,170.0,293.95,0.62
PTGC.2019.302.11.10.32,PTGC,2019.302.11.10.32,unlabelled,,,,,0,0,0.0,0.0,,,5.118000030517578,-74.5009994506836,0.0,2.5,4.199,-72.133833,170.0,281.62,291.25
PTGC.2019.302.20.36.17,PTGC,2019.302.20.36.17,unlabelled,,,,,0,0,0.0,0.0,,,5.986999988555908,-74.28600311279297,19.45,1.7,4.199,-72.133833,170.0,309.9,309.73
PTGC.2019.304.18.22.26,PTGC,2019.304.18.22.26,unlabelled,,,,,0,0,0.0,0.0,,,5.320000171661377,-72.63099670410156,0.62,1.7,4.199,-72.133833,170.0,135.68,336.03
PTGC.2019.310.23.05.51,PTGC,2019.310.23.05.51,unlabelled,,,,,0,0,0.0,0.0,,,4.400000095367432,-73.91799926757812,4.26,2.1,4.199,-72.133833,170.0,199.3,276.47
PTGC.2019.313.11.39.49,PTGC,2019.313.11.39.49,unlabelled,,,,,0,0,0.0,0.0,,,6.683000087738037,-73.48200225830078,28.54,2.0,4.199,-72.133833,170.0,312.69,331.52
PTGC.2019.315.16.06.10,PTGC,2019.315.16.06.10,unlabelled,,,,,0,0,0.0,0.0,,,6.71999979019165,-72.91000366210938,0.01,2.4,4.199,-72.133833,170.0,291.75,342.89
PTGC.2019.315.16.11.55,PTGC,2019.315.16.11.55,unlabelled,,,,,0,0,0.0,0.0,,,6.611999988555908,-72.86299896240234,3.26,1.8,4.199,-72.133833,170.0,278.81,343.18
PTGC.2019.317.17.33.29,PTGC,2019.317.17.33.29,unlabelled,,,,,0,0,0.0,0.0,,,6.861999988555908,-71.98899841308594,0.0,1.5,4.199,-72.133833,170.0,294.92,3.11
PTGC.2019.319.11.24.48,PTGC,2019.319.11.24.48,unlabelled,,,,,0,0,0.0,0.0,-1.32,,5.9070000648498535,-72.49600219726562,3.95,1.6,4.199,-72.133833,170.0,193.1,348.01
PTGC.2019.322.16.15.42,PTGC,2019.322.16.15.42,unlabelled,,,,,0,0,0.0,0.0,,,6.359000205993652,-73.3759994506836,20.79,1.7,4.199,-72.133833,170.0,275.7,330.09
PTGC.2019.322.16.26.59,PTGC,2019.322.16.26.59,unlabelled,,,,,0,0,0.0,0.0,,,5.789000034332275,-74.15299987792969,3.71,1.7,4.199,-72.133833,170.0,284.7,308.22
PTGC.2019.323.13.59.51,PTGC,2019.323.13.59.51,unlabelled,,,,,0,0,0.0,0.0,,,6.135000228881836,-74.12300109863281,18.48,1.5,4.199,-72.133833,170.0,307.36,314.24
PTGC.2019.323.19.24.18,PTGC,2019.323.19.24.18,unlabelled,,,,,0,0,0.0,0.0,,,3.2820000648498535,-74.4219970703125,3.48,1.5,4.199,-72.133833,170.0,273.66,248.33
PTGC.2019.325.21.39.20,PTGC,2019.325.21.39.20,unlabelled,,,,,0,0,0.0,0.0,,,4.89900016784668,-73.34300231933594,0.0,1.7,4.199,-72.133833,170.0,154.91,300.03
PTGC.2019.326.15.59.35,PTGC,2019.326.15.59.35,unlabelled,,,,,0,0,0.0,0.0,,,4.432000160217285,-73.49299621582031,0.01,1.6,4.199,-72.133833,170.0,153.06,279.74
PTGC.2019.327.22.26.46,PTGC,2019.327.22.26.46,unlabelled,,,,,0,0,0.0,0.0,,,5.763999938964844,-74.1510009765625,17.15,1.7,4.199,-72.133833,170.0,282.83,307.81
PTGC.2019.329.13.25.19,PTGC,2019.329.13.25.19,unlabelled,,,,,0,0,0.0,0.0,,,5.150000095367432,-74.51699829101562,3.57,2.3,4.199,-72.133833,170.0,284.56,291.78
PTGC.2019.329.14.40.04,PTGC,2019.329.14.40.04,unlabelled,,,,,0,0,0.0,0.0,,,5.139999866485596,-74.4749984741211,3.12,1.6,4.199,-72.133833,170.0,279.82,291.92
PTGC.2019.332.16.40.29,PTGC,2019.332.16.40.29,unlabelled,,,,,0,0,0.0,0.0,,,7.114999771118164,-72.2770004272461,0.0,2.3,4.199,-72.133833,170.0,322.86,357.19
PTGC.2019.333.13.46.51,PTGC,2019.333.13.46.51,unlabelled,,,,,0,0,0.0,0.0,,,4.933000087738037,-73.11399841308594,0.0,1.8,4.199,-72.133833,170.0,135.71,306.77
PTGC.2019.335.16.08.30,PTGC,2019.335.16.08.30,unlabelled,,,,,0,0,0.0,0.0,,,6.664999961853027,-73.2030029296875,25.16,1.5,4.199,-72.133833,170.0,297.33,336.56
PTGC.2019.337.19.11.17,PTGC,2019.337.19.11.17,unlabelled,,,,,0,0,0.0,0.0,,,5.211999893188477,-72.93000030517578,4.56,2.0,4.199,-72.133833,170.0,142.66,321.77
PTGC.2019.338.19.17.17,PTGC,2019.338.19.17.17,unlabelled,,,,,0,0,0.0,0.0,,,3.4509999752044678,-74.54900360107422,3.99,1.9,4.199,-72.133833,170.0,280.72,252.95
PTGC.2019.341.19.37.08,PTGC,2019.341.19.37.08,unlabelled,,,,,0,0,0.0,0.0,,,6.4770002365112305,-74.08300018310547,23.98,1.9,4.199,-72.133833,170.0,331.86,319.47
PTGC.2019.346.15.00.44,PTGC,2019.346.15.00.44,unlabelled,,,,,0,0,0.0,0.0,,,7.0970001220703125,-72.24199676513672,13.07,2.1,4.199,-72.133833,170.0,320.7,357.86
PTGC.2019.346.22.15.06,PTGC,2019.346.22.15.06,unlabelled,,,,,0,0,0.0,0.0,,,4.461999893188477,-73.61799621582031,0.0,1.5,4.199,-72.133833,170.0,167.29,280.07
PTGC.2019.350.20.52.50,PTGC,2019.350.20.52.50,unlabelled,,,,,0,0,0.0,0.0,,,6.929999828338623,-72.33999633789062,6.0,1.8,4.199,-72.133833,170.0,302.87,355.68
PTGC.2019.353.15.47.24,PTGC,2019.353.15.47.24,unlabelled,,,,,0,0,0.0,0.0,,,5.252999782562256,-72.76699829101562,8.4,1.8,4.199,-72.133833,170.0,136.08,328.95
PTGC.2019.358.19.03.58,PTGC,2019.358.19.03.58,unlabelled,,,,,0,0,0.0,0.0,,,3.453000068664551,-74.19400024414062,1.04,1.0,4.199,-72.133833,170.0,243.24,250.25
PTGC.2019.358.19.11.07,PTGC,2019.358.19.11.07,unlabelled,,,,,0,0,0.0,0.0,,,3.4749999046325684,-74.18599700927734,-0.02,4.4,4.199,-72.133833,170.0,241.59,250.72
PTGC.2019.358.19.12.16,PTGC,2019.358.19.12.16,unlabelled,,,,,0,0,0.0,0.0,,,3.438999891281128,-74.20600128173828,16.65,1.7,4.199,-72.133833,170.0,245.03,250.01
PTGC.2019.358.19.25.29,PTGC,2019.358.19.25.29,unlabelled,,,,,0,0,0.0,0.0,,,3.4570000171661377,-74.21399688720703,5.91,4.0,4.199,-72.133833,170.0,245.18,250.52
PTGC.2019.358.19.26.18,PTGC,2019.358.19.26.18,unlabelled,,,,,0,0,0.0,0.0,,,3.4240000247955322,-74.25700378417969,2.39,3.5,4.199,-72.133833,170.0,250.92,250.1
PTGC.2019.358.19.29.54,PTGC,2019.358.19.29.54,unlabelled,,,,,0,0,0.0,0.0,,,3.500999927520752,-74.20899963378906,18.09,3.4,4.199,-72.133833,170.0,243.07,251.56
PTGC.2019.358.19.33.04,PTGC,2019.358.19.33.04,unlabelled,,,,,0,0,0.0,0.0,,,3.4800000190734863,-74.1729965209961,3.8,3.2,4.199,-72.133833,170.0,240.04,250.73
PTGC.2019.358.19.33.49,PTGC,2019.358.19.33.49,unlabelled,,,,,0,0,0.0,0.0,,,3.424999952316284,-74.2229995727539,5.0,3.3,4.199,-72.133833,170.0,247.33,249.83
PTGC.2019.358.19.36.42,PTGC,2019.358.19.36.42,unlabelled,,,,,0,0,0.0,0.0,,,3.431999921798706,-74.22799682617188,6.75,2.7,4.199,-72.133833,170.0,247.59,250.04
PTGC.2019.358.19.43.25,PTGC,2019.358.19.43.25,unlabelled,,,,,0,0,0.0,0.0,,,3.440000057220459,-74.19400024414062,0.0,0.8,4.199,-72.133833,170.0,243.74,249.93
PTGC.2019.358.19.46.12,PTGC,2019.358.19.46.12,unlabelled,,,,,0,0,0.0,0.0,,,3.453000068664551,-74.21800231933594,16.21,2.0,4.199,-72.133833,170.0,245.75,250.46
PTGC.2019.358.20.06.51,PTGC,2019.358.20.06.51,unlabelled,,,,,0,0,0.0,0.0,,,3.4700000286102295,-74.20700073242188,3.09,1.2,4.199,-72.133833,170.0,243.97,250.78
PTGC.2019.358.20.16.20,PTGC,2019.358.20.16.20,unlabelled,,,,,0,0,0.0,0.0,,,3.4630000591278076,-74.23699951171875,11.99,2.4,4.199,-72.133833,170.0,247.37,250.86
PTGC.2019.358.20.17.51,PTGC,2019.358.20.17.51,unlabelled,,,,,0,0,0.0,0.0,,,3.4089999198913574,-74.16699981689453,18.2,2.0,4.199,-72.133833,170.0,242.14,248.92
PTGC.2019.358.20.19.14,PTGC,2019.358.20.19.14,unlabelled,,,,,0,0,0.0,0.0,,,3.489000082015991,-74.24099731445312,14.34,2.4,4.199,-72.133833,170.0,246.86,251.53
PTGC.2019.358.20.20.57,PTGC,2019.358.20.20.57,unlabelled,,,,,0,0,0.0,0.0,,,3.427000045776367,-74.21499633789062,-0.43,1.5,4.199,-72.133833,170.0,246.42,249.8
PTGC.2019.358.20.23.32,PTGC,2019.358.20.23.32,unlabelled,,,,,0,0,0.0,0.0,,,3.4240000247955322,-74.18499755859375,-0.56,0.7,4.199,-72.133833,170.0,243.42,249.46
PTGC.2019.358.20.26.28,PTGC,2019.358.20.26.28,unlabelled,,,,,0,0,0.0,0.0,,,3.421999931335449,-74.19000244140625,4.18,3.4,4.199,-72.133833,170.0,244.01,249.45
PTGC.2019.358.20.27.31,PTGC,2019.358.20.27.31,unlabelled,,,,,0,0,0.0,0.0,,,3.4210000038146973,-74.20099639892578,3.18,2.9,4.199,-72.133833,170.0,245.2,249.53
PTGC.2019.358.20.27.51,PTGC,2019.358.20.27.51,unlabelled,,,,,0,0,0.0,0.0,,,3.447999954223633,-74.12300109863281,5.0,2.9,4.199,-72.133833,170.0,236.03,249.47
PTGC.2019.358.20.30.09,PTGC,2019.358.20.30.09,unlabelled,,,,,0,0,0.0,0.0,,,3.302000045776367,-74.37999725341797,16.67,0.9,4.199,-72.133833,170.0,268.5,248.4
PTGC.2019.358.20.34.20,PTGC,2019.358.20.34.20,unlabelled,,,,,0,0,0.0,0.0,-1.03,,3.440000057220459,-74.26200103759766,15.98,1.0,4.199,-72.133833,170.0,250.84,250.53
PTGC.2019.358.20.35.37,PTGC,2019.358.20.35.37,unlabelled,,,,,0,0,0.0,0.0,-1.51,-4.82,4.144999980926514,-73.70500183105469,3.79,1.8,4.199,-72.133833,170.0,174.54,268.1
PTGC.2019.358.20.38.17,PTGC,2019.358.20.38.17,unlabelled,,,,,0,0,0.0,0.0,,,3.4779999256134033,-74.18900299072266,-0.03,1.7,4.199,-72.133833,170.0,241.79,250.82
PTGC.2019.358.20.40.21,PTGC,2019.358.20.40.21,unlabelled,,,,,0,0,0.0,0.0,,,3.428999900817871,-74.20099639892578,3.69,2.2,4.199,-72.133833,170.0,244.89,249.72
PTGC.2019.358.20.43.16,PTGC,2019.358.20.43.16,unlabelled,,,,,0,0,0.0,0.0,-1.2,,3.4539999961853027,-74.1989974975586,6.22,1.7,4.199,-72.133833,170.0,243.73,250.32
PTGC.2019.358.20.45.55,PTGC,2019.358.20.45.55,unlabelled,,,,,0,0,0.0,0.0,,,3.38700008392334,-74.29399871826172,25.18,1.3,4.199,-72.133833,170.0,256.19,249.56
PTGC.2019.358.20.46.39,PTGC,2019.358.20.46.39,unlabelled,,,,,0,0,0.0,0.0,,,3.3929998874664307,-74.19200134277344,9.34,2.1,4.199,-72.133833,170.0,245.37,248.77
PTGC.2019.358.20.48.25,PTGC,2019.358.20.48.25,unlabelled,,,,,0,0,0.0,0.0,,,3.4260001182556152,-74.27799987792969,14.92,1.8,4.199,-72.133833,170.0,253.04,250.33
PTGC.2019.358.20.55.04,PTGC,2019.358.20.55.04,unlabelled,,,,,0,0,0.0,0.0,,,3.440000057220459,-74.20800018310547,3.5,1.1,4.199,-72.133833,170.0,245.2,250.05
PTGC.2019.358.20.55.56,PTGC,2019.358.20.55.56,unlabelled,,,,,0,0,0.0,0.0,,,3.4260001182556152,-74.25299835205078,8.77,1.8,4.199,-72.133833,170.0,250.42,250.11
PTGC.2019.358.20.56.13,PTGC,2019.358.20.56.13,unlabelled,,,,,0,0,0.0,0.0,,,3.428999900817871,-74.22000122070312,25.12,2.2,4.199,-72.133833,170.0,246.87,249.9
PTGC.2019.358.21.01.56,PTGC,2019.358.21.01.56,unlabelled,,,,,0,0,0.0,0.0,,,3.4609999656677246,-74.23200225830078,11.52,2.1,4.199,-72.133833,170.0,246.92,250.77
PTGC.2019.358.21.02.34,PTGC,2019.358.21.02.34,unlabelled,,,,,0,0,0.0,0.0,,,3.4489998817443848,-74.22599792480469,3.03,2.1,4.199,-72.133833,170.0,246.74,250.43
PTGC.2019.358.21.03.19,PTGC,2019.358.21.03.19,unlabelled,,,,,0,0,0.0,0.0,,,3.316999912261963,-74.3489990234375,18.44,1.7,4.199,-72.133833,170.0,264.69,248.45
PTGC.2019.358.21.06.45,PTGC,2019.358.21.06.45,unlabelled,,,,,0,0,0.0,0.0,,,3.4509999752044678,-74.21800231933594,2.98,1.8,4.199,-72.133833,170.0,245.83,250.41
PTGC.2019.358.21.08.51,PTGC,2019.358.21.08.51,unlabelled,,,,,0,0,0.0,0.0,,,3.4549999237060547,-74.20899963378906,1.21,1.2,4.199,-72.133833,170.0,244.74,250.43
PTGC.2019.358.21.12.12,PTGC,2019.358.21.12.12,unlabelled,,,,,0,0,0.0,0.0,,,3.496000051498413,-74.2030029296875,6.87,2.1,4.199,-72.133833,170.0,242.61,251.38
PTGC.2019.358.21.14.09,PTGC,2019.358.21.14.09,unlabelled,,,,,0,0,0.0,0.0,,,3.421999931335449,-74.19400024414062,-0.02,1.9,4.199,-72.133833,170.0,244.43,249.49
PTGC.2019.358.21.20.27,PTGC,2019.358.21.20.27,unlabelled,,,,,0,0,0.0,0.0,,,3.4560000896453857,-74.21399688720703,9.94,1.5,4.199,-72.133833,170.0,245.22,250.5
PTGC.2019.358.21.23.32,PTGC,2019.358.21.23.32,unlabelled,,,,,0,0,0.0,0.0,,,3.433000087738037,-74.19599914550781,-0.02,2.7,4.199,-72.133833,170.0,244.21,249.78
PTGC.2019.358.21.27.32,PTGC,2019.358.21.27.32,unlabelled,,,,,0,0,0.0,0.0,,,3.430999994277954,-74.22000122070312,15.31,1.7,4.199,-72.133833,170.0,246.79,249.94
PTGC.2019.358.21.28.21,PTGC,2019.358.21.28.21,unlabelled,,,,,0,0,0.0,0.0,,,3.4709999561309814,-74.23300170898438,0.42,2.0,4.199,-72.133833,170.0,246.66,251.02
PTGC.2019.358.21.29.47,PTGC,2019.358.21.29.47,unlabelled,,,,,0,0,0.0,0.0,,,3.428999900817871,-74.25599670410156,18.32,1.9,4.199,-72.133833,170.0,250.62,250.21
PTGC.2019.358.21.31.33,PTGC,2019.358.21.31.33,unlabelled,,,,,0,0,0.0,0.0,,,3.447999954223633,-74.2490005493164,13.4,1.9,4.199,-72.133833,170.0,249.18,250.61
PTGC.2019.358.21.32.39,PTGC,2019.358.21.32.39,unlabelled,,,,,0,0,0.0,0.0,,,3.4570000171661377,-74.21299743652344,11.76,1.9,4.199,-72.133833,170.0,245.08,250.51
PTGC.2019.358.21.34.55,PTGC,2019.358.21.34.55,unlabelled,,,,,0,0,0.0,0.0,,,3.440000057220459,-74.23699951171875,19.73,1.9,4.199,-72.133833,170.0,248.22,250.31
PTGC.2019.358.21.40.47,PTGC,2019.358.21.40.47,unlabelled,,,,,0,0,0.0,0.0,,,3.438999891281128,-74.19000244140625,2.82,1.8,4.199,-72.133833,170.0,243.36,249.87
PTGC.2019.358.21.47.32,PTGC,2019.358.21.47.32,unlabelled,,,,,0,0,0.0,0.0,,,3.430999994277954,-74.19400024414062,9.41,1.5,4.199,-72.133833,170.0,244.08,249.71
PTGC.2019.358.21.51.24,PTGC,2019.358.21.51.24,unlabelled,,,,,0,0,0.0,0.0,,,3.441999912261963,-74.19599914550781,8.24,1.8,4.199,-72.133833,170.0,243.87,250.0
PTGC.2019.358.21.56.56,PTGC,2019.358.21.56.56,unlabelled,,,,,0,0,0.0,0.0,,,3.427999973297119,-74.23699951171875,0.0,2.5,4.199,-72.133833,170.0,248.68,250.02
PTGC.2019.358.21.58.47,PTGC,2019.358.21.58.47,unlabelled,,,,,0,0,0.0,0.0,,,3.453000068664551,-74.21800231933594,16.21,2.0,4.199,-72.133833,170.0,245.75,250.46
PTGC.2019.358.22.17.26,PTGC,2019.358.22.17.26,unlabelled,,,,,0,0,0.0,0.0,,,3.441999912261963,-74.2229995727539,2.61,1.8,4.199,-72.133833,170.0,246.69,250.24
PTGC.2019.359.12.05.59,PTGC,2019.359.12.05.59,unlabelled,,,,,0,0,0.0,0.0,,,3.4230000972747803,-74.18000030517578,-0.21,1.9,4.199,-72.133833,170.0,242.94,249.39
PTGC.2019.359.12.10.08,PTGC,2019.359.12.10.08,unlabelled,,,,,0,0,0.0,0.0,,,3.424999952316284,-74.18699645996094,4.04,1.9,4.199,-72.133833,170.0,243.58,249.5
PTGC.2019.359.12.12.27,PTGC,2019.359.12.12.27,unlabelled,,,,,0,0,0.0,0.0,,,3.430000066757202,-74.22100067138672,4.01,1.5,4.199,-72.133833,170.0,246.93,249.93
PTGC.2019.359.12.22.03,PTGC,2019.359.12.22.03,unlabelled,,,,,0,0,0.0,0.0,,,3.447000026702881,-74.20600128173828,17.17,1.7,4.199,-72.133833,170.0,244.72,250.21
PTGC.2019.359.12.29.58,PTGC,2019.359.12.29.58,unlabelled,,,,,0,0,0.0,0.0,,,3.4779999256134033,-74.24299621582031,7.09,1.8,4.199,-72.133833,170.0,247.46,251.28
PTGC.2019.359.12.41.07,PTGC,2019.359.12.41.07,unlabelled,,,,,0,0,0.0,0.0,,,3.428999900817871,-74.21399688720703,3.92,1.8,4.199,-72.133833,170.0,246.24,249.84
PTGC.2019.359.12.46.50,PTGC,2019.359.12.46.50,unlabelled,,,,,0,0,0.0,0.0,,,3.4700000286102295,-74.21499633789062,16.74,1.3,4.199,-72.133833,170.0,244.81,250.85
PTGC.2019.359.12.54.38,PTGC,2019.359.12.54.38,unlabelled,,,,,0,0,0.0,0.0,,,3.4519999027252197,-74.20099639892578,3.26,1.2,4.199,-72.133833,170.0,244.01,250.28
PTGC.2019.359.12.56.28,PTGC,2019.359.12.56.28,unlabelled,,,,,0,0,0.0,0.0,,,3.437000036239624,-74.22000122070312,5.19,1.6,4.199,-72.133833,170.0,246.56,250.09
PTGC.2019.359.13.02.42,PTGC,2019.359.13.02.42,unlabelled,,,,,0,0,0.0,0.0,,,3.430000066757202,-74.24700164794922,0.0,1.3,4.199,-72.133833,170.0,249.65,250.16
PTGC.2019.359.13.11.44,PTGC,2019.359.13.11.44,unlabelled,,,,,0,0,0.0,0.0,,,3.444000005722046,-74.22000122070312,13.4,1.6,4.199,-72.133833,170.0,246.3,250.26
PTGC.2019.359.13.13.15,PTGC,2019.359.13.13.15,unlabelled,,,,,0,0,0.0,0.0,,,3.427999973297119,-74.19000244140625,6.5,1.4,4.199,-72.133833,170.0,243.78,249.6
PTGC.2019.359.13.17.47,PTGC,2019.359.13.17.47,unlabelled,,,,,0,0,0.0,0.0,,,3.4149999618530273,-74.18000030517578,3.84,3.3,4.199,-72.133833,170.0,243.25,249.19
PTGC.2019.359.13.25.14,PTGC,2019.359.13.25.14,unlabelled,,,,,0,0,0.0,0.0,,,3.4619998931884766,-74.22100067138672,21.72,1.6,4.199,-72.133833,170.0,245.73,250.7
PTGC.2019.359.13.46.12,PTGC,2019.359.13.46.12,unlabelled,,,,,0,0,0.0,0.0,,,3.424999952316284,-74.27799987792969,4.79,1.5,4.199,-72.133833,170.0,253.07,250.31
PTGC.2019.359.13.48.35,PTGC,2019.359.13.48.35,unlabelled,,,,,0,0,0.0,0.0,,,3.4549999237060547,-74.20600128173828,2.67,1.8,4.199,-72.133833,170.0,244.42,250.4
PTGC.2019.359.13.53.44,PTGC,2019.359.13.53.44,unlabelled,,,,,0,0,0.0,0.0,,,3.3989999294281006,-74.19400024414062,8.48,1.3,4.199,-72.133833,170.0,245.34,248.94
PTGC.2019.359.13.58.03,PTGC,2019.359.13.58.03,unlabelled,,,,,0,0,0.0,0.0,,,3.424999952316284,-74.21199798583984,3.14,1.6,4.199,-72.133833,170.0,246.19,249.73
PTGC.2019.359.14.07.20,PTGC,2019.359.14.07.20,unlabelled,,,,,0,0,0.0,0.0,,,3.443000078201294,-74.19499969482422,0.51,1.4,4.199,-72.133833,170.0,243.73,250.01
PTGC.2019.359.14.19.13,PTGC,2019.359.14.19.13,unlabelled,,,,,0,0,0.0,0.0,,,3.4130001068115234,-74.1780014038086,8.36,0.9,4.199,-72.133833,170.0,243.12,249.12
PTGC.2019.359.14.27.56,PTGC,2019.359.14.27.56,unlabelled,,,,,0,0,0.0,0.0,-4.63,,3.436000108718872,-74.2020034790039,-0.02,1.9,4.199,-72.133833,170.0,244.72,249.9
PTGC.2019.359.14.37.32,PTGC,2019.359.14.37.32,unlabelled,,,,,0,0,0.0,0.0,,,3.4189999103546143,-74.19400024414062,3.68,2.7,4.199,-72.133833,170.0,244.55,249.42
PTGC.2019.359.14.41.17,PTGC,2019.359.14.41.17,unlabelled,,,,,0,0,0.0,0.0,,,3.4560000896453857,-74.18099975585938,1.36,2.1,4.199,-72.133833,170.0,241.77,250.2
PTGC.2019.359.14.44.46,PTGC,2019.359.14.44.46,unlabelled,,,,,0,0,0.0,0.0,,,3.438999891281128,-74.21299743652344,6.48,1.6,4.199,-72.133833,170.0,245.76,250.07
PTGC.2019.359.14.47.23,PTGC,2019.359.14.47.23,unlabelled,,,,,0,0,0.0,0.0,,,3.4149999618530273,-74.17400360107422,3.68,2.5,4.199,-72.133833,170.0,242.63,249.13
PTGC.2019.359.14.54.52,PTGC,2019.359.14.54.52,unlabelled,,,,,0,0,0.0,0.0,,,3.447000026702881,-74.19000244140625,-0.35,1.4,4.199,-72.133833,170.0,243.05,250.06
PTGC.2019.359.14.57.27,PTGC,2019.359.14.57.27,unlabelled,,,,,0,0,0.0,0.0,,,3.5,-74.24700164794922,3.65,2.1,4.199,-72.133833,170.0,247.11,251.85
PTGC.2019.359.15.07.21,PTGC,2019.359.15.07.21,unlabelled,,,,,0,0,0.0,0.0,,,3.4149999618530273,-74.18199920654297,7.24,1.2,4.199,-72.133833,170.0,243.46,249.21
PTGC.2019.359.15.10.13,PTGC,2019.359.15.10.13,unlabelled,,,,,0,0,0.0,0.0,,,3.441999912261963,-74.18199920654297,14.63,1.2,4.199,-72.133833,170.0,242.41,249.87
PTGC.2019.359.15.21.58,PTGC,2019.359.15.21.58,unlabelled,,,,,0,0,0.0,0.0,,,3.444000005722046,-74.18099975585938,1.12,1.2,4.199,-72.133833,170.0,242.23,249.91
PTGC.2019.359.15.40.44,PTGC,2019.359.15.40.44,unlabelled,,,,,0,0,0.0,0.0,,,3.4730000495910645,-74.20099639892578,9.71,1.4,4.199,-72.133833,170.0,243.23,250.8
PTGC.2019.359.15.44.28,PTGC,2019.359.15.44.28,unlabelled,,,,,0,0,0.0,0.0,,,3.4700000286102295,-74.23100280761719,23.56,1.6,4.199,-72.133833,170.0,246.49,250.98
PTGC.2019.359.15.45.46,PTGC,2019.359.15.45.46,unlabelled,,,,,0,0,0.0,0.0,,,3.4509999752044678,-74.19200134277344,7.54,1.2,4.199,-72.133833,170.0,243.11,250.18
PTGC.2019.359.15.52.30,PTGC,2019.359.15.52.30,unlabelled,,,,,0,0,0.0,0.0,,,3.433000087738037,-74.19499969482422,-0.41,0.7,4.199,-72.133833,170.0,244.11,249.77
PTGC.2019.359.15.56.38,PTGC,2019.359.15.56.38,unlabelled,,,,,0,0,0.0,0.0,,,3.447000026702881,-74.22100067138672,13.89,1.7,4.199,-72.133833,170.0,246.29,250.34
PTGC.2019.359.16.09.59,PTGC,2019.359.16.09.59,unlabelled,,,,,0,0,0.0,0.0,,,3.444000005722046,-74.18499755859375,3.74,1.7,4.199,-72.133833,170.0,242.64,249.95
PTGC.2019.359.16.11.20,PTGC,2019.359.16.11.20,unlabelled,,,,,0,0,0.0,0.0,,,3.48799991607666,-74.18800354003906,0.58,1.6,4.199,-72.133833,170.0,241.32,251.06
PTGC.2019.359.16.14.47,PTGC,2019.359.16.14.47,unlabelled,,,,,0,0,0.0,0.0,,,3.4800000190734863,-74.19400024414062,7.07,1.1,4.199,-72.133833,170.0,242.24,250.91
PTGC.2019.359.16.24.50,PTGC,2019.359.16.24.50,unlabelled,,,,,0,0,0.0,0.0,,,3.367000102996826,-74.2040023803711,21.28,1.5,4.199,-72.133833,170.0,247.67,248.26
PTGC.2019.359.16.33.28,PTGC,2019.359.16.33.28,unlabelled,,,,,0,0,0.0,0.0,,,3.4539999961853027,-74.2040023803711,0.25,1.8,4.199,-72.133833,170.0,244.25,250.36
PTGC.2019.359.16.39.09,PTGC,2019.359.16.39.09,unlabelled,,,,,0,0,0.0,0.0,,,3.4130001068115234,-74.20600128173828,8.59,1.2,4.199,-72.133833,170.0,246.03,249.38
PTGC.2019.359.16.53.43,PTGC,2019.359.16.53.43,unlabelled,,,,,0,0,0.0,0.0,,,3.319999933242798,-74.197998046875,22.36,1.5,4.199,-72.133833,170.0,249.04,247.1
PTGC.2019.359.17.06.24,PTGC,2019.359.17.06.24,unlabelled,,,,,0,0,0.0,0.0,,,3.3989999294281006,-74.1729965209961,3.9,1.6,4.199,-72.133833,170.0,243.16,248.74
PTGC.2019.359.17.13.52,PTGC,2019.359.17.13.52,unlabelled,,,,,0,0,0.0,0.0,,,3.431999921798706,-74.22100067138672,4.74,1.6,4.199,-72.133833,170.0,246.86,249.98
PTGC.2019.359.17.53.27,PTGC,2019.359.17.53.27,unlabelled,,,,,0,0,0.0,0.0,,,3.424999952316284,-74.19200134277344,10.12,0.9,4.199,-72.133833,170.0,244.11,249.55
PTGC.2019.359.17.59.43,PTGC,2019.359.17.59.43,unlabelled,,,,,0,0,0.0,0.0,,,3.4600000381469727,-74.20600128173828,12.57,1.3,4.199,-72.133833,170.0,244.24,250.52
PTGC.2019.359.18.08.35,PTGC,2019.359.18.08.35,unlabelled,,,,,0,0,0.0,0.0,,,3.440999984741211,-74.21099853515625,1.62,1.0,4.199,-72.133833,170.0,245.47,250.11
PTGC.2019.359.19.23.07,PTGC,2019.359.19.23.07,unlabelled,,,,,0,0,0.0,0.0,,,3.447000026702881,-74.2030029296875,0.08,1.5,4.199,-72.133833,170.0,244.41,250.18
PTGC.2019.359.19.28.41,PTGC,2019.359.19.28.41,unlabelled,,,,,0,0,0.0,0.0,,,3.4549999237060547,-74.17400360107422,0.0,1.3,4.199,-72.133833,170.0,241.08,250.12
PTGC.2019.359.19.40.31,PTGC,2019.359.19.40.31,unlabelled,,,,,0,0,0.0,0.0,,,3.4700000286102295,-74.20099639892578,1.41,1.3,4.199,-72.133833,170.0,243.34,250.73
PTGC.2019.359.19.51.26,PTGC,2019.359.19.51.26,unlabelled,,,,,0,0,0.0,0.0,,,3.4230000972747803,-74.19200134277344,4.01,2.0,4.199,-72.133833,170.0,244.18,249.5
PTGC.2019.359.19.52.44,PTGC,2019.359.19.52.44,unlabelled,,,,,0,0,0.0,0.0,,,3.4509999752044678,-74.18299865722656,6.43,1.4,4.199,-72.133833,170.0,242.17,250.1
PTGC.2019.359.19.54.50,PTGC,2019.359.19.54.50,unlabelled,,,,,0,0,0.0,0.0,,,3.4200000762939453,-74.19200134277344,-0.02,1.9,4.199,-72.133833,170.0,244.3,249.42
PTGC.2019.360.12.09.09,PTGC,2019.360.12.09.09,unlabelled,,,,,0,0,0.0,0.0,,,3.4630000591278076,-74.19300079345703,4.34,1.7,4.199,-72.133833,170.0,242.76,250.48
PTGC.2019.360.12.09.52,PTGC,2019.360.12.09.52,unlabelled,,,,,0,0,0.0,0.0,,,3.4079999923706055,-74.27100372314453,14.8,1.5,4.199,-72.133833,170.0,252.99,249.85
PTGC.2019.360.12.54.42,PTGC,2019.360.12.54.42,unlabelled,,,,,0,0,0.0,0.0,,,3.437000036239624,-74.23799896240234,2.57,1.7,4.199,-72.133833,170.0,248.44,250.25
PTGC.2019.360.12.57.04,PTGC,2019.360.12.57.04,unlabelled,,,,,0,0,0.0,0.0,,,3.4739999771118164,-74.20800018310547,5.8,1.3,4.199,-72.133833,170.0,243.93,250.88
PTGC.2019.360.13.02.33,PTGC,2019.360.13.02.33,unlabelled,,,,,0,0,0.0,0.0,,,3.437999963760376,-74.20899963378906,6.52,1.4,4.199,-72.133833,170.0,245.38,250.01
PTGC.2019.360.13.04.06,PTGC,2019.360.13.04.06,unlabelled,,,,,0,0,0.0,0.0,,,3.384000062942505,-74.22899627685547,6.95,1.0,4.199,-72.133833,170.0,249.56,248.9
PTGC.2019.360.13.20.06,PTGC,2019.360.13.20.06,unlabelled,,,,,0,0,0.0,0.0,,,3.4619998931884766,-74.19499969482422,1.27,1.4,4.199,-72.133833,170.0,243.01,250.48
PTGC.2019.360.13.24.06,PTGC,2019.360.13.24.06,unlabelled,,,,,0,0,0.0,0.0,,,3.4579999446868896,-74.20800018310547,14.69,1.9,4.199,-72.133833,170.0,244.52,250.49
PTGC.2019.360.13.27.18,PTGC,2019.360.13.27.18,unlabelled,,,,,0,0,0.0,0.0,,,3.424999952316284,-74.2490005493164,13.16,1.5,4.199,-72.133833,170.0,250.04,250.06
PTGC.2019.360.13.52.31,PTGC,2019.360.13.52.31,unlabelled,,,,,0,0,0.0,0.0,,,3.4549999237060547,-74.1780014038086,12.87,1.6,4.199,-72.133833,170.0,241.5,250.15
PTGC.2019.360.14.34.39,PTGC,2019.360.14.34.39,unlabelled,,,,,0,0,0.0,0.0,,,3.4539999961853027,-74.197998046875,4.94,1.8,4.199,-72.133833,170.0,243.62,250.31
PTGC.2019.361.13.35.24,PTGC,2019.361.13.35.24,unlabelled,,,,,0,0,0.0,0.0,,,3.4210000038146973,-74.23200225830078,17.19,1.6,4.199,-72.133833,170.0,248.42,249.81
PTGC.2019.361.13.35.48,PTGC,2019.361.13.35.48,unlabelled,,,,,0,0,0.0,0.0,,,3.375999927520752,-74.30699920654297,0.0,1.6,4.199,-72.133833,170.0,257.97,249.42
PTGC.2019.361.13.55.54,PTGC,2019.361.13.55.54,unlabelled,,,,,0,0,0.0,0.0,,,3.443000078201294,-74.16899871826172,0.03,1.6,4.199,-72.133833,170.0,241.01,249.77
PTGC.2019.361.13.59.10,PTGC,2019.361.13.59.10,unlabelled,,,,,0,0,0.0,0.0,,,3.430999994277954,-74.19400024414062,9.41,1.5,4.199,-72.133833,170.0,244.08,249.71
PTGC.2019.361.14.08.49,PTGC,2019.361.14.08.49,unlabelled,,,,,0,0,0.0,0.0,,,3.4140000343322754,-74.20600128173828,1.06,1.5,4.199,-72.133833,170.0,245.99,249.41
PTGC.2019.361.14.14.10,PTGC,2019.361.14.14.10,unlabelled,,,,,0,0,0.0,0.0,,,3.424999952316284,-74.20600128173828,-1.29,1.5,4.199,-72.133833,170.0,245.56,249.67
PTGC.2019.361.14.16.46,PTGC,2019.361.14.16.46,unlabelled,,,,,0,0,0.0,0.0,,,3.4010000228881836,-74.20700073242188,24.42,1.6,4.199,-72.133833,170.0,246.61,249.1
PTGC.2019.361.14.22.33,PTGC,2019.361.14.22.33,unlabelled,,,,,0,0,0.0,0.0,,,3.430999994277954,-74.20500183105469,3.53,2.0,4.199,-72.133833,170.0,245.23,249.81
PTGC.2019.361.14.24.43,PTGC,2019.361.14.24.43,unlabelled,,,,,0,0,0.0,0.0,,,3.4179999828338623,-74.18499755859375,3.86,1.2,4.199,-72.133833,170.0,243.65,249.31
PTGC.2019.361.14.53.20,PTGC,2019.361.14.53.20,unlabelled,,,,,0,0,0.0,0.0,,,3.430000066757202,-74.18900299072266,8.36,1.7,4.199,-72.133833,170.0,243.6,249.64
PTGC.2019.361.14.56.59,PTGC,2019.361.14.56.59,unlabelled,,,,,0,0,0.0,0.0,,,3.3929998874664307,-74.20099639892578,21.73,1.5,4.199,-72.133833,170.0,246.3,248.86
PTGC.2019.361.14.58.16,PTGC,2019.361.14.58.16,unlabelled,,,,,0,0,0.0,0.0,,,5.25600004196167,-73.0510025024414,20.38,1.6,4.199,-72.133833,170.0,154.97,319.0
PTGC.2019.361.16.23.48,PTGC,2019.361.16.23.48,unlabelled,,,,,0,0,0.0,0.0,,,3.430999994277954,-74.23899841308594,0.02,1.8,4.199,-72.133833,170.0,248.77,250.11
PTGC.2019.361.16.34.35,PTGC,2019.361.16.34.35,unlabelled,,,,,0,0,0.0,0.0,,,3.4260001182556152,-74.21800231933594,19.4,1.7,4.199,-72.133833,170.0,246.77,249.81
PTGC.2019.361.17.00.10,PTGC,2019.361.17.00.10,unlabelled,,,,,0,0,0.0,0.0,,,3.4030001163482666,-74.18399810791016,0.06,2.0,4.199,-72.133833,170.0,244.14,248.94
PTGC.2019.361.17.03.17,PTGC,2019.361.17.03.17,unlabelled,,,,,0,0,0.0,0.0,,,3.385999917984009,-74.23100280761719,3.41,1.5,4.199,-72.133833,170.0,249.69,248.97
PTGC.2019.361.17.34.25,PTGC,2019.361.17.34.25,unlabelled,,,,,0,0,0.0,0.0,,,3.3889999389648438,-74.2249984741211,4.44,1.5,4.199,-72.133833,170.0,248.95,248.98
PTGC.2019.361.17.35.41,PTGC,2019.361.17.35.41,unlabelled,,,,,0,0,0.0,0.0,,,3.4000000953674316,-74.2300033569336,0.0,1.5,4.199,-72.133833,170.0,249.03,249.29
PTGC.2019.361.18.15.12,PTGC,2019.361.18.15.12,unlabelled,,,,,0,0,0.0,0.0,,,3.436000108718872,-74.22200012207031,3.82,2.3,4.199,-72.133833,170.0,246.81,250.08
PTGC.2019.361.18.41.13,PTGC,2019.361.18.41.13,unlabelled,,,,,0,0,0.0,0.0,,,3.4560000896453857,-74.22200012207031,3.5,1.7,4.199,-72.133833,170.0,246.06,250.57
PTGC.2019.361.18.44.20,PTGC,2019.361.18.44.20,unlabelled,,,,,0,0,0.0,0.0,,,3.444000005722046,-74.20099639892578,10.64,1.9,4.199,-72.133833,170.0,244.31,250.09
PTGC.2019.361.18.54.49,PTGC,2019.361.18.54.49,unlabelled,,,,,0,0,0.0,0.0,,,3.4000000953674316,-74.1520004272461,3.3,1.6,4.199,-72.133833,170.0,240.95,248.56
PTGC.2019.361.18.55.54,PTGC,2019.361.18.55.54,unlabelled,,,,,0,0,0.0,0.0,,,3.4010000228881836,-74.23100280761719,4.1,1.5,4.199,-72.133833,170.0,249.1,249.32
PTGC.2019.361.19.03.57,PTGC,2019.361.19.03.57,unlabelled,,,,,0,0,0.0,0.0,,,3.4130001068115234,-74.19599914550781,3.68,1.7,4.199,-72.133833,170.0,244.99,249.29
PTGC.2019.361.19.12.18,PTGC,2019.361.19.12.18,unlabelled,,,,,0,0,0.0,0.0,,,3.434000015258789,-74.21600341796875,1.69,2.1,4.199,-72.133833,170.0,246.26,249.98
PTGC.2019.361.19.31.10,PTGC,2019.361.19.31.10,unlabelled,,,,,0,0,0.0,0.0,,,3.4079999923706055,-74.22100067138672,5.79,1.5,4.199,-72.133833,170.0,247.78,249.4
PTGC.2019.361.19.40.25,PTGC,2019.361.19.40.25,unlabelled,,,,,0,0,0.0,0.0,,,3.4670000076293945,-74.22799682617188,2.35,1.6,4.199,-72.133833,170.0,246.28,250.88
PTGC.2019.361.20.12.45,PTGC,2019.361.20.12.45,unlabelled,,,,,0,0,0.0,0.0,,,3.4240000247955322,-74.19499969482422,2.78,1.9,4.199,-72.133833,170.0,244.46,249.55
PTGC.2019.361.20.47.04,PTGC,2019.361.20.47.04,unlabelled,,,,,0,0,0.0,0.0,,,3.437000036239624,-74.2040023803711,-0.02,1.9,4.199,-72.133833,170.0,244.89,249.95
PTGC.2019.361.21.17.38,PTGC,2019.361.21.17.38,unlabelled,,,,,0,0,0.0,0.0,,,3.3980000019073486,-74.2229995727539,3.81,1.5,4.199,-72.133833,170.0,248.38,249.18
PTGC.2019.362.12.46.46,PTGC,2019.362.12.46.46,unlabelled,,,,,0,0,0.0,0.0,,,3.4649999141693115,-74.23500061035156,13.4,1.7,4.199,-72.133833,170.0,247.09,250.9
PTGC.2019.362.13.43.47,PTGC,2019.362.13.43.47,unlabelled,,,,,0,0,0.0,0.0,,,3.4560000896453857,-74.20899963378906,12.51,1.6,4.199,-72.133833,170.0,244.7,250.45
PTGC.2019.362.13.49.00,PTGC,2019.362.13.49.00,unlabelled,,,,,0,0,0.0,0.0,,,3.427000045776367,-74.20899963378906,-0.02,2.1,4.199,-72.133833,170.0,245.8,249.75
PTGC.2019.362.14.32.05,PTGC,2019.362.14.32.05,unlabelled,,,,,0,0,0.0,0.0,,,3.4170000553131104,-74.2509994506836,23.33,1.6,4.199,-72.133833,170.0,250.56,249.88
PTGC.2019.362.14.34.07,PTGC,2019.362.14.34.07,unlabelled,,,,,0,0,0.0,0.0,,,3.4560000896453857,-74.21900177001953,0.45,2.5,4.199,-72.133833,170.0,245.75,250.54
PTGC.2019.362.16.03.15,PTGC,2019.362.16.03.15,unlabelled,,,,,0,0,0.0,0.0,,,3.430999994277954,-74.21600341796875,14.07,1.8,4.199,-72.133833,170.0,246.37,249.91
PTGC.2019.362.16.29.24,PTGC,2019.362.16.29.24,unlabelled,,,,,0,0,0.0,0.0,,,3.49399995803833,-74.2040023803711,0.0,1.6,4.199,-72.133833,170.0,242.79,251.34
PTGC.2019.362.17.05.29,PTGC,2019.362.17.05.29,unlabelled,,,,,0,0,0.0,0.0,,,3.434000015258789,-74.19000244140625,8.18,1.6,4.199,-72.133833,170.0,243.55,249.75
PTGC.2019.362.18.03.14,PTGC,2019.362.18.03.14,unlabelled,,,,,0,0,0.0,0.0,,,3.434000015258789,-74.19200134277344,1.84,1.8,4.199,-72.133833,170.0,243.76,249.76
PTGC.2019.362.18.04.40,PTGC,2019.362.18.04.40,unlabelled,,,,,0,0,0.0,0.0,,,3.4579999446868896,-74.2030029296875,11.56,1.5,4.199,-72.133833,170.0,244.0,250.45
PTGC.2019.362.18.44.57,PTGC,2019.362.18.44.57,unlabelled,,,,,0,0,0.0,0.0,,,3.4000000953674316,-74.22000122070312,8.56,1.5,4.199,-72.133833,170.0,247.99,249.2
PTGC.2019.362.20.17.43,PTGC,2019.362.20.17.43,unlabelled,,,,,0,0,0.0,0.0,,,3.447999954223633,-74.18900299072266,10.53,2.3,4.199,-72.133833,170.0,242.91,250.08
PTGC.2019.363.14.13.40,PTGC,2019.363.14.13.40,unlabelled,,,,,0,0,0.0,0.0,,,3.453000068664551,-74.21900177001953,2.72,2.0,4.199,-72.133833,170.0,245.86,250.47
PTGC.2019.363.14.24.07,PTGC,2019.363.14.24.07,unlabelled,,,,,0,0,0.0,0.0,,,3.430000066757202,-74.23500061035156,19.33,1.6,4.199,-72.133833,170.0,248.39,250.05
PTGC.2019.363.15.34.20,PTGC,2019.363.15.34.20,unlabelled,,,,,0,0,0.0,0.0,,,3.430999994277954,-74.19000244140625,3.52,1.1,4.199,-72.133833,170.0,243.66,249.67
PTGC.2019.363.18.06.40,PTGC,2019.363.18.06.40,unlabelled,,,,,0,0,0.0,0.0,,,3.4179999828338623,-74.24600219726562,24.16,1.5,4.199,-72.133833,170.0,250.0,249.86
PTGC.2019.363.18.39.50,PTGC,2019.363.18.39.50,unlabelled,,,,,0,0,0.0,0.0,,,3.4159998893737793,-74.20099639892578,3.93,1.8,4.199,-72.133833,170.0,245.39,249.41
PTGC.2019.363.19.25.37,PTGC,2019.363.19.25.37,unlabelled,,,,,0,0,0.0,0.0,,,3.440000057220459,-74.21600341796875,0.0,2.8,4.199,-72.133833,170.0,246.03,250.13
PTGC.2019.363.20.30.19,PTGC,2019.363.20.30.19,unlabelled,,,,,0,0,0.0,0.0,,,3.4189999103546143,-74.19999694824219,0.22,1.8,4.199,-72.133833,170.0,245.17,249.47
PTGC.2019.363.21.40.43,PTGC,2019.363.21.40.43,unlabelled,,,,,0,0,0.0,0.0,,,3.4630000591278076,-74.21600341796875,9.94,1.9,4.199,-72.133833,170.0,245.17,250.68
PTGC.2019.364.14.04.19,PTGC,2019.364.14.04.19,unlabelled,,,,,0,0,0.0,0.0,,,3.433000087738037,-74.17500305175781,8.74,1.2,4.199,-72.133833,170.0,242.03,249.58
PTGC.2019.364.14.05.22,PTGC,2019.364.14.05.22,unlabelled,,,,,0,0,0.0,0.0,,,3.437000036239624,-74.2040023803711,-0.02,1.9,4.199,-72.133833,170.0,244.89,249.95
PTGC.2019.364.14.53.58,PTGC,2019.364.14.53.58,unlabelled,,,,,0,0,0.0,0.0,,,3.4230000972747803,-74.19599914550781,8.48,1.1,4.199,-72.133833,170.0,244.6,249.53
PTGC.2019.364.15.07.00,PTGC,2019.364.15.07.00,unlabelled,,,,,0,0,0.0,0.0,,,3.4570000171661377,-74.22799682617188,0.0,2.2,4.199,-72.133833,170.0,246.65,250.64
PTGC.2019.364.15.30.16,PTGC,2019.364.15.30.16,unlabelled,,,,,0,0,0.0,0.0,,,3.443000078201294,-74.21900177001953,11.99,1.2,4.199,-72.133833,170.0,246.23,250.22
PTGC.2019.364.15.39.35,PTGC,2019.364.15.39.35,unlabelled,,,,,0,0,0.0,0.0,,,3.4230000972747803,-74.21399688720703,14.39,1.6,4.199,-72.133833,170.0,246.47,249.7
PTGC.2019.364.16.53.03,PTGC,2019.364.16.53.03,unlabelled,,,,,0,0,0.0,0.0,,,3.433000087738037,-74.19599914550781,-0.02,2.7,4.199,-72.133833,170.0,244.21,249.78
PTGC.2019.364.19.28.49,PTGC,2019.364.19.28.49,unlabelled,,,,,0,0,0.0,0.0,,,3.4730000495910645,-74.26499938964844,27.18,1.6,4.199,-72.133833,170.0,249.95,251.34
PTGC.2019.364.21.25.47,PTGC,2019.364.21.25.47,unlabelled,,,,,0,0,0.0,0.0,,,3.4059998989105225,-74.2300033569336,0.82,1.5,4.199,-72.133833,170.0,248.8,249.43
PTGC.2019.365.12.21.44,PTGC,2019.365.12.21.44,unlabelled,,,,,0,0,0.0,0.0,,,3.4649999141693115,-74.20600128173828,9.68,1.5,4.199,-72.133833,170.0,244.05,250.65
PTGC.2019.365.13.07.36,PTGC,2019.365.13.07.36,unlabelled,,,,,0,0,0.0,0.0,,,3.381999969482422,-74.21299743652344,2.29,1.5,4.199,-72.133833,170.0,247.99,248.71
PTGC.2019.365.13.53.37,PTGC,2019.365.13.53.37,unlabelled,,,,,0,0,0.0,0.0,,,3.4719998836517334,-74.21099853515625,12.7,1.2,4.199,-72.133833,170.0,244.32,250.86
PTGC.2019.365.14.20.56,PTGC,2019.365.14.20.56,unlabelled,,,,,0,0,0.0,0.0,,,3.4110000133514404,-74.21099853515625,3.74,1.5,4.199,-72.133833,170.0,246.63,249.38
PTGC.2019.365.16.13.37,PTGC,2019.365.16.13.37,unlabelled,,,,,0,0,0.0,0.0,,,3.3989999294281006,-74.17900085449219,10.02,1.5,4.199,-72.133833,170.0,243.79,248.79
PTGC.2019.365.16.34.34,PTGC,2019.365.16.34.34,unlabelled,,,,,0,0,0.0,0.0,,,3.4760000705718994,-74.20099639892578,6.37,1.2,4.199,-72.133833,170.0,243.12,250.87
PTGC.2019.365.17.27.32,PTGC,2019.365.17.27.32,unlabelled,,,,,0,0,0.0,0.0,,,6.433000087738037,-73.73699951171875,6.72,1.5,4.199,-72.133833,170.0,304.31,324.34
PTGC.2019.365.18.04.02,PTGC,2019.365.18.04.02,unlabelled,,,,,0,0,0.0,0.0,,,3.4110000133514404,-74.20500183105469,19.76,1.6,4.199,-72.133833,170.0,246.0,249.33
PTGC.2019.365.19.20.39,PTGC,2019.365.19.20.39,unlabelled,,,,,0,0,0.0,0.0,,,3.434000015258789,-74.19599914550781,2.33,2.1,4.199,-72.133833,170.0,244.17,249.8
PTGC.2019.365.20.36.46,PTGC,2019.365.20.36.46,unlabelled,,,,,0,0,0.0,0.0,,,3.4040000438690186,-74.2030029296875,20.07,1.6,4.199,-72.133833,170.0,246.07,249.14
PTGC.2019.365.20.58.04,PTGC,2019.365.20.58.04,unlabelled,,,,,0,0,0.0,0.0,,,3.4149999618530273,-74.2509994506836,24.08,1.8,4.199,-72.133833,170.0,250.63,249.84
PTGC.2019.365.21.08.30,PTGC,2019.365.21.08.30,unlabelled,,,,,0,0,0.0,0.0,,,3.427000045776367,-74.20099639892578,17.93,1.5,4.199,-72.133833,170.0,244.96,249.68
PTGC.2019.365.22.03.41,PTGC,2019.365.22.03.41,unlabelled,,,,,0,0,0.0,0.0,,,3.4170000553131104,-74.21800231933594,25.0,1.2,4.199,-72.133833,170.0,247.12,249.59
PTGC.2020.001.12.15.26,PTGC,2020.001.12.15.26,unlabelled,,,,,0,0,0.0,0.0,,,3.4630000591278076,-74.20500183105469,3.53,1.5,4.199,-72.133833,170.0,244.02,250.59
PTGC.2020.001.15.43.45,PTGC,2020.001.15.43.45,unlabelled,,,,,0,0,0.0,0.0,,,3.2960000038146973,-74.16600036621094,31.32,1.5,4.199,-72.133833,170.0,246.84,246.21
PTGC.2020.001.15.47.57,PTGC,2020.001.15.47.57,unlabelled,,,,,0,0,0.0,0.0,,,3.4019999504089355,-74.18800354003906,50.07,1.2,4.199,-72.133833,170.0,244.6,248.95
PTGC.2020.001.17.23.22,PTGC,2020.001.17.23.22,unlabelled,,,,,0,0,0.0,0.0,,,3.4189999103546143,-74.1989974975586,-0.02,1.7,4.199,-72.133833,170.0,245.07,249.46
PTGC.2020.001.19.17.13,PTGC,2020.001.19.17.13,unlabelled,,,,,0,0,0.0,0.0,,,3.427000045776367,-74.18399810791016,-0.02,2.2,4.199,-72.133833,170.0,243.2,249.52
PTGC.2020.002.14.51.07,PTGC,2020.002.14.51.07,unlabelled,,,,,0,0,0.0,0.0,,,3.440999984741211,-74.1969985961914,-0.1,2.1,4.199,-72.133833,170.0,244.01,249.98
PTGC.2020.002.16.02.10,PTGC,2020.002.16.02.10,unlabelled,,,,,0,0,0.0,0.0,,,3.4149999618530273,-74.20700073242188,11.85,1.8,4.199,-72.133833,170.0,246.05,249.44
PTGC.2020.002.17.18.30,PTGC,2020.002.17.18.30,unlabelled,,,,,0,0,0.0,0.0,,,3.502000093460083,-74.20600128173828,-0.1,2.0,4.199,-72.133833,170.0,242.72,251.56
PTGC.2020.002.21.36.30,PTGC,2020.002.21.36.30,unlabelled,,,,,0,0,0.0,0.0,,,3.4240000247955322,-74.24600219726562,18.9,1.8,4.199,-72.133833,170.0,249.77,250.01
PTGC.2020.003.15.38.35,PTGC,2020.003.15.38.35,unlabelled,,,,,0,0,0.0,0.0,,,3.427999973297119,-74.2239990234375,-0.02,1.7,4.199,-72.133833,170.0,247.32,249.91
PTGC.2020.003.17.30.38,PTGC,2020.003.17.30.38,unlabelled,,,,,0,0,0.0,0.0,,,3.434999942779541,-74.23899841308594,20.34,1.7,4.199,-72.133833,170.0,248.62,250.21
PTGC.2020.003.17.38.43,PTGC,2020.003.17.38.43,unlabelled,,,,,0,0,0.0,0.0,,,3.4210000038146973,-74.21700286865234,-0.02,2.8,4.199,-72.133833,170.0,246.86,249.68
PTGC.2020.003.17.43.46,PTGC,2020.003.17.43.46,unlabelled,,,,,0,0,0.0,0.0,,,3.4600000381469727,-74.17500305175781,9.34,1.9,4.199,-72.133833,170.0,240.99,250.25
PTGC.2020.003.17.58.45,PTGC,2020.003.17.58.45,unlabelled,,,,,0,0,0.0,0.0,,,3.4539999961853027,-74.1989974975586,6.22,1.7,4.199,-72.133833,170.0,243.73,250.32
PTGC.2020.003.18.10.12,PTGC,2020.003.18.10.12,unlabelled,,,,,0,0,0.0,0.0,,,3.311000108718872,-74.197998046875,32.54,1.5,4.199,-72.133833,170.0,249.43,246.89
PTGC.2020.003.19.32.42,PTGC,2020.003.19.32.42,unlabelled,,,,,0,0,0.0,0.0,,,3.447999954223633,-74.20800018310547,24.51,1.1,4.199,-72.133833,170.0,244.89,250.25
PTGC.2020.003.20.24.30,PTGC,2020.003.20.24.30,unlabelled,,,,,0,0,0.0,0.0,,,5.295000076293945,-74.28500366210938,34.48,1.6,4.199,-72.133833,170.0,267.66,297.01
PTGC.2020.004.11.55.46,PTGC,2020.004.11.55.46,unlabelled,,,,,0,0,0.0,0.0,,,3.447999954223633,-74.21800231933594,11.05,1.6,4.199,-72.133833,170.0,245.94,250.34
PTGC.2020.004.12.21.49,PTGC,2020.004.12.21.49,unlabelled,,,,,0,0,0.0,0.0,,,3.421999931335449,-74.18099975585938,13.84,1.8,4.199,-72.133833,170.0,243.08,249.37
PTGC.2020.004.15.44.43,PTGC,2020.004.15.44.43,unlabelled,,,,,0,0,0.0,0.0,,,3.433000087738037,-74.22599792480469,12.35,1.5,4.199,-72.133833,170.0,247.34,250.05
PTGC.2020.004.16.32.25,PTGC,2020.004.16.32.25,unlabelled,,,,,0,0,0.0,0.0,,,6.105000019073486,-72.39700317382812,-0.04,1.6,4.199,-72.133833,170.0,212.78,352.13
PTGC.2020.004.16.43.43,PTGC,2020.004.16.43.43,unlabelled,,,,,0,0,0.0,0.0,,,3.3399999141693115,-74.22000122070312,35.13,1.5,4.199,-72.133833,170.0,250.44,247.78
PTGC.2020.004.19.08.30,PTGC,2020.004.19.08.30,unlabelled,,,,,0,0,0.0,0.0,,,3.4489998817443848,-74.20500183105469,25.72,1.5,4.199,-72.133833,170.0,244.54,250.25
PTGC.2020.004.19.12.32,PTGC,2020.004.19.12.32,unlabelled,,,,,0,0,0.0,0.0,,,3.450000047683716,-74.21499633789062,24.59,1.6,4.199,-72.133833,170.0,245.55,250.36
PTGC.2020.004.20.09.35,PTGC,2020.004.20.09.35,unlabelled,,,,,0,0,0.0,0.0,,,3.427999973297119,-74.21399688720703,6.15,1.6,4.199,-72.133833,170.0,246.28,249.82
PTGC.2020.004.20.10.19,PTGC,2020.004.20.10.19,unlabelled,,,,,0,0,0.0,0.0,,,3.430999994277954,-74.197998046875,0.0,1.9,4.199,-72.133833,170.0,244.5,249.75
PTGC.2020.004.21.50.52,PTGC,2020.004.21.50.52,unlabelled,,,,,0,0,0.0,0.0,,,3.371999979019165,-74.197998046875,4.84,0.8,4.199,-72.133833,170.0,246.85,248.33
PTGC.2020.004.22.28.59,PTGC,2020.004.22.28.59,unlabelled,,,,,0,0,0.0,0.0,,,3.4790000915527344,-74.19000244140625,16.0,1.9,4.199,-72.133833,170.0,241.86,250.85
PTGC.2020.005.12.39.46,PTGC,2020.005.12.39.46,unlabelled,,,,,0,0,0.0,0.0,,,3.3429999351501465,-74.27400207519531,34.17,1.5,4.199,-72.133833,170.0,255.88,248.36
PTGC.2020.005.13.04.57,PTGC,2020.005.13.04.57,unlabelled,,,,,0,0,0.0,0.0,,,3.436000108718872,-74.1969985961914,10.53,1.6,4.199,-72.133833,170.0,244.2,249.86
PTGC.2020.005.14.34.22,PTGC,2020.005.14.34.22,unlabelled,,,,,0,0,0.0,0.0,,,3.444000005722046,-74.20800018310547,1.3,2.2,4.199,-72.133833,170.0,245.04,250.15
PTGC.2020.006.13.48.45,PTGC,2020.006.13.48.45,unlabelled,,,,,0,0,0.0,0.0,,,3.441999912261963,-74.16899871826172,3.88,2.3,4.199,-72.133833,170.0,241.05,249.75
PTGC.2020.007.12.35.54,PTGC,2020.007.12.35.54,unlabelled,,,,,0,0,0.0,0.0,,,3.4000000953674316,-74.19000244140625,2.7,2.7,4.199,-72.133833,170.0,244.88,248.92
PTGC.2020.007.12.46.21,PTGC,2020.007.12.46.21,unlabelled,,,,,0,0,0.0,0.0,,,3.4639999866485596,-74.16799926757812,7.34,1.9,4.199,-72.133833,170.0,240.11,250.29
PTGC.2020.007.13.24.09,PTGC,2020.007.13.24.09,unlabelled,,,,,0,0,0.0,0.0,,,3.38700008392334,-74.19000244140625,2.22,1.5,4.199,-72.133833,170.0,245.41,248.61
PTGC.2020.007.13.36.14,PTGC,2020.007.13.36.14,unlabelled,,,,,0,0,0.0,0.0,,,3.4170000553131104,-74.19300079345703,18.09,2.4,4.199,-72.133833,170.0,244.52,249.36
PTGC.2020.008.14.48.36,PTGC,2020.008.14.48.36,unlabelled,,,,,0,0,0.0,0.0,,,3.4570000171661377,-74.21700286865234,-0.05,1.6,4.199,-72.133833,170.0,245.5,250.55
PTGC.2020.008.15.01.29,PTGC,2020.008.15.01.29,unlabelled,,,,,0,0,0.0,0.0,,,3.4790000915527344,-74.22000122070312,3.61,1.6,4.199,-72.133833,170.0,245.01,251.11
PTGC.2020.008.18.00.29,PTGC,2020.008.18.00.29,unlabelled,,,,,0,0,0.0,0.0,,,3.4230000972747803,-74.19999694824219,3.64,2.4,4.199,-72.133833,170.0,245.01,249.57
PTGC.2020.008.18.41.48,PTGC,2020.008.18.41.48,unlabelled,,,,,0,0,0.0,0.0,,,3.3910000324249268,-74.15299987792969,0.01,2.2,4.199,-72.133833,170.0,241.42,248.35
PTGC.2020.008.18.52.17,PTGC,2020.008.18.52.17,unlabelled,,,,,0,0,0.0,0.0,,,3.5399999618530273,-74.25900268554688,3.68,1.7,4.199,-72.133833,170.0,247.03,252.92
PTGC.2020.009.14.46.58,PTGC,2020.009.14.46.58,unlabelled,,,,,0,0,0.0,0.0,,,3.434000015258789,-74.1709976196289,3.37,2.0,4.199,-72.133833,170.0,241.57,249.57
PTGC.2020.009.16.14.28,PTGC,2020.009.16.14.28,unlabelled,,,,,0,0,0.0,0.0,,,3.4240000247955322,-74.25499725341797,-0.02,2.5,4.199,-72.133833,170.0,250.71,250.08
PTGC.2020.009.17.14.36,PTGC,2020.009.17.14.36,unlabelled,,,,,0,0,0.0,0.0,,,3.382999897003174,-74.74500274658203,11.55,1.6,4.199,-72.133833,170.0,303.75,252.81
PTGC.2020.009.18.40.40,PTGC,2020.009.18.40.40,unlabelled,,,,,0,0,0.0,0.0,,,3.430999994277954,-74.19400024414062,9.41,1.5,4.199,-72.133833,170.0,244.08,249.71
PTGC.2020.009.19.34.10,PTGC,2020.009.19.34.10,unlabelled,,,,,0,0,0.0,0.0,,,3.4030001163482666,-74.18000030517578,2.11,2.1,4.199,-72.133833,170.0,243.73,248.9
PTGC.2020.010.12.22.37,PTGC,2020.010.12.22.37,unlabelled,,,,,0,0,0.0,0.0,,,3.440999984741211,-74.23400115966797,25.46,2.0,4.199,-72.133833,170.0,247.87,250.31
PTGC.2020.010.16.42.17,PTGC,2020.010.16.42.17,unlabelled,,,,,0,0,0.0,0.0,,,3.4200000762939453,-74.21199798583984,4.41,1.6,4.199,-72.133833,170.0,246.38,249.61
PTGC.2020.010.19.36.59,PTGC,2020.010.19.36.59,unlabelled,,,,,0,0,0.0,0.0,,,3.4619998931884766,-74.18000030517578,4.07,1.8,4.199,-72.133833,170.0,241.44,250.34
PTGC.2020.011.15.08.08,PTGC,2020.011.15.08.08,unlabelled,,,,,0,0,0.0,0.0,,,3.437000036239624,-74.22100067138672,2.9,2.3,4.199,-72.133833,170.0,246.67,250.1
PTGC.2020.011.15.55.35,PTGC,2020.011.15.55.35,unlabelled,,,,,0,0,0.0,0.0,,,3.4679999351501465,-74.27300262451172,19.38,3.2,4.199,-72.133833,170.0,250.97,251.29
PTGC.2020.012.15.05.18,PTGC,2020.012.15.05.18,unlabelled,,,,,0,0,0.0,0.0,,,3.434000015258789,-74.20700073242188,10.79,1.5,4.199,-72.133833,170.0,245.32,249.9
PTGC.2020.012.16.19.48,PTGC,2020.012.16.19.48,unlabelled,,,,,0,0,0.0,0.0,,,3.440000057220459,-74.2020034790039,13.01,1.5,4.199,-72.133833,170.0,244.57,250.0
PTGC.2020.012.16.56.50,PTGC,2020.012.16.56.50,unlabelled,,,,,0,0,0.0,0.0,,,3.375999927520752,-74.14700317382812,4.38,1.6,4.199,-72.133833,170.0,241.43,247.92
PTGC.2020.012.18.25.11,PTGC,2020.012.18.25.11,unlabelled,,,,,0,0,0.0,0.0,,,3.4549999237060547,-74.22899627685547,4.09,1.8,4.199,-72.133833,170.0,246.83,250.6
PTGC.2020.013.12.59.14,PTGC,2020.013.12.59.14,unlabelled,,,,,0,0,0.0,0.0,,,3.2960000038146973,-74.13899993896484,29.73,1.5,4.199,-72.133833,170.0,244.1,245.92
PTGC.2020.013.13.49.45,PTGC,2020.013.13.49.45,unlabelled,,,,,0,0,0.0,0.0,,,3.3959999084472656,-74.19999694824219,2.55,1.5,4.199,-72.133833,170.0,246.08,248.92
PTGC.2020.013.17.12.55,PTGC,2020.013.17.12.55,unlabelled,,,,,0,0,0.0,0.0,,,3.4570000171661377,-74.23500061035156,0.03,2.1,4.199,-72.133833,170.0,247.38,250.7
PTGC.2020.013.17.22.58,PTGC,2020.013.17.22.58,unlabelled,,,,,0,0,0.0,0.0,,,3.3910000324249268,-74.20800018310547,23.79,1.6,4.199,-72.133833,170.0,247.11,248.87
PTGC.2020.013.17.48.06,PTGC,2020.013.17.48.06,unlabelled,,,,,0,0,0.0,0.0,,,3.428999900817871,-74.22200012207031,2.84,1.5,4.199,-72.133833,170.0,247.08,249.91
PTGC.2020.013.19.37.56,PTGC,2020.013.19.37.56,unlabelled,,,,,0,0,0.0,0.0,,,3.3929998874664307,-74.18900299072266,-0.1,2.4,4.199,-72.133833,170.0,245.06,248.74
PTGC.2020.014.12.43.29,PTGC,2020.014.12.43.29,unlabelled,,,,,0,0,0.0,0.0,,,3.4040000438690186,-74.19200134277344,26.21,1.5,4.199,-72.133833,170.0,244.93,249.04
PTGC.2020.014.13.42.47,PTGC,2020.014.13.42.47,unlabelled,,,,,0,0,0.0,0.0,,,3.2820000648498535,-74.16200256347656,31.28,1.7,4.199,-72.133833,170.0,247.06,245.84
PTGC.2020.015.17.02.43,PTGC,2020.015.17.02.43,unlabelled,,,,,0,0,0.0,0.0,,,3.4140000343322754,-74.21800231933594,2.99,2.1,4.199,-72.133833,170.0,247.24,249.52
PTGC.2020.016.17.10.18,PTGC,2020.016.17.10.18,unlabelled,,,,,0,0,0.0,0.0,,,3.4619998931884766,-74.18599700927734,8.18,1.0,4.199,-72.133833,170.0,242.07,250.4
PTGC.2020.016.21.58.51,PTGC,2020.016.21.58.51,unlabelled,,,,,0,0,0.0,0.0,,,3.437000036239624,-74.26599884033203,1.13,1.9,4.199,-72.133833,170.0,251.37,250.49
PTGC.2020.018.14.22.06,PTGC,2020.018.14.22.06,unlabelled,,,,,0,0,0.0,0.0,,,3.4749999046325684,-74.21600341796875,-1.59,1.5,4.199,-72.133833,170.0,244.73,250.98
PTGC.2020.018.15.58.44,PTGC,2020.018.15.58.44,unlabelled,,,,,0,0,0.0,0.0,,,3.440999984741211,-74.21499633789062,3.92,1.5,4.199,-72.133833,170.0,245.89,250.14
PTGC.2020.019.14.00.57,PTGC,2020.019.14.00.57,unlabelled,,,,,0,0,0.0,0.0,,,3.8580000400543213,-75.0479965209961,4.22,1.6,4.199,-72.133833,170.0,325.8,263.46
PTGC.2020.019.17.03.12,PTGC,2020.019.17.03.12,unlabelled,,,,,0,0,0.0,0.0,,,6.934000015258789,-72.01499938964844,23.98,1.9,4.199,-72.133833,170.0,302.74,2.49
PTGC.2020.019.19.47.22,PTGC,2020.019.19.47.22,unlabelled,,,,,0,0,0.0,0.0,,,3.431999921798706,-74.20999908447266,3.74,1.8,4.199,-72.133833,170.0,245.71,249.88
PTGC.2020.021.19.32.19,PTGC,2020.021.19.32.19,unlabelled,,,,,0,0,0.0,0.0,,,3.437000036239624,-74.23699951171875,6.93,2.1,4.199,-72.133833,170.0,248.34,250.24
PTGC.2020.022.18.54.33,PTGC,2020.022.18.54.33,unlabelled,,,,,0,0,0.0,0.0,,,3.3959999084472656,-74.18199920654297,0.61,2.1,4.199,-72.133833,170.0,244.22,248.75
PTGC.2020.022.20.59.48,PTGC,2020.022.20.59.48,unlabelled,,,,,0,0,0.0,0.0,,,6.057000160217285,-74.28900146484375,9.73,1.5,4.199,-72.133833,170.0,315.14,310.78
PTGC.2020.022.21.17.02,PTGC,2020.022.21.17.02,unlabelled,,,,,0,0,0.0,0.0,,,3.3889999389648438,-74.2040023803711,4.48,1.5,4.199,-72.133833,170.0,246.78,248.79
PTGC.2020.023.12.52.07,PTGC,2020.023.12.52.07,unlabelled,,,,,0,0,0.0,0.0,,,3.441999912261963,-74.18199920654297,14.63,1.2,4.199,-72.133833,170.0,242.41,249.87
PTGC.2020.023.17.53.04,PTGC,2020.023.17.53.04,unlabelled,,,,,0,0,0.0,0.0,,,3.4609999656677246,-74.18299865722656,8.89,1.7,4.199,-72.133833,170.0,241.79,250.35
PTGC.2020.023.18.29.45,PTGC,2020.023.18.29.45,unlabelled,,,,,0,0,0.0,0.0,,,3.4509999752044678,-74.18900299072266,18.01,2.3,4.199,-72.133833,170.0,242.8,250.15
PTGC.2020.023.18.34.36,PTGC,2020.023.18.34.36,unlabelled,,,,,0,0,0.0,0.0,,,3.4260001182556152,-74.21499633789062,2.2,1.2,4.199,-72.133833,170.0,246.46,249.78
PTGC.2020.023.20.49.25,PTGC,2020.023.20.49.25,unlabelled,,,,,0,0,0.0,0.0,,,5.767000198364258,-72.62699890136719,3.5,2.0,4.199,-72.133833,170.0,181.81,342.51
PTGC.2020.024.13.46.59,PTGC,2020.024.13.46.59,unlabelled,,,,,0,0,0.0,0.0,,,3.4619998931884766,-74.21199798583984,-1.89,1.2,4.199,-72.133833,170.0,244.79,250.63
PTGC.2020.024.19.33.26,PTGC,2020.024.19.33.26,unlabelled,,,,,0,0,0.0,0.0,,,4.418000221252441,-73.83100128173828,0.24,1.7,4.199,-72.133833,170.0,189.95,277.39
PTGC.2020.024.20.30.09,PTGC,2020.024.20.30.09,unlabelled,,,,,0,0,0.0,0.0,,,3.4560000896453857,-74.19599914550781,0.1,2.2,4.199,-72.133833,170.0,243.34,250.34
PTGC.2020.024.21.39.57,PTGC,2020.024.21.39.57,unlabelled,,,,,0,0,0.0,0.0,,,3.372999906539917,-74.19599914550781,18.93,1.6,4.199,-72.133833,170.0,246.6,248.33
PTGC.2020.025.12.06.16,PTGC,2020.025.12.06.16,unlabelled,,,,,0,0,0.0,0.0,,,3.4089999198913574,-74.18900299072266,-0.02,2.1,4.199,-72.133833,170.0,244.42,249.13
PTGC.2020.025.20.51.28,PTGC,2020.025.20.51.28,unlabelled,,,,,0,0,0.0,0.0,,,3.492000102996826,-74.20999908447266,0.07,1.7,4.199,-72.133833,170.0,243.49,251.34
PTGC.2020.026.12.27.31,PTGC,2020.026.12.27.31,unlabelled,,,,,0,0,0.0,0.0,,,6.942999839782715,-72.05799865722656,0.0,2.1,4.199,-72.133833,170.0,303.56,1.58
PTGC.2020.026.14.31.20,PTGC,2020.026.14.31.20,unlabelled,,,,,0,0,0.0,0.0,,,3.441999912261963,-74.20500183105469,3.79,1.5,4.199,-72.133833,170.0,244.81,250.08
PTGC.2020.026.18.32.12,PTGC,2020.026.18.32.12,unlabelled,,,,,0,0,0.0,0.0,,,3.5460000038146973,-74.23999786376953,4.31,2.1,4.199,-72.133833,170.0,244.82,252.92
PTGC.2020.026.22.59.51,PTGC,2020.026.22.59.51,unlabelled,,,,,0,0,0.0,0.0,,,6.556000232696533,-72.90299987792969,0.0,2.1,4.199,-72.133833,170.0,274.23,341.92
PTGC.2020.027.18.50.28,PTGC,2020.027.18.50.28,unlabelled,,,,,0,0,0.0,0.0,,,4.988999843597412,-74.12200164794922,4.27,1.6,4.199,-72.133833,170.0,237.28,291.68
PTGC.2020.027.21.50.36,PTGC,2020.027.21.50.36,unlabelled,,,,,0,0,0.0,0.0,,,3.447000026702881,-74.19200134277344,8.43,1.5,4.199,-72.133833,170.0,243.26,250.08
PTGC.2020.028.12.47.28,PTGC,2020.028.12.47.28,unlabelled,,,,,0,0,0.0,0.0,,,3.4179999828338623,-74.18900299072266,3.46,2.6,4.199,-72.133833,170.0,244.07,249.35
PTGC.2020.028.17.54.25,PTGC,2020.028.17.54.25,unlabelled,,,,,0,0,0.0,0.0,,,3.4179999828338623,-74.22699737548828,19.1,1.5,4.199,-72.133833,170.0,248.02,249.69
PTGC.2020.030.12.52.00,PTGC,2020.030.12.52.00,unlabelled,,,,,0,0,0.0,0.0,,,3.4089999198913574,-74.18199920654297,1.96,2.7,4.199,-72.133833,170.0,243.7,249.06
PTGC.2020.030.16.10.56,PTGC,2020.030.16.10.56,unlabelled,,,,,0,0,0.0,0.0,,,3.443000078201294,-74.19400024414062,13.24,1.7,4.199,-72.133833,170.0,243.62,250.0
PTGC.2020.031.12.05.40,PTGC,2020.031.12.05.40,unlabelled,,,,,0,0,0.0,0.0,,,5.0920000076293945,-73.08899688720703,0.0,1.5,4.199,-72.133833,170.0,144.86,313.01
PTGC.2020.033.16.05.41,PTGC,2020.033.16.05.41,unlabelled,,,,,0,0,0.0,0.0,,,3.444000005722046,-74.22200012207031,15.98,1.4,4.199,-72.133833,170.0,246.51,250.28
PTGC.2020.034.11.58.09,PTGC,2020.034.11.58.09,unlabelled,,,,,0,0,0.0,0.0,,,3.4709999561309814,-74.19000244140625,7.48,1.1,4.199,-72.133833,170.0,242.15,250.65
PTGC.2020.034.14.19.54,PTGC,2020.034.14.19.54,unlabelled,,,,,0,0,0.0,0.0,,,3.4200000762939453,-74.19000244140625,9.11,2.2,4.199,-72.133833,170.0,244.09,249.41
PTGC.2020.035.12.39.47,PTGC,2020.035.12.39.47,unlabelled,,,,,0,0,0.0,0.0,,,3.4049999713897705,-74.19499969482422,4.33,1.6,4.199,-72.133833,170.0,245.2,249.09
PTGC.2020.035.13.36.09,PTGC,2020.035.13.36.09,unlabelled,,,,,0,0,0.0,0.0,,,3.4149999618530273,-74.20899963378906,3.5,1.6,4.199,-72.133833,170.0,246.26,249.46
PTGC.2020.036.16.49.57,PTGC,2020.036.16.49.57,unlabelled,,,,,0,0,0.0,0.0,,,3.4240000247955322,-74.18199920654297,4.41,2.0,4.199,-72.133833,170.0,243.1,249.43
PTGC.2020.036.20.11.17,PTGC,2020.036.20.11.17,unlabelled,,,,,0,0,0.0,0.0,,,3.4189999103546143,-74.22000122070312,3.62,1.8,4.199,-72.133833,170.0,247.25,249.66
PTGC.2020.037.16.07.22,PTGC,2020.037.16.07.22,unlabelled,,,,,0,0,0.0,0.0,,,3.4030001163482666,-74.18299865722656,20.1,1.5,4.199,-72.133833,170.0,244.04,248.93
PTGC.2020.037.17.21.25,PTGC,2020.037.17.21.25,unlabelled,,,,,0,0,0.0,0.0,,,3.5810000896453857,-74.447998046875,19.19,3.1,4.199,-72.133833,170.0,265.95,255.19
PTGC.2020.039.21.28.01,PTGC,2020.039.21.28.01,unlabelled,,,,,0,0,0.0,0.0,,,3.4639999866485596,-74.18199920654297,-0.06,2.0,4.199,-72.133833,170.0,241.58,250.41
PTGC.2020.039.22.22.29,PTGC,2020.039.22.22.29,unlabelled,,,,,0,0,0.0,0.0,,,7.104000091552734,-72.53299713134766,11.73,1.8,4.199,-72.133833,170.0,324.28,352.18
PTGC.2020.040.14.53.32,PTGC,2020.040.14.53.32,unlabelled,,,,,0,0,0.0,0.0,,,3.4230000972747803,-74.15499877929688,0.01,1.6,4.199,-72.133833,170.0,240.34,249.15
PTGC.2020.041.12.14.28,PTGC,2020.041.12.14.28,unlabelled,,,,,0,0,0.0,0.0,,,3.6480000019073486,-74.18000030517578,16.69,1.5,4.199,-72.133833,170.0,235.27,255.06
PTGC.2020.041.19.43.09,PTGC,2020.041.19.43.09,unlabelled,,,,,0,0,0.0,0.0,,,3.4619998931884766,-74.18399810791016,11.14,2.1,4.199,-72.133833,170.0,241.86,250.38
PTGC.2020.041.20.17.05,PTGC,2020.041.20.17.05,unlabelled,,,,,0,0,0.0,0.0,,,3.4709999561309814,-74.2770004272461,25.21,1.5,4.199,-72.133833,170.0,251.29,251.39
PTGC.2020.041.20.46.26,PTGC,2020.041.20.46.26,unlabelled,,,,,0,0,0.0,0.0,,,3.447999954223633,-74.24199676513672,22.6,1.6,4.199,-72.133833,170.0,248.45,250.55
PTGC.2020.041.21.00.36,PTGC,2020.041.21.00.36,unlabelled,,,,,0,0,0.0,0.0,,,3.4769999980926514,-74.21399688720703,12.11,1.6,4.199,-72.133833,170.0,244.45,251.01
PTGC.2020.043.19.18.32,PTGC,2020.043.19.18.32,unlabelled,,,,,0,0,0.0,0.0,,,3.4549999237060547,-74.20600128173828,2.67,1.8,4.199,-72.133833,170.0,244.42,250.4
PTGC.2020.043.22.47.09,PTGC,2020.043.22.47.09,unlabelled,,,,,0,0,0.0,0.0,,,3.4800000190734863,-74.17400360107422,1.24,2.2,4.199,-72.133833,170.0,240.15,250.74
PTGC.2020.044.12.51.47,PTGC,2020.044.12.51.47,unlabelled,,,,,0,0,0.0,0.0,,,3.3970000743865967,-74.14399719238281,4.95,1.3,4.199,-72.133833,170.0,240.25,248.41
PTGC.2020.044.16.01.54,PTGC,2020.044.16.01.54,unlabelled,,,,,0,0,0.0,0.0,,,3.513000011444092,-74.20899963378906,0.39,1.6,4.199,-72.133833,170.0,242.65,251.85
PTGC.2020.044.16.45.48,PTGC,2020.044.16.45.48,unlabelled,,,,,0,0,0.0,0.0,,,3.3980000019073486,-74.06900024414062,16.65,1.8,4.199,-72.133833,170.0,232.48,247.67
PTGC.2020.044.17.31.52,PTGC,2020.044.17.31.52,unlabelled,,,,,0,0,0.0,0.0,,,3.4179999828338623,-74.18299865722656,0.11,1.3,4.199,-72.133833,170.0,243.44,249.29
PTGC.2020.044.21.27.07,PTGC,2020.044.21.27.07,unlabelled,,,,,0,0,0.0,0.0,,,3.4149999618530273,-74.21800231933594,17.26,1.8,4.199,-72.133833,170.0,247.2,249.54
PTGC.2020.045.22.32.05,PTGC,2020.045.22.32.05,unlabelled,,,,,0,0,0.0,0.0,,,6.107999801635742,-73.97699737548828,7.23,3.4,4.199,-72.133833,170.0,293.81,316.01
PTGC.2020.045.22.44.54,PTGC,2020.045.22.44.54,unlabelled,,,,,0,0,0.0,0.0,,,6.061999797821045,-73.94200134277344,8.06,2.4,4.199,-72.133833,170.0,287.46,315.86
PTGC.2020.046.15.51.24,PTGC,2020.046.15.51.24,unlabelled,,,,,0,0,0.0,0.0,,,3.3929998874664307,-74.20899963378906,7.69,1.5,4.199,-72.133833,170.0,247.13,248.93
PTGC.2020.046.17.53.26,PTGC,2020.046.17.53.26,unlabelled,,,,,0,0,0.0,0.0,,,3.4809999465942383,-74.197998046875,7.35,2.4,4.199,-72.133833,170.0,242.63,250.97
PTGC.2020.046.18.00.25,PTGC,2020.046.18.00.25,unlabelled,,,,,0,0,0.0,0.0,,,3.4170000553131104,-74.14900207519531,-0.06,1.7,4.199,-72.133833,170.0,239.96,248.95
PTGC.2020.046.18.51.33,PTGC,2020.046.18.51.33,unlabelled,,,,,0,0,0.0,0.0,,,6.004000186920166,-72.4260025024414,4.16,2.2,4.199,-72.133833,170.0,202.21,350.79
PTGC.2020.046.22.57.43,PTGC,2020.046.22.57.43,unlabelled,,,,,0,0,0.0,0.0,,,3.4210000038146973,-74.15399932861328,-0.07,1.5,4.199,-72.133833,170.0,240.32,249.09
PTGC.2020.047.14.52.58,PTGC,2020.047.14.52.58,unlabelled,,,,,0,0,0.0,0.0,,,3.3989999294281006,-74.16699981689453,5.81,1.6,4.199,-72.133833,170.0,242.54,248.68
PTGC.2020.047.15.42.47,PTGC,2020.047.15.42.47,unlabelled,,,,,0,0,0.0,0.0,,,3.4570000171661377,-74.19499969482422,6.94,1.5,4.199,-72.133833,170.0,243.2,250.35
PTGC.2020.048.14.34.17,PTGC,2020.048.14.34.17,unlabelled,,,,,0,0,0.0,0.0,,,3.4570000171661377,-74.16600036621094,0.0,1.5,4.199,-72.133833,170.0,240.17,250.09
PTGC.2020.049.14.02.23,PTGC,2020.049.14.02.23,unlabelled,,,,,0,0,0.0,0.0,,,3.428999900817871,-74.18900299072266,-0.02,1.8,4.199,-72.133833,170.0,243.64,249.62
PTGC.2020.049.18.27.09,PTGC,2020.049.18.27.09,unlabelled,,,,,0,0,0.0,0.0,,,3.4690001010894775,-74.22200012207031,0.01,1.8,4.199,-72.133833,170.0,245.58,250.88
PTGC.2020.051.17.43.09,PTGC,2020.051.17.43.09,unlabelled,,,,,0,0,0.0,0.0,,,3.4709999561309814,-74.18800354003906,4.59,1.1,4.199,-72.133833,170.0,241.94,250.64
PTGC.2020.051.22.10.20,PTGC,2020.051.22.10.20,unlabelled,,,,,0,0,0.0,0.0,,,4.988999843597412,-72.93000030517578,0.0,1.9,4.199,-72.133833,170.0,124.24,314.71
PTGC.2020.052.16.47.45,PTGC,2020.052.16.47.45,unlabelled,,,,,0,0,0.0,0.0,,,4.605999946594238,-73.36399841308594,14.23,1.6,4.199,-72.133833,170.0,143.77,288.29
PTGC.2020.053.00.21.42,PTGC,2020.053.00.21.42,unlabelled,,,,,0,0,0.0,0.0,,,3.4089999198913574,-74.2490005493164,3.69,1.9,4.199,-72.133833,170.0,250.66,249.68
PTGC.2020.053.16.20.12,PTGC,2020.053.16.20.12,unlabelled,,,,,0,0,0.0,0.0,,,3.4509999752044678,-74.22599792480469,3.84,1.6,4.199,-72.133833,170.0,246.66,250.48
PTGC.2020.054.19.42.45,PTGC,2020.054.19.42.45,unlabelled,,,,,0,0,0.0,0.0,,,3.440000057220459,-74.2030029296875,11.99,0.9,4.199,-72.133833,170.0,244.67,250.01
PTGC.2020.058.13.46.14,PTGC,2020.058.13.46.14,unlabelled,,,,,0,0,0.0,0.0,,,5.947999954223633,-74.24500274658203,8.22,1.5,4.199,-72.133833,170.0,303.65,309.65
PTGC.2020.058.18.33.49,PTGC,2020.058.18.33.49,unlabelled,,,,,0,0,0.0,0.0,,,5.519999980926514,-74.61599731445312,33.86,1.5,4.199,-72.133833,170.0,311.67,298.05
PTGC.2020.058.21.37.15,PTGC,2020.058.21.37.15,unlabelled,,,,,0,0,0.0,0.0,,,3.4639999866485596,-74.22000122070312,6.34,2.1,4.199,-72.133833,170.0,245.55,250.74
PTGC.2020.060.15.35.56,PTGC,2020.060.15.35.56,unlabelled,,,,,0,0,0.0,0.0,,,6.061999797821045,-73.92900085449219,18.22,1.5,4.199,-72.133833,170.0,286.46,316.06
PTGC.2020.061.13.53.57,PTGC,2020.061.13.53.57,unlabelled,,,,,0,0,0.0,0.0,,,3.4049999713897705,-74.14900207519531,0.0,2.4,4.199,-72.133833,170.0,240.44,248.65
PTGC.2020.061.19.35.06,PTGC,2020.061.19.35.06,unlabelled,,,,,0,0,0.0,0.0,,,3.430000066757202,-74.21399688720703,3.0,0.6,4.199,-72.133833,170.0,246.2,249.87
PTGC.2020.062.18.04.20,PTGC,2020.062.18.04.20,unlabelled,,,,,0,0,0.0,0.0,,,3.750999927520752,-72.86599731445312,0.06,1.8,4.199,-72.133833,170.0,95.21,238.67
PTGC.2020.062.19.45.27,PTGC,2020.062.19.45.27,unlabelled,,,,,0,0,0.0,0.0,,,3.4679999351501465,-74.16100311279297,1.51,1.6,4.199,-72.133833,170.0,239.23,250.32
PTGC.2020.064.15.33.20,PTGC,2020.064.15.33.20,unlabelled,,,,,0,0,0.0,0.0,,,3.4630000591278076,-74.18499755859375,-0.02,2.1,4.199,-72.133833,170.0,241.93,250.41
PTGC.2020.065.15.11.13,PTGC,2020.065.15.11.13,unlabelled,,,,,0,0,0.0,0.0,,,3.515000104904175,-74.197998046875,0.11,2.0,4.199,-72.133833,170.0,241.42,251.81
PTGC.2020.065.17.35.07,PTGC,2020.065.17.35.07,unlabelled,,,,,0,0,0.0,0.0,,,3.484999895095825,-74.21299743652344,13.34,2.4,4.199,-72.133833,170.0,244.06,251.2
PTGC.2020.067.22.12.10,PTGC,2020.067.22.12.10,unlabelled,,,,,0,0,0.0,0.0,,,7.182000160217285,-72.16699981689453,0.0,1.9,4.199,-72.133833,170.0,329.9,359.36
PTGC.2020.070.14.01.32,PTGC,2020.070.14.01.32,unlabelled,,,,,0,0,0.0,0.0,,,6.020999908447266,-73.79100036621094,26.02,1.5,4.199,-72.133833,170.0,272.68,317.71
PTGC.2020.070.14.14.13,PTGC,2020.070.14.14.13,unlabelled,,,,,0,0,0.0,0.0,,,5.047999858856201,-72.99500274658203,4.58,1.5,4.199,-72.133833,170.0,133.96,314.53
PTGC.2020.073.14.05.37,PTGC,2020.073.14.05.37,unlabelled,,,,,0,0,0.0,0.0,,,3.4489998817443848,-74.2040023803711,0.92,0.9,4.199,-72.133833,170.0,244.44,250.24
PTGC.2020.074.14.34.04,PTGC,2020.074.14.34.04,unlabelled,,,,,0,0,0.0,0.0,,,6.478000164031982,-73.37699890136719,3.88,3.5,4.199,-72.133833,170.0,287.23,331.39
PTGC.2020.076.15.06.39,PTGC,2020.076.15.06.39,unlabelled,,,,,0,0,0.0,0.0,,,3.4539999961853027,-74.19200134277344,-0.01,1.9,4.199,-72.133833,170.0,243.0,250.25
PTGC.2020.077.15.13.19,PTGC,2020.077.15.13.19,unlabelled,,,,,0,0,0.0,0.0,,,5.2769999504089355,-72.67400360107422,0.01,1.8,4.199,-72.133833,170.0,133.42,333.33
PTGC.2020.077.16.30.22,PTGC,2020.077.16.30.22,unlabelled,,,,,0,0,0.0,0.0,,,3.490999937057495,-74.19200134277344,1.0,1.0,4.199,-72.133833,170.0,241.64,251.17
PTGC.2020.077.17.06.29,PTGC,2020.077.17.06.29,unlabelled,,,,,0,0,0.0,0.0,,,5.8420000076293945,-73.08499908447266,0.4,1.5,4.199,-72.133833,170.0,210.08,329.9
PTGC.2020.078.19.22.24,PTGC,2020.078.19.22.24,unlabelled,,,,,0,0,0.0,0.0,,,6.0269999504089355,-74.26399993896484,0.08,1.6,4.199,-72.133833,170.0,310.88,310.65
PTGC.2020.079.20.29.43,PTGC,2020.079.20.29.43,unlabelled,,,,,0,0,0.0,0.0,,,3.444999933242798,-74.2040023803711,9.03,1.6,4.199,-72.133833,170.0,244.59,250.14
PTGC.2020.081.14.51.05,PTGC,2020.081.14.51.05,unlabelled,,,,,0,0,0.0,0.0,,,3.390000104904175,-74.11699676513672,16.1,1.5,4.199,-72.133833,170.0,237.75,247.97
PTGC.2020.083.19.15.28,PTGC,2020.083.19.15.28,unlabelled,,,,,0,0,0.0,0.0,,,3.5239999294281006,-74.45999908447266,20.36,1.7,4.199,-72.133833,170.0,268.93,253.97
PTGC.2020.083.21.32.32,PTGC,2020.083.21.32.32,unlabelled,,,,,0,0,0.0,0.0,,,3.572000026702881,-74.36199951171875,16.5,1.2,4.199,-72.133833,170.0,257.0,254.43
PTGC.2020.084.12.01.00,PTGC,2020.084.12.01.00,unlabelled,,,,,0,0,0.0,0.0,,,3.4170000553131104,-74.61100006103516,1.77,1.5,4.199,-72.133833,170.0,288.42,252.64
PTGC.2020.084.17.45.47,PTGC,2020.084.17.45.47,unlabelled,,,,,0,0,0.0,0.0,,,3.447000026702881,-74.21099853515625,9.38,2.0,4.199,-72.133833,170.0,245.24,250.25
PTGC.2020.086.12.04.45,PTGC,2020.086.12.04.45,unlabelled,,,,,0,0,0.0,0.0,,,3.38100004196167,-74.4489974975586,16.97,1.6,4.199,-72.133833,170.0,272.61,250.7
PTGC.2020.088.18.47.24,PTGC,2020.088.18.47.24,unlabelled,,,,,0,0,0.0,0.0,,,3.500999927520752,-74.24700164794922,13.72,1.5,4.199,-72.133833,170.0,247.07,251.87
PTGC.2020.089.13.49.11,PTGC,2020.089.13.49.11,unlabelled,,,,,0,0,0.0,0.0,,,5.1020002365112305,-73.08599853515625,2.12,1.8,4.199,-72.133833,170.0,145.37,313.42
PTGC.2020.089.18.11.20,PTGC,2020.089.18.11.20,unlabelled,,,,,0,0,0.0,0.0,,,3.421999931335449,-74.23799896240234,3.15,2.0,4.199,-72.133833,170.0,249.01,249.89
PTGC.2020.089.18.19.15,PTGC,2020.089.18.19.15,unlabelled,,,,,0,0,0.0,0.0,,,7.1570000648498535,-71.89600372314453,13.92,1.7,4.199,-72.133833,170.0,328.17,4.59
PTGC.2020.089.18.43.41,PTGC,2020.089.18.43.41,unlabelled,,,,,0,0,0.0,0.0,,,3.440000057220459,-74.18099975585938,15.98,1.5,4.199,-72.133833,170.0,242.38,249.81
PTGC.2020.090.13.44.09,PTGC,2020.090.13.44.09,unlabelled,,,,,0,0,0.0,0.0,,,6.308000087738037,-74.27799987792969,4.04,1.9,4.199,-72.133833,170.0,332.99,314.55
PTGC.2020.092.16.13.06,PTGC,2020.092.16.13.06,unlabelled,,,,,0,0,0.0,0.0,,,3.4560000896453857,-74.19200134277344,16.22,1.7,4.199,-72.133833,170.0,242.92,250.3
PTGC.2020.092.16.19.53,PTGC,2020.092.16.19.53,unlabelled,,,,,0,0,0.0,0.0,,,6.517000198364258,-73.78299713134766,21.16,1.6,4.199,-72.133833,170.0,314.82,324.58
PTGC.2020.093.11.39.46,PTGC,2020.093.11.39.46,unlabelled,,,,,0,0,0.0,0.0,,,3.4240000247955322,-74.2030029296875,0.0,1.8,4.199,-72.133833,170.0,245.29,249.62
PTGC.2020.096.15.40.06,PTGC,2020.096.15.40.06,unlabelled,,,,,0,0,0.0,0.0,,,6.297999858856201,-72.40799713134766,27.4,1.8,4.199,-72.133833,170.0,234.1,352.55
PTGC.2020.097.12.44.42,PTGC,2020.097.12.44.42,unlabelled,,,,,0,0,0.0,0.0,,,5.001999855041504,-74.68800354003906,14.23,1.8,4.199,-72.133833,170.0,297.0,287.5
PTGC.2020.097.16.47.59,PTGC,2020.097.16.47.59,unlabelled,,,,,0,0,0.0,0.0,,,3.453000068664551,-74.15699768066406,0.03,2.0,4.199,-72.133833,170.0,239.38,249.91
PTGC.2020.097.19.49.22,PTGC,2020.097.19.49.22,unlabelled,,,,,0,0,0.0,0.0,,,3.4590001106262207,-74.18599700927734,8.95,1.6,4.199,-72.133833,170.0,242.18,250.32
PTGC.2020.098.12.34.04,PTGC,2020.098.12.34.04,unlabelled,,,,,0,0,0.0,0.0,,,3.4800000190734863,-74.32599639892578,21.13,1.9,4.199,-72.133833,170.0,256.14,251.99
PTGC.2020.099.11.54.56,PTGC,2020.099.11.54.56,unlabelled,,,,,0,0,0.0,0.0,,,3.4509999752044678,-74.22799682617188,10.06,2.0,4.199,-72.133833,170.0,246.87,250.5
PTGC.2020.099.13.03.57,PTGC,2020.099.13.03.57,unlabelled,,,,,0,0,0.0,0.0,,,3.4649999141693115,-74.2030029296875,7.77,0.9,4.199,-72.133833,170.0,243.74,250.62
PTGC.2020.100.20.51.50,PTGC,2020.100.20.51.50,unlabelled,,,,,0,0,0.0,0.0,,,3.424999952316284,-74.18199920654297,-0.05,1.7,4.199,-72.133833,170.0,243.07,249.45
PTGC.2020.101.11.43.15,PTGC,2020.101.11.43.15,unlabelled,,,,,0,0,0.0,0.0,,,6.958000183105469,-72.3030014038086,0.0,2.0,4.199,-72.133833,170.0,305.68,356.49
PTGC.2020.103.13.27.46,PTGC,2020.103.13.27.46,unlabelled,,,,,0,0,0.0,0.0,-2.71,,5.2220001220703125,-72.97200012207031,2.96,1.8,4.199,-72.133833,170.0,146.44,320.61
PTGC.2020.103.20.04.42,PTGC,2020.103.20.04.42,unlabelled,,,,,0,0,0.0,0.0,,,3.937000036239624,-74.0479965209961,0.0,2.3,4.199,-72.133833,170.0,214.52,262.31
PTGC.2020.103.21.51.57,PTGC,2020.103.21.51.57,unlabelled,,,,,0,0,0.0,0.0,,,3.936000108718872,-74.06999969482422,3.62,1.6,4.199,-72.133833,170.0,216.95,262.37
PTGC.2020.105.14.41.07,PTGC,2020.105.14.41.07,unlabelled,,,,,0,0,0.0,0.0,,,5.239999771118164,-74.68000030517578,6.82,2.1,4.199,-72.133833,170.0,305.03,292.27
PTGC.2020.107.13.11.46,PTGC,2020.107.13.11.46,unlabelled,,,,,0,0,0.0,0.0,,,3.5230000019073486,-74.4209976196289,3.82,1.8,4.199,-72.133833,170.0,264.8,253.68
PTGC.2020.107.13.52.42,PTGC,2020.107.13.52.42,unlabelled,,,,,0,0,0.0,0.0,,,3.4609999656677246,-74.17500305175781,3.65,1.7,4.199,-72.133833,170.0,240.96,250.27
PTGC.2020.107.15.35.50,PTGC,2020.107.15.35.50,unlabelled,,,,,0,0,0.0,0.0,,,5.635000228881836,-72.50599670410156,0.0,1.6,4.199,-72.133833,170.0,164.07,345.44
PTGC.2020.107.19.46.23,PTGC,2020.107.19.46.23,unlabelled,,,,,0,0,0.0,0.0,,,3.49399995803833,-74.21600341796875,10.06,1.4,4.199,-72.133833,170.0,244.05,251.44
PTGC.2020.107.21.28.24,PTGC,2020.107.21.28.24,unlabelled,,,,,0,0,0.0,0.0,,,5.9770002365112305,-73.47799682617188,2.79,2.5,4.199,-72.133833,170.0,246.72,322.89
PTGC.2020.108.15.54.52,PTGC,2020.108.15.54.52,unlabelled,,,,,0,0,0.0,0.0,,,3.2709999084472656,-73.77899932861328,0.0,1.8,4.199,-72.133833,170.0,209.59,240.74
PTGC.2020.110.19.07.21,PTGC,2020.110.19.07.21,unlabelled,,,,,0,0,0.0,0.0,,,3.4119999408721924,-74.18399810791016,0.0,1.8,4.199,-72.133833,170.0,243.78,249.16
PTGC.2020.110.19.31.26,PTGC,2020.110.19.31.26,unlabelled,,,,,0,0,0.0,0.0,,,6.367000102996826,-72.03900146484375,0.0,2.1,4.199,-72.133833,170.0,239.98,2.51
PTGC.2020.111.20.13.54,PTGC,2020.111.20.13.54,unlabelled,,,,,0,0,0.0,0.0,,,5.426000118255615,-74.43000030517578,17.19,1.5,4.199,-72.133833,170.0,288.59,298.14
PTGC.2020.112.15.48.39,PTGC,2020.112.15.48.39,unlabelled,,,,,0,0,0.0,0.0,,,4.675000190734863,-74.6050033569336,22.97,2.0,4.199,-72.133833,170.0,279.27,280.96
PTGC.2020.112.15.54.27,PTGC,2020.112.15.54.27,unlabelled,,,,,0,0,0.0,0.0,,,3.4200000762939453,-74.197998046875,0.04,2.7,4.199,-72.133833,170.0,244.92,249.48
PTGC.2020.112.19.39.49,PTGC,2020.112.19.39.49,unlabelled,,,,,0,0,0.0,0.0,,,3.430999994277954,-74.197998046875,0.0,1.9,4.199,-72.133833,170.0,244.5,249.75
PTGC.2020.112.20.34.42,PTGC,2020.112.20.34.42,unlabelled,,,,,0,0,0.0,0.0,,,3.444000005722046,-74.20600128173828,6.04,1.6,4.199,-72.133833,170.0,244.84,250.13
PTGC.2020.118.15.42.46,PTGC,2020.118.15.42.46,unlabelled,,,,,0,0,0.0,0.0,,,5.091000080108643,-73.10800170898438,0.0,1.6,4.199,-72.133833,170.0,146.33,312.42
PTGC.2020.120.15.51.28,PTGC,2020.120.15.51.28,unlabelled,,,,,0,0,0.0,0.0,,,5.984000205993652,-73.49800109863281,3.65,2.1,4.199,-72.133833,170.0,248.68,322.59
PTGC.2020.122.17.48.04,PTGC,2020.122.17.48.04,unlabelled,,,,,0,0,0.0,0.0,,,3.434000015258789,-74.16600036621094,0.02,1.9,4.199,-72.133833,170.0,241.05,249.53
PTGC.2020.123.14.31.17,PTGC,2020.123.14.31.17,unlabelled,,,,,0,0,0.0,0.0,,,4.715000152587891,-74.78199768066406,15.59,1.6,4.199,-72.133833,170.0,299.39,281.09
PTGC.2020.123.17.46.44,PTGC,2020.123.17.46.44,unlabelled,,,,,0,0,0.0,0.0,,,3.427999973297119,-74.18299865722656,4.68,1.5,4.199,-72.133833,170.0,243.05,249.54
PTGC.2020.125.12.24.15,PTGC,2020.125.12.24.15,unlabelled,,,,,0,0,0.0,0.0,,,3.4660000801086426,-74.2020034790039,5.01,2.4,4.199,-72.133833,170.0,243.6,250.64
PTGC.2020.125.13.13.38,PTGC,2020.125.13.13.38,unlabelled,,,,,0,0,0.0,0.0,,,6.072000026702881,-73.93299865722656,10.8,2.2,4.199,-72.133833,170.0,287.56,316.15
PTGC.2020.125.13.58.09,PTGC,2020.125.13.58.09,unlabelled,,,,,0,0,0.0,0.0,,,3.4679999351501465,-74.19300079345703,0.32,1.6,4.199,-72.133833,170.0,242.58,250.61
PTGC.2020.125.15.52.06,PTGC,2020.125.15.52.06,unlabelled,,,,,0,0,0.0,0.0,,,3.4649999141693115,-74.23600006103516,4.73,1.6,4.199,-72.133833,170.0,247.2,250.9
PTGC.2020.127.11.30.40,PTGC,2020.127.11.30.40,unlabelled,,,,,0,0,0.0,0.0,,,5.638000011444092,-72.87999725341797,21.97,1.5,4.199,-72.133833,170.0,179.36,332.55
PTGC.2020.127.14.28.10,PTGC,2020.127.14.28.10,unlabelled,,,,,0,0,0.0,0.0,,,3.434999942779541,-74.19499969482422,-0.14,1.5,4.199,-72.133833,170.0,244.03,249.82
PTGC.2020.129.19.05.57,PTGC,2020.129.19.05.57,unlabelled,,,,,0,0,0.0,0.0,,,5.6529998779296875,-73.4000015258789,0.08,1.8,4.199,-72.133833,170.0,213.48,318.92
PTGC.2020.130.12.28.24,PTGC,2020.130.12.28.24,unlabelled,,,,,0,0,0.0,0.0,,,3.431999921798706,-74.18699645996094,6.02,2.4,4.199,-72.133833,170.0,243.31,249.67
PTGC.2020.131.12.43.01,PTGC,2020.131.12.43.01,unlabelled,,,,,0,0,0.0,0.0,,,3.4140000343322754,-74.14600372314453,-0.06,2.2,4.199,-72.133833,170.0,239.77,248.84
PTGC.2020.131.12.51.50,PTGC,2020.131.12.51.50,unlabelled,,,,,0,0,0.0,0.0,,,6.789000034332275,-72.1500015258789,-0.01,2.5,4.199,-72.133833,170.0,286.42,359.64
PTGC.2020.131.21.37.33,PTGC,2020.131.21.37.33,unlabelled,,,,,0,0,0.0,0.0,,,3.4739999771118164,-74.2030029296875,13.4,1.8,4.199,-72.133833,170.0,243.41,250.84
PTGC.2020.136.13.04.13,PTGC,2020.136.13.04.13,unlabelled,,,,,0,0,0.0,0.0,,,6.171999931335449,-74.16000366210938,10.47,2.0,4.199,-72.133833,170.0,313.14,314.25
PTGC.2020.137.12.19.06,PTGC,2020.137.12.19.06,unlabelled,,,,,0,0,0.0,0.0,,,3.4079999923706055,-74.19400024414062,-0.04,2.2,4.199,-72.133833,170.0,244.98,249.15
PTGC.2020.137.12.52.50,PTGC,2020.137.12.52.50,unlabelled,,,,,0,0,0.0,0.0,,,5.164999961853027,-72.96600341796875,0.0,1.9,4.199,-72.133833,170.0,141.19,319.2
PTGC.2020.137.14.29.28,PTGC,2020.137.14.29.28,unlabelled,,,,,0,0,0.0,0.0,,,3.4059998989105225,-74.16500091552734,5.77,1.7,4.199,-72.133833,170.0,242.05,248.83
PTGC.2020.140.15.16.12,PTGC,2020.140.15.16.12,unlabelled,,,,,0,0,0.0,0.0,,,6.293000221252441,-72.36799621582031,3.89,1.8,4.199,-72.133833,170.0,233.01,353.61
PTGC.2020.140.16.03.49,PTGC,2020.140.16.03.49,unlabelled,,,,,0,0,0.0,0.0,,,6.408999919891357,-73.62100219726562,24.79,1.8,4.199,-72.133833,170.0,294.78,326.07
PTGC.2020.142.21.19.26,PTGC,2020.142.21.19.26,unlabelled,,,,,0,0,0.0,0.0,,,5.64300012588501,-72.947998046875,-0.04,2.0,4.199,-72.133833,170.0,183.44,330.55
PTGC.2020.143.14.11.11,PTGC,2020.143.14.11.11,unlabelled,,,,,0,0,0.0,0.0,,,5.546000003814697,-74.37200164794922,15.23,1.6,4.199,-72.133833,170.0,289.51,301.06
PTGC.2020.145.16.48.29,PTGC,2020.145.16.48.29,unlabelled,,,,,0,0,0.0,0.0,,,6.21999979019165,-72.38200378417969,0.94,1.8,4.199,-72.133833,170.0,225.18,352.99
PTGC.2020.146.22.06.04,PTGC,2020.146.22.06.04,unlabelled,,,,,0,0,0.0,0.0,,,6.232999801635742,-74.34500122070312,5.82,2.1,4.199,-72.133833,170.0,332.68,312.63
PTGC.2020.148.16.24.06,PTGC,2020.148.16.24.06,unlabelled,,,,,0,0,0.0,0.0,,,4.3520002365112305,-73.63700103759766,4.68,1.7,4.199,-72.133833,170.0,167.72,275.85
PTGC.2020.149.18.03.16,PTGC,2020.149.18.03.16,unlabelled,,,,,0,0,0.0,0.0,,,4.425000190734863,-73.66600036621094,13.83,1.5,4.199,-72.133833,170.0,171.91,278.42
PTGC.2020.150.17.36.56,PTGC,2020.150.17.36.56,unlabelled,,,,,0,0,0.0,0.0,,,3.440999984741211,-74.19300079345703,7.08,1.5,4.199,-72.133833,170.0,243.59,249.94
PTGC.2020.152.19.46.46,PTGC,2020.152.19.46.46,unlabelled,,,,,0,0,0.0,0.0,,,3.4649999141693115,-74.43099975585938,21.2,1.5,4.199,-72.133833,170.0,267.75,252.43
PTGC.2020.154.13.51.03,PTGC,2020.154.13.51.03,unlabelled,,,,,0,0,0.0,0.0,,,3.4240000247955322,-74.17400360107422,6.25,1.6,4.199,-72.133833,170.0,242.27,249.35
PTGC.2020.154.14.18.05,PTGC,2020.154.14.18.05,unlabelled,,,,,0,0,0.0,0.0,,,5.574999809265137,-74.73999786376953,3.97,1.9,4.199,-72.133833,170.0,326.66,297.87
PTGC.2020.158.12.00.33,PTGC,2020.158.12.00.33,unlabelled,,,,,0,0,0.0,0.0,,,5.4770002365112305,-72.6729965209961,3.84,1.8,4.199,-72.133833,170.0,153.46,337.08
PTGC.2020.158.19.38.31,PTGC,2020.158.19.38.31,unlabelled,,,,,0,0,0.0,0.0,,,3.312999963760376,-73.83399963378906,16.91,1.9,4.199,-72.133833,170.0,212.76,242.64
PTGC.2020.160.15.09.40,PTGC,2020.160.15.09.40,unlabelled,,,,,0,0,0.0,0.0,,,3.4200000762939453,-74.29100036621094,17.33,1.9,4.199,-72.133833,170.0,254.62,250.3
PTGC.2020.161.18.56.00,PTGC,2020.161.18.56.00,unlabelled,,,,,0,0,0.0,0.0,,,3.4830000400543213,-74.23300170898438,0.0,2.2,4.199,-72.133833,170.0,246.23,251.32
PTGC.2020.162.17.46.39,PTGC,2020.162.17.46.39,unlabelled,,,,,0,0,0.0,0.0,,,3.6630001068115234,-73.93900299072266,-0.04,1.5,4.199,-72.133833,170.0,209.06,253.59
PTGC.2020.164.11.57.26,PTGC,2020.164.11.57.26,unlabelled,,,,,0,0,0.0,0.0,,,3.571000099182129,-74.44999694824219,32.15,1.2,4.199,-72.133833,170.0,266.45,254.97
PTGC.2020.167.17.54.55,PTGC,2020.167.17.54.55,unlabelled,,,,,0,0,0.0,0.0,,,5.660999774932861,-74.47000122070312,4.04,1.7,4.199,-72.133833,170.0,305.4,302.06
PTGC.2020.171.19.54.47,PTGC,2020.171.19.54.47,unlabelled,,,,,0,0,0.0,0.0,,,3.4800000190734863,-74.21800231933594,6.6,1.3,4.199,-72.133833,170.0,244.76,251.12
PTGC.2020.173.11.03.19,PTGC,2020.173.11.03.19,unlabelled,,,,,0,0,0.0,0.0,,,3.4159998893737793,-74.14099884033203,14.43,2.1,4.199,-72.133833,170.0,239.17,248.84
PTGC.2020.173.12.23.19,PTGC,2020.173.12.23.19,unlabelled,,,,,0,0,0.0,0.0,,,3.490000009536743,-74.23799896240234,19.24,1.9,4.199,-72.133833,170.0,246.51,251.53
PTGC.2020.173.13.05.35,PTGC,2020.173.13.05.35,unlabelled,,,,,0,0,0.0,0.0,,,3.433000087738037,-74.18299865722656,12.88,2.4,4.199,-72.133833,170.0,242.86,249.66
PTGC.2020.173.13.49.02,PTGC,2020.173.13.49.02,unlabelled,,,,,0,0,0.0,0.0,,,3.4560000896453857,-74.20700073242188,9.54,2.5,4.199,-72.133833,170.0,244.49,250.44
PTGC.2020.174.17.02.20,PTGC,2020.174.17.02.20,unlabelled,,,,,0,0,0.0,0.0,,,5.015999794006348,-73.18800354003906,-0.01,2.1,4.199,-72.133833,170.0,147.8,307.72
PTGC.2020.174.17.56.19,PTGC,2020.174.17.56.19,unlabelled,,,,,0,0,0.0,0.0,,,3.4560000896453857,-74.18599700927734,-0.02,2.3,4.199,-72.133833,170.0,242.29,250.25
PTGC.2020.175.22.05.04,PTGC,2020.175.22.05.04,unlabelled,,,,,0,0,0.0,0.0,,,3.437000036239624,-74.18800354003906,6.47,1.8,4.199,-72.133833,170.0,243.23,249.8
PTGC.2020.176.16.41.01,PTGC,2020.176.16.41.01,unlabelled,,,,,0,0,0.0,0.0,,,5.76200008392334,-72.57099914550781,10.72,1.6,4.199,-72.133833,170.0,179.51,344.35
PTGC.2020.176.20.34.45,PTGC,2020.176.20.34.45,unlabelled,,,,,0,0,0.0,0.0,,,6.099999904632568,-72.4749984741211,3.78,1.8,4.199,-72.133833,170.0,213.59,349.81
PTGC.2020.179.16.56.40,PTGC,2020.179.16.56.40,unlabelled,,,,,0,0,0.0,0.0,,,3.871000051498413,-74.01100158691406,4.81,1.5,4.199,-72.133833,170.0,211.58,260.2
PTGC.2020.181.19.21.45,PTGC,2020.181.19.21.45,unlabelled,,,,,0,0,0.0,0.0,,,3.441999912261963,-74.17900085449219,12.78,1.7,4.199,-72.133833,170.0,242.1,249.84
PTGC.2020.182.18.16.35,PTGC,2020.182.18.16.35,unlabelled,,,,,0,0,0.0,0.0,,,3.500999927520752,-74.21399688720703,19.84,2.2,4.199,-72.133833,170.0,243.59,251.6
PTGC.2020.182.18.26.33,PTGC,2020.182.18.26.33,unlabelled,,,,,0,0,0.0,0.0,,,3.4649999141693115,-74.1989974975586,3.56,1.5,4.199,-72.133833,170.0,243.32,250.59
PTGC.2020.182.21.47.41,PTGC,2020.182.21.47.41,unlabelled,,,,,0,0,0.0,0.0,,,3.3570001125335693,-74.11599731445312,11.75,1.5,4.199,-72.133833,170.0,239.05,247.15
PTGC.2020.184.15.27.21,PTGC,2020.184.15.27.21,unlabelled,,,,,0,0,0.0,0.0,,,5.531000137329102,-73.81900024414062,3.84,1.8,4.199,-72.133833,170.0,237.98,308.31
PTGC.2020.185.14.28.58,PTGC,2020.185.14.28.58,unlabelled,,,,,0,0,0.0,0.0,,,3.4649999141693115,-74.24700164794922,17.91,1.5,4.199,-72.133833,170.0,248.35,251.0
PTGC.2020.185.15.27.18,PTGC,2020.185.15.27.18,unlabelled,,,,,0,0,0.0,0.0,,,3.4560000896453857,-74.16300201416016,20.75,1.5,4.199,-72.133833,170.0,239.89,250.04
PTGC.2020.185.17.47.03,PTGC,2020.185.17.47.03,unlabelled,,,,,0,0,0.0,0.0,,,3.4609999656677246,-74.42500305175781,16.98,1.8,4.199,-72.133833,170.0,267.25,252.3
PTGC.2020.186.14.14.18,PTGC,2020.186.14.14.18,unlabelled,,,,,0,0,0.0,0.0,,,3.4570000171661377,-74.20600128173828,8.09,2.2,4.199,-72.133833,170.0,244.35,250.45
PTGC.2020.186.16.12.06,PTGC,2020.186.16.12.06,unlabelled,,,,,0,0,0.0,0.0,,,3.509999990463257,-74.41500091552734,31.22,1.5,4.199,-72.133833,170.0,264.57,253.34
PTGC.2020.186.20.50.06,PTGC,2020.186.20.50.06,unlabelled,,,,,0,0,0.0,0.0,,,3.4070000648498535,-74.20899963378906,3.75,1.8,4.199,-72.133833,170.0,246.58,249.27
PTGC.2020.188.14.52.58,PTGC,2020.188.14.52.58,unlabelled,,,,,0,0,0.0,0.0,,,3.384999990463257,-74.1449966430664,15.5,1.5,4.199,-72.133833,170.0,240.85,248.12
PTGC.2020.193.13.10.55,PTGC,2020.193.13.10.55,unlabelled,,,,,0,0,0.0,0.0,,,5.52400016784668,-72.51599884033203,17.23,1.7,4.199,-72.133833,170.0,152.53,343.88
PTGC.2020.193.13.48.32,PTGC,2020.193.13.48.32,unlabelled,,,,,0,0,0.0,0.0,,,3.4779999256134033,-74.1969985961914,12.99,2.4,4.199,-72.133833,170.0,242.63,250.89
PTGC.2020.195.20.36.46,PTGC,2020.195.20.36.46,unlabelled,,,,,0,0,0.0,0.0,,,3.4730000495910645,-74.21099853515625,8.51,1.6,4.199,-72.133833,170.0,244.28,250.89
PTGC.2020.197.14.21.00,PTGC,2020.197.14.21.00,unlabelled,,,,,0,0,0.0,0.0,,,3.4040000438690186,-74.2770004272461,7.09,2.2,4.199,-72.133833,170.0,253.77,249.8
PTGC.2020.197.20.37.15,PTGC,2020.197.20.37.15,unlabelled,,,,,0,0,0.0,0.0,,,3.428999900817871,-74.18900299072266,-0.02,1.8,4.199,-72.133833,170.0,243.64,249.62
PTGC.2020.198.18.16.21,PTGC,2020.198.18.16.21,unlabelled,,,,,0,0,0.0,0.0,,,4.801000118255615,-74.81199645996094,7.2,2.1,4.199,-72.133833,170.0,304.58,282.73
PTGC.2020.199.12.47.49,PTGC,2020.199.12.47.49,unlabelled,,,,,0,0,0.0,0.0,,,3.4649999141693115,-74.20800018310547,-0.01,1.7,4.199,-72.133833,170.0,244.26,250.66
PTGC.2020.199.22.13.21,PTGC,2020.199.22.13.21,unlabelled,,,,,0,0,0.0,0.0,,,3.3429999351501465,-74.177001953125,7.04,1.6,4.199,-72.133833,170.0,245.9,247.43
PTGC.2020.200.20.46.22,PTGC,2020.200.20.46.22,unlabelled,,,,,0,0,0.0,0.0,,,3.5220000743865967,-74.16400146484375,0.52,1.5,4.199,-72.133833,170.0,237.59,251.7
PTGC.2020.201.20.51.48,PTGC,2020.201.20.51.48,unlabelled,,,,,0,0,0.0,0.0,,,3.4700000286102295,-74.13400268554688,15.06,1.5,4.199,-72.133833,170.0,236.33,250.13
PTGC.2020.206.12.55.53,PTGC,2020.206.12.55.53,unlabelled,,,,,0,0,0.0,0.0,,,6.617000102996826,-72.87000274658203,3.12,1.7,4.199,-72.133833,170.0,279.56,343.07
PTGC.2020.206.18.54.30,PTGC,2020.206.18.54.30,unlabelled,,,,,0,0,0.0,0.0,,,6.684000015258789,-73.13200378417969,32.68,1.5,4.199,-72.133833,170.0,296.23,338.12
PTGC.2020.207.12.50.10,PTGC,2020.207.12.50.10,unlabelled,,,,,0,0,0.0,0.0,,,6.757999897003174,-73.00299835205078,34.79,1.8,4.199,-72.133833,170.0,298.93,341.24
PTGC.2020.208.21.23.39,PTGC,2020.208.21.23.39,unlabelled,,,,,0,0,0.0,0.0,,,3.6010000705718994,-74.4280014038086,17.22,1.6,4.199,-72.133833,170.0,263.24,255.53
PTGC.2020.211.17.39.17,PTGC,2020.211.17.39.17,unlabelled,,,,,0,0,0.0,0.0,,,3.312000036239624,-74.36699676513672,16.06,1.7,4.199,-72.133833,170.0,266.75,248.5
PTGC.2020.214.21.31.47,PTGC,2020.214.21.31.47,unlabelled,,,,,0,0,0.0,0.0,,,4.752999782562256,-74.6729965209961,8.98,1.6,4.199,-72.133833,170.0,288.38,282.36
PTGC.2020.215.16.57.35,PTGC,2020.215.16.57.35,unlabelled,,,,,0,0,0.0,0.0,,,3.493000030517578,-74.19000244140625,0.82,1.8,4.199,-72.133833,170.0,241.35,251.2
PTGC.2020.216.18.33.40,PTGC,2020.216.18.33.40,unlabelled,,,,,0,0,0.0,0.0,,,5.96999979019165,-74.29499816894531,8.54,2.5,4.199,-72.133833,170.0,309.48,309.35
PTGC.2020.288.02.40.29,PTGC,2020.288.02.40.29,unlabelled,,,,,0,0,0.0,0.0,,,3.5739998817443848,-74.22599792480469,17.68,2.3,4.199,-72.133833,170.0,242.43,253.51
PTGC.2020.289.06.20.46,PTGC,2020.289.06.20.46,unlabelled,,,,,0,0,0.0,0.0,,,4.835000038146973,-74.51100158691406,15.78,1.8,4.199,-72.133833,170.0,273.02,285.02
PTGC.2020.290.05.39.15,PTGC,2020.290.05.39.15,unlabelled,,,,,0,0,0.0,0.0,,,3.505000114440918,-74.20899963378906,4.2,1.4,4.199,-72.133833,170.0,242.93,251.66
PTGC.2020.290.10.33.22,PTGC,2020.290.10.33.22,unlabelled,,,,,0,0,0.0,0.0,,,3.4059998989105225,-74.55599975585938,29.34,1.9,4.199,-72.133833,170.0,282.97,252.03
PTGC.2020.290.17.34.41,PTGC,2020.290.17.34.41,unlabelled,,,,,0,0,0.0,0.0,,,3.444000005722046,-74.25199890136719,19.02,1.9,4.199,-72.133833,170.0,249.64,250.54
PTGC.2020.290.21.51.57,PTGC,2020.290.21.51.57,unlabelled,,,,,0,0,0.0,0.0,,,3.427000045776367,-74.27300262451172,15.98,1.3,4.199,-72.133833,170.0,252.48,250.31
PTGC.2020.291.02.22.42,PTGC,2020.291.02.22.42,unlabelled,,,,,0,0,0.0,0.0,,,5.710999965667725,-73.41400146484375,14.57,1.8,4.199,-72.133833,170.0,219.35,319.72
PTGC.2020.291.14.39.04,PTGC,2020.291.14.39.04,unlabelled,,,,,0,0,0.0,0.0,,,6.304999828338623,-72.30400085449219,1.72,1.5,4.199,-72.133833,170.0,233.65,355.38
PTGC.2020.291.17.34.38,PTGC,2020.291.17.34.38,unlabelled,,,,,0,0,0.0,0.0,,,5.959000110626221,-74.3219985961914,3.51,1.6,4.199,-72.133833,170.0,311.04,308.83
PTGC.2020.291.20.44.27,PTGC,2020.291.20.44.27,unlabelled,,,,,0,0,0.0,0.0,,,5.21999979019165,-73.05500030517578,12.93,2.0,4.199,-72.133833,170.0,152.29,317.89
PTGC.2020.292.23.54.18,PTGC,2020.292.23.54.18,unlabelled,,,,,0,0,0.0,0.0,,,6.793000221252441,-73.125,146.05,2.4,4.199,-72.133833,170.0,307.16,339.09
PTGC.2020.293.00.10.26,PTGC,2020.293.00.10.26,unlabelled,,,,,0,0,0.0,0.0,,,3.446000099182129,-74.6760025024414,22.83,1.8,4.199,-72.133833,170.0,294.39,253.66
PTGC.2020.293.01.30.47,PTGC,2020.293.01.30.47,unlabelled,,,,,0,0,0.0,0.0,,,5.3429999351501465,-72.90899658203125,16.21,1.5,4.199,-72.133833,170.0,152.97,325.83
PTGC.2020.293.03.31.49,PTGC,2020.293.03.31.49,unlabelled,,,,,0,0,0.0,0.0,,,3.4779999256134033,-74.62100219726562,23.89,1.7,4.199,-72.133833,170.0,287.53,253.99
PTGC.2020.293.12.02.05,PTGC,2020.293.12.02.05,unlabelled,,,,,0,0,0.0,0.0,,,3.4839999675750732,-74.23500061035156,4.02,1.4,4.199,-72.133833,170.0,246.41,251.36
PTGC.2020.293.12.09.03,PTGC,2020.293.12.09.03,unlabelled,,,,,0,0,0.0,0.0,,,5.440999984741211,-74.70899963378906,25.23,1.6,4.199,-72.133833,170.0,316.96,295.78
PTGC.2020.294.22.36.48,PTGC,2020.294.22.36.48,unlabelled,,,,,0,0,0.0,0.0,,,5.310999870300293,-72.58300018310547,11.05,1.6,4.199,-72.133833,170.0,132.68,337.96
PTGC.2020.295.02.09.09,PTGC,2020.295.02.09.09,unlabelled,,,,,0,0,0.0,0.0,,,3.3259999752044678,-74.5199966430664,19.02,2.1,4.199,-72.133833,170.0,282.09,250.07
PTGC.2020.295.19.37.18,PTGC,2020.295.19.37.18,unlabelled,,,,,0,0,0.0,0.0,,,3.4809999465942383,-74.21900177001953,7.89,1.6,4.199,-72.133833,170.0,244.83,251.15
PTGC.2020.296.01.19.17,PTGC,2020.296.01.19.17,unlabelled,,,,,0,0,0.0,0.0,,,3.48799991607666,-74.21600341796875,10.06,2.2,4.199,-72.133833,170.0,244.27,251.3
PTGC.2020.297.03.09.48,PTGC,2020.297.03.09.48,unlabelled,,,,,0,0,0.0,0.0,,,3.427999973297119,-74.697998046875,26.35,1.8,4.199,-72.133833,170.0,297.3,253.42
PTGC.2020.297.12.00.04,PTGC,2020.297.12.00.04,unlabelled,,,,,0,0,0.0,0.0,,,3.311000108718872,-73.9990005493164,10.04,1.6,4.199,-72.133833,170.0,229.28,244.71
PTGC.2020.297.16.18.53,PTGC,2020.297.16.18.53,unlabelled,,,,,0,0,0.0,0.0,-2.05,-1.01,5.067999839782715,-73.2030029296875,0.0,1.5,4.199,-72.133833,170.0,152.67,309.05
PTGC.2020.297.23.14.51,PTGC,2020.297.23.14.51,unlabelled,,,,,0,0,0.0,0.0,,,3.48799991607666,-74.21199798583984,9.94,1.7,4.199,-72.133833,170.0,243.84,251.26
PTGC.2020.298.02.10.14,PTGC,2020.298.02.10.14,unlabelled,,,,,0,0,0.0,0.0,,,3.4800000190734863,-74.23200225830078,11.35,1.5,4.199,-72.133833,170.0,246.23,251.23
PTGC.2020.299.01.26.30,PTGC,2020.299.01.26.30,unlabelled,,,,,0,0,0.0,0.0,,,4.573999881744385,-74.70099639892578,34.96,1.5,4.199,-72.133833,170.0,287.94,278.38
PTGC.2020.299.12.09.07,PTGC,2020.299.12.09.07,unlabelled,,,,,0,0,0.0,0.0,,,4.770999908447266,-74.77400207519531,24.88,1.7,4.199,-72.133833,170.0,299.76,282.28
PTGC.2020.299.12.36.03,PTGC,2020.299.12.36.03,unlabelled,,,,,0,0,0.0,0.0,,,3.441999912261963,-74.19599914550781,8.24,1.8,4.199,-72.133833,170.0,243.87,250.0
PTGC.2020.299.19.34.45,PTGC,2020.299.19.34.45,unlabelled,,,,,0,0,0.0,0.0,,,5.640999794006348,-73.45600128173828,15.98,1.5,4.199,-72.133833,170.0,216.64,317.45
PTGC.2020.299.21.41.43,PTGC,2020.299.21.41.43,unlabelled,,,,,0,0,0.0,0.0,,,3.509999990463257,-74.20099639892578,12.99,1.7,4.199,-72.133833,170.0,241.91,251.71
PTGC.2020.300.17.16.57,PTGC,2020.300.17.16.57,unlabelled,,,,,0,0,0.0,0.0,,,3.947000026702881,-73.64399719238281,25.23,1.5,4.199,-72.133833,170.0,169.99,260.62
PTGC.2020.301.13.32.42,PTGC,2020.301.13.32.42,unlabelled,,,,,0,0,0.0,0.0,,,3.4739999771118164,-74.21499633789062,2.38,1.2,4.199,-72.133833,170.0,244.66,250.94
PTGC.2020.301.16.41.49,PTGC,2020.301.16.41.49,unlabelled,,,,,0,0,0.0,0.0,,,3.5350000858306885,-74.52400207519531,20.2,1.2,4.199,-72.133833,170.0,275.44,254.62
PTGC.2020.302.02.06.00,PTGC,2020.302.02.06.00,unlabelled,,,,,0,0,0.0,0.0,,,6.2870001792907715,-72.13500213623047,22.77,1.6,4.199,-72.133833,170.0,230.9,359.97
PTGC.2020.302.04.08.42,PTGC,2020.302.04.08.42,unlabelled,,,,,0,0,0.0,0.0,,,3.509000062942505,-74.21399688720703,11.0,1.8,4.199,-72.133833,170.0,243.31,251.8
PTGC.2020.302.06.56.04,PTGC,2020.302.06.56.04,unlabelled,,,,,0,0,0.0,0.0,,,7.001999855041504,-72.2959976196289,21.84,1.7,4.199,-72.133833,170.0,310.49,356.69
PTGC.2020.302.09.41.58,PTGC,2020.302.09.41.58,unlabelled,,,,,0,0,0.0,0.0,,,4.10699987411499,-75.00599670410156,19.67,3.0,4.199,-72.133833,170.0,319.06,268.28
PTGC.2020.302.11.05.56,PTGC,2020.302.11.05.56,unlabelled,,,,,0,0,0.0,0.0,,,5.251999855041504,-74.57499694824219,30.04,1.5,4.199,-72.133833,170.0,294.8,293.36
PTGC.2020.302.23.19.20,PTGC,2020.302.23.19.20,unlabelled,,,,,0,0,0.0,0.0,-0.29,,5.135000228881836,-73.0009994506836,10.82,1.9,4.199,-72.133833,170.0,141.32,317.12
PTGC.2020.304.04.51.12,PTGC,2020.304.04.51.12,unlabelled,,,,,0,0,0.0,0.0,,,4.734000205993652,-74.68099975585938,28.05,1.6,4.199,-72.133833,170.0,288.82,281.92
PTGC.2020.304.15.26.15,PTGC,2020.304.15.26.15,unlabelled,,,,,0,0,0.0,0.0,,,5.248000144958496,-73.2249984741211,4.1,1.9,4.199,-72.133833,170.0,167.66,313.82
PTGC.2020.305.02.44.32,PTGC,2020.305.02.44.32,unlabelled,,,,,0,0,0.0,0.0,,,3.5510001182556152,-74.27899932861328,12.99,1.9,4.199,-72.133833,170.0,248.8,253.34
PTGC.2020.305.05.19.24,PTGC,2020.305.05.19.24,unlabelled,,,,,0,0,0.0,0.0,,,3.4800000190734863,-74.20999908447266,5.25,1.8,4.199,-72.133833,170.0,243.92,251.05
PTGC.2020.305.10.09.38,PTGC,2020.305.10.09.38,unlabelled,,,,,0,0,0.0,0.0,,,3.5220000743865967,-74.20500183105469,7.01,1.8,4.199,-72.133833,170.0,241.92,252.05
PTGC.2020.306.00.14.17,PTGC,2020.306.00.14.17,unlabelled,,,,,0,0,0.0,0.0,,,6.692999839782715,-71.96499633789062,22.3,2.0,4.199,-72.133833,170.0,276.43,3.87
PTGC.2020.306.05.07.01,PTGC,2020.306.05.07.01,unlabelled,,,,,0,0,0.0,0.0,-1.08,,5.199999809265137,-73.0,15.39,2.0,4.199,-72.133833,170.0,146.59,319.07
PTGC.2020.306.09.11.17,PTGC,2020.306.09.11.17,unlabelled,,,,,0,0,0.0,0.0,,,3.4630000591278076,-74.1969985961914,9.59,1.8,4.199,-72.133833,170.0,243.18,250.52
PTGC.2020.306.11.31.26,PTGC,2020.306.11.31.26,unlabelled,,,,,0,0,0.0,0.0,,,5.64900016784668,-73.46199798583984,15.39,1.5,4.199,-72.133833,170.0,217.74,317.48
PTGC.2020.306.12.44.17,PTGC,2020.306.12.44.17,unlabelled,,,,,0,0,0.0,0.0,,,3.4609999656677246,-74.20099639892578,7.3,0.7,4.199,-72.133833,170.0,243.68,250.5
PTGC.2020.308.03.23.28,PTGC,2020.308.03.23.28,unlabelled,,,,,0,0,0.0,0.0,,,3.4760000705718994,-74.21800231933594,7.54,1.8,4.199,-72.133833,170.0,244.91,251.02
PTGC.2020.308.06.51.07,PTGC,2020.308.06.51.07,unlabelled,,,,,0,0,0.0,0.0,,,3.552000045776367,-74.28099822998047,9.82,1.8,4.199,-72.133833,170.0,248.98,253.37
PTGC.2020.308.09.03.28,PTGC,2020.308.09.03.28,unlabelled,,,,,0,0,0.0,0.0,,,5.77400016784668,-72.78500366210938,20.16,1.5,4.199,-72.133833,170.0,188.54,337.51
PTGC.2020.308.14.44.14,PTGC,2020.308.14.44.14,unlabelled,,,,,0,0,0.0,0.0,,,3.4820001125335693,-74.19599914550781,6.37,2.1,4.199,-72.133833,170.0,242.38,250.98
PTGC.2020.308.14.51.19,PTGC,2020.308.14.51.19,unlabelled,,,,,0,0,0.0,0.0,,,5.190999984741211,-73.09400177001953,19.14,1.8,4.199,-72.133833,170.0,152.91,315.88
PTGC.2020.310.04.27.42,PTGC,2020.310.04.27.42,unlabelled,,,,,0,0,0.0,0.0,,,4.724999904632568,-74.86100006103516,13.12,1.8,4.199,-72.133833,170.0,308.21,280.98
PTGC.2020.310.12.17.18,PTGC,2020.310.12.17.18,unlabelled,,,,,0,0,0.0,0.0,,,6.964000225067139,-72.18000030517578,4.53,1.7,4.199,-72.133833,170.0,305.81,359.04
PTGC.2020.312.00.08.29,PTGC,2020.312.00.08.29,unlabelled,,,,,0,0,0.0,0.0,,,4.502999782562256,-74.76699829101562,28.4,1.9,4.199,-72.133833,170.0,294.21,276.66
PTGC.2020.312.23.03.58,PTGC,2020.312.23.03.58,unlabelled,,,,,0,0,0.0,0.0,,,6.28000020980835,-73.16200256347656,15.51,2.0,4.199,-72.133833,170.0,256.8,333.7
PTGC.2020.314.07.17.21,PTGC,2020.314.07.17.21,unlabelled,,,,,0,0,0.0,0.0,,,3.5199999809265137,-74.54100036621094,32.62,1.6,4.199,-72.133833,170.0,277.7,254.4
PTGC.2020.315.16.58.22,PTGC,2020.315.16.58.22,unlabelled,,,,,0,0,0.0,0.0,,,3.375999927520752,-74.45999908447266,25.12,1.7,4.199,-72.133833,170.0,273.94,250.68
PTGC.2020.316.16.51.53,PTGC,2020.316.16.51.53,unlabelled,,,,,0,0,0.0,0.0,,,4.521999835968018,-73.35700225830078,13.87,1.7,4.199,-72.133833,170.0,140.39,284.78
PTGC.2020.317.15.24.23,PTGC,2020.317.15.24.23,unlabelled,,,,,0,0,0.0,0.0,,,4.445000171661377,-73.19499969482422,0.0,1.6,4.199,-72.133833,170.0,120.89,283.04
PTGC.2020.318.06.17.32,PTGC,2020.318.06.17.32,unlabelled,,,,,0,0,0.0,0.0,,,5.6620001792907715,-73.46299743652344,15.27,1.7,4.199,-72.133833,170.0,218.87,317.71
PTGC.2020.318.23.46.14,PTGC,2020.318.23.46.14,unlabelled,,,,,0,0,0.0,0.0,,,6.047999858856201,-73.83599853515625,35.44,2.1,4.199,-72.133833,170.0,278.25,317.36
PTGC.2020.319.00.05.12,PTGC,2020.319.00.05.12,unlabelled,,,,,0,0,0.0,0.0,,,3.515000104904175,-74.13800048828125,23.83,1.8,4.199,-72.133833,170.0,235.1,251.3
PTGC.2020.319.22.48.19,PTGC,2020.319.22.48.19,unlabelled,,,,,0,0,0.0,0.0,,,3.499000072479248,-74.20500183105469,10.12,2.0,4.199,-72.133833,170.0,242.72,251.47
PTGC.2020.320.05.53.46,PTGC,2020.320.05.53.46,unlabelled,,,,,0,0,0.0,0.0,,,7.079999923706055,-72.2969970703125,16.33,1.8,4.199,-72.133833,170.0,319.11,356.76
PTGC.2020.320.15.04.53,PTGC,2020.320.15.04.53,unlabelled,,,,,0,0,0.0,0.0,,,3.484999895095825,-74.2229995727539,11.93,2.0,4.199,-72.133833,170.0,245.11,251.28
PTGC.2020.320.16.58.12,PTGC,2020.320.16.58.12,unlabelled,,,,,0,0,0.0,0.0,,,3.489000082015991,-74.21099853515625,7.07,1.2,4.199,-72.133833,170.0,243.7,251.28
PTGC.2020.321.00.34.35,PTGC,2020.321.00.34.35,unlabelled,,,,,0,0,0.0,0.0,,,5.453000068664551,-74.5479965209961,3.3,1.8,4.199,-72.133833,170.0,301.57,297.47
PTGC.2020.321.22.19.15,PTGC,2020.321.22.19.15,unlabelled,,,,,0,0,0.0,0.0,,,3.497999906539917,-74.2020034790039,10.23,1.9,4.199,-72.133833,170.0,242.44,251.42
PTGC.2020.322.00.24.34,PTGC,2020.322.00.24.34,unlabelled,,,,,0,0,0.0,0.0,,,4.711999893188477,-74.62999725341797,29.51,2.7,4.199,-72.133833,170.0,282.78,281.67
PTGC.2020.322.14.22.23,PTGC,2020.322.14.22.23,unlabelled,,,,,0,0,0.0,0.0,,,5.64300012588501,-73.02100372314453,2.78,1.7,4.199,-72.133833,170.0,187.56,328.39
PTGC.2020.322.14.47.15,PTGC,2020.322.14.47.15,unlabelled,,,,,0,0,0.0,0.0,,,3.49399995803833,-74.25700378417969,4.67,1.5,4.199,-72.133833,170.0,248.37,251.78
PTGC.2020.323.19.01.46,PTGC,2020.323.19.01.46,unlabelled,,,,,0,0,0.0,0.0,,,3.437999963760376,-74.17400360107422,6.43,1.5,4.199,-72.133833,170.0,241.73,249.7
PTGC.2020.324.02.30.05,PTGC,2020.324.02.30.05,unlabelled,,,,,0,0,0.0,0.0,,,3.447999954223633,-74.197998046875,8.24,1.5,4.199,-72.133833,170.0,243.85,250.16
PTGC.2020.324.14.01.57,PTGC,2020.324.14.01.57,unlabelled,,,,,0,0,0.0,0.0,,,3.50600004196167,-74.23300170898438,4.96,1.5,4.199,-72.133833,170.0,245.42,251.88
PTGC.2020.324.15.13.35,PTGC,2020.324.15.13.35,unlabelled,,,,,0,0,0.0,0.0,,,3.440000057220459,-74.18099975585938,15.98,1.5,4.199,-72.133833,170.0,242.38,249.81
PTGC.2020.325.02.32.28,PTGC,2020.325.02.32.28,unlabelled,,,,,0,0,0.0,0.0,,,3.5899999141693115,-74.39900207519531,24.88,1.6,4.199,-72.133833,170.0,260.44,255.09
PTGC.2020.325.17.54.17,PTGC,2020.325.17.54.17,unlabelled,,,,,0,0,0.0,0.0,,,4.809999942779541,-73.36699676513672,3.85,1.8,4.199,-72.133833,170.0,152.62,296.32
PTGC.2020.325.22.39.40,PTGC,2020.325.22.39.40,unlabelled,,,,,0,0,0.0,0.0,,,3.496999979019165,-74.20099639892578,11.05,2.4,4.199,-72.133833,170.0,242.37,251.39
PTGC.2020.326.16.43.38,PTGC,2020.326.16.43.38,unlabelled,,,,,0,0,0.0,0.0,,,5.10099983215332,-73.06199645996094,2.98,1.8,4.199,-72.133833,170.0,143.37,314.12
PTGC.2020.327.01.19.45,PTGC,2020.327.01.19.45,unlabelled,,,,,0,0,0.0,0.0,,,3.486999988555908,-74.21099853515625,12.93,1.6,4.199,-72.133833,170.0,243.78,251.23
PTGC.2020.327.17.29.55,PTGC,2020.327.17.29.55,unlabelled,,,,,0,0,0.0,0.0,,,3.4820001125335693,-74.21099853515625,12.23,1.6,4.199,-72.133833,170.0,243.95,251.11
PTGC.2020.327.18.41.48,PTGC,2020.327.18.41.48,unlabelled,,,,,0,0,0.0,0.0,,,5.711999893188477,-72.6050033569336,0.0,1.7,4.199,-72.133833,170.0,175.28,342.67
PTGC.2020.328.10.38.29,PTGC,2020.328.10.38.29,unlabelled,,,,,0,0,0.0,0.0,,,6.576000213623047,-73.45899963378906,9.27,2.8,4.199,-72.133833,170.0,301.1,330.87
PTGC.2020.329.02.05.02,PTGC,2020.329.02.05.02,unlabelled,,,,,0,0,0.0,0.0,,,6.4070000648498535,-73.1719970703125,13.63,2.5,4.199,-72.133833,170.0,269.93,334.81
PTGC.2020.329.03.42.03,PTGC,2020.329.03.42.03,unlabelled,,,,,0,0,0.0,0.0,,,6.486000061035156,-71.84700012207031,0.0,2.2,4.199,-72.133833,170.0,254.9,7.15
PTGC.2020.329.10.38.10,PTGC,2020.329.10.38.10,unlabelled,,,,,0,0,0.0,0.0,,,4.791999816894531,-74.60199737548828,27.52,1.7,4.199,-72.133833,170.0,281.65,283.56
PTGC.2020.329.17.36.58,PTGC,2020.329.17.36.58,unlabelled,,,,,0,0,0.0,0.0,,,3.4820001125335693,-74.2030029296875,8.54,1.6,4.199,-72.133833,170.0,243.12,251.04
PTGC.2020.330.02.50.13,PTGC,2020.330.02.50.13,unlabelled,,,,,0,0,0.0,0.0,,,6.468999862670898,-71.99400329589844,2.83,1.8,4.199,-72.133833,170.0,251.5,3.53
PTGC.2020.330.04.38.38,PTGC,2020.330.04.38.38,unlabelled,,,,,0,0,0.0,0.0,,,6.684999942779541,-73.01000213623047,13.63,1.8,4.199,-72.133833,170.0,291.55,340.59
PTGC.2020.330.11.23.38,PTGC,2020.330.11.23.38,unlabelled,,,,,0,0,0.0,0.0,,,3.4509999752044678,-74.2300033569336,7.77,1.6,4.199,-72.133833,170.0,247.08,250.51
PTGC.2020.330.18.01.33,PTGC,2020.330.18.01.33,unlabelled,,,,,0,0,0.0,0.0,,,3.489000082015991,-74.2030029296875,8.95,1.5,4.199,-72.133833,170.0,242.86,251.21
PTGC.2020.330.23.49.20,PTGC,2020.330.23.49.20,unlabelled,,,,,0,0,0.0,0.0,,,6.361999988555908,-71.97000122070312,0.0,1.9,4.199,-72.133833,170.0,239.88,4.33
PTGC.2020.331.01.08.21,PTGC,2020.331.01.08.21,unlabelled,,,,,0,0,0.0,0.0,,,4.999000072479248,-74.4729995727539,33.26,1.6,4.199,-72.133833,170.0,274.22,288.91
PTGC.2020.331.03.02.31,PTGC,2020.331.03.02.31,unlabelled,,,,,0,0,0.0,0.0,,,3.8529999256134033,-73.63800048828125,7.07,1.9,4.199,-72.133833,170.0,171.36,257.15
PTGC.2020.333.12.24.14,PTGC,2020.333.12.24.14,unlabelled,,,,,0,0,0.0,0.0,,,5.754000186920166,-73.15399932861328,9.94,2.0,4.199,-72.133833,170.0,205.84,326.7
PTGC.2020.333.22.47.36,PTGC,2020.333.22.47.36,unlabelled,,,,,0,0,0.0,0.0,,,3.4830000400543213,-74.16400146484375,0.0,1.6,4.199,-72.133833,170.0,238.99,250.72
PTGC.2020.334.14.29.28,PTGC,2020.334.14.29.28,unlabelled,,,,,0,0,0.0,0.0,,,3.489000082015991,-74.2030029296875,8.95,1.5,4.199,-72.133833,170.0,242.86,251.21
PTGC.2020.335.07.34.32,PTGC,2020.335.07.34.32,unlabelled,,,,,0,0,0.0,0.0,,,3.489000082015991,-74.20099639892578,10.12,1.6,4.199,-72.133833,170.0,242.65,251.19
PTGC.2020.336.03.24.59,PTGC,2020.336.03.24.59,unlabelled,,,,,0,0,0.0,0.0,,,3.9170000553131104,-75.06900024414062,22.71,1.7,4.199,-72.133833,170.0,327.42,264.64
PTGC.2020.336.14.20.52,PTGC,2020.336.14.20.52,unlabelled,,,,,0,0,0.0,0.0,,,3.51200008392334,-74.24099731445312,9.88,1.7,4.199,-72.133833,170.0,246.06,252.09
PTGC.2020.339.20.04.53,PTGC,2020.339.20.04.53,unlabelled,,,,,0,0,0.0,0.0,,,3.684000015258789,-72.68299865722656,0.0,1.8,4.199,-72.133833,170.0,83.44,226.98
PTGC.2020.340.10.10.55,PTGC,2020.340.10.10.55,unlabelled,,,,,0,0,0.0,0.0,,,5.735000133514404,-72.55400085449219,5.5,1.6,4.199,-72.133833,170.0,176.13,344.68
PTGC.2020.340.15.23.13,PTGC,2020.340.15.23.13,unlabelled,,,,,0,0,0.0,0.0,,,3.328000068664551,-74.70500183105469,23.24,1.5,4.199,-72.133833,170.0,301.41,251.45
PTGC.2020.340.22.23.14,PTGC,2020.340.22.23.14,unlabelled,,,,,0,0,0.0,0.0,,,6.90500020980835,-72.18199920654297,4.87,1.5,4.199,-72.133833,170.0,299.29,358.98
PTGC.2020.341.04.29.32,PTGC,2020.341.04.29.32,unlabelled,,,,,0,0,0.0,0.0,,,3.4700000286102295,-74.2030029296875,10.12,0.9,4.199,-72.133833,170.0,243.55,250.74
PTGC.2020.342.06.28.11,PTGC,2020.342.06.28.11,unlabelled,,,,,0,0,0.0,0.0,,,3.4089999198913574,-74.25599670410156,15.92,1.7,4.199,-72.133833,170.0,251.39,249.74
PTGC.2020.342.09.22.57,PTGC,2020.342.09.22.57,unlabelled,,,,,0,0,0.0,0.0,,,7.01200008392334,-72.25,15.86,1.5,4.199,-72.133833,170.0,311.34,357.64
PTGC.2020.342.12.21.39,PTGC,2020.342.12.21.39,unlabelled,,,,,0,0,0.0,0.0,,,3.61899995803833,-74.41799926757812,27.17,2.7,4.199,-72.133833,170.0,261.67,255.89
PTGC.2020.342.21.28.43,PTGC,2020.342.21.28.43,unlabelled,,,,,0,0,0.0,0.0,,,3.486999988555908,-74.2239990234375,10.59,1.5,4.199,-72.133833,170.0,245.14,251.34
PTGC.2020.343.10.26.19,PTGC,2020.343.10.26.19,unlabelled,,,,,0,0,0.0,0.0,,,3.486999988555908,-74.20700073242188,7.07,1.6,4.199,-72.133833,170.0,243.36,251.2
PTGC.2020.343.15.31.28,PTGC,2020.343.15.31.28,unlabelled,,,,,0,0,0.0,0.0,,,3.440000057220459,-74.23699951171875,19.73,1.9,4.199,-72.133833,170.0,248.22,250.31
PTGC.2020.343.19.15.48,PTGC,2020.343.19.15.48,unlabelled,,,,,0,0,0.0,0.0,,,5.97599983215332,-74.22599792480469,15.67,1.5,4.199,-72.133833,170.0,304.02,310.35
PTGC.2020.343.23.52.26,PTGC,2020.343.23.52.26,unlabelled,,,,,0,0,0.0,0.0,,,5.460999965667725,-72.6760025024414,15.98,1.9,4.199,-72.133833,170.0,151.96,336.71
PTGC.2020.344.19.00.53,PTGC,2020.344.19.00.53,unlabelled,,,,,0,0,0.0,0.0,,,3.453000068664551,-74.2300033569336,13.63,1.6,4.199,-72.133833,170.0,247.01,250.56
PTGC.2020.344.19.47.17,PTGC,2020.344.19.47.17,unlabelled,,,,,0,0,0.0,0.0,,,7.0970001220703125,-72.38099670410156,-0.01,1.6,4.199,-72.133833,170.0,321.64,355.13
PTGC.2020.347.04.19.52,PTGC,2020.347.04.19.52,unlabelled,,,,,0,0,0.0,0.0,-0.85,-2.4,5.11899995803833,-72.71199798583984,0.0,1.6,4.199,-72.133833,170.0,120.27,327.79
PTGC.2020.347.12.44.01,PTGC,2020.347.12.44.01,unlabelled,,,,,0,0,0.0,0.0,,,3.430999994277954,-74.6989974975586,16.04,1.7,4.199,-72.133833,170.0,297.31,253.49
PTGC.2020.347.20.36.25,PTGC,2020.347.20.36.25,unlabelled,,,,,0,0,0.0,0.0,,,3.4779999256134033,-74.27899932861328,10.12,1.7,4.199,-72.133833,170.0,251.25,251.57
PTGC.2020.348.04.27.49,PTGC,2020.348.04.27.49,unlabelled,,,,,0,0,0.0,0.0,,,6.650000095367432,-72.00599670410156,0.27,1.6,4.199,-72.133833,170.0,271.41,2.99
PTGC.2020.349.08.16.30,PTGC,2020.349.08.16.30,unlabelled,,,,,0,0,0.0,0.0,,,5.048999786376953,-73.27100372314453,0.0,1.7,4.199,-72.133833,170.0,157.34,306.73
PTGC.2020.350.04.41.03,PTGC,2020.350.04.41.03,unlabelled,,,,,0,0,0.0,0.0,,,4.480999946594238,-74.99800109863281,24.41,1.5,4.199,-72.133833,170.0,319.45,275.71
PTGC.2020.352.19.19.13,PTGC,2020.352.19.19.13,unlabelled,,,,,0,0,0.0,0.0,,,6.548999786376953,-73.05000305175781,-0.06,1.5,4.199,-72.133833,170.0,279.0,338.7
PTGC.2020.353.05.16.32,PTGC,2020.353.05.16.32,unlabelled,,,,,0,0,0.0,0.0,,,3.4579999446868896,-74.16000366210938,0.47,1.7,4.199,-72.133833,170.0,239.5,250.06
PTGC.2020.353.07.29.35,PTGC,2020.353.07.29.35,unlabelled,,,,,0,0,0.0,0.0,,,5.519000053405762,-74.45800018310547,30.98,2.2,4.199,-72.133833,170.0,296.25,299.61
PTGC.2020.355.06.51.48,PTGC,2020.355.06.51.48,unlabelled,,,,,0,0,0.0,0.0,,,4.86299991607666,-74.8270034790039,4.06,1.5,4.199,-72.133833,170.0,307.76,283.91
PTGC.2020.355.21.56.53,PTGC,2020.355.21.56.53,unlabelled,,,,,0,0,0.0,0.0,,,6.047999858856201,-73.197998046875,12.46,1.7,4.199,-72.133833,170.0,236.07,330.06
PTGC.2020.356.05.32.17,PTGC,2020.356.05.32.17,unlabelled,,,,,0,0,0.0,0.0,,,3.506999969482422,-74.2040023803711,10.29,1.5,4.199,-72.133833,170.0,242.33,251.66
PTGC.2020.357.16.37.31,PTGC,2020.357.16.37.31,unlabelled,,,,,0,0,0.0,0.0,,,6.455999851226807,-72.23100280761719,10.12,3.0,4.199,-72.133833,170.0,249.82,357.53
PTGC.2020.357.23.49.46,PTGC,2020.357.23.49.46,unlabelled,,,,,0,0,0.0,0.0,,,4.373000144958496,-73.82599639892578,7.3,1.5,4.199,-72.133833,170.0,188.83,275.91
PTGC.2020.358.18.12.37,PTGC,2020.358.18.12.37,unlabelled,,,,,0,0,0.0,0.0,,,3.490999937057495,-74.197998046875,12.93,1.7,4.199,-72.133833,170.0,242.27,251.22
PTGC.2020.358.20.51.09,PTGC,2020.358.20.51.09,unlabelled,,,,,0,0,0.0,0.0,,,6.625999927520752,-72.36499786376953,26.52,2.0,4.199,-72.133833,170.0,269.61,354.56
PTGC.2020.359.01.23.19,PTGC,2020.359.01.23.19,unlabelled,,,,,0,0,0.0,0.0,,,6.2829999923706055,-72.2030029296875,20.2,1.9,4.199,-72.133833,170.0,230.58,358.1
PTGC.2020.359.03.39.14,PTGC,2020.359.03.39.14,unlabelled,,,,,0,0,0.0,0.0,,,3.4739999771118164,-74.21800231933594,12.4,1.6,4.199,-72.133833,170.0,244.98,250.97
PTGC.2020.360.14.56.00,PTGC,2020.360.14.56.00,unlabelled,,,,,0,0,0.0,0.0,,,5.736999988555908,-72.70099639892578,-0.02,1.7,4.199,-72.133833,170.0,181.33,339.73
PTGC.2020.361.04.43.01,PTGC,2020.361.04.43.01,unlabelled,,,,,0,0,0.0,0.0,,,3.4809999465942383,-74.21499633789062,7.71,1.5,4.199,-72.133833,170.0,244.41,251.12
PTGC.2020.361.05.00.01,PTGC,2020.361.05.00.01,unlabelled,,,,,0,0,0.0,0.0,,,5.804999828338623,-73.10900115966797,0.07,1.5,4.199,-72.133833,170.0,207.93,328.7
PTGC.2020.361.09.18.08,PTGC,2020.361.09.18.08,unlabelled,,,,,0,0,0.0,0.0,,,3.4539999961853027,-74.19000244140625,6.07,1.9,4.199,-72.133833,170.0,242.79,250.24
PTGC.2020.361.15.57.35,PTGC,2020.361.15.57.35,unlabelled,,,,,0,0,0.0,0.0,,,3.447999954223633,-74.18800354003906,9.94,2.5,4.199,-72.133833,170.0,242.81,250.07
PTGC.2020.362.01.26.36,PTGC,2020.362.01.26.36,unlabelled,,,,,0,0,0.0,0.0,,,6.005000114440918,-73.48899841308594,-0.12,1.5,4.199,-72.133833,170.0,249.92,323.1
PTGC.2020.362.07.22.39,PTGC,2020.362.07.22.39,unlabelled,,,,,0,0,0.0,0.0,,,5.499000072479248,-72.43199920654297,0.0,2.8,4.199,-72.133833,170.0,147.51,347.06
PTGC.2020.362.07.25.00,PTGC,2020.362.07.25.00,unlabelled,,,,,0,0,0.0,0.0,,,3.421999931335449,-74.15299987792969,-0.04,2.4,4.199,-72.133833,170.0,240.17,249.11
PTGC.2020.363.10.28.47,PTGC,2020.363.10.28.47,unlabelled,,,,,0,0,0.0,0.0,,,5.709000110626221,-72.5250015258789,3.86,1.8,4.199,-72.133833,170.0,172.52,345.45
PTGC.2020.363.21.36.01,PTGC,2020.363.21.36.01,unlabelled,,,,,0,0,0.0,0.0,,,3.428999900817871,-74.16799926757812,9.59,2.1,4.199,-72.133833,170.0,241.45,249.42
PTGC.2020.363.23.20.26,PTGC,2020.363.23.20.26,unlabelled,,,,,0,0,0.0,0.0,,,6.414999961853027,-73.70099639892578,0.88,1.6,4.199,-72.133833,170.0,300.37,324.74
PTGC.2020.364.01.13.46,PTGC,2020.364.01.13.46,unlabelled,,,,,0,0,0.0,0.0,,,3.4739999771118164,-74.61599731445312,19.49,1.7,4.199,-72.133833,170.0,287.12,253.87
PTGC.2020.364.11.31.44,PTGC,2020.364.11.31.44,unlabelled,,,,,0,0,0.0,0.0,,,3.48799991607666,-74.52400207519531,15.8,2.3,4.199,-72.133833,170.0,276.87,253.59
PTGC.2020.365.04.16.57,PTGC,2020.365.04.16.57,unlabelled,,,,,0,0,0.0,0.0,,,5.105999946594238,-74.7239990234375,22.3,2.0,4.199,-72.133833,170.0,304.39,289.34
PTGC.2021.001.22.04.43,PTGC,2021.001.22.04.43,unlabelled,,,,,0,0,0.0,0.0,,,6.9670000076293945,-72.30000305175781,11.41,1.9,4.199,-72.133833,170.0,306.65,356.57
PTGC.2021.002.15.42.24,PTGC,2021.002.15.42.24,unlabelled,,,,,0,0,0.0,0.0,,,3.503000020980835,-74.58999633789062,20.43,2.2,4.199,-72.133833,170.0,283.45,254.33
PTGC.2021.003.13.24.05,PTGC,2021.003.13.24.05,unlabelled,,,,,0,0,0.0,0.0,,,6.936999797821045,-72.31099700927734,8.58,1.8,4.199,-72.133833,170.0,303.42,356.3
PTGC.2021.003.15.15.24,PTGC,2021.003.15.15.24,unlabelled,,,,,0,0,0.0,0.0,,,3.444000005722046,-74.2300033569336,13.63,1.6,4.199,-72.133833,170.0,247.34,250.35
PTGC.2021.003.16.29.57,PTGC,2021.003.16.29.57,unlabelled,,,,,0,0,0.0,0.0,,,3.430999994277954,-74.18800354003906,0.36,0.9,4.199,-72.133833,170.0,243.46,249.65
PTGC.2021.004.11.37.28,PTGC,2021.004.11.37.28,unlabelled,,,,,0,0,0.0,0.0,,,6.202000141143799,-72.322998046875,20.2,1.9,4.199,-72.133833,170.0,222.49,354.6
PTGC.2021.004.11.44.44,PTGC,2021.004.11.44.44,unlabelled,,,,,0,0,0.0,0.0,,,3.4860000610351562,-74.19000244140625,10.64,2.5,4.199,-72.133833,170.0,241.61,251.02
PTGC.2021.004.22.34.34,PTGC,2021.004.22.34.34,unlabelled,,,,,0,0,0.0,0.0,,,3.447999954223633,-74.18599700927734,7.07,1.1,4.199,-72.133833,170.0,242.6,250.05
PTGC.2021.005.15.43.20,PTGC,2021.005.15.43.20,unlabelled,,,,,0,0,0.0,0.0,,,3.382999897003174,-74.1760025024414,4.28,1.6,4.199,-72.133833,170.0,244.13,248.38
PTGC.2021.006.02.38.50,PTGC,2021.006.02.38.50,unlabelled,,,,,0,0,0.0,0.0,,,3.4739999771118164,-74.22000122070312,10.12,1.1,4.199,-72.133833,170.0,245.19,250.99
PTGC.2021.006.08.43.01,PTGC,2021.006.08.43.01,unlabelled,,,,,0,0,0.0,0.0,,,7.081999778747559,-72.06800079345703,1.4,2.0,4.199,-72.133833,170.0,318.9,1.31
PTGC.2021.006.13.48.00,PTGC,2021.006.13.48.00,unlabelled,,,,,0,0,0.0,0.0,,,3.2909998893737793,-74.51100158691406,26.11,1.9,4.199,-72.133833,170.0,282.51,249.26
PTGC.2021.006.15.39.35,PTGC,2021.006.15.39.35,unlabelled,,,,,0,0,0.0,0.0,,,6.504000186920166,-73.55899810791016,15.76,1.7,4.199,-72.133833,170.0,299.87,328.28
PTGC.2021.006.19.32.53,PTGC,2021.006.19.32.53,unlabelled,,,,,0,0,0.0,0.0,,,5.085000038146973,-73.08100128173828,0.0,2.1,4.199,-72.133833,170.0,143.68,313.03
PTGC.2021.007.06.31.27,PTGC,2021.007.06.31.27,unlabelled,,,,,0,0,0.0,0.0,-4.02,,5.164000034332275,-72.9990005493164,4.31,1.5,4.199,-72.133833,170.0,143.53,318.06
PTGC.2021.007.11.11.43,PTGC,2021.007.11.11.43,unlabelled,,,,,0,0,0.0,0.0,,,3.490999937057495,-74.197998046875,12.93,1.7,4.199,-72.133833,170.0,242.27,251.22
PTGC.2021.008.11.45.47,PTGC,2021.008.11.45.47,unlabelled,,,,,0,0,0.0,0.0,,,3.4730000495910645,-74.22000122070312,9.24,2.4,4.199,-72.133833,170.0,245.23,250.96
PTGC.2021.008.18.43.56,PTGC,2021.008.18.43.56,unlabelled,,,,,0,0,0.0,0.0,,,4.984000205993652,-74.6520004272461,32.73,1.8,4.199,-72.133833,170.0,292.6,287.36
PTGC.2021.008.21.55.44,PTGC,2021.008.21.55.44,unlabelled,,,,,0,0,0.0,0.0,,,3.4760000705718994,-74.20099639892578,6.37,1.2,4.199,-72.133833,170.0,243.12,250.87
PTGC.2021.011.02.21.40,PTGC,2021.011.02.21.40,unlabelled,,,,,0,0,0.0,0.0,,,3.502000093460083,-74.1969985961914,13.52,2.0,4.199,-72.133833,170.0,241.77,251.48
PTGC.2021.011.03.08.46,PTGC,2021.011.03.08.46,unlabelled,,,,,0,0,0.0,0.0,,,3.424999952316284,-74.24299621582031,19.02,1.5,4.199,-72.133833,170.0,249.42,250.0
PTGC.2021.011.07.16.04,PTGC,2021.011.07.16.04,unlabelled,,,,,0,0,0.0,0.0,,,3.444999933242798,-74.2020034790039,12.99,1.5,4.199,-72.133833,170.0,244.38,250.12
PTGC.2021.011.07.39.57,PTGC,2021.011.07.39.57,unlabelled,,,,,0,0,0.0,0.0,,,5.150000095367432,-73.10399627685547,12.93,1.8,4.199,-72.133833,170.0,150.48,314.37
PTGC.2021.011.09.12.40,PTGC,2021.011.09.12.40,unlabelled,,,,,0,0,0.0,0.0,,,3.7279999256134033,-74.18900299072266,12.99,1.7,4.199,-72.133833,170.0,234.1,257.22
PTGC.2021.011.09.22.58,PTGC,2021.011.09.22.58,unlabelled,,,,,0,0,0.0,0.0,,,3.7230000495910645,-74.18900299072266,15.86,1.6,4.199,-72.133833,170.0,234.23,257.09
PTGC.2021.012.07.02.55,PTGC,2021.012.07.02.55,unlabelled,,,,,0,0,0.0,0.0,,,3.8269999027252197,-73.69000244140625,13.4,1.6,4.199,-72.133833,170.0,177.64,256.67
PTGC.2021.013.07.15.18,PTGC,2021.013.07.15.18,unlabelled,,,,,0,0,0.0,0.0,,,5.192999839782715,-73.0780029296875,0.0,1.6,4.199,-72.133833,170.0,151.84,316.42
PTGC.2021.013.10.00.24,PTGC,2021.013.10.00.24,unlabelled,,,,,0,0,0.0,0.0,,,5.116000175476074,-72.96800231933594,3.25,1.6,4.199,-72.133833,170.0,137.29,317.65
PTGC.2021.013.13.12.24,PTGC,2021.013.13.12.24,unlabelled,,,,,0,0,0.0,0.0,,,5.085999965667725,-72.96700286865234,3.45,1.5,4.199,-72.133833,170.0,134.78,316.73
PTGC.2021.013.13.44.41,PTGC,2021.013.13.44.41,unlabelled,,,,,0,0,0.0,0.0,,,3.486999988555908,-74.20899963378906,13.93,2.6,4.199,-72.133833,170.0,243.57,251.21
PTGC.2021.013.15.38.28,PTGC,2021.013.15.38.28,unlabelled,,,,,0,0,0.0,0.0,,,3.509999990463257,-74.20700073242188,17.38,1.7,4.199,-72.133833,170.0,242.54,251.76
PTGC.2021.013.17.16.06,PTGC,2021.013.17.16.06,unlabelled,,,,,0,0,0.0,0.0,,,3.441999912261963,-74.19200134277344,11.93,2.7,4.199,-72.133833,170.0,243.45,249.96
PTGC.2021.014.06.19.12,PTGC,2021.014.06.19.12,unlabelled,,,,,0,0,0.0,0.0,,,3.437999963760376,-74.1719970703125,-0.03,1.5,4.199,-72.133833,170.0,241.52,249.68
PTGC.2021.014.15.12.08,PTGC,2021.014.15.12.08,unlabelled,,,,,0,0,0.0,0.0,,,6.09499979019165,-74.19599914550781,19.2,1.6,4.199,-72.133833,170.0,310.21,312.61
PTGC.2021.014.22.15.02,PTGC,2021.014.22.15.02,unlabelled,,,,,0,0,0.0,0.0,,,3.5309998989105225,-74.24500274658203,12.93,1.6,4.199,-72.133833,170.0,245.84,252.59
PTGC.2021.015.23.06.31,PTGC,2021.015.23.06.31,unlabelled,,,,,0,0,0.0,0.0,,,6.718999862670898,-71.85700225830078,37.0,1.7,4.199,-72.133833,170.0,280.36,6.27
PTGC.2021.016.09.52.07,PTGC,2021.016.09.52.07,unlabelled,,,,,0,0,0.0,0.0,-1.97,,5.070000171661377,-73.19300079345703,15.51,1.6,4.199,-72.133833,170.0,151.95,309.38
PTGC.2021.016.15.15.13,PTGC,2021.016.15.15.13,unlabelled,,,,,0,0,0.0,0.0,,,4.5279998779296875,-74.88700103759766,25.12,1.9,4.199,-72.133833,170.0,307.76,276.89
PTGC.2021.017.04.44.16,PTGC,2021.017.04.44.16,unlabelled,,,,,0,0,0.0,0.0,,,3.444000005722046,-74.20099639892578,10.64,1.9,4.199,-72.133833,170.0,244.31,250.09
PTGC.2021.017.05.52.19,PTGC,2021.017.05.52.19,unlabelled,,,,,0,0,0.0,0.0,,,6.159999847412109,-72.2969970703125,1.31,1.9,4.199,-72.133833,170.0,217.61,355.24
PTGC.2021.017.18.46.59,PTGC,2021.017.18.46.59,unlabelled,,,,,0,0,0.0,0.0,,,3.5369999408721924,-74.5009994506836,14.8,1.7,4.199,-72.133833,170.0,272.91,254.52
PTGC.2021.017.23.44.14,PTGC,2021.017.23.44.14,unlabelled,,,,,0,0,0.0,0.0,,,3.4609999656677246,-74.60700225830078,18.55,1.7,4.199,-72.133833,170.0,286.56,253.54
PTGC.2021.018.00.19.03,PTGC,2021.018.00.19.03,unlabelled,,,,,0,0,0.0,0.0,,,5.994999885559082,-72.03900146484375,15.8,1.7,4.199,-72.133833,170.0,198.89,3.03
PTGC.2021.018.21.12.43,PTGC,2021.018.21.12.43,unlabelled,,,,,0,0,0.0,0.0,,,4.400000095367432,-73.78900146484375,10.88,1.7,4.199,-72.133833,170.0,185.08,276.96
PTGC.2021.019.00.40.39,PTGC,2021.019.00.40.39,unlabelled,,,,,0,0,0.0,0.0,,,4.4770002365112305,-73.56800079345703,15.27,1.5,4.199,-72.133833,170.0,162.14,280.98
PTGC.2021.019.09.49.00,PTGC,2021.019.09.49.00,unlabelled,,,,,0,0,0.0,0.0,,,3.6989998817443848,-74.19000244140625,13.57,1.7,4.199,-72.133833,170.0,234.95,256.46
PTGC.2021.019.14.06.12,PTGC,2021.019.14.06.12,unlabelled,,,,,0,0,0.0,0.0,,,5.1539998054504395,-73.08399963378906,13.63,1.7,4.199,-72.133833,170.0,149.22,315.09
PTGC.2021.019.17.40.47,PTGC,2021.019.17.40.47,unlabelled,,,,,0,0,0.0,0.0,,,5.7769999504089355,-72.9990005493164,12.7,1.5,4.199,-72.133833,170.0,199.14,331.23
PTGC.2021.020.02.08.15,PTGC,2021.020.02.08.15,unlabelled,,,,,0,0,0.0,0.0,,,6.946000099182129,-71.802001953125,13.05,2.4,4.199,-72.133833,170.0,305.99,6.89
PTGC.2021.020.07.53.41,PTGC,2021.020.07.53.41,unlabelled,,,,,0,0,0.0,0.0,,,3.4719998836517334,-74.20700073242188,12.7,1.5,4.199,-72.133833,170.0,243.9,250.83
PTGC.2021.020.09.56.30,PTGC,2021.020.09.56.30,unlabelled,,,,,0,0,0.0,0.0,,,6.841000080108643,-72.18499755859375,3.97,1.6,4.199,-72.133833,170.0,292.22,358.89
PTGC.2021.020.16.15.31,PTGC,2021.020.16.15.31,unlabelled,,,,,0,0,0.0,0.0,,,5.671000003814697,-74.37300109863281,30.51,1.9,4.199,-72.133833,170.0,296.93,303.34
PTGC.2021.020.22.06.39,PTGC,2021.020.22.06.39,unlabelled,,,,,0,0,0.0,0.0,,,3.500999927520752,-74.21499633789062,19.02,1.2,4.199,-72.133833,170.0,243.7,251.61
PTGC.2021.022.00.26.22,PTGC,2021.022.00.26.22,unlabelled,,,,,0,0,0.0,0.0,,,3.8929998874664307,-74.9489974975586,40.59,1.5,4.199,-72.133833,170.0,314.43,263.92
PTGC.2021.022.10.30.19,PTGC,2021.022.10.30.19,unlabelled,,,,,0,0,0.0,0.0,,,6.239999771118164,-72.16999816894531,0.01,2.4,4.199,-72.133833,170.0,225.74,358.98
PTGC.2021.022.15.19.20,PTGC,2021.022.15.19.20,unlabelled,,,,,0,0,0.0,0.0,,,3.4790000915527344,-74.18699645996094,13.34,1.9,4.199,-72.133833,170.0,241.54,250.83
PTGC.2021.023.11.54.51,PTGC,2021.023.11.54.51,unlabelled,,,,,0,0,0.0,0.0,,,3.86299991607666,-73.677001953125,13.87,1.9,4.199,-72.133833,170.0,175.34,257.82
PTGC.2021.025.08.43.18,PTGC,2021.025.08.43.18,unlabelled,,,,,0,0,0.0,0.0,,,3.4820001125335693,-74.20600128173828,9.94,2.0,4.199,-72.133833,170.0,243.43,251.06
PTGC.2021.025.10.01.53,PTGC,2021.025.10.01.53,unlabelled,,,,,0,0,0.0,0.0,,,3.48799991607666,-74.21700286865234,9.47,2.1,4.199,-72.133833,170.0,244.37,251.3
PTGC.2021.025.15.52.38,PTGC,2021.025.15.52.38,unlabelled,,,,,0,0,0.0,0.0,,,3.4719998836517334,-74.2229995727539,14.16,2.3,4.199,-72.133833,170.0,245.58,250.96
PTGC.2021.026.12.26.40,PTGC,2021.026.12.26.40,unlabelled,,,,,0,0,0.0,0.0,,,3.4809999465942383,-74.23999786376953,9.3,1.7,4.199,-72.133833,170.0,247.04,251.33
PTGC.2021.026.13.06.42,PTGC,2021.026.13.06.42,unlabelled,,,,,0,0,0.0,0.0,,,4.589000225067139,-74.95700073242188,30.98,1.5,4.199,-72.133833,170.0,316.31,277.94
PTGC.2021.027.02.34.21,PTGC,2021.027.02.34.21,unlabelled,,,,,0,0,0.0,0.0,,,6.2270002365112305,-72.08699798583984,7.09,1.6,4.199,-72.133833,170.0,224.32,1.32
PTGC.2021.028.08.16.15,PTGC,2021.028.08.16.15,unlabelled,,,,,0,0,0.0,0.0,,,3.4609999656677246,-74.22599792480469,0.98,0.8,4.199,-72.133833,170.0,246.29,250.72
PTGC.2021.029.18.01.52,PTGC,2021.029.18.01.52,unlabelled,,,,,0,0,0.0,0.0,,,3.4809999465942383,-74.2229995727539,9.3,1.5,4.199,-72.133833,170.0,245.25,251.18
PTGC.2021.029.19.23.54,PTGC,2021.029.19.23.54,unlabelled,,,,,0,0,0.0,0.0,,,7.052999973297119,-72.1449966430664,14.53,4.3,4.199,-72.133833,170.0,315.61,359.78
PTGC.2021.029.23.22.04,PTGC,2021.029.23.22.04,unlabelled,,,,,0,0,0.0,0.0,,,5.281000137329102,-74.8030014038086,18.98,1.5,4.199,-72.133833,170.0,319.38,292.11
PTGC.2021.030.15.08.41,PTGC,2021.030.15.08.41,unlabelled,,,,,0,0,0.0,0.0,,,3.4779999256134033,-74.2030029296875,8.24,1.4,4.199,-72.133833,170.0,243.26,250.94
PTGC.2021.031.07.51.57,PTGC,2021.031.07.51.57,unlabelled,,,,,0,0,0.0,0.0,,,3.3510000705718994,-74.33499908447266,8.71,1.5,4.199,-72.133833,170.0,261.87,249.09
PTGC.2021.031.13.48.50,PTGC,2021.031.13.48.50,unlabelled,,,,,0,0,0.0,0.0,,,6.057000160217285,-74.31300354003906,6.7,1.9,4.199,-72.133833,170.0,317.16,310.47
PTGC.2021.031.18.15.36,PTGC,2021.031.18.15.36,unlabelled,,,,,0,0,0.0,0.0,,,3.566999912261963,-74.40699768066406,25.35,2.6,4.199,-72.133833,170.0,261.96,254.61
PTGC.2021.032.11.40.49,PTGC,2021.032.11.40.49,unlabelled,,,,,0,0,0.0,0.0,,,3.4779999256134033,-74.21299743652344,9.36,1.3,4.199,-72.133833,170.0,244.31,251.03
PTGC.2021.032.14.24.15,PTGC,2021.032.14.24.15,unlabelled,,,,,0,0,0.0,0.0,,,4.4710001945495605,-73.51499938964844,26.05,2.2,4.199,-72.133833,170.0,156.24,281.15
PTGC.2021.033.02.35.33,PTGC,2021.033.02.35.33,unlabelled,,,,,0,0,0.0,0.0,,,7.10099983215332,-72.12799835205078,0.94,1.8,4.199,-72.133833,170.0,320.92,0.12
PTGC.2021.033.09.50.00,PTGC,2021.033.09.50.00,unlabelled,,,,,0,0,0.0,0.0,-9.89,,6.507999897003174,-72.20099639892578,0.0,1.9,4.199,-72.133833,170.0,255.45,358.33
PTGC.2021.034.04.54.03,PTGC,2021.034.04.54.03,unlabelled,,,,,0,0,0.0,0.0,,,4.64900016784668,-74.86199951171875,27.7,1.8,4.199,-72.133833,170.0,306.86,279.44
PTGC.2021.034.15.11.23,PTGC,2021.034.15.11.23,unlabelled,,,,,0,0,0.0,0.0,,,3.436000108718872,-74.17500305175781,10.06,2.7,4.199,-72.133833,170.0,241.91,249.66
PTGC.2021.034.19.12.47,PTGC,2021.034.19.12.47,unlabelled,,,,,0,0,0.0,0.0,,,3.5309998989105225,-74.4469985961914,21.07,2.0,4.199,-72.133833,170.0,267.33,254.04
PTGC.2021.035.00.09.42,PTGC,2021.035.00.09.42,unlabelled,,,,,0,0,0.0,0.0,,,3.4549999237060547,-74.19400024414062,3.46,1.1,4.199,-72.133833,170.0,243.17,250.3
PTGC.2021.035.06.16.47,PTGC,2021.035.06.16.47,unlabelled,,,,,0,0,0.0,0.0,,,3.444999933242798,-74.18499755859375,9.71,2.1,4.199,-72.133833,170.0,242.61,249.97
PTGC.2021.035.18.49.49,PTGC,2021.035.18.49.49,unlabelled,,,,,0,0,0.0,0.0,,,3.4509999752044678,-74.18599700927734,7.77,1.5,4.199,-72.133833,170.0,242.48,250.13
PTGC.2021.036.13.08.22,PTGC,2021.036.13.08.22,unlabelled,,,,,0,0,0.0,0.0,,,3.4609999656677246,-74.1969985961914,9.94,1.5,4.199,-72.133833,170.0,243.26,250.47
PTGC.2021.036.17.21.16,PTGC,2021.036.17.21.16,unlabelled,,,,,0,0,0.0,0.0,,,5.728000164031982,-73.44400024414062,15.98,1.9,4.199,-72.133833,170.0,222.94,319.38
PTGC.2021.036.18.25.39,PTGC,2021.036.18.25.39,unlabelled,,,,,0,0,0.0,0.0,,,4.817999839782715,-73.4729995727539,19.02,1.5,4.199,-72.133833,170.0,163.62,294.78
PTGC.2021.036.22.20.21,PTGC,2021.036.22.20.21,unlabelled,,,,,0,0,0.0,0.0,,,3.4630000591278076,-74.60099792480469,19.26,1.8,4.199,-72.133833,170.0,285.86,253.54
PTGC.2021.037.03.00.53,PTGC,2021.037.03.00.53,unlabelled,,,,,0,0,0.0,0.0,,,7.103000164031982,-72.08300018310547,3.47,1.7,4.199,-72.133833,170.0,321.19,1.0
PTGC.2021.037.05.27.45,PTGC,2021.037.05.27.45,unlabelled,,,,,0,0,0.0,0.0,-3.28,,5.288000106811523,-72.94999694824219,15.98,1.8,4.199,-72.133833,170.0,150.67,323.09
PTGC.2021.037.23.22.40,PTGC,2021.037.23.22.40,unlabelled,,,,,0,0,0.0,0.0,,,3.51200008392334,-74.1760025024414,0.0,1.7,4.199,-72.133833,170.0,239.2,251.55
PTGC.2021.038.00.16.56,PTGC,2021.038.00.16.56,unlabelled,,,,,0,0,0.0,0.0,,,3.4820001125335693,-74.21299743652344,9.65,1.2,4.199,-72.133833,170.0,244.16,251.12
PTGC.2021.038.03.37.29,PTGC,2021.038.03.37.29,unlabelled,,,,,0,0,0.0,0.0,,,5.258999824523926,-73.0979995727539,13.05,1.7,4.199,-72.133833,170.0,158.69,317.66
PTGC.2021.039.06.47.09,PTGC,2021.039.06.47.09,unlabelled,,,,,0,0,0.0,0.0,,,3.446000099182129,-74.23200225830078,15.98,1.6,4.199,-72.133833,170.0,247.48,250.41
PTGC.2021.039.07.02.16,PTGC,2021.039.07.02.16,unlabelled,,,,,0,0,0.0,0.0,,,3.430999994277954,-74.2490005493164,13.4,1.5,4.199,-72.133833,170.0,249.82,250.2
PTGC.2021.039.17.21.44,PTGC,2021.039.17.21.44,unlabelled,,,,,0,0,0.0,0.0,,,4.964000225067139,-74.87300109863281,21.51,1.5,4.199,-72.133833,170.0,315.5,285.66
PTGC.2021.039.20.21.37,PTGC,2021.039.20.21.37,unlabelled,,,,,0,0,0.0,0.0,,,4.556000232696533,-74.9739990234375,4.12,1.6,4.199,-72.133833,170.0,317.71,277.24
PTGC.2021.040.03.54.38,PTGC,2021.040.03.54.38,unlabelled,,,,,0,0,0.0,0.0,,,6.461999893188477,-72.375,11.34,1.7,4.199,-72.133833,170.0,251.68,353.91
PTGC.2021.040.09.43.13,PTGC,2021.040.09.43.13,unlabelled,,,,,0,0,0.0,0.0,,,5.39900016784668,-73.572998046875,25.62,1.5,4.199,-72.133833,170.0,207.6,309.79
PTGC.2021.041.01.41.35,PTGC,2021.041.01.41.35,unlabelled,,,,,0,0,0.0,0.0,,,5.135000228881836,-73.08000183105469,23.48,2.5,4.199,-72.133833,170.0,147.42,314.63
PTGC.2021.041.02.13.19,PTGC,2021.041.02.13.19,unlabelled,,,,,0,0,0.0,0.0,,,7.0229997634887695,-72.0979995727539,25.99,1.8,4.199,-72.133833,170.0,312.32,0.73
PTGC.2021.041.03.54.37,PTGC,2021.041.03.54.37,unlabelled,,,,,0,0,0.0,0.0,,,4.416999816894531,-74.99600219726562,28.05,1.5,4.199,-72.133833,170.0,318.63,274.45
PTGC.2021.041.06.33.17,PTGC,2021.041.06.33.17,unlabelled,,,,,0,0,0.0,0.0,,,3.565000057220459,-74.1259994506836,32.62,1.5,4.199,-72.133833,170.0,232.1,252.49
PTGC.2021.041.07.05.21,PTGC,2021.041.07.05.21,unlabelled,,,,,0,0,0.0,0.0,,,5.71999979019165,-72.91600036621094,12.23,1.6,4.199,-72.133833,170.0,189.25,332.75
PTGC.2021.041.10.29.01,PTGC,2021.041.10.29.01,unlabelled,,,,,0,0,0.0,0.0,,,3.4549999237060547,-74.20500183105469,0.98,1.3,4.199,-72.133833,170.0,244.32,250.39
PTGC.2021.041.13.04.28,PTGC,2021.041.13.04.28,unlabelled,,,,,0,0,0.0,0.0,,,5.665999889373779,-73.072998046875,13.05,1.5,4.199,-72.133833,170.0,192.79,327.33
PTGC.2021.042.06.51.14,PTGC,2021.042.06.51.14,unlabelled,,,,,0,0,0.0,0.0,,,6.895999908447266,-72.18099975585938,26.76,2.3,4.199,-72.133833,170.0,298.29,359.0
PTGC.2021.042.07.32.16,PTGC,2021.042.07.32.16,unlabelled,,,,,0,0,0.0,0.0,,,6.952000141143799,-72.14700317382812,14.57,1.8,4.199,-72.133833,170.0,304.44,359.73
PTGC.2021.042.08.01.21,PTGC,2021.042.08.01.21,unlabelled,,,,,0,0,0.0,0.0,,,3.8320000171661377,-73.65499877929688,15.98,1.7,4.199,-72.133833,170.0,173.73,256.55
PTGC.2021.042.08.16.31,PTGC,2021.042.08.16.31,unlabelled,,,,,0,0,0.0,0.0,,,7.000999927520752,-72.13800048828125,6.96,1.7,4.199,-72.133833,170.0,309.86,359.91
PTGC.2021.043.06.32.36,PTGC,2021.043.06.32.36,unlabelled,,,,,0,0,0.0,0.0,,,3.486999988555908,-74.18499755859375,12.29,1.9,4.199,-72.133833,170.0,241.04,251.01
PTGC.2021.043.12.40.06,PTGC,2021.043.12.40.06,unlabelled,,,,,0,0,0.0,0.0,,,3.5880000591278076,-74.2239990234375,2.15,1.5,4.199,-72.133833,170.0,241.77,253.85
PTGC.2021.043.14.07.59,PTGC,2021.043.14.07.59,unlabelled,,,,,0,0,0.0,0.0,,,3.489000082015991,-74.21800231933594,11.29,1.7,4.199,-72.133833,170.0,244.44,251.34
PTGC.2021.044.01.45.35,PTGC,2021.044.01.45.35,unlabelled,,,,,0,0,0.0,0.0,,,4.7769999504089355,-73.37999725341797,15.86,1.6,4.199,-72.133833,170.0,152.35,294.85
PTGC.2021.044.08.19.35,PTGC,2021.044.08.19.35,unlabelled,,,,,0,0,0.0,0.0,,,6.050000190734863,-72.81500244140625,16.91,2.8,4.199,-72.133833,170.0,218.18,339.78
PTGC.2021.044.13.05.51,PTGC,2021.044.13.05.51,unlabelled,,,,,0,0,0.0,0.0,,,3.7320001125335693,-74.1709976196289,16.45,1.6,4.199,-72.133833,170.0,232.06,257.21
PTGC.2021.044.14.38.18,PTGC,2021.044.14.38.18,unlabelled,,,,,0,0,0.0,0.0,,,5.4070000648498535,-72.74800109863281,0.0,2.4,4.199,-72.133833,170.0,149.95,333.0
PTGC.2021.045.00.26.10,PTGC,2021.045.00.26.10,unlabelled,,,,,0,0,0.0,0.0,,,6.197000026702881,-72.35199737548828,21.72,1.7,4.199,-72.133833,170.0,222.27,353.76
PTGC.2021.045.23.55.19,PTGC,2021.045.23.55.19,unlabelled,,,,,0,0,0.0,0.0,,,3.9089999198913574,-73.49299621582031,8.5,1.5,4.199,-72.133833,170.0,154.29,258.05
PTGC.2021.046.05.27.24,PTGC,2021.046.05.27.24,unlabelled,,,,,0,0,0.0,0.0,,,6.4720001220703125,-72.19599914550781,13.86,1.6,4.199,-72.133833,170.0,251.45,358.43
PTGC.2021.048.07.41.37,PTGC,2021.048.07.41.37,unlabelled,,,,,0,0,0.0,0.0,,,5.775000095367432,-72.2959976196289,3.7,1.5,4.199,-72.133833,170.0,175.2,354.12
PTGC.2021.048.11.10.55,PTGC,2021.048.11.10.55,unlabelled,,,,,0,0,0.0,0.0,,,6.252999782562256,-74.23899841308594,15.24,2.4,4.199,-72.133833,170.0,325.66,314.31
PTGC.2021.048.14.24.18,PTGC,2021.048.14.24.18,unlabelled,,,,,0,0,0.0,0.0,,,3.4100000858306885,-74.30500030517578,8.95,1.5,4.199,-72.133833,170.0,256.46,250.19
PTGC.2021.048.15.30.30,PTGC,2021.048.15.30.30,unlabelled,,,,,0,0,0.0,0.0,,,3.4670000076293945,-74.20899963378906,6.6,1.5,4.199,-72.133833,170.0,244.29,250.72
PTGC.2021.049.18.17.02,PTGC,2021.049.18.17.02,unlabelled,,,,,0,0,0.0,0.0,,,5.672999858856201,-72.66799926757812,9.88,2.9,4.199,-72.133833,170.0,173.43,340.05
PTGC.2021.049.22.16.27,PTGC,2021.049.22.16.27,unlabelled,,,,,0,0,0.0,0.0,,,4.5229997634887695,-73.34600067138672,13.98,1.9,4.199,-72.133833,170.0,139.24,284.96
PTGC.2021.050.16.04.47,PTGC,2021.050.16.04.47,unlabelled,,,,,0,0,0.0,0.0,,,3.486999988555908,-74.19400024414062,8.95,1.5,4.199,-72.133833,170.0,241.99,251.08
PTGC.2021.050.17.18.44,PTGC,2021.050.17.18.44,unlabelled,,,,,0,0,0.0,0.0,,,3.496999979019165,-74.20500183105469,9.88,1.6,4.199,-72.133833,170.0,242.79,251.43
PTGC.2021.050.17.21.35,PTGC,2021.050.17.21.35,unlabelled,,,,,0,0,0.0,0.0,,,3.489000082015991,-74.23500061035156,12.93,1.7,4.199,-72.133833,170.0,246.23,251.48
PTGC.2021.050.18.03.57,PTGC,2021.050.18.03.57,unlabelled,,,,,0,0,0.0,0.0,,,3.490000009536743,-74.1989974975586,8.65,2.2,4.199,-72.133833,170.0,242.41,251.2
PTGC.2021.051.10.14.00,PTGC,2021.051.10.14.00,unlabelled,,,,,0,0,0.0,0.0,,,3.4649999141693115,-74.1449966430664,0.26,1.6,4.199,-72.133833,170.0,237.67,250.1
PTGC.2021.051.14.06.44,PTGC,2021.051.14.06.44,unlabelled,,,,,0,0,0.0,0.0,,,3.436000108718872,-74.19400024414062,15.98,1.4,4.199,-72.133833,170.0,243.89,249.83
PTGC.2021.051.15.40.35,PTGC,2021.051.15.40.35,unlabelled,,,,,0,0,0.0,0.0,,,3.555999994277954,-74.48200225830078,24.88,1.3,4.199,-72.133833,170.0,270.32,254.83
PTGC.2021.052.05.41.38,PTGC,2021.052.05.41.38,unlabelled,,,,,0,0,0.0,0.0,,,3.4519999027252197,-74.2020034790039,11.17,1.6,4.199,-72.133833,170.0,244.12,250.29
PTGC.2021.052.09.29.46,PTGC,2021.052.09.29.46,unlabelled,,,,,0,0,0.0,0.0,,,3.4619998931884766,-74.21499633789062,10.64,1.6,4.199,-72.133833,170.0,245.1,250.65
PTGC.2021.054.08.31.19,PTGC,2021.054.08.31.19,unlabelled,,,,,0,0,0.0,0.0,,,3.48799991607666,-74.27200317382812,13.28,1.5,4.199,-72.133833,170.0,250.16,251.76
PTGC.2021.054.12.42.30,PTGC,2021.054.12.42.30,unlabelled,,,,,0,0,0.0,0.0,,,3.4700000286102295,-74.91300201416016,1.68,1.8,4.199,-72.133833,170.0,319.04,255.46
PTGC.2021.054.14.16.09,PTGC,2021.054.14.16.09,unlabelled,,,,,0,0,0.0,0.0,,,5.364999771118164,-74.6729965209961,5.45,1.7,4.199,-72.133833,170.0,309.78,294.7
PTGC.2021.054.20.06.57,PTGC,2021.054.20.06.57,unlabelled,,,,,0,0,0.0,0.0,,,3.4839999675750732,-74.22799682617188,10.82,1.7,4.199,-72.133833,170.0,245.67,251.3
PTGC.2021.055.08.25.53,PTGC,2021.055.08.25.53,unlabelled,,,,,0,0,0.0,0.0,,,3.503000020980835,-74.21299743652344,8.01,1.5,4.199,-72.133833,170.0,243.42,251.64
PTGC.2021.055.14.32.37,PTGC,2021.055.14.32.37,unlabelled,,,,,0,0,0.0,0.0,,,3.441999912261963,-74.4729995727539,19.73,1.7,4.199,-72.133833,170.0,272.97,252.22
PTGC.2021.056.00.37.13,PTGC,2021.056.00.37.13,unlabelled,,,,,0,0,0.0,0.0,,,6.046999931335449,-74.23799896240234,5.8,1.6,4.199,-72.133833,170.0,310.14,311.31
PTGC.2021.056.07.01.09,PTGC,2021.056.07.01.09,unlabelled,,,,,0,0,0.0,0.0,,,3.4779999256134033,-74.2030029296875,8.24,1.4,4.199,-72.133833,170.0,243.26,250.94
PTGC.2021.057.02.54.44,PTGC,2021.057.02.54.44,unlabelled,,,,,0,0,0.0,0.0,,,3.4579999446868896,-74.21499633789062,0.04,1.5,4.199,-72.133833,170.0,245.25,250.55
PTGC.2021.057.11.27.45,PTGC,2021.057.11.27.45,unlabelled,,,,,0,0,0.0,0.0,,,3.4660000801086426,-74.18299865722656,11.58,2.5,4.199,-72.133833,170.0,241.61,250.47
PTGC.2021.057.18.36.26,PTGC,2021.057.18.36.26,unlabelled,,,,,0,0,0.0,0.0,,,4.617000102996826,-73.74400329589844,29.34,1.5,4.199,-72.133833,170.0,184.6,284.56
PTGC.2021.058.00.12.03,PTGC,2021.058.00.12.03,unlabelled,,,,,0,0,0.0,0.0,,,3.433000087738037,-74.18199920654297,0.06,2.0,4.199,-72.133833,170.0,242.75,249.65
PTGC.2021.058.05.07.47,PTGC,2021.058.05.07.47,unlabelled,,,,,0,0,0.0,0.0,,,6.764999866485596,-72.01000213623047,2.0,1.7,4.199,-72.133833,170.0,284.09,2.76
PTGC.2021.059.08.42.38,PTGC,2021.059.08.42.38,unlabelled,,,,,0,0,0.0,0.0,,,3.5920000076293945,-74.35700225830078,19.79,2.2,4.199,-72.133833,170.0,255.87,254.87
PTGC.2021.059.09.11.06,PTGC,2021.059.09.11.06,unlabelled,,,,,0,0,0.0,0.0,,,5.622000217437744,-73.06900024414062,12.93,1.6,4.199,-72.133833,170.0,188.47,326.65
PTGC.2021.060.11.37.21,PTGC,2021.060.11.37.21,unlabelled,,,,,0,0,0.0,0.0,,,3.6089999675750732,-74.4729995727539,23.01,1.5,4.199,-72.133833,170.0,267.86,255.98
PTGC.2021.060.18.29.32,PTGC,2021.060.18.29.32,unlabelled,,,,,0,0,0.0,0.0,,,5.168000221252441,-73.1259994506836,28.81,1.9,4.199,-72.133833,170.0,153.62,314.27
PTGC.2021.061.15.48.58,PTGC,2021.061.15.48.58,unlabelled,,,,,0,0,0.0,0.0,,,4.802999973297119,-73.25900268554688,5.41,1.7,4.199,-72.133833,170.0,141.61,298.18
PTGC.2021.062.03.03.33,PTGC,2021.062.03.03.33,unlabelled,,,,,0,0,0.0,0.0,,,5.123000144958496,-72.6449966430664,0.0,1.9,4.199,-72.133833,170.0,116.86,330.99
PTGC.2021.062.12.23.11,PTGC,2021.062.12.23.11,unlabelled,,,,,0,0,0.0,0.0,,,3.493000030517578,-74.21099853515625,19.26,2.2,4.199,-72.133833,170.0,243.56,251.38
PTGC.2021.062.23.38.30,PTGC,2021.062.23.38.30,unlabelled,,,,,0,0,0.0,0.0,,,4.2270002365112305,-73.62999725341797,16.45,1.7,4.199,-72.133833,170.0,166.13,271.12
PTGC.2021.063.08.41.23,PTGC,2021.063.08.41.23,unlabelled,,,,,0,0,0.0,0.0,,,4.494999885559082,-74.84400177001953,34.43,2.2,4.199,-72.133833,170.0,302.61,276.31
PTGC.2021.063.15.03.56,PTGC,2021.063.15.03.56,unlabelled,,,,,0,0,0.0,0.0,,,3.49399995803833,-74.19300079345703,11.64,1.5,4.199,-72.133833,170.0,241.63,251.25
PTGC.2021.063.21.12.36,PTGC,2021.063.21.12.36,unlabelled,,,,,0,0,0.0,0.0,,,3.5139999389648438,-74.25399780273438,14.96,1.9,4.199,-72.133833,170.0,247.37,252.24
PTGC.2021.064.02.52.10,PTGC,2021.064.02.52.10,unlabelled,,,,,0,0,0.0,0.0,,,3.4820001125335693,-74.19999694824219,9.36,1.9,4.199,-72.133833,170.0,242.8,251.01
PTGC.2021.064.08.02.59,PTGC,2021.064.08.02.59,unlabelled,,,,,0,0,0.0,0.0,,,5.7230000495910645,-73.75499725341797,17.18,1.5,4.199,-72.133833,170.0,246.43,313.21
PTGC.2021.065.02.33.02,PTGC,2021.065.02.33.02,unlabelled,,,,,0,0,0.0,0.0,,,5.447000026702881,-74.51100158691406,13.63,1.6,4.199,-72.133833,170.0,297.62,297.72
PTGC.2021.065.03.13.49,PTGC,2021.065.03.13.49,unlabelled,,,,,0,0,0.0,0.0,,,3.430000066757202,-74.18900299072266,8.36,1.7,4.199,-72.133833,170.0,243.6,249.64
PTGC.2021.065.07.56.54,PTGC,2021.065.07.56.54,unlabelled,,,,,0,0,0.0,0.0,,,5.747000217437744,-74.25399780273438,22.77,1.5,4.199,-72.133833,170.0,290.84,306.14
PTGC.2021.065.21.36.35,PTGC,2021.065.21.36.35,unlabelled,,,,,0,0,0.0,0.0,,,5.708000183105469,-72.73100280761719,18.67,1.8,4.199,-72.133833,170.0,179.53,338.38
PTGC.2021.065.22.03.29,PTGC,2021.065.22.03.29,unlabelled,,,,,0,0,0.0,0.0,,,6.0370001792907715,-72.58000183105469,0.0,1.6,4.199,-72.133833,170.0,209.19,346.34
PTGC.2021.066.04.38.51,PTGC,2021.066.04.38.51,unlabelled,,,,,0,0,0.0,0.0,-4.22,-0.63,3.6619999408721924,-73.91999816894531,13.16,1.7,4.199,-72.133833,170.0,207.07,253.4
PTGC.2021.066.23.58.52,PTGC,2021.066.23.58.52,unlabelled,,,,,0,0,0.0,0.0,,,3.7119998931884766,-74.01699829101562,7.01,1.9,4.199,-72.133833,170.0,215.96,255.63
PTGC.2021.067.18.00.51,PTGC,2021.067.18.00.51,unlabelled,,,,,0,0,0.0,0.0,,,3.302000045776367,-74.0,5.42,1.6,4.199,-72.133833,170.0,229.81,244.49
PTGC.2021.067.21.38.38,PTGC,2021.067.21.38.38,unlabelled,,,,,0,0,0.0,0.0,,,3.453000068664551,-74.19200134277344,6.84,1.5,4.199,-72.133833,170.0,243.03,250.23
PTGC.2021.068.03.45.05,PTGC,2021.068.03.45.05,unlabelled,,,,,0,0,0.0,0.0,,,6.364999771118164,-74.09100341796875,28.1,2.2,4.199,-72.133833,170.0,323.16,317.92
PTGC.2021.068.06.00.58,PTGC,2021.068.06.00.58,unlabelled,,,,,0,0,0.0,0.0,,,3.5369999408721924,-74.2770004272461,6.16,1.6,4.199,-72.133833,170.0,249.04,252.98
PTGC.2021.069.06.29.06,PTGC,2021.069.06.29.06,unlabelled,,,,,0,0,0.0,0.0,,,3.489000082015991,-74.21800231933594,11.29,1.7,4.199,-72.133833,170.0,244.44,251.34
PTGC.2021.069.07.08.19,PTGC,2021.069.07.08.19,unlabelled,,,,,0,0,0.0,0.0,,,3.4690001010894775,-74.21399688720703,11.23,2.3,4.199,-72.133833,170.0,244.74,250.81
PTGC.2021.069.15.46.42,PTGC,2021.069.15.46.42,unlabelled,,,,,0,0,0.0,0.0,,,5.413000106811523,-74.68000030517578,28.4,2.5,4.199,-72.133833,170.0,312.72,295.52
PTGC.2021.070.04.58.37,PTGC,2021.070.04.58.37,unlabelled,,,,,0,0,0.0,0.0,,,3.447999954223633,-74.21800231933594,11.05,1.6,4.199,-72.133833,170.0,245.94,250.34
PTGC.2021.070.14.21.23,PTGC,2021.070.14.21.23,unlabelled,,,,,0,0,0.0,0.0,,,3.51200008392334,-74.16200256347656,11.29,1.7,4.199,-72.133833,170.0,237.73,251.43
PTGC.2021.070.22.39.37,PTGC,2021.070.22.39.37,unlabelled,,,,,0,0,0.0,0.0,,,6.432000160217285,-73.51499938964844,23.13,1.8,4.199,-72.133833,170.0,290.54,328.26
PTGC.2021.071.00.47.25,PTGC,2021.071.00.47.25,unlabelled,,,,,0,0,0.0,0.0,,,3.446000099182129,-74.19200134277344,15.98,1.8,4.199,-72.133833,170.0,243.3,250.06
PTGC.2021.071.01.21.43,PTGC,2021.071.01.21.43,unlabelled,,,,,0,0,0.0,0.0,,,3.490000009536743,-74.23100280761719,15.92,1.9,4.199,-72.133833,170.0,245.77,251.47
PTGC.2021.071.02.57.53,PTGC,2021.071.02.57.53,unlabelled,,,,,0,0,0.0,0.0,,,3.3359999656677246,-74.36399841308594,22.77,1.9,4.199,-72.133833,170.0,265.47,249.01
PTGC.2021.071.08.16.55,PTGC,2021.071.08.16.55,unlabelled,,,,,0,0,0.0,0.0,,,4.364999771118164,-73.80899810791016,15.27,1.6,4.199,-72.133833,170.0,186.87,275.7
PTGC.2021.071.22.37.37,PTGC,2021.071.22.37.37,unlabelled,,,,,0,0,0.0,0.0,,,3.4730000495910645,-74.21900177001953,0.39,1.5,4.199,-72.133833,170.0,245.12,250.95
PTGC.2021.072.01.14.56,PTGC,2021.072.01.14.56,unlabelled,,,,,0,0,0.0,0.0,,,3.5859999656677246,-74.35399627685547,33.32,1.8,4.199,-72.133833,170.0,255.73,254.71
PTGC.2021.072.02.43.53,PTGC,2021.072.02.43.53,unlabelled,,,,,0,0,0.0,0.0,,,3.572999954223633,-73.9729995727539,23.24,1.8,4.199,-72.133833,170.0,215.68,251.34
PTGC.2021.072.22.30.04,PTGC,2021.072.22.30.04,unlabelled,,,,,0,0,0.0,0.0,,,5.144000053405762,-73.02899932861328,14.1,1.7,4.199,-72.133833,170.0,144.17,316.49
PTGC.2021.073.03.27.53,PTGC,2021.073.03.27.53,unlabelled,,,,,0,0,0.0,0.0,,,5.979000091552734,-72.427001953125,21.95,1.6,4.199,-72.133833,170.0,199.5,350.63
PTGC.2021.073.17.43.30,PTGC,2021.073.17.43.30,unlabelled,,,,,0,0,0.0,0.0,,,4.7210001945495605,-74.6719970703125,32.15,2.1,4.199,-72.133833,170.0,287.55,281.68
PTGC.2021.074.15.02.18,PTGC,2021.074.15.02.18,unlabelled,,,,,0,0,0.0,0.0,,,6.0269999504089355,-72.70800018310547,15.8,1.6,4.199,-72.133833,170.0,211.93,342.54
PTGC.2021.076.05.30.16,PTGC,2021.076.05.30.16,unlabelled,,,,,0,0,0.0,0.0,,,6.574999809265137,-73.05999755859375,1.48,2.9,4.199,-72.133833,170.0,282.08,338.7
PTGC.2021.076.08.10.45,PTGC,2021.076.08.10.45,unlabelled,,,,,0,0,0.0,0.0,,,3.364000082015991,-73.72899627685547,2.44,1.7,4.199,-72.133833,170.0,199.8,242.53
PTGC.2021.076.10.35.16,PTGC,2021.076.10.35.16,unlabelled,,,,,0,0,0.0,0.0,,,6.177000045776367,-73.80799865722656,2.14,1.7,4.199,-72.133833,170.0,286.87,319.76
PTGC.2021.077.05.51.13,PTGC,2021.077.05.51.13,unlabelled,,,,,0,0,0.0,0.0,,,3.8949999809265137,-74.20700073242188,2.23,2.1,4.199,-72.133833,170.0,232.65,261.77
PTGC.2021.077.22.35.12,PTGC,2021.077.22.35.12,unlabelled,,,,,0,0,0.0,0.0,,,3.4609999656677246,-74.177001953125,0.98,0.7,4.199,-72.133833,170.0,241.17,250.29
PTGC.2021.077.22.42.22,PTGC,2021.077.22.42.22,unlabelled,,,,,0,0,0.0,0.0,,,3.4739999771118164,-74.1989974975586,8.77,1.9,4.199,-72.133833,170.0,242.99,250.81
PTGC.2021.080.08.53.48,PTGC,2021.080.08.53.48,unlabelled,,,,,0,0,0.0,0.0,,,5.5929999351501465,-72.70800018310547,15.27,1.5,4.199,-72.133833,170.0,166.79,337.58
PTGC.2021.080.16.10.32,PTGC,2021.080.16.10.32,unlabelled,,,,,0,0,0.0,0.0,,,3.506999969482422,-74.21399688720703,19.9,2.1,4.199,-72.133833,170.0,243.38,251.75
PTGC.2021.081.17.26.40,PTGC,2021.081.17.26.40,unlabelled,,,,,0,0,0.0,0.0,,,3.25,-74.51000213623047,13.76,1.5,4.199,-72.133833,170.0,284.05,248.4
PTGC.2021.081.22.39.50,PTGC,2021.081.22.39.50,unlabelled,,,,,0,0,0.0,0.0,,,3.500999927520752,-74.19200134277344,12.46,1.5,4.199,-72.133833,170.0,241.28,251.41
PTGC.2021.082.00.06.34,PTGC,2021.082.00.06.34,unlabelled,,,,,0,0,0.0,0.0,,,3.49399995803833,-74.20899963378906,10.06,2.3,4.199,-72.133833,170.0,243.32,251.38
PTGC.2021.082.10.37.01,PTGC,2021.082.10.37.01,unlabelled,,,,,0,0,0.0,0.0,,,5.855000019073486,-74.3499984741211,11.61,1.6,4.199,-72.133833,170.0,306.48,306.78
PTGC.2021.083.07.21.24,PTGC,2021.083.07.21.24,unlabelled,,,,,0,0,0.0,0.0,,,3.3380000591278076,-74.48600006103516,24.88,1.7,4.199,-72.133833,170.0,278.08,250.06
PTGC.2021.084.07.33.51,PTGC,2021.084.07.33.51,unlabelled,,,,,0,0,0.0,0.0,,,3.49399995803833,-74.18900299072266,10.7,1.8,4.199,-72.133833,170.0,241.21,251.21
PTGC.2021.084.12.46.39,PTGC,2021.084.12.46.39,unlabelled,,,,,0,0,0.0,0.0,,,4.703999996185303,-73.13300323486328,-0.02,1.6,4.199,-72.133833,170.0,124.16,296.77
PTGC.2021.085.14.06.06,PTGC,2021.085.14.06.06,unlabelled,,,,,0,0,0.0,0.0,,,3.9590001106262207,-73.93000030517578,23.71,1.9,4.199,-72.133833,170.0,201.2,262.48
PTGC.2021.086.09.07.25,PTGC,2021.086.09.07.25,unlabelled,,,,,0,0,0.0,0.0,,,3.558000087738037,-74.38099670410156,3.17,1.8,4.199,-72.133833,170.0,259.45,254.22
PTGC.2021.087.10.25.23,PTGC,2021.087.10.25.23,unlabelled,,,,,0,0,0.0,0.0,,,4.60699987411499,-73.39700317382812,15.39,1.6,4.199,-72.133833,170.0,147.28,287.89
PTGC.2021.087.15.08.30,PTGC,2021.087.15.08.30,unlabelled,,,,,0,0,0.0,0.0,,,5.040999889373779,-73.00900268554688,7.95,1.7,4.199,-72.133833,170.0,134.53,313.83
PTGC.2021.087.15.52.03,PTGC,2021.087.15.52.03,unlabelled,,,,,0,0,0.0,0.0,,,5.159999847412109,-73.0260009765625,-0.03,2.1,4.199,-72.133833,170.0,145.23,317.07
PTGC.2021.088.04.45.17,PTGC,2021.088.04.45.17,unlabelled,,,,,0,0,0.0,0.0,,,4.48799991607666,-73.51499938964844,19.02,1.7,4.199,-72.133833,170.0,156.61,281.83
PTGC.2021.088.07.38.46,PTGC,2021.088.07.38.46,unlabelled,,,,,0,0,0.0,0.0,,,5.105000019073486,-73.05799865722656,0.0,1.6,4.199,-72.133833,170.0,143.36,314.37
PTGC.2021.088.13.01.54,PTGC,2021.088.13.01.54,unlabelled,,,,,0,0,0.0,0.0,,,5.203999996185303,-73.06199645996094,0.0,1.5,4.199,-72.133833,170.0,151.51,317.22
PTGC.2021.088.14.20.58,PTGC,2021.088.14.20.58,unlabelled,,,,,0,0,0.0,0.0,,,5.166999816894531,-73.08200073242188,12.23,1.7,4.199,-72.133833,170.0,150.08,315.54
PTGC.2021.088.17.07.39,PTGC,2021.088.17.07.39,unlabelled,,,,,0,0,0.0,0.0,,,3.4739999771118164,-74.21499633789062,2.38,1.2,4.199,-72.133833,170.0,244.66,250.94
PTGC.2021.089.00.11.09,PTGC,2021.089.00.11.09,unlabelled,,,,,0,0,0.0,0.0,-0.65,,3.4600000381469727,-74.1989974975586,4.79,1.2,4.199,-72.133833,170.0,243.5,250.46
PTGC.2021.089.12.14.48,PTGC,2021.089.12.14.48,unlabelled,,,,,0,0,0.0,0.0,,,3.4700000286102295,-74.18800354003906,10.12,1.3,4.199,-72.133833,170.0,241.98,250.61
PTGC.2021.089.14.21.31,PTGC,2021.089.14.21.31,unlabelled,,,,,0,0,0.0,0.0,,,5.1570000648498535,-73.24199676513672,0.0,1.6,4.199,-72.133833,170.0,162.29,310.79
PTGC.2021.089.18.22.18,PTGC,2021.089.18.22.18,unlabelled,,,,,0,0,0.0,0.0,,,3.7009999752044678,-74.2229995727539,16.8,2.4,4.199,-72.133833,170.0,238.46,256.72
PTGC.2021.090.03.34.25,PTGC,2021.090.03.34.25,unlabelled,,,,,0,0,0.0,0.0,,,3.311000108718872,-74.46399688720703,29.8,1.8,4.199,-72.133833,170.0,276.84,249.3
PTGC.2021.090.21.10.11,PTGC,2021.090.21.10.11,unlabelled,,,,,0,0,0.0,0.0,,,3.437999963760376,-74.20700073242188,15.98,2.0,4.199,-72.133833,170.0,245.17,250.0
PTGC.2021.091.00.12.36,PTGC,2021.091.00.12.36,unlabelled,,,,,0,0,0.0,0.0,,,4.747000217437744,-73.43699645996094,0.0,1.6,4.199,-72.133833,170.0,156.81,292.78
PTGC.2021.091.03.33.02,PTGC,2021.091.03.33.02,unlabelled,,,,,0,0,0.0,0.0,,,3.4690001010894775,-74.19300079345703,7.01,1.4,4.199,-72.133833,170.0,242.54,250.63
PTGC.2021.091.08.11.06,PTGC,2021.091.08.11.06,unlabelled,,,,,0,0,0.0,0.0,,,3.4670000076293945,-74.71600341796875,26.29,2.3,4.199,-72.133833,170.0,298.01,254.33
PTGC.2021.091.19.54.24,PTGC,2021.091.19.54.24,unlabelled,,,,,0,0,0.0,0.0,,,5.130000114440918,-73.00700378417969,0.0,1.7,4.199,-72.133833,170.0,141.37,316.77
PTGC.2021.093.02.31.37,PTGC,2021.093.02.31.37,unlabelled,,,,,0,0,0.0,0.0,,,6.7870001792907715,-73.20500183105469,0.03,1.5,4.199,-72.133833,170.0,309.83,337.52
PTGC.2021.093.12.41.05,PTGC,2021.093.12.41.05,unlabelled,,,,,0,0,0.0,0.0,,,3.496999979019165,-74.1729965209961,16.91,1.6,4.199,-72.133833,170.0,239.42,251.15
PTGC.2021.093.20.27.29,PTGC,2021.093.20.27.29,unlabelled,,,,,0,0,0.0,0.0,,,6.565999984741211,-72.72799682617188,0.01,1.7,4.199,-72.133833,170.0,269.91,345.91
PTGC.2021.094.10.21.15,PTGC,2021.094.10.21.15,unlabelled,,,,,0,0,0.0,0.0,,,4.7220001220703125,-74.58599853515625,38.42,2.4,4.199,-72.133833,170.0,278.23,282.09
PTGC.2021.094.17.42.56,PTGC,2021.094.17.42.56,unlabelled,,,,,0,0,0.0,0.0,,,6.617000102996826,-72.25199890136719,25.59,2.6,4.199,-72.133833,170.0,267.71,357.2
PTGC.2021.094.18.53.17,PTGC,2021.094.18.53.17,unlabelled,,,,,0,0,0.0,0.0,,,6.632999897003174,-72.27400207519531,0.89,1.9,4.199,-72.133833,170.0,269.61,356.7
PTGC.2021.094.19.12.27,PTGC,2021.094.19.12.27,unlabelled,,,,,0,0,0.0,0.0,,,6.574999809265137,-72.27300262451172,24.18,2.8,4.199,-72.133833,170.0,263.2,356.65
PTGC.2021.095.02.34.49,PTGC,2021.095.02.34.49,unlabelled,,,,,0,0,0.0,0.0,,,4.385000228881836,-73.81199645996094,12.29,1.5,4.199,-72.133833,170.0,187.42,276.36
PTGC.2021.095.03.18.52,PTGC,2021.095.03.18.52,unlabelled,,,,,0,0,0.0,0.0,,,5.885000228881836,-74.6050033569336,0.84,1.8,4.199,-72.133833,170.0,331.43,304.33
PTGC.2021.095.17.17.09,PTGC,2021.095.17.17.09,unlabelled,,,,,0,0,0.0,0.0,,,3.7739999294281006,-74.00900268554688,11.76,1.5,4.199,-72.133833,170.0,213.48,257.35
PTGC.2021.095.18.15.54,PTGC,2021.095.18.15.54,unlabelled,,,,,0,0,0.0,0.0,,,6.089000225067139,-72.37100219726562,13.05,2.0,4.199,-72.133833,170.0,210.65,352.84
PTGC.2021.095.23.15.44,PTGC,2021.095.23.15.44,unlabelled,,,,,0,0,0.0,0.0,,,5.671000003814697,-73.36699676513672,15.27,1.9,4.199,-72.133833,170.0,212.61,320.01
PTGC.2021.097.03.16.21,PTGC,2021.097.03.16.21,unlabelled,,,,,0,0,0.0,0.0,,,3.7360000610351562,-74.00399780273438,12.99,2.1,4.199,-72.133833,170.0,213.91,256.22
PTGC.2021.097.18.27.03,PTGC,2021.097.18.27.03,unlabelled,,,,,0,0,0.0,0.0,,,4.579999923706055,-74.75399780273438,28.81,2.7,4.199,-72.133833,170.0,293.86,278.34
PTGC.2021.098.14.52.01,PTGC,2021.098.14.52.01,unlabelled,,,,,0,0,0.0,0.0,,,6.689000129699707,-72.27300262451172,15.98,2.3,4.199,-72.133833,170.0,275.79,356.8
PTGC.2021.098.15.55.53,PTGC,2021.098.15.55.53,unlabelled,,,,,0,0,0.0,0.0,,,6.133999824523926,-73.81400299072266,0.0,1.5,4.199,-72.133833,170.0,283.7,319.03
PTGC.2021.099.08.28.30,PTGC,2021.099.08.28.30,unlabelled,,,,,0,0,0.0,0.0,,,3.9709999561309814,-74.03500366210938,2.51,1.8,4.199,-72.133833,170.0,212.6,263.26
PTGC.2021.100.00.25.56,PTGC,2021.100.00.25.56,unlabelled,,,,,0,0,0.0,0.0,,,6.119999885559082,-72.41500091552734,3.58,1.7,4.199,-72.133833,170.0,214.71,351.66
PTGC.2021.100.02.08.59,PTGC,2021.100.02.08.59,unlabelled,,,,,0,0,0.0,0.0,,,5.986000061035156,-72.93499755859375,18.55,1.5,4.199,-72.133833,170.0,216.66,335.83
PTGC.2021.100.06.41.22,PTGC,2021.100.06.41.22,unlabelled,,,,,0,0,0.0,0.0,,,6.4720001220703125,-73.53199768066406,19.85,1.6,4.199,-72.133833,170.0,295.29,328.41
PTGC.2021.101.04.54.08,PTGC,2021.101.04.54.08,unlabelled,,,,,0,0,0.0,0.0,,,3.50600004196167,-74.22000122070312,5.43,1.6,4.199,-72.133833,170.0,244.05,251.77
PTGC.2021.101.11.50.14,PTGC,2021.101.11.50.14,unlabelled,,,,,0,0,0.0,0.0,,,5.813000202178955,-74.08200073242188,9.21,1.7,4.199,-72.133833,170.0,280.23,309.64
PTGC.2021.101.11.51.20,PTGC,2021.101.11.51.20,unlabelled,,,,,0,0,0.0,0.0,,,5.85699987411499,-74.125,-0.02,1.7,4.199,-72.133833,170.0,287.0,309.79
PTGC.2021.101.12.01.55,PTGC,2021.101.12.01.55,unlabelled,,,,,0,0,0.0,0.0,,,5.906000137329102,-74.10800170898438,0.0,2.8,4.199,-72.133833,170.0,289.05,310.85
PTGC.2021.101.12.15.57,PTGC,2021.101.12.15.57,unlabelled,,,,,0,0,0.0,0.0,,,5.857999801635742,-74.14099884033203,1.44,1.8,4.199,-72.133833,170.0,288.44,309.58
PTGC.2021.101.13.40.50,PTGC,2021.101.13.40.50,unlabelled,,,,,0,0,0.0,0.0,,,3.4100000858306885,-74.1709976196289,3.74,1.6,4.199,-72.133833,170.0,242.52,248.98
PTGC.2021.102.15.32.12,PTGC,2021.102.15.32.12,unlabelled,,,,,0,0,0.0,0.0,,,4.466000080108643,-74.7969970703125,28.79,1.6,4.199,-72.133833,170.0,297.09,275.8
PTGC.2021.104.00.43.25,PTGC,2021.104.00.43.25,unlabelled,,,,,0,0,0.0,0.0,,,6.8520002365112305,-72.14399719238281,21.84,1.7,4.199,-72.133833,170.0,293.38,359.78
PTGC.2021.104.15.53.08,PTGC,2021.104.15.53.08,unlabelled,,,,,0,0,0.0,0.0,,,4.589000225067139,-74.93800354003906,24.88,1.7,4.199,-72.133833,170.0,314.22,277.99
PTGC.2021.105.04.03.47,PTGC,2021.105.04.03.47,unlabelled,,,,,0,0,0.0,0.0,,,3.9159998893737793,-73.66799926757812,16.68,1.8,4.199,-72.133833,170.0,173.21,259.65
PTGC.2021.107.16.02.05,PTGC,2021.107.16.02.05,unlabelled,,,,,0,0,0.0,0.0,,,5.829999923706055,-74.08300018310547,9.75,1.6,4.199,-72.133833,170.0,281.51,309.92
PTGC.2021.107.20.53.25,PTGC,2021.107.20.53.25,unlabelled,,,,,0,0,0.0,0.0,,,3.615999937057495,-74.38999938964844,22.07,1.5,4.199,-72.133833,170.0,258.73,255.65
PTGC.2021.108.04.13.53,PTGC,2021.108.04.13.53,unlabelled,,,,,0,0,0.0,0.0,,,5.616000175476074,-73.48600006103516,15.98,1.6,4.199,-72.133833,170.0,216.9,316.31
PTGC.2021.109.23.01.00,PTGC,2021.109.23.01.00,unlabelled,,,,,0,0,0.0,0.0,,,3.489000082015991,-74.21700286865234,10.06,2.1,4.199,-72.133833,170.0,244.34,251.33
PTGC.2021.110.00.36.12,PTGC,2021.110.00.36.12,unlabelled,,,,,0,0,0.0,0.0,,,3.4660000801086426,-74.1989974975586,-0.03,1.9,4.199,-72.133833,170.0,243.28,250.61
PTGC.2021.110.06.15.57,PTGC,2021.110.06.15.57,unlabelled,,,,,0,0,0.0,0.0,,,5.619999885559082,-72.81099700927734,11.29,1.7,4.199,-72.133833,170.0,174.16,334.48
PTGC.2021.110.13.16.41,PTGC,2021.110.13.16.41,unlabelled,,,,,0,0,0.0,0.0,,,6.570000171661377,-72.0790023803711,12.93,2.0,4.199,-72.133833,170.0,262.27,1.33
PTGC.2021.111.13.31.42,PTGC,2021.111.13.31.42,unlabelled,,,,,0,0,0.0,0.0,,,3.4170000553131104,-74.28600311279297,14.1,1.5,4.199,-72.133833,170.0,254.21,250.19
PTGC.2021.112.13.08.47,PTGC,2021.112.13.08.47,unlabelled,,,,,0,0,0.0,0.0,,,6.215000152587891,-73.87100219726562,15.41,1.9,4.199,-72.133833,170.0,294.6,319.25
PTGC.2021.112.13.15.52,PTGC,2021.112.13.15.52,unlabelled,,,,,0,0,0.0,0.0,,,3.950000047683716,-74.02200317382812,15.98,1.9,4.199,-72.133833,170.0,211.46,262.59
PTGC.2021.112.19.56.44,PTGC,2021.112.19.56.44,unlabelled,,,,,0,0,0.0,0.0,,,3.447999954223633,-74.18099975585938,1.45,0.9,4.199,-72.133833,170.0,242.07,250.01
PTGC.2021.113.01.57.24,PTGC,2021.113.01.57.24,unlabelled,,,,,0,0,0.0,0.0,,,3.8320000171661377,-73.66799926757812,15.98,1.6,4.199,-72.133833,170.0,175.13,256.66
PTGC.2021.113.06.37.55,PTGC,2021.113.06.37.55,unlabelled,,,,,0,0,0.0,0.0,,,3.51200008392334,-74.43800354003906,26.38,1.6,4.199,-72.133833,170.0,266.96,253.55
PTGC.2021.113.14.05.46,PTGC,2021.113.14.05.46,unlabelled,,,,,0,0,0.0,0.0,,,3.5299999713897705,-74.51799774169922,18.96,2.0,4.199,-72.133833,170.0,274.94,254.47
PTGC.2021.116.17.58.26,PTGC,2021.116.17.58.26,unlabelled,,,,,0,0,0.0,0.0,,,3.502000093460083,-74.15899658203125,20.55,1.7,4.199,-72.133833,170.0,237.77,251.16
PTGC.2021.117.04.33.17,PTGC,2021.117.04.33.17,unlabelled,,,,,0,0,0.0,0.0,,,5.8420000076293945,-72.51799774169922,15.98,2.4,4.199,-72.133833,170.0,186.62,346.82
PTGC.2021.117.08.15.52,PTGC,2021.117.08.15.52,unlabelled,,,,,0,0,0.0,0.0,,,6.741000175476074,-72.07499694824219,15.86,1.7,4.199,-72.133833,170.0,281.18,1.33
PTGC.2021.118.07.40.10,PTGC,2021.118.07.40.10,unlabelled,,,,,0,0,0.0,0.0,,,3.552000045776367,-74.39900207519531,27.93,1.6,4.199,-72.133833,170.0,261.56,254.2
PTGC.2021.118.08.52.41,PTGC,2021.118.08.52.41,unlabelled,,,,,0,0,0.0,0.0,,,4.006999969482422,-74.14199829101562,15.98,1.8,4.199,-72.133833,170.0,223.99,264.63
PTGC.2021.118.09.34.18,PTGC,2021.118.09.34.18,unlabelled,,,,,0,0,0.0,0.0,,,3.489000082015991,-74.15799713134766,17.85,1.6,4.199,-72.133833,170.0,238.14,250.82
PTGC.2021.118.22.27.46,PTGC,2021.118.22.27.46,unlabelled,,,,,0,0,0.0,0.0,,,3.571000099182129,-74.47799682617188,35.9,2.1,4.199,-72.133833,170.0,269.46,255.15
PTGC.2021.119.09.08.26,PTGC,2021.119.09.08.26,unlabelled,,,,,0,0,0.0,0.0,,,6.6529998779296875,-72.00599670410156,21.13,2.1,4.199,-72.133833,170.0,271.74,2.98
PTGC.2021.119.13.18.28,PTGC,2021.119.13.18.28,unlabelled,,,,,0,0,0.0,0.0,,,3.4609999656677246,-74.21099853515625,7.54,1.7,4.199,-72.133833,170.0,244.72,250.59
PTGC.2021.120.21.07.40,PTGC,2021.120.21.07.40,unlabelled,,,,,0,0,0.0,0.0,,,3.8259999752044678,-73.65899658203125,16.09,1.7,4.199,-72.133833,170.0,174.32,256.37
PTGC.2021.120.22.55.38,PTGC,2021.120.22.55.38,unlabelled,,,,,0,0,0.0,0.0,,,6.7270002365112305,-72.01100158691406,0.57,1.8,4.199,-72.133833,170.0,279.89,2.78
PTGC.2021.122.05.48.46,PTGC,2021.122.05.48.46,unlabelled,,,,,0,0,0.0,0.0,,,3.9730000495910645,-74.04299926757812,13.4,1.5,4.199,-72.133833,170.0,213.46,263.35
PTGC.2021.122.15.09.54,PTGC,2021.122.15.09.54,unlabelled,,,,,0,0,0.0,0.0,,,6.702000141143799,-72.71800231933594,12.93,1.8,4.199,-72.133833,170.0,284.26,346.86
PTGC.2021.122.17.17.06,PTGC,2021.122.17.17.06,unlabelled,,,,,0,0,0.0,0.0,,,3.4630000591278076,-74.17400360107422,12.99,2.1,4.199,-72.133833,170.0,240.78,250.31
PTGC.2021.125.10.44.19,PTGC,2021.125.10.44.19,unlabelled,,,,,0,0,0.0,0.0,,,6.553999900817871,-72.0270004272461,18.09,2.1,4.199,-72.133833,170.0,260.69,2.6
PTGC.2021.125.14.07.17,PTGC,2021.125.14.07.17,unlabelled,,,,,0,0,0.0,0.0,,,3.4570000171661377,-74.20099639892578,4.96,1.8,4.199,-72.133833,170.0,243.82,250.41
PTGC.2021.128.01.06.31,PTGC,2021.128.01.06.31,unlabelled,,,,,0,0,0.0,0.0,,,3.5840001106262207,-74.45600128173828,30.51,1.7,4.199,-72.133833,170.0,266.72,255.31
PTGC.2021.128.03.05.44,PTGC,2021.128.03.05.44,unlabelled,,,,,0,0,0.0,0.0,,,3.484999895095825,-74.1969985961914,12.58,1.7,4.199,-72.133833,170.0,242.38,251.06
PTGC.2021.128.05.10.03,PTGC,2021.128.05.10.03,unlabelled,,,,,0,0,0.0,0.0,,,5.426000118255615,-73.18900299072266,5.07,1.5,4.199,-72.133833,170.0,179.19,319.26
PTGC.2021.128.15.39.40,PTGC,2021.128.15.39.40,unlabelled,,,,,0,0,0.0,0.0,,,3.490999937057495,-74.2239990234375,8.71,1.7,4.199,-72.133833,170.0,245.0,251.44
PTGC.2021.131.09.46.59,PTGC,2021.131.09.46.59,unlabelled,,,,,0,0,0.0,0.0,,,4.803999900817871,-74.59600067138672,25.88,2.4,4.199,-72.133833,170.0,281.32,283.85
PTGC.2021.131.17.30.17,PTGC,2021.131.17.30.17,unlabelled,,,,,0,0,0.0,0.0,,,3.4639999866485596,-74.3219985961914,7.16,1.5,4.199,-72.133833,170.0,256.27,251.59
PTGC.2021.132.15.14.18,PTGC,2021.132.15.14.18,unlabelled,,,,,0,0,0.0,0.0,,,6.9720001220703125,-72.18599700927734,0.0,2.2,4.199,-72.133833,170.0,306.71,358.92
PTGC.2021.132.23.36.57,PTGC,2021.132.23.36.57,unlabelled,,,,,0,0,0.0,0.0,,,3.7239999771118164,-74.13099670410156,-0.04,1.5,4.199,-72.133833,170.0,227.93,256.75
PTGC.2021.133.20.25.20,PTGC,2021.133.20.25.20,unlabelled,,,,,0,0,0.0,0.0,,,6.53000020980835,-73.16999816894531,3.74,2.9,4.199,-72.133833,170.0,282.19,336.03
PTGC.2021.134.00.34.34,PTGC,2021.134.00.34.34,unlabelled,,,,,0,0,0.0,0.0,,,3.566999912261963,-73.90699768066406,12.7,1.5,4.199,-72.133833,170.0,208.97,250.52
PTGC.2021.134.00.36.32,PTGC,2021.134.00.36.32,unlabelled,,,,,0,0,0.0,0.0,,,3.553999900817871,-73.91899871826172,13.4,1.6,4.199,-72.133833,170.0,210.71,250.28
PTGC.2021.134.16.44.11,PTGC,2021.134.16.44.11,unlabelled,,,,,0,0,0.0,0.0,,,6.164000034332275,-72.4000015258789,-0.15,1.7,4.199,-72.133833,170.0,219.29,352.28
PTGC.2021.135.02.27.06,PTGC,2021.135.02.27.06,unlabelled,,,,,0,0,0.0,0.0,,,6.064000129699707,-72.3949966430664,4.81,1.5,4.199,-72.133833,170.0,208.26,352.02
PTGC.2021.135.04.51.12,PTGC,2021.135.04.51.12,unlabelled,,,,,0,0,0.0,0.0,,,5.288000106811523,-74.51699829101562,25.35,1.7,4.199,-72.133833,170.0,290.52,294.58
PTGC.2021.135.08.31.12,PTGC,2021.135.08.31.12,unlabelled,,,,,0,0,0.0,0.0,,,3.947000026702881,-74.10399627685547,0.0,1.8,4.199,-72.133833,170.0,220.53,262.81
PTGC.2021.136.05.03.24,PTGC,2021.136.05.03.24,unlabelled,,,,,0,0,0.0,0.0,,,7.063000202178955,-72.28399658203125,5.31,1.9,4.199,-72.133833,170.0,317.15,357.0
PTGC.2021.136.15.10.31,PTGC,2021.136.15.10.31,unlabelled,,,,,0,0,0.0,0.0,,,3.434999942779541,-74.18199920654297,11.35,2.6,4.199,-72.133833,170.0,242.68,249.7
PTGC.2021.136.20.29.24,PTGC,2021.136.20.29.24,unlabelled,,,,,0,0,0.0,0.0,,,3.632999897003174,-74.1259994506836,7.95,1.6,4.199,-72.133833,170.0,229.93,254.27
PTGC.2021.137.00.38.44,PTGC,2021.137.00.38.44,unlabelled,,,,,0,0,0.0,0.0,,,3.562999963760376,-74.24299621582031,12.23,1.5,4.199,-72.133833,170.0,244.58,253.36
PTGC.2021.137.01.09.24,PTGC,2021.137.01.09.24,unlabelled,,,,,0,0,0.0,0.0,,,5.9120001792907715,-72.53199768066406,28.59,1.5,4.199,-72.133833,170.0,194.51,346.9
PTGC.2021.137.05.07.22,PTGC,2021.137.05.07.22,unlabelled,,,,,0,0,0.0,0.0,,,3.51200008392334,-74.19599914550781,12.99,2.4,4.199,-72.133833,170.0,241.31,251.72
PTGC.2021.137.08.14.05,PTGC,2021.137.08.14.05,unlabelled,,,,,0,0,0.0,0.0,-4.5,,6.380000114440918,-72.43800354003906,15.98,2.2,4.199,-72.133833,170.0,243.53,352.06
PTGC.2021.137.20.13.25,PTGC,2021.137.20.13.25,unlabelled,,,,,0,0,0.0,0.0,,,3.621999979019165,-74.15399932861328,25.35,1.9,4.199,-72.133833,170.0,233.26,254.2
PTGC.2021.137.20.47.22,PTGC,2021.137.20.47.22,unlabelled,,,,,0,0,0.0,0.0,,,5.948999881744385,-72.55500030517578,22.89,1.8,4.199,-72.133833,170.0,199.08,346.45
PTGC.2021.138.03.47.40,PTGC,2021.138.03.47.40,unlabelled,,,,,0,0,0.0,0.0,,,3.325000047683716,-74.59200286865234,0.0,1.8,4.199,-72.133833,170.0,289.65,250.59
PTGC.2021.138.10.14.34,PTGC,2021.138.10.14.34,unlabelled,,,,,0,0,0.0,0.0,,,6.364999771118164,-72.39099884033203,0.0,1.7,4.199,-72.133833,170.0,241.21,353.22
PTGC.2021.138.18.49.02,PTGC,2021.138.18.49.02,unlabelled,,,,,0,0,0.0,0.0,,,3.494999885559082,-74.23699951171875,17.62,1.7,4.199,-72.133833,170.0,246.23,251.64
PTGC.2021.139.06.45.54,PTGC,2021.139.06.45.54,unlabelled,,,,,0,0,0.0,0.0,,,3.4549999237060547,-74.197998046875,12.7,1.9,4.199,-72.133833,170.0,243.59,250.33
PTGC.2021.139.17.23.08,PTGC,2021.139.17.23.08,unlabelled,,,,,0,0,0.0,0.0,,,3.3380000591278076,-74.73100280761719,37.77,1.6,4.199,-72.133833,170.0,303.8,251.82
PTGC.2021.140.06.45.10,PTGC,2021.140.06.45.10,unlabelled,,,,,0,0,0.0,0.0,-1.42,,6.377999782562256,-72.73400115966797,16.57,1.7,4.199,-72.133833,170.0,249.98,344.59
PTGC.2021.140.06.53.33,PTGC,2021.140.06.53.33,unlabelled,,,,,0,0,0.0,0.0,,,3.6389999389648438,-74.1259994506836,24.88,1.6,4.199,-72.133833,170.0,229.75,254.43
PTGC.2021.140.08.33.48,PTGC,2021.140.08.33.48,unlabelled,,,,,0,0,0.0,0.0,,,4.357999801635742,-73.79000091552734,11.93,1.5,4.199,-72.133833,170.0,184.69,275.52
PTGC.2021.140.16.04.41,PTGC,2021.140.16.04.41,unlabelled,,,,,0,0,0.0,0.0,,,4.136000156402588,-73.83499908447266,13.87,2.4,4.199,-72.133833,170.0,189.0,267.95
PTGC.2021.140.18.59.08,PTGC,2021.140.18.59.08,unlabelled,,,,,0,0,0.0,0.0,-0.62,,3.4690001010894775,-74.21199798583984,16.04,2.7,4.199,-72.133833,170.0,244.53,250.8
PTGC.2021.142.12.43.39,PTGC,2021.142.12.43.39,unlabelled,,,,,0,0,0.0,0.0,,,5.781000137329102,-72.62300109863281,15.74,1.4,4.199,-72.133833,170.0,183.16,342.79
PTGC.2021.142.16.54.37,PTGC,2021.142.16.54.37,unlabelled,,,,,0,0,0.0,0.0,,,4.083000183105469,-74.99400329589844,27.7,1.5,4.199,-72.133833,170.0,317.83,267.79
PTGC.2021.142.18.45.42,PTGC,2021.142.18.45.42,unlabelled,,,,,0,0,0.0,0.0,,,3.9539999961853027,-74.1050033569336,13.63,1.7,4.199,-72.133833,170.0,220.55,263.01
PTGC.2021.145.01.03.26,PTGC,2021.145.01.03.26,unlabelled,,,,,0,0,0.0,0.0,,,3.4170000553131104,-74.28399658203125,9.41,2.0,4.199,-72.133833,170.0,254.0,250.17
PTGC.2021.145.12.22.51,PTGC,2021.145.12.22.51,unlabelled,,,,,0,0,0.0,0.0,,,3.496999979019165,-74.23500061035156,10.12,1.7,4.199,-72.133833,170.0,245.95,251.67
PTGC.2021.145.19.53.11,PTGC,2021.145.19.53.11,unlabelled,,,,,0,0,0.0,0.0,,,6.203999996185303,-73.07599639892578,15.98,2.0,4.199,-72.133833,170.0,245.09,334.82
PTGC.2021.146.16.10.04,PTGC,2021.146.16.10.04,unlabelled,,,,,0,0,0.0,0.0,,,6.4710001945495605,-72.04199981689453,15.98,2.5,4.199,-72.133833,170.0,251.45,2.32
PTGC.2021.147.17.39.00,PTGC,2021.147.17.39.00,unlabelled,,,,,0,0,0.0,0.0,,,3.428999900817871,-74.64900207519531,12.86,1.5,4.199,-72.133833,170.0,292.06,253.14
PTGC.2021.149.13.52.15,PTGC,2021.149.13.52.15,unlabelled,,,,,0,0,0.0,0.0,,,3.4760000705718994,-74.18699645996094,10.76,2.0,4.199,-72.133833,170.0,241.65,250.75
PTGC.2021.150.00.40.48,PTGC,2021.150.00.40.48,unlabelled,,,,,0,0,0.0,0.0,,,3.4110000133514404,-74.71800231933594,23.3,2.3,4.199,-72.133833,170.0,299.97,253.2
PTGC.2021.150.08.39.47,PTGC,2021.150.08.39.47,unlabelled,,,,,0,0,0.0,0.0,,,4.702000141143799,-74.81300354003906,25.88,2.0,4.199,-72.133833,170.0,302.51,280.7
PTGC.2021.150.14.29.21,PTGC,2021.150.14.29.21,unlabelled,,,,,0,0,0.0,0.0,,,4.743000030517578,-74.66400146484375,24.3,1.9,4.199,-72.133833,170.0,287.18,282.19
PTGC.2021.151.23.42.08,PTGC,2021.151.23.42.08,unlabelled,,,,,0,0,0.0,0.0,,,3.3329999446868896,-74.26100158691406,9.47,2.2,4.199,-72.133833,170.0,254.95,248.01
PTGC.2021.152.05.47.14,PTGC,2021.152.05.47.14,unlabelled,,,,,0,0,0.0,0.0,,,3.4579999446868896,-74.18699645996094,-0.06,2.4,4.199,-72.133833,170.0,242.32,250.31
PTGC.2021.152.18.37.45,PTGC,2021.152.18.37.45,unlabelled,,,,,0,0,0.0,0.0,,,5.853000164031982,-72.61599731445312,22.54,1.8,4.199,-72.133833,170.0,190.56,343.73
PTGC.2021.153.08.51.20,PTGC,2021.153.08.51.20,unlabelled,,,,,0,0,0.0,0.0,,,6.564000129699707,-71.86799621582031,32.68,1.7,4.199,-72.133833,170.0,263.19,6.42
PTGC.2021.153.12.16.16,PTGC,2021.153.12.16.16,unlabelled,,,,,0,0,0.0,0.0,,,3.4719998836517334,-74.21600341796875,10.29,2.0,4.199,-72.133833,170.0,244.84,250.9
PTGC.2021.154.19.53.49,PTGC,2021.154.19.53.49,unlabelled,,,,,0,0,0.0,0.0,,,6.571000099182129,-73.55999755859375,21.62,1.5,4.199,-72.133833,170.0,306.24,328.99
PTGC.2021.154.22.18.40,PTGC,2021.154.22.18.40,unlabelled,,,,,0,0,0.0,0.0,,,3.3959999084472656,-74.21499633789062,13.16,2.5,4.199,-72.133833,170.0,247.63,249.06
PTGC.2021.155.18.57.13,PTGC,2021.155.18.57.13,unlabelled,,,,,0,0,0.0,0.0,,,6.270999908447266,-72.41799926757812,13.05,2.0,4.199,-72.133833,170.0,231.28,352.18
PTGC.2021.156.02.50.49,PTGC,2021.156.02.50.49,unlabelled,,,,,0,0,0.0,0.0,,,7.164999961853027,-72.55699920654297,11.05,2.9,4.199,-72.133833,170.0,331.33,351.89
PTGC.2021.156.03.21.11,PTGC,2021.156.03.21.11,unlabelled,,,,,0,0,0.0,0.0,,,5.656000137329102,-72.62799835205078,30.78,1.5,4.199,-72.133833,170.0,170.19,341.23
PTGC.2021.158.20.29.12,PTGC,2021.158.20.29.12,unlabelled,,,,,0,0,0.0,0.0,,,3.489000082015991,-74.197998046875,12.52,1.3,4.199,-72.133833,170.0,242.34,251.17
PTGC.2021.158.20.31.53,PTGC,2021.158.20.31.53,unlabelled,,,,,0,0,0.0,0.0,,,3.4679999351501465,-74.18599700927734,11.11,1.0,4.199,-72.133833,170.0,241.85,250.54
PTGC.2021.158.22.26.01,PTGC,2021.158.22.26.01,unlabelled,,,,,0,0,0.0,0.0,,,3.434000015258789,-73.85700225830078,12.7,1.8,4.199,-72.133833,170.0,209.26,246.22
PTGC.2021.159.08.22.58,PTGC,2021.159.08.22.58,unlabelled,,,,,0,0,0.0,0.0,,,4.380000114440918,-73.81600189208984,15.04,1.6,4.199,-72.133833,170.0,187.81,276.18
PTGC.2021.159.22.07.13,PTGC,2021.159.22.07.13,unlabelled,,,,,0,0,0.0,0.0,,,5.978000164031982,-72.49700164794922,18.79,1.8,4.199,-72.133833,170.0,200.81,348.45
PTGC.2021.160.02.11.59,PTGC,2021.160.02.11.59,unlabelled,,,,,0,0,0.0,0.0,,,3.493000030517578,-74.20700073242188,12.7,1.7,4.199,-72.133833,170.0,243.14,251.34
PTGC.2021.160.07.20.23,PTGC,2021.160.07.20.23,unlabelled,,,,,0,0,0.0,0.0,,,6.745999813079834,-72.0199966430664,0.74,1.9,4.199,-72.133833,170.0,281.94,2.56
PTGC.2021.160.11.17.47,PTGC,2021.160.11.17.47,unlabelled,,,,,0,0,0.0,0.0,,,4.554999828338623,-74.92500305175781,24.88,1.7,4.199,-72.133833,170.0,312.3,277.35
PTGC.2021.161.05.13.48,PTGC,2021.161.05.13.48,unlabelled,,,,,0,0,0.0,0.0,,,5.706999778747559,-72.71299743652344,19.02,1.8,4.199,-72.133833,170.0,178.7,338.96
PTGC.2021.161.09.13.24,PTGC,2021.161.09.13.24,unlabelled,,,,,0,0,0.0,0.0,,,6.440999984741211,-72.61399841308594,12.93,1.7,4.199,-72.133833,170.0,253.58,347.91
PTGC.2021.162.00.47.10,PTGC,2021.162.00.47.10,unlabelled,,,,,0,0,0.0,0.0,,,5.063000202178955,-74.27799987792969,15.92,1.8,4.199,-72.133833,170.0,256.38,291.96
PTGC.2021.163.07.55.58,PTGC,2021.163.07.55.58,unlabelled,,,,,0,0,0.0,0.0,,,6.943999767303467,-72.18599700927734,13.05,1.6,4.199,-72.133833,170.0,303.61,358.91
PTGC.2021.163.18.37.39,PTGC,2021.163.18.37.39,unlabelled,,,,,0,0,0.0,0.0,,,5.172999858856201,-73.00499725341797,21.13,1.9,4.199,-72.133833,170.0,144.72,318.13
PTGC.2021.164.01.32.11,PTGC,2021.164.01.32.11,unlabelled,,,,,0,0,0.0,0.0,,,5.706999778747559,-72.61399841308594,19.02,1.7,4.199,-72.133833,170.0,175.05,342.31
PTGC.2021.164.17.04.34,PTGC,2021.164.17.04.34,unlabelled,,,,,0,0,0.0,0.0,,,3.428999900817871,-74.2969970703125,12.75,3.3,4.199,-72.133833,170.0,254.91,250.56
PTGC.2021.164.23.20.57,PTGC,2021.164.23.20.57,unlabelled,,,,,0,0,0.0,0.0,,,3.4079999923706055,-74.2959976196289,16.21,1.9,4.199,-72.133833,170.0,255.59,250.06
PTGC.2021.165.05.14.43,PTGC,2021.165.05.14.43,unlabelled,,,,,0,0,0.0,0.0,,,6.548999786376953,-72.22799682617188,8.95,1.8,4.199,-72.133833,170.0,260.08,357.7
PTGC.2021.165.13.20.55,PTGC,2021.165.13.20.55,unlabelled,,,,,0,0,0.0,0.0,,,3.4630000591278076,-74.19599914550781,11.7,2.0,4.199,-72.133833,170.0,243.08,250.51
PTGC.2021.165.16.11.00,PTGC,2021.165.16.11.00,unlabelled,,,,,0,0,0.0,0.0,,,3.500999927520752,-74.17500305175781,0.98,1.8,4.199,-72.133833,170.0,239.49,251.27
PTGC.2021.165.18.34.37,PTGC,2021.165.18.34.37,unlabelled,,,,,0,0,0.0,0.0,,,4.047999858856201,-75.11900329589844,21.02,1.5,4.199,-72.133833,170.0,331.87,267.22
PTGC.2021.166.14.24.00,PTGC,2021.166.14.24.00,unlabelled,,,,,0,0,0.0,0.0,,,3.4670000076293945,-74.21499633789062,15.51,2.1,4.199,-72.133833,170.0,244.92,250.77
PTGC.2021.167.21.33.14,PTGC,2021.167.21.33.14,unlabelled,,,,,0,0,0.0,0.0,,,6.835000038146973,-72.18299865722656,15.98,2.1,4.199,-72.133833,170.0,291.55,358.93
PTGC.2021.168.05.50.16,PTGC,2021.168.05.50.16,unlabelled,,,,,0,0,0.0,0.0,,,6.757999897003174,-73.46199798583984,4.94,3.6,4.199,-72.133833,170.0,318.97,332.58
PTGC.2021.169.07.27.16,PTGC,2021.169.07.27.16,unlabelled,,,,,0,0,0.0,0.0,,,6.790999889373779,-71.95700073242188,0.0,1.6,4.199,-72.133833,170.0,287.3,3.9
PTGC.2021.176.08.35.03,PTGC,2021.176.08.35.03,unlabelled,,,,,0,0,0.0,0.0,,,3.484999895095825,-74.2040023803711,11.7,1.9,4.199,-72.133833,170.0,243.11,251.12
PTGC.2021.176.10.16.32,PTGC,2021.176.10.16.32,unlabelled,,,,,0,0,0.0,0.0,,,6.638999938964844,-71.8759994506836,3.82,1.7,4.199,-72.133833,170.0,271.33,6.03
PTGC.2021.177.18.31.26,PTGC,2021.177.18.31.26,unlabelled,,,,,0,0,0.0,0.0,,,5.291999816894531,-72.86900329589844,2.01,1.7,4.199,-72.133833,170.0,145.81,326.02
PTGC.2021.177.22.26.33,PTGC,2021.177.22.26.33,unlabelled,,,,,0,0,0.0,0.0,,,6.269999980926514,-72.37300109863281,14.48,1.8,4.199,-72.133833,170.0,230.55,353.41
PTGC.2021.178.01.23.02,PTGC,2021.178.01.23.02,unlabelled,,,,,0,0,0.0,0.0,,,3.364000082015991,-74.25800323486328,11.05,1.7,4.199,-72.133833,170.0,253.37,248.7
PTGC.2021.179.02.54.47,PTGC,2021.179.02.54.47,unlabelled,,,,,0,0,0.0,0.0,,,3.6530001163482666,-74.0719985961914,13.11,2.1,4.199,-72.133833,170.0,223.56,254.4
PTGC.2021.179.04.15.04,PTGC,2021.179.04.15.04,unlabelled,,,,,0,0,0.0,0.0,,,7.064000129699707,-72.24099731445312,1.55,1.8,4.199,-72.133833,170.0,317.05,357.86
PTGC.2021.180.22.18.12,PTGC,2021.180.22.18.12,unlabelled,,,,,0,0,0.0,0.0,,,6.0,-72.77300262451172,22.42,1.7,4.199,-72.133833,170.0,211.39,340.44
PTGC.2021.181.06.34.51,PTGC,2021.181.06.34.51,unlabelled,,,,,0,0,0.0,0.0,,,3.4670000076293945,-74.20099639892578,14.1,1.6,4.199,-72.133833,170.0,243.45,250.65
PTGC.2021.181.13.27.11,PTGC,2021.181.13.27.11,unlabelled,,,,,0,0,0.0,0.0,,,4.664999961853027,-74.71199798583984,27.7,1.8,4.199,-72.133833,170.0,290.75,280.31
PTGC.2021.183.04.34.23,PTGC,2021.183.04.34.23,unlabelled,,,,,0,0,0.0,0.0,,,3.51200008392334,-74.24099731445312,9.88,1.7,4.199,-72.133833,170.0,246.06,252.09
PTGC.2021.184.14.00.14,PTGC,2021.184.14.00.14,unlabelled,,,,,0,0,0.0,0.0,,,6.986999988555908,-72.30899810791016,15.98,2.0,4.199,-72.133833,170.0,308.92,356.41
PTGC.2021.185.03.47.22,PTGC,2021.185.03.47.22,unlabelled,,,,,0,0,0.0,0.0,,,6.609000205993652,-72.03399658203125,20.66,2.2,4.199,-72.133833,170.0,266.74,2.37
PTGC.2021.185.12.30.57,PTGC,2021.185.12.30.57,unlabelled,,,,,0,0,0.0,0.0,,,6.986000061035156,-71.83499908447266,0.0,2.7,4.199,-72.133833,170.0,309.97,6.12
PTGC.2021.185.22.55.23,PTGC,2021.185.22.55.23,unlabelled,,,,,0,0,0.0,0.0,,,6.311999797821045,-72.08300018310547,21.13,1.8,4.199,-72.133833,170.0,233.73,1.38
PTGC.2021.186.13.47.29,PTGC,2021.186.13.47.29,unlabelled,,,,,0,0,0.0,0.0,,,3.427000045776367,-74.2959976196289,13.16,2.0,4.199,-72.133833,170.0,254.88,250.51
PTGC.2021.186.20.09.35,PTGC,2021.186.20.09.35,unlabelled,,,,,0,0,0.0,0.0,,,3.299999952316284,-74.48100280761719,35.43,2.7,4.199,-72.133833,170.0,279.04,249.21
PTGC.2021.187.03.03.34,PTGC,2021.187.03.03.34,unlabelled,,,,,0,0,0.0,0.0,,,7.026000022888184,-72.27899932861328,10.35,2.2,4.199,-72.133833,170.0,313.04,357.06
PTGC.2021.187.06.55.45,PTGC,2021.187.06.55.45,unlabelled,,,,,0,0,0.0,0.0,,,5.116000175476074,-72.84500122070312,11.05,2.0,4.199,-72.133833,170.0,128.49,322.14
PTGC.2021.187.09.54.26,PTGC,2021.187.09.54.26,unlabelled,,,,,0,0,0.0,0.0,,,3.7190001010894775,-73.64600372314453,0.0,1.7,4.199,-72.133833,170.0,176.12,252.51
PTGC.2021.189.13.19.30,PTGC,2021.189.13.19.30,unlabelled,,,,,0,0,0.0,0.0,,,4.7820000648498535,-74.89199829101562,31.91,1.5,4.199,-72.133833,170.0,312.82,282.0
PTGC.2021.191.05.15.30,PTGC,2021.191.05.15.30,unlabelled,,,,,0,0,0.0,0.0,,,7.164000034332275,-72.13700103759766,0.0,1.8,4.199,-72.133833,170.0,327.89,359.94
PTGC.2021.191.14.48.40,PTGC,2021.191.14.48.40,unlabelled,,,,,0,0,0.0,0.0,,,3.4210000038146973,-74.16600036621094,9.88,1.8,4.199,-72.133833,170.0,241.56,249.21
PTGC.2021.193.04.52.30,PTGC,2021.193.04.52.30,unlabelled,,,,,0,0,0.0,0.0,,,3.260999917984009,-74.47799682617188,20.55,1.5,4.199,-72.133833,170.0,280.3,248.36
PTGC.2021.193.20.37.08,PTGC,2021.193.20.37.08,unlabelled,,,,,0,0,0.0,0.0,,,3.312999963760376,-73.8479995727539,16.98,1.5,4.199,-72.133833,170.0,214.14,242.83
PTGC.2021.194.07.05.58,PTGC,2021.194.07.05.58,unlabelled,,,,,0,0,0.0,0.0,,,4.739999771118164,-73.40899658203125,12.93,1.8,4.199,-72.133833,170.0,153.65,292.96
PTGC.2021.195.05.53.54,PTGC,2021.195.05.53.54,unlabelled,,,,,0,0,0.0,0.0,,,3.444000005722046,-74.16000366210938,2.62,1.1,4.199,-72.133833,170.0,240.04,249.72
PTGC.2021.195.19.30.11,PTGC,2021.195.19.30.11,unlabelled,,,,,0,0,0.0,0.0,,,3.5999999046325684,-74.38899993896484,14.92,1.7,4.199,-72.133833,170.0,259.08,255.27
PTGC.2021.196.01.44.40,PTGC,2021.196.01.44.40,unlabelled,,,,,0,0,0.0,0.0,,,5.0320000648498535,-74.7490005493164,25.12,1.8,4.199,-72.133833,170.0,304.45,287.71
PTGC.2021.196.10.28.40,PTGC,2021.196.10.28.40,unlabelled,,,,,0,0,0.0,0.0,,,6.388000011444092,-73.71800231933594,11.11,1.5,4.199,-72.133833,170.0,299.05,324.11
PTGC.2021.196.11.29.57,PTGC,2021.196.11.29.57,unlabelled,,,,,0,0,0.0,0.0,,,3.444000005722046,-74.19599914550781,9.41,1.7,4.199,-72.133833,170.0,243.79,250.04
PTGC.2021.196.12.40.44,PTGC,2021.196.12.40.44,unlabelled,,,,,0,0,0.0,0.0,,,6.40500020980835,-73.72899627685547,2.17,1.5,4.199,-72.133833,170.0,301.28,324.13
PTGC.2021.197.05.12.52,PTGC,2021.197.05.12.52,unlabelled,,,,,0,0,0.0,0.0,,,3.821000099182129,-73.66400146484375,15.27,1.7,4.199,-72.133833,170.0,174.99,256.23
PTGC.2021.197.06.02.35,PTGC,2021.197.06.02.35,unlabelled,,,,,0,0,0.0,0.0,,,6.88100004196167,-71.84600067138672,6.91,1.6,4.199,-72.133833,170.0,298.3,6.12
PTGC.2021.197.08.17.03,PTGC,2021.197.08.17.03,unlabelled,,,,,0,0,0.0,0.0,,,3.5840001106262207,-74.37100219726562,25.12,1.6,4.199,-72.133833,170.0,257.61,254.77
PTGC.2021.197.15.06.31,PTGC,2021.197.15.06.31,unlabelled,,,,,0,0,0.0,0.0,,,7.071000099182129,-72.09600067138672,26.64,2.1,4.199,-72.133833,170.0,317.63,0.75
PTGC.2021.197.18.46.48,PTGC,2021.197.18.46.48,unlabelled,,,,,0,0,0.0,0.0,,,7.089000225067139,-72.06600189208984,10.9,1.5,4.199,-72.133833,170.0,319.68,1.34
PTGC.2021.198.06.43.58,PTGC,2021.198.06.43.58,unlabelled,,,,,0,0,0.0,0.0,,,5.859000205993652,-72.58599853515625,18.55,2.2,4.199,-72.133833,170.0,190.29,344.74
PTGC.2021.198.13.18.58,PTGC,2021.198.13.18.58,unlabelled,,,,,0,0,0.0,0.0,,,7.039999961853027,-72.2770004272461,26.52,2.4,4.199,-72.133833,170.0,314.57,357.12
PTGC.2021.198.14.11.03,PTGC,2021.198.14.11.03,unlabelled,,,,,0,0,0.0,0.0,,,7.045000076293945,-72.12300109863281,23.01,2.0,4.199,-72.133833,170.0,314.73,0.22
PTGC.2021.198.16.24.42,PTGC,2021.198.16.24.42,unlabelled,,,,,0,0,0.0,0.0,,,5.795000076293945,-72.56999969482422,18.44,2.0,4.199,-72.133833,170.0,183.0,344.69
PTGC.2021.200.07.52.28,PTGC,2021.200.07.52.28,unlabelled,,,,,0,0,0.0,0.0,,,3.6619999408721924,-74.22200012207031,13.16,1.8,4.199,-72.133833,170.0,239.39,255.71
PTGC.2021.200.14.22.44,PTGC,2021.200.14.22.44,unlabelled,,,,,0,0,0.0,0.0,,,3.4820001125335693,-74.20899963378906,12.93,1.5,4.199,-72.133833,170.0,243.75,251.09
PTGC.2021.200.14.37.37,PTGC,2021.200.14.37.37,unlabelled,,,,,0,0,0.0,0.0,,,7.105999946594238,-72.0250015258789,0.0,1.7,4.199,-72.133833,170.0,321.7,2.14
PTGC.2021.200.19.06.32,PTGC,2021.200.19.06.32,unlabelled,,,,,0,0,0.0,0.0,,,3.444000005722046,-74.17900085449219,10.12,1.6,4.199,-72.133833,170.0,242.02,249.89
PTGC.2021.201.05.53.22,PTGC,2021.201.05.53.22,unlabelled,,,,,0,0,0.0,0.0,-0.14,,5.172999858856201,-72.98500061035156,2.32,1.5,4.199,-72.133833,170.0,143.24,318.79
PTGC.2021.201.06.40.56,PTGC,2021.201.06.40.56,unlabelled,,,,,0,0,0.0,0.0,,,3.4800000190734863,-74.2040023803711,7.25,1.0,4.199,-72.133833,170.0,243.29,251.0
PTGC.2021.201.12.45.41,PTGC,2021.201.12.45.41,unlabelled,,,,,0,0,0.0,0.0,,,3.484999895095825,-74.1969985961914,12.58,1.7,4.199,-72.133833,170.0,242.38,251.06
PTGC.2021.202.02.59.41,PTGC,2021.202.02.59.41,unlabelled,,,,,0,0,0.0,0.0,,,4.447000026702881,-72.94300079345703,5.61,1.6,4.199,-72.133833,170.0,93.91,287.01
PTGC.2021.203.10.54.59,PTGC,2021.203.10.54.59,unlabelled,,,,,0,0,0.0,0.0,,,3.4709999561309814,-74.1780014038086,10.53,1.7,4.199,-72.133833,170.0,240.9,250.55
PTGC.2021.203.14.30.35,PTGC,2021.203.14.30.35,unlabelled,,,,,0,0,0.0,0.0,,,3.5460000038146973,-74.25599670410156,13.82,1.6,4.199,-72.133833,170.0,246.51,253.04
PTGC.2021.203.22.20.25,PTGC,2021.203.22.20.25,unlabelled,,,,,0,0,0.0,0.0,,,5.690000057220459,-73.4540023803711,13.4,2.5,4.199,-72.133833,170.0,220.5,318.45
PTGC.2021.205.04.42.38,PTGC,2021.205.04.42.38,unlabelled,,,,,0,0,0.0,0.0,,,6.010000228881836,-73.10800170898438,7.3,1.7,4.199,-72.133833,170.0,227.54,331.7
PTGC.2021.205.07.56.28,PTGC,2021.205.07.56.28,unlabelled,,,,,0,0,0.0,0.0,,,6.078999996185303,-72.34700012207031,17.62,1.6,4.199,-72.133833,170.0,209.24,353.52
PTGC.2021.205.11.08.57,PTGC,2021.205.11.08.57,unlabelled,,,,,0,0,0.0,0.0,,,3.2860000133514404,-74.46399688720703,24.12,1.8,4.199,-72.133833,170.0,277.83,248.77
PTGC.2021.205.13.27.54,PTGC,2021.205.13.27.54,unlabelled,,,,,0,0,0.0,0.0,,,5.757999897003174,-72.59300231933594,12.93,1.9,4.199,-72.133833,170.0,179.76,343.56
PTGC.2021.205.23.22.10,PTGC,2021.205.23.22.10,unlabelled,,,,,0,0,0.0,0.0,,,5.1529998779296875,-73.0530014038086,5.22,1.5,4.199,-72.133833,170.0,146.73,316.01
PTGC.2021.205.23.27.23,PTGC,2021.205.23.27.23,unlabelled,,,,,0,0,0.0,0.0,-2.41,,5.25,-72.96700286865234,15.74,1.7,4.199,-72.133833,170.0,148.5,321.54
PTGC.2021.206.03.16.35,PTGC,2021.206.03.16.35,unlabelled,,,,,0,0,0.0,0.0,,,6.489999771118164,-73.79100036621094,0.0,2.0,4.199,-72.133833,170.0,312.92,324.13
PTGC.2021.206.23.42.22,PTGC,2021.206.23.42.22,unlabelled,,,,,0,0,0.0,0.0,,,6.758999824523926,-72.0199966430664,9.88,1.6,4.199,-72.133833,170.0,283.38,2.55
PTGC.2021.207.03.45.14,PTGC,2021.207.03.45.14,unlabelled,,,,,0,0,0.0,0.0,,,6.130000114440918,-72.35299682617188,17.62,1.6,4.199,-72.133833,170.0,214.91,353.52
PTGC.2021.207.12.12.16,PTGC,2021.207.12.12.16,unlabelled,,,,,0,0,0.0,0.0,,,3.492000102996826,-74.21800231933594,9.59,2.1,4.199,-72.133833,170.0,244.33,251.41
PTGC.2021.207.14.50.14,PTGC,2021.207.14.50.14,unlabelled,,,,,0,0,0.0,0.0,,,6.0289998054504395,-73.0989990234375,10.12,3.7,4.199,-72.133833,170.0,228.92,332.17
PTGC.2021.207.15.05.27,PTGC,2021.207.15.05.27,unlabelled,,,,,0,0,0.0,0.0,,,5.993000030517578,-73.12699890136719,9.88,1.6,4.199,-72.133833,170.0,226.9,331.01
PTGC.2021.208.00.55.21,PTGC,2021.208.00.55.21,unlabelled,,,,,0,0,0.0,0.0,,,5.1479997634887695,-73.08200073242188,19.26,1.8,4.199,-72.133833,170.0,148.59,314.97
PTGC.2021.208.09.49.16,PTGC,2021.208.09.49.16,unlabelled,,,,,0,0,0.0,0.0,,,3.436000108718872,-74.18199920654297,-0.02,1.6,4.199,-72.133833,170.0,242.64,249.72
PTGC.2021.209.01.23.46,PTGC,2021.209.01.23.46,unlabelled,,,,,0,0,0.0,0.0,,,4.008999824523926,-74.18000030517578,19.02,1.7,4.199,-72.133833,170.0,228.17,264.79
PTGC.2021.209.08.24.59,PTGC,2021.209.08.24.59,unlabelled,,,,,0,0,0.0,0.0,,,7.000999927520752,-71.94000244140625,14.22,1.9,4.199,-72.133833,170.0,310.6,3.96
PTGC.2021.254.02.25.42,PTGC,2021.254.02.25.42,unlabelled,,,,,0,0,0.0,0.0,,,5.781000137329102,-73.55699920654297,12.23,1.5,4.199,-72.133833,170.0,235.61,318.0
PTGC.2021.254.14.19.35,PTGC,2021.254.14.19.35,unlabelled,,,,,0,0,0.0,0.0,,,3.4230000972747803,-74.7030029296875,25.35,2.2,4.199,-72.133833,170.0,297.99,253.35
PTGC.2021.256.02.15.20,PTGC,2021.256.02.15.20,unlabelled,,,,,0,0,0.0,0.0,,,3.8910000324249268,-74.10299682617188,17.85,1.8,4.199,-72.133833,170.0,221.3,261.22
PTGC.2021.256.02.26.34,PTGC,2021.256.02.26.34,unlabelled,,,,,0,0,0.0,0.0,,,3.884000062942505,-74.09700012207031,21.13,1.7,4.199,-72.133833,170.0,220.76,260.99
PTGC.2021.256.05.27.41,PTGC,2021.256.05.27.41,unlabelled,,,,,0,0,0.0,0.0,,,3.4240000247955322,-74.68499755859375,25.18,2.2,4.199,-72.133833,170.0,296.04,253.26
PTGC.2021.256.15.38.23,PTGC,2021.256.15.38.23,unlabelled,,,,,0,0,0.0,0.0,,,3.490999937057495,-74.2300033569336,11.76,1.3,4.199,-72.133833,170.0,245.63,251.49
PTGC.2021.256.21.45.52,PTGC,2021.256.21.45.52,unlabelled,,,,,0,0,0.0,0.0,,,6.215000152587891,-72.37200164794922,14.8,1.5,4.199,-72.133833,170.0,224.49,353.26
PTGC.2021.258.04.41.05,PTGC,2021.258.04.41.05,unlabelled,,,,,0,0,0.0,0.0,,,7.02400016784668,-71.86900329589844,27.58,1.6,4.199,-72.133833,170.0,313.78,5.35
PTGC.2021.259.05.09.44,PTGC,2021.259.05.09.44,unlabelled,,,,,0,0,0.0,0.0,,,4.873000144958496,-74.447998046875,20.43,1.5,4.199,-72.133833,170.0,267.41,286.27
PTGC.2021.259.06.18.19,PTGC,2021.259.06.18.19,unlabelled,,,,,0,0,0.0,0.0,,,3.3350000381469727,-74.7239990234375,20.96,1.8,4.199,-72.133833,170.0,303.16,251.72
PTGC.2021.259.10.47.35,PTGC,2021.259.10.47.35,unlabelled,,,,,0,0,0.0,0.0,,,3.569000005722046,-74.25399780273438,12.23,1.5,4.199,-72.133833,170.0,245.56,253.59
PTGC.2021.260.02.54.30,PTGC,2021.260.02.54.30,unlabelled,,,,,0,0,0.0,0.0,,,7.0289998054504395,-72.1729965209961,9.77,2.3,4.199,-72.133833,170.0,312.99,359.21
PTGC.2021.260.07.50.34,PTGC,2021.260.07.50.34,unlabelled,,,,,0,0,0.0,0.0,,,4.703999996185303,-74.78500366210938,24.88,1.6,4.199,-72.133833,170.0,299.49,280.85
PTGC.2021.260.08.06.09,PTGC,2021.260.08.06.09,unlabelled,,,,,0,0,0.0,0.0,,,6.074999809265137,-72.4520034790039,18.55,1.7,4.199,-72.133833,170.0,210.43,350.36
PTGC.2021.261.14.38.27,PTGC,2021.261.14.38.27,unlabelled,,,,,0,0,0.0,0.0,,,5.618000030517578,-72.8489990234375,32.85,1.7,4.199,-72.133833,170.0,175.82,333.21
PTGC.2021.261.19.12.27,PTGC,2021.261.19.12.27,unlabelled,,,,,0,0,0.0,0.0,,,6.61899995803833,-73.19000244140625,25.12,1.8,4.199,-72.133833,170.0,292.09,336.42
PTGC.2021.262.08.37.34,PTGC,2021.262.08.37.34,unlabelled,,,,,0,0,0.0,0.0,,,3.444999933242798,-74.18699645996094,10.06,1.5,4.199,-72.133833,170.0,242.81,249.99
PTGC.2021.263.21.03.51,PTGC,2021.263.21.03.51,unlabelled,,,,,0,0,0.0,0.0,,,5.578000068664551,-72.81700134277344,3.51,1.7,4.199,-72.133833,170.0,170.28,333.61
PTGC.2021.264.09.49.28,PTGC,2021.264.09.49.28,unlabelled,,,,,0,0,0.0,0.0,,,3.3469998836517334,-74.36699676513672,17.62,1.5,4.199,-72.133833,170.0,265.35,249.28
PTGC.2021.265.14.47.57,PTGC,2021.265.14.47.57,unlabelled,,,,,0,0,0.0,0.0,,,4.3420000076293945,-73.87999725341797,8.95,1.7,4.199,-72.133833,170.0,194.49,274.73
PTGC.2021.266.07.43.23,PTGC,2021.266.07.43.23,unlabelled,,,,,0,0,0.0,0.0,,,6.6020002365112305,-73.11199951171875,11.52,1.6,4.199,-72.133833,170.0,286.99,337.85
PTGC.2021.267.10.11.30,PTGC,2021.267.10.11.30,unlabelled,,,,,0,0,0.0,0.0,,,3.443000078201294,-74.04199981689453,2.03,1.5,4.199,-72.133833,170.0,227.84,248.54
PTGC.2021.267.19.05.21,PTGC,2021.267.19.05.21,unlabelled,,,,,0,0,0.0,0.0,,,3.430999994277954,-74.19400024414062,9.41,1.5,4.199,-72.133833,170.0,244.08,249.71
PTGC.2021.268.22.09.46,PTGC,2021.268.22.09.46,unlabelled,,,,,0,0,0.0,0.0,,,3.4649999141693115,-74.22100067138672,12.99,2.0,4.199,-72.133833,170.0,245.62,250.78
PTGC.2021.269.20.48.02,PTGC,2021.269.20.48.02,unlabelled,,,,,0,0,0.0,0.0,,,3.4619998931884766,-74.2509994506836,12.99,4.0,4.199,-72.133833,170.0,248.88,250.96
PTGC.2021.270.15.49.37,PTGC,2021.270.15.49.37,unlabelled,,,,,0,0,0.0,0.0,,,3.3259999752044678,-74.4010009765625,8.71,1.5,4.199,-72.133833,170.0,269.71,249.1
PTGC.2021.270.18.25.30,PTGC,2021.270.18.25.30,unlabelled,,,,,0,0,0.0,0.0,,,4.474999904632568,-74.8740005493164,28.87,2.3,4.199,-72.133833,170.0,305.69,275.83
PTGC.2021.271.06.51.49,PTGC,2021.271.06.51.49,unlabelled,,,,,0,0,0.0,0.0,,,6.5920000076293945,-72.0739974975586,14.8,1.8,4.199,-72.133833,170.0,264.71,1.43
PTGC.2021.271.20.35.06,PTGC,2021.271.20.35.06,unlabelled,,,,,0,0,0.0,0.0,,,3.3359999656677246,-74.36799621582031,13.22,2.4,4.199,-72.133833,170.0,265.89,249.04
PTGC.2021.272.07.51.26,PTGC,2021.272.07.51.26,unlabelled,,,,,0,0,0.0,0.0,,,5.9029998779296875,-73.94499969482422,11.95,2.0,4.199,-72.133833,170.0,275.39,313.25
PTGC.2021.272.22.52.08,PTGC,2021.272.22.52.08,unlabelled,,,,,0,0,0.0,0.0,,,5.078000068664551,-74.697998046875,22.07,2.4,4.199,-72.133833,170.0,300.66,288.96
PTGC.2021.274.19.06.21,PTGC,2021.274.19.06.21,unlabelled,,,,,0,0,0.0,0.0,,,4.26800012588501,-73.61000061035156,1.66,1.5,4.199,-72.133833,170.0,164.06,272.72
PTGC.2021.275.12.48.38,PTGC,2021.275.12.48.38,unlabelled,,,,,0,0,0.0,0.0,-0.32,,5.697999954223633,-73.05500030517578,11.52,2.2,4.199,-72.133833,170.0,194.72,328.39
PTGC.2021.276.17.14.34,PTGC,2021.276.17.14.34,unlabelled,,,,,0,0,0.0,0.0,,,5.814000129699707,-72.49600219726562,15.39,1.6,4.199,-72.133833,170.0,183.05,347.34
PTGC.2021.277.17.03.08,PTGC,2021.277.17.03.08,unlabelled,,,,,0,0,0.0,0.0,,,3.303999900817871,-74.48100280761719,26.05,1.7,4.199,-72.133833,170.0,278.88,249.29
PTGC.2021.277.23.12.25,PTGC,2021.277.23.12.25,unlabelled,,,,,0,0,0.0,0.0,,,6.111999988555908,-73.91000366210938,28.83,1.9,4.199,-72.133833,170.0,289.01,317.13
PTGC.2021.279.05.14.50,PTGC,2021.279.05.14.50,unlabelled,,,,,0,0,0.0,0.0,,,3.430000066757202,-74.1729965209961,9.94,1.6,4.199,-72.133833,170.0,241.93,249.49
PTGC.2021.279.05.23.06,PTGC,2021.279.05.23.06,unlabelled,,,,,0,0,0.0,0.0,,,3.4100000858306885,-74.25399780273438,12.46,1.7,4.199,-72.133833,170.0,251.14,249.74
PTGC.2021.279.05.43.25,PTGC,2021.279.05.43.25,unlabelled,,,,,0,0,0.0,0.0,,,3.443000078201294,-74.177001953125,12.52,2.1,4.199,-72.133833,170.0,241.85,249.85
PTGC.2021.280.00.26.36,PTGC,2021.280.00.26.36,unlabelled,,,,,0,0,0.0,0.0,,,3.503000020980835,-74.28600311279297,12.99,2.0,4.199,-72.133833,170.0,251.12,252.23
PTGC.2021.280.22.24.47,PTGC,2021.280.22.24.47,unlabelled,,,,,0,0,0.0,0.0,,,3.496000051498413,-74.20600128173828,11.7,2.0,4.199,-72.133833,170.0,242.93,251.41
PTGC.2021.281.04.39.48,PTGC,2021.281.04.39.48,unlabelled,,,,,0,0,0.0,0.0,,,4.7270002365112305,-74.62100219726562,34.49,1.6,4.199,-72.133833,170.0,282.14,282.04
PTGC.2021.281.04.58.39,PTGC,2021.281.04.58.39,unlabelled,,,,,0,0,0.0,0.0,,,7.071000099182129,-72.11199951171875,10.75,1.9,4.199,-72.133833,170.0,317.61,0.44
PTGC.2021.282.07.20.35,PTGC,2021.282.07.20.35,unlabelled,,,,,0,0,0.0,0.0,,,3.4519999027252197,-74.2020034790039,11.17,1.6,4.199,-72.133833,170.0,244.12,250.29
PTGC.2021.282.11.19.44,PTGC,2021.282.11.19.44,unlabelled,,,,,0,0,0.0,0.0,,,7.01800012588501,-72.18599700927734,4.73,2.0,4.199,-72.133833,170.0,311.79,358.94
PTGC.2021.282.11.24.17,PTGC,2021.282.11.24.17,unlabelled,,,,,0,0,0.0,0.0,,,7.0289998054504395,-72.16500091552734,3.0,2.0,4.199,-72.133833,170.0,312.97,359.37
PTGC.2021.282.19.29.41,PTGC,2021.282.19.29.41,unlabelled,,,,,0,0,0.0,0.0,,,7.10099983215332,-72.37899780273438,13.05,1.6,4.199,-72.133833,170.0,322.07,355.17
PTGC.2021.283.15.57.48,PTGC,2021.283.15.57.48,unlabelled,,,,,0,0,0.0,0.0,,,3.3239998817443848,-74.4520034790039,23.95,1.6,4.199,-72.133833,170.0,275.08,249.49
PTGC.2021.283.19.27.05,PTGC,2021.283.19.27.05,unlabelled,,,,,0,0,0.0,0.0,,,3.447999954223633,-74.18000030517578,10.41,1.9,4.199,-72.133833,170.0,241.97,250.0
PTGC.2021.284.22.10.15,PTGC,2021.284.22.10.15,unlabelled,,,,,0,0,0.0,0.0,,,3.6429998874664307,-75.03800201416016,26.99,1.5,4.199,-72.133833,170.0,328.35,259.31
PTGC.2021.285.07.08.01,PTGC,2021.285.07.08.01,unlabelled,,,,,0,0,0.0,0.0,,,5.943999767303467,-72.7699966430664,24.88,1.5,4.199,-72.133833,170.0,205.46,339.95
PTGC.2021.285.11.45.58,PTGC,2021.285.11.45.58,unlabelled,,,,,0,0,0.0,0.0,,,3.6070001125335693,-74.41799926757812,22.07,1.5,4.199,-72.133833,170.0,262.0,255.61
PTGC.2021.286.03.29.15,PTGC,2021.286.03.29.15,unlabelled,,,,,0,0,0.0,0.0,,,3.3959999084472656,-74.72000122070312,25.12,1.8,4.199,-72.133833,170.0,300.67,252.91
PTGC.2021.286.20.18.34,PTGC,2021.286.20.18.34,unlabelled,,,,,0,0,0.0,0.0,,,4.561999797821045,-73.5469970703125,13.16,1.5,4.199,-72.133833,170.0,161.91,284.41
PTGC.2021.287.05.19.53,PTGC,2021.287.05.19.53,unlabelled,,,,,0,0,0.0,0.0,,,5.14900016784668,-73.02100372314453,13.05,1.8,4.199,-72.133833,170.0,143.96,316.9
PTGC.2021.287.12.05.25,PTGC,2021.287.12.05.25,unlabelled,,,,,0,0,0.0,0.0,-0.97,,4.570000171661377,-73.5510025024414,17.62,2.0,4.199,-72.133833,170.0,162.56,284.67
PTGC.2021.287.21.09.51,PTGC,2021.287.21.09.51,unlabelled,,,,,0,0,0.0,0.0,,,4.88100004196167,-74.80699920654297,32.85,1.7,4.199,-72.133833,170.0,306.08,284.37
PTGC.2021.288.01.29.19,PTGC,2021.288.01.29.19,unlabelled,,,,,0,0,0.0,0.0,,,3.5959999561309814,-74.36199951171875,14.63,1.8,4.199,-72.133833,170.0,256.29,255.0
PTGC.2021.288.06.28.47,PTGC,2021.288.06.28.47,unlabelled,,,,,0,0,0.0,0.0,,,3.5859999656677246,-74.44400024414062,26.29,1.7,4.199,-72.133833,170.0,265.38,255.28
PTGC.2021.290.07.04.15,PTGC,2021.290.07.04.15,unlabelled,,,,,0,0,0.0,0.0,,,3.4549999237060547,-74.18299865722656,-1.89,0.9,4.199,-72.133833,170.0,242.02,250.2
PTGC.2021.290.10.14.18,PTGC,2021.290.10.14.18,unlabelled,,,,,0,0,0.0,0.0,,,6.570000171661377,-72.19200134277344,15.98,1.6,4.199,-72.133833,170.0,262.27,358.59
PTGC.2021.290.15.21.15,PTGC,2021.290.15.21.15,unlabelled,,,,,0,0,0.0,0.0,,,3.4630000591278076,-74.22200012207031,9.88,1.5,4.199,-72.133833,170.0,245.8,250.74
PTGC.2021.290.19.19.15,PTGC,2021.290.19.19.15,unlabelled,,,,,0,0,0.0,0.0,,,6.2230000495910645,-72.88099670410156,26.05,1.7,4.199,-72.133833,170.0,238.66,339.72
PTGC.2021.291.05.37.54,PTGC,2021.291.05.37.54,unlabelled,,,,,0,0,0.0,0.0,,,3.4549999237060547,-74.20099639892578,9.18,1.5,4.199,-72.133833,170.0,243.9,250.36
PTGC.2021.291.10.31.10,PTGC,2021.291.10.31.10,unlabelled,,,,,0,0,0.0,0.0,,,3.428999900817871,-74.77799987792969,35.9,1.5,4.199,-72.133833,170.0,305.79,253.92
PTGC.2021.292.22.45.22,PTGC,2021.292.22.45.22,unlabelled,,,,,0,0,0.0,0.0,,,5.202000141143799,-72.62300109863281,1.0,1.5,4.199,-72.133833,170.0,123.48,333.95
PTGC.2021.293.12.05.14,PTGC,2021.293.12.05.14,unlabelled,,,,,0,0,0.0,0.0,,,4.714000225067139,-74.70800018310547,37.07,1.5,4.199,-72.133833,170.0,291.31,281.37
PTGC.2021.293.12.18.49,PTGC,2021.293.12.18.49,unlabelled,,,,,0,0,0.0,0.0,,,6.804999828338623,-72.13600158691406,22.17,1.8,4.199,-72.133833,170.0,288.18,359.95
PTGC.2021.294.03.36.22,PTGC,2021.294.03.36.22,unlabelled,,,,,0,0,0.0,0.0,,,3.4609999656677246,-74.21299743652344,9.71,1.3,4.199,-72.133833,170.0,244.93,250.61
PTGC.2021.294.04.58.46,PTGC,2021.294.04.58.46,unlabelled,,,,,0,0,0.0,0.0,,,6.026000022888184,-73.54199981689453,20.2,1.5,4.199,-72.133833,170.0,255.33,322.36
PTGC.2021.294.15.44.05,PTGC,2021.294.15.44.05,unlabelled,,,,,0,0,0.0,0.0,,,3.5969998836517334,-74.48400115966797,26.99,2.2,4.199,-72.133833,170.0,269.37,255.77
PTGC.2021.295.15.41.54,PTGC,2021.295.15.41.54,unlabelled,,,,,0,0,0.0,0.0,,,5.59499979019165,-72.45800018310547,20.43,2.3,4.199,-72.133833,170.0,158.5,346.9
PTGC.2021.296.03.31.16,PTGC,2021.296.03.31.16,unlabelled,,,,,0,0,0.0,0.0,,,5.744999885559082,-72.53299713134766,26.76,1.5,4.199,-72.133833,170.0,176.6,345.5
PTGC.2021.297.06.58.20,PTGC,2021.297.06.58.20,unlabelled,,,,,0,0,0.0,0.0,-4.37,,3.809999942779541,-73.65799713134766,13.16,1.9,4.199,-72.133833,170.0,174.64,255.79
PTGC.2021.299.04.18.04,PTGC,2021.299.04.18.04,unlabelled,,,,,0,0,0.0,0.0,,,6.01200008392334,-72.49600219726562,15.98,1.7,4.199,-72.133833,170.0,204.47,348.69
PTGC.2021.299.08.01.07,PTGC,2021.299.08.01.07,unlabelled,,,,,0,0,0.0,0.0,,,6.056000232696533,-72.5009994506836,16.91,2.7,4.199,-72.133833,170.0,209.35,348.8
PTGC.2021.299.13.49.14,PTGC,2021.299.13.49.14,unlabelled,,,,,0,0,0.0,0.0,,,6.921999931335449,-72.16000366210938,4.05,2.1,4.199,-72.133833,170.0,301.14,359.45
PTGC.2021.300.23.51.28,PTGC,2021.300.23.51.28,unlabelled,,,,,0,0,0.0,0.0,,,3.5480000972747803,-74.41400146484375,19.02,1.5,4.199,-72.133833,170.0,263.28,254.21
PTGC.2021.301.00.52.14,PTGC,2021.301.00.52.14,unlabelled,,,,,0,0,0.0,0.0,,,6.918000221252441,-72.21199798583984,0.0,1.5,4.199,-72.133833,170.0,300.81,358.35
PTGC.2021.301.12.50.57,PTGC,2021.301.12.50.57,unlabelled,,,,,0,0,0.0,0.0,,,3.7139999866485596,-74.36000061035156,31.8,1.6,4.199,-72.133833,170.0,252.98,257.84
PTGC.2021.302.17.15.23,PTGC,2021.302.17.15.23,unlabelled,,,,,0,0,0.0,0.0,,,5.886000156402588,-72.97100067138672,0.03,1.8,4.199,-72.133833,170.0,208.37,333.58
PTGC.2021.302.23.40.05,PTGC,2021.302.23.40.05,unlabelled,,,,,0,0,0.0,0.0,,,4.953999996185303,-74.13700103759766,0.01,1.5,4.199,-72.133833,170.0,237.45,290.66
PTGC.2021.303.15.00.41,PTGC,2021.303.15.00.41,unlabelled,,,,,0,0,0.0,0.0,,,3.441999912261963,-74.18399810791016,8.77,3.3,4.199,-72.133833,170.0,242.62,249.89
PTGC.2021.303.15.09.22,PTGC,2021.303.15.09.22,unlabelled,,,,,0,0,0.0,0.0,,,3.4609999656677246,-74.19000244140625,9.18,1.2,4.199,-72.133833,170.0,242.52,250.41
PTGC.2021.305.04.51.43,PTGC,2021.305.04.51.43,unlabelled,,,,,0,0,0.0,0.0,,,3.4539999961853027,-74.18599700927734,10.41,1.7,4.199,-72.133833,170.0,242.37,250.2
PTGC.2021.305.06.29.33,PTGC,2021.305.06.29.33,unlabelled,,,,,0,0,0.0,0.0,,,3.4639999866485596,-74.25,7.13,2.0,4.199,-72.133833,170.0,248.7,251.0
PTGC.2021.305.22.14.05,PTGC,2021.305.22.14.05,unlabelled,,,,,0,0,0.0,0.0,,,6.071000099182129,-72.47699737548828,18.32,2.2,4.199,-72.133833,170.0,210.48,349.6
PTGC.2021.306.13.53.54,PTGC,2021.306.13.53.54,unlabelled,,,,,0,0,0.0,0.0,,,6.941999912261963,-72.16600036621094,3.9,1.6,4.199,-72.133833,170.0,303.36,359.33
PTGC.2021.306.17.37.32,PTGC,2021.306.17.37.32,unlabelled,,,,,0,0,0.0,0.0,,,4.552000045776367,-73.17900085449219,16.33,1.6,4.199,-72.133833,170.0,122.4,288.64
PTGC.2021.306.19.31.22,PTGC,2021.306.19.31.22,unlabelled,,,,,0,0,0.0,0.0,,,5.697999954223633,-74.43900299072266,30.98,1.5,4.199,-72.133833,170.0,304.69,303.05
PTGC.2021.308.05.48.37,PTGC,2021.308.05.48.37,unlabelled,,,,,0,0,0.0,0.0,,,3.946000099182129,-73.677001953125,19.96,1.6,4.199,-72.133833,170.0,173.62,260.78
PTGC.2021.308.11.42.53,PTGC,2021.308.11.42.53,unlabelled,,,,,0,0,0.0,0.0,,,6.796999931335449,-73.125,147.0,2.0,4.199,-72.133833,170.0,307.57,339.12
PTGC.2021.308.14.51.56,PTGC,2021.308.14.51.56,unlabelled,,,,,0,0,0.0,0.0,,,5.669000148773193,-74.40299987792969,25.82,2.3,4.199,-72.133833,170.0,299.6,302.95
PTGC.2021.309.13.52.11,PTGC,2021.309.13.52.11,unlabelled,,,,,0,0,0.0,0.0,,,3.503000020980835,-74.20700073242188,12.05,2.2,4.199,-72.133833,170.0,242.79,251.59
PTGC.2021.310.08.19.28,PTGC,2021.310.08.19.28,unlabelled,,,,,0,0,0.0,0.0,,,3.4000000953674316,-74.17900085449219,15.98,1.7,4.199,-72.133833,170.0,243.74,248.82
PTGC.2021.311.01.22.31,PTGC,2021.311.01.22.31,unlabelled,,,,,0,0,0.0,0.0,-4.22,,5.669000148773193,-72.61000061035156,15.98,1.7,4.199,-72.133833,170.0,170.92,342.02
PTGC.2021.311.02.06.27,PTGC,2021.311.02.06.27,unlabelled,,,,,0,0,0.0,0.0,,,3.5880000591278076,-74.44400024414062,29.39,2.7,4.199,-72.133833,170.0,265.32,255.33
PTGC.2021.312.04.36.44,PTGC,2021.312.04.36.44,unlabelled,,,,,0,0,0.0,0.0,,,3.4509999752044678,-74.19000244140625,8.24,1.3,4.199,-72.133833,170.0,242.9,250.16
PTGC.2021.312.05.32.37,PTGC,2021.312.05.32.37,unlabelled,,,,,0,0,0.0,0.0,,,6.994999885559082,-72.18599700927734,21.95,2.3,4.199,-72.133833,170.0,309.25,358.93
PTGC.2021.312.19.30.00,PTGC,2021.312.19.30.00,unlabelled,,,,,0,0,0.0,0.0,,,3.5139999389648438,-74.22000122070312,2.85,1.5,4.199,-72.133833,170.0,243.77,251.97
PTGC.2021.313.04.26.55,PTGC,2021.313.04.26.55,unlabelled,,,,,0,0,0.0,0.0,,,6.6570000648498535,-72.0459976196289,14.1,1.6,4.199,-72.133833,170.0,271.99,2.05
PTGC.2021.313.05.53.09,PTGC,2021.313.05.53.09,unlabelled,,,,,0,0,0.0,0.0,,,6.551000118255615,-72.20899963378906,18.79,1.5,4.199,-72.133833,170.0,260.23,358.17
PTGC.2021.313.07.07.13,PTGC,2021.313.07.07.13,unlabelled,,,,,0,0,0.0,0.0,,,6.008999824523926,-73.48799896240234,6.49,1.5,4.199,-72.133833,170.0,250.21,323.18
PTGC.2021.314.13.58.58,PTGC,2021.314.13.58.58,unlabelled,,,,,0,0,0.0,0.0,,,3.8289999961853027,-73.81900024414062,4.74,2.6,4.199,-72.133833,170.0,191.55,257.73
PTGC.2021.316.09.46.44,PTGC,2021.316.09.46.44,unlabelled,,,,,0,0,0.0,0.0,,,6.492000102996826,-72.4209976196289,26.23,1.6,4.199,-72.133833,170.0,255.56,352.86
PTGC.2021.318.21.51.43,PTGC,2021.318.21.51.43,unlabelled,,,,,0,0,0.0,0.0,,,6.181000232696533,-72.30599975585938,28.83,1.5,4.199,-72.133833,170.0,220.01,355.03
PTGC.2021.319.19.16.23,PTGC,2021.319.19.16.23,unlabelled,,,,,0,0,0.0,0.0,,,3.494999885559082,-74.19000244140625,15.98,1.7,4.199,-72.133833,170.0,241.28,251.25
PTGC.2021.320.09.32.56,PTGC,2021.320.09.32.56,unlabelled,,,,,0,0,0.0,0.0,,,3.4579999446868896,-74.19000244140625,15.57,1.9,4.199,-72.133833,170.0,242.64,250.33
PTGC.2021.321.00.36.50,PTGC,2021.321.00.36.50,unlabelled,,,,,0,0,0.0,0.0,,,4.769000053405762,-73.38899993896484,12.93,1.6,4.199,-72.133833,170.0,152.9,294.39
PTGC.2021.321.07.30.54,PTGC,2021.321.07.30.54,unlabelled,,,,,0,0,0.0,0.0,,,4.492000102996826,-73.36799621582031,16.21,1.5,4.199,-72.133833,170.0,140.77,283.35
PTGC.2021.321.08.44.00,PTGC,2021.321.08.44.00,unlabelled,,,,,0,0,0.0,0.0,,,5.46999979019165,-72.77400207519531,11.1,1.5,4.199,-72.133833,170.0,157.47,333.22
PTGC.2021.322.14.01.17,PTGC,2021.322.14.01.17,unlabelled,,,,,0,0,0.0,0.0,,,6.578000068664551,-73.55799865722656,15.65,2.2,4.199,-72.133833,170.0,306.79,329.1
PTGC.2021.322.18.11.51,PTGC,2021.322.18.11.51,unlabelled,,,,,0,0,0.0,0.0,,,6.881999969482422,-72.08399963378906,22.07,2.9,4.199,-72.133833,170.0,296.75,1.06
PTGC.2021.323.06.59.15,PTGC,2021.323.06.59.15,unlabelled,,,,,0,0,0.0,0.0,,,3.4210000038146973,-74.43299865722656,18.09,1.6,4.199,-72.133833,170.0,269.48,251.46
PTGC.2021.324.10.04.24,PTGC,2021.324.10.04.24,unlabelled,,,,,0,0,0.0,0.0,,,3.4839999675750732,-74.21199798583984,12.52,2.0,4.199,-72.133833,170.0,243.99,251.16
PTGC.2021.324.17.00.07,PTGC,2021.324.17.00.07,unlabelled,,,,,0,0,0.0,0.0,,,3.875,-73.61799621582031,22.42,1.5,4.199,-72.133833,170.0,168.66,257.79
PTGC.2021.325.05.40.55,PTGC,2021.325.05.40.55,unlabelled,,,,,0,0,0.0,0.0,,,4.881999969482422,-74.53500366210938,30.33,1.6,4.199,-72.133833,170.0,276.96,285.92
PTGC.2021.325.21.43.19,PTGC,2021.325.21.43.19,unlabelled,,,,,0,0,0.0,0.0,,,6.020999908447266,-73.26100158691406,13.05,1.6,4.199,-72.133833,170.0,237.09,328.24
PTGC.2021.326.14.46.00,PTGC,2021.326.14.46.00,unlabelled,,,,,0,0,0.0,0.0,,,3.700000047683716,-74.26000213623047,9.41,2.1,4.199,-72.133833,170.0,242.49,256.92
PTGC.2021.327.03.57.19,PTGC,2021.327.03.57.19,unlabelled,,,,,0,0,0.0,0.0,,,3.5160000324249268,-74.25499725341797,9.12,1.7,4.199,-72.133833,170.0,247.4,252.3
PTGC.2021.327.06.05.51,PTGC,2021.327.06.05.51,unlabelled,,,,,0,0,0.0,0.0,,,5.5879998207092285,-72.44000244140625,0.0,1.7,4.199,-72.133833,170.0,157.31,347.55
PTGC.2021.327.08.41.43,PTGC,2021.327.08.41.43,unlabelled,,,,,0,0,0.0,0.0,,,3.311000108718872,-74.48100280761719,24.88,1.5,4.199,-72.133833,170.0,278.6,249.44
PTGC.2021.327.23.16.01,PTGC,2021.327.23.16.01,unlabelled,,,,,0,0,0.0,0.0,,,6.633999824523926,-72.30999755859375,29.57,2.1,4.199,-72.133833,170.0,269.98,355.86
PTGC.2021.328.22.29.58,PTGC,2021.328.22.29.58,unlabelled,,,,,0,0,0.0,0.0,,,3.5139999389648438,-74.197998046875,14.1,1.7,4.199,-72.133833,170.0,241.45,251.79
PTGC.2021.330.18.10.40,PTGC,2021.330.18.10.40,unlabelled,,,,,0,0,0.0,0.0,,,5.8420000076293945,-73.8030014038086,15.98,1.7,4.199,-72.133833,170.0,259.37,314.54
PTGC.2021.331.10.29.48,PTGC,2021.331.10.29.48,unlabelled,,,,,0,0,0.0,0.0,,,3.503000020980835,-74.26000213623047,12.46,1.7,4.199,-72.133833,170.0,248.38,252.02
PTGC.2021.331.11.06.49,PTGC,2021.331.11.06.49,unlabelled,,,,,0,0,0.0,0.0,,,3.571000099182129,-74.46700286865234,36.13,1.5,4.199,-72.133833,170.0,268.28,255.08
PTGC.2021.331.15.42.00,PTGC,2021.331.15.42.00,unlabelled,,,,,0,0,0.0,0.0,,,3.4809999465942383,-74.26799774169922,4.08,1.6,4.199,-72.133833,170.0,249.99,251.56
PTGC.2021.332.06.58.23,PTGC,2021.332.06.58.23,unlabelled,,,,,0,0,0.0,0.0,,,6.083000183105469,-73.9469985961914,7.06,1.8,4.199,-72.133833,170.0,289.51,316.1
PTGC.2021.333.07.53.43,PTGC,2021.333.07.53.43,unlabelled,,,,,0,0,0.0,0.0,,,3.6989998817443848,-74.19499969482422,14.22,4.2,4.199,-72.133833,170.0,235.49,256.49
PTGC.2021.333.10.58.30,PTGC,2021.333.10.58.30,unlabelled,,,,,0,0,0.0,0.0,,,5.296000003814697,-74.86499786376953,30.04,1.5,4.199,-72.133833,170.0,326.37,291.93
PTGC.2021.333.13.58.57,PTGC,2021.333.13.58.57,unlabelled,,,,,0,0,0.0,0.0,,,5.1479997634887695,-73.14800262451172,12.93,1.7,4.199,-72.133833,170.0,153.86,313.04
PTGC.2021.334.01.52.37,PTGC,2021.334.01.52.37,unlabelled,,,,,0,0,0.0,0.0,,,3.677999973297119,-74.20099639892578,14.98,1.9,4.199,-72.133833,170.0,236.69,255.99
PTGC.2021.334.10.24.21,PTGC,2021.334.10.24.21,unlabelled,,,,,0,0,0.0,0.0,,,4.7179999351501465,-73.41899871826172,10.82,1.9,4.199,-72.133833,170.0,153.75,291.97
PTGC.2021.336.07.18.33,PTGC,2021.336.07.18.33,unlabelled,,,,,0,0,0.0,0.0,,,3.50600004196167,-74.4010009765625,13.16,1.6,4.199,-72.133833,170.0,263.21,253.15
PTGC.2021.336.11.02.09,PTGC,2021.336.11.02.09,unlabelled,,,,,0,0,0.0,0.0,,,3.4719998836517334,-74.25800323486328,9.18,1.7,4.199,-72.133833,170.0,249.25,251.26
PTGC.2021.336.21.54.31,PTGC,2021.336.21.54.31,unlabelled,,,,,0,0,0.0,0.0,,,3.489000082015991,-74.21099853515625,7.07,1.2,4.199,-72.133833,170.0,243.7,251.28
PTGC.2021.338.00.58.31,PTGC,2021.338.00.58.31,unlabelled,,,,,0,0,0.0,0.0,,,6.771999835968018,-73.08599853515625,2.21,1.6,4.199,-72.133833,170.0,303.46,339.7
PTGC.2021.338.01.29.29,PTGC,2021.338.01.29.29,unlabelled,,,,,0,0,0.0,0.0,,,6.754000186920166,-73.0260009765625,11.35,1.6,4.199,-72.133833,170.0,299.34,340.76
PTGC.2021.338.05.58.35,PTGC,2021.338.05.58.35,unlabelled,,,,,0,0,0.0,0.0,,,3.437000036239624,-74.18199920654297,8.42,1.6,4.199,-72.133833,170.0,242.6,249.75
PTGC.2021.338.11.24.35,PTGC,2021.338.11.24.35,unlabelled,,,,,0,0,0.0,0.0,,,3.4830000400543213,-74.21099853515625,11.0,1.5,4.199,-72.133833,170.0,243.92,251.13
PTGC.2021.339.05.23.45,PTGC,2021.339.05.23.45,unlabelled,,,,,0,0,0.0,0.0,,,7.020999908447266,-72.2509994506836,22.77,2.4,4.199,-72.133833,170.0,312.34,357.62
PTGC.2021.339.12.20.49,PTGC,2021.339.12.20.49,unlabelled,,,,,0,0,0.0,0.0,-1.11,,6.620999813079834,-73.40899658203125,11.01,2.9,4.199,-72.133833,170.0,302.83,332.24
PTGC.2021.339.20.09.11,PTGC,2021.339.20.09.11,unlabelled,,,,,0,0,0.0,0.0,,,3.2639999389648438,-74.45600128173828,13.87,1.7,4.199,-72.133833,170.0,277.9,248.24
PTGC.2021.340.13.01.12,PTGC,2021.340.13.01.12,unlabelled,,,,,0,0,0.0,0.0,,,5.124000072479248,-73.68000030517578,0.0,1.6,4.199,-72.133833,170.0,199.73,300.87
PTGC.2021.340.14.39.19,PTGC,2021.340.14.39.19,unlabelled,,,,,0,0,0.0,0.0,,,3.4100000858306885,-74.14299774169922,17.38,1.5,4.199,-72.133833,170.0,239.62,248.72
PTGC.2021.340.20.04.16,PTGC,2021.340.20.04.16,unlabelled,,,,,0,0,0.0,0.0,,,5.781000137329102,-72.9540023803711,17.38,1.5,4.199,-72.133833,170.0,197.17,332.56
PTGC.2021.341.04.53.01,PTGC,2021.341.04.53.01,unlabelled,,,,,0,0,0.0,0.0,,,5.822000026702881,-74.2239990234375,14.25,1.5,4.199,-72.133833,170.0,293.15,307.84
PTGC.2021.342.15.05.06,PTGC,2021.342.15.05.06,unlabelled,,,,,0,0,0.0,0.0,,,3.4089999198913574,-74.61100006103516,3.76,1.6,4.199,-72.133833,170.0,288.69,252.47
PTGC.2021.342.22.50.33,PTGC,2021.342.22.50.33,unlabelled,,,,,0,0,0.0,0.0,,,5.760000228881836,-73.23400115966797,11.29,1.6,4.199,-72.133833,170.0,211.38,324.79
PTGC.2021.342.23.06.33,PTGC,2021.342.23.06.33,unlabelled,,,,,0,0,0.0,0.0,,,4.431000232696533,-73.63899993896484,15.51,1.5,4.199,-72.133833,170.0,169.04,278.79
PTGC.2021.342.23.32.33,PTGC,2021.342.23.32.33,unlabelled,,,,,0,0,0.0,0.0,,,4.419000148773193,-73.6240005493164,8.27,1.3,4.199,-72.133833,170.0,167.2,278.42
PTGC.2021.343.00.09.42,PTGC,2021.343.00.09.42,unlabelled,,,,,0,0,0.0,0.0,,,4.4070000648498535,-73.67500305175781,19.73,3.0,4.199,-72.133833,170.0,172.62,277.71
PTGC.2021.343.00.13.25,PTGC,2021.343.00.13.25,unlabelled,,,,,0,0,0.0,0.0,-5.12,,4.389999866485596,-73.65799713134766,15.98,2.7,4.199,-72.133833,170.0,170.51,277.17
PTGC.2021.343.00.15.51,PTGC,2021.343.00.15.51,unlabelled,,,,,0,0,0.0,0.0,-1.32,-0.04,4.414000034332275,-73.66200256347656,18.85,2.3,4.199,-72.133833,170.0,171.3,278.03
PTGC.2021.343.00.18.19,PTGC,2021.343.00.18.19,unlabelled,,,,,0,0,0.0,0.0,,,4.423999786376953,-73.93499755859375,15.51,1.6,4.199,-72.133833,170.0,201.48,277.16
PTGC.2021.343.00.19.31,PTGC,2021.343.00.19.31,unlabelled,,,,,0,0,0.0,0.0,,,4.420000076293945,-73.64900207519531,13.16,1.8,4.199,-72.133833,170.0,169.96,278.32
PTGC.2021.343.00.29.55,PTGC,2021.343.00.29.55,unlabelled,,,,,0,0,0.0,0.0,,,4.40500020980835,-73.65599822998047,14.1,1.6,4.199,-72.133833,170.0,170.5,277.73
PTGC.2021.343.01.29.26,PTGC,2021.343.01.29.26,unlabelled,,,,,0,0,0.0,0.0,,,4.389999866485596,-73.64099884033203,21.37,1.8,4.199,-72.133833,170.0,168.64,277.25
PTGC.2021.343.03.55.41,PTGC,2021.343.03.55.41,unlabelled,,,,,0,0,0.0,0.0,,,4.4019999504089355,-73.66600036621094,15.92,1.5,4.199,-72.133833,170.0,171.56,277.58
PTGC.2021.344.09.30.03,PTGC,2021.344.09.30.03,unlabelled,,,,,0,0,0.0,0.0,,,3.5940001010894775,-74.41600036621094,25.12,1.8,4.199,-72.133833,170.0,262.15,255.29
PTGC.2021.344.12.08.11,PTGC,2021.344.12.08.11,unlabelled,,,,,0,0,0.0,0.0,,,4.875999927520752,-74.81199645996094,23.59,1.9,4.199,-72.133833,170.0,306.49,284.24
PTGC.2021.344.14.56.57,PTGC,2021.344.14.56.57,unlabelled,,,,,0,0,0.0,0.0,,,6.066999912261963,-72.50499725341797,26.21,1.5,4.199,-72.133833,170.0,210.63,348.75
PTGC.2021.344.15.21.45,PTGC,2021.344.15.21.45,unlabelled,,,,,0,0,0.0,0.0,,,5.499000072479248,-72.70600128173828,2.85,1.5,4.199,-72.133833,170.0,157.14,336.2
PTGC.2021.344.17.37.40,PTGC,2021.344.17.37.40,unlabelled,,,,,0,0,0.0,0.0,,,4.392000198364258,-73.66200256347656,17.85,2.4,4.199,-72.133833,170.0,170.98,277.23
PTGC.2021.344.17.39.26,PTGC,2021.344.17.39.26,unlabelled,,,,,0,0,0.0,0.0,,,4.419000148773193,-73.6449966430664,16.04,1.7,4.199,-72.133833,170.0,169.5,278.31
PTGC.2021.344.18.08.52,PTGC,2021.344.18.08.52,unlabelled,,,,,0,0,0.0,0.0,,,4.427000045776367,-73.66000366210938,16.97,1.6,4.199,-72.133833,170.0,171.28,278.52
PTGC.2021.344.23.11.53,PTGC,2021.344.23.11.53,unlabelled,,,,,0,0,0.0,0.0,,,3.5399999618530273,-74.27300262451172,11.93,1.8,4.199,-72.133833,170.0,248.51,253.02
PTGC.2021.346.01.20.26,PTGC,2021.346.01.20.26,unlabelled,,,,,0,0,0.0,0.0,,,3.5959999561309814,-74.38500213623047,25.7,2.0,4.199,-72.133833,170.0,258.76,255.15
PTGC.2021.346.09.32.56,PTGC,2021.346.09.32.56,unlabelled,,,,,0,0,0.0,0.0,,,3.4079999923706055,-74.69300079345703,24.88,1.3,4.199,-72.133833,170.0,297.41,252.98
PTGC.2021.346.11.35.19,PTGC,2021.346.11.35.19,unlabelled,,,,,0,0,0.0,0.0,,,6.238999843597412,-74.02300262451172,19.41,2.3,4.199,-72.133833,170.0,307.81,317.21
PTGC.2021.346.16.46.16,PTGC,2021.346.16.46.16,unlabelled,,,,,0,0,0.0,0.0,,,3.7639999389648438,-74.08599853515625,22.77,1.5,4.199,-72.133833,170.0,222.06,257.56
PTGC.2021.346.21.21.55,PTGC,2021.346.21.21.55,unlabelled,,,,,0,0,0.0,0.0,,,5.006999969482422,-74.56600189208984,20.37,2.8,4.199,-72.133833,170.0,284.28,288.41
PTGC.2021.347.00.01.24,PTGC,2021.347.00.01.24,unlabelled,,,,,0,0,0.0,0.0,,,5.99399995803833,-73.947998046875,-0.01,1.7,4.199,-72.133833,170.0,282.6,314.7
PTGC.2021.347.00.06.21,PTGC,2021.347.00.06.21,unlabelled,,,,,0,0,0.0,0.0,,,4.627999782562256,-74.66500091552734,38.42,2.5,4.199,-72.133833,170.0,284.91,279.68
PTGC.2021.348.20.17.26,PTGC,2021.348.20.17.26,unlabelled,,,,,0,0,0.0,0.0,,,5.409999847412109,-74.37899780273438,21.89,2.0,4.199,-72.133833,170.0,282.77,298.36
PTGC.2021.350.07.50.14,PTGC,2021.350.07.50.14,unlabelled,,,,,0,0,0.0,0.0,,,3.9619998931884766,-74.9739990234375,18.61,1.8,4.199,-72.133833,170.0,316.46,265.35
PTGC.2021.351.04.52.44,PTGC,2021.351.04.52.44,unlabelled,,,,,0,0,0.0,0.0,,,5.138000011444092,-73.04199981689453,14.57,1.7,4.199,-72.133833,170.0,144.69,315.9
PTGC.2021.352.07.38.44,PTGC,2021.352.07.38.44,unlabelled,,,,,0,0,0.0,0.0,,,3.8269999027252197,-74.06700134277344,14.34,2.0,4.199,-72.133833,170.0,218.58,259.22
PTGC.2021.353.12.17.25,PTGC,2021.353.12.17.25,unlabelled,,,,,0,0,0.0,0.0,,,3.496999979019165,-74.55599975585938,27.93,1.6,4.199,-72.133833,170.0,280.0,253.99
PTGC.2021.353.22.33.19,PTGC,2021.353.22.33.19,unlabelled,,,,,0,0,0.0,0.0,,,6.0920000076293945,-74.21900177001953,25.87,1.5,4.199,-72.133833,170.0,311.87,312.25
PTGC.2021.354.15.36.03,PTGC,2021.354.15.36.03,unlabelled,,,,,0,0,0.0,0.0,,,3.4210000038146973,-74.1780014038086,0.03,1.6,4.199,-72.133833,170.0,242.81,249.32
PTGC.2021.354.21.55.48,PTGC,2021.354.21.55.48,unlabelled,,,,,0,0,0.0,0.0,,,6.557000160217285,-72.13899993896484,32.84,1.6,4.199,-72.133833,170.0,260.76,359.87
PTGC.2021.355.07.49.10,PTGC,2021.355.07.49.10,unlabelled,,,,,0,0,0.0,0.0,,,4.434999942779541,-73.58999633789062,12.93,1.5,4.199,-72.133833,170.0,163.74,279.23
PTGC.2021.355.13.55.24,PTGC,2021.355.13.55.24,unlabelled,,,,,0,0,0.0,0.0,,,5.696000099182129,-72.6510009765625,15.98,1.8,4.199,-72.133833,170.0,175.2,340.91
PTGC.2021.356.02.15.13,PTGC,2021.356.02.15.13,unlabelled,,,,,0,0,0.0,0.0,,,4.644999980926514,-74.87300109863281,28.05,1.7,4.199,-72.133833,170.0,307.99,279.32
PTGC.2021.356.02.31.00,PTGC,2021.356.02.31.00,unlabelled,,,,,0,0,0.0,0.0,,,3.496000051498413,-74.20999908447266,12.4,1.9,4.199,-72.133833,170.0,243.35,251.44
PTGC.2021.357.05.21.17,PTGC,2021.357.05.21.17,unlabelled,,,,,0,0,0.0,0.0,,,5.270999908447266,-73.60800170898438,15.98,1.5,4.199,-72.133833,170.0,201.99,305.99
PTGC.2021.357.19.16.28,PTGC,2021.357.19.16.28,unlabelled,,,,,0,0,0.0,0.0,,,3.4839999675750732,-74.2300033569336,12.93,0.8,4.199,-72.133833,170.0,245.88,251.32
PTGC.2021.357.23.35.22,PTGC,2021.357.23.35.22,unlabelled,,,,,0,0,0.0,0.0,,,6.013000011444092,-72.64900207519531,26.17,1.7,4.199,-72.133833,170.0,208.57,344.13
PTGC.2021.358.02.40.07,PTGC,2021.358.02.40.07,unlabelled,,,,,0,0,0.0,0.0,,,6.436999797821045,-73.72899627685547,0.0,2.1,4.199,-72.133833,170.0,304.15,324.53
PTGC.2021.358.03.41.41,PTGC,2021.358.03.41.41,unlabelled,,,,,0,0,0.0,0.0,,,6.432000160217285,-73.6969985961914,0.0,1.5,4.199,-72.133833,170.0,301.65,325.01
PTGC.2021.361.14.51.31,PTGC,2021.361.14.51.31,unlabelled,,,,,0,0,0.0,0.0,,,4.392000198364258,-73.80699920654297,13.4,1.5,4.199,-72.133833,170.0,186.96,276.62
PTGC.2021.361.19.07.28,PTGC,2021.361.19.07.28,unlabelled,,,,,0,0,0.0,0.0,,,5.859000205993652,-73.09500122070312,13.16,1.5,4.199,-72.133833,170.0,212.27,329.9
PTGC.2021.362.09.07.45,PTGC,2021.362.09.07.45,unlabelled,,,,,0,0,0.0,0.0,,,3.5420000553131104,-74.18599700927734,16.91,1.8,4.199,-72.133833,170.0,239.23,252.39
PTGC.2021.362.18.07.50,PTGC,2021.362.18.07.50,unlabelled,,,,,0,0,0.0,0.0,,,6.2829999923706055,-72.01000213623047,26.2,1.5,4.199,-72.133833,170.0,230.86,3.4
PTGC.2021.362.21.11.18,PTGC,2021.362.21.11.18,unlabelled,,,,,0,0,0.0,0.0,,,3.4570000171661377,-74.21299743652344,11.76,1.9,4.199,-72.133833,170.0,245.08,250.51
PTGC.2021.363.18.59.15,PTGC,2021.363.18.59.15,unlabelled,,,,,0,0,0.0,0.0,,,4.293000221252441,-73.66699981689453,4.99,1.7,4.199,-72.133833,170.0,170.52,273.55
PTGC.2021.363.21.20.08,PTGC,2021.363.21.20.08,unlabelled,,,,,0,0,0.0,0.0,,,3.5179998874664307,-74.45600128173828,22.07,1.7,4.199,-72.133833,170.0,268.69,253.8
PTGC.2021.364.01.08.57,PTGC,2021.364.01.08.57,unlabelled,,,,,0,0,0.0,0.0,,,3.575000047683716,-74.39900207519531,26.05,1.7,4.199,-72.133833,170.0,260.87,254.74
PTGC.2021.364.06.35.47,PTGC,2021.364.06.35.47,unlabelled,,,,,0,0,0.0,0.0,,,5.943999767303467,-72.5260009765625,15.98,1.5,4.199,-72.133833,170.0,197.81,347.32
PTGC.2021.364.11.36.55,PTGC,2021.364.11.36.55,unlabelled,,,,,0,0,0.0,0.0,,,6.093999862670898,-74.25399780273438,14.14,1.7,4.199,-72.133833,170.0,314.91,311.81
PTGC.2021.365.00.12.30,PTGC,2021.365.00.12.30,unlabelled,,,,,0,0,0.0,0.0,,,6.271999835968018,-72.36499786376953,0.01,1.5,4.199,-72.133833,170.0,230.67,353.63
PTGC.2021.365.01.00.22,PTGC,2021.365.01.00.22,unlabelled,,,,,0,0,0.0,0.0,,,3.8399999141693115,-73.66999816894531,10.82,1.5,4.199,-72.133833,170.0,175.15,256.95
PTGC.2021.365.12.44.52,PTGC,2021.365.12.44.52,unlabelled,,,,,0,0,0.0,0.0,,,3.5390000343322754,-74.26200103759766,9.18,1.5,4.199,-72.133833,170.0,247.38,252.92
PTGC.2021.365.13.18.16,PTGC,2021.365.13.18.16,unlabelled,,,,,0,0,0.0,0.0,,,6.093999862670898,-72.42400360107422,15.98,1.5,4.199,-72.133833,170.0,212.01,351.28
PTGC.2022.001.10.39.06,PTGC,2022.001.10.39.06,unlabelled,,,,,0,0,0.0,0.0,,,5.622000217437744,-72.65899658203125,25.12,1.5,4.199,-72.133833,170.0,167.79,339.71
PTGC.2022.001.11.38.44,PTGC,2022.001.11.38.44,unlabelled,,,,,0,0,0.0,0.0,-2.35,-4.6,6.109000205993652,-72.41100311279297,15.98,1.6,4.199,-72.133833,170.0,213.44,351.73
PTGC.2022.001.12.21.30,PTGC,2022.001.12.21.30,unlabelled,,,,,0,0,0.0,0.0,,,5.166999816894531,-72.62699890136719,16.21,1.6,4.199,-72.133833,170.0,120.22,332.95
PTGC.2022.002.08.30.30,PTGC,2022.002.08.30.30,unlabelled,,,,,0,0,0.0,0.0,,,6.660999774932861,-72.06600189208984,19.02,1.8,4.199,-72.133833,170.0,272.36,1.58
PTGC.2022.002.18.58.15,PTGC,2022.002.18.58.15,unlabelled,,,,,0,0,0.0,0.0,,,6.961999893188477,-72.21499633789062,15.98,2.0,4.199,-72.133833,170.0,305.68,358.32
PTGC.2022.003.03.06.08,PTGC,2022.003.03.06.08,unlabelled,,,,,0,0,0.0,0.0,,,6.015999794006348,-72.33799743652344,19.02,1.6,4.199,-72.133833,170.0,202.2,353.58
PTGC.2022.003.18.03.53,PTGC,2022.003.18.03.53,unlabelled,,,,,0,0,0.0,0.0,,,6.876999855041504,-72.95600128173828,9.88,1.5,4.199,-72.133833,170.0,309.84,342.94
PTGC.2022.003.19.20.19,PTGC,2022.003.19.20.19,unlabelled,,,,,0,0,0.0,0.0,,,3.5339999198913574,-74.26799774169922,12.05,2.4,4.199,-72.133833,170.0,248.18,252.84
PTGC.2022.003.22.39.37,PTGC,2022.003.22.39.37,unlabelled,,,,,0,0,0.0,0.0,,,6.572000026702881,-73.61000061035156,13.08,1.7,4.199,-72.133833,170.0,309.23,328.12
PTGC.2022.004.13.23.16,PTGC,2022.004.13.23.16,unlabelled,,,,,0,0,0.0,0.0,,,5.110000133514404,-73.16999816894531,16.91,1.6,4.199,-72.133833,170.0,152.86,311.27
PTGC.2022.004.13.25.14,PTGC,2022.004.13.25.14,unlabelled,,,,,0,0,0.0,0.0,,,5.127999782562256,-73.20899963378906,25.23,1.6,4.199,-72.133833,170.0,157.43,310.78
PTGC.2022.004.16.44.55,PTGC,2022.004.16.44.55,unlabelled,,,,,0,0,0.0,0.0,,,3.489000082015991,-74.2030029296875,8.95,1.5,4.199,-72.133833,170.0,242.86,251.21
PTGC.2022.004.18.37.07,PTGC,2022.004.18.37.07,unlabelled,,,,,0,0,0.0,0.0,,,4.293000221252441,-75.05000305175781,19.02,2.1,4.199,-72.133833,170.0,323.91,271.95
PTGC.2022.004.21.28.21,PTGC,2022.004.21.28.21,unlabelled,,,,,0,0,0.0,0.0,,,5.079999923706055,-73.23600006103516,17.62,2.2,4.199,-72.133833,170.0,156.35,308.59
PTGC.2022.004.22.10.57,PTGC,2022.004.22.10.57,unlabelled,,,,,0,0,0.0,0.0,,,5.552000045776367,-73.41100311279297,15.98,1.5,4.199,-72.133833,170.0,206.04,316.62
PTGC.2022.004.22.33.52,PTGC,2022.004.22.33.52,unlabelled,,,,,0,0,0.0,0.0,,,5.177000045776367,-73.55699920654297,3.78,1.5,4.199,-72.133833,170.0,191.38,304.46
PTGC.2022.005.20.18.14,PTGC,2022.005.20.18.14,unlabelled,,,,,0,0,0.0,0.0,,,5.105999946594238,-73.2959976196289,16.21,1.9,4.199,-72.133833,170.0,163.36,307.92
PTGC.2022.005.22.09.13,PTGC,2022.005.22.09.13,unlabelled,,,,,0,0,0.0,0.0,,,3.424999952316284,-74.56900024414062,18.32,2.1,4.199,-72.133833,170.0,283.7,252.52
PTGC.2022.006.09.39.58,PTGC,2022.006.09.39.58,unlabelled,,,,,0,0,0.0,0.0,,,3.5950000286102295,-74.34100341796875,18.96,2.8,4.199,-72.133833,170.0,254.07,254.84
PTGC.2022.006.22.51.07,PTGC,2022.006.22.51.07,unlabelled,,,,,0,0,0.0,0.0,,,3.315000057220459,-74.4520034790039,33.09,2.1,4.199,-72.133833,170.0,275.43,249.29
PTGC.2022.007.14.35.29,PTGC,2022.007.14.35.29,unlabelled,,,,,0,0,0.0,0.0,,,4.431000232696533,-73.65799713134766,17.62,2.0,4.199,-72.133833,170.0,171.13,278.68
PTGC.2022.007.22.18.03,PTGC,2022.007.22.18.03,unlabelled,,,,,0,0,0.0,0.0,,,5.486999988555908,-72.66100311279297,30.98,1.5,4.199,-72.133833,170.0,153.97,337.7
PTGC.2022.008.00.01.20,PTGC,2022.008.00.01.20,unlabelled,,,,,0,0,0.0,0.0,,,4.831999778747559,-74.61799621582031,28.98,1.8,4.199,-72.133833,170.0,284.43,284.34
PTGC.2022.008.02.26.49,PTGC,2022.008.02.26.49,unlabelled,,,,,0,0,0.0,0.0,,,6.077000141143799,-72.39399719238281,16.21,1.6,4.199,-72.133833,170.0,209.67,352.1
PTGC.2022.008.03.12.02,PTGC,2022.008.03.12.02,unlabelled,,,,,0,0,0.0,0.0,,,6.646999835968018,-72.10199737548828,23.71,1.6,4.199,-72.133833,170.0,270.73,0.75
PTGC.2022.008.06.07.10,PTGC,2022.008.06.07.10,unlabelled,,,,,0,0,0.0,0.0,,,4.255000114440918,-73.74299621582031,13.93,1.5,4.199,-72.133833,170.0,178.75,272.04
PTGC.2022.008.06.37.01,PTGC,2022.008.06.37.01,unlabelled,,,,,0,0,0.0,0.0,,,3.51200008392334,-74.24500274658203,13.16,1.6,4.199,-72.133833,170.0,246.48,252.12
PTGC.2022.008.09.11.51,PTGC,2022.008.09.11.51,unlabelled,,,,,0,0,0.0,0.0,,,3.8440001010894775,-73.697998046875,15.51,1.5,4.199,-72.133833,170.0,178.08,257.32
PTGC.2022.008.19.21.39,PTGC,2022.008.19.21.39,unlabelled,,,,,0,0,0.0,0.0,,,3.578000068664551,-74.40499877929688,19.02,1.5,4.199,-72.133833,170.0,261.43,254.85
PTGC.2022.008.23.48.04,PTGC,2022.008.23.48.04,unlabelled,,,,,0,0,0.0,0.0,,,5.054999828338623,-73.18699645996094,10.12,1.7,4.199,-72.133833,170.0,150.38,309.05
PTGC.2022.009.01.42.24,PTGC,2022.009.01.42.24,unlabelled,,,,,0,0,0.0,0.0,,,6.002999782562256,-72.5260009765625,15.98,1.5,4.199,-72.133833,170.0,204.18,347.72
PTGC.2022.009.05.45.24,PTGC,2022.009.05.45.24,unlabelled,,,,,0,0,0.0,0.0,,,5.507999897003174,-73.81700134277344,17.62,1.7,4.199,-72.133833,170.0,236.24,307.86
PTGC.2022.009.08.56.46,PTGC,2022.009.08.56.46,unlabelled,,,,,0,0,0.0,0.0,,,5.546000003814697,-73.06099700927734,15.98,1.5,4.199,-72.133833,170.0,181.01,325.42
PTGC.2022.009.09.32.04,PTGC,2022.009.09.32.04,unlabelled,,,,,0,0,0.0,0.0,,,5.545000076293945,-73.12999725341797,18.91,1.5,4.199,-72.133833,170.0,185.37,323.45
PTGC.2022.009.11.41.48,PTGC,2022.009.11.41.48,unlabelled,,,,,0,0,0.0,0.0,,,4.581999778747559,-73.50499725341797,0.0,1.5,4.199,-72.133833,170.0,157.98,285.6
PTGC.2022.009.12.29.59,PTGC,2022.009.12.29.59,unlabelled,,,,,0,0,0.0,0.0,,,5.550000190734863,-73.09100341796875,15.04,1.8,4.199,-72.133833,170.0,183.28,324.64
PTGC.2022.009.20.38.39,PTGC,2022.009.20.38.39,unlabelled,,,,,0,0,0.0,0.0,,,3.4690001010894775,-74.2229995727539,11.58,1.6,4.199,-72.133833,170.0,245.69,250.89
PTGC.2022.010.08.27.48,PTGC,2022.010.08.27.48,unlabelled,,,,,0,0,0.0,0.0,,,5.059000015258789,-73.16100311279297,12.93,1.5,4.199,-72.133833,170.0,148.44,309.88
PTGC.2022.010.14.30.37,PTGC,2022.010.14.30.37,unlabelled,,,,,0,0,0.0,0.0,,,3.4719998836517334,-74.23699951171875,18.79,1.5,4.199,-72.133833,170.0,247.05,251.08
PTGC.2022.010.18.28.37,PTGC,2022.010.18.28.37,unlabelled,,,,,0,0,0.0,0.0,,,6.500999927520752,-73.79100036621094,24.51,1.8,4.199,-72.133833,170.0,313.9,324.26
PTGC.2022.010.18.32.13,PTGC,2022.010.18.32.13,unlabelled,,,,,0,0,0.0,0.0,,,6.236000061035156,-72.59300231933594,25.35,1.8,4.199,-72.133833,170.0,230.94,347.29
PTGC.2022.010.23.38.06,PTGC,2022.010.23.38.06,unlabelled,,,,,0,0,0.0,0.0,,,6.311999797821045,-72.55400085449219,23.95,1.8,4.199,-72.133833,170.0,238.26,348.75
PTGC.2022.011.09.00.40,PTGC,2022.011.09.00.40,unlabelled,,,,,0,0,0.0,0.0,,,4.756999969482422,-74.69999694824219,38.24,1.8,4.199,-72.133833,170.0,291.4,282.32
PTGC.2022.011.21.48.41,PTGC,2022.011.21.48.41,unlabelled,,,,,0,0,0.0,0.0,,,3.446000099182129,-74.16899871826172,10.82,1.6,4.199,-72.133833,170.0,240.9,249.85
PTGC.2022.012.09.29.20,PTGC,2022.012.09.29.20,unlabelled,,,,,0,0,0.0,0.0,,,4.591000080108643,-73.36900329589844,0.0,1.7,4.199,-72.133833,170.0,143.79,287.59
PTGC.2022.012.10.03.10,PTGC,2022.012.10.03.10,unlabelled,,,,,0,0,0.0,0.0,,,5.499000072479248,-72.83899688720703,19.02,1.5,4.199,-72.133833,170.0,163.66,331.48
PTGC.2022.012.15.27.32,PTGC,2022.012.15.27.32,unlabelled,,,,,0,0,0.0,0.0,,,3.4509999752044678,-74.18199920654297,3.41,1.6,4.199,-72.133833,170.0,242.06,250.09
PTGC.2022.012.18.19.00,PTGC,2022.012.18.19.00,unlabelled,,,,,0,0,0.0,0.0,,,3.496999979019165,-74.23300170898438,5.79,1.5,4.199,-72.133833,170.0,245.74,251.66
PTGC.2022.014.05.56.52,PTGC,2022.014.05.56.52,unlabelled,,,,,0,0,0.0,0.0,,,6.005000114440918,-72.4219970703125,15.98,1.6,4.199,-72.133833,170.0,202.25,350.92
PTGC.2022.014.21.15.36,PTGC,2022.014.21.15.36,unlabelled,,,,,0,0,0.0,0.0,,,3.359999895095825,-74.5009994506836,15.98,1.6,4.199,-72.133833,170.0,278.83,250.65
PTGC.2022.015.03.55.39,PTGC,2022.015.03.55.39,unlabelled,,,,,0,0,0.0,0.0,,,4.005000114440918,-74.04399871826172,12.99,1.9,4.199,-72.133833,170.0,213.18,264.29
PTGC.2022.015.11.30.17,PTGC,2022.015.11.30.17,unlabelled,,,,,0,0,0.0,0.0,,,5.770999908447266,-72.5469970703125,19.61,1.6,4.199,-72.133833,170.0,179.77,345.25
PTGC.2022.016.07.44.40,PTGC,2022.016.07.44.40,unlabelled,,,,,0,0,0.0,0.0,,,3.4210000038146973,-74.69499969482422,24.94,1.9,4.199,-72.133833,170.0,297.2,253.26
PTGC.2022.017.00.13.49,PTGC,2022.017.00.13.49,unlabelled,,,,,0,0,0.0,0.0,,,3.4630000591278076,-74.2239990234375,12.29,1.8,4.199,-72.133833,170.0,246.01,250.75
PTGC.2022.017.11.13.18,PTGC,2022.017.11.13.18,unlabelled,,,,,0,0,0.0,0.0,,,3.446000099182129,-74.18800354003906,0.98,1.1,4.199,-72.133833,170.0,242.88,250.02
PTGC.2022.017.17.04.46,PTGC,2022.017.17.04.46,unlabelled,,,,,0,0,0.0,0.0,,,3.4560000896453857,-74.14299774169922,17.26,1.5,4.199,-72.133833,170.0,237.81,249.86
PTGC.2022.017.22.12.23,PTGC,2022.017.22.12.23,unlabelled,,,,,0,0,0.0,0.0,,,3.6419999599456787,-74.34200286865234,18.96,2.1,4.199,-72.133833,170.0,252.86,255.98
PTGC.2022.018.06.29.54,PTGC,2022.018.06.29.54,unlabelled,,,,,0,0,0.0,0.0,,,3.3329999446868896,-74.427001953125,15.39,1.5,4.199,-72.133833,170.0,272.13,249.47
PTGC.2022.018.14.20.04,PTGC,2022.018.14.20.04,unlabelled,,,,,0,0,0.0,0.0,,,3.369999885559082,-74.4540023803711,5.2,1.5,4.199,-72.133833,170.0,273.54,250.5
PTGC.2022.018.17.24.43,PTGC,2022.018.17.24.43,unlabelled,,,,,0,0,0.0,0.0,,,4.88100004196167,-72.84700012207031,17.62,1.9,4.199,-72.133833,170.0,109.32,313.65
PTGC.2022.019.08.01.40,PTGC,2022.019.08.01.40,unlabelled,,,,,0,0,0.0,0.0,,,4.459000110626221,-74.76000213623047,31.15,2.1,4.199,-72.133833,170.0,292.93,275.73
PTGC.2022.019.08.03.56,PTGC,2022.019.08.03.56,unlabelled,,,,,0,0,0.0,0.0,,,4.466000080108643,-74.77100372314453,35.84,2.2,4.199,-72.133833,170.0,294.22,275.86
PTGC.2022.019.17.29.32,PTGC,2022.019.17.29.32,unlabelled,,,,,0,0,0.0,0.0,,,3.5139999389648438,-74.25,18.55,1.9,4.199,-72.133833,170.0,246.94,252.21
PTGC.2022.021.02.44.16,PTGC,2022.021.02.44.16,unlabelled,,,,,0,0,0.0,0.0,,,4.492000102996826,-73.47000122070312,23.95,1.6,4.199,-72.133833,170.0,151.81,282.37
PTGC.2022.021.22.13.46,PTGC,2022.021.22.13.46,unlabelled,,,,,0,0,0.0,0.0,,,5.9120001792907715,-72.57599639892578,19.02,1.9,4.199,-72.133833,170.0,195.67,345.51
PTGC.2022.022.22.05.31,PTGC,2022.022.22.05.31,unlabelled,,,,,0,0,0.0,0.0,,,3.687999963760376,-74.25199890136719,15.98,1.5,4.199,-72.133833,170.0,241.93,256.57
PTGC.2022.023.07.09.58,PTGC,2022.023.07.09.58,unlabelled,,,,,0,0,0.0,0.0,,,6.859000205993652,-73.50800323486328,0.02,2.3,4.199,-72.133833,170.0,331.22,332.7
PTGC.2022.024.03.20.09,PTGC,2022.024.03.20.09,unlabelled,,,,,0,0,0.0,0.0,,,3.48799991607666,-74.28500366210938,24.24,2.5,4.199,-72.133833,170.0,251.53,251.86
PTGC.2022.024.03.24.21,PTGC,2022.024.03.24.21,unlabelled,,,,,0,0,0.0,0.0,,,3.489000082015991,-74.29100036621094,22.01,1.6,4.199,-72.133833,170.0,252.13,251.93
PTGC.2022.024.03.34.09,PTGC,2022.024.03.34.09,unlabelled,,,,,0,0,0.0,0.0,,,5.5329999923706055,-74.52200317382812,29.34,1.7,4.199,-72.133833,170.0,303.2,299.21
PTGC.2022.024.12.34.43,PTGC,2022.024.12.34.43,unlabelled,,,,,0,0,0.0,0.0,,,6.999000072479248,-72.322998046875,0.86,1.7,4.199,-72.133833,170.0,310.35,356.14
PTGC.2022.024.14.24.44,PTGC,2022.024.14.24.44,unlabelled,,,,,0,0,0.0,0.0,,,5.271999835968018,-73.04900360107422,16.42,1.7,4.199,-72.133833,170.0,156.16,319.48
PTGC.2022.024.16.44.41,PTGC,2022.024.16.44.41,unlabelled,,,,,0,0,0.0,0.0,,,5.613999843597412,-72.81099700927734,17.85,1.7,4.199,-72.133833,170.0,173.57,334.39
PTGC.2022.025.07.56.07,PTGC,2022.025.07.56.07,unlabelled,,,,,0,0,0.0,0.0,,,3.875999927520752,-73.64700317382812,13.4,1.5,4.199,-72.133833,170.0,171.78,258.05
PTGC.2022.028.07.02.46,PTGC,2022.028.07.02.46,unlabelled,,,,,0,0,0.0,0.0,,,5.23799991607666,-72.55999755859375,13.05,1.8,4.199,-72.133833,170.0,124.24,337.65
PTGC.2022.028.08.58.19,PTGC,2022.028.08.58.19,unlabelled,,,,,0,0,0.0,0.0,,,3.5880000591278076,-74.44100189208984,23.01,1.8,4.199,-72.133833,170.0,265.0,255.31
PTGC.2022.030.05.31.23,PTGC,2022.030.05.31.23,unlabelled,,,,,0,0,0.0,0.0,,,4.697999954223633,-74.89299774169922,24.94,2.0,4.199,-72.133833,170.0,311.16,280.32
PTGC.2022.030.13.44.56,PTGC,2022.030.13.44.56,unlabelled,,,,,0,0,0.0,0.0,,,4.820000171661377,-74.78900146484375,25.12,1.6,4.199,-72.133833,170.0,302.56,283.22
PTGC.2022.030.16.40.33,PTGC,2022.030.16.40.33,unlabelled,,,,,0,0,0.0,0.0,,,6.629000186920166,-72.89199829101562,4.4,2.2,4.199,-72.133833,170.0,281.55,342.67
PTGC.2022.031.01.01.38,PTGC,2022.031.01.01.38,unlabelled,,,,,0,0,0.0,0.0,,,3.3299999237060547,-74.55000305175781,38.01,2.0,4.199,-72.133833,170.0,285.07,250.38
PTGC.2022.031.02.28.05,PTGC,2022.031.02.28.05,unlabelled,,,,,0,0,0.0,0.0,,,3.2880001068115234,-74.5790023803711,37.77,1.5,4.199,-72.133833,170.0,289.69,249.73
PTGC.2022.031.10.09.01,PTGC,2022.031.10.09.01,unlabelled,,,,,0,0,0.0,0.0,,,5.454999923706055,-74.72100067138672,35.9,1.5,4.199,-72.133833,170.0,318.82,295.93
PTGC.2022.032.03.08.49,PTGC,2022.032.03.08.49,unlabelled,,,,,0,0,0.0,0.0,,,3.490999937057495,-74.21499633789062,10.82,1.5,4.199,-72.133833,170.0,244.05,251.36
PTGC.2022.032.15.44.04,PTGC,2022.032.15.44.04,unlabelled,,,,,0,0,0.0,0.0,,,4.177999973297119,-73.78500366210938,15.45,2.1,4.199,-72.133833,170.0,183.33,269.33
PTGC.2022.033.22.44.50,PTGC,2022.033.22.44.50,unlabelled,,,,,0,0,0.0,0.0,,,5.559000015258789,-72.59300231933594,32.62,1.6,4.199,-72.133833,170.0,158.78,341.31
PTGC.2022.034.09.02.48,PTGC,2022.034.09.02.48,unlabelled,,,,,0,0,0.0,0.0,,,5.835999965667725,-72.4990005493164,28.4,2.6,4.199,-72.133833,170.0,185.5,347.41
PTGC.2022.034.23.29.56,PTGC,2022.034.23.29.56,unlabelled,,,,,0,0,0.0,0.0,,,6.324999809265137,-72.59500122070312,19.49,1.6,4.199,-72.133833,170.0,240.59,347.75
PTGC.2022.035.12.48.24,PTGC,2022.035.12.48.24,unlabelled,,,,,0,0,0.0,0.0,,,3.678999900817871,-74.78500366210938,39.18,1.6,4.199,-72.133833,170.0,300.0,259.04
PTGC.2022.036.01.26.12,PTGC,2022.036.01.26.12,unlabelled,,,,,0,0,0.0,0.0,,,4.849999904632568,-73.31300354003906,15.51,1.8,4.199,-72.133833,170.0,149.35,298.86
PTGC.2022.037.04.37.57,PTGC,2022.037.04.37.57,unlabelled,,,,,0,0,0.0,0.0,,,4.008999824523926,-74.13300323486328,16.04,1.7,4.199,-72.133833,170.0,222.97,264.67
PTGC.2022.037.15.43.42,PTGC,2022.037.15.43.42,unlabelled,,,,,0,0,0.0,0.0,,,6.074999809265137,-72.4260025024414,19.49,2.3,4.199,-72.133833,170.0,209.97,351.14
PTGC.2022.038.03.39.31,PTGC,2022.038.03.39.31,unlabelled,,,,,0,0,0.0,0.0,,,6.375999927520752,-72.93699645996094,19.02,2.7,4.199,-72.133833,170.0,256.67,339.74
PTGC.2022.038.07.58.02,PTGC,2022.038.07.58.02,unlabelled,,,,,0,0,0.0,0.0,,,3.697999954223633,-74.13700103759766,23.24,1.5,4.199,-72.133833,170.0,229.26,256.09
PTGC.2022.038.16.30.58,PTGC,2022.038.16.30.58,unlabelled,,,,,0,0,0.0,0.0,,,6.296000003814697,-72.48200225830078,18.67,1.5,4.199,-72.133833,170.0,235.08,350.57
PTGC.2022.038.22.45.24,PTGC,2022.038.22.45.24,unlabelled,,,,,0,0,0.0,0.0,,,5.315999984741211,-74.63800048828125,20.07,1.6,4.199,-72.133833,170.0,304.03,294.07
PTGC.2022.039.10.26.25,PTGC,2022.039.10.26.25,unlabelled,,,,,0,0,0.0,0.0,,,6.242000102996826,-73.86799621582031,16.66,1.6,4.199,-72.133833,170.0,296.64,319.68
PTGC.2022.039.14.33.41,PTGC,2022.039.14.33.41,unlabelled,,,,,0,0,0.0,0.0,,,3.4100000858306885,-74.78199768066406,33.55,1.6,4.199,-72.133833,170.0,306.81,253.57
PTGC.2022.042.14.39.58,PTGC,2022.042.14.39.58,unlabelled,,,,,0,0,0.0,0.0,,,5.171000003814697,-74.68399810791016,25.29,3.5,4.199,-72.133833,170.0,302.67,290.9
PTGC.2022.042.14.48.06,PTGC,2022.042.14.48.06,unlabelled,,,,,0,0,0.0,0.0,,,5.188000202178955,-74.70099639892578,22.07,1.7,4.199,-72.133833,170.0,305.1,291.11
PTGC.2022.043.05.02.19,PTGC,2022.043.05.02.19,unlabelled,,,,,0,0,0.0,0.0,,,4.355000019073486,-73.89299774169922,10.53,1.9,4.199,-72.133833,170.0,196.05,275.11
PTGC.2022.043.10.48.53,PTGC,2022.043.10.48.53,unlabelled,,,,,0,0,0.0,0.0,,,3.3259999752044678,-74.47899627685547,25.59,1.7,4.199,-72.133833,170.0,277.81,249.75
PTGC.2022.044.05.16.33,PTGC,2022.044.05.16.33,unlabelled,,,,,0,0,0.0,0.0,,,5.138000011444092,-74.76200103759766,35.14,2.0,4.199,-72.133833,170.0,309.53,289.7
PTGC.2022.044.21.38.36,PTGC,2022.044.21.38.36,unlabelled,,,,,0,0,0.0,0.0,,,5.263000011444092,-74.62699890136719,13.98,2.8,4.199,-72.133833,170.0,300.58,293.14
PTGC.2022.044.22.40.13,PTGC,2022.044.22.40.13,unlabelled,,,,,0,0,0.0,0.0,,,6.13100004196167,-74.30500030517578,4.4,1.6,4.199,-72.133833,170.0,321.85,311.68
PTGC.2022.045.01.39.44,PTGC,2022.045.01.39.44,unlabelled,,,,,0,0,0.0,0.0,,,3.306999921798706,-74.36599731445312,16.45,1.5,4.199,-72.133833,170.0,266.85,248.38
PTGC.2022.045.02.25.15,PTGC,2022.045.02.25.15,unlabelled,,,,,0,0,0.0,0.0,,,3.4260001182556152,-74.78500366210938,38.42,2.1,4.199,-72.133833,170.0,306.63,253.9
PTGC.2022.045.04.50.05,PTGC,2022.045.04.50.05,unlabelled,,,,,0,0,0.0,0.0,,,4.88100004196167,-74.81300354003906,26.05,1.7,4.199,-72.133833,170.0,306.73,284.34
PTGC.2022.045.10.05.03,PTGC,2022.045.10.05.03,unlabelled,,,,,0,0,0.0,0.0,,,4.604000091552734,-73.55799865722656,24.18,1.7,4.199,-72.133833,170.0,164.29,285.87
PTGC.2022.045.13.01.53,PTGC,2022.045.13.01.53,unlabelled,,,,,0,0,0.0,0.0,,,3.450000047683716,-74.23500061035156,7.01,1.5,4.199,-72.133833,170.0,247.64,250.53
PTGC.2022.045.15.34.19,PTGC,2022.045.15.34.19,unlabelled,,,,,0,0,0.0,0.0,,,4.986999988555908,-73.19100189208984,15.98,1.8,4.199,-72.133833,170.0,146.13,306.65
PTGC.2022.046.08.41.41,PTGC,2022.046.08.41.41,unlabelled,,,,,0,0,0.0,0.0,,,4.690999984741211,-74.8949966430664,22.01,2.0,4.199,-72.133833,170.0,311.24,280.17
PTGC.2022.047.09.19.18,PTGC,2022.047.09.19.18,unlabelled,,,,,0,0,0.0,0.0,,,5.96999979019165,-72.58999633789062,19.14,1.6,4.199,-72.133833,170.0,202.27,345.54
PTGC.2022.047.12.20.59,PTGC,2022.047.12.20.59,unlabelled,,,,,0,0,0.0,0.0,,,5.309999942779541,-73.00399780273438,23.36,2.0,4.199,-72.133833,170.0,156.24,321.88
PTGC.2022.047.17.21.04,PTGC,2022.047.17.21.04,unlabelled,,,,,0,0,0.0,0.0,,,5.192999839782715,-73.03500366210938,13.16,1.9,4.199,-72.133833,170.0,148.59,317.75
PTGC.2022.048.06.55.46,PTGC,2022.048.06.55.46,unlabelled,,,,,0,0,0.0,0.0,,,5.813000202178955,-72.66799926757812,21.6,1.9,4.199,-72.133833,170.0,188.05,341.66
PTGC.2022.048.16.27.10,PTGC,2022.048.16.27.10,unlabelled,,,,,0,0,0.0,0.0,,,5.843999862670898,-72.60800170898438,14.8,2.7,4.199,-72.133833,170.0,189.36,343.9
PTGC.2022.048.17.46.29,PTGC,2022.048.17.46.29,unlabelled,,,,,0,0,0.0,0.0,,,5.613999843597412,-72.49299621582031,16.68,1.8,4.199,-72.133833,170.0,161.47,345.73
PTGC.2022.048.20.31.35,PTGC,2022.048.20.31.35,unlabelled,,,,,0,0,0.0,0.0,,,3.569000005722046,-73.97100067138672,10.35,1.5,4.199,-72.133833,170.0,215.61,251.21
PTGC.2022.049.08.48.02,PTGC,2022.049.08.48.02,unlabelled,,,,,0,0,0.0,0.0,,,5.315000057220459,-72.96700286865234,22.07,1.5,4.199,-72.133833,170.0,154.19,323.2
PTGC.2022.049.15.35.19,PTGC,2022.049.15.35.19,unlabelled,,,,,0,0,0.0,0.0,,,5.78000020980835,-73.08100128173828,15.39,2.1,4.199,-72.133833,170.0,203.96,329.04
PTGC.2022.049.15.47.40,PTGC,2022.049.15.47.40,unlabelled,,,,,0,0,0.0,0.0,,,3.73799991607666,-74.03299713134766,12.7,2.0,4.199,-72.133833,170.0,216.98,256.48
PTGC.2022.050.09.19.43,PTGC,2022.050.09.19.43,unlabelled,,,,,0,0,0.0,0.0,,,6.229000091552734,-72.39299774169922,20.08,1.5,4.199,-72.133833,170.0,226.32,352.72
PTGC.2022.050.11.03.08,PTGC,2022.050.11.03.08,unlabelled,,,,,0,0,0.0,0.0,,,3.4059998989105225,-74.65499877929688,23.54,2.4,4.199,-72.133833,170.0,293.45,252.7
PTGC.2022.050.18.13.51,PTGC,2022.050.18.13.51,unlabelled,,,,,0,0,0.0,0.0,,,3.428999900817871,-74.7760009765625,35.43,1.7,4.199,-72.133833,170.0,305.58,253.91
PTGC.2022.050.18.16.04,PTGC,2022.050.18.16.04,unlabelled,,,,,0,0,0.0,0.0,,,3.3459999561309814,-74.5250015258789,23.36,1.9,4.199,-72.133833,170.0,281.86,250.53
PTGC.2022.051.02.58.19,PTGC,2022.051.02.58.19,unlabelled,,,,,0,0,0.0,0.0,,,6.520999908447266,-72.06300354003906,0.0,1.8,4.199,-72.133833,170.0,256.9,1.75
PTGC.2022.051.07.12.27,PTGC,2022.051.07.12.27,unlabelled,,,,,0,0,0.0,0.0,,,5.329999923706055,-73.39800262451172,17.62,1.8,4.199,-72.133833,170.0,187.91,311.78
PTGC.2022.051.12.00.15,PTGC,2022.051.12.00.15,unlabelled,,,,,0,0,0.0,0.0,,,5.360000133514404,-73.36000061035156,0.0,1.8,4.199,-72.133833,170.0,187.04,313.39
PTGC.2022.052.06.00.11,PTGC,2022.052.06.00.11,unlabelled,,,,,0,0,0.0,0.0,,,5.8379998207092285,-72.58200073242188,15.51,2.0,4.199,-72.133833,170.0,187.94,344.68
PTGC.2022.052.13.09.19,PTGC,2022.052.13.09.19,unlabelled,,,,,0,0,0.0,0.0,,,4.418000221252441,-73.65399932861328,15.51,1.9,4.199,-72.133833,170.0,170.48,278.22
PTGC.2022.053.07.58.37,PTGC,2022.053.07.58.37,unlabelled,,,,,0,0,0.0,0.0,,,6.770999908447266,-72.31099700927734,15.86,1.6,4.199,-72.133833,170.0,285.1,356.06
PTGC.2022.053.09.58.56,PTGC,2022.053.09.58.56,unlabelled,,,,,0,0,0.0,0.0,,,3.8350000381469727,-73.68000030517578,9.94,1.6,4.199,-72.133833,170.0,176.35,256.86
PTGC.2022.053.14.58.41,PTGC,2022.053.14.58.41,unlabelled,,,,,0,0,0.0,0.0,,,5.425000190734863,-74.62899780273438,17.15,1.6,4.199,-72.133833,170.0,308.2,296.2
PTGC.2022.053.23.46.38,PTGC,2022.053.23.46.38,unlabelled,,,,,0,0,0.0,0.0,,,3.4619998931884766,-74.22100067138672,21.72,1.6,4.199,-72.133833,170.0,245.73,250.7
PTGC.2022.054.04.14.41,PTGC,2022.054.04.14.41,unlabelled,,,,,0,0,0.0,0.0,,,5.461999893188477,-74.4000015258789,25.29,2.1,4.199,-72.133833,170.0,287.57,299.15
PTGC.2022.054.20.24.15,PTGC,2022.054.20.24.15,unlabelled,,,,,0,0,0.0,0.0,,,5.943999767303467,-72.47699737548828,13.87,2.3,4.199,-72.133833,170.0,196.68,348.86
PTGC.2022.055.04.09.33,PTGC,2022.055.04.09.33,unlabelled,,,,,0,0,0.0,0.0,,,6.548999786376953,-72.875,15.98,1.6,4.199,-72.133833,170.0,272.55,342.49
PTGC.2022.056.00.42.34,PTGC,2022.056.00.42.34,unlabelled,,,,,0,0,0.0,0.0,,,5.294000148773193,-72.98200225830078,19.02,1.5,4.199,-72.133833,170.0,153.35,322.18
PTGC.2022.057.18.07.18,PTGC,2022.057.18.07.18,unlabelled,,,,,0,0,0.0,0.0,,,5.007999897003174,-73.15499877929688,11.76,1.8,4.199,-72.133833,170.0,144.37,308.33
PTGC.2022.058.03.39.39,PTGC,2022.058.03.39.39,unlabelled,,,,,0,0,0.0,0.0,,,3.484999895095825,-74.2020034790039,12.87,1.6,4.199,-72.133833,170.0,242.9,251.1
PTGC.2022.058.05.28.12,PTGC,2022.058.05.28.12,unlabelled,,,,,0,0,0.0,0.0,,,5.120999813079834,-73.10099792480469,14.57,1.5,4.199,-72.133833,170.0,148.02,313.57
PTGC.2022.058.11.58.43,PTGC,2022.058.11.58.43,unlabelled,,,,,0,0,0.0,0.0,,,3.434000015258789,-74.77400207519531,38.48,1.8,4.199,-72.133833,170.0,305.21,254.0
PTGC.2022.059.16.07.29,PTGC,2022.059.16.07.29,unlabelled,,,,,0,0,0.0,0.0,,,4.827000141143799,-74.78099822998047,25.88,2.8,4.199,-72.133833,170.0,301.87,283.4
PTGC.2022.060.15.55.06,PTGC,2022.060.15.55.06,unlabelled,,,,,0,0,0.0,0.0,,,3.5139999389648438,-74.20700073242188,12.23,1.7,4.199,-72.133833,170.0,242.4,251.86
PTGC.2022.060.16.44.47,PTGC,2022.060.16.44.47,unlabelled,,,,,0,0,0.0,0.0,,,3.249000072479248,-74.34300231933594,15.04,2.0,4.199,-72.133833,170.0,266.94,246.9
PTGC.2022.061.11.45.47,PTGC,2022.061.11.45.47,unlabelled,,,,,0,0,0.0,0.0,,,3.624000072479248,-74.10900115966797,10.06,2.0,4.199,-72.133833,170.0,228.39,253.9
PTGC.2022.061.15.10.38,PTGC,2022.061.15.10.38,unlabelled,,,,,0,0,0.0,0.0,,,3.490999937057495,-74.28199768066406,19.49,1.6,4.199,-72.133833,170.0,251.11,251.91
PTGC.2022.061.22.11.16,PTGC,2022.061.22.11.16,unlabelled,,,,,0,0,0.0,0.0,-0.13,,5.866000175476074,-72.48600006103516,17.38,1.8,4.199,-72.133833,170.0,188.43,348.05
PTGC.2022.062.04.50.15,PTGC,2022.062.04.50.15,unlabelled,,,,,0,0,0.0,0.0,,,3.4100000858306885,-74.322998046875,13.11,1.6,4.199,-72.133833,170.0,258.34,250.34
PTGC.2022.062.06.09.32,PTGC,2022.062.06.09.32,unlabelled,,,,,0,0,0.0,0.0,,,3.5360000133514404,-74.35199737548828,21.89,1.8,4.199,-72.133833,170.0,257.04,253.5
PTGC.2022.062.15.27.05,PTGC,2022.062.15.27.05,unlabelled,,,,,0,0,0.0,0.0,,,3.8380000591278076,-73.7020034790039,11.29,1.5,4.199,-72.133833,170.0,178.66,257.14
PTGC.2022.063.01.10.36,PTGC,2022.063.01.10.36,unlabelled,,,,,0,0,0.0,0.0,,,6.034999847412109,-72.50299835205078,13.16,1.8,4.199,-72.133833,170.0,207.12,348.62
PTGC.2022.063.11.48.34,PTGC,2022.063.11.48.34,unlabelled,,,,,0,0,0.0,0.0,,,3.4820001125335693,-74.20099639892578,12.93,1.6,4.199,-72.133833,170.0,242.9,251.02
PTGC.2022.063.13.21.56,PTGC,2022.063.13.21.56,unlabelled,,,,,0,0,0.0,0.0,,,3.438999891281128,-73.81900024414062,16.04,2.2,4.199,-72.133833,170.0,205.18,245.88
PTGC.2022.063.19.07.41,PTGC,2022.063.19.07.41,unlabelled,,,,,0,0,0.0,0.0,,,5.171000003814697,-73.08200073242188,19.02,1.8,4.199,-72.133833,170.0,150.4,315.65
PTGC.2022.064.01.11.54,PTGC,2022.064.01.11.54,unlabelled,,,,,0,0,0.0,0.0,,,3.4779999256134033,-74.21299743652344,9.36,1.3,4.199,-72.133833,170.0,244.31,251.03
PTGC.2022.064.01.17.01,PTGC,2022.064.01.17.01,unlabelled,,,,,0,0,0.0,0.0,,,3.490000009536743,-74.21199798583984,12.05,2.4,4.199,-72.133833,170.0,243.77,251.31
PTGC.2022.064.19.40.05,PTGC,2022.064.19.40.05,unlabelled,,,,,0,0,0.0,0.0,,,3.4609999656677246,-74.19000244140625,9.18,1.2,4.199,-72.133833,170.0,242.52,250.41
PTGC.2022.064.23.41.19,PTGC,2022.064.23.41.19,unlabelled,,,,,0,0,0.0,0.0,,,3.48799991607666,-74.21099853515625,14.75,2.1,4.199,-72.133833,170.0,243.74,251.25
PTGC.2022.065.01.50.58,PTGC,2022.065.01.50.58,unlabelled,,,,,0,0,0.0,0.0,,,4.735000133514404,-73.4000015258789,15.98,2.1,4.199,-72.133833,170.0,152.51,292.92
PTGC.2022.065.08.35.30,PTGC,2022.065.08.35.30,unlabelled,,,,,0,0,0.0,0.0,,,7.14900016784668,-72.1500015258789,4.0,1.5,4.199,-72.133833,170.0,326.23,359.69
PTGC.2022.066.02.18.01,PTGC,2022.066.02.18.01,unlabelled,,,,,0,0,0.0,0.0,,,6.6529998779296875,-72.9219970703125,14.57,1.6,4.199,-72.133833,170.0,285.08,342.19
PTGC.2022.066.05.53.28,PTGC,2022.066.05.53.28,unlabelled,,,,,0,0,0.0,0.0,,,6.234000205993652,-72.39399719238281,6.3,1.8,4.199,-72.133833,170.0,226.88,352.71
PTGC.2022.067.04.00.27,PTGC,2022.067.04.00.27,unlabelled,,,,,0,0,0.0,0.0,,,5.995999813079834,-72.64900207519531,10.23,1.5,4.199,-72.133833,170.0,206.76,343.98
PTGC.2022.067.09.21.47,PTGC,2022.067.09.21.47,unlabelled,,,,,0,0,0.0,0.0,,,7.205999851226807,-72.07499694824219,7.0,1.5,4.199,-72.133833,170.0,332.59,1.12
PTGC.2022.068.05.04.36,PTGC,2022.068.05.04.36,unlabelled,,,,,0,0,0.0,0.0,,,5.038000106811523,-74.67900085449219,34.02,1.7,4.199,-72.133833,170.0,297.26,288.29
PTGC.2022.068.16.42.40,PTGC,2022.068.16.42.40,unlabelled,,,,,0,0,0.0,0.0,,,3.443000078201294,-74.73799896240234,39.77,2.3,4.199,-72.133833,170.0,301.09,253.97
PTGC.2022.072.20.41.55,PTGC,2022.072.20.41.55,unlabelled,,,,,0,0,0.0,0.0,,,6.177999973297119,-73.88300323486328,26.28,2.5,4.199,-72.133833,170.0,292.4,318.53
PTGC.2022.073.09.15.47,PTGC,2022.073.09.15.47,unlabelled,,,,,0,0,0.0,0.0,,,3.2820000648498535,-73.88200378417969,19.61,1.9,4.199,-72.133833,170.0,219.07,242.49
PTGC.2022.073.15.58.37,PTGC,2022.073.15.58.37,unlabelled,,,,,0,0,0.0,0.0,,,4.698999881744385,-74.90899658203125,29.57,2.0,4.199,-72.133833,170.0,312.93,280.28
PTGC.2022.074.08.27.12,PTGC,2022.074.08.27.12,unlabelled,,,,,0,0,0.0,0.0,,,3.5880000591278076,-74.48200225830078,38.24,1.7,4.199,-72.133833,170.0,269.41,255.56
PTGC.2022.075.14.39.12,PTGC,2022.075.14.39.12,unlabelled,,,,,0,0,0.0,0.0,,,5.123000144958496,-73.05899810791016,16.45,1.7,4.199,-72.133833,170.0,144.83,314.9
PTGC.2022.076.19.28.54,PTGC,2022.076.19.28.54,unlabelled,,,,,0,0,0.0,0.0,,,5.85099983215332,-72.89199829101562,13.16,1.7,4.199,-72.133833,170.0,201.1,335.32
PTGC.2022.078.01.36.25,PTGC,2022.078.01.36.25,unlabelled,,,,,0,0,0.0,0.0,,,3.503999948501587,-74.21099853515625,16.04,2.2,4.199,-72.133833,170.0,243.17,251.65
PTGC.2022.078.05.18.41,PTGC,2022.078.05.18.41,unlabelled,,,,,0,0,0.0,0.0,,,6.579999923706055,-73.56400299072266,10.85,2.0,4.199,-72.133833,170.0,307.32,329.02
PTGC.2022.078.05.48.36,PTGC,2022.078.05.48.36,unlabelled,,,,,0,0,0.0,0.0,,,3.5880000591278076,-74.7229995727539,20.66,1.6,4.199,-72.133833,170.0,295.39,256.87
PTGC.2022.080.07.41.16,PTGC,2022.080.07.41.16,unlabelled,,,,,0,0,0.0,0.0,,,6.269999980926514,-72.51100158691406,15.98,1.6,4.199,-72.133833,170.0,232.8,349.67
PTGC.2022.080.19.59.46,PTGC,2022.080.19.59.46,unlabelled,,,,,0,0,0.0,0.0,,,3.4630000591278076,-74.22599792480469,12.93,1.8,4.199,-72.133833,170.0,246.22,250.77
PTGC.2022.080.22.53.49,PTGC,2022.080.22.53.49,unlabelled,,,,,0,0,0.0,0.0,,,3.5,-74.60900115966797,17.56,2.0,4.199,-72.133833,170.0,285.57,254.38
PTGC.2022.081.10.45.29,PTGC,2022.081.10.45.29,unlabelled,,,,,0,0,0.0,0.0,,,5.789000034332275,-72.69100189208984,11.52,1.9,4.199,-72.133833,170.0,186.37,340.66
PTGC.2022.081.13.42.31,PTGC,2022.081.13.42.31,unlabelled,,,,,0,0,0.0,0.0,,,4.317999839782715,-73.50700378417969,19.26,1.6,4.199,-72.133833,170.0,153.01,274.98
PTGC.2022.083.03.04.11,PTGC,2022.083.03.04.11,unlabelled,,,,,0,0,0.0,0.0,,,3.4820001125335693,-74.22000122070312,12.93,1.5,4.199,-72.133833,170.0,244.9,251.18
PTGC.2022.083.03.05.22,PTGC,2022.083.03.05.22,unlabelled,,,,,0,0,0.0,0.0,,,5.394000053405762,-72.67900085449219,15.98,1.5,4.199,-72.133833,170.0,145.33,335.43
PTGC.2022.083.16.56.42,PTGC,2022.083.16.56.42,unlabelled,,,,,0,0,0.0,0.0,,,6.620999813079834,-72.10600280761719,19.49,2.1,4.199,-72.133833,170.0,267.85,0.66
PTGC.2022.084.02.36.59,PTGC,2022.084.02.36.59,unlabelled,,,,,0,0,0.0,0.0,,,3.26200008392334,-74.75199890136719,17.38,1.5,4.199,-72.133833,170.0,308.74,250.48
PTGC.2022.085.09.01.18,PTGC,2022.085.09.01.18,unlabelled,,,,,0,0,0.0,0.0,,,3.48799991607666,-74.16200256347656,6.0,1.6,4.199,-72.133833,170.0,238.59,250.83
PTGC.2022.086.00.02.37,PTGC,2022.086.00.02.37,unlabelled,,,,,0,0,0.0,0.0,,,6.172999858856201,-72.48400115966797,12.93,1.8,4.199,-72.133833,170.0,221.72,349.93
PTGC.2022.086.01.21.47,PTGC,2022.086.01.21.47,unlabelled,,,,,0,0,0.0,0.0,,,4.410999774932861,-73.677001953125,12.7,1.5,4.199,-72.133833,170.0,172.9,277.85
PTGC.2022.086.10.47.23,PTGC,2022.086.10.47.23,unlabelled,,,,,0,0,0.0,0.0,,,6.843999862670898,-72.18099975585938,-0.02,1.7,4.199,-72.133833,170.0,292.54,358.98
PTGC.2022.086.15.24.26,PTGC,2022.086.15.24.26,unlabelled,,,,,0,0,0.0,0.0,,,4.933000087738037,-73.0989990234375,7.66,1.8,4.199,-72.133833,170.0,134.38,307.19
PTGC.2022.087.07.30.44,PTGC,2022.087.07.30.44,unlabelled,,,,,0,0,0.0,0.0,,,5.421000003814697,-72.74700164794922,33.09,1.9,4.199,-72.133833,170.0,151.28,333.31
PTGC.2022.087.12.46.15,PTGC,2022.087.12.46.15,unlabelled,,,,,0,0,0.0,0.0,,,3.9709999561309814,-73.99199676513672,15.51,1.5,4.199,-72.133833,170.0,207.86,263.1
PTGC.2022.089.01.22.32,PTGC,2022.089.01.22.32,unlabelled,,,,,0,0,0.0,0.0,,,5.2220001220703125,-74.6520004272461,18.32,1.6,4.199,-72.133833,170.0,301.41,292.14
PTGC.2022.089.09.37.20,PTGC,2022.089.09.37.20,unlabelled,,,,,0,0,0.0,0.0,,,6.900000095367432,-71.97799682617188,17.22,1.6,4.199,-72.133833,170.0,299.19,3.3
PTGC.2022.091.08.33.55,PTGC,2022.091.08.33.55,unlabelled,,,,,0,0,0.0,0.0,,,4.364999771118164,-74.95800018310547,22.01,2.0,4.199,-72.133833,170.0,314.05,273.46
PTGC.2022.091.09.44.04,PTGC,2022.091.09.44.04,unlabelled,,,,,0,0,0.0,0.0,,,4.698999881744385,-74.80799865722656,28.16,1.7,4.199,-72.133833,170.0,301.9,280.65
PTGC.2022.091.14.37.26,PTGC,2022.091.14.37.26,unlabelled,,,,,0,0,0.0,0.0,,,3.38700008392334,-74.71399688720703,26.29,1.6,4.199,-72.133833,170.0,300.33,252.69
PTGC.2022.092.00.06.31,PTGC,2022.092.00.06.31,unlabelled,,,,,0,0,0.0,0.0,,,5.8460001945495605,-73.97100067138672,12.79,1.7,4.199,-72.133833,170.0,273.27,311.87
PTGC.2022.092.00.45.41,PTGC,2022.092.00.45.41,unlabelled,,,,,0,0,0.0,0.0,,,4.888000011444092,-72.95600128173828,13.87,2.3,4.199,-72.133833,170.0,118.87,309.9
PTGC.2022.092.14.02.08,PTGC,2022.092.14.02.08,unlabelled,,,,,0,0,0.0,0.0,,,5.432000160217285,-72.80599975585938,16.68,1.5,4.199,-72.133833,170.0,155.4,331.36
PTGC.2022.093.09.47.01,PTGC,2022.093.09.47.01,unlabelled,,,,,0,0,0.0,0.0,,,6.934999942779541,-73.02899932861328,10.35,1.8,4.199,-72.133833,170.0,318.4,341.89
PTGC.2022.094.05.32.16,PTGC,2022.094.05.32.16,unlabelled,,,,,0,0,0.0,0.0,,,5.738999843597412,-72.61599731445312,16.21,1.5,4.199,-72.133833,170.0,178.49,342.59
PTGC.2022.094.10.00.37,PTGC,2022.094.10.00.37,unlabelled,,,,,0,0,0.0,0.0,,,6.311999797821045,-72.7040023803711,31.28,1.5,4.199,-72.133833,170.0,242.06,344.89
PTGC.2022.095.07.28.17,PTGC,2022.095.07.28.17,unlabelled,,,,,0,0,0.0,0.0,,,6.335999965667725,-72.64600372314453,12.93,1.9,4.199,-72.133833,170.0,243.04,346.51
PTGC.2022.095.07.34.48,PTGC,2022.095.07.34.48,unlabelled,,,,,0,0,0.0,0.0,,,6.3520002365112305,-72.67400360107422,13.16,1.8,4.199,-72.133833,170.0,245.5,345.91
PTGC.2022.095.09.38.17,PTGC,2022.095.09.38.17,unlabelled,,,,,0,0,0.0,0.0,,,5.0320000648498535,-72.81500244140625,15.04,1.8,4.199,-72.133833,170.0,119.15,320.66
PTGC.2022.096.12.49.43,PTGC,2022.096.12.49.43,unlabelled,,,,,0,0,0.0,0.0,,,6.545000076293945,-71.9520034790039,22.27,1.8,4.199,-72.133833,170.0,260.21,4.43
PTGC.2022.097.20.30.57,PTGC,2022.097.20.30.57,unlabelled,,,,,0,0,0.0,0.0,,,5.896999835968018,-73.9280014038086,0.0,2.0,4.199,-72.133833,170.0,273.57,313.42
PTGC.2022.098.22.46.33,PTGC,2022.098.22.46.33,unlabelled,,,,,0,0,0.0,0.0,,,6.164000034332275,-72.20800018310547,23.95,2.6,4.199,-72.133833,170.0,217.45,357.84
PTGC.2022.099.10.27.34,PTGC,2022.099.10.27.34,unlabelled,,,,,0,0,0.0,0.0,,,5.38700008392334,-74.83599853515625,24.41,2.1,4.199,-72.133833,170.0,327.28,293.77
PTGC.2022.099.13.22.32,PTGC,2022.099.13.22.32,unlabelled,,,,,0,0,0.0,0.0,,,5.067999839782715,-73.34200286865234,21.87,1.5,4.199,-72.133833,170.0,164.94,305.68
PTGC.2022.100.10.44.02,PTGC,2022.100.10.44.02,unlabelled,,,,,0,0,0.0,0.0,,,3.428999900817871,-74.21499633789062,21.13,2.0,4.199,-72.133833,170.0,246.35,249.85
PTGC.2022.100.21.34.47,PTGC,2022.100.21.34.47,unlabelled,,,,,0,0,0.0,0.0,,,6.895999908447266,-72.1449966430664,3.97,1.8,4.199,-72.133833,170.0,298.25,359.76
PTGC.2022.101.06.54.55,PTGC,2022.101.06.54.55,unlabelled,,,,,0,0,0.0,0.0,-5.51,,3.9820001125335693,-74.07099914550781,15.98,2.2,4.199,-72.133833,170.0,216.43,263.7
PTGC.2022.101.14.42.00,PTGC,2022.101.14.42.00,unlabelled,,,,,0,0,0.0,0.0,,,3.4779999256134033,-74.62200164794922,21.37,2.2,4.199,-72.133833,170.0,287.63,253.99
PTGC.2022.101.22.36.49,PTGC,2022.101.22.36.49,unlabelled,,,,,0,0,0.0,0.0,,,3.505000114440918,-74.22100067138672,13.28,2.1,4.199,-72.133833,170.0,244.19,251.76
PTGC.2022.102.00.20.50,PTGC,2022.102.00.20.50,unlabelled,,,,,0,0,0.0,0.0,,,5.2789998054504395,-74.61799621582031,28.16,1.6,4.199,-72.133833,170.0,300.36,293.53
PTGC.2022.102.06.12.49,PTGC,2022.102.06.12.49,unlabelled,,,,,0,0,0.0,0.0,,,6.711999893188477,-72.10199737548828,10.12,1.6,4.199,-72.133833,170.0,277.92,0.73
PTGC.2022.102.23.13.39,PTGC,2022.102.23.13.39,unlabelled,,,,,0,0,0.0,0.0,,,5.60699987411499,-72.59300231933594,15.98,1.6,4.199,-72.133833,170.0,163.82,341.91
PTGC.2022.103.06.34.48,PTGC,2022.103.06.34.48,unlabelled,,,,,0,0,0.0,0.0,,,4.711999893188477,-74.70500183105469,28.11,2.0,4.199,-72.133833,170.0,290.94,281.34
PTGC.2022.103.11.58.04,PTGC,2022.103.11.58.04,unlabelled,,,,,0,0,0.0,0.0,,,4.76800012588501,-73.33799743652344,0.01,1.6,4.199,-72.133833,170.0,147.71,295.26
PTGC.2022.104.08.16.07,PTGC,2022.104.08.16.07,unlabelled,,,,,0,0,0.0,0.0,,,6.2220001220703125,-74.17900085449219,18.57,1.5,4.199,-72.133833,170.0,318.51,314.7
PTGC.2022.105.14.28.50,PTGC,2022.105.14.28.50,unlabelled,,,,,0,0,0.0,0.0,,,4.109000205993652,-74.75599670410156,20.66,1.5,4.199,-72.133833,170.0,291.31,268.14
PTGC.2022.105.21.41.29,PTGC,2022.105.21.41.29,unlabelled,,,,,0,0,0.0,0.0,,,3.7320001125335693,-74.84100341796875,19.43,1.8,4.199,-72.133833,170.0,305.05,260.35
PTGC.2022.106.10.54.24,PTGC,2022.106.10.54.24,unlabelled,,,,,0,0,0.0,0.0,,,3.3299999237060547,-74.61100006103516,24.47,2.4,4.199,-72.133833,170.0,291.46,250.83
PTGC.2022.106.20.02.25,PTGC,2022.106.20.02.25,unlabelled,,,,,0,0,0.0,0.0,,,5.169000148773193,-74.6709976196289,19.02,1.7,4.199,-72.133833,170.0,301.24,290.96
PTGC.2022.107.09.20.03,PTGC,2022.107.09.20.03,unlabelled,,,,,0,0,0.0,0.0,,,5.006999969482422,-74.81900024414062,22.25,2.3,4.199,-72.133833,170.0,311.06,286.8
PTGC.2022.107.22.22.59,PTGC,2022.107.22.22.59,unlabelled,,,,,0,0,0.0,0.0,,,3.443000078201294,-74.20999908447266,12.11,1.7,4.199,-72.133833,170.0,245.29,250.15
PTGC.2022.108.04.07.58,PTGC,2022.108.04.07.58,unlabelled,,,,,0,0,0.0,0.0,,,3.4779999256134033,-74.24500274658203,16.68,1.7,4.199,-72.133833,170.0,247.67,251.29
PTGC.2022.108.21.21.20,PTGC,2022.108.21.21.20,unlabelled,,,,,0,0,0.0,0.0,,,3.489000082015991,-74.22200012207031,14.34,1.7,4.199,-72.133833,170.0,244.86,251.37
PTGC.2022.109.02.06.33,PTGC,2022.109.02.06.33,unlabelled,,,,,0,0,0.0,0.0,,,5.385000228881836,-72.72899627685547,4.57,1.7,4.199,-72.133833,170.0,146.83,333.3
PTGC.2022.110.03.22.20,PTGC,2022.110.03.22.20,unlabelled,,,,,0,0,0.0,0.0,,,5.480000019073486,-73.80400085449219,19.02,2.2,4.199,-72.133833,170.0,233.21,307.47
PTGC.2022.110.15.23.10,PTGC,2022.110.15.23.10,unlabelled,,,,,0,0,0.0,0.0,,,4.953000068664551,-74.66799926757812,28.63,1.8,4.199,-72.133833,170.0,293.31,286.61
PTGC.2022.110.20.25.14,PTGC,2022.110.20.25.14,unlabelled,,,,,0,0,0.0,0.0,,,6.324999809265137,-72.69300079345703,11.99,1.8,4.199,-72.133833,170.0,243.13,345.25
PTGC.2022.111.09.09.00,PTGC,2022.111.09.09.00,unlabelled,,,,,0,0,0.0,0.0,,,3.2860000133514404,-74.3290023803711,17.73,1.6,4.199,-72.133833,170.0,263.92,247.58
PTGC.2022.111.15.05.38,PTGC,2022.111.15.05.38,unlabelled,,,,,0,0,0.0,0.0,,,3.575000047683716,-74.37100219726562,19.02,1.5,4.199,-72.133833,170.0,257.87,254.56
PTGC.2022.111.20.25.15,PTGC,2022.111.20.25.15,unlabelled,,,,,0,0,0.0,0.0,,,3.325000047683716,-74.45099639892578,36.94,1.6,4.199,-72.133833,170.0,274.94,249.5
PTGC.2022.111.20.42.51,PTGC,2022.111.20.42.51,unlabelled,,,,,0,0,0.0,0.0,,,3.430999994277954,-74.78299713134766,39.71,2.9,4.199,-72.133833,170.0,306.26,253.99
PTGC.2022.112.01.38.41,PTGC,2022.112.01.38.41,unlabelled,,,,,0,0,0.0,0.0,-0.53,,5.185999870300293,-73.23799896240234,16.68,1.7,4.199,-72.133833,170.0,164.07,311.74
PTGC.2022.112.19.24.47,PTGC,2022.112.19.24.47,unlabelled,,,,,0,0,0.0,0.0,,,6.210999965667725,-73.06500244140625,12.93,1.6,4.199,-72.133833,170.0,245.27,335.15
PTGC.2022.113.13.06.31,PTGC,2022.113.13.06.31,unlabelled,,,,,0,0,0.0,0.0,,,3.5969998836517334,-74.16200256347656,35.66,1.7,4.199,-72.133833,170.0,234.89,253.61
PTGC.2022.113.14.38.05,PTGC,2022.113.14.38.05,unlabelled,,,,,0,0,0.0,0.0,,,5.931000232696533,-72.39600372314453,17.58,1.6,4.199,-72.133833,170.0,193.72,351.38
PTGC.2022.113.17.03.41,PTGC,2022.113.17.03.41,unlabelled,,,,,0,0,0.0,0.0,,,4.689000129699707,-73.48500061035156,19.02,1.8,4.199,-72.133833,170.0,159.45,289.92
PTGC.2022.114.00.13.13,PTGC,2022.114.00.13.13,unlabelled,,,,,0,0,0.0,0.0,,,3.7850000858306885,-73.64299774169922,0.98,1.8,4.199,-72.133833,170.0,173.73,254.78
PTGC.2022.114.05.12.35,PTGC,2022.114.05.12.35,unlabelled,,,,,0,0,0.0,0.0,,,3.921999931335449,-74.80400085449219,21.54,2.7,4.199,-72.133833,170.0,298.08,264.2
PTGC.2022.114.09.43.04,PTGC,2022.114.09.43.04,unlabelled,,,,,0,0,0.0,0.0,,,7.046999931335449,-72.12899780273438,12.93,1.6,4.199,-72.133833,170.0,314.95,0.1
PTGC.2022.114.10.56.33,PTGC,2022.114.10.56.33,unlabelled,,,,,0,0,0.0,0.0,,,7.046000003814697,-72.25,14.45,1.6,4.199,-72.133833,170.0,315.1,357.66
PTGC.2022.115.07.36.32,PTGC,2022.115.07.36.32,unlabelled,,,,,0,0,0.0,0.0,,,3.436000108718872,-74.22799682617188,15.98,1.8,4.199,-72.133833,170.0,247.43,250.14
PTGC.2022.115.08.14.38,PTGC,2022.115.08.14.38,unlabelled,,,,,0,0,0.0,0.0,,,3.558000087738037,-74.5009994506836,19.02,1.6,4.199,-72.133833,170.0,272.3,254.99
PTGC.2022.115.17.53.13,PTGC,2022.115.17.53.13,unlabelled,,,,,0,0,0.0,0.0,,,5.760000228881836,-73.7750015258789,6.37,1.6,4.199,-72.133833,170.0,250.84,313.55
PTGC.2022.117.18.20.16,PTGC,2022.117.18.20.16,unlabelled,,,,,0,0,0.0,0.0,,,6.264999866485596,-73.4219970703125,19.0,1.5,4.199,-72.133833,170.0,269.42,328.05
PTGC.2022.117.20.06.14,PTGC,2022.117.20.06.14,unlabelled,,,,,0,0,0.0,0.0,,,3.490999937057495,-74.58200073242188,20.43,1.7,4.199,-72.133833,170.0,282.96,254.02
PTGC.2022.117.22.24.55,PTGC,2022.117.22.24.55,unlabelled,,,,,0,0,0.0,0.0,,,3.453000068664551,-74.21800231933594,16.21,2.0,4.199,-72.133833,170.0,245.75,250.46
PTGC.2022.118.03.31.40,PTGC,2022.118.03.31.40,unlabelled,,,,,0,0,0.0,0.0,,,3.489000082015991,-74.55599975585938,19.43,2.5,4.199,-72.133833,170.0,280.25,253.81
PTGC.2022.119.08.38.56,PTGC,2022.119.08.38.56,unlabelled,,,,,0,0,0.0,0.0,,,3.38100004196167,-74.27100372314453,17.38,1.6,4.199,-72.133833,170.0,254.04,249.21
PTGC.2022.119.09.35.16,PTGC,2022.119.09.35.16,unlabelled,,,,,0,0,0.0,0.0,,,5.395999908447266,-72.6510009765625,9.0,1.6,4.199,-72.133833,170.0,144.26,336.59
PTGC.2022.119.22.38.30,PTGC,2022.119.22.38.30,unlabelled,,,,,0,0,0.0,0.0,,,3.4149999618530273,-74.77999877929688,27.7,0.7,4.199,-72.133833,170.0,306.44,253.66
PTGC.2022.120.18.11.53,PTGC,2022.120.18.11.53,unlabelled,,,,,0,0,0.0,0.0,,,6.300000190734863,-73.43800354003906,19.02,1.7,4.199,-72.133833,170.0,273.64,328.16
PTGC.2022.121.08.16.32,PTGC,2022.121.08.16.32,unlabelled,,,,,0,0,0.0,0.0,,,3.2769999504089355,-74.41799926757812,13.63,1.8,4.199,-72.133833,170.0,273.45,248.19
PTGC.2022.122.01.28.02,PTGC,2022.122.01.28.02,unlabelled,,,,,0,0,0.0,0.0,,,5.984000205993652,-72.43699645996094,22.07,1.5,4.199,-72.133833,170.0,200.23,350.35
PTGC.2022.122.20.41.28,PTGC,2022.122.20.41.28,unlabelled,,,,,0,0,0.0,0.0,-2.14,,3.6559998989105225,-73.89600372314453,12.93,1.5,4.199,-72.133833,170.0,204.71,253.01
PTGC.2022.124.02.39.38,PTGC,2022.124.02.39.38,unlabelled,,,,,0,0,0.0,0.0,,,5.1519999504089355,-72.70899963378906,19.02,1.6,4.199,-72.133833,170.0,123.2,328.83
PTGC.2022.124.03.36.43,PTGC,2022.124.03.36.43,unlabelled,,,,,0,0,0.0,0.0,,,5.468999862670898,-74.41200256347656,19.84,1.7,4.199,-72.133833,170.0,289.11,299.15
PTGC.2022.124.15.22.00,PTGC,2022.124.15.22.00,unlabelled,,,,,0,0,0.0,0.0,,,4.861000061035156,-74.45099639892578,27.49,1.6,4.199,-72.133833,170.0,267.36,285.98
PTGC.2022.124.20.17.56,PTGC,2022.124.20.17.56,unlabelled,,,,,0,0,0.0,0.0,,,6.242000102996826,-72.40399932861328,24.88,1.9,4.199,-72.133833,170.0,227.9,352.46
PTGC.2022.125.09.29.25,PTGC,2022.125.09.29.25,unlabelled,,,,,0,0,0.0,0.0,,,6.4120001792907715,-72.03199768066406,23.95,2.4,4.199,-72.133833,170.0,244.98,2.64
PTGC.2022.125.11.28.50,PTGC,2022.125.11.28.50,unlabelled,,,,,0,0,0.0,0.0,,,3.440000057220459,-74.31099700927734,14.1,1.5,4.199,-72.133833,170.0,255.97,250.93
PTGC.2022.125.12.04.41,PTGC,2022.125.12.04.41,unlabelled,,,,,0,0,0.0,0.0,,,3.4179999828338623,-74.27799987792969,12.11,1.5,4.199,-72.133833,170.0,253.34,250.14
PTGC.2022.126.02.22.30,PTGC,2022.126.02.22.30,unlabelled,,,,,0,0,0.0,0.0,,,3.6519999504089355,-74.39299774169922,19.96,1.7,4.199,-72.133833,170.0,258.09,256.53
PTGC.2022.126.06.32.35,PTGC,2022.126.06.32.35,unlabelled,,,,,0,0,0.0,0.0,,,3.99399995803833,-73.98600006103516,12.99,1.6,4.199,-72.133833,170.0,206.9,263.78
PTGC.2022.126.22.42.28,PTGC,2022.126.22.42.28,unlabelled,,,,,0,0,0.0,0.0,,,6.008999824523926,-73.83200073242188,32.23,2.0,4.199,-72.133833,170.0,274.8,316.82
PTGC.2022.127.07.26.31,PTGC,2022.127.07.26.31,unlabelled,,,,,0,0,0.0,0.0,,,3.5250000953674316,-74.40699768066406,37.3,1.5,4.199,-72.133833,170.0,263.25,253.63
PTGC.2022.128.10.49.58,PTGC,2022.128.10.49.58,unlabelled,,,,,0,0,0.0,0.0,,,7.019000053405762,-71.8280029296875,3.16,1.5,4.199,-72.133833,170.0,313.68,6.19
PTGC.2022.128.16.34.30,PTGC,2022.128.16.34.30,unlabelled,,,,,0,0,0.0,0.0,,,3.5840001106262207,-74.4739990234375,30.33,3.1,4.199,-72.133833,170.0,268.66,255.42
PTGC.2022.128.18.19.45,PTGC,2022.128.18.19.45,unlabelled,,,,,0,0,0.0,0.0,,,3.5739998817443848,-74.4739990234375,29.51,2.3,4.199,-72.133833,170.0,268.94,255.19
PTGC.2022.129.04.49.19,PTGC,2022.129.04.49.19,unlabelled,,,,,0,0,0.0,0.0,,,5.677000045776367,-72.75800323486328,19.02,1.5,4.199,-72.133833,170.0,177.5,337.07
PTGC.2022.129.15.05.45,PTGC,2022.129.15.05.45,unlabelled,,,,,0,0,0.0,0.0,,,5.999000072479248,-73.56300354003906,14.1,2.9,4.199,-72.133833,170.0,254.42,321.54
PTGC.2022.130.20.16.17,PTGC,2022.130.20.16.17,unlabelled,,,,,0,0,0.0,0.0,,,3.4739999771118164,-74.25399780273438,15.51,1.9,4.199,-72.133833,170.0,248.76,251.27
PTGC.2022.131.07.35.08,PTGC,2022.131.07.35.08,unlabelled,,,,,0,0,0.0,0.0,,,3.4800000190734863,-74.22200012207031,12.23,1.5,4.199,-72.133833,170.0,245.18,251.15
PTGC.2022.132.18.05.21,PTGC,2022.132.18.05.21,unlabelled,,,,,0,0,0.0,0.0,,,3.755000114440918,-74.80999755859375,15.98,1.8,4.199,-72.133833,170.0,301.22,260.71
PTGC.2022.132.19.20.27,PTGC,2022.132.19.20.27,unlabelled,,,,,0,0,0.0,0.0,,,3.421999931335449,-74.27300262451172,12.99,2.8,4.199,-72.133833,170.0,252.66,250.19
PTGC.2022.132.19.50.36,PTGC,2022.132.19.50.36,unlabelled,,,,,0,0,0.0,0.0,,,6.252999782562256,-72.31999969482422,3.92,1.9,4.199,-72.133833,170.0,228.07,354.82
PTGC.2022.133.05.56.35,PTGC,2022.133.05.56.35,unlabelled,,,,,0,0,0.0,0.0,,,6.6570000648498535,-72.13899993896484,5.0,2.2,4.199,-72.133833,170.0,271.82,359.88
PTGC.2022.135.05.13.17,PTGC,2022.135.05.13.17,unlabelled,,,,,0,0,0.0,0.0,,,3.8440001010894775,-73.6510009765625,11.76,1.5,4.199,-72.133833,170.0,172.99,256.94
PTGC.2022.135.12.44.15,PTGC,2022.135.12.44.15,unlabelled,,,,,0,0,0.0,0.0,,,6.953000068664551,-72.1259994506836,17.73,2.4,4.199,-72.133833,170.0,304.55,0.16
PTGC.2022.135.21.11.08,PTGC,2022.135.21.11.08,unlabelled,,,,,0,0,0.0,0.0,,,3.4579999446868896,-74.24400329589844,15.45,2.5,4.199,-72.133833,170.0,248.29,250.8
PTGC.2022.136.06.35.37,PTGC,2022.136.06.35.37,unlabelled,,,,,0,0,0.0,0.0,,,4.8520002365112305,-73.38500213623047,4.73,1.9,4.199,-72.133833,170.0,156.5,297.53
PTGC.2022.137.00.37.34,PTGC,2022.137.00.37.34,unlabelled,,,,,0,0,0.0,0.0,,,3.3340001106262207,-74.49700164794922,27.29,2.3,4.199,-72.133833,170.0,279.38,250.06
PTGC.2022.137.07.07.06,PTGC,2022.137.07.07.06,unlabelled,,,,,0,0,0.0,0.0,,,4.604000091552734,-73.33000183105469,10.82,1.6,4.199,-72.133833,170.0,140.12,288.69
PTGC.2022.137.19.30.11,PTGC,2022.137.19.30.11,unlabelled,,,,,0,0,0.0,0.0,,,6.324999809265137,-72.47899627685547,15.98,1.7,4.199,-72.133833,170.0,238.19,350.77
PTGC.2022.137.21.37.46,PTGC,2022.137.21.37.46,unlabelled,,,,,0,0,0.0,0.0,,,3.499000072479248,-74.44599914550781,30.04,2.2,4.199,-72.133833,170.0,268.22,253.31
PTGC.2022.140.23.55.48,PTGC,2022.140.23.55.48,unlabelled,,,,,0,0,0.0,0.0,,,3.7170000076293945,-73.97699737548828,14.1,1.8,4.199,-72.133833,170.0,211.52,255.47
PTGC.2022.142.14.55.49,PTGC,2022.142.14.55.49,unlabelled,,,,,0,0,0.0,0.0,,,5.26800012588501,-73.0,6.95,1.6,4.199,-72.133833,170.0,152.34,320.93
PTGC.2022.142.17.01.34,PTGC,2022.142.17.01.34,unlabelled,,,,,0,0,0.0,0.0,,,7.038000106811523,-72.12300109863281,12.93,2.1,4.199,-72.133833,170.0,313.95,0.22
PTGC.2022.143.06.45.31,PTGC,2022.143.06.45.31,unlabelled,,,,,0,0,0.0,0.0,,,6.421999931335449,-72.04499816894531,15.98,2.2,4.199,-72.133833,170.0,246.03,2.29
PTGC.2022.143.15.54.00,PTGC,2022.143.15.54.00,unlabelled,,,,,0,0,0.0,0.0,,,3.828000068664551,-73.64399719238281,14.45,1.9,4.199,-72.133833,170.0,172.65,256.31
PTGC.2022.143.20.44.19,PTGC,2022.143.20.44.19,unlabelled,,,,,0,0,0.0,0.0,,,6.210999965667725,-72.37899780273438,19.02,1.7,4.199,-72.133833,170.0,224.15,353.05
PTGC.2022.144.11.27.54,PTGC,2022.144.11.27.54,unlabelled,,,,,0,0,0.0,0.0,,,5.8379998207092285,-72.53700256347656,15.98,2.0,4.199,-72.133833,170.0,186.68,346.16
PTGC.2022.144.21.01.17,PTGC,2022.144.21.01.17,unlabelled,,,,,0,0,0.0,0.0,,,3.4210000038146973,-74.23500061035156,11.49,1.5,4.199,-72.133833,170.0,248.74,249.84
PTGC.2022.145.19.35.46,PTGC,2022.145.19.35.46,unlabelled,,,,,0,0,0.0,0.0,,,3.4570000171661377,-74.2229995727539,18.96,2.1,4.199,-72.133833,170.0,246.13,250.6
PTGC.2022.146.07.48.06,PTGC,2022.146.07.48.06,unlabelled,,,,,0,0,0.0,0.0,,,5.684000015258789,-73.37899780273438,21.6,1.6,4.199,-72.133833,170.0,214.56,319.99
PTGC.2022.146.08.21.52,PTGC,2022.146.08.21.52,unlabelled,,,,,0,0,0.0,0.0,,,5.406000137329102,-73.29199981689453,19.02,1.9,4.199,-72.133833,170.0,185.26,316.14
PTGC.2022.146.12.36.42,PTGC,2022.146.12.36.42,unlabelled,,,,,0,0,0.0,0.0,,,3.2960000038146973,-74.41200256347656,20.49,1.6,4.199,-72.133833,170.0,272.05,248.54
PTGC.2022.147.01.20.52,PTGC,2022.147.01.20.52,unlabelled,,,,,0,0,0.0,0.0,,,3.328000068664551,-74.35800170898438,19.02,1.6,4.199,-72.133833,170.0,265.17,248.78
PTGC.2022.147.03.38.39,PTGC,2022.147.03.38.39,unlabelled,,,,,0,0,0.0,0.0,,,3.5450000762939453,-74.50800323486328,34.61,1.5,4.199,-72.133833,170.0,273.43,254.75
PTGC.2022.147.07.13.24,PTGC,2022.147.07.13.24,unlabelled,,,,,0,0,0.0,0.0,,,5.552999973297119,-73.71199798583984,23.59,2.0,4.199,-72.133833,170.0,230.35,310.61
PTGC.2022.147.22.04.48,PTGC,2022.147.22.04.48,unlabelled,,,,,0,0,0.0,0.0,,,3.2739999294281006,-74.39399719238281,21.82,1.7,4.199,-72.133833,170.0,271.1,247.91
PTGC.2022.147.23.51.41,PTGC,2022.147.23.51.41,unlabelled,,,,,0,0,0.0,0.0,,,3.5969998836517334,-74.15799713134766,27.93,1.5,4.199,-72.133833,170.0,234.46,253.58
PTGC.2022.149.03.35.40,PTGC,2022.149.03.35.40,unlabelled,,,,,0,0,0.0,0.0,,,3.559000015258789,-74.18000030517578,24.59,2.6,4.199,-72.133833,170.0,238.02,252.77
PTGC.2022.149.03.59.23,PTGC,2022.149.03.59.23,unlabelled,,,,,0,0,0.0,0.0,,,6.567999839782715,-71.93099975585938,16.91,2.3,4.199,-72.133833,170.0,262.94,4.9
PTGC.2022.150.12.56.58,PTGC,2022.150.12.56.58,unlabelled,,,,,0,0,0.0,0.0,,,4.947000026702881,-73.26200103759766,8.71,1.8,4.199,-72.133833,170.0,150.05,303.5
PTGC.2022.153.03.15.35,PTGC,2022.153.03.15.35,unlabelled,,,,,0,0,0.0,0.0,,,5.7870001792907715,-72.23999786376953,31.91,2.7,4.199,-72.133833,170.0,176.0,356.17
PTGC.2022.153.19.16.13,PTGC,2022.153.19.16.13,unlabelled,,,,,0,0,0.0,0.0,,,5.564000129699707,-74.55999755859375,17.73,1.6,4.199,-72.133833,170.0,308.54,299.39
PTGC.2022.153.23.08.18,PTGC,2022.153.23.08.18,unlabelled,,,,,0,0,0.0,0.0,,,3.367000102996826,-74.5,19.14,1.7,4.199,-72.133833,170.0,278.47,250.79
PTGC.2022.154.01.10.00,PTGC,2022.154.01.10.00,unlabelled,,,,,0,0,0.0,0.0,,,5.954999923706055,-72.54399871826172,18.09,1.8,4.199,-72.133833,170.0,199.44,346.84
PTGC.2022.154.05.06.01,PTGC,2022.154.05.06.01,unlabelled,,,,,0,0,0.0,0.0,,,6.000999927520752,-72.98100280761719,-0.13,1.6,4.199,-72.133833,170.0,220.3,334.8
PTGC.2022.154.21.19.53,PTGC,2022.154.21.19.53,unlabelled,,,,,0,0,0.0,0.0,,,6.293000221252441,-72.2969970703125,17.38,1.9,4.199,-72.133833,170.0,232.27,355.54
PTGC.2022.160.00.34.01,PTGC,2022.160.00.34.01,unlabelled,,,,,0,0,0.0,0.0,,,3.5390000343322754,-74.21800231933594,24.41,1.7,4.199,-72.133833,170.0,242.71,252.57
PTGC.2022.160.07.19.42,PTGC,2022.160.07.19.42,unlabelled,,,,,0,0,0.0,0.0,,,3.5859999656677246,-74.45800018310547,26.29,1.5,4.199,-72.133833,170.0,266.88,255.37
PTGC.2022.161.20.42.32,PTGC,2022.161.20.42.32,unlabelled,,,,,0,0,0.0,0.0,,,6.670000076293945,-72.96399688720703,18.33,1.5,4.199,-72.133833,170.0,288.32,341.43
PTGC.2022.161.22.57.04,PTGC,2022.161.22.57.04,unlabelled,,,,,0,0,0.0,0.0,,,3.2769999504089355,-74.77100372314453,19.26,1.9,4.199,-72.133833,170.0,310.18,250.9
PTGC.2022.163.08.04.51,PTGC,2022.163.08.04.51,unlabelled,,,,,0,0,0.0,0.0,,,5.672999858856201,-72.875,8.71,1.6,4.199,-72.133833,170.0,182.55,333.27
PTGC.2022.163.12.00.50,PTGC,2022.163.12.00.50,unlabelled,,,,,0,0,0.0,0.0,,,5.1620001792907715,-73.03800201416016,13.05,1.5,4.199,-72.133833,170.0,146.3,316.75
PTGC.2022.163.15.08.32,PTGC,2022.163.15.08.32,unlabelled,,,,,0,0,0.0,0.0,,,6.0,-72.49500274658203,17.73,2.2,4.199,-72.133833,170.0,203.15,348.65
PTGC.2022.164.06.49.52,PTGC,2022.164.06.49.52,unlabelled,,,,,0,0,0.0,0.0,,,4.044000148773193,-74.09400177001953,18.14,1.9,4.199,-72.133833,170.0,218.32,265.57
PTGC.2022.164.08.07.42,PTGC,2022.164.08.07.42,unlabelled,,,,,0,0,0.0,0.0,,,5.677000045776367,-73.45800018310547,15.98,1.8,4.199,-72.133833,170.0,219.73,318.11
PTGC.2022.165.02.13.25,PTGC,2022.165.02.13.25,unlabelled,,,,,0,0,0.0,0.0,,,3.437999963760376,-74.30500030517578,16.45,1.6,4.199,-72.133833,170.0,255.42,250.84
PTGC.2022.165.05.32.40,PTGC,2022.165.05.32.40,unlabelled,,,,,0,0,0.0,0.0,,,5.047999858856201,-74.7249984741211,33.67,1.5,4.199,-72.133833,170.0,302.45,288.19
PTGC.2022.165.22.20.07,PTGC,2022.165.22.20.07,unlabelled,,,,,0,0,0.0,0.0,,,6.767000198364258,-72.0459976196289,15.04,2.1,4.199,-72.133833,170.0,284.15,1.96
PTGC.2022.167.21.59.38,PTGC,2022.167.21.59.38,unlabelled,,,,,0,0,0.0,0.0,,,5.568999767303467,-72.6760025024414,16.21,1.8,4.199,-72.133833,170.0,163.0,338.37
PTGC.2022.168.04.14.30,PTGC,2022.168.04.14.30,unlabelled,,,,,0,0,0.0,0.0,,,3.2639999389648438,-74.77999877929688,21.13,1.5,4.199,-72.133833,170.0,311.6,250.71
PTGC.2022.168.23.52.09,PTGC,2022.168.23.52.09,unlabelled,,,,,0,0,0.0,0.0,,,6.144000053405762,-73.99400329589844,4.57,2.1,4.199,-72.133833,170.0,297.98,316.28
PTGC.2022.169.09.04.48,PTGC,2022.169.09.04.48,unlabelled,,,,,0,0,0.0,0.0,,,6.053999900817871,-72.43699645996094,15.98,1.8,4.199,-72.133833,170.0,207.87,350.71
PTGC.2022.169.11.21.51,PTGC,2022.169.11.21.51,unlabelled,,,,,0,0,0.0,0.0,,,7.193999767303467,-72.20700073242188,15.39,1.8,4.199,-72.133833,170.0,331.3,358.6
PTGC.2022.171.11.17.31,PTGC,2022.171.11.17.31,unlabelled,,,,,0,0,0.0,0.0,,,6.004000186920166,-72.44400024414062,15.86,1.8,4.199,-72.133833,170.0,202.54,350.24
PTGC.2022.171.22.14.14,PTGC,2022.171.22.14.14,unlabelled,,,,,0,0,0.0,0.0,,,3.444000005722046,-74.22000122070312,13.4,1.6,4.199,-72.133833,170.0,246.3,250.26
PTGC.2022.173.00.02.46,PTGC,2022.173.00.02.46,unlabelled,,,,,0,0,0.0,0.0,,,3.441999912261963,-74.23899841308594,9.88,1.7,4.199,-72.133833,170.0,248.36,250.38
PTGC.2022.174.06.21.07,PTGC,2022.174.06.21.07,unlabelled,,,,,0,0,0.0,0.0,,,3.444000005722046,-74.22000122070312,13.4,1.6,4.199,-72.133833,170.0,246.3,250.26
PTGC.2022.174.19.30.59,PTGC,2022.174.19.30.59,unlabelled,,,,,0,0,0.0,0.0,,,7.208000183105469,-72.1969985961914,15.98,2.3,4.199,-72.133833,170.0,332.83,358.8
PTGC.2022.175.11.46.00,PTGC,2022.175.11.46.00,unlabelled,,,,,0,0,0.0,0.0,,,6.9679999351501465,-72.29000091552734,4.41,1.5,4.199,-72.133833,170.0,306.7,356.77
PTGC.2022.175.16.05.01,PTGC,2022.175.16.05.01,unlabelled,,,,,0,0,0.0,0.0,,,4.715000152587891,-74.73100280761719,20.72,2.3,4.199,-72.133833,170.0,293.84,281.3
PTGC.2022.176.05.36.21,PTGC,2022.176.05.36.21,unlabelled,,,,,0,0,0.0,0.0,,,3.5989999771118164,-74.4520034790039,24.88,2.8,4.199,-72.133833,170.0,265.87,255.63
PTGC.2022.176.08.27.09,PTGC,2022.176.08.27.09,unlabelled,,,,,0,0,0.0,0.0,,,3.634999990463257,-74.4800033569336,38.01,1.5,4.199,-72.133833,170.0,267.93,256.62
PTGC.2022.176.10.42.04,PTGC,2022.176.10.42.04,unlabelled,,,,,0,0,0.0,0.0,,,4.951000213623047,-73.12899780273438,13.63,1.9,4.199,-72.133833,170.0,138.24,307.02
PTGC.2022.176.13.11.05,PTGC,2022.176.13.11.05,unlabelled,,,,,0,0,0.0,0.0,,,3.6029999256134033,-74.41799926757812,12.77,1.5,4.199,-72.133833,170.0,262.11,255.52
PTGC.2022.178.17.05.31,PTGC,2022.178.17.05.31,unlabelled,,,,,0,0,0.0,0.0,,,3.2769999504089355,-74.79499816894531,16.68,1.6,4.199,-72.133833,170.0,312.7,251.06
PTGC.2022.179.04.45.05,PTGC,2022.179.04.45.05,unlabelled,,,,,0,0,0.0,0.0,,,5.98199987411499,-72.43699645996094,16.45,1.8,4.199,-72.133833,170.0,200.01,350.34
PTGC.2022.179.10.24.34,PTGC,2022.179.10.24.34,unlabelled,,,,,0,0,0.0,0.0,,,3.4700000286102295,-74.22599792480469,13.16,1.8,4.199,-72.133833,170.0,245.96,250.94
PTGC.2022.179.17.55.07,PTGC,2022.179.17.55.07,unlabelled,,,,,0,0,0.0,0.0,,,5.142000198364258,-74.30599975585938,15.04,1.7,4.199,-72.133833,170.0,262.6,293.48
PTGC.2022.182.06.03.41,PTGC,2022.182.06.03.41,unlabelled,,,,,0,0,0.0,0.0,,,6.8420000076293945,-72.27200317382812,14.92,2.1,4.199,-72.133833,170.0,292.68,357.01
PTGC.2022.183.13.23.38,PTGC,2022.183.13.23.38,unlabelled,,,,,0,0,0.0,0.0,,,6.447999954223633,-73.28099822998047,32.38,2.2,4.199,-72.133833,170.0,279.32,332.97
PTGC.2022.183.21.41.55,PTGC,2022.183.21.41.55,unlabelled,,,,,0,0,0.0,0.0,-0.55,,6.841000080108643,-71.93699645996094,3.32,2.4,4.199,-72.133833,170.0,292.98,4.26
PTGC.2022.184.01.00.33,PTGC,2022.184.01.00.33,unlabelled,,,,,0,0,0.0,0.0,,,5.1479997634887695,-74.73899841308594,28.16,1.6,4.199,-72.133833,170.0,307.51,290.06
PTGC.2022.184.03.47.15,PTGC,2022.184.03.47.15,unlabelled,,,,,0,0,0.0,0.0,,,3.303999900817871,-74.50299835205078,25.35,1.5,4.199,-72.133833,170.0,281.16,249.47
PTGC.2022.185.02.56.10,PTGC,2022.185.02.56.10,unlabelled,,,,,0,0,0.0,0.0,,,5.709000110626221,-72.64900207519531,13.87,1.7,4.199,-72.133833,170.0,176.48,341.13
PTGC.2022.185.04.38.06,PTGC,2022.185.04.38.06,unlabelled,,,,,0,0,0.0,0.0,,,5.119999885559082,-73.04000091552734,0.89,1.6,4.199,-72.133833,170.0,143.11,315.4
PTGC.2022.187.00.03.15,PTGC,2022.187.00.03.15,unlabelled,,,,,0,0,0.0,0.0,,,6.886000156402588,-72.3239974975586,13.16,1.5,4.199,-72.133833,170.0,297.89,355.95
PTGC.2022.187.06.12.23,PTGC,2022.187.06.12.23,unlabelled,,,,,0,0,0.0,0.0,,,6.015999794006348,-72.45800018310547,10.12,2.0,4.199,-72.133833,170.0,204.12,349.87
PTGC.2022.188.00.06.10,PTGC,2022.188.00.06.10,unlabelled,,,,,0,0,0.0,0.0,,,4.301000118255615,-75.01599884033203,20.37,2.4,4.199,-72.133833,170.0,320.16,272.13
PTGC.2022.188.05.47.36,PTGC,2022.188.05.47.36,unlabelled,,,,,0,0,0.0,0.0,,,4.863999843597412,-74.59600067138672,34.43,2.2,4.199,-72.133833,170.0,282.96,285.16
PTGC.2022.188.09.27.38,PTGC,2022.188.09.27.38,unlabelled,,,,,0,0,0.0,0.0,,,3.453000068664551,-74.17500305175781,9.12,1.4,4.199,-72.133833,170.0,241.26,250.08
PTGC.2022.188.19.53.48,PTGC,2022.188.19.53.48,unlabelled,,,,,0,0,0.0,0.0,,,3.3570001125335693,-74.24299621582031,18.55,1.7,4.199,-72.133833,170.0,252.11,248.4
PTGC.2022.189.14.12.00,PTGC,2022.189.14.12.00,unlabelled,,,,,0,0,0.0,0.0,,,7.204999923706055,-72.2040023803711,15.98,2.2,4.199,-72.133833,170.0,332.51,358.66
PTGC.2022.189.15.27.56,PTGC,2022.189.15.27.56,unlabelled,,,,,0,0,0.0,0.0,,,3.4590001106262207,-74.20899963378906,13.63,2.0,4.199,-72.133833,170.0,244.59,250.53
PTGC.2022.189.18.11.07,PTGC,2022.189.18.11.07,unlabelled,,,,,0,0,0.0,0.0,,,5.158999919891357,-73.15899658203125,15.98,1.6,4.199,-72.133833,170.0,155.59,313.07
PTGC.2022.190.01.05.30,PTGC,2022.190.01.05.30,unlabelled,,,,,0,0,0.0,0.0,,,5.118000030517578,-73.18900299072266,23.95,1.5,4.199,-72.133833,170.0,155.03,311.0
PTGC.2022.190.01.41.21,PTGC,2022.190.01.41.21,unlabelled,,,,,0,0,0.0,0.0,,,5.571000099182129,-72.90699768066406,17.62,1.7,4.199,-72.133833,170.0,174.28,330.56
PTGC.2022.192.05.28.47,PTGC,2022.192.05.28.47,unlabelled,,,,,0,0,0.0,0.0,,,3.427000045776367,-74.77799987792969,38.01,1.9,4.199,-72.133833,170.0,305.85,253.88
PTGC.2022.192.05.34.19,PTGC,2022.192.05.34.19,unlabelled,,,,,0,0,0.0,0.0,,,6.614999771118164,-73.02899932861328,14.8,1.9,4.199,-72.133833,170.0,284.99,339.67
PTGC.2022.193.07.48.25,PTGC,2022.193.07.48.25,unlabelled,,,,,0,0,0.0,0.0,,,6.732999801635742,-72.06800079345703,12.93,1.8,4.199,-72.133833,170.0,280.32,1.49
PTGC.2022.196.13.19.12,PTGC,2022.196.13.19.12,unlabelled,,,,,0,0,0.0,0.0,,,5.7870001792907715,-72.32599639892578,19.96,1.6,4.199,-72.133833,170.0,176.89,353.09
PTGC.2022.197.02.18.44,PTGC,2022.197.02.18.44,unlabelled,,,,,0,0,0.0,0.0,,,4.142000198364258,-73.85800170898438,12.99,1.7,4.199,-72.133833,170.0,191.53,268.18
PTGC.2022.198.08.02.00,PTGC,2022.198.08.02.00,unlabelled,,,,,0,0,0.0,0.0,,,5.017000198364258,-74.76399993896484,24.88,1.5,4.199,-72.133833,170.0,305.54,287.32
PTGC.2022.199.03.25.34,PTGC,2022.199.03.25.34,unlabelled,,,,,0,0,0.0,0.0,,,3.4570000171661377,-74.2300033569336,15.98,1.9,4.199,-72.133833,170.0,246.86,250.66
PTGC.2022.199.07.11.39,PTGC,2022.199.07.11.39,unlabelled,,,,,0,0,0.0,0.0,,,5.142000198364258,-74.68800354003906,27.93,1.5,4.199,-72.133833,170.0,301.96,290.3
PTGC.2022.200.05.30.22,PTGC,2022.200.05.30.22,unlabelled,,,,,0,0,0.0,0.0,,,4.715000152587891,-73.4800033569336,16.09,1.5,4.199,-72.133833,170.0,159.93,290.95
PTGC.2022.201.06.56.57,PTGC,2022.201.06.56.57,unlabelled,,,,,0,0,0.0,0.0,,,6.789999961853027,-72.90799713134766,3.91,1.5,4.199,-72.133833,170.0,299.09,343.37
PTGC.2022.203.00.46.48,PTGC,2022.203.00.46.48,unlabelled,,,,,0,0,0.0,0.0,,,6.631999969482422,-72.58599853515625,15.98,1.6,4.199,-72.133833,170.0,273.68,349.47
PTGC.2022.203.08.01.46,PTGC,2022.203.08.01.46,unlabelled,,,,,0,0,0.0,0.0,,,4.99399995803833,-72.69400024414062,10.35,2.3,4.199,-72.133833,170.0,107.67,324.76
PTGC.2022.203.21.03.46,PTGC,2022.203.21.03.46,unlabelled,,,,,0,0,0.0,0.0,,,6.572000026702881,-73.2249984741211,12.17,2.2,4.199,-72.133833,170.0,288.94,335.31
PTGC.2022.203.21.52.55,PTGC,2022.203.21.52.55,unlabelled,,,,,0,0,0.0,0.0,,,5.159999847412109,-74.69599914550781,24.24,3.1,4.199,-72.133833,170.0,303.49,290.6
PTGC.2022.204.05.18.15,PTGC,2022.204.05.18.15,unlabelled,,,,,0,0,0.0,0.0,,,3.9159998893737793,-73.95999908447266,18.09,1.7,4.199,-72.133833,170.0,205.18,261.29
PTGC.2022.204.14.22.32,PTGC,2022.204.14.22.32,unlabelled,,,,,0,0,0.0,0.0,,,5.038000106811523,-74.677001953125,28.4,1.5,4.199,-72.133833,170.0,297.05,288.3
PTGC.2022.204.19.10.20,PTGC,2022.204.19.10.20,unlabelled,,,,,0,0,0.0,0.0,,,5.486999988555908,-74.69100189208984,38.24,1.7,4.199,-72.133833,170.0,317.4,296.77
PTGC.2022.204.20.58.10,PTGC,2022.204.20.58.10,unlabelled,,,,,0,0,0.0,0.0,,,5.659999847412109,-73.3239974975586,13.16,1.7,4.199,-72.133833,170.0,208.63,320.8
PTGC.2022.205.09.29.52,PTGC,2022.205.09.29.52,unlabelled,,,,,0,0,0.0,0.0,,,6.5960001945495605,-71.98600006103516,16.91,2.1,4.199,-72.133833,170.0,265.58,3.53
PTGC.2022.206.07.49.08,PTGC,2022.206.07.49.08,unlabelled,,,,,0,0,0.0,0.0,,,3.6050000190734863,-74.43499755859375,28.34,1.9,4.199,-72.133833,170.0,263.88,255.67
PTGC.2022.208.18.05.37,PTGC,2022.208.18.05.37,unlabelled,,,,,0,0,0.0,0.0,,,5.379000186920166,-74.70800018310547,25.41,2.2,4.199,-72.133833,170.0,313.96,294.66
PTGC.2022.209.03.54.41,PTGC,2022.209.03.54.41,unlabelled,,,,,0,0,0.0,0.0,,,7.113999843597412,-72.24500274658203,10.12,1.6,4.199,-72.133833,170.0,322.59,357.82
PTGC.2022.209.09.16.01,PTGC,2022.209.09.16.01,unlabelled,,,,,0,0,0.0,0.0,,,5.369999885559082,-74.7030029296875,26.52,1.5,4.199,-72.133833,170.0,313.04,294.54
PTGC.2022.209.10.52.17,PTGC,2022.209.10.52.17,unlabelled,,,,,0,0,0.0,0.0,,,7.02400016784668,-72.25399780273438,11.64,1.7,4.199,-72.133833,170.0,312.69,357.57
PTGC.2022.209.22.00.45,PTGC,2022.209.22.00.45,unlabelled,,,,,0,0,0.0,0.0,,,3.430000066757202,-74.24400329589844,21.95,1.5,4.199,-72.133833,170.0,249.33,250.13
PTGC.2022.210.07.46.05,PTGC,2022.210.07.46.05,unlabelled,,,,,0,0,0.0,0.0,,,4.361999988555908,-75.01200103759766,18.73,1.8,4.199,-72.133833,170.0,320.02,273.34
PTGC.2022.210.13.11.05,PTGC,2022.210.13.11.05,unlabelled,,,,,0,0,0.0,0.0,,,6.876999855041504,-72.30699920654297,28.87,2.2,4.199,-72.133833,170.0,296.77,356.3
PTGC.2022.211.00.37.12,PTGC,2022.211.00.37.12,unlabelled,,,,,0,0,0.0,0.0,,,5.190000057220459,-73.03700256347656,22.07,1.5,4.199,-72.133833,170.0,148.49,317.6
PTGC.2022.211.13.24.51,PTGC,2022.211.13.24.51,unlabelled,,,,,0,0,0.0,0.0,,,3.486999988555908,-74.21800231933594,16.68,1.5,4.199,-72.133833,170.0,244.51,251.29
PTGC.2022.211.14.25.35,PTGC,2022.211.14.25.35,unlabelled,,,,,0,0,0.0,0.0,,,3.8469998836517334,-73.69499969482422,13.69,1.5,4.199,-72.133833,170.0,177.68,257.4
PTGC.2022.211.18.33.52,PTGC,2022.211.18.33.52,unlabelled,,,,,0,0,0.0,0.0,,,4.9770002365112305,-73.31300354003906,17.15,1.7,4.199,-72.133833,170.0,156.6,303.37
PTGC.2022.212.05.56.44,PTGC,2022.212.05.56.44,unlabelled,,,,,0,0,0.0,0.0,,,3.680999994277954,-74.20099639892578,12.93,1.6,4.199,-72.133833,170.0,236.61,256.06
PTGC.2022.215.06.18.13,PTGC,2022.215.06.18.13,unlabelled,,,,,0,0,0.0,0.0,,,5.085000038146973,-74.48100280761719,19.02,1.5,4.199,-72.133833,170.0,278.25,290.71
PTGC.2022.215.19.35.20,PTGC,2022.215.19.35.20,unlabelled,,,,,0,0,0.0,0.0,,,3.881999969482422,-73.65499877929688,7.01,1.6,4.199,-72.133833,170.0,172.52,258.33
PTGC.2022.215.20.53.39,PTGC,2022.215.20.53.39,unlabelled,,,,,0,0,0.0,0.0,,,3.5940001010894775,-74.4010009765625,21.37,1.6,4.199,-72.133833,170.0,260.54,255.2
PTGC.2022.216.18.23.29,PTGC,2022.216.18.23.29,unlabelled,,,,,0,0,0.0,0.0,,,3.8529999256134033,-73.66999816894531,8.89,1.6,4.199,-72.133833,170.0,174.82,257.41
PTGC.2022.218.02.24.26,PTGC,2022.218.02.24.26,unlabelled,,,,,0,0,0.0,0.0,,,6.794000148773193,-72.16899871826172,0.0,1.5,4.199,-72.133833,170.0,286.99,359.22
PTGC.2022.219.10.56.52,PTGC,2022.219.10.56.52,unlabelled,,,,,0,0,0.0,0.0,,,4.816999912261963,-74.61199951171875,28.81,2.8,4.199,-72.133833,170.0,283.38,284.05
PTGC.2022.219.17.56.06,PTGC,2022.219.17.56.06,unlabelled,,,,,0,0,0.0,0.0,,,3.506999969482422,-74.21399688720703,19.9,2.1,4.199,-72.133833,170.0,243.38,251.75
PTGC.2022.220.19.01.29,PTGC,2022.220.19.01.29,unlabelled,,,,,0,0,0.0,0.0,,,5.698999881744385,-74.39399719238281,22.83,2.5,4.199,-72.133833,170.0,300.57,303.59
PTGC.2022.221.18.28.22,PTGC,2022.221.18.28.22,unlabelled,,,,,0,0,0.0,0.0,,,3.444000005722046,-74.20500183105469,15.98,1.7,4.199,-72.133833,170.0,244.73,250.13
PTGC.2022.222.03.29.31,PTGC,2022.222.03.29.31,unlabelled,,,,,0,0,0.0,0.0,,,6.0920000076293945,-72.3550033569336,15.98,2.3,4.199,-72.133833,170.0,210.77,353.33
PTGC.2022.222.08.37.59,PTGC,2022.222.08.37.59,unlabelled,,,,,0,0,0.0,0.0,,,5.172999858856201,-73.07599639892578,12.23,1.9,4.199,-72.133833,170.0,150.09,315.89
PTGC.2022.223.09.10.34,PTGC,2022.223.09.10.34,unlabelled,,,,,0,0,0.0,0.0,,,4.380000114440918,-73.78399658203125,9.18,1.5,4.199,-72.133833,170.0,184.27,276.3
PTGC.2022.223.15.26.39,PTGC,2022.223.15.26.39,unlabelled,,,,,0,0,0.0,0.0,,,3.9200000762939453,-73.9749984741211,15.98,1.6,4.199,-72.133833,170.0,206.76,261.48
PTGC.2022.224.05.09.50,PTGC,2022.224.05.09.50,unlabelled,,,,,0,0,0.0,0.0,,,7.070000171661377,-72.37300109863281,15.98,1.6,4.199,-72.133833,170.0,318.59,355.24
PTGC.2022.224.06.41.32,PTGC,2022.224.06.41.32,unlabelled,,,,,0,0,0.0,0.0,,,5.232999801635742,-73.12699890136719,0.0,1.6,4.199,-72.133833,170.0,158.79,316.1
PTGC.2022.225.01.35.48,PTGC,2022.225.01.35.48,unlabelled,,,,,0,0,0.0,0.0,,,4.343999862670898,-73.70600128173828,10.29,1.5,4.199,-72.133833,170.0,175.26,275.31
PTGC.2022.225.02.00.48,PTGC,2022.225.02.00.48,unlabelled,,,,,0,0,0.0,0.0,,,3.253999948501587,-74.87999725341797,25.88,1.8,4.199,-72.133833,170.0,322.46,251.18
PTGC.2022.225.03.26.19,PTGC,2022.225.03.26.19,unlabelled,,,,,0,0,0.0,0.0,,,5.400000095367432,-72.71900177001953,25.12,1.7,4.199,-72.133833,170.0,147.82,333.98
PTGC.2022.225.03.44.44,PTGC,2022.225.03.44.44,unlabelled,,,,,0,0,0.0,0.0,,,5.421000003814697,-72.72799682617188,16.21,2.0,4.199,-72.133833,170.0,150.35,334.02
PTGC.2022.225.04.07.04,PTGC,2022.225.04.07.04,unlabelled,,,,,0,0,0.0,0.0,,,3.3480000495910645,-74.49099731445312,23.18,2.1,4.199,-72.133833,170.0,278.23,250.31
PTGC.2022.225.04.20.10,PTGC,2022.225.04.20.10,unlabelled,,,,,0,0,0.0,0.0,,,5.360000133514404,-72.72799682617188,24.18,1.5,4.199,-72.133833,170.0,144.32,332.85
PTGC.2022.225.05.19.14,PTGC,2022.225.05.19.14,unlabelled,,,,,0,0,0.0,0.0,,,5.410999774932861,-72.73400115966797,13.16,1.6,4.199,-72.133833,170.0,149.65,333.61
PTGC.2022.225.05.23.44,PTGC,2022.225.05.23.44,unlabelled,,,,,0,0,0.0,0.0,,,5.369999885559082,-72.7300033569336,15.98,1.5,4.199,-72.133833,170.0,145.4,332.97
PTGC.2022.225.05.38.00,PTGC,2022.225.05.38.00,unlabelled,,,,,0,0,0.0,0.0,,,5.395999908447266,-72.72599792480469,22.07,1.5,4.199,-72.133833,170.0,147.77,333.63
PTGC.2022.225.20.19.25,PTGC,2022.225.20.19.25,unlabelled,,,,,0,0,0.0,0.0,,,6.736000061035156,-71.93299865722656,15.98,1.8,4.199,-72.133833,170.0,281.43,4.53
PTGC.2022.226.01.52.56,PTGC,2022.226.01.52.56,unlabelled,,,,,0,0,0.0,0.0,,,6.324999809265137,-73.86599731445312,37.3,1.5,4.199,-72.133833,170.0,303.54,320.84
PTGC.2022.226.10.10.03,PTGC,2022.226.10.10.03,unlabelled,,,,,0,0,0.0,0.0,,,5.802000045776367,-72.56500244140625,15.98,1.6,4.199,-72.133833,170.0,183.6,344.92
PTGC.2022.227.06.08.09,PTGC,2022.227.06.08.09,unlabelled,,,,,0,0,0.0,0.0,,,5.922999858856201,-72.50299835205078,26.52,1.9,4.199,-72.133833,170.0,194.99,347.9
PTGC.2022.227.13.46.07,PTGC,2022.227.13.46.07,unlabelled,,,,,0,0,0.0,0.0,-0.26,-1.84,5.406000137329102,-72.70800018310547,29.57,1.7,4.199,-72.133833,170.0,147.89,334.51
PTGC.2022.227.15.50.50,PTGC,2022.227.15.50.50,unlabelled,,,,,0,0,0.0,0.0,,,3.447999954223633,-74.31099700927734,13.16,1.6,4.199,-72.133833,170.0,255.69,251.12
PTGC.2022.227.17.40.39,PTGC,2022.227.17.40.39,unlabelled,,,,,0,0,0.0,0.0,,,6.995999813079834,-71.82599639892578,18.21,1.9,4.199,-72.133833,170.0,311.18,6.28
PTGC.2022.228.00.50.29,PTGC,2022.228.00.50.29,unlabelled,,,,,0,0,0.0,0.0,,,3.4170000553131104,-74.19400024414062,19.26,1.5,4.199,-72.133833,170.0,244.63,249.37
PTGC.2022.229.22.11.10,PTGC,2022.229.22.11.10,unlabelled,,,,,0,0,0.0,0.0,,,5.085999965667725,-73.18399810791016,5.55,1.5,4.199,-72.133833,170.0,152.31,310.13
PTGC.2022.230.06.51.22,PTGC,2022.230.06.51.22,unlabelled,,,,,0,0,0.0,0.0,,,4.861999988555908,-74.802001953125,24.88,1.5,4.199,-72.133833,170.0,305.04,284.01
PTGC.2022.230.08.51.08,PTGC,2022.230.08.51.08,unlabelled,,,,,0,0,0.0,0.0,,,6.910999774932861,-72.16400146484375,15.98,1.6,4.199,-72.133833,170.0,299.92,359.36
PTGC.2022.230.17.35.20,PTGC,2022.230.17.35.20,unlabelled,,,,,0,0,0.0,0.0,,,4.942999839782715,-74.81099700927734,25.18,2.2,4.199,-72.133833,170.0,308.26,285.58
PTGC.2022.230.21.43.36,PTGC,2022.230.21.43.36,unlabelled,,,,,0,0,0.0,0.0,,,4.572000026702881,-73.53900146484375,7.07,1.7,4.199,-72.133833,170.0,161.33,284.87
PTGC.2022.231.00.05.15,PTGC,2022.231.00.05.15,unlabelled,,,,,0,0,0.0,0.0,,,4.668000221252441,-73.51699829101562,14.34,1.6,4.199,-72.133833,170.0,162.04,288.72
PTGC.2022.231.12.22.42,PTGC,2022.231.12.22.42,unlabelled,,,,,0,0,0.0,0.0,,,3.444999933242798,-74.1969985961914,2.44,1.5,4.199,-72.133833,170.0,243.86,250.08
PTGC.2022.231.20.24.14,PTGC,2022.231.20.24.14,unlabelled,,,,,0,0,0.0,0.0,,,3.446000099182129,-74.18800354003906,0.98,1.1,4.199,-72.133833,170.0,242.88,250.02
PTGC.2022.232.01.04.13,PTGC,2022.232.01.04.13,unlabelled,,,,,0,0,0.0,0.0,,,5.2170000076293945,-73.08100128173828,13.52,1.8,4.199,-72.133833,170.0,154.0,317.01
PTGC.2022.232.14.35.50,PTGC,2022.232.14.35.50,unlabelled,,,,,0,0,0.0,0.0,,,3.490999937057495,-74.19499969482422,10.29,1.6,4.199,-72.133833,170.0,241.95,251.19
PTGC.2022.232.18.42.41,PTGC,2022.232.18.42.41,unlabelled,,,,,0,0,0.0,0.0,,,3.447000026702881,-74.18599700927734,12.64,2.1,4.199,-72.133833,170.0,242.63,250.03
PTGC.2022.232.18.48.11,PTGC,2022.232.18.48.11,unlabelled,,,,,0,0,0.0,0.0,,,3.437000036239624,-74.19499969482422,14.16,2.0,4.199,-72.133833,170.0,243.95,249.86
PTGC.2022.232.19.04.35,PTGC,2022.232.19.04.35,unlabelled,,,,,0,0,0.0,0.0,,,3.447999954223633,-74.20500183105469,7.48,1.6,4.199,-72.133833,170.0,244.58,250.22
PTGC.2022.232.19.42.42,PTGC,2022.232.19.42.42,unlabelled,,,,,0,0,0.0,0.0,,,3.437999963760376,-74.1969985961914,7.01,1.7,4.199,-72.133833,170.0,244.12,249.91
PTGC.2022.232.20.59.27,PTGC,2022.232.20.59.27,unlabelled,,,,,0,0,0.0,0.0,,,4.948999881744385,-74.81300354003906,26.76,1.7,4.199,-72.133833,170.0,308.65,285.69
PTGC.2022.233.04.13.18,PTGC,2022.233.04.13.18,unlabelled,,,,,0,0,0.0,0.0,,,4.474999904632568,-74.89299774169922,34.49,1.6,4.199,-72.133833,170.0,307.79,275.79
PTGC.2022.233.12.04.04,PTGC,2022.233.12.04.04,unlabelled,,,,,0,0,0.0,0.0,,,3.499000072479248,-74.22699737548828,12.99,2.8,4.199,-72.133833,170.0,245.03,251.66
PTGC.2022.233.13.56.18,PTGC,2022.233.13.56.18,unlabelled,,,,,0,0,0.0,0.0,,,3.4100000858306885,-74.23500061035156,12.23,1.7,4.199,-72.133833,170.0,249.16,249.57
PTGC.2022.234.05.41.35,PTGC,2022.234.05.41.35,unlabelled,,,,,0,0,0.0,0.0,-0.92,,3.440000057220459,-74.18099975585938,15.98,1.5,4.199,-72.133833,170.0,242.38,249.81
PTGC.2022.234.13.56.52,PTGC,2022.234.13.56.52,unlabelled,,,,,0,0,0.0,0.0,,,3.4179999828338623,-74.20999908447266,12.58,1.6,4.199,-72.133833,170.0,246.25,249.54
PTGC.2022.235.15.53.51,PTGC,2022.235.15.53.51,unlabelled,,,,,0,0,0.0,0.0,,,3.4600000381469727,-74.1760025024414,12.58,1.6,4.199,-72.133833,170.0,241.1,250.26
PTGC.2022.236.08.09.51,PTGC,2022.236.08.09.51,unlabelled,,,,,0,0,0.0,0.0,,,3.48799991607666,-74.60299682617188,22.48,1.6,4.199,-72.133833,170.0,285.3,254.09
PTGC.2022.237.09.29.55,PTGC,2022.237.09.29.55,unlabelled,,,,,0,0,0.0,0.0,,,3.4760000705718994,-74.73300170898438,38.95,2.1,4.199,-72.133833,170.0,299.56,254.61
PTGC.2022.237.10.59.37,PTGC,2022.237.10.59.37,unlabelled,,,,,0,0,0.0,0.0,,,5.395999908447266,-72.69999694824219,29.8,1.7,4.199,-72.133833,170.0,146.51,334.64
PTGC.2022.238.12.25.30,PTGC,2022.238.12.25.30,unlabelled,,,,,0,0,0.0,0.0,,,6.960000038146973,-72.72699737548828,13.16,1.8,4.199,-72.133833,170.0,312.32,347.88
PTGC.2022.238.15.03.40,PTGC,2022.238.15.03.40,unlabelled,,,,,0,0,0.0,0.0,,,4.855999946594238,-73.27400207519531,21.13,1.9,4.199,-72.133833,170.0,145.9,299.91
PTGC.2022.238.15.20.45,PTGC,2022.238.15.20.45,unlabelled,,,,,0,0,0.0,0.0,,,6.833000183105469,-71.91999816894531,22.54,2.5,4.199,-72.133833,170.0,292.24,4.64
PTGC.2022.238.17.39.36,PTGC,2022.238.17.39.36,unlabelled,,,,,0,0,0.0,0.0,,,4.586999893188477,-74.96399688720703,19.02,1.6,4.199,-72.133833,170.0,317.05,277.88
PTGC.2022.239.01.14.01,PTGC,2022.239.01.14.01,unlabelled,,,,,0,0,0.0,0.0,,,5.478000164031982,-74.57099914550781,19.96,1.6,4.199,-72.133833,170.0,305.1,297.72
PTGC.2022.239.06.33.29,PTGC,2022.239.06.33.29,unlabelled,,,,,0,0,0.0,0.0,,,3.509999990463257,-74.20700073242188,17.38,1.7,4.199,-72.133833,170.0,242.54,251.76
PTGC.2022.239.10.41.21,PTGC,2022.239.10.41.21,unlabelled,,,,,0,0,0.0,0.0,,,4.995999813079834,-73.15299987792969,19.73,2.3,4.199,-72.133833,170.0,143.38,307.97
PTGC.2022.240.01.30.35,PTGC,2022.240.01.30.35,unlabelled,,,,,0,0,0.0,0.0,,,3.5980000495910645,-74.5,32.44,2.2,4.199,-72.133833,170.0,271.07,255.89
PTGC.2022.240.21.47.37,PTGC,2022.240.21.47.37,unlabelled,,,,,0,0,0.0,0.0,,,6.322999954223633,-72.05999755859375,22.07,2.4,4.199,-72.133833,170.0,235.02,1.99
PTGC.2022.241.03.56.48,PTGC,2022.241.03.56.48,unlabelled,,,,,0,0,0.0,0.0,,,3.9730000495910645,-73.95600128173828,15.98,1.8,4.199,-72.133833,170.0,203.87,263.02
PTGC.2022.241.11.17.59,PTGC,2022.241.11.17.59,unlabelled,,,,,0,0,0.0,0.0,,,5.160999774932861,-74.59400177001953,27.46,1.6,4.199,-72.133833,170.0,292.95,291.39
PTGC.2022.241.11.55.57,PTGC,2022.241.11.55.57,unlabelled,,,,,0,0,0.0,0.0,,,5.033999919891357,-73.4729995727539,28.59,1.6,4.199,-72.133833,170.0,174.95,301.91
PTGC.2022.242.01.36.13,PTGC,2022.242.01.36.13,unlabelled,,,,,0,0,0.0,0.0,,,7.033999919891357,-72.1760025024414,16.21,2.0,4.199,-72.133833,170.0,313.54,359.15
PTGC.2022.242.20.27.47,PTGC,2022.242.20.27.47,unlabelled,,,,,0,0,0.0,0.0,,,6.271999835968018,-72.10900115966797,20.9,2.0,4.199,-72.133833,170.0,229.26,0.69
PTGC.2022.242.22.25.41,PTGC,2022.242.22.25.41,unlabelled,,,,,0,0,0.0,0.0,,,6.702000141143799,-73.03099822998047,13.57,1.6,4.199,-72.133833,170.0,294.1,340.28
PTGC.2022.243.05.20.19,PTGC,2022.243.05.20.19,unlabelled,,,,,0,0,0.0,0.0,,,3.5409998893737793,-74.55500030517578,29.63,2.3,4.199,-72.133833,170.0,278.58,254.94
PTGC.2022.244.09.46.20,PTGC,2022.244.09.46.20,unlabelled,,,,,0,0,0.0,0.0,,,6.689000129699707,-72.04000091552734,13.16,1.8,4.199,-72.133833,170.0,275.55,2.16
PTGC.2022.244.09.57.07,PTGC,2022.244.09.57.07,unlabelled,,,,,0,0,0.0,0.0,,,6.681000232696533,-72.0510025024414,12.93,2.0,4.199,-72.133833,170.0,274.62,1.91
PTGC.2022.244.19.04.54,PTGC,2022.244.19.04.54,unlabelled,,,,,0,0,0.0,0.0,,,6.381999969482422,-71.82599639892578,17.92,1.8,4.199,-72.133833,170.0,243.8,8.03
PTGC.2022.245.11.44.37,PTGC,2022.245.11.44.37,unlabelled,,,,,0,0,0.0,0.0,,,5.835999965667725,-72.51799774169922,22.77,2.3,4.199,-72.133833,170.0,185.97,346.77
PTGC.2022.245.18.11.18,PTGC,2022.245.18.11.18,unlabelled,,,,,0,0,0.0,0.0,,,6.703999996185303,-72.0459976196289,9.88,1.6,4.199,-72.133833,170.0,277.19,2.01
PTGC.2022.245.19.48.23,PTGC,2022.245.19.48.23,unlabelled,,,,,0,0,0.0,0.0,,,6.438000202178955,-72.4540023803711,5.42,1.7,4.199,-72.133833,170.0,250.13,351.86
PTGC.2022.246.03.16.13,PTGC,2022.246.03.16.13,unlabelled,,,,,0,0,0.0,0.0,,,3.4670000076293945,-74.19499969482422,14.28,2.0,4.199,-72.133833,170.0,242.82,250.6
PTGC.2022.246.03.45.02,PTGC,2022.246.03.45.02,unlabelled,,,,,0,0,0.0,0.0,,,5.98199987411499,-73.5459976196289,14.8,2.1,4.199,-72.133833,170.0,251.78,321.6
PTGC.2022.246.04.41.18,PTGC,2022.246.04.41.18,unlabelled,,,,,0,0,0.0,0.0,,,5.0279998779296875,-74.66899871826172,29.16,2.5,4.199,-72.133833,170.0,295.86,288.15
PTGC.2022.247.09.07.05,PTGC,2022.247.09.07.05,unlabelled,,,,,0,0,0.0,0.0,,,6.415999889373779,-73.197998046875,17.15,1.9,4.199,-72.133833,170.0,272.06,334.35
PTGC.2022.248.19.04.16,PTGC,2022.248.19.04.16,unlabelled,,,,,0,0,0.0,0.0,,,3.443000078201294,-74.1989974975586,3.06,2.2,4.199,-72.133833,170.0,244.14,250.05
PTGC.2022.248.19.31.53,PTGC,2022.248.19.31.53,unlabelled,,,,,0,0,0.0,0.0,,,7.019999980926514,-71.87999725341797,0.0,2.0,4.199,-72.133833,170.0,313.23,5.14
PTGC.2022.249.08.52.46,PTGC,2022.249.08.52.46,unlabelled,,,,,0,0,0.0,0.0,,,7.052999973297119,-72.21700286865234,15.98,1.6,4.199,-72.133833,170.0,315.74,358.33
PTGC.2022.250.21.49.42,PTGC,2022.250.21.49.42,unlabelled,,,,,0,0,0.0,0.0,,,3.5160000324249268,-74.19300079345703,15.1,2.6,4.199,-72.133833,170.0,240.86,251.8
PTGC.2022.250.22.45.36,PTGC,2022.250.22.45.36,unlabelled,,,,,0,0,0.0,0.0,,,3.496999979019165,-74.22000122070312,15.27,1.8,4.199,-72.133833,170.0,244.37,251.55
PTGC.2022.251.09.39.24,PTGC,2022.251.09.39.24,unlabelled,,,,,0,0,0.0,0.0,,,6.959000110626221,-72.95899963378906,7.66,2.0,4.199,-72.133833,170.0,318.61,343.36
PTGC.2022.251.11.53.24,PTGC,2022.251.11.53.24,unlabelled,,,,,0,0,0.0,0.0,,,3.8369998931884766,-73.66200256347656,11.7,1.7,4.199,-72.133833,170.0,174.36,256.78
PTGC.2022.251.15.08.02,PTGC,2022.251.15.08.02,unlabelled,,,,,0,0,0.0,0.0,,,3.503000020980835,-74.54299926757812,21.43,2.3,4.199,-72.133833,170.0,278.43,254.04
PTGC.2022.252.01.52.11,PTGC,2022.252.01.52.11,unlabelled,,,,,0,0,0.0,0.0,,,4.538000106811523,-73.28700256347656,13.63,1.7,4.199,-72.133833,170.0,133.38,286.37
PTGC.2022.253.17.22.51,PTGC,2022.253.17.22.51,unlabelled,,,,,0,0,0.0,0.0,,,5.7210001945495605,-72.60700225830078,16.33,1.5,4.199,-72.133833,170.0,176.3,342.7
PTGC.2022.253.17.27.06,PTGC,2022.253.17.27.06,unlabelled,,,,,0,0,0.0,0.0,,,6.335999965667725,-72.00199890136719,18.55,2.0,4.199,-72.133833,170.0,236.77,3.53
PTGC.2022.256.05.45.59,PTGC,2022.256.05.45.59,unlabelled,,,,,0,0,0.0,0.0,,,3.5989999771118164,-74.44599914550781,37.54,1.7,4.199,-72.133833,170.0,265.23,255.59
PTGC.2022.256.17.22.09,PTGC,2022.256.17.22.09,unlabelled,,,,,0,0,0.0,0.0,,,5.863999843597412,-73.81300354003906,19.02,1.7,4.199,-72.133833,170.0,261.86,314.75
PTGC.2022.259.14.20.09,PTGC,2022.259.14.20.09,unlabelled,,,,,0,0,0.0,0.0,,,4.9770002365112305,-74.62000274658203,22.71,1.6,4.199,-72.133833,170.0,288.98,287.42
PTGC.2022.261.02.43.29,PTGC,2022.261.02.43.29,unlabelled,,,,,0,0,0.0,0.0,,,5.011000156402588,-74.11799621582031,2.34,1.9,4.199,-72.133833,170.0,237.77,292.26
PTGC.2022.261.06.35.12,PTGC,2022.261.06.35.12,unlabelled,,,,,0,0,0.0,0.0,,,5.160999774932861,-74.8030014038086,31.68,1.8,4.199,-72.133833,170.0,314.67,289.86
PTGC.2022.261.06.42.40,PTGC,2022.261.06.42.40,unlabelled,,,,,0,0,0.0,0.0,,,3.368000030517578,-74.2750015258789,20.2,1.5,4.199,-72.133833,170.0,254.97,248.95
PTGC.2022.261.17.09.16,PTGC,2022.261.17.09.16,unlabelled,,,,,0,0,0.0,0.0,,,5.752999782562256,-73.17400360107422,13.63,1.7,4.199,-72.133833,170.0,206.97,326.17
PTGC.2022.261.22.27.50,PTGC,2022.261.22.27.50,unlabelled,,,,,0,0,0.0,0.0,,,6.236000061035156,-73.00800323486328,19.02,1.9,4.199,-72.133833,170.0,245.22,336.76
PTGC.2022.262.02.57.39,PTGC,2022.262.02.57.39,unlabelled,,,,,0,0,0.0,0.0,,,6.215000152587891,-72.1050033569336,19.96,1.7,4.199,-72.133833,170.0,222.96,0.82
PTGC.2022.262.05.38.13,PTGC,2022.262.05.38.13,unlabelled,,,,,0,0,0.0,0.0,,,4.633999824523926,-74.63300323486328,26.29,1.5,4.199,-72.133833,170.0,281.52,279.93
PTGC.2022.263.04.31.21,PTGC,2022.263.04.31.21,unlabelled,,,,,0,0,0.0,0.0,-0.74,-0.73,5.421000003814697,-72.67400360107422,11.76,1.6,4.199,-72.133833,170.0,147.82,336.11
PTGC.2022.265.21.27.47,PTGC,2022.265.21.27.47,unlabelled,,,,,0,0,0.0,0.0,,,4.980999946594238,-74.58399963378906,15.92,1.9,4.199,-72.133833,170.0,285.3,287.74
PTGC.2022.266.15.46.01,PTGC,2022.266.15.46.01,unlabelled,,,,,0,0,0.0,0.0,,,6.01200008392334,-72.5199966430664,15.04,1.8,4.199,-72.133833,170.0,205.01,347.96
PTGC.2022.266.22.43.29,PTGC,2022.266.22.43.29,unlabelled,,,,,0,0,0.0,0.0,,,3.328000068664551,-74.3489990234375,13.63,1.3,4.199,-72.133833,170.0,264.24,248.7
PTGC.2022.267.10.22.19,PTGC,2022.267.10.22.19,unlabelled,,,,,0,0,0.0,0.0,,,5.570000171661377,-74.52200317382812,22.01,1.7,4.199,-72.133833,170.0,305.2,299.88
PTGC.2022.268.07.26.50,PTGC,2022.268.07.26.50,unlabelled,,,,,0,0,0.0,0.0,,,5.198999881744385,-73.07499694824219,11.52,2.1,4.199,-72.133833,170.0,152.09,316.68
PTGC.2022.269.13.51.28,PTGC,2022.269.13.51.28,unlabelled,,,,,0,0,0.0,0.0,,,6.169000148773193,-72.54199981689453,13.05,2.6,4.199,-72.133833,170.0,222.5,348.28
PTGC.2022.269.17.30.14,PTGC,2022.269.17.30.14,unlabelled,,,,,0,0,0.0,0.0,,,3.555999994277954,-74.20099639892578,21.84,2.6,4.199,-72.133833,170.0,240.35,252.86
PTGC.2022.273.11.40.38,PTGC,2022.273.11.40.38,unlabelled,,,,,0,0,0.0,0.0,,,3.618000030517578,-74.15799713134766,27.93,1.9,4.199,-72.133833,170.0,233.81,254.12
PTGC.2022.275.05.28.29,PTGC,2022.275.05.28.29,unlabelled,,,,,0,0,0.0,0.0,,,3.822999954223633,-73.6719970703125,9.88,1.9,4.199,-72.133833,170.0,175.8,256.37
PTGC.2022.275.06.35.45,PTGC,2022.275.06.35.45,unlabelled,,,,,0,0,0.0,0.0,,,6.418000221252441,-72.01200103759766,16.91,1.9,4.199,-72.133833,170.0,245.76,3.14
PTGC.2022.275.12.19.22,PTGC,2022.275.12.19.22,unlabelled,,,,,0,0,0.0,0.0,,,4.013999938964844,-74.08000183105469,19.26,1.6,4.199,-72.133833,170.0,217.06,264.66
PTGC.2022.275.16.30.18,PTGC,2022.275.16.30.18,unlabelled,,,,,0,0,0.0,0.0,,,4.401000022888184,-73.6729965209961,14.34,1.7,4.199,-72.133833,170.0,172.31,277.51
PTGC.2022.276.14.03.20,PTGC,2022.276.14.03.20,unlabelled,,,,,0,0,0.0,0.0,,,3.611999988555908,-74.31700134277344,28.05,1.5,4.199,-72.133833,170.0,251.01,255.09
PTGC.2022.278.03.14.50,PTGC,2022.278.03.14.50,unlabelled,,,,,0,0,0.0,0.0,,,3.5820000171661377,-74.4800033569336,26.29,2.2,4.199,-72.133833,170.0,269.36,255.41
PTGC.2022.279.01.01.53,PTGC,2022.279.01.01.53,unlabelled,,,,,0,0,0.0,0.0,,,6.484000205993652,-72.24099731445312,19.02,1.7,4.199,-72.133833,170.0,252.96,357.31
PTGC.2022.279.01.31.37,PTGC,2022.279.01.31.37,unlabelled,,,,,0,0,0.0,0.0,,,3.5460000038146973,-74.35800170898438,28.63,2.3,4.199,-72.133833,170.0,257.37,253.78
PTGC.2022.279.09.20.46,PTGC,2022.279.09.20.46,unlabelled,,,,,0,0,0.0,0.0,,,6.763000011444092,-71.96700286865234,2.04,1.6,4.199,-72.133833,170.0,284.14,3.72
PTGC.2022.279.09.21.10,PTGC,2022.279.09.21.10,unlabelled,,,,,0,0,0.0,0.0,,,6.732999801635742,-72.01200103759766,17.85,1.5,4.199,-72.133833,170.0,280.55,2.75
PTGC.2022.280.15.11.06,PTGC,2022.280.15.11.06,unlabelled,,,,,0,0,0.0,0.0,,,5.243000030517578,-74.77100372314453,33.09,1.9,4.199,-72.133833,170.0,314.53,291.64
PTGC.2022.282.04.11.29,PTGC,2022.282.04.11.29,unlabelled,,,,,0,0,0.0,0.0,,,3.3239998817443848,-74.63500213623047,24.88,1.6,4.199,-72.133833,170.0,294.2,250.88
PTGC.2022.282.06.30.47,PTGC,2022.282.06.30.47,unlabelled,,,,,0,0,0.0,0.0,,,7.0279998779296875,-72.25299835205078,15.98,2.1,4.199,-72.133833,170.0,313.12,357.59
PTGC.2022.282.12.55.21,PTGC,2022.282.12.55.21,unlabelled,,,,,0,0,0.0,0.0,,,4.921999931335449,-74.82599639892578,21.84,1.7,4.199,-72.133833,170.0,309.26,285.09
PTGC.2022.283.02.46.16,PTGC,2022.283.02.46.16,unlabelled,,,,,0,0,0.0,0.0,,,6.681000232696533,-73.01200103759766,7.77,1.6,4.199,-72.133833,170.0,291.21,340.52
PTGC.2022.283.10.21.44,PTGC,2022.283.10.21.44,unlabelled,,,,,0,0,0.0,0.0,,,7.0229997634887695,-72.16799926757812,24.88,2.3,4.199,-72.133833,170.0,312.32,359.31
PTGC.2022.283.12.14.43,PTGC,2022.283.12.14.43,unlabelled,,,,,0,0,0.0,0.0,,,3.3519999980926514,-74.45899963378906,9.53,1.6,4.199,-72.133833,170.0,274.73,250.15
PTGC.2022.283.18.20.02,PTGC,2022.283.18.20.02,unlabelled,,,,,0,0,0.0,0.0,,,4.679999828338623,-73.45800018310547,10.59,1.6,4.199,-72.133833,170.0,156.29,289.95
PTGC.2022.283.19.46.54,PTGC,2022.283.19.46.54,unlabelled,,,,,0,0,0.0,0.0,,,3.309000015258789,-74.52999877929688,26.99,2.1,4.199,-72.133833,170.0,283.78,249.79
PTGC.2022.284.04.44.09,PTGC,2022.284.04.44.09,unlabelled,,,,,0,0,0.0,0.0,,,3.453000068664551,-74.25199890136719,18.79,2.1,4.199,-72.133833,170.0,249.31,250.75
PTGC.2022.284.10.57.53,PTGC,2022.284.10.57.53,unlabelled,,,,,0,0,0.0,0.0,,,6.625999927520752,-73.29900360107422,32.38,2.4,4.199,-72.133833,170.0,297.83,334.36
PTGC.2022.285.00.20.35,PTGC,2022.285.00.20.35,unlabelled,,,,,0,0,0.0,0.0,,,6.714000225067139,-73.08000183105469,13.4,1.7,4.199,-72.133833,170.0,297.23,339.39
PTGC.2022.285.23.45.03,PTGC,2022.285.23.45.03,unlabelled,,,,,0,0,0.0,0.0,,,7.03000020980835,-72.21299743652344,15.98,1.8,4.199,-72.133833,170.0,313.19,358.4
PTGC.2022.286.05.39.04,PTGC,2022.286.05.39.04,unlabelled,,,,,0,0,0.0,0.0,,,3.311000108718872,-74.70899963378906,15.98,1.7,4.199,-72.133833,170.0,302.44,251.14
PTGC.2022.287.22.22.16,PTGC,2022.287.22.22.16,unlabelled,,,,,0,0,0.0,0.0,,,6.894000053405762,-73.1449966430664,19.02,1.5,4.199,-72.133833,170.0,318.39,339.44
PTGC.2022.288.09.06.29,PTGC,2022.288.09.06.29,unlabelled,,,,,0,0,0.0,0.0,,,3.321000099182129,-74.177001953125,18.09,1.5,4.199,-72.133833,170.0,246.85,246.91
PTGC.2022.288.13.35.30,PTGC,2022.288.13.35.30,unlabelled,,,,,0,0,0.0,0.0,,,6.505000114440918,-72.23300170898438,17.38,2.0,4.199,-72.133833,170.0,255.24,357.54
PTGC.2022.291.05.33.39,PTGC,2022.291.05.33.39,unlabelled,,,,,0,0,0.0,0.0,,,3.2799999713897705,-74.79499816894531,24.71,2.3,4.199,-72.133833,170.0,312.59,251.12
PTGC.2022.291.12.41.08,PTGC,2022.291.12.41.08,unlabelled,,,,,0,0,0.0,0.0,,,3.4700000286102295,-74.1780014038086,3.35,2.8,4.199,-72.133833,170.0,240.93,250.52
PTGC.2022.292.15.55.15,PTGC,2022.292.15.55.15,unlabelled,,,,,0,0,0.0,0.0,,,6.599999904632568,-73.3239974975586,30.04,1.5,4.199,-72.133833,170.0,296.47,333.64
PTGC.2022.292.16.12.47,PTGC,2022.292.16.12.47,unlabelled,,,,,0,0,0.0,0.0,,,3.384999990463257,-74.01300048828125,15.98,2.3,4.199,-72.133833,170.0,227.31,246.74
PTGC.2022.292.21.32.15,PTGC,2022.292.21.32.15,unlabelled,,,,,0,0,0.0,0.0,,,3.374000072479248,-73.87200164794922,13.63,2.0,4.199,-72.133833,170.0,213.54,244.77
PTGC.2022.292.23.30.03,PTGC,2022.292.23.30.03,unlabelled,,,,,0,0,0.0,0.0,,,6.335999965667725,-72.93099975585938,15.98,2.1,4.199,-72.133833,170.0,252.3,339.53
PTGC.2022.293.00.49.32,PTGC,2022.293.00.49.32,unlabelled,,,,,0,0,0.0,0.0,,,5.076000213623047,-73.23400115966797,19.96,1.7,4.199,-72.133833,170.0,155.91,308.51
PTGC.2022.293.05.28.00,PTGC,2022.293.05.28.00,unlabelled,,,,,0,0,0.0,0.0,,,5.043000221252441,-73.22599792480469,21.48,1.5,4.199,-72.133833,170.0,152.96,307.64
PTGC.2022.293.14.13.59,PTGC,2022.293.14.13.59,unlabelled,,,,,0,0,0.0,0.0,,,5.076000213623047,-73.25700378417969,16.21,2.0,4.199,-72.133833,170.0,157.91,307.93
PTGC.2022.296.12.47.33,PTGC,2022.296.12.47.33,unlabelled,,,,,0,0,0.0,0.0,,,3.3540000915527344,-74.36299896240234,13.98,1.8,4.199,-72.133833,170.0,264.66,249.4
PTGC.2022.296.13.48.03,PTGC,2022.296.13.48.03,unlabelled,,,,,0,0,0.0,0.0,,,5.170000076293945,-74.69100189208984,21.95,1.5,4.199,-72.133833,170.0,303.35,290.83
PTGC.2022.297.08.26.07,PTGC,2022.297.08.26.07,unlabelled,,,,,0,0,0.0,0.0,,,5.375,-74.3239974975586,18.29,1.6,4.199,-72.133833,170.0,275.57,298.25
PTGC.2022.297.12.08.26,PTGC,2022.297.12.08.26,unlabelled,,,,,0,0,0.0,0.0,,,3.4630000591278076,-74.22000122070312,14.1,2.3,4.199,-72.133833,170.0,245.59,250.72
PTGC.2022.298.12.13.36,PTGC,2022.298.12.13.36,unlabelled,,,,,0,0,0.0,0.0,,,6.0960001945495605,-72.31300354003906,13.87,2.5,4.199,-72.133833,170.0,210.71,354.6
PTGC.2022.298.17.17.04,PTGC,2022.298.17.17.04,unlabelled,,,,,0,0,0.0,0.0,,,4.3520002365112305,-73.81199645996094,7.3,1.9,4.199,-72.133833,170.0,187.06,275.25
PTGC.2022.299.05.44.39,PTGC,2022.299.05.44.39,unlabelled,,,,,0,0,0.0,0.0,,,7.013000011444092,-72.18699645996094,22.07,1.7,4.199,-72.133833,170.0,311.24,358.92
PTGC.2022.299.16.17.38,PTGC,2022.299.16.17.38,unlabelled,,,,,0,0,0.0,0.0,,,6.228000164031982,-72.33200073242188,15.98,2.9,4.199,-72.133833,170.0,225.45,354.42
PTGC.2022.299.16.30.07,PTGC,2022.299.16.30.07,unlabelled,,,,,0,0,0.0,0.0,,,6.28000020980835,-72.40399932861328,25.12,1.8,4.199,-72.133833,170.0,232.07,352.6
PTGC.2022.300.01.21.46,PTGC,2022.300.01.21.46,unlabelled,,,,,0,0,0.0,0.0,,,6.1570000648498535,-72.60900115966797,0.0,1.5,4.199,-72.133833,170.0,222.84,346.35
PTGC.2022.300.08.10.30,PTGC,2022.300.08.10.30,unlabelled,,,,,0,0,0.0,0.0,,,6.89300012588501,-71.93800354003906,21.02,2.8,4.199,-72.133833,170.0,298.7,4.16
PTGC.2022.300.11.44.00,PTGC,2022.300.11.44.00,unlabelled,,,,,0,0,0.0,0.0,,,6.708000183105469,-71.95899963378906,0.0,1.6,4.199,-72.133833,170.0,278.13,3.99
PTGC.2022.301.04.34.01,PTGC,2022.301.04.34.01,unlabelled,,,,,0,0,0.0,0.0,,,3.434999942779541,-74.49600219726562,39.3,1.6,4.199,-72.133833,170.0,275.64,252.23
PTGC.2022.301.21.36.34,PTGC,2022.301.21.36.34,unlabelled,,,,,0,0,0.0,0.0,-0.14,,6.692999839782715,-72.23899841308594,28.16,2.9,4.199,-72.133833,170.0,276.04,357.59
PTGC.2022.302.16.24.49,PTGC,2022.302.16.24.49,unlabelled,,,,,0,0,0.0,0.0,,,7.109000205993652,-72.60099792480469,13.05,2.5,4.199,-72.133833,170.0,325.94,350.89
PTGC.2022.304.06.52.53,PTGC,2022.304.06.52.53,unlabelled,,,,,0,0,0.0,0.0,,,6.625999927520752,-72.74199676513672,13.4,2.3,4.199,-72.133833,170.0,276.72,345.93
PTGC.2022.304.10.31.48,PTGC,2022.304.10.31.48,unlabelled,,,,,0,0,0.0,0.0,,,4.0929999351501465,-74.83000183105469,30.57,2.5,4.199,-72.133833,170.0,299.59,267.86
PTGC.2022.304.11.40.12,PTGC,2022.304.11.40.12,unlabelled,,,,,0,0,0.0,0.0,,,6.140999794006348,-72.59700012207031,13.63,1.6,4.199,-72.133833,170.0,220.81,346.57
PTGC.2022.304.17.22.21,PTGC,2022.304.17.22.21,unlabelled,,,,,0,0,0.0,0.0,,,5.619999885559082,-72.89600372314453,12.93,2.0,4.199,-72.133833,170.0,178.43,331.75
PTGC.2022.304.18.43.17,PTGC,2022.304.18.43.17,unlabelled,,,,,0,0,0.0,0.0,,,5.6479997634887695,-73.31700134277344,17.62,1.9,4.199,-72.133833,170.0,207.11,320.73
PTGC.2022.305.05.45.22,PTGC,2022.305.05.45.22,unlabelled,,,,,0,0,0.0,0.0,,,5.585999965667725,-72.9280014038086,13.4,1.6,4.199,-72.133833,170.0,176.87,330.16
PTGC.2022.305.11.51.22,PTGC,2022.305.11.51.22,unlabelled,,,,,0,0,0.0,0.0,,,6.165999889373779,-72.59500122070312,19.02,1.5,4.199,-72.133833,170.0,223.45,346.79
PTGC.2022.306.00.44.35,PTGC,2022.306.00.44.35,unlabelled,,,,,0,0,0.0,0.0,,,3.489000082015991,-74.23699951171875,15.98,1.5,4.199,-72.133833,170.0,246.44,251.5
PTGC.2022.306.05.39.08,PTGC,2022.306.05.39.08,unlabelled,,,,,0,0,0.0,0.0,,,6.136000156402588,-72.54199981689453,13.05,2.3,4.199,-72.133833,170.0,218.93,348.09
PTGC.2022.306.21.07.46,PTGC,2022.306.21.07.46,unlabelled,,,,,0,0,0.0,0.0,,,6.769000053405762,-72.04100036621094,3.14,1.7,4.199,-72.133833,170.0,284.39,2.07
PTGC.2022.306.23.02.10,PTGC,2022.306.23.02.10,unlabelled,,,,,0,0,0.0,0.0,,,4.375999927520752,-73.8010025024414,8.48,1.6,4.199,-72.133833,170.0,186.1,276.1
PTGC.2022.307.03.32.47,PTGC,2022.307.03.32.47,unlabelled,,,,,0,0,0.0,0.0,,,5.775000095367432,-73.1719970703125,11.52,1.5,4.199,-72.133833,170.0,208.87,326.59
PTGC.2022.307.03.34.06,PTGC,2022.307.03.34.06,unlabelled,,,,,0,0,0.0,0.0,,,5.775000095367432,-73.17400360107422,13.16,1.7,4.199,-72.133833,170.0,209.0,326.54
PTGC.2022.307.06.10.55,PTGC,2022.307.06.10.55,unlabelled,,,,,0,0,0.0,0.0,,,6.554999828338623,-72.54199981689453,13.05,2.6,4.199,-72.133833,170.0,264.43,350.17
PTGC.2022.307.07.20.10,PTGC,2022.307.07.20.10,unlabelled,,,,,0,0,0.0,0.0,,,6.561999797821045,-72.53900146484375,15.98,2.6,4.199,-72.133833,170.0,265.14,350.27
PTGC.2022.308.04.36.36,PTGC,2022.308.04.36.36,unlabelled,,,,,0,0,0.0,0.0,,,6.090000152587891,-73.92900085449219,0.0,1.7,4.199,-72.133833,170.0,288.69,316.49
PTGC.2022.308.05.53.05,PTGC,2022.308.05.53.05,unlabelled,,,,,0,0,0.0,0.0,,,6.308000087738037,-72.77400207519531,12.93,2.2,4.199,-72.133833,170.0,243.78,343.1
PTGC.2022.308.08.04.26,PTGC,2022.308.08.04.26,unlabelled,,,,,0,0,0.0,0.0,,,3.4019999504089355,-74.72699737548828,24.88,1.8,4.199,-72.133833,170.0,301.22,253.08
PTGC.2022.308.23.06.03,PTGC,2022.308.23.06.03,unlabelled,,,,,0,0,0.0,0.0,,,5.059000015258789,-73.33799743652344,13.4,1.9,4.199,-72.133833,170.0,164.0,305.49
PTGC.2022.309.15.58.16,PTGC,2022.309.15.58.16,unlabelled,,,,,0,0,0.0,0.0,,,6.460000038146973,-72.25900268554688,13.87,2.4,4.199,-72.133833,170.0,250.42,356.83
PTGC.2022.310.14.24.38,PTGC,2022.310.14.24.38,unlabelled,,,,,0,0,0.0,0.0,,,6.056000232696533,-72.34500122070312,22.07,1.6,4.199,-72.133833,170.0,206.68,353.5
PTGC.2022.310.14.27.38,PTGC,2022.310.14.27.38,unlabelled,,,,,0,0,0.0,0.0,,,3.4240000247955322,-74.74199676513672,33.38,2.1,4.199,-72.133833,170.0,302.11,253.61
PTGC.2022.311.08.35.42,PTGC,2022.311.08.35.42,unlabelled,,,,,0,0,0.0,0.0,,,3.677999973297119,-74.11199951171875,10.06,1.6,4.199,-72.133833,170.0,227.12,255.38
PTGC.2022.312.09.21.51,PTGC,2022.312.09.21.51,unlabelled,,,,,0,0,0.0,0.0,,,3.507999897003174,-73.9469985961914,13.81,1.7,4.199,-72.133833,170.0,215.39,249.28
PTGC.2022.312.22.20.21,PTGC,2022.312.22.20.21,unlabelled,,,,,0,0,0.0,0.0,,,3.4730000495910645,-74.20099639892578,9.71,1.4,4.199,-72.133833,170.0,243.23,250.8
PTGC.2022.313.08.07.00,PTGC,2022.313.08.07.00,unlabelled,,,,,0,0,0.0,0.0,,,6.085000038146973,-74.27999877929688,1.13,2.6,4.199,-72.133833,170.0,316.41,311.33
PTGC.2022.313.14.16.09,PTGC,2022.313.14.16.09,unlabelled,,,,,0,0,0.0,0.0,,,5.660999774932861,-73.125,-0.09,1.5,4.199,-72.133833,170.0,195.5,325.83
PTGC.2022.314.12.46.45,PTGC,2022.314.12.46.45,unlabelled,,,,,0,0,0.0,0.0,,,3.500999927520752,-74.22000122070312,9.59,1.8,4.199,-72.133833,170.0,244.23,251.65
PTGC.2022.315.22.27.07,PTGC,2022.315.22.27.07,unlabelled,,,,,0,0,0.0,0.0,,,6.577000141143799,-73.33100128173828,29.1,1.6,4.199,-72.133833,170.0,294.54,333.28
PTGC.2022.316.07.24.50,PTGC,2022.316.07.24.50,unlabelled,,,,,0,0,0.0,0.0,,,3.312999963760376,-74.72000122070312,21.84,1.7,4.199,-72.133833,170.0,303.52,251.26
PTGC.2022.316.08.19.18,PTGC,2022.316.08.19.18,unlabelled,,,,,0,0,0.0,0.0,,,6.636000156402588,-72.00800323486328,12.93,1.6,4.199,-72.133833,170.0,269.85,2.96
PTGC.2022.316.21.09.38,PTGC,2022.316.21.09.38,unlabelled,,,,,0,0,0.0,0.0,,,6.122000217437744,-74.23100280761719,0.89,2.4,4.199,-72.133833,170.0,315.09,312.53
PTGC.2022.317.07.25.36,PTGC,2022.317.07.25.36,unlabelled,,,,,0,0,0.0,0.0,,,6.745999813079834,-73.15699768066406,144.18,2.1,4.199,-72.133833,170.0,303.62,338.12
PTGC.2022.317.22.34.31,PTGC,2022.317.22.34.31,unlabelled,,,,,0,0,0.0,0.0,,,5.072000026702881,-73.27200317382812,18.32,1.6,4.199,-72.133833,170.0,158.96,307.44
PTGC.2022.318.03.47.12,PTGC,2022.318.03.47.12,unlabelled,,,,,0,0,0.0,0.0,,,6.690999984741211,-72.01599884033203,15.98,1.6,4.199,-72.133833,170.0,275.89,2.71
PTGC.2022.318.10.51.36,PTGC,2022.318.10.51.36,unlabelled,,,,,0,0,0.0,0.0,,,3.3380000591278076,-74.48100280761719,26.58,2.4,4.199,-72.133833,170.0,277.56,250.02
PTGC.2022.318.15.48.24,PTGC,2022.318.15.48.24,unlabelled,,,,,0,0,0.0,0.0,,,3.489000082015991,-74.21700286865234,10.06,2.1,4.199,-72.133833,170.0,244.34,251.33
PTGC.2022.318.19.34.59,PTGC,2022.318.19.34.59,unlabelled,,,,,0,0,0.0,0.0,,,6.118000030517578,-72.625,13.63,1.6,4.199,-72.133833,170.0,219.08,345.63
PTGC.2022.319.01.17.09,PTGC,2022.319.01.17.09,unlabelled,,,,,0,0,0.0,0.0,,,5.13100004196167,-73.2300033569336,4.39,1.6,4.199,-72.133833,170.0,159.42,310.32
PTGC.2022.319.05.49.02,PTGC,2022.319.05.49.02,unlabelled,,,,,0,0,0.0,0.0,,,5.1539998054504395,-73.11000061035156,15.74,1.7,4.199,-72.133833,170.0,151.27,314.32
PTGC.2022.319.08.15.03,PTGC,2022.319.08.15.03,unlabelled,,,,,0,0,0.0,0.0,,,4.077000141143799,-74.09300231933594,16.04,1.7,4.199,-72.133833,170.0,217.95,266.52
PTGC.2022.320.00.56.52,PTGC,2022.320.00.56.52,unlabelled,,,,,0,0,0.0,0.0,,,7.017000198364258,-72.16600036621094,24.88,2.7,4.199,-72.133833,170.0,311.65,359.35
PTGC.2022.320.02.11.32,PTGC,2022.320.02.11.32,unlabelled,,,,,0,0,0.0,0.0,,,4.5289998054504395,-74.05000305175781,5.72,1.8,4.199,-72.133833,170.0,215.8,279.81
PTGC.2022.320.09.16.32,PTGC,2022.320.09.16.32,unlabelled,,,,,0,0,0.0,0.0,,,6.736000061035156,-72.08000183105469,15.98,1.6,4.199,-72.133833,170.0,280.62,1.22
PTGC.2022.321.11.52.21,PTGC,2022.321.11.52.21,unlabelled,,,,,0,0,0.0,0.0,,,5.283999919891357,-74.77100372314453,19.02,1.7,4.199,-72.133833,170.0,316.21,292.4
PTGC.2022.322.15.28.57,PTGC,2022.322.15.28.57,unlabelled,,,,,0,0,0.0,0.0,,,5.051000118255615,-74.56400299072266,32.32,1.9,4.199,-72.133833,170.0,285.63,289.35
PTGC.2022.322.19.39.42,PTGC,2022.322.19.39.42,unlabelled,,,,,0,0,0.0,0.0,,,6.622000217437744,-71.98999786376953,21.95,1.9,4.199,-72.133833,170.0,268.42,3.4
PTGC.2022.323.05.45.54,PTGC,2022.323.05.45.54,unlabelled,,,,,0,0,0.0,0.0,,,3.48799991607666,-74.21199798583984,9.94,1.7,4.199,-72.133833,170.0,243.84,251.26
PTGC.2022.326.04.12.05,PTGC,2022.326.04.12.05,unlabelled,,,,,0,0,0.0,0.0,,,4.353000164031982,-73.81700134277344,14.98,2.0,4.199,-72.133833,170.0,187.63,275.27
PTGC.2022.326.07.08.20,PTGC,2022.326.07.08.20,unlabelled,,,,,0,0,0.0,0.0,,,3.309999942779541,-74.38200378417969,10.88,1.8,4.199,-72.133833,170.0,268.38,248.59
PTGC.2022.326.07.12.37,PTGC,2022.326.07.12.37,unlabelled,,,,,0,0,0.0,0.0,,,3.4709999561309814,-74.22200012207031,10.06,1.5,4.199,-72.133833,170.0,245.51,250.93
PTGC.2022.326.19.56.37,PTGC,2022.326.19.56.37,unlabelled,,,,,0,0,0.0,0.0,,,4.75,-74.822998046875,28.16,1.5,4.199,-72.133833,170.0,304.6,281.64
PTGC.2022.328.04.33.52,PTGC,2022.328.04.33.52,unlabelled,,,,,0,0,0.0,0.0,,,5.210000038146973,-72.84700012207031,0.0,1.7,4.199,-72.133833,170.0,136.96,324.74
PTGC.2022.328.10.10.04,PTGC,2022.328.10.10.04,unlabelled,,,,,0,0,0.0,0.0,,,3.3259999752044678,-74.4729995727539,28.4,1.5,4.199,-72.133833,170.0,277.19,249.7
PTGC.2022.328.16.46.38,PTGC,2022.328.16.46.38,unlabelled,,,,,0,0,0.0,0.0,,,3.4690001010894775,-74.19999694824219,11.0,1.5,4.199,-72.133833,170.0,243.27,250.69
PTGC.2022.328.22.59.08,PTGC,2022.328.22.59.08,unlabelled,,,,,0,0,0.0,0.0,,,6.910999774932861,-72.14399719238281,15.98,2.3,4.199,-72.133833,170.0,299.91,359.79
PTGC.2022.329.22.39.52,PTGC,2022.329.22.39.52,unlabelled,,,,,0,0,0.0,0.0,,,5.4070000648498535,-74.76899719238281,25.88,2.1,4.199,-72.133833,170.0,321.39,294.67
PTGC.2022.330.02.29.01,PTGC,2022.330.02.29.01,unlabelled,,,,,0,0,0.0,0.0,,,3.562000036239624,-74.24800109863281,10.53,1.5,4.199,-72.133833,170.0,245.15,253.38
PTGC.2022.330.09.48.21,PTGC,2022.330.09.48.21,unlabelled,,,,,0,0,0.0,0.0,,,5.004000186920166,-74.74800109863281,29.39,2.2,4.199,-72.133833,170.0,303.43,287.16
PTGC.2022.331.07.30.57,PTGC,2022.331.07.30.57,unlabelled,,,,,0,0,0.0,0.0,,,3.489000082015991,-74.31099700927734,16.97,2.6,4.199,-72.133833,170.0,254.24,252.09
PTGC.2022.331.07.58.21,PTGC,2022.331.07.58.21,unlabelled,,,,,0,0,0.0,0.0,,,3.434000015258789,-74.19000244140625,8.18,1.6,4.199,-72.133833,170.0,243.55,249.75
PTGC.2022.331.17.04.21,PTGC,2022.331.17.04.21,unlabelled,,,,,0,0,0.0,0.0,,,3.6500000953674316,-73.9469985961914,10.82,1.7,4.199,-72.133833,170.0,210.32,253.29
PTGC.2022.333.11.28.03,PTGC,2022.333.11.28.03,unlabelled,,,,,0,0,0.0,0.0,,,4.673999786376953,-74.7040023803711,38.24,2.0,4.199,-72.133833,170.0,290.05,280.53
PTGC.2022.334.08.41.58,PTGC,2022.334.08.41.58,unlabelled,,,,,0,0,0.0,0.0,,,3.5840001106262207,-74.41799926757812,30.27,1.6,4.199,-72.133833,170.0,262.65,255.07
PTGC.2022.334.09.28.23,PTGC,2022.334.09.28.23,unlabelled,,,,,0,0,0.0,0.0,,,6.164000034332275,-74.32099914550781,20.53,1.5,4.199,-72.133833,170.0,325.59,311.96
PTGC.2022.335.16.32.09,PTGC,2022.335.16.32.09,unlabelled,,,,,0,0,0.0,0.0,,,5.6020002365112305,-72.84200286865234,13.05,1.9,4.199,-72.133833,170.0,173.9,333.18
PTGC.2022.336.14.05.55,PTGC,2022.336.14.05.55,unlabelled,,,,,0,0,0.0,0.0,,,3.309999942779541,-74.33000183105469,12.41,1.5,4.199,-72.133833,170.0,263.01,248.13
PTGC.2022.337.08.12.39,PTGC,2022.337.08.12.39,unlabelled,,,,,0,0,0.0,0.0,,,4.764999866485596,-74.64399719238281,35.2,1.5,4.199,-72.133833,170.0,285.52,282.76
PTGC.2022.337.10.46.58,PTGC,2022.337.10.46.58,unlabelled,,,,,0,0,0.0,0.0,,,6.275000095367432,-72.34500122070312,18.2,2.0,4.199,-72.133833,170.0,230.76,354.19
PTGC.2022.337.15.30.06,PTGC,2022.337.15.30.06,unlabelled,,,,,0,0,0.0,0.0,,,3.934999942779541,-74.04399871826172,12.05,2.1,4.199,-72.133833,170.0,214.11,262.23
PTGC.2022.337.22.53.28,PTGC,2022.337.22.53.28,unlabelled,,,,,0,0,0.0,0.0,,,4.76200008392334,-73.39700317382812,0.0,1.6,4.199,-72.133833,170.0,153.39,293.99
PTGC.2022.338.16.20.35,PTGC,2022.338.16.20.35,unlabelled,,,,,0,0,0.0,0.0,,,3.428999900817871,-74.77400207519531,39.18,1.7,4.199,-72.133833,170.0,305.36,253.9
PTGC.2022.338.20.55.29,PTGC,2022.338.20.55.29,unlabelled,,,,,0,0,0.0,0.0,,,3.3429999351501465,-74.33899688720703,7.77,1.5,4.199,-72.133833,170.0,262.6,248.95
PTGC.2022.339.04.12.05,PTGC,2022.339.04.12.05,unlabelled,,,,,0,0,0.0,0.0,,,3.5439999103546143,-74.42500305175781,14.82,1.5,4.199,-72.133833,170.0,264.58,254.19
PTGC.2022.339.05.53.49,PTGC,2022.339.05.53.49,unlabelled,,,,,0,0,0.0,0.0,,,6.190999984741211,-72.447998046875,2.23,1.8,4.199,-72.133833,170.0,223.02,351.03
PTGC.2022.339.13.37.24,PTGC,2022.339.13.37.24,unlabelled,,,,,0,0,0.0,0.0,,,6.796999931335449,-72.19999694824219,12.93,2.1,4.199,-72.133833,170.0,287.39,358.54
PTGC.2022.339.23.53.41,PTGC,2022.339.23.53.41,unlabelled,,,,,0,0,0.0,0.0,,,5.677000045776367,-72.7959976196289,15.98,1.5,4.199,-72.133833,170.0,179.18,335.83
PTGC.2022.339.23.53.42,PTGC,2022.339.23.53.42,unlabelled,,,,,0,0,0.0,0.0,,,5.6529998779296875,-72.83300018310547,14.51,1.7,4.199,-72.133833,170.0,178.51,334.28
PTGC.2022.340.07.43.40,PTGC,2022.340.07.43.40,unlabelled,,,,,0,0,0.0,0.0,,,6.197999954223633,-72.00599670410156,16.21,1.8,4.199,-72.133833,170.0,221.51,3.66
PTGC.2022.340.20.02.57,PTGC,2022.340.20.02.57,unlabelled,,,,,0,0,0.0,0.0,,,4.714000225067139,-74.83399963378906,30.98,2.5,4.199,-72.133833,170.0,305.04,280.86
PTGC.2022.340.20.59.55,PTGC,2022.340.20.59.55,unlabelled,,,,,0,0,0.0,0.0,,,5.025000095367432,-74.7229995727539,33.26,2.2,4.199,-72.133833,170.0,301.47,287.74
PTGC.2022.342.23.23.04,PTGC,2022.342.23.23.04,unlabelled,,,,,0,0,0.0,0.0,,,6.00600004196167,-74.25299835205078,13.44,1.6,4.199,-72.133833,170.0,308.45,310.47
PTGC.2022.344.08.47.36,PTGC,2022.344.08.47.36,unlabelled,,,,,0,0,0.0,0.0,,,4.545000076293945,-74.97599792480469,34.2,1.9,4.199,-72.133833,170.0,317.78,277.02
PTGC.2022.344.09.58.55,PTGC,2022.344.09.58.55,unlabelled,,,,,0,0,0.0,0.0,,,3.492000102996826,-74.197998046875,10.88,2.5,4.199,-72.133833,170.0,242.23,251.24
PTGC.2022.344.22.27.02,PTGC,2022.344.22.27.02,unlabelled,,,,,0,0,0.0,0.0,,,3.490000009536743,-74.18900299072266,12.99,1.9,4.199,-72.133833,170.0,241.36,251.12
PTGC.2022.345.06.36.52,PTGC,2022.345.06.36.52,unlabelled,,,,,0,0,0.0,0.0,,,5.8470001220703125,-73.18900299072266,10.12,1.5,4.199,-72.133833,170.0,216.57,327.34
PTGC.2022.345.12.41.46,PTGC,2022.345.12.41.46,unlabelled,,,,,0,0,0.0,0.0,,,5.818999767303467,-73.21099853515625,8.95,1.9,4.199,-72.133833,170.0,215.32,326.35
PTGC.2022.346.21.00.25,PTGC,2022.346.21.00.25,unlabelled,,,,,0,0,0.0,0.0,,,4.373000144958496,-73.84200286865234,12.99,1.9,4.199,-72.133833,170.0,190.6,275.86
PTGC.2022.348.07.04.39,PTGC,2022.348.07.04.39,unlabelled,,,,,0,0,0.0,0.0,-5.63,-2.9,6.752999782562256,-71.93299865722656,25.12,2.1,4.199,-72.133833,170.0,283.31,4.5
PTGC.2022.348.19.24.27,PTGC,2022.348.19.24.27,unlabelled,,,,,0,0,0.0,0.0,,,3.4630000591278076,-74.21600341796875,9.94,1.9,4.199,-72.133833,170.0,245.17,250.68
PTGC.2022.348.19.33.57,PTGC,2022.348.19.33.57,unlabelled,,,,,0,0,0.0,0.0,,,3.4560000896453857,-74.18000030517578,9.0,1.8,4.199,-72.133833,170.0,241.67,250.2
PTGC.2022.349.07.27.47,PTGC,2022.349.07.27.47,unlabelled,,,,,0,0,0.0,0.0,,,3.696000099182129,-74.00599670410156,12.99,1.5,4.199,-72.133833,170.0,215.23,255.09
PTGC.2022.349.09.25.37,PTGC,2022.349.09.25.37,unlabelled,,,,,0,0,0.0,0.0,,,3.4739999771118164,-74.21600341796875,10.76,1.5,4.199,-72.133833,170.0,244.77,250.95
PTGC.2022.349.18.10.04,PTGC,2022.349.18.10.04,unlabelled,,,,,0,0,0.0,0.0,,,5.678999900817871,-72.64199829101562,13.16,2.1,4.199,-72.133833,170.0,173.09,341.02
PTGC.2022.350.06.03.59,PTGC,2022.350.06.03.59,unlabelled,,,,,0,0,0.0,0.0,,,5.13100004196167,-73.375,20.17,1.7,4.199,-72.133833,170.0,172.01,306.86
PTGC.2022.350.12.27.30,PTGC,2022.350.12.27.30,unlabelled,,,,,0,0,0.0,0.0,,,3.611999988555908,-74.35900115966797,21.02,2.1,4.199,-72.133833,170.0,255.51,255.36
PTGC.2022.350.17.14.12,PTGC,2022.350.17.14.12,unlabelled,,,,,0,0,0.0,0.0,,,3.4170000553131104,-74.18699645996094,4.38,1.5,4.199,-72.133833,170.0,243.9,249.3
PTGC.2022.351.08.48.18,PTGC,2022.351.08.48.18,unlabelled,,,,,0,0,0.0,0.0,,,6.783999919891357,-73.45099639892578,17.78,1.9,4.199,-72.133833,170.0,320.96,333.01
PTGC.2022.352.00.02.05,PTGC,2022.352.00.02.05,unlabelled,,,,,0,0,0.0,0.0,,,4.505000114440918,-73.5469970703125,0.01,2.4,4.199,-72.133833,170.0,160.47,282.23
PTGC.2022.352.04.43.50,PTGC,2022.352.04.43.50,unlabelled,,,,,0,0,0.0,0.0,,,5.138000011444092,-73.1729965209961,2.67,1.5,4.199,-72.133833,170.0,155.16,312.05
PTGC.2022.352.05.07.56,PTGC,2022.352.05.07.56,unlabelled,,,,,0,0,0.0,0.0,,,5.366000175476074,-72.83699798583984,13.87,1.8,4.199,-72.133833,170.0,150.79,328.88
PTGC.2022.352.14.51.31,PTGC,2022.352.14.51.31,unlabelled,,,,,0,0,0.0,0.0,,,5.46999979019165,-72.7750015258789,13.87,1.7,4.199,-72.133833,170.0,157.52,333.19
PTGC.2022.352.15.51.03,PTGC,2022.352.15.51.03,unlabelled,,,,,0,0,0.0,0.0,,,6.561999797821045,-73.34600067138672,26.99,1.5,4.199,-72.133833,170.0,293.82,332.85
PTGC.2022.352.17.17.48,PTGC,2022.352.17.17.48,unlabelled,,,,,0,0,0.0,0.0,,,3.5160000324249268,-74.58000183105469,23.48,1.6,4.199,-72.133833,170.0,281.99,254.55
PTGC.2022.352.17.46.43,PTGC,2022.352.17.46.43,unlabelled,,,,,0,0,0.0,0.0,,,3.309999942779541,-74.35199737548828,16.5,1.9,4.199,-72.133833,170.0,265.28,248.32
PTGC.2022.353.03.14.50,PTGC,2022.353.03.14.50,unlabelled,,,,,0,0,0.0,0.0,,,6.4629998207092285,-72.32499694824219,13.16,1.6,4.199,-72.133833,170.0,251.26,355.17
PTGC.2022.354.12.58.26,PTGC,2022.354.12.58.26,unlabelled,,,,,0,0,0.0,0.0,,,6.556000232696533,-73.34600067138672,29.8,2.2,4.199,-72.133833,170.0,293.23,332.79
PTGC.2022.354.20.13.08,PTGC,2022.354.20.13.08,unlabelled,,,,,0,0,0.0,0.0,,,4.934000015258789,-73.23400115966797,10.9,1.6,4.199,-72.133833,170.0,146.66,303.7
PTGC.2022.354.20.55.37,PTGC,2022.354.20.55.37,unlabelled,,,,,0,0,0.0,0.0,,,6.0879998207092285,-72.4489974975586,16.68,1.7,4.199,-72.133833,170.0,211.79,350.52
PTGC.2022.355.07.57.57,PTGC,2022.355.07.57.57,unlabelled,,,,,0,0,0.0,0.0,,,5.048999786376953,-74.56800079345703,22.01,1.9,4.199,-72.133833,170.0,285.98,289.28
PTGC.2022.355.18.14.05,PTGC,2022.355.18.14.05,unlabelled,,,,,0,0,0.0,0.0,,,3.510999917984009,-74.20999908447266,13.05,2.0,4.199,-72.133833,170.0,242.82,251.81
PTGC.2022.356.00.18.10,PTGC,2022.356.00.18.10,unlabelled,,,,,0,0,0.0,0.0,,,3.697999954223633,-74.18099975585938,18.38,1.5,4.199,-72.133833,170.0,234.0,256.38
PTGC.2022.357.15.55.03,PTGC,2022.357.15.55.03,unlabelled,,,,,0,0,0.0,0.0,,,6.605999946594238,-71.84100341796875,37.88,1.7,4.199,-72.133833,170.0,268.15,6.94
PTGC.2022.358.02.41.22,PTGC,2022.358.02.41.22,unlabelled,,,,,0,0,0.0,0.0,,,5.781000137329102,-72.56500244140625,17.85,1.6,4.199,-72.133833,170.0,181.36,344.73
PTGC.2022.358.07.12.49,PTGC,2022.358.07.12.49,unlabelled,,,,,0,0,0.0,0.0,,,6.203000068664551,-72.31999969482422,13.05,1.7,4.199,-72.133833,170.0,222.57,354.69
PTGC.2022.358.18.39.53,PTGC,2022.358.18.39.53,unlabelled,,,,,0,0,0.0,0.0,,,3.4639999866485596,-74.58999633789062,24.94,1.8,4.199,-72.133833,170.0,284.66,253.49
PTGC.2022.359.01.21.09,PTGC,2022.359.01.21.09,unlabelled,,,,,0,0,0.0,0.0,,,3.486999988555908,-74.21900177001953,10.53,1.7,4.199,-72.133833,170.0,244.62,251.3
PTGC.2022.359.03.09.34,PTGC,2022.359.03.09.34,unlabelled,,,,,0,0,0.0,0.0,,,3.4730000495910645,-74.19499969482422,7.6,1.7,4.199,-72.133833,170.0,242.6,250.75
PTGC.2022.359.08.28.03,PTGC,2022.359.08.28.03,unlabelled,,,,,0,0,0.0,0.0,,,4.849999904632568,-73.34300231933594,15.74,1.7,4.199,-72.133833,170.0,152.28,298.26
PTGC.2022.360.01.52.35,PTGC,2022.360.01.52.35,unlabelled,,,,,0,0,0.0,0.0,,,4.577000141143799,-73.22899627685547,12.93,1.6,4.199,-72.133833,170.0,128.54,289.02
PTGC.2022.362.01.33.43,PTGC,2022.362.01.33.43,unlabelled,,,,,0,0,0.0,0.0,,,4.729000091552734,-73.43599700927734,12.93,1.7,4.199,-72.133833,170.0,155.95,292.12
PTGC.2022.362.04.35.42,PTGC,2022.362.04.35.42,unlabelled,,,,,0,0,0.0,0.0,,,7.043000221252441,-72.26699829101562,4.12,1.5,4.199,-72.133833,170.0,314.85,357.32
PTGC.2022.362.09.26.44,PTGC,2022.362.09.26.44,unlabelled,,,,,0,0,0.0,0.0,,,6.854000091552734,-72.24299621582031,13.16,1.8,4.199,-72.133833,170.0,293.85,357.65
PTGC.2022.363.02.33.17,PTGC,2022.363.02.33.17,unlabelled,,,,,0,0,0.0,0.0,,,6.03000020980835,-72.39299774169922,13.05,1.8,4.199,-72.133833,170.0,204.51,351.93
PTGC.2022.364.00.24.03,PTGC,2022.364.00.24.03,unlabelled,,,,,0,0,0.0,0.0,,,6.921000003814697,-72.01499938964844,11.17,1.7,4.199,-72.133833,170.0,301.3,2.5
PTGC.2022.365.07.02.12,PTGC,2022.365.07.02.12,unlabelled,,,,,0,0,0.0,0.0,,,6.855999946594238,-71.9000015258789,0.0,1.5,4.199,-72.133833,170.0,294.96,5.03
PTGC.2022.365.11.13.06,PTGC,2022.365.11.13.06,unlabelled,,,,,0,0,0.0,0.0,,,6.802000045776367,-73.23200225830078,140.7,1.9,4.199,-72.133833,170.0,312.51,337.13
PTGC.2023.001.00.04.29,PTGC,2023.001.00.04.29,unlabelled,,,,,0,0,0.0,0.0,,,3.4609999656677246,-74.17900085449219,9.36,1.9,4.199,-72.133833,170.0,241.37,250.31
PTGC.2023.001.05.50.25,PTGC,2023.001.05.50.25,unlabelled,,,,,0,0,0.0,0.0,,,6.315999984741211,-73.1510009765625,14.1,1.8,4.199,-72.133833,170.0,259.84,334.33
PTGC.2023.002.02.45.11,PTGC,2023.002.02.45.11,unlabelled,,,,,0,0,0.0,0.0,,,6.736000061035156,-73.5999984741211,0.0,1.8,4.199,-72.133833,170.0,324.2,329.99
PTGC.2023.002.09.19.24,PTGC,2023.002.09.19.24,unlabelled,,,,,0,0,0.0,0.0,,,6.644999980926514,-71.80799865722656,10.83,1.6,4.199,-72.133833,170.0,272.89,7.59
PTGC.2023.002.17.24.10,PTGC,2023.002.17.24.10,unlabelled,,,,,0,0,0.0,0.0,,,5.906000137329102,-73.05899810791016,8.71,1.6,4.199,-72.133833,170.0,214.84,331.52
PTGC.2023.003.18.00.38,PTGC,2023.003.18.00.38,unlabelled,,,,,0,0,0.0,0.0,,,5.085000038146973,-74.80000305175781,30.45,2.6,4.199,-72.133833,170.0,311.63,288.43
PTGC.2023.004.11.28.02,PTGC,2023.004.11.28.02,unlabelled,,,,,0,0,0.0,0.0,,,5.369999885559082,-72.9219970703125,15.74,1.8,4.199,-72.133833,170.0,156.25,326.0
PTGC.2023.004.22.22.29,PTGC,2023.004.22.22.29,unlabelled,,,,,0,0,0.0,0.0,,,3.691999912261963,-74.1989974975586,16.68,1.5,4.199,-72.133833,170.0,236.1,256.34
PTGC.2023.005.15.26.24,PTGC,2023.005.15.26.24,unlabelled,,,,,0,0,0.0,0.0,,,3.8340001106262207,-73.61299896240234,19.49,1.6,4.199,-72.133833,170.0,169.14,256.25
PTGC.2023.006.01.21.45,PTGC,2023.006.01.21.45,unlabelled,,,,,0,0,0.0,0.0,,,6.49399995803833,-73.95600128173828,36.14,1.8,4.199,-72.133833,170.0,324.34,321.57
PTGC.2023.006.01.55.45,PTGC,2023.006.01.55.45,unlabelled,,,,,0,0,0.0,0.0,,,3.677999973297119,-73.84300231933594,12.17,1.7,4.199,-72.133833,170.0,198.37,253.18
PTGC.2023.006.05.32.54,PTGC,2023.006.05.32.54,unlabelled,,,,,0,0,0.0,0.0,,,3.4579999446868896,-74.1969985961914,11.93,1.7,4.199,-72.133833,170.0,243.37,250.4
PTGC.2023.006.08.59.17,PTGC,2023.006.08.59.17,unlabelled,,,,,0,0,0.0,0.0,,,3.4609999656677246,-74.1969985961914,9.94,1.5,4.199,-72.133833,170.0,243.26,250.47
PTGC.2023.006.13.51.59,PTGC,2023.006.13.51.59,unlabelled,,,,,0,0,0.0,0.0,,,3.4609999656677246,-74.197998046875,7.77,1.3,4.199,-72.133833,170.0,243.36,250.48
PTGC.2023.008.00.25.01,PTGC,2023.008.00.25.01,unlabelled,,,,,0,0,0.0,0.0,,,3.4519999027252197,-74.19000244140625,10.06,1.5,4.199,-72.133833,170.0,242.86,250.19
PTGC.2023.008.01.12.15,PTGC,2023.008.01.12.15,unlabelled,,,,,0,0,0.0,0.0,,,4.4770002365112305,-73.36199951171875,14.57,1.7,4.199,-72.133833,170.0,139.75,282.75
PTGC.2023.008.07.47.21,PTGC,2023.008.07.47.21,unlabelled,,,,,0,0,0.0,0.0,,,3.305999994277954,-74.33899688720703,14.28,2.2,4.199,-72.133833,170.0,264.11,248.12
PTGC.2023.008.11.54.33,PTGC,2023.008.11.54.33,unlabelled,,,,,0,0,0.0,0.0,,,3.5490000247955322,-74.2249984741211,21.89,1.7,4.199,-72.133833,170.0,243.13,252.88
PTGC.2023.008.13.03.52,PTGC,2023.008.13.03.52,unlabelled,,,,,0,0,0.0,0.0,,,3.4040000438690186,-74.27100372314453,11.76,1.6,4.199,-72.133833,170.0,253.14,249.75
PTGC.2023.008.18.30.38,PTGC,2023.008.18.30.38,unlabelled,,,,,0,0,0.0,0.0,,,5.376999855041504,-72.69100189208984,15.98,1.5,4.199,-72.133833,170.0,144.19,334.64
PTGC.2023.009.08.30.13,PTGC,2023.009.08.30.13,unlabelled,,,,,0,0,0.0,0.0,,,5.1020002365112305,-73.32599639892578,15.98,1.7,4.199,-72.133833,170.0,165.73,307.1
PTGC.2023.009.18.19.48,PTGC,2023.009.18.19.48,unlabelled,,,,,0,0,0.0,0.0,,,3.38100004196167,-74.48500061035156,33.03,2.6,4.199,-72.133833,170.0,276.38,250.98
PTGC.2023.009.21.34.42,PTGC,2023.009.21.34.42,unlabelled,,,,,0,0,0.0,0.0,,,6.980999946594238,-72.19599914550781,15.98,1.9,4.199,-72.133833,170.0,307.72,358.72
PTGC.2023.009.23.02.12,PTGC,2023.009.23.02.12,unlabelled,,,,,0,0,0.0,0.0,,,3.4619998931884766,-74.17900085449219,9.24,2.3,4.199,-72.133833,170.0,241.34,250.33
PTGC.2023.010.14.05.42,PTGC,2023.010.14.05.42,unlabelled,,,,,0,0,0.0,0.0,,,5.960999965667725,-72.55599975585938,15.98,1.7,4.199,-72.133833,170.0,200.39,346.51
PTGC.2023.011.02.39.23,PTGC,2023.011.02.39.23,unlabelled,,,,,0,0,0.0,0.0,,,5.560999870300293,-72.64700317382812,20.25,1.6,4.199,-72.133833,170.0,161.01,339.32
PTGC.2023.011.14.13.52,PTGC,2023.011.14.13.52,unlabelled,,,,,0,0,0.0,0.0,,,3.9260001182556152,-74.0469970703125,13.81,1.9,4.199,-72.133833,170.0,214.57,261.98
PTGC.2023.012.05.04.39,PTGC,2023.012.05.04.39,unlabelled,,,,,0,0,0.0,0.0,,,6.885000228881836,-71.99099731445312,0.0,1.8,4.199,-72.133833,170.0,297.45,3.04
PTGC.2023.012.07.22.50,PTGC,2023.012.07.22.50,unlabelled,,,,,0,0,0.0,0.0,,,6.302000045776367,-73.78099822998047,34.25,1.5,4.199,-72.133833,170.0,295.67,321.93
PTGC.2023.012.08.42.16,PTGC,2023.012.08.42.16,unlabelled,,,,,0,0,0.0,0.0,,,6.118000030517578,-72.35700225830078,19.49,2.1,4.199,-72.133833,170.0,213.65,353.36
PTGC.2023.012.16.17.51,PTGC,2023.012.16.17.51,unlabelled,,,,,0,0,0.0,0.0,,,5.160999774932861,-74.75800323486328,24.65,1.6,4.199,-72.133833,170.0,309.98,290.17
PTGC.2023.014.08.20.45,PTGC,2023.014.08.20.45,unlabelled,,,,,0,0,0.0,0.0,,,6.960000038146973,-72.21700286865234,16.21,2.0,4.199,-72.133833,170.0,305.46,358.28
PTGC.2023.015.00.39.57,PTGC,2023.015.00.39.57,unlabelled,,,,,0,0,0.0,0.0,,,3.4630000591278076,-74.21600341796875,9.94,1.9,4.199,-72.133833,170.0,245.17,250.68
PTGC.2023.015.00.51.30,PTGC,2023.015.00.51.30,unlabelled,,,,,0,0,0.0,0.0,,,7.172999858856201,-72.1729965209961,7.89,1.6,4.199,-72.133833,170.0,328.91,359.25
PTGC.2023.015.04.04.17,PTGC,2023.015.04.04.17,unlabelled,,,,,0,0,0.0,0.0,,,6.3470001220703125,-74.04199981689453,0.0,3.2,4.199,-72.133833,170.0,318.06,318.4
PTGC.2023.015.13.36.37,PTGC,2023.015.13.36.37,unlabelled,,,,,0,0,0.0,0.0,,,5.816999912261963,-72.5739974975586,16.21,1.6,4.199,-72.133833,170.0,185.46,344.76
PTGC.2023.015.17.06.35,PTGC,2023.015.17.06.35,unlabelled,,,,,0,0,0.0,0.0,,,5.318999767303467,-73.18099975585938,0.0,1.5,4.199,-72.133833,170.0,169.81,316.88
PTGC.2023.015.18.33.22,PTGC,2023.015.18.33.22,unlabelled,,,,,0,0,0.0,0.0,,,3.4609999656677246,-74.2040023803711,4.9,1.2,4.199,-72.133833,170.0,243.99,250.53
PTGC.2023.015.21.34.17,PTGC,2023.015.21.34.17,unlabelled,,,,,0,0,0.0,0.0,,,5.559000015258789,-72.62699890136719,10.12,1.7,4.199,-72.133833,170.0,160.03,340.03
PTGC.2023.016.10.33.05,PTGC,2023.016.10.33.05,unlabelled,,,,,0,0,0.0,0.0,,,4.455999851226807,-73.74299621582031,12.93,1.5,4.199,-72.133833,170.0,180.87,279.1
PTGC.2023.016.18.42.54,PTGC,2023.016.18.42.54,unlabelled,,,,,0,0,0.0,0.0,,,5.7829999923706055,-74.3239974975586,23.95,1.6,4.199,-72.133833,170.0,299.46,305.89
PTGC.2023.109.15.10.51,PTGC,2023.109.15.10.51,unlabelled,,,,,0,0,0.0,0.0,,,6.998000144958496,-72.20600128173828,27.23,3.9,4.199,-72.133833,170.0,309.63,358.52
PTGC.2023.109.15.19.16,PTGC,2023.109.15.19.16,unlabelled,,,,,0,0,0.0,0.0,,,6.985000133514404,-72.2490005493164,22.07,2.7,4.199,-72.133833,170.0,308.35,357.63
PTGC.2023.109.19.15.13,PTGC,2023.109.19.15.13,unlabelled,,,,,0,0,0.0,0.0,,,5.6579999923706055,-72.65899658203125,12.93,1.8,4.199,-72.133833,170.0,171.53,340.17
PTGC.2023.110.01.08.44,PTGC,2023.110.01.08.44,unlabelled,,,,,0,0,0.0,0.0,,,5.060999870300293,-73.23400115966797,20.2,1.7,4.199,-72.133833,170.0,154.88,308.03
PTGC.2023.110.19.48.36,PTGC,2023.110.19.48.36,unlabelled,,,,,0,0,0.0,0.0,,,6.989999771118164,-72.27300262451172,21.13,3.0,4.199,-72.133833,170.0,309.03,357.15
PTGC.2023.112.10.53.02,PTGC,2023.112.10.53.02,unlabelled,,,,,0,0,0.0,0.0,,,3.507999897003174,-74.40499877929688,32.62,2.6,4.199,-72.133833,170.0,263.57,253.23
PTGC.2023.112.18.31.46,PTGC,2023.112.18.31.46,unlabelled,,,,,0,0,0.0,0.0,,,3.4619998931884766,-74.18299865722656,10.41,1.5,4.199,-72.133833,170.0,241.75,250.37
PTGC.2023.112.19.49.13,PTGC,2023.112.19.49.13,unlabelled,,,,,0,0,0.0,0.0,,,3.2880001068115234,-74.6259994506836,23.24,1.5,4.199,-72.133833,170.0,294.59,250.09
PTGC.2023.112.21.37.48,PTGC,2023.112.21.37.48,unlabelled,,,,,0,0,0.0,0.0,,,3.447000026702881,-74.19300079345703,10.18,1.9,4.199,-72.133833,170.0,243.36,250.09
PTGC.2023.113.05.40.24,PTGC,2023.113.05.40.24,unlabelled,,,,,0,0,0.0,0.0,,,4.050000190734863,-74.08399963378906,18.14,1.5,4.199,-72.133833,170.0,217.16,265.72
PTGC.2023.114.00.37.18,PTGC,2023.114.00.37.18,unlabelled,,,,,0,0,0.0,0.0,,,6.21999979019165,-73.41100311279297,24.77,2.3,4.199,-72.133833,170.0,264.56,327.7
PTGC.2023.114.22.07.01,PTGC,2023.114.22.07.01,unlabelled,,,,,0,0,0.0,0.0,,,5.4029998779296875,-72.8290023803711,28.52,1.5,4.199,-72.133833,170.0,153.86,329.95
PTGC.2023.116.07.27.13,PTGC,2023.116.07.27.13,unlabelled,,,,,0,0,0.0,0.0,,,5.9079999923706055,-73.82499694824219,26.9,1.6,4.199,-72.133833,170.0,266.24,315.29
PTGC.2023.116.12.06.38,PTGC,2023.116.12.06.38,unlabelled,,,,,0,0,0.0,0.0,,,4.382999897003174,-73.64099884033203,6.43,1.6,4.199,-72.133833,170.0,168.54,276.99
PTGC.2023.118.00.58.47,PTGC,2023.118.00.58.47,unlabelled,,,,,0,0,0.0,0.0,,,4.050000190734863,-74.08499908447266,16.04,2.0,4.199,-72.133833,170.0,217.27,265.72
PTGC.2023.118.16.34.10,PTGC,2023.118.16.34.10,unlabelled,,,,,0,0,0.0,0.0,,,5.623000144958496,-74.32499694824219,35.08,1.5,4.199,-72.133833,170.0,289.58,303.03
PTGC.2023.121.17.48.46,PTGC,2023.121.17.48.46,unlabelled,,,,,0,0,0.0,0.0,,,6.890999794006348,-72.0780029296875,0.0,2.0,4.199,-72.133833,170.0,297.76,1.19
PTGC.2023.123.07.02.55,PTGC,2023.123.07.02.55,unlabelled,,,,,0,0,0.0,0.0,,,3.4830000400543213,-74.22100067138672,11.46,1.7,4.199,-72.133833,170.0,244.97,251.22
PTGC.2023.124.16.13.43,PTGC,2023.124.16.13.43,unlabelled,,,,,0,0,0.0,0.0,,,5.079999923706055,-74.83799743652344,33.38,2.5,4.199,-72.133833,170.0,315.46,288.09
PTGC.2023.125.10.19.45,PTGC,2023.125.10.19.45,unlabelled,,,,,0,0,0.0,0.0,,,5.724999904632568,-74.23300170898438,15.57,2.1,4.199,-72.133833,170.0,287.53,306.02
PTGC.2023.125.15.48.15,PTGC,2023.125.15.48.15,unlabelled,,,,,0,0,0.0,0.0,,,5.686999797821045,-72.66200256347656,13.05,1.8,4.199,-72.133833,170.0,174.66,340.43
PTGC.2023.126.10.36.06,PTGC,2023.126.10.36.06,unlabelled,,,,,0,0,0.0,0.0,,,6.275000095367432,-72.44400024414062,15.86,1.8,4.199,-72.133833,170.0,232.13,351.5
PTGC.2023.126.12.32.27,PTGC,2023.126.12.32.27,unlabelled,,,,,0,0,0.0,0.0,,,4.682000160217285,-74.90399932861328,22.07,1.6,4.199,-72.133833,170.0,312.06,279.96
PTGC.2023.128.05.55.00,PTGC,2023.128.05.55.00,unlabelled,,,,,0,0,0.0,0.0,,,6.340000152587891,-74.1449966430664,15.02,1.6,4.199,-72.133833,170.0,325.2,316.81
PTGC.2023.128.22.43.39,PTGC,2023.128.22.43.39,unlabelled,,,,,0,0,0.0,0.0,,,6.441999912261963,-72.2760009765625,9.07,1.5,4.199,-72.133833,170.0,248.54,356.37
PTGC.2023.131.02.30.01,PTGC,2023.131.02.30.01,unlabelled,,,,,0,0,0.0,0.0,,,5.738999843597412,-72.58899688720703,16.21,1.6,4.199,-72.133833,170.0,177.62,343.51
PTGC.2023.131.02.50.22,PTGC,2023.131.02.50.22,unlabelled,,,,,0,0,0.0,0.0,,,7.015999794006348,-72.2760009765625,11.64,1.5,4.199,-72.133833,170.0,311.92,357.11
PTGC.2023.131.09.24.47,PTGC,2023.131.09.24.47,unlabelled,,,,,0,0,0.0,0.0,,,3.4619998931884766,-74.29900360107422,12.99,1.6,4.199,-72.133833,170.0,253.92,251.35
PTGC.2023.131.09.46.48,PTGC,2023.131.09.46.48,unlabelled,,,,,0,0,0.0,0.0,,,3.4619998931884766,-74.30000305175781,12.64,2.1,4.199,-72.133833,170.0,254.03,251.36
PTGC.2023.133.11.44.23,PTGC,2023.133.11.44.23,unlabelled,,,,,0,0,0.0,0.0,,,6.64300012588501,-71.822998046875,14.39,1.6,4.199,-72.133833,170.0,272.45,7.25
PTGC.2023.133.15.12.17,PTGC,2023.133.15.12.17,unlabelled,,,,,0,0,0.0,0.0,,,3.312999963760376,-74.73300170898438,22.07,1.5,4.199,-72.133833,170.0,304.89,251.34
PTGC.2023.134.13.25.06,PTGC,2023.134.13.25.06,unlabelled,,,,,0,0,0.0,0.0,,,4.605000019073486,-75.05400085449219,22.01,1.5,4.199,-72.133833,170.0,327.21,278.0
PTGC.2023.135.00.06.33,PTGC,2023.135.00.06.33,unlabelled,,,,,0,0,0.0,0.0,,,5.063000202178955,-72.99299621582031,18.79,1.5,4.199,-72.133833,170.0,134.97,315.1
PTGC.2023.135.01.20.01,PTGC,2023.135.01.20.01,unlabelled,,,,,0,0,0.0,0.0,,,6.004000186920166,-74.22100067138672,12.9,1.5,4.199,-72.133833,170.0,305.61,310.87
PTGC.2023.136.03.25.15,PTGC,2023.136.03.25.15,unlabelled,,,,,0,0,0.0,0.0,,,6.242000102996826,-72.45600128173828,15.27,2.1,4.199,-72.133833,170.0,228.73,351.03
PTGC.2023.136.03.43.48,PTGC,2023.136.03.43.48,unlabelled,,,,,0,0,0.0,0.0,,,6.624000072479248,-73.33799743652344,0.0,1.6,4.199,-72.133833,170.0,299.53,333.6
PTGC.2023.136.18.11.59,PTGC,2023.136.18.11.59,unlabelled,,,,,0,0,0.0,0.0,,,4.449999809265137,-75.00800323486328,31.97,2.5,4.199,-72.133833,170.0,320.25,275.08
PTGC.2023.137.01.52.49,PTGC,2023.137.01.52.49,unlabelled,,,,,0,0,0.0,0.0,,,3.5799999237060547,-74.47200012207031,26.35,2.0,4.199,-72.133833,170.0,268.56,255.32
PTGC.2023.137.05.51.03,PTGC,2023.137.05.51.03,unlabelled,,,,,0,0,0.0,0.0,,,3.812999963760376,-73.66799926757812,11.35,2.0,4.199,-72.133833,170.0,175.63,255.99
PTGC.2023.137.08.38.13,PTGC,2023.137.08.38.13,unlabelled,,,,,0,0,0.0,0.0,,,6.590000152587891,-73.05400085449219,16.39,2.3,4.199,-72.133833,170.0,283.39,338.95
PTGC.2023.138.02.15.11,PTGC,2023.138.02.15.11,unlabelled,,,,,0,0,0.0,0.0,,,3.4679999351501465,-74.00800323486328,9.0,1.5,4.199,-72.133833,170.0,223.31,248.84
PTGC.2023.138.04.41.22,PTGC,2023.138.04.41.22,unlabelled,,,,,0,0,0.0,0.0,,,5.9019999504089355,-72.4990005493164,18.32,1.5,4.199,-72.133833,170.0,192.63,347.88
PTGC.2023.138.22.49.18,PTGC,2023.138.22.49.18,unlabelled,,,,,0,0,0.0,0.0,,,6.901000022888184,-72.427001953125,23.43,1.5,4.199,-72.133833,170.0,300.56,353.81
PTGC.2023.139.06.47.12,PTGC,2023.139.06.47.12,unlabelled,,,,,0,0,0.0,0.0,,,5.447000026702881,-74.43199920654297,19.02,1.7,4.199,-72.133833,170.0,289.88,298.52
PTGC.2023.139.07.04.00,PTGC,2023.139.07.04.00,unlabelled,,,,,0,0,0.0,0.0,,,5.434000015258789,-74.42400360107422,18.79,1.5,4.199,-72.133833,170.0,288.42,298.35
PTGC.2023.139.08.53.01,PTGC,2023.139.08.53.01,unlabelled,,,,,0,0,0.0,0.0,,,6.228000164031982,-72.76399993896484,19.02,1.5,4.199,-72.133833,170.0,235.0,342.73
PTGC.2023.140.00.20.51,PTGC,2023.140.00.20.51,unlabelled,,,,,0,0,0.0,0.0,,,3.431999921798706,-74.62000274658203,13.57,1.9,4.199,-72.133833,170.0,288.88,253.01
PTGC.2023.140.03.16.15,PTGC,2023.140.03.16.15,unlabelled,,,,,0,0,0.0,0.0,,,4.0329999923706055,-73.97699737548828,19.49,1.8,4.199,-72.133833,170.0,205.48,264.94
PTGC.2023.140.13.43.50,PTGC,2023.140.13.43.50,unlabelled,,,,,0,0,0.0,0.0,,,6.25,-73.2490005493164,22.16,1.5,4.199,-72.133833,170.0,258.31,331.45
PTGC.2023.141.04.36.58,PTGC,2023.141.04.36.58,unlabelled,,,,,0,0,0.0,0.0,,,4.749000072479248,-74.68699645996094,24.24,2.2,4.199,-72.133833,170.0,289.81,282.21
PTGC.2023.141.05.10.45,PTGC,2023.141.05.10.45,unlabelled,,,,,0,0,0.0,0.0,,,4.73799991607666,-74.69200134277344,24.94,1.9,4.199,-72.133833,170.0,290.1,281.95
PTGC.2023.141.06.02.46,PTGC,2023.141.06.02.46,unlabelled,,,,,0,0,0.0,0.0,,,5.041999816894531,-72.81600189208984,3.0,1.5,4.199,-72.133833,170.0,120.08,320.95
PTGC.2023.142.04.15.57,PTGC,2023.142.04.15.57,unlabelled,,,,,0,0,0.0,0.0,,,4.834000110626221,-74.61699676513672,31.86,2.2,4.199,-72.133833,170.0,284.38,284.39
PTGC.2023.144.07.52.52,PTGC,2023.144.07.52.52,unlabelled,,,,,0,0,0.0,0.0,,,6.629000186920166,-73.5979995727539,6.84,1.9,4.199,-72.133833,170.0,313.91,328.94
PTGC.2023.144.12.32.01,PTGC,2023.144.12.32.01,unlabelled,,,,,0,0,0.0,0.0,,,4.964000225067139,-72.91600036621094,0.01,1.8,4.199,-72.133833,170.0,121.2,314.3
PTGC.2023.144.12.43.30,PTGC,2023.144.12.43.30,unlabelled,,,,,0,0,0.0,0.0,,,4.961999893188477,-72.93599700927734,0.0,1.8,4.199,-72.133833,170.0,122.65,313.5
PTGC.2023.144.19.36.39,PTGC,2023.144.19.36.39,unlabelled,,,,,0,0,0.0,0.0,,,3.496999979019165,-74.52200317382812,21.13,1.5,4.199,-72.133833,170.0,276.38,253.77
PTGC.2023.145.00.54.13,PTGC,2023.145.00.54.13,unlabelled,,,,,0,0,0.0,0.0,,,3.690999984741211,-74.03600311279297,20.02,1.7,4.199,-72.133833,170.0,218.59,255.18
PTGC.2023.146.01.24.55,PTGC,2023.146.01.24.55,unlabelled,,,,,0,0,0.0,0.0,,,3.447000026702881,-74.30400085449219,15.33,1.9,4.199,-72.133833,170.0,254.99,251.04
PTGC.2023.146.06.23.18,PTGC,2023.146.06.23.18,unlabelled,,,,,0,0,0.0,0.0,,,7.066999912261963,-72.302001953125,15.86,1.7,4.199,-72.133833,170.0,317.7,356.65
PTGC.2023.146.11.33.17,PTGC,2023.146.11.33.17,unlabelled,,,,,0,0,0.0,0.0,,,6.026000022888184,-72.4749984741211,19.02,2.0,4.199,-72.133833,170.0,205.55,349.41
PTGC.2023.146.20.40.16,PTGC,2023.146.20.40.16,unlabelled,,,,,0,0,0.0,0.0,,,6.10099983215332,-74.43900299072266,6.58,1.9,4.199,-72.133833,170.0,330.99,309.55
PTGC.2023.146.21.13.42,PTGC,2023.146.21.13.42,unlabelled,,,,,0,0,0.0,0.0,,,7.202000141143799,-72.25800323486328,15.86,1.8,4.199,-72.133833,170.0,332.37,357.63
PTGC.2023.147.11.14.30,PTGC,2023.147.11.14.30,unlabelled,,,,,0,0,0.0,0.0,,,3.6070001125335693,-74.43699645996094,25.12,1.6,4.199,-72.133833,170.0,264.04,255.73
PTGC.2023.147.22.40.31,PTGC,2023.147.22.40.31,unlabelled,,,,,0,0,0.0,0.0,,,4.672999858856201,-72.99099731445312,-0.01,1.5,4.199,-72.133833,170.0,108.62,298.89
PTGC.2023.148.06.04.12,PTGC,2023.148.06.04.12,unlabelled,,,,,0,0,0.0,0.0,,,4.540999889373779,-73.5260009765625,29.8,1.5,4.199,-72.133833,170.0,159.09,283.8
PTGC.2023.148.20.53.32,PTGC,2023.148.20.53.32,unlabelled,,,,,0,0,0.0,0.0,,,7.008999824523926,-72.2490005493164,25.12,2.7,4.199,-72.133833,170.0,311.01,357.65
PTGC.2023.149.19.21.35,PTGC,2023.149.19.21.35,unlabelled,,,,,0,0,0.0,0.0,,,3.378999948501587,-74.31800079345703,21.84,1.7,4.199,-72.133833,170.0,259.0,249.58
PTGC.2023.149.20.29.14,PTGC,2023.149.20.29.14,unlabelled,,,,,0,0,0.0,0.0,,,4.698999881744385,-73.4729995727539,12.93,1.6,4.199,-72.133833,170.0,158.58,290.46
PTGC.2023.150.09.12.51,PTGC,2023.150.09.12.51,unlabelled,,,,,0,0,0.0,0.0,,,3.4820001125335693,-74.2750015258789,11.52,1.9,4.199,-72.133833,170.0,250.69,251.64
PTGC.2023.151.01.07.53,PTGC,2023.151.01.07.53,unlabelled,,,,,0,0,0.0,0.0,,,5.129000186920166,-73.08000183105469,17.62,2.4,4.199,-72.133833,170.0,146.96,314.45
PTGC.2023.151.13.47.52,PTGC,2023.151.13.47.52,unlabelled,,,,,0,0,0.0,0.0,,,5.379000186920166,-74.68800354003906,39.18,2.0,4.199,-72.133833,170.0,311.94,294.83
PTGC.2023.152.03.50.02,PTGC,2023.152.03.50.02,unlabelled,,,,,0,0,0.0,0.0,,,4.004000186920166,-73.95999908447266,20.84,1.6,4.199,-72.133833,170.0,203.91,264.0
PTGC.2023.152.08.58.52,PTGC,2023.152.08.58.52,unlabelled,,,,,0,0,0.0,0.0,,,3.4509999752044678,-74.24400329589844,12.99,2.6,4.199,-72.133833,170.0,248.55,250.63
PTGC.2023.152.15.50.19,PTGC,2023.152.15.50.19,unlabelled,,,,,0,0,0.0,0.0,,,5.909999847412109,-74.32599639892578,16.41,1.5,4.199,-72.133833,170.0,308.04,307.99
PTGC.2023.153.03.03.36,PTGC,2023.153.03.03.36,unlabelled,,,,,0,0,0.0,0.0,,,6.521999835968018,-74.04100036621094,34.51,1.5,4.199,-72.133833,170.0,332.67,320.63
PTGC.2023.153.07.49.09,PTGC,2023.153.07.49.09,unlabelled,,,,,0,0,0.0,0.0,,,3.3380000591278076,-74.46900177001953,35.43,1.5,4.199,-72.133833,170.0,276.31,249.92
PTGC.2023.153.16.42.12,PTGC,2023.153.16.42.12,unlabelled,,,,,0,0,0.0,0.0,,,3.50600004196167,-74.22899627685547,21.78,1.9,4.199,-72.133833,170.0,245.0,251.85
PTGC.2023.154.13.32.39,PTGC,2023.154.13.32.39,unlabelled,,,,,0,0,0.0,0.0,,,3.3399999141693115,-74.73200225830078,22.13,1.6,4.199,-72.133833,170.0,303.83,251.87
PTGC.2023.154.17.49.05,PTGC,2023.154.17.49.05,unlabelled,,,,,0,0,0.0,0.0,,,5.374000072479248,-74.7509994506836,33.2,1.9,4.199,-72.133833,170.0,318.08,294.22
PTGC.2023.154.18.27.19,PTGC,2023.154.18.27.19,unlabelled,,,,,0,0,0.0,0.0,,,3.3529999256134033,-74.36299896240234,12.29,2.0,4.199,-72.133833,170.0,264.69,249.38
PTGC.2023.156.17.42.31,PTGC,2023.156.17.42.31,unlabelled,,,,,0,0,0.0,0.0,,,3.493000030517578,-74.31800079345703,16.21,1.6,4.199,-72.133833,170.0,254.85,252.24
PTGC.2023.158.10.07.25,PTGC,2023.158.10.07.25,unlabelled,,,,,0,0,0.0,0.0,,,6.822000026702881,-73.18000030517578,155.94,2.0,4.199,-72.133833,170.0,312.37,338.26
PTGC.2023.158.14.10.00,PTGC,2023.158.14.10.00,unlabelled,,,,,0,0,0.0,0.0,,,3.430999994277954,-74.69000244140625,23.01,1.9,4.199,-72.133833,170.0,296.35,253.44
PTGC.2023.158.14.33.25,PTGC,2023.158.14.33.25,unlabelled,,,,,0,0,0.0,0.0,,,3.446000099182129,-74.68000030517578,22.07,1.6,4.199,-72.133833,170.0,294.81,253.68
PTGC.2023.158.14.46.35,PTGC,2023.158.14.46.35,unlabelled,,,,,0,0,0.0,0.0,,,3.446000099182129,-74.68099975585938,23.07,2.0,4.199,-72.133833,170.0,294.92,253.69
PTGC.2023.159.00.22.20,PTGC,2023.159.00.22.20,unlabelled,,,,,0,0,0.0,0.0,,,6.935999870300293,-72.41300201416016,17.73,1.6,4.199,-72.133833,170.0,304.25,354.18
PTGC.2023.159.18.22.45,PTGC,2023.159.18.22.45,unlabelled,,,,,0,0,0.0,0.0,,,3.6689999103546143,-74.18399810791016,20.9,1.8,4.199,-72.133833,170.0,235.11,255.64
PTGC.2023.159.20.14.12,PTGC,2023.159.20.14.12,unlabelled,,,,,0,0,0.0,0.0,,,7.135000228881836,-72.37899780273438,26.64,2.0,4.199,-72.133833,170.0,325.81,355.23
PTGC.2023.159.21.54.32,PTGC,2023.159.21.54.32,unlabelled,,,,,0,0,0.0,0.0,,,4.834000110626221,-74.78299713134766,22.01,2.2,4.199,-72.133833,170.0,302.26,283.54
PTGC.2023.160.13.51.23,PTGC,2023.160.13.51.23,unlabelled,,,,,0,0,0.0,0.0,,,5.5370001792907715,-74.50499725341797,10.0,2.0,4.199,-72.133833,170.0,301.77,299.46
PTGC.2023.161.00.33.35,PTGC,2023.161.00.33.35,unlabelled,,,,,0,0,0.0,0.0,,,3.5969998836517334,-74.45600128173828,25.35,1.7,4.199,-72.133833,170.0,266.36,255.61
PTGC.2023.161.21.28.58,PTGC,2023.161.21.28.58,unlabelled,,,,,0,0,0.0,0.0,,,4.668000221252441,-74.90599822998047,24.18,1.6,4.199,-72.133833,170.0,312.02,279.67
PTGC.2023.161.22.00.44,PTGC,2023.161.22.00.44,unlabelled,,,,,0,0,0.0,0.0,,,3.562000036239624,-74.46900177001953,29.98,2.9,4.199,-72.133833,170.0,268.75,254.89
PTGC.2023.161.22.17.53,PTGC,2023.161.22.17.53,unlabelled,,,,,0,0,0.0,0.0,,,4.190000057220459,-73.78500366210938,8.89,1.8,4.199,-72.133833,170.0,183.32,269.75
PTGC.2023.162.02.38.33,PTGC,2023.162.02.38.33,unlabelled,,,,,0,0,0.0,0.0,,,4.434000015258789,-73.45600128173828,30.39,1.6,4.199,-72.133833,170.0,149.05,280.09
PTGC.2023.162.03.57.25,PTGC,2023.162.03.57.25,unlabelled,,,,,0,0,0.0,0.0,,,4.190999984741211,-73.76599884033203,10.88,1.5,4.199,-72.133833,170.0,181.21,269.78
PTGC.2023.162.14.26.30,PTGC,2023.162.14.26.30,unlabelled,,,,,0,0,0.0,0.0,,,4.709000110626221,-74.86100006103516,24.77,1.6,4.199,-72.133833,170.0,307.88,280.66
PTGC.2023.163.11.41.00,PTGC,2023.163.11.41.00,unlabelled,,,,,0,0,0.0,0.0,,,3.421999931335449,-74.32499694824219,16.33,1.7,4.199,-72.133833,170.0,258.1,250.63
PTGC.2023.165.22.01.25,PTGC,2023.165.22.01.25,unlabelled,,,,,0,0,0.0,0.0,,,4.748000144958496,-74.61900329589844,38.71,1.9,4.199,-72.133833,170.0,282.41,282.51
PTGC.2023.165.22.37.40,PTGC,2023.165.22.37.40,unlabelled,,,,,0,0,0.0,0.0,,,5.002999782562256,-74.30000305175781,1.02,1.6,4.199,-72.133833,170.0,256.28,290.38
PTGC.2023.167.03.37.59,PTGC,2023.167.03.37.59,unlabelled,,,,,0,0,0.0,0.0,,,4.784999847412109,-74.75700378417969,22.01,1.7,4.199,-72.133833,170.0,298.24,282.65
PTGC.2023.169.17.14.20,PTGC,2023.169.17.14.20,unlabelled,,,,,0,0,0.0,0.0,,,3.4649999141693115,-74.23500061035156,13.4,1.7,4.199,-72.133833,170.0,247.09,250.9
PTGC.2023.169.20.14.19,PTGC,2023.169.20.14.19,unlabelled,,,,,0,0,0.0,0.0,,,3.5999999046325684,-74.4229965209961,27.58,1.6,4.199,-72.133833,170.0,262.73,255.48
PTGC.2023.171.18.21.52,PTGC,2023.171.18.21.52,unlabelled,,,,,0,0,0.0,0.0,,,5.959000110626221,-73.02300262451172,12.7,1.5,4.199,-72.133833,170.0,218.17,333.17
PTGC.2023.172.07.54.44,PTGC,2023.172.07.54.44,unlabelled,,,,,0,0,0.0,0.0,,,6.047999858856201,-74.22799682617188,6.12,2.1,4.199,-72.133833,170.0,309.38,311.46
PTGC.2023.172.11.24.55,PTGC,2023.172.11.24.55,unlabelled,,,,,0,0,0.0,0.0,,,5.76200008392334,-72.625,3.4,1.5,4.199,-72.133833,170.0,181.22,342.53
PTGC.2023.172.15.12.05,PTGC,2023.172.15.12.05,unlabelled,,,,,0,0,0.0,0.0,,,5.791999816894531,-73.23400115966797,13.4,2.1,4.199,-72.133833,170.0,214.28,325.34
PTGC.2023.172.16.31.06,PTGC,2023.172.16.31.06,unlabelled,,,,,0,0,0.0,0.0,,,3.2980000972747803,-74.16000366210938,5.66,1.5,4.199,-72.133833,170.0,246.14,246.19
PTGC.2023.172.16.56.06,PTGC,2023.172.16.56.06,unlabelled,,,,,0,0,0.0,0.0,,,4.505000114440918,-73.55799865722656,14.57,1.9,4.199,-72.133833,170.0,161.66,282.14
PTGC.2023.172.23.58.22,PTGC,2023.172.23.58.22,unlabelled,,,,,0,0,0.0,0.0,,,6.540999889373779,-72.3550033569336,28.4,1.7,4.199,-72.133833,170.0,260.15,354.6
PTGC.2023.173.05.06.24,PTGC,2023.173.05.06.24,unlabelled,,,,,0,0,0.0,0.0,,,6.859000205993652,-71.97100067138672,0.0,1.7,4.199,-72.133833,170.0,294.71,3.5
PTGC.2023.173.11.25.14,PTGC,2023.173.11.25.14,unlabelled,,,,,0,0,0.0,0.0,,,7.017000198364258,-72.30899810791016,20.66,2.3,4.199,-72.133833,170.0,312.23,356.44
PTGC.2023.173.12.34.26,PTGC,2023.173.12.34.26,unlabelled,,,,,0,0,0.0,0.0,,,7.179999828338623,-72.35600280761719,13.63,1.6,4.199,-72.133833,170.0,330.57,355.74
PTGC.2023.173.13.00.55,PTGC,2023.173.13.00.55,unlabelled,,,,,0,0,0.0,0.0,,,6.999000072479248,-72.28900146484375,22.89,2.0,4.199,-72.133833,170.0,310.11,356.83
PTGC.2023.173.21.27.35,PTGC,2023.173.21.27.35,unlabelled,,,,,0,0,0.0,0.0,,,6.491000175476074,-73.89399719238281,32.03,1.6,4.199,-72.133833,170.0,319.84,322.49
PTGC.2023.174.11.24.51,PTGC,2023.174.11.24.51,unlabelled,,,,,0,0,0.0,0.0,,,3.8459999561309814,-73.9469985961914,21.6,1.7,4.199,-72.133833,170.0,205.1,259.09
PTGC.2023.175.02.22.41,PTGC,2023.175.02.22.41,unlabelled,,,,,0,0,0.0,0.0,,,3.819000005722046,-73.677001953125,12.46,1.6,4.199,-72.133833,170.0,176.44,256.28
PTGC.2023.177.06.39.12,PTGC,2023.177.06.39.12,unlabelled,,,,,0,0,0.0,0.0,,,4.999000072479248,-74.72599792480469,31.15,2.4,4.199,-72.133833,170.0,300.93,287.2
PTGC.2023.179.19.17.24,PTGC,2023.179.19.17.24,unlabelled,,,,,0,0,0.0,0.0,,,6.283999919891357,-72.33000183105469,0.0,1.5,4.199,-72.133833,170.0,231.59,354.62
PTGC.2023.181.10.52.16,PTGC,2023.181.10.52.16,unlabelled,,,,,0,0,0.0,0.0,,,3.486999988555908,-73.91100311279297,11.99,1.9,4.199,-72.133833,170.0,212.51,248.32
PTGC.2023.182.06.13.15,PTGC,2023.182.06.13.15,unlabelled,,,,,0,0,0.0,0.0,,,4.355999946594238,-73.83100128173828,11.23,1.7,4.199,-72.133833,170.0,189.2,275.33
PTGC.2023.183.08.01.16,PTGC,2023.183.08.01.16,unlabelled,,,,,0,0,0.0,0.0,,,3.4639999866485596,-74.25,7.13,2.0,4.199,-72.133833,170.0,248.7,251.0
PTGC.2023.183.13.39.37,PTGC,2023.183.13.39.37,unlabelled,,,,,0,0,0.0,0.0,,,3.424999952316284,-74.19400024414062,14.51,1.5,4.199,-72.133833,170.0,244.31,249.56
PTGC.2023.183.18.41.39,PTGC,2023.183.18.41.39,unlabelled,,,,,0,0,0.0,0.0,,,7.040999889373779,-72.25900268554688,13.05,1.6,4.199,-72.133833,170.0,314.59,357.48
PTGC.2023.183.21.09.59,PTGC,2023.183.21.09.59,unlabelled,,,,,0,0,0.0,0.0,,,6.4770002365112305,-73.33300018310547,36.37,1.9,4.199,-72.133833,170.0,284.82,332.24
PTGC.2023.185.04.08.00,PTGC,2023.185.04.08.00,unlabelled,,,,,0,0,0.0,0.0,,,6.798999786376953,-71.97100067138672,8.71,2.2,4.199,-72.133833,170.0,288.09,3.58
PTGC.2023.185.22.56.07,PTGC,2023.185.22.56.07,unlabelled,,,,,0,0,0.0,0.0,,,3.506999969482422,-74.59300231933594,19.43,2.2,4.199,-72.133833,170.0,283.65,254.43
PTGC.2023.186.00.44.42,PTGC,2023.186.00.44.42,unlabelled,,,,,0,0,0.0,0.0,,,6.998000144958496,-72.37100219726562,15.98,2.0,4.199,-72.133833,170.0,310.64,355.16
PTGC.2023.186.01.42.55,PTGC,2023.186.01.42.55,unlabelled,,,,,0,0,0.0,0.0,,,7.0,-72.37100219726562,15.98,2.1,4.199,-72.133833,170.0,310.86,355.16
PTGC.2023.186.02.50.36,PTGC,2023.186.02.50.36,unlabelled,,,,,0,0,0.0,0.0,,,4.355999946594238,-73.83599853515625,11.35,2.0,4.199,-72.133833,170.0,189.76,275.31
PTGC.2023.187.05.00.03,PTGC,2023.187.05.00.03,unlabelled,,,,,0,0,0.0,0.0,,,3.441999912261963,-74.7030029296875,39.41,1.5,4.199,-72.133833,170.0,297.39,253.74
PTGC.2023.187.10.22.13,PTGC,2023.187.10.22.13,unlabelled,,,,,0,0,0.0,0.0,,,3.51200008392334,-74.21600341796875,8.18,2.8,4.199,-72.133833,170.0,243.42,251.89
PTGC.2023.187.12.27.15,PTGC,2023.187.12.27.15,unlabelled,,,,,0,0,0.0,0.0,,,3.496000051498413,-74.21800231933594,9.12,1.9,4.199,-72.133833,170.0,244.19,251.51
PTGC.2023.187.15.54.11,PTGC,2023.187.15.54.11,unlabelled,,,,,0,0,0.0,0.0,,,3.493000030517578,-74.21600341796875,8.42,1.6,4.199,-72.133833,170.0,244.09,251.42
PTGC.2023.187.21.03.56,PTGC,2023.187.21.03.56,unlabelled,,,,,0,0,0.0,0.0,,,3.492000102996826,-74.21399688720703,9.71,1.5,4.199,-72.133833,170.0,243.91,251.38
PTGC.2023.188.04.32.25,PTGC,2023.188.04.32.25,unlabelled,,,,,0,0,0.0,0.0,,,6.73199987411499,-72.02899932861328,4.02,1.5,4.199,-72.133833,170.0,280.35,2.37
PTGC.2023.188.05.37.29,PTGC,2023.188.05.37.29,unlabelled,,,,,0,0,0.0,0.0,,,3.5,-74.2040023803711,9.94,1.6,4.199,-72.133833,170.0,242.58,251.49
PTGC.2023.188.05.41.38,PTGC,2023.188.05.41.38,unlabelled,,,,,0,0,0.0,0.0,,,5.934999942779541,-74.56500244140625,1.7,1.7,4.199,-72.133833,170.0,330.94,305.56
PTGC.2023.188.11.37.58,PTGC,2023.188.11.37.58,unlabelled,,,,,0,0,0.0,0.0,,,4.383999824523926,-73.80500030517578,12.7,1.5,4.199,-72.133833,170.0,186.64,276.35
PTGC.2023.188.12.37.06,PTGC,2023.188.12.37.06,unlabelled,,,,,0,0,0.0,0.0,,,5.26200008392334,-73.01599884033203,10.12,1.7,4.199,-72.133833,170.0,152.96,320.25
PTGC.2023.188.16.04.45,PTGC,2023.188.16.04.45,unlabelled,,,,,0,0,0.0,0.0,,,3.4800000190734863,-74.06800079345703,9.94,1.9,4.199,-72.133833,170.0,229.07,249.76
PTGC.2023.190.05.17.42,PTGC,2023.190.05.17.42,unlabelled,,,,,0,0,0.0,0.0,,,5.85099983215332,-74.33499908447266,0.0,2.3,4.199,-72.133833,170.0,304.88,306.9
PTGC.2023.191.07.35.38,PTGC,2023.191.07.35.38,unlabelled,,,,,0,0,0.0,0.0,,,5.848999977111816,-72.37100219726562,23.48,2.1,4.199,-72.133833,170.0,184.35,351.81
PTGC.2023.192.06.13.31,PTGC,2023.192.06.13.31,unlabelled,,,,,0,0,0.0,0.0,,,3.627000093460083,-74.45800018310547,30.21,2.2,4.199,-72.133833,170.0,265.76,256.31
PTGC.2023.192.13.34.12,PTGC,2023.192.13.34.12,unlabelled,,,,,0,0,0.0,0.0,,,6.2729997634887695,-73.87000274658203,3.73,2.4,4.199,-72.133833,170.0,299.4,320.07
PTGC.2023.193.19.20.52,PTGC,2023.193.19.20.52,unlabelled,,,,,0,0,0.0,0.0,,,3.496999979019165,-74.2300033569336,9.88,1.7,4.199,-72.133833,170.0,245.42,251.63
PTGC.2023.194.09.52.38,PTGC,2023.194.09.52.38,unlabelled,,,,,0,0,0.0,0.0,,,3.5380001068115234,-74.52400207519531,18.73,2.2,4.199,-72.133833,170.0,275.35,254.69
PTGC.2023.195.09.38.58,PTGC,2023.195.09.38.58,unlabelled,,,,,0,0,0.0,0.0,,,4.88100004196167,-74.80500030517578,10.48,2.1,4.199,-72.133833,170.0,305.87,284.38
PTGC.2023.195.09.46.08,PTGC,2023.195.09.46.08,unlabelled,,,,,0,0,0.0,0.0,,,4.861999988555908,-74.7959976196289,25.12,1.7,4.199,-72.133833,170.0,304.39,284.04
PTGC.2023.197.15.06.01,PTGC,2023.197.15.06.01,unlabelled,,,,,0,0,0.0,0.0,,,3.361999988555908,-74.75800323486328,24.65,1.6,4.199,-72.133833,170.0,305.83,252.47
PTGC.2023.199.11.06.27,PTGC,2023.199.11.06.27,unlabelled,,,,,0,0,0.0,0.0,,,6.296000003814697,-72.2959976196289,0.0,1.7,4.199,-72.133833,170.0,232.59,355.57
PTGC.2023.199.15.30.35,PTGC,2023.199.15.30.35,unlabelled,,,,,0,0,0.0,0.0,,,6.548999786376953,-72.27300262451172,4.55,1.7,4.199,-72.133833,170.0,260.33,356.61
PTGC.2023.200.10.40.25,PTGC,2023.200.10.40.25,unlabelled,,,,,0,0,0.0,0.0,,,5.077000141143799,-73.23500061035156,15.39,1.8,4.199,-72.133833,170.0,156.06,308.52
PTGC.2023.201.01.08.59,PTGC,2023.201.01.08.59,unlabelled,,,,,0,0,0.0,0.0,,,5.251999855041504,-73.06400299072266,19.9,1.6,4.199,-72.133833,170.0,155.59,318.49
PTGC.2023.201.14.47.48,PTGC,2023.201.14.47.48,unlabelled,,,,,0,0,0.0,0.0,,,4.49399995803833,-74.83599853515625,22.07,1.6,4.199,-72.133833,170.0,301.71,276.31
PTGC.2023.201.22.23.32,PTGC,2023.201.22.23.32,unlabelled,,,,,0,0,0.0,0.0,,,3.6019999980926514,-74.20899963378906,14.75,1.6,4.199,-72.133833,170.0,239.74,254.09
PTGC.2023.201.22.24.58,PTGC,2023.201.22.24.58,unlabelled,,,,,0,0,0.0,0.0,,,3.5840001106262207,-74.2239990234375,11.82,1.6,4.199,-72.133833,170.0,241.9,253.74
PTGC.2023.202.03.01.01,PTGC,2023.202.03.01.01,unlabelled,,,,,0,0,0.0,0.0,,,5.2769999504089355,-74.4209976196289,10.59,1.6,4.199,-72.133833,170.0,280.34,295.26
PTGC.2023.202.22.27.00,PTGC,2023.202.22.27.00,unlabelled,,,,,0,0,0.0,0.0,,,6.5960001945495605,-72.0009994506836,12.93,2.2,4.199,-72.133833,170.0,265.48,3.17
PTGC.2023.204.21.05.29,PTGC,2023.204.21.05.29,unlabelled,,,,,0,0,0.0,0.0,,,3.509000062942505,-74.19000244140625,10.64,1.5,4.199,-72.133833,170.0,240.78,251.6
PTGC.2023.206.08.10.01,PTGC,2023.206.08.10.01,unlabelled,,,,,0,0,0.0,0.0,,,7.0279998779296875,-72.26200103759766,15.98,2.0,4.199,-72.133833,170.0,313.17,357.41
PTGC.2023.207.18.50.15,PTGC,2023.207.18.50.15,unlabelled,,,,,0,0,0.0,0.0,,,5.0980000495910645,-73.10299682617188,7.89,1.5,4.199,-72.133833,170.0,146.45,312.79
PTGC.2023.208.12.34.37,PTGC,2023.208.12.34.37,unlabelled,,,,,0,0,0.0,0.0,,,5.314000129699707,-74.7509994506836,24.77,1.5,4.199,-72.133833,170.0,315.44,293.11
PTGC.2023.210.13.16.08,PTGC,2023.210.13.16.08,unlabelled,,,,,0,0,0.0,0.0,,,5.182000160217285,-73.75900268554688,23.32,1.6,4.199,-72.133833,170.0,210.54,301.15
PTGC.2023.210.16.47.54,PTGC,2023.210.16.47.54,unlabelled,,,,,0,0,0.0,0.0,,,3.3359999656677246,-74.5989990234375,21.84,1.5,4.199,-72.133833,170.0,289.98,250.87
PTGC.2023.210.21.09.22,PTGC,2023.210.21.09.22,unlabelled,,,,,0,0,0.0,0.0,,,5.099999904632568,-74.89900207519531,29.98,2.2,4.199,-72.133833,170.0,322.58,288.1
PTGC.2023.211.05.10.30,PTGC,2023.211.05.10.30,unlabelled,,,,,0,0,0.0,0.0,,,5.835999965667725,-74.22699737548828,14.67,2.2,4.199,-72.133833,170.0,294.36,308.04
PTGC.2023.211.08.35.23,PTGC,2023.211.08.35.23,unlabelled,,,,,0,0,0.0,0.0,,,6.836999893188477,-72.09300231933594,23.71,2.0,4.199,-72.133833,170.0,291.76,0.89
PTGC.2023.211.10.01.26,PTGC,2023.211.10.01.26,unlabelled,,,,,0,0,0.0,0.0,,,5.965000152587891,-74.26499938964844,12.05,1.8,4.199,-72.133833,170.0,306.56,309.66
PTGC.2023.211.17.58.07,PTGC,2023.211.17.58.07,unlabelled,,,,,0,0,0.0,0.0,-2.71,,3.5969998836517334,-74.4520034790039,24.88,1.6,4.199,-72.133833,170.0,265.93,255.58
PTGC.2023.212.22.34.41,PTGC,2023.212.22.34.41,unlabelled,,,,,0,0,0.0,0.0,,,4.176000118255615,-75.00700378417969,22.95,2.0,4.199,-72.133833,170.0,319.0,269.65
PTGC.2023.213.07.37.12,PTGC,2023.213.07.37.12,unlabelled,,,,,0,0,0.0,0.0,-4.56,,4.364999771118164,-73.54100036621094,16.27,1.6,4.199,-72.133833,170.0,157.29,276.75
PTGC.2023.213.14.56.59,PTGC,2023.213.14.56.59,unlabelled,,,,,0,0,0.0,0.0,,,7.0329999923706055,-72.29299926757812,12.11,2.2,4.199,-72.133833,170.0,313.89,356.79
PTGC.2023.214.01.35.07,PTGC,2023.214.01.35.07,unlabelled,,,,,0,0,0.0,0.0,-0.35,-1.73,5.067999839782715,-73.2959976196289,15.74,1.6,4.199,-72.133833,170.0,160.82,306.74
PTGC.2023.214.01.38.20,PTGC,2023.214.01.38.20,unlabelled,,,,,0,0,0.0,0.0,,,5.047999858856201,-73.22599792480469,13.05,1.8,4.199,-72.133833,170.0,153.3,307.81
PTGC.2023.215.05.00.16,PTGC,2023.215.05.00.16,unlabelled,,,,,0,0,0.0,0.0,,,5.0269999504089355,-72.80899810791016,0.0,1.8,4.199,-72.133833,170.0,118.3,320.74
PTGC.2023.216.09.04.34,PTGC,2023.216.09.04.34,unlabelled,,,,,0,0,0.0,0.0,,,5.988999843597412,-72.58699798583984,0.0,1.5,4.199,-72.133833,170.0,204.22,345.78
PTGC.2023.217.03.44.42,PTGC,2023.217.03.44.42,unlabelled,,,,,0,0,0.0,0.0,,,6.617000102996826,-72.10600280761719,14.57,1.7,4.199,-72.133833,170.0,267.41,0.66
PTGC.2023.217.04.15.30,PTGC,2023.217.04.15.30,unlabelled,,,,,0,0,0.0,0.0,,,5.6479997634887695,-73.33899688720703,15.98,2.0,4.199,-72.133833,170.0,208.66,320.22
PTGC.2023.217.05.41.40,PTGC,2023.217.05.41.40,unlabelled,,,,,0,0,0.0,0.0,,,5.449999809265137,-73.70500183105469,7.61,1.5,4.199,-72.133833,170.0,222.51,308.5
PTGC.2023.217.06.10.38,PTGC,2023.217.06.10.38,unlabelled,,,,,0,0,0.0,0.0,,,5.164999961853027,-72.98999786376953,3.73,1.7,4.199,-72.133833,170.0,142.95,318.39
PTGC.2023.217.14.39.34,PTGC,2023.217.14.39.34,unlabelled,,,,,0,0,0.0,0.0,,,7.0960001945495605,-72.3270034790039,10.0,1.7,4.199,-72.133833,170.0,321.08,356.19
PTGC.2023.217.17.00.40,PTGC,2023.217.17.00.40,unlabelled,,,,,0,0,0.0,0.0,,,5.089000225067139,-73.05899810791016,17.85,2.4,4.199,-72.133833,170.0,142.21,313.83
PTGC.2023.218.03.02.32,PTGC,2023.218.03.02.32,unlabelled,,,,,0,0,0.0,0.0,,,3.3259999752044678,-74.36299896240234,23.77,2.1,4.199,-72.133833,170.0,265.77,248.78
PTGC.2023.218.05.08.01,PTGC,2023.218.05.08.01,unlabelled,,,,,0,0,0.0,0.0,,,3.6549999713897705,-74.13400268554688,27.64,1.6,4.199,-72.133833,170.0,230.14,254.92
PTGC.2023.218.15.06.11,PTGC,2023.218.15.06.11,unlabelled,,,,,0,0,0.0,0.0,,,4.605999946594238,-74.99800109863281,22.54,1.7,4.199,-72.133833,170.0,321.07,278.17
PTGC.2023.218.18.54.39,PTGC,2023.218.18.54.39,unlabelled,,,,,0,0,0.0,0.0,,,6.89900016784668,-71.85099792480469,25.82,2.2,4.199,-72.133833,170.0,300.22,5.98
PTGC.2023.219.21.53.23,PTGC,2023.219.21.53.23,unlabelled,,,,,0,0,0.0,0.0,,,7.203000068664551,-72.0770034790039,22.07,2.4,4.199,-72.133833,170.0,332.26,1.08
PTGC.2023.220.07.25.36,PTGC,2023.220.07.25.36,unlabelled,,,,,0,0,0.0,0.0,,,5.86299991607666,-72.55500030517578,2.65,1.6,4.199,-72.133833,170.0,189.84,345.78
PTGC.2023.220.14.06.06,PTGC,2023.220.14.06.06,unlabelled,,,,,0,0,0.0,0.0,,,4.168000221252441,-74.99600219726562,38.54,3.2,4.199,-72.133833,170.0,317.79,269.49
PTGC.2023.220.22.01.25,PTGC,2023.220.22.01.25,unlabelled,,,,,0,0,0.0,0.0,,,3.430000066757202,-73.78500366210938,10.18,1.5,4.199,-72.133833,170.0,202.16,245.18
PTGC.2023.221.09.44.33,PTGC,2023.221.09.44.33,unlabelled,,,,,0,0,0.0,0.0,,,4.8470001220703125,-74.62300109863281,23.48,1.7,4.199,-72.133833,170.0,285.38,284.64
PTGC.2023.221.19.37.26,PTGC,2023.221.19.37.26,unlabelled,,,,,0,0,0.0,0.0,,,5.229000091552734,-73.10600280761719,16.21,1.9,4.199,-72.133833,170.0,156.86,316.6
PTGC.2023.224.00.11.18,PTGC,2023.224.00.11.18,unlabelled,,,,,0,0,0.0,0.0,,,6.979000091552734,-72.18299865722656,12.93,1.7,4.199,-72.133833,170.0,307.47,358.99
PTGC.2023.224.10.55.54,PTGC,2023.224.10.55.54,unlabelled,,,,,0,0,0.0,0.0,,,4.839000225067139,-74.78900146484375,27.93,1.5,4.199,-72.133833,170.0,303.04,283.61
PTGC.2023.224.19.15.00,PTGC,2023.224.19.15.00,unlabelled,,,,,0,0,0.0,0.0,,,7.026000022888184,-72.02200317382812,17.15,2.2,4.199,-72.133833,170.0,312.87,2.26
PTGC.2023.226.01.39.42,PTGC,2023.226.01.39.42,unlabelled,,,,,0,0,0.0,0.0,,,4.688000202178955,-74.6510009765625,25.06,2.0,4.199,-72.133833,170.0,284.56,281.05
PTGC.2023.227.03.20.56,PTGC,2023.227.03.20.56,unlabelled,,,,,0,0,0.0,0.0,,,5.14900016784668,-73.09400177001953,13.05,1.8,4.199,-72.133833,170.0,149.62,314.64
PTGC.2023.227.08.01.43,PTGC,2023.227.08.01.43,unlabelled,,,,,0,0,0.0,0.0,,,6.186999797821045,-72.32599639892578,3.0,1.7,4.199,-72.133833,170.0,220.87,354.47
PTGC.2023.227.11.30.44,PTGC,2023.227.11.30.44,unlabelled,,,,,0,0,0.0,0.0,,,6.250999927520752,-72.33100128173828,3.43,1.7,4.199,-72.133833,170.0,227.97,354.51
PTGC.2023.228.00.48.16,PTGC,2023.228.00.48.16,unlabelled,,,,,0,0,0.0,0.0,,,4.357999801635742,-73.62300109863281,27.11,1.5,4.199,-72.133833,170.0,166.25,276.13
PTGC.2023.228.06.32.59,PTGC,2023.228.06.32.59,unlabelled,,,,,0,0,0.0,0.0,,,5.590000152587891,-73.09100341796875,19.02,1.5,4.199,-72.133833,170.0,186.9,325.43
PTGC.2023.228.08.11.39,PTGC,2023.228.08.11.39,unlabelled,,,,,0,0,0.0,0.0,,,4.189000129699707,-74.9990005493164,36.37,1.6,4.199,-72.133833,170.0,318.1,269.91
PTGC.2023.228.14.56.55,PTGC,2023.228.14.56.55,unlabelled,,,,,0,0,0.0,0.0,,,5.688000202178955,-72.9219970703125,19.73,1.6,4.199,-72.133833,170.0,186.42,332.07
PTGC.2023.229.02.07.11,PTGC,2023.229.02.07.11,unlabelled,,,,,0,0,0.0,0.0,,,6.035999774932861,-72.1729965209961,14.27,1.7,4.199,-72.133833,170.0,203.19,358.78
PTGC.2023.229.02.26.29,PTGC,2023.229.02.26.29,unlabelled,,,,,0,0,0.0,0.0,,,3.4590001106262207,-74.29000091552734,15.98,2.6,4.199,-72.133833,170.0,253.08,251.21
PTGC.2023.229.05.19.34,PTGC,2023.229.05.19.34,unlabelled,,,,,0,0,0.0,0.0,,,6.711999893188477,-72.08000183105469,15.98,1.7,4.199,-72.133833,170.0,277.96,1.23
PTGC.2023.229.07.56.53,PTGC,2023.229.07.56.53,unlabelled,,,,,0,0,0.0,0.0,,,5.89300012588501,-72.61799621582031,0.0,1.5,4.199,-72.133833,170.0,194.87,344.03
PTGC.2023.229.13.25.57,PTGC,2023.229.13.25.57,unlabelled,,,,,0,0,0.0,0.0,,,6.10099983215332,-72.53800201416016,21.45,1.8,4.199,-72.133833,170.0,215.05,347.99
PTGC.2023.229.17.07.39,PTGC,2023.229.17.07.39,unlabelled,,,,,0,0,0.0,0.0,,,4.416999816894531,-73.64399719238281,16.04,4.6,4.199,-72.133833,170.0,169.36,278.24
PTGC.2023.229.17.08.48,PTGC,2023.229.17.08.48,unlabelled,,,,,0,0,0.0,0.0,,,4.468999862670898,-73.66200256347656,12.99,3.7,4.199,-72.133833,170.0,172.24,280.04
PTGC.2023.229.17.12.20,PTGC,2023.229.17.12.20,unlabelled,,,,,0,0,0.0,0.0,,,4.379000186920166,-73.7509994506836,17.73,3.0,4.199,-72.133833,170.0,180.62,276.39
PTGC.2023.229.17.23.10,PTGC,2023.229.17.23.10,unlabelled,,,,,0,0,0.0,0.0,,,4.426000118255615,-73.68399810791016,7.71,2.8,4.199,-72.133833,170.0,173.9,278.36
PTGC.2023.229.17.25.56,PTGC,2023.229.17.25.56,unlabelled,,,,,0,0,0.0,0.0,,,4.258999824523926,-73.7300033569336,14.8,2.9,4.199,-72.133833,170.0,177.33,272.2
PTGC.2023.229.17.27.20,PTGC,2023.229.17.27.20,unlabelled,,,,,0,0,0.0,0.0,,,4.406000137329102,-73.69499969482422,13.22,1.6,4.199,-72.133833,170.0,174.81,277.58
PTGC.2023.229.17.27.51,PTGC,2023.229.17.27.51,unlabelled,,,,,0,0,0.0,0.0,,,4.26800012588501,-73.73400115966797,14.28,2.6,4.199,-72.133833,170.0,177.81,272.52
PTGC.2023.229.17.28.24,PTGC,2023.229.17.28.24,unlabelled,,,,,0,0,0.0,0.0,,,4.330999851226807,-73.72200012207031,9.24,2.2,4.199,-72.133833,170.0,176.91,274.79
PTGC.2023.229.17.29.14,PTGC,2023.229.17.29.14,unlabelled,,,,,0,0,0.0,0.0,,,4.241000175476074,-73.78500366210938,13.11,2.2,4.199,-72.133833,170.0,183.37,271.51
PTGC.2023.229.17.29.17,PTGC,2023.229.17.29.17,unlabelled,,,,,0,0,0.0,0.0,,,4.271999835968018,-73.75199890136719,12.05,2.3,4.199,-72.133833,170.0,179.83,272.63
PTGC.2023.229.17.29.47,PTGC,2023.229.17.29.47,unlabelled,,,,,0,0,0.0,0.0,,,4.39900016784668,-73.69499969482422,12.99,2.1,4.199,-72.133833,170.0,174.71,277.33
PTGC.2023.229.17.30.19,PTGC,2023.229.17.30.19,unlabelled,,,,,0,0,0.0,0.0,,,4.25,-73.79000091552734,13.93,2.3,4.199,-72.133833,170.0,183.95,271.82
PTGC.2023.229.17.31.18,PTGC,2023.229.17.31.18,unlabelled,,,,,0,0,0.0,0.0,,,4.36299991607666,-73.72100067138672,15.57,2.4,4.199,-72.133833,170.0,177.12,275.94
PTGC.2023.229.17.32.57,PTGC,2023.229.17.32.57,unlabelled,,,,,0,0,0.0,0.0,,,4.486000061035156,-73.6240005493164,10.53,2.4,4.199,-72.133833,170.0,168.43,280.92
PTGC.2023.229.17.34.14,PTGC,2023.229.17.34.14,unlabelled,,,,,0,0,0.0,0.0,,,4.396999835968018,-73.64600372314453,15.1,2.5,4.199,-72.133833,170.0,169.29,277.49
PTGC.2023.229.17.36.31,PTGC,2023.229.17.36.31,unlabelled,,,,,0,0,0.0,0.0,,,4.39900016784668,-73.697998046875,12.05,2.1,4.199,-72.133833,170.0,175.04,277.32
PTGC.2023.229.17.36.53,PTGC,2023.229.17.36.53,unlabelled,,,,,0,0,0.0,0.0,,,4.271999835968018,-73.73400115966797,17.21,2.2,4.199,-72.133833,170.0,177.83,272.66
PTGC.2023.229.17.45.09,PTGC,2023.229.17.45.09,unlabelled,,,,,0,0,0.0,0.0,,,4.203999996185303,-73.78500366210938,10.88,2.4,4.199,-72.133833,170.0,183.32,270.23
PTGC.2023.229.17.50.27,PTGC,2023.229.17.50.27,unlabelled,,,,,0,0,0.0,0.0,,,4.188000202178955,-73.78600311279297,12.64,2.0,4.199,-72.133833,170.0,183.43,269.68
PTGC.2023.229.17.53.41,PTGC,2023.229.17.53.41,unlabelled,,,,,0,0,0.0,0.0,,,4.3420000076293945,-73.70999908447266,12.52,2.3,4.199,-72.133833,170.0,175.69,275.22
PTGC.2023.229.17.54.44,PTGC,2023.229.17.54.44,unlabelled,,,,,0,0,0.0,0.0,,,4.379000186920166,-73.69599914550781,6.54,1.8,4.199,-72.133833,170.0,174.55,276.61
PTGC.2023.229.17.55.27,PTGC,2023.229.17.55.27,unlabelled,,,,,0,0,0.0,0.0,,,4.208000183105469,-73.78600311279297,9.65,1.5,4.199,-72.133833,170.0,183.43,270.37
PTGC.2023.229.17.56.35,PTGC,2023.229.17.56.35,unlabelled,,,,,0,0,0.0,0.0,,,4.458000183105469,-73.6709976196289,7.54,1.8,4.199,-72.133833,170.0,173.02,279.59
PTGC.2023.229.17.59.20,PTGC,2023.229.17.59.20,unlabelled,,,,,0,0,0.0,0.0,,,4.210000038146973,-73.76899719238281,12.93,1.5,4.199,-72.133833,170.0,181.54,270.44
PTGC.2023.229.18.00.25,PTGC,2023.229.18.00.25,unlabelled,,,,,0,0,0.0,0.0,,,4.39900016784668,-73.69200134277344,10.82,1.7,4.199,-72.133833,170.0,174.38,277.34
PTGC.2023.229.18.02.16,PTGC,2023.229.18.02.16,unlabelled,,,,,0,0,0.0,0.0,-7.31,,4.375999927520752,-73.677001953125,16.21,2.1,4.199,-72.133833,170.0,172.42,276.58
PTGC.2023.229.18.04.23,PTGC,2023.229.18.04.23,unlabelled,,,,,0,0,0.0,0.0,-2.86,,4.40500020980835,-73.6510009765625,16.04,2.1,4.199,-72.133833,170.0,169.95,277.76
PTGC.2023.229.18.06.06,PTGC,2023.229.18.06.06,unlabelled,,,,,0,0,0.0,0.0,,,4.236000061035156,-73.76799774169922,13.57,1.8,4.199,-72.133833,170.0,181.47,271.35
PTGC.2023.229.18.07.13,PTGC,2023.229.18.07.13,unlabelled,,,,,0,0,0.0,0.0,-3.58,,4.263999938964844,-73.78500366210938,10.53,1.8,4.199,-72.133833,170.0,183.45,272.31
PTGC.2023.229.18.07.49,PTGC,2023.229.18.07.49,unlabelled,,,,,0,0,0.0,0.0,-2.82,,4.264999866485596,-73.78500366210938,14.86,2.0,4.199,-72.133833,170.0,183.45,272.34
PTGC.2023.229.18.08.30,PTGC,2023.229.18.08.30,unlabelled,,,,,0,0,0.0,0.0,,,4.324999809265137,-73.74199676513672,15.92,2.4,4.199,-72.133833,170.0,179.07,274.52
PTGC.2023.229.18.08.48,PTGC,2023.229.18.08.48,unlabelled,,,,,0,0,0.0,0.0,,,4.368000030517578,-73.7040023803711,11.7,2.2,4.199,-72.133833,170.0,175.3,276.18
PTGC.2023.229.18.10.33,PTGC,2023.229.18.10.33,unlabelled,,,,,0,0,0.0,0.0,,,4.324999809265137,-73.73100280761719,14.51,1.8,4.199,-72.133833,170.0,177.85,274.55
PTGC.2023.229.18.14.48,PTGC,2023.229.18.14.48,unlabelled,,,,,0,0,0.0,0.0,,,4.436999797821045,-73.61900329589844,18.03,3.0,4.199,-72.133833,170.0,166.95,279.13
PTGC.2023.229.18.26.16,PTGC,2023.229.18.26.16,unlabelled,,,,,0,0,0.0,0.0,,,4.236000061035156,-73.73699951171875,1.44,1.7,4.199,-72.133833,170.0,178.03,271.38
PTGC.2023.229.18.26.19,PTGC,2023.229.18.26.19,unlabelled,,,,,0,0,0.0,0.0,,,4.389999866485596,-73.70500183105469,12.46,1.7,4.199,-72.133833,170.0,175.69,276.96
PTGC.2023.229.18.35.25,PTGC,2023.229.18.35.25,unlabelled,,,,,0,0,0.0,0.0,,,4.3420000076293945,-73.70500183105469,19.08,1.6,4.199,-72.133833,170.0,175.13,275.24
PTGC.2023.229.18.46.57,PTGC,2023.229.18.46.57,unlabelled,,,,,0,0,0.0,0.0,-7.61,,4.249000072479248,-73.76899719238281,14.98,1.5,4.199,-72.133833,170.0,181.62,271.8
PTGC.2023.229.18.53.48,PTGC,2023.229.18.53.48,unlabelled,,,,,0,0,0.0,0.0,,,4.372000217437744,-73.76799774169922,10.83,1.5,4.199,-72.133833,170.0,182.41,276.08
PTGC.2023.229.18.56.29,PTGC,2023.229.18.56.29,unlabelled,,,,,0,0,0.0,0.0,,,4.201000213623047,-73.78500366210938,13.05,1.5,4.199,-72.133833,170.0,183.32,270.13
PTGC.2023.229.19.04.33,PTGC,2023.229.19.04.33,unlabelled,,,,,0,0,0.0,0.0,,,4.386000156402588,-73.68399810791016,12.87,2.0,4.199,-72.133833,170.0,173.32,276.91
PTGC.2023.229.19.32.15,PTGC,2023.229.19.32.15,unlabelled,,,,,0,0,0.0,0.0,,,4.265999794006348,-73.76699829101562,15.92,1.7,4.199,-72.133833,170.0,181.46,272.4
PTGC.2023.229.19.36.01,PTGC,2023.229.19.36.01,unlabelled,,,,,0,0,0.0,0.0,,,4.269999980926514,-73.7300033569336,15.98,1.5,4.199,-72.133833,170.0,177.38,272.6
PTGC.2023.229.19.46.18,PTGC,2023.229.19.46.18,unlabelled,,,,,0,0,0.0,0.0,,,4.269999980926514,-73.75299835205078,14.51,1.7,4.199,-72.133833,170.0,179.93,272.56
PTGC.2023.229.19.48.31,PTGC,2023.229.19.48.31,unlabelled,,,,,0,0,0.0,0.0,,,4.244999885559082,-73.79900360107422,9.12,1.6,4.199,-72.133833,170.0,184.94,271.64
PTGC.2023.229.19.51.14,PTGC,2023.229.19.51.14,unlabelled,,,,,0,0,0.0,0.0,,,4.267000198364258,-73.79399871826172,11.0,1.5,4.199,-72.133833,170.0,184.46,272.4
PTGC.2023.229.19.51.53,PTGC,2023.229.19.51.53,unlabelled,,,,,0,0,0.0,0.0,,,4.269999980926514,-73.76000213623047,18.03,1.8,4.199,-72.133833,170.0,180.7,272.55
PTGC.2023.229.20.11.54,PTGC,2023.229.20.11.54,unlabelled,,,,,0,0,0.0,0.0,,,4.258999824523926,-73.78500366210938,10.29,1.9,4.199,-72.133833,170.0,183.43,272.13
PTGC.2023.229.20.16.33,PTGC,2023.229.20.16.33,unlabelled,,,,,0,0,0.0,0.0,,,4.361999988555908,-73.72000122070312,15.8,1.5,4.199,-72.133833,170.0,177.0,275.9
PTGC.2023.229.20.20.06,PTGC,2023.229.20.20.06,unlabelled,,,,,0,0,0.0,0.0,,,4.460999965667725,-73.65399932861328,9.36,2.4,4.199,-72.133833,170.0,171.21,279.8
PTGC.2023.229.20.39.40,PTGC,2023.229.20.39.40,unlabelled,,,,,0,0,0.0,0.0,,,4.4019999504089355,-73.66100311279297,-0.05,1.6,4.199,-72.133833,170.0,171.01,277.6
PTGC.2023.229.20.40.06,PTGC,2023.229.20.40.06,unlabelled,,,,,0,0,0.0,0.0,,,4.2729997634887695,-73.76200103759766,19.2,2.6,4.199,-72.133833,170.0,180.94,272.65
PTGC.2023.229.20.44.05,PTGC,2023.229.20.44.05,unlabelled,,,,,0,0,0.0,0.0,,,4.492000102996826,-73.62799835205078,10.12,1.7,4.199,-72.133833,170.0,168.99,281.11
PTGC.2023.229.20.49.46,PTGC,2023.229.20.49.46,unlabelled,,,,,0,0,0.0,0.0,,,4.302000045776367,-73.72599792480469,14.28,2.1,4.199,-72.133833,170.0,177.12,273.75
PTGC.2023.229.21.34.38,PTGC,2023.229.21.34.38,unlabelled,,,,,0,0,0.0,0.0,,,4.390999794006348,-73.7040023803711,13.22,1.6,4.199,-72.133833,170.0,175.59,277.0
PTGC.2023.229.21.39.33,PTGC,2023.229.21.39.33,unlabelled,,,,,0,0,0.0,0.0,,,4.322999954223633,-73.70600128173828,14.86,1.5,4.199,-72.133833,170.0,175.07,274.55
PTGC.2023.229.23.13.05,PTGC,2023.229.23.13.05,unlabelled,,,,,0,0,0.0,0.0,,,4.3979997634887695,-73.69400024414062,13.81,1.7,4.199,-72.133833,170.0,174.58,277.3
PTGC.2023.229.23.27.31,PTGC,2023.229.23.27.31,unlabelled,,,,,0,0,0.0,0.0,,,4.48199987411499,-73.66000366210938,14.63,1.5,4.199,-72.133833,170.0,172.27,280.52
PTGC.2023.229.23.29.49,PTGC,2023.229.23.29.49,unlabelled,,,,,0,0,0.0,0.0,,,4.4770002365112305,-73.63700103759766,9.88,1.5,4.199,-72.133833,170.0,169.66,280.5
PTGC.2023.230.00.18.05,PTGC,2023.230.00.18.05,unlabelled,,,,,0,0,0.0,0.0,,,4.258999824523926,-73.7239990234375,3.33,1.5,4.199,-72.133833,170.0,176.66,272.21
PTGC.2023.230.00.41.34,PTGC,2023.230.00.41.34,unlabelled,,,,,0,0,0.0,0.0,,,4.26800012588501,-73.73699951171875,12.75,1.9,4.199,-72.133833,170.0,178.14,272.51
PTGC.2023.230.00.45.31,PTGC,2023.230.00.45.31,unlabelled,,,,,0,0,0.0,0.0,,,4.23799991607666,-73.7959976196289,14.28,1.6,4.199,-72.133833,170.0,184.58,271.4
PTGC.2023.230.01.07.37,PTGC,2023.230.01.07.37,unlabelled,,,,,0,0,0.0,0.0,,,4.508999824523926,-73.64700317382812,8.24,1.5,4.199,-72.133833,170.0,171.42,281.59
PTGC.2023.230.01.43.16,PTGC,2023.230.01.43.16,unlabelled,,,,,0,0,0.0,0.0,,,4.363999843597412,-73.69599914550781,12.64,1.6,4.199,-72.133833,170.0,174.37,276.06
PTGC.2023.230.01.56.21,PTGC,2023.230.01.56.21,unlabelled,,,,,0,0,0.0,0.0,,,4.4079999923706055,-73.677001953125,12.99,1.5,4.199,-72.133833,170.0,172.86,277.74
PTGC.2023.230.02.04.13,PTGC,2023.230.02.04.13,unlabelled,,,,,0,0,0.0,0.0,,,4.35699987411499,-73.72200012207031,13.93,1.5,4.199,-72.133833,170.0,177.17,275.72
PTGC.2023.230.02.57.05,PTGC,2023.230.02.57.05,unlabelled,,,,,0,0,0.0,0.0,,,4.39900016784668,-73.68000030517578,10.41,1.6,4.199,-72.133833,170.0,173.06,277.4
PTGC.2023.230.03.01.31,PTGC,2023.230.03.01.31,unlabelled,,,,,0,0,0.0,0.0,,,4.26200008392334,-73.76499938964844,12.99,2.5,4.199,-72.133833,170.0,181.22,272.26
PTGC.2023.230.03.32.39,PTGC,2023.230.03.32.39,unlabelled,,,,,0,0,0.0,0.0,,,4.571000099182129,-73.5459976196289,12.99,2.1,4.199,-72.133833,170.0,162.05,284.76
PTGC.2023.230.04.01.40,PTGC,2023.230.04.01.40,unlabelled,,,,,0,0,0.0,0.0,,,4.21999979019165,-73.78299713134766,12.05,1.6,4.199,-72.133833,170.0,183.11,270.79
PTGC.2023.230.04.42.48,PTGC,2023.230.04.42.48,unlabelled,,,,,0,0,0.0,0.0,,,4.377999782562256,-73.68199920654297,11.46,1.7,4.199,-72.133833,170.0,173.0,276.63
PTGC.2023.230.05.15.29,PTGC,2023.230.05.15.29,unlabelled,,,,,0,0,0.0,0.0,-0.9,,4.211999893188477,-73.77100372314453,11.82,1.6,4.199,-72.133833,170.0,181.77,270.51
PTGC.2023.230.05.56.00,PTGC,2023.230.05.56.00,unlabelled,,,,,0,0,0.0,0.0,,,4.249000072479248,-73.7770004272461,13.34,1.8,4.199,-72.133833,170.0,182.51,271.8
PTGC.2023.230.05.57.18,PTGC,2023.230.05.57.18,unlabelled,,,,,0,0,0.0,0.0,,,4.361000061035156,-73.7040023803711,14.04,1.6,4.199,-72.133833,170.0,175.22,275.93
PTGC.2023.230.05.57.41,PTGC,2023.230.05.57.41,unlabelled,,,,,0,0,0.0,0.0,,,4.249000072479248,-73.7770004272461,13.34,1.8,4.199,-72.133833,170.0,182.51,271.8
PTGC.2023.230.06.11.58,PTGC,2023.230.06.11.58,unlabelled,,,,,0,0,0.0,0.0,,,4.434000015258789,-73.68800354003906,17.32,2.7,4.199,-72.133833,170.0,174.47,278.62
PTGC.2023.230.06.53.02,PTGC,2023.230.06.53.02,unlabelled,,,,,0,0,0.0,0.0,,,4.25600004196167,-73.7770004272461,14.98,1.5,4.199,-72.133833,170.0,182.53,272.04
PTGC.2023.230.07.16.54,PTGC,2023.230.07.16.54,unlabelled,,,,,0,0,0.0,0.0,,,4.409999847412109,-73.63999938964844,12.75,1.8,4.199,-72.133833,170.0,168.82,278.0
PTGC.2023.230.07.29.41,PTGC,2023.230.07.29.41,unlabelled,,,,,0,0,0.0,0.0,,,4.283999919891357,-73.71099853515625,11.05,1.7,4.199,-72.133833,170.0,175.34,273.13
PTGC.2023.230.08.22.02,PTGC,2023.230.08.22.02,unlabelled,,,,,0,0,0.0,0.0,,,4.248000144958496,-73.68299865722656,15.8,1.8,4.199,-72.133833,170.0,172.07,271.86
PTGC.2023.230.08.22.24,PTGC,2023.230.08.22.24,unlabelled,,,,,0,0,0.0,0.0,,,4.321000099182129,-73.73600006103516,14.63,1.3,4.199,-72.133833,170.0,178.37,274.4
PTGC.2023.230.08.33.06,PTGC,2023.230.08.33.06,unlabelled,,,,,0,0,0.0,0.0,,,4.375999927520752,-73.7020034790039,11.58,1.6,4.199,-72.133833,170.0,175.18,276.47
PTGC.2023.230.09.19.37,PTGC,2023.230.09.19.37,unlabelled,,,,,0,0,0.0,0.0,,,4.229000091552734,-73.76899719238281,17.91,1.8,4.199,-72.133833,170.0,181.57,271.11
PTGC.2023.230.09.38.15,PTGC,2023.230.09.38.15,unlabelled,,,,,0,0,0.0,0.0,,,4.289000034332275,-73.75800323486328,13.87,3.2,4.199,-72.133833,170.0,180.58,273.22
PTGC.2023.230.09.44.25,PTGC,2023.230.09.44.25,unlabelled,,,,,0,0,0.0,0.0,,,4.340000152587891,-73.68800354003906,13.57,1.7,4.199,-72.133833,170.0,173.24,275.22
PTGC.2023.230.10.56.45,PTGC,2023.230.10.56.45,unlabelled,,,,,0,0,0.0,0.0,,,4.480999946594238,-73.58599853515625,12.64,2.0,4.199,-72.133833,170.0,164.18,281.0
PTGC.2023.230.11.30.16,PTGC,2023.230.11.30.16,unlabelled,,,,,0,0,0.0,0.0,,,4.359000205993652,-73.66999816894531,15.57,1.9,4.199,-72.133833,170.0,171.45,275.98
PTGC.2023.230.12.06.23,PTGC,2023.230.12.06.23,unlabelled,,,,,0,0,0.0,0.0,,,4.46999979019165,-73.58499908447266,16.15,2.8,4.199,-72.133833,170.0,163.85,280.59
PTGC.2023.230.12.49.40,PTGC,2023.230.12.49.40,unlabelled,,,,,0,0,0.0,0.0,,,4.245999813079834,-73.76399993896484,13.4,2.0,4.199,-72.133833,170.0,181.05,271.7
PTGC.2023.230.13.45.45,PTGC,2023.230.13.45.45,unlabelled,,,,,0,0,0.0,0.0,,,7.066999912261963,-72.2760009765625,1.0,1.5,4.199,-72.133833,170.0,317.55,357.16
PTGC.2023.230.14.42.00,PTGC,2023.230.14.42.00,unlabelled,,,,,0,0,0.0,0.0,,,4.482999801635742,-73.56800079345703,11.76,1.6,4.199,-72.133833,170.0,162.26,281.21
PTGC.2023.230.19.47.33,PTGC,2023.230.19.47.33,unlabelled,,,,,0,0,0.0,0.0,,,4.314000129699707,-73.74700164794922,19.02,1.9,4.199,-72.133833,170.0,179.54,274.12
PTGC.2023.230.23.47.15,PTGC,2023.230.23.47.15,unlabelled,,,,,0,0,0.0,0.0,,,4.185999870300293,-73.7750015258789,14.63,1.6,4.199,-72.133833,170.0,182.21,269.61
PTGC.2023.231.00.29.03,PTGC,2023.231.00.29.03,unlabelled,,,,,0,0,0.0,0.0,-2.78,,4.374000072479248,-73.64399719238281,16.97,1.7,4.199,-72.133833,170.0,168.76,276.64
PTGC.2023.231.02.44.12,PTGC,2023.231.02.44.12,unlabelled,,,,,0,0,0.0,0.0,,,4.265999794006348,-73.74099731445312,15.45,1.5,4.199,-72.133833,170.0,178.58,272.44
PTGC.2023.231.02.54.57,PTGC,2023.231.02.54.57,unlabelled,,,,,0,0,0.0,0.0,,,4.331999778747559,-73.71600341796875,17.68,1.8,4.199,-72.133833,170.0,176.26,274.84
PTGC.2023.231.03.00.28,PTGC,2023.231.03.00.28,unlabelled,,,,,0,0,0.0,0.0,,,4.480000019073486,-73.56900024414062,12.99,1.5,4.199,-72.133833,170.0,162.31,281.09
PTGC.2023.231.04.42.33,PTGC,2023.231.04.42.33,unlabelled,,,,,0,0,0.0,0.0,,,5.145999908447266,-73.06099700927734,15.04,1.6,4.199,-72.133833,170.0,146.79,315.55
PTGC.2023.231.11.19.07,PTGC,2023.231.11.19.07,unlabelled,,,,,0,0,0.0,0.0,,,4.4079999923706055,-73.6760025024414,13.69,1.5,4.199,-72.133833,170.0,172.75,277.75
PTGC.2023.231.11.41.47,PTGC,2023.231.11.41.47,unlabelled,,,,,0,0,0.0,0.0,,,5.2129998207092285,-73.1449966430664,13.05,1.7,4.199,-72.133833,170.0,158.61,315.03
PTGC.2023.231.12.04.30,PTGC,2023.231.12.04.30,unlabelled,,,,,0,0,0.0,0.0,,,4.401000022888184,-73.68399810791016,13.11,1.5,4.199,-72.133833,170.0,173.52,277.45
PTGC.2023.231.12.12.38,PTGC,2023.231.12.12.38,unlabelled,,,,,0,0,0.0,0.0,,,5.129000186920166,-73.05000305175781,18.09,2.2,4.199,-72.133833,170.0,144.6,315.37
PTGC.2023.231.14.39.58,PTGC,2023.231.14.39.58,unlabelled,,,,,0,0,0.0,0.0,,,4.328000068664551,-73.73100280761719,12.08,1.8,4.199,-72.133833,170.0,177.88,274.66
PTGC.2023.231.15.07.21,PTGC,2023.231.15.07.21,unlabelled,,,,,0,0,0.0,0.0,,,4.224999904632568,-73.72000122070312,16.15,1.6,4.199,-72.133833,170.0,176.12,270.99
PTGC.2023.231.15.56.47,PTGC,2023.231.15.56.47,unlabelled,,,,,0,0,0.0,0.0,,,4.508999824523926,-73.56900024414062,15.04,1.8,4.199,-72.133833,170.0,162.95,282.2
PTGC.2023.231.16.10.21,PTGC,2023.231.16.10.21,unlabelled,,,,,0,0,0.0,0.0,,,4.65500020980835,-73.4020004272461,19.02,1.5,4.199,-72.133833,170.0,149.51,289.76
PTGC.2023.231.16.18.15,PTGC,2023.231.16.18.15,unlabelled,,,,,0,0,0.0,0.0,,,4.433000087738037,-73.64700317382812,13.57,1.7,4.199,-72.133833,170.0,169.95,278.81
PTGC.2023.231.16.58.26,PTGC,2023.231.16.58.26,unlabelled,,,,,0,0,0.0,0.0,,,4.64900016784668,-73.38300323486328,19.26,1.8,4.199,-72.133833,170.0,147.3,289.79
PTGC.2023.231.17.03.03,PTGC,2023.231.17.03.03,unlabelled,,,,,0,0,0.0,0.0,,,4.642000198364258,-73.4020004272461,19.02,1.6,4.199,-72.133833,170.0,149.04,289.24
PTGC.2023.231.17.56.13,PTGC,2023.231.17.56.13,unlabelled,,,,,0,0,0.0,0.0,,,4.396999835968018,-73.7030029296875,12.23,1.6,4.199,-72.133833,170.0,175.56,277.22
PTGC.2023.231.22.57.58,PTGC,2023.231.22.57.58,unlabelled,,,,,0,0,0.0,0.0,,,3.7049999237060547,-73.96600341796875,9.65,1.5,4.199,-72.133833,170.0,210.68,255.04
PTGC.2023.232.01.43.47,PTGC,2023.232.01.43.47,unlabelled,,,,,0,0,0.0,0.0,-3.89,,4.4730000495910645,-73.62899780273438,13.46,1.7,4.199,-72.133833,170.0,168.71,280.4
PTGC.2023.232.06.45.49,PTGC,2023.232.06.45.49,unlabelled,,,,,0,0,0.0,0.0,,,4.364999771118164,-73.697998046875,11.99,1.6,4.199,-72.133833,170.0,174.61,276.09
PTGC.2023.232.07.37.42,PTGC,2023.232.07.37.42,unlabelled,,,,,0,0,0.0,0.0,,,4.291999816894531,-73.75199890136719,16.62,2.2,4.199,-72.133833,170.0,179.94,273.34
PTGC.2023.232.08.41.48,PTGC,2023.232.08.41.48,unlabelled,,,,,0,0,0.0,0.0,,,5.448999881744385,-73.86699676513672,4.18,1.5,4.199,-72.133833,170.0,236.79,305.79
PTGC.2023.232.13.09.16,PTGC,2023.232.13.09.16,unlabelled,,,,,0,0,0.0,0.0,,,4.39300012588501,-73.66799926757812,18.26,2.1,4.199,-72.133833,170.0,171.65,277.24
PTGC.2023.232.13.09.20,PTGC,2023.232.13.09.20,unlabelled,,,,,0,0,0.0,0.0,,,4.39300012588501,-73.71600341796875,15.8,2.0,4.199,-72.133833,170.0,176.94,277.02
PTGC.2023.232.15.03.39,PTGC,2023.232.15.03.39,unlabelled,,,,,0,0,0.0,0.0,,,4.370999813079834,-73.697998046875,12.4,1.7,4.199,-72.133833,170.0,174.68,276.31
PTGC.2023.232.16.19.56,PTGC,2023.232.16.19.56,unlabelled,,,,,0,0,0.0,0.0,,,4.460000038146973,-73.62799835205078,14.86,1.9,4.199,-72.133833,170.0,168.35,279.93
PTGC.2023.232.17.10.33,PTGC,2023.232.17.10.33,unlabelled,,,,,0,0,0.0,0.0,,,5.125,-73.10800170898438,19.02,1.6,4.199,-72.133833,170.0,148.89,313.49
PTGC.2023.232.19.17.44,PTGC,2023.232.19.17.44,unlabelled,,,,,0,0,0.0,0.0,,,4.283999919891357,-73.73500061035156,15.51,1.9,4.199,-72.133833,170.0,178.0,273.09
PTGC.2023.232.21.19.44,PTGC,2023.232.21.19.44,unlabelled,,,,,0,0,0.0,0.0,,,4.252999782562256,-73.77899932861328,12.64,1.6,4.199,-72.133833,170.0,182.74,271.93
PTGC.2023.232.23.08.32,PTGC,2023.232.23.08.32,unlabelled,,,,,0,0,0.0,0.0,,,4.39900016784668,-73.677001953125,10.82,1.2,4.199,-72.133833,170.0,172.73,277.41
PTGC.2023.233.00.28.34,PTGC,2023.233.00.28.34,unlabelled,,,,,0,0,0.0,0.0,,,4.464000225067139,-73.61799621582031,13.34,1.6,4.199,-72.133833,170.0,167.33,280.14
PTGC.2023.233.02.19.26,PTGC,2023.233.02.19.26,unlabelled,,,,,0,0,0.0,0.0,,,5.997000217437744,-72.4020004272461,19.73,2.3,4.199,-72.133833,170.0,201.04,351.51
PTGC.2023.233.05.35.30,PTGC,2023.233.05.35.30,unlabelled,,,,,0,0,0.0,0.0,,,4.283999919891357,-73.76100158691406,12.05,1.7,4.199,-72.133833,170.0,180.89,273.04
PTGC.2023.233.05.59.11,PTGC,2023.233.05.59.11,unlabelled,,,,,0,0,0.0,0.0,,,4.434000015258789,-73.66300201416016,12.05,1.7,4.199,-72.133833,170.0,171.72,278.76
PTGC.2023.233.10.45.55,PTGC,2023.233.10.45.55,unlabelled,,,,,0,0,0.0,0.0,,,4.260000228881836,-73.76599884033203,18.96,2.0,4.199,-72.133833,170.0,181.33,272.19
PTGC.2023.233.14.05.29,PTGC,2023.233.14.05.29,unlabelled,,,,,0,0,0.0,0.0,,,4.478000164031982,-73.65399932861328,14.16,1.5,4.199,-72.133833,170.0,171.54,280.42
PTGC.2023.233.14.53.17,PTGC,2023.233.14.53.17,unlabelled,,,,,0,0,0.0,0.0,,,4.410999774932861,-73.66600036621094,11.23,1.7,4.199,-72.133833,170.0,171.69,277.9
PTGC.2023.233.16.27.02,PTGC,2023.233.16.27.02,unlabelled,,,,,0,0,0.0,0.0,-0.27,,4.433000087738037,-73.62999725341797,14.98,2.0,4.199,-72.133833,170.0,168.09,278.91
PTGC.2023.233.21.44.40,PTGC,2023.233.21.44.40,unlabelled,,,,,0,0,0.0,0.0,,,4.210000038146973,-73.78500366210938,12.99,1.5,4.199,-72.133833,170.0,183.32,270.44
PTGC.2023.233.22.07.20,PTGC,2023.233.22.07.20,unlabelled,,,,,0,0,0.0,0.0,,,3.6500000953674316,-74.21600341796875,10.41,2.0,4.199,-72.133833,170.0,239.08,255.36
PTGC.2023.233.22.36.13,PTGC,2023.233.22.36.13,unlabelled,,,,,0,0,0.0,0.0,,,4.324999809265137,-73.72699737548828,16.27,2.4,4.199,-72.133833,170.0,177.41,274.56
PTGC.2023.234.02.31.22,PTGC,2023.234.02.31.22,unlabelled,,,,,0,0,0.0,0.0,,,5.620999813079834,-72.8479995727539,18.91,1.8,4.199,-72.133833,170.0,176.07,333.29
PTGC.2023.234.02.38.05,PTGC,2023.234.02.38.05,unlabelled,,,,,0,0,0.0,0.0,,,5.609000205993652,-72.91100311279297,10.0,1.9,4.199,-72.133833,170.0,178.16,331.1
PTGC.2023.234.02.51.26,PTGC,2023.234.02.51.26,unlabelled,,,,,0,0,0.0,0.0,,,5.577000141143799,-72.96199798583984,19.61,1.8,4.199,-72.133833,170.0,177.93,328.95
PTGC.2023.234.02.52.40,PTGC,2023.234.02.52.40,unlabelled,,,,,0,0,0.0,0.0,,,5.578999996185303,-72.97699737548828,13.28,1.7,4.199,-72.133833,170.0,178.98,328.53
PTGC.2023.234.04.21.51,PTGC,2023.234.04.21.51,unlabelled,,,,,0,0,0.0,0.0,,,5.645999908447266,-72.81900024414062,20.66,1.7,4.199,-72.133833,170.0,177.14,334.62
PTGC.2023.234.20.08.08,PTGC,2023.234.20.08.08,unlabelled,,,,,0,0,0.0,0.0,,,3.5490000247955322,-74.49600219726562,18.96,2.6,4.199,-72.133833,170.0,272.02,254.76
PTGC.2023.235.10.54.41,PTGC,2023.235.10.54.41,unlabelled,,,,,0,0,0.0,0.0,,,5.639999866485596,-73.00900268554688,13.05,1.7,4.199,-72.133833,170.0,186.58,328.69
PTGC.2023.235.15.45.13,PTGC,2023.235.15.45.13,unlabelled,,,,,0,0,0.0,0.0,,,4.395999908447266,-73.5989990234375,7.6,1.6,4.199,-72.133833,170.0,164.1,277.68
PTGC.2023.235.20.46.11,PTGC,2023.235.20.46.11,unlabelled,,,,,0,0,0.0,0.0,,,4.308000087738037,-73.74500274658203,10.62,1.5,4.199,-72.133833,170.0,179.27,273.91
PTGC.2023.235.20.46.24,PTGC,2023.235.20.46.24,unlabelled,,,,,0,0,0.0,0.0,,,4.446000099182129,-73.64800262451172,9.62,1.7,4.199,-72.133833,170.0,170.28,279.29
PTGC.2023.235.23.57.46,PTGC,2023.235.23.57.46,unlabelled,,,,,0,0,0.0,0.0,,,4.170000076293945,-73.86900329589844,13.22,1.7,4.199,-72.133833,170.0,192.67,269.11
PTGC.2023.236.00.25.13,PTGC,2023.236.00.25.13,unlabelled,,,,,0,0,0.0,0.0,,,4.47599983215332,-73.63300323486328,10.67,1.8,4.199,-72.133833,170.0,169.21,280.49
PTGC.2023.236.00.54.50,PTGC,2023.236.00.54.50,unlabelled,,,,,0,0,0.0,0.0,,,4.413000106811523,-73.6760025024414,9.91,1.6,4.199,-72.133833,170.0,172.82,277.93
PTGC.2023.237.11.49.29,PTGC,2023.237.11.49.29,unlabelled,,,,,0,0,0.0,0.0,,,4.495999813079834,-73.58899688720703,11.11,1.5,4.199,-72.133833,170.0,164.83,281.55
PTGC.2023.237.12.23.06,PTGC,2023.237.12.23.06,unlabelled,,,,,0,0,0.0,0.0,,,4.502999782562256,-73.5979995727539,11.0,2.0,4.199,-72.133833,170.0,165.96,281.74
PTGC.2023.238.01.06.55,PTGC,2023.238.01.06.55,unlabelled,,,,,0,0,0.0,0.0,,,4.311999797821045,-73.74299621582031,14.54,2.2,4.199,-72.133833,170.0,179.08,274.06
PTGC.2023.238.01.36.44,PTGC,2023.238.01.36.44,unlabelled,,,,,0,0,0.0,0.0,,,4.341000080108643,-73.71299743652344,13.02,2.4,4.199,-72.133833,170.0,176.01,275.18
PTGC.2023.238.05.50.08,PTGC,2023.238.05.50.08,unlabelled,,,,,0,0,0.0,0.0,,,4.39300012588501,-73.677001953125,13.72,2.5,4.199,-72.133833,170.0,172.64,277.2
PTGC.2023.238.05.52.29,PTGC,2023.238.05.52.29,unlabelled,,,,,0,0,0.0,0.0,,,4.390999794006348,-73.69400024414062,8.89,1.6,4.199,-72.133833,170.0,174.49,277.05
PTGC.2023.238.15.53.58,PTGC,2023.238.15.53.58,unlabelled,,,,,0,0,0.0,0.0,,,5.622000217437744,-72.84100341796875,15.98,1.8,4.199,-72.133833,170.0,175.82,333.54
PTGC.2023.239.00.51.34,PTGC,2023.239.00.51.34,unlabelled,,,,,0,0,0.0,0.0,,,6.936999797821045,-72.25399780273438,1.25,1.5,4.199,-72.133833,170.0,303.07,357.49
PTGC.2023.239.04.10.15,PTGC,2023.239.04.10.15,unlabelled,,,,,0,0,0.0,0.0,,,5.114999771118164,-74.82099914550781,30.45,2.0,4.199,-72.133833,170.0,314.89,288.87
PTGC.2023.239.05.49.58,PTGC,2023.239.05.49.58,unlabelled,,,,,0,0,0.0,0.0,,,4.4029998779296875,-73.66300201416016,10.09,1.5,4.199,-72.133833,170.0,171.24,277.63
PTGC.2023.239.14.38.49,PTGC,2023.239.14.38.49,unlabelled,,,,,0,0,0.0,0.0,,,4.363999843597412,-73.69999694824219,13.19,2.0,4.199,-72.133833,170.0,174.82,276.05
PTGC.2023.239.20.50.29,PTGC,2023.239.20.50.29,unlabelled,,,,,0,0,0.0,0.0,,,4.355999946594238,-73.70500183105469,10.03,1.9,4.199,-72.133833,170.0,175.28,275.74
PTGC.2023.239.21.07.25,PTGC,2023.239.21.07.25,unlabelled,,,,,0,0,0.0,0.0,,,3.319999933242798,-74.41500091552734,27.52,3.0,4.199,-72.133833,170.0,271.4,249.09
PTGC.2023.240.00.34.50,PTGC,2023.240.00.34.50,unlabelled,,,,,0,0,0.0,0.0,,,3.2850000858306885,-74.61100006103516,23.42,2.4,4.199,-72.133833,170.0,293.14,249.92
PTGC.2023.240.11.39.34,PTGC,2023.240.11.39.34,unlabelled,,,,,0,0,0.0,0.0,,,3.359999895095825,-74.4729995727539,24.88,1.6,4.199,-72.133833,170.0,275.9,250.43
PTGC.2023.240.15.17.07,PTGC,2023.240.15.17.07,unlabelled,,,,,0,0,0.0,0.0,,,6.823999881744385,-71.96600341796875,0.03,2.0,4.199,-72.133833,170.0,290.88,3.66
PTGC.2023.240.16.10.29,PTGC,2023.240.16.10.29,unlabelled,,,,,0,0,0.0,0.0,,,4.285999774932861,-73.76599884033203,12.37,1.8,4.199,-72.133833,170.0,181.45,273.1
PTGC.2023.240.16.51.42,PTGC,2023.240.16.51.42,unlabelled,,,,,0,0,0.0,0.0,,,4.4629998207092285,-73.63800048828125,10.91,1.5,4.199,-72.133833,170.0,169.5,279.97
PTGC.2023.240.22.09.37,PTGC,2023.240.22.09.37,unlabelled,,,,,0,0,0.0,0.0,,,6.876999855041504,-72.21299743652344,15.98,2.0,4.199,-72.133833,170.0,296.28,358.31
PTGC.2023.241.05.07.35,PTGC,2023.241.05.07.35,unlabelled,,,,,0,0,0.0,0.0,,,6.681000232696533,-72.06300354003906,26.29,2.6,4.199,-72.133833,170.0,274.58,1.63
PTGC.2023.241.17.35.24,PTGC,2023.241.17.35.24,unlabelled,,,,,0,0,0.0,0.0,,,4.414999961853027,-73.66100311279297,9.79,1.5,4.199,-72.133833,170.0,171.2,278.08
PTGC.2023.241.17.43.11,PTGC,2023.241.17.43.11,unlabelled,,,,,0,0,0.0,0.0,,,7.1529998779296875,-72.2249984741211,15.98,1.6,4.199,-72.133833,170.0,326.83,358.23
PTGC.2023.241.18.04.04,PTGC,2023.241.18.04.04,unlabelled,,,,,0,0,0.0,0.0,,,4.243000030517578,-73.77899932861328,12.78,1.8,4.199,-72.133833,170.0,182.71,271.59
PTGC.2023.241.19.51.39,PTGC,2023.241.19.51.39,unlabelled,,,,,0,0,0.0,0.0,,,5.585000038146973,-73.06400299072266,15.39,1.5,4.199,-72.133833,170.0,184.76,326.09
PTGC.2023.241.21.03.08,PTGC,2023.241.21.03.08,unlabelled,,,,,0,0,0.0,0.0,,,4.276000022888184,-73.7770004272461,14.8,1.7,4.199,-72.133833,170.0,182.62,272.73
PTGC.2023.242.10.37.46,PTGC,2023.242.10.37.46,unlabelled,,,,,0,0,0.0,0.0,,,6.041999816894531,-72.5719985961914,16.33,1.7,4.199,-72.133833,170.0,209.51,346.61
PTGC.2023.242.18.50.48,PTGC,2023.242.18.50.48,unlabelled,,,,,0,0,0.0,0.0,,,4.160999774932861,-73.88800048828125,12.99,1.5,4.199,-72.133833,170.0,194.8,268.83
PTGC.2023.243.15.36.08,PTGC,2023.243.15.36.08,unlabelled,,,,,0,0,0.0,0.0,-2.26,,4.382999897003174,-73.68299865722656,12.08,2.1,4.199,-72.133833,170.0,173.17,276.81
PTGC.2023.244.04.39.22,PTGC,2023.244.04.39.22,unlabelled,,,,,0,0,0.0,0.0,-2.79,,4.289000034332275,-73.75299835205078,13.13,1.8,4.199,-72.133833,170.0,180.03,273.23
PTGC.2023.244.11.49.28,PTGC,2023.244.11.49.28,unlabelled,,,,,0,0,0.0,0.0,,,6.73799991607666,-72.06999969482422,15.98,2.2,4.199,-72.133833,170.0,280.86,1.44
PTGC.2023.245.19.08.51,PTGC,2023.245.19.08.51,unlabelled,,,,,0,0,0.0,0.0,,,4.2769999504089355,-73.75199890136719,11.2,1.9,4.199,-72.133833,170.0,179.85,272.81
PTGC.2023.245.19.56.40,PTGC,2023.245.19.56.40,unlabelled,,,,,0,0,0.0,0.0,,,4.343999862670898,-73.71199798583984,12.55,1.7,4.199,-72.133833,170.0,175.93,275.29
PTGC.2023.246.01.33.25,PTGC,2023.246.01.33.25,unlabelled,,,,,0,0,0.0,0.0,,,6.315999984741211,-72.12200164794922,30.58,1.6,4.199,-72.133833,170.0,234.11,0.32
PTGC.2023.246.06.57.55,PTGC,2023.246.06.57.55,unlabelled,,,,,0,0,0.0,0.0,,,5.188000202178955,-72.97599792480469,4.21,1.6,4.199,-72.133833,170.0,143.84,319.52
PTGC.2023.246.16.49.09,PTGC,2023.246.16.49.09,unlabelled,,,,,0,0,0.0,0.0,,,4.267000198364258,-73.7750015258789,13.66,1.6,4.199,-72.133833,170.0,182.35,272.42
PTGC.2023.247.01.54.27,PTGC,2023.247.01.54.27,unlabelled,,,,,0,0,0.0,0.0,,,4.420000076293945,-73.65699768066406,12.99,2.1,4.199,-72.133833,170.0,170.84,278.28
PTGC.2023.247.05.58.52,PTGC,2023.247.05.58.52,unlabelled,,,,,0,0,0.0,0.0,-5.13,,4.303999900817871,-73.75299835205078,15.07,1.9,4.199,-72.133833,170.0,180.13,273.76
PTGC.2023.247.08.48.54,PTGC,2023.247.08.48.54,unlabelled,,,,,0,0,0.0,0.0,,,3.486999988555908,-74.83599853515625,20.37,1.8,4.199,-72.133833,170.0,310.28,255.39
PTGC.2023.247.14.24.07,PTGC,2023.247.14.24.07,unlabelled,,,,,0,0,0.0,0.0,,,4.289999961853027,-73.75800323486328,10.79,1.6,4.199,-72.133833,170.0,180.59,273.25
PTGC.2023.247.18.34.54,PTGC,2023.247.18.34.54,unlabelled,,,,,0,0,0.0,0.0,-0.08,-0.39,4.369999885559082,-73.68499755859375,12.96,2.0,4.199,-72.133833,170.0,173.23,276.32
PTGC.2023.247.19.30.13,PTGC,2023.247.19.30.13,unlabelled,,,,,0,0,0.0,0.0,,,3.4609999656677246,-74.1969985961914,9.94,1.5,4.199,-72.133833,170.0,243.26,250.47
PTGC.2023.248.18.40.49,PTGC,2023.248.18.40.49,unlabelled,,,,,0,0,0.0,0.0,,,4.264999866485596,-73.7750015258789,13.02,1.8,4.199,-72.133833,170.0,182.35,272.35
PTGC.2023.248.18.51.29,PTGC,2023.248.18.51.29,unlabelled,,,,,0,0,0.0,0.0,,,4.257999897003174,-73.77400207519531,15.07,2.0,4.199,-72.133833,170.0,182.21,272.11
PTGC.2023.248.19.07.18,PTGC,2023.248.19.07.18,unlabelled,,,,,0,0,0.0,0.0,,,4.245999813079834,-73.76799774169922,12.14,1.8,4.199,-72.133833,170.0,181.5,271.7
PTGC.2023.248.19.14.22,PTGC,2023.248.19.14.22,unlabelled,,,,,0,0,0.0,0.0,,,3.561000108718872,-74.19300079345703,13.69,1.7,4.199,-72.133833,170.0,239.34,252.93
PTGC.2023.249.17.27.19,PTGC,2023.249.17.27.19,unlabelled,,,,,0,0,0.0,0.0,,,4.5320000648498535,-73.33799743652344,12.23,1.5,4.199,-72.133833,170.0,138.64,285.45
PTGC.2023.249.19.56.43,PTGC,2023.249.19.56.43,unlabelled,,,,,0,0,0.0,0.0,,,4.260000228881836,-73.76899719238281,15.42,2.3,4.199,-72.133833,170.0,181.66,272.19
PTGC.2023.250.08.00.12,PTGC,2023.250.08.00.12,unlabelled,,,,,0,0,0.0,0.0,,,6.330999851226807,-72.06199645996094,26.29,2.1,4.199,-72.133833,170.0,235.9,1.93
PTGC.2023.250.16.41.43,PTGC,2023.250.16.41.43,unlabelled,,,,,0,0,0.0,0.0,,,6.626999855041504,-72.01100158691406,19.14,3.4,4.199,-72.133833,170.0,268.84,2.9
PTGC.2023.250.16.44.22,PTGC,2023.250.16.44.22,unlabelled,,,,,0,0,0.0,0.0,,,6.631999969482422,-71.99299621582031,15.04,2.2,4.199,-72.133833,170.0,269.5,3.31
PTGC.2023.250.16.49.28,PTGC,2023.250.16.49.28,unlabelled,,,,,0,0,0.0,0.0,,,6.644999980926514,-71.96499633789062,15.98,1.9,4.199,-72.133833,170.0,271.14,3.95
PTGC.2023.250.22.54.26,PTGC,2023.250.22.54.26,unlabelled,,,,,0,0,0.0,0.0,,,3.4600000381469727,-74.20999908447266,13.05,0.9,4.199,-72.133833,170.0,244.65,250.56
PTGC.2023.251.14.19.22,PTGC,2023.251.14.19.22,unlabelled,,,,,0,0,0.0,0.0,,,4.84499979019165,-74.83000183105469,25.64,2.0,4.199,-72.133833,170.0,307.62,283.53
PTGC.2023.251.19.48.18,PTGC,2023.251.19.48.18,unlabelled,,,,,0,0,0.0,0.0,,,3.5989999771118164,-74.28500366210938,15.92,1.9,4.199,-72.133833,170.0,247.96,254.55
PTGC.2023.252.12.04.44,PTGC,2023.252.12.04.44,unlabelled,,,,,0,0,0.0,0.0,,,6.763999938964844,-73.04299926757812,138.57,1.5,4.199,-72.133833,170.0,301.01,340.49
PTGC.2023.252.18.32.08,PTGC,2023.252.18.32.08,unlabelled,,,,,0,0,0.0,0.0,,,4.177000045776367,-73.8010025024414,14.54,2.6,4.199,-72.133833,170.0,185.11,269.31
PTGC.2023.253.01.05.04,PTGC,2023.253.01.05.04,unlabelled,,,,,0,0,0.0,0.0,,,7.184999942779541,-72.2030029296875,0.0,1.7,4.199,-72.133833,170.0,330.3,358.67
PTGC.2023.253.20.25.17,PTGC,2023.253.20.25.17,unlabelled,,,,,0,0,0.0,0.0,,,4.254000186920166,-73.77999877929688,14.51,1.5,4.199,-72.133833,170.0,182.86,271.97
PTGC.2023.253.20.28.24,PTGC,2023.253.20.28.24,unlabelled,,,,,0,0,0.0,0.0,,,4.254000186920166,-73.7699966430664,16.59,2.3,4.199,-72.133833,170.0,181.75,271.98
PTGC.2023.254.04.49.46,PTGC,2023.254.04.49.46,unlabelled,,,,,0,0,0.0,0.0,,,5.10699987411499,-74.19999694824219,16.04,2.3,4.199,-72.133833,170.0,250.27,293.73
PTGC.2023.254.12.36.42,PTGC,2023.254.12.36.42,unlabelled,,,,,0,0,0.0,0.0,,,5.386000156402588,-72.82099914550781,17.73,1.8,4.199,-72.133833,170.0,151.79,329.88
PTGC.2023.254.15.28.12,PTGC,2023.254.15.28.12,unlabelled,,,,,0,0,0.0,0.0,,,4.341000080108643,-73.73899841308594,9.97,1.6,4.199,-72.133833,170.0,178.88,275.1
PTGC.2023.255.14.19.14,PTGC,2023.255.14.19.14,unlabelled,,,,,0,0,0.0,0.0,,,5.7129998207092285,-72.65299987792969,26.99,1.8,4.199,-72.133833,170.0,177.05,341.04
PTGC.2023.256.03.52.29,PTGC,2023.256.03.52.29,unlabelled,,,,,0,0,0.0,0.0,,,6.11899995803833,-72.54199981689453,5.0,1.6,4.199,-72.133833,170.0,217.09,347.99
PTGC.2023.256.04.16.23,PTGC,2023.256.04.16.23,unlabelled,,,,,0,0,0.0,0.0,,,6.7270002365112305,-71.99800109863281,12.98,1.6,4.199,-72.133833,170.0,279.96,3.08
PTGC.2023.256.06.44.00,PTGC,2023.256.06.44.00,unlabelled,,,,,0,0,0.0,0.0,,,6.940000057220459,-71.8219985961914,29.45,2.4,4.199,-72.133833,170.0,305.08,6.49
PTGC.2023.256.11.03.53,PTGC,2023.256.11.03.53,unlabelled,,,,,0,0,0.0,0.0,,,6.901000022888184,-71.85900115966797,35.9,4.0,4.199,-72.133833,170.0,300.35,5.81
PTGC.2023.256.11.16.54,PTGC,2023.256.11.16.54,unlabelled,,,,,0,0,0.0,0.0,,,3.4779999256134033,-74.66300201416016,30.27,1.7,4.199,-72.133833,170.0,292.01,254.24
PTGC.2023.256.15.42.03,PTGC,2023.256.15.42.03,unlabelled,,,,,0,0,0.0,0.0,,,6.660999774932861,-72.08300018310547,12.93,1.9,4.199,-72.133833,170.0,272.32,1.18
PTGC.2023.256.16.59.38,PTGC,2023.256.16.59.38,unlabelled,,,,,0,0,0.0,0.0,,,6.757999897003174,-71.9749984741211,10.0,1.8,4.199,-72.133833,170.0,283.53,3.55
PTGC.2023.257.07.52.20,PTGC,2023.257.07.52.20,unlabelled,,,,,0,0,0.0,0.0,,,4.4039998054504395,-73.6760025024414,15.33,2.0,4.199,-72.133833,170.0,172.69,277.6
PTGC.2023.257.11.44.11,PTGC,2023.257.11.44.11,unlabelled,,,,,0,0,0.0,0.0,,,4.267000198364258,-73.75499725341797,11.61,1.8,4.199,-72.133833,170.0,180.14,272.45
PTGC.2023.257.12.53.13,PTGC,2023.257.12.53.13,unlabelled,,,,,0,0,0.0,0.0,,,4.4710001945495605,-73.62799835205078,10.18,1.5,4.199,-72.133833,170.0,168.56,280.33
PTGC.2023.257.19.52.32,PTGC,2023.257.19.52.32,unlabelled,,,,,0,0,0.0,0.0,,,4.171000003814697,-73.88099670410156,13.22,1.5,4.199,-72.133833,170.0,194.0,269.15
PTGC.2023.258.06.37.03,PTGC,2023.258.06.37.03,unlabelled,,,,,0,0,0.0,0.0,,,6.934999942779541,-71.83599853515625,19.02,1.9,4.199,-72.133833,170.0,304.35,6.21
PTGC.2023.258.09.57.42,PTGC,2023.258.09.57.42,unlabelled,,,,,0,0,0.0,0.0,,,5.7769999504089355,-73.7490005493164,6.84,1.6,4.199,-72.133833,170.0,250.07,314.32
PTGC.2023.258.14.25.07,PTGC,2023.258.14.25.07,unlabelled,,,,,0,0,0.0,0.0,,,6.010000228881836,-72.34700012207031,18.09,1.7,4.199,-72.133833,170.0,201.66,353.28
PTGC.2023.258.23.34.30,PTGC,2023.258.23.34.30,unlabelled,,,,,0,0,0.0,0.0,,,4.313000202178955,-73.74800109863281,15.07,1.9,4.199,-72.133833,170.0,179.64,274.08
PTGC.2023.259.03.40.27,PTGC,2023.259.03.40.27,unlabelled,,,,,0,0,0.0,0.0,,,4.1620001792907715,-73.88400268554688,15.98,2.2,4.199,-72.133833,170.0,194.36,268.86
PTGC.2023.259.09.06.55,PTGC,2023.259.09.06.55,unlabelled,,,,,0,0,0.0,0.0,,,4.284999847412109,-73.7490005493164,13.02,1.7,4.199,-72.133833,170.0,179.56,273.1
PTGC.2023.259.12.15.42,PTGC,2023.259.12.15.42,unlabelled,,,,,0,0,0.0,0.0,,,3.319000005722046,-74.46700286865234,28.63,1.5,4.199,-72.133833,170.0,276.84,249.5
PTGC.2023.260.12.27.01,PTGC,2023.260.12.27.01,unlabelled,,,,,0,0,0.0,0.0,,,3.572999954223633,-74.08300018310547,17.38,1.6,4.199,-72.133833,170.0,227.28,252.34
PTGC.2023.260.18.22.18,PTGC,2023.260.18.22.18,unlabelled,,,,,0,0,0.0,0.0,,,3.5269999504089355,-74.21099853515625,15.98,1.6,4.199,-72.133833,170.0,242.38,252.22
PTGC.2023.260.21.12.57,PTGC,2023.260.21.12.57,unlabelled,,,,,0,0,0.0,0.0,,,6.034999847412109,-72.7229995727539,17.38,1.7,4.199,-72.133833,170.0,213.28,342.19
PTGC.2023.261.10.03.09,PTGC,2023.261.10.03.09,unlabelled,,,,,0,0,0.0,0.0,,,7.172999858856201,-72.25599670410156,22.25,4.0,4.199,-72.133833,170.0,329.16,357.65
PTGC.2023.262.02.04.37,PTGC,2023.262.02.04.37,unlabelled,,,,,0,0,0.0,0.0,,,4.3520002365112305,-73.71499633789062,12.49,1.5,4.199,-72.133833,170.0,176.34,275.56
PTGC.2023.262.07.32.26,PTGC,2023.262.07.32.26,unlabelled,,,,,0,0,0.0,0.0,,,5.959000110626221,-72.59100341796875,16.91,1.9,4.199,-72.133833,170.0,201.12,345.42
PTGC.2023.262.09.22.52,PTGC,2023.262.09.22.52,unlabelled,,,,,0,0,0.0,0.0,,,3.4489998817443848,-74.29499816894531,19.43,1.7,4.199,-72.133833,170.0,253.97,251.01
PTGC.2023.263.04.40.09,PTGC,2023.263.04.40.09,unlabelled,,,,,0,0,0.0,0.0,,,6.676000118255615,-73.00499725341797,11.46,1.8,4.199,-72.133833,170.0,290.43,340.62
PTGC.2023.263.12.01.28,PTGC,2023.263.12.01.28,unlabelled,,,,,0,0,0.0,0.0,,,6.039999961853027,-73.96099853515625,4.99,1.9,4.199,-72.133833,170.0,287.2,315.22
PTGC.2023.264.01.58.18,PTGC,2023.264.01.58.18,unlabelled,,,,,0,0,0.0,0.0,,,6.129000186920166,-73.87000274658203,26.92,1.8,4.199,-72.133833,170.0,287.4,318.03
PTGC.2023.264.05.52.14,PTGC,2023.264.05.52.14,unlabelled,,,,,0,0,0.0,0.0,-0.21,,4.8480000495910645,-72.93099975585938,19.49,1.7,4.199,-72.133833,170.0,113.91,309.08
PTGC.2023.265.03.38.53,PTGC,2023.265.03.38.53,unlabelled,,,,,0,0,0.0,0.0,,,6.458000183105469,-71.99500274658203,12.93,1.7,4.199,-72.133833,170.0,250.28,3.52
PTGC.2023.265.05.20.20,PTGC,2023.265.05.20.20,unlabelled,,,,,0,0,0.0,0.0,,,4.281000137329102,-73.75299835205078,13.84,1.7,4.199,-72.133833,170.0,179.98,272.95
PTGC.2023.265.07.33.39,PTGC,2023.265.07.33.39,unlabelled,,,,,0,0,0.0,0.0,,,3.311000108718872,-74.6259994506836,25.12,1.5,4.199,-72.133833,170.0,293.73,250.55
PTGC.2023.265.15.49.57,PTGC,2023.265.15.49.57,unlabelled,,,,,0,0,0.0,0.0,,,6.006999969482422,-74.2760009765625,13.15,2.2,4.199,-72.133833,170.0,310.46,310.18
PTGC.2023.266.06.18.41,PTGC,2023.266.06.18.41,unlabelled,,,,,0,0,0.0,0.0,,,4.3480000495910645,-73.81600189208984,4.99,1.6,4.199,-72.133833,170.0,187.47,275.1
PTGC.2023.266.12.02.05,PTGC,2023.266.12.02.05,unlabelled,,,,,0,0,0.0,0.0,,,4.255000114440918,-73.76899719238281,12.72,1.6,4.199,-72.133833,170.0,181.64,272.01
PTGC.2023.266.12.34.35,PTGC,2023.266.12.34.35,unlabelled,,,,,0,0,0.0,0.0,,,4.249000072479248,-73.77100372314453,12.99,1.7,4.199,-72.133833,170.0,181.84,271.8
PTGC.2023.266.17.21.24,PTGC,2023.266.17.21.24,unlabelled,,,,,0,0,0.0,0.0,,,6.798999786376953,-72.06300354003906,0.0,1.8,4.199,-72.133833,170.0,287.63,1.56
PTGC.2023.266.17.36.08,PTGC,2023.266.17.36.08,unlabelled,,,,,0,0,0.0,0.0,,,4.456999778747559,-73.62300109863281,11.26,1.5,4.199,-72.133833,170.0,167.75,279.85
PTGC.2023.266.20.42.58,PTGC,2023.266.20.42.58,unlabelled,,,,,0,0,0.0,0.0,,,4.544000148773193,-74.37999725341797,15.8,1.9,4.199,-72.133833,170.0,252.22,278.78
PTGC.2023.267.03.59.39,PTGC,2023.267.03.59.39,unlabelled,,,,,0,0,0.0,0.0,,,6.190999984741211,-72.18399810791016,3.0,1.7,4.199,-72.133833,170.0,220.35,358.56
PTGC.2023.267.18.10.24,PTGC,2023.267.18.10.24,unlabelled,,,,,0,0,0.0,0.0,,,4.414999961853027,-73.6719970703125,10.26,1.6,4.199,-72.133833,170.0,172.41,278.02
PTGC.2023.268.18.02.53,PTGC,2023.268.18.02.53,unlabelled,,,,,0,0,0.0,0.0,,,3.4609999656677246,-74.18299865722656,8.89,1.7,4.199,-72.133833,170.0,241.79,250.35
PTGC.2023.268.22.03.15,PTGC,2023.268.22.03.15,unlabelled,,,,,0,0,0.0,0.0,,,4.439000129699707,-73.55999755859375,11.26,1.5,4.199,-72.133833,170.0,160.52,279.57
PTGC.2023.269.23.19.44,PTGC,2023.269.23.19.44,unlabelled,,,,,0,0,0.0,0.0,,,4.554999828338623,-74.37200164794922,19.9,1.7,4.199,-72.133833,170.0,251.53,279.09
PTGC.2023.269.23.57.39,PTGC,2023.269.23.57.39,unlabelled,,,,,0,0,0.0,0.0,,,6.39300012588501,-72.86799621582031,16.21,1.5,4.199,-72.133833,170.0,255.9,341.49
PTGC.2023.270.04.44.52,PTGC,2023.270.04.44.52,unlabelled,,,,,0,0,0.0,0.0,,,4.261000156402588,-73.7699966430664,13.31,1.8,4.199,-72.133833,170.0,181.77,272.22
PTGC.2023.270.07.34.17,PTGC,2023.270.07.34.17,unlabelled,,,,,0,0,0.0,0.0,,,3.5169999599456787,-74.3030014038086,14.86,2.0,4.199,-72.133833,170.0,252.45,252.69
PTGC.2023.270.10.41.42,PTGC,2023.270.10.41.42,unlabelled,,,,,0,0,0.0,0.0,,,6.558000087738037,-71.98899841308594,17.38,2.5,4.199,-72.133833,170.0,261.36,3.51
PTGC.2023.270.10.54.49,PTGC,2023.270.10.54.49,unlabelled,,,,,0,0,0.0,0.0,,,3.371000051498413,-73.89099884033203,17.32,2.0,4.199,-72.133833,170.0,215.59,244.93
PTGC.2023.270.16.42.42,PTGC,2023.270.16.42.42,unlabelled,,,,,0,0,0.0,0.0,,,4.25,-73.7770004272461,13.93,1.6,4.199,-72.133833,170.0,182.51,271.83
PTGC.2023.271.04.20.53,PTGC,2023.271.04.20.53,unlabelled,,,,,0,0,0.0,0.0,,,5.5929999351501465,-74.45800018310547,26.29,1.6,4.199,-72.133833,170.0,300.36,300.97
PTGC.2023.272.00.07.55,PTGC,2023.272.00.07.55,unlabelled,,,,,0,0,0.0,0.0,,,5.105999946594238,-73.06500244140625,19.49,2.2,4.199,-72.133833,170.0,143.99,314.19
PTGC.2023.272.05.29.17,PTGC,2023.272.05.29.17,unlabelled,,,,,0,0,0.0,0.0,,,5.13700008392334,-73.62300109863281,6.98,1.5,4.199,-72.133833,170.0,195.09,302.18
PTGC.2023.272.07.01.21,PTGC,2023.272.07.01.21,unlabelled,,,,,0,0,0.0,0.0,,,3.7290000915527344,-74.17500305175781,18.96,1.5,4.199,-72.133833,170.0,232.56,257.16
PTGC.2023.272.14.58.48,PTGC,2023.272.14.58.48,unlabelled,,,,,0,0,0.0,0.0,,,6.756999969482422,-72.08999633789062,14.12,2.0,4.199,-72.133833,170.0,282.92,0.98
PTGC.2023.273.01.23.08,PTGC,2023.273.01.23.08,unlabelled,,,,,0,0,0.0,0.0,,,6.859000205993652,-71.83499908447266,37.89,2.4,4.199,-72.133833,170.0,296.01,6.41
PTGC.2023.273.10.07.21,PTGC,2023.273.10.07.21,unlabelled,,,,,0,0,0.0,0.0,,,3.510999917984009,-74.20600128173828,15.45,2.0,4.199,-72.133833,170.0,242.4,251.78
PTGC.2023.274.21.08.57,PTGC,2023.274.21.08.57,unlabelled,,,,,0,0,0.0,0.0,,,3.444000005722046,-74.19599914550781,9.41,1.7,4.199,-72.133833,170.0,243.79,250.04
PTGC.2023.275.13.36.33,PTGC,2023.275.13.36.33,unlabelled,,,,,0,0,0.0,0.0,,,3.490000009536743,-74.23500061035156,14.86,1.9,4.199,-72.133833,170.0,246.19,251.5
PTGC.2023.275.15.45.51,PTGC,2023.275.15.45.51,unlabelled,,,,,0,0,0.0,0.0,,,3.4739999771118164,-74.21800231933594,12.4,1.6,4.199,-72.133833,170.0,244.98,250.97
PTGC.2023.275.15.57.03,PTGC,2023.275.15.57.03,unlabelled,,,,,0,0,0.0,0.0,,,5.223999977111816,-74.54100036621094,34.96,1.7,4.199,-72.133833,170.0,290.12,293.09
PTGC.2023.275.23.59.06,PTGC,2023.275.23.59.06,unlabelled,,,,,0,0,0.0,0.0,,,4.465000152587891,-73.61199951171875,14.63,2.9,4.199,-72.133833,170.0,166.7,280.22
PTGC.2023.276.02.38.56,PTGC,2023.276.02.38.56,unlabelled,,,,,0,0,0.0,0.0,,,4.085999965667725,-73.98899841308594,8.42,1.5,4.199,-72.133833,170.0,206.36,266.6
PTGC.2023.276.04.09.57,PTGC,2023.276.04.09.57,unlabelled,,,,,0,0,0.0,0.0,,,3.440000057220459,-74.77999877929688,40.29,2.1,4.199,-72.133833,170.0,305.67,254.15
PTGC.2023.276.05.55.47,PTGC,2023.276.05.55.47,unlabelled,,,,,0,0,0.0,0.0,,,4.353000164031982,-73.81999969482422,6.28,1.8,4.199,-72.133833,170.0,187.96,275.26
PTGC.2023.276.21.38.10,PTGC,2023.276.21.38.10,unlabelled,,,,,0,0,0.0,0.0,,,3.6070001125335693,-74.43499755859375,23.71,1.7,4.199,-72.133833,170.0,263.82,255.71
PTGC.2023.276.22.08.38,PTGC,2023.276.22.08.38,unlabelled,,,,,0,0,0.0,0.0,,,4.4710001945495605,-73.60600280761719,12.87,1.6,4.199,-72.133833,170.0,166.16,280.48
PTGC.2023.277.22.33.57,PTGC,2023.277.22.33.57,unlabelled,,,,,0,0,0.0,0.0,,,5.863999843597412,-72.60199737548828,0.0,1.8,4.199,-72.133833,170.0,191.3,344.27
PTGC.2023.278.05.31.54,PTGC,2023.278.05.31.54,unlabelled,,,,,0,0,0.0,0.0,,,6.047999858856201,-72.48400115966797,15.98,1.8,4.199,-72.133833,170.0,208.12,349.26
PTGC.2023.278.06.59.44,PTGC,2023.278.06.59.44,unlabelled,,,,,0,0,0.0,0.0,,,4.394999980926514,-73.68199920654297,10.26,1.5,4.199,-72.133833,170.0,173.22,277.25
PTGC.2023.278.10.44.50,PTGC,2023.278.10.44.50,unlabelled,,,,,0,0,0.0,0.0,,,5.019999980926514,-74.73400115966797,27.99,1.8,4.199,-72.133833,170.0,302.46,287.57
PTGC.2023.278.14.53.47,PTGC,2023.278.14.53.47,unlabelled,,,,,0,0,0.0,0.0,,,3.565000057220459,-74.33499908447266,9.41,1.5,4.199,-72.133833,170.0,254.33,254.08
PTGC.2023.278.21.54.54,PTGC,2023.278.21.54.54,unlabelled,,,,,0,0,0.0,0.0,,,5.90500020980835,-72.58799743652344,0.0,1.9,4.199,-72.133833,170.0,195.26,345.07
PTGC.2023.279.11.22.54,PTGC,2023.279.11.22.54,unlabelled,,,,,0,0,0.0,0.0,,,3.2660000324249268,-74.71900177001953,26.23,2.4,4.199,-72.133833,170.0,305.14,250.33
PTGC.2023.280.10.38.52,PTGC,2023.280.10.38.52,unlabelled,,,,,0,0,0.0,0.0,,,4.817999839782715,-73.49600219726562,0.98,1.8,4.199,-72.133833,170.0,165.94,294.41
PTGC.2023.281.09.04.30,PTGC,2023.281.09.04.30,unlabelled,,,,,0,0,0.0,0.0,,,5.182000160217285,-73.04199981689453,17.85,2.1,4.199,-72.133833,170.0,148.22,317.21
PTGC.2023.281.09.12.07,PTGC,2023.281.09.12.07,unlabelled,,,,,0,0,0.0,0.0,,,5.182000160217285,-73.08399963378906,17.62,2.3,4.199,-72.133833,170.0,151.42,315.92
PTGC.2023.281.09.13.18,PTGC,2023.281.09.13.18,unlabelled,,,,,0,0,0.0,0.0,,,5.192999839782715,-73.10099792480469,15.98,2.0,4.199,-72.133833,170.0,153.61,315.73
PTGC.2023.281.09.23.05,PTGC,2023.281.09.23.05,unlabelled,,,,,0,0,0.0,0.0,-0.6,-0.92,5.166999816894531,-73.03099822998047,13.16,1.7,4.199,-72.133833,170.0,146.17,317.12
PTGC.2023.281.09.25.36,PTGC,2023.281.09.25.36,unlabelled,,,,,0,0,0.0,0.0,-6.9,,5.185999870300293,-73.10800170898438,13.87,1.9,4.199,-72.133833,170.0,153.6,315.32
PTGC.2023.281.09.36.37,PTGC,2023.281.09.36.37,unlabelled,,,,,0,0,0.0,0.0,,,5.176000118255615,-73.0780029296875,15.98,2.1,4.199,-72.133833,170.0,150.48,315.92
PTGC.2023.281.10.19.31,PTGC,2023.281.10.19.31,unlabelled,,,,,0,0,0.0,0.0,,,5.1620001792907715,-73.08399963378906,0.0,1.6,4.199,-72.133833,170.0,149.85,315.33
PTGC.2023.281.12.27.26,PTGC,2023.281.12.27.26,unlabelled,,,,,0,0,0.0,0.0,,,5.1570000648498535,-73.11100006103516,-0.06,1.7,4.199,-72.133833,170.0,151.58,314.38
PTGC.2023.281.13.13.11,PTGC,2023.281.13.13.11,unlabelled,,,,,0,0,0.0,0.0,,,5.169000148773193,-73.08699798583984,15.98,1.7,4.199,-72.133833,170.0,150.63,315.44
PTGC.2023.281.23.53.36,PTGC,2023.281.23.53.36,unlabelled,,,,,0,0,0.0,0.0,,,4.2779998779296875,-73.74800109863281,13.19,1.8,4.199,-72.133833,170.0,179.41,272.85
PTGC.2023.282.05.41.24,PTGC,2023.282.05.41.24,unlabelled,,,,,0,0,0.0,0.0,,,3.5,-74.05000305175781,12.64,2.4,4.199,-72.133833,170.0,226.43,250.11
PTGC.2023.282.06.44.45,PTGC,2023.282.06.44.45,unlabelled,,,,,0,0,0.0,0.0,-4.41,,4.763999938964844,-73.40699768066406,14.75,1.5,4.199,-72.133833,170.0,154.49,293.9
PTGC.2023.283.17.22.30,PTGC,2023.283.17.22.30,unlabelled,,,,,0,0,0.0,0.0,,,6.997000217437744,-72.24500274658203,24.61,1.7,4.199,-72.133833,170.0,309.66,357.73
PTGC.2023.283.21.12.24,PTGC,2023.283.21.12.24,unlabelled,,,,,0,0,0.0,0.0,,,3.3259999752044678,-74.26000213623047,10.59,1.9,4.199,-72.133833,170.0,255.14,247.84
PTGC.2023.284.22.14.28,PTGC,2023.284.22.14.28,unlabelled,,,,,0,0,0.0,0.0,,,6.921999931335449,-72.01699829101562,0.0,2.0,4.199,-72.133833,170.0,301.4,2.46
PTGC.2023.284.23.51.26,PTGC,2023.284.23.51.26,unlabelled,,,,,0,0,0.0,0.0,,,7.122000217437744,-72.26100158691406,18.08,1.5,4.199,-72.133833,170.0,323.55,357.51
PTGC.2023.286.00.25.03,PTGC,2023.286.00.25.03,unlabelled,,,,,0,0,0.0,0.0,,,6.164000034332275,-72.447998046875,25.01,1.6,4.199,-72.133833,170.0,220.07,350.91
PTGC.2023.286.21.35.17,PTGC,2023.286.21.35.17,unlabelled,,,,,0,0,0.0,0.0,,,6.248000144958496,-72.52300262451172,16.09,2.6,4.199,-72.133833,170.0,230.66,349.24
PTGC.2023.286.21.37.46,PTGC,2023.286.21.37.46,unlabelled,,,,,0,0,0.0,0.0,,,6.228000164031982,-72.45899963378906,16.09,1.7,4.199,-72.133833,170.0,227.25,350.89
PTGC.2023.287.02.30.51,PTGC,2023.287.02.30.51,unlabelled,,,,,0,0,0.0,0.0,,,7.058000087738037,-72.21600341796875,13.05,1.5,4.199,-72.133833,170.0,316.29,358.35
PTGC.2023.287.08.09.07,PTGC,2023.287.08.09.07,unlabelled,,,,,0,0,0.0,0.0,,,6.195000171661377,-72.43699645996094,27.17,1.5,4.199,-72.133833,170.0,223.27,351.36
PTGC.2023.287.09.51.53,PTGC,2023.287.09.51.53,unlabelled,,,,,0,0,0.0,0.0,,,6.242000102996826,-72.52799987792969,15.74,2.0,4.199,-72.133833,170.0,230.11,349.07
PTGC.2023.287.11.30.37,PTGC,2023.287.11.30.37,unlabelled,,,,,0,0,0.0,0.0,,,6.89900016784668,-71.82499694824219,9.0,1.9,4.199,-72.133833,170.0,300.53,6.52
PTGC.2023.287.17.18.44,PTGC,2023.287.17.18.44,unlabelled,,,,,0,0,0.0,0.0,,,4.267000198364258,-73.74199676513672,12.61,1.8,4.199,-72.133833,170.0,178.69,272.47
PTGC.2023.288.01.03.40,PTGC,2023.288.01.03.40,unlabelled,,,,,0,0,0.0,0.0,,,5.294000148773193,-74.48100280761719,31.45,1.8,4.199,-72.133833,170.0,287.17,295.03
PTGC.2023.288.05.28.44,PTGC,2023.288.05.28.44,unlabelled,,,,,0,0,0.0,0.0,,,3.5169999599456787,-74.21299743652344,10.18,2.1,4.199,-72.133833,170.0,242.93,251.99
PTGC.2023.288.08.40.36,PTGC,2023.288.08.40.36,unlabelled,,,,,0,0,0.0,0.0,,,6.242000102996826,-72.4209976196289,21.06,1.6,4.199,-72.133833,170.0,228.15,351.99
PTGC.2023.288.10.43.48,PTGC,2023.288.10.43.48,unlabelled,,,,,0,0,0.0,0.0,,,3.48799991607666,-74.20600128173828,9.59,2.2,4.199,-72.133833,170.0,243.21,251.21
PTGC.2023.289.04.16.02,PTGC,2023.289.04.16.02,unlabelled,,,,,0,0,0.0,0.0,-6.55,,5.1539998054504395,-73.0199966430664,15.98,1.6,4.199,-72.133833,170.0,144.29,317.08
PTGC.2023.289.08.07.32,PTGC,2023.289.08.07.32,unlabelled,,,,,0,0,0.0,0.0,,,3.3459999561309814,-74.46600341796875,26.58,2.2,4.199,-72.133833,170.0,275.69,250.07
PTGC.2023.289.13.01.14,PTGC,2023.289.13.01.14,unlabelled,,,,,0,0,0.0,0.0,,,4.614999771118164,-74.66100311279297,27.93,1.5,4.199,-72.133833,170.0,284.24,279.41
PTGC.2023.290.09.39.32,PTGC,2023.290.09.39.32,unlabelled,,,,,0,0,0.0,0.0,,,5.190999984741211,-74.73899841308594,28.57,2.6,4.199,-72.133833,170.0,309.15,290.89
PTGC.2023.292.21.06.38,PTGC,2023.292.21.06.38,unlabelled,,,,,0,0,0.0,0.0,,,7.072000026702881,-72.2040023803711,20.66,2.5,4.199,-72.133833,170.0,317.81,358.6
PTGC.2023.293.05.17.33,PTGC,2023.293.05.17.33,unlabelled,,,,,0,0,0.0,0.0,,,5.408999919891357,-72.4469985961914,16.09,1.8,4.199,-72.133833,170.0,138.24,345.46
PTGC.2023.293.15.41.03,PTGC,2023.293.15.41.03,unlabelled,,,,,0,0,0.0,0.0,,,4.538000106811523,-73.55599975585938,11.7,1.8,4.199,-72.133833,170.0,162.25,283.41
PTGC.2023.293.19.44.10,PTGC,2023.293.19.44.10,unlabelled,,,,,0,0,0.0,0.0,,,7.0929999351501465,-72.40299987792969,19.02,1.5,4.199,-72.133833,170.0,321.42,354.69
PTGC.2023.293.21.48.58,PTGC,2023.293.21.48.58,unlabelled,,,,,0,0,0.0,0.0,,,4.625,-74.89900207519531,26.7,2.5,4.199,-72.133833,170.0,310.5,278.83
PTGC.2023.293.23.42.00,PTGC,2023.293.23.42.00,unlabelled,,,,,0,0,0.0,0.0,,,7.072000026702881,-72.37799835205078,20.2,2.3,4.199,-72.133833,170.0,318.86,355.15
PTGC.2023.294.01.31.09,PTGC,2023.294.01.31.09,unlabelled,,,,,0,0,0.0,0.0,,,7.181000232696533,-72.3740005493164,28.73,1.5,4.199,-72.133833,170.0,330.84,355.4
PTGC.2023.294.06.57.59,PTGC,2023.294.06.57.59,unlabelled,,,,,0,0,0.0,0.0,-3.01,,6.482999801635742,-72.00199890136719,3.67,1.8,4.199,-72.133833,170.0,253.0,3.31
PTGC.2023.294.13.07.48,PTGC,2023.294.13.07.48,unlabelled,,,,,0,0,0.0,0.0,,,4.546999931335449,-73.5199966430664,17.79,2.8,4.199,-72.133833,170.0,158.6,284.09
PTGC.2023.295.05.46.21,PTGC,2023.295.05.46.21,unlabelled,,,,,0,0,0.0,0.0,,,3.2690000534057617,-74.375,32.09,2.0,4.199,-72.133833,170.0,269.36,247.63
PTGC.2023.295.11.21.08,PTGC,2023.295.11.21.08,unlabelled,,,,,0,0,0.0,0.0,,,4.697999954223633,-74.83100128173828,28.57,2.1,4.199,-72.133833,170.0,304.39,280.55
PTGC.2023.295.13.44.28,PTGC,2023.295.13.44.28,unlabelled,,,,,0,0,0.0,0.0,,,3.4619998931884766,-74.6709976196289,28.81,1.9,4.199,-72.133833,170.0,293.35,253.96
PTGC.2023.295.14.40.25,PTGC,2023.295.14.40.25,unlabelled,,,,,0,0,0.0,0.0,,,4.372000217437744,-73.68900299072266,14.86,1.9,4.199,-72.133833,170.0,173.7,276.38
PTGC.2023.295.16.23.18,PTGC,2023.295.16.23.18,unlabelled,,,,,0,0,0.0,0.0,,,6.872000217437744,-71.82599639892578,0.15,1.7,4.199,-72.133833,170.0,297.55,6.57
PTGC.2023.295.16.40.54,PTGC,2023.295.16.40.54,unlabelled,,,,,0,0,0.0,0.0,,,6.833000183105469,-72.08999633789062,20.04,1.8,4.199,-72.133833,170.0,291.32,0.95
PTGC.2023.295.23.31.13,PTGC,2023.295.23.31.13,unlabelled,,,,,0,0,0.0,0.0,,,6.271999835968018,-72.56300354003906,14.57,2.1,4.199,-72.133833,170.0,234.12,348.29
PTGC.2023.296.06.09.27,PTGC,2023.296.06.09.27,unlabelled,,,,,0,0,0.0,0.0,,,5.366000175476074,-72.97100067138672,13.16,1.5,4.199,-72.133833,170.0,158.99,324.29
PTGC.2023.296.06.41.24,PTGC,2023.296.06.41.24,unlabelled,,,,,0,0,0.0,0.0,,,5.439000129699707,-72.9469985961914,22.19,1.7,4.199,-72.133833,170.0,164.13,326.69
PTGC.2023.296.10.48.09,PTGC,2023.296.10.48.09,unlabelled,,,,,0,0,0.0,0.0,,,6.198999881744385,-72.53399658203125,30.0,1.6,4.199,-72.133833,170.0,225.57,348.68
PTGC.2023.297.05.31.16,PTGC,2023.297.05.31.16,unlabelled,,,,,0,0,0.0,0.0,,,6.275000095367432,-73.99299621582031,19.17,2.5,4.199,-72.133833,170.0,308.51,318.16
PTGC.2023.297.08.39.26,PTGC,2023.297.08.39.26,unlabelled,,,,,0,0,0.0,0.0,,,4.354000091552734,-73.8219985961914,7.04,1.7,4.199,-72.133833,170.0,188.19,275.29
PTGC.2023.297.16.21.03,PTGC,2023.297.16.21.03,unlabelled,,,,,0,0,0.0,0.0,,,3.5420000553131104,-74.4010009765625,23.48,1.6,4.199,-72.133833,170.0,262.08,253.98
PTGC.2023.297.16.37.19,PTGC,2023.297.16.37.19,unlabelled,,,,,0,0,0.0,0.0,,,5.375,-72.97799682617188,10.59,2.3,4.199,-72.133833,170.0,160.25,324.28
PTGC.2023.297.16.41.08,PTGC,2023.297.16.41.08,unlabelled,,,,,0,0,0.0,0.0,-4.62,-0.79,5.361999988555908,-72.87300109863281,15.98,2.3,4.199,-72.133833,170.0,152.52,327.51
PTGC.2023.297.16.41.36,PTGC,2023.297.16.41.36,unlabelled,,,,,0,0,0.0,0.0,,,5.385000228881836,-72.83699798583984,26.52,2.3,4.199,-72.133833,170.0,152.59,329.29
PTGC.2023.297.17.01.05,PTGC,2023.297.17.01.05,unlabelled,,,,,0,0,0.0,0.0,,,5.3979997634887695,-73.15699768066406,12.93,1.6,4.199,-72.133833,170.0,174.53,319.48
PTGC.2023.298.00.23.03,PTGC,2023.298.00.23.03,unlabelled,,,,,0,0,0.0,0.0,,,6.646999835968018,-72.65599822998047,17.62,2.3,4.199,-72.133833,170.0,276.83,347.96
PTGC.2023.298.04.39.01,PTGC,2023.298.04.39.01,unlabelled,,,,,0,0,0.0,0.0,,,6.255000114440918,-72.50499725341797,22.3,2.4,4.199,-72.133833,170.0,231.05,349.76
PTGC.2023.298.07.20.34,PTGC,2023.298.07.20.34,unlabelled,,,,,0,0,0.0,0.0,,,4.8470001220703125,-74.55500030517578,22.01,1.5,4.199,-72.133833,170.0,278.08,285.03
PTGC.2023.299.03.04.11,PTGC,2023.299.03.04.11,unlabelled,,,,,0,0,0.0,0.0,,,6.452000141143799,-72.0,3.78,2.1,4.199,-72.133833,170.0,249.59,3.4
PTGC.2023.299.06.05.02,PTGC,2023.299.06.05.02,unlabelled,,,,,0,0,0.0,0.0,,,6.2270002365112305,-72.30699920654297,20.0,1.6,4.199,-72.133833,170.0,225.08,355.11
PTGC.2023.299.08.30.24,PTGC,2023.299.08.30.24,unlabelled,,,,,0,0,0.0,0.0,,,5.706999778747559,-73.3219985961914,17.85,1.6,4.199,-72.133833,170.0,212.54,321.73
PTGC.2023.299.11.34.04,PTGC,2023.299.11.34.04,unlabelled,,,,,0,0,0.0,0.0,,,6.739999771118164,-72.36499786376953,19.02,2.8,4.199,-72.133833,170.0,282.16,354.8
PTGC.2023.299.15.40.15,PTGC,2023.299.15.40.15,unlabelled,,,,,0,0,0.0,0.0,,,6.24399995803833,-72.41600036621094,0.0,1.7,4.199,-72.133833,170.0,228.3,352.14
PTGC.2023.299.16.22.13,PTGC,2023.299.16.22.13,unlabelled,,,,,0,0,0.0,0.0,,,4.994999885559082,-72.91699981689453,15.92,2.1,4.199,-72.133833,170.0,123.69,315.4
PTGC.2023.299.21.22.19,PTGC,2023.299.21.22.19,unlabelled,,,,,0,0,0.0,0.0,,,4.160999774932861,-73.88600158691406,12.99,1.7,4.199,-72.133833,170.0,194.58,268.83
PTGC.2023.300.00.30.07,PTGC,2023.300.00.30.07,unlabelled,,,,,0,0,0.0,0.0,,,4.245999813079834,-73.77200317382812,13.02,1.5,4.199,-72.133833,170.0,181.94,271.7
PTGC.2023.300.03.29.45,PTGC,2023.300.03.29.45,unlabelled,,,,,0,0,0.0,0.0,,,5.169000148773193,-73.10399627685547,16.91,1.7,4.199,-72.133833,170.0,151.96,314.94
PTGC.2023.300.03.34.17,PTGC,2023.300.03.34.17,unlabelled,,,,,0,0,0.0,0.0,,,6.369999885559082,-73.11199951171875,35.15,1.5,4.199,-72.133833,170.0,263.42,335.74
PTGC.2023.300.04.28.07,PTGC,2023.300.04.28.07,unlabelled,,,,,0,0,0.0,0.0,,,4.248000144958496,-73.78099822998047,12.14,1.5,4.199,-72.133833,170.0,182.95,271.76
PTGC.2023.300.08.24.15,PTGC,2023.300.08.24.15,unlabelled,,,,,0,0,0.0,0.0,,,3.993000030517578,-74.87200164794922,27.58,1.6,4.199,-72.133833,170.0,304.89,265.81
PTGC.2023.302.04.42.32,PTGC,2023.302.04.42.32,unlabelled,,,,,0,0,0.0,0.0,,,6.182000160217285,-72.58899688720703,14.45,1.7,4.199,-72.133833,170.0,225.02,347.06
PTGC.2023.302.16.46.47,PTGC,2023.302.16.46.47,unlabelled,,,,,0,0,0.0,0.0,,,6.63100004196167,-73.34200286865234,-0.03,2.6,4.199,-72.133833,170.0,300.42,333.59
PTGC.2023.303.07.14.11,PTGC,2023.303.07.14.11,unlabelled,,,,,0,0,0.0,0.0,-1.13,,5.165999889373779,-73.0510025024414,16.8,1.7,4.199,-72.133833,170.0,147.61,316.46
PTGC.2023.304.01.52.35,PTGC,2023.304.01.52.35,unlabelled,,,,,0,0,0.0,0.0,,,4.38100004196167,-73.68699645996094,11.26,2.0,4.199,-72.133833,170.0,173.59,276.72
PTGC.2023.304.04.46.15,PTGC,2023.304.04.46.15,unlabelled,,,,,0,0,0.0,0.0,,,4.810999870300293,-74.6760025024414,24.94,1.7,4.199,-72.133833,170.0,290.13,283.59
PTGC.2023.305.09.08.01,PTGC,2023.305.09.08.01,unlabelled,,,,,0,0,0.0,0.0,,,3.8919999599456787,-74.22799682617188,15.92,1.6,4.199,-72.133833,170.0,235.01,261.77
PTGC.2023.306.04.41.51,PTGC,2023.306.04.41.51,unlabelled,,,,,0,0,0.0,0.0,,,5.538000106811523,-74.68299865722656,19.96,1.5,4.199,-72.133833,170.0,319.17,297.74
PTGC.2023.307.05.40.05,PTGC,2023.307.05.40.05,unlabelled,,,,,0,0,0.0,0.0,,,6.60099983215332,-73.36499786376953,16.04,1.7,4.199,-72.133833,170.0,298.62,332.87
PTGC.2023.308.05.29.19,PTGC,2023.308.05.29.19,unlabelled,,,,,0,0,0.0,0.0,,,4.400000095367432,-73.68299865722656,10.26,1.5,4.199,-72.133833,170.0,173.4,277.42
PTGC.2023.309.15.23.27,PTGC,2023.309.15.23.27,unlabelled,,,,,0,0,0.0,0.0,,,3.496000051498413,-74.1989974975586,12.99,1.5,4.199,-72.133833,170.0,242.19,251.35
PTGC.2023.309.17.52.31,PTGC,2023.309.17.52.31,unlabelled,,,,,0,0,0.0,0.0,-0.09,,5.110000133514404,-73.03299713134766,13.4,2.5,4.199,-72.133833,170.0,141.78,315.31
PTGC.2023.310.00.10.15,PTGC,2023.310.00.10.15,unlabelled,,,,,0,0,0.0,0.0,,,3.4679999351501465,-74.20700073242188,10.88,1.5,4.199,-72.133833,170.0,244.05,250.73
PTGC.2023.310.00.11.44,PTGC,2023.310.00.11.44,unlabelled,,,,,0,0,0.0,0.0,,,3.624000072479248,-74.41400146484375,24.88,1.5,4.199,-72.133833,170.0,261.1,255.99
PTGC.2023.310.01.03.37,PTGC,2023.310.01.03.37,unlabelled,,,,,0,0,0.0,0.0,,,6.533999919891357,-71.85600280761719,0.0,2.4,4.199,-72.133833,170.0,260.04,6.79
PTGC.2023.310.11.33.23,PTGC,2023.310.11.33.23,unlabelled,,,,,0,0,0.0,0.0,,,6.7729997634887695,-71.81800079345703,3.0,1.9,4.199,-72.133833,170.0,286.79,7.0
PTGC.2023.310.15.53.52,PTGC,2023.310.15.53.52,unlabelled,,,,,0,0,0.0,0.0,,,6.908999919891357,-72.11399841308594,13.16,1.8,4.199,-72.133833,170.0,299.69,0.42
PTGC.2023.311.10.09.49,PTGC,2023.311.10.09.49,unlabelled,,,,,0,0,0.0,0.0,,,4.929999828338623,-73.2760009765625,10.59,1.5,4.199,-72.133833,170.0,150.33,302.57
PTGC.2023.311.20.04.13,PTGC,2023.311.20.04.13,unlabelled,,,,,0,0,0.0,0.0,,,4.449999809265137,-73.63600158691406,9.36,1.7,4.199,-72.133833,170.0,169.04,279.51
PTGC.2023.311.21.16.30,PTGC,2023.311.21.16.30,unlabelled,,,,,0,0,0.0,0.0,,,5.697999954223633,-73.43299865722656,10.12,2.0,4.199,-72.133833,170.0,219.63,319.06
PTGC.2023.312.08.47.48,PTGC,2023.312.08.47.48,unlabelled,,,,,0,0,0.0,0.0,,,4.947999954223633,-74.66300201416016,30.92,2.1,4.199,-72.133833,170.0,292.62,286.54
PTGC.2023.312.10.40.43,PTGC,2023.312.10.40.43,unlabelled,,,,,0,0,0.0,0.0,,,4.019000053405762,-74.11100006103516,12.52,1.7,4.199,-72.133833,170.0,220.44,264.89
PTGC.2023.313.20.19.54,PTGC,2023.313.20.19.54,unlabelled,,,,,0,0,0.0,0.0,,,6.296000003814697,-74.01899719238281,31.81,1.6,4.199,-72.133833,170.0,312.16,318.06
PTGC.2023.313.23.14.04,PTGC,2023.313.23.14.04,unlabelled,,,,,0,0,0.0,0.0,,,3.8559999465942383,-73.70099639892578,14.86,1.6,4.199,-72.133833,170.0,178.11,257.76
PTGC.2023.314.11.45.03,PTGC,2023.314.11.45.03,unlabelled,,,,,0,0,0.0,0.0,,,5.798999786376953,-72.77100372314453,14.22,1.6,4.199,-72.133833,170.0,190.52,338.26
PTGC.2023.314.15.00.49,PTGC,2023.314.15.00.49,unlabelled,,,,,0,0,0.0,0.0,,,4.421000003814697,-74.01699829101562,1.59,1.5,4.199,-72.133833,170.0,210.48,276.77
PTGC.2023.315.13.33.56,PTGC,2023.315.13.33.56,unlabelled,,,,,0,0,0.0,0.0,,,4.025000095367432,-74.11000061035156,16.04,1.5,4.199,-72.133833,170.0,220.27,265.06
PTGC.2023.316.16.38.53,PTGC,2023.316.16.38.53,unlabelled,,,,,0,0,0.0,0.0,,,5.946000099182129,-72.43900299072266,24.65,2.0,4.199,-72.133833,170.0,196.13,350.08
PTGC.2023.316.18.52.12,PTGC,2023.316.18.52.12,unlabelled,,,,,0,0,0.0,0.0,,,4.791999816894531,-74.77400207519531,25.82,2.7,4.199,-72.133833,170.0,300.25,282.72
PTGC.2023.317.00.33.15,PTGC,2023.317.00.33.15,unlabelled,,,,,0,0,0.0,0.0,,,6.589000225067139,-71.79199981689453,32.84,1.7,4.199,-72.133833,170.0,267.0,8.14
PTGC.2023.318.08.07.46,PTGC,2023.318.08.07.46,unlabelled,,,,,0,0,0.0,0.0,,,5.8379998207092285,-74.26899719238281,-0.01,2.3,4.199,-72.133833,170.0,298.18,307.52
PTGC.2023.319.04.49.24,PTGC,2023.319.04.49.24,unlabelled,,,,,0,0,0.0,0.0,,,6.668000221252441,-71.90299987792969,32.38,2.1,4.199,-72.133833,170.0,274.23,5.34
PTGC.2023.319.11.24.41,PTGC,2023.319.11.24.41,unlabelled,,,,,0,0,0.0,0.0,,,3.4630000591278076,-74.73500061035156,38.24,1.5,4.199,-72.133833,170.0,300.16,254.36
PTGC.2023.319.17.15.07,PTGC,2023.319.17.15.07,unlabelled,,,,,0,0,0.0,0.0,,,4.171999931335449,-73.75,6.57,1.8,4.199,-72.133833,170.0,179.46,269.11
PTGC.2023.320.08.08.06,PTGC,2023.320.08.08.06,unlabelled,,,,,0,0,0.0,0.0,,,4.170000076293945,-73.76100158691406,8.51,1.8,4.199,-72.133833,170.0,180.68,269.04
PTGC.2023.320.11.14.16,PTGC,2023.320.11.14.16,unlabelled,,,,,0,0,0.0,0.0,,,4.482999801635742,-73.5459976196289,12.75,1.6,4.199,-72.133833,170.0,159.87,281.38
PTGC.2023.320.13.44.30,PTGC,2023.320.13.44.30,unlabelled,,,,,0,0,0.0,0.0,,,6.447999954223633,-71.88400268554688,13.4,2.0,4.199,-72.133833,170.0,250.24,6.34
PTGC.2023.321.00.46.44,PTGC,2023.321.00.46.44,unlabelled,,,,,0,0,0.0,0.0,,,7.011000156402588,-72.33499908447266,13.16,1.5,4.199,-72.133833,170.0,311.76,355.91
PTGC.2023.321.07.27.51,PTGC,2023.321.07.27.51,unlabelled,,,,,0,0,0.0,0.0,,,6.857999801635742,-73.48600006103516,2.3,1.7,4.199,-72.133833,170.0,330.01,333.06
PTGC.2023.321.08.51.10,PTGC,2023.321.08.51.10,unlabelled,,,,,0,0,0.0,0.0,,,6.2829999923706055,-73.94000244140625,34.64,1.5,4.199,-72.133833,170.0,305.28,319.09
PTGC.2023.321.14.25.49,PTGC,2023.321.14.25.49,unlabelled,,,,,0,0,0.0,0.0,,,4.01800012588501,-74.10800170898438,16.04,1.5,4.199,-72.133833,170.0,220.11,264.85
PTGC.2023.322.00.30.41,PTGC,2023.322.00.30.41,unlabelled,,,,,0,0,0.0,0.0,,,3.440000057220459,-74.46299743652344,15.57,1.9,4.199,-72.133833,170.0,271.98,252.11
PTGC.2023.323.03.16.41,PTGC,2023.323.03.16.41,unlabelled,,,,,0,0,0.0,0.0,,,6.489999771118164,-73.38200378417969,15.98,1.5,4.199,-72.133833,170.0,288.66,331.42
PTGC.2023.323.07.33.46,PTGC,2023.323.07.33.46,unlabelled,,,,,0,0,0.0,0.0,,,3.6110000610351562,-74.45600128173828,27.46,2.0,4.199,-72.133833,170.0,265.98,255.93
PTGC.2023.325.15.40.14,PTGC,2023.325.15.40.14,unlabelled,,,,,0,0,0.0,0.0,,,6.373000144958496,-72.40499877929688,13.05,1.5,4.199,-72.133833,170.0,242.28,352.89
PTGC.2023.326.03.00.41,PTGC,2023.326.03.00.41,unlabelled,,,,,0,0,0.0,0.0,,,6.2210001945495605,-73.59700012207031,37.55,1.9,4.199,-72.133833,170.0,276.24,324.1
PTGC.2023.326.07.00.25,PTGC,2023.326.07.00.25,unlabelled,,,,,0,0,0.0,0.0,,,5.688000202178955,-74.40299987792969,32.15,1.5,4.199,-72.133833,170.0,300.74,303.29
PTGC.2023.326.07.30.33,PTGC,2023.326.07.30.33,unlabelled,,,,,0,0,0.0,0.0,-1.04,,5.473999977111816,-72.62899780273438,11.52,1.6,4.199,-72.133833,170.0,151.31,338.74
PTGC.2023.326.22.15.40,PTGC,2023.326.22.15.40,unlabelled,,,,,0,0,0.0,0.0,,,7.066999912261963,-72.45600128173828,12.11,1.5,4.199,-72.133833,170.0,319.16,353.59
PTGC.2023.327.07.57.35,PTGC,2023.327.07.57.35,unlabelled,,,,,0,0,0.0,0.0,,,7.065999984741211,-72.15299987792969,19.02,1.8,4.199,-72.133833,170.0,317.05,359.62
PTGC.2023.328.03.03.37,PTGC,2023.328.03.03.37,unlabelled,,,,,0,0,0.0,0.0,,,5.142000198364258,-73.2040023803711,15.98,1.5,4.199,-72.133833,170.0,158.03,311.33
PTGC.2023.328.22.55.04,PTGC,2023.328.22.55.04,unlabelled,,,,,0,0,0.0,0.0,,,3.2960000038146973,-74.62799835205078,22.3,1.5,4.199,-72.133833,170.0,294.5,250.27
PTGC.2023.328.23.09.44,PTGC,2023.328.23.09.44,unlabelled,,,,,0,0,0.0,0.0,,,3.575000047683716,-74.44999694824219,26.52,1.7,4.199,-72.133833,170.0,266.34,255.07
PTGC.2023.329.00.34.10,PTGC,2023.329.00.34.10,unlabelled,,,,,0,0,0.0,0.0,,,4.505000114440918,-73.5999984741211,33.38,1.6,4.199,-72.133833,170.0,166.23,281.8
PTGC.2023.329.08.01.24,PTGC,2023.329.08.01.24,unlabelled,,,,,0,0,0.0,0.0,,,4.5,-73.5999984741211,34.67,2.2,4.199,-72.133833,170.0,166.11,281.61
PTGC.2023.329.16.17.35,PTGC,2023.329.16.17.35,unlabelled,,,,,0,0,0.0,0.0,,,3.7079999446868896,-73.95999908447266,21.19,2.0,4.199,-72.133833,170.0,209.95,255.08
PTGC.2023.329.18.18.43,PTGC,2023.329.18.18.43,unlabelled,,,,,0,0,0.0,0.0,,,3.630000114440918,-74.3270034790039,22.01,1.8,4.199,-72.133833,170.0,251.57,255.59
PTGC.2023.330.07.38.21,PTGC,2023.330.07.38.21,unlabelled,,,,,0,0,0.0,0.0,,,5.888999938964844,-72.45600128173828,21.37,2.0,4.199,-72.133833,170.0,190.27,349.19
PTGC.2023.330.16.48.16,PTGC,2023.330.16.48.16,unlabelled,,,,,0,0,0.0,0.0,,,5.236999988555908,-73.01599884033203,15.04,1.8,4.199,-72.133833,170.0,150.84,319.58
PTGC.2023.330.19.17.37,PTGC,2023.330.19.17.37,unlabelled,,,,,0,0,0.0,0.0,,,3.499000072479248,-74.197998046875,11.46,2.2,4.199,-72.133833,170.0,241.98,251.42
PTGC.2023.331.02.38.53,PTGC,2023.331.02.38.53,unlabelled,,,,,0,0,0.0,0.0,,,3.5139999389648438,-74.53700256347656,3.34,3.0,4.199,-72.133833,170.0,277.46,254.24
PTGC.2023.331.04.10.30,PTGC,2023.331.04.10.30,unlabelled,,,,,0,0,0.0,0.0,,,4.714000225067139,-73.38999938964844,11.11,2.0,4.199,-72.133833,170.0,150.6,292.27
PTGC.2023.331.15.34.02,PTGC,2023.331.15.34.02,unlabelled,,,,,0,0,0.0,0.0,,,3.6070001125335693,-74.44400024414062,24.88,1.5,4.199,-72.133833,170.0,264.79,255.77
PTGC.2023.334.01.42.43,PTGC,2023.334.01.42.43,unlabelled,,,,,0,0,0.0,0.0,,,4.361000061035156,-73.68900299072266,11.14,1.6,4.199,-72.133833,170.0,173.57,275.98
PTGC.2023.334.10.50.06,PTGC,2023.334.10.50.06,unlabelled,,,,,0,0,0.0,0.0,,,3.9170000553131104,-74.11000061035156,16.04,2.1,4.199,-72.133833,170.0,221.64,261.98
PTGC.2023.334.18.10.24,PTGC,2023.334.18.10.24,unlabelled,,,,,0,0,0.0,0.0,,,5.760000228881836,-74.41600036621094,19.02,2.1,4.199,-72.133833,170.0,306.35,304.39
PTGC.2023.335.00.29.54,PTGC,2023.335.00.29.54,unlabelled,,,,,0,0,0.0,0.0,,,5.158999919891357,-74.73500061035156,28.4,1.5,4.199,-72.133833,170.0,307.5,290.3
PTGC.2023.335.16.04.13,PTGC,2023.335.16.04.13,unlabelled,,,,,0,0,0.0,0.0,,,3.4570000171661377,-74.18299865722656,11.7,1.7,4.199,-72.133833,170.0,241.94,250.25
PTGC.2023.335.21.25.38,PTGC,2023.335.21.25.38,unlabelled,,,,,0,0,0.0,0.0,,,4.427999973297119,-73.64299774169922,9.03,1.5,4.199,-72.133833,170.0,169.43,278.65
PTGC.2023.336.13.11.59,PTGC,2023.336.13.11.59,unlabelled,,,,,0,0,0.0,0.0,,,7.071000099182129,-72.22899627685547,13.05,1.8,4.199,-72.133833,170.0,317.78,358.1
PTGC.2023.336.15.54.11,PTGC,2023.336.15.54.11,unlabelled,,,,,0,0,0.0,0.0,,,7.076000213623047,-72.16799926757812,15.98,2.1,4.199,-72.133833,170.0,318.18,359.32
PTGC.2023.337.08.48.03,PTGC,2023.337.08.48.03,unlabelled,,,,,0,0,0.0,0.0,,,5.163000106811523,-73.14199829101562,21.37,1.6,4.199,-72.133833,170.0,154.52,313.66
PTGC.2023.337.11.03.59,PTGC,2023.337.11.03.59,unlabelled,,,,,0,0,0.0,0.0,,,7.103000164031982,-72.48999786376953,-0.01,1.5,4.199,-72.133833,170.0,323.55,353.01
PTGC.2023.337.13.55.52,PTGC,2023.337.13.55.52,unlabelled,,,,,0,0,0.0,0.0,,,5.890999794006348,-72.50299835205078,19.49,1.6,4.199,-72.133833,170.0,191.53,347.67
PTGC.2023.338.11.45.01,PTGC,2023.338.11.45.01,unlabelled,,,,,0,0,0.0,0.0,,,5.076000213623047,-73.35299682617188,18.09,1.6,4.199,-72.133833,170.0,166.45,305.69
PTGC.2023.339.02.54.43,PTGC,2023.339.02.54.43,unlabelled,,,,,0,0,0.0,0.0,,,6.827000141143799,-72.16600036621094,15.98,1.5,4.199,-72.133833,170.0,290.64,359.3
PTGC.2023.339.07.00.22,PTGC,2023.339.07.00.22,unlabelled,,,,,0,0,0.0,0.0,,,6.53000020980835,-72.1240005493164,15.98,1.5,4.199,-72.133833,170.0,257.77,0.24
PTGC.2023.339.08.46.56,PTGC,2023.339.08.46.56,unlabelled,,,,,0,0,0.0,0.0,,,6.947000026702881,-71.89099884033203,23.01,1.9,4.199,-72.133833,170.0,305.08,5.05
PTGC.2023.362.22.24.43,PTGC,2023.362.22.24.43,unlabelled,,,,,0,0,0.0,0.0,,,6.074999809265137,-73.54399871826172,19.02,1.5,4.199,-72.133833,170.0,259.77,323.06
PTGC.2023.363.04.21.05,PTGC,2023.363.04.21.05,unlabelled,,,,,0,0,0.0,0.0,,,6.307000160217285,-72.52300262451172,0.05,1.9,4.199,-72.133833,170.0,237.07,349.53
PTGC.2023.363.12.34.06,PTGC,2023.363.12.34.06,unlabelled,,,,,0,0,0.0,0.0,,,4.708000183105469,-74.78900146484375,27.23,2.2,4.199,-72.133833,170.0,300.01,280.91
PTGC.2023.363.19.52.36,PTGC,2023.363.19.52.36,unlabelled,,,,,0,0,0.0,0.0,,,4.218999862670898,-73.76499938964844,9.91,1.5,4.199,-72.133833,170.0,181.11,270.76
PTGC.2023.363.20.56.16,PTGC,2023.363.20.56.16,unlabelled,,,,,0,0,0.0,0.0,,,5.953000068664551,-72.60700225830078,16.33,1.7,4.199,-72.133833,170.0,200.93,344.88
PTGC.2023.364.03.41.04,PTGC,2023.364.03.41.04,unlabelled,,,,,0,0,0.0,0.0,,,4.711999893188477,-74.75199890136719,28.57,2.0,4.199,-72.133833,170.0,296.06,281.15
PTGC.2023.365.08.33.37,PTGC,2023.365.08.33.37,unlabelled,,,,,0,0,0.0,0.0,,,3.384000062942505,-74.37699890136719,16.04,2.1,4.199,-72.133833,170.0,264.96,250.19
PTGC.2023.365.15.14.37,PTGC,2023.365.15.14.37,unlabelled,,,,,0,0,0.0,0.0,,,5.201000213623047,-73.0270004272461,17.15,1.8,4.199,-72.133833,170.0,148.65,318.23
PTGC.2023.365.18.28.03,PTGC,2023.365.18.28.03,unlabelled,,,,,0,0,0.0,0.0,,,4.400000095367432,-73.7750015258789,1.47,1.6,4.199,-72.133833,170.0,183.53,277.02
PTGC.2024.001.19.25.12,PTGC,2024.001.19.25.12,unlabelled,,,,,0,0,0.0,0.0,,,5.063000202178955,-74.83300018310547,27.93,1.5,4.199,-72.133833,170.0,314.36,287.8
PTGC.2024.003.05.13.16,PTGC,2024.003.05.13.16,unlabelled,,,,,0,0,0.0,0.0,,,5.7870001792907715,-72.75700378417969,22.07,1.5,4.199,-72.133833,170.0,188.71,338.54
PTGC.2024.003.09.30.42,PTGC,2024.003.09.30.42,unlabelled,,,,,0,0,0.0,0.0,,,5.742000102996826,-74.16699981689453,37.42,1.5,4.199,-72.133833,170.0,282.76,307.2
PTGC.2024.003.14.27.12,PTGC,2024.003.14.27.12,unlabelled,,,,,0,0,0.0,0.0,,,3.8450000286102295,-73.6719970703125,14.28,1.5,4.199,-72.133833,170.0,175.24,257.15
PTGC.2024.003.17.21.17,PTGC,2024.003.17.21.17,unlabelled,,,,,0,0,0.0,0.0,,,4.355999946594238,-73.81600189208984,1.01,1.4,4.199,-72.133833,170.0,187.55,275.37
PTGC.2024.003.18.37.39,PTGC,2024.003.18.37.39,unlabelled,,,,,0,0,0.0,0.0,,,3.563999891281128,-74.09300231933594,9.82,1.5,4.199,-72.133833,170.0,228.64,252.18
PTGC.2024.003.19.37.57,PTGC,2024.003.19.37.57,unlabelled,,,,,0,0,0.0,0.0,,,3.2690000534057617,-74.72799682617188,22.07,1.7,4.199,-72.133833,170.0,305.97,250.45
PTGC.2024.004.05.41.15,PTGC,2024.004.05.41.15,unlabelled,,,,,0,0,0.0,0.0,,,4.703999996185303,-74.79299926757812,33.79,2.2,4.199,-72.133833,170.0,300.37,280.82
PTGC.2024.004.08.44.43,PTGC,2024.004.08.44.43,unlabelled,,,,,0,0,0.0,0.0,,,4.295000076293945,-73.70099639892578,9.27,1.7,4.199,-72.133833,170.0,174.3,273.55
PTGC.2024.005.15.54.54,PTGC,2024.005.15.54.54,unlabelled,,,,,0,0,0.0,0.0,,,5.089000225067139,-73.375,15.98,1.7,4.199,-72.133833,170.0,169.27,305.6
PTGC.2024.006.00.52.55,PTGC,2024.006.00.52.55,unlabelled,,,,,0,0,0.0,0.0,,,4.791999816894531,-74.83399963378906,22.3,1.6,4.199,-72.133833,170.0,306.75,282.45
PTGC.2024.006.01.41.07,PTGC,2024.006.01.41.07,unlabelled,,,,,0,0,0.0,0.0,,,5.683000087738037,-72.77799987792969,25.7,1.9,4.199,-72.133833,170.0,178.98,336.5
PTGC.2024.006.03.09.52,PTGC,2024.006.03.09.52,unlabelled,,,,,0,0,0.0,0.0,,,6.0,-72.63700103759766,19.14,1.7,4.199,-72.133833,170.0,206.83,344.37
PTGC.2024.006.06.13.41,PTGC,2024.006.06.13.41,unlabelled,,,,,0,0,0.0,0.0,,,7.13700008392334,-72.16200256347656,9.53,1.8,4.199,-72.133833,170.0,324.91,359.45
PTGC.2024.006.13.12.28,PTGC,2024.006.13.12.28,unlabelled,,,,,0,0,0.0,0.0,,,4.3460001945495605,-73.7040023803711,12.99,2.5,4.199,-72.133833,170.0,175.06,275.39
PTGC.2024.006.23.29.59,PTGC,2024.006.23.29.59,unlabelled,,,,,0,0,0.0,0.0,,,7.052999973297119,-72.34100341796875,10.35,1.8,4.199,-72.133833,170.0,316.44,355.85
PTGC.2024.008.08.04.08,PTGC,2024.008.08.04.08,unlabelled,,,,,0,0,0.0,0.0,,,3.5369999408721924,-74.22000122070312,13.63,1.5,4.199,-72.133833,170.0,242.99,252.54
PTGC.2024.010.03.36.49,PTGC,2024.010.03.36.49,unlabelled,,,,,0,0,0.0,0.0,,,3.4519999027252197,-74.62799835205078,18.96,2.6,4.199,-72.133833,170.0,289.09,253.48
PTGC.2024.010.03.43.00,PTGC,2024.010.03.43.00,unlabelled,,,,,0,0,0.0,0.0,,,3.6429998874664307,-73.97699737548828,15.98,1.6,4.199,-72.133833,170.0,213.74,253.35
PTGC.2024.010.19.49.51,PTGC,2024.010.19.49.51,unlabelled,,,,,0,0,0.0,0.0,,,4.5879998207092285,-73.5530014038086,11.82,1.5,4.199,-72.133833,170.0,163.29,285.33
PTGC.2024.010.23.30.27,PTGC,2024.010.23.30.27,unlabelled,,,,,0,0,0.0,0.0,,,6.046999931335449,-72.70500183105469,24.77,2.0,4.199,-72.133833,170.0,213.94,342.81
PTGC.2024.011.04.31.14,PTGC,2024.011.04.31.14,unlabelled,,,,,0,0,0.0,0.0,,,5.821000099182129,-73.11399841308594,9.65,1.6,4.199,-72.133833,170.0,209.73,328.83
PTGC.2024.012.18.03.33,PTGC,2024.012.18.03.33,unlabelled,,,,,0,0,0.0,0.0,,,3.4149999618530273,-74.31999969482422,20.2,2.0,4.199,-72.133833,170.0,257.84,250.43
PTGC.2024.012.20.23.13,PTGC,2024.012.20.23.13,unlabelled,,,,,0,0,0.0,0.0,,,5.669000148773193,-72.31400299072266,5.18,2.2,4.199,-72.133833,170.0,163.78,353.0
PTGC.2024.013.22.00.14,PTGC,2024.013.22.00.14,unlabelled,,,,,0,0,0.0,0.0,,,5.46999979019165,-73.88099670410156,23.48,1.9,4.199,-72.133833,170.0,239.4,306.02
PTGC.2024.014.03.28.32,PTGC,2024.014.03.28.32,unlabelled,,,,,0,0,0.0,0.0,,,6.577000141143799,-72.12799835205078,18.2,1.7,4.199,-72.133833,170.0,262.97,0.14
PTGC.2024.015.05.23.21,PTGC,2024.015.05.23.21,unlabelled,,,,,0,0,0.0,0.0,,,3.628000020980835,-74.37999725341797,20.37,1.9,4.199,-72.133833,170.0,257.33,255.87
PTGC.2024.015.14.03.53,PTGC,2024.015.14.03.53,unlabelled,,,,,0,0,0.0,0.0,,,5.138000011444092,-73.08200073242188,15.98,2.2,4.199,-72.133833,170.0,147.81,314.66
PTGC.2024.016.08.27.53,PTGC,2024.016.08.27.53,unlabelled,,,,,0,0,0.0,0.0,,,6.586999893188477,-72.78099822998047,15.98,1.6,4.199,-72.133833,170.0,273.64,344.83
PTGC.2024.016.20.03.10,PTGC,2024.016.20.03.10,unlabelled,,,,,0,0,0.0,0.0,,,3.563999891281128,-74.0780029296875,11.82,1.7,4.199,-72.133833,170.0,227.06,252.05
PTGC.2024.016.21.45.35,PTGC,2024.016.21.45.35,unlabelled,,,,,0,0,0.0,0.0,,,3.490999937057495,-74.197998046875,12.93,1.7,4.199,-72.133833,170.0,242.27,251.22
PTGC.2024.016.22.28.56,PTGC,2024.016.22.28.56,unlabelled,,,,,0,0,0.0,0.0,,,5.413000106811523,-73.84500122070312,22.54,1.9,4.199,-72.133833,170.0,232.49,305.34
PTGC.2024.017.00.37.55,PTGC,2024.017.00.37.55,unlabelled,,,,,0,0,0.0,0.0,,,5.46999979019165,-74.70800018310547,19.02,1.7,4.199,-72.133833,170.0,318.25,296.31
PTGC.2024.017.08.11.27,PTGC,2024.017.08.11.27,unlabelled,,,,,0,0,0.0,0.0,,,4.5320000648498535,-74.86299896240234,25.12,1.9,4.199,-72.133833,170.0,305.16,277.03
PTGC.2024.017.20.17.28,PTGC,2024.017.20.17.28,unlabelled,,,,,0,0,0.0,0.0,,,3.565999984741211,-74.10199737548828,12.4,1.9,4.199,-72.133833,170.0,229.53,252.31
PTGC.2024.018.10.13.40,PTGC,2024.018.10.13.40,unlabelled,,,,,0,0,0.0,0.0,,,3.503999948501587,-74.21299743652344,13.34,2.2,4.199,-72.133833,170.0,243.38,251.66
PTGC.2024.020.10.29.11,PTGC,2024.020.10.29.11,unlabelled,,,,,0,0,0.0,0.0,,,5.184000015258789,-74.64299774169922,30.27,1.5,4.199,-72.133833,170.0,298.94,291.47
PTGC.2024.020.14.11.36,PTGC,2024.020.14.11.36,unlabelled,,,,,0,0,0.0,0.0,,,4.791999816894531,-74.7490005493164,22.07,1.7,4.199,-72.133833,170.0,297.54,282.83
PTGC.2024.021.02.36.39,PTGC,2024.021.02.36.39,unlabelled,,,,,0,0,0.0,0.0,,,4.504000186920166,-74.66200256347656,23.65,1.8,4.199,-72.133833,170.0,282.65,276.95
PTGC.2024.021.04.45.54,PTGC,2024.021.04.45.54,unlabelled,,,,,0,0,0.0,0.0,,,3.489000082015991,-74.30500030517578,19.02,1.7,4.199,-72.133833,170.0,253.61,252.04
PTGC.2024.021.16.46.38,PTGC,2024.021.16.46.38,unlabelled,,,,,0,0,0.0,0.0,,,3.3380000591278076,-74.51599884033203,15.98,1.8,4.199,-72.133833,170.0,281.22,250.29
PTGC.2024.023.01.09.36,PTGC,2024.023.01.09.36,unlabelled,,,,,0,0,0.0,0.0,,,6.191999912261963,-74.25,19.94,1.6,4.199,-72.133833,170.0,321.88,313.3
PTGC.2024.023.15.00.37,PTGC,2024.023.15.00.37,unlabelled,,,,,0,0,0.0,0.0,,,4.4070000648498535,-74.00399780273438,4.49,1.6,4.199,-72.133833,170.0,208.87,276.39
PTGC.2024.023.16.00.31,PTGC,2024.023.16.00.31,unlabelled,,,,,0,0,0.0,0.0,,,4.414000034332275,-74.01699829101562,6.16,1.6,4.199,-72.133833,170.0,210.39,276.56
PTGC.2024.024.09.51.07,PTGC,2024.024.09.51.07,unlabelled,,,,,0,0,0.0,0.0,,,5.163000106811523,-73.12300109863281,16.21,1.7,4.199,-72.133833,170.0,153.0,314.21
PTGC.2024.024.21.40.47,PTGC,2024.024.21.40.47,unlabelled,,,,,0,0,0.0,0.0,,,3.638000011444092,-74.45700073242188,28.98,2.4,4.199,-72.133833,170.0,265.37,256.56
PTGC.2024.025.05.21.34,PTGC,2024.025.05.21.34,unlabelled,,,,,0,0,0.0,0.0,,,4.314000129699707,-75.08999633789062,20.84,1.8,4.199,-72.133833,170.0,328.42,272.33
PTGC.2024.026.06.14.26,PTGC,2024.026.06.14.26,unlabelled,,,,,0,0,0.0,0.0,,,4.335999965667725,-73.72899627685547,10.5,1.8,4.199,-72.133833,170.0,177.73,274.95
PTGC.2024.026.06.27.32,PTGC,2024.026.06.27.32,unlabelled,,,,,0,0,0.0,0.0,,,6.406000137329102,-72.23799896240234,19.61,2.4,4.199,-72.133833,170.0,244.33,357.3
PTGC.2024.026.06.54.25,PTGC,2024.026.06.54.25,unlabelled,,,,,0,0,0.0,0.0,,,5.335999965667725,-74.63500213623047,15.27,1.5,4.199,-72.133833,170.0,304.63,294.48
PTGC.2024.026.13.22.57,PTGC,2024.026.13.22.57,unlabelled,,,,,0,0,0.0,0.0,,,6.113999843597412,-74.00499725341797,0.0,2.0,4.199,-72.133833,170.0,296.45,315.67
PTGC.2024.026.13.56.44,PTGC,2024.026.13.56.44,unlabelled,,,,,0,0,0.0,0.0,,,4.660999774932861,-73.46199798583984,2.38,1.5,4.199,-72.133833,170.0,156.01,289.17
PTGC.2024.026.22.15.13,PTGC,2024.026.22.15.13,unlabelled,,,,,0,0,0.0,0.0,,,6.394999980926514,-72.16500091552734,4.85,2.0,4.199,-72.133833,170.0,242.87,359.19
PTGC.2024.027.08.32.33,PTGC,2024.027.08.32.33,unlabelled,,,,,0,0,0.0,0.0,,,6.0279998779296875,-72.41100311279297,24.57,1.8,4.199,-72.133833,170.0,204.58,351.37
PTGC.2024.028.03.27.14,PTGC,2024.028.03.27.14,unlabelled,,,,,0,0,0.0,0.0,,,7.125999927520752,-72.3270034790039,15.39,1.7,4.199,-72.133833,170.0,324.39,356.23
PTGC.2024.028.04.04.48,PTGC,2024.028.04.04.48,unlabelled,,,,,0,0,0.0,0.0,,,4.295000076293945,-74.9229965209961,24.24,2.3,4.199,-72.133833,170.0,309.82,272.07
PTGC.2024.028.08.21.40,PTGC,2024.028.08.21.40,unlabelled,,,,,0,0,0.0,0.0,,,4.577000141143799,-74.88300323486328,22.07,1.6,4.199,-72.133833,170.0,307.99,277.9
PTGC.2024.028.09.03.35,PTGC,2024.028.09.03.35,unlabelled,,,,,0,0,0.0,0.0,,,6.558000087738037,-72.08399963378906,8.0,1.5,4.199,-72.133833,170.0,260.93,1.21
PTGC.2024.028.12.38.06,PTGC,2024.028.12.38.06,unlabelled,,,,,0,0,0.0,0.0,,,4.171999931335449,-73.86599731445312,13.46,1.5,4.199,-72.133833,170.0,192.34,269.17
PTGC.2024.029.05.15.10,PTGC,2024.029.05.15.10,unlabelled,,,,,0,0,0.0,0.0,,,7.039999961853027,-72.34300231933594,13.16,1.8,4.199,-72.133833,170.0,315.03,355.79
PTGC.2024.030.05.48.41,PTGC,2024.030.05.48.41,unlabelled,,,,,0,0,0.0,0.0,,,3.6080000400543213,-74.4489974975586,28.98,1.5,4.199,-72.133833,170.0,265.3,255.82
PTGC.2024.030.08.36.01,PTGC,2024.030.08.36.01,unlabelled,,,,,0,0,0.0,0.0,,,3.625999927520752,-74.37000274658203,16.74,2.6,4.199,-72.133833,170.0,256.31,255.77
PTGC.2024.030.13.40.37,PTGC,2024.030.13.40.37,unlabelled,,,,,0,0,0.0,0.0,,,7.125999927520752,-72.33999633789062,16.33,1.6,4.199,-72.133833,170.0,324.49,355.97
PTGC.2024.031.08.20.06,PTGC,2024.031.08.20.06,unlabelled,,,,,0,0,0.0,0.0,,,5.296000003814697,-74.4000015258789,31.21,1.6,4.199,-72.133833,170.0,279.14,295.85
PTGC.2024.031.16.27.32,PTGC,2024.031.16.27.32,unlabelled,,,,,0,0,0.0,0.0,,,3.628000020980835,-74.11599731445312,9.59,1.8,4.199,-72.133833,170.0,229.02,254.07
PTGC.2024.031.17.23.31,PTGC,2024.031.17.23.31,unlabelled,,,,,0,0,0.0,0.0,,,6.965000152587891,-72.80699920654297,10.06,2.2,4.199,-72.133833,170.0,314.84,346.33
PTGC.2024.031.18.08.21,PTGC,2024.031.18.08.21,unlabelled,,,,,0,0,0.0,0.0,,,6.208000183105469,-73.78900146484375,0.5,1.5,4.199,-72.133833,170.0,288.14,320.52
PTGC.2024.031.18.20.30,PTGC,2024.031.18.20.30,unlabelled,,,,,0,0,0.0,0.0,,,6.116000175476074,-73.81099700927734,3.67,1.6,4.199,-72.133833,170.0,281.98,318.82
PTGC.2024.031.18.22.23,PTGC,2024.031.18.22.23,unlabelled,,,,,0,0,0.0,0.0,,,6.197000026702881,-73.78199768066406,0.19,1.7,4.199,-72.133833,170.0,286.71,320.48
PTGC.2024.032.00.03.36,PTGC,2024.032.00.03.36,unlabelled,,,,,0,0,0.0,0.0,,,4.241000175476074,-73.78099822998047,12.99,1.9,4.199,-72.133833,170.0,182.93,271.52
PTGC.2024.032.00.04.36,PTGC,2024.032.00.04.36,unlabelled,,,,,0,0,0.0,0.0,,,4.243000030517578,-73.77899932861328,12.78,1.8,4.199,-72.133833,170.0,182.71,271.59
PTGC.2024.033.14.49.33,PTGC,2024.033.14.49.33,unlabelled,,,,,0,0,0.0,0.0,,,3.5179998874664307,-74.07599639892578,3.99,1.5,4.199,-72.133833,170.0,228.48,250.82
PTGC.2024.034.17.12.26,PTGC,2024.034.17.12.26,unlabelled,,,,,0,0,0.0,0.0,,,5.584000110626221,-73.00800323486328,32.85,1.6,4.199,-72.133833,170.0,181.27,327.7
PTGC.2024.034.22.07.48,PTGC,2024.034.22.07.48,unlabelled,,,,,0,0,0.0,0.0,,,6.015999794006348,-72.48300170898438,24.74,1.6,4.199,-72.133833,170.0,204.63,349.11
PTGC.2024.035.01.50.24,PTGC,2024.035.01.50.24,unlabelled,,,,,0,0,0.0,0.0,,,6.752999782562256,-72.13600158691406,26.52,2.0,4.199,-72.133833,170.0,282.43,359.95
PTGC.2024.035.15.07.51,PTGC,2024.035.15.07.51,unlabelled,,,,,0,0,0.0,0.0,,,5.991000175476074,-72.74500274658203,25.12,1.7,4.199,-72.133833,170.0,209.43,341.15
PTGC.2024.036.07.12.06,PTGC,2024.036.07.12.06,unlabelled,,,,,0,0,0.0,0.0,,,5.619999885559082,-74.52799987792969,26.23,1.9,4.199,-72.133833,170.0,308.55,300.71
PTGC.2024.036.07.34.47,PTGC,2024.036.07.34.47,unlabelled,,,,,0,0,0.0,0.0,,,5.611999988555908,-74.53099822998047,24.41,1.7,4.199,-72.133833,170.0,308.39,300.54
PTGC.2024.036.21.04.21,PTGC,2024.036.21.04.21,unlabelled,,,,,0,0,0.0,0.0,,,4.939000129699707,-74.8280029296875,21.84,1.5,4.199,-72.133833,170.0,309.96,285.41
PTGC.2024.037.15.18.22,PTGC,2024.037.15.18.22,unlabelled,,,,,0,0,0.0,0.0,,,5.6529998779296875,-73.0530014038086,-0.04,1.7,4.199,-72.133833,170.0,190.38,327.66
PTGC.2024.037.19.11.49,PTGC,2024.037.19.11.49,unlabelled,,,,,0,0,0.0,0.0,,,4.685999870300293,-73.39099884033203,0.0,1.5,4.199,-72.133833,170.0,149.56,291.15
PTGC.2024.038.18.10.55,PTGC,2024.038.18.10.55,unlabelled,,,,,0,0,0.0,0.0,,,6.909999847412109,-72.05899810791016,0.0,2.1,4.199,-72.133833,170.0,299.91,1.58
PTGC.2024.038.20.06.20,PTGC,2024.038.20.06.20,unlabelled,,,,,0,0,0.0,0.0,,,6.855999946594238,-72.28199768066406,19.71,1.8,4.199,-72.133833,170.0,294.28,356.81
PTGC.2024.038.23.12.19,PTGC,2024.038.23.12.19,unlabelled,,,,,0,0,0.0,0.0,,,7.151000022888184,-72.31999969482422,15.79,1.6,4.199,-72.133833,170.0,327.1,356.39
PTGC.2024.039.13.43.15,PTGC,2024.039.13.43.15,unlabelled,,,,,0,0,0.0,0.0,,,5.0320000648498535,-73.2760009765625,15.98,2.4,4.199,-72.133833,170.0,156.67,306.06
PTGC.2024.039.21.39.03,PTGC,2024.039.21.39.03,unlabelled,,,,,0,0,0.0,0.0,,,4.513999938964844,-73.60099792480469,11.0,1.7,4.199,-72.133833,170.0,166.54,282.13
PTGC.2024.040.14.10.27,PTGC,2024.040.14.10.27,unlabelled,,,,,0,0,0.0,0.0,,,3.257999897003174,-74.74800109863281,27.23,1.8,4.199,-72.133833,170.0,308.47,250.37
PTGC.2024.040.21.00.11,PTGC,2024.040.21.00.11,unlabelled,,,,,0,0,0.0,0.0,,,3.3499999046325684,-74.4489974975586,13.05,1.7,4.199,-72.133833,170.0,273.77,250.02
PTGC.2024.041.04.09.29,PTGC,2024.041.04.09.29,unlabelled,,,,,0,0,0.0,0.0,,,5.179999828338623,-73.25499725341797,18.09,1.8,4.199,-72.133833,170.0,165.05,311.14
PTGC.2024.042.07.22.59,PTGC,2024.042.07.22.59,unlabelled,,,,,0,0,0.0,0.0,,,6.743000030517578,-72.19300079345703,27.81,1.6,4.199,-72.133833,170.0,281.4,358.67
PTGC.2024.042.20.39.57,PTGC,2024.042.20.39.57,unlabelled,,,,,0,0,0.0,0.0,,,3.382999897003174,-74.4020004272461,12.99,2.9,4.199,-72.133833,170.0,267.61,250.37
PTGC.2024.043.03.47.10,PTGC,2024.043.03.47.10,unlabelled,,,,,0,0,0.0,0.0,,,5.690999984741211,-72.85399627685547,-0.04,1.7,4.199,-72.133833,170.0,183.3,334.2
PTGC.2024.043.15.08.09,PTGC,2024.043.15.08.09,unlabelled,,,,,0,0,0.0,0.0,,,6.807000160217285,-73.24600219726562,14.39,1.9,4.199,-72.133833,170.0,313.63,336.91
PTGC.2024.044.08.18.07,PTGC,2024.044.08.18.07,unlabelled,,,,,0,0,0.0,0.0,,,5.826000213623047,-73.23999786376953,0.12,1.8,4.199,-72.133833,170.0,217.76,325.76
PTGC.2024.044.11.30.07,PTGC,2024.044.11.30.07,unlabelled,,,,,0,0,0.0,0.0,,,4.35699987411499,-73.7040023803711,10.26,1.6,4.199,-72.133833,170.0,175.18,275.78
PTGC.2024.045.17.23.18,PTGC,2024.045.17.23.18,unlabelled,,,,,0,0,0.0,0.0,,,6.169000148773193,-72.68800354003906,13.05,1.6,4.199,-72.133833,170.0,226.35,344.27
PTGC.2024.046.03.24.06,PTGC,2024.046.03.24.06,unlabelled,,,,,0,0,0.0,0.0,,,3.4630000591278076,-74.17500305175781,-0.05,1.5,4.199,-72.133833,170.0,240.88,250.32
PTGC.2024.047.11.18.37,PTGC,2024.047.11.18.37,unlabelled,,,,,0,0,0.0,0.0,,,4.355999946594238,-73.81600189208984,1.01,1.4,4.199,-72.133833,170.0,187.55,275.37
PTGC.2024.047.18.55.39,PTGC,2024.047.18.55.39,unlabelled,,,,,0,0,0.0,0.0,,,4.8379998207092285,-74.76899719238281,11.47,1.5,4.199,-72.133833,170.0,300.85,283.69
PTGC.2024.050.05.13.52,PTGC,2024.050.05.13.52,unlabelled,,,,,0,0,0.0,0.0,,,3.5940001010894775,-74.4010009765625,21.37,1.6,4.199,-72.133833,170.0,260.54,255.2
PTGC.2024.050.15.41.44,PTGC,2024.050.15.41.44,unlabelled,,,,,0,0,0.0,0.0,,,4.388000011444092,-73.59700012207031,6.98,1.6,4.199,-72.133833,170.0,163.76,277.39
PTGC.2024.052.07.06.29,PTGC,2024.052.07.06.29,unlabelled,,,,,0,0,0.0,0.0,,,6.133999824523926,-72.33599853515625,20.0,1.6,4.199,-72.133833,170.0,215.15,354.03
PTGC.2024.052.11.33.56,PTGC,2024.052.11.33.56,unlabelled,,,,,0,0,0.0,0.0,,,5.043000221252441,-73.26899719238281,13.05,1.9,4.199,-72.133833,170.0,156.77,306.58
PTGC.2024.052.20.59.43,PTGC,2024.052.20.59.43,unlabelled,,,,,0,0,0.0,0.0,,,5.046000003814697,-73.29399871826172,19.02,2.3,4.199,-72.133833,170.0,159.2,306.08
PTGC.2024.053.02.17.42,PTGC,2024.053.02.17.42,unlabelled,,,,,0,0,0.0,0.0,,,7.0920000076293945,-72.822998046875,7.36,1.7,4.199,-72.133833,170.0,328.91,346.61
PTGC.2024.053.04.01.11,PTGC,2024.053.04.01.11,unlabelled,,,,,0,0,0.0,0.0,,,3.427000045776367,-74.64399719238281,19.49,1.7,4.199,-72.133833,170.0,291.59,253.06
PTGC.2024.053.08.04.29,PTGC,2024.053.08.04.29,unlabelled,,,,,0,0,0.0,0.0,,,3.566999912261963,-74.4800033569336,27.93,1.9,4.199,-72.133833,170.0,269.79,255.07
PTGC.2024.053.17.58.34,PTGC,2024.053.17.58.34,unlabelled,,,,,0,0,0.0,0.0,,,5.309999942779541,-73.24400329589844,20.08,1.5,4.199,-72.133833,170.0,173.96,314.97
PTGC.2024.054.00.30.47,PTGC,2024.054.00.30.47,unlabelled,,,,,0,0,0.0,0.0,,,6.985000133514404,-72.3030014038086,23.71,2.2,4.199,-72.133833,170.0,308.66,356.53
PTGC.2024.054.04.50.10,PTGC,2024.054.04.50.10,unlabelled,,,,,0,0,0.0,0.0,,,4.788000106811523,-74.76799774169922,25.12,1.7,4.199,-72.133833,170.0,299.5,282.66
PTGC.2024.054.20.07.36,PTGC,2024.054.20.07.36,unlabelled,,,,,0,0,0.0,0.0,,,5.242000102996826,-73.20099639892578,18.67,1.6,4.199,-72.133833,170.0,165.29,314.29
PTGC.2024.054.23.24.31,PTGC,2024.054.23.24.31,unlabelled,,,,,0,0,0.0,0.0,,,7.122000217437744,-72.1259994506836,22.89,2.0,4.199,-72.133833,170.0,323.24,0.15
PTGC.2024.055.03.41.09,PTGC,2024.055.03.41.09,unlabelled,,,,,0,0,0.0,0.0,,,5.09499979019165,-74.73899841308594,24.88,1.5,4.199,-72.133833,170.0,305.57,289.02
PTGC.2024.055.06.17.32,PTGC,2024.055.06.17.32,unlabelled,,,,,0,0,0.0,0.0,,,5.875999927520752,-72.67400360107422,32.15,1.6,4.199,-72.133833,170.0,194.88,342.12
PTGC.2024.055.19.10.59,PTGC,2024.055.19.10.59,unlabelled,,,,,0,0,0.0,0.0,,,6.043000221252441,-72.45700073242188,3.27,1.7,4.199,-72.133833,170.0,207.04,350.05
PTGC.2024.055.19.41.17,PTGC,2024.055.19.41.17,unlabelled,,,,,0,0,0.0,0.0,,,3.569000005722046,-74.2030029296875,24.18,1.8,4.199,-72.133833,170.0,240.14,253.21
PTGC.2024.055.22.21.59,PTGC,2024.055.22.21.59,unlabelled,,,,,0,0,0.0,0.0,,,5.63700008392334,-74.53700256347656,19.02,1.5,4.199,-72.133833,170.0,310.37,300.92
PTGC.2024.057.19.56.54,PTGC,2024.057.19.56.54,unlabelled,,,,,0,0,0.0,0.0,,,4.290999889373779,-73.74700164794922,10.97,1.9,4.199,-72.133833,170.0,179.38,273.31
PTGC.2024.058.08.06.10,PTGC,2024.058.08.06.10,unlabelled,,,,,0,0,0.0,0.0,,,5.888999938964844,-72.54499816894531,8.75,1.5,4.199,-72.133833,170.0,192.37,346.31
PTGC.2024.058.17.32.04,PTGC,2024.058.17.32.04,unlabelled,,,,,0,0,0.0,0.0,,,3.3299999237060547,-74.37100219726562,21.84,1.6,4.199,-72.133833,170.0,266.44,248.94
PTGC.2024.059.09.26.07,PTGC,2024.059.09.26.07,unlabelled,,,,,0,0,0.0,0.0,,,4.210000038146973,-73.73899841308594,8.04,1.6,4.199,-72.133833,170.0,178.21,270.45
PTGC.2024.059.21.07.49,PTGC,2024.059.21.07.49,unlabelled,,,,,0,0,0.0,0.0,,,5.328000068664551,-72.98799896240234,18.09,2.1,4.199,-72.133833,170.0,156.73,322.84
PTGC.2024.060.10.39.52,PTGC,2024.060.10.39.52,unlabelled,,,,,0,0,0.0,0.0,,,3.486999988555908,-74.22599792480469,10.12,1.7,4.199,-72.133833,170.0,245.35,251.36
PTGC.2024.061.07.54.55,PTGC,2024.061.07.54.55,unlabelled,,,,,0,0,0.0,0.0,,,6.275000095367432,-72.3280029296875,4.15,1.7,4.199,-72.133833,170.0,230.58,354.65
PTGC.2024.061.08.34.08,PTGC,2024.061.08.34.08,unlabelled,,,,,0,0,0.0,0.0,,,6.742000102996826,-71.94100189208984,21.37,2.2,4.199,-72.133833,170.0,282.03,4.34
PTGC.2024.062.04.44.21,PTGC,2024.062.04.44.21,unlabelled,,,,,0,0,0.0,0.0,,,4.586999893188477,-74.7239990234375,22.01,2.1,4.199,-72.133833,170.0,290.68,278.59
PTGC.2024.062.06.00.25,PTGC,2024.062.06.00.25,unlabelled,,,,,0,0,0.0,0.0,,,3.388000011444092,-74.51100158691406,22.71,2.7,4.199,-72.133833,170.0,278.86,251.32
PTGC.2024.062.07.13.21,PTGC,2024.062.07.13.21,unlabelled,,,,,0,0,0.0,0.0,,,4.76200008392334,-74.71900177001953,25.06,1.9,4.199,-72.133833,170.0,293.58,282.34
PTGC.2024.062.08.34.27,PTGC,2024.062.08.34.27,unlabelled,,,,,0,0,0.0,0.0,,,5.747000217437744,-72.80000305175781,29.57,1.7,4.199,-72.133833,170.0,186.44,336.68
PTGC.2024.062.14.04.46,PTGC,2024.062.14.04.46,unlabelled,,,,,0,0,0.0,0.0,,,6.377999782562256,-73.0739974975586,18.79,2.3,4.199,-72.133833,170.0,262.53,336.65
PTGC.2024.062.20.04.45,PTGC,2024.062.20.04.45,unlabelled,,,,,0,0,0.0,0.0,,,4.5879998207092285,-74.9729995727539,18.91,1.6,4.199,-72.133833,170.0,318.05,277.88
PTGC.2024.062.20.08.36,PTGC,2024.062.20.08.36,unlabelled,,,,,0,0,0.0,0.0,,,4.561999797821045,-74.87000274658203,22.07,1.6,4.199,-72.133833,170.0,306.35,277.63
PTGC.2024.062.21.50.36,PTGC,2024.062.21.50.36,unlabelled,,,,,0,0,0.0,0.0,,,4.348999977111816,-73.81199645996094,4.29,2.1,4.199,-72.133833,170.0,187.03,275.15
PTGC.2024.063.06.37.39,PTGC,2024.063.06.37.39,unlabelled,,,,,0,0,0.0,0.0,,,6.449999809265137,-72.32499694824219,19.02,2.5,4.199,-72.133833,170.0,249.82,355.14
PTGC.2024.063.06.47.20,PTGC,2024.063.06.47.20,unlabelled,,,,,0,0,0.0,0.0,,,3.5920000076293945,-74.38600158691406,22.07,1.8,4.199,-72.133833,170.0,258.98,255.06
PTGC.2024.066.04.03.13,PTGC,2024.066.04.03.13,unlabelled,,,,,0,0,0.0,0.0,,,7.091000080108643,-72.2249984741211,18.09,1.8,4.199,-72.133833,170.0,319.97,358.2
PTGC.2024.066.13.05.54,PTGC,2024.066.13.05.54,unlabelled,,,,,0,0,0.0,0.0,,,5.1570000648498535,-73.16300201416016,19.02,1.7,4.199,-72.133833,170.0,155.76,312.89
PTGC.2024.066.16.56.28,PTGC,2024.066.16.56.28,unlabelled,,,,,0,0,0.0,0.0,,,3.5769999027252197,-74.30999755859375,17.68,1.6,4.199,-72.133833,170.0,251.29,254.19
PTGC.2024.066.19.40.57,PTGC,2024.066.19.40.57,unlabelled,,,,,0,0,0.0,0.0,,,3.4509999752044678,-74.11299896240234,19.02,1.5,4.199,-72.133833,170.0,234.88,249.45
PTGC.2024.066.19.42.14,PTGC,2024.066.19.42.14,unlabelled,,,,,0,0,0.0,0.0,,,3.378000020980835,-73.87799835205078,14.05,1.5,4.199,-72.133833,170.0,213.95,244.95
PTGC.2024.067.11.27.42,PTGC,2024.067.11.27.42,unlabelled,,,,,0,0,0.0,0.0,,,5.5329999923706055,-73.00299835205078,14.8,1.9,4.199,-72.133833,170.0,176.23,326.87
PTGC.2024.067.21.03.39,PTGC,2024.067.21.03.39,unlabelled,,,,,0,0,0.0,0.0,,,6.1519999504089355,-73.45899963378906,0.0,1.5,4.199,-72.133833,170.0,261.2,325.83
PTGC.2024.067.22.07.47,PTGC,2024.067.22.07.47,unlabelled,,,,,0,0,0.0,0.0,,,4.466000080108643,-73.61699676513672,10.03,2.0,4.199,-72.133833,170.0,167.26,280.22
PTGC.2024.068.03.06.24,PTGC,2024.068.03.06.24,unlabelled,,,,,0,0,0.0,0.0,,,6.71999979019165,-72.09700012207031,3.59,1.9,4.199,-72.133833,170.0,278.81,0.84
PTGC.2024.068.05.29.54,PTGC,2024.068.05.29.54,unlabelled,,,,,0,0,0.0,0.0,,,4.770999908447266,-74.76399993896484,22.07,1.6,4.199,-72.133833,170.0,298.67,282.33
PTGC.2024.068.07.13.06,PTGC,2024.068.07.13.06,unlabelled,,,,,0,0,0.0,0.0,,,4.5269999504089355,-73.5250015258789,15.33,2.0,4.199,-72.133833,170.0,158.62,283.27
PTGC.2024.068.20.01.25,PTGC,2024.068.20.01.25,unlabelled,,,,,0,0,0.0,0.0,,,4.4079999923706055,-74.03500366210938,12.4,1.5,4.199,-72.133833,170.0,212.31,276.32
PTGC.2024.068.23.57.53,PTGC,2024.068.23.57.53,unlabelled,,,,,0,0,0.0,0.0,,,7.0229997634887695,-72.08200073242188,0.0,1.9,4.199,-72.133833,170.0,312.35,1.05
PTGC.2024.069.00.00.20,PTGC,2024.069.00.00.20,unlabelled,,,,,0,0,0.0,0.0,,,5.926000118255615,-72.51499938964844,1.83,1.9,4.199,-72.133833,170.0,195.6,347.54
PTGC.2024.069.14.12.18,PTGC,2024.069.14.12.18,unlabelled,,,,,0,0,0.0,0.0,,,6.3480000495910645,-72.12300109863281,7.0,2.1,4.199,-72.133833,170.0,237.65,0.29
PTGC.2024.069.14.31.50,PTGC,2024.069.14.31.50,unlabelled,,,,,0,0,0.0,0.0,,,6.123000144958496,-74.27799987792969,15.39,1.8,4.199,-72.133833,170.0,319.02,311.92
PTGC.2024.069.20.10.31,PTGC,2024.069.20.10.31,unlabelled,,,,,0,0,0.0,0.0,,,6.906000137329102,-72.21600341796875,8.76,1.9,4.199,-72.133833,170.0,299.49,358.26
PTGC.2024.070.00.01.00,PTGC,2024.070.00.01.00,unlabelled,,,,,0,0,0.0,0.0,,,5.168000221252441,-73.19300079345703,1.84,1.5,4.199,-72.133833,170.0,159.03,312.4
PTGC.2024.070.09.46.01,PTGC,2024.070.09.46.01,unlabelled,,,,,0,0,0.0,0.0,,,3.5439999103546143,-74.31400299072266,10.12,1.7,4.199,-72.133833,170.0,252.74,253.42
PTGC.2024.071.02.08.54,PTGC,2024.071.02.08.54,unlabelled,,,,,0,0,0.0,0.0,,,6.251999855041504,-72.21800231933594,4.0,1.8,4.199,-72.133833,170.0,227.22,357.65
PTGC.2024.072.12.44.39,PTGC,2024.072.12.44.39,unlabelled,,,,,0,0,0.0,0.0,,,5.960999965667725,-72.55400085449219,5.42,1.7,4.199,-72.133833,170.0,200.34,346.57
PTGC.2024.072.16.25.19,PTGC,2024.072.16.25.19,unlabelled,,,,,0,0,0.0,0.0,,,5.8420000076293945,-72.59500122070312,22.07,2.3,4.199,-72.133833,170.0,188.75,344.3
PTGC.2024.072.21.54.33,PTGC,2024.072.21.54.33,unlabelled,,,,,0,0,0.0,0.0,,,3.690999984741211,-73.90799713134766,10.29,2.0,4.199,-72.133833,170.0,204.88,254.15
PTGC.2024.072.21.54.56,PTGC,2024.072.21.54.56,unlabelled,,,,,0,0,0.0,0.0,,,5.734000205993652,-74.1729965209961,9.49,2.2,4.199,-72.133833,170.0,282.76,306.98
PTGC.2024.073.12.57.04,PTGC,2024.073.12.57.04,unlabelled,,,,,0,0,0.0,0.0,,,5.874000072479248,-72.62699890136719,24.88,2.1,4.199,-72.133833,170.0,193.13,343.57
PTGC.2024.073.14.48.37,PTGC,2024.073.14.48.37,unlabelled,,,,,0,0,0.0,0.0,-1.22,,4.730999946594238,-74.60099792480469,25.12,1.9,4.199,-72.133833,170.0,280.06,282.22
PTGC.2024.073.23.44.12,PTGC,2024.073.23.44.12,unlabelled,,,,,0,0,0.0,0.0,,,5.8429999351501465,-73.0530014038086,1.55,1.7,4.199,-72.133833,170.0,208.42,330.76
PTGC.2024.074.01.49.57,PTGC,2024.074.01.49.57,unlabelled,,,,,0,0,0.0,0.0,,,5.885000228881836,-72.44499969482422,12.93,2.3,4.199,-72.133833,170.0,189.61,349.53
PTGC.2024.074.05.34.40,PTGC,2024.074.05.34.40,unlabelled,,,,,0,0,0.0,0.0,,,6.331999778747559,-72.41200256347656,16.09,1.6,4.199,-72.133833,170.0,237.88,352.56
PTGC.2024.074.23.35.24,PTGC,2024.074.23.35.24,unlabelled,,,,,0,0,0.0,0.0,,,7.142000198364258,-72.13999938964844,26.95,1.8,4.199,-72.133833,170.0,325.45,359.88
PTGC.2024.075.01.03.17,PTGC,2024.075.01.03.17,unlabelled,,,,,0,0,0.0,0.0,,,5.882999897003174,-72.5009994506836,5.08,2.0,4.199,-72.133833,170.0,190.62,347.68
PTGC.2024.075.03.07.26,PTGC,2024.075.03.07.26,unlabelled,,,,,0,0,0.0,0.0,,,5.9710001945495605,-72.60299682617188,19.02,1.8,4.199,-72.133833,170.0,202.74,345.15
PTGC.2024.075.14.29.06,PTGC,2024.075.14.29.06,unlabelled,,,,,0,0,0.0,0.0,,,5.734000205993652,-73.20899963378906,4.07,1.6,4.199,-72.133833,170.0,207.44,324.96
PTGC.2024.075.16.29.54,PTGC,2024.075.16.29.54,unlabelled,,,,,0,0,0.0,0.0,,,3.434000015258789,-74.08899688720703,14.63,1.6,4.199,-72.133833,170.0,233.06,248.78
PTGC.2024.075.20.35.23,PTGC,2024.075.20.35.23,unlabelled,,,,,0,0,0.0,0.0,,,6.315000057220459,-72.41999816894531,18.91,1.9,4.199,-72.133833,170.0,236.14,352.29
PTGC.2024.076.02.48.06,PTGC,2024.076.02.48.06,unlabelled,,,,,0,0,0.0,0.0,,,5.706999778747559,-73.33699798583984,15.98,1.7,4.199,-72.133833,170.0,213.57,321.38
PTGC.2024.076.23.45.51,PTGC,2024.076.23.45.51,unlabelled,,,,,0,0,0.0,0.0,,,6.448999881744385,-72.60199737548828,15.86,1.5,4.199,-72.133833,170.0,254.17,348.24
PTGC.2024.077.02.07.41,PTGC,2024.077.02.07.41,unlabelled,,,,,0,0,0.0,0.0,,,5.706999778747559,-73.15699768066406,9.88,1.7,4.199,-72.133833,170.0,201.7,325.81
PTGC.2024.077.03.26.04,PTGC,2024.077.03.26.04,unlabelled,,,,,0,0,0.0,0.0,,,5.666999816894531,-72.96299743652344,9.88,2.0,4.199,-72.133833,170.0,186.57,330.5
PTGC.2024.077.07.05.56,PTGC,2024.077.07.05.56,unlabelled,,,,,0,0,0.0,0.0,,,5.168000221252441,-74.7229995727539,33.96,2.5,4.199,-72.133833,170.0,306.6,290.56
PTGC.2024.077.15.20.31,PTGC,2024.077.15.20.31,unlabelled,,,,,0,0,0.0,0.0,,,5.021999835968018,-74.58000183105469,21.95,1.6,4.199,-72.133833,170.0,286.28,288.63
PTGC.2024.078.03.41.27,PTGC,2024.078.03.41.27,unlabelled,,,,,0,0,0.0,0.0,,,6.010000228881836,-74.21199798583984,1.0,1.8,4.199,-72.133833,170.0,305.29,311.08
PTGC.2024.078.09.31.00,PTGC,2024.078.09.31.00,unlabelled,,,,,0,0,0.0,0.0,,,5.60099983215332,-73.41100311279297,15.12,1.7,4.199,-72.133833,170.0,210.01,317.63
PTGC.2024.079.09.13.57,PTGC,2024.079.09.13.57,unlabelled,,,,,0,0,0.0,0.0,,,4.5980000495910645,-74.69100189208984,22.07,1.5,4.199,-72.133833,170.0,287.24,278.93
PTGC.2024.079.10.19.38,PTGC,2024.079.10.19.38,unlabelled,,,,,0,0,0.0,0.0,,,3.493000030517578,-74.18399810791016,12.7,1.7,4.199,-72.133833,170.0,240.72,251.15
PTGC.2024.079.20.52.22,PTGC,2024.079.20.52.22,unlabelled,,,,,0,0,0.0,0.0,,,3.309000015258789,-74.46399688720703,22.54,2.0,4.199,-72.133833,170.0,276.92,249.26
PTGC.2024.080.02.11.13,PTGC,2024.080.02.11.13,unlabelled,,,,,0,0,0.0,0.0,,,6.418000221252441,-72.51100158691406,0.0,1.5,4.199,-72.133833,170.0,248.92,350.35
PTGC.2024.082.11.10.45,PTGC,2024.082.11.10.45,unlabelled,,,,,0,0,0.0,0.0,,,4.961999893188477,-74.76000213623047,22.07,1.5,4.199,-72.133833,170.0,303.38,286.25
PTGC.2024.083.02.40.54,PTGC,2024.083.02.40.54,unlabelled,,,,,0,0,0.0,0.0,,,5.9629998207092285,-73.34500122070312,14.57,2.1,4.199,-72.133833,170.0,236.83,325.51
PTGC.2024.083.07.06.49,PTGC,2024.083.07.06.49,unlabelled,,,,,0,0,0.0,0.0,,,5.551000118255615,-73.13700103759766,12.58,1.6,4.199,-72.133833,170.0,186.37,323.38
PTGC.2024.083.08.35.34,PTGC,2024.083.08.35.34,unlabelled,,,,,0,0,0.0,0.0,,,3.684999942779541,-74.54900360107422,20.84,2.1,4.199,-72.133833,170.0,274.18,258.12
PTGC.2024.083.13.15.00,PTGC,2024.083.13.15.00,unlabelled,,,,,0,0,0.0,0.0,,,4.349999904632568,-73.81400299072266,1.18,1.7,4.199,-72.133833,170.0,187.26,275.18
PTGC.2024.084.03.09.23,PTGC,2024.084.03.09.23,unlabelled,,,,,0,0,0.0,0.0,,,7.105999946594238,-72.42900085449219,12.46,1.5,4.199,-72.133833,170.0,323.13,354.21
PTGC.2024.084.11.37.58,PTGC,2024.084.11.37.58,unlabelled,,,,,0,0,0.0,0.0,-0.43,,5.061999797821045,-72.86799621582031,0.0,1.6,4.199,-72.133833,170.0,125.47,319.54
PTGC.2024.084.21.37.35,PTGC,2024.084.21.37.35,unlabelled,,,,,0,0,0.0,0.0,,,4.428999900817871,-75.01899719238281,27.99,1.8,4.199,-72.133833,170.0,321.28,274.65
PTGC.2024.085.00.03.01,PTGC,2024.085.00.03.01,unlabelled,,,,,0,0,0.0,0.0,,,5.964000225067139,-73.9749984741211,2.55,2.3,4.199,-72.133833,170.0,282.44,313.79
PTGC.2024.085.07.04.32,PTGC,2024.085.07.04.32,unlabelled,,,,,0,0,0.0,0.0,,,6.426000118255615,-72.072998046875,0.08,1.8,4.199,-72.133833,170.0,246.36,1.57
PTGC.2024.085.07.06.51,PTGC,2024.085.07.06.51,unlabelled,,,,,0,0,0.0,0.0,,,6.377999782562256,-72.13500213623047,20.66,2.1,4.199,-72.133833,170.0,240.96,359.97
PTGC.2024.085.08.54.57,PTGC,2024.085.08.54.57,unlabelled,,,,,0,0,0.0,0.0,,,3.8320000171661377,-73.70700073242188,15.98,1.5,4.199,-72.133833,170.0,179.35,256.98
PTGC.2024.085.18.22.33,PTGC,2024.085.18.22.33,unlabelled,,,,,0,0,0.0,0.0,,,4.599999904632568,-73.52300262451172,8.18,1.8,4.199,-72.133833,170.0,160.44,286.1
PTGC.2024.087.08.36.23,PTGC,2024.087.08.36.23,unlabelled,,,,,0,0,0.0,0.0,,,6.864999771118164,-72.90499877929688,12.23,1.7,4.199,-72.133833,170.0,306.95,343.87
PTGC.2024.088.01.41.49,PTGC,2024.088.01.41.49,unlabelled,,,,,0,0,0.0,0.0,,,5.986000061035156,-72.75499725341797,28.63,1.5,4.199,-72.133833,170.0,209.27,340.81
PTGC.2024.088.07.07.43,PTGC,2024.088.07.07.43,unlabelled,,,,,0,0,0.0,0.0,,,6.927000045776367,-71.8949966430664,20.08,1.8,4.199,-72.133833,170.0,302.83,5.0
PTGC.2024.088.09.48.19,PTGC,2024.088.09.48.19,unlabelled,,,,,0,0,0.0,0.0,,,7.0320000648498535,-72.37100219726562,9.65,1.7,4.199,-72.133833,170.0,314.39,355.22
PTGC.2024.088.11.49.06,PTGC,2024.088.11.49.06,unlabelled,,,,,0,0,0.0,0.0,,,6.199999809265137,-72.40699768066406,22.87,1.8,4.199,-72.133833,170.0,223.34,352.22
PTGC.2024.088.13.18.00,PTGC,2024.088.13.18.00,unlabelled,,,,,0,0,0.0,0.0,,,6.642000198364258,-73.3479995727539,28.87,1.5,4.199,-72.133833,170.0,301.81,333.58
PTGC.2024.088.19.25.47,PTGC,2024.088.19.25.47,unlabelled,,,,,0,0,0.0,0.0,,,4.663000106811523,-74.78900146484375,22.3,1.7,4.199,-72.133833,170.0,299.13,279.98
PTGC.2024.089.05.48.39,PTGC,2024.089.05.48.39,unlabelled,,,,,0,0,0.0,0.0,,,4.035999774932861,-74.09400177001953,12.99,1.5,4.199,-72.133833,170.0,218.39,265.34
PTGC.2024.089.10.39.14,PTGC,2024.089.10.39.14,unlabelled,,,,,0,0,0.0,0.0,,,6.01200008392334,-72.41300201416016,22.07,1.7,4.199,-72.133833,170.0,202.86,351.24
PTGC.2024.089.17.31.42,PTGC,2024.089.17.31.42,unlabelled,,,,,0,0,0.0,0.0,,,3.6710000038146973,-74.16999816894531,13.46,1.9,4.199,-72.133833,170.0,233.55,255.59
PTGC.2024.090.01.28.25,PTGC,2024.090.01.28.25,unlabelled,,,,,0,0,0.0,0.0,,,6.533999919891357,-73.98400115966797,20.03,1.5,4.199,-72.133833,170.0,329.73,321.63
PTGC.2024.090.10.27.02,PTGC,2024.090.10.27.02,unlabelled,,,,,0,0,0.0,0.0,,,6.630000114440918,-72.13200378417969,24.88,2.2,4.199,-72.133833,170.0,268.83,0.04
PTGC.2024.090.18.18.33,PTGC,2024.090.18.18.33,unlabelled,,,,,0,0,0.0,0.0,,,3.693000078201294,-74.18900299072266,14.92,1.7,4.199,-72.133833,170.0,235.0,256.3
PTGC.2024.091.09.25.41,PTGC,2024.091.09.25.41,unlabelled,,,,,0,0,0.0,0.0,,,6.874000072479248,-71.9489974975586,2.2,1.5,4.199,-72.133833,170.0,296.52,3.95
PTGC.2024.091.11.39.18,PTGC,2024.091.11.39.18,unlabelled,,,,,0,0,0.0,0.0,,,5.357999801635742,-74.8740005493164,17.62,1.6,4.199,-72.133833,170.0,329.89,292.97
PTGC.2024.091.20.17.49,PTGC,2024.091.20.17.49,unlabelled,,,,,0,0,0.0,0.0,,,6.289999961853027,-73.76399993896484,0.0,1.6,4.199,-72.133833,170.0,293.46,322.06
PTGC.2024.092.06.04.48,PTGC,2024.092.06.04.48,unlabelled,,,,,0,0,0.0,0.0,,,6.986999988555908,-72.30500030517578,10.82,2.6,4.199,-72.133833,170.0,308.89,356.49
PTGC.2024.092.08.21.11,PTGC,2024.092.08.21.11,unlabelled,,,,,0,0,0.0,0.0,,,3.427999973297119,-74.7770004272461,38.3,2.9,4.199,-72.133833,170.0,305.72,253.9
PTGC.2024.093.05.12.07,PTGC,2024.093.05.12.07,unlabelled,,,,,0,0,0.0,0.0,,,5.056000232696533,-74.57099914550781,16.24,1.5,4.199,-72.133833,170.0,286.55,289.41
PTGC.2024.093.11.54.03,PTGC,2024.093.11.54.03,unlabelled,,,,,0,0,0.0,0.0,,,5.478000164031982,-72.76599884033203,27.23,2.1,4.199,-72.133833,170.0,157.86,333.65
PTGC.2024.093.19.26.29,PTGC,2024.093.19.26.29,unlabelled,,,,,0,0,0.0,0.0,,,6.64900016784668,-73.29000091552734,31.21,1.5,4.199,-72.133833,170.0,299.7,334.74
PTGC.2024.093.23.23.03,PTGC,2024.093.23.23.03,unlabelled,,,,,0,0,0.0,0.0,,,5.515999794006348,-72.48400115966797,17.15,2.7,4.199,-72.133833,170.0,150.73,345.08
PTGC.2024.093.23.42.55,PTGC,2024.093.23.42.55,unlabelled,,,,,0,0,0.0,0.0,,,5.53000020980835,-72.3479995727539,4.22,1.7,4.199,-72.133833,170.0,149.09,350.84
PTGC.2024.094.08.46.37,PTGC,2024.094.08.46.37,unlabelled,,,,,0,0,0.0,0.0,,,5.861000061035156,-72.63999938964844,17.85,1.7,4.199,-72.133833,170.0,192.17,343.04
PTGC.2024.094.13.33.50,PTGC,2024.094.13.33.50,unlabelled,,,,,0,0,0.0,0.0,,,5.22599983215332,-73.18599700927734,0.0,1.7,4.199,-72.133833,170.0,162.86,314.25
PTGC.2024.094.15.17.27,PTGC,2024.094.15.17.27,unlabelled,,,,,0,0,0.0,0.0,,,4.863999843597412,-74.52100372314453,34.96,1.6,4.199,-72.133833,170.0,274.93,285.61
PTGC.2024.095.22.34.25,PTGC,2024.095.22.34.25,unlabelled,,,,,0,0,0.0,0.0,,,4.216000080108643,-73.73200225830078,5.37,1.5,4.199,-72.133833,170.0,177.44,270.67
PTGC.2024.096.05.56.55,PTGC,2024.096.05.56.55,unlabelled,,,,,0,0,0.0,0.0,,,4.664999961853027,-74.88700103759766,22.07,1.8,4.199,-72.133833,170.0,309.88,279.68
PTGC.2024.096.18.30.06,PTGC,2024.096.18.30.06,unlabelled,,,,,0,0,0.0,0.0,,,4.73199987411499,-74.62100219726562,10.56,2.3,4.199,-72.133833,170.0,282.26,282.15
PTGC.2024.097.02.53.37,PTGC,2024.097.02.53.37,unlabelled,,,,,0,0,0.0,0.0,,,5.74399995803833,-72.99700164794922,-0.08,1.7,4.199,-72.133833,170.0,195.84,330.77
PTGC.2024.097.20.07.16,PTGC,2024.097.20.07.16,unlabelled,,,,,0,0,0.0,0.0,,,3.4130001068115234,-74.16300201416016,9.59,1.7,4.199,-72.133833,170.0,241.57,248.98
PTGC.2024.098.06.50.31,PTGC,2024.098.06.50.31,unlabelled,,,,,0,0,0.0,0.0,,,4.538000106811523,-73.54900360107422,15.74,1.5,4.199,-72.133833,170.0,161.49,283.48
PTGC.2024.098.18.55.00,PTGC,2024.098.18.55.00,unlabelled,,,,,0,0,0.0,0.0,,,4.939000129699707,-72.97799682617188,5.9,2.0,4.199,-72.133833,170.0,124.38,311.17
PTGC.2024.099.14.13.45,PTGC,2024.099.14.13.45,unlabelled,,,,,0,0,0.0,0.0,,,6.7779998779296875,-73.197998046875,146.81,2.0,4.199,-72.133833,170.0,308.61,337.58
PTGC.2024.099.21.50.19,PTGC,2024.099.21.50.19,unlabelled,,,,,0,0,0.0,0.0,,,4.505000114440918,-73.65599822998047,0.59,1.6,4.199,-72.133833,170.0,172.32,281.38
PTGC.2024.100.22.05.29,PTGC,2024.100.22.05.29,unlabelled,,,,,0,0,0.0,0.0,,,3.509000062942505,-74.51699829101562,16.15,2.3,4.199,-72.133833,170.0,275.47,254.0
PTGC.2024.102.09.01.02,PTGC,2024.102.09.01.02,unlabelled,,,,,0,0,0.0,0.0,,,7.089000225067139,-72.20999908447266,27.23,2.6,4.199,-72.133833,170.0,319.7,358.49
PTGC.2024.102.11.40.31,PTGC,2024.102.11.40.31,unlabelled,,,,,0,0,0.0,0.0,,,7.111000061035156,-72.33399963378906,17.03,1.5,4.199,-72.133833,170.0,322.79,356.07
PTGC.2024.102.23.46.08,PTGC,2024.102.23.46.08,unlabelled,,,,,0,0,0.0,0.0,,,4.335000038146973,-73.62300109863281,10.29,3.1,4.199,-72.133833,170.0,166.0,275.25
PTGC.2024.103.00.24.14,PTGC,2024.103.00.24.14,unlabelled,,,,,0,0,0.0,0.0,,,3.4519999027252197,-74.18199920654297,8.18,1.9,4.199,-72.133833,170.0,242.03,250.11
PTGC.2024.103.10.22.14,PTGC,2024.103.10.22.14,unlabelled,,,,,0,0,0.0,0.0,,,5.013999938964844,-72.9469985961914,0.0,1.6,4.199,-72.133833,170.0,127.53,315.0
PTGC.2024.104.21.26.52,PTGC,2024.104.21.26.52,unlabelled,,,,,0,0,0.0,0.0,,,5.929999828338623,-72.63300323486328,28.04,1.6,4.199,-72.133833,170.0,199.26,343.89
PTGC.2024.105.01.36.57,PTGC,2024.105.01.36.57,unlabelled,,,,,0,0,0.0,0.0,,,4.710000038146973,-73.45999908447266,15.51,2.0,4.199,-72.133833,170.0,157.66,291.05
PTGC.2024.105.10.10.26,PTGC,2024.105.10.10.26,unlabelled,,,,,0,0,0.0,0.0,,,6.0,-73.79199981689453,25.08,2.3,4.199,-72.133833,170.0,271.05,317.36
PTGC.2024.105.22.07.16,PTGC,2024.105.22.07.16,unlabelled,,,,,0,0,0.0,0.0,,,4.5,-74.92900085449219,24.88,1.7,4.199,-72.133833,170.0,312.05,276.23
PTGC.2024.106.01.09.40,PTGC,2024.106.01.09.40,unlabelled,,,,,0,0,0.0,0.0,,,5.303999900817871,-73.39399719238281,0.94,1.5,4.199,-72.133833,170.0,185.67,311.21
PTGC.2024.106.01.43.43,PTGC,2024.106.01.43.43,unlabelled,,,,,0,0,0.0,0.0,,,4.873000144958496,-73.48100280761719,13.16,1.8,4.199,-72.133833,170.0,167.05,296.55
PTGC.2024.106.05.25.03,PTGC,2024.106.05.25.03,unlabelled,,,,,0,0,0.0,0.0,,,3.496999979019165,-74.2020034790039,9.12,1.8,4.199,-72.133833,170.0,242.47,251.4
PTGC.2024.106.09.30.51,PTGC,2024.106.09.30.51,unlabelled,,,,,0,0,0.0,0.0,,,4.985000133514404,-74.70700073242188,34.73,1.7,4.199,-72.133833,170.0,298.46,287.03
PTGC.2024.108.14.42.35,PTGC,2024.108.14.42.35,unlabelled,,,,,0,0,0.0,0.0,,,3.76200008392334,-74.18000030517578,13.69,3.5,4.199,-72.133833,170.0,232.31,258.07
PTGC.2024.108.15.04.06,PTGC,2024.108.15.04.06,unlabelled,,,,,0,0,0.0,0.0,,,6.130000114440918,-72.36499786376953,0.85,1.7,4.199,-72.133833,170.0,215.07,353.17
PTGC.2024.109.04.31.42,PTGC,2024.109.04.31.42,unlabelled,,,,,0,0,0.0,0.0,,,6.367000102996826,-74.0979995727539,18.3,1.7,4.199,-72.133833,170.0,323.85,317.84
PTGC.2024.109.13.04.51,PTGC,2024.109.13.04.51,unlabelled,,,,,0,0,0.0,0.0,,,4.534999847412109,-74.9280014038086,28.05,1.7,4.199,-72.133833,170.0,312.37,276.94
PTGC.2024.110.07.13.32,PTGC,2024.110.07.13.32,unlabelled,,,,,0,0,0.0,0.0,,,6.7210001945495605,-71.9209976196289,0.02,1.8,4.199,-72.133833,170.0,279.89,4.82
PTGC.2024.112.11.49.19,PTGC,2024.112.11.49.19,unlabelled,,,,,0,0,0.0,0.0,,,4.355000019073486,-73.83999633789062,5.96,1.6,4.199,-72.133833,170.0,190.19,275.27
PTGC.2024.112.23.34.31,PTGC,2024.112.23.34.31,unlabelled,,,,,0,0,0.0,0.0,,,5.1539998054504395,-74.74800109863281,33.55,2.4,4.199,-72.133833,170.0,308.67,290.11
PTGC.2024.113.07.57.50,PTGC,2024.113.07.57.50,unlabelled,,,,,0,0,0.0,0.0,,,7.14300012588501,-72.26699829101562,12.58,1.6,4.199,-72.133833,170.0,325.9,357.41
PTGC.2024.113.08.20.24,PTGC,2024.113.08.20.24,unlabelled,,,,,0,0,0.0,0.0,,,6.056000232696533,-74.17400360107422,21.94,1.7,4.199,-72.133833,170.0,305.51,312.32
PTGC.2024.113.11.33.22,PTGC,2024.113.11.33.22,unlabelled,,,,,0,0,0.0,0.0,,,3.871999979019165,-72.90499877929688,19.49,1.9,4.199,-72.133833,170.0,92.96,247.14
PTGC.2024.114.00.25.46,PTGC,2024.114.00.25.46,unlabelled,,,,,0,0,0.0,0.0,,,3.5820000171661377,-74.4520034790039,22.54,1.7,4.199,-72.133833,170.0,266.35,255.24
PTGC.2024.114.05.25.43,PTGC,2024.114.05.25.43,unlabelled,,,,,0,0,0.0,0.0,,,4.21999979019165,-73.15899658203125,0.0,1.6,4.199,-72.133833,170.0,113.84,271.21
PTGC.2024.114.06.09.48,PTGC,2024.114.06.09.48,unlabelled,,,,,0,0,0.0,0.0,,,5.111999988555908,-73.14800262451172,17.15,1.9,4.199,-72.133833,170.0,151.18,311.94
PTGC.2024.114.22.21.27,PTGC,2024.114.22.21.27,unlabelled,,,,,0,0,0.0,0.0,,,5.639999866485596,-74.2030029296875,5.0,2.0,4.199,-72.133833,170.0,279.39,304.86
PTGC.2024.115.00.39.00,PTGC,2024.115.00.39.00,unlabelled,,,,,0,0,0.0,0.0,,,4.607999801635742,-74.93599700927734,22.07,1.7,4.199,-72.133833,170.0,314.29,278.38
PTGC.2024.115.01.07.50,PTGC,2024.115.01.07.50,unlabelled,,,,,0,0,0.0,0.0,,,7.039999961853027,-72.27300262451172,22.3,2.0,4.199,-72.133833,170.0,314.55,357.2
PTGC.2024.117.04.17.59,PTGC,2024.117.04.17.59,unlabelled,,,,,0,0,0.0,0.0,,,4.625,-74.7969970703125,24.88,1.6,4.199,-72.133833,170.0,299.32,279.16
PTGC.2024.117.11.57.14,PTGC,2024.117.11.57.14,unlabelled,,,,,0,0,0.0,0.0,,,7.02400016784668,-71.79199981689453,21.02,2.2,4.199,-72.133833,170.0,314.69,6.9
PTGC.2024.117.17.20.49,PTGC,2024.117.17.20.49,unlabelled,,,,,0,0,0.0,0.0,,,5.135000228881836,-74.33999633789062,12.93,1.6,4.199,-72.133833,170.0,265.76,293.01
PTGC.2024.118.05.29.07,PTGC,2024.118.05.29.07,unlabelled,,,,,0,0,0.0,0.0,,,3.253999948501587,-74.51300048828125,25.12,1.7,4.199,-72.133833,170.0,284.2,248.51
PTGC.2024.118.22.44.57,PTGC,2024.118.22.44.57,unlabelled,,,,,0,0,0.0,0.0,,,5.791999816894531,-73.58899688720703,9.41,1.9,4.199,-72.133833,170.0,238.9,317.57
PTGC.2024.119.02.25.51,PTGC,2024.119.02.25.51,unlabelled,,,,,0,0,0.0,0.0,,,4.949999809265137,-73.20099639892578,11.64,1.7,4.199,-72.133833,170.0,144.64,305.08
PTGC.2024.119.06.46.15,PTGC,2024.119.06.46.15,unlabelled,,,,,0,0,0.0,0.0,,,3.365000009536743,-74.62000274658203,16.66,1.5,4.199,-72.133833,170.0,291.15,251.62
PTGC.2024.119.16.14.20,PTGC,2024.119.16.14.20,unlabelled,,,,,0,0,0.0,0.0,,,3.7149999141693115,-74.00599670410156,21.31,1.5,4.199,-72.133833,170.0,214.69,255.63
PTGC.2024.119.16.53.59,PTGC,2024.119.16.53.59,unlabelled,,,,,0,0,0.0,0.0,,,4.991000175476074,-73.37300109863281,5.66,1.9,4.199,-72.133833,170.0,163.02,302.54
PTGC.2024.120.06.50.20,PTGC,2024.120.06.50.20,unlabelled,,,,,0,0,0.0,0.0,,,6.163000106811523,-72.50599670410156,16.09,1.6,4.199,-72.133833,170.0,221.07,349.26
PTGC.2024.120.08.21.39,PTGC,2024.120.08.21.39,unlabelled,,,,,0,0,0.0,0.0,,,3.3010001182556152,-74.31099700927734,11.7,1.6,4.199,-72.133833,170.0,261.44,247.75
PTGC.2024.120.20.08.24,PTGC,2024.120.20.08.24,unlabelled,,,,,0,0,0.0,0.0,-3.44,,4.2230000495910645,-73.73899841308594,10.53,2.0,4.199,-72.133833,170.0,178.23,270.91
PTGC.2024.121.07.24.12,PTGC,2024.121.07.24.12,unlabelled,,,,,0,0,0.0,0.0,,,6.400000095367432,-72.11100006103516,0.0,1.8,4.199,-72.133833,170.0,243.41,0.59
PTGC.2024.121.16.32.47,PTGC,2024.121.16.32.47,unlabelled,,,,,0,0,0.0,0.0,,,3.2880001068115234,-74.3239974975586,7.86,1.5,4.199,-72.133833,170.0,263.32,247.58
PTGC.2024.123.01.36.48,PTGC,2024.123.01.36.48,unlabelled,,,,,0,0,0.0,0.0,,,3.628999948501587,-74.42900085449219,23.65,2.1,4.199,-72.133833,170.0,262.58,256.19
PTGC.2024.124.08.27.16,PTGC,2024.124.08.27.16,unlabelled,,,,,0,0,0.0,0.0,,,4.85099983215332,-73.34300231933594,1.11,1.5,4.199,-72.133833,170.0,152.33,298.3
PTGC.2024.125.06.40.45,PTGC,2024.125.06.40.45,unlabelled,,,,,0,0,0.0,0.0,,,6.113999843597412,-73.86699676513672,36.49,1.7,4.199,-72.133833,170.0,285.95,317.85
PTGC.2024.125.13.53.49,PTGC,2024.125.13.53.49,unlabelled,,,,,0,0,0.0,0.0,,,3.736999988555908,-74.10600280761719,14.04,2.1,4.199,-72.133833,170.0,224.9,256.94
PTGC.2024.125.14.35.28,PTGC,2024.125.14.35.28,unlabelled,,,,,0,0,0.0,0.0,,,4.370999813079834,-74.90599822998047,23.71,1.6,4.199,-72.133833,170.0,308.33,273.64
PTGC.2024.125.20.17.06,PTGC,2024.125.20.17.06,unlabelled,,,,,0,0,0.0,0.0,,,3.568000078201294,-74.39700317382812,13.62,1.5,4.199,-72.133833,170.0,260.86,254.56
PTGC.2024.127.08.39.42,PTGC,2024.127.08.39.42,unlabelled,,,,,0,0,0.0,0.0,,,3.6730000972747803,-73.947998046875,23.07,1.5,4.199,-72.133833,170.0,209.71,253.96
PTGC.2024.128.02.58.07,PTGC,2024.128.02.58.07,unlabelled,,,,,0,0,0.0,0.0,,,7.020999908447266,-72.18499755859375,12.86,1.6,4.199,-72.133833,170.0,312.12,358.96
PTGC.2024.128.04.31.14,PTGC,2024.128.04.31.14,unlabelled,,,,,0,0,0.0,0.0,,,6.111000061035156,-72.51799774169922,0.0,1.7,4.199,-72.133833,170.0,215.68,348.63
PTGC.2024.128.09.26.24,PTGC,2024.128.09.26.24,unlabelled,,,,,0,0,0.0,0.0,,,4.540999889373779,-73.54299926757812,21.84,1.7,4.199,-72.133833,170.0,160.92,283.65
PTGC.2024.128.20.56.29,PTGC,2024.128.20.56.29,unlabelled,,,,,0,0,0.0,0.0,,,3.822999954223633,-73.65799713134766,10.12,1.7,4.199,-72.133833,170.0,174.29,256.25
PTGC.2024.129.03.48.45,PTGC,2024.129.03.48.45,unlabelled,,,,,0,0,0.0,0.0,,,6.916999816894531,-72.05000305175781,10.0,1.8,4.199,-72.133833,170.0,300.71,1.77
PTGC.2024.129.20.30.24,PTGC,2024.129.20.30.24,unlabelled,,,,,0,0,0.0,0.0,,,3.3469998836517334,-74.46399688720703,29.04,2.7,4.199,-72.133833,170.0,275.45,250.08
PTGC.2024.130.06.58.01,PTGC,2024.130.06.58.01,unlabelled,,,,,0,0,0.0,0.0,,,3.8489999771118164,-73.72200012207031,10.41,1.5,4.199,-72.133833,170.0,180.56,257.68
PTGC.2024.130.09.33.20,PTGC,2024.130.09.33.20,unlabelled,,,,,0,0,0.0,0.0,,,5.8420000076293945,-74.2040023803711,17.22,1.9,4.199,-72.133833,170.0,292.76,308.45
PTGC.2024.130.19.21.11,PTGC,2024.130.19.21.11,unlabelled,,,,,0,0,0.0,0.0,,,3.2980000972747803,-74.74299621582031,16.91,1.9,4.199,-72.133833,170.0,306.48,251.12
PTGC.2024.132.01.31.11,PTGC,2024.132.01.31.11,unlabelled,,,,,0,0,0.0,0.0,,,4.546999931335449,-74.90799713134766,25.12,1.5,4.199,-72.133833,170.0,310.32,277.23
PTGC.2024.132.12.00.26,PTGC,2024.132.12.00.26,unlabelled,,,,,0,0,0.0,0.0,,,4.599999904632568,-74.72100067138672,12.69,1.5,4.199,-72.133833,170.0,290.56,278.88
PTGC.2024.132.15.15.02,PTGC,2024.132.15.15.02,unlabelled,,,,,0,0,0.0,0.0,,,6.886000156402588,-72.32599639892578,15.98,2.8,4.199,-72.133833,170.0,297.9,355.91
PTGC.2024.133.22.06.05,PTGC,2024.133.22.06.05,unlabelled,,,,,0,0,0.0,0.0,,,5.821000099182129,-73.45600128173828,5.66,1.7,4.199,-72.133833,170.0,231.67,320.79
PTGC.2024.134.00.08.07,PTGC,2024.134.00.08.07,unlabelled,,,,,0,0,0.0,0.0,,,5.5970001220703125,-72.84700012207031,15.74,1.7,4.199,-72.133833,170.0,173.66,332.93
PTGC.2024.134.01.27.26,PTGC,2024.134.01.27.26,unlabelled,,,,,0,0,0.0,0.0,,,3.500999927520752,-74.10800170898438,11.35,2.1,4.199,-72.133833,170.0,232.46,250.68
PTGC.2024.134.13.19.04,PTGC,2024.134.13.19.04,unlabelled,,,,,0,0,0.0,0.0,,,3.433000087738037,-74.19000244140625,10.29,1.5,4.199,-72.133833,170.0,243.59,249.72
PTGC.2024.134.14.25.43,PTGC,2024.134.14.25.43,unlabelled,,,,,0,0,0.0,0.0,,,3.3259999752044678,-74.71399688720703,19.02,1.5,4.199,-72.133833,170.0,302.43,251.47
PTGC.2024.135.06.21.36,PTGC,2024.135.06.21.36,unlabelled,,,,,0,0,0.0,0.0,,,3.4719998836517334,-74.64800262451172,15.98,1.8,4.199,-72.133833,170.0,290.59,254.03
PTGC.2024.136.02.02.34,PTGC,2024.136.02.02.34,unlabelled,,,,,0,0,0.0,0.0,,,3.812000036239624,-73.68900299072266,15.27,1.8,4.199,-72.133833,170.0,177.92,256.14
PTGC.2024.136.08.36.25,PTGC,2024.136.08.36.25,unlabelled,,,,,0,0,0.0,0.0,,,5.614999771118164,-72.49199676513672,21.48,1.6,4.199,-72.133833,170.0,161.55,345.78
PTGC.2024.136.11.49.16,PTGC,2024.136.11.49.16,unlabelled,,,,,0,0,0.0,0.0,,,7.138999938964844,-72.37899780273438,15.86,1.5,4.199,-72.133833,170.0,326.25,355.24
PTGC.2024.136.13.49.49,PTGC,2024.136.13.49.49,unlabelled,,,,,0,0,0.0,0.0,,,3.489000082015991,-74.15799713134766,17.85,1.6,4.199,-72.133833,170.0,238.14,250.82
PTGC.2024.136.19.24.46,PTGC,2024.136.19.24.46,unlabelled,,,,,0,0,0.0,0.0,,,3.3989999294281006,-74.74400329589844,1.2,1.7,4.199,-72.133833,170.0,303.12,253.12
PTGC.2024.136.22.18.20,PTGC,2024.136.22.18.20,unlabelled,,,,,0,0,0.0,0.0,,,6.191999912261963,-72.3290023803711,15.98,1.8,4.199,-72.133833,170.0,221.45,354.4
PTGC.2024.138.15.18.39,PTGC,2024.138.15.18.39,unlabelled,,,,,0,0,0.0,0.0,,,5.449999809265137,-72.87999725341797,28.88,1.9,4.199,-72.133833,170.0,161.21,329.14
PTGC.2024.139.05.59.09,PTGC,2024.139.05.59.09,unlabelled,,,,,0,0,0.0,0.0,,,3.3399999141693115,-74.69300079345703,15.46,2.0,4.199,-72.133833,170.0,299.72,251.61
PTGC.2024.139.07.39.54,PTGC,2024.139.07.39.54,unlabelled,,,,,0,0,0.0,0.0,,,3.9649999141693115,-74.08399963378906,18.96,1.7,4.199,-72.133833,170.0,218.08,263.26
PTGC.2024.139.12.00.53,PTGC,2024.139.12.00.53,unlabelled,,,,,0,0,0.0,0.0,,,3.2850000858306885,-74.80699920654297,22.07,1.7,4.199,-72.133833,170.0,313.67,251.29
PTGC.2024.139.12.46.54,PTGC,2024.139.12.46.54,unlabelled,,,,,0,0,0.0,0.0,,,3.572999954223633,-74.33899688720703,19.02,1.7,4.199,-72.133833,170.0,254.51,254.29
PTGC.2024.139.18.50.37,PTGC,2024.139.18.50.37,unlabelled,,,,,0,0,0.0,0.0,,,4.4670000076293945,-73.41200256347656,0.0,1.8,4.199,-72.133833,170.0,144.94,281.85
PTGC.2024.140.15.35.14,PTGC,2024.140.15.35.14,unlabelled,,,,,0,0,0.0,0.0,,,4.658999919891357,-74.5780029296875,26.29,2.1,4.199,-72.133833,170.0,276.0,280.71
PTGC.2024.141.18.09.16,PTGC,2024.141.18.09.16,unlabelled,,,,,0,0,0.0,0.0,,,3.2939999103546143,-73.86900329589844,8.89,2.6,4.199,-72.133833,170.0,217.18,242.62
PTGC.2024.142.21.54.09,PTGC,2024.142.21.54.09,unlabelled,,,,,0,0,0.0,0.0,,,3.3949999809265137,-74.2490005493164,11.46,2.0,4.199,-72.133833,170.0,251.2,249.35
PTGC.2024.142.22.10.40,PTGC,2024.142.22.10.40,unlabelled,,,,,0,0,0.0,0.0,,,4.375999927520752,-73.55400085449219,12.99,2.4,4.199,-72.133833,170.0,158.86,277.13
PTGC.2024.142.23.19.22,PTGC,2024.142.23.19.22,unlabelled,,,,,0,0,0.0,0.0,,,5.889999866485596,-73.31999969482422,4.6,1.7,4.199,-72.133833,170.0,228.62,324.93
PTGC.2024.143.03.26.02,PTGC,2024.143.03.26.02,unlabelled,,,,,0,0,0.0,0.0,,,4.770999908447266,-74.68000030517578,25.12,1.5,4.199,-72.133833,170.0,289.57,282.71
PTGC.2024.144.05.00.01,PTGC,2024.144.05.00.01,unlabelled,,,,,0,0,0.0,0.0,,,4.3470001220703125,-73.85399627685547,7.71,2.0,4.199,-72.133833,170.0,191.66,274.96
PTGC.2024.144.05.19.25,PTGC,2024.144.05.19.25,unlabelled,,,,,0,0,0.0,0.0,,,5.201000213623047,-73.00599670410156,0.0,1.8,4.199,-72.133833,170.0,147.11,318.9
PTGC.2024.144.09.15.03,PTGC,2024.144.09.15.03,unlabelled,,,,,0,0,0.0,0.0,,,6.111000061035156,-72.84100341796875,15.98,2.1,4.199,-72.133833,170.0,225.5,339.68
PTGC.2024.145.14.00.17,PTGC,2024.145.14.00.17,unlabelled,,,,,0,0,0.0,0.0,,,6.276000022888184,-73.47899627685547,22.83,1.6,4.199,-72.133833,170.0,273.84,327.07
PTGC.2024.145.23.44.00,PTGC,2024.145.23.44.00,unlabelled,,,,,0,0,0.0,0.0,,,3.6050000190734863,-74.46299743652344,18.32,1.7,4.199,-72.133833,170.0,266.89,255.83
PTGC.2024.146.00.24.41,PTGC,2024.146.00.24.41,unlabelled,,,,,0,0,0.0,0.0,,,5.656000137329102,-72.7699966430664,13.16,1.5,4.199,-72.133833,170.0,175.89,336.38
PTGC.2024.146.00.36.06,PTGC,2024.146.00.36.06,unlabelled,,,,,0,0,0.0,0.0,,,5.669000148773193,-72.76799774169922,16.21,2.1,4.199,-72.133833,170.0,177.12,336.63
PTGC.2024.146.10.31.27,PTGC,2024.146.10.31.27,unlabelled,,,,,0,0,0.0,0.0,,,6.052999973297119,-74.1969985961914,26.04,1.6,4.199,-72.133833,170.0,307.18,311.96
PTGC.2024.146.12.14.37,PTGC,2024.146.12.14.37,unlabelled,,,,,0,0,0.0,0.0,,,3.6389999389648438,-74.41999816894531,25.35,1.7,4.199,-72.133833,170.0,261.34,256.37
PTGC.2024.146.17.04.13,PTGC,2024.146.17.04.13,unlabelled,,,,,0,0,0.0,0.0,,,4.564000129699707,-73.56199645996094,16.45,1.8,4.199,-72.133833,170.0,163.58,284.34
PTGC.2024.147.05.38.47,PTGC,2024.147.05.38.47,unlabelled,,,,,0,0,0.0,0.0,,,6.3379998207092285,-72.35099792480469,15.98,2.4,4.199,-72.133833,170.0,237.76,354.2
PTGC.2024.147.16.06.24,PTGC,2024.147.16.06.24,unlabelled,,,,,0,0,0.0,0.0,,,6.7779998779296875,-72.06300354003906,16.68,2.0,4.199,-72.133833,170.0,285.31,1.57
PTGC.2024.148.00.29.52,PTGC,2024.148.00.29.52,unlabelled,,,,,0,0,0.0,0.0,,,5.760000228881836,-72.58899688720703,26.52,1.7,4.199,-72.133833,170.0,179.85,343.72
PTGC.2024.148.03.44.12,PTGC,2024.148.03.44.12,unlabelled,,,,,0,0,0.0,0.0,,,7.078000068664551,-72.16799926757812,22.54,1.7,4.199,-72.133833,170.0,318.4,359.32
PTGC.2024.148.08.09.57,PTGC,2024.148.08.09.57,unlabelled,,,,,0,0,0.0,0.0,,,5.789999961853027,-72.70099639892578,2.97,1.5,4.199,-72.133833,170.0,186.84,340.35
PTGC.2024.148.08.45.02,PTGC,2024.148.08.45.02,unlabelled,,,,,0,0,0.0,0.0,,,4.065000057220459,-74.96600341796875,19.08,3.2,4.199,-72.133833,170.0,314.81,267.4
PTGC.2024.148.13.31.05,PTGC,2024.148.13.31.05,unlabelled,,,,,0,0,0.0,0.0,,,6.169000148773193,-73.25199890136719,16.8,1.8,4.199,-72.133833,170.0,250.65,330.41
PTGC.2024.149.08.23.12,PTGC,2024.149.08.23.12,unlabelled,,,,,0,0,0.0,0.0,,,4.250999927520752,-73.75,-0.01,1.5,4.199,-72.133833,170.0,179.52,271.89
PTGC.2024.149.10.30.05,PTGC,2024.149.10.30.05,unlabelled,,,,,0,0,0.0,0.0,,,3.4709999561309814,-74.66500091552734,27.29,2.0,4.199,-72.133833,170.0,292.44,254.11
PTGC.2024.149.11.17.02,PTGC,2024.149.11.17.02,unlabelled,,,,,0,0,0.0,0.0,,,3.4189999103546143,-74.79499816894531,35.9,2.2,4.199,-72.133833,170.0,307.91,253.82
PTGC.2024.149.12.21.37,PTGC,2024.149.12.21.37,unlabelled,,,,,0,0,0.0,0.0,,,6.580999851226807,-71.98200225830078,19.26,2.6,4.199,-72.133833,170.0,263.95,3.65
PTGC.2024.149.13.33.39,PTGC,2024.149.13.33.39,unlabelled,,,,,0,0,0.0,0.0,,,3.3450000286102295,-74.4010009765625,20.9,1.5,4.199,-72.133833,170.0,268.96,249.52
PTGC.2024.150.12.47.39,PTGC,2024.150.12.47.39,unlabelled,,,,,0,0,0.0,0.0,,,3.6570000648498535,-74.89099884033203,17.22,2.4,4.199,-72.133833,170.0,312.02,259.02
PTGC.2024.151.02.09.45,PTGC,2024.151.02.09.45,unlabelled,,,,,0,0,0.0,0.0,,,3.611999988555908,-74.74099731445312,27.64,2.0,4.199,-72.133833,170.0,296.74,257.46
PTGC.2024.151.05.48.50,PTGC,2024.151.05.48.50,unlabelled,,,,,0,0,0.0,0.0,,,6.019000053405762,-74.2969970703125,2.0,1.8,4.199,-72.133833,170.0,313.1,310.09
PTGC.2024.152.04.49.59,PTGC,2024.152.04.49.59,unlabelled,,,,,0,0,0.0,0.0,,,7.105999946594238,-72.2249984741211,16.21,1.8,4.199,-72.133833,170.0,321.63,358.2
PTGC.2024.152.11.14.25,PTGC,2024.152.11.14.25,unlabelled,,,,,0,0,0.0,0.0,,,3.453000068664551,-74.71199798583984,22.77,1.5,4.199,-72.133833,170.0,298.01,254.02
PTGC.2024.152.12.14.49,PTGC,2024.152.12.14.49,unlabelled,,,,,0,0,0.0,0.0,,,4.343999862670898,-75.01000213623047,20.2,2.0,4.199,-72.133833,170.0,319.69,272.98
PTGC.2024.152.21.10.06,PTGC,2024.152.21.10.06,unlabelled,,,,,0,0,0.0,0.0,,,3.681999921798706,-74.18499755859375,16.74,1.8,4.199,-72.133833,170.0,234.86,255.98
PTGC.2024.153.05.36.46,PTGC,2024.153.05.36.46,unlabelled,,,,,0,0,0.0,0.0,,,4.061999797821045,-74.9749984741211,20.43,1.6,4.199,-72.133833,170.0,315.82,267.35
PTGC.2024.153.17.07.07,PTGC,2024.153.17.07.07,unlabelled,,,,,0,0,0.0,0.0,,,5.5329999923706055,-72.8219985961914,14.57,1.6,4.199,-72.133833,170.0,166.09,332.67
PTGC.2024.154.02.19.07,PTGC,2024.154.02.19.07,unlabelled,,,,,0,0,0.0,0.0,,,5.357999801635742,-74.61199951171875,30.98,2.1,4.199,-72.133833,170.0,303.32,295.09
PTGC.2024.154.02.34.19,PTGC,2024.154.02.34.19,unlabelled,,,,,0,0,0.0,0.0,,,6.035999774932861,-72.50199890136719,0.0,1.5,4.199,-72.133833,170.0,207.2,348.65
PTGC.2024.154.08.09.13,PTGC,2024.154.08.09.13,unlabelled,,,,,0,0,0.0,0.0,,,4.40500020980835,-73.67900085449219,15.04,1.5,4.199,-72.133833,170.0,173.03,277.62
PTGC.2024.154.13.29.31,PTGC,2024.154.13.29.31,unlabelled,,,,,0,0,0.0,0.0,,,5.50600004196167,-72.68900299072266,12.7,2.0,4.199,-72.133833,170.0,157.1,336.95
PTGC.2024.154.17.41.11,PTGC,2024.154.17.41.11,unlabelled,,,,,0,0,0.0,0.0,,,4.645999908447266,-73.4749984741211,11.52,1.5,4.199,-72.133833,170.0,156.85,288.42
PTGC.2024.155.14.04.04,PTGC,2024.155.14.04.04,unlabelled,,,,,0,0,0.0,0.0,,,4.47599983215332,-73.61199951171875,13.57,1.6,4.199,-72.133833,170.0,166.92,280.63
PTGC.2024.155.17.44.37,PTGC,2024.155.17.44.37,unlabelled,,,,,0,0,0.0,0.0,,,4.9029998779296875,-74.802001953125,10.86,1.8,4.199,-72.133833,170.0,306.15,284.83
PTGC.2024.155.18.52.27,PTGC,2024.155.18.52.27,unlabelled,,,,,0,0,0.0,0.0,,,6.019999980926514,-74.28500366210938,19.51,2.1,4.199,-72.133833,170.0,312.15,310.26
PTGC.2024.156.09.46.57,PTGC,2024.156.09.46.57,unlabelled,,,,,0,0,0.0,0.0,,,6.498000144958496,-73.4520034790039,1.63,2.3,4.199,-72.133833,170.0,293.22,330.17
PTGC.2024.158.00.34.57,PTGC,2024.158.00.34.57,unlabelled,,,,,0,0,0.0,0.0,,,6.64900016784668,-72.05899810791016,19.02,1.8,4.199,-72.133833,170.0,271.06,1.75
PTGC.2024.159.15.47.53,PTGC,2024.159.15.47.53,unlabelled,,,,,0,0,0.0,0.0,,,4.205999851226807,-73.52999877929688,24.88,1.7,4.199,-72.133833,170.0,155.01,270.34
PTGC.2024.160.02.19.52,PTGC,2024.160.02.19.52,unlabelled,,,,,0,0,0.0,0.0,,,5.361999988555908,-72.5510025024414,10.88,2.8,4.199,-72.133833,170.0,136.68,340.23
PTGC.2024.161.06.56.37,PTGC,2024.161.06.56.37,unlabelled,,,,,0,0,0.0,0.0,,,5.177999973297119,-74.6780014038086,25.06,2.2,4.199,-72.133833,170.0,302.32,291.08
PTGC.2024.162.02.02.22,PTGC,2024.162.02.02.22,unlabelled,,,,,0,0,0.0,0.0,,,6.926000118255615,-72.24299621582031,15.98,1.6,4.199,-72.133833,170.0,301.81,357.71
PTGC.2024.163.01.53.49,PTGC,2024.163.01.53.49,unlabelled,,,,,0,0,0.0,0.0,,,5.574999809265137,-72.30899810791016,18.42,1.8,4.199,-72.133833,170.0,153.4,352.73
PTGC.2024.164.21.17.49,PTGC,2024.164.21.17.49,unlabelled,,,,,0,0,0.0,0.0,,,5.019000053405762,-72.9990005493164,15.98,1.8,4.199,-72.133833,170.0,132.05,313.4
PTGC.2024.165.08.12.46,PTGC,2024.165.08.12.46,unlabelled,,,,,0,0,0.0,0.0,,,6.789000034332275,-73.14299774169922,11.35,1.5,4.199,-72.133833,170.0,307.47,338.72
PTGC.2024.165.13.35.30,PTGC,2024.165.13.35.30,unlabelled,,,,,0,0,0.0,0.0,,,5.204999923706055,-73.19999694824219,0.0,1.8,4.199,-72.133833,170.0,162.38,313.29
PTGC.2024.167.06.17.01,PTGC,2024.167.06.17.01,unlabelled,,,,,0,0,0.0,0.0,,,5.22599983215332,-72.90299987792969,20.2,2.3,4.199,-72.133833,170.0,142.05,323.11
PTGC.2024.167.09.03.13,PTGC,2024.167.09.03.13,unlabelled,,,,,0,0,0.0,0.0,,,3.8989999294281006,-73.98500061035156,25.41,1.8,4.199,-72.133833,170.0,208.22,260.9
PTGC.2024.169.19.22.57,PTGC,2024.169.19.22.57,unlabelled,,,,,0,0,0.0,0.0,,,4.765999794006348,-74.58499908447266,33.5,1.9,4.199,-72.133833,170.0,279.16,283.07
PTGC.2024.169.19.53.45,PTGC,2024.169.19.53.45,unlabelled,,,,,0,0,0.0,0.0,,,5.857999801635742,-72.9729995727539,0.0,2.0,4.199,-72.133833,170.0,205.71,333.14
PTGC.2024.169.22.18.12,PTGC,2024.169.22.18.12,unlabelled,,,,,0,0,0.0,0.0,,,4.74399995803833,-74.76399993896484,32.85,1.9,4.199,-72.133833,170.0,298.06,281.77
PTGC.2024.170.19.08.47,PTGC,2024.170.19.08.47,unlabelled,,,,,0,0,0.0,0.0,,,3.3440001010894775,-74.36699676513672,14.28,1.8,4.199,-72.133833,170.0,265.46,249.21
PTGC.2024.171.00.35.20,PTGC,2024.171.00.35.20,unlabelled,,,,,0,0,0.0,0.0,,,7.02400016784668,-72.21600341796875,4.61,1.8,4.199,-72.133833,170.0,312.54,358.33
PTGC.2024.171.17.59.49,PTGC,2024.171.17.59.49,unlabelled,,,,,0,0,0.0,0.0,,,4.732999801635742,-74.7959976196289,25.12,1.5,4.199,-72.133833,170.0,301.3,281.4
PTGC.2024.171.23.07.15,PTGC,2024.171.23.07.15,unlabelled,,,,,0,0,0.0,0.0,,,5.10699987411499,-73.09400177001953,14.92,1.9,4.199,-72.133833,170.0,146.39,313.34
PTGC.2024.172.13.15.19,PTGC,2024.172.13.15.19,unlabelled,,,,,0,0,0.0,0.0,,,3.4110000133514404,-74.75199890136719,24.0,2.2,4.199,-72.133833,170.0,303.59,253.41
PTGC.2024.173.13.12.01,PTGC,2024.173.13.12.01,unlabelled,,,,,0,0,0.0,0.0,,,3.7219998836517334,-74.2249984741211,15.92,1.6,4.199,-72.133833,170.0,238.15,257.28
PTGC.2024.173.23.51.02,PTGC,2024.173.23.51.02,unlabelled,,,,,0,0,0.0,0.0,,,4.802999973297119,-73.33599853515625,20.43,1.6,4.199,-72.133833,170.0,149.2,296.64
PTGC.2024.174.07.41.07,PTGC,2024.174.07.41.07,unlabelled,,,,,0,0,0.0,0.0,,,4.638000011444092,-74.80599975585938,27.93,1.7,4.199,-72.133833,170.0,300.53,279.4
PTGC.2024.174.11.41.56,PTGC,2024.174.11.41.56,unlabelled,,,,,0,0,0.0,0.0,,,3.49399995803833,-74.21600341796875,10.06,1.4,4.199,-72.133833,170.0,244.05,251.44
PTGC.2024.174.17.01.59,PTGC,2024.174.17.01.59,unlabelled,,,,,0,0,0.0,0.0,,,6.380000114440918,-72.26300048828125,25.35,2.1,4.199,-72.133833,170.0,241.61,356.61
PTGC.2024.175.08.23.06,PTGC,2024.175.08.23.06,unlabelled,,,,,0,0,0.0,0.0,,,3.5829999446868896,-74.15799713134766,11.58,1.7,4.199,-72.133833,170.0,234.9,253.21
PTGC.2024.175.11.40.06,PTGC,2024.175.11.40.06,unlabelled,,,,,0,0,0.0,0.0,,,6.913000106811523,-71.91300201416016,11.76,2.3,4.199,-72.133833,170.0,301.12,4.65
PTGC.2024.175.20.06.11,PTGC,2024.175.20.06.11,unlabelled,,,,,0,0,0.0,0.0,,,6.130000114440918,-74.33300018310547,0.02,1.6,4.199,-72.133833,170.0,324.1,311.31
PTGC.2024.176.03.41.09,PTGC,2024.176.03.41.09,unlabelled,,,,,0,0,0.0,0.0,,,4.051000118255615,-74.04299926757812,20.49,1.6,4.199,-72.133833,170.0,212.61,265.65
PTGC.2024.177.12.30.13,PTGC,2024.177.12.30.13,unlabelled,,,,,0,0,0.0,0.0,,,4.591000080108643,-74.76499938964844,19.02,1.8,4.199,-72.133833,170.0,295.24,278.54
PTGC.2024.178.06.43.16,PTGC,2024.178.06.43.16,unlabelled,,,,,0,0,0.0,0.0,,,4.64900016784668,-73.40599822998047,30.98,1.7,4.199,-72.133833,170.0,149.71,289.46
PTGC.2024.178.06.48.21,PTGC,2024.178.06.48.21,unlabelled,,,,,0,0,0.0,0.0,,,4.073999881744385,-74.75499725341797,18.96,2.1,4.199,-72.133833,170.0,291.36,267.38
PTGC.2024.178.22.55.01,PTGC,2024.178.22.55.01,unlabelled,,,,,0,0,0.0,0.0,,,3.5309998989105225,-74.24099731445312,21.13,2.1,4.199,-72.133833,170.0,245.42,252.56
PTGC.2024.179.08.34.53,PTGC,2024.179.08.34.53,unlabelled,,,,,0,0,0.0,0.0,,,6.974999904632568,-72.96099853515625,13.93,2.9,4.199,-72.133833,170.0,320.37,343.42
PTGC.2024.180.00.58.44,PTGC,2024.180.00.58.44,unlabelled,,,,,0,0,0.0,0.0,,,6.684000015258789,-72.572998046875,3.38,1.7,4.199,-72.133833,170.0,279.08,349.98
PTGC.2024.180.06.57.30,PTGC,2024.180.06.57.30,unlabelled,,,,,0,0,0.0,0.0,,,5.5,-74.68800354003906,20.68,1.6,4.199,-72.133833,170.0,317.75,297.02
PTGC.2024.180.23.10.45,PTGC,2024.180.23.10.45,unlabelled,,,,,0,0,0.0,0.0,,,5.376999855041504,-72.62899780273438,31.91,2.0,4.199,-72.133833,170.0,141.37,337.16
PTGC.2024.181.00.50.48,PTGC,2024.181.00.50.48,unlabelled,,,,,0,0,0.0,0.0,,,5.188000202178955,-74.85199737548828,22.01,2.0,4.199,-72.133833,170.0,320.79,290.04
PTGC.2024.181.15.15.59,PTGC,2024.181.15.15.59,unlabelled,,,,,0,0,0.0,0.0,,,7.189000129699707,-72.302001953125,14.57,1.6,4.199,-72.133833,170.0,331.17,356.78
PTGC.2024.182.04.57.22,PTGC,2024.182.04.57.22,unlabelled,,,,,0,0,0.0,0.0,,,3.609999895095825,-74.56800079345703,22.25,1.8,4.199,-72.133833,170.0,278.08,256.54
PTGC.2024.183.18.08.17,PTGC,2024.183.18.08.17,unlabelled,,,,,0,0,0.0,0.0,,,7.0329999923706055,-72.25399780273438,10.7,1.8,4.199,-72.133833,170.0,313.68,357.57
PTGC.2024.185.02.09.14,PTGC,2024.185.02.09.14,unlabelled,,,,,0,0,0.0,0.0,,,5.119999885559082,-73.15799713134766,13.05,1.8,4.199,-72.133833,170.0,152.59,311.91
PTGC.2024.185.03.51.44,PTGC,2024.185.03.51.44,unlabelled,,,,,0,0,0.0,0.0,,,3.36899995803833,-73.86799621582031,14.39,1.6,4.199,-72.133833,170.0,213.37,244.58
PTGC.2024.185.23.08.59,PTGC,2024.185.23.08.59,unlabelled,,,,,0,0,0.0,0.0,,,3.5290000438690186,-74.46499633789062,1.51,2.3,4.199,-72.133833,170.0,269.31,254.11
PTGC.2024.187.04.17.10,PTGC,2024.187.04.17.10,unlabelled,,,,,0,0,0.0,0.0,,,5.085999965667725,-72.94599914550781,0.0,1.6,4.199,-72.133833,170.0,133.2,317.46
PTGC.2024.190.14.33.32,PTGC,2024.190.14.33.32,unlabelled,,,,,0,0,0.0,0.0,,,4.843999862670898,-74.47100067138672,23.2,1.6,4.199,-72.133833,170.0,268.99,285.47
PTGC.2024.190.18.32.07,PTGC,2024.190.18.32.07,unlabelled,,,,,0,0,0.0,0.0,,,6.074999809265137,-72.36199951171875,18.79,2.4,4.199,-72.133833,170.0,208.99,353.06
PTGC.2024.191.19.04.07,PTGC,2024.191.19.04.07,unlabelled,,,,,0,0,0.0,0.0,,,6.508999824523926,-71.83899688720703,12.05,1.7,4.199,-72.133833,170.0,257.53,7.28
PTGC.2024.192.06.00.35,PTGC,2024.192.06.00.35,unlabelled,,,,,0,0,0.0,0.0,,,4.505000114440918,-73.5469970703125,0.01,2.4,4.199,-72.133833,170.0,160.47,282.23
PTGC.2024.192.09.33.57,PTGC,2024.192.09.33.57,unlabelled,,,,,0,0,0.0,0.0,,,4.775000095367432,-73.33100128173828,0.01,1.6,4.199,-72.133833,170.0,147.34,295.66
PTGC.2024.192.19.42.13,PTGC,2024.192.19.42.13,unlabelled,,,,,0,0,0.0,0.0,,,5.168000221252441,-73.13999938964844,0.0,1.9,4.199,-72.133833,170.0,154.74,313.87
PTGC.2024.193.15.24.11,PTGC,2024.193.15.24.11,unlabelled,,,,,0,0,0.0,0.0,,,5.395999908447266,-74.88300323486328,14.83,1.5,4.199,-72.133833,170.0,332.45,293.57
PTGC.2024.194.10.26.57,PTGC,2024.194.10.26.57,unlabelled,,,,,0,0,0.0,0.0,,,6.853000164031982,-73.41699981689453,18.04,2.2,4.199,-72.133833,170.0,326.11,334.21
PTGC.2024.195.03.05.05,PTGC,2024.195.03.05.05,unlabelled,,,,,0,0,0.0,0.0,,,4.701000213623047,-73.76799774169922,11.7,1.7,4.199,-72.133833,170.0,189.67,287.08
PTGC.2024.195.04.36.02,PTGC,2024.195.04.36.02,unlabelled,,,,,0,0,0.0,0.0,,,5.890999794006348,-74.20600128173828,-0.16,2.0,4.199,-72.133833,170.0,296.32,309.24
PTGC.2024.195.08.46.49,PTGC,2024.195.08.46.49,unlabelled,,,,,0,0,0.0,0.0,,,3.5169999599456787,-74.44400024414062,16.87,1.8,4.199,-72.133833,170.0,267.44,253.7
PTGC.2024.195.18.25.19,PTGC,2024.195.18.25.19,unlabelled,,,,,0,0,0.0,0.0,,,4.427999973297119,-73.66200256347656,0.0,1.6,4.199,-72.133833,170.0,171.52,278.55
PTGC.2024.196.12.51.21,PTGC,2024.196.12.51.21,unlabelled,,,,,0,0,0.0,0.0,,,4.919000148773193,-74.86599731445312,24.59,2.0,4.199,-72.133833,170.0,313.46,284.82
PTGC.2024.196.15.25.04,PTGC,2024.196.15.25.04,unlabelled,,,,,0,0,0.0,0.0,,,6.302000045776367,-73.45500183105469,19.02,1.6,4.199,-72.133833,170.0,274.83,327.86
PTGC.2024.196.18.43.41,PTGC,2024.196.18.43.41,unlabelled,,,,,0,0,0.0,0.0,,,4.7179999351501465,-74.83599853515625,30.51,1.7,4.199,-72.133833,170.0,305.34,280.94
PTGC.2024.196.22.02.55,PTGC,2024.196.22.02.55,unlabelled,,,,,0,0,0.0,0.0,,,5.1539998054504395,-73.15499877929688,0.0,1.6,4.199,-72.133833,170.0,154.88,313.03
PTGC.2024.197.18.34.47,PTGC,2024.197.18.34.47,unlabelled,,,,,0,0,0.0,0.0,,,5.940000057220459,-72.5739974975586,14.8,1.9,4.199,-72.133833,170.0,198.62,345.79
PTGC.2024.197.19.19.52,PTGC,2024.197.19.19.52,unlabelled,,,,,0,0,0.0,0.0,,,6.122000217437744,-72.33799743652344,15.98,2.2,4.199,-72.133833,170.0,213.85,353.93
PTGC.2024.198.06.57.20,PTGC,2024.198.06.57.20,unlabelled,,,,,0,0,0.0,0.0,,,3.624000072479248,-74.38400268554688,18.79,1.5,4.199,-72.133833,170.0,257.87,255.8
PTGC.2024.198.19.14.56,PTGC,2024.198.19.14.56,unlabelled,,,,,0,0,0.0,0.0,,,4.558000087738037,-74.92500305175781,33.09,2.1,4.199,-72.133833,170.0,312.34,277.41
PTGC.2024.199.03.24.58,PTGC,2024.199.03.24.58,unlabelled,,,,,0,0,0.0,0.0,,,3.3269999027252197,-74.35700225830078,5.29,1.6,4.199,-72.133833,170.0,265.11,248.75
PTGC.2024.199.18.28.23,PTGC,2024.199.18.28.23,unlabelled,,,,,0,0,0.0,0.0,,,4.328000068664551,-73.6780014038086,9.36,2.6,4.199,-72.133833,170.0,172.02,274.81
PTGC.2024.200.09.49.38,PTGC,2024.200.09.49.38,unlabelled,,,,,0,0,0.0,0.0,,,6.843999862670898,-72.03099822998047,24.41,1.7,4.199,-72.133833,170.0,292.72,2.23
PTGC.2024.200.19.43.24,PTGC,2024.200.19.43.24,unlabelled,,,,,0,0,0.0,0.0,,,3.558000087738037,-74.5270004272461,17.32,2.3,4.199,-72.133833,170.0,275.09,255.15
PTGC.2024.200.19.47.10,PTGC,2024.200.19.47.10,unlabelled,,,,,0,0,0.0,0.0,,,6.431000232696533,-72.86399841308594,15.98,2.2,4.199,-72.133833,170.0,259.75,341.88
PTGC.2024.201.20.52.27,PTGC,2024.201.20.52.27,unlabelled,,,,,0,0,0.0,0.0,,,6.4679999351501465,-72.28399658203125,5.0,1.5,4.199,-72.133833,170.0,251.47,356.21
PTGC.2024.201.20.54.27,PTGC,2024.201.20.54.27,unlabelled,,,,,0,0,0.0,0.0,,,3.486999988555908,-74.20899963378906,13.93,2.6,4.199,-72.133833,170.0,243.57,251.21
PTGC.2024.205.16.29.33,PTGC,2024.205.16.29.33,unlabelled,,,,,0,0,0.0,0.0,,,5.132999897003174,-73.02899932861328,13.4,2.0,4.199,-72.133833,170.0,143.29,316.16
PTGC.2024.207.11.46.40,PTGC,2024.207.11.46.40,unlabelled,,,,,0,0,0.0,0.0,,,4.135000228881836,-74.66400146484375,19.67,2.2,4.199,-72.133833,170.0,281.01,268.65
PTGC.2024.208.03.56.22,PTGC,2024.208.03.56.22,unlabelled,,,,,0,0,0.0,0.0,,,6.380000114440918,-71.99800109863281,15.04,2.5,4.199,-72.133833,170.0,241.65,3.57
PTGC.2024.208.05.23.39,PTGC,2024.208.05.23.39,unlabelled,,,,,0,0,0.0,0.0,,,6.105000019073486,-72.89600372314453,12.93,1.9,4.199,-72.133833,170.0,227.08,338.19
PTGC.2024.209.20.21.50,PTGC,2024.209.20.21.50,unlabelled,,,,,0,0,0.0,0.0,,,3.3420000076293945,-74.37200164794922,22.89,1.9,4.199,-72.133833,170.0,266.06,249.21
PTGC.2024.209.22.37.17,PTGC,2024.209.22.37.17,unlabelled,,,,,0,0,0.0,0.0,,,5.086999893188477,-74.69599914550781,22.54,1.7,4.199,-72.133833,170.0,300.77,289.16
PTGC.2024.210.08.09.00,PTGC,2024.210.08.09.00,unlabelled,,,,,0,0,0.0,0.0,,,5.619999885559082,-72.66999816894531,9.88,1.6,4.199,-72.133833,170.0,168.01,339.29
PTGC.2024.210.11.19.33,PTGC,2024.210.11.19.33,unlabelled,,,,,0,0,0.0,0.0,,,4.050000190734863,-74.70899963378906,17.38,1.5,4.199,-72.133833,170.0,286.4,266.8
PTGC.2024.210.19.19.24,PTGC,2024.210.19.19.24,unlabelled,,,,,0,0,0.0,0.0,,,3.444999933242798,-74.78900146484375,38.77,2.5,4.199,-72.133833,170.0,306.48,254.31
PTGC.2024.211.20.02.11,PTGC,2024.211.20.02.11,unlabelled,,,,,0,0,0.0,0.0,,,6.64900016784668,-72.01399993896484,20.2,1.9,4.199,-72.133833,170.0,271.26,2.8
PTGC.2024.212.01.05.05,PTGC,2024.212.01.05.05,unlabelled,,,,,0,0,0.0,0.0,,,4.947999954223633,-74.64099884033203,35.37,1.8,4.199,-72.133833,170.0,290.28,286.68
PTGC.2024.212.05.32.23,PTGC,2024.212.05.32.23,unlabelled,,,,,0,0,0.0,0.0,,,3.5889999866485596,-74.36399841308594,21.78,4.2,4.199,-72.133833,170.0,256.71,254.84
PTGC.2024.212.19.32.59,PTGC,2024.212.19.32.59,unlabelled,,,,,0,0,0.0,0.0,,,5.497000217437744,-73.48200225830078,13.87,1.5,4.199,-72.133833,170.0,207.28,313.88
PTGC.2024.213.02.38.23,PTGC,2024.213.02.38.23,unlabelled,,,,,0,0,0.0,0.0,,,6.01800012588501,-72.59500122070312,9.88,1.7,4.199,-72.133833,170.0,207.55,345.76
PTGC.2024.213.08.39.19,PTGC,2024.213.08.39.19,unlabelled,,,,,0,0,0.0,0.0,,,4.546999931335449,-73.21199798583984,17.62,1.7,4.199,-72.133833,170.0,125.71,287.87
PTGC.2024.213.14.10.22,PTGC,2024.213.14.10.22,unlabelled,,,,,0,0,0.0,0.0,-1.86,,3.566999912261963,-74.39700317382812,24.88,1.6,4.199,-72.133833,170.0,260.89,254.54
PTGC.2024.213.20.59.42,PTGC,2024.213.20.59.42,unlabelled,,,,,0,0,0.0,0.0,,,4.418000221252441,-75.11000061035156,32.15,1.6,4.199,-72.133833,170.0,331.26,274.3
PTGC.2024.215.01.40.06,PTGC,2024.215.01.40.06,unlabelled,,,,,0,0,0.0,0.0,,,3.493000030517578,-74.20700073242188,12.7,1.7,4.199,-72.133833,170.0,243.14,251.34
PTGC.2024.215.12.14.56,PTGC,2024.215.12.14.56,unlabelled,,,,,0,0,0.0,0.0,,,5.973999977111816,-72.41999816894531,16.45,1.9,4.199,-72.133833,170.0,198.83,350.83
PTGC.2024.215.14.52.37,PTGC,2024.215.14.52.37,unlabelled,,,,,0,0,0.0,0.0,,,6.046999931335449,-72.44599914550781,34.67,3.1,4.199,-72.133833,170.0,207.27,350.4
PTGC.2024.216.11.43.35,PTGC,2024.216.11.43.35,unlabelled,,,,,0,0,0.0,0.0,,,5.620999813079834,-73.31999969482422,12.29,1.8,4.199,-72.133833,170.0,205.02,320.13
PTGC.2024.217.01.33.40,PTGC,2024.217.01.33.40,unlabelled,,,,,0,0,0.0,0.0,,,5.228000164031982,-72.80599975585938,0.0,1.6,4.199,-72.133833,170.0,136.05,326.79
PTGC.2024.217.07.29.03,PTGC,2024.217.07.29.03,unlabelled,,,,,0,0,0.0,0.0,,,5.116000175476074,-73.0719985961914,12.93,1.6,4.199,-72.133833,170.0,145.32,314.29
PTGC.2024.217.08.30.22,PTGC,2024.217.08.30.22,unlabelled,,,,,0,0,0.0,0.0,,,6.946000099182129,-72.89700317382812,4.49,1.5,4.199,-72.133833,170.0,315.32,344.48
PTGC.2024.218.02.49.14,PTGC,2024.218.02.49.14,unlabelled,,,,,0,0,0.0,0.0,,,3.328000068664551,-74.35800170898438,19.02,1.6,4.199,-72.133833,170.0,265.17,248.78
PTGC.2024.218.07.46.59,PTGC,2024.218.07.46.59,unlabelled,,,,,0,0,0.0,0.0,,,6.5229997634887695,-73.23899841308594,30.68,1.7,4.199,-72.133833,170.0,284.69,334.57
PTGC.2024.219.02.05.42,PTGC,2024.219.02.05.42,unlabelled,,,,,0,0,0.0,0.0,,,4.064000129699707,-74.97899627685547,21.84,1.5,4.199,-72.133833,170.0,316.26,267.4
PTGC.2024.219.02.25.22,PTGC,2024.219.02.25.22,unlabelled,,,,,0,0,0.0,0.0,,,3.249000072479248,-74.43599700927734,21.89,2.8,4.199,-72.133833,170.0,276.47,247.75
PTGC.2024.219.10.39.46,PTGC,2024.219.10.39.46,unlabelled,,,,,0,0,0.0,0.0,,,3.253000020980835,-74.56900024414062,14.81,1.5,4.199,-72.133833,170.0,290.03,248.94
PTGC.2024.220.15.04.06,PTGC,2024.220.15.04.06,unlabelled,,,,,0,0,0.0,0.0,,,3.5989999771118164,-74.43099975585938,22.01,1.8,4.199,-72.133833,170.0,263.62,255.5
PTGC.2024.220.20.43.02,PTGC,2024.220.20.43.02,unlabelled,,,,,0,0,0.0,0.0,,,3.50600004196167,-74.552001953125,13.16,1.5,4.199,-72.133833,170.0,279.3,254.16
PTGC.2024.221.08.50.13,PTGC,2024.221.08.50.13,unlabelled,,,,,0,0,0.0,0.0,,,4.883999824523926,-73.36000061035156,0.0,2.0,4.199,-72.133833,170.0,155.73,299.15
PTGC.2024.221.14.23.37,PTGC,2024.221.14.23.37,unlabelled,,,,,0,0,0.0,0.0,,,5.235000133514404,-73.06199645996094,4.57,1.7,4.199,-72.133833,170.0,154.04,318.09
PTGC.2024.221.21.23.03,PTGC,2024.221.21.23.03,unlabelled,,,,,0,0,0.0,0.0,,,5.953999996185303,-74.26300048828125,10.68,2.0,4.199,-72.133833,170.0,305.61,309.51
PTGC.2024.222.06.57.38,PTGC,2024.222.06.57.38,unlabelled,,,,,0,0,0.0,0.0,,,3.4230000972747803,-74.17500305175781,14.1,1.8,4.199,-72.133833,170.0,242.42,249.34
PTGC.2024.223.02.41.43,PTGC,2024.223.02.41.43,unlabelled,,,,,0,0,0.0,0.0,,,3.630000114440918,-74.43099975585938,32.38,1.9,4.199,-72.133833,170.0,262.77,256.23
PTGC.2024.223.04.15.31,PTGC,2024.223.04.15.31,unlabelled,,,,,0,0,0.0,0.0,,,4.2270002365112305,-73.75800323486328,13.87,1.5,4.199,-72.133833,170.0,180.34,271.04
PTGC.2024.223.08.29.48,PTGC,2024.223.08.29.48,unlabelled,,,,,0,0,0.0,0.0,,,4.823999881744385,-74.60199737548828,36.13,1.8,4.199,-72.133833,170.0,282.49,284.26
PTGC.2024.223.18.33.15,PTGC,2024.223.18.33.15,unlabelled,,,,,0,0,0.0,0.0,,,3.4719998836517334,-74.68399810791016,30.51,1.6,4.199,-72.133833,170.0,294.44,254.24
PTGC.2024.223.21.17.26,PTGC,2024.223.21.17.26,unlabelled,,,,,0,0,0.0,0.0,,,5.353000164031982,-74.3759994506836,19.08,2.1,4.199,-72.133833,170.0,279.56,297.25
PTGC.2024.224.06.49.14,PTGC,2024.224.06.49.14,unlabelled,,,,,0,0,0.0,0.0,-1.4,,5.081999778747559,-73.04000091552734,18.32,2.0,4.199,-72.133833,170.0,140.16,314.2
PTGC.2024.224.11.32.53,PTGC,2024.224.11.32.53,unlabelled,,,,,0,0,0.0,0.0,,,5.204999923706055,-74.6989974975586,26.52,1.9,4.199,-72.133833,170.0,305.56,291.45
PTGC.2024.224.14.25.33,PTGC,2024.224.14.25.33,unlabelled,,,,,0,0,0.0,0.0,,,5.020999908447266,-74.74299621582031,25.12,1.7,4.199,-72.133833,170.0,303.45,287.53
PTGC.2024.225.06.46.25,PTGC,2024.225.06.46.25,unlabelled,,,,,0,0,0.0,0.0,,,6.573999881744385,-73.3280029296875,37.71,2.3,4.199,-72.133833,170.0,294.1,333.31
PTGC.2024.226.17.21.26,PTGC,2024.226.17.21.26,unlabelled,,,,,0,0,0.0,0.0,,,6.2210001945495605,-72.33999633789062,19.02,1.9,4.199,-72.133833,170.0,224.76,354.17
PTGC.2024.227.09.31.44,PTGC,2024.227.09.31.44,unlabelled,,,,,0,0,0.0,0.0,,,3.25600004196167,-74.88999938964844,22.54,1.6,4.199,-72.133833,170.0,323.44,251.29
PTGC.2024.227.14.55.57,PTGC,2024.227.14.55.57,unlabelled,,,,,0,0,0.0,0.0,,,5.60699987411499,-72.5479965209961,22.07,1.9,4.199,-72.133833,170.0,162.33,343.58
PTGC.2024.227.14.57.54,PTGC,2024.227.14.57.54,unlabelled,,,,,0,0,0.0,0.0,-2.43,-1.3,5.629000186920166,-72.51200103759766,23.95,1.9,4.199,-72.133833,170.0,163.6,345.16
PTGC.2024.227.15.15.38,PTGC,2024.227.15.15.38,unlabelled,,,,,0,0,0.0,0.0,,,4.991000175476074,-72.70899963378906,17.15,1.7,4.199,-72.133833,170.0,108.37,323.94
PTGC.2024.228.04.34.03,PTGC,2024.228.04.34.03,unlabelled,,,,,0,0,0.0,0.0,,,4.14900016784668,-73.86499786376953,14.98,1.6,4.199,-72.133833,170.0,192.28,268.42
PTGC.2024.229.08.06.07,PTGC,2024.229.08.06.07,unlabelled,,,,,0,0,0.0,0.0,,,5.701000213623047,-72.70800018310547,13.16,1.8,4.199,-72.133833,170.0,177.88,339.05
PTGC.2024.229.08.48.59,PTGC,2024.229.08.48.59,unlabelled,,,,,0,0,0.0,0.0,,,5.166999816894531,-73.03299713134766,18.09,1.7,4.199,-72.133833,170.0,146.32,317.05
PTGC.2024.229.17.52.13,PTGC,2024.229.17.52.13,unlabelled,,,,,0,0,0.0,0.0,,,6.7820000648498535,-71.822998046875,32.62,2.7,4.199,-72.133833,170.0,287.71,6.86
PTGC.2024.230.04.07.27,PTGC,2024.230.04.07.27,unlabelled,,,,,0,0,0.0,0.0,,,6.955999851226807,-72.2040023803711,26.05,1.5,4.199,-72.133833,170.0,304.98,358.54
PTGC.2024.231.08.07.36,PTGC,2024.231.08.07.36,unlabelled,,,,,0,0,0.0,0.0,,,3.2709999084472656,-74.197998046875,18.32,1.6,4.199,-72.133833,170.0,251.21,245.96
PTGC.2024.231.13.08.45,PTGC,2024.231.13.08.45,unlabelled,,,,,0,0,0.0,0.0,,,4.701000213623047,-74.81300354003906,25.12,1.8,4.199,-72.133833,170.0,302.49,280.68
PTGC.2024.231.14.39.48,PTGC,2024.231.14.39.48,unlabelled,,,,,0,0,0.0,0.0,,,6.864999771118164,-71.91500091552734,25.82,2.0,4.199,-72.133833,170.0,295.81,4.69
PTGC.2024.232.20.21.19,PTGC,2024.232.20.21.19,unlabelled,,,,,0,0,0.0,0.0,,,4.304999828338623,-73.68099975585938,20.37,1.7,4.199,-72.133833,170.0,172.16,273.96
PTGC.2024.233.20.48.13,PTGC,2024.233.20.48.13,unlabelled,,,,,0,0,0.0,0.0,,,4.664000034332275,-72.86499786376953,13.18,1.7,4.199,-72.133833,170.0,96.07,302.39
PTGC.2024.234.00.24.26,PTGC,2024.234.00.24.26,unlabelled,,,,,0,0,0.0,0.0,,,3.6510000228881836,-74.41999816894531,30.1,2.4,4.199,-72.133833,170.0,261.03,256.66
PTGC.2024.235.06.40.13,PTGC,2024.235.06.40.13,unlabelled,,,,,0,0,0.0,0.0,,,3.7990000247955322,-74.0739974975586,15.68,1.8,4.199,-72.133833,170.0,219.95,258.47
PTGC.2024.235.15.46.05,PTGC,2024.235.15.46.05,unlabelled,,,,,0,0,0.0,0.0,,,6.013000011444092,-74.28600311279297,15.79,1.6,4.199,-72.133833,170.0,311.74,310.14
PTGC.2024.235.19.11.03,PTGC,2024.235.19.11.03,unlabelled,,,,,0,0,0.0,0.0,,,5.926000118255615,-72.53299713134766,27.13,1.7,4.199,-72.133833,170.0,196.04,346.97
PTGC.2024.235.21.35.15,PTGC,2024.235.21.35.15,unlabelled,,,,,0,0,0.0,0.0,,,4.34499979019165,-73.83599853515625,6.66,2.0,4.199,-72.133833,170.0,189.65,274.95
PTGC.2024.236.02.52.50,PTGC,2024.236.02.52.50,unlabelled,,,,,0,0,0.0,0.0,,,4.991000175476074,-74.77899932861328,22.07,1.5,4.199,-72.133833,170.0,306.3,286.72
PTGC.2024.236.06.18.48,PTGC,2024.236.06.18.48,unlabelled,,,,,0,0,0.0,0.0,,,3.6689999103546143,-74.43000030517578,38.07,2.1,4.199,-72.133833,170.0,261.66,257.14
PTGC.2024.236.16.38.18,PTGC,2024.236.16.38.18,unlabelled,,,,,0,0,0.0,0.0,,,4.355999946594238,-73.82499694824219,7.71,1.8,4.199,-72.133833,170.0,188.54,275.35
PTGC.2024.237.17.48.40,PTGC,2024.237.17.48.40,unlabelled,,,,,0,0,0.0,0.0,,,5.164999961853027,-72.35800170898438,11.76,1.7,4.199,-72.133833,170.0,109.68,346.9
PTGC.2024.238.00.00.13,PTGC,2024.238.00.00.13,unlabelled,,,,,0,0,0.0,0.0,,,3.6689999103546143,-74.13999938964844,10.29,2.4,4.199,-72.133833,170.0,230.38,255.33
PTGC.2024.239.09.00.11,PTGC,2024.239.09.00.11,unlabelled,,,,,0,0,0.0,0.0,,,5.8379998207092285,-72.46199798583984,22.07,1.6,4.199,-72.133833,170.0,184.86,348.66
PTGC.2024.239.15.38.45,PTGC,2024.239.15.38.45,unlabelled,,,,,0,0,0.0,0.0,,,6.689000129699707,-73.61399841308594,1.9,2.1,4.199,-72.133833,170.0,320.5,329.28
PTGC.2024.239.21.47.11,PTGC,2024.239.21.47.11,unlabelled,,,,,0,0,0.0,0.0,,,3.6389999389648438,-74.12799835205078,15.33,1.8,4.199,-72.133833,170.0,229.97,254.45
PTGC.2024.242.08.24.35,PTGC,2024.242.08.24.35,unlabelled,,,,,0,0,0.0,0.0,,,6.210999965667725,-72.25700378417969,35.66,1.5,4.199,-72.133833,170.0,222.91,356.49
PTGC.2024.243.07.33.46,PTGC,2024.243.07.33.46,unlabelled,,,,,0,0,0.0,0.0,,,5.9770002365112305,-72.46900177001953,16.04,2.8,4.199,-72.133833,170.0,200.1,349.31
PTGC.2024.243.15.09.55,PTGC,2024.243.15.09.55,unlabelled,,,,,0,0,0.0,0.0,,,4.364999771118164,-73.74299621582031,12.93,1.5,4.199,-72.133833,170.0,179.58,275.93
PTGC.2024.243.18.34.45,PTGC,2024.243.18.34.45,unlabelled,,,,,0,0,0.0,0.0,,,7.0289998054504395,-72.04900360107422,16.8,1.8,4.199,-72.133833,170.0,313.1,1.72
PTGC.2024.243.22.07.48,PTGC,2024.243.22.07.48,unlabelled,,,,,0,0,0.0,0.0,,,5.698999881744385,-72.91899871826172,34.61,1.5,4.199,-72.133833,170.0,187.34,332.33
PTGC.2024.244.08.49.51,PTGC,2024.244.08.49.51,unlabelled,,,,,0,0,0.0,0.0,,,5.519000053405762,-74.47100067138672,23.71,1.8,4.199,-72.133833,170.0,297.51,299.48
PTGC.2024.244.18.36.53,PTGC,2024.244.18.36.53,unlabelled,,,,,0,0,0.0,0.0,,,3.4760000705718994,-74.19599914550781,8.54,1.5,4.199,-72.133833,170.0,242.6,250.83
PTGC.2024.244.18.39.00,PTGC,2024.244.18.39.00,unlabelled,,,,,0,0,0.0,0.0,,,3.4609999656677246,-74.19200134277344,12.93,1.6,4.199,-72.133833,170.0,242.73,250.43
PTGC.2024.244.23.29.34,PTGC,2024.244.23.29.34,unlabelled,,,,,0,0,0.0,0.0,,,4.343999862670898,-73.87799835205078,13.4,1.9,4.199,-72.133833,170.0,194.29,274.8
PTGC.2024.245.01.42.07,PTGC,2024.245.01.42.07,unlabelled,,,,,0,0,0.0,0.0,,,7.019000053405762,-72.00299835205078,22.07,1.9,4.199,-72.133833,170.0,312.19,2.66
PTGC.2024.245.07.24.06,PTGC,2024.245.07.24.06,unlabelled,,,,,0,0,0.0,0.0,,,6.5320000648498535,-73.31800079345703,31.21,1.7,4.199,-72.133833,170.0,289.45,333.09
PTGC.2024.246.09.43.16,PTGC,2024.246.09.43.16,unlabelled,,,,,0,0,0.0,0.0,,,5.4730000495910645,-72.21299743652344,0.0,1.6,4.199,-72.133833,170.0,141.16,356.44
PTGC.2024.247.09.40.37,PTGC,2024.247.09.40.37,unlabelled,,,,,0,0,0.0,0.0,,,3.6410000324249268,-74.41999816894531,35.43,1.6,4.199,-72.133833,170.0,261.29,256.42
PTGC.2024.247.14.55.33,PTGC,2024.247.14.55.33,unlabelled,,,,,0,0,0.0,0.0,,,6.960999965667725,-72.91300201416016,4.85,1.7,4.199,-72.133833,170.0,317.4,344.25
PTGC.2024.247.16.24.30,PTGC,2024.247.16.24.30,unlabelled,,,,,0,0,0.0,0.0,,,5.681000232696533,-72.77899932861328,15.98,2.0,4.199,-72.133833,170.0,178.82,336.44
PTGC.2024.248.07.00.08,PTGC,2024.248.07.00.08,unlabelled,,,,,0,0,0.0,0.0,,,5.666999816894531,-72.7979965209961,4.25,1.8,4.199,-72.133833,170.0,178.27,335.62
PTGC.2024.248.08.20.04,PTGC,2024.248.08.20.04,unlabelled,,,,,0,0,0.0,0.0,,,5.880000114440918,-72.5250015258789,0.0,1.7,4.199,-72.133833,170.0,190.88,346.88
PTGC.2024.248.16.17.06,PTGC,2024.248.16.17.06,unlabelled,,,,,0,0,0.0,0.0,,,3.484999895095825,-74.21499633789062,12.99,1.8,4.199,-72.133833,170.0,244.27,251.21
PTGC.2024.249.21.04.08,PTGC,2024.249.21.04.08,unlabelled,,,,,0,0,0.0,0.0,,,3.434000015258789,-74.73699951171875,40.35,1.7,4.199,-72.133833,170.0,301.26,253.78
PTGC.2024.250.04.20.29,PTGC,2024.250.04.20.29,unlabelled,,,,,0,0,0.0,0.0,,,5.946000099182129,-72.56500244140625,17.15,1.5,4.199,-72.133833,170.0,199.02,346.12
PTGC.2024.251.04.02.14,PTGC,2024.251.04.02.14,unlabelled,,,,,0,0,0.0,0.0,,,4.013999938964844,-74.97899627685547,19.49,1.5,4.199,-72.133833,170.0,316.58,266.4
PTGC.2024.251.04.29.03,PTGC,2024.251.04.29.03,unlabelled,,,,,0,0,0.0,0.0,,,5.5879998207092285,-73.0270004272461,15.98,1.8,4.199,-72.133833,170.0,182.77,327.22
PTGC.2024.251.15.52.35,PTGC,2024.251.15.52.35,unlabelled,,,,,0,0,0.0,0.0,,,6.63100004196167,-72.99099731445312,28.37,1.6,4.199,-72.133833,170.0,285.22,340.58
PTGC.2024.253.03.07.22,PTGC,2024.253.03.07.22,unlabelled,,,,,0,0,0.0,0.0,,,6.676000118255615,-72.06999969482422,20.43,1.8,4.199,-72.133833,170.0,274.01,1.48
PTGC.2024.254.02.12.05,PTGC,2024.254.02.12.05,unlabelled,,,,,0,0,0.0,0.0,,,6.127999782562256,-72.48100280761719,19.49,1.7,4.199,-72.133833,170.0,216.76,349.79
PTGC.2024.254.09.32.30,PTGC,2024.254.09.32.30,unlabelled,,,,,0,0,0.0,0.0,,,4.620999813079834,-74.89099884033203,21.84,1.5,4.199,-72.133833,170.0,309.56,278.77
PTGC.2024.255.07.24.48,PTGC,2024.255.07.24.48,unlabelled,,,,,0,0,0.0,0.0,,,4.866000175476074,-73.00399780273438,0.0,1.7,4.199,-72.133833,170.0,121.51,307.41
PTGC.2024.255.08.40.23,PTGC,2024.255.08.40.23,unlabelled,,,,,0,0,0.0,0.0,,,4.620999813079834,-74.89299774169922,22.07,1.5,4.199,-72.133833,170.0,309.78,278.77
PTGC.2024.255.19.37.48,PTGC,2024.255.19.37.48,unlabelled,,,,,0,0,0.0,0.0,,,5.724999904632568,-72.9990005493164,0.02,1.6,4.199,-72.133833,170.0,194.12,330.41
PTGC.2024.256.06.56.41,PTGC,2024.256.06.56.41,unlabelled,,,,,0,0,0.0,0.0,,,5.60699987411499,-73.2979965209961,13.63,1.7,4.199,-72.133833,170.0,202.27,320.38
PTGC.2024.256.09.44.28,PTGC,2024.256.09.44.28,unlabelled,,,,,0,0,0.0,0.0,,,3.822999954223633,-74.11399841308594,15.1,1.7,4.199,-72.133833,170.0,223.79,259.36
PTGC.2024.258.01.47.09,PTGC,2024.258.01.47.09,unlabelled,,,,,0,0,0.0,0.0,,,5.171999931335449,-73.5999984741211,0.0,1.6,4.199,-72.133833,170.0,195.03,303.54
PTGC.2024.258.03.38.36,PTGC,2024.258.03.38.36,unlabelled,,,,,0,0,0.0,0.0,-1.33,,5.182000160217285,-73.07599639892578,15.98,1.6,4.199,-72.133833,170.0,150.81,316.16
PTGC.2024.258.09.08.19,PTGC,2024.258.09.08.19,unlabelled,,,,,0,0,0.0,0.0,,,6.136000156402588,-72.11499786376953,19.61,2.4,4.199,-72.133833,170.0,214.21,0.56
PTGC.2024.259.00.33.58,PTGC,2024.259.00.33.58,unlabelled,,,,,0,0,0.0,0.0,,,7.105000019073486,-72.11299896240234,22.42,1.7,4.199,-72.133833,170.0,321.37,0.41
PTGC.2024.260.11.46.47,PTGC,2024.260.11.46.47,unlabelled,,,,,0,0,0.0,0.0,,,5.0320000648498535,-74.73400115966797,21.84,1.5,4.199,-72.133833,170.0,302.86,287.81
PTGC.2024.260.22.32.56,PTGC,2024.260.22.32.56,unlabelled,,,,,0,0,0.0,0.0,,,5.3429999351501465,-72.53600311279297,26.76,2.2,4.199,-72.133833,170.0,134.14,340.59
PTGC.2024.261.17.37.07,PTGC,2024.261.17.37.07,unlabelled,,,,,0,0,0.0,0.0,,,3.4240000247955322,-74.26399993896484,8.07,1.5,4.199,-72.133833,170.0,251.65,250.16
PTGC.2024.262.01.42.09,PTGC,2024.262.01.42.09,unlabelled,,,,,0,0,0.0,0.0,,,5.810999870300293,-72.60800170898438,19.02,1.6,4.199,-72.133833,170.0,185.85,343.58
PTGC.2024.262.06.09.26,PTGC,2024.262.06.09.26,unlabelled,,,,,0,0,0.0,0.0,,,6.328999996185303,-72.26699829101562,18.79,1.5,4.199,-72.133833,170.0,236.01,356.42
PTGC.2024.262.06.41.14,PTGC,2024.262.06.41.14,unlabelled,,,,,0,0,0.0,0.0,,,6.138999938964844,-72.16899871826172,16.21,1.6,4.199,-72.133833,170.0,214.57,358.96
PTGC.2024.263.00.40.47,PTGC,2024.263.00.40.47,unlabelled,,,,,0,0,0.0,0.0,,,6.447999954223633,-73.96499633789062,34.78,1.5,4.199,-72.133833,170.0,321.01,320.86
PTGC.2024.263.10.26.14,PTGC,2024.263.10.26.14,unlabelled,,,,,0,0,0.0,0.0,,,3.677000045776367,-74.07099914550781,33.32,1.9,4.199,-72.133833,170.0,222.75,255.05
PTGC.2024.263.13.29.12,PTGC,2024.263.13.29.12,unlabelled,,,,,0,0,0.0,0.0,,,6.050000190734863,-74.23999786376953,0.0,2.6,4.199,-72.133833,170.0,310.53,311.32
PTGC.2024.263.13.40.02,PTGC,2024.263.13.40.02,unlabelled,,,,,0,0,0.0,0.0,,,6.046000003814697,-74.22100067138672,0.98,2.0,4.199,-72.133833,170.0,308.65,311.52
PTGC.2024.264.03.04.31,PTGC,2024.264.03.04.31,unlabelled,,,,,0,0,0.0,0.0,,,3.7890000343322754,-74.00700378417969,19.02,1.5,4.199,-72.133833,170.0,212.9,257.77
PTGC.2024.265.03.20.59,PTGC,2024.265.03.20.59,unlabelled,,,,,0,0,0.0,0.0,,,7.051000118255615,-71.88300323486328,27.23,1.8,4.199,-72.133833,170.0,316.61,5.02
PTGC.2024.267.06.01.55,PTGC,2024.267.06.01.55,unlabelled,,,,,0,0,0.0,0.0,,,3.9630000591278076,-74.86599731445312,29.57,1.5,4.199,-72.133833,170.0,304.5,265.18
PTGC.2024.267.10.32.44,PTGC,2024.267.10.32.44,unlabelled,,,,,0,0,0.0,0.0,,,6.035999774932861,-74.22100067138672,-0.06,1.9,4.199,-72.133833,170.0,307.93,311.37
PTGC.2024.267.11.08.41,PTGC,2024.267.11.08.41,unlabelled,,,,,0,0,0.0,0.0,,,7.203000068664551,-72.38999938964844,16.68,1.7,4.199,-72.133833,170.0,333.41,355.13
PTGC.2024.267.17.37.00,PTGC,2024.267.17.37.00,unlabelled,,,,,0,0,0.0,0.0,,,6.039000034332275,-74.2249984741211,0.0,2.6,4.199,-72.133833,170.0,308.48,311.36
PTGC.2024.268.19.01.35,PTGC,2024.268.19.01.35,unlabelled,,,,,0,0,0.0,0.0,-6.12,,5.64300012588501,-72.6760025024414,15.98,1.6,4.199,-72.133833,170.0,170.63,339.39
PTGC.2024.269.19.29.20,PTGC,2024.269.19.29.20,unlabelled,,,,,0,0,0.0,0.0,,,3.5290000438690186,-74.21600341796875,17.15,1.7,4.199,-72.133833,170.0,242.84,252.31
PTGC.2024.270.09.34.35,PTGC,2024.270.09.34.35,unlabelled,,,,,0,0,0.0,0.0,,,4.14900016784668,-73.75,11.46,1.7,4.199,-72.133833,170.0,179.52,268.29
PTGC.2024.270.14.04.55,PTGC,2024.270.14.04.55,unlabelled,,,,,0,0,0.0,0.0,,,3.5829999446868896,-74.3759994506836,22.01,2.0,4.199,-72.133833,170.0,258.17,254.78
PTGC.2024.271.05.28.18,PTGC,2024.271.05.28.18,unlabelled,,,,,0,0,0.0,0.0,,,3.302000045776367,-74.80599975585938,9.85,1.5,4.199,-72.133833,170.0,312.96,251.61
PTGC.2024.271.06.04.05,PTGC,2024.271.06.04.05,unlabelled,,,,,0,0,0.0,0.0,,,6.041999816894531,-74.2300033569336,0.0,2.6,4.199,-72.133833,170.0,309.11,311.34
PTGC.2024.271.06.50.26,PTGC,2024.271.06.50.26,unlabelled,,,,,0,0,0.0,0.0,,,6.0320000648498535,-74.21900177001953,0.01,1.6,4.199,-72.133833,170.0,307.47,311.33
PTGC.2024.273.09.57.07,PTGC,2024.273.09.57.07,unlabelled,,,,,0,0,0.0,0.0,,,3.315000057220459,-74.46900177001953,26.05,1.9,4.199,-72.133833,170.0,277.2,249.43
PTGC.2024.273.18.13.57,PTGC,2024.273.18.13.57,unlabelled,,,,,0,0,0.0,0.0,,,4.3460001945495605,-73.83300018310547,8.95,1.9,4.199,-72.133833,170.0,189.33,274.99
PTGC.2024.273.19.38.06,PTGC,2024.273.19.38.06,unlabelled,,,,,0,0,0.0,0.0,,,4.697000026702881,-74.76399993896484,25.06,2.3,4.199,-72.133833,170.0,297.06,280.78
PTGC.2024.274.05.05.41,PTGC,2024.274.05.05.41,unlabelled,,,,,0,0,0.0,0.0,,,3.8320000171661377,-73.71900177001953,13.87,1.6,4.199,-72.133833,170.0,180.65,257.07
PTGC.2024.274.09.53.00,PTGC,2024.274.09.53.00,unlabelled,,,,,0,0,0.0,0.0,,,5.63100004196167,-72.42400360107422,34.96,1.8,4.199,-72.133833,170.0,161.59,348.52
PTGC.2024.275.09.51.52,PTGC,2024.275.09.51.52,unlabelled,,,,,0,0,0.0,0.0,,,6.107999801635742,-72.5250015258789,8.78,1.6,4.199,-72.133833,170.0,215.51,348.41
PTGC.2024.275.17.16.27,PTGC,2024.275.17.16.27,unlabelled,,,,,0,0,0.0,0.0,,,5.818999767303467,-72.5270004272461,14.57,1.9,4.199,-72.133833,170.0,184.37,346.34
PTGC.2024.275.20.52.40,PTGC,2024.275.20.52.40,unlabelled,,,,,0,0,0.0,0.0,,,4.673999786376953,-74.91500091552734,22.07,1.6,4.199,-72.133833,170.0,313.11,279.76
PTGC.2024.277.04.40.25,PTGC,2024.277.04.40.25,unlabelled,,,,,0,0,0.0,0.0,,,5.014999866485596,-74.74299621582031,22.54,1.6,4.199,-72.133833,170.0,303.25,287.41
PTGC.2024.277.06.43.32,PTGC,2024.277.06.43.32,unlabelled,,,,,0,0,0.0,0.0,,,6.043000221252441,-72.46199798583984,15.98,1.7,4.199,-72.133833,170.0,207.14,349.9
PTGC.2024.278.01.05.48,PTGC,2024.278.01.05.48,unlabelled,,,,,0,0,0.0,0.0,,,5.0229997634887695,-74.74099731445312,35.66,1.8,4.199,-72.133833,170.0,303.3,287.58
PTGC.2024.278.01.56.56,PTGC,2024.278.01.56.56,unlabelled,,,,,0,0,0.0,0.0,,,6.789000034332275,-72.01200103759766,0.0,1.6,4.199,-72.133833,170.0,286.73,2.69
PTGC.2024.278.18.47.23,PTGC,2024.278.18.47.23,unlabelled,,,,,0,0,0.0,0.0,,,5.144000053405762,-73.10600280761719,15.98,2.0,4.199,-72.133833,170.0,150.18,314.13
PTGC.2024.278.18.52.34,PTGC,2024.278.18.52.34,unlabelled,,,,,0,0,0.0,0.0,,,7.13700008392334,-71.9530029296875,18.02,1.5,4.199,-72.133833,170.0,325.52,3.52
PTGC.2024.279.00.50.40,PTGC,2024.279.00.50.40,unlabelled,,,,,0,0,0.0,0.0,,,5.254000186920166,-74.68599700927734,22.54,1.5,4.199,-72.133833,170.0,306.23,292.49
PTGC.2024.279.12.07.32,PTGC,2024.279.12.07.32,unlabelled,,,,,0,0,0.0,0.0,,,6.763000011444092,-72.99500274658203,20.2,2.2,4.199,-72.133833,170.0,299.16,341.44
PTGC.2024.280.09.40.24,PTGC,2024.280.09.40.24,unlabelled,,,,,0,0,0.0,0.0,,,5.004000186920166,-74.76599884033203,27.99,1.7,4.199,-72.133833,170.0,305.33,287.05
PTGC.2024.280.20.14.29,PTGC,2024.280.20.14.29,unlabelled,,,,,0,0,0.0,0.0,,,3.5810000896453857,-74.44200134277344,19.43,1.8,4.199,-72.133833,170.0,265.31,255.15
PTGC.2024.282.07.22.31,PTGC,2024.282.07.22.31,unlabelled,,,,,0,0,0.0,0.0,,,5.247000217437744,-74.67500305175781,31.39,1.7,4.199,-72.133833,170.0,304.81,292.45
PTGC.2024.283.21.04.17,PTGC,2024.283.21.04.17,unlabelled,,,,,0,0,0.0,0.0,,,3.3480000495910645,-74.73699951171875,20.49,2.5,4.199,-72.133833,170.0,304.08,252.06
PTGC.2024.286.15.14.44,PTGC,2024.286.15.14.44,unlabelled,,,,,0,0,0.0,0.0,,,5.197999954223633,-74.94599914550781,22.01,2.4,4.199,-72.133833,170.0,330.98,289.61
PTGC.2024.286.19.26.17,PTGC,2024.286.19.26.17,unlabelled,,,,,0,0,0.0,0.0,,,6.0289998054504395,-72.70999908447266,15.98,2.1,4.199,-72.133833,170.0,212.21,342.5
PTGC.2024.286.20.54.30,PTGC,2024.286.20.54.30,unlabelled,,,,,0,0,0.0,0.0,,,6.031000137329102,-72.73999786376953,13.16,1.7,4.199,-72.133833,170.0,213.45,341.67
PTGC.2024.288.09.54.16,PTGC,2024.288.09.54.16,unlabelled,,,,,0,0,0.0,0.0,,,5.993000030517578,-72.62100219726562,17.38,1.8,4.199,-72.133833,170.0,205.61,344.79
PTGC.2024.288.20.39.43,PTGC,2024.288.20.39.43,unlabelled,,,,,0,0,0.0,0.0,,,3.572000026702881,-74.3489990234375,14.22,1.5,4.199,-72.133833,170.0,255.61,254.34
PTGC.2024.288.21.11.44,PTGC,2024.288.21.11.44,unlabelled,,,,,0,0,0.0,0.0,,,6.064000129699707,-72.56800079345703,13.05,1.7,4.199,-72.133833,170.0,211.78,346.88
PTGC.2024.288.23.54.31,PTGC,2024.288.23.54.31,unlabelled,,,,,0,0,0.0,0.0,,,6.159999847412109,-74.28299713134766,15.94,2.4,4.199,-72.133833,170.0,322.17,312.4
PTGC.2024.289.06.59.33,PTGC,2024.289.06.59.33,unlabelled,,,,,0,0,0.0,0.0,,,3.365999937057495,-74.74600219726562,19.9,2.2,4.199,-72.133833,170.0,304.42,252.48
PTGC.2024.289.11.16.47,PTGC,2024.289.11.16.47,unlabelled,,,,,0,0,0.0,0.0,,,6.873000144958496,-72.13899993896484,1.93,1.6,4.199,-72.133833,170.0,295.7,359.89
PTGC.2024.289.19.09.56,PTGC,2024.289.19.09.56,unlabelled,,,,,0,0,0.0,0.0,,,3.882999897003174,-73.9800033569336,12.99,1.6,4.199,-72.133833,170.0,207.96,260.39
PTGC.2024.289.23.09.22,PTGC,2024.289.23.09.22,unlabelled,,,,,0,0,0.0,0.0,,,4.801000118255615,-74.7509994506836,35.2,1.9,4.199,-72.133833,170.0,297.98,283.01
PTGC.2024.290.04.33.38,PTGC,2024.290.04.33.38,unlabelled,,,,,0,0,0.0,0.0,,,4.677000045776367,-73.3740005493164,0.03,1.5,4.199,-72.133833,170.0,147.44,291.05
PTGC.2024.290.15.01.16,PTGC,2024.290.15.01.16,unlabelled,,,,,0,0,0.0,0.0,,,3.819999933242798,-73.69200134277344,12.75,1.8,4.199,-72.133833,170.0,178.04,256.44
PTGC.2024.290.16.18.07,PTGC,2024.290.16.18.07,unlabelled,,,,,0,0,0.0,0.0,,,3.5910000801086426,-74.44000244140625,28.05,1.7,4.199,-72.133833,170.0,264.81,255.37
PTGC.2024.290.20.26.59,PTGC,2024.290.20.26.59,unlabelled,,,,,0,0,0.0,0.0,,,6.97599983215332,-71.79299926757812,2.71,2.3,4.199,-72.133833,170.0,309.41,6.99
PTGC.2024.290.21.27.01,PTGC,2024.290.21.27.01,unlabelled,,,,,0,0,0.0,0.0,,,6.164999961853027,-73.05999755859375,13.05,1.6,4.199,-72.133833,170.0,240.43,334.76
PTGC.2024.291.07.14.30,PTGC,2024.291.07.14.30,unlabelled,,,,,0,0,0.0,0.0,,,6.978000164031982,-72.96099853515625,11.46,1.9,4.199,-72.133833,170.0,320.69,343.43
PTGC.2024.292.09.23.38,PTGC,2024.292.09.23.38,unlabelled,,,,,0,0,0.0,0.0,,,3.4609999656677246,-74.61599731445312,23.71,1.8,4.199,-72.133833,170.0,287.52,253.6
PTGC.2024.292.10.22.06,PTGC,2024.292.10.22.06,unlabelled,,,,,0,0,0.0,0.0,,,4.235000133514404,-73.76799774169922,14.16,1.8,4.199,-72.133833,170.0,181.47,271.32
PTGC.2024.292.20.58.03,PTGC,2024.292.20.58.03,unlabelled,,,,,0,0,0.0,0.0,,,5.954999923706055,-73.44400024414062,19.02,1.7,4.199,-72.133833,170.0,242.51,323.25
PTGC.2024.293.03.55.29,PTGC,2024.293.03.55.29,unlabelled,,,,,0,0,0.0,0.0,-1.37,,4.640999794006348,-73.41999816894531,0.07,1.7,4.199,-72.133833,170.0,150.89,288.95
PTGC.2024.294.10.15.22,PTGC,2024.294.10.15.22,unlabelled,,,,,0,0,0.0,0.0,,,5.36299991607666,-72.8489990234375,3.42,1.7,4.199,-72.133833,170.0,151.2,328.38
PTGC.2024.294.14.40.53,PTGC,2024.294.14.40.53,unlabelled,,,,,0,0,0.0,0.0,,,5.7820000648498535,-72.7030029296875,16.09,1.8,4.199,-72.133833,170.0,186.08,340.2
PTGC.2024.294.22.55.01,PTGC,2024.294.22.55.01,unlabelled,,,,,0,0,0.0,0.0,,,5.038000106811523,-74.71499633789062,28.63,2.2,4.199,-72.133833,170.0,301.06,288.05
PTGC.2024.296.21.33.27,PTGC,2024.296.21.33.27,unlabelled,,,,,0,0,0.0,0.0,,,4.767000198364258,-73.53399658203125,0.0,1.5,4.199,-72.133833,170.0,167.61,292.06
PTGC.2024.297.08.31.08,PTGC,2024.297.08.31.08,unlabelled,,,,,0,0,0.0,0.0,-1.88,-0.29,5.922999858856201,-72.37799835205078,2.85,1.8,4.199,-72.133833,170.0,192.56,351.93
PTGC.2024.298.09.45.34,PTGC,2024.298.09.45.34,unlabelled,,,,,0,0,0.0,0.0,,,6.310999870300293,-72.00399780273438,8.88,2.2,4.199,-72.133833,170.0,234.0,3.52
PTGC.2024.299.04.05.39,PTGC,2024.299.04.05.39,unlabelled,,,,,0,0,0.0,0.0,,,5.681000232696533,-72.66100311279297,0.0,1.7,4.199,-72.133833,170.0,174.0,340.39
PTGC.2024.299.17.03.51,PTGC,2024.299.17.03.51,unlabelled,,,,,0,0,0.0,0.0,,,3.611999988555908,-74.39900207519531,22.25,3.5,4.199,-72.133833,170.0,259.81,255.61
PTGC.2024.299.19.46.03,PTGC,2024.299.19.46.03,unlabelled,,,,,0,0,0.0,0.0,,,3.6010000705718994,-74.46700286865234,25.59,1.8,4.199,-72.133833,170.0,267.43,255.77
PTGC.2024.300.06.11.43,PTGC,2024.300.06.11.43,unlabelled,,,,,0,0,0.0,0.0,,,3.5899999141693115,-74.39299774169922,22.01,1.6,4.199,-72.133833,170.0,259.79,255.05
PTGC.2024.300.20.21.26,PTGC,2024.300.20.21.26,unlabelled,,,,,0,0,0.0,0.0,,,3.4839999675750732,-74.46800231933594,15.92,1.8,4.199,-72.133833,170.0,271.04,253.12
PTGC.2024.301.09.03.23,PTGC,2024.301.09.03.23,unlabelled,,,,,0,0,0.0,0.0,,,4.451000213623047,-75.02899932861328,29.04,1.9,4.199,-72.133833,170.0,322.58,275.06
PTGC.2024.301.12.56.02,PTGC,2024.301.12.56.02,unlabelled,,,,,0,0,0.0,0.0,,,5.453000068664551,-72.96299743652344,24.65,2.0,4.199,-72.133833,170.0,166.4,326.48
PTGC.2024.303.12.36.36,PTGC,2024.303.12.36.36,unlabelled,,,,,0,0,0.0,0.0,-3.29,-2.18,4.913000106811523,-71.94599914550781,0.0,2.0,4.199,-72.133833,170.0,81.66,14.78
PTGC.2024.304.03.34.54,PTGC,2024.304.03.34.54,unlabelled,,,,,0,0,0.0,0.0,,,4.658999919891357,-74.822998046875,28.16,1.7,4.199,-72.133833,170.0,302.77,279.77
PTGC.2024.304.17.00.34,PTGC,2024.304.17.00.34,unlabelled,,,,,0,0,0.0,0.0,,,3.4560000896453857,-74.18299865722656,4.33,1.8,4.199,-72.133833,170.0,241.98,250.22
PTGC.2024.305.04.37.02,PTGC,2024.305.04.37.02,unlabelled,,,,,0,0,0.0,0.0,,,5.138000011444092,-73.60800170898438,0.0,1.5,4.199,-72.133833,170.0,193.74,302.47
PTGC.2024.305.05.01.58,PTGC,2024.305.05.01.58,unlabelled,,,,,0,0,0.0,0.0,,,6.01800012588501,-72.48799896240234,16.21,2.1,4.199,-72.133833,170.0,204.95,348.97
PTGC.2024.305.16.18.08,PTGC,2024.305.16.18.08,unlabelled,,,,,0,0,0.0,0.0,,,4.394999980926514,-73.69599914550781,12.99,1.7,4.199,-72.133833,170.0,174.76,277.18
PTGC.2024.305.16.18.42,PTGC,2024.305.16.18.42,unlabelled,,,,,0,0,0.0,0.0,,,4.394000053405762,-73.7020034790039,11.41,1.5,4.199,-72.133833,170.0,175.41,277.12
PTGC.2024.305.22.23.35,PTGC,2024.305.22.23.35,unlabelled,,,,,0,0,0.0,0.0,,,3.3959999084472656,-74.447998046875,18.32,1.7,4.199,-72.133833,170.0,271.95,251.02
PTGC.2024.307.09.41.39,PTGC,2024.307.09.41.39,unlabelled,,,,,0,0,0.0,0.0,,,3.502000093460083,-74.40299987792969,38.77,2.5,4.199,-72.133833,170.0,263.56,253.07
PTGC.2024.307.21.32.18,PTGC,2024.307.21.32.18,unlabelled,,,,,0,0,0.0,0.0,,,4.015999794006348,-74.24600219726562,19.02,1.6,4.199,-72.133833,170.0,235.4,265.14
PTGC.2024.308.09.27.13,PTGC,2024.308.09.27.13,unlabelled,,,,,0,0,0.0,0.0,,,6.020999908447266,-72.64900207519531,9.77,1.8,4.199,-72.133833,170.0,209.42,344.19
PTGC.2024.308.10.12.46,PTGC,2024.308.10.12.46,unlabelled,,,,,0,0,0.0,0.0,,,6.073999881744385,-74.25199890136719,30.58,1.6,4.199,-72.133833,170.0,313.28,311.53
PTGC.2024.309.00.41.07,PTGC,2024.309.00.41.07,unlabelled,,,,,0,0,0.0,0.0,,,6.665999889373779,-71.86799621582031,24.09,1.7,4.199,-72.133833,170.0,274.4,6.15
PTGC.2024.309.02.10.31,PTGC,2024.309.02.10.31,unlabelled,,,,,0,0,0.0,0.0,-2.7,,5.123000144958496,-73.06500244140625,20.9,2.1,4.199,-72.133833,170.0,145.31,314.72
PTGC.2024.309.06.53.53,PTGC,2024.309.06.53.53,unlabelled,,,,,0,0,0.0,0.0,,,3.3269999027252197,-74.29399871826172,2.8,2.0,4.199,-72.133833,170.0,258.6,248.18
PTGC.2024.310.04.07.59,PTGC,2024.310.04.07.59,unlabelled,,,,,0,0,0.0,0.0,,,3.747999906539917,-72.15699768066406,0.0,1.6,4.199,-72.133833,170.0,49.94,182.95
PTGC.2024.310.15.49.28,PTGC,2024.310.15.49.28,unlabelled,,,,,0,0,0.0,0.0,,,5.921000003814697,-72.77200317382812,11.05,2.1,4.199,-72.133833,170.0,203.15,339.64
PTGC.2024.310.22.03.39,PTGC,2024.310.22.03.39,unlabelled,,,,,0,0,0.0,0.0,,,5.744999885559082,-74.59500122070312,16.39,1.5,4.199,-72.133833,170.0,322.06,302.16
PTGC.2024.311.12.14.47,PTGC,2024.311.12.14.47,unlabelled,,,,,0,0,0.0,0.0,,,6.39300012588501,-72.01899719238281,19.73,2.5,4.199,-72.133833,170.0,242.95,3.0
PTGC.2024.312.01.39.40,PTGC,2024.312.01.39.40,unlabelled,,,,,0,0,0.0,0.0,,,3.503999948501587,-74.22599792480469,9.36,2.2,4.199,-72.133833,170.0,244.75,251.77
PTGC.2024.312.06.38.37,PTGC,2024.312.06.38.37,unlabelled,,,,,0,0,0.0,0.0,,,3.3540000915527344,-74.36199951171875,14.39,1.8,4.199,-72.133833,170.0,264.55,249.39
PTGC.2024.312.11.34.13,PTGC,2024.312.11.34.13,unlabelled,,,,,0,0,0.0,0.0,,,6.091000080108643,-74.35299682617188,9.18,1.7,4.199,-72.133833,170.0,322.97,310.47
PTGC.2024.312.13.13.24,PTGC,2024.312.13.13.24,unlabelled,,,,,0,0,0.0,0.0,,,4.239999771118164,-73.75800323486328,11.29,1.5,4.199,-72.133833,170.0,180.37,271.5
PTGC.2024.312.19.27.07,PTGC,2024.312.19.27.07,unlabelled,,,,,0,0,0.0,0.0,,,6.168000221252441,-72.29900360107422,4.65,1.6,4.199,-72.133833,170.0,218.51,355.2
PTGC.2024.313.15.35.21,PTGC,2024.313.15.35.21,unlabelled,,,,,0,0,0.0,0.0,,,5.288000106811523,-74.7249984741211,22.07,1.6,4.199,-72.133833,170.0,311.67,292.83
PTGC.2024.313.15.49.22,PTGC,2024.313.15.49.22,unlabelled,,,,,0,0,0.0,0.0,,,5.151000022888184,-73.87000274658203,6.65,1.8,4.199,-72.133833,170.0,219.52,298.73
PTGC.2024.313.22.26.52,PTGC,2024.313.22.26.52,unlabelled,,,,,0,0,0.0,0.0,,,5.943999767303467,-72.56099700927734,15.98,2.6,4.199,-72.133833,170.0,198.7,346.23
PTGC.2024.313.22.38.49,PTGC,2024.313.22.38.49,unlabelled,,,,,0,0,0.0,0.0,,,4.5,-74.77799987792969,25.12,1.6,4.199,-72.133833,170.0,295.39,276.57
PTGC.2024.314.01.21.15,PTGC,2024.314.01.21.15,unlabelled,,,,,0,0,0.0,0.0,,,3.9730000495910645,-73.79199981689453,13.16,1.5,4.199,-72.133833,170.0,185.81,262.33
PTGC.2024.316.08.08.30,PTGC,2024.316.08.08.30,unlabelled,,,,,0,0,0.0,0.0,,,3.2720000743865967,-74.78800201416016,19.9,1.5,4.199,-72.133833,170.0,312.15,250.92
PTGC.2024.316.10.21.57,PTGC,2024.316.10.21.57,unlabelled,,,,,0,0,0.0,0.0,,,4.0980000495910645,-72.91200256347656,19.02,1.9,4.199,-72.133833,170.0,87.12,262.66
PTGC.2024.316.10.49.10,PTGC,2024.316.10.49.10,unlabelled,,,,,0,0,0.0,0.0,,,4.703999996185303,-74.802001953125,30.98,2.0,4.199,-72.133833,170.0,301.35,280.78
PTGC.2024.317.14.44.28,PTGC,2024.317.14.44.28,unlabelled,,,,,0,0,0.0,0.0,,,5.769999980926514,-74.31600189208984,14.8,2.0,4.199,-72.133833,170.0,297.9,305.76
PTGC.2024.317.20.47.41,PTGC,2024.317.20.47.41,unlabelled,,,,,0,0,0.0,0.0,,,3.621000051498413,-74.41100311279297,25.23,1.8,4.199,-72.133833,170.0,260.86,255.9
PTGC.2024.318.08.24.07,PTGC,2024.318.08.24.07,unlabelled,,,,,0,0,0.0,0.0,,,6.771999835968018,-72.01599884033203,18.32,2.3,4.199,-72.133833,170.0,284.83,2.62
PTGC.2024.318.16.15.26,PTGC,2024.318.16.15.26,unlabelled,,,,,0,0,0.0,0.0,,,4.439000129699707,-73.51100158691406,11.99,1.8,4.199,-72.133833,170.0,155.16,279.9
PTGC.2024.318.18.14.31,PTGC,2024.318.18.14.31,unlabelled,,,,,0,0,0.0,0.0,,,5.622000217437744,-72.47799682617188,0.82,2.1,4.199,-72.133833,170.0,161.92,346.38
PTGC.2024.321.11.41.48,PTGC,2024.321.11.41.48,unlabelled,,,,,0,0,0.0,0.0,,,3.8289999961853027,-74.94000244140625,26.0,3.2,4.199,-72.133833,170.0,314.29,262.62
PTGC.2024.322.15.30.15,PTGC,2024.322.15.30.15,unlabelled,,,,,0,0,0.0,0.0,,,3.618000030517578,-73.95600128173828,13.4,1.7,4.199,-72.133833,170.0,212.33,252.45
PTGC.2024.323.01.48.10,PTGC,2024.323.01.48.10,unlabelled,,,,,0,0,0.0,0.0,,,3.4570000171661377,-74.21099853515625,15.98,1.6,4.199,-72.133833,170.0,244.87,250.49
PTGC.2024.323.13.19.07,PTGC,2024.323.13.19.07,unlabelled,,,,,0,0,0.0,0.0,,,3.556999921798706,-74.4489974975586,26.17,1.9,4.199,-72.133833,170.0,266.76,254.65
PTGC.2024.324.13.45.27,PTGC,2024.324.13.45.27,unlabelled,,,,,0,0,0.0,0.0,,,3.619999885559082,-74.46700286865234,26.76,1.5,4.199,-72.133833,170.0,266.92,256.2
PTGC.2024.324.19.52.08,PTGC,2024.324.19.52.08,unlabelled,,,,,0,0,0.0,0.0,,,3.8399999141693115,-73.677001953125,12.46,1.5,4.199,-72.133833,170.0,175.9,257.01
PTGC.2024.325.13.46.48,PTGC,2024.325.13.46.48,unlabelled,,,,,0,0,0.0,0.0,,,5.833000183105469,-74.30999755859375,19.61,1.5,4.199,-72.133833,170.0,301.47,306.91
PTGC.2024.326.08.49.49,PTGC,2024.326.08.49.49,unlabelled,,,,,0,0,0.0,0.0,,,3.441999912261963,-74.7750015258789,40.53,1.9,4.199,-72.133833,170.0,305.07,254.17
PTGC.2024.327.05.24.46,PTGC,2024.327.05.24.46,unlabelled,,,,,0,0,0.0,0.0,,,3.4709999561309814,-73.83000183105469,13.11,1.7,4.199,-72.133833,170.0,204.87,246.92
PTGC.2024.328.13.22.08,PTGC,2024.328.13.22.08,unlabelled,,,,,0,0,0.0,0.0,,,6.039999961853027,-73.98600006103516,19.72,1.7,4.199,-72.133833,170.0,289.17,314.83
PTGC.2024.328.14.50.33,PTGC,2024.328.14.50.33,unlabelled,,,,,0,0,0.0,0.0,,,4.809000015258789,-74.74199676513672,30.98,1.8,4.199,-72.133833,170.0,297.2,283.22
PTGC.2024.329.06.51.56,PTGC,2024.329.06.51.56,unlabelled,,,,,0,0,0.0,0.0,,,3.503000020980835,-74.58000183105469,15.98,2.5,4.199,-72.133833,170.0,282.38,254.27
PTGC.2024.330.11.48.26,PTGC,2024.330.11.48.26,unlabelled,,,,,0,0,0.0,0.0,,,4.526000022888184,-73.56900024414062,12.93,1.9,4.199,-72.133833,170.0,163.35,282.84
PTGC.2024.330.17.46.10,PTGC,2024.330.17.46.10,unlabelled,,,,,0,0,0.0,0.0,,,3.434000015258789,-74.27100372314453,13.16,1.8,4.199,-72.133833,170.0,252.01,250.46
PTGC.2024.330.18.08.03,PTGC,2024.330.18.08.03,unlabelled,,,,,0,0,0.0,0.0,,,3.5280001163482666,-73.01599884033203,16.66,1.6,4.199,-72.133833,170.0,122.9,232.89
PTGC.2024.331.01.28.58,PTGC,2024.331.01.28.58,unlabelled,,,,,0,0,0.0,0.0,,,5.164999961853027,-72.99299621582031,16.68,2.1,4.199,-72.133833,170.0,143.17,318.29
PTGC.2024.331.17.38.02,PTGC,2024.331.17.38.02,unlabelled,,,,,0,0,0.0,0.0,,,3.9189999103546143,-74.09600067138672,9.36,2.1,4.199,-72.133833,170.0,220.07,261.98
PTGC.2024.331.19.22.43,PTGC,2024.331.19.22.43,unlabelled,,,,,0,0,0.0,0.0,,,3.9010000228881836,-74.072998046875,19.02,1.5,4.199,-72.133833,170.0,217.84,261.37
PTGC.2024.331.20.24.49,PTGC,2024.331.20.24.49,unlabelled,,,,,0,0,0.0,0.0,,,3.8389999866485596,-73.6780014038086,12.17,1.8,4.199,-72.133833,170.0,176.04,256.99
PTGC.2024.331.22.42.52,PTGC,2024.331.22.42.52,unlabelled,,,,,0,0,0.0,0.0,,,3.9170000553131104,-74.08999633789062,12.99,1.7,4.199,-72.133833,170.0,219.44,261.9
PTGC.2024.332.08.26.38,PTGC,2024.332.08.26.38,unlabelled,,,,,0,0,0.0,0.0,,,3.928999900817871,-74.09700012207031,10.12,2.3,4.199,-72.133833,170.0,220.03,262.27
PTGC.2024.332.09.12.51,PTGC,2024.332.09.12.51,unlabelled,,,,,0,0,0.0,0.0,,,3.9089999198913574,-74.08200073242188,15.92,1.5,4.199,-72.133833,170.0,218.69,261.64
PTGC.2024.332.11.49.13,PTGC,2024.332.11.49.13,unlabelled,,,,,0,0,0.0,0.0,,,4.433000087738037,-74.91899871826172,25.35,3.1,4.199,-72.133833,170.0,310.25,274.89
PTGC.2024.333.13.48.40,PTGC,2024.333.13.48.40,unlabelled,,,,,0,0,0.0,0.0,,,3.436000108718872,-74.69100189208984,25.76,1.9,4.199,-72.133833,170.0,296.3,253.54
PTGC.2024.333.16.43.06,PTGC,2024.333.16.43.06,unlabelled,,,,,0,0,0.0,0.0,,,3.9189999103546143,-74.09600067138672,9.36,2.1,4.199,-72.133833,170.0,220.07,261.98
PTGC.2024.334.11.32.45,PTGC,2024.334.11.32.45,unlabelled,,,,,0,0,0.0,0.0,,,5.034999847412109,-73.22599792480469,13.05,1.7,4.199,-72.133833,170.0,152.42,307.38
PTGC.2024.334.19.10.34,PTGC,2024.334.19.10.34,unlabelled,,,,,0,0,0.0,0.0,,,3.259999990463257,-73.43599700927734,11.99,1.7,4.199,-72.133833,170.0,178.06,234.37
PTGC.2024.334.20.56.03,PTGC,2024.334.20.56.03,unlabelled,,,,,0,0,0.0,0.0,,,5.642000198364258,-74.65499877929688,31.95,1.5,4.199,-72.133833,170.0,321.95,299.81
PTGC.2024.334.21.11.14,PTGC,2024.334.21.11.14,unlabelled,,,,,0,0,0.0,0.0,,,6.895999908447266,-72.33699798583984,15.98,2.6,4.199,-72.133833,170.0,299.1,355.69
PTGC.2024.335.18.35.43,PTGC,2024.335.18.35.43,unlabelled,,,,,0,0,0.0,0.0,,,3.930000066757202,-74.09100341796875,15.86,1.9,4.199,-72.133833,170.0,219.35,262.28
PTGC.2024.337.04.52.31,PTGC,2024.337.04.52.31,unlabelled,,,,,0,0,0.0,0.0,,,5.980000019073486,-72.44300079345703,10.12,2.2,4.199,-72.133833,170.0,199.91,350.14
PTGC.2024.337.18.13.52,PTGC,2024.337.18.13.52,unlabelled,,,,,0,0,0.0,0.0,,,3.9519999027252197,-74.11599731445312,13.16,2.9,4.199,-72.133833,170.0,221.79,263.0
PTGC.2024.337.18.35.49,PTGC,2024.337.18.35.49,unlabelled,,,,,0,0,0.0,0.0,,,3.9590001106262207,-74.11799621582031,16.21,1.9,4.199,-72.133833,170.0,221.91,263.2
PTGC.2024.337.20.25.43,PTGC,2024.337.20.25.43,unlabelled,,,,,0,0,0.0,0.0,,,4.420000076293945,-74.94000244140625,25.12,1.5,4.199,-72.133833,170.0,312.46,274.59
PTGC.2024.338.04.51.55,PTGC,2024.338.04.51.55,unlabelled,,,,,0,0,0.0,0.0,,,3.6089999675750732,-74.4219970703125,25.35,1.8,4.199,-72.133833,170.0,262.37,255.68
PTGC.2024.339.09.40.21,PTGC,2024.339.09.40.21,unlabelled,,,,,0,0,0.0,0.0,-0.09,-1.11,5.978000164031982,-72.4729995727539,20.2,1.8,4.199,-72.133833,170.0,200.29,349.19
PTGC.2024.340.08.13.57,PTGC,2024.340.08.13.57,unlabelled,,,,,0,0,0.0,0.0,,,3.6559998989105225,-74.67400360107422,26.52,1.8,4.199,-72.133833,170.0,288.43,258.07
PTGC.2024.341.07.55.01,PTGC,2024.341.07.55.01,unlabelled,,,,,0,0,0.0,0.0,,,6.909999847412109,-72.22899627685547,22.42,1.9,4.199,-72.133833,170.0,299.98,357.99
PTGC.2024.341.19.01.12,PTGC,2024.341.19.01.12,unlabelled,,,,,0,0,0.0,0.0,,,3.928999900817871,-74.10099792480469,13.16,2.2,4.199,-72.133833,170.0,220.47,262.29
PTGC.2024.342.04.30.17,PTGC,2024.342.04.30.17,unlabelled,,,,,0,0,0.0,0.0,,,5.999000072479248,-72.46399688720703,15.98,2.0,4.199,-72.133833,170.0,202.39,349.59
PTGC.2024.342.09.07.32,PTGC,2024.342.09.07.32,unlabelled,,,,,0,0,0.0,0.0,,,5.10099983215332,-73.17900085449219,3.0,1.5,4.199,-72.133833,170.0,152.96,310.74
PTGC.2024.342.13.22.15,PTGC,2024.342.13.22.15,unlabelled,,,,,0,0,0.0,0.0,,,6.205999851226807,-72.37999725341797,3.87,1.7,4.199,-72.133833,170.0,223.61,353.0
PTGC.2024.342.20.17.39,PTGC,2024.342.20.17.39,unlabelled,,,,,0,0,0.0,0.0,,,6.380000114440918,-73.67900085449219,12.8,3.2,4.199,-72.133833,170.0,295.81,324.69
PTGC.2024.343.02.04.01,PTGC,2024.343.02.04.01,unlabelled,,,,,0,0,0.0,0.0,,,5.724999904632568,-73.0770034790039,0.11,1.7,4.199,-72.133833,170.0,198.54,328.25
PTGC.2024.343.18.20.57,PTGC,2024.343.18.20.57,unlabelled,,,,,0,0,0.0,0.0,,,4.8520002365112305,-73.15499877929688,9.65,1.9,4.199,-72.133833,170.0,134.37,302.54
PTGC.2024.344.10.42.15,PTGC,2024.344.10.42.15,unlabelled,,,,,0,0,0.0,0.0,,,3.9230000972747803,-74.08999633789062,15.74,1.7,4.199,-72.133833,170.0,219.35,262.07
PTGC.2024.345.04.32.53,PTGC,2024.345.04.32.53,unlabelled,,,,,0,0,0.0,0.0,,,3.3310000896453857,-74.28600311279297,3.29,1.6,4.199,-72.133833,170.0,257.61,248.2
PTGC.2024.345.17.02.27,PTGC,2024.345.17.02.27,unlabelled,,,,,0,0,0.0,0.0,,,6.906000137329102,-72.14800262451172,13.98,1.8,4.199,-72.133833,170.0,299.36,359.7
PTGC.2024.346.05.56.36,PTGC,2024.346.05.56.36,unlabelled,,,,,0,0,0.0,0.0,,,5.631999969482422,-73.09400177001953,15.86,1.9,4.199,-72.133833,170.0,190.92,326.14
PTGC.2024.346.15.37.23,PTGC,2024.346.15.37.23,unlabelled,,,,,0,0,0.0,0.0,,,3.9260001182556152,-74.08699798583984,15.39,1.7,4.199,-72.133833,170.0,218.97,262.15
PTGC.2024.346.18.52.40,PTGC,2024.346.18.52.40,unlabelled,,,,,0,0,0.0,0.0,,,5.188000202178955,-72.64700317382812,15.98,1.8,4.199,-72.133833,170.0,123.3,332.52
PTGC.2024.347.07.53.26,PTGC,2024.347.07.53.26,unlabelled,,,,,0,0,0.0,0.0,,,4.831999778747559,-73.18499755859375,1.81,1.7,4.199,-72.133833,170.0,136.04,301.01
PTGC.2024.348.02.29.50,PTGC,2024.348.02.29.50,unlabelled,,,,,0,0,0.0,0.0,,,4.431000232696533,-73.51399993896484,0.0,2.0,4.199,-72.133833,170.0,155.34,279.56
PTGC.2024.348.09.51.30,PTGC,2024.348.09.51.30,unlabelled,,,,,0,0,0.0,0.0,,,5.863999843597412,-72.46900177001953,21.6,2.5,4.199,-72.133833,170.0,187.83,348.6
PTGC.2024.349.04.24.09,PTGC,2024.349.04.24.09,unlabelled,,,,,0,0,0.0,0.0,,,5.26800012588501,-73.22599792480469,0.0,1.6,4.199,-72.133833,170.0,169.28,314.34
PTGC.2024.349.12.19.33,PTGC,2024.349.12.19.33,unlabelled,,,,,0,0,0.0,0.0,,,4.830999851226807,-72.87000274658203,1.0,1.5,4.199,-72.133833,170.0,107.51,310.57
PTGC.2024.350.05.06.26,PTGC,2024.350.05.06.26,unlabelled,,,,,0,0,0.0,0.0,,,6.732999801635742,-71.89399719238281,35.43,2.6,4.199,-72.133833,170.0,281.48,5.41
PTGC.2024.350.06.41.27,PTGC,2024.350.06.41.27,unlabelled,,,,,0,0,0.0,0.0,,,6.668000221252441,-72.0530014038086,15.98,1.8,4.199,-72.133833,170.0,273.18,1.88
PTGC.2024.350.20.35.03,PTGC,2024.350.20.35.03,unlabelled,,,,,0,0,0.0,0.0,,,6.301000118255615,-72.18299865722656,19.14,1.7,4.199,-72.133833,170.0,232.51,358.66
PTGC.2024.350.21.06.01,PTGC,2024.350.21.06.01,unlabelled,,,,,0,0,0.0,0.0,,,3.3499999046325684,-74.38899993896484,11.64,1.6,4.199,-72.133833,170.0,267.52,249.53
PTGC.2024.351.02.24.12,PTGC,2024.351.02.24.12,unlabelled,,,,,0,0,0.0,0.0,,,6.175000190734863,-72.19000244140625,0.0,1.6,4.199,-72.133833,170.0,218.6,358.37
PTGC.2024.351.16.29.08,PTGC,2024.351.16.29.08,unlabelled,,,,,0,0,0.0,0.0,,,3.9230000972747803,-74.10900115966797,14.34,2.1,4.199,-72.133833,170.0,221.44,262.15
PTGC.2024.352.01.26.41,PTGC,2024.352.01.26.41,unlabelled,,,,,0,0,0.0,0.0,,,6.065999984741211,-74.22200012207031,1.72,1.6,4.199,-72.133833,170.0,310.2,311.81
PTGC.2024.352.03.06.51,PTGC,2024.352.03.06.51,unlabelled,,,,,0,0,0.0,0.0,-11.28,-0.72,3.937999963760376,-74.0989990234375,12.75,2.6,4.199,-72.133833,170.0,220.11,262.54
PTGC.2024.352.03.33.07,PTGC,2024.352.03.33.07,unlabelled,,,,,0,0,0.0,0.0,,,3.9260001182556152,-74.09100341796875,16.8,2.0,4.199,-72.133833,170.0,219.41,262.16
PTGC.2024.352.10.08.22,PTGC,2024.352.10.08.22,unlabelled,,,,,0,0,0.0,0.0,,,5.089000225067139,-73.36199951171875,0.0,1.6,4.199,-72.133833,170.0,168.1,305.89
PTGC.2024.352.17.42.29,PTGC,2024.352.17.42.29,unlabelled,,,,,0,0,0.0,0.0,,,3.927000045776367,-74.08399963378906,18.32,1.8,4.199,-72.133833,170.0,218.63,262.16
PTGC.2024.353.04.56.27,PTGC,2024.353.04.56.27,unlabelled,,,,,0,0,0.0,0.0,,,4.482999801635742,-74.88899993896484,24.88,1.5,4.199,-72.133833,170.0,307.44,275.97
PTGC.2024.353.08.12.53,PTGC,2024.353.08.12.53,unlabelled,,,,,0,0,0.0,0.0,,,5.2129998207092285,-72.88899993896484,15.39,1.5,4.199,-72.133833,170.0,139.97,323.26
PTGC.2024.353.10.41.06,PTGC,2024.353.10.41.06,unlabelled,,,,,0,0,0.0,0.0,,,3.572999954223633,-74.47100067138672,34.49,1.7,4.199,-72.133833,170.0,268.65,255.15
PTGC.2024.354.05.54.13,PTGC,2024.354.05.54.13,unlabelled,,,,,0,0,0.0,0.0,,,6.605999946594238,-73.16999816894531,34.49,2.6,4.199,-72.133833,170.0,289.89,336.71
PTGC.2024.354.05.59.56,PTGC,2024.354.05.59.56,unlabelled,,,,,0,0,0.0,0.0,,,6.605000019073486,-73.08999633789062,32.08,1.9,4.199,-72.133833,170.0,286.39,338.33
PTGC.2024.355.00.41.56,PTGC,2024.355.00.41.56,unlabelled,,,,,0,0,0.0,0.0,,,3.441999912261963,-74.35800170898438,15.98,2.0,4.199,-72.133833,170.0,260.84,251.36
PTGC.2024.355.07.04.14,PTGC,2024.355.07.04.14,unlabelled,,,,,0,0,0.0,0.0,,,3.934999942779541,-74.07499694824219,15.98,1.6,4.199,-72.133833,170.0,217.52,262.36
PTGC.2024.355.12.36.35,PTGC,2024.355.12.36.35,unlabelled,,,,,0,0,0.0,0.0,,,6.491000175476074,-72.2249984741211,21.02,1.9,4.199,-72.133833,170.0,253.66,357.72
PTGC.2024.356.05.55.25,PTGC,2024.356.05.55.25,unlabelled,,,,,0,0,0.0,0.0,,,6.670000076293945,-72.96600341796875,1.25,2.1,4.199,-72.133833,170.0,288.39,341.39
PTGC.2024.356.09.36.43,PTGC,2024.356.09.36.43,unlabelled,,,,,0,0,0.0,0.0,,,4.781000137329102,-74.72799682617188,14.99,1.5,4.199,-72.133833,170.0,295.0,282.7
PTGC.2024.356.11.41.03,PTGC,2024.356.11.41.03,unlabelled,,,,,0,0,0.0,0.0,,,3.4690001010894775,-74.33799743652344,13.05,2.1,4.199,-72.133833,170.0,257.78,251.83
PTGC.2024.356.20.39.15,PTGC,2024.356.20.39.15,unlabelled,,,,,0,0,0.0,0.0,,,5.145999908447266,-73.27200317382812,0.0,1.5,4.199,-72.133833,170.0,164.05,309.71
PTGC.2024.357.11.58.55,PTGC,2024.357.11.58.55,unlabelled,,,,,0,0,0.0,0.0,,,3.6519999504089355,-74.13300323486328,18.32,1.8,4.199,-72.133833,170.0,230.12,254.83
PTGC.2024.357.19.49.57,PTGC,2024.357.19.49.57,unlabelled,,,,,0,0,0.0,0.0,,,7.085999965667725,-72.13999938964844,4.67,1.5,4.199,-72.133833,170.0,319.26,359.88
PTGC.2024.358.04.31.23,PTGC,2024.358.04.31.23,unlabelled,,,,,0,0,0.0,0.0,,,3.927000045776367,-74.0989990234375,12.23,1.9,4.199,-72.133833,170.0,220.28,262.22
PTGC.2024.359.01.38.31,PTGC,2024.359.01.38.31,unlabelled,,,,,0,0,0.0,0.0,,,6.673999786376953,-72.06999969482422,13.16,1.9,4.199,-72.133833,170.0,273.79,1.48
PTGC.2024.359.18.27.17,PTGC,2024.359.18.27.17,unlabelled,,,,,0,0,0.0,0.0,,,6.579999923706055,-73.1729965209961,9.35,2.3,4.199,-72.133833,170.0,287.38,336.42
PTGC.2025.001.14.51.57,PTGC,2025.001.14.51.57,unlabelled,,,,,0,0,0.0,0.0,,,3.424999952316284,-74.16300201416016,14.39,1.6,4.199,-72.133833,170.0,241.09,249.28
PTGC.2025.002.13.25.17,PTGC,2025.002.13.25.17,unlabelled,,,,,0,0,0.0,0.0,,,3.5420000553131104,-74.54199981689453,15.71,2.1,4.199,-72.133833,170.0,277.16,254.89
PTGC.2025.004.02.50.34,PTGC,2025.004.02.50.34,unlabelled,,,,,0,0,0.0,0.0,,,5.724999904632568,-72.51699829101562,21.95,1.5,4.199,-72.133833,170.0,174.02,345.88
PTGC.2025.004.12.50.39,PTGC,2025.004.12.50.39,unlabelled,,,,,0,0,0.0,0.0,,,3.9059998989105225,-74.06400299072266,2.23,1.9,4.199,-72.133833,170.0,216.77,261.47
PTGC.2025.005.02.23.53,PTGC,2025.005.02.23.53,unlabelled,,,,,0,0,0.0,0.0,,,7.192999839782715,-72.1240005493164,16.91,1.6,4.199,-72.133833,170.0,331.09,0.19
PTGC.2025.007.11.14.10,PTGC,2025.007.11.14.10,unlabelled,,,,,0,0,0.0,0.0,,,4.980000019073486,-73.17900085449219,7.89,1.5,4.199,-72.133833,170.0,144.6,306.71
PTGC.2025.008.01.09.36,PTGC,2025.008.01.09.36,unlabelled,,,,,0,0,0.0,0.0,,,5.126999855041504,-72.93499755859375,10.35,2.0,4.199,-72.133833,170.0,135.77,319.13
PTGC.2025.008.17.02.11,PTGC,2025.008.17.02.11,unlabelled,,,,,0,0,0.0,0.0,,,5.089000225067139,-73.15299987792969,1.0,1.8,4.199,-72.133833,170.0,149.91,311.07
PTGC.2025.008.23.22.13,PTGC,2025.008.23.22.13,unlabelled,,,,,0,0,0.0,0.0,,,6.091000080108643,-74.23999786376953,16.41,1.7,4.199,-72.133833,170.0,313.53,311.95
PTGC.2025.009.09.27.17,PTGC,2025.009.09.27.17,unlabelled,,,,,0,0,0.0,0.0,,,5.51200008392334,-74.68099975585938,28.11,2.3,4.199,-72.133833,170.0,317.66,297.3
PTGC.2025.009.22.29.12,PTGC,2025.009.22.29.12,unlabelled,,,,,0,0,0.0,0.0,,,6.452000141143799,-72.6969985961914,15.98,1.7,4.199,-72.133833,170.0,256.85,345.96
PTGC.2025.010.00.37.31,PTGC,2025.010.00.37.31,unlabelled,,,,,0,0,0.0,0.0,,,3.934000015258789,-74.09300231933594,10.76,2.2,4.199,-72.133833,170.0,219.51,262.4
PTGC.2025.010.07.18.55,PTGC,2025.010.07.18.55,unlabelled,,,,,0,0,0.0,0.0,,,5.760000228881836,-72.66300201416016,22.07,1.6,4.199,-72.133833,170.0,182.32,341.25
PTGC.2025.010.16.22.57,PTGC,2025.010.16.22.57,unlabelled,,,,,0,0,0.0,0.0,,,4.455999851226807,-73.677001953125,15.57,1.5,4.199,-72.133833,170.0,173.64,279.48
PTGC.2025.011.06.18.15,PTGC,2025.011.06.18.15,unlabelled,,,,,0,0,0.0,0.0,,,5.4629998207092285,-74.6989974975586,22.07,1.7,4.199,-72.133833,170.0,317.02,296.27
PTGC.2025.011.15.00.19,PTGC,2025.011.15.00.19,unlabelled,,,,,0,0,0.0,0.0,,,5.006999969482422,-73.48699951171875,3.22,1.8,4.199,-72.133833,170.0,174.72,300.81
PTGC.2025.012.04.03.51,PTGC,2025.012.04.03.51,unlabelled,,,,,0,0,0.0,0.0,,,4.815999984741211,-73.34300231933594,5.43,1.6,4.199,-72.133833,170.0,150.54,297.0
PTGC.2025.012.06.08.09,PTGC,2025.012.06.08.09,unlabelled,,,,,0,0,0.0,0.0,,,5.760000228881836,-73.23699951171875,0.06,1.5,4.199,-72.133833,170.0,211.58,324.72
PTGC.2025.012.13.44.37,PTGC,2025.012.13.44.37,unlabelled,,,,,0,0,0.0,0.0,,,6.284999847412109,-72.08599853515625,30.35,1.5,4.199,-72.133833,170.0,230.74,1.31
PTGC.2025.013.01.50.51,PTGC,2025.013.01.50.51,unlabelled,,,,,0,0,0.0,0.0,,,3.3320000171661377,-74.59700012207031,24.88,1.5,4.199,-72.133833,170.0,289.92,250.77
PTGC.2025.013.04.34.28,PTGC,2025.013.04.34.28,unlabelled,,,,,0,0,0.0,0.0,,,3.4489998817443848,-74.18800354003906,9.94,1.5,4.199,-72.133833,170.0,242.77,250.1
PTGC.2025.013.10.33.27,PTGC,2025.013.10.33.27,unlabelled,,,,,0,0,0.0,0.0,,,6.234000205993652,-72.3489990234375,28.87,2.7,4.199,-72.133833,170.0,226.3,353.96
PTGC.2025.013.11.30.09,PTGC,2025.013.11.30.09,unlabelled,,,,,0,0,0.0,0.0,,,6.801000118255615,-72.08499908447266,9.53,1.6,4.199,-72.133833,170.0,287.79,1.08
PTGC.2025.013.15.32.37,PTGC,2025.013.15.32.37,unlabelled,,,,,0,0,0.0,0.0,,,3.438999891281128,-74.29399871826172,13.11,1.7,4.199,-72.133833,170.0,254.23,250.77
PTGC.2025.014.18.14.51,PTGC,2025.014.18.14.51,unlabelled,,,,,0,0,0.0,0.0,,,4.9670000076293945,-73.18299865722656,15.04,1.5,4.199,-72.133833,170.0,144.11,306.15
PTGC.2025.015.19.08.54,PTGC,2025.015.19.08.54,unlabelled,,,,,0,0,0.0,0.0,,,4.783999919891357,-74.62100219726562,22.07,1.6,4.199,-72.133833,170.0,283.5,283.29
PTGC.2025.016.11.10.46,PTGC,2025.016.11.10.46,unlabelled,,,,,0,0,0.0,0.0,,,4.375999927520752,-75.10800170898438,19.02,2.1,4.199,-72.133833,170.0,330.74,273.5
PTGC.2025.016.14.21.52,PTGC,2025.016.14.21.52,unlabelled,,,,,0,0,0.0,0.0,,,6.681000232696533,-72.86799621582031,18.32,1.8,4.199,-72.133833,170.0,286.27,343.52
PTGC.2025.016.14.26.25,PTGC,2025.016.14.26.25,unlabelled,,,,,0,0,0.0,0.0,,,6.697000026702881,-72.88300323486328,15.98,2.0,4.199,-72.133833,170.0,288.44,343.31
PTGC.2025.017.08.24.46,PTGC,2025.017.08.24.46,unlabelled,,,,,0,0,0.0,0.0,,,5.081999778747559,-72.875,9.88,1.7,4.199,-72.133833,170.0,127.66,319.92
PTGC.2025.017.14.30.45,PTGC,2025.017.14.30.45,unlabelled,,,,,0,0,0.0,0.0,,,4.392000198364258,-73.81199645996094,5.84,1.8,4.199,-72.133833,170.0,187.51,276.6
PTGC.2025.017.17.30.05,PTGC,2025.017.17.30.05,unlabelled,,,,,0,0,0.0,0.0,,,4.4710001945495605,-74.17400360107422,4.02,1.7,4.199,-72.133833,170.0,228.45,277.64
PTGC.2025.018.20.16.55,PTGC,2025.018.20.16.55,unlabelled,,,,,0,0,0.0,0.0,,,6.372000217437744,-72.43399810791016,15.98,1.8,4.199,-72.133833,170.0,242.59,352.13
PTGC.2025.019.03.47.28,PTGC,2025.019.03.47.28,unlabelled,,,,,0,0,0.0,0.0,,,7.078999996185303,-72.36299896240234,0.0,1.6,4.199,-72.133833,170.0,319.5,355.45
PTGC.2025.019.10.12.04,PTGC,2025.019.10.12.04,unlabelled,,,,,0,0,0.0,0.0,,,5.968999862670898,-72.98999786376953,13.93,2.6,4.199,-72.133833,170.0,217.54,334.16
PTGC.2025.019.18.23.12,PTGC,2025.019.18.23.12,unlabelled,,,,,0,0,0.0,0.0,,,3.503000020980835,-74.58999633789062,20.43,2.2,4.199,-72.133833,170.0,283.45,254.33
PTGC.2025.020.13.48.25,PTGC,2025.020.13.48.25,unlabelled,,,,,0,0,0.0,0.0,,,5.525000095367432,-73.13400268554688,12.93,1.7,4.199,-72.133833,170.0,183.87,322.93
PTGC.2025.021.12.37.02,PTGC,2025.021.12.37.02,unlabelled,,,,,0,0,0.0,0.0,,,5.807000160217285,-74.13899993896484,13.28,1.6,4.199,-72.133833,170.0,284.72,308.73
PTGC.2025.021.16.19.10,PTGC,2025.021.16.19.10,unlabelled,,,,,0,0,0.0,0.0,,,6.590000152587891,-73.6780014038086,7.07,1.5,4.199,-72.133833,170.0,314.95,327.16
PTGC.2025.022.07.23.01,PTGC,2025.022.07.23.01,unlabelled,,,,,0,0,0.0,0.0,,,5.5289998054504395,-73.13400268554688,15.21,1.8,4.199,-72.133833,170.0,184.22,323.01
PTGC.2025.022.13.09.53,PTGC,2025.022.13.09.53,unlabelled,,,,,0,0,0.0,0.0,,,4.711999893188477,-74.77799987792969,16.68,1.6,4.199,-72.133833,170.0,298.9,281.04
PTGC.2025.023.02.37.52,PTGC,2025.023.02.37.52,unlabelled,,,,,0,0,0.0,0.0,,,5.145999908447266,-73.1510009765625,14.57,1.7,4.199,-72.133833,170.0,153.96,312.9
PTGC.2025.023.09.04.44,PTGC,2025.023.09.04.44,unlabelled,,,,,0,0,0.0,0.0,,,5.199999809265137,-73.08100128173828,13.98,1.7,4.199,-72.133833,170.0,152.63,316.53
PTGC.2025.023.16.54.51,PTGC,2025.023.16.54.51,unlabelled,,,,,0,0,0.0,0.0,,,3.921999931335449,-74.09400177001953,12.99,2.0,4.199,-72.133833,170.0,219.81,262.06
PTGC.2025.023.18.01.17,PTGC,2025.023.18.01.17,unlabelled,,,,,0,0,0.0,0.0,,,3.9179999828338623,-74.09200286865234,11.11,2.0,4.199,-72.133833,170.0,219.65,261.94
PTGC.2025.023.18.48.38,PTGC,2025.023.18.48.38,unlabelled,,,,,0,0,0.0,0.0,,,3.930000066757202,-74.05999755859375,18.96,1.6,4.199,-72.133833,170.0,215.94,262.15
PTGC.2025.023.20.30.04,PTGC,2025.023.20.30.04,unlabelled,,,,,0,0,0.0,0.0,,,3.880000114440918,-74.08200073242188,21.84,1.5,4.199,-72.133833,170.0,219.19,260.81
PTGC.2025.024.02.56.15,PTGC,2025.024.02.56.15,unlabelled,,,,,0,0,0.0,0.0,,,5.025000095367432,-73.24199676513672,12.93,1.6,4.199,-72.133833,170.0,153.18,306.65
PTGC.2025.024.03.36.44,PTGC,2025.024.03.36.44,unlabelled,,,,,0,0,0.0,0.0,,,3.492000102996826,-74.20700073242188,13.11,1.6,4.199,-72.133833,170.0,243.18,251.32
PTGC.2025.024.14.03.18,PTGC,2025.024.14.03.18,unlabelled,,,,,0,0,0.0,0.0,,,3.625,-74.11499786376953,7.01,2.8,4.199,-72.133833,170.0,229.0,253.98
PTGC.2025.024.15.23.44,PTGC,2025.024.15.23.44,unlabelled,,,,,0,0,0.0,0.0,,,3.9119999408721924,-74.09100341796875,12.99,2.1,4.199,-72.133833,170.0,219.63,261.76
PTGC.2025.024.18.26.39,PTGC,2025.024.18.26.39,unlabelled,,,,,0,0,0.0,0.0,,,3.9140000343322754,-74.10099792480469,13.16,1.7,4.199,-72.133833,170.0,220.7,261.86
PTGC.2025.024.19.04.22,PTGC,2025.024.19.04.22,unlabelled,,,,,0,0,0.0,0.0,,,3.9170000553131104,-74.10299682617188,9.12,2.4,4.199,-72.133833,170.0,220.87,261.95
PTGC.2025.024.19.43.21,PTGC,2025.024.19.43.21,unlabelled,,,,,0,0,0.0,0.0,,,3.9079999923706055,-74.12000274658203,10.53,1.9,4.199,-72.133833,170.0,222.88,261.77
PTGC.2025.024.21.21.52,PTGC,2025.024.21.21.52,unlabelled,,,,,0,0,0.0,0.0,,,5.163000106811523,-73.0270004272461,11.52,1.8,4.199,-72.133833,170.0,145.55,317.12
PTGC.2025.025.01.17.09,PTGC,2025.025.01.17.09,unlabelled,,,,,0,0,0.0,0.0,,,6.434999942779541,-73.4010009765625,30.98,1.6,4.199,-72.133833,170.0,284.37,330.46
PTGC.2025.025.10.59.50,PTGC,2025.025.10.59.50,unlabelled,,,,,0,0,0.0,0.0,,,6.1020002365112305,-74.37999725341797,34.35,1.5,4.199,-72.133833,170.0,326.04,310.29
PTGC.2025.025.20.25.24,PTGC,2025.025.20.25.24,unlabelled,,,,,0,0,0.0,0.0,,,3.9240000247955322,-74.07099914550781,19.79,1.5,4.199,-72.133833,170.0,217.24,262.02
PTGC.2025.025.20.42.15,PTGC,2025.025.20.42.15,unlabelled,,,,,0,0,0.0,0.0,,,3.9230000972747803,-74.09100341796875,13.57,1.5,4.199,-72.133833,170.0,219.46,262.08
PTGC.2025.026.04.23.44,PTGC,2025.026.04.23.44,unlabelled,,,,,0,0,0.0,0.0,,,3.9019999504089355,-74.09500122070312,15.92,1.7,4.199,-72.133833,170.0,220.24,261.49
PTGC.2025.026.05.17.42,PTGC,2025.026.05.17.42,unlabelled,,,,,0,0,0.0,0.0,,,3.9140000343322754,-74.1050033569336,14.57,1.6,4.199,-72.133833,170.0,221.14,261.88
PTGC.2025.026.17.14.23,PTGC,2025.026.17.14.23,unlabelled,,,,,0,0,0.0,0.0,,,5.4070000648498535,-72.44200134277344,0.0,1.7,4.199,-72.133833,170.0,137.89,345.66
PTGC.2025.026.21.25.30,PTGC,2025.026.21.25.30,unlabelled,,,,,0,0,0.0,0.0,,,3.9170000553131104,-74.08699798583984,13.05,1.5,4.199,-72.133833,170.0,219.11,261.89
PTGC.2025.027.02.31.15,PTGC,2025.027.02.31.15,unlabelled,,,,,0,0,0.0,0.0,,,4.599999904632568,-74.9020004272461,24.88,1.5,4.199,-72.133833,170.0,310.43,278.32
PTGC.2025.027.04.51.14,PTGC,2025.027.04.51.14,unlabelled,,,,,0,0,0.0,0.0,,,6.2210001945495605,-74.28399658203125,24.82,1.7,4.199,-72.133833,170.0,326.82,313.26
PTGC.2025.027.11.16.07,PTGC,2025.027.11.16.07,unlabelled,,,,,0,0,0.0,0.0,,,6.638000011444092,-73.15399932861328,25.64,1.8,4.199,-72.133833,170.0,292.45,337.3
PTGC.2025.028.07.16.13,PTGC,2025.028.07.16.13,unlabelled,,,,,0,0,0.0,0.0,,,5.864999771118164,-72.34600067138672,19.4,1.6,4.199,-72.133833,170.0,185.73,352.73
PTGC.2025.028.22.27.47,PTGC,2025.028.22.27.47,unlabelled,,,,,0,0,0.0,0.0,,,5.370999813079834,-72.92900085449219,0.0,1.8,4.199,-72.133833,170.0,156.77,325.79
PTGC.2025.028.23.23.46,PTGC,2025.028.23.23.46,unlabelled,,,,,0,0,0.0,0.0,,,3.4000000953674316,-74.16200256347656,4.62,1.8,4.199,-72.133833,170.0,241.99,248.65
PTGC.2025.029.02.25.31,PTGC,2025.029.02.25.31,unlabelled,,,,,0,0,0.0,0.0,,,3.9189999103546143,-74.0979995727539,13.46,1.5,4.199,-72.133833,170.0,220.29,261.99
PTGC.2025.029.04.16.09,PTGC,2025.029.04.16.09,unlabelled,,,,,0,0,0.0,0.0,,,6.4670000076293945,-74.0,18.74,1.9,4.199,-72.133833,170.0,325.09,320.57
PTGC.2025.030.12.40.54,PTGC,2025.030.12.40.54,unlabelled,,,,,0,0,0.0,0.0,,,3.5920000076293945,-74.45800018310547,28.87,1.8,4.199,-72.133833,170.0,266.71,255.51
PTGC.2025.030.21.29.01,PTGC,2025.030.21.29.01,unlabelled,,,,,0,0,0.0,0.0,,,3.5409998893737793,-73.9209976196289,3.7,1.5,4.199,-72.133833,170.0,211.41,249.93
PTGC.2025.031.04.57.21,PTGC,2025.031.04.57.21,unlabelled,,,,,0,0,0.0,0.0,,,3.6519999504089355,-74.68099975585938,22.71,1.7,4.199,-72.133833,170.0,289.28,258.02
PTGC.2025.031.09.06.11,PTGC,2025.031.09.06.11,unlabelled,,,,,0,0,0.0,0.0,,,6.711999893188477,-73.19999694824219,15.98,1.8,4.199,-72.133833,170.0,301.97,337.02
PTGC.2025.031.10.14.56,PTGC,2025.031.10.14.56,unlabelled,,,,,0,0,0.0,0.0,,,5.359000205993652,-73.03800201416016,0.0,1.6,4.199,-72.133833,170.0,162.83,322.01
PTGC.2025.032.06.50.20,PTGC,2025.032.06.50.20,unlabelled,,,,,0,0,0.0,0.0,,,3.299999952316284,-74.49600219726562,29.57,1.9,4.199,-72.133833,170.0,280.59,249.33
PTGC.2025.033.01.07.49,PTGC,2025.033.01.07.49,unlabelled,,,,,0,0,0.0,0.0,,,6.084000110626221,-72.4280014038086,15.98,1.9,4.199,-72.133833,170.0,210.99,351.12
PTGC.2025.033.05.55.54,PTGC,2025.033.05.55.54,unlabelled,,,,,0,0,0.0,0.0,,,6.501999855041504,-72.47100067138672,16.09,1.5,4.199,-72.133833,170.0,257.4,351.67
PTGC.2025.034.03.47.41,PTGC,2025.034.03.47.41,unlabelled,,,,,0,0,0.0,0.0,,,4.433000087738037,-73.61499786376953,29.86,1.6,4.199,-72.133833,170.0,166.44,279.0
PTGC.2025.034.07.46.29,PTGC,2025.034.07.46.29,unlabelled,,,,,0,0,0.0,0.0,,,5.3429999351501465,-72.84500122070312,8.24,1.7,4.199,-72.133833,170.0,149.09,328.08
PTGC.2025.035.12.15.00,PTGC,2025.035.12.15.00,unlabelled,,,,,0,0,0.0,0.0,,,6.263999938964844,-72.33399963378906,15.98,2.9,4.199,-72.133833,170.0,229.43,354.46
PTGC.2025.037.04.55.32,PTGC,2025.037.04.55.32,unlabelled,,,,,0,0,0.0,0.0,,,6.736999988555908,-71.99800109863281,21.95,1.7,4.199,-72.133833,170.0,281.07,3.06
PTGC.2025.037.06.27.50,PTGC,2025.037.06.27.50,unlabelled,,,,,0,0,0.0,0.0,,,6.396999835968018,-71.85399627685547,10.55,1.6,4.199,-72.133833,170.0,245.03,7.26
PTGC.2025.037.14.53.56,PTGC,2025.037.14.53.56,unlabelled,,,,,0,0,0.0,0.0,,,4.935999870300293,-73.35099792480469,14.8,1.6,4.199,-72.133833,170.0,157.75,301.15
PTGC.2025.038.03.23.36,PTGC,2025.038.03.23.36,unlabelled,,,,,0,0,0.0,0.0,,,6.315999984741211,-72.32599639892578,10.03,2.1,4.199,-72.133833,170.0,235.07,354.81
PTGC.2025.039.00.28.22,PTGC,2025.039.00.28.22,unlabelled,,,,,0,0,0.0,0.0,,,4.5960001945495605,-73.51100158691406,31.45,1.6,4.199,-72.133833,170.0,159.04,286.08
PTGC.2025.039.00.36.09,PTGC,2025.039.00.36.09,unlabelled,,,,,0,0,0.0,0.0,,,5.51800012588501,-74.6719970703125,29.16,3.2,4.199,-72.133833,170.0,317.07,297.49
PTGC.2025.039.05.15.16,PTGC,2025.039.05.15.16,unlabelled,,,,,0,0,0.0,0.0,,,4.538000106811523,-74.88600158691406,25.76,1.8,4.199,-72.133833,170.0,307.78,277.1
PTGC.2025.039.12.57.32,PTGC,2025.039.12.57.32,unlabelled,,,,,0,0,0.0,0.0,,,4.783999919891357,-74.78500366210938,23.01,1.9,4.199,-72.133833,170.0,301.25,282.5
PTGC.2025.040.04.49.49,PTGC,2025.040.04.49.49,unlabelled,,,,,0,0,0.0,0.0,,,5.353000164031982,-73.3239974975586,15.04,1.6,4.199,-72.133833,170.0,183.62,314.07
PTGC.2025.040.20.36.38,PTGC,2025.040.20.36.38,unlabelled,,,,,0,0,0.0,0.0,,,5.6020002365112305,-72.68099975585938,2.53,1.5,4.199,-72.133833,170.0,166.59,338.66
PTGC.2025.042.09.21.35,PTGC,2025.042.09.21.35,unlabelled,,,,,0,0,0.0,0.0,,,4.876999855041504,-73.20800018310547,34.73,1.5,4.199,-72.133833,170.0,140.82,302.21
PTGC.2025.042.18.23.15,PTGC,2025.042.18.23.15,unlabelled,,,,,0,0,0.0,0.0,,,3.86899995803833,-73.70500183105469,10.18,1.7,4.199,-72.133833,170.0,178.25,258.24
PTGC.2025.042.22.33.27,PTGC,2025.042.22.33.27,unlabelled,,,,,0,0,0.0,0.0,,,5.565999984741211,-72.69499969482422,12.99,2.5,4.199,-72.133833,170.0,163.48,337.64
PTGC.2025.042.22.36.41,PTGC,2025.042.22.36.41,unlabelled,,,,,0,0,0.0,0.0,,,5.763000011444092,-72.65399932861328,0.0,1.7,4.199,-72.133833,170.0,182.32,341.58
PTGC.2025.043.06.20.34,PTGC,2025.043.06.20.34,unlabelled,,,,,0,0,0.0,0.0,,,5.116000175476074,-73.06700134277344,1.0,1.5,4.199,-72.133833,170.0,144.92,314.44
PTGC.2025.043.06.32.51,PTGC,2025.043.06.32.51,unlabelled,,,,,0,0,0.0,0.0,,,5.0960001945495605,-72.9000015258789,16.09,1.6,4.199,-72.133833,170.0,130.64,319.43
PTGC.2025.043.12.40.12,PTGC,2025.043.12.40.12,unlabelled,,,,,0,0,0.0,0.0,,,4.866000175476074,-72.78199768066406,13.98,1.8,4.199,-72.133833,170.0,103.02,315.74
PTGC.2025.044.04.50.16,PTGC,2025.044.04.50.16,unlabelled,,,,,0,0,0.0,0.0,,,5.330999851226807,-73.03500366210938,12.99,2.2,4.199,-72.133833,170.0,160.2,321.42
PTGC.2025.044.07.47.20,PTGC,2025.044.07.47.20,unlabelled,,,,,0,0,0.0,0.0,,,6.377999782562256,-71.99099731445312,12.93,1.9,4.199,-72.133833,170.0,241.48,3.75
PTGC.2025.044.08.56.42,PTGC,2025.044.08.56.42,unlabelled,,,,,0,0,0.0,0.0,,,5.060999870300293,-72.97799682617188,0.0,1.5,4.199,-72.133833,170.0,133.64,315.53
PTGC.2025.044.10.01.47,PTGC,2025.044.10.01.47,unlabelled,,,,,0,0,0.0,0.0,,,5.382999897003174,-72.58899688720703,13.63,1.7,4.199,-72.133833,170.0,140.33,338.93
PTGC.2025.044.18.37.41,PTGC,2025.044.18.37.41,unlabelled,,,,,0,0,0.0,0.0,,,3.4739999771118164,-74.21199798583984,9.94,2.5,4.199,-72.133833,170.0,244.35,250.92
PTGC.2025.045.03.06.56,PTGC,2025.045.03.06.56,unlabelled,,,,,0,0,0.0,0.0,,,3.4739999771118164,-74.20700073242188,9.71,2.4,4.199,-72.133833,170.0,243.83,250.88
PTGC.2025.046.20.49.17,PTGC,2025.046.20.49.17,unlabelled,,,,,0,0,0.0,0.0,,,6.031000137329102,-72.42900085449219,1.27,1.9,4.199,-72.133833,170.0,205.21,350.84
PTGC.2025.047.16.08.17,PTGC,2025.047.16.08.17,unlabelled,,,,,0,0,0.0,0.0,,,5.803999900817871,-72.59700012207031,19.26,1.7,4.199,-72.133833,170.0,184.77,343.88
PTGC.2025.051.04.02.32,PTGC,2025.051.04.02.32,unlabelled,,,,,0,0,0.0,0.0,,,3.315999984741211,-74.4520034790039,27.4,1.7,4.199,-72.133833,170.0,275.39,249.31
PTGC.2025.051.22.33.38,PTGC,2025.051.22.33.38,unlabelled,,,,,0,0,0.0,0.0,,,5.744999885559082,-74.24299621582031,23.24,1.5,4.199,-72.133833,170.0,289.72,306.25
PTGC.2025.052.05.37.17,PTGC,2025.052.05.37.17,unlabelled,,,,,0,0,0.0,0.0,,,3.5920000076293945,-74.46099853515625,25.59,1.5,4.199,-72.133833,170.0,267.04,255.52
PTGC.2025.052.06.04.35,PTGC,2025.052.06.04.35,unlabelled,,,,,0,0,0.0,0.0,,,4.7829999923706055,-74.20600128173828,12.27,1.5,4.199,-72.133833,170.0,238.86,285.77
PTGC.2025.052.07.25.07,PTGC,2025.052.07.25.07,unlabelled,,,,,0,0,0.0,0.0,,,5.111999988555908,-73.1240005493164,0.0,1.7,4.199,-72.133833,170.0,149.21,312.62
PTGC.2025.052.07.25.37,PTGC,2025.052.07.25.37,unlabelled,,,,,0,0,0.0,0.0,,,4.5,-74.6240005493164,28.16,1.8,4.199,-72.133833,170.0,278.41,276.96
PTGC.2025.052.21.38.18,PTGC,2025.052.21.38.18,unlabelled,,,,,0,0,0.0,0.0,,,3.312999963760376,-74.48600006103516,25.82,1.8,4.199,-72.133833,170.0,279.05,249.53
PTGC.2025.053.03.08.27,PTGC,2025.053.03.08.27,unlabelled,,,,,0,0,0.0,0.0,,,3.381999969482422,-72.64099884033203,0.58,1.7,4.199,-72.133833,170.0,106.47,211.96
PTGC.2025.053.10.05.54,PTGC,2025.053.10.05.54,unlabelled,,,,,0,0,0.0,0.0,,,4.400000095367432,-73.69300079345703,10.64,1.5,4.199,-72.133833,170.0,174.5,277.38
PTGC.2025.053.14.59.22,PTGC,2025.053.14.59.22,unlabelled,,,,,0,0,0.0,0.0,,,3.365999937057495,-74.5989990234375,39.88,1.6,4.199,-72.133833,170.0,288.9,251.49
PTGC.2025.053.23.08.25,PTGC,2025.053.23.08.25,unlabelled,,,,,0,0,0.0,0.0,,,6.315999984741211,-73.00499725341797,12.93,1.9,4.199,-72.133833,170.0,253.24,337.62
PTGC.2025.054.21.22.23,PTGC,2025.054.21.22.23,unlabelled,,,,,0,0,0.0,0.0,,,5.171000003814697,-73.08200073242188,19.02,1.8,4.199,-72.133833,170.0,150.4,315.65
PTGC.2025.055.15.48.54,PTGC,2025.055.15.48.54,unlabelled,,,,,0,0,0.0,0.0,,,6.875,-72.10399627685547,25.82,2.3,4.199,-72.133833,170.0,295.94,0.64
PTGC.2025.056.09.29.22,PTGC,2025.056.09.29.22,unlabelled,,,,,0,0,0.0,0.0,,,5.369999885559082,-72.9219970703125,15.74,1.8,4.199,-72.133833,170.0,156.25,326.0
PTGC.2025.057.10.41.14,PTGC,2025.057.10.41.14,unlabelled,,,,,0,0,0.0,0.0,,,5.611999988555908,-72.86699676513672,15.98,1.9,4.199,-72.133833,170.0,176.15,332.54
PTGC.2025.057.19.19.20,PTGC,2025.057.19.19.20,unlabelled,,,,,0,0,0.0,0.0,,,6.119999885559082,-72.4739990234375,2.4,1.8,4.199,-72.133833,170.0,215.75,349.95
PTGC.2025.057.22.26.55,PTGC,2025.057.22.26.55,unlabelled,,,,,0,0,0.0,0.0,,,7.0329999923706055,-73.08999633789062,24.3,1.9,4.199,-72.133833,170.0,330.81,341.37
PTGC.2025.060.18.57.53,PTGC,2025.060.18.57.53,unlabelled,,,,,0,0,0.0,0.0,,,4.78000020980835,-74.81099700927734,22.07,1.5,4.199,-72.133833,170.0,303.98,282.3
PTGC.2025.061.04.56.31,PTGC,2025.061.04.56.31,unlabelled,,,,,0,0,0.0,0.0,,,3.9690001010894775,-74.14800262451172,18.96,1.5,4.199,-72.133833,170.0,225.09,263.58
PTGC.2025.061.21.55.34,PTGC,2025.061.21.55.34,unlabelled,,,,,0,0,0.0,0.0,,,7.065999984741211,-71.87000274658203,26.05,1.7,4.199,-72.133833,170.0,318.39,5.25
PTGC.2025.061.23.30.14,PTGC,2025.061.23.30.14,unlabelled,,,,,0,0,0.0,0.0,,,3.703000068664551,-74.25499725341797,16.5,1.5,4.199,-72.133833,170.0,241.87,256.97
PTGC.2025.062.03.24.53,PTGC,2025.062.03.24.53,unlabelled,,,,,0,0,0.0,0.0,,,3.4779999256134033,-74.22000122070312,12.23,1.9,4.199,-72.133833,170.0,245.04,251.08
PTGC.2025.062.04.05.47,PTGC,2025.062.04.05.47,unlabelled,,,,,0,0,0.0,0.0,,,3.6070001125335693,-74.41699981689453,22.01,1.6,4.199,-72.133833,170.0,261.89,255.6
PTGC.2025.062.19.47.48,PTGC,2025.062.19.47.48,unlabelled,,,,,0,0,0.0,0.0,,,6.789999961853027,-71.85800170898438,20.0,1.7,4.199,-72.133833,170.0,288.15,6.08
PTGC.2025.063.02.26.30,PTGC,2025.063.02.26.30,unlabelled,,,,,0,0,0.0,0.0,,,6.324999809265137,-72.80400085449219,15.98,1.6,4.199,-72.133833,170.0,246.56,342.49
PTGC.2025.063.16.59.27,PTGC,2025.063.16.59.27,unlabelled,,,,,0,0,0.0,0.0,,,3.4119999408721924,-74.75299835205078,24.24,2.4,4.199,-72.133833,170.0,303.66,253.44
PTGC.2025.064.07.12.58,PTGC,2025.064.07.12.58,unlabelled,,,,,0,0,0.0,0.0,,,3.740999937057495,-74.13899993896484,14.75,2.1,4.199,-72.133833,170.0,228.37,257.26
PTGC.2025.064.11.04.18,PTGC,2025.064.11.04.18,unlabelled,,,,,0,0,0.0,0.0,,,4.76800012588501,-74.8280029296875,17.36,1.8,4.199,-72.133833,170.0,305.55,281.99
PTGC.2025.064.14.04.38,PTGC,2025.064.14.04.38,unlabelled,,,,,0,0,0.0,0.0,,,4.377999782562256,-75.00399780273438,24.88,1.7,4.199,-72.133833,170.0,319.23,273.66
PTGC.2025.066.04.25.26,PTGC,2025.066.04.25.26,unlabelled,,,,,0,0,0.0,0.0,,,6.056000232696533,-72.92400360107422,15.98,1.7,4.199,-72.133833,170.0,223.26,336.93
PTGC.2025.066.04.33.38,PTGC,2025.066.04.33.38,unlabelled,,,,,0,0,0.0,0.0,,,4.789999961853027,-74.76300048828125,11.85,1.5,4.199,-72.133833,170.0,299.01,282.73
PTGC.2025.066.05.09.18,PTGC,2025.066.05.09.18,unlabelled,,,,,0,0,0.0,0.0,,,6.627999782562256,-71.9990005493164,18.09,2.7,4.199,-72.133833,170.0,269.02,3.18
PTGC.2025.066.20.52.13,PTGC,2025.066.20.52.13,unlabelled,,,,,0,0,0.0,0.0,,,5.038000106811523,-72.91899871826172,1.33,1.7,4.199,-72.133833,170.0,127.27,316.83
PTGC.2025.067.00.45.55,PTGC,2025.067.00.45.55,unlabelled,,,,,0,0,0.0,0.0,,,4.461999893188477,-73.5510025024414,27.93,1.5,4.199,-72.133833,170.0,159.98,280.53
PTGC.2025.067.01.16.46,PTGC,2025.067.01.16.46,unlabelled,,,,,0,0,0.0,0.0,,,6.627999782562256,-71.96299743652344,18.09,2.1,4.199,-72.133833,170.0,269.28,4.02
PTGC.2025.067.02.37.36,PTGC,2025.067.02.37.36,unlabelled,,,,,0,0,0.0,0.0,,,6.03000020980835,-74.19100189208984,2.82,1.8,4.199,-72.133833,170.0,304.99,311.68
PTGC.2025.067.07.31.11,PTGC,2025.067.07.31.11,unlabelled,,,,,0,0,0.0,0.0,,,4.126999855041504,-73.8030014038086,10.06,1.6,4.199,-72.133833,170.0,185.49,267.6
PTGC.2025.067.07.31.29,PTGC,2025.067.07.31.29,unlabelled,,,,,0,0,0.0,0.0,,,4.146999835968018,-73.81199645996094,8.18,1.6,4.199,-72.133833,170.0,186.41,268.29
PTGC.2025.067.12.44.57,PTGC,2025.067.12.44.57,unlabelled,,,,,0,0,0.0,0.0,,,6.068999767303467,-72.31999969482422,15.95,2.2,4.199,-72.133833,170.0,207.82,354.31
PTGC.2025.067.22.53.15,PTGC,2025.067.22.53.15,unlabelled,,,,,0,0,0.0,0.0,,,5.794000148773193,-74.25700378417969,4.16,1.5,4.199,-72.133833,170.0,294.19,306.92
PTGC.2025.068.01.16.45,PTGC,2025.068.01.16.45,unlabelled,,,,,0,0,0.0,0.0,,,3.5329999923706055,-74.33000183105469,11.23,2.0,4.199,-72.133833,170.0,254.8,253.28
PTGC.2025.068.01.26.28,PTGC,2025.068.01.26.28,unlabelled,,,,,0,0,0.0,0.0,,,6.465000152587891,-72.572998046875,15.98,1.6,4.199,-72.133833,170.0,255.27,349.03
PTGC.2025.068.03.04.49,PTGC,2025.068.03.04.49,unlabelled,,,,,0,0,0.0,0.0,-0.2,,3.5350000858306885,-74.32499694824219,11.93,1.8,4.199,-72.133833,170.0,254.2,253.29
PTGC.2025.068.04.24.15,PTGC,2025.068.04.24.15,unlabelled,,,,,0,0,0.0,0.0,,,5.706999778747559,-73.62899780273438,0.0,1.5,4.199,-72.133833,170.0,235.17,315.22
PTGC.2025.068.05.13.02,PTGC,2025.068.05.13.02,unlabelled,,,,,0,0,0.0,0.0,,,7.125999927520752,-71.91999816894531,11.52,1.9,4.199,-72.133833,170.0,324.55,4.18
PTGC.2025.069.00.32.05,PTGC,2025.069.00.32.05,unlabelled,,,,,0,0,0.0,0.0,,,5.132999897003174,-72.22000122070312,0.0,1.5,4.199,-72.133833,170.0,103.72,354.71
PTGC.2025.069.06.23.10,PTGC,2025.069.06.23.10,unlabelled,,,,,0,0,0.0,0.0,,,4.243000030517578,-73.7750015258789,12.4,1.6,4.199,-72.133833,170.0,182.27,271.59
PTGC.2025.069.10.39.42,PTGC,2025.069.10.39.42,unlabelled,,,,,0,0,0.0,0.0,,,4.214000225067139,-73.80000305175781,6.19,2.0,4.199,-72.133833,170.0,184.99,270.57
PTGC.2025.069.13.17.55,PTGC,2025.069.13.17.55,unlabelled,,,,,0,0,0.0,0.0,,,3.4679999351501465,-74.2040023803711,9.94,2.0,4.199,-72.133833,170.0,243.73,250.7
PTGC.2025.069.14.06.01,PTGC,2025.069.14.06.01,unlabelled,,,,,0,0,0.0,0.0,,,3.933000087738037,-74.0780029296875,19.02,1.5,4.199,-72.133833,170.0,217.88,262.31
PTGC.2025.069.15.42.05,PTGC,2025.069.15.42.05,unlabelled,,,,,0,0,0.0,0.0,,,6.642000198364258,-71.98899841308594,17.38,1.4,4.199,-72.133833,170.0,270.63,3.39
PTGC.2025.070.02.33.02,PTGC,2025.070.02.33.02,unlabelled,,,,,0,0,0.0,0.0,,,4.61899995803833,-73.66600036621094,0.0,2.0,4.199,-72.133833,170.0,176.29,285.33
PTGC.2025.070.08.22.34,PTGC,2025.070.08.22.34,unlabelled,,,,,0,0,0.0,0.0,,,3.9170000553131104,-74.09400177001953,13.57,1.6,4.199,-72.133833,170.0,219.88,261.92
PTGC.2025.071.03.50.29,PTGC,2025.071.03.50.29,unlabelled,,,,,0,0,0.0,0.0,,,3.9240000247955322,-74.08599853515625,14.39,2.3,4.199,-72.133833,170.0,218.89,262.08
PTGC.2025.071.04.31.03,PTGC,2025.071.04.31.03,unlabelled,,,,,0,0,0.0,0.0,,,7.013999938964844,-72.02100372314453,22.0,1.6,4.199,-72.133833,170.0,311.55,2.29
PTGC.2025.072.06.06.39,PTGC,2025.072.06.06.39,unlabelled,,,,,0,0,0.0,0.0,,,4.9720001220703125,-72.87100219726562,17.62,1.8,4.199,-72.133833,170.0,118.31,316.29
PTGC.2025.072.06.12.15,PTGC,2025.072.06.12.15,unlabelled,,,,,0,0,0.0,0.0,,,5.033999919891357,-72.92900085449219,15.27,1.5,4.199,-72.133833,170.0,127.71,316.33
PTGC.2025.072.16.56.10,PTGC,2025.072.16.56.10,unlabelled,,,,,0,0,0.0,0.0,,,5.127999782562256,-73.02200317382812,0.0,1.7,4.199,-72.133833,170.0,142.35,316.23
PTGC.2025.073.04.54.04,PTGC,2025.073.04.54.04,unlabelled,,,,,0,0,0.0,0.0,,,3.9649999141693115,-74.05899810791016,18.96,1.5,4.199,-72.133833,170.0,215.33,263.17
PTGC.2025.073.05.18.08,PTGC,2025.073.05.18.08,unlabelled,,,,,0,0,0.0,0.0,,,3.6059999465942383,-74.4520034790039,31.39,1.6,4.199,-72.133833,170.0,265.68,255.79
PTGC.2025.074.02.02.19,PTGC,2025.074.02.02.19,unlabelled,,,,,0,0,0.0,0.0,,,6.452000141143799,-72.00199890136719,23.24,2.3,4.199,-72.133833,170.0,249.57,3.35
PTGC.2025.074.10.33.09,PTGC,2025.074.10.33.09,unlabelled,,,,,0,0,0.0,0.0,,,6.448999881744385,-72.88300323486328,13.34,2.6,4.199,-72.133833,170.0,262.3,341.58
PTGC.2025.074.15.48.46,PTGC,2025.074.15.48.46,unlabelled,,,,,0,0,0.0,0.0,,,4.004000186920166,-74.01200103759766,20.84,1.9,4.199,-72.133833,170.0,209.66,264.16
PTGC.2025.074.21.55.47,PTGC,2025.074.21.55.47,unlabelled,,,,,0,0,0.0,0.0,,,6.881999969482422,-72.10800170898438,0.13,2.2,4.199,-72.133833,170.0,296.71,0.55
PTGC.2025.075.03.34.42,PTGC,2025.075.03.34.42,unlabelled,,,,,0,0,0.0,0.0,,,5.132999897003174,-74.81199645996094,23.71,1.5,4.199,-72.133833,170.0,314.58,289.27
PTGC.2025.075.13.37.22,PTGC,2025.075.13.37.22,unlabelled,,,,,0,0,0.0,0.0,,,6.636000156402588,-71.9990005493164,15.98,1.5,4.199,-72.133833,170.0,269.91,3.17
PTGC.2025.075.20.18.04,PTGC,2025.075.20.18.04,unlabelled,,,,,0,0,0.0,0.0,,,5.017000198364258,-73.16799926757812,33.09,2.2,4.199,-72.133833,170.0,146.12,308.29
PTGC.2025.075.21.17.03,PTGC,2025.075.21.17.03,unlabelled,,,,,0,0,0.0,0.0,,,5.797999858856201,-72.64600372314453,19.26,1.7,4.199,-72.133833,170.0,185.72,342.21
PTGC.2025.075.23.23.46,PTGC,2025.075.23.23.46,unlabelled,,,,,0,0,0.0,0.0,,,7.0920000076293945,-72.2760009765625,27.58,1.5,4.199,-72.133833,170.0,320.31,357.19
PTGC.2025.076.15.18.44,PTGC,2025.076.15.18.44,unlabelled,,,,,0,0,0.0,0.0,,,4.52400016784668,-73.65399932861328,12.99,1.5,4.199,-72.133833,170.0,172.52,282.08
PTGC.2025.077.17.58.15,PTGC,2025.077.17.58.15,unlabelled,,,,,0,0,0.0,0.0,,,6.818999767303467,-73.1709976196289,148.39,1.7,4.199,-72.133833,170.0,311.69,338.41
PTGC.2025.078.05.46.13,PTGC,2025.078.05.46.13,unlabelled,,,,,0,0,0.0,0.0,-0.72,,5.3429999351501465,-72.91799926757812,10.12,1.8,4.199,-72.133833,170.0,153.53,325.52
PTGC.2025.078.07.56.24,PTGC,2025.078.07.56.24,unlabelled,,,,,0,0,0.0,0.0,,,4.241000175476074,-73.7750015258789,12.29,2.1,4.199,-72.133833,170.0,182.26,271.52
PTGC.2025.080.14.21.26,PTGC,2025.080.14.21.26,unlabelled,,,,,0,0,0.0,0.0,,,5.451000213623047,-72.42400360107422,12.7,2.0,4.199,-72.133833,170.0,142.14,346.92
PTGC.2025.080.18.17.41,PTGC,2025.080.18.17.41,unlabelled,,,,,0,0,0.0,0.0,,,6.390999794006348,-71.87300109863281,12.93,1.8,4.199,-72.133833,170.0,244.12,6.79
PTGC.2025.081.04.47.36,PTGC,2025.081.04.47.36,unlabelled,,,,,0,0,0.0,0.0,,,3.436000108718872,-74.2979965209961,14.8,1.7,4.199,-72.133833,170.0,254.76,250.73
PTGC.2025.082.05.39.15,PTGC,2025.082.05.39.15,unlabelled,,,,,0,0,0.0,0.0,,,3.4549999237060547,-74.177001953125,8.3,1.6,4.199,-72.133833,170.0,241.39,250.14
PTGC.2025.083.09.55.10,PTGC,2025.083.09.55.10,unlabelled,,,,,0,0,0.0,0.0,,,4.686999797821045,-74.64099884033203,30.57,2.2,4.199,-72.133833,170.0,283.45,281.07
PTGC.2025.084.00.32.54,PTGC,2025.084.00.32.54,unlabelled,,,,,0,0,0.0,0.0,,,7.076000213623047,-72.072998046875,15.98,2.0,4.199,-72.133833,170.0,318.23,1.21
PTGC.2025.084.12.24.22,PTGC,2025.084.12.24.22,unlabelled,,,,,0,0,0.0,0.0,,,3.819999933242798,-74.10900115966797,18.96,1.7,4.199,-72.133833,170.0,223.31,259.25
PTGC.2025.084.14.12.17,PTGC,2025.084.14.12.17,unlabelled,,,,,0,0,0.0,0.0,,,5.931000232696533,-72.51200103759766,22.07,1.8,4.199,-72.133833,170.0,196.07,347.67
PTGC.2025.084.18.28.20,PTGC,2025.084.18.28.20,unlabelled,,,,,0,0,0.0,0.0,,,5.104000091552734,-73.09100341796875,8.01,1.9,4.199,-72.133833,170.0,145.93,313.34
PTGC.2025.084.18.34.29,PTGC,2025.084.18.34.29,unlabelled,,,,,0,0,0.0,0.0,,,5.752999782562256,-73.1510009765625,10.35,2.0,4.199,-72.133833,170.0,205.56,326.76
PTGC.2025.086.03.16.43,PTGC,2025.086.03.16.43,unlabelled,,,,,0,0,0.0,0.0,,,5.758999824523926,-73.20500183105469,10.23,1.5,4.199,-72.133833,170.0,209.45,325.49
PTGC.2025.087.06.25.27,PTGC,2025.087.06.25.27,unlabelled,,,,,0,0,0.0,0.0,,,6.776000022888184,-73.11199951171875,149.06,1.7,4.199,-72.133833,170.0,304.89,339.22
PTGC.2025.087.23.35.28,PTGC,2025.087.23.35.28,unlabelled,,,,,0,0,0.0,0.0,,,5.583000183105469,-74.6719970703125,18.96,3.1,4.199,-72.133833,170.0,320.43,298.63
PTGC.2025.088.23.55.29,PTGC,2025.088.23.55.29,unlabelled,,,,,0,0,0.0,0.0,,,4.355999946594238,-73.5199966430664,12.12,1.5,4.199,-72.133833,170.0,154.86,276.49
PTGC.2025.089.08.10.28,PTGC,2025.089.08.10.28,unlabelled,,,,,0,0,0.0,0.0,-1.65,,5.104000091552734,-73.03099822998047,16.45,1.9,4.199,-72.133833,170.0,141.15,315.19
PTGC.2025.089.09.58.42,PTGC,2025.089.09.58.42,unlabelled,,,,,0,0,0.0,0.0,,,4.5,-72.79000091552734,19.02,1.9,4.199,-72.133833,170.0,80.08,294.58
PTGC.2025.090.02.09.39,PTGC,2025.090.02.09.39,unlabelled,,,,,0,0,0.0,0.0,,,6.644999980926514,-71.97100067138672,19.02,2.1,4.199,-72.133833,170.0,271.09,3.81
PTGC.2025.090.02.21.09,PTGC,2025.090.02.21.09,unlabelled,,,,,0,0,0.0,0.0,,,6.627999782562256,-71.96499633789062,22.07,2.4,4.199,-72.133833,170.0,269.26,3.98
PTGC.2025.090.02.21.38,PTGC,2025.090.02.21.38,unlabelled,,,,,0,0,0.0,0.0,,,6.624000072479248,-71.98200225830078,21.66,3.3,4.199,-72.133833,170.0,268.69,3.58
PTGC.2025.090.03.13.51,PTGC,2025.090.03.13.51,unlabelled,,,,,0,0,0.0,0.0,,,6.644999980926514,-71.96099853515625,12.46,1.7,4.199,-72.133833,170.0,271.17,4.04
PTGC.2025.090.14.31.24,PTGC,2025.090.14.31.24,unlabelled,,,,,0,0,0.0,0.0,,,3.312999963760376,-74.46399688720703,35.66,2.1,4.199,-72.133833,170.0,276.76,249.35
PTGC.2025.090.14.41.17,PTGC,2025.090.14.41.17,unlabelled,,,,,0,0,0.0,0.0,,,6.551000118255615,-73.052001953125,27.81,1.7,4.199,-72.133833,170.0,279.29,338.67
PTGC.2025.093.06.28.19,PTGC,2025.093.06.28.19,unlabelled,,,,,0,0,0.0,0.0,,,5.915999889373779,-72.52200317382812,5.59,1.7,4.199,-72.133833,170.0,194.69,347.24
PTGC.2025.093.09.48.37,PTGC,2025.093.09.48.37,unlabelled,,,,,0,0,0.0,0.0,,,4.638000011444092,-73.4229965209961,0.0,1.8,4.199,-72.133833,170.0,151.1,288.79
PTGC.2025.093.21.59.57,PTGC,2025.093.21.59.57,unlabelled,,,,,0,0,0.0,0.0,,,5.6479997634887695,-74.26599884033203,20.2,1.5,4.199,-72.133833,170.0,285.65,304.21
PTGC.2025.095.10.47.10,PTGC,2025.095.10.47.10,unlabelled,,,,,0,0,0.0,0.0,,,5.366000175476074,-72.90499877929688,16.21,1.9,4.199,-72.133833,170.0,154.83,326.49
PTGC.2025.095.16.34.27,PTGC,2025.095.16.34.27,unlabelled,,,,,0,0,0.0,0.0,,,4.695000171661377,-74.8489990234375,24.88,1.6,4.199,-72.133833,170.0,306.3,280.42
PTGC.2025.096.04.25.45,PTGC,2025.096.04.25.45,unlabelled,,,,,0,0,0.0,0.0,,,3.515000104904175,-74.19000244140625,7.01,2.2,4.199,-72.133833,170.0,240.57,251.75
PTGC.2025.096.08.18.55,PTGC,2025.096.08.18.55,unlabelled,,,,,0,0,0.0,0.0,,,4.99399995803833,-74.69200134277344,24.41,1.6,4.199,-72.133833,170.0,297.16,287.31
PTGC.2025.096.13.03.58,PTGC,2025.096.13.03.58,unlabelled,,,,,0,0,0.0,0.0,,,3.486999988555908,-74.24299621582031,12.46,1.5,4.199,-72.133833,170.0,247.14,251.5
PTGC.2025.096.21.36.50,PTGC,2025.096.21.36.50,unlabelled,,,,,0,0,0.0,0.0,,,7.11899995803833,-72.00499725341797,25.12,1.5,4.199,-72.133833,170.0,323.22,2.52
PTGC.2025.097.18.13.52,PTGC,2025.097.18.13.52,unlabelled,,,,,0,0,0.0,0.0,,,7.125999927520752,-72.19400024414062,2.73,1.5,4.199,-72.133833,170.0,323.75,358.82
PTGC.2025.097.22.49.16,PTGC,2025.097.22.49.16,unlabelled,,,,,0,0,0.0,0.0,,,7.0960001945495605,-72.0530014038086,15.86,2.3,4.199,-72.133833,170.0,320.49,1.6
PTGC.2025.097.22.55.01,PTGC,2025.097.22.55.01,unlabelled,,,,,0,0,0.0,0.0,,,7.125999927520752,-72.1729965209961,26.17,1.7,4.199,-72.133833,170.0,323.71,359.23
PTGC.2025.098.10.33.15,PTGC,2025.098.10.33.15,unlabelled,,,,,0,0,0.0,0.0,,,5.604000091552734,-73.0510025024414,15.7,1.9,4.199,-72.133833,170.0,185.71,326.82
PTGC.2025.098.15.59.27,PTGC,2025.098.15.59.27,unlabelled,,,,,0,0,0.0,0.0,,,5.689000129699707,-72.7490005493164,18.01,2.2,4.199,-72.133833,170.0,178.33,337.53
PTGC.2025.099.11.25.32,PTGC,2025.099.11.25.32,unlabelled,,,,,0,0,0.0,0.0,,,5.014999866485596,-72.97100067138672,18.32,1.9,4.199,-72.133833,170.0,129.5,314.2
PTGC.2025.099.12.52.40,PTGC,2025.099.12.52.40,unlabelled,,,,,0,0,0.0,0.0,,,3.4739999771118164,-74.1780014038086,10.53,2.5,4.199,-72.133833,170.0,240.79,250.62
PTGC.2025.099.13.25.21,PTGC,2025.099.13.25.21,unlabelled,,,,,0,0,0.0,0.0,,,3.4609999656677246,-74.16400146484375,7.77,1.6,4.199,-72.133833,170.0,239.81,250.17
PTGC.2025.099.15.56.58,PTGC,2025.099.15.56.58,unlabelled,,,,,0,0,0.0,0.0,,,6.848999977111816,-71.89600372314453,6.06,1.8,4.199,-72.133833,170.0,294.23,5.13
PTGC.2025.100.10.01.25,PTGC,2025.100.10.01.25,unlabelled,,,,,0,0,0.0,0.0,,,4.808000087738037,-73.40299987792969,17.97,1.7,4.199,-72.133833,170.0,156.12,295.6
PTGC.2025.100.10.48.13,PTGC,2025.100.10.48.13,unlabelled,,,,,0,0,0.0,0.0,,,4.783999919891357,-73.39399719238281,23.95,1.9,4.199,-72.133833,170.0,154.09,294.87
PTGC.2025.101.22.34.49,PTGC,2025.101.22.34.49,unlabelled,,,,,0,0,0.0,0.0,,,4.796999931335449,-74.59500122070312,26.99,1.8,4.199,-72.133833,170.0,281.03,283.7
PTGC.2025.102.06.00.27,PTGC,2025.102.06.00.27,unlabelled,,,,,0,0,0.0,0.0,,,6.890999794006348,-72.23999786376953,16.09,1.5,4.199,-72.133833,170.0,297.93,357.74
PTGC.2025.103.07.51.49,PTGC,2025.103.07.51.49,unlabelled,,,,,0,0,0.0,0.0,,,3.632999897003174,-73.98100280761719,15.33,1.8,4.199,-72.133833,170.0,214.48,253.1
PTGC.2025.103.16.23.03,PTGC,2025.103.16.23.03,unlabelled,,,,,0,0,0.0,0.0,,,4.61299991607666,-75.0260009765625,19.02,1.5,4.199,-72.133833,170.0,324.26,278.23
PTGC.2025.104.13.13.33,PTGC,2025.104.13.13.33,unlabelled,,,,,0,0,0.0,0.0,,,3.5840001106262207,-74.46900177001953,9.07,1.9,4.199,-72.133833,170.0,268.12,255.39
PTGC.2025.105.20.36.10,PTGC,2025.105.20.36.10,unlabelled,,,,,0,0,0.0,0.0,,,5.0229997634887695,-74.91400146484375,15.98,1.6,4.199,-72.133833,170.0,321.66,286.56
PTGC.2025.106.15.30.32,PTGC,2025.106.15.30.32,unlabelled,,,,,0,0,0.0,0.0,,,6.199999809265137,-72.40399932861328,26.76,2.1,4.199,-72.133833,170.0,223.3,352.3
PTGC.2025.106.20.52.08,PTGC,2025.106.20.52.08,unlabelled,,,,,0,0,0.0,0.0,,,3.7639999389648438,-73.87300109863281,25.59,1.5,4.199,-72.133833,170.0,199.04,256.08
PTGC.2025.107.04.26.23,PTGC,2025.107.04.26.23,unlabelled,,,,,0,0,0.0,0.0,,,4.703999996185303,-74.72100067138672,22.07,1.9,4.199,-72.133833,170.0,292.52,281.1
PTGC.2025.107.06.50.56,PTGC,2025.107.06.50.56,unlabelled,,,,,0,0,0.0,0.0,,,3.687000036239624,-74.10700225830078,12.99,1.7,4.199,-72.133833,170.0,226.33,255.58
PTGC.2025.107.23.20.34,PTGC,2025.107.23.20.34,unlabelled,,,,,0,0,0.0,0.0,,,7.177999973297119,-72.28299713134766,15.98,2.0,4.199,-72.133833,170.0,329.85,357.14
PTGC.2025.108.08.35.47,PTGC,2025.108.08.35.47,unlabelled,,,,,0,0,0.0,0.0,,,3.3239998817443848,-74.01699829101562,10.12,2.0,4.199,-72.133833,170.0,230.48,245.24
PTGC.2025.108.12.00.33,PTGC,2025.108.12.00.33,unlabelled,,,,,0,0,0.0,0.0,,,6.269999980926514,-73.21099853515625,13.16,1.8,4.199,-72.133833,170.0,258.28,332.51
PTGC.2025.109.14.54.54,PTGC,2025.109.14.54.54,unlabelled,,,,,0,0,0.0,0.0,,,5.71999979019165,-74.18099975585938,14.57,1.7,4.199,-72.133833,170.0,282.55,306.62
PTGC.2025.109.18.18.37,PTGC,2025.109.18.18.37,unlabelled,,,,,0,0,0.0,0.0,,,5.736000061035156,-74.1969985961914,15.1,2.2,4.199,-72.133833,170.0,285.03,306.69
PTGC.2025.109.22.57.44,PTGC,2025.109.22.57.44,unlabelled,,,,,0,0,0.0,0.0,,,3.880000114440918,-74.22699737548828,19.02,1.6,4.199,-72.133833,170.0,235.1,261.45
PTGC.2025.109.23.23.58,PTGC,2025.109.23.23.58,unlabelled,,,,,0,0,0.0,0.0,,,3.499000072479248,-74.18800354003906,13.87,1.6,4.199,-72.133833,170.0,240.93,251.33
PTGC.2025.110.17.23.01,PTGC,2025.110.17.23.01,unlabelled,,,,,0,0,0.0,0.0,,,7.0289998054504395,-72.3740005493164,13.52,2.6,4.199,-72.133833,170.0,314.08,355.15
PTGC.2025.111.00.35.00,PTGC,2025.111.00.35.00,unlabelled,,,,,0,0,0.0,0.0,,,5.51200008392334,-72.62100219726562,26.52,2.1,4.199,-72.133833,170.0,154.92,339.61
PTGC.2025.111.13.08.34,PTGC,2025.111.13.08.34,unlabelled,,,,,0,0,0.0,0.0,,,3.500999927520752,-74.21099853515625,10.35,2.0,4.199,-72.133833,170.0,243.28,251.57
PTGC.2025.111.23.10.43,PTGC,2025.111.23.10.43,unlabelled,,,,,0,0,0.0,0.0,,,5.244999885559082,-73.00800323486328,18.79,2.0,4.199,-72.133833,170.0,150.95,320.06
PTGC.2025.113.22.41.42,PTGC,2025.113.22.41.42,unlabelled,,,,,0,0,0.0,0.0,,,5.88100004196167,-73.64199829101562,3.85,1.7,4.199,-72.133833,170.0,250.13,318.1
PTGC.2025.113.23.43.58,PTGC,2025.113.23.43.58,unlabelled,,,,,0,0,0.0,0.0,,,7.013000011444092,-72.33100128173828,21.6,1.7,4.199,-72.133833,170.0,311.95,355.99
PTGC.2025.114.03.15.50,PTGC,2025.114.03.15.50,unlabelled,,,,,0,0,0.0,0.0,,,7.052999973297119,-72.3740005493164,21.86,1.5,4.199,-72.133833,170.0,316.73,355.19
PTGC.2025.114.08.15.45,PTGC,2025.114.08.15.45,unlabelled,,,,,0,0,0.0,0.0,,,6.171999931335449,-74.32599639892578,1.43,1.7,4.199,-72.133833,170.0,326.6,312.01
PTGC.2025.115.22.34.49,PTGC,2025.115.22.34.49,unlabelled,,,,,0,0,0.0,0.0,,,3.5739998817443848,-73.93199920654297,13.22,1.8,4.199,-72.133833,170.0,211.33,250.97
PTGC.2025.116.04.25.17,PTGC,2025.116.04.25.17,unlabelled,,,,,0,0,0.0,0.0,,,5.515999794006348,-73.39600372314453,18.79,1.5,4.199,-72.133833,170.0,202.01,316.18
PTGC.2025.118.10.17.45,PTGC,2025.118.10.17.45,unlabelled,,,,,0,0,0.0,0.0,,,6.665999889373779,-72.2300033569336,21.84,2.8,4.199,-72.133833,170.0,273.02,357.77
PTGC.2025.118.10.22.23,PTGC,2025.118.10.22.23,unlabelled,,,,,0,0,0.0,0.0,,,6.796999931335449,-72.02200317382812,25.12,3.3,4.199,-72.133833,170.0,287.57,2.46
PTGC.2025.118.14.43.26,PTGC,2025.118.14.43.26,unlabelled,,,,,0,0,0.0,0.0,,,6.745999813079834,-72.05699920654297,23.95,2.5,4.199,-72.133833,170.0,281.79,1.73
PTGC.2025.118.16.02.22,PTGC,2025.118.16.02.22,unlabelled,,,,,0,0,0.0,0.0,,,3.5199999809265137,-74.41699981689453,28.97,1.8,4.199,-72.133833,170.0,264.47,253.59
PTGC.2025.118.22.06.04,PTGC,2025.118.22.06.04,unlabelled,,,,,0,0,0.0,0.0,,,6.215000152587891,-72.39800262451172,15.98,2.3,4.199,-72.133833,170.0,224.85,352.53
PTGC.2025.118.23.43.47,PTGC,2025.118.23.43.47,unlabelled,,,,,0,0,0.0,0.0,,,4.767000198364258,-73.42900085449219,0.0,1.8,4.199,-72.133833,170.0,156.86,293.65
PTGC.2025.119.02.11.05,PTGC,2025.119.02.11.05,unlabelled,,,,,0,0,0.0,0.0,,,6.23799991607666,-72.36799621582031,15.98,2.4,4.199,-72.133833,170.0,226.97,353.44
PTGC.2025.120.03.49.06,PTGC,2025.120.03.49.06,unlabelled,,,,,0,0,0.0,0.0,,,5.802000045776367,-73.197998046875,11.99,1.9,4.199,-72.133833,170.0,212.95,326.39
PTGC.2025.121.00.01.54,PTGC,2025.121.00.01.54,unlabelled,,,,,0,0,0.0,0.0,,,6.548999786376953,-73.53399658203125,14.98,1.5,4.199,-72.133833,170.0,302.68,329.22
PTGC.2025.122.03.22.24,PTGC,2025.122.03.22.24,unlabelled,,,,,0,0,0.0,0.0,,,3.496999979019165,-74.34100341796875,28.56,1.5,4.199,-72.133833,170.0,257.15,252.51
PTGC.2025.122.03.36.33,PTGC,2025.122.03.36.33,unlabelled,,,,,0,0,0.0,0.0,,,7.177999973297119,-72.36499786376953,13.63,1.7,4.199,-72.133833,170.0,330.43,355.57
PTGC.2025.122.09.37.07,PTGC,2025.122.09.37.07,unlabelled,,,,,0,0,0.0,0.0,,,3.6449999809265137,-74.44599914550781,21.84,1.7,4.199,-72.133833,170.0,264.0,256.66
PTGC.2025.125.13.38.36,PTGC,2025.125.13.38.36,unlabelled,,,,,0,0,0.0,0.0,,,3.6040000915527344,-74.44000244140625,22.42,2.1,4.199,-72.133833,170.0,264.45,255.67
PTGC.2025.126.11.43.26,PTGC,2025.126.11.43.26,unlabelled,,,,,0,0,0.0,0.0,,,6.178999900817871,-72.17900085449219,0.0,1.6,4.199,-72.133833,170.0,219.01,358.69
PTGC.2025.126.16.33.42,PTGC,2025.126.16.33.42,unlabelled,,,,,0,0,0.0,0.0,,,3.700000047683716,-74.1709976196289,2.61,1.6,4.199,-72.133833,170.0,232.87,256.37
PTGC.2025.127.00.34.13,PTGC,2025.127.00.34.13,unlabelled,,,,,0,0,0.0,0.0,,,3.4570000171661377,-74.16400146484375,9.88,1.7,4.199,-72.133833,170.0,239.96,250.08
PTGC.2025.127.03.26.07,PTGC,2025.127.03.26.07,unlabelled,,,,,0,0,0.0,0.0,,,3.7679998874664307,-74.78900146484375,22.54,1.7,4.199,-72.133833,170.0,298.69,260.91
PTGC.2025.128.01.21.04,PTGC,2025.128.01.21.04,unlabelled,,,,,0,0,0.0,0.0,,,5.520999908447266,-73.05400085449219,2.0,1.7,4.199,-72.133833,170.0,178.29,325.12
PTGC.2025.128.04.31.02,PTGC,2025.128.04.31.02,unlabelled,,,,,0,0,0.0,0.0,,,6.486000061035156,-72.94300079345703,0.02,1.6,4.199,-72.133833,170.0,268.34,340.51
PTGC.2025.129.08.28.07,PTGC,2025.129.08.28.07,unlabelled,,,,,0,0,0.0,0.0,,,6.105999946594238,-73.95700073242188,10.31,2.1,4.199,-72.133833,170.0,292.11,316.29
PTGC.2025.130.17.51.43,PTGC,2025.130.17.51.43,unlabelled,,,,,0,0,0.0,0.0,,,3.48799991607666,-74.26300048828125,18.91,1.5,4.199,-72.133833,170.0,249.21,251.68
PTGC.2025.131.04.35.50,PTGC,2025.131.04.35.50,unlabelled,,,,,0,0,0.0,0.0,,,6.668000221252441,-73.52899932861328,0.01,2.2,4.199,-72.133833,170.0,313.77,330.54
PTGC.2025.131.05.48.32,PTGC,2025.131.05.48.32,unlabelled,,,,,0,0,0.0,0.0,,,3.680000066757202,-73.24299621582031,25.7,2.1,4.199,-72.133833,170.0,135.89,245.06
PTGC.2025.131.08.53.16,PTGC,2025.131.08.53.16,unlabelled,,,,,0,0,0.0,0.0,,,6.0980000495910645,-72.87699890136719,9.88,1.8,4.199,-72.133833,170.0,225.58,338.61
PTGC.2025.131.22.04.04,PTGC,2025.131.22.04.04,unlabelled,,,,,0,0,0.0,0.0,,,6.678999900817871,-71.93699645996094,4.13,1.9,4.199,-72.133833,170.0,275.12,4.54
PTGC.2025.132.03.06.38,PTGC,2025.132.03.06.38,unlabelled,,,,,0,0,0.0,0.0,,,4.245999813079834,-73.51499938964844,15.98,1.7,4.199,-72.133833,170.0,153.42,271.99
PTGC.2025.132.03.39.31,PTGC,2025.132.03.39.31,unlabelled,,,,,0,0,0.0,0.0,,,4.239999771118164,-73.46399688720703,19.02,1.7,4.199,-72.133833,170.0,147.74,271.81
PTGC.2025.132.21.54.49,PTGC,2025.132.21.54.49,unlabelled,,,,,0,0,0.0,0.0,,,5.007999897003174,-74.6780014038086,22.01,2.8,4.199,-72.133833,170.0,296.14,287.68
PTGC.2025.132.22.23.30,PTGC,2025.132.22.23.30,unlabelled,,,,,0,0,0.0,0.0,,,3.8440001010894775,-74.01899719238281,13.46,2.0,4.199,-72.133833,170.0,212.99,259.45
PTGC.2025.134.02.04.43,PTGC,2025.134.02.04.43,unlabelled,,,,,0,0,0.0,0.0,,,4.136000156402588,-73.90899658203125,10.82,1.6,4.199,-72.133833,170.0,197.21,268.04
PTGC.2025.134.02.44.57,PTGC,2025.134.02.44.57,unlabelled,,,,,0,0,0.0,0.0,,,6.151000022888184,-72.43000030517578,15.98,3.4,4.199,-72.133833,170.0,218.34,351.36
PTGC.2025.134.08.57.35,PTGC,2025.134.08.57.35,unlabelled,,,,,0,0,0.0,0.0,,,6.317999839782715,-74.05599975585938,33.77,1.7,4.199,-72.133833,170.0,316.71,317.8
PTGC.2025.134.18.30.40,PTGC,2025.134.18.30.40,unlabelled,,,,,0,0,0.0,0.0,,,6.6479997634887695,-71.98100280761719,13.98,1.9,4.199,-72.133833,170.0,271.35,3.57
PTGC.2025.134.19.06.57,PTGC,2025.134.19.06.57,unlabelled,,,,,0,0,0.0,0.0,,,4.159999847412109,-73.90699768066406,8.48,1.5,4.199,-72.133833,170.0,196.91,268.81
PTGC.2025.134.19.58.27,PTGC,2025.134.19.58.27,unlabelled,,,,,0,0,0.0,0.0,,,6.630000114440918,-71.9739990234375,19.02,2.4,4.199,-72.133833,170.0,269.41,3.76
PTGC.2025.134.20.04.04,PTGC,2025.134.20.04.04,unlabelled,,,,,0,0,0.0,0.0,,,6.636000156402588,-71.98600006103516,12.93,2.0,4.199,-72.133833,170.0,269.99,3.47
PTGC.2025.135.06.48.11,PTGC,2025.135.06.48.11,unlabelled,,,,,0,0,0.0,0.0,,,7.122000217437744,-72.19400024414062,22.42,2.2,4.199,-72.133833,170.0,323.31,358.82
PTGC.2025.135.07.33.24,PTGC,2025.135.07.33.24,unlabelled,,,,,0,0,0.0,0.0,,,7.110000133514404,-72.20600128173828,16.45,1.9,4.199,-72.133833,170.0,322.01,358.58
PTGC.2025.135.11.12.59,PTGC,2025.135.11.12.59,unlabelled,,,,,0,0,0.0,0.0,,,5.566999912261963,-72.65499877929688,15.74,1.5,4.199,-72.133833,170.0,161.94,339.11
PTGC.2025.135.18.50.05,PTGC,2025.135.18.50.05,unlabelled,,,,,0,0,0.0,0.0,,,4.013999938964844,-74.06700134277344,6.7,1.8,4.199,-72.133833,170.0,215.62,264.63
PTGC.2025.135.22.43.01,PTGC,2025.135.22.43.01,unlabelled,,,,,0,0,0.0,0.0,,,6.541999816894531,-72.94000244140625,15.39,2.1,4.199,-72.133833,170.0,274.07,341.01
PTGC.2025.136.04.22.55,PTGC,2025.136.04.22.55,unlabelled,,,,,0,0,0.0,0.0,-2.31,,5.034999847412109,-72.9010009765625,7.12,2.2,4.199,-72.133833,170.0,125.67,317.39
PTGC.2025.136.10.21.45,PTGC,2025.136.10.21.45,unlabelled,,,,,0,0,0.0,0.0,,,4.146999835968018,-73.89600372314453,8.89,1.5,4.199,-72.133833,170.0,195.73,268.38
PTGC.2025.136.14.27.29,PTGC,2025.136.14.27.29,unlabelled,,,,,0,0,0.0,0.0,,,6.551000118255615,-73.62200164794922,1.42,1.5,4.199,-72.133833,170.0,307.98,327.69
PTGC.2025.137.01.05.54,PTGC,2025.137.01.05.54,unlabelled,,,,,0,0,0.0,0.0,,,5.1570000648498535,-73.08699798583984,15.27,2.0,4.199,-72.133833,170.0,149.69,315.09
PTGC.2025.138.08.41.13,PTGC,2025.138.08.41.13,unlabelled,,,,,0,0,0.0,0.0,,,6.61299991607666,-71.97599792480469,17.38,2.5,4.199,-72.133833,170.0,267.52,3.74
PTGC.2025.139.20.59.12,PTGC,2025.139.20.59.12,unlabelled,,,,,0,0,0.0,0.0,,,5.263999938964844,-73.13700103759766,0.0,1.6,4.199,-72.133833,170.0,162.04,316.66
PTGC.2025.140.12.09.39,PTGC,2025.140.12.09.39,unlabelled,,,,,0,0,0.0,0.0,,,3.6730000972747803,-73.91000366210938,20.57,1.5,4.199,-72.133833,170.0,205.66,253.63
PTGC.2025.140.15.28.28,PTGC,2025.140.15.28.28,unlabelled,,,,,0,0,0.0,0.0,,,4.739999771118164,-74.83599853515625,22.07,1.7,4.199,-72.133833,170.0,305.8,281.38
PTGC.2025.140.21.07.35,PTGC,2025.140.21.07.35,unlabelled,,,,,0,0,0.0,0.0,,,7.11899995803833,-72.22799682617188,13.4,1.7,4.199,-72.133833,170.0,323.08,358.15
PTGC.2025.141.08.30.35,PTGC,2025.141.08.30.35,unlabelled,,,,,0,0,0.0,0.0,,,4.190999984741211,-73.9020004272461,9.62,1.5,4.199,-72.133833,170.0,196.31,269.81
PTGC.2025.141.20.28.52,PTGC,2025.141.20.28.52,unlabelled,,,,,0,0,0.0,0.0,,,4.142000198364258,-73.91899871826172,10.06,2.0,4.199,-72.133833,170.0,198.3,268.24
PTGC.2025.142.03.58.43,PTGC,2025.142.03.58.43,unlabelled,,,,,0,0,0.0,0.0,,,3.868000030517578,-74.10900115966797,20.66,1.9,4.199,-72.133833,170.0,222.37,260.6
PTGC.2025.142.17.30.56,PTGC,2025.142.17.30.56,unlabelled,,,,,0,0,0.0,0.0,,,6.48799991607666,-72.7249984741211,15.98,2.1,4.199,-72.133833,170.0,261.47,345.51
PTGC.2025.143.02.07.20,PTGC,2025.143.02.07.20,unlabelled,,,,,0,0,0.0,0.0,,,6.644999980926514,-71.97599792480469,12.23,1.8,4.199,-72.133833,170.0,271.05,3.69
PTGC.2025.143.02.09.07,PTGC,2025.143.02.09.07,unlabelled,,,,,0,0,0.0,0.0,,,5.73199987411499,-72.38600158691406,5.74,1.6,4.199,-72.133833,170.0,171.81,350.64
PTGC.2025.143.18.21.11,PTGC,2025.143.18.21.11,unlabelled,,,,,0,0,0.0,0.0,,,5.245999813079834,-74.73699951171875,24.94,2.6,4.199,-72.133833,170.0,311.15,291.95
PTGC.2025.143.22.17.07,PTGC,2025.143.22.17.07,unlabelled,,,,,0,0,0.0,0.0,,,6.841000080108643,-73.42900085449219,0.58,2.1,4.199,-72.133833,170.0,325.5,333.9
PTGC.2025.144.13.55.25,PTGC,2025.144.13.55.25,unlabelled,,,,,0,0,0.0,0.0,,,5.111999988555908,-73.03600311279297,0.0,2.2,4.199,-72.133833,170.0,142.17,315.28
PTGC.2025.144.18.28.09,PTGC,2025.144.18.28.09,unlabelled,,,,,0,0,0.0,0.0,,,3.631999969482422,-74.40599822998047,20.0,1.7,4.199,-72.133833,170.0,260.02,256.13
PTGC.2025.145.05.25.56,PTGC,2025.145.05.25.56,unlabelled,,,,,0,0,0.0,0.0,,,4.761000156402588,-74.59700012207031,32.62,1.6,4.199,-72.133833,170.0,280.34,282.9
PTGC.2025.145.16.16.31,PTGC,2025.145.16.16.31,unlabelled,,,,,0,0,0.0,0.0,,,3.430999994277954,-74.6989974975586,16.04,1.7,4.199,-72.133833,170.0,297.31,253.49
PTGC.2025.145.17.47.50,PTGC,2025.145.17.47.50,unlabelled,,,,,0,0,0.0,0.0,,,3.7130000591278076,-73.81099700927734,19.96,1.8,4.199,-72.133833,170.0,193.86,253.96
PTGC.2025.146.19.05.16,PTGC,2025.146.19.05.16,unlabelled,,,,,0,0,0.0,0.0,,,3.630000114440918,-74.39700317382812,24.88,1.9,4.199,-72.133833,170.0,259.11,256.03
PTGC.2025.146.22.37.44,PTGC,2025.146.22.37.44,unlabelled,,,,,0,0,0.0,0.0,,,3.5439999103546143,-74.07099914550781,26.76,2.2,4.199,-72.133833,170.0,227.02,251.46
PTGC.2025.146.23.50.41,PTGC,2025.146.23.50.41,unlabelled,,,,,0,0,0.0,0.0,,,4.72599983215332,-74.90699768066406,28.37,1.7,4.199,-72.133833,170.0,313.24,280.83
PTGC.2025.147.00.54.20,PTGC,2025.147.00.54.20,unlabelled,,,,,0,0,0.0,0.0,,,3.561000108718872,-74.40799713134766,27.38,1.7,4.199,-72.133833,170.0,262.25,254.47
PTGC.2025.147.22.51.30,PTGC,2025.147.22.51.30,unlabelled,,,,,0,0,0.0,0.0,,,3.499000072479248,-74.58599853515625,22.77,2.0,4.199,-72.133833,170.0,283.15,254.22
PTGC.2025.148.08.05.39,PTGC,2025.148.08.05.39,unlabelled,,,,,0,0,0.0,0.0,,,3.552999973297119,-74.37300109863281,27.04,1.5,4.199,-72.133833,170.0,258.75,254.05
PTGC.2025.148.13.13.38,PTGC,2025.148.13.13.38,unlabelled,,,,,0,0,0.0,0.0,,,3.9690001010894775,-74.06500244140625,16.21,1.7,4.199,-72.133833,170.0,215.94,263.31
PTGC.2025.149.06.17.38,PTGC,2025.149.06.17.38,unlabelled,,,,,0,0,0.0,0.0,,,5.229000091552734,-74.73500061035156,30.98,2.0,4.199,-72.133833,170.0,310.25,291.64
PTGC.2025.149.21.15.57,PTGC,2025.149.21.15.57,unlabelled,,,,,0,0,0.0,0.0,,,6.739999771118164,-72.18299865722656,19.41,1.7,4.199,-72.133833,170.0,281.05,358.89
PTGC.2025.150.06.02.28,PTGC,2025.150.06.02.28,unlabelled,,,,,0,0,0.0,0.0,,,6.109000205993652,-72.8489990234375,15.98,1.9,4.199,-72.133833,170.0,225.61,339.45
PTGC.2025.150.07.38.25,PTGC,2025.150.07.38.25,unlabelled,,,,,0,0,0.0,0.0,,,4.573999881744385,-74.93099975585938,22.01,1.5,4.199,-72.133833,170.0,313.23,277.71
PTGC.2025.151.05.40.42,PTGC,2025.151.05.40.42,unlabelled,,,,,0,0,0.0,0.0,,,5.85099983215332,-72.63200378417969,8.69,2.0,4.199,-72.133833,170.0,190.85,343.2
PTGC.2025.151.06.46.39,PTGC,2025.151.06.46.39,unlabelled,,,,,0,0,0.0,0.0,,,6.4039998054504395,-71.96900177001953,0.49,2.5,4.199,-72.133833,170.0,244.52,4.28
PTGC.2025.153.09.52.11,PTGC,2025.153.09.52.11,unlabelled,,,,,0,0,0.0,0.0,,,7.048999786376953,-72.23400115966797,15.98,1.5,4.199,-72.133833,170.0,315.36,357.99
PTGC.2025.153.12.18.52,PTGC,2025.153.12.18.52,unlabelled,,,,,0,0,0.0,0.0,,,3.5980000495910645,-74.2959976196289,0.06,1.8,4.199,-72.133833,170.0,249.16,254.61
PTGC.2025.154.22.58.48,PTGC,2025.154.22.58.48,unlabelled,,,,,0,0,0.0,0.0,,,6.131999969482422,-73.11699676513672,18.32,3.2,4.199,-72.133833,170.0,239.94,333.02
PTGC.2025.156.08.04.56,PTGC,2025.156.08.04.56,unlabelled,,,,,0,0,0.0,0.0,,,5.111000061035156,-73.09400177001953,16.8,2.4,4.199,-72.133833,170.0,146.7,313.47
PTGC.2025.156.11.14.46,PTGC,2025.156.11.14.46,unlabelled,,,,,0,0,0.0,0.0,,,6.702000141143799,-73.16500091552734,27.75,2.3,4.199,-72.133833,170.0,299.45,337.61
PTGC.2025.158.01.41.05,PTGC,2025.158.01.41.05,unlabelled,,,,,0,0,0.0,0.0,,,7.191999912261963,-72.00900268554688,0.0,1.8,4.199,-72.133833,170.0,331.27,2.39
PTGC.2025.158.06.04.03,PTGC,2025.158.06.04.03,unlabelled,,,,,0,0,0.0,0.0,,,3.5910000801086426,-74.38099670410156,17.27,1.8,4.199,-72.133833,170.0,258.47,255.0
PTGC.2025.158.09.56.46,PTGC,2025.158.09.56.46,unlabelled,,,,,0,0,0.0,0.0,,,5.104000091552734,-73.16000366210938,17.1,1.8,4.199,-72.133833,170.0,151.59,311.35
PTGC.2025.158.22.27.23,PTGC,2025.158.22.27.23,unlabelled,,,,,0,0,0.0,0.0,,,4.297999858856201,-73.85900115966797,4.2,2.1,4.199,-72.133833,170.0,191.83,273.34
PTGC.2025.159.02.43.53,PTGC,2025.159.02.43.53,unlabelled,,,,,0,0,0.0,0.0,,,6.734000205993652,-73.29199981689453,16.15,1.8,4.199,-72.133833,170.0,308.31,335.45
PTGC.2025.159.13.12.43,PTGC,2025.159.13.12.43,unlabelled,,,,,0,0,0.0,0.0,,,4.4679999351501465,-73.427001953125,15.86,2.8,4.199,-72.133833,170.0,146.6,281.76
PTGC.2025.159.13.14.19,PTGC,2025.159.13.14.19,unlabelled,,,,,0,0,0.0,0.0,,,4.383999824523926,-73.58799743652344,19.96,3.9,4.199,-72.133833,170.0,162.72,277.28
PTGC.2025.159.13.15.37,PTGC,2025.159.13.15.37,unlabelled,,,,,0,0,0.0,0.0,,,4.455999851226807,-73.43599700927734,16.45,2.0,4.199,-72.133833,170.0,147.31,281.17
PTGC.2025.159.13.16.15,PTGC,2025.159.13.16.15,unlabelled,,,,,0,0,0.0,0.0,,,4.48799991607666,-73.38300323486328,18.09,4.0,4.199,-72.133833,170.0,142.3,283.03
PTGC.2025.159.13.16.45,PTGC,2025.159.13.16.45,unlabelled,,,,,0,0,0.0,0.0,,,4.388000011444092,-73.4489974975586,28.87,2.2,4.199,-72.133833,170.0,147.48,278.2
PTGC.2025.159.13.19.01,PTGC,2025.159.13.19.01,unlabelled,,,,,0,0,0.0,0.0,,,4.395999908447266,-73.31500244140625,16.5,3.3,4.199,-72.133833,170.0,132.92,279.48
PTGC.2025.159.13.19.49,PTGC,2025.159.13.19.49,unlabelled,,,,,0,0,0.0,0.0,,,4.484000205993652,-73.25499725341797,14.39,4.2,4.199,-72.133833,170.0,128.38,284.25
PTGC.2025.159.13.21.46,PTGC,2025.159.13.21.46,unlabelled,,,,,0,0,0.0,0.0,,,4.447000026702881,-73.50900268554688,8.24,1.6,4.199,-72.133833,170.0,155.09,280.24
PTGC.2025.159.13.23.24,PTGC,2025.159.13.23.24,unlabelled,,,,,0,0,0.0,0.0,,,4.4670000076293945,-73.30599975585938,16.68,4.0,4.199,-72.133833,170.0,133.45,282.87
PTGC.2025.159.13.23.58,PTGC,2025.159.13.23.58,unlabelled,,,,,0,0,0.0,0.0,,,4.321000099182129,-73.30699920654297,24.94,3.8,4.199,-72.133833,170.0,130.93,275.96
PTGC.2025.159.13.24.55,PTGC,2025.159.13.24.55,unlabelled,,,,,0,0,0.0,0.0,,,4.410999774932861,-73.34200286865234,15.98,2.0,4.199,-72.133833,170.0,136.15,279.96
PTGC.2025.159.13.28.30,PTGC,2025.159.13.28.30,unlabelled,,,,,0,0,0.0,0.0,,,4.431000232696533,-73.3219985961914,11.23,3.8,4.199,-72.133833,170.0,134.37,281.05
PTGC.2025.159.13.30.04,PTGC,2025.159.13.30.04,unlabelled,,,,,0,0,0.0,0.0,,,4.392000198364258,-73.30000305175781,25.12,3.3,4.199,-72.133833,170.0,131.2,279.4
PTGC.2025.159.13.33.32,PTGC,2025.159.13.33.32,unlabelled,,,,,0,0,0.0,0.0,,,4.4070000648498535,-73.3219985961914,14.04,3.7,4.199,-72.133833,170.0,133.89,279.94
PTGC.2025.159.13.37.10,PTGC,2025.159.13.37.10,unlabelled,,,,,0,0,0.0,0.0,-0.52,,4.428999900817871,-73.31600189208984,20.02,4.5,4.199,-72.133833,170.0,133.67,281.01
PTGC.2025.159.13.40.47,PTGC,2025.159.13.40.47,unlabelled,,,,,0,0,0.0,0.0,,,4.568999767303467,-73.427001953125,28.52,2.9,4.199,-72.133833,170.0,149.25,285.96
PTGC.2025.159.13.41.20,PTGC,2025.159.13.41.20,unlabelled,,,,,0,0,0.0,0.0,,,4.434999942779541,-73.27100372314453,12.99,3.3,4.199,-72.133833,170.0,128.9,281.72
PTGC.2025.159.13.51.21,PTGC,2025.159.13.51.21,unlabelled,,,,,0,0,0.0,0.0,,,4.425000190734863,-73.29199981689453,14.16,3.4,4.199,-72.133833,170.0,130.97,281.04
PTGC.2025.159.13.53.01,PTGC,2025.159.13.53.01,unlabelled,,,,,0,0,0.0,0.0,,,4.4770002365112305,-73.32099914550781,22.07,2.4,4.199,-72.133833,170.0,135.32,283.18
PTGC.2025.159.13.56.01,PTGC,2025.159.13.56.01,unlabelled,,,,,0,0,0.0,0.0,,,4.526000022888184,-73.30999755859375,15.04,2.7,4.199,-72.133833,170.0,135.47,285.53
PTGC.2025.159.13.57.13,PTGC,2025.159.13.57.13,unlabelled,,,,,0,0,0.0,0.0,,,4.453000068664551,-73.31800079345703,16.09,2.9,4.199,-72.133833,170.0,134.42,282.11
PTGC.2025.159.14.02.08,PTGC,2025.159.14.02.08,unlabelled,,,,,0,0,0.0,0.0,,,4.374000072479248,-73.33399963378906,18.96,3.5,4.199,-72.133833,170.0,134.63,278.31
PTGC.2025.159.14.03.28,PTGC,2025.159.14.03.28,unlabelled,,,,,0,0,0.0,0.0,,,4.453999996185303,-73.28500366210938,15.74,3.1,4.199,-72.133833,170.0,130.86,282.49
PTGC.2025.159.14.15.56,PTGC,2025.159.14.15.56,unlabelled,,,,,0,0,0.0,0.0,,,4.420000076293945,-73.49600219726562,17.38,2.1,4.199,-72.133833,170.0,153.17,279.23
PTGC.2025.159.14.20.01,PTGC,2025.159.14.20.01,unlabelled,,,,,0,0,0.0,0.0,,,4.386000156402588,-73.53399658203125,0.0,1.9,4.199,-72.133833,170.0,156.8,277.63
PTGC.2025.159.14.21.18,PTGC,2025.159.14.21.18,unlabelled,,,,,0,0,0.0,0.0,,,4.519999980926514,-73.23699951171875,0.58,2.4,4.199,-72.133833,170.0,127.49,286.21
PTGC.2025.159.14.23.22,PTGC,2025.159.14.23.22,unlabelled,,,,,0,0,0.0,0.0,,,4.449999809265137,-73.30799865722656,16.91,2.7,4.199,-72.133833,170.0,133.26,282.07
PTGC.2025.159.14.26.16,PTGC,2025.159.14.26.16,unlabelled,,,,,0,0,0.0,0.0,,,4.406000137329102,-73.3010025024414,8.65,3.0,4.199,-72.133833,170.0,131.57,280.06
PTGC.2025.159.14.30.08,PTGC,2025.159.14.30.08,unlabelled,,,,,0,0,0.0,0.0,,,4.473999977111816,-73.24700164794922,13.22,3.0,4.199,-72.133833,170.0,127.25,283.87
PTGC.2025.159.14.33.10,PTGC,2025.159.14.33.10,unlabelled,,,,,0,0,0.0,0.0,,,4.479000091552734,-73.41300201416016,0.04,1.9,4.199,-72.133833,170.0,145.33,282.35
PTGC.2025.159.14.35.59,PTGC,2025.159.14.35.59,unlabelled,,,,,0,0,0.0,0.0,,,4.442999839782715,-73.322998046875,9.88,2.9,4.199,-72.133833,170.0,134.73,281.6
PTGC.2025.159.14.37.40,PTGC,2025.159.14.37.40,unlabelled,,,,,0,0,0.0,0.0,,,4.4720001220703125,-73.26899719238281,17.27,2.7,4.199,-72.133833,170.0,129.57,283.52
PTGC.2025.159.14.39.21,PTGC,2025.159.14.39.21,unlabelled,,,,,0,0,0.0,0.0,-0.04,,4.415999889373779,-73.30799865722656,12.93,1.6,4.199,-72.133833,170.0,132.53,280.48
PTGC.2025.159.14.47.48,PTGC,2025.159.14.47.48,unlabelled,,,,,0,0,0.0,0.0,,,4.610000133514404,-73.47899627685547,34.02,2.2,4.199,-72.133833,170.0,156.07,286.98
PTGC.2025.159.14.48.58,PTGC,2025.159.14.48.58,unlabelled,,,,,0,0,0.0,0.0,,,4.514999866485596,-73.32499694824219,9.88,2.2,4.199,-72.133833,170.0,136.76,284.85
PTGC.2025.159.14.49.28,PTGC,2025.159.14.49.28,unlabelled,,,,,0,0,0.0,0.0,,,4.566999912261963,-73.4800033569336,11.23,1.9,4.199,-72.133833,170.0,154.86,285.29
PTGC.2025.159.14.49.45,PTGC,2025.159.14.49.45,unlabelled,,,,,0,0,0.0,0.0,,,4.438000202178955,-73.28199768066406,18.61,3.5,4.199,-72.133833,170.0,130.16,281.76
PTGC.2025.159.14.53.23,PTGC,2025.159.14.53.23,unlabelled,,,,,0,0,0.0,0.0,,,4.4629998207092285,-73.2770004272461,13.05,2.4,4.199,-72.133833,170.0,130.21,283.0
PTGC.2025.159.14.56.18,PTGC,2025.159.14.56.18,unlabelled,,,,,0,0,0.0,0.0,,,4.447000026702881,-73.2750015258789,18.38,2.8,4.199,-72.133833,170.0,129.61,282.26
PTGC.2025.159.14.58.11,PTGC,2025.159.14.58.11,unlabelled,,,,,0,0,0.0,0.0,,,3.8320000171661377,-73.7020034790039,12.46,2.0,4.199,-72.133833,170.0,178.81,256.94
PTGC.2025.159.15.08.42,PTGC,2025.159.15.08.42,unlabelled,,,,,0,0,0.0,0.0,,,4.519000053405762,-73.33200073242188,10.59,2.4,4.199,-72.133833,170.0,137.62,284.94
PTGC.2025.159.15.13.47,PTGC,2025.159.15.13.47,unlabelled,,,,,0,0,0.0,0.0,,,4.458000183105469,-73.25900268554688,15.74,2.9,4.199,-72.133833,170.0,128.14,282.96
PTGC.2025.159.15.18.23,PTGC,2025.159.15.18.23,unlabelled,,,,,0,0,0.0,0.0,,,4.478000164031982,-73.28399658203125,12.34,2.1,4.199,-72.133833,170.0,131.35,283.63
PTGC.2025.159.15.22.15,PTGC,2025.159.15.22.15,unlabelled,,,,,0,0,0.0,0.0,,,4.480999946594238,-73.4749984741211,23.24,2.2,4.199,-72.133833,170.0,152.1,281.88
PTGC.2025.159.15.30.14,PTGC,2025.159.15.30.14,unlabelled,,,,,0,0,0.0,0.0,,,4.460000038146973,-73.33399963378906,11.76,2.3,4.199,-72.133833,170.0,136.31,282.27
PTGC.2025.159.15.36.04,PTGC,2025.159.15.36.04,unlabelled,,,,,0,0,0.0,0.0,,,4.521999835968018,-73.3239974975586,0.0,2.0,4.199,-72.133833,170.0,136.85,285.17
PTGC.2025.159.15.42.27,PTGC,2025.159.15.42.27,unlabelled,,,,,0,0,0.0,0.0,,,4.506999969482422,-73.30400085449219,0.0,1.8,4.199,-72.133833,170.0,134.28,284.74
PTGC.2025.159.15.46.26,PTGC,2025.159.15.46.26,unlabelled,,,,,0,0,0.0,0.0,,,4.380000114440918,-73.3270034790039,22.07,2.1,4.199,-72.133833,170.0,133.96,278.64
PTGC.2025.159.15.47.03,PTGC,2025.159.15.47.03,unlabelled,,,,,0,0,0.0,0.0,,,4.489999771118164,-73.52999877929688,15.98,1.9,4.199,-72.133833,170.0,158.28,281.78
PTGC.2025.159.15.52.30,PTGC,2025.159.15.52.30,unlabelled,,,,,0,0,0.0,0.0,,,4.455999851226807,-73.30799865722656,17.15,2.4,4.199,-72.133833,170.0,133.4,282.34
PTGC.2025.159.15.55.53,PTGC,2025.159.15.55.53,unlabelled,,,,,0,0,0.0,0.0,,,4.447000026702881,-73.38700103759766,13.63,2.2,4.199,-72.133833,170.0,141.79,281.2
PTGC.2025.159.16.00.09,PTGC,2025.159.16.00.09,unlabelled,,,,,0,0,0.0,0.0,,,4.40500020980835,-73.3030014038086,0.0,2.0,4.199,-72.133833,170.0,131.77,280.0
PTGC.2025.159.16.05.09,PTGC,2025.159.16.05.09,unlabelled,,,,,0,0,0.0,0.0,,,4.421999931335449,-73.46399688720703,2.38,1.7,4.199,-72.133833,170.0,149.7,279.53
PTGC.2025.159.16.25.28,PTGC,2025.159.16.25.28,unlabelled,,,,,0,0,0.0,0.0,,,4.390999794006348,-73.3219985961914,17.68,3.6,4.199,-72.133833,170.0,133.59,279.19
PTGC.2025.159.16.36.51,PTGC,2025.159.16.36.51,unlabelled,,,,,0,0,0.0,0.0,,,4.451000213623047,-73.26000213623047,12.11,2.2,4.199,-72.133833,170.0,128.08,282.61
PTGC.2025.159.16.38.37,PTGC,2025.159.16.38.37,unlabelled,,,,,0,0,0.0,0.0,,,4.4770002365112305,-73.32099914550781,22.07,2.4,4.199,-72.133833,170.0,135.32,283.18
PTGC.2025.159.16.52.13,PTGC,2025.159.16.52.13,unlabelled,,,,,0,0,0.0,0.0,,,4.521999835968018,-73.26300048828125,20.9,2.3,4.199,-72.133833,170.0,130.33,285.95
PTGC.2025.159.17.00.49,PTGC,2025.159.17.00.49,unlabelled,,,,,0,0,0.0,0.0,,,4.445000171661377,-73.26599884033203,11.29,2.1,4.199,-72.133833,170.0,128.59,282.26
PTGC.2025.159.17.24.45,PTGC,2025.159.17.24.45,unlabelled,,,,,0,0,0.0,0.0,,,4.507999897003174,-73.41999816894531,25.2,1.8,4.199,-72.133833,170.0,146.8,283.51
PTGC.2025.159.17.29.59,PTGC,2025.159.17.29.59,unlabelled,,,,,0,0,0.0,0.0,,,4.389999866485596,-73.3489990234375,16.21,2.5,4.199,-72.133833,170.0,136.54,278.94
PTGC.2025.159.17.33.55,PTGC,2025.159.17.33.55,unlabelled,,,,,0,0,0.0,0.0,,,4.47599983215332,-73.38400268554688,15.86,2.0,4.199,-72.133833,170.0,142.11,282.49
PTGC.2025.159.17.34.32,PTGC,2025.159.17.34.32,unlabelled,,,,,0,0,0.0,0.0,,,4.585999965667725,-72.81800079345703,20.0,2.4,4.199,-72.133833,170.0,87.17,299.43
PTGC.2025.159.17.38.23,PTGC,2025.159.17.38.23,unlabelled,,,,,0,0,0.0,0.0,,,4.485000133514404,-73.47799682617188,6.02,1.6,4.199,-72.133833,170.0,152.52,282.02
PTGC.2025.159.17.56.59,PTGC,2025.159.17.56.59,unlabelled,,,,,0,0,0.0,0.0,,,4.517000198364258,-73.2760009765625,21.84,2.0,4.199,-72.133833,170.0,131.57,285.55
PTGC.2025.159.18.00.28,PTGC,2025.159.18.00.28,unlabelled,,,,,0,0,0.0,0.0,,,4.498000144958496,-73.45099639892578,10.59,1.9,4.199,-72.133833,170.0,149.9,282.79
PTGC.2025.159.18.02.26,PTGC,2025.159.18.02.26,unlabelled,,,,,0,0,0.0,0.0,,,4.394999980926514,-73.3740005493164,24.18,1.9,4.199,-72.133833,170.0,139.36,278.99
PTGC.2025.159.18.05.02,PTGC,2025.159.18.05.02,unlabelled,,,,,0,0,0.0,0.0,,,4.433000087738037,-73.26300048828125,15.98,2.0,4.199,-72.133833,170.0,127.99,281.71
PTGC.2025.159.18.11.51,PTGC,2025.159.18.11.51,unlabelled,,,,,0,0,0.0,0.0,,,4.396999835968018,-73.38099670410156,19.73,2.3,4.199,-72.133833,170.0,140.17,279.03
PTGC.2025.159.18.24.17,PTGC,2025.159.18.24.17,unlabelled,,,,,0,0,0.0,0.0,,,4.446000099182129,-73.31099700927734,13.05,1.6,4.199,-72.133833,170.0,133.5,281.85
PTGC.2025.159.18.25.47,PTGC,2025.159.18.25.47,unlabelled,,,,,0,0,0.0,0.0,,,4.474999904632568,-73.30799865722656,13.16,2.1,4.199,-72.133833,170.0,133.86,283.22
PTGC.2025.159.18.33.29,PTGC,2025.159.18.33.29,unlabelled,,,,,0,0,0.0,0.0,,,4.425000190734863,-73.64399719238281,21.95,1.6,4.199,-72.133833,170.0,169.49,278.54
PTGC.2025.159.18.55.47,PTGC,2025.159.18.55.47,unlabelled,,,,,0,0,0.0,0.0,,,4.440999984741211,-73.30000305175781,13.87,1.6,4.199,-72.133833,170.0,132.19,281.72
PTGC.2025.159.19.35.04,PTGC,2025.159.19.35.04,unlabelled,,,,,0,0,0.0,0.0,,,4.414999961853027,-73.322998046875,0.0,2.1,4.199,-72.133833,170.0,134.15,280.3
PTGC.2025.159.19.42.46,PTGC,2025.159.19.42.46,unlabelled,,,,,0,0,0.0,0.0,,,4.386000156402588,-73.36299896240234,0.0,1.9,4.199,-72.133833,170.0,138.01,278.66
PTGC.2025.159.19.48.28,PTGC,2025.159.19.48.28,unlabelled,,,,,0,0,0.0,0.0,,,4.302999973297119,-73.29499816894531,0.0,2.2,4.199,-72.133833,170.0,129.42,275.14
PTGC.2025.159.19.52.15,PTGC,2025.159.19.52.15,unlabelled,,,,,0,0,0.0,0.0,,,4.688000202178955,-73.34300231933594,0.0,2.1,4.199,-72.133833,170.0,144.69,291.99
PTGC.2025.159.20.02.05,PTGC,2025.159.20.02.05,unlabelled,,,,,0,0,0.0,0.0,,,4.498000144958496,-73.38700103759766,13.16,2.2,4.199,-72.133833,170.0,142.98,283.42
PTGC.2025.159.20.43.27,PTGC,2025.159.20.43.27,unlabelled,,,,,0,0,0.0,0.0,,,4.474999904632568,-73.27200317382812,18.32,2.4,4.199,-72.133833,170.0,129.97,283.62
PTGC.2025.159.20.55.51,PTGC,2025.159.20.55.51,unlabelled,,,,,0,0,0.0,0.0,,,4.96999979019165,-73.30599975585938,24.65,2.1,4.199,-72.133833,170.0,155.52,303.29
PTGC.2025.159.20.57.22,PTGC,2025.159.20.57.22,unlabelled,,,,,0,0,0.0,0.0,,,4.451000213623047,-73.447998046875,5.55,1.8,4.199,-72.133833,170.0,148.52,280.86
PTGC.2025.159.21.02.06,PTGC,2025.159.21.02.06,unlabelled,,,,,0,0,0.0,0.0,,,4.506999969482422,-73.26799774169922,21.6,2.4,4.199,-72.133833,170.0,130.42,285.18
PTGC.2025.159.21.04.35,PTGC,2025.159.21.04.35,unlabelled,,,,,0,0,0.0,0.0,,,4.521999835968018,-73.2509994506836,14.8,2.1,4.199,-72.133833,170.0,129.05,286.11
PTGC.2025.159.21.49.34,PTGC,2025.159.21.49.34,unlabelled,,,,,0,0,0.0,0.0,,,4.413000106811523,-73.45600128173828,3.2,1.9,4.199,-72.133833,170.0,148.67,279.21
PTGC.2025.159.21.59.15,PTGC,2025.159.21.59.15,unlabelled,,,,,0,0,0.0,0.0,,,4.520999908447266,-73.52300262451172,14.22,1.8,4.199,-72.133833,170.0,158.25,283.05
PTGC.2025.159.21.59.54,PTGC,2025.159.21.59.54,unlabelled,,,,,0,0,0.0,0.0,,,4.492000102996826,-73.25900268554688,19.02,2.3,4.199,-72.133833,170.0,129.03,284.59
PTGC.2025.159.22.01.48,PTGC,2025.159.22.01.48,unlabelled,,,,,0,0,0.0,0.0,,,4.433000087738037,-73.25499725341797,31.68,2.4,4.199,-72.133833,170.0,127.12,281.79
PTGC.2025.159.22.08.43,PTGC,2025.159.22.08.43,unlabelled,,,,,0,0,0.0,0.0,,,4.453999996185303,-73.44499969482422,4.96,2.1,4.199,-72.133833,170.0,148.25,281.01
PTGC.2025.159.22.13.00,PTGC,2025.159.22.13.00,unlabelled,,,,,0,0,0.0,0.0,,,4.4710001945495605,-73.27200317382812,18.55,2.4,4.199,-72.133833,170.0,129.87,283.43
PTGC.2025.159.22.28.02,PTGC,2025.159.22.28.02,unlabelled,,,,,0,0,0.0,0.0,,,4.458000183105469,-73.28500366210938,19.49,2.6,4.199,-72.133833,170.0,130.95,282.68
PTGC.2025.159.22.33.31,PTGC,2025.159.22.33.31,unlabelled,,,,,0,0,0.0,0.0,,,4.546000003814697,-73.51300048828125,5.0,1.8,4.199,-72.133833,170.0,157.82,284.12
PTGC.2025.159.22.40.36,PTGC,2025.159.22.40.36,unlabelled,,,,,0,0,0.0,0.0,,,4.28000020980835,-73.73699951171875,10.0,1.5,4.199,-72.133833,170.0,178.2,272.94
PTGC.2025.159.22.48.02,PTGC,2025.159.22.48.02,unlabelled,,,,,0,0,0.0,0.0,,,4.440999984741211,-73.26100158691406,15.98,2.8,4.199,-72.133833,170.0,127.95,282.11
PTGC.2025.159.23.12.55,PTGC,2025.159.23.12.55,unlabelled,,,,,0,0,0.0,0.0,,,4.431000232696533,-73.29299926757812,13.63,2.2,4.199,-72.133833,170.0,131.21,281.32
PTGC.2025.159.23.32.14,PTGC,2025.159.23.32.14,unlabelled,,,,,0,0,0.0,0.0,,,4.421999931335449,-73.35299682617188,20.9,2.2,4.199,-72.133833,170.0,137.56,280.37
PTGC.2025.160.00.05.48,PTGC,2025.160.00.05.48,unlabelled,,,,,0,0,0.0,0.0,,,4.480999946594238,-73.31300354003906,15.98,2.3,4.199,-72.133833,170.0,134.55,283.44
PTGC.2025.160.00.20.03,PTGC,2025.160.00.20.03,unlabelled,,,,,0,0,0.0,0.0,,,4.40500020980835,-73.30799865722656,15.98,2.3,4.199,-72.133833,170.0,132.32,279.96
PTGC.2025.160.00.20.53,PTGC,2025.160.00.20.53,unlabelled,,,,,0,0,0.0,0.0,,,4.423999786376953,-73.46399688720703,8.95,2.2,4.199,-72.133833,170.0,149.74,279.61
PTGC.2025.160.00.37.13,PTGC,2025.160.00.37.13,unlabelled,,,,,0,0,0.0,0.0,,,4.458000183105469,-73.2979965209961,13.16,1.9,4.199,-72.133833,170.0,132.36,282.54
PTGC.2025.160.00.40.25,PTGC,2025.160.00.40.25,unlabelled,,,,,0,0,0.0,0.0,,,4.495999813079834,-73.34200286865234,19.26,2.0,4.199,-72.133833,170.0,138.07,283.81
PTGC.2025.160.01.25.24,PTGC,2025.160.01.25.24,unlabelled,,,,,0,0,0.0,0.0,,,4.311999797821045,-73.56800079345703,15.04,1.6,4.199,-72.133833,170.0,159.7,274.54
PTGC.2025.160.01.38.40,PTGC,2025.160.01.38.40,unlabelled,,,,,0,0,0.0,0.0,,,4.49399995803833,-73.322998046875,19.02,2.0,4.199,-72.133833,170.0,135.97,283.93
PTGC.2025.160.01.50.55,PTGC,2025.160.01.50.55,unlabelled,,,,,0,0,0.0,0.0,,,4.508999824523926,-73.33599853515625,17.62,1.8,4.199,-72.133833,170.0,137.77,284.45
PTGC.2025.160.01.55.53,PTGC,2025.160.01.55.53,unlabelled,,,,,0,0,0.0,0.0,,,4.579999923706055,-73.41200256347656,0.0,1.6,4.199,-72.133833,170.0,147.99,286.59
PTGC.2025.160.01.57.59,PTGC,2025.160.01.57.59,unlabelled,,,,,0,0,0.0,0.0,,,4.468999862670898,-73.27799987792969,12.99,3.6,4.199,-72.133833,170.0,130.47,283.27
PTGC.2025.160.02.16.01,PTGC,2025.160.02.16.01,unlabelled,,,,,0,0,0.0,0.0,,,4.4039998054504395,-73.33699798583984,13.05,1.7,4.199,-72.133833,170.0,135.47,279.68
PTGC.2025.160.02.42.01,PTGC,2025.160.02.42.01,unlabelled,,,,,0,0,0.0,0.0,,,4.440999984741211,-73.28700256347656,9.18,1.8,4.199,-72.133833,170.0,130.78,281.85
PTGC.2025.160.02.44.19,PTGC,2025.160.02.44.19,unlabelled,,,,,0,0,0.0,0.0,-1.15,,4.427999973297119,-73.30400085449219,17.85,2.3,4.199,-72.133833,170.0,132.34,281.07
PTGC.2025.160.02.49.45,PTGC,2025.160.02.49.45,unlabelled,,,,,0,0,0.0,0.0,,,4.427999973297119,-73.322998046875,15.98,1.8,4.199,-72.133833,170.0,134.41,280.9
PTGC.2025.160.02.57.40,PTGC,2025.160.02.57.40,unlabelled,,,,,0,0,0.0,0.0,,,4.585000038146973,-73.38099670410156,14.1,1.8,4.199,-72.133833,170.0,144.86,287.18
PTGC.2025.160.03.52.35,PTGC,2025.160.03.52.35,unlabelled,,,,,0,0,0.0,0.0,,,4.48799991607666,-73.27999877929688,0.0,1.8,4.199,-72.133833,170.0,131.18,284.14
PTGC.2025.160.04.15.20,PTGC,2025.160.04.15.20,unlabelled,,,,,0,0,0.0,0.0,,,4.505000114440918,-73.27200317382812,0.0,1.1,4.199,-72.133833,170.0,130.79,285.04
PTGC.2025.160.04.18.43,PTGC,2025.160.04.18.43,unlabelled,,,,,0,0,0.0,0.0,,,4.4670000076293945,-73.24400329589844,16.21,2.0,4.199,-72.133833,170.0,126.75,283.56
PTGC.2025.160.04.30.02,PTGC,2025.160.04.30.02,unlabelled,,,,,0,0,0.0,0.0,,,4.5229997634887695,-73.0719985961914,2.95,1.9,4.199,-72.133833,170.0,110.13,289.02
PTGC.2025.160.05.17.31,PTGC,2025.160.05.17.31,unlabelled,,,,,0,0,0.0,0.0,,,4.434999942779541,-73.2699966430664,15.98,2.4,4.199,-72.133833,170.0,128.79,281.73
PTGC.2025.160.05.23.48,PTGC,2025.160.05.23.48,unlabelled,,,,,0,0,0.0,0.0,,,4.4710001945495605,-73.13300323486328,10.0,1.9,4.199,-72.133833,170.0,114.92,285.21
PTGC.2025.160.07.11.24,PTGC,2025.160.07.11.24,unlabelled,,,,,0,0,0.0,0.0,,,4.557000160217285,-73.2959976196289,0.0,1.8,4.199,-72.133833,170.0,134.93,287.1
PTGC.2025.160.07.16.37,PTGC,2025.160.07.16.37,unlabelled,,,,,0,0,0.0,0.0,,,5.8480000495910645,-73.23100280761719,9.77,1.8,4.199,-72.133833,170.0,219.21,326.33
PTGC.2025.160.07.25.08,PTGC,2025.160.07.25.08,unlabelled,,,,,0,0,0.0,0.0,,,4.50600004196167,-73.26499938964844,16.33,2.2,4.199,-72.133833,170.0,130.07,285.17
PTGC.2025.160.08.27.20,PTGC,2025.160.08.27.20,unlabelled,,,,,0,0,0.0,0.0,,,4.4730000495910645,-73.2750015258789,0.0,1.8,4.199,-72.133833,170.0,130.25,283.49
PTGC.2025.160.08.42.21,PTGC,2025.160.08.42.21,unlabelled,,,,,0,0,0.0,0.0,,,4.446000099182129,-73.35099792480469,10.0,1.8,4.199,-72.133833,170.0,137.84,281.47
PTGC.2025.160.08.51.49,PTGC,2025.160.08.51.49,unlabelled,,,,,0,0,0.0,0.0,-0.52,,4.388999938964844,-73.19400024414062,6.6,2.0,4.199,-72.133833,170.0,119.55,280.16
PTGC.2025.160.08.58.40,PTGC,2025.160.08.58.40,unlabelled,,,,,0,0,0.0,0.0,,,4.383999824523926,-73.30799865722656,16.45,2.2,4.199,-72.133833,170.0,131.94,278.96
PTGC.2025.160.09.52.22,PTGC,2025.160.09.52.22,unlabelled,,,,,0,0,0.0,0.0,,,4.4629998207092285,-73.44400024414062,9.3,1.9,4.199,-72.133833,170.0,148.33,281.4
PTGC.2025.160.09.59.18,PTGC,2025.160.09.59.18,unlabelled,,,,,0,0,0.0,0.0,,,4.6020002365112305,-73.36599731445312,10.0,1.8,4.199,-72.133833,170.0,143.84,288.09
PTGC.2025.160.10.14.22,PTGC,2025.160.10.14.22,unlabelled,,,,,0,0,0.0,0.0,,,4.374000072479248,-73.23999786376953,0.0,1.9,4.199,-72.133833,170.0,124.31,279.0
PTGC.2025.160.10.35.10,PTGC,2025.160.10.35.10,unlabelled,,,,,0,0,0.0,0.0,,,4.361999988555908,-73.38400268554688,15.86,1.9,4.199,-72.133833,170.0,139.95,277.45
PTGC.2025.160.17.08.09,PTGC,2025.160.17.08.09,unlabelled,,,,,0,0,0.0,0.0,,,4.492000102996826,-73.5979995727539,7.07,2.1,4.199,-72.133833,170.0,165.72,281.33
PTGC.2025.160.17.16.19,PTGC,2025.160.17.16.19,unlabelled,,,,,0,0,0.0,0.0,,,4.440999984741211,-73.35900115966797,18.09,2.2,4.199,-72.133833,170.0,138.61,281.18
PTGC.2025.160.17.22.18,PTGC,2025.160.17.22.18,unlabelled,,,,,0,0,0.0,0.0,,,4.468999862670898,-73.4729995727539,4.73,2.1,4.199,-72.133833,170.0,151.62,281.41
PTGC.2025.160.17.49.32,PTGC,2025.160.17.49.32,unlabelled,,,,,0,0,0.0,0.0,,,4.421999931335449,-73.37000274658203,12.93,2.0,4.199,-72.133833,170.0,139.42,280.23
PTGC.2025.160.17.55.20,PTGC,2025.160.17.55.20,unlabelled,,,,,0,0,0.0,0.0,,,5.624000072479248,-72.64600372314453,10.59,2.2,4.199,-72.133833,170.0,167.51,340.2
PTGC.2025.160.18.36.32,PTGC,2025.160.18.36.32,unlabelled,,,,,0,0,0.0,0.0,,,4.410999774932861,-73.53399658203125,6.6,1.8,4.199,-72.133833,170.0,157.19,278.63
PTGC.2025.160.21.52.26,PTGC,2025.160.21.52.26,unlabelled,,,,,0,0,0.0,0.0,,,4.506999969482422,-73.33999633789062,8.24,2.1,4.199,-72.133833,170.0,138.15,284.32
PTGC.2025.160.23.50.58,PTGC,2025.160.23.50.58,unlabelled,,,,,0,0,0.0,0.0,,,4.480999946594238,-73.35299682617188,16.91,2.2,4.199,-72.133833,170.0,138.88,283.02
PTGC.2025.161.00.09.45,PTGC,2025.161.00.09.45,unlabelled,,,,,0,0,0.0,0.0,,,4.489999771118164,-73.40399932861328,13.87,2.1,4.199,-72.133833,170.0,144.62,282.9
PTGC.2025.161.01.51.17,PTGC,2025.161.01.51.17,unlabelled,,,,,0,0,0.0,0.0,,,4.464000225067139,-73.56600189208984,0.98,1.7,4.199,-72.133833,170.0,161.65,280.5
PTGC.2025.161.01.52.30,PTGC,2025.161.01.52.30,unlabelled,,,,,0,0,0.0,0.0,,,4.4070000648498535,-73.29299926757812,12.46,2.5,4.199,-72.133833,170.0,130.72,280.18
PTGC.2025.161.02.02.04,PTGC,2025.161.02.02.04,unlabelled,,,,,0,0,0.0,0.0,,,4.453999996185303,-73.35700225830078,15.27,2.1,4.199,-72.133833,170.0,138.67,281.78
PTGC.2025.161.03.00.44,PTGC,2025.161.03.00.44,unlabelled,,,,,0,0,0.0,0.0,,,6.130000114440918,-72.61599731445312,12.93,2.3,4.199,-72.133833,170.0,220.13,345.97
PTGC.2025.161.03.46.48,PTGC,2025.161.03.46.48,unlabelled,,,,,0,0,0.0,0.0,,,4.506999969482422,-73.34500122070312,1.68,1.9,4.199,-72.133833,170.0,138.69,284.26
PTGC.2025.161.03.57.32,PTGC,2025.161.03.57.32,unlabelled,,,,,0,0,0.0,0.0,,,4.434000015258789,-73.3239974975586,0.86,1.8,4.199,-72.133833,170.0,134.65,281.17
PTGC.2025.161.04.54.33,PTGC,2025.161.04.54.33,unlabelled,,,,,0,0,0.0,0.0,,,4.441999912261963,-73.24700164794922,0.27,1.8,4.199,-72.133833,170.0,126.46,282.31
PTGC.2025.161.04.58.14,PTGC,2025.161.04.58.14,unlabelled,,,,,0,0,0.0,0.0,,,4.559999942779541,-73.34200286865234,9.41,1.7,4.199,-72.133833,170.0,139.92,286.62
PTGC.2025.161.05.09.15,PTGC,2025.161.05.09.15,unlabelled,,,,,0,0,0.0,0.0,,,4.49399995803833,-73.28099822998047,14.57,1.7,4.199,-72.133833,170.0,131.45,284.41
PTGC.2025.161.07.10.42,PTGC,2025.161.07.10.42,unlabelled,,,,,0,0,0.0,0.0,,,4.421000003814697,-73.26499938964844,13.52,2.3,4.199,-72.133833,170.0,127.94,281.1
PTGC.2025.161.07.13.57,PTGC,2025.161.07.13.57,unlabelled,,,,,0,0,0.0,0.0,,,4.480999946594238,-73.23400115966797,19.26,2.0,4.199,-72.133833,170.0,126.04,284.37
PTGC.2025.161.07.41.05,PTGC,2025.161.07.41.05,unlabelled,,,,,0,0,0.0,0.0,,,4.442999839782715,-73.58999633789062,2.15,1.7,4.199,-72.133833,170.0,163.88,279.53
PTGC.2025.161.08.37.43,PTGC,2025.161.08.37.43,unlabelled,,,,,0,0,0.0,0.0,,,4.453999996185303,-73.36599731445312,12.93,1.9,4.199,-72.133833,170.0,139.65,281.7
PTGC.2025.161.08.51.18,PTGC,2025.161.08.51.18,unlabelled,,,,,0,0,0.0,0.0,,,4.426000118255615,-73.32099914550781,10.0,2.1,4.199,-72.133833,170.0,134.15,280.83
PTGC.2025.161.09.20.00,PTGC,2025.161.09.20.00,unlabelled,,,,,0,0,0.0,0.0,,,4.460000038146973,-73.41200256347656,0.0,1.8,4.199,-72.133833,170.0,144.79,281.55
PTGC.2025.161.11.50.25,PTGC,2025.161.11.50.25,unlabelled,,,,,0,0,0.0,0.0,,,4.491000175476074,-73.27799987792969,12.75,3.2,4.199,-72.133833,170.0,131.04,284.31
PTGC.2025.161.12.32.06,PTGC,2025.161.12.32.06,unlabelled,,,,,0,0,0.0,0.0,,,4.454999923706055,-73.26899719238281,0.0,2.0,4.199,-72.133833,170.0,129.15,282.7
PTGC.2025.161.17.28.56,PTGC,2025.161.17.28.56,unlabelled,,,,,0,0,0.0,0.0,,,4.423999786376953,-73.52999877929688,0.51,2.0,4.199,-72.133833,170.0,156.97,279.17
PTGC.2025.161.18.01.58,PTGC,2025.161.18.01.58,unlabelled,,,,,0,0,0.0,0.0,,,4.493000030517578,-73.37999725341797,13.05,2.0,4.199,-72.133833,170.0,142.1,283.27
PTGC.2025.161.18.39.01,PTGC,2025.161.18.39.01,unlabelled,,,,,0,0,0.0,0.0,,,4.474999904632568,-73.4729995727539,4.49,2.2,4.199,-72.133833,170.0,151.75,281.65
PTGC.2025.162.00.38.02,PTGC,2025.162.00.38.02,unlabelled,,,,,0,0,0.0,0.0,,,4.363999843597412,-73.3219985961914,0.0,1.7,4.199,-72.133833,170.0,133.16,277.92
PTGC.2025.162.00.51.41,PTGC,2025.162.00.51.41,unlabelled,,,,,0,0,0.0,0.0,,,4.283999919891357,-73.81099700927734,15.51,1.8,4.199,-72.133833,170.0,186.43,272.95
PTGC.2025.162.01.23.13,PTGC,2025.162.01.23.13,unlabelled,,,,,0,0,0.0,0.0,,,4.495999813079834,-73.33399963378906,14.34,1.7,4.199,-72.133833,170.0,137.21,283.89
PTGC.2025.162.01.44.00,PTGC,2025.162.01.44.00,unlabelled,,,,,0,0,0.0,0.0,,,4.556000232696533,-73.27799987792969,0.0,1.7,4.199,-72.133833,170.0,132.99,287.31
PTGC.2025.162.02.36.16,PTGC,2025.162.02.36.16,unlabelled,,,,,0,0,0.0,0.0,,,4.454999923706055,-73.06400299072266,0.0,1.8,4.199,-72.133833,170.0,107.06,285.37
PTGC.2025.162.04.14.01,PTGC,2025.162.04.14.01,unlabelled,,,,,0,0,0.0,0.0,,,4.434999942779541,-73.33599853515625,15.27,1.9,4.199,-72.133833,170.0,135.98,281.11
PTGC.2025.162.04.25.49,PTGC,2025.162.04.25.49,unlabelled,,,,,0,0,0.0,0.0,,,4.380000114440918,-73.28299713134766,15.51,2.0,4.199,-72.133833,170.0,129.13,278.96
PTGC.2025.162.07.03.16,PTGC,2025.162.07.03.16,unlabelled,,,,,0,0,0.0,0.0,,,4.4079999923706055,-73.22200012207031,0.0,1.9,4.199,-72.133833,170.0,122.99,280.87
PTGC.2025.162.08.25.36,PTGC,2025.162.08.25.36,unlabelled,,,,,0,0,0.0,0.0,,,4.283999919891357,-73.83899688720703,15.51,1.9,4.199,-72.133833,170.0,189.53,272.91
PTGC.2025.162.08.29.53,PTGC,2025.162.08.29.53,unlabelled,,,,,0,0,0.0,0.0,,,4.49399995803833,-73.25299835205078,23.71,2.0,4.199,-72.133833,170.0,128.44,284.76
PTGC.2025.162.08.33.46,PTGC,2025.162.08.33.46,unlabelled,,,,,0,0,0.0,0.0,,,4.295000076293945,-73.82599639892578,14.57,1.5,4.199,-72.133833,170.0,188.16,273.3
PTGC.2025.162.08.54.26,PTGC,2025.162.08.54.26,unlabelled,,,,,0,0,0.0,0.0,,,4.431000232696533,-73.39399719238281,19.96,2.3,4.199,-72.133833,170.0,142.22,280.44
PTGC.2025.162.12.31.05,PTGC,2025.162.12.31.05,unlabelled,,,,,0,0,0.0,0.0,,,4.36299991607666,-73.32099914550781,0.0,2.5,4.199,-72.133833,170.0,133.03,277.88
PTGC.2025.162.12.50.44,PTGC,2025.162.12.50.44,unlabelled,,,,,0,0,0.0,0.0,,,4.326000213623047,-73.22200012207031,19.66,2.0,4.199,-72.133833,170.0,121.61,276.67
PTGC.2025.162.12.53.40,PTGC,2025.162.12.53.40,unlabelled,,,,,0,0,0.0,0.0,,,4.489999771118164,-73.45099639892578,27.93,2.1,4.199,-72.133833,170.0,149.71,282.46
PTGC.2025.162.16.22.59,PTGC,2025.162.16.22.59,unlabelled,,,,,0,0,0.0,0.0,,,4.480999946594238,-74.91100311279297,29.04,2.4,4.199,-72.133833,170.0,309.85,275.88
PTGC.2025.162.19.06.23,PTGC,2025.162.19.06.23,unlabelled,,,,,0,0,0.0,0.0,,,4.439000129699707,-73.44300079345703,8.24,1.9,4.199,-72.133833,170.0,147.73,280.4
PTGC.2025.162.22.12.20,PTGC,2025.162.22.12.20,unlabelled,,,,,0,0,0.0,0.0,,,4.468999862670898,-73.34600067138672,0.1,2.0,4.199,-72.133833,170.0,137.83,282.56
PTGC.2025.162.23.49.36,PTGC,2025.162.23.49.36,unlabelled,,,,,0,0,0.0,0.0,,,4.539999961853027,-73.27899932861328,0.0,1.9,4.199,-72.133833,170.0,132.59,286.57
PTGC.2025.163.00.07.18,PTGC,2025.163.00.07.18,unlabelled,,,,,0,0,0.0,0.0,,,4.392000198364258,-73.23999786376953,0.0,1.9,4.199,-72.133833,170.0,124.63,279.9
PTGC.2025.163.01.38.37,PTGC,2025.163.01.38.37,unlabelled,,,,,0,0,0.0,0.0,,,4.52400016784668,-73.54499816894531,29.1,1.8,4.199,-72.133833,170.0,160.71,282.98
PTGC.2025.163.01.42.34,PTGC,2025.163.01.42.34,unlabelled,,,,,0,0,0.0,0.0,,,4.513999938964844,-73.36699676513672,8.83,1.7,4.199,-72.133833,170.0,141.24,284.32
PTGC.2025.163.01.44.46,PTGC,2025.163.01.44.46,unlabelled,,,,,0,0,0.0,0.0,,,4.445000171661377,-73.44000244140625,0.04,1.5,4.199,-72.133833,170.0,147.52,280.67
PTGC.2025.163.03.41.08,PTGC,2025.163.03.41.08,unlabelled,,,,,0,0,0.0,0.0,,,4.433000087738037,-73.3270034790039,12.7,2.3,4.199,-72.133833,170.0,134.95,281.1
PTGC.2025.163.05.27.40,PTGC,2025.163.05.27.40,unlabelled,,,,,0,0,0.0,0.0,,,4.513000011444092,-73.34500122070312,22.3,2.0,4.199,-72.133833,170.0,138.85,284.53
PTGC.2025.163.08.20.20,PTGC,2025.163.08.20.20,unlabelled,,,,,0,0,0.0,0.0,,,4.492000102996826,-73.29100036621094,16.21,1.8,4.199,-72.133833,170.0,132.47,284.2
PTGC.2025.163.08.22.39,PTGC,2025.163.08.22.39,unlabelled,,,,,0,0,0.0,0.0,,,4.4670000076293945,-73.28299713134766,20.43,1.7,4.199,-72.133833,170.0,130.96,283.12
PTGC.2025.163.08.32.54,PTGC,2025.163.08.32.54,unlabelled,,,,,0,0,0.0,0.0,,,4.620999813079834,-73.31300354003906,12.7,1.9,4.199,-72.133833,170.0,138.95,289.67
PTGC.2025.163.10.25.10,PTGC,2025.163.10.25.10,unlabelled,,,,,0,0,0.0,0.0,,,4.540999889373779,-73.21700286865234,17.15,1.9,4.199,-72.133833,170.0,126.04,287.5
PTGC.2025.163.10.41.52,PTGC,2025.163.10.41.52,unlabelled,,,,,0,0,0.0,0.0,,,4.4670000076293945,-73.26599884033203,19.49,1.9,4.199,-72.133833,170.0,129.12,283.31
PTGC.2025.163.13.22.34,PTGC,2025.163.13.22.34,unlabelled,,,,,0,0,0.0,0.0,,,5.260000228881836,-74.63700103759766,25.12,1.9,4.199,-72.133833,170.0,301.47,293.0
PTGC.2025.163.15.56.33,PTGC,2025.163.15.56.33,unlabelled,,,,,0,0,0.0,0.0,,,4.421999931335449,-73.4280014038086,9.88,2.0,4.199,-72.133833,170.0,145.76,279.79
PTGC.2025.163.17.51.06,PTGC,2025.163.17.51.06,unlabelled,,,,,0,0,0.0,0.0,,,4.51800012588501,-73.4990005493164,9.77,1.7,4.199,-72.133833,170.0,155.58,283.16
PTGC.2025.163.17.51.48,PTGC,2025.163.17.51.48,unlabelled,,,,,0,0,0.0,0.0,,,4.452000141143799,-73.43199920654297,4.26,1.9,4.199,-72.133833,170.0,146.79,281.04
PTGC.2025.163.19.46.55,PTGC,2025.163.19.46.55,unlabelled,,,,,0,0,0.0,0.0,,,4.48799991607666,-73.3219985961914,13.72,1.7,4.199,-72.133833,170.0,135.71,283.67
PTGC.2025.163.20.40.38,PTGC,2025.163.20.40.38,unlabelled,,,,,0,0,0.0,0.0,,,4.502999782562256,-73.43399810791016,3.32,1.8,4.199,-72.133833,170.0,148.18,283.16
PTGC.2025.163.20.44.45,PTGC,2025.163.20.44.45,unlabelled,,,,,0,0,0.0,0.0,,,4.460000038146973,-73.33799743652344,16.68,2.1,4.199,-72.133833,170.0,136.75,282.23
PTGC.2025.163.20.48.35,PTGC,2025.163.20.48.35,unlabelled,,,,,0,0,0.0,0.0,,,4.441999912261963,-73.25299835205078,16.02,1.8,4.199,-72.133833,170.0,127.11,282.25
PTGC.2025.163.23.06.44,PTGC,2025.163.23.06.44,unlabelled,,,,,0,0,0.0,0.0,,,4.4629998207092285,-73.46499633789062,1.8,1.7,4.199,-72.133833,170.0,150.62,281.23
PTGC.2025.163.23.15.06,PTGC,2025.163.23.15.06,unlabelled,,,,,0,0,0.0,0.0,,,4.4710001945495605,-73.4530029296875,0.74,1.8,4.199,-72.133833,170.0,149.49,281.66
PTGC.2025.163.23.37.30,PTGC,2025.163.23.37.30,unlabelled,,,,,0,0,0.0,0.0,,,5.123000144958496,-74.6449966430664,24.41,1.5,4.199,-72.133833,170.0,296.76,290.24
PTGC.2025.164.00.23.07,PTGC,2025.164.00.23.07,unlabelled,,,,,0,0,0.0,0.0,,,4.626999855041504,-73.12100219726562,0.0,2.0,4.199,-72.133833,170.0,119.35,293.4
PTGC.2025.164.01.39.48,PTGC,2025.164.01.39.48,unlabelled,,,,,0,0,0.0,0.0,,,4.479000091552734,-73.28500366210938,16.45,1.9,4.199,-72.133833,170.0,131.48,283.66
PTGC.2025.164.03.29.27,PTGC,2025.164.03.29.27,unlabelled,,,,,0,0,0.0,0.0,,,4.48799991607666,-73.45500183105469,9.88,1.6,4.199,-72.133833,170.0,150.09,282.34
PTGC.2025.164.05.00.09,PTGC,2025.164.05.00.09,unlabelled,,,,,0,0,0.0,0.0,,,4.5,-73.02799987792969,14.39,1.9,4.199,-72.133833,170.0,104.69,288.57
PTGC.2025.164.06.09.31,PTGC,2025.164.06.09.31,unlabelled,,,,,0,0,0.0,0.0,,,4.535999774932861,-73.28700256347656,17.62,1.7,4.199,-72.133833,170.0,133.31,286.28
PTGC.2025.164.07.13.10,PTGC,2025.164.07.13.10,unlabelled,,,,,0,0,0.0,0.0,,,4.584000110626221,-73.2770004272461,0.0,1.7,4.199,-72.133833,170.0,133.84,288.59
PTGC.2025.164.07.31.23,PTGC,2025.164.07.31.23,unlabelled,,,,,0,0,0.0,0.0,,,4.410999774932861,-73.25299835205078,15.98,1.9,4.199,-72.133833,170.0,126.43,280.73
PTGC.2025.164.12.48.15,PTGC,2025.164.12.48.15,unlabelled,,,,,0,0,0.0,0.0,,,4.5,-73.44300079345703,2.62,1.8,4.199,-72.133833,170.0,149.08,282.95
PTGC.2025.164.15.28.25,PTGC,2025.164.15.28.25,unlabelled,,,,,0,0,0.0,0.0,,,4.505000114440918,-73.27200317382812,0.0,1.1,4.199,-72.133833,170.0,130.79,285.04
PTGC.2025.164.17.14.15,PTGC,2025.164.17.14.15,unlabelled,,,,,0,0,0.0,0.0,,,4.5269999504089355,-73.11699676513672,3.28,1.9,4.199,-72.133833,170.0,115.0,288.42
PTGC.2025.164.19.53.37,PTGC,2025.164.19.53.37,unlabelled,,,,,0,0,0.0,0.0,,,4.454999923706055,-73.2750015258789,12.99,2.7,4.199,-72.133833,170.0,129.8,282.64
PTGC.2025.164.21.39.53,PTGC,2025.164.21.39.53,unlabelled,,,,,0,0,0.0,0.0,,,4.498000144958496,-73.45999908447266,2.85,1.9,4.199,-72.133833,170.0,150.87,282.71
PTGC.2025.165.00.06.25,PTGC,2025.165.00.06.25,unlabelled,,,,,0,0,0.0,0.0,,,4.423999786376953,-73.27799987792969,17.85,1.9,4.199,-72.133833,170.0,129.42,281.13
PTGC.2025.165.02.10.11,PTGC,2025.165.02.10.11,unlabelled,,,,,0,0,0.0,0.0,,,7.125,-72.16100311279297,20.9,2.7,4.199,-72.133833,170.0,323.59,359.47
PTGC.2025.165.02.21.58,PTGC,2025.165.02.21.58,unlabelled,,,,,0,0,0.0,0.0,,,4.400000095367432,-73.31600189208984,0.02,1.5,4.199,-72.133833,170.0,133.1,279.66
PTGC.2025.165.03.09.53,PTGC,2025.165.03.09.53,unlabelled,,,,,0,0,0.0,0.0,,,4.64900016784668,-73.16200256347656,0.0,1.9,4.199,-72.133833,170.0,124.49,293.6
PTGC.2025.165.03.29.32,PTGC,2025.165.03.29.32,unlabelled,,,,,0,0,0.0,0.0,,,4.388000011444092,-73.27200317382812,15.51,1.5,4.199,-72.133833,170.0,128.06,279.43
PTGC.2025.165.04.59.39,PTGC,2025.165.04.59.39,unlabelled,,,,,0,0,0.0,0.0,,,4.497000217437744,-73.39700317382812,18.67,1.7,4.199,-72.133833,170.0,144.03,283.27
PTGC.2025.165.05.03.06,PTGC,2025.165.05.03.06,unlabelled,,,,,0,0,0.0,0.0,-1.5,,4.479000091552734,-73.26100158691406,23.48,1.9,4.199,-72.133833,170.0,128.89,283.94
PTGC.2025.165.09.27.26,PTGC,2025.165.09.27.26,unlabelled,,,,,0,0,0.0,0.0,,,3.4539999961853027,-74.17900085449219,11.46,1.9,4.199,-72.133833,170.0,241.64,250.14
PTGC.2025.165.09.49.53,PTGC,2025.165.09.49.53,unlabelled,,,,,0,0,0.0,0.0,,,4.525000095367432,-72.9739990234375,13.53,1.9,4.199,-72.133833,170.0,99.98,291.17
PTGC.2025.165.10.37.06,PTGC,2025.165.10.37.06,unlabelled,,,,,0,0,0.0,0.0,,,4.586999893188477,-72.94000244140625,7.58,1.9,4.199,-72.133833,170.0,99.24,295.65
PTGC.2025.165.11.59.16,PTGC,2025.165.11.59.16,unlabelled,,,,,0,0,0.0,0.0,,,4.173999786376953,-75.03099822998047,23.71,1.7,4.199,-72.133833,170.0,321.67,269.61
PTGC.2025.165.13.13.20,PTGC,2025.165.13.13.20,unlabelled,,,,,0,0,0.0,0.0,,,4.508999824523926,-73.4530029296875,10.59,1.7,4.199,-72.133833,170.0,150.39,283.23
PTGC.2025.165.14.19.10,PTGC,2025.165.14.19.10,unlabelled,,,,,0,0,0.0,0.0,,,4.521999835968018,-73.43399810791016,3.55,1.8,4.199,-72.133833,170.0,148.67,283.95
PTGC.2025.165.14.33.36,PTGC,2025.165.14.33.36,unlabelled,,,,,0,0,0.0,0.0,,,4.7230000495910645,-74.7959976196289,22.07,1.8,4.199,-72.133833,170.0,301.09,281.2
PTGC.2025.165.15.54.03,PTGC,2025.165.15.54.03,unlabelled,,,,,0,0,0.0,0.0,,,4.4710001945495605,-73.43399810791016,12.46,2.0,4.199,-72.133833,170.0,147.42,281.82
PTGC.2025.165.17.36.12,PTGC,2025.165.17.36.12,unlabelled,,,,,0,0,0.0,0.0,,,4.48799991607666,-73.28700256347656,15.98,2.1,4.199,-72.133833,170.0,131.93,284.06
PTGC.2025.165.18.49.19,PTGC,2025.165.18.49.19,unlabelled,,,,,0,0,0.0,0.0,,,4.445000171661377,-73.28700256347656,17.38,2.1,4.199,-72.133833,170.0,130.87,282.04
PTGC.2025.165.19.54.30,PTGC,2025.165.19.54.30,unlabelled,,,,,0,0,0.0,0.0,,,4.414999961853027,-73.30799865722656,16.62,2.4,4.199,-72.133833,170.0,132.51,280.43
PTGC.2025.166.04.01.13,PTGC,2025.166.04.01.13,unlabelled,,,,,0,0,0.0,0.0,,,4.514999866485596,-73.30999755859375,19.26,1.6,4.199,-72.133833,170.0,135.15,285.03
PTGC.2025.166.05.12.13,PTGC,2025.166.05.12.13,unlabelled,,,,,0,0,0.0,0.0,,,4.474999904632568,-73.25900268554688,15.98,1.8,4.199,-72.133833,170.0,128.57,283.77
PTGC.2025.166.08.15.48,PTGC,2025.166.08.15.48,unlabelled,,,,,0,0,0.0,0.0,,,7.179999828338623,-72.39199829101562,14.57,1.6,4.199,-72.133833,170.0,330.89,355.05
PTGC.2025.166.08.20.50,PTGC,2025.166.08.20.50,unlabelled,,,,,0,0,0.0,0.0,,,3.578000068664551,-74.375,26.76,1.6,4.199,-72.133833,170.0,258.21,254.66
PTGC.2025.166.09.11.38,PTGC,2025.166.09.11.38,unlabelled,,,,,0,0,0.0,0.0,,,4.3480000495910645,-73.78199768066406,20.9,1.6,4.199,-72.133833,170.0,183.71,275.21
PTGC.2025.166.12.10.18,PTGC,2025.166.12.10.18,unlabelled,,,,,0,0,0.0,0.0,,,3.421999931335449,-74.7300033569336,24.82,1.8,4.199,-72.133833,170.0,300.9,253.5
PTGC.2025.166.19.57.46,PTGC,2025.166.19.57.46,unlabelled,,,,,0,0,0.0,0.0,,,4.449999809265137,-73.5790023803711,19.96,1.7,4.199,-72.133833,170.0,162.8,279.87
PTGC.2025.167.00.54.16,PTGC,2025.167.00.54.16,unlabelled,,,,,0,0,0.0,0.0,,,4.544000148773193,-72.98200225830078,12.87,1.7,4.199,-72.133833,170.0,101.58,292.09
PTGC.2025.167.01.38.45,PTGC,2025.167.01.38.45,unlabelled,,,,,0,0,0.0,0.0,,,4.552999973297119,-73.3489990234375,0.0,1.7,4.199,-72.133833,170.0,140.45,286.23
PTGC.2025.167.01.51.06,PTGC,2025.167.01.51.06,unlabelled,,,,,0,0,0.0,0.0,,,4.502999782562256,-73.25499725341797,14.57,2.2,4.199,-72.133833,170.0,128.91,285.16
PTGC.2025.167.02.32.00,PTGC,2025.167.02.32.00,unlabelled,,,,,0,0,0.0,0.0,,,4.507999897003174,-73.26200103759766,0.0,1.5,4.199,-72.133833,170.0,129.81,285.3
PTGC.2025.167.03.52.06,PTGC,2025.167.03.52.06,unlabelled,,,,,0,0,0.0,0.0,,,4.4770002365112305,-73.24400329589844,14.8,1.8,4.199,-72.133833,170.0,127.01,284.05
PTGC.2025.167.04.43.35,PTGC,2025.167.04.43.35,unlabelled,,,,,0,0,0.0,0.0,,,4.416999816894531,-73.31999969482422,17.73,1.8,4.199,-72.133833,170.0,133.86,280.42
PTGC.2025.167.07.09.21,PTGC,2025.167.07.09.21,unlabelled,,,,,0,0,0.0,0.0,,,4.498000144958496,-73.41899871826172,2.15,1.7,4.199,-72.133833,170.0,146.44,283.1
PTGC.2025.167.08.03.03,PTGC,2025.167.08.03.03,unlabelled,,,,,0,0,0.0,0.0,,,4.4629998207092285,-73.13200378417969,19.0,1.6,4.199,-72.133833,170.0,114.58,284.8
PTGC.2025.167.09.37.00,PTGC,2025.167.09.37.00,unlabelled,,,,,0,0,0.0,0.0,,,4.4730000495910645,-73.24800109863281,15.0,1.5,4.199,-72.133833,170.0,127.33,283.81
PTGC.2025.167.19.15.02,PTGC,2025.167.19.15.02,unlabelled,,,,,0,0,0.0,0.0,,,4.593999862670898,-73.25700378417969,14.57,2.0,4.199,-72.133833,170.0,132.1,289.35
PTGC.2025.167.21.54.32,PTGC,2025.167.21.54.32,unlabelled,,,,,0,0,0.0,0.0,,,4.492000102996826,-73.34500122070312,11.29,1.5,4.199,-72.133833,170.0,138.29,283.6
PTGC.2025.168.00.29.36,PTGC,2025.168.00.29.36,unlabelled,,,,,0,0,0.0,0.0,,,5.913000106811523,-74.11699676513672,0.0,3.2,4.199,-72.133833,170.0,290.31,310.84
PTGC.2025.168.02.16.56,PTGC,2025.168.02.16.56,unlabelled,,,,,0,0,0.0,0.0,,,4.48799991607666,-73.32099914550781,14.1,1.5,4.199,-72.133833,170.0,135.6,283.68
PTGC.2025.168.03.26.18,PTGC,2025.168.03.26.18,unlabelled,,,,,0,0,0.0,0.0,,,4.434000015258789,-73.21299743652344,14.45,1.7,4.199,-72.133833,170.0,122.58,282.28
PTGC.2025.168.05.10.41,PTGC,2025.168.05.10.41,unlabelled,,,,,0,0,0.0,0.0,,,5.806000232696533,-74.0510025024414,18.09,1.7,4.199,-72.133833,170.0,277.09,309.97
PTGC.2025.168.05.54.34,PTGC,2025.168.05.54.34,unlabelled,,,,,0,0,0.0,0.0,,,3.5160000324249268,-74.16400146484375,16.21,1.6,4.199,-72.133833,170.0,237.8,251.55
PTGC.2025.168.06.14.54,PTGC,2025.168.06.14.54,unlabelled,,,,,0,0,0.0,0.0,,,5.800000190734863,-74.0790023803711,0.0,1.6,4.199,-72.133833,170.0,279.06,309.46
PTGC.2025.168.07.30.16,PTGC,2025.168.07.30.16,unlabelled,,,,,0,0,0.0,0.0,,,4.4730000495910645,-73.23799896240234,16.21,1.9,4.199,-72.133833,170.0,126.26,283.93
PTGC.2025.168.09.27.17,PTGC,2025.168.09.27.17,unlabelled,,,,,0,0,0.0,0.0,,,6.039000034332275,-74.21600341796875,15.93,1.8,4.199,-72.133833,170.0,307.73,311.48
PTGC.2025.168.09.48.25,PTGC,2025.168.09.48.25,unlabelled,,,,,0,0,0.0,0.0,,,4.499000072479248,-73.46900177001953,22.36,1.9,4.199,-72.133833,170.0,151.87,282.67
PTGC.2025.168.12.22.05,PTGC,2025.168.12.22.05,unlabelled,,,,,0,0,0.0,0.0,,,4.478000164031982,-73.24800109863281,16.86,2.2,4.199,-72.133833,170.0,127.47,284.05
PTGC.2025.168.14.47.06,PTGC,2025.168.14.47.06,unlabelled,,,,,0,0,0.0,0.0,,,4.533999919891357,-73.0530014038086,15.89,1.7,4.199,-72.133833,170.0,108.54,289.99
PTGC.2025.168.14.59.08,PTGC,2025.168.14.59.08,unlabelled,,,,,0,0,0.0,0.0,,,3.8589999675750732,-74.78900146484375,25.12,1.5,4.199,-72.133833,170.0,297.23,262.83
PTGC.2025.168.15.19.47,PTGC,2025.168.15.19.47,unlabelled,,,,,0,0,0.0,0.0,,,5.163000106811523,-73.08200073242188,11.05,1.9,4.199,-72.133833,170.0,149.77,315.42
PTGC.2025.168.18.35.36,PTGC,2025.168.18.35.36,unlabelled,,,,,0,0,0.0,0.0,,,4.561999797821045,-74.98500061035156,22.07,1.8,4.199,-72.133833,170.0,319.0,277.34
PTGC.2025.168.22.18.55,PTGC,2025.168.22.18.55,unlabelled,,,,,0,0,0.0,0.0,,,4.420000076293945,-73.23100280761719,14.34,1.9,4.199,-72.133833,170.0,124.22,281.39
PTGC.2025.168.23.27.52,PTGC,2025.168.23.27.52,unlabelled,,,,,0,0,0.0,0.0,,,4.459000110626221,-73.22000122070312,12.29,2.1,4.199,-72.133833,170.0,123.95,283.45
PTGC.2025.169.02.08.59,PTGC,2025.169.02.08.59,unlabelled,,,,,0,0,0.0,0.0,,,4.448999881744385,-73.24600219726562,0.0,2.2,4.199,-72.133833,170.0,126.51,282.66
PTGC.2025.169.02.33.27,PTGC,2025.169.02.33.27,unlabelled,,,,,0,0,0.0,0.0,,,4.485000133514404,-73.33699798583984,18.67,1.6,4.199,-72.133833,170.0,137.25,283.37
PTGC.2025.169.04.02.11,PTGC,2025.169.04.02.11,unlabelled,,,,,0,0,0.0,0.0,,,4.440999984741211,-73.24400329589844,13.87,1.9,4.199,-72.133833,170.0,126.11,282.29
PTGC.2025.169.10.07.12,PTGC,2025.169.10.07.12,unlabelled,,,,,0,0,0.0,0.0,,,3.615999937057495,-74.23699951171875,2.15,1.5,4.199,-72.133833,170.0,242.31,254.64
PTGC.2025.169.17.29.51,PTGC,2025.169.17.29.51,unlabelled,,,,,0,0,0.0,0.0,,,6.728000164031982,-72.1449966430664,3.9,1.5,4.199,-72.133833,170.0,279.67,359.75
PTGC.2025.170.00.08.38,PTGC,2025.170.00.08.38,unlabelled,,,,,0,0,0.0,0.0,,,4.633999824523926,-72.98100280761719,19.21,1.6,4.199,-72.133833,170.0,105.62,297.13
PTGC.2025.170.00.33.22,PTGC,2025.170.00.33.22,unlabelled,,,,,0,0,0.0,0.0,,,4.426000118255615,-73.36799621582031,11.99,1.7,4.199,-72.133833,170.0,139.28,280.43
PTGC.2025.170.00.41.58,PTGC,2025.170.00.41.58,unlabelled,,,,,0,0,0.0,0.0,,,4.545000076293945,-73.03399658203125,12.06,1.5,4.199,-72.133833,170.0,106.99,290.99
PTGC.2025.170.00.44.13,PTGC,2025.170.00.44.13,unlabelled,,,,,0,0,0.0,0.0,,,4.593999862670898,-73.01699829101562,15.83,1.7,4.199,-72.133833,170.0,107.32,294.05
PTGC.2025.170.00.59.31,PTGC,2025.170.00.59.31,unlabelled,,,,,0,0,0.0,0.0,,,4.541999816894531,-73.22899627685547,7.25,1.8,4.199,-72.133833,170.0,127.34,287.37
PTGC.2025.170.03.01.55,PTGC,2025.170.03.01.55,unlabelled,,,,,0,0,0.0,0.0,-2.0,,4.668000221252441,-73.33599853515625,10.64,1.9,4.199,-72.133833,170.0,143.15,291.29
PTGC.2025.170.03.02.10,PTGC,2025.170.03.02.10,unlabelled,,,,,0,0,0.0,0.0,,,4.499000072479248,-73.2760009765625,15.45,2.0,4.199,-72.133833,170.0,131.05,284.71
PTGC.2025.170.04.32.05,PTGC,2025.170.04.32.05,unlabelled,,,,,0,0,0.0,0.0,,,3.3550000190734863,-74.3280029296875,22.07,1.5,4.199,-72.133833,170.0,260.98,249.12
PTGC.2025.170.04.32.34,PTGC,2025.170.04.32.34,unlabelled,,,,,0,0,0.0,0.0,,,4.497000217437744,-73.17500305175781,21.48,1.6,4.199,-72.133833,170.0,120.18,285.95
PTGC.2025.170.05.49.36,PTGC,2025.170.05.49.36,unlabelled,,,,,0,0,0.0,0.0,,,5.333000183105469,-74.60800170898438,21.72,1.9,4.199,-72.133833,170.0,301.76,294.65
PTGC.2025.170.06.53.47,PTGC,2025.170.06.53.47,unlabelled,,,,,0,0,0.0,0.0,,,4.449999809265137,-73.31300354003906,11.29,1.8,4.199,-72.133833,170.0,133.8,282.02
PTGC.2025.170.07.21.09,PTGC,2025.170.07.21.09,unlabelled,,,,,0,0,0.0,0.0,,,4.514999866485596,-73.23799896240234,15.51,1.8,4.199,-72.133833,170.0,127.45,285.95
PTGC.2025.170.07.30.11,PTGC,2025.170.07.30.11,unlabelled,,,,,0,0,0.0,0.0,,,4.491000175476074,-73.24700164794922,15.1,2.3,4.199,-72.133833,170.0,127.71,284.69
PTGC.2025.170.12.50.53,PTGC,2025.170.12.50.53,unlabelled,,,,,0,0,0.0,0.0,,,5.355999946594238,-74.59700012207031,22.07,2.4,4.199,-72.133833,170.0,301.72,295.19
PTGC.2025.170.15.19.34,PTGC,2025.170.15.19.34,unlabelled,,,,,0,0,0.0,0.0,,,4.489999771118164,-73.23999786376953,17.62,1.9,4.199,-72.133833,170.0,126.93,284.73
PTGC.2025.170.15.36.33,PTGC,2025.170.15.36.33,unlabelled,,,,,0,0,0.0,0.0,,,4.482999801635742,-73.27400207519531,9.18,2.0,4.199,-72.133833,170.0,130.4,283.98
PTGC.2025.170.18.07.09,PTGC,2025.170.18.07.09,unlabelled,,,,,0,0,0.0,0.0,,,5.216000080108643,-74.74800109863281,33.32,1.8,4.199,-72.133833,170.0,311.07,291.3
PTGC.2025.171.00.01.37,PTGC,2025.171.00.01.37,unlabelled,,,,,0,0,0.0,0.0,,,7.111999988555908,-72.20800018310547,26.05,2.3,4.199,-72.133833,170.0,322.24,358.54
PTGC.2025.171.02.11.20,PTGC,2025.171.02.11.20,unlabelled,,,,,0,0,0.0,0.0,,,4.474999904632568,-73.31500244140625,5.66,1.6,4.199,-72.133833,170.0,134.62,283.15
PTGC.2025.171.03.21.57,PTGC,2025.171.03.21.57,unlabelled,,,,,0,0,0.0,0.0,-1.73,,4.474999904632568,-73.24199676513672,17.38,1.7,4.199,-72.133833,170.0,126.74,283.98
PTGC.2025.171.04.15.12,PTGC,2025.171.04.15.12,unlabelled,,,,,0,0,0.0,0.0,,,4.559999942779541,-73.3280029296875,2.38,1.7,4.199,-72.133833,170.0,138.43,286.81
PTGC.2025.171.04.26.28,PTGC,2025.171.04.26.28,unlabelled,,,,,0,0,0.0,0.0,,,4.4730000495910645,-73.3219985961914,14.51,2.0,4.199,-72.133833,170.0,135.33,282.98
PTGC.2025.171.04.33.15,PTGC,2025.171.04.33.15,unlabelled,,,,,0,0,0.0,0.0,,,4.396999835968018,-73.19999694824219,0.0,1.5,4.199,-72.133833,170.0,120.36,280.52
PTGC.2025.171.08.24.30,PTGC,2025.171.08.24.30,unlabelled,,,,,0,0,0.0,0.0,,,4.434000015258789,-73.29499816894531,0.0,1.7,4.199,-72.133833,170.0,131.49,281.44
PTGC.2025.171.12.01.18,PTGC,2025.171.12.01.18,unlabelled,,,,,0,0,0.0,0.0,,,4.435999870300293,-73.3010025024414,13.28,2.3,4.199,-72.133833,170.0,132.19,281.48
PTGC.2025.171.18.29.38,PTGC,2025.171.18.29.38,unlabelled,,,,,0,0,0.0,0.0,,,4.464000225067139,-73.322998046875,8.24,2.0,4.199,-72.133833,170.0,135.22,282.56
PTGC.2025.172.03.35.06,PTGC,2025.172.03.35.06,unlabelled,,,,,0,0,0.0,0.0,,,4.49399995803833,-73.28299713134766,15.98,1.8,4.199,-72.133833,170.0,131.66,284.39
PTGC.2025.172.04.01.08,PTGC,2025.172.04.01.08,unlabelled,,,,,0,0,0.0,0.0,,,7.126999855041504,-72.20800018310547,19.26,2.4,4.199,-72.133833,170.0,323.9,358.55
PTGC.2025.172.16.47.05,PTGC,2025.172.16.47.05,unlabelled,,,,,0,0,0.0,0.0,,,4.53000020980835,-73.28099822998047,10.82,1.9,4.199,-72.133833,170.0,132.49,286.08
PTGC.2025.172.20.57.10,PTGC,2025.172.20.57.10,unlabelled,,,,,0,0,0.0,0.0,,,4.396999835968018,-73.26499938964844,0.0,2.1,4.199,-72.133833,170.0,127.46,279.93
PTGC.2025.172.23.50.02,PTGC,2025.172.23.50.02,unlabelled,,,,,0,0,0.0,0.0,,,4.500999927520752,-73.19499969482422,12.29,1.8,4.199,-72.133833,170.0,122.43,285.87
PTGC.2025.173.02.28.51,PTGC,2025.173.02.28.51,unlabelled,,,,,0,0,0.0,0.0,,,6.633999824523926,-71.97599792480469,15.98,2.0,4.199,-72.133833,170.0,269.84,3.71
PTGC.2025.173.02.33.56,PTGC,2025.173.02.33.56,unlabelled,,,,,0,0,0.0,0.0,,,5.8520002365112305,-72.13200378417969,20.08,2.0,4.199,-72.133833,170.0,182.79,0.06
PTGC.2025.173.03.13.06,PTGC,2025.173.03.13.06,unlabelled,,,,,0,0,0.0,0.0,,,4.4070000648498535,-73.24400329589844,17.38,1.6,4.199,-72.133833,170.0,125.37,280.61
PTGC.2025.173.04.04.47,PTGC,2025.173.04.04.47,unlabelled,,,,,0,0,0.0,0.0,,,4.461999893188477,-73.29100036621094,11.76,1.9,4.199,-72.133833,170.0,131.7,282.8
PTGC.2025.173.07.29.53,PTGC,2025.173.07.29.53,unlabelled,,,,,0,0,0.0,0.0,,,4.482999801635742,-73.28900146484375,11.29,1.8,4.199,-72.133833,170.0,132.02,283.81
PTGC.2025.173.10.09.55,PTGC,2025.173.10.09.55,unlabelled,,,,,0,0,0.0,0.0,,,4.447999954223633,-73.24500274658203,0.0,1.5,4.199,-72.133833,170.0,126.38,282.63
PTGC.2025.173.10.21.20,PTGC,2025.173.10.21.20,unlabelled,,,,,0,0,0.0,0.0,,,4.453999996185303,-73.28099822998047,10.12,1.5,4.199,-72.133833,170.0,130.42,282.53
PTGC.2025.173.11.37.55,PTGC,2025.173.11.37.55,unlabelled,,,,,0,0,0.0,0.0,,,4.3379998207092285,-75.03800201416016,18.73,2.8,4.199,-72.133833,170.0,322.77,272.84
PTGC.2025.173.12.00.08,PTGC,2025.173.12.00.08,unlabelled,,,,,0,0,0.0,0.0,,,4.5320000648498535,-72.98899841308594,12.76,1.9,4.199,-72.133833,170.0,101.81,291.24
PTGC.2025.173.18.34.23,PTGC,2025.173.18.34.23,unlabelled,,,,,0,0,0.0,0.0,,,4.486000061035156,-73.26799774169922,11.52,2.0,4.199,-72.133833,170.0,129.83,284.19
PTGC.2025.173.18.46.43,PTGC,2025.173.18.46.43,unlabelled,,,,,0,0,0.0,0.0,,,4.452000141143799,-73.26100158691406,16.91,2.0,4.199,-72.133833,170.0,128.21,282.65
PTGC.2025.174.00.15.36,PTGC,2025.174.00.15.36,unlabelled,,,,,0,0,0.0,0.0,,,6.190999984741211,-72.61499786376953,4.61,2.0,4.199,-72.133833,170.0,226.65,346.41
PTGC.2025.174.00.41.30,PTGC,2025.174.00.41.30,unlabelled,,,,,0,0,0.0,0.0,,,4.4730000495910645,-73.28099822998047,15.74,1.9,4.199,-72.133833,170.0,130.89,283.43
PTGC.2025.174.01.11.03,PTGC,2025.174.01.11.03,unlabelled,,,,,0,0,0.0,0.0,,,4.548999786376953,-73.26899719238281,0.0,1.6,4.199,-72.133833,170.0,131.81,287.12
PTGC.2025.174.01.22.32,PTGC,2025.174.01.22.32,unlabelled,,,,,0,0,0.0,0.0,,,4.513999938964844,-73.33300018310547,16.33,1.8,4.199,-72.133833,170.0,137.59,284.71
PTGC.2025.174.02.19.45,PTGC,2025.174.02.19.45,unlabelled,,,,,0,0,0.0,0.0,,,4.482999801635742,-73.25700378417969,14.1,1.8,4.199,-72.133833,170.0,128.57,284.18
PTGC.2025.174.04.48.28,PTGC,2025.174.04.48.28,unlabelled,,,,,0,0,0.0,0.0,,,4.468999862670898,-73.28700256347656,22.77,1.7,4.199,-72.133833,170.0,131.44,283.17
PTGC.2025.174.06.41.55,PTGC,2025.174.06.41.55,unlabelled,,,,,0,0,0.0,0.0,,,4.46999979019165,-73.36900329589844,0.16,1.5,4.199,-72.133833,170.0,140.34,282.38
PTGC.2025.174.08.56.03,PTGC,2025.174.08.56.03,unlabelled,,,,,0,0,0.0,0.0,,,4.452000141143799,-73.36199951171875,1.45,1.6,4.199,-72.133833,170.0,139.17,281.64
PTGC.2025.174.10.13.15,PTGC,2025.174.10.13.15,unlabelled,,,,,0,0,0.0,0.0,,,4.511000156402588,-73.33599853515625,14.57,1.8,4.199,-72.133833,170.0,137.83,284.54
PTGC.2025.174.12.21.58,PTGC,2025.174.12.21.58,unlabelled,,,,,0,0,0.0,0.0,,,4.491000175476074,-73.62899780273438,0.0,1.6,4.199,-72.133833,170.0,169.08,281.07
PTGC.2025.174.12.46.56,PTGC,2025.174.12.46.56,unlabelled,,,,,0,0,0.0,0.0,,,4.421000003814697,-73.61900329589844,19.14,1.5,4.199,-72.133833,170.0,166.68,278.52
PTGC.2025.174.23.30.03,PTGC,2025.174.23.30.03,unlabelled,,,,,0,0,0.0,0.0,,,5.685999870300293,-73.41400146484375,11.29,2.4,4.199,-72.133833,170.0,217.25,319.24
PTGC.2025.174.23.34.48,PTGC,2025.174.23.34.48,unlabelled,,,,,0,0,0.0,0.0,,,5.691999912261963,-73.40499877929688,10.12,1.7,4.199,-72.133833,170.0,217.1,319.56
PTGC.2025.175.00.52.23,PTGC,2025.175.00.52.23,unlabelled,,,,,0,0,0.0,0.0,,,5.672999858856201,-73.39199829101562,9.18,1.9,4.199,-72.133833,170.0,214.57,319.49
PTGC.2025.175.03.46.32,PTGC,2025.175.03.46.32,unlabelled,,,,,0,0,0.0,0.0,,,4.375999927520752,-73.27999877929688,16.15,1.9,4.199,-72.133833,170.0,128.73,278.79
PTGC.2025.175.04.36.16,PTGC,2025.175.04.36.16,unlabelled,,,,,0,0,0.0,0.0,,,4.482999801635742,-73.29299926757812,13.16,1.7,4.199,-72.133833,170.0,132.45,283.76
PTGC.2025.175.04.53.02,PTGC,2025.175.04.53.02,unlabelled,,,,,0,0,0.0,0.0,,,4.5,-73.28700256347656,19.73,1.7,4.199,-72.133833,170.0,132.26,284.62
PTGC.2025.175.05.38.18,PTGC,2025.175.05.38.18,unlabelled,,,,,0,0,0.0,0.0,,,4.5279998779296875,-73.38099670410156,2.62,1.7,4.199,-72.133833,170.0,143.13,284.77
PTGC.2025.175.05.55.21,PTGC,2025.175.05.55.21,unlabelled,,,,,0,0,0.0,0.0,,,4.578000068664551,-73.26399993896484,0.0,1.5,4.199,-72.133833,170.0,132.26,288.52
PTGC.2025.175.07.16.48,PTGC,2025.175.07.16.48,unlabelled,,,,,0,0,0.0,0.0,,,4.508999824523926,-73.2979965209961,17.62,1.8,4.199,-72.133833,170.0,133.69,284.9
PTGC.2025.175.14.21.41,PTGC,2025.175.14.21.41,unlabelled,,,,,0,0,0.0,0.0,,,4.517000198364258,-73.26300048828125,11.99,2.3,4.199,-72.133833,170.0,130.18,285.71
PTGC.2025.175.19.13.49,PTGC,2025.175.19.13.49,unlabelled,,,,,0,0,0.0,0.0,,,5.4039998054504395,-74.6969985961914,35.9,2.0,4.199,-72.133833,170.0,314.01,295.21
PTGC.2025.175.19.50.37,PTGC,2025.175.19.50.37,unlabelled,,,,,0,0,0.0,0.0,,,4.249000072479248,-75.06999969482422,18.96,1.5,4.199,-72.133833,170.0,326.02,271.08
PTGC.2025.175.21.22.07,PTGC,2025.175.21.22.07,unlabelled,,,,,0,0,0.0,0.0,,,4.5879998207092285,-72.84300231933594,18.23,2.1,4.199,-72.133833,170.0,89.7,298.68
PTGC.2025.176.02.50.02,PTGC,2025.176.02.50.02,unlabelled,,,,,0,0,0.0,0.0,,,4.4710001945495605,-73.23100280761719,16.91,1.7,4.199,-72.133833,170.0,125.45,283.91
PTGC.2025.176.03.58.56,PTGC,2025.176.03.58.56,unlabelled,,,,,0,0,0.0,0.0,,,4.452000141143799,-73.28399658203125,13.11,1.8,4.199,-72.133833,170.0,130.7,282.4
PTGC.2025.176.05.17.35,PTGC,2025.176.05.17.35,unlabelled,,,,,0,0,0.0,0.0,,,6.005000114440918,-72.4000015258789,14.8,2.2,4.199,-72.133833,170.0,201.88,351.61
PTGC.2025.176.11.45.36,PTGC,2025.176.11.45.36,unlabelled,,,,,0,0,0.0,0.0,,,4.511000156402588,-73.1969985961914,11.76,1.6,4.199,-72.133833,170.0,122.95,286.34
PTGC.2025.176.14.47.54,PTGC,2025.176.14.47.54,unlabelled,,,,,0,0,0.0,0.0,,,3.4070000648498535,-74.53199768066406,3.87,1.6,4.199,-72.133833,170.0,280.4,251.88
PTGC.2025.176.15.22.00,PTGC,2025.176.15.22.00,unlabelled,,,,,0,0,0.0,0.0,,,4.3979997634887695,-73.3010025024414,18.5,1.8,4.199,-72.133833,170.0,131.42,279.68
PTGC.2025.176.22.01.16,PTGC,2025.176.22.01.16,unlabelled,,,,,0,0,0.0,0.0,,,4.370999813079834,-73.34400177001953,13.69,1.9,4.199,-72.133833,170.0,135.68,278.1
PTGC.2025.177.01.08.54,PTGC,2025.177.01.08.54,unlabelled,,,,,0,0,0.0,0.0,,,3.671999931335449,-74.22599792480469,12.4,2.0,4.199,-72.133833,170.0,239.55,255.99
PTGC.2025.177.02.52.21,PTGC,2025.177.02.52.21,unlabelled,,,,,0,0,0.0,0.0,,,4.410999774932861,-73.27400207519531,15.27,1.8,4.199,-72.133833,170.0,128.72,280.54
PTGC.2025.177.02.54.55,PTGC,2025.177.02.54.55,unlabelled,,,,,0,0,0.0,0.0,,,4.421999931335449,-73.25499725341797,15.74,1.8,4.199,-72.133833,170.0,126.88,281.25
PTGC.2025.177.05.42.08,PTGC,2025.177.05.42.08,unlabelled,,,,,0,0,0.0,0.0,,,6.046999931335449,-74.21900177001953,15.18,1.5,4.199,-72.133833,170.0,308.56,311.56
PTGC.2025.177.09.45.25,PTGC,2025.177.09.45.25,unlabelled,,,,,0,0,0.0,0.0,,,6.396999835968018,-72.79199981689453,0.0,2.0,4.199,-72.133833,170.0,253.77,343.32
PTGC.2025.177.12.21.13,PTGC,2025.177.12.21.13,unlabelled,,,,,0,0,0.0,0.0,,,6.61299991607666,-71.93499755859375,16.21,2.7,4.199,-72.133833,170.0,267.86,4.71
PTGC.2025.177.14.57.59,PTGC,2025.177.14.57.59,unlabelled,,,,,0,0,0.0,0.0,,,4.892000198364258,-73.31700134277344,14.57,2.3,4.199,-72.133833,170.0,152.02,300.32
PTGC.2025.177.15.45.59,PTGC,2025.177.15.45.59,unlabelled,,,,,0,0,0.0,0.0,,,4.480000019073486,-73.30699920654297,15.21,1.9,4.199,-72.133833,170.0,133.88,283.46
PTGC.2025.178.00.43.35,PTGC,2025.178.00.43.35,unlabelled,,,,,0,0,0.0,0.0,,,4.617000102996826,-73.22699737548828,16.91,1.8,4.199,-72.133833,170.0,129.84,290.9
PTGC.2025.178.03.18.22,PTGC,2025.178.03.18.22,unlabelled,,,,,0,0,0.0,0.0,,,3.5360000133514404,-74.36699676513672,19.08,2.5,4.199,-72.133833,170.0,258.64,253.61
PTGC.2025.178.11.57.51,PTGC,2025.178.11.57.51,unlabelled,,,,,0,0,0.0,0.0,,,3.5269999504089355,-74.36799621582031,22.01,2.5,4.199,-72.133833,170.0,259.03,253.41
PTGC.2025.178.15.35.14,PTGC,2025.178.15.35.14,unlabelled,,,,,0,0,0.0,0.0,,,5.163000106811523,-74.55699920654297,0.0,1.6,4.199,-72.133833,170.0,289.21,291.72
PTGC.2025.178.18.58.58,PTGC,2025.178.18.58.58,unlabelled,,,,,0,0,0.0,0.0,,,3.3320000171661377,-74.74099731445312,24.18,1.7,4.199,-72.133833,170.0,305.06,251.77
PTGC.2025.178.19.19.34,PTGC,2025.178.19.19.34,unlabelled,,,,,0,0,0.0,0.0,,,4.460999965667725,-73.28399658203125,15.16,2.1,4.199,-72.133833,170.0,130.92,282.83
PTGC.2025.178.20.30.45,PTGC,2025.178.20.30.45,unlabelled,,,,,0,0,0.0,0.0,,,3.4739999771118164,-74.58200073242188,10.0,1.8,4.199,-72.133833,170.0,283.49,253.66
PTGC.2025.178.22.39.03,PTGC,2025.178.22.39.03,unlabelled,,,,,0,0,0.0,0.0,,,4.40500020980835,-73.28500366210938,12.7,1.7,4.199,-72.133833,170.0,129.8,280.15
PTGC.2025.179.01.45.15,PTGC,2025.179.01.45.15,unlabelled,,,,,0,0,0.0,0.0,,,4.514999866485596,-73.2020034790039,14.1,1.7,4.199,-72.133833,170.0,123.61,286.46
PTGC.2025.179.08.15.25,PTGC,2025.179.08.15.25,unlabelled,,,,,0,0,0.0,0.0,,,5.085000038146973,-74.72799682617188,25.12,1.6,4.199,-72.133833,170.0,304.05,288.9
PTGC.2025.179.09.04.52,PTGC,2025.179.09.04.52,unlabelled,,,,,0,0,0.0,0.0,,,6.4720001220703125,-72.7040023803711,4.0,1.6,4.199,-72.133833,170.0,259.18,345.91
PTGC.2025.179.09.55.54,PTGC,2025.179.09.55.54,unlabelled,,,,,0,0,0.0,0.0,,,4.242000102996826,-73.5770034790039,17.91,1.7,4.199,-72.133833,170.0,160.29,271.75
PTGC.2025.179.11.13.10,PTGC,2025.179.11.13.10,unlabelled,,,,,0,0,0.0,0.0,,,4.48799991607666,-73.25499725341797,9.65,1.9,4.199,-72.133833,170.0,128.49,284.44
PTGC.2025.179.12.23.40,PTGC,2025.179.12.23.40,unlabelled,,,,,0,0,0.0,0.0,,,4.343999862670898,-73.31700134277344,0.98,1.8,4.199,-72.133833,170.0,132.32,277.0
PTGC.2025.179.18.12.14,PTGC,2025.179.18.12.14,unlabelled,,,,,0,0,0.0,0.0,,,4.386000156402588,-73.29499816894531,15.45,2.4,4.199,-72.133833,170.0,130.55,279.16
PTGC.2025.180.05.39.14,PTGC,2025.180.05.39.14,unlabelled,,,,,0,0,0.0,0.0,,,4.502999782562256,-73.1760025024414,7.3,1.5,4.199,-72.133833,170.0,120.47,286.24
PTGC.2025.180.07.57.17,PTGC,2025.180.07.57.17,unlabelled,,,,,0,0,0.0,0.0,,,5.875999927520752,-72.59300231933594,10.17,1.6,4.199,-72.133833,170.0,192.31,344.67
PTGC.2025.180.22.35.10,PTGC,2025.180.22.35.10,unlabelled,,,,,0,0,0.0,0.0,,,4.396999835968018,-73.2760009765625,19.49,1.7,4.199,-72.133833,170.0,128.67,279.84
PTGC.2025.181.05.08.07,PTGC,2025.181.05.08.07,unlabelled,,,,,0,0,0.0,0.0,,,4.40500020980835,-73.25900268554688,19.26,1.7,4.199,-72.133833,170.0,126.96,280.38
PTGC.2025.181.10.56.56,PTGC,2025.181.10.56.56,unlabelled,,,,,0,0,0.0,0.0,,,5.553999900817871,-72.87100219726562,0.03,1.8,4.199,-72.133833,170.0,170.7,331.41
PTGC.2025.181.18.52.26,PTGC,2025.181.18.52.26,unlabelled,,,,,0,0,0.0,0.0,,,4.52400016784668,-73.3489990234375,13.87,1.9,4.199,-72.133833,170.0,139.59,284.97
PTGC.2025.181.21.11.27,PTGC,2025.181.21.11.27,unlabelled,,,,,0,0,0.0,0.0,,,6.484000205993652,-73.81099700927734,13.89,2.2,4.199,-72.133833,170.0,313.69,323.73
PTGC.2025.182.00.24.24,PTGC,2025.182.00.24.24,unlabelled,,,,,0,0,0.0,0.0,,,4.513999938964844,-73.26899719238281,13.05,1.8,4.199,-72.133833,170.0,130.73,285.5
PTGC.2025.182.10.10.37,PTGC,2025.182.10.10.37,unlabelled,,,,,0,0,0.0,0.0,,,6.186999797821045,-72.3740005493164,17.85,2.0,4.199,-72.133833,170.0,221.45,353.1
PTGC.2025.182.21.45.59,PTGC,2025.182.21.45.59,unlabelled,,,,,0,0,0.0,0.0,,,7.117000102996826,-72.23200225830078,17.15,2.0,4.199,-72.133833,170.0,322.87,358.07
PTGC.2025.183.08.01.35,PTGC,2025.183.08.01.35,unlabelled,,,,,0,0,0.0,0.0,,,4.460000038146973,-73.26100158691406,21.84,1.7,4.199,-72.133833,170.0,128.41,283.03
PTGC.2025.183.18.45.33,PTGC,2025.183.18.45.33,unlabelled,,,,,0,0,0.0,0.0,,,5.820000171661377,-74.08499908447266,0.03,1.8,4.199,-72.133833,170.0,280.98,309.72
PTGC.2025.184.08.02.13,PTGC,2025.184.08.02.13,unlabelled,,,,,0,0,0.0,0.0,,,4.831999778747559,-73.2979965209961,15.47,1.8,4.199,-72.133833,170.0,146.94,298.49
PTGC.2025.184.08.57.16,PTGC,2025.184.08.57.16,unlabelled,,,,,0,0,0.0,0.0,,,4.3520002365112305,-73.20099639892578,0.0,1.8,4.199,-72.133833,170.0,119.67,278.17
PTGC.2025.184.10.21.31,PTGC,2025.184.10.21.31,unlabelled,,,,,0,0,0.0,0.0,,,4.427999973297119,-73.25700378417969,19.73,2.1,4.199,-72.133833,170.0,127.22,281.52
PTGC.2025.185.00.12.33,PTGC,2025.185.00.12.33,unlabelled,,,,,0,0,0.0,0.0,,,4.421999931335449,-73.25700378417969,15.98,1.9,4.199,-72.133833,170.0,127.09,281.23
PTGC.2025.185.00.56.44,PTGC,2025.185.00.56.44,unlabelled,,,,,0,0,0.0,0.0,,,4.464000225067139,-73.19100189208984,18.79,2.1,4.199,-72.133833,170.0,120.95,284.06
PTGC.2025.185.01.05.42,PTGC,2025.185.01.05.42,unlabelled,,,,,0,0,0.0,0.0,,,4.449999809265137,-73.31900024414062,18.55,1.8,4.199,-72.133833,170.0,134.45,281.96
PTGC.2025.187.15.48.11,PTGC,2025.187.15.48.11,unlabelled,,,,,0,0,0.0,0.0,,,4.4770002365112305,-73.23799896240234,16.21,2.0,4.199,-72.133833,170.0,126.36,284.12
PTGC.2025.187.18.10.19,PTGC,2025.187.18.10.19,unlabelled,,,,,0,0,0.0,0.0,,,4.388000011444092,-75.11499786376953,22.77,1.8,4.199,-72.133833,170.0,331.6,273.72
PTGC.2025.187.18.26.20,PTGC,2025.187.18.26.20,unlabelled,,,,,0,0,0.0,0.0,,,6.230999946594238,-72.15699768066406,2.0,1.5,4.199,-72.133833,170.0,224.72,359.35
PTGC.2025.187.22.56.59,PTGC,2025.187.22.56.59,unlabelled,,,,,0,0,0.0,0.0,,,4.446000099182129,-73.25199890136719,13.11,1.8,4.199,-72.133833,170.0,127.09,282.45
PTGC.2025.188.11.06.39,PTGC,2025.188.11.06.39,unlabelled,,,,,0,0,0.0,0.0,,,4.423999786376953,-73.22200012207031,16.62,1.7,4.199,-72.133833,170.0,123.33,281.68
PTGC.2025.188.11.56.50,PTGC,2025.188.11.56.50,unlabelled,,,,,0,0,0.0,0.0,,,4.385000228881836,-73.31999969482422,0.0,1.8,4.199,-72.133833,170.0,133.27,278.92
PTGC.2025.188.13.03.27,PTGC,2025.188.13.03.27,unlabelled,,,,,0,0,0.0,0.0,,,5.248000144958496,-73.65599822998047,10.65,1.8,4.199,-72.133833,170.0,204.88,304.55
PTGC.2025.189.08.02.33,PTGC,2025.189.08.02.33,unlabelled,,,,,0,0,0.0,0.0,,,4.458000183105469,-73.21700286865234,15.27,1.7,4.199,-72.133833,170.0,123.6,283.44
PTGC.2025.189.09.27.51,PTGC,2025.189.09.27.51,unlabelled,,,,,0,0,0.0,0.0,,,6.676000118255615,-72.22200012207031,21.13,2.1,4.199,-72.133833,170.0,274.09,357.96
PTGC.2025.189.13.45.38,PTGC,2025.189.13.45.38,unlabelled,,,,,0,0,0.0,0.0,,,4.452000141143799,-73.25499725341797,18.32,2.0,4.199,-72.133833,170.0,127.56,282.71
PTGC.2025.190.09.06.44,PTGC,2025.190.09.06.44,unlabelled,,,,,0,0,0.0,0.0,,,5.177999973297119,-73.0739974975586,18.32,1.9,4.199,-72.133833,170.0,150.33,316.1
PTGC.2025.190.11.41.09,PTGC,2025.190.11.41.09,unlabelled,,,,,0,0,0.0,0.0,,,4.478000164031982,-73.58699798583984,31.62,3.1,4.199,-72.133833,170.0,164.23,280.88
PTGC.2025.190.12.02.33,PTGC,2025.190.12.02.33,unlabelled,,,,,0,0,0.0,0.0,,,4.464000225067139,-73.59600067138672,32.15,2.0,4.199,-72.133833,170.0,164.93,280.29
PTGC.2025.190.13.14.28,PTGC,2025.190.13.14.28,unlabelled,,,,,0,0,0.0,0.0,,,4.414000034332275,-73.36599731445312,17.62,1.7,4.199,-72.133833,170.0,138.83,279.91
PTGC.2025.190.14.16.37,PTGC,2025.190.14.16.37,unlabelled,,,,,0,0,0.0,0.0,,,4.427999973297119,-73.23400115966797,19.26,1.9,4.199,-72.133833,170.0,124.72,281.76
PTGC.2025.190.14.34.32,PTGC,2025.190.14.34.32,unlabelled,,,,,0,0,0.0,0.0,,,3.2639999389648438,-74.39800262451172,5.08,2.0,4.199,-72.133833,170.0,271.93,247.73
PTGC.2025.190.23.38.18,PTGC,2025.190.23.38.18,unlabelled,,,,,0,0,0.0,0.0,,,3.992000102996826,-73.9749984741211,29.34,1.5,4.199,-72.133833,170.0,205.72,263.68
PTGC.2025.191.00.01.38,PTGC,2025.191.00.01.38,unlabelled,,,,,0,0,0.0,0.0,,,4.908999919891357,-74.56999969482422,30.98,2.2,4.199,-72.133833,170.0,281.51,286.29
PTGC.2025.191.07.33.25,PTGC,2025.191.07.33.25,unlabelled,,,,,0,0,0.0,0.0,,,4.419000148773193,-73.26699829101562,14.63,1.8,4.199,-72.133833,170.0,128.12,280.99
PTGC.2025.191.08.01.10,PTGC,2025.191.08.01.10,unlabelled,,,,,0,0,0.0,0.0,,,4.461999893188477,-73.26399993896484,18.38,1.6,4.199,-72.133833,170.0,128.78,283.09
PTGC.2025.191.08.04.24,PTGC,2025.191.08.04.24,unlabelled,,,,,0,0,0.0,0.0,,,4.49399995803833,-73.28099822998047,14.57,1.7,4.199,-72.133833,170.0,131.45,284.41
PTGC.2025.191.08.06.17,PTGC,2025.191.08.06.17,unlabelled,,,,,0,0,0.0,0.0,,,4.486999988555908,-73.58699798583984,28.34,2.6,4.199,-72.133833,170.0,164.42,281.22
PTGC.2025.191.08.58.02,PTGC,2025.191.08.58.02,unlabelled,,,,,0,0,0.0,0.0,,,3.321000099182129,-73.63200378417969,13.16,2.0,4.199,-72.133833,170.0,192.67,239.79
PTGC.2025.191.13.56.35,PTGC,2025.191.13.56.35,unlabelled,,,,,0,0,0.0,0.0,,,6.085999965667725,-74.18599700927734,19.31,1.5,4.199,-72.133833,170.0,308.72,312.61
PTGC.2025.192.08.42.10,PTGC,2025.192.08.42.10,unlabelled,,,,,0,0,0.0,0.0,,,7.193999767303467,-72.23699951171875,15.86,1.5,4.199,-72.133833,170.0,331.4,358.03
PTGC.2025.192.11.41.12,PTGC,2025.192.11.41.12,unlabelled,,,,,0,0,0.0,0.0,,,6.2820000648498535,-74.14700317382812,13.55,2.3,4.199,-72.133833,170.0,320.72,315.99
PTGC.2025.192.12.10.54,PTGC,2025.192.12.10.54,unlabelled,,,,,0,0,0.0,0.0,,,3.4560000896453857,-74.7030029296875,35.49,3.1,4.199,-72.133833,170.0,296.96,254.03
PTGC.2025.193.03.37.56,PTGC,2025.193.03.37.56,unlabelled,,,,,0,0,0.0,0.0,,,4.5,-73.24400329589844,12.99,2.4,4.199,-72.133833,170.0,127.65,285.16
PTGC.2025.193.10.01.51,PTGC,2025.193.10.01.51,unlabelled,,,,,0,0,0.0,0.0,,,4.381999969482422,-73.36399841308594,16.04,1.8,4.199,-72.133833,170.0,138.05,278.47
PTGC.2025.193.11.19.49,PTGC,2025.193.11.19.49,unlabelled,,,,,0,0,0.0,0.0,,,4.432000160217285,-73.56400299072266,10.58,1.7,4.199,-72.133833,170.0,160.83,279.27
PTGC.2025.193.13.14.37,PTGC,2025.193.13.14.37,unlabelled,,,,,0,0,0.0,0.0,,,3.63100004196167,-74.4540023803711,29.75,2.8,4.199,-72.133833,170.0,265.22,256.38
PTGC.2025.194.15.44.05,PTGC,2025.194.15.44.05,unlabelled,,,,,0,0,0.0,0.0,,,4.2789998054504395,-73.91999816894531,7.6,1.7,4.199,-72.133833,170.0,198.49,272.62
PTGC.2025.195.01.51.18,PTGC,2025.195.01.51.18,unlabelled,,,,,0,0,0.0,0.0,,,4.421999931335449,-73.25199890136719,0.0,1.5,4.199,-72.133833,170.0,126.55,281.28
PTGC.2025.195.07.34.11,PTGC,2025.195.07.34.11,unlabelled,,,,,0,0,0.0,0.0,,,3.4630000591278076,-74.19100189208984,12.99,2.5,4.199,-72.133833,170.0,242.55,250.47
PTGC.2025.195.08.50.31,PTGC,2025.195.08.50.31,unlabelled,,,,,0,0,0.0,0.0,,,4.425000190734863,-73.22000122070312,0.0,1.8,4.199,-72.133833,170.0,123.13,281.75
PTGC.2025.195.22.13.32,PTGC,2025.195.22.13.32,unlabelled,,,,,0,0,0.0,0.0,,,6.376999855041504,-72.39199829101562,13.05,1.9,4.199,-72.133833,170.0,242.55,353.24
PTGC.2025.196.03.47.14,PTGC,2025.196.03.47.14,unlabelled,,,,,0,0,0.0,0.0,,,4.489999771118164,-73.21800231933594,0.0,1.7,4.199,-72.133833,170.0,124.57,285.01
PTGC.2025.196.08.33.19,PTGC,2025.196.08.33.19,unlabelled,,,,,0,0,0.0,0.0,,,4.763999938964844,-73.29499816894531,0.0,1.6,4.199,-72.133833,170.0,143.21,295.91
PTGC.2025.196.22.36.05,PTGC,2025.196.22.36.05,unlabelled,,,,,0,0,0.0,0.0,,,3.4719998836517334,-74.177001953125,11.52,1.9,4.199,-72.133833,170.0,240.76,250.56
PTGC.2025.196.23.59.40,PTGC,2025.196.23.59.40,unlabelled,,,,,0,0,0.0,0.0,,,3.489000082015991,-74.14900207519531,15.27,1.8,4.199,-72.133833,170.0,237.2,250.74
PTGC.2025.197.00.22.10,PTGC,2025.197.00.22.10,unlabelled,,,,,0,0,0.0,0.0,,,6.438000202178955,-73.51799774169922,0.0,1.8,4.199,-72.133833,170.0,291.27,328.28
PTGC.2025.197.02.14.37,PTGC,2025.197.02.14.37,unlabelled,,,,,0,0,0.0,0.0,,,3.299999952316284,-74.46900177001953,25.12,2.2,4.199,-72.133833,170.0,277.79,249.11
PTGC.2025.197.06.56.41,PTGC,2025.197.06.56.41,unlabelled,,,,,0,0,0.0,0.0,,,5.126999855041504,-73.06300354003906,10.12,1.6,4.199,-72.133833,170.0,145.46,314.9
PTGC.2025.197.10.14.17,PTGC,2025.197.10.14.17,unlabelled,,,,,0,0,0.0,0.0,,,3.5299999713897705,-74.22899627685547,8.16,1.5,4.199,-72.133833,170.0,244.18,252.44
PTGC.2025.198.01.46.53,PTGC,2025.198.01.46.53,unlabelled,,,,,0,0,0.0,0.0,,,3.493000030517578,-74.29399871826172,20.2,1.9,4.199,-72.133833,170.0,252.31,252.05
PTGC.2025.198.06.59.25,PTGC,2025.198.06.59.25,unlabelled,,,,,0,0,0.0,0.0,,,4.419000148773193,-73.36900329589844,17.03,1.7,4.199,-72.133833,170.0,139.25,280.11
PTGC.2025.198.10.25.03,PTGC,2025.198.10.25.03,unlabelled,,,,,0,0,0.0,0.0,,,4.401000022888184,-73.29499816894531,12.93,1.8,4.199,-72.133833,170.0,130.82,279.87
PTGC.2025.201.00.11.28,PTGC,2025.201.00.11.28,unlabelled,,,,,0,0,0.0,0.0,,,4.514999866485596,-73.25299835205078,14.1,1.7,4.199,-72.133833,170.0,129.05,285.75
PTGC.2025.201.01.34.25,PTGC,2025.201.01.34.25,unlabelled,,,,,0,0,0.0,0.0,,,4.502999782562256,-73.26300048828125,14.57,1.9,4.199,-72.133833,170.0,129.77,285.06
PTGC.2025.201.01.45.19,PTGC,2025.201.01.45.19,unlabelled,,,,,0,0,0.0,0.0,,,4.547999858856201,-73.3290023803711,16.33,1.7,4.199,-72.133833,170.0,138.16,286.27
PTGC.2025.201.02.19.44,PTGC,2025.201.02.19.44,unlabelled,,,,,0,0,0.0,0.0,,,4.369999885559082,-73.31700134277344,0.0,1.9,4.199,-72.133833,170.0,132.7,278.24
PTGC.2025.201.08.01.13,PTGC,2025.201.08.01.13,unlabelled,,,,,0,0,0.0,0.0,,,4.926000118255615,-73.09700012207031,12.46,2.2,4.199,-72.133833,170.0,133.74,306.99
PTGC.2025.201.18.17.41,PTGC,2025.201.18.17.41,unlabelled,,,,,0,0,0.0,0.0,,,4.513999938964844,-73.31600189208984,1.33,1.9,4.199,-72.133833,170.0,135.77,284.91
PTGC.2025.201.23.21.12,PTGC,2025.201.23.21.12,unlabelled,,,,,0,0,0.0,0.0,,,6.736999988555908,-72.27200317382812,18.67,1.9,4.199,-72.133833,170.0,281.08,356.88
PTGC.2025.201.23.27.51,PTGC,2025.201.23.27.51,unlabelled,,,,,0,0,0.0,0.0,,,4.423999786376953,-73.35299682617188,18.55,2.0,4.199,-72.133833,170.0,137.6,280.46
PTGC.2025.202.02.20.40,PTGC,2025.202.02.20.40,unlabelled,,,,,0,0,0.0,0.0,,,4.248000144958496,-73.76200103759766,12.64,2.0,4.199,-72.133833,170.0,180.84,271.78
PTGC.2025.202.06.54.05,PTGC,2025.202.06.54.05,unlabelled,,,,,0,0,0.0,0.0,,,3.4690001010894775,-74.1780014038086,11.7,2.0,4.199,-72.133833,170.0,240.97,250.5
PTGC.2025.202.08.17.55,PTGC,2025.202.08.17.55,unlabelled,,,,,0,0,0.0,0.0,,,4.461999893188477,-73.58599853515625,33.09,2.0,4.199,-72.133833,170.0,163.8,280.28
PTGC.2025.202.14.27.11,PTGC,2025.202.14.27.11,unlabelled,,,,,0,0,0.0,0.0,,,3.5959999561309814,-74.38099670410156,25.7,2.0,4.199,-72.133833,170.0,258.33,255.12
PTGC.2025.202.15.47.35,PTGC,2025.202.15.47.35,unlabelled,,,,,0,0,0.0,0.0,,,5.247000217437744,-74.80400085449219,21.43,3.0,4.199,-72.133833,170.0,318.1,291.47
PTGC.2025.202.18.49.22,PTGC,2025.202.18.49.22,unlabelled,,,,,0,0,0.0,0.0,,,3.88700008392334,-74.03700256347656,13.87,1.8,4.199,-72.133833,170.0,214.13,260.8
PTGC.2025.202.18.51.55,PTGC,2025.202.18.51.55,unlabelled,,,,,0,0,0.0,0.0,,,3.8929998874664307,-74.06300354003906,15.51,1.5,4.199,-72.133833,170.0,216.88,261.09
PTGC.2025.202.19.08.36,PTGC,2025.202.19.08.36,unlabelled,,,,,0,0,0.0,0.0,,,3.4670000076293945,-74.24299621582031,13.63,1.9,4.199,-72.133833,170.0,247.86,251.01
PTGC.2025.202.19.53.49,PTGC,2025.202.19.53.49,unlabelled,,,,,0,0,0.0,0.0,,,3.8970000743865967,-74.0479965209961,13.87,1.7,4.199,-72.133833,170.0,215.16,261.14
PTGC.2025.202.20.05.41,PTGC,2025.202.20.05.41,unlabelled,,,,,0,0,0.0,0.0,,,3.8910000324249268,-74.05000305175781,13.4,1.6,4.199,-72.133833,170.0,215.49,260.97
PTGC.2025.202.20.22.57,PTGC,2025.202.20.22.57,unlabelled,,,,,0,0,0.0,0.0,,,3.881999969482422,-74.0510025024414,16.04,2.3,4.199,-72.133833,170.0,215.76,260.72
PTGC.2025.202.20.23.53,PTGC,2025.202.20.23.53,unlabelled,,,,,0,0,0.0,0.0,,,4.583000183105469,-75.06099700927734,0.0,1.5,4.199,-72.133833,170.0,327.66,277.56
PTGC.2025.202.21.54.03,PTGC,2025.202.21.54.03,unlabelled,,,,,0,0,0.0,0.0,,,3.5450000762939453,-74.03900146484375,21.03,1.7,4.199,-72.133833,170.0,223.62,251.2
PTGC.2025.202.21.54.09,PTGC,2025.202.21.54.09,unlabelled,,,,,0,0,0.0,0.0,,,3.869999885559082,-74.03399658203125,2.74,1.8,4.199,-72.133833,170.0,214.12,260.29
PTGC.2025.202.22.07.57,PTGC,2025.202.22.07.57,unlabelled,,,,,0,0,0.0,0.0,,,3.88700008392334,-74.04100036621094,16.21,1.5,4.199,-72.133833,170.0,214.57,260.82
PTGC.2025.203.00.24.09,PTGC,2025.203.00.24.09,unlabelled,,,,,0,0,0.0,0.0,,,4.433000087738037,-73.30400085449219,11.99,1.8,4.199,-72.133833,170.0,132.45,281.31
PTGC.2025.203.04.29.22,PTGC,2025.203.04.29.22,unlabelled,,,,,0,0,0.0,0.0,,,3.9059998989105225,-74.06900024414062,11.99,2.8,4.199,-72.133833,170.0,217.32,261.49
PTGC.2025.203.06.47.22,PTGC,2025.203.06.47.22,unlabelled,,,,,0,0,0.0,0.0,,,4.414000034332275,-73.27100372314453,10.88,1.7,4.199,-72.133833,170.0,128.45,280.71
PTGC.2025.203.14.04.10,PTGC,2025.203.14.04.10,unlabelled,,,,,0,0,0.0,0.0,,,6.051000118255615,-74.23799896240234,0.0,1.6,4.199,-72.133833,170.0,310.43,311.37
PTGC.2025.203.19.10.51,PTGC,2025.203.19.10.51,unlabelled,,,,,0,0,0.0,0.0,,,4.419000148773193,-73.01799774169922,9.47,1.7,4.199,-72.133833,170.0,101.12,283.95
PTGC.2025.204.08.09.57,PTGC,2025.204.08.09.57,unlabelled,,,,,0,0,0.0,0.0,,,4.389999866485596,-73.33399963378906,10.82,1.6,4.199,-72.133833,170.0,134.89,279.05
PTGC.2025.204.08.11.44,PTGC,2025.204.08.11.44,unlabelled,,,,,0,0,0.0,0.0,,,3.882999897003174,-74.05500030517578,16.04,1.7,4.199,-72.133833,170.0,216.18,260.77
PTGC.2025.205.05.39.12,PTGC,2025.205.05.39.12,unlabelled,,,,,0,0,0.0,0.0,,,4.521999835968018,-73.12200164794922,10.88,1.7,4.199,-72.133833,170.0,115.35,288.07
PTGC.2025.205.07.33.25,PTGC,2025.205.07.33.25,unlabelled,,,,,0,0,0.0,0.0,,,3.869999885559082,-74.03500366210938,19.02,1.5,4.199,-72.133833,170.0,214.23,260.29
PTGC.2025.205.18.50.29,PTGC,2025.205.18.50.29,unlabelled,,,,,0,0,0.0,0.0,,,5.244999885559082,-74.88700103759766,22.07,1.7,4.199,-72.133833,170.0,326.61,290.85
PTGC.2025.206.08.07.38,PTGC,2025.206.08.07.38,unlabelled,,,,,0,0,0.0,0.0,,,6.244999885559082,-74.32599639892578,1.47,1.6,4.199,-72.133833,170.0,332.03,313.05
PTGC.2025.206.11.39.17,PTGC,2025.206.11.39.17,unlabelled,,,,,0,0,0.0,0.0,,,4.433000087738037,-73.2979965209961,9.18,1.8,4.199,-72.133833,170.0,131.79,281.37
PTGC.2025.207.00.46.36,PTGC,2025.207.00.46.36,unlabelled,,,,,0,0,0.0,0.0,,,4.497000217437744,-73.01599884033203,22.74,1.6,4.199,-72.133833,170.0,103.32,288.63
PTGC.2025.207.17.58.17,PTGC,2025.207.17.58.17,unlabelled,,,,,0,0,0.0,0.0,,,4.413000106811523,-73.40499877929688,1.04,1.8,4.199,-72.133833,170.0,143.08,279.57
PTGC.2025.207.18.37.42,PTGC,2025.207.18.37.42,unlabelled,,,,,0,0,0.0,0.0,-0.26,,4.986000061035156,-72.89099884033203,16.09,2.1,4.199,-72.133833,170.0,120.97,316.04
PTGC.2025.207.19.19.18,PTGC,2025.207.19.19.18,unlabelled,,,,,0,0,0.0,0.0,,,6.830999851226807,-72.19999694824219,15.98,2.0,4.199,-72.133833,170.0,291.15,358.56
PTGC.2025.207.21.09.15,PTGC,2025.207.21.09.15,unlabelled,,,,,0,0,0.0,0.0,,,3.2960000038146973,-74.45999908447266,26.76,2.0,4.199,-72.133833,170.0,277.02,248.95
PTGC.2025.208.02.17.02,PTGC,2025.208.02.17.02,unlabelled,,,,,0,0,0.0,0.0,,,5.803999900817871,-73.0989990234375,0.0,1.9,4.199,-72.133833,170.0,207.26,328.95
PTGC.2025.208.02.17.56,PTGC,2025.208.02.17.56,unlabelled,,,,,0,0,0.0,0.0,,,5.763000011444092,-73.16200256347656,13.05,1.8,4.199,-72.133833,170.0,207.16,326.65
PTGC.2025.208.08.08.57,PTGC,2025.208.08.08.57,unlabelled,,,,,0,0,0.0,0.0,,,4.458000183105469,-73.23600006103516,14.8,1.6,4.199,-72.133833,170.0,125.65,283.22
PTGC.2025.208.12.13.23,PTGC,2025.208.12.13.23,unlabelled,,,,,0,0,0.0,0.0,,,5.644999980926514,-74.322998046875,22.42,1.8,4.199,-72.133833,170.0,290.72,303.46
PTGC.2025.208.14.52.17,PTGC,2025.208.14.52.17,unlabelled,,,,,0,0,0.0,0.0,,,3.8910000324249268,-74.05799865722656,12.99,2.3,4.199,-72.133833,170.0,216.36,261.01
PTGC.2025.209.10.31.24,PTGC,2025.209.10.31.24,unlabelled,,,,,0,0,0.0,0.0,,,5.75,-73.12000274658203,13.05,2.0,4.199,-72.133833,170.0,203.42,327.52
PTGC.2025.209.11.43.59,PTGC,2025.209.11.43.59,unlabelled,,,,,0,0,0.0,0.0,,,6.910999774932861,-72.125,19.26,1.7,4.199,-72.133833,170.0,299.91,0.19
PTGC.2025.209.16.28.09,PTGC,2025.209.16.28.09,unlabelled,,,,,0,0,0.0,0.0,,,4.328999996185303,-73.83899688720703,2.62,1.6,4.199,-72.133833,170.0,189.84,274.41
PTGC.2025.210.03.38.49,PTGC,2025.210.03.38.49,unlabelled,,,,,0,0,0.0,0.0,,,5.447000026702881,-72.87200164794922,7.14,1.7,4.199,-72.133833,170.0,160.47,329.35
PTGC.2025.210.17.42.21,PTGC,2025.210.17.42.21,unlabelled,,,,,0,0,0.0,0.0,,,4.48799991607666,-73.21700286865234,13.4,1.8,4.199,-72.133833,170.0,124.41,284.93
PTGC.2025.210.21.01.16,PTGC,2025.210.21.01.16,unlabelled,,,,,0,0,0.0,0.0,,,4.409999847412109,-73.31999969482422,0.0,1.7,4.199,-72.133833,170.0,133.72,280.09
PTGC.2025.211.06.35.09,PTGC,2025.211.06.35.09,unlabelled,,,,,0,0,0.0,0.0,,,4.498000144958496,-73.24600219726562,12.93,1.5,4.199,-72.133833,170.0,127.8,285.04
PTGC.2025.211.06.44.58,PTGC,2025.211.06.44.58,unlabelled,,,,,0,0,0.0,0.0,,,4.511000156402588,-72.91100311279297,9.3,1.5,4.199,-72.133833,170.0,92.91,291.83
PTGC.2025.211.06.46.44,PTGC,2025.211.06.46.44,unlabelled,,,,,0,0,0.0,0.0,,,4.4720001220703125,-73.23500061035156,0.0,1.5,4.199,-72.133833,170.0,125.91,283.91
PTGC.2025.211.08.45.56,PTGC,2025.211.08.45.56,unlabelled,,,,,0,0,0.0,0.0,,,6.538000106811523,-72.64900207519531,15.86,2.2,4.199,-72.133833,170.0,264.88,347.57
PTGC.2025.211.15.17.53,PTGC,2025.211.15.17.53,unlabelled,,,,,0,0,0.0,0.0,,,4.489999771118164,-73.29100036621094,13.16,2.4,4.199,-72.133833,170.0,132.42,284.11
PTGC.2025.211.22.09.10,PTGC,2025.211.22.09.10,unlabelled,,,,,0,0,0.0,0.0,,,4.447000026702881,-73.28299713134766,16.21,1.9,4.199,-72.133833,170.0,130.48,282.18
PTGC.2025.212.00.07.53,PTGC,2025.212.00.07.53,unlabelled,,,,,0,0,0.0,0.0,,,4.433000087738037,-73.31500244140625,0.98,1.8,4.199,-72.133833,170.0,133.65,281.21
PTGC.2025.212.01.44.51,PTGC,2025.212.01.44.51,unlabelled,,,,,0,0,0.0,0.0,,,4.38700008392334,-72.95600128173828,9.68,1.7,4.199,-72.133833,170.0,93.61,282.86
PTGC.2025.212.02.34.02,PTGC,2025.212.02.34.02,unlabelled,,,,,0,0,0.0,0.0,,,4.400000095367432,-73.37100219726562,12.11,1.7,4.199,-72.133833,170.0,139.12,279.24
PTGC.2025.212.03.29.28,PTGC,2025.212.03.29.28,unlabelled,,,,,0,0,0.0,0.0,,,3.6029999256134033,-74.42900085449219,35.2,1.9,4.199,-72.133833,170.0,263.29,255.58
PTGC.2025.212.04.52.20,PTGC,2025.212.04.52.20,unlabelled,,,,,0,0,0.0,0.0,,,4.431000232696533,-73.30000305175781,10.82,1.8,4.199,-72.133833,170.0,131.97,281.25
PTGC.2025.212.06.59.40,PTGC,2025.212.06.59.40,unlabelled,,,,,0,0,0.0,0.0,,,4.380000114440918,-73.34200286865234,15.74,1.6,4.199,-72.133833,170.0,135.6,278.53
PTGC.2025.212.08.09.49,PTGC,2025.212.08.09.49,unlabelled,,,,,0,0,0.0,0.0,,,4.392000198364258,-73.34700012207031,17.68,1.6,4.199,-72.133833,170.0,136.35,279.05
PTGC.2025.212.19.26.00,PTGC,2025.212.19.26.00,unlabelled,,,,,0,0,0.0,0.0,,,4.406000137329102,-73.37300109863281,13.69,2.0,4.199,-72.133833,170.0,139.45,279.49
PTGC.2025.212.19.58.57,PTGC,2025.212.19.58.57,unlabelled,,,,,0,0,0.0,0.0,,,4.39900016784668,-73.39399719238281,3.32,1.6,4.199,-72.133833,170.0,141.63,279.03
PTGC.2025.213.01.52.45,PTGC,2025.213.01.52.45,unlabelled,,,,,0,0,0.0,0.0,,,4.392000198364258,-73.35700225830078,16.04,2.1,4.199,-72.133833,170.0,137.45,278.98
PTGC.2025.213.11.09.37,PTGC,2025.213.11.09.37,unlabelled,,,,,0,0,0.0,0.0,,,4.458000183105469,-73.29499816894531,15.51,2.1,4.199,-72.133833,170.0,132.04,282.57
PTGC.2025.214.00.57.45,PTGC,2025.214.00.57.45,unlabelled,,,,,0,0,0.0,0.0,,,4.921999931335449,-74.7979965209961,21.54,2.1,4.199,-72.133833,170.0,306.26,285.24
PTGC.2025.214.01.30.45,PTGC,2025.214.01.30.45,unlabelled,,,,,0,0,0.0,0.0,,,4.440999984741211,-73.30999755859375,9.65,1.7,4.199,-72.133833,170.0,133.27,281.63
PTGC.2025.214.02.27.56,PTGC,2025.214.02.27.56,unlabelled,,,,,0,0,0.0,0.0,-3.93,,3.74399995803833,-74.01000213623047,11.7,2.1,4.199,-72.133833,170.0,214.34,256.49
PTGC.2025.214.09.36.23,PTGC,2025.214.09.36.23,unlabelled,,,,,0,0,0.0,0.0,,,4.500999927520752,-73.27300262451172,11.64,1.8,4.199,-72.133833,170.0,130.78,284.84
PTGC.2025.214.12.03.59,PTGC,2025.214.12.03.59,unlabelled,,,,,0,0,0.0,0.0,,,4.790999889373779,-74.60700225830078,35.96,2.8,4.199,-72.133833,170.0,282.17,283.51
PTGC.2025.215.10.11.00,PTGC,2025.215.10.11.00,unlabelled,,,,,0,0,0.0,0.0,,,5.368000030517578,-72.71700286865234,20.66,1.8,4.199,-72.133833,170.0,144.55,333.44
PTGC.2025.215.22.55.34,PTGC,2025.215.22.55.34,unlabelled,,,,,0,0,0.0,0.0,,,5.566999912261963,-72.88800048828125,12.46,1.8,4.199,-72.133833,170.0,172.86,331.09
PTGC.2025.218.02.06.04,PTGC,2025.218.02.06.04,unlabelled,,,,,0,0,0.0,0.0,,,4.511000156402588,-73.28500366210938,11.52,1.6,4.199,-72.133833,170.0,132.36,285.15
PTGC.2025.218.07.40.34,PTGC,2025.218.07.40.34,unlabelled,,,,,0,0,0.0,0.0,,,6.247000217437744,-71.98400115966797,0.0,1.9,4.199,-72.133833,170.0,227.08,4.19
PTGC.2025.219.03.28.04,PTGC,2025.219.03.28.04,unlabelled,,,,,0,0,0.0,0.0,,,4.427999973297119,-73.27799987792969,8.95,1.6,4.199,-72.133833,170.0,129.51,281.32
PTGC.2025.220.00.53.15,PTGC,2025.220.00.53.15,unlabelled,,,,,0,0,0.0,0.0,,,5.645999908447266,-72.71900177001953,9.88,1.8,4.199,-72.133833,170.0,172.67,337.95
PTGC.2025.220.11.03.57,PTGC,2025.220.11.03.57,unlabelled,,,,,0,0,0.0,0.0,,,4.427999973297119,-73.33899688720703,13.11,1.8,4.199,-72.133833,170.0,136.16,280.76
PTGC.2025.220.17.46.20,PTGC,2025.220.17.46.20,unlabelled,,,,,0,0,0.0,0.0,,,4.763000011444092,-74.68299865722656,22.36,2.4,4.199,-72.133833,170.0,289.7,282.53
PTGC.2025.222.06.00.42,PTGC,2025.222.06.00.42,unlabelled,,,,,0,0,0.0,0.0,,,4.630000114440918,-73.27400207519531,11.05,1.8,4.199,-72.133833,170.0,135.23,290.68
PTGC.2025.222.06.56.55,PTGC,2025.222.06.56.55,unlabelled,,,,,0,0,0.0,0.0,,,4.482999801635742,-73.30699920654297,16.27,2.6,4.199,-72.133833,170.0,133.96,283.6
PTGC.2025.222.11.31.17,PTGC,2025.222.11.31.17,unlabelled,,,,,0,0,0.0,0.0,,,4.436999797821045,-73.23100280761719,23.48,1.5,4.199,-72.133833,170.0,124.6,282.23
PTGC.2025.222.18.55.15,PTGC,2025.222.18.55.15,unlabelled,,,,,0,0,0.0,0.0,,,3.3910000324249268,-74.46199798583984,25.82,3.9,4.199,-72.133833,170.0,273.6,251.02
PTGC.2025.223.01.44.12,PTGC,2025.223.01.44.12,unlabelled,,,,,0,0,0.0,0.0,,,5.585999965667725,-72.86000061035156,12.93,2.0,4.199,-72.133833,170.0,173.24,332.32
PTGC.2025.223.02.24.24,PTGC,2025.223.02.24.24,unlabelled,,,,,0,0,0.0,0.0,,,5.59499979019165,-72.87300109863281,12.99,2.9,4.199,-72.133833,170.0,174.79,332.06
PTGC.2025.224.09.12.49,PTGC,2025.224.09.12.49,unlabelled,,,,,0,0,0.0,0.0,,,4.13700008392334,-73.8290023803711,11.58,1.5,4.199,-72.133833,170.0,188.33,267.98
PTGC.2025.225.13.59.27,PTGC,2025.225.13.59.27,unlabelled,,,,,0,0,0.0,0.0,,,5.598999977111816,-72.86699676513672,13.16,2.0,4.199,-72.133833,170.0,174.87,332.32
PTGC.2025.227.03.21.57,PTGC,2025.227.03.21.57,unlabelled,,,,,0,0,0.0,0.0,,,5.216000080108643,-74.52999877929688,30.98,1.7,4.199,-72.133833,170.0,288.65,293.03
PTGC.2025.227.09.20.04,PTGC,2025.227.09.20.04,unlabelled,,,,,0,0,0.0,0.0,,,3.50600004196167,-74.53600311279297,22.13,1.9,4.199,-72.133833,170.0,277.59,254.06
PTGC.2025.227.11.36.54,PTGC,2025.227.11.36.54,unlabelled,,,,,0,0,0.0,0.0,,,4.426000118255615,-73.30999755859375,12.93,2.4,4.199,-72.133833,170.0,132.95,280.93
PTGC.2025.228.08.40.00,PTGC,2025.228.08.40.00,unlabelled,,,,,0,0,0.0,0.0,,,4.497000217437744,-73.27300262451172,0.0,1.8,4.199,-72.133833,170.0,130.67,284.65
PTGC.2025.228.10.00.59,PTGC,2025.228.10.00.59,unlabelled,,,,,0,0,0.0,0.0,,,4.554999828338623,-73.25700378417969,14.57,1.7,4.199,-72.133833,170.0,130.74,287.57
PTGC.2025.229.09.11.52,PTGC,2025.229.09.11.52,unlabelled,,,,,0,0,0.0,0.0,,,5.75600004196167,-72.51799774169922,9.88,1.7,4.199,-72.133833,170.0,177.37,346.12
PTGC.2025.229.10.16.34,PTGC,2025.229.10.16.34,unlabelled,,,,,0,0,0.0,0.0,,,4.5279998779296875,-73.28900146484375,7.54,1.5,4.199,-72.133833,170.0,133.28,285.88
PTGC.2025.230.01.00.39,PTGC,2025.230.01.00.39,unlabelled,,,,,0,0,0.0,0.0,,,4.474999904632568,-73.25700378417969,16.91,2.1,4.199,-72.133833,170.0,128.36,283.8
PTGC.2025.230.08.02.11,PTGC,2025.230.08.02.11,unlabelled,,,,,0,0,0.0,0.0,,,4.543000221252441,-73.2490005493164,14.57,1.8,4.199,-72.133833,170.0,129.49,287.12
PTGC.2025.230.10.15.54,PTGC,2025.230.10.15.54,unlabelled,,,,,0,0,0.0,0.0,,,6.747000217437744,-72.95700073242188,11.0,2.8,4.199,-72.133833,170.0,296.16,342.1
PTGC.2025.230.14.31.53,PTGC,2025.230.14.31.53,unlabelled,,,,,0,0,0.0,0.0,,,4.538000106811523,-73.24600219726562,15.98,2.0,4.199,-72.133833,170.0,129.01,286.93
PTGC.2025.230.21.32.54,PTGC,2025.230.21.32.54,unlabelled,,,,,0,0,0.0,0.0,,,7.02400016784668,-72.21600341796875,4.61,1.8,4.199,-72.133833,170.0,312.54,358.33
PTGC.2025.231.03.12.27,PTGC,2025.231.03.12.27,unlabelled,,,,,0,0,0.0,0.0,,,4.540999889373779,-73.20600128173828,11.52,1.8,4.199,-72.133833,170.0,124.87,287.67
PTGC.2025.231.14.56.51,PTGC,2025.231.14.56.51,unlabelled,,,,,0,0,0.0,0.0,-2.03,,5.539999961853027,-72.58000183105469,12.93,2.3,4.199,-72.133833,170.0,156.33,341.56
PTGC.2025.231.16.13.04,PTGC,2025.231.16.13.04,unlabelled,,,,,0,0,0.0,0.0,,,4.474999904632568,-73.28700256347656,17.62,1.7,4.199,-72.133833,170.0,131.59,283.45
PTGC.2025.232.03.28.28,PTGC,2025.232.03.28.28,unlabelled,,,,,0,0,0.0,0.0,,,4.456999778747559,-73.25900268554688,0.0,1.5,4.199,-72.133833,170.0,128.12,282.91
PTGC.2025.232.06.02.00,PTGC,2025.232.06.02.00,unlabelled,,,,,0,0,0.0,0.0,,,6.064000129699707,-74.22899627685547,13.24,1.6,4.199,-72.133833,170.0,310.64,311.69
PTGC.2025.232.09.54.23,PTGC,2025.232.09.54.23,unlabelled,,,,,0,0,0.0,0.0,,,5.571000099182129,-72.76399993896484,12.93,2.2,4.199,-72.133833,170.0,167.04,335.29
PTGC.2025.232.23.29.26,PTGC,2025.232.23.29.26,unlabelled,,,,,0,0,0.0,0.0,,,4.511000156402588,-73.27100372314453,0.0,1.9,4.199,-72.133833,170.0,130.86,285.33
PTGC.2025.233.02.05.16,PTGC,2025.233.02.05.16,unlabelled,,,,,0,0,0.0,0.0,,,4.415999889373779,-73.27799987792969,12.46,2.0,4.199,-72.133833,170.0,129.26,280.74
PTGC.2025.233.02.52.48,PTGC,2025.233.02.52.48,unlabelled,,,,,0,0,0.0,0.0,,,3.5239999294281006,-74.48699951171875,21.95,1.8,4.199,-72.133833,170.0,271.81,254.14
PTGC.2025.233.03.03.02,PTGC,2025.233.03.03.02,unlabelled,,,,,0,0,0.0,0.0,,,4.639999866485596,-74.94100189208984,24.94,2.3,4.199,-72.133833,170.0,315.36,279.0
PTGC.2025.233.06.28.39,PTGC,2025.233.06.28.39,unlabelled,,,,,0,0,0.0,0.0,,,4.379000186920166,-73.75299835205078,10.18,1.7,4.199,-72.133833,170.0,180.84,276.38
PTGC.2025.233.11.03.11,PTGC,2025.233.11.03.11,unlabelled,,,,,0,0,0.0,0.0,,,3.496999979019165,-74.20500183105469,9.88,1.6,4.199,-72.133833,170.0,242.79,251.43
PTGC.2025.234.01.49.33,PTGC,2025.234.01.49.33,unlabelled,,,,,0,0,0.0,0.0,,,3.494999885559082,-74.19000244140625,15.98,1.7,4.199,-72.133833,170.0,241.28,251.25
PTGC.2025.234.02.23.49,PTGC,2025.234.02.23.49,unlabelled,,,,,0,0,0.0,0.0,,,3.321000099182129,-74.46900177001953,25.12,1.5,4.199,-72.133833,170.0,276.97,249.56
PTGC.2025.234.02.54.47,PTGC,2025.234.02.54.47,unlabelled,,,,,0,0,0.0,0.0,,,4.545000076293945,-73.28900146484375,15.98,3.1,4.199,-72.133833,170.0,133.81,286.66
PTGC.2025.234.04.16.18,PTGC,2025.234.04.16.18,unlabelled,,,,,0,0,0.0,0.0,,,4.565999984741211,-73.21399688720703,14.34,2.2,4.199,-72.133833,170.0,126.58,288.74
PTGC.2025.234.20.26.35,PTGC,2025.234.20.26.35,unlabelled,,,,,0,0,0.0,0.0,,,4.414999961853027,-73.45899963378906,14.04,2.2,4.199,-72.133833,170.0,149.03,279.27
PTGC.2025.235.04.59.26,PTGC,2025.235.04.59.26,unlabelled,,,,,0,0,0.0,0.0,,,7.172999858856201,-72.25299835205078,5.29,1.7,4.199,-72.133833,170.0,329.15,357.71
PTGC.2025.235.05.05.08,PTGC,2025.235.05.05.08,unlabelled,,,,,0,0,0.0,0.0,,,4.540999889373779,-73.22699737548828,12.93,1.5,4.199,-72.133833,170.0,127.1,287.35
PTGC.2025.235.10.51.00,PTGC,2025.235.10.51.00,unlabelled,,,,,0,0,0.0,0.0,,,5.0929999351501465,-73.11199951171875,15.68,2.7,4.199,-72.133833,170.0,146.81,312.37
PTGC.2025.235.16.40.58,PTGC,2025.235.16.40.58,unlabelled,,,,,0,0,0.0,0.0,,,5.052999973297119,-73.09700012207031,15.98,2.5,4.199,-72.133833,170.0,142.62,311.5
PTGC.2025.236.02.32.12,PTGC,2025.236.02.32.12,unlabelled,,,,,0,0,0.0,0.0,,,3.496999979019165,-74.20500183105469,9.88,1.6,4.199,-72.133833,170.0,242.79,251.43
PTGC.2025.236.07.36.01,PTGC,2025.236.07.36.01,unlabelled,,,,,0,0,0.0,0.0,,,4.480999946594238,-73.26300048828125,7.54,1.7,4.199,-72.133833,170.0,129.16,284.01
PTGC.2025.236.17.31.11,PTGC,2025.236.17.31.11,unlabelled,,,,,0,0,0.0,0.0,,,5.125,-74.74099731445312,18.09,2.0,4.199,-72.133833,170.0,306.86,289.6
PTGC.2025.237.05.08.28,PTGC,2025.237.05.08.28,unlabelled,,,,,0,0,0.0,0.0,,,4.455999851226807,-73.27200317382812,17.62,1.7,4.199,-72.133833,170.0,129.5,282.72
PTGC.2025.237.09.51.49,PTGC,2025.237.09.51.49,unlabelled,,,,,0,0,0.0,0.0,,,3.506999969482422,-74.17500305175781,3.97,1.5,4.199,-72.133833,170.0,239.28,251.42
PTGC.2025.237.13.07.34,PTGC,2025.237.13.07.34,unlabelled,,,,,0,0,0.0,0.0,,,4.440999984741211,-73.32099914550781,10.12,1.7,4.199,-72.133833,170.0,134.47,281.52
PTGC.2025.237.13.43.38,PTGC,2025.237.13.43.38,unlabelled,,,,,0,0,0.0,0.0,-0.73,,4.375,-73.27799987792969,0.0,2.3,4.199,-72.133833,170.0,128.5,278.75
PTGC.2025.238.18.12.15,PTGC,2025.238.18.12.15,unlabelled,,,,,0,0,0.0,0.0,,,7.067999839782715,-72.15699768066406,18.32,3.2,4.199,-72.133833,170.0,317.28,359.54
PTGC.2025.238.20.03.36,PTGC,2025.238.20.03.36,unlabelled,,,,,0,0,0.0,0.0,,,3.811000108718872,-73.67400360107422,13.05,1.9,4.199,-72.133833,170.0,176.33,255.97
PTGC.2025.239.08.37.18,PTGC,2025.239.08.37.18,unlabelled,,,,,0,0,0.0,0.0,,,4.485000133514404,-73.29399871826172,21.02,2.1,4.199,-72.133833,170.0,132.61,283.84
PTGC.2025.239.09.35.45,PTGC,2025.239.09.35.45,unlabelled,,,,,0,0,0.0,0.0,,,4.377999782562256,-73.18399810791016,0.0,2.3,4.199,-72.133833,170.0,118.25,279.68
PTGC.2025.239.15.03.33,PTGC,2025.239.15.03.33,unlabelled,,,,,0,0,0.0,0.0,,,4.36299991607666,-73.35199737548828,27.29,1.8,4.199,-72.133833,170.0,136.44,277.68
PTGC.2025.239.18.51.19,PTGC,2025.239.18.51.19,unlabelled,,,,,0,0,0.0,0.0,,,4.586999893188477,-73.48500061035156,18.79,2.2,4.199,-72.133833,170.0,155.99,286.02
PTGC.2025.240.00.02.11,PTGC,2025.240.00.02.11,unlabelled,,,,,0,0,0.0,0.0,,,4.4029998779296875,-75.00399780273438,5.0,1.7,4.199,-72.133833,170.0,319.41,274.16
PTGC.2025.240.00.18.04,PTGC,2025.240.00.18.04,unlabelled,,,,,0,0,0.0,0.0,,,6.039000034332275,-72.93099975585938,15.98,2.4,4.199,-72.133833,170.0,221.84,336.55
PTGC.2025.240.01.29.45,PTGC,2025.240.01.29.45,unlabelled,,,,,0,0,0.0,0.0,,,3.4609999656677246,-74.22000122070312,9.88,1.7,4.199,-72.133833,170.0,245.67,250.67
PTGC.2025.240.13.15.22,PTGC,2025.240.13.15.22,unlabelled,,,,,0,0,0.0,0.0,,,4.379000186920166,-73.33699798583984,6.02,1.6,4.199,-72.133833,170.0,135.04,278.52
PTGC.2025.240.22.22.23,PTGC,2025.240.22.22.23,unlabelled,,,,,0,0,0.0,0.0,,,5.419000148773193,-74.78500366210938,12.93,1.6,4.199,-72.133833,170.0,323.56,294.75
PTGC.2025.241.01.17.11,PTGC,2025.241.01.17.11,unlabelled,,,,,0,0,0.0,0.0,,,4.389999866485596,-73.38999938964844,0.92,1.6,4.199,-72.133833,170.0,141.04,278.66
PTGC.2025.241.03.22.02,PTGC,2025.241.03.22.02,unlabelled,,,,,0,0,0.0,0.0,,,5.732999801635742,-72.73500061035156,16.33,1.6,4.199,-72.133833,170.0,182.26,338.57
PTGC.2025.241.05.00.28,PTGC,2025.241.05.00.28,unlabelled,,,,,0,0,0.0,0.0,,,3.319000005722046,-74.33499908447266,19.96,2.3,4.199,-72.133833,170.0,263.16,248.37
PTGC.2025.241.10.18.33,PTGC,2025.241.10.18.33,unlabelled,,,,,0,0,0.0,0.0,,,4.320000171661377,-75.01200103759766,41.29,1.8,4.199,-72.133833,170.0,319.8,272.5
PTGC.2025.241.14.58.25,PTGC,2025.241.14.58.25,unlabelled,,,,,0,0,0.0,0.0,,,6.658999919891357,-72.07599639892578,29.8,3.4,4.199,-72.133833,170.0,272.11,1.35
PTGC.2025.241.16.05.05,PTGC,2025.241.16.05.05,unlabelled,,,,,0,0,0.0,0.0,,,6.697000026702881,-72.0989990234375,0.0,2.2,4.199,-72.133833,170.0,276.27,0.8
PTGC.2025.241.18.48.00,PTGC,2025.241.18.48.00,unlabelled,,,,,0,0,0.0,0.0,,,4.64900016784668,-74.61000061035156,36.37,1.8,4.199,-72.133833,170.0,279.3,280.36
PTGC.2025.241.23.35.06,PTGC,2025.241.23.35.06,unlabelled,,,,,0,0,0.0,0.0,,,4.505000114440918,-73.2229995727539,16.91,1.6,4.199,-72.133833,170.0,125.54,285.68
PTGC.2025.242.01.40.21,PTGC,2025.242.01.40.21,unlabelled,,,,,0,0,0.0,0.0,,,3.561000108718872,-74.55599975585938,29.8,2.0,4.199,-72.133833,170.0,278.12,255.39
PTGC.2025.242.03.29.58,PTGC,2025.242.03.29.58,unlabelled,,,,,0,0,0.0,0.0,,,4.507999897003174,-73.30599975585938,12.99,1.8,4.199,-72.133833,170.0,134.52,284.76
PTGC.2025.242.06.21.35,PTGC,2025.242.06.21.35,unlabelled,,,,,0,0,0.0,0.0,,,4.513000011444092,-73.2750015258789,4.9,1.8,4.199,-72.133833,170.0,131.34,285.37
PTGC.2025.243.00.47.40,PTGC,2025.243.00.47.40,unlabelled,,,,,0,0,0.0,0.0,,,4.505000114440918,-73.53399658203125,8.3,2.3,4.199,-72.133833,170.0,159.06,282.34
PTGC.2025.243.06.30.17,PTGC,2025.243.06.30.17,unlabelled,,,,,0,0,0.0,0.0,,,4.171999931335449,-73.76200103759766,9.0,2.3,4.199,-72.133833,170.0,180.79,269.11
PTGC.2025.243.08.40.59,PTGC,2025.243.08.40.59,unlabelled,,,,,0,0,0.0,0.0,,,4.418000221252441,-73.302001953125,15.98,1.6,4.199,-72.133833,170.0,131.92,280.62
PTGC.2025.244.02.06.10,PTGC,2025.244.02.06.10,unlabelled,,,,,0,0,0.0,0.0,-0.31,,4.446000099182129,-73.36399841308594,13.11,2.0,4.199,-72.133833,170.0,139.26,281.36
PTGC.2025.244.03.43.50,PTGC,2025.244.03.43.50,unlabelled,,,,,0,0,0.0,0.0,,,4.486000061035156,-73.1969985961914,13.87,1.6,4.199,-72.133833,170.0,122.21,285.09
PTGC.2025.244.13.55.25,PTGC,2025.244.13.55.25,unlabelled,,,,,0,0,0.0,0.0,,,4.396999835968018,-73.30799865722656,15.74,1.6,4.199,-72.133833,170.0,132.17,279.58
PTGC.2025.245.05.41.24,PTGC,2025.245.05.41.24,unlabelled,,,,,0,0,0.0,0.0,,,4.415999889373779,-73.30799865722656,12.93,1.6,4.199,-72.133833,170.0,132.53,280.48
PTGC.2025.245.07.48.56,PTGC,2025.245.07.48.56,unlabelled,,,,,0,0,0.0,0.0,,,4.50600004196167,-73.5260009765625,8.77,2.5,4.199,-72.133833,170.0,158.22,282.44
PTGC.2025.245.19.55.42,PTGC,2025.245.19.55.42,unlabelled,,,,,0,0,0.0,0.0,,,4.461999893188477,-73.28900146484375,14.34,1.6,4.199,-72.133833,170.0,131.48,282.82
PTGC.2025.246.04.42.36,PTGC,2025.246.04.42.36,unlabelled,,,,,0,0,0.0,0.0,,,4.172999858856201,-73.75299835205078,11.93,1.9,4.199,-72.133833,170.0,179.79,269.14
PTGC.2025.246.06.24.52,PTGC,2025.246.06.24.52,unlabelled,,,,,0,0,0.0,0.0,,,4.482999801635742,-73.2509994506836,14.1,1.9,4.199,-72.133833,170.0,127.92,284.25
PTGC.2025.246.18.09.12,PTGC,2025.246.18.09.12,unlabelled,,,,,0,0,0.0,0.0,,,4.008999824523926,-74.06700134277344,15.98,1.7,4.199,-72.133833,170.0,215.68,264.48
PTGC.2025.247.00.00.28,PTGC,2025.247.00.00.28,unlabelled,,,,,0,0,0.0,0.0,,,4.8480000495910645,-74.83000183105469,22.54,2.0,4.199,-72.133833,170.0,307.69,283.59
PTGC.2025.250.02.20.58,PTGC,2025.250.02.20.58,unlabelled,,,,,0,0,0.0,0.0,,,6.046000003814697,-74.25499725341797,1.86,1.6,4.199,-72.133833,170.0,311.49,311.06
PTGC.2025.251.02.38.04,PTGC,2025.251.02.38.04,unlabelled,,,,,0,0,0.0,0.0,,,4.441999912261963,-73.28199768066406,19.14,2.0,4.199,-72.133833,170.0,130.25,281.95
PTGC.2025.251.03.22.36,PTGC,2025.251.03.22.36,unlabelled,,,,,0,0,0.0,0.0,,,7.104000091552734,-72.30899810791016,16.91,2.1,4.199,-72.133833,170.0,321.84,356.55
PTGC.2025.251.14.42.30,PTGC,2025.251.14.42.30,unlabelled,,,,,0,0,0.0,0.0,,,4.396999835968018,-73.76000213623047,3.5,1.6,4.199,-72.133833,170.0,181.84,276.98
PTGC.2025.251.22.24.12,PTGC,2025.251.22.24.12,unlabelled,,,,,0,0,0.0,0.0,,,6.330999851226807,-73.52899932861328,0.0,1.8,4.199,-72.133833,170.0,281.96,326.8
PTGC.2025.251.23.40.58,PTGC,2025.251.23.40.58,unlabelled,,,,,0,0,0.0,0.0,,,4.502999782562256,-73.2760009765625,17.38,1.7,4.199,-72.133833,170.0,131.16,284.89
PTGC.2025.252.02.40.18,PTGC,2025.252.02.40.18,unlabelled,,,,,0,0,0.0,0.0,,,4.526000022888184,-73.26100158691406,11.93,2.0,4.199,-72.133833,170.0,130.24,286.16
PTGC.2025.253.00.16.47,PTGC,2025.253.00.16.47,unlabelled,,,,,0,0,0.0,0.0,,,4.586999893188477,-73.60099792480469,12.88,1.6,4.199,-72.133833,170.0,168.4,284.82
PTGC.2025.253.01.06.33,PTGC,2025.253.01.06.33,unlabelled,,,,,0,0,0.0,0.0,,,4.445000171661377,-73.26799774169922,18.32,1.9,4.199,-72.133833,170.0,128.8,282.23
PTGC.2025.253.05.21.06,PTGC,2025.253.05.21.06,unlabelled,,,,,0,0,0.0,0.0,,,4.413000106811523,-73.28399658203125,11.82,2.0,4.199,-72.133833,170.0,129.85,280.54
PTGC.2025.253.07.25.02,PTGC,2025.253.07.25.02,unlabelled,,,,,0,0,0.0,0.0,,,5.609000205993652,-74.09700012207031,0.0,1.9,4.199,-72.133833,170.0,267.81,305.69
PTGC.2025.253.13.59.18,PTGC,2025.253.13.59.18,unlabelled,,,,,0,0,0.0,0.0,,,4.3520002365112305,-73.91200256347656,9.88,2.8,4.199,-72.133833,170.0,198.12,274.96
PTGC.2025.254.13.56.11,PTGC,2025.254.13.56.11,unlabelled,,,,,0,0,0.0,0.0,,,4.48799991607666,-73.2300033569336,12.57,1.6,4.199,-72.133833,170.0,125.8,284.76
PTGC.2025.254.15.47.10,PTGC,2025.254.15.47.10,unlabelled,,,,,0,0,0.0,0.0,,,4.409999847412109,-73.29000091552734,12.99,2.0,4.199,-72.133833,170.0,130.45,280.35
PTGC.2025.255.08.37.06,PTGC,2025.255.08.37.06,unlabelled,,,,,0,0,0.0,0.0,,,6.724999904632568,-72.10600280761719,23.71,2.0,4.199,-72.133833,170.0,279.35,0.63
PTGC.2025.255.20.26.11,PTGC,2025.255.20.26.11,unlabelled,,,,,0,0,0.0,0.0,,,3.4149999618530273,-74.1729965209961,15.98,1.8,4.199,-72.133833,170.0,242.52,249.13
PTGC.2025.255.22.31.05,PTGC,2025.255.22.31.05,unlabelled,,,,,0,0,0.0,0.0,-2.74,,6.574999809265137,-71.99299621582031,19.02,2.8,4.199,-72.133833,170.0,263.21,3.39
PTGC.2025.256.02.53.47,PTGC,2025.256.02.53.47,unlabelled,,,,,0,0,0.0,0.0,,,4.36899995803833,-73.83699798583984,1.97,1.5,4.199,-72.133833,170.0,190.0,275.74
PTGC.2025.256.07.05.43,PTGC,2025.256.07.05.43,unlabelled,,,,,0,0,0.0,0.0,,,6.51200008392334,-72.21700286865234,20.08,1.9,4.199,-72.133833,170.0,255.95,357.94
PTGC.2025.256.20.38.04,PTGC,2025.256.20.38.04,unlabelled,,,,,0,0,0.0,0.0,,,4.534999847412109,-73.28299713134766,0.0,1.7,4.199,-72.133833,170.0,132.86,286.28
PTGC.2025.257.03.12.04,PTGC,2025.257.03.12.04,unlabelled,,,,,0,0,0.0,0.0,,,4.513000011444092,-73.39600372314453,11.29,1.6,4.199,-72.133833,170.0,144.34,283.97
PTGC.2025.257.19.02.52,PTGC,2025.257.19.02.52,unlabelled,,,,,0,0,0.0,0.0,,,3.611999988555908,-74.45700073242188,28.98,2.4,4.199,-72.133833,170.0,266.06,255.96
PTGC.2025.257.23.12.38,PTGC,2025.257.23.12.38,unlabelled,,,,,0,0,0.0,0.0,,,6.681000232696533,-73.27300262451172,0.0,2.0,4.199,-72.133833,170.0,302.11,335.35
PTGC.2025.258.08.57.49,PTGC,2025.258.08.57.49,unlabelled,,,,,0,0,0.0,0.0,,,6.090000152587891,-72.5469970703125,0.0,2.2,4.199,-72.133833,170.0,214.07,347.66
PTGC.2025.259.06.08.33,PTGC,2025.259.06.08.33,unlabelled,,,,,0,0,0.0,0.0,,,4.730000019073486,-74.78800201416016,25.23,1.7,4.199,-72.133833,170.0,300.36,281.37
PTGC.2025.259.07.52.58,PTGC,2025.259.07.52.58,unlabelled,,,,,0,0,0.0,0.0,,,4.260000228881836,-73.77200317382812,11.01,1.6,4.199,-72.133833,170.0,181.99,272.18
PTGC.2025.259.11.24.01,PTGC,2025.259.11.24.01,unlabelled,,,,,0,0,0.0,0.0,,,4.171999931335449,-73.77200317382812,8.89,2.2,4.199,-72.133833,170.0,181.9,269.12
PTGC.2025.259.12.16.49,PTGC,2025.259.12.16.49,unlabelled,,,,,0,0,0.0,0.0,,,4.247000217437744,-73.76300048828125,11.23,2.0,4.199,-72.133833,170.0,180.95,271.74
PTGC.2025.259.18.48.51,PTGC,2025.259.18.48.51,unlabelled,,,,,0,0,0.0,0.0,,,4.331999778747559,-73.83200073242188,7.25,2.4,4.199,-72.133833,170.0,189.09,274.52
PTGC.2025.259.21.04.35,PTGC,2025.259.21.04.35,unlabelled,,,,,0,0,0.0,0.0,,,3.359999895095825,-74.33699798583984,19.02,2.3,4.199,-72.133833,170.0,261.72,249.31
PTGC.2025.261.05.33.21,PTGC,2025.261.05.33.21,unlabelled,,,,,0,0,0.0,0.0,,,4.394999980926514,-73.2699966430664,16.45,2.1,4.199,-72.133833,170.0,127.97,279.79
PTGC.2025.261.12.36.46,PTGC,2025.261.12.36.46,unlabelled,,,,,0,0,0.0,0.0,,,4.8480000495910645,-74.80699920654297,24.88,1.6,4.199,-72.133833,170.0,305.21,283.7
PTGC.2025.262.07.02.42,PTGC,2025.262.07.02.42,unlabelled,,,,,0,0,0.0,0.0,,,5.968999862670898,-72.40699768066406,15.98,2.4,4.199,-72.133833,170.0,198.06,351.21
PTGC.2025.263.12.57.53,PTGC,2025.263.12.57.53,unlabelled,,,,,0,0,0.0,0.0,,,4.375999927520752,-73.35199737548828,16.04,1.7,4.199,-72.133833,170.0,136.64,278.28
PTGC.2025.264.11.12.30,PTGC,2025.264.11.12.30,unlabelled,,,,,0,0,0.0,0.0,-0.67,,5.728000164031982,-72.5989990234375,15.98,2.2,4.199,-72.133833,170.0,176.78,343.05
PTGC.2025.265.04.07.13,PTGC,2025.265.04.07.13,unlabelled,,,,,0,0,0.0,0.0,,,6.895999908447266,-73.00299835205078,12.7,1.5,4.199,-72.133833,170.0,313.41,342.14
PTGC.2025.265.09.11.53,PTGC,2025.265.09.11.53,unlabelled,,,,,0,0,0.0,0.0,,,6.73199987411499,-73.1520004272461,14.32,1.8,4.199,-72.133833,170.0,301.98,338.11
PTGC.2025.265.11.12.36,PTGC,2025.265.11.12.36,unlabelled,,,,,0,0,0.0,0.0,,,4.443999767303467,-73.302001953125,10.18,2.0,4.199,-72.133833,170.0,132.47,281.84
PTGC.2025.266.09.28.51,PTGC,2025.266.09.28.51,unlabelled,,,,,0,0,0.0,0.0,,,7.211999893188477,-72.1520004272461,15.98,2.3,4.199,-72.133833,170.0,333.2,359.65
PTGC.2025.267.04.02.07,PTGC,2025.267.04.02.07,unlabelled,,,,,0,0,0.0,0.0,,,3.631999969482422,-74.23899841308594,8.99,1.6,4.199,-72.133833,170.0,242.06,255.06
PTGC.2025.267.08.01.50,PTGC,2025.267.08.01.50,unlabelled,,,,,0,0,0.0,0.0,,,3.868000030517578,-73.72799682617188,8.95,1.7,4.199,-72.133833,170.0,180.77,258.37
PTGC.2025.267.11.55.52,PTGC,2025.267.11.55.52,unlabelled,,,,,0,0,0.0,0.0,,,5.854000091552734,-72.38400268554688,0.0,2.1,4.199,-72.133833,170.0,185.11,351.39
PTGC.2025.268.17.50.05,PTGC,2025.268.17.50.05,unlabelled,,,,,0,0,0.0,0.0,,,3.3929998874664307,-73.7699966430664,15.51,1.7,4.199,-72.133833,170.0,202.42,243.93
PTGC.2025.268.21.52.37,PTGC,2025.268.21.52.37,unlabelled,,,,,0,0,0.0,0.0,,,3.5350000858306885,-74.5479965209961,24.88,1.8,4.199,-72.133833,170.0,278.01,254.77
PTGC.2025.269.07.30.28,PTGC,2025.269.07.30.28,unlabelled,,,,,0,0,0.0,0.0,,,5.515999794006348,-74.70600128173828,18.96,2.0,4.199,-72.133833,170.0,320.33,297.15
PTGC.2025.270.05.29.29,PTGC,2025.270.05.29.29,unlabelled,,,,,0,0,0.0,0.0,,,4.396999835968018,-73.30599975585938,12.99,1.9,4.199,-72.133833,170.0,131.95,279.6
PTGC.2025.270.13.31.38,PTGC,2025.270.13.31.38,unlabelled,,,,,0,0,0.0,0.0,,,5.493000030517578,-74.73200225830078,14.34,1.5,4.199,-72.133833,170.0,321.76,296.51
PTGC.2025.270.21.14.48,PTGC,2025.270.21.14.48,unlabelled,,,,,0,0,0.0,0.0,,,5.054999828338623,-74.87000274658203,30.98,1.7,4.199,-72.133833,170.0,318.01,287.42
PTGC.2025.271.08.05.02,PTGC,2025.271.08.05.02,unlabelled,,,,,0,0,0.0,0.0,,,3.253999948501587,-73.29499816894531,15.98,2.0,4.199,-72.133833,170.0,166.0,231.03
PTGC.2025.272.01.20.20,PTGC,2025.272.01.20.20,unlabelled,,,,,0,0,0.0,0.0,,,3.2960000038146973,-74.31099700927734,3.23,1.8,4.199,-72.133833,170.0,261.65,247.64
PTGC.2025.272.06.24.23,PTGC,2025.272.06.24.23,unlabelled,,,,,0,0,0.0,0.0,,,4.855999946594238,-74.78700256347656,23.01,1.5,4.199,-72.133833,170.0,303.26,283.96
PTGC.2025.273.09.53.49,PTGC,2025.273.09.53.49,unlabelled,,,,,0,0,0.0,0.0,,,4.427999973297119,-73.28900146484375,11.05,1.5,4.199,-72.133833,170.0,130.71,281.21
PTGC.2025.273.14.25.44,PTGC,2025.273.14.25.44,unlabelled,,,,,0,0,0.0,0.0,,,4.531000137329102,-73.30699920654297,15.98,2.3,4.199,-72.133833,170.0,135.3,285.79
PTGC.2025.274.09.12.22,PTGC,2025.274.09.12.22,unlabelled,,,,,0,0,0.0,0.0,,,6.150000095367432,-72.55000305175781,0.0,1.6,4.199,-72.133833,170.0,220.63,347.95
PTGC.2025.275.16.04.28,PTGC,2025.275.16.04.28,unlabelled,,,,,0,0,0.0,0.0,,,3.4170000553131104,-74.70099639892578,26.29,1.7,4.199,-72.133833,170.0,297.97,253.22
PTGC.2025.276.04.04.52,PTGC,2025.276.04.04.52,unlabelled,,,,,0,0,0.0,0.0,,,3.490999937057495,-74.23300170898438,13.87,1.9,4.199,-72.133833,170.0,245.95,251.51
PTGC.2025.276.10.50.26,PTGC,2025.276.10.50.26,unlabelled,,,,,0,0,0.0,0.0,,,4.4019999504089355,-73.28099822998047,17.56,2.2,4.199,-72.133833,170.0,129.31,280.04
PTGC.2025.277.01.16.24,PTGC,2025.277.01.16.24,unlabelled,,,,,0,0,0.0,0.0,,,5.745999813079834,-74.29100036621094,30.39,1.5,4.199,-72.133833,170.0,294.1,305.66
PTGC.2025.277.12.20.42,PTGC,2025.277.12.20.42,unlabelled,,,,,0,0,0.0,0.0,,,4.449999809265137,-73.28900146484375,0.0,1.6,4.199,-72.133833,170.0,131.2,282.26
PTGC.2025.277.15.31.50,PTGC,2025.277.15.31.50,unlabelled,,,,,0,0,0.0,0.0,,,4.442999839782715,-73.30699920654297,13.57,2.2,4.199,-72.133833,170.0,132.99,281.75
PTGC.2025.278.04.44.24,PTGC,2025.278.04.44.24,unlabelled,,,,,0,0,0.0,0.0,,,4.36899995803833,-73.62000274658203,12.99,1.8,4.199,-72.133833,170.0,166.05,276.56
PTGC.2025.278.15.04.10,PTGC,2025.278.15.04.10,unlabelled,,,,,0,0,0.0,0.0,,,3.437999963760376,-74.22599792480469,16.21,1.9,4.199,-72.133833,170.0,247.15,250.17
PTGC.2025.280.05.53.46,PTGC,2025.280.05.53.46,unlabelled,,,,,0,0,0.0,0.0,,,4.53000020980835,-73.2229995727539,10.35,1.7,4.199,-72.133833,170.0,126.32,286.89
PTGC.2025.280.13.21.51,PTGC,2025.280.13.21.51,unlabelled,,,,,0,0,0.0,0.0,,,3.3529999256134033,-74.33899688720703,12.93,1.8,4.199,-72.133833,170.0,262.2,249.17
PTGC.2025.281.10.53.01,PTGC,2025.281.10.53.01,unlabelled,,,,,0,0,0.0,0.0,,,3.4760000705718994,-74.21099853515625,8.01,1.5,4.199,-72.133833,170.0,244.17,250.96
PTGC.2025.281.21.34.45,PTGC,2025.281.21.34.45,unlabelled,,,,,0,0,0.0,0.0,,,4.431000232696533,-73.22100067138672,15.98,1.7,4.199,-72.133833,170.0,123.38,282.04
PTGC.2025.283.11.48.15,PTGC,2025.283.11.48.15,unlabelled,,,,,0,0,0.0,0.0,,,4.415999889373779,-73.7040023803711,0.0,1.5,4.199,-72.133833,170.0,175.94,277.9
PTGC.2025.283.19.03.04,PTGC,2025.283.19.03.04,unlabelled,,,,,0,0,0.0,0.0,,,4.427999973297119,-73.30599975585938,9.65,1.5,4.199,-72.133833,170.0,132.56,281.06
PTGC.2025.284.05.49.50,PTGC,2025.284.05.49.50,unlabelled,,,,,0,0,0.0,0.0,,,4.433000087738037,-73.49500274658203,12.99,2.1,4.199,-72.133833,170.0,153.3,279.77
PTGC.2025.284.05.54.37,PTGC,2025.284.05.54.37,unlabelled,,,,,0,0,0.0,0.0,,,3.4059998989105225,-74.66999816894531,31.39,1.5,4.199,-72.133833,170.0,295.04,252.8
PTGC.2025.285.06.08.14,PTGC,2025.285.06.08.14,unlabelled,,,,,0,0,0.0,0.0,,,5.247000217437744,-74.5530014038086,27.99,1.9,4.199,-72.133833,170.0,292.34,293.45
PTGC.2025.285.15.18.43,PTGC,2025.285.15.18.43,unlabelled,,,,,0,0,0.0,0.0,,,4.486000061035156,-73.19999694824219,25.0,1.5,4.199,-72.133833,170.0,122.53,285.05
PTGC.2025.285.16.06.33,PTGC,2025.285.16.06.33,unlabelled,,,,,0,0,0.0,0.0,,,5.4019999504089355,-74.34700012207031,29.28,2.2,4.199,-72.133833,170.0,279.23,298.54
PTGC.2025.287.02.52.53,PTGC,2025.287.02.52.53,unlabelled,,,,,0,0,0.0,0.0,,,3.5299999713897705,-74.26200103759766,10.53,1.6,4.199,-72.133833,170.0,247.68,252.7
PTGC.2025.287.02.55.51,PTGC,2025.287.02.55.51,unlabelled,,,,,0,0,0.0,0.0,,,3.5250000953674316,-74.25399780273438,12.99,1.5,4.199,-72.133833,170.0,246.99,252.51
PTGC.2025.287.08.15.37,PTGC,2025.287.08.15.37,unlabelled,,,,,0,0,0.0,0.0,,,5.019999980926514,-74.87200164794922,15.8,1.9,4.199,-72.133833,170.0,317.1,286.74
PTGC.2025.287.11.57.42,PTGC,2025.287.11.57.42,unlabelled,,,,,0,0,0.0,0.0,,,3.5420000553131104,-74.25399780273438,11.0,1.9,4.199,-72.133833,170.0,246.43,252.93
PTGC.2025.287.19.01.41,PTGC,2025.287.19.01.41,unlabelled,,,,,0,0,0.0,0.0,,,4.420000076293945,-73.30599975585938,15.51,2.2,4.199,-72.133833,170.0,132.39,280.68
PTGC.2025.287.23.08.57,PTGC,2025.287.23.08.57,unlabelled,,,,,0,0,0.0,0.0,,,4.991000175476074,-73.322998046875,20.43,1.9,4.199,-72.133833,170.0,158.37,303.62
PTGC.2025.288.00.06.39,PTGC,2025.288.00.06.39,unlabelled,,,,,0,0,0.0,0.0,,,6.816999912261963,-72.1780014038086,28.05,2.4,4.199,-72.133833,170.0,289.55,359.03
PTGC.2025.288.07.11.44,PTGC,2025.288.07.11.44,unlabelled,,,,,0,0,0.0,0.0,,,4.460000038146973,-73.34500122070312,15.98,1.5,4.199,-72.133833,170.0,137.51,282.16
PTGC.2025.288.11.39.09,PTGC,2025.288.11.39.09,unlabelled,,,,,0,0,0.0,0.0,,,6.284999847412109,-72.12100219726562,17.0,1.9,4.199,-72.133833,170.0,230.68,0.35
PTGC.2025.288.23.24.02,PTGC,2025.288.23.24.02,unlabelled,,,,,0,0,0.0,0.0,,,5.01800012588501,-74.6760025024414,23.77,2.1,4.199,-72.133833,170.0,296.26,287.9
PTGC.2025.289.06.39.12,PTGC,2025.289.06.39.12,unlabelled,,,,,0,0,0.0,0.0,,,3.8570001125335693,-74.11799621582031,15.45,2.0,4.199,-72.133833,170.0,223.56,260.33
PTGC.2025.290.00.41.19,PTGC,2025.290.00.41.19,unlabelled,,,,,0,0,0.0,0.0,,,3.390000104904175,-74.19599914550781,15.92,2.8,4.199,-72.133833,170.0,245.91,248.74
PTGC.2025.290.08.52.53,PTGC,2025.290.08.52.53,unlabelled,,,,,0,0,0.0,0.0,,,3.6489999294281006,-74.14600372314453,13.11,1.5,4.199,-72.133833,170.0,231.6,254.85
