trace_name,station_code,timestamp,category,p_sample,s_sample,p_time_s,s_time_s,p_n_models,s_n_models,p_prob,s_prob,snr_p_db,snr_s_db,source_latitude,source_longitude,source_depth_km,source_magnitude,station_latitude,station_longitude,station_elevation_m,distance_km,back_azimuth
PTB.2018.060.05.25.08,PTB,2018.060.05.25.08,unlabelled,,,,,0,0,0.0,0.0,,,6.918000221252441,-76.61799621582031,14.49,1.9,6.5395,-74.456333,260.0,242.63,280.06
PTB.2018.060.15.27.24,PTB,2018.060.15.27.24,unlabelled,,,,,0,0,0.0,0.0,,,6.672999858856201,-76.71299743652344,20.68,2.4,6.5395,-74.456333,260.0,249.99,273.52
PTB.2018.060.22.44.59,PTB,2018.060.22.44.59,unlabelled,,,,,0,0,0.0,0.0,,,6.553999900817871,-76.72799682617188,21.85,1.5,6.5395,-74.456333,260.0,251.25,270.5
PTB.2018.063.10.28.16,PTB,2018.063.10.28.16,unlabelled,,,,,0,0,0.0,0.0,,,4.514999866485596,-76.1709976196289,13.79,1.7,6.5395,-74.456333,260.0,293.62,220.41
PTB.2018.063.20.32.32,PTB,2018.063.20.32.32,unlabelled,,,,,0,0,0.0,0.0,,,6.03000020980835,-72.52400207519531,9.74,1.5,6.5395,-74.456333,260.0,221.12,104.66
PTB.2018.063.23.04.02,PTB,2018.063.23.04.02,unlabelled,,,,,0,0,0.0,0.0,,,7.117000102996826,-76.18099975585938,0.0,1.7,6.5395,-74.456333,260.0,201.05,288.62
PTB.2018.063.23.24.15,PTB,2018.063.23.24.15,unlabelled,,,,,0,0,0.0,0.0,,,6.005000114440918,-72.51699829101562,4.75,1.6,6.5395,-74.456333,260.0,222.59,105.29
PTB.2018.064.02.03.52,PTB,2018.064.02.03.52,unlabelled,,,,,0,0,0.0,0.0,,,6.934999942779541,-76.68199920654297,0.0,1.7,6.5395,-74.456333,260.0,249.92,280.21
PTB.2018.065.18.35.06,PTB,2018.065.18.35.06,unlabelled,,,,,0,0,0.0,0.0,,,4.913000106811523,-75.64199829101562,19.65,1.5,6.5395,-74.456333,260.0,222.71,216.2
PTB.2018.065.20.15.27,PTB,2018.065.20.15.27,unlabelled,,,,,0,0,0.0,0.0,,,6.85099983215332,-76.26599884033203,12.26,1.7,6.5395,-74.456333,260.0,203.03,279.87
PTB.2018.067.00.29.12,PTB,2018.067.00.29.12,unlabelled,,,,,0,0,0.0,0.0,,,6.925000190734863,-77.08799743652344,15.69,1.7,6.5395,-74.456333,260.0,294.05,278.49
PTB.2018.067.12.45.32,PTB,2018.067.12.45.32,unlabelled,,,,,0,0,0.0,0.0,,,4.373000144958496,-75.96199798583984,11.25,2.3,6.5395,-74.456333,260.0,291.95,214.93
PTB.2018.068.02.03.47,PTB,2018.068.02.03.47,unlabelled,,,,,0,0,0.0,0.0,,,6.046999931335449,-72.41400146484375,6.37,2.4,6.5395,-74.456333,260.0,232.46,103.44
PTB.2018.069.09.54.46,PTB,2018.069.09.54.46,unlabelled,,,,,0,0,0.0,0.0,,,4.164999961853027,-73.78099822998047,0.02,1.9,6.5395,-74.456333,260.0,273.04,164.06
PTB.2018.069.11.07.25,PTB,2018.069.11.07.25,unlabelled,,,,,0,0,0.0,0.0,-0.83,,5.668000221252441,-76.0,10.7,1.6,6.5395,-74.456333,260.0,196.18,240.66
PTB.2018.069.16.45.00,PTB,2018.069.16.45.00,unlabelled,,,,,0,0,0.0,0.0,,,6.021999835968018,-72.46199798583984,14.8,1.8,6.5395,-74.456333,260.0,227.98,104.43
PTB.2018.069.22.00.07,PTB,2018.069.22.00.07,unlabelled,,,,,0,0,0.0,0.0,,,5.505000114440918,-72.33799743652344,-0.06,2.2,6.5395,-74.456333,260.0,260.93,115.89
PTB.2018.070.13.31.13,PTB,2018.070.13.31.13,unlabelled,,,,,0,0,0.0,0.0,,,6.892000198364258,-76.21600341796875,9.1,1.9,6.5395,-74.456333,260.0,198.42,281.43
PTB.2018.070.21.34.13,PTB,2018.070.21.34.13,unlabelled,,,,,0,0,0.0,0.0,,,7.206999778747559,-71.99500274658203,0.0,1.5,6.5395,-74.456333,260.0,281.87,74.67
PTB.2018.071.10.20.16,PTB,2018.071.10.20.16,unlabelled,,,,,0,0,0.0,0.0,,,4.794000148773193,-74.81800079345703,31.86,1.8,6.5395,-74.456333,260.0,197.14,191.74
PTB.2018.072.00.51.14,PTB,2018.072.00.51.14,unlabelled,,,,,0,0,0.0,0.0,,,4.506999969482422,-76.16600036621094,2.95,2.3,6.5395,-74.456333,260.0,293.94,220.21
PTB.2018.072.04.11.21,PTB,2018.072.04.11.21,unlabelled,,,,,0,0,0.0,0.0,,,4.6539998054504395,-76.0250015258789,25.09,2.4,6.5395,-74.456333,260.0,271.44,219.89
PTB.2018.072.05.08.34,PTB,2018.072.05.08.34,unlabelled,,,,,0,0,0.0,0.0,,,4.500999927520752,-76.14099884033203,9.97,1.8,6.5395,-74.456333,260.0,292.68,219.71
PTB.2018.073.00.56.42,PTB,2018.073.00.56.42,unlabelled,,,,,0,0,0.0,0.0,,,6.870999813079834,-77.16799926757812,21.77,1.9,6.5395,-74.456333,260.0,302.04,277.13
PTB.2018.073.17.37.11,PTB,2018.073.17.37.11,unlabelled,,,,,0,0,0.0,0.0,-1.25,,7.361000061035156,-76.26200103759766,14.96,2.0,6.5395,-74.456333,260.0,219.25,294.59
PTB.2018.075.01.03.36,PTB,2018.075.01.03.36,unlabelled,,,,,0,0,0.0,0.0,-2.64,-1.38,6.973999977111816,-76.23600006103516,9.0,1.6,6.5395,-74.456333,260.0,202.53,283.83
PTB.2018.075.19.15.13,PTB,2018.075.19.15.13,unlabelled,,,,,0,0,0.0,0.0,,,5.245999813079834,-72.9739990234375,3.45,1.6,6.5395,-74.456333,260.0,217.73,130.99
PTB.2018.075.22.41.56,PTB,2018.075.22.41.56,unlabelled,,,,,0,0,0.0,0.0,,,5.631999969482422,-76.51399993896484,22.21,1.7,6.5395,-74.456333,260.0,248.9,246.33
PTB.2018.076.08.27.04,PTB,2018.076.08.27.04,unlabelled,,,,,0,0,0.0,0.0,,,7.25600004196167,-76.40399932861328,14.45,1.5,6.5395,-74.456333,260.0,229.37,290.32
PTB.2018.076.11.21.38,PTB,2018.076.11.21.38,unlabelled,,,,,0,0,0.0,0.0,,,6.1570000648498535,-72.43399810791016,16.94,1.7,6.5395,-74.456333,260.0,227.72,100.59
PTB.2018.076.18.47.10,PTB,2018.076.18.47.10,unlabelled,,,,,0,0,0.0,0.0,,,4.999000072479248,-72.61699676513672,5.86,1.9,6.5395,-74.456333,260.0,265.56,129.81
PTB.2018.076.22.03.22,PTB,2018.076.22.03.22,unlabelled,,,,,0,0,0.0,0.0,,,7.181000232696533,-77.21499633789062,18.35,2.1,6.5395,-74.456333,260.0,313.05,283.26
PTB.2018.077.00.27.54,PTB,2018.077.00.27.54,unlabelled,,,,,0,0,0.0,0.0,,,5.34499979019165,-76.85199737548828,11.66,2.0,6.5395,-74.456333,260.0,296.33,243.66
PTB.2018.077.01.34.41,PTB,2018.077.01.34.41,unlabelled,,,,,0,0,0.0,0.0,,,5.093999862670898,-76.23500061035156,0.03,2.2,6.5395,-74.456333,260.0,253.68,231.03
PTB.2018.077.09.57.43,PTB,2018.077.09.57.43,unlabelled,,,,,0,0,0.0,0.0,,,7.747000217437744,-72.81900024414062,3.12,1.6,6.5395,-74.456333,260.0,224.82,53.46
PTB.2018.077.10.32.59,PTB,2018.077.10.32.59,unlabelled,,,,,0,0,0.0,0.0,,,5.7129998207092285,-73.98699951171875,115.0,1.3,6.5395,-74.456333,260.0,105.13,150.36
PTB.2018.077.12.08.32,PTB,2018.077.12.08.32,unlabelled,,,,,0,0,0.0,0.0,,,7.565000057220459,-72.75599670410156,-0.1,1.8,6.5395,-74.456333,260.0,219.43,58.78
PTB.2018.077.16.08.00,PTB,2018.077.16.08.00,unlabelled,,,,,0,0,0.0,0.0,,,6.85699987411499,-76.72100067138672,-0.01,2.3,6.5395,-74.456333,260.0,252.84,278.11
PTB.2018.078.15.45.00,PTB,2018.078.15.45.00,unlabelled,,,,,0,0,0.0,0.0,,,7.013999938964844,-72.14399719238281,15.54,1.7,6.5395,-74.456333,260.0,260.95,78.26
PTB.2018.078.16.03.12,PTB,2018.078.16.03.12,unlabelled,,,,,0,0,0.0,0.0,-4.73,-1.94,6.986999988555908,-76.33999633789062,1.62,1.6,6.5395,-74.456333,260.0,214.04,283.48
PTB.2018.078.16.28.39,PTB,2018.078.16.28.39,unlabelled,,,,,0,0,0.0,0.0,,,6.2230000495910645,-72.34700012207031,3.0,1.9,6.5395,-74.456333,260.0,235.97,98.41
PTB.2018.078.22.15.36,PTB,2018.078.22.15.36,unlabelled,,,,,0,0,0.0,0.0,,,4.159999847412109,-73.66200256347656,-0.18,1.7,6.5395,-74.456333,260.0,277.47,161.46
PTB.2018.079.06.45.51,PTB,2018.079.06.45.51,unlabelled,,,,,0,0,0.0,0.0,,,4.28000020980835,-73.88800048828125,-0.1,1.6,6.5395,-74.456333,260.0,257.68,165.82
PTB.2018.079.13.34.34,PTB,2018.079.13.34.34,unlabelled,,,,,0,0,0.0,0.0,,,4.568999767303467,-76.38800048828125,21.54,2.0,6.5395,-74.456333,260.0,305.43,224.58
PTB.2018.079.22.58.39,PTB,2018.079.22.58.39,unlabelled,,,,,0,0,0.0,0.0,,,4.633999824523926,-74.67400360107422,3.96,1.5,6.5395,-74.456333,260.0,212.09,186.54
PTB.2018.080.03.00.11,PTB,2018.080.03.00.11,unlabelled,,,,,0,0,0.0,0.0,,,5.678999900817871,-76.73400115966797,11.17,1.7,6.5395,-74.456333,260.0,269.48,249.45
PTB.2018.080.06.52.43,PTB,2018.080.06.52.43,unlabelled,,,,,0,0,0.0,0.0,,,7.741000175476074,-74.26699829101562,29.39,1.5,6.5395,-74.456333,260.0,134.51,8.93
PTB.2018.080.20.56.31,PTB,2018.080.20.56.31,unlabelled,,,,,0,0,0.0,0.0,,,4.688000202178955,-76.16100311279297,3.88,1.7,6.5395,-74.456333,260.0,278.54,222.78
PTB.2018.082.04.19.52,PTB,2018.082.04.19.52,unlabelled,,,,,0,0,0.0,0.0,-0.84,,4.9079999923706055,-75.82599639892578,5.04,1.7,6.5395,-74.456333,260.0,235.73,220.13
PTB.2018.083.12.32.50,PTB,2018.083.12.32.50,unlabelled,,,,,0,0,0.0,0.0,,,5.659999847412109,-76.6969985961914,15.28,1.5,6.5395,-74.456333,260.0,266.41,248.71
PTB.2018.083.16.41.46,PTB,2018.083.16.41.46,unlabelled,,,,,0,0,0.0,0.0,,,4.046999931335449,-73.6500015258789,0.19,2.5,6.5395,-74.456333,260.0,289.76,161.99
PTB.2018.084.00.19.54,PTB,2018.084.00.19.54,unlabelled,,,,,0,0,0.0,0.0,,,6.672999858856201,-77.00599670410156,4.4,2.1,6.5395,-74.456333,260.0,282.34,273.14
PTB.2018.084.06.43.07,PTB,2018.084.06.43.07,unlabelled,,,,,0,0,0.0,0.0,,,4.815999984741211,-76.68599700927734,39.58,1.9,6.5395,-74.456333,260.0,311.97,232.46
PTB.2018.084.13.42.52,PTB,2018.084.13.42.52,unlabelled,,,,,0,0,0.0,0.0,,,5.170000076293945,-76.35199737548828,23.15,1.9,6.5395,-74.456333,260.0,258.85,234.29
PTB.2018.085.07.26.48,PTB,2018.085.07.26.48,unlabelled,,,,,0,0,0.0,0.0,,,6.879000186920166,-77.05500030517578,11.79,1.9,6.5395,-74.456333,260.0,289.76,277.6
PTB.2018.086.22.32.38,PTB,2018.086.22.32.38,unlabelled,,,,,0,0,0.0,0.0,,,6.863999843597412,-71.7979965209961,4.86,2.3,6.5395,-74.456333,260.0,296.1,82.88
PTB.2018.087.07.29.21,PTB,2018.087.07.29.21,unlabelled,,,,,0,0,0.0,0.0,,,6.938000202178955,-71.88600158691406,0.0,2.2,6.5395,-74.456333,260.0,287.56,81.04
PTB.2018.087.08.24.26,PTB,2018.087.08.24.26,unlabelled,,,,,0,0,0.0,0.0,,,5.630000114440918,-72.73300170898438,4.18,1.7,6.5395,-74.456333,260.0,215.66,117.71
PTB.2018.087.14.30.07,PTB,2018.087.14.30.07,unlabelled,,,,,0,0,0.0,0.0,,,3.571000099182129,-74.58399963378906,3.99,1.7,6.5395,-74.456333,260.0,328.57,182.48
PTB.2018.087.19.23.07,PTB,2018.087.19.23.07,unlabelled,,,,,0,0,0.0,0.0,,,6.789000034332275,-71.96199798583984,16.42,1.5,6.5395,-74.456333,260.0,277.18,84.14
PTB.2018.088.00.36.43,PTB,2018.088.00.36.43,unlabelled,,,,,0,0,0.0,0.0,,,6.644000053405762,-76.76899719238281,20.56,1.6,6.5395,-74.456333,260.0,256.01,272.72
PTB.2018.088.05.05.55,PTB,2018.088.05.05.55,unlabelled,,,,,0,0,0.0,0.0,,,4.589000225067139,-76.677001953125,22.13,1.7,6.5395,-74.456333,260.0,327.2,228.87
PTB.2018.088.21.37.28,PTB,2018.088.21.37.28,unlabelled,,,,,0,0,0.0,0.0,,,7.271999835968018,-76.05400085449219,0.0,1.5,6.5395,-74.456333,260.0,194.26,294.74
PTB.2018.091.09.38.35,PTB,2018.091.09.38.35,unlabelled,,,,,0,0,0.0,0.0,,,4.558000087738037,-76.1449966430664,4.58,1.8,6.5395,-74.456333,260.0,288.13,220.58
PTB.2018.091.20.00.57,PTB,2018.091.20.00.57,unlabelled,,,,,0,0,0.0,0.0,,,4.2230000495910645,-75.19400024414062,1.94,1.7,6.5395,-74.456333,260.0,268.9,197.74
PTB.2018.091.20.42.52,PTB,2018.091.20.42.52,unlabelled,,,,,0,0,0.0,0.0,,,6.833000183105469,-76.69200134277344,1.79,1.7,6.5395,-74.456333,260.0,249.31,277.61
PTB.2018.091.21.27.20,PTB,2018.091.21.27.20,unlabelled,,,,,0,0,0.0,0.0,,,7.681000232696533,-77.23300170898438,20.09,2.0,6.5395,-74.456333,260.0,331.69,292.54
PTB.2018.092.05.25.40,PTB,2018.092.05.25.40,unlabelled,,,,,0,0,0.0,0.0,,,4.341000080108643,-73.93900299072266,-0.17,1.5,6.5395,-74.456333,260.0,249.79,166.71
PTB.2018.093.04.23.16,PTB,2018.093.04.23.16,unlabelled,,,,,0,0,0.0,0.0,,,7.166999816894531,-76.33999633789062,7.34,2.4,6.5395,-74.456333,260.0,219.46,288.54
PTB.2018.093.06.27.15,PTB,2018.093.06.27.15,unlabelled,,,,,0,0,0.0,0.0,-2.44,-3.13,6.919000148773193,-76.1780014038086,-0.07,1.8,6.5395,-74.456333,260.0,194.92,282.53
PTB.2018.093.06.27.34,PTB,2018.093.06.27.34,unlabelled,,,,,0,0,0.0,0.0,-1.72,-0.98,6.913000106811523,-76.18900299072266,4.85,2.0,6.5395,-74.456333,260.0,195.96,282.27
PTB.2018.093.06.43.18,PTB,2018.093.06.43.18,unlabelled,,,,,0,0,0.0,0.0,-0.8,,6.901000022888184,-76.18099975585938,-0.05,1.7,6.5395,-74.456333,260.0,194.82,281.94
PTB.2018.093.10.02.08,PTB,2018.093.10.02.08,unlabelled,,,,,0,0,0.0,0.0,,,7.011000156402588,-76.41300201416016,19.5,1.6,6.5395,-74.456333,260.0,222.5,283.67
PTB.2018.093.10.03.14,PTB,2018.093.10.03.14,unlabelled,,,,,0,0,0.0,0.0,,,4.045000076293945,-74.02400207519531,1.7,3.2,6.5395,-74.456333,260.0,279.98,170.12
PTB.2018.093.10.12.41,PTB,2018.093.10.12.41,unlabelled,,,,,0,0,0.0,0.0,,,3.9860000610351562,-74.0260009765625,5.12,1.7,6.5395,-74.456333,260.0,286.38,170.39
PTB.2018.094.10.37.02,PTB,2018.094.10.37.02,unlabelled,,,,,0,0,0.0,0.0,-2.74,-5.94,7.316999912261963,-76.04900360107422,2.55,1.9,6.5395,-74.456333,260.0,195.89,296.13
PTB.2018.096.01.11.07,PTB,2018.096.01.11.07,unlabelled,,,,,0,0,0.0,0.0,,,6.84499979019165,-76.21499633789062,0.0,1.6,6.5395,-74.456333,260.0,197.36,279.96
PTB.2018.096.12.15.45,PTB,2018.096.12.15.45,unlabelled,,,,,0,0,0.0,0.0,,,5.017000198364258,-73.43000030517578,0.98,1.7,6.5395,-74.456333,260.0,203.15,145.92
PTB.2018.096.14.24.14,PTB,2018.096.14.24.14,unlabelled,,,,,0,0,0.0,0.0,-0.4,-0.23,7.173999786376953,-76.27300262451172,-0.03,2.0,6.5395,-74.456333,260.0,212.7,289.37
PTB.2018.096.18.30.05,PTB,2018.096.18.30.05,unlabelled,,,,,0,0,0.0,0.0,,,7.366000175476074,-77.16100311279297,31.25,2.2,6.5395,-74.456333,260.0,312.54,287.17
PTB.2018.097.03.01.30,PTB,2018.097.03.01.30,unlabelled,,,,,0,0,0.0,0.0,,,7.669000148773193,-77.20500183105469,12.98,1.8,6.5395,-74.456333,260.0,328.33,292.53
PTB.2018.099.01.26.22,PTB,2018.099.01.26.22,unlabelled,,,,,0,0,0.0,0.0,,,4.177999973297119,-75.64399719238281,18.49,1.5,6.5395,-74.456333,260.0,292.44,206.81
PTB.2018.099.05.38.02,PTB,2018.099.05.38.02,unlabelled,,,,,0,0,0.0,0.0,-1.62,-0.73,6.809000015258789,-76.7239990234375,4.29,2.0,6.5395,-74.456333,260.0,252.5,276.91
PTB.2018.099.09.30.10,PTB,2018.099.09.30.10,unlabelled,,,,,0,0,0.0,0.0,,,6.124000072479248,-72.6709976196289,4.3,1.6,6.5395,-74.456333,260.0,202.81,103.0
PTB.2018.099.19.53.51,PTB,2018.099.19.53.51,unlabelled,,,,,0,0,0.0,0.0,,,7.435999870300293,-72.0790023803711,17.11,1.5,6.5395,-74.456333,260.0,280.77,69.18
PTB.2018.099.22.23.09,PTB,2018.099.22.23.09,unlabelled,,,,,0,0,0.0,0.0,-2.14,,5.401000022888184,-75.94400024414062,19.87,1.7,6.5395,-74.456333,260.0,207.32,232.69
PTB.2018.100.02.15.54,PTB,2018.100.02.15.54,unlabelled,,,,,0,0,0.0,0.0,,,5.801000118255615,-72.59100341796875,1.01,1.7,6.5395,-74.456333,260.0,222.02,111.48
PTB.2018.100.04.19.29,PTB,2018.100.04.19.29,unlabelled,,,,,0,0,0.0,0.0,,,3.5450000762939453,-74.58899688720703,-0.04,1.8,6.5395,-74.456333,260.0,331.47,182.55
PTB.2018.100.18.21.34,PTB,2018.100.18.21.34,unlabelled,,,,,0,0,0.0,0.0,,,7.1620001792907715,-76.8740005493164,12.42,2.5,6.5395,-74.456333,260.0,275.95,284.59
PTB.2018.101.04.35.21,PTB,2018.101.04.35.21,unlabelled,,,,,0,0,0.0,0.0,,,4.828000068664551,-73.73300170898438,5.4,1.6,6.5395,-74.456333,260.0,205.53,157.02
PTB.2018.101.05.01.49,PTB,2018.101.05.01.49,unlabelled,,,,,0,0,0.0,0.0,,,5.821000099182129,-77.29299926757812,12.4,2.0,6.5395,-74.456333,260.0,323.85,255.95
PTB.2018.101.17.05.30,PTB,2018.101.17.05.30,unlabelled,,,,,0,0,0.0,0.0,,,6.820000171661377,-76.21399688720703,-0.05,1.8,6.5395,-74.456333,260.0,196.8,279.17
PTB.2018.102.00.47.59,PTB,2018.102.00.47.59,unlabelled,,,,,0,0,0.0,0.0,,,3.9609999656677246,-74.1259994506836,4.7,1.5,6.5395,-74.456333,260.0,287.48,172.67
PTB.2018.103.15.39.56,PTB,2018.103.15.39.56,unlabelled,,,,,0,0,0.0,0.0,,,6.955999851226807,-76.22000122070312,9.49,2.9,6.5395,-74.456333,260.0,200.35,283.39
PTB.2018.104.02.33.56,PTB,2018.104.02.33.56,unlabelled,,,,,0,0,0.0,0.0,,,5.492000102996826,-76.93499755859375,0.0,2.2,6.5395,-74.456333,260.0,297.86,247.25
PTB.2018.104.09.52.22,PTB,2018.104.09.52.22,unlabelled,,,,,0,0,0.0,0.0,,,6.650000095367432,-76.65699768066406,1.41,2.0,6.5395,-74.456333,260.0,243.67,273.0
PTB.2018.104.19.13.31,PTB,2018.104.19.13.31,unlabelled,,,,,0,0,0.0,0.0,,,5.486999988555908,-76.76899719238281,7.66,2.6,6.5395,-74.456333,260.0,281.25,245.68
PTB.2018.105.16.39.09,PTB,2018.105.16.39.09,unlabelled,,,,,0,0,0.0,0.0,,,7.090000152587891,-75.9990005493164,11.37,1.9,6.5395,-74.456333,260.0,181.06,289.74
PTB.2018.105.23.44.09,PTB,2018.105.23.44.09,unlabelled,,,,,0,0,0.0,0.0,-3.3,,5.747000217437744,-76.01599884033203,14.25,2.4,6.5395,-74.456333,260.0,193.6,243.17
PTB.2018.106.02.22.29,PTB,2018.106.02.22.29,unlabelled,,,,,0,0,0.0,0.0,,,6.311999797821045,-72.85800170898438,4.25,1.6,6.5395,-74.456333,260.0,178.6,98.01
PTB.2018.106.15.33.38,PTB,2018.106.15.33.38,unlabelled,,,,,0,0,0.0,0.0,,,5.678999900817871,-72.75399780273438,4.42,2.0,6.5395,-74.456333,260.0,211.1,116.7
PTB.2018.107.02.14.47,PTB,2018.107.02.14.47,unlabelled,,,,,0,0,0.0,0.0,-2.82,-0.44,7.104000091552734,-76.18000030517578,0.0,1.6,6.5395,-74.456333,260.0,200.49,288.24
PTB.2018.108.06.02.25,PTB,2018.108.06.02.25,unlabelled,,,,,0,0,0.0,0.0,,,5.186999797821045,-72.99199676513672,0.0,1.6,6.5395,-74.456333,260.0,220.6,132.61
PTB.2018.109.06.37.15,PTB,2018.109.06.37.15,unlabelled,,,,,0,0,0.0,0.0,,,3.562999963760376,-74.41899871826172,5.5,1.5,6.5395,-74.456333,260.0,329.18,179.28
PTB.2018.109.13.47.58,PTB,2018.109.13.47.58,unlabelled,,,,,0,0,0.0,0.0,,,4.359000205993652,-76.46900177001953,31.34,2.0,6.5395,-74.456333,260.0,328.46,222.87
PTB.2018.109.23.35.23,PTB,2018.109.23.35.23,unlabelled,,,,,0,0,0.0,0.0,,,3.562000036239624,-74.4219970703125,9.75,1.7,6.5395,-74.456333,260.0,329.28,179.34
PTB.2018.109.23.52.07,PTB,2018.109.23.52.07,unlabelled,,,,,0,0,0.0,0.0,,,4.708000183105469,-74.88600158691406,19.74,1.6,6.5395,-74.456333,260.0,208.05,193.25
PTB.2018.110.11.50.34,PTB,2018.110.11.50.34,unlabelled,,,,,0,0,0.0,0.0,,,4.630000114440918,-72.96099853515625,0.0,1.9,6.5395,-74.456333,260.0,268.39,141.81
PTB.2018.110.12.53.32,PTB,2018.110.12.53.32,unlabelled,,,,,0,0,0.0,0.0,,,4.610000133514404,-73.02400207519531,0.0,2.6,6.5395,-74.456333,260.0,265.91,143.29
PTB.2018.111.06.10.01,PTB,2018.111.06.10.01,unlabelled,,,,,0,0,0.0,0.0,-4.09,,6.547999858856201,-76.447998046875,27.6,1.7,6.5395,-74.456333,260.0,220.28,270.36
PTB.2018.113.05.04.25,PTB,2018.113.05.04.25,unlabelled,,,,,0,0,0.0,0.0,,,6.9039998054504395,-76.23300170898438,-0.02,1.9,6.5395,-74.456333,260.0,200.52,281.7
PTB.2018.114.09.20.47,PTB,2018.114.09.20.47,unlabelled,,,,,0,0,0.0,0.0,,,6.682000160217285,-76.6449966430664,6.34,1.6,6.5395,-74.456333,260.0,242.54,273.85
PTB.2018.115.04.50.48,PTB,2018.115.04.50.48,unlabelled,,,,,0,0,0.0,0.0,,,6.9120001792907715,-76.13600158691406,-0.24,1.7,6.5395,-74.456333,260.0,190.22,282.6
PTB.2018.115.20.20.36,PTB,2018.115.20.20.36,unlabelled,,,,,0,0,0.0,0.0,,,7.11299991607666,-72.0979995727539,4.8,2.1,6.5395,-74.456333,260.0,268.28,76.19
PTB.2018.116.13.10.33,PTB,2018.116.13.10.33,unlabelled,,,,,0,0,0.0,0.0,,,6.377999782562256,-71.95600128173828,0.0,3.0,6.5395,-74.456333,260.0,277.16,93.55
PTB.2018.116.14.44.19,PTB,2018.116.14.44.19,unlabelled,,,,,0,0,0.0,0.0,,,5.64900016784668,-73.09600067138672,0.01,1.7,6.5395,-74.456333,260.0,179.92,123.11
PTB.2018.116.17.41.22,PTB,2018.116.17.41.22,unlabelled,,,,,0,0,0.0,0.0,,,3.7769999504089355,-73.66600036621094,0.0,1.8,6.5395,-74.456333,260.0,317.8,163.96
PTB.2018.117.13.47.59,PTB,2018.117.13.47.59,unlabelled,,,,,0,0,0.0,0.0,,,6.696000099182129,-76.74800109863281,23.54,2.6,6.5395,-74.456333,260.0,254.01,274.04
PTB.2018.117.14.55.44,PTB,2018.117.14.55.44,unlabelled,,,,,0,0,0.0,0.0,,,6.129000186920166,-76.75700378417969,32.0,2.1,6.5395,-74.456333,260.0,258.57,260.02
PTB.2018.118.18.38.00,PTB,2018.118.18.38.00,unlabelled,,,,,0,0,0.0,0.0,,,7.125,-75.92400360107422,32.42,1.5,6.5395,-74.456333,260.0,174.67,291.84
PTB.2018.120.06.19.54,PTB,2018.120.06.19.54,unlabelled,,,,,0,0,0.0,0.0,,,7.254000186920166,-76.11299896240234,22.11,1.6,6.5395,-74.456333,260.0,199.42,293.44
PTB.2018.120.18.59.55,PTB,2018.120.18.59.55,unlabelled,,,,,0,0,0.0,0.0,-5.25,,6.609000205993652,-76.65399932861328,9.02,1.8,6.5395,-74.456333,260.0,243.17,271.94
PTB.2018.121.20.09.50,PTB,2018.121.20.09.50,unlabelled,,,,,0,0,0.0,0.0,,,4.684999942779541,-74.62200164794922,28.64,1.5,6.5395,-74.456333,260.0,205.9,185.12
PTB.2018.122.03.55.17,PTB,2018.122.03.55.17,unlabelled,,,,,0,0,0.0,0.0,-4.17,-0.62,5.711999893188477,-75.91899871826172,23.61,2.0,6.5395,-74.456333,260.0,185.97,240.6
PTB.2018.122.06.58.29,PTB,2018.122.06.58.29,unlabelled,,,,,0,0,0.0,0.0,,,5.192999839782715,-75.70999908447266,0.0,1.9,6.5395,-74.456333,260.0,203.58,223.06
PTB.2018.123.02.38.44,PTB,2018.123.02.38.44,unlabelled,,,,,0,0,0.0,0.0,,,4.423999786376953,-76.2229995727539,8.55,1.8,6.5395,-74.456333,260.0,305.04,220.01
PTB.2018.124.04.11.55,PTB,2018.124.04.11.55,unlabelled,,,,,0,0,0.0,0.0,-1.75,-4.8,7.1479997634887695,-76.25900268554688,0.46,1.9,6.5395,-74.456333,260.0,210.31,288.77
PTB.2018.124.04.18.28,PTB,2018.124.04.18.28,unlabelled,,,,,0,0,0.0,0.0,,,4.232999801635742,-75.83899688720703,2.45,1.7,6.5395,-74.456333,260.0,297.55,211.07
PTB.2018.125.22.33.57,PTB,2018.125.22.33.57,unlabelled,,,,,0,0,0.0,0.0,-3.7,,6.947000026702881,-76.22699737548828,-0.14,1.7,6.5395,-74.456333,260.0,200.87,283.07
PTB.2018.125.23.52.45,PTB,2018.125.23.52.45,unlabelled,,,,,0,0,0.0,0.0,,,5.333000183105469,-72.61199951171875,18.8,1.8,6.5395,-74.456333,260.0,243.94,123.06
PTB.2018.126.08.17.57,PTB,2018.126.08.17.57,unlabelled,,,,,0,0,0.0,0.0,,,7.495999813079834,-75.10399627685547,29.79,1.7,6.5395,-74.456333,260.0,127.71,325.96
PTB.2018.127.04.55.09,PTB,2018.127.04.55.09,unlabelled,,,,,0,0,0.0,0.0,,,7.0320000648498535,-76.81600189208984,22.63,1.7,6.5395,-74.456333,260.0,266.47,281.93
PTB.2018.127.09.57.39,PTB,2018.127.09.57.39,unlabelled,,,,,0,0,0.0,0.0,,,6.810999870300293,-76.62699890136719,22.89,1.6,6.5395,-74.456333,260.0,241.88,277.26
PTB.2018.127.23.41.37,PTB,2018.127.23.41.37,unlabelled,,,,,0,0,0.0,0.0,-1.16,,6.952000141143799,-76.68000030517578,3.98,2.3,6.5395,-74.456333,260.0,250.03,280.64
PTB.2018.128.09.40.43,PTB,2018.128.09.40.43,unlabelled,,,,,0,0,0.0,0.0,,,5.296000003814697,-74.11199951171875,12.93,1.6,6.5395,-74.456333,260.0,142.7,164.48
PTB.2018.128.18.18.56,PTB,2018.128.18.18.56,unlabelled,,,,,0,0,0.0,0.0,-6.57,,6.889999866485596,-76.34400177001953,14.98,1.7,6.5395,-74.456333,260.0,212.27,280.63
PTB.2018.128.19.45.56,PTB,2018.128.19.45.56,unlabelled,,,,,0,0,0.0,0.0,,,5.99399995803833,-72.50499725341797,3.36,2.0,6.5395,-74.456333,260.0,224.2,105.5
PTB.2018.128.20.55.49,PTB,2018.128.20.55.49,unlabelled,,,,,0,0,0.0,0.0,,,6.811999797821045,-71.97799682617188,12.45,1.9,6.5395,-74.456333,260.0,275.68,83.58
PTB.2018.129.04.40.29,PTB,2018.129.04.40.29,unlabelled,,,,,0,0,0.0,0.0,,,6.886000156402588,-76.3219985961914,14.94,1.5,6.5395,-74.456333,260.0,209.8,280.63
PTB.2018.129.20.36.32,PTB,2018.129.20.36.32,unlabelled,,,,,0,0,0.0,0.0,,,6.789999961853027,-76.04499816894531,15.68,1.9,6.5395,-74.456333,260.0,177.83,279.05
PTB.2018.130.00.07.35,PTB,2018.130.00.07.35,unlabelled,,,,,0,0,0.0,0.0,,,6.75,-76.75399780273438,29.27,2.0,6.5395,-74.456333,260.0,255.13,275.37
PTB.2018.130.10.35.33,PTB,2018.130.10.35.33,unlabelled,,,,,0,0,0.0,0.0,,,5.232999801635742,-72.68800354003906,6.11,2.3,6.5395,-74.456333,260.0,243.35,126.33
PTB.2018.130.10.44.57,PTB,2018.130.10.44.57,unlabelled,,,,,0,0,0.0,0.0,,,5.25600004196167,-72.68399810791016,-0.06,2.1,6.5395,-74.456333,260.0,242.2,125.78
PTB.2018.130.10.47.46,PTB,2018.130.10.47.46,unlabelled,,,,,0,0,0.0,0.0,,,5.289000034332275,-72.68900299072266,12.09,1.5,6.5395,-74.456333,260.0,239.62,125.15
PTB.2018.130.17.31.46,PTB,2018.130.17.31.46,unlabelled,,,,,0,0,0.0,0.0,,,3.5989999771118164,-74.44100189208984,19.25,1.6,6.5395,-74.456333,260.0,325.17,179.7
PTB.2018.130.20.55.07,PTB,2018.130.20.55.07,unlabelled,,,,,0,0,0.0,0.0,,,3.5789999961853027,-74.42400360107422,2.62,1.8,6.5395,-74.456333,260.0,327.4,179.37
PTB.2018.131.01.32.39,PTB,2018.131.01.32.39,unlabelled,,,,,0,0,0.0,0.0,-5.6,-0.47,6.295000076293945,-76.85900115966797,31.63,2.2,6.5395,-74.456333,260.0,267.17,264.33
PTB.2018.131.04.59.40,PTB,2018.131.04.59.40,unlabelled,,,,,0,0,0.0,0.0,,,5.715000152587891,-72.6729965209961,3.29,1.6,6.5395,-74.456333,260.0,217.43,114.7
PTB.2018.132.00.44.57,PTB,2018.132.00.44.57,unlabelled,,,,,0,0,0.0,0.0,,,7.2729997634887695,-76.36199951171875,20.13,1.7,6.5395,-74.456333,260.0,225.69,291.18
PTB.2018.134.14.57.56,PTB,2018.134.14.57.56,unlabelled,,,,,0,0,0.0,0.0,,,6.7170000076293945,-76.74299621582031,14.38,2.1,6.5395,-74.456333,260.0,253.62,274.57
PTB.2018.134.22.05.35,PTB,2018.134.22.05.35,unlabelled,,,,,0,0,0.0,0.0,,,5.309999942779541,-72.8290023803711,0.03,1.9,6.5395,-74.456333,260.0,225.73,126.95
PTB.2018.136.07.13.00,PTB,2018.136.07.13.00,unlabelled,,,,,0,0,0.0,0.0,,,7.320000171661377,-76.52799987792969,27.89,1.6,6.5395,-74.456333,260.0,244.67,290.78
PTB.2018.137.19.15.44,PTB,2018.137.19.15.44,unlabelled,,,,,0,0,0.0,0.0,,,5.0269999504089355,-73.27799987792969,0.0,2.1,6.5395,-74.456333,260.0,212.15,141.98
PTB.2018.137.20.10.30,PTB,2018.137.20.10.30,unlabelled,,,,,0,0,0.0,0.0,,,5.835000038146973,-74.87000274658203,4.65,1.7,6.5395,-74.456333,260.0,90.36,210.46
PTB.2018.137.22.02.02,PTB,2018.137.22.02.02,unlabelled,,,,,0,0,0.0,0.0,,,4.510000228881836,-76.42400360107422,35.51,2.2,6.5395,-74.456333,260.0,312.89,224.27
PTB.2018.138.01.42.03,PTB,2018.138.01.42.03,unlabelled,,,,,0,0,0.0,0.0,,,7.373000144958496,-76.69599914550781,7.56,2.4,6.5395,-74.456333,260.0,264.1,290.56
PTB.2018.138.03.35.43,PTB,2018.138.03.35.43,unlabelled,,,,,0,0,0.0,0.0,,,7.3460001945495605,-76.69300079345703,17.48,1.9,6.5395,-74.456333,260.0,262.77,289.97
PTB.2018.139.20.04.40,PTB,2018.139.20.04.40,unlabelled,,,,,0,0,0.0,0.0,,,7.646999835968018,-72.96800231933594,2.08,1.5,6.5395,-74.456333,260.0,205.02,53.23
PTB.2018.140.05.06.37,PTB,2018.140.05.06.37,unlabelled,,,,,0,0,0.0,0.0,-5.37,-0.64,6.946000099182129,-76.24700164794922,12.87,1.4,6.5395,-74.456333,260.0,203.01,282.9
PTB.2018.140.09.34.15,PTB,2018.140.09.34.15,unlabelled,,,,,0,0,0.0,0.0,,,4.922999858856201,-73.35900115966797,20.92,1.8,6.5395,-74.456333,260.0,216.17,145.73
PTB.2018.140.19.41.57,PTB,2018.140.19.41.57,unlabelled,,,,,0,0,0.0,0.0,,,6.502999782562256,-71.92900085449219,-0.03,2.5,6.5395,-74.456333,260.0,279.56,90.68
PTB.2018.141.15.41.37,PTB,2018.141.15.41.37,unlabelled,,,,,0,0,0.0,0.0,-0.46,,5.36899995803833,-75.05899810791016,26.98,1.6,6.5395,-74.456333,260.0,145.63,207.3
PTB.2018.142.11.13.20,PTB,2018.142.11.13.20,unlabelled,,,,,0,0,0.0,0.0,,,4.434999942779541,-73.51000213623047,5.22,1.5,6.5395,-74.456333,260.0,255.26,155.7
PTB.2018.143.12.49.10,PTB,2018.143.12.49.10,unlabelled,,,,,0,0,0.0,0.0,,,4.434000015258789,-73.84100341796875,-0.01,1.8,6.5395,-74.456333,260.0,242.61,163.65
PTB.2018.144.09.54.49,PTB,2018.144.09.54.49,unlabelled,,,,,0,0,0.0,0.0,,,5.269999980926514,-72.93900299072266,0.0,1.6,6.5395,-74.456333,260.0,218.95,129.8
PTB.2018.145.13.35.31,PTB,2018.145.13.35.31,unlabelled,,,,,0,0,0.0,0.0,,,4.894000053405762,-73.25499725341797,20.66,2.5,6.5395,-74.456333,260.0,225.43,143.76
PTB.2018.146.06.15.00,PTB,2018.146.06.15.00,unlabelled,,,,,0,0,0.0,0.0,,,7.0,-72.4260025024414,0.0,2.0,6.5395,-74.456333,260.0,230.15,77.1
PTB.2018.146.22.58.16,PTB,2018.146.22.58.16,unlabelled,,,,,0,0,0.0,0.0,,,6.951000213623047,-71.80500030517578,4.86,1.5,6.5395,-74.456333,260.0,296.63,81.02
PTB.2018.147.03.16.57,PTB,2018.147.03.16.57,unlabelled,,,,,0,0,0.0,0.0,,,5.035999774932861,-74.56099700927734,15.64,1.7,6.5395,-74.456333,260.0,166.67,183.99
PTB.2018.147.17.36.44,PTB,2018.147.17.36.44,unlabelled,,,,,0,0,0.0,0.0,,,4.985000133514404,-72.6729965209961,0.0,1.9,6.5395,-74.456333,260.0,261.85,130.94
PTB.2018.148.11.18.38,PTB,2018.148.11.18.38,unlabelled,,,,,0,0,0.0,0.0,-0.41,,6.747000217437744,-76.12000274658203,9.13,1.7,6.5395,-74.456333,260.0,185.39,277.21
PTB.2018.149.01.57.19,PTB,2018.149.01.57.19,unlabelled,,,,,0,0,0.0,0.0,,,4.330999851226807,-73.88700103759766,4.51,1.8,6.5395,-74.456333,260.0,252.24,165.49
PTB.2018.149.07.06.20,PTB,2018.149.07.06.20,unlabelled,,,,,0,0,0.0,0.0,,,4.8460001945495605,-75.66699981689453,1.75,1.5,6.5395,-74.456333,260.0,230.34,215.67
PTB.2018.149.08.08.54,PTB,2018.149.08.08.54,unlabelled,,,,,0,0,0.0,0.0,,,4.872000217437744,-75.66300201416016,2.65,1.5,6.5395,-74.456333,260.0,227.75,216.0
PTB.2018.149.14.12.50,PTB,2018.149.14.12.50,unlabelled,,,,,0,0,0.0,0.0,-2.59,-8.59,7.183000087738037,-76.19599914550781,-0.03,1.6,6.5395,-74.456333,260.0,205.03,290.41
PTB.2018.149.16.31.46,PTB,2018.149.16.31.46,unlabelled,,,,,0,0,0.0,0.0,,,3.5439999103546143,-74.41899871826172,2.4,2.0,6.5395,-74.456333,260.0,331.28,179.28
PTB.2018.150.00.42.39,PTB,2018.150.00.42.39,unlabelled,,,,,0,0,0.0,0.0,,,7.046000003814697,-76.31999969482422,15.0,2.3,6.5395,-74.456333,260.0,213.49,285.32
PTB.2018.150.01.44.46,PTB,2018.150.01.44.46,unlabelled,,,,,0,0,0.0,0.0,,,3.569999933242798,-74.43099975585938,15.44,1.5,6.5395,-74.456333,260.0,328.39,179.51
PTB.2018.150.03.25.49,PTB,2018.150.03.25.49,unlabelled,,,,,0,0,0.0,0.0,,,3.9709999561309814,-75.54299926757812,0.13,2.1,6.5395,-74.456333,260.0,308.52,203.03
PTB.2018.150.17.00.11,PTB,2018.150.17.00.11,unlabelled,,,,,0,0,0.0,0.0,,,5.593999862670898,-76.68399810791016,23.31,2.0,6.5395,-74.456333,260.0,267.85,247.14
PTB.2018.150.19.42.21,PTB,2018.150.19.42.21,unlabelled,,,,,0,0,0.0,0.0,,,4.724999904632568,-74.75399780273438,12.1,1.6,6.5395,-74.456333,260.0,203.35,189.35
PTB.2018.151.10.17.46,PTB,2018.151.10.17.46,unlabelled,,,,,0,0,0.0,0.0,,,3.9059998989105225,-73.64299774169922,19.49,1.7,6.5395,-74.456333,260.0,304.86,162.76
PTB.2018.151.16.16.09,PTB,2018.151.16.16.09,unlabelled,,,,,0,0,0.0,0.0,,,4.060999870300293,-75.45800018310547,4.55,2.0,6.5395,-74.456333,260.0,295.71,202.1
PTB.2018.152.23.39.15,PTB,2018.152.23.39.15,unlabelled,,,,,0,0,0.0,0.0,,,4.867000102996826,-75.66300201416016,3.64,1.6,6.5395,-74.456333,260.0,228.2,215.92
PTB.2018.153.20.04.38,PTB,2018.153.20.04.38,unlabelled,,,,,0,0,0.0,0.0,,,6.873000144958496,-76.6449966430664,15.87,1.9,6.5395,-74.456333,260.0,244.78,278.79
PTB.2018.155.00.55.30,PTB,2018.155.00.55.30,unlabelled,,,,,0,0,0.0,0.0,,,7.145999908447266,-76.90499877929688,22.43,2.2,6.5395,-74.456333,260.0,278.84,284.06
PTB.2018.155.20.34.07,PTB,2018.155.20.34.07,unlabelled,,,,,0,0,0.0,0.0,,,5.031000137329102,-72.78500366210938,18.68,2.0,6.5395,-74.456333,260.0,249.18,131.94
PTB.2018.157.18.22.36,PTB,2018.157.18.22.36,unlabelled,,,,,0,0,0.0,0.0,,,5.091000080108643,-72.94300079345703,13.16,1.7,6.5395,-74.456333,260.0,231.84,133.62
PTB.2018.158.03.40.12,PTB,2018.158.03.40.12,unlabelled,,,,,0,0,0.0,0.0,,,5.915999889373779,-72.38099670410156,2.11,1.7,6.5395,-74.456333,260.0,239.8,106.6
PTB.2018.158.04.31.31,PTB,2018.158.04.31.31,unlabelled,,,,,0,0,0.0,0.0,,,7.086999893188477,-76.19100189208984,12.66,1.5,6.5395,-74.456333,260.0,201.08,287.63
PTB.2018.159.07.43.24,PTB,2018.159.07.43.24,unlabelled,,,,,0,0,0.0,0.0,,,7.186999797821045,-76.94300079345703,25.67,1.9,6.5395,-74.456333,260.0,284.02,284.75
PTB.2018.160.03.09.10,PTB,2018.160.03.09.10,unlabelled,,,,,0,0,0.0,0.0,-0.43,-0.06,3.572000026702881,-74.45899963378906,18.75,1.5,6.5395,-74.456333,260.0,328.16,180.05
PTB.2018.160.17.01.55,PTB,2018.160.17.01.55,unlabelled,,,,,0,0,0.0,0.0,,,7.289999961853027,-71.98100280761719,0.0,2.0,6.5395,-74.456333,260.0,285.87,72.98
PTB.2018.160.19.19.58,PTB,2018.160.19.19.58,unlabelled,,,,,0,0,0.0,0.0,,,7.415999889373779,-76.94400024414062,19.34,1.7,6.5395,-74.456333,260.0,291.48,289.57
PTB.2018.161.05.25.45,PTB,2018.161.05.25.45,unlabelled,,,,,0,0,0.0,0.0,-0.51,,6.992000102996826,-76.22599792480469,0.0,1.8,6.5395,-74.456333,260.0,201.93,284.45
PTB.2018.161.08.04.40,PTB,2018.161.08.04.40,unlabelled,,,,,0,0,0.0,0.0,-0.18,,6.9070000648498535,-76.63300323486328,-0.01,1.9,6.5395,-74.456333,260.0,244.06,279.71
PTB.2018.161.15.19.17,PTB,2018.161.15.19.17,unlabelled,,,,,0,0,0.0,0.0,,,7.26200008392334,-72.72599792480469,-0.01,1.9,6.5395,-74.456333,260.0,207.25,67.22
PTB.2018.161.17.36.27,PTB,2018.161.17.36.27,unlabelled,,,,,0,0,0.0,0.0,,,4.296999931335449,-75.19499969482422,19.02,1.5,6.5395,-74.456333,260.0,261.15,198.3
PTB.2018.161.23.33.29,PTB,2018.161.23.33.29,unlabelled,,,,,0,0,0.0,0.0,-0.89,,4.080999851226807,-74.08399963378906,20.9,2.7,6.5395,-74.456333,260.0,274.98,171.35
PTB.2018.162.14.43.14,PTB,2018.162.14.43.14,unlabelled,,,,,0,0,0.0,0.0,,,5.236000061035156,-72.76399993896484,0.82,1.7,6.5395,-74.456333,260.0,236.43,127.48
PTB.2018.164.06.23.40,PTB,2018.164.06.23.40,unlabelled,,,,,0,0,0.0,0.0,,,7.428999900817871,-77.21600341796875,35.41,2.0,6.5395,-74.456333,260.0,320.41,288.04
PTB.2018.164.23.05.56,PTB,2018.164.23.05.56,unlabelled,,,,,0,0,0.0,0.0,,,5.806000232696533,-75.97599792480469,21.21,1.8,6.5395,-74.456333,260.0,186.73,244.34
PTB.2018.165.12.07.01,PTB,2018.165.12.07.01,unlabelled,,,,,0,0,0.0,0.0,,,7.067999839782715,-77.06900024414062,20.12,1.9,6.5395,-74.456333,260.0,294.66,281.59
PTB.2018.165.13.14.56,PTB,2018.165.13.14.56,unlabelled,,,,,0,0,0.0,0.0,,,3.558000087738037,-74.29199981689453,12.93,3.1,6.5395,-74.456333,260.0,330.21,176.83
PTB.2018.166.00.14.31,PTB,2018.166.00.14.31,unlabelled,,,,,0,0,0.0,0.0,,,6.886000156402588,-76.37999725341797,14.16,1.6,6.5395,-74.456333,260.0,216.11,280.32
PTB.2018.168.11.41.21,PTB,2018.168.11.41.21,unlabelled,,,,,0,0,0.0,0.0,,,4.478000164031982,-76.55699920654297,37.36,1.9,6.5395,-74.456333,260.0,325.8,225.7
PTB.2018.169.17.05.30,PTB,2018.169.17.05.30,unlabelled,,,,,0,0,0.0,0.0,-2.05,,6.927000045776367,-76.26799774169922,0.0,2.9,6.5395,-74.456333,260.0,204.82,282.18
PTB.2018.170.03.43.48,PTB,2018.170.03.43.48,unlabelled,,,,,0,0,0.0,0.0,,,6.836999893188477,-76.63200378417969,15.35,1.5,6.5395,-74.456333,260.0,242.8,277.91
PTB.2018.170.06.50.14,PTB,2018.170.06.50.14,unlabelled,,,,,0,0,0.0,0.0,,,7.078000068664551,-72.19300079345703,0.23,1.6,6.5395,-74.456333,260.0,257.18,76.48
PTB.2018.170.11.38.21,PTB,2018.170.11.38.21,unlabelled,,,,,0,0,0.0,0.0,,,6.813000202178955,-76.35800170898438,5.01,1.8,6.5395,-74.456333,260.0,212.43,278.3
PTB.2018.171.08.55.14,PTB,2018.171.08.55.14,unlabelled,,,,,0,0,0.0,0.0,,,6.178999900817871,-76.7490005493164,3.4,1.5,6.5395,-74.456333,260.0,256.77,261.2
PTB.2018.171.20.12.14,PTB,2018.171.20.12.14,unlabelled,,,,,0,0,0.0,0.0,,,6.947999954223633,-76.27799987792969,0.06,4.6,6.5395,-74.456333,260.0,206.4,282.75
PTB.2018.171.20.17.27,PTB,2018.171.20.17.27,unlabelled,,,,,0,0,0.0,0.0,-0.17,,6.888999938964844,-76.2040023803711,0.24,2.4,6.5395,-74.456333,260.0,197.05,281.41
PTB.2018.171.20.28.18,PTB,2018.171.20.28.18,unlabelled,,,,,0,0,0.0,0.0,,,6.9039998054504395,-76.2300033569336,-0.11,1.6,6.5395,-74.456333,260.0,200.2,281.72
PTB.2018.171.20.31.46,PTB,2018.171.20.31.46,unlabelled,,,,,0,0,0.0,0.0,,,6.88100004196167,-76.22899627685547,-0.21,1.7,6.5395,-74.456333,260.0,199.59,281.01
PTB.2018.171.21.30.15,PTB,2018.171.21.30.15,unlabelled,,,,,0,0,0.0,0.0,,,6.90500020980835,-76.28199768066406,27.31,1.1,6.5395,-74.456333,260.0,205.85,281.43
PTB.2018.171.21.49.12,PTB,2018.171.21.49.12,unlabelled,,,,,0,0,0.0,0.0,,,6.918000221252441,-76.18399810791016,-0.11,1.6,6.5395,-74.456333,260.0,195.54,282.46
PTB.2018.171.21.57.26,PTB,2018.171.21.57.26,unlabelled,,,,,0,0,0.0,0.0,,,6.913000106811523,-76.31700134277344,4.24,2.3,6.5395,-74.456333,260.0,209.82,281.46
PTB.2018.171.22.20.16,PTB,2018.171.22.20.16,unlabelled,,,,,0,0,0.0,0.0,,,6.978000164031982,-76.74299621582031,23.97,2.1,6.5395,-74.456333,260.0,257.4,280.99
PTB.2018.171.22.34.31,PTB,2018.171.22.34.31,unlabelled,,,,,0,0,0.0,0.0,,,6.915999889373779,-76.27300262451172,-0.12,3.3,6.5395,-74.456333,260.0,205.12,281.82
PTB.2018.171.22.41.07,PTB,2018.171.22.41.07,unlabelled,,,,,0,0,0.0,0.0,-2.24,,6.89300012588501,-76.26899719238281,-0.06,1.9,6.5395,-74.456333,260.0,204.19,281.14
PTB.2018.171.22.44.32,PTB,2018.171.22.44.32,unlabelled,,,,,0,0,0.0,0.0,,,6.908999919891357,-76.27200317382812,-0.1,3.4,6.5395,-74.456333,260.0,204.85,281.61
PTB.2018.171.22.54.22,PTB,2018.171.22.54.22,unlabelled,,,,,0,0,0.0,0.0,,,6.880000114440918,-76.23899841308594,-0.04,1.6,6.5395,-74.456333,260.0,200.66,280.92
PTB.2018.174.10.28.06,PTB,2018.174.10.28.06,unlabelled,,,,,0,0,0.0,0.0,,,3.7679998874664307,-74.72000122070312,40.4,2.1,6.5395,-74.456333,260.0,307.87,185.46
PTB.2018.174.20.47.49,PTB,2018.174.20.47.49,unlabelled,,,,,0,0,0.0,0.0,,,4.013000011444092,-75.72000122070312,3.76,1.8,6.5395,-74.456333,260.0,312.53,206.69
PTB.2018.174.21.12.44,PTB,2018.174.21.12.44,unlabelled,,,,,0,0,0.0,0.0,,,7.718999862670898,-72.77300262451172,12.58,2.0,6.5395,-74.456333,260.0,227.14,54.85
PTB.2018.177.04.58.49,PTB,2018.177.04.58.49,unlabelled,,,,,0,0,0.0,0.0,,,7.214000225067139,-76.5989990234375,22.14,1.7,6.5395,-74.456333,260.0,248.28,287.61
PTB.2018.177.08.51.15,PTB,2018.177.08.51.15,unlabelled,,,,,0,0,0.0,0.0,,,4.7170000076293945,-73.40299987792969,-0.01,1.7,6.5395,-74.456333,260.0,232.88,149.88
PTB.2018.177.11.37.34,PTB,2018.177.11.37.34,unlabelled,,,,,0,0,0.0,0.0,,,4.045000076293945,-75.5999984741211,3.88,1.7,6.5395,-74.456333,260.0,303.58,204.74
PTB.2018.178.06.17.53,PTB,2018.178.06.17.53,unlabelled,,,,,0,0,0.0,0.0,,,6.585999965667725,-76.76300048828125,5.77,1.8,6.5395,-74.456333,260.0,255.16,271.29
PTB.2018.179.04.33.39,PTB,2018.179.04.33.39,unlabelled,,,,,0,0,0.0,0.0,,,3.5759999752044678,-74.4219970703125,5.19,1.8,6.5395,-74.456333,260.0,327.74,179.33
PTB.2018.179.09.37.49,PTB,2018.179.09.37.49,unlabelled,,,,,0,0,0.0,0.0,,,6.546999931335449,-76.48799896240234,0.0,1.8,6.5395,-74.456333,260.0,224.7,270.33
PTB.2018.179.10.35.21,PTB,2018.179.10.35.21,unlabelled,,,,,0,0,0.0,0.0,,,7.019999980926514,-76.20099639892578,3.0,1.5,6.5395,-74.456333,260.0,200.05,285.51
PTB.2018.180.02.55.18,PTB,2018.180.02.55.18,unlabelled,,,,,0,0,0.0,0.0,,,6.830999851226807,-76.4219970703125,2.99,3.2,6.5395,-74.456333,260.0,219.72,278.55
PTB.2018.180.09.28.09,PTB,2018.180.09.28.09,unlabelled,,,,,0,0,0.0,0.0,,,6.506999969482422,-71.93299865722656,-0.12,1.7,6.5395,-74.456333,260.0,279.11,90.59
PTB.2018.182.04.20.38,PTB,2018.182.04.20.38,unlabelled,,,,,0,0,0.0,0.0,,,4.715000152587891,-74.68000030517578,14.47,2.0,6.5395,-74.456333,260.0,203.28,187.01
PTB.2018.183.04.55.42,PTB,2018.183.04.55.42,unlabelled,,,,,0,0,0.0,0.0,,,7.120999813079834,-77.13700103759766,11.97,1.9,6.5395,-74.456333,260.0,303.2,282.4
PTB.2018.183.07.47.40,PTB,2018.183.07.47.40,unlabelled,,,,,0,0,0.0,0.0,,,6.9070000648498535,-76.27400207519531,0.16,2.0,6.5395,-74.456333,260.0,205.03,281.54
PTB.2018.183.07.48.52,PTB,2018.183.07.48.52,unlabelled,,,,,0,0,0.0,0.0,,,6.915999889373779,-76.26699829101562,9.59,2.8,6.5395,-74.456333,260.0,204.47,281.85
PTB.2018.183.07.50.46,PTB,2018.183.07.50.46,unlabelled,,,,,0,0,0.0,0.0,,,6.9029998779296875,-76.2020034790039,-0.02,1.8,6.5395,-74.456333,260.0,197.14,281.87
PTB.2018.183.08.04.50,PTB,2018.183.08.04.50,unlabelled,,,,,0,0,0.0,0.0,,,6.935999870300293,-76.2030029296875,0.13,1.7,6.5395,-74.456333,260.0,198.02,282.89
PTB.2018.183.08.17.46,PTB,2018.183.08.17.46,unlabelled,,,,,0,0,0.0,0.0,,,6.927000045776367,-76.2030029296875,-0.09,1.5,6.5395,-74.456333,260.0,197.8,282.61
PTB.2018.183.09.08.23,PTB,2018.183.09.08.23,unlabelled,,,,,0,0,0.0,0.0,,,4.801000118255615,-74.58499908447266,35.13,1.5,6.5395,-74.456333,260.0,192.78,184.25
PTB.2018.183.10.06.57,PTB,2018.183.10.06.57,unlabelled,,,,,0,0,0.0,0.0,,,6.915999889373779,-76.24500274658203,-0.05,1.7,6.5395,-74.456333,260.0,202.09,281.99
PTB.2018.184.04.02.25,PTB,2018.184.04.02.25,unlabelled,,,,,0,0,0.0,0.0,,,7.127999782562256,-76.01200103759766,-0.02,1.9,6.5395,-74.456333,260.0,183.86,290.82
PTB.2018.184.11.38.52,PTB,2018.184.11.38.52,unlabelled,,,,,0,0,0.0,0.0,-1.23,,6.829999923706055,-76.23999786376953,0.02,1.7,6.5395,-74.456333,260.0,199.81,279.36
PTB.2018.184.13.24.54,PTB,2018.184.13.24.54,unlabelled,,,,,0,0,0.0,0.0,-5.13,-0.92,6.921999931335449,-76.27100372314453,10.94,2.2,6.5395,-74.456333,260.0,205.04,282.01
PTB.2018.185.20.47.08,PTB,2018.185.20.47.08,unlabelled,,,,,0,0,0.0,0.0,,,7.033999919891357,-77.08100128173828,9.45,2.0,6.5395,-74.456333,260.0,295.25,280.83
PTB.2018.186.02.13.47,PTB,2018.186.02.13.47,unlabelled,,,,,0,0,0.0,0.0,-6.37,-3.34,6.804999828338623,-73.13099670410156,142.54,2.5,6.5395,-74.456333,260.0,149.46,78.59
PTB.2018.186.02.35.28,PTB,2018.186.02.35.28,unlabelled,,,,,0,0,0.0,0.0,,,6.97599983215332,-76.33799743652344,8.19,1.5,6.5395,-74.456333,260.0,213.55,283.17
PTB.2018.186.15.25.04,PTB,2018.186.15.25.04,unlabelled,,,,,0,0,0.0,0.0,,,6.823999881744385,-76.76399993896484,24.66,2.4,6.5395,-74.456333,260.0,257.09,277.16
PTB.2018.186.17.59.00,PTB,2018.186.17.59.00,unlabelled,,,,,0,0,0.0,0.0,,,5.803999900817871,-76.66899871826172,17.06,2.0,6.5395,-74.456333,260.0,258.05,251.75
PTB.2018.186.22.13.30,PTB,2018.186.22.13.30,unlabelled,,,,,0,0,0.0,0.0,,,6.859000205993652,-76.28700256347656,8.7,1.7,6.5395,-74.456333,260.0,205.47,280.01
PTB.2018.186.23.57.18,PTB,2018.186.23.57.18,unlabelled,,,,,0,0,0.0,0.0,,,7.465000152587891,-72.22200012207031,-0.01,1.8,6.5395,-74.456333,260.0,267.25,67.35
PTB.2018.187.00.16.57,PTB,2018.187.00.16.57,unlabelled,,,,,0,0,0.0,0.0,,,5.448999881744385,-75.94300079345703,12.97,1.6,6.5395,-74.456333,260.0,204.04,233.85
PTB.2018.187.07.38.29,PTB,2018.187.07.38.29,unlabelled,,,,,0,0,0.0,0.0,-7.64,-0.12,6.171999931335449,-72.52200317382812,-0.03,1.9,6.5395,-74.456333,260.0,217.84,100.64
PTB.2018.188.15.50.02,PTB,2018.188.15.50.02,unlabelled,,,,,0,0,0.0,0.0,-2.16,,6.889999866485596,-76.25299835205078,-0.02,1.7,6.5395,-74.456333,260.0,202.39,281.15
PTB.2018.190.08.00.21,PTB,2018.190.08.00.21,unlabelled,,,,,0,0,0.0,0.0,,,6.6519999504089355,-76.12200164794922,0.18,1.6,6.5395,-74.456333,260.0,184.62,273.96
PTB.2018.192.04.01.08,PTB,2018.192.04.01.08,unlabelled,,,,,0,0,0.0,0.0,,,6.749000072479248,-76.60800170898438,4.94,2.4,6.5395,-74.456333,260.0,239.05,275.69
PTB.2018.192.12.27.20,PTB,2018.192.12.27.20,unlabelled,,,,,0,0,0.0,0.0,-3.11,-1.84,3.880000114440918,-74.09300231933594,1.99,1.7,6.5395,-74.456333,260.0,296.84,172.18
PTB.2018.194.01.08.38,PTB,2018.194.01.08.38,unlabelled,,,,,0,0,0.0,0.0,,,6.806000232696533,-76.45800018310547,20.67,1.8,6.5395,-74.456333,260.0,223.28,277.7
PTB.2018.194.06.52.39,PTB,2018.194.06.52.39,unlabelled,,,,,0,0,0.0,0.0,-3.97,,6.886000156402588,-76.2969970703125,-0.23,1.5,6.5395,-74.456333,260.0,207.08,280.77
PTB.2018.194.07.37.28,PTB,2018.194.07.37.28,unlabelled,,,,,0,0,0.0,0.0,,,7.189000129699707,-76.97200012207031,20.96,1.8,6.5395,-74.456333,260.0,287.17,284.63
PTB.2018.194.14.11.02,PTB,2018.194.14.11.02,unlabelled,,,,,0,0,0.0,0.0,,,6.923999786376953,-76.71800231933594,16.91,1.9,6.5395,-74.456333,260.0,253.63,279.78
PTB.2018.194.16.52.52,PTB,2018.194.16.52.52,unlabelled,,,,,0,0,0.0,0.0,,,7.406000137329102,-72.10299682617188,1.68,2.4,6.5395,-74.456333,260.0,277.14,69.63
PTB.2018.194.20.39.38,PTB,2018.194.20.39.38,unlabelled,,,,,0,0,0.0,0.0,,,7.23199987411499,-76.97200012207031,15.29,2.4,6.5395,-74.456333,260.0,288.39,285.55
PTB.2018.195.02.04.29,PTB,2018.195.02.04.29,unlabelled,,,,,0,0,0.0,0.0,,,5.185999870300293,-74.78900146484375,17.14,2.1,6.5395,-74.456333,260.0,154.14,193.84
PTB.2018.195.02.26.53,PTB,2018.195.02.26.53,unlabelled,,,,,0,0,0.0,0.0,,,6.0370001792907715,-72.63300323486328,4.64,1.9,6.5395,-74.456333,260.0,209.27,105.3
PTB.2018.195.20.05.01,PTB,2018.195.20.05.01,unlabelled,,,,,0,0,0.0,0.0,,,5.045000076293945,-73.0989990234375,1.01,2.0,6.5395,-74.456333,260.0,223.41,137.64
PTB.2018.196.08.18.42,PTB,2018.196.08.18.42,unlabelled,,,,,0,0,0.0,0.0,,,5.004000186920166,-72.92500305175781,0.0,1.5,6.5395,-74.456333,260.0,240.0,134.95
PTB.2018.197.03.59.38,PTB,2018.197.03.59.38,unlabelled,,,,,0,0,0.0,0.0,,,7.618000030517578,-77.27400207519531,8.68,2.3,6.5395,-74.456333,260.0,333.35,291.13
PTB.2018.197.15.49.34,PTB,2018.197.15.49.34,unlabelled,,,,,0,0,0.0,0.0,,,4.510000228881836,-76.05899810791016,32.69,2.4,6.5395,-74.456333,260.0,286.19,218.43
PTB.2018.197.22.52.55,PTB,2018.197.22.52.55,unlabelled,,,,,0,0,0.0,0.0,,,4.986999988555908,-72.88099670410156,0.0,2.0,6.5395,-74.456333,260.0,244.78,134.45
PTB.2018.199.10.04.36,PTB,2018.199.10.04.36,unlabelled,,,,,0,0,0.0,0.0,-1.35,,6.9019999504089355,-76.22799682617188,-0.06,1.5,6.5395,-74.456333,260.0,199.93,281.67
PTB.2018.199.17.52.53,PTB,2018.199.17.52.53,unlabelled,,,,,0,0,0.0,0.0,,,4.046999931335449,-75.73300170898438,18.3,1.6,6.5395,-74.456333,260.0,309.83,207.24
PTB.2018.201.09.31.15,PTB,2018.201.09.31.15,unlabelled,,,,,0,0,0.0,0.0,,,7.313000202178955,-77.13099670410156,10.25,1.9,6.5395,-74.456333,260.0,307.71,286.3
PTB.2018.201.18.35.41,PTB,2018.201.18.35.41,unlabelled,,,,,0,0,0.0,0.0,,,6.8979997634887695,-76.34600067138672,0.07,2.2,6.5395,-74.456333,260.0,212.65,280.85
PTB.2018.202.06.48.15,PTB,2018.202.06.48.15,unlabelled,,,,,0,0,0.0,0.0,,,6.848999977111816,-76.5469970703125,-0.02,1.5,6.5395,-74.456333,260.0,233.68,278.54
PTB.2018.203.01.50.48,PTB,2018.203.01.50.48,unlabelled,,,,,0,0,0.0,0.0,,,5.120999813079834,-75.77999877929688,0.0,2.2,6.5395,-74.456333,260.0,214.7,223.13
PTB.2018.203.04.55.02,PTB,2018.203.04.55.02,unlabelled,,,,,0,0,0.0,0.0,,,6.4019999504089355,-76.76899719238281,4.83,2.1,6.5395,-74.456333,260.0,256.27,266.73
PTB.2018.203.20.21.49,PTB,2018.203.20.21.49,unlabelled,,,,,0,0,0.0,0.0,,,7.25600004196167,-76.83699798583984,21.78,1.8,6.5395,-74.456333,260.0,274.78,286.9
PTB.2018.204.00.42.51,PTB,2018.204.00.42.51,unlabelled,,,,,0,0,0.0,0.0,,,3.621000051498413,-74.4469985961914,10.86,1.5,6.5395,-74.456333,260.0,322.74,179.82
PTB.2018.204.08.52.19,PTB,2018.204.08.52.19,unlabelled,,,,,0,0,0.0,0.0,,,7.223999977111816,-76.70899963378906,16.86,2.2,6.5395,-74.456333,260.0,260.22,287.04
PTB.2018.204.10.10.09,PTB,2018.204.10.10.09,unlabelled,,,,,0,0,0.0,0.0,,,7.2170000076293945,-76.70800018310547,17.02,1.6,6.5395,-74.456333,260.0,259.89,286.89
PTB.2018.204.11.35.59,PTB,2018.204.11.35.59,unlabelled,,,,,0,0,0.0,0.0,,,3.61899995803833,-74.68299865722656,26.75,1.5,6.5395,-74.456333,260.0,323.93,184.46
PTB.2018.204.16.21.24,PTB,2018.204.16.21.24,unlabelled,,,,,0,0,0.0,0.0,,,7.235000133514404,-76.68299865722656,17.11,1.7,6.5395,-74.456333,260.0,257.83,287.49
PTB.2018.204.16.36.45,PTB,2018.204.16.36.45,unlabelled,,,,,0,0,0.0,0.0,,,7.565000057220459,-77.06999969482422,26.72,2.6,6.5395,-74.456333,260.0,310.23,291.6
PTB.2018.205.14.56.15,PTB,2018.205.14.56.15,unlabelled,,,,,0,0,0.0,0.0,,,4.763999938964844,-74.68199920654297,3.91,1.6,6.5395,-74.456333,260.0,197.93,187.27
PTB.2018.205.21.57.57,PTB,2018.205.21.57.57,unlabelled,,,,,0,0,0.0,0.0,,,4.177000045776367,-73.79399871826172,3.84,1.6,6.5395,-74.456333,260.0,271.37,164.27
PTB.2018.206.00.05.42,PTB,2018.206.00.05.42,unlabelled,,,,,0,0,0.0,0.0,,,4.034999847412109,-74.02200317382812,24.88,1.9,6.5395,-74.456333,260.0,281.11,170.12
PTB.2018.206.01.51.35,PTB,2018.206.01.51.35,unlabelled,,,,,0,0,0.0,0.0,,,4.184000015258789,-73.79000091552734,4.39,1.5,6.5395,-74.456333,260.0,270.75,164.14
PTB.2018.206.15.32.42,PTB,2018.206.15.32.42,unlabelled,,,,,0,0,0.0,0.0,,,5.629000186920166,-72.71700286865234,12.62,2.5,6.5395,-74.456333,260.0,217.27,117.51
PTB.2018.206.16.23.29,PTB,2018.206.16.23.29,unlabelled,,,,,0,0,0.0,0.0,,,4.1570000648498535,-73.81900024414062,2.38,1.5,6.5395,-74.456333,260.0,272.77,164.96
PTB.2018.206.19.04.48,PTB,2018.206.19.04.48,unlabelled,,,,,0,0,0.0,0.0,,,4.165999889373779,-73.83100128173828,13.87,2.2,6.5395,-74.456333,260.0,271.47,165.18
PTB.2018.207.09.12.06,PTB,2018.207.09.12.06,unlabelled,,,,,0,0,0.0,0.0,,,4.15500020980835,-73.81700134277344,12.87,1.7,6.5395,-74.456333,260.0,273.04,164.93
PTB.2018.208.00.12.46,PTB,2018.208.00.12.46,unlabelled,,,,,0,0,0.0,0.0,-0.15,-2.04,7.519999980926514,-75.36699676513672,26.06,1.7,6.5395,-74.456333,260.0,147.92,317.2
PTB.2018.208.07.14.23,PTB,2018.208.07.14.23,unlabelled,,,,,0,0,0.0,0.0,,,6.956999778747559,-76.28099822998047,0.15,1.5,6.5395,-74.456333,260.0,206.94,283.0
PTB.2018.208.19.11.55,PTB,2018.208.19.11.55,unlabelled,,,,,0,0,0.0,0.0,,,4.163000106811523,-73.78500366210938,2.5,1.5,6.5395,-74.456333,260.0,273.13,164.16
PTB.2018.209.04.03.05,PTB,2018.209.04.03.05,unlabelled,,,,,0,0,0.0,0.0,,,5.24399995803833,-76.79100036621094,0.0,1.8,6.5395,-74.456333,260.0,295.57,241.13
PTB.2018.209.06.04.11,PTB,2018.209.06.04.11,unlabelled,,,,,0,0,0.0,0.0,,,4.113999843597412,-73.6760025024414,10.0,1.6,6.5395,-74.456333,260.0,281.82,162.09
PTB.2018.209.15.57.01,PTB,2018.209.15.57.01,unlabelled,,,,,0,0,0.0,0.0,,,7.054999828338623,-76.40899658203125,15.35,1.8,6.5395,-74.456333,260.0,223.25,284.91
PTB.2018.210.02.33.39,PTB,2018.210.02.33.39,unlabelled,,,,,0,0,0.0,0.0,,,7.086999893188477,-76.12000274658203,-0.07,2.0,6.5395,-74.456333,260.0,193.61,288.32
PTB.2018.210.03.00.35,PTB,2018.210.03.00.35,unlabelled,,,,,0,0,0.0,0.0,,,3.749000072479248,-73.9800033569336,3.89,1.5,6.5395,-74.456333,260.0,313.07,170.27
PTB.2018.210.14.09.26,PTB,2018.210.14.09.26,unlabelled,,,,,0,0,0.0,0.0,,,6.547999858856201,-76.7490005493164,22.33,2.3,6.5395,-74.456333,260.0,253.57,270.34
PTB.2018.210.19.28.58,PTB,2018.210.19.28.58,unlabelled,,,,,0,0,0.0,0.0,,,7.688000202178955,-74.99500274658203,28.95,1.7,6.5395,-74.456333,260.0,140.26,334.93
PTB.2018.211.10.58.06,PTB,2018.211.10.58.06,unlabelled,,,,,0,0,0.0,0.0,,,6.664000034332275,-76.59600067138672,6.64,2.0,6.5395,-74.456333,260.0,237.02,273.45
PTB.2018.213.19.40.04,PTB,2018.213.19.40.04,unlabelled,,,,,0,0,0.0,0.0,,,4.605000019073486,-76.62899780273438,1.98,1.7,6.5395,-74.456333,260.0,322.04,228.48
PTB.2018.213.21.34.23,PTB,2018.213.21.34.23,unlabelled,,,,,0,0,0.0,0.0,,,3.86299991607666,-73.65399932861328,0.0,1.8,6.5395,-74.456333,260.0,309.05,163.23
PTB.2018.213.22.09.52,PTB,2018.213.22.09.52,unlabelled,,,,,0,0,0.0,0.0,,,6.339000225067139,-72.30799865722656,4.2,1.8,6.5395,-74.456333,260.0,238.68,95.21
PTB.2018.214.02.45.26,PTB,2018.214.02.45.26,unlabelled,,,,,0,0,0.0,0.0,-1.81,,3.994999885559082,-74.06500244140625,1.84,2.9,6.5395,-74.456333,260.0,284.7,171.22
PTB.2018.214.16.52.50,PTB,2018.214.16.52.50,unlabelled,,,,,0,0,0.0,0.0,,,6.8520002365112305,-76.26300048828125,0.13,1.5,6.5395,-74.456333,260.0,202.72,279.92
PTB.2018.214.18.14.38,PTB,2018.214.18.14.38,unlabelled,,,,,0,0,0.0,0.0,,,6.3480000495910645,-76.76599884033203,4.53,2.1,6.5395,-74.456333,260.0,256.37,265.39
PTB.2018.214.19.04.03,PTB,2018.214.19.04.03,unlabelled,,,,,0,0,0.0,0.0,,,5.835000038146973,-73.96399688720703,32.78,1.5,6.5395,-74.456333,260.0,95.07,145.0
PTB.2018.214.22.39.47,PTB,2018.214.22.39.47,unlabelled,,,,,0,0,0.0,0.0,-2.27,-2.21,6.934000015258789,-76.24199676513672,-0.24,1.8,6.5395,-74.456333,260.0,202.18,282.57
PTB.2018.215.11.10.45,PTB,2018.215.11.10.45,unlabelled,,,,,0,0,0.0,0.0,,,4.948999881744385,-72.62999725341797,0.0,1.9,6.5395,-74.456333,260.0,268.06,130.91
PTB.2018.218.00.09.32,PTB,2018.218.00.09.32,unlabelled,,,,,0,0,0.0,0.0,,,6.802000045776367,-76.63099670410156,0.0,1.9,6.5395,-74.456333,260.0,242.2,277.01
PTB.2018.218.02.19.35,PTB,2018.218.02.19.35,unlabelled,,,,,0,0,0.0,0.0,-3.33,-7.49,7.085999965667725,-76.22000122070312,3.61,1.8,6.5395,-74.456333,260.0,204.11,287.33
PTB.2018.218.04.32.08,PTB,2018.218.04.32.08,unlabelled,,,,,0,0,0.0,0.0,-4.77,,6.425000190734863,-76.79499816894531,16.76,2.1,6.5395,-74.456333,260.0,259.0,267.33
PTB.2018.218.07.13.31,PTB,2018.218.07.13.31,unlabelled,,,,,0,0,0.0,0.0,,,5.452000141143799,-76.47000122070312,26.52,1.6,6.5395,-74.456333,260.0,253.31,241.76
PTB.2018.218.16.02.16,PTB,2018.218.16.02.16,unlabelled,,,,,0,0,0.0,0.0,,,5.0879998207092285,-72.90699768066406,0.0,1.7,6.5395,-74.456333,260.0,234.96,133.01
PTB.2018.219.01.04.38,PTB,2018.219.01.04.38,unlabelled,,,,,0,0,0.0,0.0,,,6.892000198364258,-72.2490005493164,1.36,1.9,6.5395,-74.456333,260.0,247.14,80.8
PTB.2018.219.07.21.13,PTB,2018.219.07.21.13,unlabelled,,,,,0,0,0.0,0.0,,,7.1570000648498535,-76.95600128173828,15.64,1.7,6.5395,-74.456333,260.0,284.6,284.03
PTB.2018.221.10.29.10,PTB,2018.221.10.29.10,unlabelled,,,,,0,0,0.0,0.0,,,4.1620001792907715,-73.79900360107422,4.6,1.7,6.5395,-74.456333,260.0,272.82,164.48
PTB.2018.221.11.38.45,PTB,2018.221.11.38.45,unlabelled,,,,,0,0,0.0,0.0,,,6.051000118255615,-72.4540023803711,0.0,1.5,6.5395,-74.456333,260.0,228.05,103.59
PTB.2018.221.16.06.51,PTB,2018.221.16.06.51,unlabelled,,,,,0,0,0.0,0.0,,,7.501999855041504,-75.39800262451172,29.12,1.8,6.5395,-74.456333,260.0,148.85,315.71
PTB.2018.221.17.39.45,PTB,2018.221.17.39.45,unlabelled,,,,,0,0,0.0,0.0,,,7.263000011444092,-76.05400085449219,10.53,1.7,6.5395,-74.456333,260.0,193.85,294.47
PTB.2018.222.02.22.19,PTB,2018.222.02.22.19,unlabelled,,,,,0,0,0.0,0.0,,,6.953000068664551,-76.60399627685547,11.72,1.7,6.5395,-74.456333,260.0,241.8,281.03
PTB.2018.222.03.42.31,PTB,2018.222.03.42.31,unlabelled,,,,,0,0,0.0,0.0,,,7.11899995803833,-76.33300018310547,19.94,1.9,6.5395,-74.456333,260.0,217.11,287.28
PTB.2018.222.04.34.22,PTB,2018.222.04.34.22,unlabelled,,,,,0,0,0.0,0.0,,,6.820000171661377,-76.68900299072266,0.0,2.2,6.5395,-74.456333,260.0,248.8,277.29
PTB.2018.222.06.16.58,PTB,2018.222.06.16.58,unlabelled,,,,,0,0,0.0,0.0,,,6.820000171661377,-76.62799835205078,14.56,1.9,6.5395,-74.456333,260.0,242.11,277.49
PTB.2018.222.07.28.25,PTB,2018.222.07.28.25,unlabelled,,,,,0,0,0.0,0.0,,,5.796999931335449,-76.01100158691406,17.97,1.7,6.5395,-74.456333,260.0,190.66,244.57
PTB.2018.222.18.58.20,PTB,2018.222.18.58.20,unlabelled,,,,,0,0,0.0,0.0,,,7.171000003814697,-76.21199798583984,11.62,1.5,6.5395,-74.456333,260.0,206.24,289.9
PTB.2018.222.19.06.57,PTB,2018.222.19.06.57,unlabelled,,,,,0,0,0.0,0.0,,,6.198999881744385,-72.35099792480469,5.5,1.6,6.5395,-74.456333,260.0,235.95,99.07
PTB.2018.223.04.37.21,PTB,2018.223.04.37.21,unlabelled,,,,,0,0,0.0,0.0,,,5.736000061035156,-72.54100036621094,-0.23,1.5,6.5395,-74.456333,260.0,229.87,112.64
PTB.2018.223.16.21.56,PTB,2018.223.16.21.56,unlabelled,,,,,0,0,0.0,0.0,,,6.568999767303467,-76.77100372314453,21.56,2.3,6.5395,-74.456333,260.0,256.02,270.86
PTB.2018.223.18.03.20,PTB,2018.223.18.03.20,unlabelled,,,,,0,0,0.0,0.0,,,7.118000030517578,-77.10399627685547,20.15,2.9,6.5395,-74.456333,260.0,299.57,282.49
PTB.2018.224.04.11.57,PTB,2018.224.04.11.57,unlabelled,,,,,0,0,0.0,0.0,-1.42,,4.695000171661377,-76.04000091552734,27.57,2.6,6.5395,-74.456333,260.0,269.05,220.78
PTB.2018.225.06.34.27,PTB,2018.225.06.34.27,unlabelled,,,,,0,0,0.0,0.0,-2.7,-0.98,5.02400016784668,-76.31500244140625,12.08,2.4,6.5395,-74.456333,260.0,265.45,230.95
PTB.2018.225.08.44.34,PTB,2018.225.08.44.34,unlabelled,,,,,0,0,0.0,0.0,,,5.919000148773193,-72.66999816894531,-0.13,1.9,6.5395,-74.456333,260.0,209.26,109.04
PTB.2018.225.15.06.22,PTB,2018.225.15.06.22,unlabelled,,,,,0,0,0.0,0.0,,,7.047999858856201,-77.11199951171875,8.57,2.7,6.5395,-74.456333,260.0,298.9,281.0
PTB.2018.226.05.21.31,PTB,2018.226.05.21.31,unlabelled,,,,,0,0,0.0,0.0,-2.06,-6.47,5.797999858856201,-72.5780029296875,2.77,1.6,6.5395,-74.456333,260.0,223.48,111.42
PTB.2018.226.13.05.07,PTB,2018.226.13.05.07,unlabelled,,,,,0,0,0.0,0.0,,,4.683000087738037,-74.71600341796875,11.0,2.0,6.5395,-74.456333,260.0,207.31,187.99
PTB.2018.226.16.59.34,PTB,2018.226.16.59.34,unlabelled,,,,,0,0,0.0,0.0,,,4.639999866485596,-75.55999755859375,1.29,1.8,6.5395,-74.456333,260.0,243.05,210.26
PTB.2018.227.22.50.53,PTB,2018.227.22.50.53,unlabelled,,,,,0,0,0.0,0.0,,,7.189000129699707,-76.23100280761719,-0.19,1.6,6.5395,-74.456333,260.0,208.89,290.22
PTB.2018.228.06.49.39,PTB,2018.228.06.49.39,unlabelled,,,,,0,0,0.0,0.0,,,6.013000011444092,-75.83599853515625,12.85,1.7,6.5395,-74.456333,260.0,163.39,249.2
PTB.2018.229.09.10.05,PTB,2018.229.09.10.05,unlabelled,,,,,0,0,0.0,0.0,,,6.767000198364258,-76.1449966430664,-0.02,1.5,6.5395,-74.456333,260.0,188.41,277.77
PTB.2018.229.09.14.17,PTB,2018.229.09.14.17,unlabelled,,,,,0,0,0.0,0.0,,,6.815000057220459,-76.28299713134766,13.9,1.5,6.5395,-74.456333,260.0,204.26,278.68
PTB.2018.230.08.33.25,PTB,2018.230.08.33.25,unlabelled,,,,,0,0,0.0,0.0,,,6.577000141143799,-72.21700286865234,4.31,1.5,6.5395,-74.456333,260.0,247.7,88.91
PTB.2018.230.13.19.25,PTB,2018.230.13.19.25,unlabelled,,,,,0,0,0.0,0.0,-0.16,-0.99,5.415999889373779,-74.3239974975586,1.63,1.5,6.5395,-74.456333,260.0,125.1,173.27
PTB.2018.231.10.40.05,PTB,2018.231.10.40.05,unlabelled,,,,,0,0,0.0,0.0,,,5.304999828338623,-72.92400360107422,3.93,2.1,6.5395,-74.456333,260.0,217.77,128.74
PTB.2018.232.14.52.18,PTB,2018.232.14.52.18,unlabelled,,,,,0,0,0.0,0.0,,,7.0980000495910645,-76.02999877929688,13.03,1.5,6.5395,-74.456333,260.0,184.59,289.64
PTB.2018.232.15.14.19,PTB,2018.232.15.14.19,unlabelled,,,,,0,0,0.0,0.0,,,3.5769999027252197,-74.73699951171875,9.26,1.5,6.5395,-74.456333,260.0,329.08,185.44
PTB.2018.233.21.59.31,PTB,2018.233.21.59.31,unlabelled,,,,,0,0,0.0,0.0,,,5.796999931335449,-74.75900268554688,17.52,2.1,6.5395,-74.456333,260.0,88.68,202.21
PTB.2018.233.22.23.59,PTB,2018.233.22.23.59,unlabelled,,,,,0,0,0.0,0.0,,,4.949999809265137,-74.65899658203125,12.6,1.8,6.5395,-74.456333,260.0,177.2,187.29
PTB.2018.233.22.30.36,PTB,2018.233.22.30.36,unlabelled,,,,,0,0,0.0,0.0,,,4.945000171661377,-75.04900360107422,4.18,1.7,6.5395,-74.456333,260.0,188.15,200.45
PTB.2018.233.23.07.49,PTB,2018.233.23.07.49,unlabelled,,,,,0,0,0.0,0.0,,,4.693999767303467,-74.60399627685547,14.93,2.0,6.5395,-74.456333,260.0,204.74,184.59
PTB.2018.234.02.58.53,PTB,2018.234.02.58.53,unlabelled,,,,,0,0,0.0,0.0,,,6.9079999923706055,-76.30400085449219,7.98,1.7,6.5395,-74.456333,260.0,208.3,281.39
PTB.2018.234.13.52.21,PTB,2018.234.13.52.21,unlabelled,,,,,0,0,0.0,0.0,,,7.283999919891357,-76.35199737548828,14.23,1.9,6.5395,-74.456333,260.0,225.1,291.57
PTB.2018.234.23.17.11,PTB,2018.234.23.17.11,unlabelled,,,,,0,0,0.0,0.0,,,4.980000019073486,-74.87899780273438,10.0,1.5,6.5395,-74.456333,260.0,178.7,195.21
PTB.2018.236.05.19.26,PTB,2018.236.05.19.26,unlabelled,,,,,0,0,0.0,0.0,,,6.761000156402588,-76.64600372314453,18.27,1.6,6.5395,-74.456333,260.0,243.36,275.9
PTB.2018.238.07.11.21,PTB,2018.238.07.11.21,unlabelled,,,,,0,0,0.0,0.0,,,7.395999908447266,-72.29000091552734,2.63,2.4,6.5395,-74.456333,260.0,257.44,68.28
PTB.2018.238.13.29.42,PTB,2018.238.13.29.42,unlabelled,,,,,0,0,0.0,0.0,,,6.84499979019165,-76.3290023803711,4.49,1.7,6.5395,-74.456333,260.0,209.79,279.38
PTB.2018.238.15.40.04,PTB,2018.238.15.40.04,unlabelled,,,,,0,0,0.0,0.0,,,6.840000152587891,-76.36699676513672,-0.01,1.9,6.5395,-74.456333,260.0,213.85,279.05
PTB.2018.238.19.30.05,PTB,2018.238.19.30.05,unlabelled,,,,,0,0,0.0,0.0,,,4.7870001792907715,-74.77999877929688,10.69,1.6,6.5395,-74.456333,260.0,197.09,190.5
PTB.2018.239.14.20.26,PTB,2018.239.14.20.26,unlabelled,,,,,0,0,0.0,0.0,,,7.059000015258789,-76.34500122070312,7.29,1.6,6.5395,-74.456333,260.0,216.54,285.5
PTB.2018.239.17.11.36,PTB,2018.239.17.11.36,unlabelled,,,,,0,0,0.0,0.0,-2.6,,7.077000141143799,-76.24700164794922,4.07,1.7,6.5395,-74.456333,260.0,206.67,286.82
PTB.2018.239.18.25.31,PTB,2018.239.18.25.31,unlabelled,,,,,0,0,0.0,0.0,,,7.01200008392334,-76.30599975585938,13.87,1.5,6.5395,-74.456333,260.0,211.05,284.44
PTB.2018.239.19.48.31,PTB,2018.239.19.48.31,unlabelled,,,,,0,0,0.0,0.0,,,7.01200008392334,-72.37899780273438,3.73,1.9,6.5395,-74.456333,260.0,235.51,77.06
PTB.2018.240.00.47.00,PTB,2018.240.00.47.00,unlabelled,,,,,0,0,0.0,0.0,,,5.827000141143799,-72.59500122070312,16.36,1.6,6.5395,-74.456333,260.0,220.56,110.83
PTB.2018.240.05.17.33,PTB,2018.240.05.17.33,unlabelled,,,,,0,0,0.0,0.0,,,4.618000030517578,-75.96199798583984,28.93,2.1,6.5395,-74.456333,260.0,270.14,218.21
PTB.2018.240.15.12.50,PTB,2018.240.15.12.50,unlabelled,,,,,0,0,0.0,0.0,,,3.569000005722046,-74.46199798583984,4.92,1.9,6.5395,-74.456333,260.0,328.49,180.11
PTB.2018.240.18.29.09,PTB,2018.240.18.29.09,unlabelled,,,,,0,0,0.0,0.0,,,5.834000110626221,-76.41500091552734,24.46,1.5,6.5395,-74.456333,260.0,230.39,250.31
PTB.2018.241.12.04.08,PTB,2018.241.12.04.08,unlabelled,,,,,0,0,0.0,0.0,,,6.109000205993652,-72.55999755859375,0.0,2.2,6.5395,-74.456333,260.0,215.16,102.68
PTB.2018.242.04.02.58,PTB,2018.242.04.02.58,unlabelled,,,,,0,0,0.0,0.0,,,3.9820001125335693,-75.63899993896484,3.42,1.7,6.5395,-74.456333,260.0,311.72,204.93
PTB.2018.242.21.08.31,PTB,2018.242.21.08.31,unlabelled,,,,,0,0,0.0,0.0,,,4.2179999351501465,-75.31999969482422,0.34,1.8,6.5395,-74.456333,260.0,273.98,200.49
PTB.2018.243.19.30.30,PTB,2018.243.19.30.30,unlabelled,,,,,0,0,0.0,0.0,,,4.35699987411499,-76.51899719238281,17.04,2.0,6.5395,-74.456333,260.0,332.41,223.55
PTB.2018.244.05.30.02,PTB,2018.244.05.30.02,unlabelled,,,,,0,0,0.0,0.0,,,3.5910000801086426,-73.95800018310547,2.72,1.6,6.5395,-74.456333,260.0,330.7,170.36
PTB.2018.244.06.05.37,PTB,2018.244.06.05.37,unlabelled,,,,,0,0,0.0,0.0,,,7.360000133514404,-76.91899871826172,13.8,1.6,6.5395,-74.456333,260.0,286.87,288.59
PTB.2018.244.15.29.30,PTB,2018.244.15.29.30,unlabelled,,,,,0,0,0.0,0.0,,,4.561999797821045,-76.20999908447266,0.59,1.8,6.5395,-74.456333,260.0,292.53,221.71
PTB.2018.245.10.42.17,PTB,2018.245.10.42.17,unlabelled,,,,,0,0,0.0,0.0,,,6.7179999351501465,-71.95600128173828,0.02,1.7,6.5395,-74.456333,260.0,277.19,85.77
PTB.2018.246.12.43.10,PTB,2018.246.12.43.10,unlabelled,,,,,0,0,0.0,0.0,,,5.235000133514404,-74.86799621582031,5.01,1.5,6.5395,-74.456333,260.0,151.29,197.56
PTB.2018.246.15.59.14,PTB,2018.246.15.59.14,unlabelled,,,,,0,0,0.0,0.0,,,6.813000202178955,-72.72200012207031,31.23,1.6,6.5395,-74.456333,260.0,194.13,80.94
PTB.2018.247.00.10.36,PTB,2018.247.00.10.36,unlabelled,,,,,0,0,0.0,0.0,,,7.400000095367432,-76.10099792480469,0.0,1.6,6.5395,-74.456333,260.0,205.15,297.74
PTB.2018.247.12.49.41,PTB,2018.247.12.49.41,unlabelled,,,,,0,0,0.0,0.0,,,7.366000175476074,-76.31300354003906,22.14,1.7,6.5395,-74.456333,260.0,224.61,294.12
PTB.2018.248.09.28.07,PTB,2018.248.09.28.07,unlabelled,,,,,0,0,0.0,0.0,,,7.114999771118164,-76.0979995727539,-0.06,1.6,6.5395,-74.456333,260.0,192.3,289.42
PTB.2018.248.19.27.36,PTB,2018.248.19.27.36,unlabelled,,,,,0,0,0.0,0.0,,,6.679999828338623,-76.73799896240234,8.32,2.2,6.5395,-74.456333,260.0,252.79,273.65
PTB.2018.249.15.27.48,PTB,2018.249.15.27.48,unlabelled,,,,,0,0,0.0,0.0,,,5.452000141143799,-76.41400146484375,13.01,1.8,6.5395,-74.456333,260.0,247.87,241.08
PTB.2018.251.08.19.53,PTB,2018.251.08.19.53,unlabelled,,,,,0,0,0.0,0.0,,,6.692999839782715,-71.99099731445312,0.0,1.7,6.5395,-74.456333,260.0,273.15,86.3
PTB.2018.251.08.38.00,PTB,2018.251.08.38.00,unlabelled,,,,,0,0,0.0,0.0,,,6.994999885559082,-76.58300018310547,0.0,1.7,6.5395,-74.456333,260.0,240.44,282.22
PTB.2018.251.14.20.45,PTB,2018.251.14.20.45,unlabelled,,,,,0,0,0.0,0.0,,,6.28000020980835,-72.06700134277344,3.7,1.6,6.5395,-74.456333,260.0,265.88,96.06
PTB.2018.251.16.13.12,PTB,2018.251.16.13.12,unlabelled,,,,,0,0,0.0,0.0,,,5.098999977111816,-72.94499969482422,0.0,1.8,6.5395,-74.456333,260.0,231.06,133.5
PTB.2018.251.17.48.46,PTB,2018.251.17.48.46,unlabelled,,,,,0,0,0.0,0.0,-0.17,-2.96,4.739999771118164,-73.27899932861328,0.0,2.2,6.5395,-74.456333,260.0,237.93,146.7
PTB.2018.251.18.46.33,PTB,2018.251.18.46.33,unlabelled,,,,,0,0,0.0,0.0,,,7.025000095367432,-76.19999694824219,10.37,1.6,6.5395,-74.456333,260.0,200.09,285.67
PTB.2018.252.04.40.31,PTB,2018.252.04.40.31,unlabelled,,,,,0,0,0.0,0.0,,,6.757999897003174,-76.5510025024414,0.0,2.3,6.5395,-74.456333,260.0,232.88,276.08
PTB.2018.252.09.58.25,PTB,2018.252.09.58.25,unlabelled,,,,,0,0,0.0,0.0,,,5.376999855041504,-72.71900177001953,0.0,1.8,6.5395,-74.456333,260.0,231.36,123.66
PTB.2018.252.16.23.30,PTB,2018.252.16.23.30,unlabelled,,,,,0,0,0.0,0.0,,,6.965000152587891,-72.73200225830078,3.86,1.5,6.5395,-74.456333,260.0,196.35,76.03
PTB.2018.254.15.33.03,PTB,2018.254.15.33.03,unlabelled,,,,,0,0,0.0,0.0,,,6.895999908447266,-71.83899688720703,4.64,1.9,6.5395,-74.456333,260.0,292.05,82.09
PTB.2018.255.04.18.50,PTB,2018.255.04.18.50,unlabelled,,,,,0,0,0.0,0.0,-5.47,,4.367000102996826,-76.29000091552734,-0.02,1.5,6.5395,-74.456333,260.0,314.65,220.32
PTB.2018.255.20.43.36,PTB,2018.255.20.43.36,unlabelled,,,,,0,0,0.0,0.0,,,5.664000034332275,-72.6500015258789,0.0,1.8,6.5395,-74.456333,260.0,222.15,115.74
PTB.2018.255.22.49.48,PTB,2018.255.22.49.48,unlabelled,,,,,0,0,0.0,0.0,,,5.269999980926514,-74.89199829101562,4.1,1.7,6.5395,-74.456333,260.0,148.45,198.99
PTB.2018.255.23.53.44,PTB,2018.255.23.53.44,unlabelled,,,,,0,0,0.0,0.0,,,6.513000011444092,-71.85900115966797,24.25,2.2,6.5395,-74.456333,260.0,287.29,90.44
PTB.2018.256.02.26.14,PTB,2018.256.02.26.14,unlabelled,,,,,0,0,0.0,0.0,,,4.526000022888184,-73.8270034790039,0.02,1.5,6.5395,-74.456333,260.0,233.33,162.58
PTB.2018.256.15.39.12,PTB,2018.256.15.39.12,unlabelled,,,,,0,0,0.0,0.0,,,3.819999933242798,-75.6500015258789,5.45,1.5,6.5395,-74.456333,260.0,328.56,203.81
PTB.2018.257.01.32.41,PTB,2018.257.01.32.41,unlabelled,,,,,0,0,0.0,0.0,,,6.760000228881836,-76.69000244140625,18.17,1.6,6.5395,-74.456333,260.0,248.19,275.77
PTB.2018.257.02.47.11,PTB,2018.257.02.47.11,unlabelled,,,,,0,0,0.0,0.0,,,4.918000221252441,-72.9219970703125,10.28,2.0,6.5395,-74.456333,260.0,247.05,136.46
PTB.2018.257.10.03.05,PTB,2018.257.10.03.05,unlabelled,,,,,0,0,0.0,0.0,,,7.142000198364258,-77.03700256347656,31.87,2.2,6.5395,-74.456333,260.0,292.92,283.3
PTB.2018.258.09.47.50,PTB,2018.258.09.47.50,unlabelled,,,,,0,0,0.0,0.0,,,5.609000205993652,-76.40599822998047,0.6,1.9,6.5395,-74.456333,260.0,239.1,244.61
PTB.2018.258.20.04.15,PTB,2018.258.20.04.15,unlabelled,,,,,0,0,0.0,0.0,,,4.802999973297119,-73.21700286865234,10.92,2.4,6.5395,-74.456333,260.0,236.06,144.37
PTB.2018.259.00.35.09,PTB,2018.259.00.35.09,unlabelled,,,,,0,0,0.0,0.0,,,5.031000137329102,-73.20800018310547,3.16,1.8,6.5395,-74.456333,260.0,216.66,140.28
PTB.2018.259.11.21.18,PTB,2018.259.11.21.18,unlabelled,,,,,0,0,0.0,0.0,,,4.888000011444092,-74.62200164794922,19.22,1.5,6.5395,-74.456333,260.0,183.55,185.75
PTB.2018.259.17.18.12,PTB,2018.259.17.18.12,unlabelled,,,,,0,0,0.0,0.0,,,6.75600004196167,-76.66600036621094,16.6,1.6,6.5395,-74.456333,260.0,245.51,275.72
PTB.2018.260.08.32.52,PTB,2018.260.08.32.52,unlabelled,,,,,0,0,0.0,0.0,,,4.9670000076293945,-72.93000030517578,0.0,1.7,6.5395,-74.456333,260.0,242.53,135.73
PTB.2018.260.10.07.26,PTB,2018.260.10.07.26,unlabelled,,,,,0,0,0.0,0.0,,,4.13100004196167,-73.83699798583984,0.11,1.9,6.5395,-74.456333,260.0,275.04,165.52
PTB.2018.260.19.21.07,PTB,2018.260.19.21.07,unlabelled,,,,,0,0,0.0,0.0,,,4.951000213623047,-73.58799743652344,0.0,2.2,6.5395,-74.456333,260.0,200.27,151.25
PTB.2018.260.23.01.42,PTB,2018.260.23.01.42,unlabelled,,,,,0,0,0.0,0.0,,,7.48799991607666,-72.7760009765625,0.0,1.6,6.5395,-74.456333,260.0,213.24,60.43
PTB.2018.261.03.36.36,PTB,2018.261.03.36.36,unlabelled,,,,,0,0,0.0,0.0,,,4.547999858856201,-74.9729995727539,11.69,1.6,6.5395,-74.456333,260.0,227.55,194.6
PTB.2018.262.12.22.19,PTB,2018.262.12.22.19,unlabelled,,,,,0,0,0.0,0.0,,,6.860000133514404,-76.19400024414062,0.01,1.7,6.5395,-74.456333,260.0,195.37,280.55
PTB.2018.262.14.41.15,PTB,2018.262.14.41.15,unlabelled,,,,,0,0,0.0,0.0,,,4.364999771118164,-73.71499633789062,4.04,1.7,6.5395,-74.456333,260.0,254.11,161.1
PTB.2018.262.19.35.56,PTB,2018.262.19.35.56,unlabelled,,,,,0,0,0.0,0.0,,,5.394999980926514,-72.56199645996094,-0.04,1.9,6.5395,-74.456333,260.0,244.97,121.01
PTB.2018.263.23.29.22,PTB,2018.263.23.29.22,unlabelled,,,,,0,0,0.0,0.0,,,6.373000144958496,-77.31300354003906,3.31,2.2,6.5395,-74.456333,260.0,316.54,266.83
PTB.2018.264.16.22.40,PTB,2018.264.16.22.40,unlabelled,,,,,0,0,0.0,0.0,,,7.22599983215332,-76.72599792480469,0.0,1.9,6.5395,-74.456333,260.0,262.08,286.97
PTB.2018.265.06.23.40,PTB,2018.265.06.23.40,unlabelled,,,,,0,0,0.0,0.0,,,6.85099983215332,-76.66000366210938,2.79,1.7,6.5395,-74.456333,260.0,246.07,278.17
PTB.2018.265.08.37.16,PTB,2018.265.08.37.16,unlabelled,,,,,0,0,0.0,0.0,,,4.241000175476074,-76.25900268554688,21.0,1.7,6.5395,-74.456333,260.0,323.29,218.26
PTB.2018.265.21.51.50,PTB,2018.265.21.51.50,unlabelled,,,,,0,0,0.0,0.0,,,6.909999847412109,-76.197998046875,-0.11,1.5,6.5395,-74.456333,260.0,196.87,282.11
PTB.2018.266.09.43.07,PTB,2018.266.09.43.07,unlabelled,,,,,0,0,0.0,0.0,,,6.686999797821045,-76.7040023803711,8.37,1.6,6.5395,-74.456333,260.0,249.09,273.88
PTB.2018.267.01.05.29,PTB,2018.267.01.05.29,unlabelled,,,,,0,0,0.0,0.0,,,7.307000160217285,-76.06300354003906,2.64,1.7,6.5395,-74.456333,260.0,196.8,295.64
PTB.2018.267.01.46.54,PTB,2018.267.01.46.54,unlabelled,,,,,0,0,0.0,0.0,,,7.083000183105469,-76.13899993896484,12.58,1.8,6.5395,-74.456333,260.0,195.47,288.01
PTB.2018.268.22.10.53,PTB,2018.268.22.10.53,unlabelled,,,,,0,0,0.0,0.0,,,3.546999931335449,-74.49400329589844,8.56,1.6,6.5395,-74.456333,260.0,330.95,180.72
PTB.2018.269.05.03.20,PTB,2018.269.05.03.20,unlabelled,,,,,0,0,0.0,0.0,,,6.232999801635742,-71.96499633789062,5.87,1.9,6.5395,-74.456333,260.0,277.7,96.87
PTB.2018.269.17.22.47,PTB,2018.269.17.22.47,unlabelled,,,,,0,0,0.0,0.0,,,6.869999885559082,-76.5739974975586,7.34,2.4,6.5395,-74.456333,260.0,236.97,279.0
PTB.2018.271.05.30.49,PTB,2018.271.05.30.49,unlabelled,,,,,0,0,0.0,0.0,,,7.061999797821045,-76.63099670410156,0.0,1.5,6.5395,-74.456333,260.0,247.24,283.64
PTB.2018.271.13.48.36,PTB,2018.271.13.48.36,unlabelled,,,,,0,0,0.0,0.0,,,4.576000213623047,-76.61000061035156,24.62,1.7,6.5395,-74.456333,260.0,322.62,227.81
PTB.2018.272.02.52.19,PTB,2018.272.02.52.19,unlabelled,,,,,0,0,0.0,0.0,,,4.493000030517578,-73.51699829101562,0.01,2.1,6.5395,-74.456333,260.0,249.1,155.25
PTB.2018.273.10.10.35,PTB,2018.273.10.10.35,unlabelled,,,,,0,0,0.0,0.0,,,6.883999824523926,-76.822998046875,18.53,1.5,6.5395,-74.456333,260.0,264.42,278.42
PTB.2018.273.21.56.10,PTB,2018.273.21.56.10,unlabelled,,,,,0,0,0.0,0.0,,,4.76200008392334,-73.14099884033203,0.27,1.6,6.5395,-74.456333,260.0,244.68,143.38
PTB.2018.274.13.12.30,PTB,2018.274.13.12.30,unlabelled,,,,,0,0,0.0,0.0,,,6.692999839782715,-76.7509994506836,4.87,1.7,6.5395,-74.456333,260.0,254.32,273.96
PTB.2018.275.03.43.33,PTB,2018.275.03.43.33,unlabelled,,,,,0,0,0.0,0.0,,,7.175000190734863,-72.31900024414062,0.01,1.7,6.5395,-74.456333,260.0,246.47,73.31
PTB.2018.275.10.28.31,PTB,2018.275.10.28.31,unlabelled,,,,,0,0,0.0,0.0,-6.45,,5.7170000076293945,-76.63800048828125,6.5,2.2,6.5395,-74.456333,260.0,258.04,249.48
PTB.2018.275.11.17.07,PTB,2018.275.11.17.07,unlabelled,,,,,0,0,0.0,0.0,,,6.97599983215332,-72.34100341796875,0.0,1.9,6.5395,-74.456333,260.0,238.78,78.21
PTB.2018.275.14.31.38,PTB,2018.275.14.31.38,unlabelled,,,,,0,0,0.0,0.0,,,7.223999977111816,-72.29399871826172,31.17,1.6,6.5395,-74.456333,260.0,250.69,72.3
PTB.2018.275.18.14.47,PTB,2018.275.18.14.47,unlabelled,,,,,0,0,0.0,0.0,,,7.060999870300293,-72.45600128173828,5.0,1.7,6.5395,-74.456333,260.0,228.52,75.26
PTB.2018.276.01.17.37,PTB,2018.276.01.17.37,unlabelled,,,,,0,0,0.0,0.0,,,7.013999938964844,-72.36000061035156,2.32,2.3,6.5395,-74.456333,260.0,237.61,77.12
PTB.2018.276.07.53.48,PTB,2018.276.07.53.48,unlabelled,,,,,0,0,0.0,0.0,,,7.203999996185303,-72.38500213623047,-0.01,1.6,6.5395,-74.456333,260.0,240.44,72.08
PTB.2018.276.11.12.51,PTB,2018.276.11.12.51,unlabelled,,,,,0,0,0.0,0.0,,,5.079999923706055,-76.50499725341797,18.1,2.7,6.5395,-74.456333,260.0,278.44,234.68
PTB.2018.277.05.28.09,PTB,2018.277.05.28.09,unlabelled,,,,,0,0,0.0,0.0,,,7.21999979019165,-76.1760025024414,0.07,1.6,6.5395,-74.456333,260.0,204.42,291.7
PTB.2018.277.07.43.48,PTB,2018.277.07.43.48,unlabelled,,,,,0,0,0.0,0.0,,,3.7699999809265137,-74.62899780273438,2.76,1.5,6.5395,-74.456333,260.0,306.86,183.58
PTB.2018.277.15.02.19,PTB,2018.277.15.02.19,unlabelled,,,,,0,0,0.0,0.0,,,7.068999767303467,-72.50700378417969,0.0,1.6,6.5395,-74.456333,260.0,223.29,74.68
PTB.2018.277.16.32.54,PTB,2018.277.16.32.54,unlabelled,,,,,0,0,0.0,0.0,-0.36,-2.48,5.0289998054504395,-74.7300033569336,4.07,1.5,6.5395,-74.456333,260.0,169.77,190.3
PTB.2018.278.02.40.17,PTB,2018.278.02.40.17,unlabelled,,,,,0,0,0.0,0.0,,,4.76200008392334,-76.76899719238281,0.12,1.8,6.5395,-74.456333,260.0,322.91,232.62
PTB.2018.278.08.22.16,PTB,2018.278.08.22.16,unlabelled,,,,,0,0,0.0,0.0,,,6.755000114440918,-76.75399780273438,19.32,2.0,6.5395,-74.456333,260.0,255.18,275.49
PTB.2018.278.15.36.35,PTB,2018.278.15.36.35,unlabelled,,,,,0,0,0.0,0.0,,,7.734000205993652,-73.80400085449219,34.1,2.0,6.5395,-74.456333,260.0,150.48,28.57
PTB.2018.278.21.27.40,PTB,2018.278.21.27.40,unlabelled,,,,,0,0,0.0,0.0,,,5.427999973297119,-72.68699645996094,0.0,2.6,6.5395,-74.456333,260.0,231.26,122.01
PTB.2018.279.16.36.14,PTB,2018.279.16.36.14,unlabelled,,,,,0,0,0.0,0.0,,,6.992000102996826,-72.01699829101562,3.57,1.7,6.5395,-74.456333,260.0,274.27,79.35
PTB.2018.279.20.02.18,PTB,2018.279.20.02.18,unlabelled,,,,,0,0,0.0,0.0,-4.83,-0.42,6.945000171661377,-72.36799621582031,-0.25,1.8,6.5395,-74.456333,260.0,235.19,78.89
PTB.2018.279.22.19.12,PTB,2018.279.22.19.12,unlabelled,,,,,0,0,0.0,0.0,,,7.017000198364258,-72.43299865722656,1.33,1.8,6.5395,-74.456333,260.0,229.82,76.6
PTB.2018.280.22.21.09,PTB,2018.280.22.21.09,unlabelled,,,,,0,0,0.0,0.0,,,7.086999893188477,-77.1760025024414,7.54,2.2,6.5395,-74.456333,260.0,306.66,281.55
PTB.2018.281.03.26.45,PTB,2018.281.03.26.45,unlabelled,,,,,0,0,0.0,0.0,,,6.993000030517578,-72.40399932861328,3.29,1.6,6.5395,-74.456333,260.0,232.36,77.42
PTB.2018.282.07.16.15,PTB,2018.282.07.16.15,unlabelled,,,,,0,0,0.0,0.0,,,4.716000080108643,-73.1729965209961,12.65,1.5,6.5395,-74.456333,260.0,246.73,144.75
PTB.2018.282.07.44.11,PTB,2018.282.07.44.11,unlabelled,,,,,0,0,0.0,0.0,,,7.27400016784668,-77.31099700927734,12.17,2.2,6.5395,-74.456333,260.0,325.78,284.61
PTB.2018.282.21.45.24,PTB,2018.282.21.45.24,unlabelled,,,,,0,0,0.0,0.0,-6.2,-4.0,6.921000003814697,-76.30000305175781,8.15,1.8,6.5395,-74.456333,260.0,208.15,281.8
PTB.2018.285.17.26.35,PTB,2018.285.17.26.35,unlabelled,,,,,0,0,0.0,0.0,,,6.7729997634887695,-72.08799743652344,4.14,2.2,6.5395,-74.456333,260.0,263.15,84.23
PTB.2018.285.19.34.15,PTB,2018.285.19.34.15,unlabelled,,,,,0,0,0.0,0.0,,,6.638000011444092,-72.10700225830078,0.0,2.3,6.5395,-74.456333,260.0,260.04,87.46
PTB.2018.285.20.55.18,PTB,2018.285.20.55.18,unlabelled,,,,,0,0,0.0,0.0,,,6.708000183105469,-72.06600189208984,3.01,2.5,6.5395,-74.456333,260.0,264.98,85.83
PTB.2018.286.00.37.41,PTB,2018.286.00.37.41,unlabelled,,,,,0,0,0.0,0.0,,,7.418000221252441,-77.11100006103516,23.1,2.2,6.5395,-74.456333,260.0,309.01,288.48
PTB.2018.286.02.16.27,PTB,2018.286.02.16.27,unlabelled,,,,,0,0,0.0,0.0,,,6.920000076293945,-76.38099670410156,4.53,2.0,6.5395,-74.456333,260.0,216.91,281.3
PTB.2018.286.05.11.38,PTB,2018.286.05.11.38,unlabelled,,,,,0,0,0.0,0.0,,,5.293000221252441,-76.01300048828125,0.0,2.0,6.5395,-74.456333,260.0,220.71,231.43
PTB.2018.288.02.31.05,PTB,2018.288.02.31.05,unlabelled,,,,,0,0,0.0,0.0,,,4.607999801635742,-73.80500030517578,-0.2,1.5,6.5395,-74.456333,260.0,225.46,161.3
PTB.2018.289.12.35.49,PTB,2018.289.12.35.49,unlabelled,,,,,0,0,0.0,0.0,,,3.928999900817871,-75.44599914550781,8.85,1.6,6.5395,-74.456333,260.0,308.82,200.86
PTB.2018.290.06.30.43,PTB,2018.290.06.30.43,unlabelled,,,,,0,0,0.0,0.0,,,7.079999923706055,-76.13999938964844,-0.1,1.6,6.5395,-74.456333,260.0,195.47,287.9
PTB.2018.290.15.07.31,PTB,2018.290.15.07.31,unlabelled,,,,,0,0,0.0,0.0,-3.63,,7.132999897003174,-76.19499969482422,16.05,1.5,6.5395,-74.456333,260.0,203.08,288.96
PTB.2018.290.16.09.32,PTB,2018.290.16.09.32,unlabelled,,,,,0,0,0.0,0.0,,,6.869999885559082,-76.81900024414062,60.85,2.0,6.5395,-74.456333,260.0,263.77,278.1
PTB.2018.291.02.02.31,PTB,2018.291.02.02.31,unlabelled,,,,,0,0,0.0,0.0,,,6.651000022888184,-76.76200103759766,4.14,2.3,6.5395,-74.456333,260.0,255.28,272.9
PTB.2018.292.15.28.16,PTB,2018.292.15.28.16,unlabelled,,,,,0,0,0.0,0.0,,,7.059999942779541,-71.84300231933594,1.0,1.7,6.5395,-74.456333,260.0,294.56,78.58
PTB.2018.292.19.59.05,PTB,2018.292.19.59.05,unlabelled,,,,,0,0,0.0,0.0,,,5.064000129699707,-73.8489990234375,18.93,1.6,6.5395,-74.456333,260.0,176.49,157.57
PTB.2018.293.08.21.57,PTB,2018.293.08.21.57,unlabelled,,,,,0,0,0.0,0.0,,,7.091000080108643,-77.13400268554688,16.59,1.8,6.5395,-74.456333,260.0,302.2,281.8
PTB.2018.293.20.10.45,PTB,2018.293.20.10.45,unlabelled,,,,,0,0,0.0,0.0,,,5.521999835968018,-76.61399841308594,9.17,2.2,6.5395,-74.456333,260.0,264.04,244.89
PTB.2018.294.01.15.34,PTB,2018.294.01.15.34,unlabelled,,,,,0,0,0.0,0.0,,,3.562000036239624,-74.4020004272461,3.46,1.6,6.5395,-74.456333,260.0,329.32,178.95
PTB.2018.294.01.56.28,PTB,2018.294.01.56.28,unlabelled,,,,,0,0,0.0,0.0,,,7.11899995803833,-72.24099731445312,3.54,1.8,6.5395,-74.456333,260.0,253.12,75.2
PTB.2018.294.07.42.51,PTB,2018.294.07.42.51,unlabelled,,,,,0,0,0.0,0.0,,,7.340000152587891,-72.27100372314453,0.0,1.7,6.5395,-74.456333,260.0,257.21,69.74
PTB.2018.294.13.48.45,PTB,2018.294.13.48.45,unlabelled,,,,,0,0,0.0,0.0,,,6.144999980926514,-72.61900329589844,1.47,2.2,6.5395,-74.456333,260.0,207.92,102.01
PTB.2018.294.14.43.32,PTB,2018.294.14.43.32,unlabelled,,,,,0,0,0.0,0.0,,,4.984000205993652,-73.58699798583984,6.44,1.6,6.5395,-74.456333,260.0,197.13,150.72
PTB.2018.294.23.16.52,PTB,2018.294.23.16.52,unlabelled,,,,,0,0,0.0,0.0,,,5.51800012588501,-72.72100067138672,0.07,2.2,6.5395,-74.456333,260.0,222.86,120.36
PTB.2018.295.04.08.10,PTB,2018.295.04.08.10,unlabelled,,,,,0,0,0.0,0.0,,,7.370999813079834,-77.13099670410156,31.69,1.9,6.5395,-74.456333,260.0,309.54,287.44
PTB.2018.295.13.08.30,PTB,2018.295.13.08.30,unlabelled,,,,,0,0,0.0,0.0,,,6.807000160217285,-76.3270034790039,8.86,1.8,6.5395,-74.456333,260.0,208.95,278.25
PTB.2018.295.20.49.50,PTB,2018.295.20.49.50,unlabelled,,,,,0,0,0.0,0.0,,,5.695000171661377,-72.61599731445312,0.0,2.2,6.5395,-74.456333,260.0,224.09,114.53
PTB.2018.296.10.48.56,PTB,2018.296.10.48.56,unlabelled,,,,,0,0,0.0,0.0,,,7.446000099182129,-72.20099639892578,0.28,1.7,6.5395,-74.456333,260.0,268.61,67.95
PTB.2018.296.12.19.53,PTB,2018.296.12.19.53,unlabelled,,,,,0,0,0.0,0.0,-3.32,,6.927000045776367,-76.61100006103516,16.42,2.2,6.5395,-74.456333,260.0,242.04,280.32
PTB.2018.296.23.42.40,PTB,2018.296.23.42.40,unlabelled,,,,,0,0,0.0,0.0,,,4.254000186920166,-73.8239974975586,-0.12,3.0,6.5395,-74.456333,260.0,262.28,164.47
PTB.2018.297.02.11.01,PTB,2018.297.02.11.01,unlabelled,,,,,0,0,0.0,0.0,,,6.982999801635742,-71.87100219726562,0.0,1.8,6.5395,-74.456333,260.0,289.99,80.11
PTB.2018.297.11.18.46,PTB,2018.297.11.18.46,unlabelled,,,,,0,0,0.0,0.0,,,6.883999824523926,-76.4749984741211,0.0,2.0,6.5395,-74.456333,260.0,226.41,279.8
PTB.2018.298.03.00.58,PTB,2018.298.03.00.58,unlabelled,,,,,0,0,0.0,0.0,,,7.724999904632568,-72.72899627685547,5.0,1.5,6.5395,-74.456333,260.0,231.51,55.4
PTB.2018.299.09.06.28,PTB,2018.299.09.06.28,unlabelled,,,,,0,0,0.0,0.0,-0.8,-2.74,7.294000148773193,-76.06199645996094,18.54,1.5,6.5395,-74.456333,260.0,196.09,295.28
PTB.2018.300.07.27.39,PTB,2018.300.07.27.39,unlabelled,,,,,0,0,0.0,0.0,,,6.764999866485596,-76.14299774169922,27.76,1.8,6.5395,-74.456333,260.0,188.16,277.71
PTB.2018.300.15.16.34,PTB,2018.300.15.16.34,unlabelled,,,,,0,0,0.0,0.0,,,6.711999893188477,-76.76000213623047,14.14,2.3,6.5395,-74.456333,260.0,255.45,274.41
PTB.2018.300.15.57.36,PTB,2018.300.15.57.36,unlabelled,,,,,0,0,0.0,0.0,,,6.84499979019165,-76.1520004272461,-0.02,1.6,6.5395,-74.456333,260.0,190.5,280.31
PTB.2018.300.18.47.26,PTB,2018.300.18.47.26,unlabelled,,,,,0,0,0.0,0.0,,,6.458000183105469,-71.85399627685547,0.0,2.4,6.5395,-74.456333,260.0,287.98,91.65
PTB.2018.301.01.14.44,PTB,2018.301.01.14.44,unlabelled,,,,,0,0,0.0,0.0,,,6.835000038146973,-76.21700286865234,0.0,1.6,6.5395,-74.456333,260.0,197.4,279.63
PTB.2018.302.07.53.39,PTB,2018.302.07.53.39,unlabelled,,,,,0,0,0.0,0.0,,,7.079999923706055,-76.12799835205078,13.89,1.6,6.5395,-74.456333,260.0,194.21,288.02
PTB.2018.302.18.10.53,PTB,2018.302.18.10.53,unlabelled,,,,,0,0,0.0,0.0,,,6.923999786376953,-76.0999984741211,0.02,2.2,6.5395,-74.456333,260.0,186.63,283.27
PTB.2018.303.03.21.51,PTB,2018.303.03.21.51,unlabelled,,,,,0,0,0.0,0.0,,,7.170000076293945,-76.64399719238281,8.61,1.7,6.5395,-74.456333,260.0,251.65,286.21
PTB.2018.303.10.26.03,PTB,2018.303.10.26.03,unlabelled,,,,,0,0,0.0,0.0,,,4.7829999923706055,-74.822998046875,21.67,1.5,6.5395,-74.456333,260.0,198.44,191.83
PTB.2018.303.23.35.01,PTB,2018.303.23.35.01,unlabelled,,,,,0,0,0.0,0.0,,,6.664999961853027,-71.97000122070312,25.38,2.0,6.5395,-74.456333,260.0,275.3,86.97
PTB.2018.304.00.01.14,PTB,2018.304.00.01.14,unlabelled,,,,,0,0,0.0,0.0,,,4.074999809265137,-75.39299774169922,3.98,1.7,6.5395,-74.456333,260.0,291.64,200.9
PTB.2018.304.06.48.00,PTB,2018.304.06.48.00,unlabelled,,,,,0,0,0.0,0.0,,,7.047999858856201,-76.2030029296875,12.0,1.5,6.5395,-74.456333,260.0,201.1,286.34
PTB.2018.304.21.51.26,PTB,2018.304.21.51.26,unlabelled,,,,,0,0,0.0,0.0,,,6.576000213623047,-76.48100280761719,0.0,1.7,6.5395,-74.456333,260.0,223.96,271.15
PTB.2018.305.00.51.06,PTB,2018.305.00.51.06,unlabelled,,,,,0,0,0.0,0.0,-0.49,,4.646999835968018,-75.56700134277344,2.37,1.9,6.5395,-74.456333,260.0,242.78,210.51
PTB.2018.305.12.19.29,PTB,2018.305.12.19.29,unlabelled,,,,,0,0,0.0,0.0,,,6.288000106811523,-71.83000183105469,38.0,1.6,6.5395,-74.456333,260.0,291.87,95.32
PTB.2018.305.22.46.24,PTB,2018.305.22.46.24,unlabelled,,,,,0,0,0.0,0.0,,,4.546000003814697,-74.4739990234375,21.52,1.9,6.5395,-74.456333,260.0,220.46,180.51
PTB.2018.306.01.53.03,PTB,2018.306.01.53.03,unlabelled,,,,,0,0,0.0,0.0,,,7.422999858856201,-77.26100158691406,9.36,2.6,6.5395,-74.456333,260.0,324.95,287.67
PTB.2018.306.05.17.50,PTB,2018.306.05.17.50,unlabelled,,,,,0,0,0.0,0.0,,,6.574999809265137,-76.74199676513672,12.61,1.9,6.5395,-74.456333,260.0,252.82,271.02
PTB.2018.308.00.09.53,PTB,2018.308.00.09.53,unlabelled,,,,,0,0,0.0,0.0,,,6.691999912261963,-74.9990005493164,0.0,1.5,6.5395,-74.456333,260.0,62.33,285.73
PTB.2018.308.02.48.34,PTB,2018.308.02.48.34,unlabelled,,,,,0,0,0.0,0.0,,,3.684000015258789,-74.16300201416016,2.24,1.9,6.5395,-74.456333,260.0,317.44,174.11
PTB.2018.309.01.02.24,PTB,2018.309.01.02.24,unlabelled,,,,,0,0,0.0,0.0,,,3.865000009536743,-75.5719985961914,2.06,1.7,6.5395,-74.456333,260.0,320.57,202.75
PTB.2018.309.18.23.17,PTB,2018.309.18.23.17,unlabelled,,,,,0,0,0.0,0.0,-0.87,,5.552000045776367,-76.60600280761719,27.8,1.5,6.5395,-74.456333,260.0,261.84,245.47
PTB.2018.310.00.14.57,PTB,2018.310.00.14.57,unlabelled,,,,,0,0,0.0,0.0,,,7.179999828338623,-72.01799774169922,0.0,1.6,6.5395,-74.456333,260.0,278.66,75.13
PTB.2018.310.00.46.54,PTB,2018.310.00.46.54,unlabelled,,,,,0,0,0.0,0.0,,,3.556999921798706,-74.4729995727539,21.26,1.5,6.5395,-74.456333,260.0,329.82,180.32
PTB.2018.310.02.27.15,PTB,2018.310.02.27.15,unlabelled,,,,,0,0,0.0,0.0,,,7.533999919891357,-77.01200103759766,17.52,2.1,6.5395,-74.456333,260.0,303.03,291.43
PTB.2018.312.05.55.54,PTB,2018.312.05.55.54,unlabelled,,,,,0,0,0.0,0.0,,,7.190999984741211,-72.125,3.35,1.5,6.5395,-74.456333,260.0,267.56,74.24
PTB.2018.312.08.44.39,PTB,2018.312.08.44.39,unlabelled,,,,,0,0,0.0,0.0,-0.9,,6.877999782562256,-76.6989974975586,12.26,2.2,6.5395,-74.456333,260.0,250.76,278.72
PTB.2018.313.01.26.09,PTB,2018.313.01.26.09,unlabelled,,,,,0,0,0.0,0.0,,,6.5970001220703125,-76.89299774169922,15.69,1.5,6.5395,-74.456333,260.0,269.55,271.49
PTB.2018.313.02.31.00,PTB,2018.313.02.31.00,unlabelled,,,,,0,0,0.0,0.0,,,4.7779998779296875,-74.79299926757812,12.7,1.5,6.5395,-74.456333,260.0,198.33,190.86
PTB.2018.313.15.34.34,PTB,2018.313.15.34.34,unlabelled,,,,,0,0,0.0,0.0,,,5.590000152587891,-76.51899719238281,29.81,1.7,6.5395,-74.456333,260.0,251.32,245.42
PTB.2018.313.22.58.07,PTB,2018.313.22.58.07,unlabelled,,,,,0,0,0.0,0.0,,,6.309000015258789,-76.08100128173828,29.38,1.5,6.5395,-74.456333,260.0,181.53,262.02
PTB.2018.314.03.47.09,PTB,2018.314.03.47.09,unlabelled,,,,,0,0,0.0,0.0,,,5.269999980926514,-72.76699829101562,0.05,1.5,6.5395,-74.456333,260.0,233.88,126.8
PTB.2018.314.06.10.23,PTB,2018.314.06.10.23,unlabelled,,,,,0,0,0.0,0.0,,,6.966000080108643,-72.1449966430664,24.23,1.5,6.5395,-74.456333,260.0,259.84,79.41
PTB.2018.314.18.09.17,PTB,2018.314.18.09.17,unlabelled,,,,,0,0,0.0,0.0,,,6.363999843597412,-76.79399871826172,3.03,1.8,6.5395,-74.456333,260.0,259.32,265.84
PTB.2018.314.20.11.01,PTB,2018.314.20.11.01,unlabelled,,,,,0,0,0.0,0.0,,,6.6570000648498535,-76.66200256347656,29.55,1.7,6.5395,-74.456333,260.0,244.26,273.18
PTB.2018.315.14.22.05,PTB,2018.315.14.22.05,unlabelled,,,,,0,0,0.0,0.0,,,5.34499979019165,-76.80000305175781,3.48,2.3,6.5395,-74.456333,260.0,291.18,243.15
PTB.2018.316.04.04.15,PTB,2018.316.04.04.15,unlabelled,,,,,0,0,0.0,0.0,,,3.568000078201294,-74.38200378417969,3.18,1.6,6.5395,-74.456333,260.0,328.7,178.56
PTB.2018.316.04.58.09,PTB,2018.316.04.58.09,unlabelled,,,,,0,0,0.0,0.0,,,6.005000114440918,-72.63800048828125,3.28,1.7,6.5395,-74.456333,260.0,209.71,106.27
PTB.2018.316.07.29.58,PTB,2018.316.07.29.58,unlabelled,,,,,0,0,0.0,0.0,,,4.660999774932861,-75.55999755859375,4.5,1.8,6.5395,-74.456333,260.0,241.05,210.54
PTB.2018.317.01.15.17,PTB,2018.317.01.15.17,unlabelled,,,,,0,0,0.0,0.0,,,7.013000011444092,-72.38800048828125,3.08,1.6,6.5395,-74.456333,260.0,234.57,76.98
PTB.2018.317.04.28.30,PTB,2018.317.04.28.30,unlabelled,,,,,0,0,0.0,0.0,,,6.86899995803833,-76.7959976196289,20.51,1.8,6.5395,-74.456333,260.0,261.23,278.15
PTB.2018.318.12.33.26,PTB,2018.318.12.33.26,unlabelled,,,,,0,0,0.0,0.0,,,3.931999921798706,-75.60800170898438,4.33,1.5,6.5395,-74.456333,260.0,315.34,203.94
PTB.2018.318.18.20.27,PTB,2018.318.18.20.27,unlabelled,,,,,0,0,0.0,0.0,,,3.8329999446868896,-73.65799713134766,2.16,1.7,6.5395,-74.456333,260.0,312.1,163.49
PTB.2018.319.22.03.51,PTB,2018.319.22.03.51,unlabelled,,,,,0,0,0.0,0.0,,,6.945000171661377,-76.21199798583984,9.13,1.5,6.5395,-74.456333,260.0,199.21,283.11
PTB.2018.319.22.27.59,PTB,2018.319.22.27.59,unlabelled,,,,,0,0,0.0,0.0,-2.32,-4.01,5.603000164031982,-75.48799896240234,4.32,1.5,6.5395,-74.456333,260.0,154.17,227.85
PTB.2018.320.02.55.41,PTB,2018.320.02.55.41,unlabelled,,,,,0,0,0.0,0.0,,,7.196000099182129,-76.2750015258789,9.11,1.5,6.5395,-74.456333,260.0,213.72,289.97
PTB.2018.320.05.27.55,PTB,2018.320.05.27.55,unlabelled,,,,,0,0,0.0,0.0,,,6.864999771118164,-72.00800323486328,4.58,1.5,6.5395,-74.456333,260.0,273.08,82.28
PTB.2018.320.14.57.48,PTB,2018.320.14.57.48,unlabelled,,,,,0,0,0.0,0.0,,,5.410999774932861,-76.78900146484375,12.07,1.9,6.5395,-74.456333,260.0,286.84,244.33
PTB.2018.321.02.24.49,PTB,2018.321.02.24.49,unlabelled,,,,,0,0,0.0,0.0,,,6.947999954223633,-77.11499786376953,31.51,2.0,6.5395,-74.456333,260.0,297.38,278.89
PTB.2018.321.10.25.16,PTB,2018.321.10.25.16,unlabelled,,,,,0,0,0.0,0.0,-7.16,,6.335999965667725,-76.60900115966797,27.43,2.0,6.5395,-74.456333,260.0,239.19,264.72
PTB.2018.321.15.41.51,PTB,2018.321.15.41.51,unlabelled,,,,,0,0,0.0,0.0,,,7.006999969482422,-76.1500015258789,-0.09,2.0,6.5395,-74.456333,260.0,194.24,285.54
PTB.2018.321.19.36.52,PTB,2018.321.19.36.52,unlabelled,,,,,0,0,0.0,0.0,,,6.879000186920166,-76.8270034790039,14.02,2.0,6.5395,-74.456333,260.0,264.78,278.29
PTB.2018.322.01.28.44,PTB,2018.322.01.28.44,unlabelled,,,,,0,0,0.0,0.0,,,6.980999946594238,-76.74299621582031,11.55,2.5,6.5395,-74.456333,260.0,257.46,281.06
PTB.2018.322.05.17.48,PTB,2018.322.05.17.48,unlabelled,,,,,0,0,0.0,0.0,-2.14,,6.795000076293945,-76.21199798583984,0.01,1.5,6.5395,-74.456333,260.0,196.17,278.38
PTB.2018.322.09.59.00,PTB,2018.322.09.59.00,unlabelled,,,,,0,0,0.0,0.0,,,7.1529998779296875,-77.08300018310547,38.44,2.0,6.5395,-74.456333,260.0,298.15,283.31
PTB.2018.323.01.39.39,PTB,2018.323.01.39.39,unlabelled,,,,,0,0,0.0,0.0,,,6.421000003814697,-76.79299926757812,4.06,1.8,6.5395,-74.456333,260.0,258.8,267.23
PTB.2018.323.04.28.49,PTB,2018.323.04.28.49,unlabelled,,,,,0,0,0.0,0.0,,,5.633999824523926,-76.40599822998047,6.19,2.3,6.5395,-74.456333,260.0,237.92,245.22
PTB.2018.323.20.06.16,PTB,2018.323.20.06.16,unlabelled,,,,,0,0,0.0,0.0,,,6.081999778747559,-75.84100341796875,29.76,1.7,6.5395,-74.456333,260.0,161.35,251.8
PTB.2018.323.22.00.03,PTB,2018.323.22.00.03,unlabelled,,,,,0,0,0.0,0.0,,,6.005000114440918,-72.53299713134766,3.3,1.5,6.5395,-74.456333,260.0,220.89,105.41
PTB.2018.324.17.55.05,PTB,2018.324.17.55.05,unlabelled,,,,,0,0,0.0,0.0,,,7.243000030517578,-76.4000015258789,5.61,2.1,6.5395,-74.456333,260.0,228.47,290.02
PTB.2018.325.11.52.39,PTB,2018.325.11.52.39,unlabelled,,,,,0,0,0.0,0.0,,,6.827000141143799,-76.2959976196289,0.06,1.7,6.5395,-74.456333,260.0,205.88,278.99
PTB.2018.325.13.58.35,PTB,2018.325.13.58.35,unlabelled,,,,,0,0,0.0,0.0,,,6.8429999351501465,-76.26899719238281,4.07,1.8,6.5395,-74.456333,260.0,203.21,279.61
PTB.2018.326.23.09.30,PTB,2018.326.23.09.30,unlabelled,,,,,0,0,0.0,0.0,,,6.296000003814697,-72.37899780273438,2.05,1.7,6.5395,-74.456333,260.0,231.38,96.57
PTB.2018.327.12.31.16,PTB,2018.327.12.31.16,unlabelled,,,,,0,0,0.0,0.0,,,4.71999979019165,-73.39800262451172,11.15,1.9,6.5395,-74.456333,260.0,232.88,149.72
PTB.2018.327.21.51.43,PTB,2018.327.21.51.43,unlabelled,,,,,0,0,0.0,0.0,,,4.620999813079834,-73.68399810791016,16.74,1.6,6.5395,-74.456333,260.0,228.76,158.0
PTB.2018.328.14.24.23,PTB,2018.328.14.24.23,unlabelled,,,,,0,0,0.0,0.0,,,5.821000099182129,-73.49600219726562,0.0,1.5,6.5395,-74.456333,260.0,132.7,126.73
PTB.2018.330.06.08.27,PTB,2018.330.06.08.27,unlabelled,,,,,0,0,0.0,0.0,,,7.078999996185303,-77.16200256347656,24.13,2.3,6.5395,-74.456333,260.0,304.97,281.44
PTB.2018.330.06.38.45,PTB,2018.330.06.38.45,unlabelled,,,,,0,0,0.0,0.0,,,6.9710001945495605,-76.31300354003906,12.7,1.8,6.5395,-74.456333,260.0,210.73,283.2
PTB.2018.330.07.28.13,PTB,2018.330.07.28.13,unlabelled,,,,,0,0,0.0,0.0,,,6.605999946594238,-72.16400146484375,31.24,1.9,6.5395,-74.456333,260.0,253.62,88.21
PTB.2018.330.14.35.17,PTB,2018.330.14.35.17,unlabelled,,,,,0,0,0.0,0.0,-4.11,-0.3,6.107999801635742,-76.01599884033203,9.13,1.9,6.5395,-74.456333,260.0,179.05,254.63
PTB.2018.331.18.25.25,PTB,2018.331.18.25.25,unlabelled,,,,,0,0,0.0,0.0,,,5.513999938964844,-72.65899658203125,4.02,2.2,6.5395,-74.456333,260.0,229.03,119.58
PTB.2018.332.15.56.04,PTB,2018.332.15.56.04,unlabelled,,,,,0,0,0.0,0.0,,,4.626999855041504,-73.05000305175781,17.77,2.5,6.5395,-74.456333,260.0,262.69,143.55
PTB.2018.332.19.49.37,PTB,2018.332.19.49.37,unlabelled,,,,,0,0,0.0,0.0,,,3.556999921798706,-74.47699737548828,12.3,2.5,6.5395,-74.456333,260.0,329.82,180.4
PTB.2018.333.02.52.08,PTB,2018.333.02.52.08,unlabelled,,,,,0,0,0.0,0.0,,,3.5490000247955322,-74.4729995727539,2.41,2.2,6.5395,-74.456333,260.0,330.7,180.32
PTB.2018.333.23.27.37,PTB,2018.333.23.27.37,unlabelled,,,,,0,0,0.0,0.0,,,4.729000091552734,-76.74199676513672,2.6,1.5,6.5395,-74.456333,260.0,322.8,231.78
PTB.2018.334.08.05.12,PTB,2018.334.08.05.12,unlabelled,,,,,0,0,0.0,0.0,,,4.890999794006348,-72.74400329589844,0.0,1.7,6.5395,-74.456333,260.0,263.07,133.78
PTB.2018.335.01.19.24,PTB,2018.335.01.19.24,unlabelled,,,,,0,0,0.0,0.0,,,7.00600004196167,-76.45600128173828,1.86,1.5,6.5395,-74.456333,260.0,227.0,283.25
PTB.2018.335.22.04.22,PTB,2018.335.22.04.22,unlabelled,,,,,0,0,0.0,0.0,,,3.6710000038146973,-74.25800323486328,3.67,1.6,6.5395,-74.456333,260.0,317.97,176.02
PTB.2018.336.09.18.13,PTB,2018.336.09.18.13,unlabelled,,,,,0,0,0.0,0.0,,,6.835000038146973,-76.24500274658203,1.0,1.5,6.5395,-74.456333,260.0,200.45,279.49
PTB.2018.336.12.02.54,PTB,2018.336.12.02.54,unlabelled,,,,,0,0,0.0,0.0,,,5.5229997634887695,-76.47200012207031,18.45,2.3,6.5395,-74.456333,260.0,249.86,243.37
PTB.2018.337.04.33.12,PTB,2018.337.04.33.12,unlabelled,,,,,0,0,0.0,0.0,,,5.133999824523926,-73.00700378417969,0.0,3.6,6.5395,-74.456333,260.0,223.43,134.0
PTB.2018.338.05.51.43,PTB,2018.338.05.51.43,unlabelled,,,,,0,0,0.0,0.0,,,4.747000217437744,-74.8030014038086,4.02,1.5,6.5395,-74.456333,260.0,201.91,190.98
PTB.2018.338.18.19.06,PTB,2018.338.18.19.06,unlabelled,,,,,0,0,0.0,0.0,,,5.158999919891357,-74.76399993896484,16.44,1.6,6.5395,-74.456333,260.0,156.42,192.6
PTB.2018.339.03.40.04,PTB,2018.339.03.40.04,unlabelled,,,,,0,0,0.0,0.0,,,6.7270002365112305,-76.7239990234375,18.43,1.9,6.5395,-74.456333,260.0,251.61,274.86
PTB.2018.339.12.36.23,PTB,2018.339.12.36.23,unlabelled,,,,,0,0,0.0,0.0,,,6.943999767303467,-76.61900329589844,0.0,1.6,6.5395,-74.456333,260.0,243.24,280.72
PTB.2018.340.08.56.00,PTB,2018.340.08.56.00,unlabelled,,,,,0,0,0.0,0.0,,,4.572999954223633,-76.60099792480469,1.58,2.1,6.5395,-74.456333,260.0,322.11,227.65
PTB.2018.341.06.47.05,PTB,2018.341.06.47.05,unlabelled,,,,,0,0,0.0,0.0,,,4.317999839782715,-73.76399993896484,6.06,1.6,6.5395,-74.456333,260.0,257.36,162.62
PTB.2018.341.07.33.25,PTB,2018.341.07.33.25,unlabelled,,,,,0,0,0.0,0.0,,,4.186999797821045,-75.18900299072266,32.19,1.6,6.5395,-74.456333,260.0,272.53,197.37
PTB.2018.341.20.10.26,PTB,2018.341.20.10.26,unlabelled,,,,,0,0,0.0,0.0,,,5.248000144958496,-72.91000366210938,2.87,1.5,6.5395,-74.456333,260.0,222.97,129.75
PTB.2018.342.06.46.40,PTB,2018.342.06.46.40,unlabelled,,,,,0,0,0.0,0.0,,,4.77400016784668,-75.66699981689453,4.72,1.8,6.5395,-74.456333,260.0,236.86,214.55
PTB.2018.342.11.17.28,PTB,2018.342.11.17.28,unlabelled,,,,,0,0,0.0,0.0,,,4.103000164031982,-75.4520034790039,2.84,1.7,6.5395,-74.456333,260.0,291.16,202.32
PTB.2018.342.15.38.44,PTB,2018.342.15.38.44,unlabelled,,,,,0,0,0.0,0.0,,,5.372000217437744,-73.6500015258789,15.64,1.5,6.5395,-74.456333,260.0,156.97,145.29
PTB.2018.343.04.01.41,PTB,2018.343.04.01.41,unlabelled,,,,,0,0,0.0,0.0,,,5.925000190734863,-76.80599975585938,0.0,1.9,6.5395,-74.456333,260.0,268.76,255.48
PTB.2018.343.12.18.58,PTB,2018.343.12.18.58,unlabelled,,,,,0,0,0.0,0.0,,,7.02400016784668,-76.58899688720703,14.62,1.7,6.5395,-74.456333,260.0,241.77,282.93
PTB.2018.343.12.53.50,PTB,2018.343.12.53.50,unlabelled,,,,,0,0,0.0,0.0,,,6.8429999351501465,-72.0199966430664,0.76,2.2,6.5395,-74.456333,260.0,271.46,82.76
PTB.2018.343.18.49.38,PTB,2018.343.18.49.38,unlabelled,,,,,0,0,0.0,0.0,,,4.442999839782715,-76.16799926757812,12.32,1.9,6.5395,-74.456333,260.0,299.54,219.37
PTB.2018.343.21.04.47,PTB,2018.343.21.04.47,unlabelled,,,,,0,0,0.0,0.0,,,5.730999946594238,-72.54199981689453,3.74,1.6,6.5395,-74.456333,260.0,229.98,112.77
PTB.2018.343.23.49.27,PTB,2018.343.23.49.27,unlabelled,,,,,0,0,0.0,0.0,,,4.61299991607666,-75.94200134277344,36.09,1.7,6.5395,-74.456333,260.0,269.22,217.77
PTB.2018.344.05.06.03,PTB,2018.344.05.06.03,unlabelled,,,,,0,0,0.0,0.0,,,6.875999927520752,-76.58499908447266,0.0,1.7,6.5395,-74.456333,260.0,238.27,279.11
PTB.2018.344.12.18.28,PTB,2018.344.12.18.28,unlabelled,,,,,0,0,0.0,0.0,,,7.2179999351501465,-76.97899627685547,20.51,2.0,6.5395,-74.456333,260.0,288.73,285.21
PTB.2018.345.11.31.32,PTB,2018.345.11.31.32,unlabelled,,,,,0,0,0.0,0.0,-2.61,,6.836999893188477,-76.3010025024414,0.0,1.9,6.5395,-74.456333,260.0,206.6,279.27
PTB.2018.345.19.18.31,PTB,2018.345.19.18.31,unlabelled,,,,,0,0,0.0,0.0,,,6.895999908447266,-76.69100189208984,0.0,1.9,6.5395,-74.456333,260.0,250.19,279.2
PTB.2018.346.08.01.17,PTB,2018.346.08.01.17,unlabelled,,,,,0,0,0.0,0.0,,,5.086999893188477,-73.06700134277344,0.0,3.6,6.5395,-74.456333,260.0,222.43,136.16
PTB.2018.346.08.20.03,PTB,2018.346.08.20.03,unlabelled,,,,,0,0,0.0,0.0,,,6.841000080108643,-76.25800323486328,0.02,1.7,6.5395,-74.456333,260.0,201.98,279.61
PTB.2018.346.09.32.10,PTB,2018.346.09.32.10,unlabelled,,,,,0,0,0.0,0.0,-0.3,,5.173999786376953,-72.88300323486328,0.0,1.8,6.5395,-74.456333,260.0,230.56,130.83
PTB.2018.346.09.48.00,PTB,2018.346.09.48.00,unlabelled,,,,,0,0,0.0,0.0,-0.53,,5.214000225067139,-72.875,0.0,1.9,6.5395,-74.456333,260.0,228.36,129.85
PTB.2018.346.10.12.14,PTB,2018.346.10.12.14,unlabelled,,,,,0,0,0.0,0.0,,,6.690000057220459,-76.96299743652344,4.18,1.8,6.5395,-74.456333,260.0,277.69,273.58
PTB.2018.346.23.06.10,PTB,2018.346.23.06.10,unlabelled,,,,,0,0,0.0,0.0,,,4.948999881744385,-73.2020034790039,0.0,2.9,6.5395,-74.456333,260.0,224.14,141.63
PTB.2018.347.06.53.49,PTB,2018.347.06.53.49,unlabelled,,,,,0,0,0.0,0.0,,,6.781000137329102,-76.66600036621094,30.5,1.7,6.5395,-74.456333,260.0,245.78,276.37
PTB.2018.347.09.28.25,PTB,2018.347.09.28.25,unlabelled,,,,,0,0,0.0,0.0,,,4.894999980926514,-73.28399658203125,0.0,4.5,6.5395,-74.456333,260.0,223.46,144.41
PTB.2018.347.12.20.35,PTB,2018.347.12.20.35,unlabelled,,,,,0,0,0.0,0.0,,,4.757999897003174,-73.16799926757812,4.65,1.6,6.5395,-74.456333,260.0,243.27,144.01
PTB.2018.348.00.25.21,PTB,2018.348.00.25.21,unlabelled,,,,,0,0,0.0,0.0,,,6.880000114440918,-76.19100189208984,0.02,1.8,6.5395,-74.456333,260.0,195.45,281.21
PTB.2018.348.06.12.46,PTB,2018.348.06.12.46,unlabelled,,,,,0,0,0.0,0.0,,,6.802999973297119,-71.95899963378906,2.16,1.7,6.5395,-74.456333,260.0,277.66,83.83
PTB.2018.348.06.53.53,PTB,2018.348.06.53.53,unlabelled,,,,,0,0,0.0,0.0,,,6.741000175476074,-72.00299835205078,-0.21,1.7,6.5395,-74.456333,260.0,272.2,85.16
PTB.2018.348.10.36.55,PTB,2018.348.10.36.55,unlabelled,,,,,0,0,0.0,0.0,,,5.331999778747559,-74.65399932861328,20.25,1.5,6.5395,-74.456333,260.0,135.31,189.32
PTB.2018.349.12.31.39,PTB,2018.349.12.31.39,unlabelled,,,,,0,0,0.0,0.0,,,6.836999893188477,-76.22100067138672,0.17,1.5,6.5395,-74.456333,260.0,197.87,279.67
PTB.2018.349.13.33.10,PTB,2018.349.13.33.10,unlabelled,,,,,0,0,0.0,0.0,,,6.997000217437744,-77.14600372314453,5.16,2.0,6.5395,-74.456333,260.0,301.61,279.81
PTB.2018.350.05.58.38,PTB,2018.350.05.58.38,unlabelled,,,,,0,0,0.0,0.0,,,6.218999862670898,-72.6520004272461,3.71,1.6,6.5395,-74.456333,260.0,202.74,99.97
PTB.2018.350.17.36.09,PTB,2018.350.17.36.09,unlabelled,,,,,0,0,0.0,0.0,,,6.546999931335449,-76.802001953125,32.6,1.6,6.5395,-74.456333,260.0,259.43,270.32
PTB.2018.351.10.41.05,PTB,2018.351.10.41.05,unlabelled,,,,,0,0,0.0,0.0,,,6.883999824523926,-72.65699768066406,3.71,1.6,6.5395,-74.456333,260.0,202.55,79.05
PTB.2018.352.03.30.41,PTB,2018.352.03.30.41,unlabelled,,,,,0,0,0.0,0.0,,,4.853000164031982,-75.76399993896484,3.5,1.8,6.5395,-74.456333,260.0,236.14,217.9
PTB.2018.352.07.55.16,PTB,2018.352.07.55.16,unlabelled,,,,,0,0,0.0,0.0,,,4.855999946594238,-73.38999938964844,9.71,1.5,6.5395,-74.456333,260.0,220.48,147.55
PTB.2018.352.18.29.06,PTB,2018.352.18.29.06,unlabelled,,,,,0,0,0.0,0.0,,,6.822999954223633,-76.70800018310547,6.21,1.8,6.5395,-74.456333,260.0,250.93,277.31
PTB.2018.353.02.02.24,PTB,2018.353.02.02.24,unlabelled,,,,,0,0,0.0,0.0,,,7.111999988555908,-76.2509994506836,1.55,3.2,6.5395,-74.456333,260.0,208.23,287.81
PTB.2018.353.19.45.27,PTB,2018.353.19.45.27,unlabelled,,,,,0,0,0.0,0.0,,,4.235000133514404,-75.30699920654297,18.06,1.5,6.5395,-74.456333,260.0,271.72,200.34
PTB.2018.354.09.17.00,PTB,2018.354.09.17.00,unlabelled,,,,,0,0,0.0,0.0,,,4.510000228881836,-73.52899932861328,0.02,3.9,6.5395,-74.456333,260.0,246.83,155.35
PTB.2018.358.12.42.26,PTB,2018.358.12.42.26,unlabelled,,,,,0,0,0.0,0.0,,,6.9670000076293945,-76.18399810791016,16.08,1.5,6.5395,-74.456333,260.0,196.76,284.0
PTB.2018.358.15.29.54,PTB,2018.358.15.29.54,unlabelled,,,,,0,0,0.0,0.0,,,3.7880001068115234,-73.76799774169922,33.24,1.5,6.5395,-74.456333,260.0,313.69,165.89
PTB.2018.358.17.28.57,PTB,2018.358.17.28.57,unlabelled,,,,,0,0,0.0,0.0,,,4.525000095367432,-73.59400177001953,0.05,1.9,6.5395,-74.456333,260.0,242.4,156.74
PTB.2018.359.05.51.49,PTB,2018.359.05.51.49,unlabelled,,,,,0,0,0.0,0.0,,,6.340000152587891,-76.77200317382812,9.64,1.7,6.5395,-74.456333,260.0,257.11,265.21
PTB.2018.359.15.15.08,PTB,2018.359.15.15.08,unlabelled,,,,,0,0,0.0,0.0,,,6.834000110626221,-76.30899810791016,12.93,1.7,6.5395,-74.456333,260.0,207.42,279.14
PTB.2018.359.22.15.24,PTB,2018.359.22.15.24,unlabelled,,,,,0,0,0.0,0.0,,,7.0279998779296875,-76.1709976196289,10.46,1.7,6.5395,-74.456333,260.0,197.1,286.01
PTB.2018.360.04.54.38,PTB,2018.360.04.54.38,unlabelled,,,,,0,0,0.0,0.0,,,5.486000061035156,-76.49700164794922,44.22,1.8,6.5395,-74.456333,260.0,254.19,242.83
PTB.2018.360.20.28.33,PTB,2018.360.20.28.33,unlabelled,,,,,0,0,0.0,0.0,,,6.860000133514404,-76.21399688720703,10.15,2.7,6.5395,-74.456333,260.0,197.54,280.44
PTB.2018.360.20.55.00,PTB,2018.360.20.55.00,unlabelled,,,,,0,0,0.0,0.0,,,6.525000095367432,-76.96700286865234,3.36,2.1,6.5395,-74.456333,260.0,277.69,269.81
PTB.2018.361.00.06.12,PTB,2018.361.00.06.12,unlabelled,,,,,0,0,0.0,0.0,,,7.290999889373779,-76.8489990234375,18.43,2.0,6.5395,-74.456333,260.0,277.18,287.59
PTB.2018.361.22.07.07,PTB,2018.361.22.07.07,unlabelled,,,,,0,0,0.0,0.0,-0.07,,6.826000213623047,-76.11599731445312,0.04,2.1,6.5395,-74.456333,260.0,186.22,279.89
PTB.2018.362.01.43.14,PTB,2018.362.01.43.14,unlabelled,,,,,0,0,0.0,0.0,,,7.151000022888184,-76.68000030517578,9.14,1.9,6.5395,-74.456333,260.0,254.92,285.51
PTB.2018.362.03.32.19,PTB,2018.362.03.32.19,unlabelled,,,,,0,0,0.0,0.0,,,4.401000022888184,-73.66899871826172,0.0,1.6,6.5395,-74.456333,260.0,252.06,159.71
PTB.2018.363.06.02.17,PTB,2018.363.06.02.17,unlabelled,,,,,0,0,0.0,0.0,-4.31,-6.07,7.160999774932861,-75.99600219726562,34.2,1.9,6.5395,-74.456333,260.0,183.53,292.08
PTB.2018.363.13.09.23,PTB,2018.363.13.09.23,unlabelled,,,,,0,0,0.0,0.0,,,5.289999961853027,-72.81099700927734,3.81,1.8,6.5395,-74.456333,260.0,228.66,127.09
PTB.2018.364.04.12.39,PTB,2018.364.04.12.39,unlabelled,,,,,0,0,0.0,0.0,,,6.604000091552734,-76.70600128173828,21.41,2.1,6.5395,-74.456333,260.0,248.9,271.77
PTB.2018.364.05.02.01,PTB,2018.364.05.02.01,unlabelled,,,,,0,0,0.0,0.0,,,7.051000118255615,-76.23999786376953,11.0,1.7,6.5395,-74.456333,260.0,205.12,286.11
PTB.2018.364.05.06.52,PTB,2018.364.05.06.52,unlabelled,,,,,0,0,0.0,0.0,,,6.638999938964844,-72.16100311279297,7.29,1.6,6.5395,-74.456333,260.0,254.08,87.39
PTB.2018.364.13.27.53,PTB,2018.364.13.27.53,unlabelled,,,,,0,0,0.0,0.0,,,7.4730000495910645,-75.3010025024414,19.46,1.6,6.5395,-74.456333,260.0,139.17,317.94
PTB.2018.365.16.50.43,PTB,2018.365.16.50.43,unlabelled,,,,,0,0,0.0,0.0,,,4.552000045776367,-76.18499755859375,5.61,1.7,6.5395,-74.456333,260.0,291.53,221.16
PTB.2019.001.00.09.51,PTB,2019.001.00.09.51,unlabelled,,,,,0,0,0.0,0.0,,,4.885000228881836,-73.18199920654297,0.0,1.6,6.5395,-74.456333,260.0,231.08,142.28
PTB.2019.001.01.28.19,PTB,2019.001.01.28.19,unlabelled,,,,,0,0,0.0,0.0,,,6.86299991607666,-76.16799926757812,-0.02,1.5,6.5395,-74.456333,260.0,192.6,280.8
PTB.2019.001.06.03.58,PTB,2019.001.06.03.58,unlabelled,,,,,0,0,0.0,0.0,,,4.51800012588501,-76.177001953125,5.98,2.3,6.5395,-74.456333,260.0,293.8,220.55
PTB.2019.001.20.15.50,PTB,2019.001.20.15.50,unlabelled,,,,,0,0,0.0,0.0,,,6.824999809265137,-76.18399810791016,7.86,1.9,6.5395,-74.456333,260.0,193.62,279.48
PTB.2019.002.05.07.24,PTB,2019.002.05.07.24,unlabelled,,,,,0,0,0.0,0.0,,,6.01800012588501,-72.45600128173828,0.06,1.5,6.5395,-74.456333,260.0,228.74,104.49
PTB.2019.002.16.14.37,PTB,2019.002.16.14.37,unlabelled,,,,,0,0,0.0,0.0,,,5.2129998207092285,-73.06600189208984,5.01,1.8,6.5395,-74.456333,260.0,212.66,133.54
PTB.2019.002.22.51.04,PTB,2019.002.22.51.04,unlabelled,,,,,0,0,0.0,0.0,,,3.5450000762939453,-74.2020034790039,6.23,1.6,6.5395,-74.456333,260.0,332.34,175.12
PTB.2019.002.23.38.18,PTB,2019.002.23.38.18,unlabelled,,,,,0,0,0.0,0.0,,,6.607999801635742,-76.71600341796875,22.06,1.7,6.5395,-74.456333,260.0,250.02,271.87
PTB.2019.003.19.24.00,PTB,2019.003.19.24.00,unlabelled,,,,,0,0,0.0,0.0,,,6.818999767303467,-71.80500030517578,0.0,1.9,6.5395,-74.456333,260.0,294.78,83.83
PTB.2019.004.05.45.37,PTB,2019.004.05.45.37,unlabelled,,,,,0,0,0.0,0.0,,,7.315000057220459,-76.13500213623047,0.02,1.5,6.5395,-74.456333,260.0,204.38,294.91
PTB.2019.004.06.15.37,PTB,2019.004.06.15.37,unlabelled,,,,,0,0,0.0,0.0,,,6.802999973297119,-76.71299743652344,0.25,1.5,6.5395,-74.456333,260.0,251.22,276.79
PTB.2019.005.23.01.03,PTB,2019.005.23.01.03,unlabelled,,,,,0,0,0.0,0.0,,,5.74399995803833,-76.41500091552734,10.91,1.9,6.5395,-74.456333,260.0,233.96,248.02
PTB.2019.005.23.29.13,PTB,2019.005.23.29.13,unlabelled,,,,,0,0,0.0,0.0,,,6.8979997634887695,-76.29900360107422,-0.1,1.6,6.5395,-74.456333,260.0,207.55,281.12
PTB.2019.006.08.20.59,PTB,2019.006.08.20.59,unlabelled,,,,,0,0,0.0,0.0,,,7.051000118255615,-72.20899963378906,1.92,1.5,6.5395,-74.456333,260.0,254.78,77.04
PTB.2019.006.11.04.17,PTB,2019.006.11.04.17,unlabelled,,,,,0,0,0.0,0.0,-2.35,-0.98,6.831999778747559,-76.20899963378906,0.21,1.5,6.5395,-74.456333,260.0,196.47,279.58
PTB.2019.006.11.59.42,PTB,2019.006.11.59.42,unlabelled,,,,,0,0,0.0,0.0,,,6.947000026702881,-76.15499877929688,-0.06,1.8,6.5395,-74.456333,260.0,193.13,283.59
PTB.2019.006.18.15.23,PTB,2019.006.18.15.23,unlabelled,,,,,0,0,0.0,0.0,-1.57,,7.175000190734863,-76.25199890136719,-0.05,1.6,6.5395,-74.456333,260.0,210.55,289.6
PTB.2019.007.03.07.28,PTB,2019.007.03.07.28,unlabelled,,,,,0,0,0.0,0.0,,,7.038000106811523,-72.13200378417969,0.0,1.7,6.5395,-74.456333,260.0,262.79,77.75
PTB.2019.007.06.05.45,PTB,2019.007.06.05.45,unlabelled,,,,,0,0,0.0,0.0,,,5.441999912261963,-72.7030029296875,3.51,1.5,6.5395,-74.456333,260.0,228.94,121.92
PTB.2019.007.07.13.53,PTB,2019.007.07.13.53,unlabelled,,,,,0,0,0.0,0.0,,,7.014999866485596,-72.1729965209961,3.67,1.7,6.5395,-74.456333,260.0,257.83,78.1
PTB.2019.008.05.28.49,PTB,2019.008.05.28.49,unlabelled,,,,,0,0,0.0,0.0,,,5.361000061035156,-72.677001953125,-0.02,1.7,6.5395,-74.456333,260.0,236.22,123.39
PTB.2019.009.10.33.32,PTB,2019.009.10.33.32,unlabelled,,,,,0,0,0.0,0.0,,,6.007999897003174,-72.39600372314453,0.0,2.1,6.5395,-74.456333,260.0,235.44,104.34
PTB.2019.010.06.27.43,PTB,2019.010.06.27.43,unlabelled,,,,,0,0,0.0,0.0,,,7.131999969482422,-76.20600128173828,-0.1,1.5,6.5395,-74.456333,260.0,204.19,288.82
PTB.2019.010.08.51.20,PTB,2019.010.08.51.20,unlabelled,,,,,0,0,0.0,0.0,,,6.8460001945495605,-76.80999755859375,20.06,1.9,6.5395,-74.456333,260.0,262.43,277.56
PTB.2019.010.18.13.23,PTB,2019.010.18.13.23,unlabelled,,,,,0,0,0.0,0.0,,,6.230000019073486,-72.07499694824219,5.01,1.9,6.5395,-74.456333,260.0,265.67,97.27
PTB.2019.011.04.18.16,PTB,2019.011.04.18.16,unlabelled,,,,,0,0,0.0,0.0,,,6.999000072479248,-72.3479995727539,3.28,1.7,6.5395,-74.456333,260.0,238.55,77.58
PTB.2019.012.03.02.52,PTB,2019.012.03.02.52,unlabelled,,,,,0,0,0.0,0.0,,,7.130000114440918,-77.13099670410156,31.62,2.2,6.5395,-74.456333,260.0,302.77,282.61
PTB.2019.012.04.50.55,PTB,2019.012.04.50.55,unlabelled,,,,,0,0,0.0,0.0,,,3.8269999027252197,-73.6520004272461,4.24,2.0,6.5395,-74.456333,260.0,312.93,163.41
PTB.2019.012.07.08.46,PTB,2019.012.07.08.46,unlabelled,,,,,0,0,0.0,0.0,,,6.204999923706055,-72.27100372314453,29.77,1.5,6.5395,-74.456333,260.0,244.59,98.58
PTB.2019.012.10.53.12,PTB,2019.012.10.53.12,unlabelled,,,,,0,0,0.0,0.0,-0.18,,4.4710001945495605,-75.73600006103516,2.53,2.2,6.5395,-74.456333,260.0,269.13,211.86
PTB.2019.012.11.44.11,PTB,2019.012.11.44.11,unlabelled,,,,,0,0,0.0,0.0,,,5.9670000076293945,-76.66100311279297,29.4,1.8,6.5395,-74.456333,260.0,252.05,255.57
PTB.2019.013.04.45.33,PTB,2019.013.04.45.33,unlabelled,,,,,0,0,0.0,0.0,,,5.51200008392334,-76.37200164794922,24.05,1.5,6.5395,-74.456333,260.0,240.6,241.92
PTB.2019.013.06.31.29,PTB,2019.013.06.31.29,unlabelled,,,,,0,0,0.0,0.0,,,5.368000030517578,-72.70899963378906,0.01,1.5,6.5395,-74.456333,260.0,232.84,123.71
PTB.2019.013.06.33.29,PTB,2019.013.06.33.29,unlabelled,,,,,0,0,0.0,0.0,,,5.427000045776367,-72.72599792480469,3.47,1.5,6.5395,-74.456333,260.0,227.68,122.62
PTB.2019.013.16.14.46,PTB,2019.013.16.14.46,unlabelled,,,,,0,0,0.0,0.0,,,5.651000022888184,-72.7750015258789,7.89,1.8,6.5395,-74.456333,260.0,210.46,117.74
PTB.2019.013.16.31.43,PTB,2019.013.16.31.43,unlabelled,,,,,0,0,0.0,0.0,,,6.7829999923706055,-71.94999694824219,3.42,3.1,6.5395,-74.456333,260.0,278.44,84.31
PTB.2019.013.17.29.21,PTB,2019.013.17.29.21,unlabelled,,,,,0,0,0.0,0.0,,,4.363999843597412,-75.49700164794922,8.15,1.8,6.5395,-74.456333,260.0,266.79,205.66
PTB.2019.014.00.03.01,PTB,2019.014.00.03.01,unlabelled,,,,,0,0,0.0,0.0,,,6.9120001792907715,-76.24500274658203,1.0,1.6,6.5395,-74.456333,260.0,202.0,281.87
PTB.2019.014.00.21.36,PTB,2019.014.00.21.36,unlabelled,,,,,0,0,0.0,0.0,,,6.017000198364258,-72.44300079345703,1.0,1.9,6.5395,-74.456333,260.0,230.16,104.43
PTB.2019.014.00.55.44,PTB,2019.014.00.55.44,unlabelled,,,,,0,0,0.0,0.0,-1.64,,6.925000190734863,-76.6780014038086,0.0,2.1,6.5395,-74.456333,260.0,249.29,279.98
PTB.2019.014.01.09.38,PTB,2019.014.01.09.38,unlabelled,,,,,0,0,0.0,0.0,,,6.939000129699707,-76.65399932861328,9.7,1.8,6.5395,-74.456333,260.0,246.95,280.43
PTB.2019.014.14.05.38,PTB,2019.014.14.05.38,unlabelled,,,,,0,0,0.0,0.0,,,4.630000114440918,-76.73300170898438,37.76,2.0,6.5395,-74.456333,260.0,328.95,230.18
PTB.2019.014.17.51.22,PTB,2019.014.17.51.22,unlabelled,,,,,0,0,0.0,0.0,,,4.550000190734863,-75.9229965209961,15.4,1.8,6.5395,-74.456333,260.0,273.51,216.53
PTB.2019.014.23.02.20,PTB,2019.014.23.02.20,unlabelled,,,,,0,0,0.0,0.0,,,6.066999912261963,-76.62999725341797,21.53,1.5,6.5395,-74.456333,260.0,246.13,257.86
PTB.2019.015.01.54.14,PTB,2019.015.01.54.14,unlabelled,,,,,0,0,0.0,0.0,,,4.61299991607666,-75.86699676513672,23.13,1.7,6.5395,-74.456333,260.0,264.22,216.34
PTB.2019.015.05.27.54,PTB,2019.015.05.27.54,unlabelled,,,,,0,0,0.0,0.0,-4.18,,6.735000133514404,-76.77799987792969,14.31,1.6,6.5395,-74.456333,260.0,257.63,274.95
PTB.2019.015.16.01.30,PTB,2019.015.16.01.30,unlabelled,,,,,0,0,0.0,0.0,-6.72,,6.813000202178955,-76.19200134277344,1.73,1.9,6.5395,-74.456333,260.0,194.28,279.06
PTB.2019.016.05.32.27,PTB,2019.016.05.32.27,unlabelled,,,,,0,0,0.0,0.0,-7.34,-0.46,5.813000202178955,-72.50800323486328,2.28,1.5,6.5395,-74.456333,260.0,230.12,110.33
PTB.2019.016.06.49.29,PTB,2019.016.06.49.29,unlabelled,,,,,0,0,0.0,0.0,,,6.9629998207092285,-75.81999969482422,26.6,1.8,6.5395,-74.456333,260.0,157.86,287.34
PTB.2019.016.15.34.45,PTB,2019.016.15.34.45,unlabelled,,,,,0,0,0.0,0.0,,,4.443999767303467,-76.20700073242188,3.84,1.6,6.5395,-74.456333,260.0,302.21,220.02
PTB.2019.016.20.17.41,PTB,2019.016.20.17.41,unlabelled,,,,,0,0,0.0,0.0,,,5.848999977111816,-72.7030029296875,3.86,1.6,6.5395,-74.456333,260.0,208.53,111.38
PTB.2019.017.00.48.15,PTB,2019.017.00.48.15,unlabelled,,,,,0,0,0.0,0.0,,,5.533999919891357,-76.50800323486328,56.64,1.4,6.5395,-74.456333,260.0,252.89,244.03
PTB.2019.017.00.59.06,PTB,2019.017.00.59.06,unlabelled,,,,,0,0,0.0,0.0,,,7.189000129699707,-77.11499786376953,31.63,2.0,6.5395,-74.456333,260.0,302.5,283.89
PTB.2019.017.05.58.02,PTB,2019.017.05.58.02,unlabelled,,,,,0,0,0.0,0.0,,,6.440000057220459,-72.33999633789062,5.05,1.5,6.5395,-74.456333,260.0,234.35,92.57
PTB.2019.017.07.15.26,PTB,2019.017.07.15.26,unlabelled,,,,,0,0,0.0,0.0,,,6.508999824523926,-71.96700286865234,-0.02,1.8,6.5395,-74.456333,260.0,275.35,90.56
PTB.2019.017.12.59.41,PTB,2019.017.12.59.41,unlabelled,,,,,0,0,0.0,0.0,,,7.0920000076293945,-72.24800109863281,4.36,1.9,6.5395,-74.456333,260.0,251.63,75.82
PTB.2019.017.13.43.10,PTB,2019.017.13.43.10,unlabelled,,,,,0,0,0.0,0.0,,,4.689000129699707,-74.55899810791016,4.58,1.7,6.5395,-74.456333,260.0,204.95,183.19
PTB.2019.017.15.35.41,PTB,2019.017.15.35.41,unlabelled,,,,,0,0,0.0,0.0,,,4.671000003814697,-74.64700317382812,0.0,1.5,6.5395,-74.456333,260.0,207.7,185.85
PTB.2019.017.21.28.45,PTB,2019.017.21.28.45,unlabelled,,,,,0,0,0.0,0.0,,,4.2820000648498535,-73.93000030517578,0.0,2.6,6.5395,-74.456333,260.0,256.37,166.82
PTB.2019.017.21.54.49,PTB,2019.017.21.54.49,unlabelled,,,,,0,0,0.0,0.0,,,7.215000152587891,-72.04499816894531,0.0,1.6,6.5395,-74.456333,260.0,276.78,74.2
PTB.2019.017.22.07.11,PTB,2019.017.22.07.11,unlabelled,,,,,0,0,0.0,0.0,,,7.14300012588501,-72.16799926757812,0.06,2.2,6.5395,-74.456333,260.0,261.59,75.08
PTB.2019.018.07.50.05,PTB,2019.018.07.50.05,unlabelled,,,,,0,0,0.0,0.0,,,7.136000156402588,-72.17900085449219,3.82,1.8,6.5395,-74.456333,260.0,260.22,75.18
PTB.2019.018.17.09.31,PTB,2019.018.17.09.31,unlabelled,,,,,0,0,0.0,0.0,,,4.443999767303467,-73.68599700927734,-0.06,1.6,6.5395,-74.456333,260.0,246.95,159.74
PTB.2019.019.00.03.08,PTB,2019.019.00.03.08,unlabelled,,,,,0,0,0.0,0.0,,,7.203999996185303,-72.39800262451172,-0.02,1.4,6.5395,-74.456333,260.0,239.07,71.98
PTB.2019.019.07.02.57,PTB,2019.019.07.02.57,unlabelled,,,,,0,0,0.0,0.0,-1.32,-2.18,5.454999923706055,-72.96199798583984,3.15,1.6,6.5395,-74.456333,260.0,204.34,125.86
PTB.2019.020.21.29.39,PTB,2019.020.21.29.39,unlabelled,,,,,0,0,0.0,0.0,-5.72,-1.82,7.040999889373779,-76.2020034790039,13.0,1.5,6.5395,-74.456333,260.0,200.78,286.14
PTB.2019.020.22.59.57,PTB,2019.020.22.59.57,unlabelled,,,,,0,0,0.0,0.0,,,4.458000183105469,-75.71800231933594,2.49,2.1,6.5395,-74.456333,260.0,269.31,211.34
PTB.2019.023.21.00.11,PTB,2019.023.21.00.11,unlabelled,,,,,0,0,0.0,0.0,,,7.117000102996826,-72.1719970703125,3.29,2.6,6.5395,-74.456333,260.0,260.45,75.67
PTB.2019.024.02.43.00,PTB,2019.024.02.43.00,unlabelled,,,,,0,0,0.0,0.0,,,7.129000186920166,-72.197998046875,4.94,2.0,6.5395,-74.456333,260.0,257.99,75.23
PTB.2019.024.08.17.54,PTB,2019.024.08.17.54,unlabelled,,,,,0,0,0.0,0.0,,,7.184999942779541,-72.18900299072266,1.4,1.8,6.5395,-74.456333,260.0,260.57,73.97
PTB.2019.024.08.55.55,PTB,2019.024.08.55.55,unlabelled,,,,,0,0,0.0,0.0,,,7.363999843597412,-76.24700164794922,6.72,2.6,6.5395,-74.456333,260.0,217.88,294.85
PTB.2019.024.10.02.00,PTB,2019.024.10.02.00,unlabelled,,,,,0,0,0.0,0.0,,,7.313000202178955,-76.15399932861328,1.0,1.5,6.5395,-74.456333,260.0,206.19,294.61
PTB.2019.024.12.25.42,PTB,2019.024.12.25.42,unlabelled,,,,,0,0,0.0,0.0,,,7.129000186920166,-72.19300079345703,1.84,2.0,6.5395,-74.456333,260.0,258.53,75.26
PTB.2019.024.12.34.27,PTB,2019.024.12.34.27,unlabelled,,,,,0,0,0.0,0.0,,,7.122000217437744,-72.19499969482422,2.85,2.3,6.5395,-74.456333,260.0,258.12,75.42
PTB.2019.024.12.53.21,PTB,2019.024.12.53.21,unlabelled,,,,,0,0,0.0,0.0,,,7.0920000076293945,-72.24800109863281,4.36,1.9,6.5395,-74.456333,260.0,251.63,75.82
PTB.2019.024.23.57.44,PTB,2019.024.23.57.44,unlabelled,,,,,0,0,0.0,0.0,,,6.841000080108643,-76.6709976196289,17.85,1.5,6.5395,-74.456333,260.0,247.13,277.88
PTB.2019.025.04.25.26,PTB,2019.025.04.25.26,unlabelled,,,,,0,0,0.0,0.0,,,5.130000114440918,-73.01100158691406,2.48,1.6,6.5395,-74.456333,260.0,223.42,134.16
PTB.2019.025.06.05.44,PTB,2019.025.06.05.44,unlabelled,,,,,0,0,0.0,0.0,,,7.111999988555908,-72.22799682617188,4.5,1.6,6.5395,-74.456333,260.0,254.32,75.45
PTB.2019.026.06.04.00,PTB,2019.026.06.04.00,unlabelled,,,,,0,0,0.0,0.0,,,7.322999954223633,-76.14199829101562,0.0,1.8,6.5395,-74.456333,260.0,205.45,295.04
PTB.2019.026.07.21.14,PTB,2019.026.07.21.14,unlabelled,,,,,0,0,0.0,0.0,,,6.697999954223633,-76.7239990234375,4.16,1.7,6.5395,-74.456333,260.0,251.38,274.13
PTB.2019.026.17.13.01,PTB,2019.026.17.13.01,unlabelled,,,,,0,0,0.0,0.0,,,6.71999979019165,-76.78199768066406,21.8,1.9,6.5395,-74.456333,260.0,257.95,274.57
PTB.2019.027.00.11.29,PTB,2019.027.00.11.29,unlabelled,,,,,0,0,0.0,0.0,,,7.170000076293945,-76.16899871826172,-0.19,1.5,6.5395,-74.456333,260.0,201.73,290.32
PTB.2019.027.01.46.40,PTB,2019.027.01.46.40,unlabelled,,,,,0,0,0.0,0.0,-4.56,,7.521999835968018,-72.83200073242188,4.32,1.5,6.5395,-74.456333,260.0,209.8,58.71
PTB.2019.027.05.18.31,PTB,2019.027.05.18.31,unlabelled,,,,,0,0,0.0,0.0,,,6.921999931335449,-76.73600006103516,3.86,1.8,6.5395,-74.456333,260.0,255.56,279.66
PTB.2019.027.06.09.00,PTB,2019.027.06.09.00,unlabelled,,,,,0,0,0.0,0.0,,,6.817999839782715,-76.29299926757812,15.98,1.4,6.5395,-74.456333,260.0,205.4,278.73
PTB.2019.027.09.29.11,PTB,2019.027.09.29.11,unlabelled,,,,,0,0,0.0,0.0,,,5.309000015258789,-72.79199981689453,4.55,1.6,6.5395,-74.456333,260.0,229.08,126.35
PTB.2019.027.15.41.22,PTB,2019.027.15.41.22,unlabelled,,,,,0,0,0.0,0.0,-6.67,,5.9720001220703125,-75.93199920654297,34.49,1.8,6.5395,-74.456333,260.0,174.94,249.06
PTB.2019.028.05.29.38,PTB,2019.028.05.29.38,unlabelled,,,,,0,0,0.0,0.0,,,7.53000020980835,-72.84200286865234,4.64,1.6,6.5395,-74.456333,260.0,209.31,58.35
PTB.2019.028.11.55.19,PTB,2019.028.11.55.19,unlabelled,,,,,0,0,0.0,0.0,,,6.882999897003174,-76.21199798583984,27.87,1.5,6.5395,-74.456333,260.0,197.79,281.17
PTB.2019.028.15.05.20,PTB,2019.028.15.05.20,unlabelled,,,,,0,0,0.0,0.0,,,5.150000095367432,-73.05899810791016,0.0,1.8,6.5395,-74.456333,260.0,218.07,134.72
PTB.2019.028.19.45.33,PTB,2019.028.19.45.33,unlabelled,,,,,0,0,0.0,0.0,,,6.945000171661377,-76.56199645996094,25.43,1.5,6.5395,-74.456333,260.0,237.07,281.03
PTB.2019.030.10.10.19,PTB,2019.030.10.10.19,unlabelled,,,,,0,0,0.0,0.0,-4.0,,5.064000129699707,-73.01200103759766,4.56,1.5,6.5395,-74.456333,260.0,228.5,135.49
PTB.2019.031.02.52.52,PTB,2019.031.02.52.52,unlabelled,,,,,0,0,0.0,0.0,,,4.382999897003174,-73.75,-0.01,1.5,6.5395,-74.456333,260.0,250.99,161.79
PTB.2019.031.16.05.05,PTB,2019.031.16.05.05,unlabelled,,,,,0,0,0.0,0.0,,,6.868000030517578,-76.09100341796875,4.57,1.8,6.5395,-74.456333,260.0,184.35,281.46
PTB.2019.031.16.21.46,PTB,2019.031.16.21.46,unlabelled,,,,,0,0,0.0,0.0,,,6.735000133514404,-76.56400299072266,20.47,1.9,6.5395,-74.456333,260.0,234.06,275.42
PTB.2019.031.19.30.18,PTB,2019.031.19.30.18,unlabelled,,,,,0,0,0.0,0.0,,,4.585000038146973,-75.06099700927734,30.93,1.6,6.5395,-74.456333,260.0,226.28,197.25
PTB.2019.032.11.13.20,PTB,2019.032.11.13.20,unlabelled,,,,,0,0,0.0,0.0,,,3.9630000591278076,-75.36000061035156,4.68,1.7,6.5395,-74.456333,260.0,302.01,199.41
PTB.2019.032.20.35.28,PTB,2019.032.20.35.28,unlabelled,,,,,0,0,0.0,0.0,,,6.013999938964844,-72.51300048828125,0.87,1.7,6.5395,-74.456333,260.0,222.76,105.01
PTB.2019.032.22.43.35,PTB,2019.032.22.43.35,unlabelled,,,,,0,0,0.0,0.0,,,7.428999900817871,-75.53700256347656,35.52,1.7,6.5395,-74.456333,260.0,154.71,309.55
PTB.2019.033.06.22.50,PTB,2019.033.06.22.50,unlabelled,,,,,0,0,0.0,0.0,,,4.616000175476074,-73.42900085449219,-0.01,2.1,6.5395,-74.456333,260.0,241.25,151.8
PTB.2019.033.18.18.29,PTB,2019.033.18.18.29,unlabelled,,,,,0,0,0.0,0.0,,,6.193999767303467,-72.33999633789062,3.66,1.6,6.5395,-74.456333,260.0,237.24,99.15
PTB.2019.034.16.12.07,PTB,2019.034.16.12.07,unlabelled,,,,,0,0,0.0,0.0,,,6.861999988555908,-76.81500244140625,22.63,2.1,6.5395,-74.456333,260.0,263.21,277.92
PTB.2019.035.02.31.10,PTB,2019.035.02.31.10,unlabelled,,,,,0,0,0.0,0.0,,,6.822000026702881,-76.80999755859375,25.33,1.9,6.5395,-74.456333,260.0,262.11,276.98
PTB.2019.035.14.45.44,PTB,2019.035.14.45.44,unlabelled,,,,,0,0,0.0,0.0,,,3.98799991607666,-75.3290023803711,2.95,2.2,6.5395,-74.456333,260.0,298.27,198.97
PTB.2019.036.05.49.58,PTB,2019.036.05.49.58,unlabelled,,,,,0,0,0.0,0.0,,,6.685999870300293,-76.69300079345703,9.26,1.7,6.5395,-74.456333,260.0,247.87,273.88
PTB.2019.036.14.19.53,PTB,2019.036.14.19.53,unlabelled,,,,,0,0,0.0,0.0,,,3.878999948501587,-75.47100067138672,2.59,1.8,6.5395,-74.456333,260.0,314.98,200.97
PTB.2019.036.19.59.47,PTB,2019.036.19.59.47,unlabelled,,,,,0,0,0.0,0.0,,,7.061999797821045,-76.41799926757812,10.06,1.7,6.5395,-74.456333,260.0,224.41,285.04
PTB.2019.037.00.59.10,PTB,2019.037.00.59.10,unlabelled,,,,,0,0,0.0,0.0,,,7.046999931335449,-77.10199737548828,30.94,1.6,6.5395,-74.456333,260.0,297.8,281.02
PTB.2019.037.01.21.42,PTB,2019.037.01.21.42,unlabelled,,,,,0,0,0.0,0.0,,,5.642000198364258,-72.78299713134766,1.72,2.1,6.5395,-74.456333,260.0,210.14,118.09
PTB.2019.037.03.30.27,PTB,2019.037.03.30.27,unlabelled,,,,,0,0,0.0,0.0,,,5.061999797821045,-74.54900360107422,16.43,1.5,6.5395,-74.456333,260.0,163.71,183.6
PTB.2019.037.04.01.07,PTB,2019.037.04.01.07,unlabelled,,,,,0,0,0.0,0.0,,,3.6619999408721924,-74.1050033569336,3.2,1.5,6.5395,-74.456333,260.0,320.58,173.0
PTB.2019.037.07.00.34,PTB,2019.037.07.00.34,unlabelled,,,,,0,0,0.0,0.0,-4.21,,6.318999767303467,-76.83200073242188,11.98,2.3,6.5395,-74.456333,260.0,263.93,264.83
PTB.2019.037.07.13.59,PTB,2019.037.07.13.59,unlabelled,,,,,0,0,0.0,0.0,,,6.8460001945495605,-76.72200012207031,10.23,1.8,6.5395,-74.456333,260.0,252.79,277.84
PTB.2019.037.22.54.14,PTB,2019.037.22.54.14,unlabelled,,,,,0,0,0.0,0.0,,,3.684999942779541,-74.18099975585938,2.66,1.7,6.5395,-74.456333,260.0,317.13,174.46
PTB.2019.037.23.49.10,PTB,2019.037.23.49.10,unlabelled,,,,,0,0,0.0,0.0,,,6.853000164031982,-76.75800323486328,2.38,1.6,6.5395,-74.456333,260.0,256.83,277.89
PTB.2019.038.08.33.59,PTB,2019.038.08.33.59,unlabelled,,,,,0,0,0.0,0.0,-0.63,,6.908999919891357,-76.2300033569336,-0.06,1.6,6.5395,-74.456333,260.0,200.31,281.87
PTB.2019.039.01.32.10,PTB,2019.039.01.32.10,unlabelled,,,,,0,0,0.0,0.0,,,5.383999824523926,-72.74600219726562,3.21,1.6,6.5395,-74.456333,260.0,228.45,123.92
PTB.2019.039.01.37.32,PTB,2019.039.01.37.32,unlabelled,,,,,0,0,0.0,0.0,,,6.815999984741211,-76.66899871826172,2.0,1.8,6.5395,-74.456333,260.0,246.56,277.25
PTB.2019.039.08.53.41,PTB,2019.039.08.53.41,unlabelled,,,,,0,0,0.0,0.0,-5.22,-0.78,5.531000137329102,-75.4540023803711,2.73,1.5,6.5395,-74.456333,260.0,156.96,224.78
PTB.2019.039.10.37.06,PTB,2019.039.10.37.06,unlabelled,,,,,0,0,0.0,0.0,,,4.129000186920166,-74.21800231933594,1.74,2.5,6.5395,-74.456333,260.0,267.87,174.33
PTB.2019.039.14.06.18,PTB,2019.039.14.06.18,unlabelled,,,,,0,0,0.0,0.0,,,4.5289998054504395,-75.13999938964844,17.68,1.7,6.5395,-74.456333,260.0,234.88,198.85
PTB.2019.039.15.44.31,PTB,2019.039.15.44.31,unlabelled,,,,,0,0,0.0,0.0,,,4.085000038146973,-75.71499633789062,3.26,1.6,6.5395,-74.456333,260.0,305.18,207.26
PTB.2019.040.02.24.20,PTB,2019.040.02.24.20,unlabelled,,,,,0,0,0.0,0.0,,,6.2210001945495605,-76.8949966430664,4.54,1.7,6.5395,-74.456333,260.0,272.09,262.7
PTB.2019.040.10.05.53,PTB,2019.040.10.05.53,unlabelled,,,,,0,0,0.0,0.0,,,7.211999893188477,-76.70600128173828,0.0,2.3,6.5395,-74.456333,260.0,259.53,286.79
PTB.2019.043.23.53.07,PTB,2019.043.23.53.07,unlabelled,,,,,0,0,0.0,0.0,,,3.8989999294281006,-73.5739974975586,0.11,1.5,6.5395,-74.456333,260.0,307.94,161.44
PTB.2019.044.03.15.28,PTB,2019.044.03.15.28,unlabelled,,,,,0,0,0.0,0.0,,,6.158999919891357,-77.32099914550781,20.04,2.0,6.5395,-74.456333,260.0,319.73,262.6
PTB.2019.044.05.43.52,PTB,2019.044.05.43.52,unlabelled,,,,,0,0,0.0,0.0,,,6.855000019073486,-76.91200256347656,0.0,1.7,6.5395,-74.456333,260.0,273.74,277.46
PTB.2019.044.19.11.03,PTB,2019.044.19.11.03,unlabelled,,,,,0,0,0.0,0.0,,,7.144000053405762,-72.23999786376953,3.39,1.9,6.5395,-74.456333,260.0,253.93,74.61
PTB.2019.045.05.17.53,PTB,2019.045.05.17.53,unlabelled,,,,,0,0,0.0,0.0,,,7.076000213623047,-76.10900115966797,0.14,1.5,6.5395,-74.456333,260.0,192.08,288.09
PTB.2019.045.17.43.34,PTB,2019.045.17.43.34,unlabelled,,,,,0,0,0.0,0.0,,,7.13100004196167,-76.26399993896484,-0.06,1.5,6.5395,-74.456333,260.0,210.24,288.23
PTB.2019.045.21.16.23,PTB,2019.045.21.16.23,unlabelled,,,,,0,0,0.0,0.0,,,5.625999927520752,-76.00199890136719,25.04,3.2,6.5395,-74.456333,260.0,198.7,239.53
PTB.2019.045.21.24.30,PTB,2019.045.21.24.30,unlabelled,,,,,0,0,0.0,0.0,,,5.589000225067139,-75.96800231933594,23.69,1.9,6.5395,-74.456333,260.0,197.61,237.95
PTB.2019.046.02.51.34,PTB,2019.046.02.51.34,unlabelled,,,,,0,0,0.0,0.0,,,5.624000072479248,-75.96299743652344,26.55,2.0,6.5395,-74.456333,260.0,195.11,238.82
PTB.2019.046.04.15.03,PTB,2019.046.04.15.03,unlabelled,,,,,0,0,0.0,0.0,,,6.913000106811523,-77.07499694824219,22.25,1.8,6.5395,-74.456333,260.0,292.45,278.27
PTB.2019.046.06.47.57,PTB,2019.046.06.47.57,unlabelled,,,,,0,0,0.0,0.0,,,7.14300012588501,-77.2020034790039,23.16,2.1,6.5395,-74.456333,260.0,310.74,282.56
PTB.2019.046.07.02.09,PTB,2019.046.07.02.09,unlabelled,,,,,0,0,0.0,0.0,,,5.611999988555908,-75.98400115966797,26.45,1.8,6.5395,-74.456333,260.0,197.78,238.84
PTB.2019.046.10.04.33,PTB,2019.046.10.04.33,unlabelled,,,,,0,0,0.0,0.0,,,7.15500020980835,-77.09200286865234,22.01,1.7,6.5395,-74.456333,260.0,299.17,283.31
PTB.2019.047.01.10.43,PTB,2019.047.01.10.43,unlabelled,,,,,0,0,0.0,0.0,,,3.5920000076293945,-74.46700286865234,13.38,1.7,6.5395,-74.456333,260.0,325.95,180.21
PTB.2019.047.20.46.08,PTB,2019.047.20.46.08,unlabelled,,,,,0,0,0.0,0.0,,,5.388000011444092,-76.69499969482422,0.0,2.0,6.5395,-74.456333,260.0,278.66,242.93
PTB.2019.048.03.11.25,PTB,2019.048.03.11.25,unlabelled,,,,,0,0,0.0,0.0,,,7.25600004196167,-77.01000213623047,24.0,2.6,6.5395,-74.456333,260.0,293.14,285.83
PTB.2019.048.03.59.22,PTB,2019.048.03.59.22,unlabelled,,,,,0,0,0.0,0.0,-1.79,,6.7829999923706055,-76.31400299072266,5.16,1.8,6.5395,-74.456333,260.0,207.17,277.58
PTB.2019.048.12.33.29,PTB,2019.048.12.33.29,unlabelled,,,,,0,0,0.0,0.0,,,5.3460001945495605,-76.86199951171875,31.36,2.1,6.5395,-74.456333,260.0,297.27,243.77
PTB.2019.049.03.10.22,PTB,2019.049.03.10.22,unlabelled,,,,,0,0,0.0,0.0,,,6.946000099182129,-76.3239974975586,7.93,1.6,6.5395,-74.456333,260.0,211.32,282.39
PTB.2019.049.19.38.26,PTB,2019.049.19.38.26,unlabelled,,,,,0,0,0.0,0.0,,,7.068999767303467,-76.23799896240234,11.0,1.5,6.5395,-74.456333,260.0,205.47,286.66
PTB.2019.050.19.02.27,PTB,2019.050.19.02.27,unlabelled,,,,,0,0,0.0,0.0,,,7.052999973297119,-76.0250015258789,-0.2,1.9,6.5395,-74.456333,260.0,182.47,288.22
PTB.2019.051.08.45.43,PTB,2019.051.08.45.43,unlabelled,,,,,0,0,0.0,0.0,-3.92,,6.811999797821045,-76.70999908447266,12.72,1.6,6.5395,-74.456333,260.0,251.0,277.03
PTB.2019.051.13.30.34,PTB,2019.051.13.30.34,unlabelled,,,,,0,0,0.0,0.0,,,5.552999973297119,-72.62000274658203,1.06,1.9,6.5395,-74.456333,260.0,230.71,118.12
PTB.2019.051.18.33.32,PTB,2019.051.18.33.32,unlabelled,,,,,0,0,0.0,0.0,,,5.328000068664551,-76.39099884033203,29.23,2.2,6.5395,-74.456333,260.0,252.66,238.08
PTB.2019.052.01.04.43,PTB,2019.052.01.04.43,unlabelled,,,,,0,0,0.0,0.0,,,6.938000202178955,-76.28199768066406,-0.22,1.8,6.5395,-74.456333,260.0,206.59,282.42
PTB.2019.052.02.53.51,PTB,2019.052.02.53.51,unlabelled,,,,,0,0,0.0,0.0,,,5.611999988555908,-72.60299682617188,0.0,1.5,6.5395,-74.456333,260.0,229.37,116.46
PTB.2019.053.08.50.19,PTB,2019.053.08.50.19,unlabelled,,,,,0,0,0.0,0.0,,,7.716000080108643,-75.177001953125,5.31,2.3,6.5395,-74.456333,260.0,152.53,328.58
PTB.2019.053.17.48.19,PTB,2019.053.17.48.19,unlabelled,,,,,0,0,0.0,0.0,,,7.36299991607666,-72.12899780273438,4.04,2.0,6.5395,-74.456333,260.0,272.83,70.36
PTB.2019.054.00.21.22,PTB,2019.054.00.21.22,unlabelled,,,,,0,0,0.0,0.0,,,6.76200008392334,-76.74600219726562,0.0,1.6,6.5395,-74.456333,260.0,254.37,275.68
PTB.2019.054.07.43.10,PTB,2019.054.07.43.10,unlabelled,,,,,0,0,0.0,0.0,,,6.945000171661377,-76.25700378417969,7.65,1.5,6.5395,-74.456333,260.0,204.06,282.8
PTB.2019.054.14.34.36,PTB,2019.054.14.34.36,unlabelled,,,,,0,0,0.0,0.0,,,5.709000110626221,-75.2239990234375,29.05,1.8,6.5395,-74.456333,260.0,125.12,222.82
PTB.2019.054.16.37.59,PTB,2019.054.16.37.59,unlabelled,,,,,0,0,0.0,0.0,,,6.205999851226807,-72.39700317382812,-0.1,1.8,6.5395,-74.456333,260.0,230.8,99.08
PTB.2019.054.17.04.52,PTB,2019.054.17.04.52,unlabelled,,,,,0,0,0.0,0.0,,,6.144999980926514,-77.33499908447266,0.6,1.8,6.5395,-74.456333,260.0,321.48,262.36
PTB.2019.055.08.58.32,PTB,2019.055.08.58.32,unlabelled,,,,,0,0,0.0,0.0,,,7.448999881744385,-72.3219985961914,0.0,1.5,6.5395,-74.456333,260.0,256.39,66.77
PTB.2019.055.08.59.44,PTB,2019.055.08.59.44,unlabelled,,,,,0,0,0.0,0.0,,,7.4070000648498535,-72.28700256347656,0.0,1.6,6.5395,-74.456333,260.0,258.2,68.06
PTB.2019.055.11.37.22,PTB,2019.055.11.37.22,unlabelled,,,,,0,0,0.0,0.0,,,7.4070000648498535,-76.95500183105469,15.62,1.7,6.5395,-74.456333,260.0,292.3,289.31
PTB.2019.055.20.04.06,PTB,2019.055.20.04.06,unlabelled,,,,,0,0,0.0,0.0,,,6.751999855041504,-76.70800018310547,13.41,2.1,6.5395,-74.456333,260.0,250.09,275.52
PTB.2019.056.12.39.21,PTB,2019.056.12.39.21,unlabelled,,,,,0,0,0.0,0.0,,,5.014999866485596,-72.94400024414062,0.0,2.2,6.5395,-74.456333,260.0,237.65,135.11
PTB.2019.056.22.02.32,PTB,2019.056.22.02.32,unlabelled,,,,,0,0,0.0,0.0,,,6.793000221252441,-72.20700073242188,0.58,2.2,6.5395,-74.456333,260.0,250.29,83.44
PTB.2019.058.18.27.47,PTB,2019.058.18.27.47,unlabelled,,,,,0,0,0.0,0.0,,,5.535999774932861,-76.89199829101562,14.7,1.9,6.5395,-74.456333,260.0,291.58,247.76
PTB.2019.059.19.53.17,PTB,2019.059.19.53.17,unlabelled,,,,,0,0,0.0,0.0,,,5.78000020980835,-72.53600311279297,6.17,1.9,6.5395,-74.456333,260.0,228.54,111.46
PTB.2019.060.01.02.06,PTB,2019.060.01.02.06,unlabelled,,,,,0,0,0.0,0.0,,,6.080999851226807,-72.24400329589844,-0.01,1.8,6.5395,-74.456333,260.0,249.99,101.58
PTB.2019.060.05.54.43,PTB,2019.060.05.54.43,unlabelled,,,,,0,0,0.0,0.0,,,7.131999969482422,-76.89199829101562,18.23,1.5,6.5395,-74.456333,260.0,277.08,283.82
PTB.2019.060.09.18.14,PTB,2019.060.09.18.14,unlabelled,,,,,0,0,0.0,0.0,,,3.572999954223633,-74.41100311279297,16.17,2.1,6.5395,-74.456333,260.0,328.08,179.12
PTB.2019.060.15.21.49,PTB,2019.060.15.21.49,unlabelled,,,,,0,0,0.0,0.0,,,6.771999835968018,-76.6520004272461,3.51,2.2,6.5395,-74.456333,260.0,244.14,276.17
PTB.2019.060.23.15.41,PTB,2019.060.23.15.41,unlabelled,,,,,0,0,0.0,0.0,,,5.067999839782715,-72.91200256347656,1.16,2.2,6.5395,-74.456333,260.0,236.08,133.49
PTB.2019.061.01.43.10,PTB,2019.061.01.43.10,unlabelled,,,,,0,0,0.0,0.0,,,4.958000183105469,-73.29299926757812,0.0,1.5,6.5395,-74.456333,260.0,217.23,143.56
PTB.2019.061.02.26.24,PTB,2019.061.02.26.24,unlabelled,,,,,0,0,0.0,0.0,,,5.01200008392334,-73.2490005493164,0.0,1.5,6.5395,-74.456333,260.0,215.44,141.57
PTB.2019.061.05.08.11,PTB,2019.061.05.08.11,unlabelled,,,,,0,0,0.0,0.0,,,5.014999866485596,-73.24400329589844,3.18,1.7,6.5395,-74.456333,260.0,215.52,141.4
PTB.2019.061.08.13.17,PTB,2019.061.08.13.17,unlabelled,,,,,0,0,0.0,0.0,,,7.310999870300293,-72.06300354003906,0.68,1.6,6.5395,-74.456333,260.0,277.91,71.98
PTB.2019.061.18.26.45,PTB,2019.061.18.26.45,unlabelled,,,,,0,0,0.0,0.0,,,4.697999954223633,-76.47899627685547,39.25,1.7,6.5395,-74.456333,260.0,302.79,227.84
PTB.2019.061.20.41.59,PTB,2019.061.20.41.59,unlabelled,,,,,0,0,0.0,0.0,,,7.26800012588501,-76.29199981689453,12.8,1.5,6.5395,-74.456333,260.0,218.28,291.77
PTB.2019.061.22.39.20,PTB,2019.061.22.39.20,unlabelled,,,,,0,0,0.0,0.0,,,4.75,-76.61299896240234,28.53,2.3,6.5395,-74.456333,260.0,310.23,230.48
PTB.2019.062.03.15.28,PTB,2019.062.03.15.28,unlabelled,,,,,0,0,0.0,0.0,,,5.041999816894531,-73.21399688720703,2.74,2.0,6.5395,-74.456333,260.0,215.3,140.21
PTB.2019.062.04.48.39,PTB,2019.062.04.48.39,unlabelled,,,,,0,0,0.0,0.0,,,5.011000156402588,-73.25299835205078,3.86,1.5,6.5395,-74.456333,260.0,215.25,141.68
PTB.2019.062.05.28.31,PTB,2019.062.05.28.31,unlabelled,,,,,0,0,0.0,0.0,,,5.039999961853027,-73.23799896240234,0.0,1.7,6.5395,-74.456333,260.0,213.79,140.8
PTB.2019.062.22.27.06,PTB,2019.062.22.27.06,unlabelled,,,,,0,0,0.0,0.0,,,5.519000053405762,-76.552001953125,26.91,1.5,6.5395,-74.456333,260.0,258.0,244.17
PTB.2019.062.23.46.19,PTB,2019.062.23.46.19,unlabelled,,,,,0,0,0.0,0.0,,,5.513999938964844,-73.03600311279297,1.04,1.5,6.5395,-74.456333,260.0,193.87,125.72
PTB.2019.063.17.04.06,PTB,2019.063.17.04.06,unlabelled,,,,,0,0,0.0,0.0,,,5.372000217437744,-72.80899810791016,-0.02,1.9,6.5395,-74.456333,260.0,223.47,125.2
PTB.2019.064.10.59.59,PTB,2019.064.10.59.59,unlabelled,,,,,0,0,0.0,0.0,,,4.879000186920166,-73.24800109863281,0.0,1.5,6.5395,-74.456333,260.0,227.23,143.85
PTB.2019.064.16.59.24,PTB,2019.064.16.59.24,unlabelled,,,,,0,0,0.0,0.0,,,4.89300012588501,-73.30699920654297,0.0,1.7,6.5395,-74.456333,260.0,222.17,144.98
PTB.2019.064.20.04.03,PTB,2019.064.20.04.03,unlabelled,,,,,0,0,0.0,0.0,,,4.916999816894531,-73.30599975585938,0.0,1.8,6.5395,-74.456333,260.0,220.06,144.56
PTB.2019.064.20.50.11,PTB,2019.064.20.50.11,unlabelled,,,,,0,0,0.0,0.0,,,4.938000202178955,-73.36199951171875,0.0,1.5,6.5395,-74.456333,260.0,214.61,145.55
PTB.2019.065.20.54.42,PTB,2019.065.20.54.42,unlabelled,,,,,0,0,0.0,0.0,,,6.310999870300293,-72.33300018310547,2.49,1.6,6.5395,-74.456333,260.0,236.25,96.02
PTB.2019.067.11.50.19,PTB,2019.067.11.50.19,unlabelled,,,,,0,0,0.0,0.0,,,3.5480000972747803,-74.30699920654297,4.19,1.6,6.5395,-74.456333,260.0,331.22,177.13
PTB.2019.067.17.16.00,PTB,2019.067.17.16.00,unlabelled,,,,,0,0,0.0,0.0,,,6.3470001220703125,-72.31999969482422,3.91,1.6,6.5395,-74.456333,260.0,237.28,95.03
PTB.2019.067.21.33.55,PTB,2019.067.21.33.55,unlabelled,,,,,0,0,0.0,0.0,,,4.665999889373779,-76.1989974975586,89.68,1.5,6.5395,-74.456333,260.0,283.19,223.07
PTB.2019.068.09.35.13,PTB,2019.068.09.35.13,unlabelled,,,,,0,0,0.0,0.0,,,7.499000072479248,-77.0009994506836,29.68,1.6,6.5395,-74.456333,260.0,300.52,290.83
PTB.2019.068.19.29.08,PTB,2019.068.19.29.08,unlabelled,,,,,0,0,0.0,0.0,,,6.03000020980835,-76.49700164794922,12.65,1.8,6.5395,-74.456333,260.0,232.73,256.1
PTB.2019.068.22.36.50,PTB,2019.068.22.36.50,unlabelled,,,,,0,0,0.0,0.0,,,5.381999969482422,-76.7760009765625,23.32,2.2,6.5395,-74.456333,260.0,286.96,243.63
PTB.2019.069.08.42.21,PTB,2019.069.08.42.21,unlabelled,,,,,0,0,0.0,0.0,,,6.6570000648498535,-76.65499877929688,18.49,2.0,6.5395,-74.456333,260.0,243.49,273.19
PTB.2019.069.21.50.42,PTB,2019.069.21.50.42,unlabelled,,,,,0,0,0.0,0.0,,,5.048999786376953,-73.2020034790039,2.36,1.7,6.5395,-74.456333,260.0,215.56,139.81
PTB.2019.070.13.35.41,PTB,2019.070.13.35.41,unlabelled,,,,,0,0,0.0,0.0,,,7.361999988555908,-72.71700286865234,15.29,1.6,6.5395,-74.456333,260.0,212.64,64.57
PTB.2019.071.00.17.38,PTB,2019.071.00.17.38,unlabelled,,,,,0,0,0.0,0.0,,,5.078000068664551,-73.25499725341797,0.0,1.7,6.5395,-74.456333,260.0,209.34,140.48
PTB.2019.071.12.36.57,PTB,2019.071.12.36.57,unlabelled,,,,,0,0,0.0,0.0,,,6.3420000076293945,-72.05899810791016,23.74,1.6,6.5395,-74.456333,260.0,266.09,94.57
PTB.2019.072.08.15.31,PTB,2019.072.08.15.31,unlabelled,,,,,0,0,0.0,0.0,,,7.386000156402588,-73.15799713134766,3.62,1.6,6.5395,-74.456333,260.0,171.31,56.8
PTB.2019.072.19.58.37,PTB,2019.072.19.58.37,unlabelled,,,,,0,0,0.0,0.0,,,5.873000144958496,-76.71600341796875,10.0,1.8,6.5395,-74.456333,260.0,260.71,253.7
PTB.2019.073.09.00.17,PTB,2019.073.09.00.17,unlabelled,,,,,0,0,0.0,0.0,,,7.059999942779541,-76.3479995727539,0.53,1.6,6.5395,-74.456333,260.0,216.89,285.5
PTB.2019.073.22.12.47,PTB,2019.073.22.12.47,unlabelled,,,,,0,0,0.0,0.0,,,5.61899995803833,-76.53600311279297,23.31,1.5,6.5395,-74.456333,260.0,251.71,246.26
PTB.2019.074.08.00.17,PTB,2019.074.08.00.17,unlabelled,,,,,0,0,0.0,0.0,,,6.501999855041504,-76.91100311279297,13.06,1.5,6.5395,-74.456333,260.0,271.53,269.26
PTB.2019.075.00.25.48,PTB,2019.075.00.25.48,unlabelled,,,,,0,0,0.0,0.0,,,5.260000228881836,-76.86900329589844,39.65,1.5,6.5395,-74.456333,260.0,302.31,242.22
PTB.2019.075.10.16.52,PTB,2019.075.10.16.52,unlabelled,,,,,0,0,0.0,0.0,,,7.310999870300293,-76.5479965209961,7.93,1.5,6.5395,-74.456333,260.0,246.4,290.38
PTB.2019.075.12.44.05,PTB,2019.075.12.44.05,unlabelled,,,,,0,0,0.0,0.0,,,7.1020002365112305,-71.90699768066406,4.48,1.7,6.5395,-74.456333,260.0,288.58,77.4
PTB.2019.075.13.58.18,PTB,2019.075.13.58.18,unlabelled,,,,,0,0,0.0,0.0,,,4.591000080108643,-73.54900360107422,-0.02,1.8,6.5395,-74.456333,260.0,237.77,154.94
PTB.2019.075.22.23.53,PTB,2019.075.22.23.53,unlabelled,,,,,0,0,0.0,0.0,,,7.139999866485596,-72.69000244140625,-0.12,1.5,6.5395,-74.456333,260.0,206.22,71.11
PTB.2019.076.09.32.55,PTB,2019.076.09.32.55,unlabelled,,,,,0,0,0.0,0.0,,,7.310999870300293,-77.10900115966797,10.98,1.9,6.5395,-74.456333,260.0,305.31,286.38
PTB.2019.078.11.58.56,PTB,2019.078.11.58.56,unlabelled,,,,,0,0,0.0,0.0,,,6.941999912261963,-77.04100036621094,23.64,1.7,6.5395,-74.456333,260.0,289.19,279.0
PTB.2019.079.19.19.49,PTB,2019.079.19.19.49,unlabelled,,,,,0,0,0.0,0.0,,,7.60699987411499,-75.26399993896484,23.67,1.5,6.5395,-74.456333,260.0,147.98,322.97
PTB.2019.080.01.14.41,PTB,2019.080.01.14.41,unlabelled,,,,,0,0,0.0,0.0,,,6.795000076293945,-76.1969985961914,-0.01,1.6,6.5395,-74.456333,260.0,194.53,278.45
PTB.2019.080.06.30.11,PTB,2019.080.06.30.11,unlabelled,,,,,0,0,0.0,0.0,,,7.302000045776367,-72.14900207519531,0.01,1.7,6.5395,-74.456333,260.0,268.57,71.56
PTB.2019.080.08.03.37,PTB,2019.080.08.03.37,unlabelled,,,,,0,0,0.0,0.0,,,7.327000141143799,-72.11299896240234,0.22,1.6,6.5395,-74.456333,260.0,273.21,71.27
PTB.2019.080.13.59.01,PTB,2019.080.13.59.01,unlabelled,,,,,0,0,0.0,0.0,,,6.7129998207092285,-76.75299835205078,15.52,2.6,6.5395,-74.456333,260.0,254.69,274.45
PTB.2019.080.21.25.13,PTB,2019.080.21.25.13,unlabelled,,,,,0,0,0.0,0.0,,,6.558000087738037,-76.75800323486328,20.66,2.5,6.5395,-74.456333,260.0,254.57,270.59
PTB.2019.081.18.05.36,PTB,2019.081.18.05.36,unlabelled,,,,,0,0,0.0,0.0,,,4.35099983215332,-74.91400146484375,0.0,1.6,6.5395,-74.456333,260.0,247.27,191.86
PTB.2019.081.20.36.59,PTB,2019.081.20.36.59,unlabelled,,,,,0,0,0.0,0.0,,,6.794000148773193,-76.2030029296875,3.69,1.5,6.5395,-74.456333,260.0,195.17,278.39
PTB.2019.081.23.38.31,PTB,2019.081.23.38.31,unlabelled,,,,,0,0,0.0,0.0,,,7.2170000076293945,-76.8949966430664,23.64,1.8,6.5395,-74.456333,260.0,279.75,285.68
PTB.2019.082.01.19.48,PTB,2019.082.01.19.48,unlabelled,,,,,0,0,0.0,0.0,,,6.646999835968018,-76.71399688720703,16.53,1.8,6.5395,-74.456333,260.0,249.95,272.86
PTB.2019.082.05.21.34,PTB,2019.082.05.21.34,unlabelled,,,,,0,0,0.0,0.0,,,7.255000114440918,-71.9020004272461,0.0,1.5,6.5395,-74.456333,260.0,293.18,74.19
PTB.2019.082.12.11.49,PTB,2019.082.12.11.49,unlabelled,,,,,0,0,0.0,0.0,,,6.565000057220459,-76.79900360107422,21.0,1.5,6.5395,-74.456333,260.0,259.11,270.76
PTB.2019.084.04.37.54,PTB,2019.084.04.37.54,unlabelled,,,,,0,0,0.0,0.0,,,6.6579999923706055,-71.96199798583984,0.0,1.5,6.5395,-74.456333,260.0,276.15,87.14
PTB.2019.084.04.44.59,PTB,2019.084.04.44.59,unlabelled,,,,,0,0,0.0,0.0,,,3.6389999389648438,-74.18299865722656,2.23,1.5,6.5395,-74.456333,260.0,322.18,174.59
PTB.2019.085.18.47.12,PTB,2019.085.18.47.12,unlabelled,,,,,0,0,0.0,0.0,,,6.689000129699707,-72.0780029296875,4.26,2.1,6.5395,-74.456333,260.0,263.52,86.27
PTB.2019.085.23.27.01,PTB,2019.085.23.27.01,unlabelled,,,,,0,0,0.0,0.0,,,7.043000221252441,-76.22599792480469,13.0,1.5,6.5395,-74.456333,260.0,203.39,285.99
PTB.2019.086.02.28.06,PTB,2019.086.02.28.06,unlabelled,,,,,0,0,0.0,0.0,,,6.5329999923706055,-76.76399993896484,4.76,1.6,6.5395,-74.456333,260.0,255.23,269.97
PTB.2019.086.18.40.59,PTB,2019.086.18.40.59,unlabelled,,,,,0,0,0.0,0.0,,,3.5950000286102295,-73.98600006103516,1.01,2.0,6.5395,-74.456333,260.0,329.76,170.88
PTB.2019.086.23.20.52,PTB,2019.086.23.20.52,unlabelled,,,,,0,0,0.0,0.0,,,5.284999847412109,-74.56600189208984,18.24,1.5,6.5395,-74.456333,260.0,139.26,185.01
PTB.2019.087.03.20.46,PTB,2019.087.03.20.46,unlabelled,,,,,0,0,0.0,0.0,,,4.776000022888184,-74.7040023803711,5.27,1.8,6.5395,-74.456333,260.0,196.94,188.02
PTB.2019.087.22.28.07,PTB,2019.087.22.28.07,unlabelled,,,,,0,0,0.0,0.0,,,3.5399999618530273,-74.46299743652344,8.56,1.9,6.5395,-74.456333,260.0,331.69,180.13
PTB.2019.088.09.31.02,PTB,2019.088.09.31.02,unlabelled,,,,,0,0,0.0,0.0,,,4.63700008392334,-76.43900299072266,16.66,1.6,6.5395,-74.456333,260.0,304.16,226.34
PTB.2019.088.09.38.48,PTB,2019.088.09.38.48,unlabelled,,,,,0,0,0.0,0.0,,,4.886000156402588,-76.41500091552734,20.41,1.5,6.5395,-74.456333,260.0,283.73,229.98
PTB.2019.088.10.33.08,PTB,2019.088.10.33.08,unlabelled,,,,,0,0,0.0,0.0,,,7.035999774932861,-76.13899993896484,-0.11,1.5,6.5395,-74.456333,260.0,193.94,286.54
PTB.2019.088.10.58.57,PTB,2019.088.10.58.57,unlabelled,,,,,0,0,0.0,0.0,,,5.135000228881836,-73.26300048828125,0.0,1.6,6.5395,-74.456333,260.0,203.93,139.54
PTB.2019.088.13.16.10,PTB,2019.088.13.16.10,unlabelled,,,,,0,0,0.0,0.0,,,5.116000175476074,-73.12999725341797,0.0,1.7,6.5395,-74.456333,260.0,215.3,136.91
PTB.2019.088.17.02.59,PTB,2019.088.17.02.59,unlabelled,,,,,0,0,0.0,0.0,,,6.7779998779296875,-76.63700103759766,-0.1,1.5,6.5395,-74.456333,260.0,242.56,276.37
PTB.2019.089.13.49.32,PTB,2019.089.13.49.32,unlabelled,,,,,0,0,0.0,0.0,,,6.863999843597412,-76.7030029296875,1.48,1.7,6.5395,-74.456333,260.0,250.98,278.35
PTB.2019.091.04.47.11,PTB,2019.091.04.47.11,unlabelled,,,,,0,0,0.0,0.0,,,7.308000087738037,-76.13099670410156,0.0,1.5,6.5395,-74.456333,260.0,203.65,294.76
PTB.2019.091.07.44.55,PTB,2019.091.07.44.55,unlabelled,,,,,0,0,0.0,0.0,,,6.493000030517578,-76.71700286865234,19.8,1.6,6.5395,-74.456333,260.0,250.09,268.95
PTB.2019.092.01.28.50,PTB,2019.092.01.28.50,unlabelled,,,,,0,0,0.0,0.0,,,6.822999954223633,-76.81999969482422,16.25,1.6,6.5395,-74.456333,260.0,263.22,276.98
PTB.2019.093.08.03.12,PTB,2019.093.08.03.12,unlabelled,,,,,0,0,0.0,0.0,,,5.002999782562256,-72.98500061035156,0.0,1.8,6.5395,-74.456333,260.0,235.43,136.12
PTB.2019.093.19.30.41,PTB,2019.093.19.30.41,unlabelled,,,,,0,0,0.0,0.0,,,7.35099983215332,-72.70099639892578,1.37,2.1,6.5395,-74.456333,260.0,213.73,65.07
PTB.2019.094.08.28.17,PTB,2019.094.08.28.17,unlabelled,,,,,0,0,0.0,0.0,,,5.8429999351501465,-72.48999786376953,15.51,1.7,6.5395,-74.456333,260.0,230.85,109.38
PTB.2019.094.11.20.57,PTB,2019.094.11.20.57,unlabelled,,,,,0,0,0.0,0.0,,,7.301000118255615,-72.25499725341797,15.42,1.7,6.5395,-74.456333,260.0,257.44,70.78
PTB.2019.094.21.35.45,PTB,2019.094.21.35.45,unlabelled,,,,,0,0,0.0,0.0,,,6.861000061035156,-76.82499694824219,23.38,1.7,6.5395,-74.456333,260.0,264.29,277.87
PTB.2019.095.18.50.27,PTB,2019.095.18.50.27,unlabelled,,,,,0,0,0.0,0.0,,,4.420000076293945,-75.6969985961914,17.47,1.7,6.5395,-74.456333,260.0,271.73,210.46
PTB.2019.095.19.27.54,PTB,2019.095.19.27.54,unlabelled,,,,,0,0,0.0,0.0,,,3.6630001068115234,-74.23999786376953,7.07,1.6,6.5395,-74.456333,260.0,319.0,175.68
PTB.2019.095.19.45.13,PTB,2019.095.19.45.13,unlabelled,,,,,0,0,0.0,0.0,,,4.313000202178955,-75.08300018310547,15.45,1.5,6.5395,-74.456333,260.0,255.82,195.78
PTB.2019.096.01.01.32,PTB,2019.096.01.01.32,unlabelled,,,,,0,0,0.0,0.0,,,7.605000019073486,-77.10199737548828,17.03,1.8,6.5395,-74.456333,260.0,315.14,292.12
PTB.2019.097.08.50.08,PTB,2019.097.08.50.08,unlabelled,,,,,0,0,0.0,0.0,,,7.329999923706055,-76.91400146484375,25.46,1.6,6.5395,-74.456333,260.0,285.32,287.99
PTB.2019.097.18.12.41,PTB,2019.097.18.12.41,unlabelled,,,,,0,0,0.0,0.0,,,3.5880000591278076,-74.46499633789062,32.38,1.9,6.5395,-74.456333,260.0,326.39,180.17
PTB.2019.097.18.51.43,PTB,2019.097.18.51.43,unlabelled,,,,,0,0,0.0,0.0,,,5.684000015258789,-76.47100067138672,31.3,2.0,6.5395,-74.456333,260.0,242.24,247.12
PTB.2019.098.00.11.10,PTB,2019.098.00.11.10,unlabelled,,,,,0,0,0.0,0.0,,,4.665999889373779,-73.51300048828125,-0.11,1.7,6.5395,-74.456333,260.0,232.05,153.18
PTB.2019.098.01.42.24,PTB,2019.098.01.42.24,unlabelled,,,,,0,0,0.0,0.0,,,5.454999923706055,-73.36199951171875,0.0,1.5,6.5395,-74.456333,260.0,170.48,134.65
PTB.2019.099.05.36.38,PTB,2019.099.05.36.38,unlabelled,,,,,0,0,0.0,0.0,,,6.808000087738037,-76.21700286865234,-0.02,1.6,6.5395,-74.456333,260.0,196.93,278.77
PTB.2019.099.09.25.49,PTB,2019.099.09.25.49,unlabelled,,,,,0,0,0.0,0.0,,,6.807000160217285,-76.62100219726562,0.0,1.5,6.5395,-74.456333,260.0,241.17,277.17
PTB.2019.099.23.50.48,PTB,2019.099.23.50.48,unlabelled,,,,,0,0,0.0,0.0,,,5.9679999351501465,-72.4739990234375,4.19,1.7,6.5395,-74.456333,260.0,228.29,105.96
PTB.2019.101.12.15.38,PTB,2019.101.12.15.38,unlabelled,,,,,0,0,0.0,0.0,,,5.269000053405762,-74.10600280761719,2.0,1.6,6.5395,-74.456333,260.0,145.76,164.55
PTB.2019.101.13.45.11,PTB,2019.101.13.45.11,unlabelled,,,,,0,0,0.0,0.0,,,6.784999847412109,-76.75199890136719,28.55,1.6,6.5395,-74.456333,260.0,255.29,276.24
PTB.2019.101.14.17.07,PTB,2019.101.14.17.07,unlabelled,,,,,0,0,0.0,0.0,,,4.5920000076293945,-73.51599884033203,-0.01,1.6,6.5395,-74.456333,260.0,239.24,154.14
PTB.2019.101.14.31.22,PTB,2019.101.14.31.22,unlabelled,,,,,0,0,0.0,0.0,,,4.5920000076293945,-76.44100189208984,18.23,1.8,6.5395,-74.456333,260.0,307.79,225.7
PTB.2019.102.01.35.34,PTB,2019.102.01.35.34,unlabelled,,,,,0,0,0.0,0.0,,,6.525000095367432,-71.91400146484375,4.88,2.0,6.5395,-74.456333,260.0,281.19,90.18
PTB.2019.102.02.37.14,PTB,2019.102.02.37.14,unlabelled,,,,,0,0,0.0,0.0,,,6.618000030517578,-71.96099853515625,31.56,1.6,6.5395,-74.456333,260.0,276.1,88.06
PTB.2019.102.11.52.59,PTB,2019.102.11.52.59,unlabelled,,,,,0,0,0.0,0.0,,,6.833000183105469,-76.66600036621094,16.62,1.5,6.5395,-74.456333,260.0,246.46,277.7
PTB.2019.103.07.56.54,PTB,2019.103.07.56.54,unlabelled,,,,,0,0,0.0,0.0,,,3.7860000133514404,-73.70800018310547,20.08,1.8,6.5395,-74.456333,260.0,315.59,164.72
PTB.2019.104.08.49.43,PTB,2019.104.08.49.43,unlabelled,,,,,0,0,0.0,0.0,,,4.580999851226807,-76.71499633789062,18.24,1.7,6.5395,-74.456333,260.0,330.95,229.24
PTB.2019.104.12.06.03,PTB,2019.104.12.06.03,unlabelled,,,,,0,0,0.0,0.0,,,5.10099983215332,-72.84100341796875,0.0,2.2,6.5395,-74.456333,260.0,239.39,131.56
PTB.2019.104.20.13.29,PTB,2019.104.20.13.29,unlabelled,,,,,0,0,0.0,0.0,,,7.534999847412109,-76.28700256347656,0.0,1.8,6.5395,-74.456333,260.0,230.28,298.67
PTB.2019.104.20.19.44,PTB,2019.104.20.19.44,unlabelled,,,,,0,0,0.0,0.0,,,7.427000045776367,-76.18000030517578,0.0,1.9,6.5395,-74.456333,260.0,214.26,297.37
PTB.2019.105.06.57.04,PTB,2019.105.06.57.04,unlabelled,,,,,0,0,0.0,0.0,,,4.638000011444092,-75.12999725341797,1.77,1.8,6.5395,-74.456333,260.0,223.13,199.58
PTB.2019.105.11.30.54,PTB,2019.105.11.30.54,unlabelled,,,,,0,0,0.0,0.0,,,6.9070000648498535,-76.2300033569336,-0.18,1.5,6.5395,-74.456333,260.0,200.26,281.81
PTB.2019.105.13.45.45,PTB,2019.105.13.45.45,unlabelled,,,,,0,0,0.0,0.0,,,6.926000118255615,-76.26599884033203,15.98,2.1,6.5395,-74.456333,260.0,204.59,282.16
PTB.2019.105.15.18.51,PTB,2019.105.15.18.51,unlabelled,,,,,0,0,0.0,0.0,,,6.908999919891357,-76.22699737548828,-0.06,1.5,6.5395,-74.456333,260.0,199.98,281.89
PTB.2019.106.06.46.43,PTB,2019.106.06.46.43,unlabelled,,,,,0,0,0.0,0.0,,,4.811999797821045,-72.75499725341797,0.0,2.3,6.5395,-74.456333,260.0,268.35,135.3
PTB.2019.107.10.02.25,PTB,2019.107.10.02.25,unlabelled,,,,,0,0,0.0,0.0,,,6.004000186920166,-72.81999969482422,3.5,1.7,6.5395,-74.456333,260.0,190.51,108.02
PTB.2019.107.10.47.51,PTB,2019.107.10.47.51,unlabelled,,,,,0,0,0.0,0.0,,,7.002999782562256,-73.26200103759766,-0.09,1.5,6.5395,-74.456333,260.0,141.63,68.71
PTB.2019.108.02.58.14,PTB,2019.108.02.58.14,unlabelled,,,,,0,0,0.0,0.0,,,7.031000137329102,-72.25,3.84,1.6,6.5395,-74.456333,260.0,249.88,77.31
PTB.2019.108.16.53.43,PTB,2019.108.16.53.43,unlabelled,,,,,0,0,0.0,0.0,,,4.491000175476074,-76.14700317382812,2.17,2.0,6.5395,-74.456333,260.0,293.95,219.68
PTB.2019.108.17.04.00,PTB,2019.108.17.04.00,unlabelled,,,,,0,0,0.0,0.0,,,4.2170000076293945,-76.2300033569336,3.27,1.9,6.5395,-74.456333,260.0,323.42,217.52
PTB.2019.110.07.00.46,PTB,2019.110.07.00.46,unlabelled,,,,,0,0,0.0,0.0,,,7.645999908447266,-72.85399627685547,3.75,1.8,6.5395,-74.456333,260.0,215.19,55.25
PTB.2019.111.08.13.15,PTB,2019.111.08.13.15,unlabelled,,,,,0,0,0.0,0.0,,,7.310999870300293,-76.97599792480469,25.86,1.5,6.5395,-74.456333,260.0,291.23,287.18
PTB.2019.112.04.39.37,PTB,2019.112.04.39.37,unlabelled,,,,,0,0,0.0,0.0,,,5.127999782562256,-73.11599731445312,0.0,1.9,6.5395,-74.456333,260.0,215.4,136.37
PTB.2019.112.09.41.41,PTB,2019.112.09.41.41,unlabelled,,,,,0,0,0.0,0.0,,,7.328999996185303,-72.71700286865234,3.0,1.7,6.5395,-74.456333,260.0,211.11,65.47
PTB.2019.112.11.33.17,PTB,2019.112.11.33.17,unlabelled,,,,,0,0,0.0,0.0,,,6.322000026702881,-72.20700073242188,1.36,2.2,6.5395,-74.456333,260.0,249.99,95.39
PTB.2019.112.14.07.49,PTB,2019.112.14.07.49,unlabelled,,,,,0,0,0.0,0.0,,,6.803999900817871,-72.02799987792969,-0.19,1.8,6.5395,-74.456333,260.0,270.09,83.64
PTB.2019.113.00.00.34,PTB,2019.113.00.00.34,unlabelled,,,,,0,0,0.0,0.0,,,4.7230000495910645,-76.60900115966797,16.13,1.5,6.5395,-74.456333,260.0,311.8,230.0
PTB.2019.113.19.00.55,PTB,2019.113.19.00.55,unlabelled,,,,,0,0,0.0,0.0,,,7.031000137329102,-76.21199798583984,9.6,1.5,6.5395,-74.456333,260.0,201.55,285.75
PTB.2019.114.11.56.53,PTB,2019.114.11.56.53,unlabelled,,,,,0,0,0.0,0.0,,,5.833000183105469,-72.63300323486328,0.0,1.8,6.5395,-74.456333,260.0,216.39,111.06
PTB.2019.114.16.21.54,PTB,2019.114.16.21.54,unlabelled,,,,,0,0,0.0,0.0,,,6.059999942779541,-72.16200256347656,14.56,1.9,6.5395,-74.456333,260.0,259.35,101.67
PTB.2019.115.13.11.48,PTB,2019.115.13.11.48,unlabelled,,,,,0,0,0.0,0.0,,,6.735000133514404,-76.80699920654297,16.71,1.9,6.5395,-74.456333,260.0,260.83,274.89
PTB.2019.115.15.01.11,PTB,2019.115.15.01.11,unlabelled,,,,,0,0,0.0,0.0,,,7.126999855041504,-72.08000183105469,3.7,2.2,6.5395,-74.456333,260.0,270.58,75.97
PTB.2019.117.04.34.07,PTB,2019.117.04.34.07,unlabelled,,,,,0,0,0.0,0.0,,,5.26800012588501,-72.53700256347656,0.0,2.7,6.5395,-74.456333,260.0,254.83,123.39
PTB.2019.117.10.25.46,PTB,2019.117.10.25.46,unlabelled,,,,,0,0,0.0,0.0,,,4.442999839782715,-75.70099639892578,2.16,1.5,6.5395,-74.456333,260.0,269.76,210.81
PTB.2019.117.22.47.28,PTB,2019.117.22.47.28,unlabelled,,,,,0,0,0.0,0.0,,,6.860000133514404,-76.69000244140625,17.8,2.2,6.5395,-74.456333,260.0,249.49,278.3
PTB.2019.117.22.49.30,PTB,2019.117.22.49.30,unlabelled,,,,,0,0,0.0,0.0,,,6.941999912261963,-71.86699676513672,0.0,1.5,6.5395,-74.456333,260.0,289.7,81.01
PTB.2019.122.19.39.22,PTB,2019.122.19.39.22,unlabelled,,,,,0,0,0.0,0.0,,,6.684999942779541,-77.14800262451172,12.09,1.9,6.5395,-74.456333,260.0,298.09,273.25
PTB.2019.123.15.43.50,PTB,2019.123.15.43.50,unlabelled,,,,,0,0,0.0,0.0,,,7.004000186920166,-76.86900329589844,18.67,2.1,6.5395,-74.456333,260.0,271.62,281.04
PTB.2019.123.16.45.58,PTB,2019.123.16.45.58,unlabelled,,,,,0,0,0.0,0.0,,,6.853000164031982,-76.16400146484375,-0.18,1.8,6.5395,-74.456333,260.0,191.96,280.5
PTB.2019.123.19.00.11,PTB,2019.123.19.00.11,unlabelled,,,,,0,0,0.0,0.0,,,6.14300012588501,-72.4260025024414,0.0,1.9,6.5395,-74.456333,260.0,228.88,100.93
PTB.2019.124.04.04.28,PTB,2019.124.04.04.28,unlabelled,,,,,0,0,0.0,0.0,,,6.855000019073486,-76.14099884033203,-0.02,1.6,6.5395,-74.456333,260.0,189.5,280.71
PTB.2019.124.07.28.32,PTB,2019.124.07.28.32,unlabelled,,,,,0,0,0.0,0.0,,,6.960999965667725,-76.16100311279297,-0.11,1.6,6.5395,-74.456333,260.0,194.13,283.99
PTB.2019.124.13.10.12,PTB,2019.124.13.10.12,unlabelled,,,,,0,0,0.0,0.0,,,7.020999908447266,-76.66100311279297,7.92,2.0,6.5395,-74.456333,260.0,249.47,282.45
PTB.2019.125.15.23.07,PTB,2019.125.15.23.07,unlabelled,,,,,0,0,0.0,0.0,,,5.480999946594238,-72.77999877929688,-0.21,1.9,6.5395,-74.456333,260.0,219.42,122.15
PTB.2019.126.10.53.55,PTB,2019.126.10.53.55,unlabelled,,,,,0,0,0.0,0.0,,,5.625,-76.7239990234375,23.6,1.9,6.5395,-74.456333,260.0,270.63,248.18
PTB.2019.126.16.58.18,PTB,2019.126.16.58.18,unlabelled,,,,,0,0,0.0,0.0,,,6.97599983215332,-71.81300354003906,4.36,2.4,6.5395,-74.456333,260.0,296.18,80.47
PTB.2019.126.21.53.51,PTB,2019.126.21.53.51,unlabelled,,,,,0,0,0.0,0.0,,,6.822000026702881,-76.26699829101562,1.01,1.7,6.5395,-74.456333,260.0,202.63,278.97
PTB.2019.127.07.24.52,PTB,2019.127.07.24.52,unlabelled,,,,,0,0,0.0,0.0,,,6.7179999351501465,-71.97799682617188,0.0,1.8,6.5395,-74.456333,260.0,274.76,85.74
PTB.2019.127.15.11.44,PTB,2019.127.15.11.44,unlabelled,,,,,0,0,0.0,0.0,,,5.098999977111816,-73.11900329589844,11.54,1.8,6.5395,-74.456333,260.0,217.51,137.01
PTB.2019.127.22.07.58,PTB,2019.127.22.07.58,unlabelled,,,,,0,0,0.0,0.0,,,6.515999794006348,-71.91200256347656,3.66,1.8,6.5395,-74.456333,260.0,281.42,90.38
PTB.2019.128.00.44.50,PTB,2019.128.00.44.50,unlabelled,,,,,0,0,0.0,0.0,,,6.824999809265137,-76.2300033569336,0.0,1.6,6.5395,-74.456333,260.0,198.64,279.25
PTB.2019.128.07.31.41,PTB,2019.128.07.31.41,unlabelled,,,,,0,0,0.0,0.0,,,4.952000141143799,-73.18000030517578,-0.02,1.6,6.5395,-74.456333,260.0,225.4,141.09
PTB.2019.128.20.10.34,PTB,2019.128.20.10.34,unlabelled,,,,,0,0,0.0,0.0,,,7.433000087738037,-77.23699951171875,13.09,1.8,6.5395,-74.456333,260.0,322.75,287.99
PTB.2019.129.02.55.16,PTB,2019.129.02.55.16,unlabelled,,,,,0,0,0.0,0.0,,,6.686999797821045,-76.70500183105469,3.18,1.7,6.5395,-74.456333,260.0,249.2,273.88
PTB.2019.129.07.55.04,PTB,2019.129.07.55.04,unlabelled,,,,,0,0,0.0,0.0,,,7.302000045776367,-77.05599975585938,23.31,1.5,6.5395,-74.456333,260.0,299.42,286.51
PTB.2019.129.11.57.42,PTB,2019.129.11.57.42,unlabelled,,,,,0,0,0.0,0.0,,,5.322999954223633,-72.80999755859375,-0.01,1.7,6.5395,-74.456333,260.0,226.56,126.34
PTB.2019.129.16.44.21,PTB,2019.129.16.44.21,unlabelled,,,,,0,0,0.0,0.0,,,7.245999813079834,-77.00700378417969,29.38,1.7,6.5395,-74.456333,260.0,292.53,285.64
PTB.2019.131.00.26.05,PTB,2019.131.00.26.05,unlabelled,,,,,0,0,0.0,0.0,,,6.75,-76.71900177001953,16.04,1.6,6.5395,-74.456333,260.0,251.28,275.45
PTB.2019.132.14.22.42,PTB,2019.132.14.22.42,unlabelled,,,,,0,0,0.0,0.0,,,7.36899995803833,-76.51000213623047,16.58,1.5,6.5395,-74.456333,260.0,244.78,292.13
PTB.2019.132.18.40.21,PTB,2019.132.18.40.21,unlabelled,,,,,0,0,0.0,0.0,,,7.341000080108643,-76.93599700927734,22.08,2.2,6.5395,-74.456333,260.0,288.0,288.07
PTB.2019.133.08.38.25,PTB,2019.133.08.38.25,unlabelled,,,,,0,0,0.0,0.0,,,7.34499979019165,-72.19999694824219,0.0,1.7,6.5395,-74.456333,260.0,264.78,70.21
PTB.2019.134.01.56.43,PTB,2019.134.01.56.43,unlabelled,,,,,0,0,0.0,0.0,,,6.696000099182129,-76.61499786376953,0.0,1.5,6.5395,-74.456333,260.0,239.34,274.27
PTB.2019.134.08.07.23,PTB,2019.134.08.07.23,unlabelled,,,,,0,0,0.0,0.0,,,5.922999858856201,-72.4280014038086,0.0,1.8,6.5395,-74.456333,260.0,234.59,106.78
PTB.2019.134.14.59.09,PTB,2019.134.14.59.09,unlabelled,,,,,0,0,0.0,0.0,,,6.261000156402588,-76.98600006103516,31.8,2.6,6.5395,-74.456333,260.0,281.55,263.86
PTB.2019.134.17.28.54,PTB,2019.134.17.28.54,unlabelled,,,,,0,0,0.0,0.0,,,7.427999973297119,-72.30400085449219,3.74,1.8,6.5395,-74.456333,260.0,257.33,67.42
PTB.2019.134.23.16.58,PTB,2019.134.23.16.58,unlabelled,,,,,0,0,0.0,0.0,,,7.054999828338623,-76.94999694824219,5.24,1.7,6.5395,-74.456333,260.0,281.49,281.83
PTB.2019.134.23.48.36,PTB,2019.134.23.48.36,unlabelled,,,,,0,0,0.0,0.0,,,7.26200008392334,-72.21299743652344,0.0,1.5,6.5395,-74.456333,260.0,260.49,72.0
PTB.2019.135.01.16.49,PTB,2019.135.01.16.49,unlabelled,,,,,0,0,0.0,0.0,,,6.7179999351501465,-76.87000274658203,22.39,1.7,6.5395,-74.456333,260.0,267.63,274.37
PTB.2019.135.15.44.49,PTB,2019.135.15.44.49,unlabelled,,,,,0,0,0.0,0.0,,,7.0920000076293945,-72.36100006103516,0.0,1.9,6.5395,-74.456333,260.0,239.54,75.1
PTB.2019.136.08.17.59,PTB,2019.136.08.17.59,unlabelled,,,,,0,0,0.0,0.0,,,6.28000020980835,-76.86399841308594,31.87,1.6,6.5395,-74.456333,260.0,267.9,263.99
PTB.2019.136.12.50.50,PTB,2019.136.12.50.50,unlabelled,,,,,0,0,0.0,0.0,,,4.828000068664551,-73.19999694824219,8.0,1.5,6.5395,-74.456333,260.0,234.92,143.61
PTB.2019.137.03.03.35,PTB,2019.137.03.03.35,unlabelled,,,,,0,0,0.0,0.0,,,6.758999824523926,-76.30599975585938,32.13,2.0,6.5395,-74.456333,260.0,205.96,276.87
PTB.2019.137.03.59.21,PTB,2019.137.03.59.21,unlabelled,,,,,0,0,0.0,0.0,,,4.7170000076293945,-74.63999938964844,7.31,1.8,6.5395,-74.456333,260.0,202.57,185.77
PTB.2019.137.18.54.30,PTB,2019.137.18.54.30,unlabelled,,,,,0,0,0.0,0.0,,,6.699999809265137,-76.55500030517578,-0.12,1.5,6.5395,-74.456333,260.0,232.75,274.49
PTB.2019.137.21.12.00,PTB,2019.137.21.12.00,unlabelled,,,,,0,0,0.0,0.0,,,6.293000221252441,-72.30599975585938,3.36,1.8,6.5395,-74.456333,260.0,239.44,96.42
PTB.2019.138.06.22.01,PTB,2019.138.06.22.01,unlabelled,,,,,0,0,0.0,0.0,,,3.640000104904175,-74.14700317382812,0.06,1.5,6.5395,-74.456333,260.0,322.47,173.88
PTB.2019.138.06.31.44,PTB,2019.138.06.31.44,unlabelled,,,,,0,0,0.0,0.0,,,3.8589999675750732,-73.61399841308594,3.68,1.5,6.5395,-74.456333,260.0,310.78,162.47
PTB.2019.140.01.57.31,PTB,2019.140.01.57.31,unlabelled,,,,,0,0,0.0,0.0,,,6.789999961853027,-76.21800231933594,3.33,1.5,6.5395,-74.456333,260.0,196.75,278.2
PTB.2019.140.02.43.40,PTB,2019.140.02.43.40,unlabelled,,,,,0,0,0.0,0.0,,,3.635999917984009,-74.1500015258789,0.0,2.2,6.5395,-74.456333,260.0,322.87,173.95
PTB.2019.140.02.47.50,PTB,2019.140.02.47.50,unlabelled,,,,,0,0,0.0,0.0,,,3.562000036239624,-74.24400329589844,13.75,1.5,6.5395,-74.456333,260.0,330.1,175.9
PTB.2019.140.04.49.38,PTB,2019.140.04.49.38,unlabelled,,,,,0,0,0.0,0.0,,,4.85699987411499,-74.88700103759766,13.66,2.0,6.5395,-74.456333,260.0,192.08,194.4
PTB.2019.140.08.57.43,PTB,2019.140.08.57.43,unlabelled,,,,,0,0,0.0,0.0,,,6.10099983215332,-72.48200225830078,16.57,1.8,6.5395,-74.456333,260.0,223.77,102.41
PTB.2019.141.04.53.58,PTB,2019.141.04.53.58,unlabelled,,,,,0,0,0.0,0.0,,,7.054999828338623,-76.1240005493164,-0.2,1.5,6.5395,-74.456333,260.0,192.96,287.28
PTB.2019.141.06.48.10,PTB,2019.141.06.48.10,unlabelled,,,,,0,0,0.0,0.0,,,4.328000068664551,-75.30899810791016,3.37,1.9,6.5395,-74.456333,260.0,262.18,201.17
PTB.2019.141.09.52.25,PTB,2019.141.09.52.25,unlabelled,,,,,0,0,0.0,0.0,,,7.176000118255615,-73.06600189208984,18.16,1.5,6.5395,-74.456333,260.0,169.02,65.31
PTB.2019.141.14.57.58,PTB,2019.141.14.57.58,unlabelled,,,,,0,0,0.0,0.0,,,3.937999963760376,-74.00800323486328,1.6,2.1,6.5395,-74.456333,260.0,291.94,170.18
PTB.2019.142.00.27.13,PTB,2019.142.00.27.13,unlabelled,,,,,0,0,0.0,0.0,,,6.833000183105469,-76.2249984741211,-0.02,1.6,6.5395,-74.456333,260.0,198.23,279.53
PTB.2019.142.02.52.14,PTB,2019.142.02.52.14,unlabelled,,,,,0,0,0.0,0.0,,,4.360000133514404,-74.20700073242188,0.0,1.6,6.5395,-74.456333,260.0,242.6,173.45
PTB.2019.142.15.51.49,PTB,2019.142.15.51.49,unlabelled,,,,,0,0,0.0,0.0,,,3.5859999656677246,-74.44499969482422,15.71,2.0,6.5395,-74.456333,260.0,326.61,179.78
PTB.2019.142.21.49.33,PTB,2019.142.21.49.33,unlabelled,,,,,0,0,0.0,0.0,,,7.004000186920166,-76.68000030517578,0.0,1.7,6.5395,-74.456333,260.0,251.13,281.93
PTB.2019.143.04.36.13,PTB,2019.143.04.36.13,unlabelled,,,,,0,0,0.0,0.0,,,4.525000095367432,-74.9489974975586,3.9,2.1,6.5395,-74.456333,260.0,229.36,193.79
PTB.2019.143.11.30.46,PTB,2019.143.11.30.46,unlabelled,,,,,0,0,0.0,0.0,,,6.88700008392334,-76.20500183105469,-0.18,1.5,6.5395,-74.456333,260.0,197.12,281.34
PTB.2019.144.00.43.56,PTB,2019.144.00.43.56,unlabelled,,,,,0,0,0.0,0.0,,,5.611000061035156,-76.89600372314453,31.32,1.7,6.5395,-74.456333,260.0,288.93,249.32
PTB.2019.144.01.35.00,PTB,2019.144.01.35.00,unlabelled,,,,,0,0,0.0,0.0,,,5.63100004196167,-76.94200134277344,38.01,1.6,6.5395,-74.456333,260.0,292.92,250.08
PTB.2019.144.10.40.52,PTB,2019.144.10.40.52,unlabelled,,,,,0,0,0.0,0.0,,,4.440000057220459,-73.81600189208984,4.99,1.5,6.5395,-74.456333,260.0,242.77,162.97
PTB.2019.144.12.10.14,PTB,2019.144.12.10.14,unlabelled,,,,,0,0,0.0,0.0,,,6.915999889373779,-76.14099884033203,-0.11,2.0,6.5395,-74.456333,260.0,190.85,282.7
PTB.2019.145.20.12.40,PTB,2019.145.20.12.40,unlabelled,,,,,0,0,0.0,0.0,,,4.563000202178955,-75.96499633789062,38.05,1.5,6.5395,-74.456333,260.0,275.16,217.48
PTB.2019.146.11.08.34,PTB,2019.146.11.08.34,unlabelled,,,,,0,0,0.0,0.0,,,5.322999954223633,-73.12100219726562,0.0,2.0,6.5395,-74.456333,260.0,199.9,132.23
PTB.2019.147.06.37.26,PTB,2019.147.06.37.26,unlabelled,,,,,0,0,0.0,0.0,,,5.668000221252441,-75.92500305175781,-0.13,1.7,6.5395,-74.456333,260.0,188.99,239.42
PTB.2019.147.11.27.07,PTB,2019.147.11.27.07,unlabelled,,,,,0,0,0.0,0.0,,,7.14300012588501,-77.04900360107422,38.88,1.8,6.5395,-74.456333,260.0,294.24,283.26
PTB.2019.148.18.50.17,PTB,2019.148.18.50.17,unlabelled,,,,,0,0,0.0,0.0,,,3.742000102996826,-74.01200103759766,11.26,1.5,6.5395,-74.456333,260.0,313.25,170.93
PTB.2019.149.21.35.15,PTB,2019.149.21.35.15,unlabelled,,,,,0,0,0.0,0.0,,,6.479000091552734,-72.14600372314453,0.0,2.9,6.5395,-74.456333,260.0,255.63,91.37
PTB.2019.150.14.20.07,PTB,2019.150.14.20.07,unlabelled,,,,,0,0,0.0,0.0,,,4.508999824523926,-76.49199676513672,8.74,1.6,6.5395,-74.456333,260.0,318.27,225.23
PTB.2019.151.01.11.04,PTB,2019.151.01.11.04,unlabelled,,,,,0,0,0.0,0.0,,,4.579999923706055,-74.78800201416016,14.56,1.5,6.5395,-74.456333,260.0,219.78,189.64
PTB.2019.151.16.44.21,PTB,2019.151.16.44.21,unlabelled,,,,,0,0,0.0,0.0,,,7.007999897003174,-77.18499755859375,12.05,1.9,6.5395,-74.456333,260.0,306.06,279.91
PTB.2019.151.17.21.59,PTB,2019.151.17.21.59,unlabelled,,,,,0,0,0.0,0.0,,,5.1519999504089355,-72.88300323486328,31.11,1.6,6.5395,-74.456333,260.0,232.16,131.29
PTB.2019.152.01.00.54,PTB,2019.152.01.00.54,unlabelled,,,,,0,0,0.0,0.0,,,3.63100004196167,-74.12100219726562,3.43,1.7,6.5395,-74.456333,260.0,323.77,173.39
PTB.2019.152.18.58.15,PTB,2019.152.18.58.15,unlabelled,,,,,0,0,0.0,0.0,,,7.276000022888184,-76.19400024414062,-0.01,1.6,6.5395,-74.456333,260.0,208.6,293.09
PTB.2019.152.21.51.54,PTB,2019.152.21.51.54,unlabelled,,,,,0,0,0.0,0.0,,,3.61299991607666,-74.08899688720703,2.77,1.7,6.5395,-74.456333,260.0,326.17,172.81
PTB.2019.154.03.29.59,PTB,2019.154.03.29.59,unlabelled,,,,,0,0,0.0,0.0,,,6.054999828338623,-72.46199798583984,4.28,2.2,6.5395,-74.456333,260.0,227.09,103.54
PTB.2019.154.09.37.27,PTB,2019.154.09.37.27,unlabelled,,,,,0,0,0.0,0.0,,,5.561999797821045,-72.71299743652344,4.99,1.5,6.5395,-74.456333,260.0,221.2,119.16
PTB.2019.154.11.29.19,PTB,2019.154.11.29.19,unlabelled,,,,,0,0,0.0,0.0,,,5.139999866485596,-73.05899810791016,10.12,1.9,6.5395,-74.456333,260.0,218.86,134.93
PTB.2019.154.19.52.14,PTB,2019.154.19.52.14,unlabelled,,,,,0,0,0.0,0.0,,,6.953000068664551,-72.22100067138672,0.0,2.2,6.5395,-74.456333,260.0,251.32,79.39
PTB.2019.154.20.16.14,PTB,2019.154.20.16.14,unlabelled,,,,,0,0,0.0,0.0,,,4.879000186920166,-73.18000030517578,20.3,2.0,6.5395,-74.456333,260.0,231.75,142.34
PTB.2019.155.04.24.27,PTB,2019.155.04.24.27,unlabelled,,,,,0,0,0.0,0.0,,,7.26200008392334,-76.25399780273438,0.0,1.6,6.5395,-74.456333,260.0,214.14,292.01
PTB.2019.155.07.46.01,PTB,2019.155.07.46.01,unlabelled,,,,,0,0,0.0,0.0,,,6.683000087738037,-76.83499908447266,24.88,1.6,6.5395,-74.456333,260.0,263.52,273.59
PTB.2019.158.07.42.26,PTB,2019.158.07.42.26,unlabelled,,,,,0,0,0.0,0.0,,,5.625999927520752,-72.90699768066406,6.34,1.6,6.5395,-74.456333,260.0,199.05,120.42
PTB.2019.158.15.14.06,PTB,2019.158.15.14.06,unlabelled,,,,,0,0,0.0,0.0,,,4.114999771118164,-74.94000244140625,3.93,1.8,6.5395,-74.456333,260.0,273.42,191.33
PTB.2019.159.07.02.11,PTB,2019.159.07.02.11,unlabelled,,,,,0,0,0.0,0.0,,,6.684000015258789,-72.0979995727539,38.08,1.7,6.5395,-74.456333,260.0,261.28,86.36
PTB.2019.159.08.25.08,PTB,2019.159.08.25.08,unlabelled,,,,,0,0,0.0,0.0,,,7.061999797821045,-76.11499786376953,0.05,1.5,6.5395,-74.456333,260.0,192.24,287.59
PTB.2019.159.14.25.16,PTB,2019.159.14.25.16,unlabelled,,,,,0,0,0.0,0.0,,,7.015999794006348,-77.23500061035156,31.95,1.9,6.5395,-74.456333,260.0,311.66,279.9
PTB.2019.159.22.11.04,PTB,2019.159.22.11.04,unlabelled,,,,,0,0,0.0,0.0,,,6.88700008392334,-76.22000122070312,-0.07,1.4,6.5395,-74.456333,260.0,198.74,281.25
PTB.2019.160.10.59.07,PTB,2019.160.10.59.07,unlabelled,,,,,0,0,0.0,0.0,,,6.7829999923706055,-76.66699981689453,17.7,1.6,6.5395,-74.456333,260.0,245.92,276.41
PTB.2019.161.13.59.25,PTB,2019.161.13.59.25,unlabelled,,,,,0,0,0.0,0.0,,,6.677999973297119,-76.69300079345703,8.73,1.5,6.5395,-74.456333,260.0,247.81,273.67
PTB.2019.161.16.39.36,PTB,2019.161.16.39.36,unlabelled,,,,,0,0,0.0,0.0,,,5.449999809265137,-73.0739974975586,0.33,1.8,6.5395,-74.456333,260.0,194.78,128.14
PTB.2019.162.15.05.40,PTB,2019.162.15.05.40,unlabelled,,,,,0,0,0.0,0.0,,,7.204999923706055,-77.00299835205078,2.48,2.1,6.5395,-74.456333,260.0,290.93,284.8
PTB.2019.163.10.19.14,PTB,2019.163.10.19.14,unlabelled,,,,,0,0,0.0,0.0,,,7.14300012588501,-76.2300033569336,14.63,1.9,6.5395,-74.456333,260.0,207.1,288.9
PTB.2019.164.14.28.51,PTB,2019.164.14.28.51,unlabelled,,,,,0,0,0.0,0.0,,,5.208000183105469,-72.93399810791016,0.0,1.7,6.5395,-74.456333,260.0,223.83,131.05
PTB.2019.164.21.09.06,PTB,2019.164.21.09.06,unlabelled,,,,,0,0,0.0,0.0,,,4.415999889373779,-75.03399658203125,1.21,2.0,6.5395,-74.456333,260.0,243.39,195.28
PTB.2019.165.06.38.23,PTB,2019.165.06.38.23,unlabelled,,,,,0,0,0.0,0.0,,,5.270999908447266,-73.04299926757812,0.21,1.5,6.5395,-74.456333,260.0,210.17,131.8
PTB.2019.165.06.56.48,PTB,2019.165.06.56.48,unlabelled,,,,,0,0,0.0,0.0,,,3.6540000438690186,-74.12100219726562,2.08,2.3,6.5395,-74.456333,260.0,321.25,173.34
PTB.2019.166.08.29.26,PTB,2019.166.08.29.26,unlabelled,,,,,0,0,0.0,0.0,,,6.822999954223633,-76.86699676513672,17.64,1.5,6.5395,-74.456333,260.0,268.38,276.85
PTB.2019.166.13.56.10,PTB,2019.166.13.56.10,unlabelled,,,,,0,0,0.0,0.0,,,4.579999923706055,-76.60199737548828,29.7,1.6,6.5395,-74.456333,260.0,321.67,227.76
PTB.2019.167.02.18.47,PTB,2019.167.02.18.47,unlabelled,,,,,0,0,0.0,0.0,,,6.2870001792907715,-73.63500213623047,0.0,2.1,6.5395,-74.456333,260.0,95.06,107.04
PTB.2019.167.08.09.16,PTB,2019.167.08.09.16,unlabelled,,,,,0,0,0.0,0.0,,,6.96999979019165,-76.29399871826172,0.13,1.5,6.5395,-74.456333,260.0,208.66,283.3
PTB.2019.167.17.41.02,PTB,2019.167.17.41.02,unlabelled,,,,,0,0,0.0,0.0,,,7.046000003814697,-77.08200073242188,8.49,2.2,6.5395,-74.456333,260.0,295.6,281.08
PTB.2019.168.02.11.24,PTB,2019.168.02.11.24,unlabelled,,,,,0,0,0.0,0.0,,,5.710000038146973,-76.48699951171875,17.0,1.6,6.5395,-74.456333,260.0,242.77,247.91
PTB.2019.168.14.26.03,PTB,2019.168.14.26.03,unlabelled,,,,,0,0,0.0,0.0,,,3.563999891281128,-74.41699981689453,9.79,2.7,6.5395,-74.456333,260.0,329.07,179.24
PTB.2019.168.20.42.47,PTB,2019.168.20.42.47,unlabelled,,,,,0,0,0.0,0.0,,,6.300000190734863,-76.14299774169922,23.87,1.5,6.5395,-74.456333,260.0,188.46,262.02
PTB.2019.169.02.43.07,PTB,2019.169.02.43.07,unlabelled,,,,,0,0,0.0,0.0,,,6.9070000648498535,-71.85399627685547,8.51,1.5,6.5395,-74.456333,260.0,290.57,81.81
PTB.2019.169.04.36.47,PTB,2019.169.04.36.47,unlabelled,,,,,0,0,0.0,0.0,,,6.775000095367432,-76.3280029296875,0.0,1.8,6.5395,-74.456333,260.0,208.59,277.28
PTB.2019.169.14.18.27,PTB,2019.169.14.18.27,unlabelled,,,,,0,0,0.0,0.0,,,4.564000129699707,-76.71700286865234,29.92,1.8,6.5395,-74.456333,260.0,332.36,229.02
PTB.2019.170.18.27.57,PTB,2019.170.18.27.57,unlabelled,,,,,0,0,0.0,0.0,,,6.909999847412109,-72.86599731445312,13.46,1.8,6.5395,-74.456333,260.0,180.54,76.79
PTB.2019.171.02.18.25,PTB,2019.171.02.18.25,unlabelled,,,,,0,0,0.0,0.0,,,5.617000102996826,-76.9489974975586,38.9,1.5,6.5395,-74.456333,260.0,294.18,249.85
PTB.2019.171.08.05.05,PTB,2019.171.08.05.05,unlabelled,,,,,0,0,0.0,0.0,,,6.059000015258789,-72.447998046875,12.79,1.5,6.5395,-74.456333,260.0,228.49,103.34
PTB.2019.171.19.11.43,PTB,2019.171.19.11.43,unlabelled,,,,,0,0,0.0,0.0,,,3.940999984741211,-74.08599853515625,17.57,1.6,6.5395,-74.456333,260.0,290.27,171.85
PTB.2019.171.19.39.01,PTB,2019.171.19.39.01,unlabelled,,,,,0,0,0.0,0.0,,,4.550000190734863,-76.41000366210938,23.36,1.9,6.5395,-74.456333,260.0,308.64,224.63
PTB.2019.172.12.58.02,PTB,2019.172.12.58.02,unlabelled,,,,,0,0,0.0,0.0,,,6.872000217437744,-76.39399719238281,-0.01,1.9,6.5395,-74.456333,260.0,217.37,279.85
PTB.2019.173.08.34.52,PTB,2019.173.08.34.52,unlabelled,,,,,0,0,0.0,0.0,,,6.745999813079834,-76.70500183105469,4.43,1.6,6.5395,-74.456333,260.0,249.7,275.38
PTB.2019.173.18.15.44,PTB,2019.173.18.15.44,unlabelled,,,,,0,0,0.0,0.0,,,4.293000221252441,-76.17500305175781,9.59,1.9,6.5395,-74.456333,260.0,313.04,217.56
PTB.2019.174.18.05.07,PTB,2019.174.18.05.07,unlabelled,,,,,0,0,0.0,0.0,,,5.61299991607666,-73.48400115966797,3.41,1.6,6.5395,-74.456333,260.0,148.6,133.54
PTB.2019.174.19.39.27,PTB,2019.174.19.39.27,unlabelled,,,,,0,0,0.0,0.0,,,5.760000228881836,-73.4540023803711,0.11,2.1,6.5395,-74.456333,260.0,140.49,127.79
PTB.2019.175.00.00.00,PTB,2019.175.00.00.00,unlabelled,,,,,0,0,0.0,0.0,,,5.164999961853027,-72.98200225830078,0.0,1.8,6.5395,-74.456333,260.0,223.07,132.87
PTB.2019.175.05.06.39,PTB,2019.175.05.06.39,unlabelled,,,,,0,0,0.0,0.0,,,6.11299991607666,-72.88700103759766,0.0,1.7,6.5395,-74.456333,260.0,179.93,105.11
PTB.2019.176.16.58.11,PTB,2019.176.16.58.11,unlabelled,,,,,0,0,0.0,0.0,,,4.380000114440918,-73.6969985961914,-0.05,1.5,6.5395,-74.456333,260.0,253.2,160.55
PTB.2019.177.06.16.40,PTB,2019.177.06.16.40,unlabelled,,,,,0,0,0.0,0.0,,,3.611999988555908,-74.44200134277344,5.34,1.8,6.5395,-74.456333,260.0,323.74,179.72
PTB.2019.177.11.46.44,PTB,2019.177.11.46.44,unlabelled,,,,,0,0,0.0,0.0,,,4.682000160217285,-76.60099792480469,23.8,1.8,6.5395,-74.456333,260.0,314.08,229.27
PTB.2019.177.17.39.27,PTB,2019.177.17.39.27,unlabelled,,,,,0,0,0.0,0.0,,,6.3470001220703125,-71.97899627685547,4.68,1.9,6.5395,-74.456333,260.0,274.87,94.3
PTB.2019.178.13.55.51,PTB,2019.178.13.55.51,unlabelled,,,,,0,0,0.0,0.0,,,4.453999996185303,-73.6050033569336,29.28,1.5,6.5395,-74.456333,260.0,249.17,157.71
PTB.2019.178.17.34.00,PTB,2019.178.17.34.00,unlabelled,,,,,0,0,0.0,0.0,,,4.576000213623047,-76.16600036621094,0.91,1.6,6.5395,-74.456333,260.0,288.14,221.19
PTB.2019.178.20.54.17,PTB,2019.178.20.54.17,unlabelled,,,,,0,0,0.0,0.0,,,3.690999984741211,-73.9729995727539,2.21,1.6,6.5395,-74.456333,260.0,319.52,170.32
PTB.2019.179.03.41.07,PTB,2019.179.03.41.07,unlabelled,,,,,0,0,0.0,0.0,,,6.808000087738037,-76.17900085449219,0.02,1.8,6.5395,-74.456333,260.0,192.78,278.96
PTB.2019.179.04.43.21,PTB,2019.179.04.43.21,unlabelled,,,,,0,0,0.0,0.0,,,7.01800012588501,-72.24800109863281,4.19,1.8,6.5395,-74.456333,260.0,249.79,77.64
PTB.2019.180.01.49.37,PTB,2019.180.01.49.37,unlabelled,,,,,0,0,0.0,0.0,,,3.5829999446868896,-74.39199829101562,4.15,1.5,6.5395,-74.456333,260.0,327.02,178.75
PTB.2019.180.07.06.59,PTB,2019.180.07.06.59,unlabelled,,,,,0,0,0.0,0.0,,,7.285999774932861,-77.04399871826172,4.6,1.7,6.5395,-74.456333,260.0,297.65,286.26
PTB.2019.180.12.14.28,PTB,2019.180.12.14.28,unlabelled,,,,,0,0,0.0,0.0,,,7.09499979019165,-72.26399993896484,3.29,1.9,6.5395,-74.456333,260.0,250.0,75.65
PTB.2019.180.16.51.30,PTB,2019.180.16.51.30,unlabelled,,,,,0,0,0.0,0.0,,,7.2779998779296875,-76.03199768066406,0.0,1.7,6.5395,-74.456333,260.0,192.34,295.22
PTB.2019.182.17.23.59,PTB,2019.182.17.23.59,unlabelled,,,,,0,0,0.0,0.0,,,3.6449999809265137,-74.14900207519531,1.35,2.4,6.5395,-74.456333,260.0,321.89,173.91
PTB.2019.183.07.21.29,PTB,2019.183.07.21.29,unlabelled,,,,,0,0,0.0,0.0,,,4.624000072479248,-75.51399993896484,1.25,1.5,6.5395,-74.456333,260.0,242.08,209.01
PTB.2019.183.22.22.51,PTB,2019.183.22.22.51,unlabelled,,,,,0,0,0.0,0.0,,,4.368000030517578,-75.30400085449219,7.78,1.5,6.5395,-74.456333,260.0,257.85,201.41
PTB.2019.184.15.26.44,PTB,2019.184.15.26.44,unlabelled,,,,,0,0,0.0,0.0,,,7.209000110626221,-73.0199966430664,17.27,1.6,6.5395,-74.456333,260.0,175.17,64.91
PTB.2019.185.04.30.01,PTB,2019.185.04.30.01,unlabelled,,,,,0,0,0.0,0.0,,,3.6470000743865967,-74.13300323486328,9.88,1.6,6.5395,-74.456333,260.0,321.86,173.59
PTB.2019.185.05.07.55,PTB,2019.185.05.07.55,unlabelled,,,,,0,0,0.0,0.0,,,6.840000152587891,-76.63600158691406,1.64,1.6,6.5395,-74.456333,260.0,243.28,277.98
PTB.2019.186.04.47.34,PTB,2019.186.04.47.34,unlabelled,,,,,0,0,0.0,0.0,,,4.35699987411499,-76.19000244140625,4.16,1.7,6.5395,-74.456333,260.0,308.48,218.61
PTB.2019.186.16.23.54,PTB,2019.186.16.23.54,unlabelled,,,,,0,0,0.0,0.0,,,7.607999801635742,-77.16899871826172,19.18,1.7,6.5395,-74.456333,260.0,322.14,291.68
PTB.2019.187.14.05.56,PTB,2019.187.14.05.56,unlabelled,,,,,0,0,0.0,0.0,,,6.506999969482422,-73.16999816894531,34.0,1.8,6.5395,-74.456333,260.0,142.32,91.37
PTB.2019.187.14.33.37,PTB,2019.187.14.33.37,unlabelled,,,,,0,0,0.0,0.0,,,6.933000087738037,-76.22699737548828,-0.08,1.6,6.5395,-74.456333,260.0,200.54,282.64
PTB.2019.187.22.20.02,PTB,2019.187.22.20.02,unlabelled,,,,,0,0,0.0,0.0,,,5.1519999504089355,-73.02999877929688,3.57,1.8,6.5395,-74.456333,260.0,220.21,134.09
PTB.2019.188.01.45.13,PTB,2019.188.01.45.13,unlabelled,,,,,0,0,0.0,0.0,,,6.665999889373779,-77.01100158691406,26.74,2.7,6.5395,-74.456333,260.0,282.86,272.98
PTB.2019.188.04.01.43,PTB,2019.188.04.01.43,unlabelled,,,,,0,0,0.0,0.0,,,7.050000190734863,-77.15799713134766,8.19,1.9,6.5395,-74.456333,260.0,303.94,280.86
PTB.2019.188.08.31.58,PTB,2019.188.08.31.58,unlabelled,,,,,0,0,0.0,0.0,,,4.377999782562256,-76.0009994506836,22.7,1.6,6.5395,-74.456333,260.0,293.99,215.68
PTB.2019.188.20.13.22,PTB,2019.188.20.13.22,unlabelled,,,,,0,0,0.0,0.0,,,3.805000066757202,-73.62899780273438,11.54,1.6,6.5395,-74.456333,260.0,315.99,163.09
PTB.2019.189.10.10.57,PTB,2019.189.10.10.57,unlabelled,,,,,0,0,0.0,0.0,,,5.304999828338623,-72.80400085449219,0.0,2.1,6.5395,-74.456333,260.0,228.28,126.64
PTB.2019.190.03.25.29,PTB,2019.190.03.25.29,unlabelled,,,,,0,0,0.0,0.0,,,7.702000141143799,-73.23799896240234,9.78,2.3,6.5395,-74.456333,260.0,186.12,46.24
PTB.2019.190.08.57.29,PTB,2019.190.08.57.29,unlabelled,,,,,0,0,0.0,0.0,,,7.201000213623047,-77.31300354003906,31.92,1.6,6.5395,-74.456333,260.0,324.1,283.21
PTB.2019.190.10.38.18,PTB,2019.190.10.38.18,unlabelled,,,,,0,0,0.0,0.0,,,5.2870001792907715,-72.7760009765625,0.02,1.7,6.5395,-74.456333,260.0,231.96,126.58
PTB.2019.191.01.32.56,PTB,2019.191.01.32.56,unlabelled,,,,,0,0,0.0,0.0,,,6.854000091552734,-76.83799743652344,11.07,1.6,6.5395,-74.456333,260.0,265.62,277.66
PTB.2019.192.06.50.09,PTB,2019.192.06.50.09,unlabelled,,,,,0,0,0.0,0.0,,,4.406000137329102,-73.74600219726562,3.32,2.0,6.5395,-74.456333,260.0,248.72,161.51
PTB.2019.192.09.48.21,PTB,2019.192.09.48.21,unlabelled,,,,,0,0,0.0,0.0,,,6.175000190734863,-72.38300323486328,17.62,1.6,6.5395,-74.456333,260.0,232.91,99.85
PTB.2019.192.10.32.55,PTB,2019.192.10.32.55,unlabelled,,,,,0,0,0.0,0.0,,,4.363999843597412,-73.71600341796875,6.11,2.0,6.5395,-74.456333,260.0,254.18,161.13
PTB.2019.192.23.18.37,PTB,2019.192.23.18.37,unlabelled,,,,,0,0,0.0,0.0,,,4.309000015258789,-73.87300109863281,0.0,1.9,6.5395,-74.456333,260.0,254.99,165.28
PTB.2019.193.06.09.08,PTB,2019.193.06.09.08,unlabelled,,,,,0,0,0.0,0.0,,,3.5959999561309814,-74.4280014038086,18.66,1.5,6.5395,-74.456333,260.0,325.52,179.45
PTB.2019.193.18.28.02,PTB,2019.193.18.28.02,unlabelled,,,,,0,0,0.0,0.0,,,4.298999786376953,-73.84200286865234,0.0,1.7,6.5395,-74.456333,260.0,256.95,164.6
PTB.2019.194.05.05.18,PTB,2019.194.05.05.18,unlabelled,,,,,0,0,0.0,0.0,,,6.915999889373779,-76.65399932861328,0.0,2.0,6.5395,-74.456333,260.0,246.51,279.85
PTB.2019.194.10.07.07,PTB,2019.194.10.07.07,unlabelled,,,,,0,0,0.0,0.0,,,6.859000205993652,-76.82099914550781,10.34,1.9,6.5395,-74.456333,260.0,263.82,277.83
PTB.2019.197.18.24.07,PTB,2019.197.18.24.07,unlabelled,,,,,0,0,0.0,0.0,,,7.063000202178955,-76.5459976196289,3.78,1.6,6.5395,-74.456333,260.0,238.14,284.19
PTB.2019.198.23.10.07,PTB,2019.198.23.10.07,unlabelled,,,,,0,0,0.0,0.0,,,6.4679999351501465,-71.83599853515625,-0.03,1.8,6.5395,-74.456333,260.0,289.94,91.41
PTB.2019.199.02.33.09,PTB,2019.199.02.33.09,unlabelled,,,,,0,0,0.0,0.0,,,7.2210001945495605,-76.85600280761719,24.33,3.0,6.5395,-74.456333,260.0,275.72,286.01
PTB.2019.199.06.45.03,PTB,2019.199.06.45.03,unlabelled,,,,,0,0,0.0,0.0,,,7.484000205993652,-72.84700012207031,0.31,1.6,6.5395,-74.456333,260.0,206.23,59.47
PTB.2019.200.16.17.02,PTB,2019.200.16.17.02,unlabelled,,,,,0,0,0.0,0.0,,,6.489999771118164,-76.29900360107422,1.23,1.5,6.5395,-74.456333,260.0,203.88,268.57
PTB.2019.201.08.01.25,PTB,2019.201.08.01.25,unlabelled,,,,,0,0,0.0,0.0,,,6.663000106811523,-76.73799896240234,13.16,2.0,6.5395,-74.456333,260.0,252.69,273.23
PTB.2019.202.04.36.16,PTB,2019.202.04.36.16,unlabelled,,,,,0,0,0.0,0.0,,,6.809000015258789,-76.14099884033203,-0.05,1.7,6.5395,-74.456333,260.0,188.64,279.19
PTB.2019.202.08.18.12,PTB,2019.202.08.18.12,unlabelled,,,,,0,0,0.0,0.0,,,6.623000144958496,-73.27200317382812,30.28,1.5,6.5395,-74.456333,260.0,131.3,85.9
PTB.2019.202.16.45.23,PTB,2019.202.16.45.23,unlabelled,,,,,0,0,0.0,0.0,,,4.375,-73.76200103759766,11.52,1.5,6.5395,-74.456333,260.0,251.42,162.15
PTB.2019.203.02.30.21,PTB,2019.203.02.30.21,unlabelled,,,,,0,0,0.0,0.0,,,5.619999885559082,-77.03199768066406,15.88,2.1,6.5395,-74.456333,260.0,302.71,250.51
PTB.2019.204.18.46.19,PTB,2019.204.18.46.19,unlabelled,,,,,0,0,0.0,0.0,,,4.435999870300293,-73.23899841308594,0.0,1.5,6.5395,-74.456333,260.0,268.89,149.83
PTB.2019.205.00.37.20,PTB,2019.205.00.37.20,unlabelled,,,,,0,0,0.0,0.0,,,6.474999904632568,-72.83799743652344,4.17,2.2,6.5395,-74.456333,260.0,179.14,92.19
PTB.2019.206.11.02.03,PTB,2019.206.11.02.03,unlabelled,,,,,0,0,0.0,0.0,,,6.702000141143799,-76.80899810791016,24.59,1.6,6.5395,-74.456333,260.0,260.78,274.09
PTB.2019.207.03.38.13,PTB,2019.207.03.38.13,unlabelled,,,,,0,0,0.0,0.0,,,6.936999797821045,-76.177001953125,-0.2,1.9,6.5395,-74.456333,260.0,195.24,283.11
PTB.2019.208.07.04.33,PTB,2019.208.07.04.33,unlabelled,,,,,0,0,0.0,0.0,,,6.888000011444092,-76.16600036621094,-0.11,1.5,6.5395,-74.456333,260.0,192.91,281.62
PTB.2019.208.09.37.07,PTB,2019.208.09.37.07,unlabelled,,,,,0,0,0.0,0.0,,,7.099999904632568,-75.9530029296875,3.71,1.8,6.5395,-74.456333,260.0,176.67,290.63
PTB.2019.209.02.14.24,PTB,2019.209.02.14.24,unlabelled,,,,,0,0,0.0,0.0,,,5.546999931335449,-72.58999633789062,0.0,1.9,6.5395,-74.456333,260.0,233.95,117.88
PTB.2019.210.20.23.27,PTB,2019.210.20.23.27,unlabelled,,,,,0,0,0.0,0.0,,,6.959000110626221,-72.11499786376953,-0.02,1.7,6.5395,-74.456333,260.0,262.97,79.7
PTB.2019.211.07.25.29,PTB,2019.211.07.25.29,unlabelled,,,,,0,0,0.0,0.0,,,6.763999938964844,-76.73400115966797,18.16,2.3,6.5395,-74.456333,260.0,253.07,275.76
PTB.2019.212.01.36.05,PTB,2019.212.01.36.05,unlabelled,,,,,0,0,0.0,0.0,,,7.0289998054504395,-76.65299987792969,0.0,1.8,6.5395,-74.456333,260.0,248.79,282.7
PTB.2019.212.02.07.09,PTB,2019.212.02.07.09,unlabelled,,,,,0,0,0.0,0.0,,,6.795000076293945,-76.75800323486328,23.09,2.8,6.5395,-74.456333,260.0,256.06,276.47
PTB.2019.212.04.02.36,PTB,2019.212.04.02.36,unlabelled,,,,,0,0,0.0,0.0,,,6.895999908447266,-76.177001953125,-0.06,1.5,6.5395,-74.456333,260.0,194.28,281.81
PTB.2019.212.10.58.40,PTB,2019.212.10.58.40,unlabelled,,,,,0,0,0.0,0.0,,,7.093999862670898,-76.3290023803711,0.0,1.6,6.5395,-74.456333,260.0,215.89,286.61
PTB.2019.212.16.19.53,PTB,2019.212.16.19.53,unlabelled,,,,,0,0,0.0,0.0,,,7.144999980926514,-76.21299743652344,15.8,1.8,6.5395,-74.456333,260.0,205.39,289.13
PTB.2019.212.16.20.44,PTB,2019.212.16.20.44,unlabelled,,,,,0,0,0.0,0.0,,,5.300000190734863,-76.36199951171875,26.55,2.4,6.5395,-74.456333,260.0,251.62,237.09
PTB.2019.214.05.57.01,PTB,2019.214.05.57.01,unlabelled,,,,,0,0,0.0,0.0,,,6.824999809265137,-76.8499984741211,12.9,1.5,6.5395,-74.456333,260.0,266.54,276.94
PTB.2019.214.12.39.43,PTB,2019.214.12.39.43,unlabelled,,,,,0,0,0.0,0.0,,,4.074999809265137,-75.70600128173828,4.95,1.6,6.5395,-74.456333,260.0,305.71,207.0
PTB.2019.214.14.30.25,PTB,2019.214.14.30.25,unlabelled,,,,,0,0,0.0,0.0,,,4.609000205993652,-76.63700103759766,37.94,1.7,6.5395,-74.456333,260.0,322.41,228.65
PTB.2019.214.18.21.32,PTB,2019.214.18.21.32,unlabelled,,,,,0,0,0.0,0.0,,,7.039000034332275,-76.19499969482422,11.42,1.6,6.5395,-74.456333,260.0,199.98,286.14
PTB.2019.214.20.31.21,PTB,2019.214.20.31.21,unlabelled,,,,,0,0,0.0,0.0,,,6.98199987411499,-76.26000213623047,15.48,1.8,6.5395,-74.456333,260.0,205.31,283.89
PTB.2019.214.21.16.49,PTB,2019.214.21.16.49,unlabelled,,,,,0,0,0.0,0.0,,,4.519000053405762,-74.41100311279297,0.0,1.5,6.5395,-74.456333,260.0,223.49,178.71
PTB.2019.214.23.04.52,PTB,2019.214.23.04.52,unlabelled,,,,,0,0,0.0,0.0,,,7.683000087738037,-72.3740005493164,4.45,2.2,6.5395,-74.456333,260.0,262.5,61.07
PTB.2019.215.05.58.50,PTB,2019.215.05.58.50,unlabelled,,,,,0,0,0.0,0.0,,,5.372000217437744,-72.8949966430664,3.69,1.6,6.5395,-74.456333,260.0,215.76,126.67
PTB.2019.215.09.15.37,PTB,2019.215.09.15.37,unlabelled,,,,,0,0,0.0,0.0,,,7.519999980926514,-72.79199981689453,16.26,1.5,6.5395,-74.456333,260.0,213.48,59.37
PTB.2019.215.10.42.05,PTB,2019.215.10.42.05,unlabelled,,,,,0,0,0.0,0.0,,,7.140999794006348,-76.59100341796875,14.84,1.5,6.5395,-74.456333,260.0,245.15,285.87
PTB.2019.215.10.59.25,PTB,2019.215.10.59.25,unlabelled,,,,,0,0,0.0,0.0,,,7.669000148773193,-72.44100189208984,0.07,1.9,6.5395,-74.456333,260.0,255.28,60.58
PTB.2019.215.20.12.11,PTB,2019.215.20.12.11,unlabelled,,,,,0,0,0.0,0.0,,,5.381999969482422,-72.92500305175781,0.0,1.8,6.5395,-74.456333,260.0,212.44,126.97
PTB.2019.215.20.20.34,PTB,2019.215.20.20.34,unlabelled,,,,,0,0,0.0,0.0,,,6.196000099182129,-76.33000183105469,23.26,1.5,6.5395,-74.456333,260.0,210.75,259.72
PTB.2019.215.21.10.45,PTB,2019.215.21.10.45,unlabelled,,,,,0,0,0.0,0.0,,,7.553999900817871,-72.40799713134766,3.52,2.2,6.5395,-74.456333,260.0,252.59,63.51
PTB.2019.216.21.05.49,PTB,2019.216.21.05.49,unlabelled,,,,,0,0,0.0,0.0,,,5.296000003814697,-74.54199981689453,10.36,1.7,6.5395,-74.456333,260.0,137.84,183.95
PTB.2019.217.01.50.13,PTB,2019.217.01.50.13,unlabelled,,,,,0,0,0.0,0.0,,,6.126999855041504,-72.44599914550781,4.5,2.0,6.5395,-74.456333,260.0,227.06,101.48
PTB.2019.217.09.53.33,PTB,2019.217.09.53.33,unlabelled,,,,,0,0,0.0,0.0,,,6.834000110626221,-76.35600280761719,10.98,1.5,6.5395,-74.456333,260.0,212.55,278.92
PTB.2019.218.08.40.39,PTB,2019.218.08.40.39,unlabelled,,,,,0,0,0.0,0.0,,,5.448999881744385,-72.86199951171875,0.0,1.8,6.5395,-74.456333,260.0,213.78,124.26
PTB.2019.218.22.31.09,PTB,2019.218.22.31.09,unlabelled,,,,,0,0,0.0,0.0,,,5.4679999351501465,-75.90499877929688,20.9,1.5,6.5395,-74.456333,260.0,199.41,233.62
PTB.2019.219.17.10.11,PTB,2019.219.17.10.11,unlabelled,,,,,0,0,0.0,0.0,,,7.071000099182129,-76.21800231933594,12.04,1.5,6.5395,-74.456333,260.0,203.41,286.9
PTB.2019.220.01.20.47,PTB,2019.220.01.20.47,unlabelled,,,,,0,0,0.0,0.0,,,5.586999893188477,-76.6760025024414,15.65,2.2,6.5395,-74.456333,260.0,267.34,246.92
PTB.2019.220.01.52.48,PTB,2019.220.01.52.48,unlabelled,,,,,0,0,0.0,0.0,,,7.056000232696533,-76.33100128173828,30.0,1.8,6.5395,-74.456333,260.0,214.96,285.52
PTB.2019.220.18.59.39,PTB,2019.220.18.59.39,unlabelled,,,,,0,0,0.0,0.0,,,7.708000183105469,-72.9229965209961,4.4,1.9,6.5395,-74.456333,260.0,213.05,52.57
PTB.2019.220.22.48.00,PTB,2019.220.22.48.00,unlabelled,,,,,0,0,0.0,0.0,,,7.248000144958496,-72.31600189208984,0.25,1.8,6.5395,-74.456333,260.0,249.19,71.55
PTB.2019.221.03.06.48,PTB,2019.221.03.06.48,unlabelled,,,,,0,0,0.0,0.0,,,7.255000114440918,-76.20899963378906,-0.01,1.6,6.5395,-74.456333,260.0,209.24,292.32
PTB.2019.221.08.25.28,PTB,2019.221.08.25.28,unlabelled,,,,,0,0,0.0,0.0,,,7.168000221252441,-76.73600006103516,4.11,1.5,6.5395,-74.456333,260.0,261.38,285.56
PTB.2019.222.02.20.42,PTB,2019.222.02.20.42,unlabelled,,,,,0,0,0.0,0.0,,,3.575000047683716,-74.48100280761719,17.94,1.6,6.5395,-74.456333,260.0,327.84,180.48
PTB.2019.222.03.40.09,PTB,2019.222.03.40.09,unlabelled,,,,,0,0,0.0,0.0,,,6.807000160217285,-72.20500183105469,0.0,2.0,6.5395,-74.456333,260.0,250.68,83.09
PTB.2019.222.05.38.54,PTB,2019.222.05.38.54,unlabelled,,,,,0,0,0.0,0.0,,,6.076000213623047,-76.66999816894531,36.91,1.7,6.5395,-74.456333,260.0,250.25,258.3
PTB.2019.222.08.12.30,PTB,2019.222.08.12.30,unlabelled,,,,,0,0,0.0,0.0,,,6.881999969482422,-76.67500305175781,0.0,1.6,6.5395,-74.456333,260.0,248.21,278.91
PTB.2019.222.09.11.20,PTB,2019.222.09.11.20,unlabelled,,,,,0,0,0.0,0.0,,,5.922999858856201,-72.4219970703125,1.44,1.8,6.5395,-74.456333,260.0,235.23,106.74
PTB.2019.222.15.43.33,PTB,2019.222.15.43.33,unlabelled,,,,,0,0,0.0,0.0,,,6.8480000495910645,-76.2020034790039,11.02,1.8,6.5395,-74.456333,260.0,196.0,280.13
PTB.2019.223.03.37.19,PTB,2019.223.03.37.19,unlabelled,,,,,0,0,0.0,0.0,,,6.913000106811523,-76.10099792480469,3.49,1.5,6.5395,-74.456333,260.0,186.46,282.89
PTB.2019.224.05.52.21,PTB,2019.224.05.52.21,unlabelled,,,,,0,0,0.0,0.0,,,4.603000164031982,-75.86699676513672,3.56,1.7,6.5395,-74.456333,260.0,265.11,216.2
PTB.2019.224.07.27.29,PTB,2019.224.07.27.29,unlabelled,,,,,0,0,0.0,0.0,,,3.867000102996826,-73.53099822998047,3.43,1.7,6.5395,-74.456333,260.0,312.83,160.81
PTB.2019.225.08.20.49,PTB,2019.225.08.20.49,unlabelled,,,,,0,0,0.0,0.0,,,7.074999809265137,-76.1259994506836,-0.05,1.6,6.5395,-74.456333,260.0,193.83,287.89
PTB.2019.225.08.26.19,PTB,2019.225.08.26.19,unlabelled,,,,,0,0,0.0,0.0,,,3.625999927520752,-74.07499694824219,18.09,2.4,6.5395,-74.456333,260.0,324.95,172.51
PTB.2019.225.21.26.51,PTB,2019.225.21.26.51,unlabelled,,,,,0,0,0.0,0.0,,,5.288000106811523,-74.48400115966797,0.93,1.9,6.5395,-74.456333,260.0,138.43,181.27
PTB.2019.226.03.15.13,PTB,2019.226.03.15.13,unlabelled,,,,,0,0,0.0,0.0,,,5.690000057220459,-73.96399688720703,8.82,2.0,6.5395,-74.456333,260.0,108.61,149.86
PTB.2019.226.04.48.05,PTB,2019.226.04.48.05,unlabelled,,,,,0,0,0.0,0.0,,,7.184999942779541,-77.09500122070312,31.05,2.0,6.5395,-74.456333,260.0,300.25,283.91
PTB.2019.226.11.15.19,PTB,2019.226.11.15.19,unlabelled,,,,,0,0,0.0,0.0,,,3.5920000076293945,-74.42400360107422,22.77,2.0,6.5395,-74.456333,260.0,325.96,179.37
PTB.2019.227.06.45.13,PTB,2019.227.06.45.13,unlabelled,,,,,0,0,0.0,0.0,,,5.263000011444092,-76.86000061035156,23.11,1.9,6.5395,-74.456333,260.0,301.28,242.19
PTB.2019.227.09.53.59,PTB,2019.227.09.53.59,unlabelled,,,,,0,0,0.0,0.0,,,6.8429999351501465,-76.12999725341797,0.0,1.9,6.5395,-74.456333,260.0,188.07,280.38
PTB.2019.227.10.10.08,PTB,2019.227.10.10.08,unlabelled,,,,,0,0,0.0,0.0,,,6.035999774932861,-76.73500061035156,31.09,1.7,6.5395,-74.456333,260.0,258.22,257.67
PTB.2019.227.11.47.00,PTB,2019.227.11.47.00,unlabelled,,,,,0,0,0.0,0.0,,,6.906000137329102,-76.25599670410156,-0.07,1.7,6.5395,-74.456333,260.0,203.06,281.62
PTB.2019.227.11.54.38,PTB,2019.227.11.54.38,unlabelled,,,,,0,0,0.0,0.0,,,6.915999889373779,-76.25800323486328,-0.01,3.4,6.5395,-74.456333,260.0,203.49,281.91
PTB.2019.228.03.17.02,PTB,2019.228.03.17.02,unlabelled,,,,,0,0,0.0,0.0,,,4.520999908447266,-76.18800354003906,6.72,1.5,6.5395,-74.456333,260.0,294.34,220.77
PTB.2019.228.16.00.21,PTB,2019.228.16.00.21,unlabelled,,,,,0,0,0.0,0.0,,,7.333000183105469,-76.97899627685547,23.57,2.3,6.5395,-74.456333,260.0,292.26,287.62
PTB.2019.228.18.30.44,PTB,2019.228.18.30.44,unlabelled,,,,,0,0,0.0,0.0,,,6.73199987411499,-76.70700073242188,13.63,2.3,6.5395,-74.456333,260.0,249.78,275.02
PTB.2019.228.20.41.53,PTB,2019.228.20.41.53,unlabelled,,,,,0,0,0.0,0.0,,,6.7179999351501465,-76.7229995727539,13.79,2.0,6.5395,-74.456333,260.0,251.42,274.63
PTB.2019.228.21.37.48,PTB,2019.228.21.37.48,unlabelled,,,,,0,0,0.0,0.0,,,6.077000141143799,-76.79199981689453,14.56,1.8,6.5395,-74.456333,260.0,263.45,258.94
PTB.2019.229.07.33.22,PTB,2019.229.07.33.22,unlabelled,,,,,0,0,0.0,0.0,,,6.375999927520752,-77.11699676513672,20.0,2.4,6.5395,-74.456333,260.0,294.87,266.63
PTB.2019.229.13.56.15,PTB,2019.229.13.56.15,unlabelled,,,,,0,0,0.0,0.0,,,3.7190001010894775,-74.96099853515625,15.0,1.9,6.5395,-74.456333,260.0,316.88,190.19
PTB.2019.230.02.06.49,PTB,2019.230.02.06.49,unlabelled,,,,,0,0,0.0,0.0,,,4.757999897003174,-72.65399932861328,16.41,1.9,6.5395,-74.456333,260.0,280.49,134.52
PTB.2019.230.05.03.06,PTB,2019.230.05.03.06,unlabelled,,,,,0,0,0.0,0.0,,,7.5960001945495605,-72.11799621582031,0.0,1.6,6.5395,-74.456333,260.0,283.53,65.52
PTB.2019.230.18.14.11,PTB,2019.230.18.14.11,unlabelled,,,,,0,0,0.0,0.0,,,6.89900016784668,-76.83599853515625,21.19,1.5,6.5395,-74.456333,260.0,266.08,278.73
PTB.2019.231.18.19.29,PTB,2019.231.18.19.29,unlabelled,,,,,0,0,0.0,0.0,,,6.900000095367432,-76.625,1.89,1.8,6.5395,-74.456333,260.0,243.06,279.57
PTB.2019.232.12.28.50,PTB,2019.232.12.28.50,unlabelled,,,,,0,0,0.0,0.0,,,6.864999771118164,-76.61599731445312,3.78,1.7,6.5395,-74.456333,260.0,241.48,278.7
PTB.2019.233.14.58.46,PTB,2019.233.14.58.46,unlabelled,,,,,0,0,0.0,0.0,,,3.921999931335449,-74.98799896240234,4.17,1.6,6.5395,-74.456333,260.0,295.39,191.53
PTB.2019.234.02.04.29,PTB,2019.234.02.04.29,unlabelled,,,,,0,0,0.0,0.0,,,4.642000198364258,-73.48999786376953,0.0,1.6,6.5395,-74.456333,260.0,235.57,152.92
PTB.2019.234.04.54.27,PTB,2019.234.04.54.27,unlabelled,,,,,0,0,0.0,0.0,,,6.627999782562256,-76.72100067138672,17.44,1.8,6.5395,-74.456333,260.0,250.64,272.37
PTB.2019.234.06.43.53,PTB,2019.234.06.43.53,unlabelled,,,,,0,0,0.0,0.0,,,3.825000047683716,-74.10800170898438,0.0,1.8,6.5395,-74.456333,260.0,302.65,172.65
PTB.2019.234.20.05.23,PTB,2019.234.20.05.23,unlabelled,,,,,0,0,0.0,0.0,,,7.166999816894531,-76.29199981689453,0.01,1.8,6.5395,-74.456333,260.0,214.43,288.99
PTB.2019.236.07.23.05,PTB,2019.236.07.23.05,unlabelled,,,,,0,0,0.0,0.0,,,6.672999858856201,-76.87200164794922,27.06,1.8,6.5395,-74.456333,260.0,267.54,273.3
PTB.2019.236.20.39.21,PTB,2019.236.20.39.21,unlabelled,,,,,0,0,0.0,0.0,,,7.264999866485596,-72.32499694824219,0.0,2.3,6.5395,-74.456333,260.0,248.84,71.06
PTB.2019.236.20.39.22,PTB,2019.236.20.39.22,unlabelled,,,,,0,0,0.0,0.0,,,7.23199987411499,-72.31199645996094,0.0,2.3,6.5395,-74.456333,260.0,249.06,71.97
PTB.2019.236.20.51.31,PTB,2019.236.20.51.31,unlabelled,,,,,0,0,0.0,0.0,,,4.692999839782715,-75.63899993896484,10.11,1.5,6.5395,-74.456333,260.0,242.61,212.75
PTB.2019.236.20.51.32,PTB,2019.236.20.51.32,unlabelled,,,,,0,0,0.0,0.0,,,4.675000190734863,-75.64299774169922,3.78,1.5,6.5395,-74.456333,260.0,244.53,212.58
PTB.2019.237.18.06.45,PTB,2019.237.18.06.45,unlabelled,,,,,0,0,0.0,0.0,,,7.1579999923706055,-72.18800354003906,3.98,2.2,6.5395,-74.456333,260.0,259.88,74.61
PTB.2019.237.18.50.44,PTB,2019.237.18.50.44,unlabelled,,,,,0,0,0.0,0.0,,,7.123000144958496,-76.0999984741211,-0.06,1.6,6.5395,-74.456333,260.0,192.8,289.65
PTB.2019.238.01.45.13,PTB,2019.238.01.45.13,unlabelled,,,,,0,0,0.0,0.0,,,6.869999885559082,-76.16200256347656,0.09,1.7,6.5395,-74.456333,260.0,192.09,281.07
PTB.2019.238.12.39.46,PTB,2019.238.12.39.46,unlabelled,,,,,0,0,0.0,0.0,,,3.99399995803833,-74.09500122070312,9.84,1.7,6.5395,-74.456333,260.0,284.33,171.88
PTB.2019.239.07.08.09,PTB,2019.239.07.08.09,unlabelled,,,,,0,0,0.0,0.0,,,6.10699987411499,-72.41899871826172,0.06,2.3,6.5395,-74.456333,260.0,230.44,101.87
PTB.2019.239.07.38.56,PTB,2019.239.07.38.56,unlabelled,,,,,0,0,0.0,0.0,,,7.048999786376953,-72.01000213623047,0.0,1.8,6.5395,-74.456333,260.0,276.23,78.09
PTB.2019.239.12.26.09,PTB,2019.239.12.26.09,unlabelled,,,,,0,0,0.0,0.0,,,7.2789998054504395,-77.12200164794922,17.89,3.2,6.5395,-74.456333,260.0,305.74,285.67
PTB.2019.240.01.07.42,PTB,2019.240.01.07.42,unlabelled,,,,,0,0,0.0,0.0,,,3.8269999027252197,-73.51399993896484,7.11,2.0,6.5395,-74.456333,260.0,317.63,160.75
PTB.2019.240.16.35.45,PTB,2019.240.16.35.45,unlabelled,,,,,0,0,0.0,0.0,,,6.991000175476074,-72.03199768066406,12.78,2.2,6.5395,-74.456333,260.0,272.62,79.31
PTB.2019.241.03.26.47,PTB,2019.241.03.26.47,unlabelled,,,,,0,0,0.0,0.0,,,6.9029998779296875,-76.77400207519531,18.84,1.5,6.5395,-74.456333,260.0,259.37,279.05
PTB.2019.241.07.11.29,PTB,2019.241.07.11.29,unlabelled,,,,,0,0,0.0,0.0,,,3.992000102996826,-74.0530014038086,11.22,1.7,6.5395,-74.456333,260.0,285.24,170.96
PTB.2019.242.00.48.06,PTB,2019.242.00.48.06,unlabelled,,,,,0,0,0.0,0.0,,,5.554999828338623,-76.85800170898438,19.3,1.8,6.5395,-74.456333,260.0,287.3,247.86
PTB.2019.243.03.39.47,PTB,2019.243.03.39.47,unlabelled,,,,,0,0,0.0,0.0,,,5.890999794006348,-76.48400115966797,22.92,1.9,6.5395,-74.456333,260.0,235.58,252.39
PTB.2019.243.14.41.59,PTB,2019.243.14.41.59,unlabelled,,,,,0,0,0.0,0.0,,,4.164999961853027,-73.56700134277344,6.11,2.2,6.5395,-74.456333,260.0,280.47,159.38
PTB.2019.243.17.47.57,PTB,2019.243.17.47.57,unlabelled,,,,,0,0,0.0,0.0,,,6.50600004196167,-71.9489974975586,0.0,2.3,6.5395,-74.456333,260.0,277.34,90.62
PTB.2019.244.13.42.10,PTB,2019.244.13.42.10,unlabelled,,,,,0,0,0.0,0.0,,,6.8429999351501465,-76.61900329589844,0.0,1.6,6.5395,-74.456333,260.0,241.46,278.12
PTB.2019.244.15.28.36,PTB,2019.244.15.28.36,unlabelled,,,,,0,0,0.0,0.0,,,5.053999900817871,-72.88300323486328,2.26,2.4,6.5395,-74.456333,260.0,239.48,133.23
PTB.2019.244.15.41.03,PTB,2019.244.15.41.03,unlabelled,,,,,0,0,0.0,0.0,,,6.855999946594238,-76.59300231933594,0.0,1.6,6.5395,-74.456333,260.0,238.82,278.55
PTB.2019.245.15.44.24,PTB,2019.245.15.44.24,unlabelled,,,,,0,0,0.0,0.0,,,7.078000068664551,-72.35199737548828,0.0,1.9,6.5395,-74.456333,260.0,240.11,75.52
PTB.2019.246.01.43.12,PTB,2019.246.01.43.12,unlabelled,,,,,0,0,0.0,0.0,,,4.7820000648498535,-74.80000305175781,12.02,1.5,6.5395,-74.456333,260.0,198.05,191.1
PTB.2019.246.07.52.37,PTB,2019.246.07.52.37,unlabelled,,,,,0,0,0.0,0.0,,,6.671999931335449,-76.72799682617188,18.3,1.6,6.5395,-74.456333,260.0,251.64,273.47
PTB.2019.247.04.49.39,PTB,2019.247.04.49.39,unlabelled,,,,,0,0,0.0,0.0,,,6.991000175476074,-76.31099700927734,22.22,1.5,6.5395,-74.456333,260.0,211.02,283.79
PTB.2019.247.23.06.19,PTB,2019.247.23.06.19,unlabelled,,,,,0,0,0.0,0.0,,,6.486999988555908,-76.88200378417969,20.28,2.0,6.5395,-74.456333,260.0,268.36,268.9
PTB.2019.248.10.43.25,PTB,2019.248.10.43.25,unlabelled,,,,,0,0,0.0,0.0,,,7.033999919891357,-76.1709976196289,23.83,1.5,6.5395,-74.456333,260.0,197.28,286.19
PTB.2019.248.20.16.14,PTB,2019.248.20.16.14,unlabelled,,,,,0,0,0.0,0.0,,,6.754000186920166,-76.74199676513672,2.71,2.1,6.5395,-74.456333,260.0,253.85,275.49
PTB.2019.248.21.37.09,PTB,2019.248.21.37.09,unlabelled,,,,,0,0,0.0,0.0,,,6.913000106811523,-76.28600311279297,-0.05,1.7,6.5395,-74.456333,260.0,206.46,281.65
PTB.2019.249.07.44.12,PTB,2019.249.07.44.12,unlabelled,,,,,0,0,0.0,0.0,,,6.789999961853027,-76.74500274658203,12.94,1.9,6.5395,-74.456333,260.0,254.57,276.38
PTB.2019.249.13.07.05,PTB,2019.249.13.07.05,unlabelled,,,,,0,0,0.0,0.0,,,7.11299991607666,-76.2509994506836,20.49,1.6,6.5395,-74.456333,260.0,208.27,287.84
PTB.2019.250.12.40.17,PTB,2019.250.12.40.17,unlabelled,,,,,0,0,0.0,0.0,,,5.433000087738037,-76.81199645996094,31.09,1.8,6.5395,-74.456333,260.0,288.08,244.99
PTB.2019.251.08.06.19,PTB,2019.251.08.06.19,unlabelled,,,,,0,0,0.0,0.0,,,6.426000118255615,-76.5790023803711,0.96,1.7,6.5395,-74.456333,260.0,235.13,267.06
PTB.2019.251.22.15.14,PTB,2019.251.22.15.14,unlabelled,,,,,0,0,0.0,0.0,,,4.859000205993652,-74.6520004272461,17.12,1.5,6.5395,-74.456333,260.0,187.1,186.66
PTB.2019.252.18.17.00,PTB,2019.252.18.17.00,unlabelled,,,,,0,0,0.0,0.0,-0.65,,6.073999881744385,-76.03800201416016,13.99,2.0,6.5395,-74.456333,260.0,182.43,253.7
PTB.2019.254.11.13.40,PTB,2019.254.11.13.40,unlabelled,,,,,0,0,0.0,0.0,,,7.159999847412109,-76.93800354003906,25.19,2.1,6.5395,-74.456333,260.0,282.75,284.19
PTB.2019.254.11.44.21,PTB,2019.254.11.44.21,unlabelled,,,,,0,0,0.0,0.0,,,4.355999946594238,-73.78600311279297,1.91,1.1,6.5395,-74.456333,260.0,252.63,162.87
PTB.2019.254.18.55.33,PTB,2019.254.18.55.33,unlabelled,,,,,0,0,0.0,0.0,,,3.700000047683716,-74.18199920654297,3.72,1.8,6.5395,-74.456333,260.0,315.47,174.45
PTB.2019.255.07.23.30,PTB,2019.255.07.23.30,unlabelled,,,,,0,0,0.0,0.0,,,6.8979997634887695,-76.7040023803711,5.6,3.0,6.5395,-74.456333,260.0,251.64,279.19
PTB.2019.257.02.19.31,PTB,2019.257.02.19.31,unlabelled,,,,,0,0,0.0,0.0,,,6.13700008392334,-72.31300354003906,6.81,2.2,6.5395,-74.456333,260.0,241.29,100.51
PTB.2019.257.16.24.58,PTB,2019.257.16.24.58,unlabelled,,,,,0,0,0.0,0.0,,,7.164000034332275,-77.03199768066406,31.95,2.4,6.5395,-74.456333,260.0,292.94,283.79
PTB.2019.260.00.47.08,PTB,2019.260.00.47.08,unlabelled,,,,,0,0,0.0,0.0,,,7.251999855041504,-77.02999877929688,20.02,2.1,6.5395,-74.456333,260.0,295.15,285.64
PTB.2019.260.03.53.03,PTB,2019.260.03.53.03,unlabelled,,,,,0,0,0.0,0.0,,,7.046000003814697,-76.23600006103516,6.71,1.5,6.5395,-74.456333,260.0,204.55,286.0
PTB.2019.261.16.23.34,PTB,2019.261.16.23.34,unlabelled,,,,,0,0,0.0,0.0,,,6.801000118255615,-76.15299987792969,3.58,1.6,6.5395,-74.456333,260.0,189.82,278.86
PTB.2019.262.04.00.11,PTB,2019.262.04.00.11,unlabelled,,,,,0,0,0.0,0.0,,,7.124000072479248,-72.43199920654297,0.0,1.5,6.5395,-74.456333,260.0,232.91,73.77
PTB.2019.262.04.09.10,PTB,2019.262.04.09.10,unlabelled,,,,,0,0,0.0,0.0,,,6.309000015258789,-72.4000015258789,2.8,1.5,6.5395,-74.456333,260.0,228.91,96.28
PTB.2019.262.04.55.51,PTB,2019.262.04.55.51,unlabelled,,,,,0,0,0.0,0.0,,,6.811999797821045,-76.2030029296875,-0.09,1.5,6.5395,-74.456333,260.0,195.47,278.97
PTB.2019.263.21.17.15,PTB,2019.263.21.17.15,unlabelled,,,,,0,0,0.0,0.0,,,6.486999988555908,-76.69100189208984,1.27,2.4,6.5395,-74.456333,260.0,247.24,268.78
PTB.2019.264.01.47.44,PTB,2019.264.01.47.44,unlabelled,,,,,0,0,0.0,0.0,,,7.374000072479248,-71.90599822998047,0.0,1.8,6.5395,-74.456333,260.0,296.55,71.72
PTB.2019.264.16.35.08,PTB,2019.264.16.35.08,unlabelled,,,,,0,0,0.0,0.0,,,4.409999847412109,-75.68699645996094,3.69,1.5,6.5395,-74.456333,260.0,272.12,210.14
PTB.2019.264.23.33.32,PTB,2019.264.23.33.32,unlabelled,,,,,0,0,0.0,0.0,,,7.454999923706055,-72.4739990234375,0.01,1.5,6.5395,-74.456333,260.0,241.3,65.07
PTB.2019.266.02.31.46,PTB,2019.266.02.31.46,unlabelled,,,,,0,0,0.0,0.0,,,7.758999824523926,-72.7750015258789,3.93,1.5,6.5395,-74.456333,260.0,229.52,53.91
PTB.2019.266.14.56.06,PTB,2019.266.14.56.06,unlabelled,,,,,0,0,0.0,0.0,,,6.791999816894531,-76.19599914550781,3.89,2.2,6.5395,-74.456333,260.0,194.37,278.36
PTB.2019.267.10.31.57,PTB,2019.267.10.31.57,unlabelled,,,,,0,0,0.0,0.0,,,6.426000118255615,-76.76499938964844,21.5,1.7,6.5395,-74.456333,260.0,255.68,267.32
PTB.2019.269.00.36.31,PTB,2019.269.00.36.31,unlabelled,,,,,0,0,0.0,0.0,,,6.76800012588501,-76.71199798583984,3.92,1.8,6.5395,-74.456333,260.0,250.7,275.92
PTB.2019.269.18.57.11,PTB,2019.269.18.57.11,unlabelled,,,,,0,0,0.0,0.0,,,6.849999904632568,-76.68099975585938,31.55,1.5,6.5395,-74.456333,260.0,248.36,278.08
PTB.2019.269.19.10.49,PTB,2019.269.19.10.49,unlabelled,,,,,0,0,0.0,0.0,,,6.785999774932861,-76.70999908447266,30.66,1.8,6.5395,-74.456333,260.0,250.68,276.37
PTB.2019.270.04.43.18,PTB,2019.270.04.43.18,unlabelled,,,,,0,0,0.0,0.0,,,6.269999980926514,-72.15299987792969,0.0,1.8,6.5395,-74.456333,260.0,256.55,96.54
PTB.2019.271.06.21.19,PTB,2019.271.06.21.19,unlabelled,,,,,0,0,0.0,0.0,,,6.698999881744385,-72.22200012207031,0.0,1.6,6.5395,-74.456333,260.0,247.71,85.79
PTB.2019.271.09.19.25,PTB,2019.271.09.19.25,unlabelled,,,,,0,0,0.0,0.0,,,5.8460001945495605,-76.70099639892578,20.43,2.5,6.5395,-74.456333,260.0,259.99,252.97
PTB.2019.271.14.45.22,PTB,2019.271.14.45.22,unlabelled,,,,,0,0,0.0,0.0,,,7.0879998207092285,-76.16200256347656,-0.22,1.6,6.5395,-74.456333,260.0,198.06,287.93
PTB.2019.271.21.28.43,PTB,2019.271.21.28.43,unlabelled,,,,,0,0,0.0,0.0,,,6.491000175476074,-76.76300048828125,7.27,1.9,6.5395,-74.456333,260.0,255.19,268.93
PTB.2019.272.02.34.49,PTB,2019.272.02.34.49,unlabelled,,,,,0,0,0.0,0.0,,,6.757999897003174,-76.6989974975586,21.19,1.5,6.5395,-74.456333,260.0,249.16,275.69
PTB.2019.272.16.13.50,PTB,2019.272.16.13.50,unlabelled,,,,,0,0,0.0,0.0,,,3.5859999656677246,-74.33399963378906,27.89,2.8,6.5395,-74.456333,260.0,326.89,177.62
PTB.2019.274.04.22.11,PTB,2019.274.04.22.11,unlabelled,,,,,0,0,0.0,0.0,,,7.728000164031982,-73.302001953125,25.46,1.6,6.5395,-74.456333,260.0,183.12,44.06
PTB.2019.274.08.06.36,PTB,2019.274.08.06.36,unlabelled,,,,,0,0,0.0,0.0,,,6.651000022888184,-76.64099884033203,21.0,1.5,6.5395,-74.456333,260.0,241.91,273.05
PTB.2019.274.23.27.41,PTB,2019.274.23.27.41,unlabelled,,,,,0,0,0.0,0.0,,,6.956999778747559,-76.69100189208984,22.44,1.6,6.5395,-74.456333,260.0,251.33,280.72
PTB.2019.275.06.34.14,PTB,2019.275.06.34.14,unlabelled,,,,,0,0,0.0,0.0,,,7.058000087738037,-76.58200073242188,17.24,1.6,6.5395,-74.456333,260.0,241.87,283.84
PTB.2019.275.07.05.18,PTB,2019.275.07.05.18,unlabelled,,,,,0,0,0.0,0.0,,,6.921999931335449,-77.06600189208984,13.87,1.5,6.5395,-74.456333,260.0,291.6,278.49
PTB.2019.275.11.28.28,PTB,2019.275.11.28.28,unlabelled,,,,,0,0,0.0,0.0,,,7.126999855041504,-76.5479965209961,22.69,1.5,6.5395,-74.456333,260.0,240.15,285.82
PTB.2019.275.17.28.06,PTB,2019.275.17.28.06,unlabelled,,,,,0,0,0.0,0.0,,,6.131999969482422,-72.43800354003906,3.21,1.7,6.5395,-74.456333,260.0,227.82,101.3
PTB.2019.275.17.47.05,PTB,2019.275.17.47.05,unlabelled,,,,,0,0,0.0,0.0,,,6.644000053405762,-76.81099700927734,14.53,1.9,6.5395,-74.456333,260.0,260.65,272.68
PTB.2019.275.17.50.09,PTB,2019.275.17.50.09,unlabelled,,,,,0,0,0.0,0.0,,,6.9770002365112305,-76.69400024414062,18.92,1.6,6.5395,-74.456333,260.0,252.06,281.2
PTB.2019.276.04.34.36,PTB,2019.276.04.34.36,unlabelled,,,,,0,0,0.0,0.0,,,4.968999862670898,-72.31700134277344,4.23,1.8,6.5395,-74.456333,260.0,293.78,126.13
PTB.2019.276.05.41.18,PTB,2019.276.05.41.18,unlabelled,,,,,0,0,0.0,0.0,,,7.376999855041504,-71.9260025024414,3.6,1.9,6.5395,-74.456333,260.0,294.55,71.52
PTB.2019.276.13.01.08,PTB,2019.276.13.01.08,unlabelled,,,,,0,0,0.0,0.0,,,6.314000129699707,-76.06400299072266,5.15,1.6,6.5395,-74.456333,260.0,179.59,262.11
PTB.2019.277.01.32.38,PTB,2019.277.01.32.38,unlabelled,,,,,0,0,0.0,0.0,,,6.408999919891357,-76.58200073242188,9.07,1.5,6.5395,-74.456333,260.0,235.57,266.61
PTB.2019.278.09.26.33,PTB,2019.278.09.26.33,unlabelled,,,,,0,0,0.0,0.0,,,5.645999908447266,-76.9489974975586,21.87,2.3,6.5395,-74.456333,260.0,293.08,250.43
PTB.2019.278.09.28.52,PTB,2019.278.09.28.52,unlabelled,,,,,0,0,0.0,0.0,,,5.644000053405762,-76.92400360107422,31.29,2.1,6.5395,-74.456333,260.0,290.55,250.21
PTB.2019.278.18.19.47,PTB,2019.278.18.19.47,unlabelled,,,,,0,0,0.0,0.0,,,5.788000106811523,-76.88500213623047,28.24,2.0,6.5395,-74.456333,260.0,281.36,252.95
PTB.2019.278.22.28.10,PTB,2019.278.22.28.10,unlabelled,,,,,0,0,0.0,0.0,,,4.061999797821045,-75.52400207519531,5.4,1.8,6.5395,-74.456333,260.0,298.44,203.41
PTB.2019.279.14.22.45,PTB,2019.279.14.22.45,unlabelled,,,,,0,0,0.0,0.0,,,7.020999908447266,-72.1969985961914,0.0,1.6,6.5395,-74.456333,260.0,255.37,77.83
PTB.2019.279.17.56.26,PTB,2019.279.17.56.26,unlabelled,,,,,0,0,0.0,0.0,,,6.822000026702881,-76.82599639892578,23.85,2.0,6.5395,-74.456333,260.0,263.87,276.94
PTB.2019.280.17.01.26,PTB,2019.280.17.01.26,unlabelled,,,,,0,0,0.0,0.0,,,7.11899995803833,-76.19100189208984,-0.06,1.8,6.5395,-74.456333,260.0,202.17,288.58
PTB.2019.281.09.32.02,PTB,2019.281.09.32.02,unlabelled,,,,,0,0,0.0,0.0,,,6.057000160217285,-72.51599884033203,0.0,1.7,6.5395,-74.456333,260.0,221.23,103.85
PTB.2019.281.20.16.38,PTB,2019.281.20.16.38,unlabelled,,,,,0,0,0.0,0.0,,,7.5879998207092285,-73.08100128173828,4.63,1.9,6.5395,-74.456333,260.0,191.14,52.57
PTB.2019.281.20.17.27,PTB,2019.281.20.17.27,unlabelled,,,,,0,0,0.0,0.0,,,7.583000183105469,-73.07499694824219,4.43,1.6,6.5395,-74.456333,260.0,191.33,52.82
PTB.2019.282.04.46.04,PTB,2019.282.04.46.04,unlabelled,,,,,0,0,0.0,0.0,,,6.1620001792907715,-76.927001953125,0.0,1.5,6.5395,-74.456333,260.0,276.53,261.45
PTB.2019.282.14.15.36,PTB,2019.282.14.15.36,unlabelled,,,,,0,0,0.0,0.0,,,6.039000034332275,-72.36499786376953,1.82,2.0,6.5395,-74.456333,260.0,237.94,103.34
PTB.2019.283.07.22.14,PTB,2019.283.07.22.14,unlabelled,,,,,0,0,0.0,0.0,,,7.75600004196167,-72.2040023803711,0.0,1.6,6.5395,-74.456333,260.0,282.83,61.46
PTB.2019.283.13.02.21,PTB,2019.283.13.02.21,unlabelled,,,,,0,0,0.0,0.0,,,4.4710001945495605,-76.25,3.4,1.5,6.5395,-74.456333,260.0,303.02,221.08
PTB.2019.284.22.02.48,PTB,2019.284.22.02.48,unlabelled,,,,,0,0,0.0,0.0,,,6.10699987411499,-76.54100036621094,13.46,1.6,6.5395,-74.456333,260.0,235.57,258.4
PTB.2019.285.04.13.37,PTB,2019.285.04.13.37,unlabelled,,,,,0,0,0.0,0.0,,,6.873000144958496,-76.83899688720703,21.08,1.5,6.5395,-74.456333,260.0,266.0,278.11
PTB.2019.286.07.54.33,PTB,2019.286.07.54.33,unlabelled,,,,,0,0,0.0,0.0,,,3.6579999923706055,-74.11100006103516,4.41,2.0,6.5395,-74.456333,260.0,320.94,173.13
PTB.2019.286.21.38.10,PTB,2019.286.21.38.10,unlabelled,,,,,0,0,0.0,0.0,,,4.73799991607666,-74.74099731445312,9.57,1.6,6.5395,-74.456333,260.0,201.7,189.01
PTB.2019.287.06.54.17,PTB,2019.287.06.54.17,unlabelled,,,,,0,0,0.0,0.0,,,3.566999912261963,-74.44999694824219,19.73,1.6,6.5395,-74.456333,260.0,328.71,179.88
PTB.2019.287.08.42.04,PTB,2019.287.08.42.04,unlabelled,,,,,0,0,0.0,0.0,,,7.015999794006348,-76.50900268554688,4.95,2.1,6.5395,-74.456333,260.0,232.95,283.19
PTB.2019.287.10.26.04,PTB,2019.287.10.26.04,unlabelled,,,,,0,0,0.0,0.0,,,6.855999946594238,-76.19400024414062,12.85,1.5,6.5395,-74.456333,260.0,195.29,280.43
PTB.2019.287.14.51.09,PTB,2019.287.14.51.09,unlabelled,,,,,0,0,0.0,0.0,,,7.0370001792907715,-77.1729965209961,30.99,2.2,6.5395,-74.456333,260.0,305.31,280.54
PTB.2019.288.06.41.17,PTB,2019.288.06.41.17,unlabelled,,,,,0,0,0.0,0.0,,,6.650000095367432,-76.70899963378906,18.38,1.8,6.5395,-74.456333,260.0,249.42,272.94
PTB.2019.288.20.05.33,PTB,2019.288.20.05.33,unlabelled,,,,,0,0,0.0,0.0,,,7.132999897003174,-76.8489990234375,0.55,1.9,6.5395,-74.456333,260.0,272.49,284.08
PTB.2019.289.02.03.41,PTB,2019.289.02.03.41,unlabelled,,,,,0,0,0.0,0.0,,,7.004000186920166,-71.83300018310547,2.59,1.9,6.5395,-74.456333,260.0,294.52,79.8
PTB.2019.289.15.32.39,PTB,2019.289.15.32.39,unlabelled,,,,,0,0,0.0,0.0,,,5.683000087738037,-76.50399780273438,32.83,2.4,6.5395,-74.456333,260.0,245.65,247.43
PTB.2019.289.16.33.10,PTB,2019.289.16.33.10,unlabelled,,,,,0,0,0.0,0.0,,,6.978000164031982,-72.21600341796875,-0.15,2.0,6.5395,-74.456333,260.0,252.37,78.79
PTB.2019.289.21.10.09,PTB,2019.289.21.10.09,unlabelled,,,,,0,0,0.0,0.0,,,7.119999885559082,-76.15699768066406,0.16,1.7,6.5395,-74.456333,260.0,198.64,288.96
PTB.2019.289.22.25.23,PTB,2019.289.22.25.23,unlabelled,,,,,0,0,0.0,0.0,,,6.929999828338623,-76.08499908447266,0.24,2.1,6.5395,-74.456333,260.0,185.17,283.58
PTB.2019.289.23.17.30,PTB,2019.289.23.17.30,unlabelled,,,,,0,0,0.0,0.0,,,4.914000034332275,-76.07599639892578,5.93,1.5,6.5395,-74.456333,260.0,253.96,225.03
PTB.2019.290.10.43.50,PTB,2019.290.10.43.50,unlabelled,,,,,0,0,0.0,0.0,,,5.434999942779541,-72.87899780273438,0.0,1.8,6.5395,-74.456333,260.0,213.11,124.88
PTB.2019.290.11.55.17,PTB,2019.290.11.55.17,unlabelled,,,,,0,0,0.0,0.0,,,6.765999794006348,-76.72799682617188,3.83,1.8,6.5395,-74.456333,260.0,252.43,275.83
PTB.2019.291.04.50.31,PTB,2019.291.04.50.31,unlabelled,,,,,0,0,0.0,0.0,,,6.748000144958496,-76.7300033569336,10.68,1.8,6.5395,-74.456333,260.0,252.47,275.37
PTB.2019.292.00.19.48,PTB,2019.292.00.19.48,unlabelled,,,,,0,0,0.0,0.0,,,3.9079999923706055,-75.84400177001953,3.94,1.5,6.5395,-74.456333,260.0,329.16,207.93
PTB.2019.292.09.19.34,PTB,2019.292.09.19.34,unlabelled,,,,,0,0,0.0,0.0,,,6.729000091552734,-76.7490005493164,17.58,1.6,6.5395,-74.456333,260.0,254.39,274.86
PTB.2019.292.16.20.04,PTB,2019.292.16.20.04,unlabelled,,,,,0,0,0.0,0.0,,,3.6619999408721924,-74.17900085449219,9.88,2.4,6.5395,-74.456333,260.0,319.69,174.47
PTB.2019.293.18.54.46,PTB,2019.293.18.54.46,unlabelled,,,,,0,0,0.0,0.0,,,5.624000072479248,-73.24099731445312,20.97,1.7,6.5395,-74.456333,260.0,168.37,126.9
PTB.2019.294.13.04.36,PTB,2019.294.13.04.36,unlabelled,,,,,0,0,0.0,0.0,,,7.006999969482422,-76.3759994506836,5.83,1.6,6.5395,-74.456333,260.0,218.42,283.8
PTB.2019.295.05.11.15,PTB,2019.295.05.11.15,unlabelled,,,,,0,0,0.0,0.0,,,5.046999931335449,-76.68599700927734,1.42,1.6,6.5395,-74.456333,260.0,297.02,236.36
PTB.2019.295.20.16.13,PTB,2019.295.20.16.13,unlabelled,,,,,0,0,0.0,0.0,,,6.52400016784668,-76.3499984741211,22.88,1.6,6.5395,-74.456333,260.0,209.45,269.64
PTB.2019.296.05.47.46,PTB,2019.296.05.47.46,unlabelled,,,,,0,0,0.0,0.0,,,6.328000068664551,-76.62699890136719,35.92,1.7,6.5395,-74.456333,260.0,241.26,264.56
PTB.2019.296.12.20.33,PTB,2019.296.12.20.33,unlabelled,,,,,0,0,0.0,0.0,,,4.5929999351501465,-73.58899688720703,0.0,1.5,6.5395,-74.456333,260.0,235.73,155.9
PTB.2019.296.16.34.35,PTB,2019.296.16.34.35,unlabelled,,,,,0,0,0.0,0.0,,,4.201000213623047,-73.76599884033203,0.92,2.4,6.5395,-74.456333,260.0,269.68,163.48
PTB.2019.299.03.00.00,PTB,2019.299.03.00.00,unlabelled,,,,,0,0,0.0,0.0,,,4.329999923706055,-73.875,0.0,2.0,6.5395,-74.456333,260.0,252.69,165.2
PTB.2019.299.08.37.51,PTB,2019.299.08.37.51,unlabelled,,,,,0,0,0.0,0.0,,,5.0370001792907715,-76.14800262451172,19.93,1.8,6.5395,-74.456333,260.0,250.42,228.52
PTB.2019.300.07.50.54,PTB,2019.300.07.50.54,unlabelled,,,,,0,0,0.0,0.0,,,6.35699987411499,-76.5479965209961,0.92,1.6,6.5395,-74.456333,260.0,232.26,265.13
PTB.2019.300.21.57.16,PTB,2019.300.21.57.16,unlabelled,,,,,0,0,0.0,0.0,,,6.85699987411499,-72.1050033569336,0.0,1.8,6.5395,-74.456333,260.0,262.33,82.17
PTB.2019.301.14.33.09,PTB,2019.301.14.33.09,unlabelled,,,,,0,0,0.0,0.0,,,5.25,-76.48200225830078,31.75,1.6,6.5395,-74.456333,260.0,265.8,237.66
PTB.2019.303.16.36.18,PTB,2019.303.16.36.18,unlabelled,,,,,0,0,0.0,0.0,,,6.031000137329102,-72.50700378417969,0.0,1.7,6.5395,-74.456333,260.0,222.91,104.5
PTB.2019.304.11.50.12,PTB,2019.304.11.50.12,unlabelled,,,,,0,0,0.0,0.0,,,4.513999938964844,-76.51200103759766,0.0,1.6,6.5395,-74.456333,260.0,319.45,225.58
PTB.2019.304.12.19.48,PTB,2019.304.12.19.48,unlabelled,,,,,0,0,0.0,0.0,,,4.880000114440918,-73.5009994506836,0.1,1.8,6.5395,-74.456333,260.0,211.84,149.98
PTB.2019.304.15.48.13,PTB,2019.304.15.48.13,unlabelled,,,,,0,0,0.0,0.0,,,5.572000026702881,-72.6729965209961,3.31,1.6,6.5395,-74.456333,260.0,224.55,118.36
PTB.2019.304.18.22.40,PTB,2019.304.18.22.40,unlabelled,,,,,0,0,0.0,0.0,,,5.320000171661377,-72.63099670410156,0.62,1.7,6.5395,-74.456333,260.0,242.97,123.62
PTB.2019.304.19.20.10,PTB,2019.304.19.20.10,unlabelled,,,,,0,0,0.0,0.0,,,6.64300012588501,-76.84300231933594,28.78,1.9,6.5395,-74.456333,260.0,264.19,272.62
PTB.2019.305.00.52.54,PTB,2019.305.00.52.54,unlabelled,,,,,0,0,0.0,0.0,,,5.8480000495910645,-76.95899963378906,37.54,2.0,6.5395,-74.456333,260.0,287.34,254.7
PTB.2019.305.08.09.37,PTB,2019.305.08.09.37,unlabelled,,,,,0,0,0.0,0.0,,,7.123000144958496,-77.06400299072266,29.78,1.6,6.5395,-74.456333,260.0,295.37,282.77
PTB.2019.306.07.56.27,PTB,2019.306.07.56.27,unlabelled,,,,,0,0,0.0,0.0,,,6.835999965667725,-76.15299987792969,0.2,1.5,6.5395,-74.456333,260.0,190.44,280.01
PTB.2019.306.08.05.22,PTB,2019.306.08.05.22,unlabelled,,,,,0,0,0.0,0.0,,,6.880000114440918,-76.09200286865234,0.08,1.6,6.5395,-74.456333,260.0,184.72,281.86
PTB.2019.306.11.52.03,PTB,2019.306.11.52.03,unlabelled,,,,,0,0,0.0,0.0,,,6.873000144958496,-76.37200164794922,15.0,1.5,6.5395,-74.456333,260.0,214.99,279.99
PTB.2019.306.14.40.38,PTB,2019.306.14.40.38,unlabelled,,,,,0,0,0.0,0.0,,,4.4730000495910645,-76.2040023803711,0.33,1.8,6.5395,-74.456333,260.0,299.54,220.37
PTB.2019.309.05.34.43,PTB,2019.309.05.34.43,unlabelled,,,,,0,0,0.0,0.0,,,6.389999866485596,-71.79299926757812,2.0,1.9,6.5395,-74.456333,260.0,295.07,93.06
PTB.2019.310.07.45.03,PTB,2019.310.07.45.03,unlabelled,,,,,0,0,0.0,0.0,,,7.203000068664551,-76.64399719238281,0.0,1.7,6.5395,-74.456333,260.0,252.68,287.01
PTB.2019.310.23.05.57,PTB,2019.310.23.05.57,unlabelled,,,,,0,0,0.0,0.0,,,4.400000095367432,-73.91799926757812,4.26,2.1,6.5395,-74.456333,260.0,244.0,165.82
PTB.2019.311.08.42.00,PTB,2019.311.08.42.00,unlabelled,,,,,0,0,0.0,0.0,,,6.797999858856201,-76.86000061035156,14.16,1.5,6.5395,-74.456333,260.0,267.31,276.28
PTB.2019.311.22.31.18,PTB,2019.311.22.31.18,unlabelled,,,,,0,0,0.0,0.0,,,4.446000099182129,-73.5459976196289,0.03,2.0,6.5395,-74.456333,260.0,252.53,156.41
PTB.2019.312.01.38.13,PTB,2019.312.01.38.13,unlabelled,,,,,0,0,0.0,0.0,,,4.619999885559082,-76.7229995727539,4.3,1.8,6.5395,-74.456333,260.0,328.82,229.91
PTB.2019.312.11.56.40,PTB,2019.312.11.56.40,unlabelled,,,,,0,0,0.0,0.0,,,7.386000156402588,-72.1709976196289,0.0,2.3,6.5395,-74.456333,260.0,269.33,69.52
PTB.2019.314.16.38.02,PTB,2019.314.16.38.02,unlabelled,,,,,0,0,0.0,0.0,,,5.703999996185303,-75.99800109863281,34.66,1.8,6.5395,-74.456333,260.0,194.05,241.65
PTB.2019.316.04.09.01,PTB,2019.316.04.09.01,unlabelled,,,,,0,0,0.0,0.0,,,7.317999839782715,-72.18399810791016,0.0,1.8,6.5395,-74.456333,260.0,265.47,70.94
PTB.2019.316.08.11.20,PTB,2019.316.08.11.20,unlabelled,,,,,0,0,0.0,0.0,,,6.732999801635742,-72.1709976196289,19.0,1.7,6.5395,-74.456333,260.0,253.61,85.03
PTB.2019.316.19.13.23,PTB,2019.316.19.13.23,unlabelled,,,,,0,0,0.0,0.0,,,6.61899995803833,-76.58000183105469,14.31,1.9,6.5395,-74.456333,260.0,235.02,272.27
PTB.2019.317.13.47.00,PTB,2019.317.13.47.00,unlabelled,,,,,0,0,0.0,0.0,,,4.00600004196167,-75.4010009765625,19.86,1.7,6.5395,-74.456333,260.0,299.09,200.54
PTB.2019.317.17.33.27,PTB,2019.317.17.33.27,unlabelled,,,,,0,0,0.0,0.0,,,6.861999988555908,-71.98899841308594,0.0,1.5,6.5395,-74.456333,260.0,275.12,82.41
PTB.2019.318.07.35.47,PTB,2019.318.07.35.47,unlabelled,,,,,0,0,0.0,0.0,,,7.289000034332275,-72.13300323486328,0.01,1.5,6.5395,-74.456333,260.0,269.81,71.97
PTB.2019.319.06.41.13,PTB,2019.319.06.41.13,unlabelled,,,,,0,0,0.0,0.0,-2.5,,4.690000057220459,-76.81999969482422,3.66,2.4,6.5395,-74.456333,260.0,332.26,232.13
PTB.2019.319.11.24.53,PTB,2019.319.11.24.53,unlabelled,,,,,0,0,0.0,0.0,-4.01,,5.9070000648498535,-72.49600219726562,3.95,1.6,6.5395,-74.456333,260.0,227.94,107.76
PTB.2019.319.17.38.48,PTB,2019.319.17.38.48,unlabelled,,,,,0,0,0.0,0.0,,,5.997000217437744,-75.91200256347656,30.38,1.9,6.5395,-74.456333,260.0,171.89,249.65
PTB.2019.320.17.38.11,PTB,2019.320.17.38.11,unlabelled,,,,,0,0,0.0,0.0,,,4.505000114440918,-73.54499816894531,6.63,1.5,6.5395,-74.456333,260.0,246.61,155.78
PTB.2019.320.20.34.08,PTB,2019.320.20.34.08,unlabelled,,,,,0,0,0.0,0.0,,,6.7820000648498535,-76.28800201416016,4.16,1.5,6.5395,-74.456333,260.0,204.3,277.65
PTB.2019.321.13.29.41,PTB,2019.321.13.29.41,unlabelled,,,,,0,0,0.0,0.0,,,4.454999923706055,-76.2040023803711,7.67,1.6,6.5395,-74.456333,260.0,301.06,220.12
PTB.2019.322.01.01.57,PTB,2019.322.01.01.57,unlabelled,,,,,0,0,0.0,0.0,,,6.955999851226807,-76.35299682617188,-0.02,1.8,6.5395,-74.456333,260.0,214.68,282.5
PTB.2019.322.09.17.47,PTB,2019.322.09.17.47,unlabelled,,,,,0,0,0.0,0.0,-6.22,-0.28,6.869999885559082,-76.23200225830078,12.61,1.5,6.5395,-74.456333,260.0,199.7,280.65
PTB.2019.323.05.55.15,PTB,2019.323.05.55.15,unlabelled,,,,,0,0,0.0,0.0,,,6.828000068664551,-76.14099884033203,0.12,1.5,6.5395,-74.456333,260.0,188.98,279.82
PTB.2019.323.10.05.08,PTB,2019.323.10.05.08,unlabelled,,,,,0,0,0.0,0.0,-5.97,,6.906000137329102,-76.26000213623047,0.08,1.7,6.5395,-74.456333,260.0,203.49,281.59
PTB.2019.323.19.13.37,PTB,2019.323.19.13.37,unlabelled,,,,,0,0,0.0,0.0,,,7.736999988555908,-72.69599914550781,3.84,1.6,6.5395,-74.456333,260.0,235.26,55.64
PTB.2019.324.02.51.54,PTB,2019.324.02.51.54,unlabelled,,,,,0,0,0.0,0.0,,,5.210999965667725,-76.61799621582031,24.7,1.5,6.5395,-74.456333,260.0,280.86,238.58
PTB.2019.324.06.17.25,PTB,2019.324.06.17.25,unlabelled,,,,,0,0,0.0,0.0,-6.82,-0.17,6.26200008392334,-72.5270004272461,3.59,1.8,6.5395,-74.456333,260.0,215.64,98.07
PTB.2019.324.17.08.11,PTB,2019.324.17.08.11,unlabelled,,,,,0,0,0.0,0.0,,,7.165999889373779,-76.98500061035156,20.25,1.7,6.5395,-74.456333,260.0,287.95,284.07
PTB.2019.325.07.22.39,PTB,2019.325.07.22.39,unlabelled,,,,,0,0,0.0,0.0,-1.35,-9.25,6.90500020980835,-76.08799743652344,-0.07,1.5,6.5395,-74.456333,260.0,184.87,282.72
PTB.2019.325.21.23.29,PTB,2019.325.21.23.29,unlabelled,,,,,0,0,0.0,0.0,,,7.336999893188477,-76.91000366210938,22.93,2.0,6.5395,-74.456333,260.0,285.13,288.16
PTB.2019.325.21.39.28,PTB,2019.325.21.39.28,unlabelled,,,,,0,0,0.0,0.0,,,4.89900016784668,-73.34300231933594,0.0,1.7,6.5395,-74.456333,260.0,219.36,145.74
PTB.2019.326.11.00.49,PTB,2019.326.11.00.49,unlabelled,,,,,0,0,0.0,0.0,,,7.0329999923706055,-77.1729965209961,14.99,1.9,6.5395,-74.456333,260.0,305.23,280.46
PTB.2019.326.15.59.48,PTB,2019.326.15.59.48,unlabelled,,,,,0,0,0.0,0.0,,,4.432000160217285,-73.49299621582031,0.01,1.6,6.5395,-74.456333,260.0,256.34,155.34
PTB.2019.326.21.44.54,PTB,2019.326.21.44.54,unlabelled,,,,,0,0,0.0,0.0,,,3.813999891281128,-74.07499694824219,2.08,1.6,6.5395,-74.456333,260.0,304.35,172.0
PTB.2019.327.00.39.04,PTB,2019.327.00.39.04,unlabelled,,,,,0,0,0.0,0.0,,,4.505000114440918,-76.16400146484375,3.93,1.6,6.5395,-74.456333,260.0,293.97,220.15
PTB.2019.327.00.54.35,PTB,2019.327.00.54.35,unlabelled,,,,,0,0,0.0,0.0,,,3.6689999103546143,-74.36100006103516,27.7,1.7,6.5395,-74.456333,260.0,317.61,178.09
PTB.2019.327.05.11.12,PTB,2019.327.05.11.12,unlabelled,,,,,0,0,0.0,0.0,,,7.02400016784668,-77.0260009765625,23.71,1.8,6.5395,-74.456333,260.0,289.07,280.83
PTB.2019.328.21.11.01,PTB,2019.328.21.11.01,unlabelled,,,,,0,0,0.0,0.0,,,4.309000015258789,-75.33699798583984,4.04,1.9,6.5395,-74.456333,260.0,265.26,201.63
PTB.2019.330.04.25.43,PTB,2019.330.04.25.43,unlabelled,,,,,0,0,0.0,0.0,,,4.2769999504089355,-75.6729965209961,3.67,1.7,6.5395,-74.456333,260.0,284.21,208.38
PTB.2019.333.12.38.05,PTB,2019.333.12.38.05,unlabelled,,,,,0,0,0.0,0.0,,,5.307000160217285,-76.63600158691406,31.12,1.8,6.5395,-74.456333,260.0,277.17,240.66
PTB.2019.334.06.47.10,PTB,2019.334.06.47.10,unlabelled,,,,,0,0,0.0,0.0,,,6.999000072479248,-72.43699645996094,1.82,1.5,6.5395,-74.456333,260.0,228.94,77.06
PTB.2019.334.09.31.02,PTB,2019.334.09.31.02,unlabelled,,,,,0,0,0.0,0.0,,,6.881999969482422,-76.73899841308594,11.78,2.2,6.5395,-74.456333,260.0,255.2,278.67
PTB.2019.334.10.14.10,PTB,2019.334.10.14.10,unlabelled,,,,,0,0,0.0,0.0,,,6.9029998779296875,-76.5719985961914,0.0,1.6,6.5395,-74.456333,260.0,237.34,279.87
PTB.2019.334.10.21.47,PTB,2019.334.10.21.47,unlabelled,,,,,0,0,0.0,0.0,,,6.943999767303467,-72.25599670410156,0.0,1.8,6.5395,-74.456333,260.0,247.34,79.45
PTB.2019.334.12.29.04,PTB,2019.334.12.29.04,unlabelled,,,,,0,0,0.0,0.0,,,7.26800012588501,-76.62300109863281,0.0,1.6,6.5395,-74.456333,260.0,252.64,288.72
PTB.2019.334.15.14.08,PTB,2019.334.15.14.08,unlabelled,,,,,0,0,0.0,0.0,,,5.2220001220703125,-76.072998046875,3.82,1.5,6.5395,-74.456333,260.0,230.82,230.95
PTB.2019.335.06.41.19,PTB,2019.335.06.41.19,unlabelled,,,,,0,0,0.0,0.0,,,6.692999839782715,-76.75599670410156,7.22,1.6,6.5395,-74.456333,260.0,254.87,273.95
PTB.2019.335.16.08.10,PTB,2019.335.16.08.10,unlabelled,,,,,0,0,0.0,0.0,,,6.664999961853027,-73.2030029296875,25.16,1.5,6.5395,-74.456333,260.0,139.29,84.21
PTB.2019.336.05.59.22,PTB,2019.336.05.59.22,unlabelled,,,,,0,0,0.0,0.0,,,6.9039998054504395,-76.15499877929688,0.41,1.8,6.5395,-74.456333,260.0,192.08,282.21
PTB.2019.336.13.19.06,PTB,2019.336.13.19.06,unlabelled,,,,,0,0,0.0,0.0,-0.42,,4.710000038146973,-76.40899658203125,23.39,2.6,6.5395,-74.456333,260.0,296.19,227.02
PTB.2019.337.16.12.02,PTB,2019.337.16.12.02,unlabelled,,,,,0,0,0.0,0.0,,,6.9679999351501465,-76.80500030517578,21.74,2.0,6.5395,-74.456333,260.0,263.94,280.48
PTB.2019.337.19.11.27,PTB,2019.337.19.11.27,unlabelled,,,,,0,0,0.0,0.0,,,5.211999893188477,-72.93000030517578,4.56,2.0,6.5395,-74.456333,260.0,223.87,130.89
PTB.2019.337.21.04.24,PTB,2019.337.21.04.24,unlabelled,,,,,0,0,0.0,0.0,,,3.877000093460083,-75.65299987792969,5.54,1.5,6.5395,-74.456333,260.0,322.93,204.31
PTB.2019.338.02.11.54,PTB,2019.338.02.11.54,unlabelled,,,,,0,0,0.0,0.0,,,3.890000104904175,-75.66400146484375,3.31,1.5,6.5395,-74.456333,260.0,322.13,204.62
PTB.2019.340.04.55.07,PTB,2019.340.04.55.07,unlabelled,,,,,0,0,0.0,0.0,,,6.8429999351501465,-76.38899993896484,5.36,1.6,6.5395,-74.456333,260.0,216.31,279.04
PTB.2019.340.07.37.10,PTB,2019.340.07.37.10,unlabelled,,,,,0,0,0.0,0.0,-1.1,,6.627999782562256,-76.69999694824219,10.22,1.7,6.5395,-74.456333,260.0,248.32,272.39
PTB.2019.340.21.52.54,PTB,2019.340.21.52.54,unlabelled,,,,,0,0,0.0,0.0,,,6.025000095367432,-76.7030029296875,25.9,1.5,6.5395,-74.456333,260.0,255.03,257.23
PTB.2019.341.06.27.44,PTB,2019.341.06.27.44,unlabelled,,,,,0,0,0.0,0.0,,,7.119999885559082,-76.2509994506836,9.67,1.5,6.5395,-74.456333,260.0,208.5,288.04
PTB.2019.342.04.59.19,PTB,2019.342.04.59.19,unlabelled,,,,,0,0,0.0,0.0,,,6.998000144958496,-72.29900360107422,4.46,1.7,6.5395,-74.456333,260.0,243.82,77.87
PTB.2019.342.14.13.54,PTB,2019.342.14.13.54,unlabelled,,,,,0,0,0.0,0.0,,,6.809999942779541,-76.20700073242188,0.0,1.7,6.5395,-74.456333,260.0,195.87,278.89
PTB.2019.342.23.43.43,PTB,2019.342.23.43.43,unlabelled,,,,,0,0,0.0,0.0,,,4.261000156402588,-73.76300048828125,11.87,1.8,6.5395,-74.456333,260.0,263.42,163.01
PTB.2019.343.00.05.55,PTB,2019.343.00.05.55,unlabelled,,,,,0,0,0.0,0.0,,,7.001999855041504,-76.27799987792969,7.08,1.5,6.5395,-74.456333,260.0,207.78,284.36
PTB.2019.343.07.01.53,PTB,2019.343.07.01.53,unlabelled,,,,,0,0,0.0,0.0,,,7.156000137329102,-72.5250015258789,-0.07,1.5,6.5395,-74.456333,260.0,224.09,72.17
PTB.2019.344.03.59.09,PTB,2019.344.03.59.09,unlabelled,,,,,0,0,0.0,0.0,,,7.074999809265137,-76.39399719238281,-0.02,1.5,6.5395,-74.456333,260.0,222.22,285.57
PTB.2019.344.04.56.19,PTB,2019.344.04.56.19,unlabelled,,,,,0,0,0.0,0.0,,,7.401000022888184,-77.11199951171875,20.0,2.3,6.5395,-74.456333,260.0,308.53,288.14
PTB.2019.345.00.18.42,PTB,2019.345.00.18.42,unlabelled,,,,,0,0,0.0,0.0,,,5.443999767303467,-76.77400207519531,10.86,1.5,6.5395,-74.456333,260.0,283.76,244.85
PTB.2019.345.03.52.58,PTB,2019.345.03.52.58,unlabelled,,,,,0,0,0.0,0.0,,,6.801000118255615,-76.61599731445312,3.02,1.5,6.5395,-74.456333,260.0,240.54,277.03
PTB.2019.346.00.10.48,PTB,2019.346.00.10.48,unlabelled,,,,,0,0,0.0,0.0,,,3.6089999675750732,-74.38899993896484,14.3,3.2,6.5395,-74.456333,260.0,324.15,178.68
PTB.2019.346.01.52.22,PTB,2019.346.01.52.22,unlabelled,,,,,0,0,0.0,0.0,,,4.535999774932861,-76.16699981689453,2.0,1.7,6.5395,-74.456333,260.0,291.57,220.63
PTB.2019.346.11.58.25,PTB,2019.346.11.58.25,unlabelled,,,,,0,0,0.0,0.0,,,5.349999904632568,-76.33499908447266,30.57,1.7,6.5395,-74.456333,260.0,246.11,237.79
PTB.2019.346.15.00.36,PTB,2019.346.15.00.36,unlabelled,,,,,0,0,0.0,0.0,,,7.0970001220703125,-72.24199676513672,13.07,2.1,6.5395,-74.456333,260.0,252.41,75.73
PTB.2019.346.22.15.16,PTB,2019.346.22.15.16,unlabelled,,,,,0,0,0.0,0.0,,,4.461999893188477,-73.61799621582031,0.0,1.5,6.5395,-74.456333,260.0,247.81,157.94
PTB.2019.347.00.51.13,PTB,2019.347.00.51.13,unlabelled,,,,,0,0,0.0,0.0,,,6.775000095367432,-76.822998046875,24.11,2.2,6.5395,-74.456333,260.0,262.98,275.82
PTB.2019.347.19.06.42,PTB,2019.347.19.06.42,unlabelled,,,,,0,0,0.0,0.0,,,6.7820000648498535,-76.82099914550781,24.04,2.4,6.5395,-74.456333,260.0,262.84,275.99
PTB.2019.348.03.55.45,PTB,2019.348.03.55.45,unlabelled,,,,,0,0,0.0,0.0,,,6.939000129699707,-76.71800231933594,14.21,1.8,6.5395,-74.456333,260.0,253.91,280.15
PTB.2019.348.06.37.18,PTB,2019.348.06.37.18,unlabelled,,,,,0,0,0.0,0.0,,,6.6620001792907715,-76.75599670410156,11.43,1.6,6.5395,-74.456333,260.0,254.67,273.18
PTB.2019.348.18.07.12,PTB,2019.348.18.07.12,unlabelled,,,,,0,0,0.0,0.0,,,7.192999839782715,-76.84200286865234,24.74,1.9,6.5395,-74.456333,260.0,273.4,285.47
PTB.2019.348.20.22.01,PTB,2019.348.20.22.01,unlabelled,,,,,0,0,0.0,0.0,,,4.513000011444092,-75.7040023803711,4.45,1.9,6.5395,-74.456333,260.0,263.31,211.73
PTB.2019.349.07.38.52,PTB,2019.349.07.38.52,unlabelled,,,,,0,0,0.0,0.0,,,6.89300012588501,-76.5,-0.01,1.5,6.5395,-74.456333,260.0,229.31,279.93
PTB.2019.349.07.41.52,PTB,2019.349.07.41.52,unlabelled,,,,,0,0,0.0,0.0,,,7.136000156402588,-76.79199981689453,25.43,2.0,6.5395,-74.456333,260.0,266.46,284.47
PTB.2019.349.12.15.02,PTB,2019.349.12.15.02,unlabelled,,,,,0,0,0.0,0.0,,,5.879000186920166,-76.8489990234375,38.48,1.5,6.5395,-74.456333,260.0,274.69,254.71
PTB.2019.349.13.39.20,PTB,2019.349.13.39.20,unlabelled,,,,,0,0,0.0,0.0,,,4.335999965667725,-75.32599639892578,2.04,1.5,6.5395,-74.456333,260.0,262.04,201.62
PTB.2019.350.20.52.42,PTB,2019.350.20.52.42,unlabelled,,,,,0,0,0.0,0.0,,,6.929999828338623,-72.33999633789062,6.0,1.8,6.5395,-74.456333,260.0,237.93,79.42
PTB.2019.351.06.31.09,PTB,2019.351.06.31.09,unlabelled,,,,,0,0,0.0,0.0,,,6.698999881744385,-76.73600006103516,18.28,1.6,6.5395,-74.456333,260.0,252.71,274.13
PTB.2019.351.18.31.08,PTB,2019.351.18.31.08,unlabelled,,,,,0,0,0.0,0.0,,,6.940999984741211,-76.2770004272461,2.34,1.6,6.5395,-74.456333,260.0,206.12,282.55
PTB.2019.352.15.38.38,PTB,2019.352.15.38.38,unlabelled,,,,,0,0,0.0,0.0,,,4.420000076293945,-76.15399932861328,28.24,1.8,6.5395,-74.456333,260.0,300.54,218.84
PTB.2019.352.23.50.36,PTB,2019.352.23.50.36,unlabelled,,,,,0,0,0.0,0.0,,,4.583000183105469,-76.7030029296875,15.39,1.5,6.5395,-74.456333,260.0,329.8,229.12
PTB.2019.353.15.47.36,PTB,2019.353.15.47.36,unlabelled,,,,,0,0,0.0,0.0,,,5.252999782562256,-72.76699829101562,8.4,1.8,6.5395,-74.456333,260.0,235.02,127.16
PTB.2019.354.03.02.59,PTB,2019.354.03.02.59,unlabelled,,,,,0,0,0.0,0.0,,,6.735000133514404,-76.84600067138672,0.94,2.2,6.5395,-74.456333,260.0,265.13,274.81
PTB.2019.354.12.40.21,PTB,2019.354.12.40.21,unlabelled,,,,,0,0,0.0,0.0,,,5.840000152587891,-72.51100158691406,22.48,2.2,6.5395,-74.456333,260.0,228.77,109.66
PTB.2019.354.14.20.37,PTB,2019.354.14.20.37,unlabelled,,,,,0,0,0.0,0.0,,,6.7820000648498535,-76.79299926757812,12.67,2.1,6.5395,-74.456333,260.0,259.76,276.06
PTB.2019.354.17.32.40,PTB,2019.354.17.32.40,unlabelled,,,,,0,0,0.0,0.0,,,6.919000148773193,-76.20899963378906,-0.06,1.5,6.5395,-74.456333,260.0,198.26,282.32
PTB.2019.354.21.08.46,PTB,2019.354.21.08.46,unlabelled,,,,,0,0,0.0,0.0,,,6.940999984741211,-76.18000030517578,0.2,1.8,6.5395,-74.456333,260.0,195.66,283.22
PTB.2019.355.05.55.48,PTB,2019.355.05.55.48,unlabelled,,,,,0,0,0.0,0.0,,,4.320000171661377,-73.76499938964844,0.09,1.6,6.5395,-74.456333,260.0,257.12,162.63
PTB.2019.355.23.59.25,PTB,2019.355.23.59.25,unlabelled,,,,,0,0,0.0,0.0,-0.62,-0.18,7.216000080108643,-76.13800048828125,-0.05,1.5,6.5395,-74.456333,260.0,200.36,292.02
PTB.2019.356.04.42.16,PTB,2019.356.04.42.16,unlabelled,,,,,0,0,0.0,0.0,,,5.241000175476074,-76.72100067138672,38.89,1.7,6.5395,-74.456333,260.0,288.98,240.32
PTB.2019.356.09.09.10,PTB,2019.356.09.09.10,unlabelled,,,,,0,0,0.0,0.0,,,6.7170000076293945,-76.45899963378906,-0.09,1.7,6.5395,-74.456333,260.0,222.32,275.18
PTB.2019.356.23.07.58,PTB,2019.356.23.07.58,unlabelled,,,,,0,0,0.0,0.0,,,5.2170000076293945,-76.56099700927734,20.42,1.9,6.5395,-74.456333,260.0,275.15,238.0
PTB.2019.357.07.35.15,PTB,2019.357.07.35.15,unlabelled,,,,,0,0,0.0,0.0,,,7.620999813079834,-76.91799926757812,11.74,2.3,6.5395,-74.456333,260.0,297.09,293.89
PTB.2019.358.01.21.02,PTB,2019.358.01.21.02,unlabelled,,,,,0,0,0.0,0.0,-6.83,,6.783999919891357,-76.60900115966797,-0.02,1.6,6.5395,-74.456333,260.0,239.56,276.6
PTB.2019.358.03.24.32,PTB,2019.358.03.24.32,unlabelled,,,,,0,0,0.0,0.0,,,6.932000160217285,-76.6259994506836,14.04,1.6,6.5395,-74.456333,260.0,243.77,280.38
PTB.2019.358.20.39.26,PTB,2019.358.20.39.26,unlabelled,,,,,0,0,0.0,0.0,,,3.5840001106262207,-74.4530029296875,29.0,2.4,6.5395,-74.456333,260.0,326.83,179.94
PTB.2019.359.05.40.32,PTB,2019.359.05.40.32,unlabelled,,,,,0,0,0.0,0.0,,,6.264999866485596,-76.71399688720703,23.9,2.0,6.5395,-74.456333,260.0,251.6,263.2
PTB.2019.359.10.36.04,PTB,2019.359.10.36.04,unlabelled,,,,,0,0,0.0,0.0,,,6.89900016784668,-76.24700164794922,13.97,2.0,6.5395,-74.456333,260.0,201.93,281.46
PTB.2019.359.15.20.27,PTB,2019.359.15.20.27,unlabelled,,,,,0,0,0.0,0.0,,,3.628000020980835,-74.28399658203125,40.0,1.6,6.5395,-74.456333,260.0,322.53,176.6
PTB.2019.359.16.00.58,PTB,2019.359.16.00.58,unlabelled,,,,,0,0,0.0,0.0,,,7.73799991607666,-76.89900207519531,20.53,1.7,6.5395,-74.456333,260.0,300.61,296.31
PTB.2019.360.06.34.38,PTB,2019.360.06.34.38,unlabelled,,,,,0,0,0.0,0.0,-1.87,,5.619999885559082,-75.51699829101562,3.3,1.7,6.5395,-74.456333,260.0,155.32,229.16
PTB.2019.361.10.10.07,PTB,2019.361.10.10.07,unlabelled,,,,,0,0,0.0,0.0,,,3.9730000495910645,-75.48699951171875,10.86,1.5,6.5395,-74.456333,260.0,305.94,201.98
PTB.2019.361.19.27.35,PTB,2019.361.19.27.35,unlabelled,,,,,0,0,0.0,0.0,,,7.293000221252441,-75.30599975585938,0.74,1.7,6.5395,-74.456333,260.0,125.54,311.64
PTB.2019.362.09.05.31,PTB,2019.362.09.05.31,unlabelled,,,,,0,0,0.0,0.0,,,6.932000160217285,-76.19300079345703,-0.13,1.5,6.5395,-74.456333,260.0,196.84,282.84
PTB.2019.362.20.51.18,PTB,2019.362.20.51.18,unlabelled,,,,,0,0,0.0,0.0,,,6.910999774932861,-76.22100067138672,0.0,1.5,6.5395,-74.456333,260.0,199.38,281.99
PTB.2019.362.23.32.13,PTB,2019.362.23.32.13,unlabelled,,,,,0,0,0.0,0.0,-5.7,,5.098999977111816,-76.73300170898438,30.0,1.9,6.5395,-74.456333,260.0,298.24,237.84
PTB.2019.363.21.44.05,PTB,2019.363.21.44.05,unlabelled,,,,,0,0,0.0,0.0,,,7.033999919891357,-77.07099914550781,22.65,1.9,6.5395,-74.456333,260.0,294.16,280.87
PTB.2019.364.05.57.54,PTB,2019.364.05.57.54,unlabelled,,,,,0,0,0.0,0.0,,,6.793000221252441,-76.69300079345703,3.67,1.9,6.5395,-74.456333,260.0,248.9,276.6
PTB.2019.365.00.39.12,PTB,2019.365.00.39.12,unlabelled,,,,,0,0,0.0,0.0,,,7.15500020980835,-76.65599822998047,14.64,1.6,6.5395,-74.456333,260.0,252.48,285.77
PTB.2019.365.08.46.44,PTB,2019.365.08.46.44,unlabelled,,,,,0,0,0.0,0.0,,,5.419000148773193,-72.9020004272461,0.0,2.5,6.5395,-74.456333,260.0,212.06,125.67
PTB.2019.365.16.11.11,PTB,2019.365.16.11.11,unlabelled,,,,,0,0,0.0,0.0,,,7.206999778747559,-76.95099639892578,19.83,2.0,6.5395,-74.456333,260.0,285.43,285.14
PTB.2020.001.20.18.22,PTB,2020.001.20.18.22,unlabelled,,,,,0,0,0.0,0.0,,,3.7869999408721924,-74.7509994506836,40.54,1.9,6.5395,-74.456333,260.0,306.13,186.14
PTB.2020.003.04.58.28,PTB,2020.003.04.58.28,unlabelled,,,,,0,0,0.0,0.0,,,7.5329999923706055,-77.23899841308594,29.94,1.6,6.5395,-74.456333,260.0,326.49,289.83
PTB.2020.003.07.18.31,PTB,2020.003.07.18.31,unlabelled,,,,,0,0,0.0,0.0,,,7.409999847412109,-76.16000366210938,0.0,1.7,6.5395,-74.456333,260.0,211.44,297.19
PTB.2020.003.11.06.53,PTB,2020.003.11.06.53,unlabelled,,,,,0,0,0.0,0.0,,,4.943999767303467,-76.8759994506836,30.61,1.8,6.5395,-74.456333,260.0,320.87,236.77
PTB.2020.003.12.00.55,PTB,2020.003.12.00.55,unlabelled,,,,,0,0,0.0,0.0,,,3.7669999599456787,-73.90599822998047,11.72,1.5,6.5395,-74.456333,260.0,312.6,168.72
PTB.2020.003.17.01.51,PTB,2020.003.17.01.51,unlabelled,,,,,0,0,0.0,0.0,,,6.855999946594238,-76.3030014038086,0.08,1.5,6.5395,-74.456333,260.0,207.15,279.83
PTB.2020.003.20.24.14,PTB,2020.003.20.24.14,unlabelled,,,,,0,0,0.0,0.0,,,5.295000076293945,-74.28500366210938,34.48,1.6,6.5395,-74.456333,260.0,138.93,172.14
PTB.2020.004.00.22.36,PTB,2020.004.00.22.36,unlabelled,,,,,0,0,0.0,0.0,,,6.510000228881836,-76.69999694824219,18.23,1.6,6.5395,-74.456333,260.0,248.18,269.37
PTB.2020.004.03.56.24,PTB,2020.004.03.56.24,unlabelled,,,,,0,0,0.0,0.0,,,6.9029998779296875,-76.77899932861328,18.63,1.8,6.5395,-74.456333,260.0,259.92,279.03
PTB.2020.005.00.47.14,PTB,2020.005.00.47.14,unlabelled,,,,,0,0,0.0,0.0,,,6.835000038146973,-76.30400085449219,10.85,1.7,6.5395,-74.456333,260.0,206.89,279.2
PTB.2020.005.11.35.21,PTB,2020.005.11.35.21,unlabelled,,,,,0,0,0.0,0.0,,,3.5950000286102295,-74.1449966430664,30.43,1.7,6.5395,-74.456333,260.0,327.44,173.93
PTB.2020.005.12.01.32,PTB,2020.005.12.01.32,unlabelled,,,,,0,0,0.0,0.0,,,6.968999862670898,-76.322998046875,-0.04,1.6,6.5395,-74.456333,260.0,211.76,283.07
PTB.2020.006.06.40.27,PTB,2020.006.06.40.27,unlabelled,,,,,0,0,0.0,0.0,,,5.103000164031982,-72.91600036621094,-0.11,1.8,6.5395,-74.456333,260.0,233.1,132.88
PTB.2020.006.13.29.18,PTB,2020.006.13.29.18,unlabelled,,,,,0,0,0.0,0.0,,,4.605000019073486,-74.98500061035156,30.28,1.5,6.5395,-74.456333,260.0,221.8,195.34
PTB.2020.006.21.43.52,PTB,2020.006.21.43.52,unlabelled,,,,,0,0,0.0,0.0,,,6.89900016784668,-76.68599700927734,12.91,1.9,6.5395,-74.456333,260.0,249.7,279.29
PTB.2020.006.23.33.41,PTB,2020.006.23.33.41,unlabelled,,,,,0,0,0.0,0.0,,,5.539000034332275,-72.62100219726562,-0.04,2.0,6.5395,-74.456333,260.0,231.35,118.47
PTB.2020.007.02.45.38,PTB,2020.007.02.45.38,unlabelled,,,,,0,0,0.0,0.0,-2.42,,4.932000160217285,-74.78700256347656,7.71,1.7,6.5395,-74.456333,260.0,181.5,191.66
PTB.2020.007.04.49.56,PTB,2020.007.04.49.56,unlabelled,,,,,0,0,0.0,0.0,,,4.382999897003174,-73.83000183105469,0.0,1.2,6.5395,-74.456333,260.0,248.37,163.74
PTB.2020.008.06.44.58,PTB,2020.008.06.44.58,unlabelled,,,,,0,0,0.0,0.0,,,6.894999980926514,-72.05500030517578,15.23,1.6,6.5395,-74.456333,260.0,268.39,81.44
PTB.2020.008.13.14.09,PTB,2020.008.13.14.09,unlabelled,,,,,0,0,0.0,0.0,-0.44,,7.01200008392334,-76.01599884033203,27.84,1.9,6.5395,-74.456333,260.0,180.16,286.95
PTB.2020.008.18.52.28,PTB,2020.008.18.52.28,unlabelled,,,,,0,0,0.0,0.0,,,3.5399999618530273,-74.25900268554688,3.68,1.7,6.5395,-74.456333,260.0,332.41,176.22
PTB.2020.008.22.09.46,PTB,2020.008.22.09.46,unlabelled,,,,,0,0,0.0,0.0,,,4.211999893188477,-75.80999755859375,4.41,2.0,6.5395,-74.456333,260.0,297.91,210.3
PTB.2020.010.08.36.09,PTB,2020.010.08.36.09,unlabelled,,,,,0,0,0.0,0.0,-0.12,,7.171999931335449,-76.25,27.97,1.5,6.5395,-74.456333,260.0,210.23,289.54
PTB.2020.010.12.37.14,PTB,2020.010.12.37.14,unlabelled,,,,,0,0,0.0,0.0,,,7.611999988555908,-72.95500183105469,15.84,1.6,6.5395,-74.456333,260.0,203.91,54.34
PTB.2020.010.14.01.07,PTB,2020.010.14.01.07,unlabelled,,,,,0,0,0.0,0.0,,,4.877999782562256,-75.37100219726562,5.46,2.7,6.5395,-74.456333,260.0,209.82,208.92
PTB.2020.010.14.20.56,PTB,2020.010.14.20.56,unlabelled,,,,,0,0,0.0,0.0,-0.82,-3.05,7.26200008392334,-75.02100372314453,4.56,1.5,6.5395,-74.456333,260.0,101.38,322.04
PTB.2020.011.10.19.22,PTB,2020.011.10.19.22,unlabelled,,,,,0,0,0.0,0.0,,,5.310999870300293,-74.6729965209961,5.89,1.7,6.5395,-74.456333,260.0,137.96,190.03
PTB.2020.011.14.02.51,PTB,2020.011.14.02.51,unlabelled,,,,,0,0,0.0,0.0,,,6.823999881744385,-76.6969985961914,15.13,2.0,6.5395,-74.456333,260.0,249.74,277.37
PTB.2020.012.05.54.36,PTB,2020.012.05.54.36,unlabelled,,,,,0,0,0.0,0.0,,,7.017000198364258,-76.36499786376953,10.49,1.6,6.5395,-74.456333,260.0,217.5,284.16
PTB.2020.012.07.47.41,PTB,2020.012.07.47.41,unlabelled,,,,,0,0,0.0,0.0,,,6.798999786376953,-76.67900085449219,28.65,1.6,6.5395,-74.456333,260.0,247.43,276.79
PTB.2020.014.13.42.13,PTB,2020.014.13.42.13,unlabelled,,,,,0,0,0.0,0.0,,,6.446000099182129,-76.95099639892578,28.57,2.0,6.5395,-74.456333,260.0,276.13,268.0
PTB.2020.015.06.27.10,PTB,2020.015.06.27.10,unlabelled,,,,,0,0,0.0,0.0,,,5.620999813079834,-72.40599822998047,0.01,1.6,6.5395,-74.456333,260.0,248.66,114.0
PTB.2020.015.08.28.09,PTB,2020.015.08.28.09,unlabelled,,,,,0,0,0.0,0.0,,,6.769000053405762,-72.00299835205078,0.0,2.1,6.5395,-74.456333,260.0,272.46,84.51
PTB.2020.015.08.55.12,PTB,2020.015.08.55.12,unlabelled,,,,,0,0,0.0,0.0,,,5.656000137329102,-72.36299896240234,3.68,1.7,6.5395,-74.456333,260.0,251.47,112.75
PTB.2020.016.03.03.39,PTB,2020.016.03.03.39,unlabelled,,,,,0,0,0.0,0.0,,,6.889999866485596,-76.19599914550781,-0.03,1.5,6.5395,-74.456333,260.0,196.21,281.49
PTB.2020.016.06.04.05,PTB,2020.016.06.04.05,unlabelled,,,,,0,0,0.0,0.0,,,4.739999771118164,-73.26399993896484,0.0,1.8,6.5395,-74.456333,260.0,238.84,146.36
PTB.2020.017.23.26.38,PTB,2020.017.23.26.38,unlabelled,,,,,0,0,0.0,0.0,,,6.9670000076293945,-76.2969970703125,9.51,1.7,6.5395,-74.456333,260.0,208.91,283.19
PTB.2020.018.00.34.25,PTB,2020.018.00.34.25,unlabelled,,,,,0,0,0.0,0.0,,,7.7170000076293945,-77.16400146484375,36.91,2.2,6.5395,-74.456333,260.0,326.21,293.69
PTB.2020.019.06.34.55,PTB,2020.019.06.34.55,unlabelled,,,,,0,0,0.0,0.0,,,7.291999816894531,-76.95800018310547,18.96,2.7,6.5395,-74.456333,260.0,288.72,286.9
PTB.2020.019.07.02.10,PTB,2020.019.07.02.10,unlabelled,,,,,0,0,0.0,0.0,,,7.255000114440918,-76.96700286865234,23.91,1.9,6.5395,-74.456333,260.0,288.54,286.06
PTB.2020.019.14.00.54,PTB,2020.019.14.00.54,unlabelled,,,,,0,0,0.0,0.0,-4.07,,3.8580000400543213,-75.0479965209961,4.22,1.6,6.5395,-74.456333,260.0,303.7,192.5
PTB.2020.019.15.14.02,PTB,2020.019.15.14.02,unlabelled,,,,,0,0,0.0,0.0,,,6.802999973297119,-76.2300033569336,4.14,2.1,6.5395,-74.456333,260.0,198.27,278.55
PTB.2020.019.17.03.08,PTB,2020.019.17.03.08,unlabelled,,,,,0,0,0.0,0.0,,,6.934000015258789,-72.01499938964844,23.98,1.9,6.5395,-74.456333,260.0,273.41,80.68
PTB.2020.019.21.26.49,PTB,2020.019.21.26.49,unlabelled,,,,,0,0,0.0,0.0,,,7.63700008392334,-72.7020034790039,3.38,1.8,6.5395,-74.456333,260.0,228.67,57.84
PTB.2020.020.04.51.23,PTB,2020.020.04.51.23,unlabelled,,,,,0,0,0.0,0.0,,,7.138000011444092,-77.04900360107422,16.09,2.0,6.5395,-74.456333,260.0,294.12,283.16
PTB.2020.020.07.06.36,PTB,2020.020.07.06.36,unlabelled,,,,,0,0,0.0,0.0,,,7.033999919891357,-76.66799926757812,35.82,1.6,6.5395,-74.456333,260.0,250.53,282.74
PTB.2020.020.11.29.48,PTB,2020.020.11.29.48,unlabelled,,,,,0,0,0.0,0.0,,,5.770999908447266,-73.04399871826172,4.56,1.5,6.5395,-74.456333,260.0,177.93,118.45
PTB.2020.020.14.40.29,PTB,2020.020.14.40.29,unlabelled,,,,,0,0,0.0,0.0,,,4.8420000076293945,-74.75800323486328,12.67,1.5,6.5395,-74.456333,260.0,190.67,190.11
PTB.2020.021.01.19.30,PTB,2020.021.01.19.30,unlabelled,,,,,0,0,0.0,0.0,,,4.644999980926514,-73.26399993896484,0.67,2.0,6.5395,-74.456333,260.0,247.67,147.71
PTB.2020.021.22.43.09,PTB,2020.021.22.43.09,unlabelled,,,,,0,0,0.0,0.0,,,6.495999813079834,-76.68000030517578,4.47,1.9,6.5395,-74.456333,260.0,246.0,269.01
PTB.2020.022.04.25.16,PTB,2020.022.04.25.16,unlabelled,,,,,0,0,0.0,0.0,,,3.9230000972747803,-74.02300262451172,1.09,1.8,6.5395,-74.456333,260.0,293.3,170.55
PTB.2020.022.05.17.47,PTB,2020.022.05.17.47,unlabelled,,,,,0,0,0.0,0.0,,,6.75,-72.15399932861328,21.13,1.7,6.5395,-74.456333,260.0,255.65,84.64
PTB.2020.023.20.49.30,PTB,2020.023.20.49.30,unlabelled,,,,,0,0,0.0,0.0,,,5.767000198364258,-72.62699890136719,3.5,2.0,6.5395,-74.456333,260.0,219.76,112.78
PTB.2020.024.19.33.33,PTB,2020.024.19.33.33,unlabelled,,,,,0,0,0.0,0.0,,,4.418000221252441,-73.83100128173828,0.24,1.7,6.5395,-74.456333,260.0,244.62,163.51
PTB.2020.025.11.28.04,PTB,2020.025.11.28.04,unlabelled,,,,,0,0,0.0,0.0,,,7.459000110626221,-76.94200134277344,20.0,1.9,6.5395,-74.456333,260.0,292.87,290.46
PTB.2020.025.16.59.17,PTB,2020.025.16.59.17,unlabelled,,,,,0,0,0.0,0.0,,,6.138000011444092,-72.35199737548828,1.58,1.9,6.5395,-74.456333,260.0,237.03,100.68
PTB.2020.026.18.32.23,PTB,2020.026.18.32.23,unlabelled,,,,,0,0,0.0,0.0,,,3.5460000038146973,-74.23999786376953,4.31,2.1,6.5395,-74.456333,260.0,331.9,175.85
PTB.2020.028.09.02.11,PTB,2020.028.09.02.11,unlabelled,,,,,0,0,0.0,0.0,,,4.13100004196167,-76.14199829101562,0.89,2.3,6.5395,-74.456333,260.0,325.33,215.13
PTB.2020.029.05.35.50,PTB,2020.029.05.35.50,unlabelled,,,,,0,0,0.0,0.0,,,6.2870001792907715,-77.33100128173828,25.0,1.8,6.5395,-74.456333,260.0,319.24,265.14
PTB.2020.031.01.42.02,PTB,2020.031.01.42.02,unlabelled,,,,,0,0,0.0,0.0,,,7.541999816894531,-76.96299743652344,18.96,1.7,6.5395,-74.456333,260.0,298.31,291.97
PTB.2020.032.00.50.09,PTB,2020.032.00.50.09,unlabelled,,,,,0,0,0.0,0.0,,,6.201000213623047,-72.29900360107422,-0.1,2.9,6.5395,-74.456333,260.0,241.6,98.79
PTB.2020.032.02.04.30,PTB,2020.032.02.04.30,unlabelled,,,,,0,0,0.0,0.0,,,6.635000228881836,-76.77400207519531,18.49,1.7,6.5395,-74.456333,260.0,256.53,272.49
PTB.2020.032.13.28.32,PTB,2020.032.13.28.32,unlabelled,,,,,0,0,0.0,0.0,,,7.182000160217285,-73.0510025024414,21.16,1.5,6.5395,-74.456333,260.0,170.81,65.34
PTB.2020.032.17.18.37,PTB,2020.032.17.18.37,unlabelled,,,,,0,0,0.0,0.0,,,7.234000205993652,-75.74500274658203,23.66,1.6,6.5395,-74.456333,260.0,161.81,298.41
PTB.2020.033.06.48.58,PTB,2020.033.06.48.58,unlabelled,,,,,0,0,0.0,0.0,-5.06,,4.953999996185303,-74.33499908447266,-0.17,1.5,6.5395,-74.456333,260.0,175.85,175.61
PTB.2020.033.15.24.59,PTB,2020.033.15.24.59,unlabelled,,,,,0,0,0.0,0.0,,,7.658999919891357,-72.53500366210938,3.68,1.6,6.5395,-74.456333,260.0,245.72,59.63
PTB.2020.033.17.27.52,PTB,2020.033.17.27.52,unlabelled,,,,,0,0,0.0,0.0,,,6.659999847412109,-76.84500122070312,22.24,1.6,6.5395,-74.456333,260.0,264.49,273.02
PTB.2020.033.20.38.08,PTB,2020.033.20.38.08,unlabelled,,,,,0,0,0.0,0.0,,,7.039999961853027,-76.3030014038086,14.56,1.5,6.5395,-74.456333,260.0,211.51,285.28
PTB.2020.033.22.19.10,PTB,2020.033.22.19.10,unlabelled,,,,,0,0,0.0,0.0,,,4.622000217437744,-76.16799926757812,14.87,1.7,6.5395,-74.456333,260.0,284.47,221.89
PTB.2020.035.07.28.35,PTB,2020.035.07.28.35,unlabelled,,,,,0,0,0.0,0.0,,,6.7779998779296875,-76.69000244140625,17.58,1.7,6.5395,-74.456333,260.0,248.39,276.22
PTB.2020.035.10.19.45,PTB,2020.035.10.19.45,unlabelled,,,,,0,0,0.0,0.0,,,6.429999828338623,-76.69100189208984,17.04,1.7,6.5395,-74.456333,260.0,247.48,267.32
PTB.2020.036.09.25.04,PTB,2020.036.09.25.04,unlabelled,,,,,0,0,0.0,0.0,,,6.656000137329102,-76.73600006103516,4.43,2.0,6.5395,-74.456333,260.0,252.43,273.06
PTB.2020.036.23.05.00,PTB,2020.036.23.05.00,unlabelled,,,,,0,0,0.0,0.0,,,6.88100004196167,-76.60900115966797,0.0,1.6,6.5395,-74.456333,260.0,240.98,279.14
PTB.2020.037.05.25.54,PTB,2020.037.05.25.54,unlabelled,,,,,0,0,0.0,0.0,,,6.933000087738037,-72.4000015258789,0.0,1.7,6.5395,-74.456333,260.0,231.47,79.04
PTB.2020.037.19.36.06,PTB,2020.037.19.36.06,unlabelled,,,,,0,0,0.0,0.0,,,5.0970001220703125,-74.80500030517578,18.03,1.5,6.5395,-74.456333,260.0,164.13,193.63
PTB.2020.038.02.56.14,PTB,2020.038.02.56.14,unlabelled,,,,,0,0,0.0,0.0,,,7.229000091552734,-77.10800170898438,31.83,2.3,6.5395,-74.456333,260.0,302.82,284.74
PTB.2020.038.03.32.25,PTB,2020.038.03.32.25,unlabelled,,,,,0,0,0.0,0.0,,,7.2210001945495605,-77.08000183105469,31.88,1.8,6.5395,-74.456333,260.0,299.61,284.72
PTB.2020.038.05.15.08,PTB,2020.038.05.15.08,unlabelled,,,,,0,0,0.0,0.0,,,6.605000019073486,-76.7699966430664,22.1,1.6,6.5395,-74.456333,260.0,255.98,271.75
PTB.2020.039.10.07.26,PTB,2020.039.10.07.26,unlabelled,,,,,0,0,0.0,0.0,,,4.986000061035156,-72.98699951171875,2.81,1.5,6.5395,-74.456333,260.0,236.64,136.47
PTB.2020.039.20.47.51,PTB,2020.039.20.47.51,unlabelled,,,,,0,0,0.0,0.0,,,6.4770002365112305,-76.74099731445312,16.16,1.6,6.5395,-74.456333,260.0,252.79,268.56
PTB.2020.039.20.49.16,PTB,2020.039.20.49.16,unlabelled,,,,,0,0,0.0,0.0,,,6.485000133514404,-76.73200225830078,17.01,1.6,6.5395,-74.456333,260.0,251.77,268.76
PTB.2020.039.23.47.43,PTB,2020.039.23.47.43,unlabelled,,,,,0,0,0.0,0.0,,,7.104000091552734,-72.36799621582031,5.41,1.7,6.5395,-74.456333,260.0,239.13,74.74
PTB.2020.040.01.20.11,PTB,2020.040.01.20.11,unlabelled,,,,,0,0,0.0,0.0,-0.34,-1.1,5.202000141143799,-72.99800109863281,0.0,1.9,6.5395,-74.456333,260.0,218.99,132.41
PTB.2020.040.03.43.21,PTB,2020.040.03.43.21,unlabelled,,,,,0,0,0.0,0.0,-1.22,,4.414000034332275,-75.6989974975586,4.5,1.5,6.5395,-74.456333,260.0,272.41,210.43
PTB.2020.040.09.05.52,PTB,2020.040.09.05.52,unlabelled,,,,,0,0,0.0,0.0,,,5.984000205993652,-72.51399993896484,0.0,1.9,6.5395,-74.456333,260.0,223.54,105.84
PTB.2020.041.06.10.22,PTB,2020.041.06.10.22,unlabelled,,,,,0,0,0.0,0.0,,,3.6640000343322754,-74.16200256347656,17.17,1.9,6.5395,-74.456333,260.0,319.65,174.13
PTB.2020.041.08.45.58,PTB,2020.041.08.45.58,unlabelled,,,,,0,0,0.0,0.0,,,5.809000015258789,-72.48100280761719,3.86,1.6,6.5395,-74.456333,260.0,233.07,110.17
PTB.2020.041.12.14.39,PTB,2020.041.12.14.39,unlabelled,,,,,0,0,0.0,0.0,,,3.6480000019073486,-74.18000030517578,16.69,1.5,6.5395,-74.456333,260.0,321.22,174.51
PTB.2020.041.18.59.31,PTB,2020.041.18.59.31,unlabelled,,,,,0,0,0.0,0.0,,,7.043000221252441,-76.27300262451172,8.36,1.8,6.5395,-74.456333,260.0,208.4,285.6
PTB.2020.041.20.12.35,PTB,2020.041.20.12.35,unlabelled,,,,,0,0,0.0,0.0,-3.67,-6.17,6.861000061035156,-76.24800109863281,8.04,1.9,6.5395,-74.456333,260.0,201.26,280.28
PTB.2020.041.22.06.23,PTB,2020.041.22.06.23,unlabelled,,,,,0,0,0.0,0.0,,,5.836999893188477,-74.9000015258789,4.65,1.5,6.5395,-74.456333,260.0,91.9,212.32
PTB.2020.042.01.58.04,PTB,2020.042.01.58.04,unlabelled,,,,,0,0,0.0,0.0,,,7.047999858856201,-76.21199798583984,7.0,1.8,6.5395,-74.456333,260.0,202.06,286.26
PTB.2020.042.13.36.27,PTB,2020.042.13.36.27,unlabelled,,,,,0,0,0.0,0.0,,,4.368000030517578,-73.48100280761719,4.47,1.5,6.5395,-74.456333,260.0,263.34,155.72
PTB.2020.042.22.14.44,PTB,2020.042.22.14.44,unlabelled,,,,,0,0,0.0,0.0,,,7.210000038146973,-73.04399871826172,20.74,1.6,6.5395,-74.456333,260.0,172.81,64.51
PTB.2020.042.22.41.39,PTB,2020.042.22.41.39,unlabelled,,,,,0,0,0.0,0.0,,,6.828999996185303,-76.13999938964844,2.06,1.6,6.5395,-74.456333,260.0,188.89,279.86
PTB.2020.043.10.34.08,PTB,2020.043.10.34.08,unlabelled,,,,,0,0,0.0,0.0,,,5.118000030517578,-73.12699890136719,2.26,1.5,6.5395,-74.456333,260.0,215.37,136.81
PTB.2020.043.13.07.01,PTB,2020.043.13.07.01,unlabelled,,,,,0,0,0.0,0.0,-1.38,,6.828000068664551,-76.29299926757812,13.49,1.7,6.5395,-74.456333,260.0,205.57,279.03
PTB.2020.043.14.10.56,PTB,2020.043.14.10.56,unlabelled,,,,,0,0,0.0,0.0,,,5.708000183105469,-76.53800201416016,25.86,1.6,6.5395,-74.456333,260.0,248.09,248.36
PTB.2020.043.17.59.55,PTB,2020.043.17.59.55,unlabelled,,,,,0,0,0.0,0.0,,,6.809000015258789,-76.18000030517578,4.15,1.6,6.5395,-74.456333,260.0,192.9,278.99
PTB.2020.044.02.17.28,PTB,2020.044.02.17.28,unlabelled,,,,,0,0,0.0,0.0,,,3.5850000381469727,-74.25199890136719,13.79,1.5,6.5395,-74.456333,260.0,327.5,176.02
PTB.2020.044.06.10.32,PTB,2020.044.06.10.32,unlabelled,,,,,0,0,0.0,0.0,,,6.367000102996826,-76.11699676513672,3.92,1.5,6.5395,-74.456333,260.0,184.69,264.17
PTB.2020.044.23.48.34,PTB,2020.044.23.48.34,unlabelled,,,,,0,0,0.0,0.0,,,3.7890000343322754,-75.6760025024414,3.04,2.1,6.5395,-74.456333,260.0,332.86,204.03
PTB.2020.045.04.21.36,PTB,2020.045.04.21.36,unlabelled,,,,,0,0,0.0,0.0,,,6.699999809265137,-72.06400299072266,0.0,1.8,6.5395,-74.456333,260.0,265.14,86.02
PTB.2020.045.06.29.37,PTB,2020.045.06.29.37,unlabelled,,,,,0,0,0.0,0.0,,,7.355000019073486,-72.1780014038086,1.58,1.6,6.5395,-74.456333,260.0,267.44,70.16
PTB.2020.046.01.13.01,PTB,2020.046.01.13.01,unlabelled,,,,,0,0,0.0,0.0,,,6.840000152587891,-76.73699951171875,0.11,1.9,6.5395,-74.456333,260.0,254.35,277.64
PTB.2020.046.04.31.08,PTB,2020.046.04.31.08,unlabelled,,,,,0,0,0.0,0.0,,,3.63100004196167,-73.90499877929688,1.22,1.6,6.5395,-74.456333,260.0,327.39,169.21
PTB.2020.046.04.32.02,PTB,2020.046.04.32.02,unlabelled,,,,,0,0,0.0,0.0,,,3.63100004196167,-73.8949966430664,0.33,1.8,6.5395,-74.456333,260.0,327.6,169.02
PTB.2020.046.05.41.18,PTB,2020.046.05.41.18,unlabelled,,,,,0,0,0.0,0.0,,,6.119999885559082,-72.49800109863281,3.64,1.6,6.5395,-74.456333,260.0,221.59,101.98
PTB.2020.046.06.43.07,PTB,2020.046.06.43.07,unlabelled,,,,,0,0,0.0,0.0,,,6.4039998054504395,-76.58300018310547,18.21,1.8,6.5395,-74.456333,260.0,235.72,266.48
PTB.2020.046.18.51.36,PTB,2020.046.18.51.36,unlabelled,,,,,0,0,0.0,0.0,,,6.004000186920166,-72.4260025024414,4.16,2.2,6.5395,-74.456333,260.0,232.34,104.65
PTB.2020.048.07.29.03,PTB,2020.048.07.29.03,unlabelled,,,,,0,0,0.0,0.0,,,3.8610000610351562,-74.00199890136719,3.29,1.6,6.5395,-74.456333,260.0,300.45,170.33
PTB.2020.049.01.43.41,PTB,2020.049.01.43.41,unlabelled,,,,,0,0,0.0,0.0,-0.64,,3.691999912261963,-74.22599792480469,14.49,2.6,6.5395,-74.456333,260.0,315.92,175.35
PTB.2020.049.05.31.36,PTB,2020.049.05.31.36,unlabelled,,,,,0,0,0.0,0.0,,,6.936999797821045,-76.2040023803711,-1.48,1.4,6.5395,-74.456333,260.0,198.15,282.92
PTB.2020.049.12.12.53,PTB,2020.049.12.12.53,unlabelled,,,,,0,0,0.0,0.0,-1.61,,7.201000213623047,-76.86900329589844,14.43,1.8,6.5395,-74.456333,260.0,276.51,285.48
PTB.2020.050.08.09.11,PTB,2020.050.08.09.11,unlabelled,,,,,0,0,0.0,0.0,,,6.863999843597412,-76.67900085449219,0.0,1.6,6.5395,-74.456333,260.0,248.35,278.44
PTB.2020.050.21.33.28,PTB,2020.050.21.33.28,unlabelled,,,,,0,0,0.0,0.0,,,3.5480000972747803,-74.43699645996094,19.98,1.5,6.5395,-74.456333,260.0,330.82,179.63
PTB.2020.051.00.49.35,PTB,2020.051.00.49.35,unlabelled,,,,,0,0,0.0,0.0,,,3.9179999828338623,-74.07499694824219,3.77,1.5,6.5395,-74.456333,260.0,292.96,171.69
PTB.2020.051.22.10.36,PTB,2020.051.22.10.36,unlabelled,,,,,0,0,0.0,0.0,,,4.988999843597412,-72.93000030517578,0.0,1.9,6.5395,-74.456333,260.0,240.79,135.33
PTB.2020.052.00.37.31,PTB,2020.052.00.37.31,unlabelled,,,,,0,0,0.0,0.0,,,7.214000225067139,-77.31900024414062,12.83,2.2,6.5395,-74.456333,260.0,325.07,283.43
PTB.2020.052.01.48.44,PTB,2020.052.01.48.44,unlabelled,,,,,0,0,0.0,0.0,,,6.815999984741211,-76.16200256347656,-0.05,1.6,6.5395,-74.456333,260.0,191.06,279.31
PTB.2020.052.10.17.36,PTB,2020.052.10.17.36,unlabelled,,,,,0,0,0.0,0.0,,,3.6040000915527344,-74.10399627685547,6.62,2.2,6.5395,-74.456333,260.0,326.96,173.12
PTB.2020.052.13.44.23,PTB,2020.052.13.44.23,unlabelled,,,,,0,0,0.0,0.0,,,6.373000144958496,-76.6500015258789,14.73,1.6,6.5395,-74.456333,260.0,243.36,265.78
PTB.2020.053.00.30.27,PTB,2020.053.00.30.27,unlabelled,,,,,0,0,0.0,0.0,-4.86,-0.69,7.329999923706055,-76.10299682617188,13.87,1.8,6.5395,-74.456333,260.0,201.88,295.76
PTB.2020.053.10.14.39,PTB,2020.053.10.14.39,unlabelled,,,,,0,0,0.0,0.0,,,6.298999786376953,-72.28900146484375,0.0,4.2,6.5395,-74.456333,260.0,241.23,96.21
PTB.2020.053.10.16.11,PTB,2020.053.10.16.11,unlabelled,,,,,0,0,0.0,0.0,,,6.276000022888184,-72.29900360107422,1.32,3.4,6.5395,-74.456333,260.0,240.43,96.84
PTB.2020.054.23.24.09,PTB,2020.054.23.24.09,unlabelled,,,,,0,0,0.0,0.0,,,6.693999767303467,-76.83499908447266,3.65,2.2,6.5395,-74.456333,260.0,263.59,273.85
PTB.2020.054.23.47.43,PTB,2020.054.23.47.43,unlabelled,,,,,0,0,0.0,0.0,,,4.466000080108643,-76.22100067138672,3.64,1.9,6.5395,-74.456333,260.0,301.35,220.55
PTB.2020.055.16.29.54,PTB,2020.055.16.29.54,unlabelled,,,,,0,0,0.0,0.0,,,5.76800012588501,-75.83599853515625,21.72,1.8,6.5395,-74.456333,260.0,174.92,240.88
PTB.2020.056.00.35.35,PTB,2020.056.00.35.35,unlabelled,,,,,0,0,0.0,0.0,,,7.116000175476074,-72.36599731445312,2.87,1.6,6.5395,-74.456333,260.0,239.69,74.45
PTB.2020.056.04.08.40,PTB,2020.056.04.08.40,unlabelled,,,,,0,0,0.0,0.0,,,7.113999843597412,-77.03199768066406,30.0,1.5,6.5395,-74.456333,260.0,291.7,282.73
PTB.2020.057.00.57.19,PTB,2020.057.00.57.19,unlabelled,,,,,0,0,0.0,0.0,,,6.269999980926514,-73.86000061035156,28.16,1.5,6.5395,-74.456333,260.0,72.39,114.28
PTB.2020.057.05.16.21,PTB,2020.057.05.16.21,unlabelled,,,,,0,0,0.0,0.0,,,5.960999965667725,-76.52400207519531,5.46,2.0,6.5395,-74.456333,260.0,237.59,254.49
PTB.2020.057.05.43.12,PTB,2020.057.05.43.12,unlabelled,,,,,0,0,0.0,0.0,,,5.622000217437744,-72.9260025024414,3.64,1.5,6.5395,-74.456333,260.0,197.46,120.84
PTB.2020.057.13.48.18,PTB,2020.057.13.48.18,unlabelled,,,,,0,0,0.0,0.0,,,6.854000091552734,-76.55400085449219,1.45,2.1,6.5395,-74.456333,260.0,234.52,278.65
PTB.2020.057.19.09.53,PTB,2020.057.19.09.53,unlabelled,,,,,0,0,0.0,0.0,,,5.3470001220703125,-76.3949966430664,23.23,2.0,6.5395,-74.456333,260.0,251.93,238.54
PTB.2020.058.02.00.57,PTB,2020.058.02.00.57,unlabelled,,,,,0,0,0.0,0.0,,,6.815000057220459,-76.1969985961914,3.25,1.5,6.5395,-74.456333,260.0,194.86,279.1
PTB.2020.058.03.49.26,PTB,2020.058.03.49.26,unlabelled,,,,,0,0,0.0,0.0,,,3.558000087738037,-74.44200134277344,28.05,1.9,6.5395,-74.456333,260.0,329.71,179.72
PTB.2020.058.13.35.04,PTB,2020.058.13.35.04,unlabelled,,,,,0,0,0.0,0.0,,,6.921000003814697,-76.84100341796875,0.0,2.3,6.5395,-74.456333,260.0,267.0,279.23
PTB.2020.059.05.16.30,PTB,2020.059.05.16.30,unlabelled,,,,,0,0,0.0,0.0,,,7.271999835968018,-76.6760025024414,0.0,1.6,6.5395,-74.456333,260.0,258.34,288.41
PTB.2020.060.05.25.02,PTB,2020.060.05.25.02,unlabelled,,,,,0,0,0.0,0.0,,,6.558000087738037,-72.06199645996094,0.0,1.6,6.5395,-74.456333,260.0,264.82,89.42
PTB.2020.060.18.37.07,PTB,2020.060.18.37.07,unlabelled,,,,,0,0,0.0,0.0,,,7.077000141143799,-76.13500213623047,15.81,1.5,6.5395,-74.456333,260.0,194.85,287.86
PTB.2020.060.20.51.01,PTB,2020.060.20.51.01,unlabelled,,,,,0,0,0.0,0.0,,,5.0329999923706055,-76.59500122070312,17.35,1.6,6.5395,-74.456333,260.0,289.58,234.99
PTB.2020.061.21.12.29,PTB,2020.061.21.12.29,unlabelled,,,,,0,0,0.0,0.0,-2.77,-0.0,6.807000160217285,-76.21800231933594,-0.02,1.5,6.5395,-74.456333,260.0,197.02,278.74
PTB.2020.062.04.59.04,PTB,2020.062.04.59.04,unlabelled,,,,,0,0,0.0,0.0,-2.38,,6.561999797821045,-77.0,28.46,1.7,6.5395,-74.456333,260.0,281.33,270.65
PTB.2020.063.10.38.03,PTB,2020.063.10.38.03,unlabelled,,,,,0,0,0.0,0.0,,,4.877999782562256,-74.572998046875,21.53,1.6,6.5395,-74.456333,260.0,184.19,184.03
PTB.2020.063.21.31.16,PTB,2020.063.21.31.16,unlabelled,,,,,0,0,0.0,0.0,-3.87,,6.890999794006348,-76.29299926757812,0.04,2.0,6.5395,-74.456333,260.0,206.75,280.94
PTB.2020.064.04.12.08,PTB,2020.064.04.12.08,unlabelled,,,,,0,0,0.0,0.0,,,4.571000099182129,-76.16999816894531,15.55,1.7,6.5395,-74.456333,260.0,288.85,221.18
PTB.2020.064.20.45.32,PTB,2020.064.20.45.32,unlabelled,,,,,0,0,0.0,0.0,,,5.484000205993652,-76.70500183105469,30.92,1.5,6.5395,-74.456333,260.0,274.96,245.0
PTB.2020.065.16.20.43,PTB,2020.065.16.20.43,unlabelled,,,,,0,0,0.0,0.0,,,5.749000072479248,-75.85600280761719,21.29,1.7,6.5395,-74.456333,260.0,177.88,240.64
PTB.2020.065.17.06.15,PTB,2020.065.17.06.15,unlabelled,,,,,0,0,0.0,0.0,,,6.935999870300293,-76.20600128173828,17.0,1.5,6.5395,-74.456333,260.0,198.34,282.87
PTB.2020.066.19.15.43,PTB,2020.066.19.15.43,unlabelled,,,,,0,0,0.0,0.0,,,7.053999900817871,-76.6520004272461,16.32,1.7,6.5395,-74.456333,260.0,249.29,283.32
PTB.2020.067.04.19.48,PTB,2020.067.04.19.48,unlabelled,,,,,0,0,0.0,0.0,,,5.136000156402588,-72.97200012207031,3.66,1.9,6.5395,-74.456333,260.0,226.08,133.28
PTB.2020.067.08.19.10,PTB,2020.067.08.19.10,unlabelled,,,,,0,0,0.0,0.0,,,7.400000095367432,-72.0,4.9,1.6,6.5395,-74.456333,260.0,287.63,70.53
PTB.2020.067.22.12.01,PTB,2020.067.22.12.01,unlabelled,,,,,0,0,0.0,0.0,,,7.182000160217285,-72.16699981689453,0.0,1.9,6.5395,-74.456333,260.0,262.82,74.18
PTB.2020.068.03.07.04,PTB,2020.068.03.07.04,unlabelled,,,,,0,0,0.0,0.0,,,6.50600004196167,-76.697998046875,21.71,1.6,6.5395,-74.456333,260.0,247.96,269.27
PTB.2020.068.05.30.39,PTB,2020.068.05.30.39,unlabelled,,,,,0,0,0.0,0.0,,,6.932000160217285,-76.66899871826172,4.58,2.1,6.5395,-74.456333,260.0,248.44,280.19
PTB.2020.069.02.30.03,PTB,2020.069.02.30.03,unlabelled,,,,,0,0,0.0,0.0,,,4.909999847412109,-76.79900360107422,29.36,1.6,6.5395,-74.456333,260.0,315.92,235.34
PTB.2020.069.05.57.49,PTB,2020.069.05.57.49,unlabelled,,,,,0,0,0.0,0.0,,,6.783999919891357,-76.74700164794922,3.48,1.5,6.5395,-74.456333,260.0,254.72,276.23
PTB.2020.070.14.14.25,PTB,2020.070.14.14.25,unlabelled,,,,,0,0,0.0,0.0,,,5.047999858856201,-72.99500274658203,4.58,1.5,6.5395,-74.456333,260.0,231.08,135.47
PTB.2020.071.10.20.38,PTB,2020.071.10.20.38,unlabelled,,,,,0,0,0.0,0.0,,,7.014999866485596,-76.5780029296875,0.0,2.3,6.5395,-74.456333,260.0,240.37,282.76
PTB.2020.071.10.24.13,PTB,2020.071.10.24.13,unlabelled,,,,,0,0,0.0,0.0,,,6.9670000076293945,-76.62699890136719,18.79,1.7,6.5395,-74.456333,260.0,244.58,281.27
PTB.2020.072.06.00.52,PTB,2020.072.06.00.52,unlabelled,,,,,0,0,0.0,0.0,,,6.935999870300293,-72.23400115966797,-0.02,1.8,6.5395,-74.456333,260.0,249.57,79.75
PTB.2020.072.09.56.31,PTB,2020.072.09.56.31,unlabelled,,,,,0,0,0.0,0.0,,,3.5420000553131104,-74.47899627685547,16.04,2.2,6.5395,-74.456333,260.0,331.48,180.44
PTB.2020.073.00.54.18,PTB,2020.073.00.54.18,unlabelled,,,,,0,0,0.0,0.0,,,6.993000030517578,-76.08200073242188,9.67,1.5,6.5395,-74.456333,260.0,186.58,285.69
PTB.2020.073.02.48.18,PTB,2020.073.02.48.18,unlabelled,,,,,0,0,0.0,0.0,,,7.118000030517578,-72.42400360107422,-0.04,1.7,6.5395,-74.456333,260.0,233.57,73.98
PTB.2020.073.03.14.54,PTB,2020.073.03.14.54,unlabelled,,,,,0,0,0.0,0.0,,,7.414000034332275,-72.052001953125,14.61,1.7,6.5395,-74.456333,260.0,282.73,69.85
PTB.2020.073.04.01.18,PTB,2020.073.04.01.18,unlabelled,,,,,0,0,0.0,0.0,,,5.639999866485596,-72.44000244140625,0.02,1.5,6.5395,-74.456333,260.0,244.36,113.91
PTB.2020.073.05.11.41,PTB,2020.073.05.11.41,unlabelled,,,,,0,0,0.0,0.0,,,6.888999938964844,-77.10099792480469,16.62,1.6,6.5395,-74.456333,260.0,294.94,277.68
PTB.2020.073.14.38.30,PTB,2020.073.14.38.30,unlabelled,,,,,0,0,0.0,0.0,,,5.656000137329102,-76.60700225830078,11.81,1.7,6.5395,-74.456333,260.0,257.33,247.8
PTB.2020.073.19.37.12,PTB,2020.073.19.37.12,unlabelled,,,,,0,0,0.0,0.0,,,6.806000232696533,-76.6050033569336,-0.01,1.7,6.5395,-74.456333,260.0,239.4,277.2
PTB.2020.073.23.49.46,PTB,2020.073.23.49.46,unlabelled,,,,,0,0,0.0,0.0,,,6.785999774932861,-76.14800262451172,-0.02,1.5,6.5395,-74.456333,260.0,189.03,278.39
PTB.2020.074.07.38.02,PTB,2020.074.07.38.02,unlabelled,,,,,0,0,0.0,0.0,,,5.374000072479248,-76.44999694824219,32.14,1.6,6.5395,-74.456333,260.0,255.61,239.83
PTB.2020.074.09.25.47,PTB,2020.074.09.25.47,unlabelled,,,,,0,0,0.0,0.0,,,7.330999851226807,-72.13099670410156,0.0,2.0,6.5395,-74.456333,260.0,271.47,71.05
PTB.2020.075.18.37.09,PTB,2020.075.18.37.09,unlabelled,,,,,0,0,0.0,0.0,,,6.886000156402588,-75.81400299072266,27.86,1.9,6.5395,-74.456333,260.0,154.92,284.4
PTB.2020.075.21.14.46,PTB,2020.075.21.14.46,unlabelled,,,,,0,0,0.0,0.0,,,6.486999988555908,-76.7239990234375,13.86,1.5,6.5395,-74.456333,260.0,250.88,268.8
PTB.2020.075.22.31.48,PTB,2020.075.22.31.48,unlabelled,,,,,0,0,0.0,0.0,,,7.270999908447266,-76.2249984741211,0.01,1.8,6.5395,-74.456333,260.0,211.55,292.59
PTB.2020.075.23.31.43,PTB,2020.075.23.31.43,unlabelled,,,,,0,0,0.0,0.0,,,5.175000190734863,-73.01699829101562,1.44,1.7,6.5395,-74.456333,260.0,219.49,133.36
PTB.2020.077.02.11.22,PTB,2020.077.02.11.22,unlabelled,,,,,0,0,0.0,0.0,,,6.64900016784668,-76.79000091552734,11.27,2.3,6.5395,-74.456333,260.0,258.36,272.82
PTB.2020.077.08.22.03,PTB,2020.077.08.22.03,unlabelled,,,,,0,0,0.0,0.0,,,4.502999782562256,-76.60600280761719,28.96,1.6,6.5395,-74.456333,260.0,327.79,226.71
PTB.2020.077.14.15.49,PTB,2020.077.14.15.49,unlabelled,,,,,0,0,0.0,0.0,,,6.813000202178955,-76.18199920654297,15.39,1.5,6.5395,-74.456333,260.0,193.19,279.11
PTB.2020.077.15.13.33,PTB,2020.077.15.13.33,unlabelled,,,,,0,0,0.0,0.0,,,5.2769999504089355,-72.67400360107422,0.01,1.8,6.5395,-74.456333,260.0,241.75,125.18
PTB.2020.077.16.58.32,PTB,2020.077.16.58.32,unlabelled,,,,,0,0,0.0,0.0,-3.81,-7.6,6.849999904632568,-76.15299987792969,0.0,2.3,6.5395,-74.456333,260.0,190.71,280.47
PTB.2020.078.09.05.03,PTB,2020.078.09.05.03,unlabelled,,,,,0,0,0.0,0.0,,,6.540999889373779,-76.7030029296875,3.73,1.8,6.5395,-74.456333,260.0,248.48,270.17
PTB.2020.078.11.18.36,PTB,2020.078.11.18.36,unlabelled,,,,,0,0,0.0,0.0,,,6.168000221252441,-76.60399627685547,18.7,1.5,6.5395,-74.456333,260.0,241.14,260.31
PTB.2020.079.03.47.43,PTB,2020.079.03.47.43,unlabelled,,,,,0,0,0.0,0.0,,,7.210000038146973,-77.21299743652344,21.75,1.9,6.5395,-74.456333,260.0,313.57,283.84
PTB.2020.079.15.37.03,PTB,2020.079.15.37.03,unlabelled,,,,,0,0,0.0,0.0,,,4.359000205993652,-76.51300048828125,20.7,2.0,6.5395,-74.456333,260.0,331.79,223.49
PTB.2020.079.20.24.41,PTB,2020.079.20.24.41,unlabelled,,,,,0,0,0.0,0.0,,,3.809000015258789,-75.68699645996094,3.63,1.9,6.5395,-74.456333,260.0,331.34,204.38
PTB.2020.079.20.56.19,PTB,2020.079.20.56.19,unlabelled,,,,,0,0,0.0,0.0,,,3.805000066757202,-75.6729965209961,5.28,1.5,6.5395,-74.456333,260.0,331.11,204.1
PTB.2020.079.22.37.10,PTB,2020.079.22.37.10,unlabelled,,,,,0,0,0.0,0.0,,,3.812999963760376,-75.68000030517578,3.98,1.8,6.5395,-74.456333,260.0,330.62,204.28
PTB.2020.080.01.24.37,PTB,2020.080.01.24.37,unlabelled,,,,,0,0,0.0,0.0,,,5.986999988555908,-72.48899841308594,3.49,1.8,6.5395,-74.456333,260.0,226.11,105.57
PTB.2020.080.05.21.37,PTB,2020.080.05.21.37,unlabelled,,,,,0,0,0.0,0.0,-5.75,,5.9039998054504395,-75.95899963378906,28.0,1.7,6.5395,-74.456333,260.0,180.54,247.17
PTB.2020.080.09.35.02,PTB,2020.080.09.35.02,unlabelled,,,,,0,0,0.0,0.0,,,6.578999996185303,-72.20999908447266,0.0,2.1,6.5395,-74.456333,260.0,248.47,88.86
PTB.2020.080.16.33.07,PTB,2020.080.16.33.07,unlabelled,,,,,0,0,0.0,0.0,,,3.819999933242798,-75.69400024414062,4.25,2.4,6.5395,-74.456333,260.0,330.55,204.58
PTB.2020.080.22.36.13,PTB,2020.080.22.36.13,unlabelled,,,,,0,0,0.0,0.0,,,4.3520002365112305,-73.80000305175781,-2.01,0.9,6.5395,-74.456333,260.0,252.6,163.23
PTB.2020.080.23.18.46,PTB,2020.080.23.18.46,unlabelled,,,,,0,0,0.0,0.0,,,3.7669999599456787,-74.9469985961914,26.96,2.0,6.5395,-74.456333,260.0,311.38,190.08
PTB.2020.081.08.10.40,PTB,2020.081.08.10.40,unlabelled,,,,,0,0,0.0,0.0,,,6.933000087738037,-77.03900146484375,3.7,1.5,6.5395,-74.456333,260.0,288.83,278.82
PTB.2020.081.21.12.20,PTB,2020.081.21.12.20,unlabelled,,,,,0,0,0.0,0.0,,,6.322000026702881,-76.08499908447266,16.15,1.5,6.5395,-74.456333,260.0,181.77,262.49
PTB.2020.082.03.15.18,PTB,2020.082.03.15.18,unlabelled,,,,,0,0,0.0,0.0,,,3.696000099182129,-73.93199920654297,21.6,2.3,6.5395,-74.456333,260.0,319.77,169.5
PTB.2020.082.06.53.25,PTB,2020.082.06.53.25,unlabelled,,,,,0,0,0.0,0.0,,,4.0879998207092285,-73.96099853515625,1.58,2.0,6.5395,-74.456333,260.0,276.6,168.53
PTB.2020.082.10.53.21,PTB,2020.082.10.53.21,unlabelled,,,,,0,0,0.0,0.0,,,5.85699987411499,-72.23799896240234,1.8,1.8,6.5395,-74.456333,260.0,256.85,106.97
PTB.2020.082.12.37.31,PTB,2020.082.12.37.31,unlabelled,,,,,0,0,0.0,0.0,,,4.00600004196167,-75.56999969482422,4.29,1.6,6.5395,-74.456333,260.0,306.15,203.83
PTB.2020.083.19.15.36,PTB,2020.083.19.15.36,unlabelled,,,,,0,0,0.0,0.0,,,3.5239999294281006,-74.45999908447266,20.36,1.7,6.5395,-74.456333,260.0,333.46,180.07
PTB.2020.083.23.25.56,PTB,2020.083.23.25.56,unlabelled,,,,,0,0,0.0,0.0,-2.78,-0.59,7.730999946594238,-72.0479965209961,5.98,2.3,6.5395,-74.456333,260.0,296.87,63.5
PTB.2020.084.13.07.52,PTB,2020.084.13.07.52,unlabelled,,,,,0,0,0.0,0.0,,,4.775000095367432,-73.26300048828125,0.0,1.5,6.5395,-74.456333,260.0,235.69,145.82
PTB.2020.084.14.31.33,PTB,2020.084.14.31.33,unlabelled,,,,,0,0,0.0,0.0,,,7.324999809265137,-77.25700378417969,38.39,2.0,6.5395,-74.456333,260.0,321.46,285.84
PTB.2020.085.12.24.50,PTB,2020.085.12.24.50,unlabelled,,,,,0,0,0.0,0.0,-0.3,,6.800000190734863,-76.72699737548828,18.64,2.4,6.5395,-74.456333,260.0,252.72,276.68
PTB.2020.085.15.31.59,PTB,2020.085.15.31.59,unlabelled,,,,,0,0,0.0,0.0,,,6.757999897003174,-76.6989974975586,21.19,1.5,6.5395,-74.456333,260.0,249.16,275.69
PTB.2020.086.07.01.55,PTB,2020.086.07.01.55,unlabelled,,,,,0,0,0.0,0.0,-2.64,,6.8470001220703125,-76.18199920654297,0.0,1.6,6.5395,-74.456333,260.0,193.81,280.21
PTB.2020.086.08.04.32,PTB,2020.086.08.04.32,unlabelled,,,,,0,0,0.0,0.0,,,4.513000011444092,-74.96399688720703,0.0,1.6,6.5395,-74.456333,260.0,231.05,194.12
PTB.2020.087.14.20.51,PTB,2020.087.14.20.51,unlabelled,,,,,0,0,0.0,0.0,,,6.785999774932861,-76.72799682617188,23.09,1.6,6.5395,-74.456333,260.0,252.66,276.32
PTB.2020.088.03.51.58,PTB,2020.088.03.51.58,unlabelled,,,,,0,0,0.0,0.0,,,6.390999794006348,-76.73799896240234,29.82,2.3,6.5395,-74.456333,260.0,252.92,266.41
PTB.2020.088.04.18.59,PTB,2020.088.04.18.59,unlabelled,,,,,0,0,0.0,0.0,,,6.7779998779296875,-71.93199920654297,0.0,1.7,6.5395,-74.456333,260.0,280.37,84.46
PTB.2020.088.05.06.14,PTB,2020.088.05.06.14,unlabelled,,,,,0,0,0.0,0.0,,,6.728000164031982,-76.71700286865234,17.05,1.6,6.5395,-74.456333,260.0,250.85,274.9
PTB.2020.088.07.50.54,PTB,2020.088.07.50.54,unlabelled,,,,,0,0,0.0,0.0,,,7.105000019073486,-76.91999816894531,21.42,2.0,6.5395,-74.456333,260.0,279.41,283.08
PTB.2020.088.22.25.49,PTB,2020.088.22.25.49,unlabelled,,,,,0,0,0.0,0.0,,,6.296999931335449,-72.40399932861328,-0.24,2.0,6.5395,-74.456333,260.0,228.62,96.62
PTB.2020.089.06.36.34,PTB,2020.089.06.36.34,unlabelled,,,,,0,0,0.0,0.0,,,7.177000045776367,-77.15299987792969,40.0,1.7,6.5395,-74.456333,260.0,306.28,283.47
PTB.2020.089.08.36.52,PTB,2020.089.08.36.52,unlabelled,,,,,0,0,0.0,0.0,-3.16,,5.105000019073486,-72.9489974975586,0.0,1.5,6.5395,-74.456333,260.0,230.29,133.46
PTB.2020.089.09.51.02,PTB,2020.089.09.51.02,unlabelled,,,,,0,0,0.0,0.0,,,3.825000047683716,-73.63600158691406,3.77,1.5,6.5395,-74.456333,260.0,313.65,163.11
PTB.2020.089.15.52.42,PTB,2020.089.15.52.42,unlabelled,,,,,0,0,0.0,0.0,,,7.017000198364258,-76.66600036621094,31.37,1.6,6.5395,-74.456333,260.0,249.91,282.33
PTB.2020.089.18.19.10,PTB,2020.089.18.19.10,unlabelled,,,,,0,0,0.0,0.0,,,7.1570000648498535,-71.89600372314453,13.92,1.7,6.5395,-74.456333,260.0,291.12,76.28
PTB.2020.089.19.39.39,PTB,2020.089.19.39.39,unlabelled,,,,,0,0,0.0,0.0,,,6.873000144958496,-76.52999877929688,4.85,1.7,6.5395,-74.456333,260.0,232.22,279.26
PTB.2020.089.21.15.11,PTB,2020.089.21.15.11,unlabelled,,,,,0,0,0.0,0.0,-2.91,,6.809000015258789,-76.21600341796875,0.0,1.9,6.5395,-74.456333,260.0,196.84,278.81
PTB.2020.090.15.00.57,PTB,2020.090.15.00.57,unlabelled,,,,,0,0,0.0,0.0,-3.71,,6.7769999504089355,-76.24400329589844,26.02,1.7,6.5395,-74.456333,260.0,199.41,277.67
PTB.2020.092.04.19.43,PTB,2020.092.04.19.43,unlabelled,,,,,0,0,0.0,0.0,,,3.6610000133514404,-74.13999938964844,0.0,1.8,6.5395,-74.456333,260.0,320.24,173.7
PTB.2020.092.10.46.46,PTB,2020.092.10.46.46,unlabelled,,,,,0,0,0.0,0.0,,,6.285999774932861,-72.3489990234375,0.0,1.7,6.5395,-74.456333,260.0,234.81,96.74
PTB.2020.094.19.23.15,PTB,2020.094.19.23.15,unlabelled,,,,,0,0,0.0,0.0,,,6.953999996185303,-76.18900299072266,24.0,1.5,6.5395,-74.456333,260.0,196.96,283.56
PTB.2020.096.15.40.05,PTB,2020.096.15.40.05,unlabelled,,,,,0,0,0.0,0.0,,,6.297999858856201,-72.40799713134766,27.4,1.8,6.5395,-74.456333,260.0,228.17,96.61
PTB.2020.096.15.47.22,PTB,2020.096.15.47.22,unlabelled,,,,,0,0,0.0,0.0,,,5.676000118255615,-76.34500122070312,10.77,2.1,6.5395,-74.456333,260.0,229.83,245.55
PTB.2020.096.19.32.06,PTB,2020.096.19.32.06,unlabelled,,,,,0,0,0.0,0.0,,,6.2129998207092285,-72.46199798583984,29.74,1.8,6.5395,-74.456333,260.0,223.58,99.18
PTB.2020.096.23.03.54,PTB,2020.096.23.03.54,unlabelled,,,,,0,0,0.0,0.0,,,6.830999851226807,-74.89600372314453,13.34,1.5,6.5395,-74.456333,260.0,58.33,303.57
PTB.2020.097.03.59.45,PTB,2020.097.03.59.45,unlabelled,,,,,0,0,0.0,0.0,,,6.0279998779296875,-72.6449966430664,0.0,1.8,6.5395,-74.456333,260.0,208.26,105.66
PTB.2020.097.05.57.02,PTB,2020.097.05.57.02,unlabelled,,,,,0,0,0.0,0.0,,,4.659999847412109,-74.63099670410156,21.13,1.5,6.5395,-74.456333,260.0,208.74,185.33
PTB.2020.098.03.15.23,PTB,2020.098.03.15.23,unlabelled,,,,,0,0,0.0,0.0,,,5.559000015258789,-72.6510009765625,4.0,1.8,6.5395,-74.456333,260.0,227.37,118.38
PTB.2020.098.11.51.35,PTB,2020.098.11.51.35,unlabelled,,,,,0,0,0.0,0.0,,,6.90500020980835,-72.83699798583984,1.77,1.9,6.5395,-74.456333,260.0,183.54,77.18
PTB.2020.099.00.12.29,PTB,2020.099.00.12.29,unlabelled,,,,,0,0,0.0,0.0,,,6.841000080108643,-76.61799621582031,11.73,1.5,6.5395,-74.456333,260.0,241.32,278.07
PTB.2020.099.03.11.13,PTB,2020.099.03.11.13,unlabelled,,,,,0,0,0.0,0.0,,,6.736999988555908,-76.2229995727539,0.0,1.6,6.5395,-74.456333,260.0,196.57,276.48
PTB.2020.099.14.05.40,PTB,2020.099.14.05.40,unlabelled,,,,,0,0,0.0,0.0,,,4.658999919891357,-76.70500183105469,19.97,1.6,6.5395,-74.456333,260.0,324.51,230.26
PTB.2020.099.14.43.41,PTB,2020.099.14.43.41,unlabelled,,,,,0,0,0.0,0.0,,,5.126999855041504,-74.60700225830078,17.72,1.5,6.5395,-74.456333,260.0,157.09,186.11
PTB.2020.099.17.33.38,PTB,2020.099.17.33.38,unlabelled,,,,,0,0,0.0,0.0,-0.11,,6.860000133514404,-75.93699645996094,1.16,1.8,6.5395,-74.456333,260.0,167.5,282.3
PTB.2020.099.19.08.10,PTB,2020.099.19.08.10,unlabelled,,,,,0,0,0.0,0.0,-1.78,,6.9120001792907715,-76.13999938964844,33.3,1.5,6.5395,-74.456333,260.0,190.65,282.58
PTB.2020.101.01.48.36,PTB,2020.101.01.48.36,unlabelled,,,,,0,0,0.0,0.0,-0.77,-3.21,6.885000228881836,-76.04499816894531,24.25,1.5,6.5395,-74.456333,260.0,179.75,282.36
PTB.2020.101.11.43.07,PTB,2020.101.11.43.07,unlabelled,,,,,0,0,0.0,0.0,,,6.958000183105469,-72.3030014038086,0.0,2.0,6.5395,-74.456333,260.0,242.51,78.87
PTB.2020.101.15.44.39,PTB,2020.101.15.44.39,unlabelled,,,,,0,0,0.0,0.0,-1.64,,6.834000110626221,-77.1259994506836,0.25,2.3,6.5395,-74.456333,260.0,296.97,276.45
PTB.2020.102.03.17.35,PTB,2020.102.03.17.35,unlabelled,,,,,0,0,0.0,0.0,,,6.9710001945495605,-72.26100158691406,0.0,2.4,6.5395,-74.456333,260.0,247.34,78.75
PTB.2020.102.05.47.01,PTB,2020.102.05.47.01,unlabelled,,,,,0,0,0.0,0.0,,,6.997000217437744,-72.19300079345703,0.97,2.5,6.5395,-74.456333,260.0,255.27,78.44
PTB.2020.102.07.47.02,PTB,2020.102.07.47.02,unlabelled,,,,,0,0,0.0,0.0,,,4.526000022888184,-75.66400146484375,5.19,1.8,6.5395,-74.456333,260.0,259.77,211.07
PTB.2020.102.08.12.20,PTB,2020.102.08.12.20,unlabelled,,,,,0,0,0.0,0.0,,,4.5320000648498535,-75.66699981689453,4.87,1.8,6.5395,-74.456333,260.0,259.38,211.2
PTB.2020.103.04.35.12,PTB,2020.103.04.35.12,unlabelled,,,,,0,0,0.0,0.0,,,7.453000068664551,-72.29000091552734,0.0,2.0,6.5395,-74.456333,260.0,259.81,66.99
PTB.2020.103.04.41.28,PTB,2020.103.04.41.28,unlabelled,,,,,0,0,0.0,0.0,,,7.465000152587891,-72.21900177001953,0.0,1.5,6.5395,-74.456333,260.0,267.56,67.38
PTB.2020.103.05.26.07,PTB,2020.103.05.26.07,unlabelled,,,,,0,0,0.0,0.0,,,5.690000057220459,-72.67900085449219,0.0,1.5,6.5395,-74.456333,260.0,218.01,115.43
PTB.2020.103.05.58.31,PTB,2020.103.05.58.31,unlabelled,,,,,0,0,0.0,0.0,-0.12,,7.248000144958496,-76.20899963378906,-0.01,1.7,6.5395,-74.456333,260.0,208.95,292.13
PTB.2020.103.13.27.55,PTB,2020.103.13.27.55,unlabelled,,,,,0,0,0.0,0.0,,,5.2220001220703125,-72.97200012207031,2.96,1.8,6.5395,-74.456333,260.0,219.65,131.48
PTB.2020.103.21.52.07,PTB,2020.103.21.52.07,unlabelled,,,,,0,0,0.0,0.0,,,3.936000108718872,-74.06999969482422,3.62,1.6,6.5395,-74.456333,260.0,291.07,171.52
PTB.2020.104.04.22.14,PTB,2020.104.04.22.14,unlabelled,,,,,0,0,0.0,0.0,,,4.586999893188477,-76.65599822998047,40.11,1.5,6.5395,-74.456333,260.0,325.6,228.57
PTB.2020.104.09.37.53,PTB,2020.104.09.37.53,unlabelled,,,,,0,0,0.0,0.0,,,5.888000011444092,-72.61900329589844,0.0,1.5,6.5395,-74.456333,260.0,215.72,109.41
PTB.2020.104.11.14.14,PTB,2020.104.11.14.14,unlabelled,,,,,0,0,0.0,0.0,,,6.859000205993652,-71.98100280761719,19.52,1.7,6.5395,-74.456333,260.0,275.95,82.5
PTB.2020.105.00.38.08,PTB,2020.105.00.38.08,unlabelled,,,,,0,0,0.0,0.0,,,5.984000205993652,-72.58300018310547,0.11,1.6,6.5395,-74.456333,260.0,216.21,106.4
PTB.2020.105.04.36.43,PTB,2020.105.04.36.43,unlabelled,,,,,0,0,0.0,0.0,,,3.5880000591278076,-74.43299865722656,15.34,1.5,6.5395,-74.456333,260.0,326.4,179.54
PTB.2020.105.08.21.49,PTB,2020.105.08.21.49,unlabelled,,,,,0,0,0.0,0.0,-5.06,,5.441999912261963,-75.76699829101562,4.15,1.6,6.5395,-74.456333,260.0,189.17,230.16
PTB.2020.105.16.22.05,PTB,2020.105.16.22.05,unlabelled,,,,,0,0,0.0,0.0,,,7.228000164031982,-76.96099853515625,7.84,1.6,6.5395,-74.456333,260.0,287.1,285.53
PTB.2020.106.13.27.49,PTB,2020.106.13.27.49,unlabelled,,,,,0,0,0.0,0.0,-1.42,-1.49,6.88100004196167,-76.18900299072266,1.42,1.6,6.5395,-74.456333,260.0,195.25,281.25
PTB.2020.107.09.03.17,PTB,2020.107.09.03.17,unlabelled,,,,,0,0,0.0,0.0,-0.38,-1.48,7.289000034332275,-75.0510025024414,31.24,1.6,6.5395,-74.456333,260.0,105.78,321.63
PTB.2020.107.13.03.49,PTB,2020.107.13.03.49,unlabelled,,,,,0,0,0.0,0.0,,,4.466000080108643,-75.69599914550781,3.92,1.8,6.5395,-74.456333,260.0,267.29,210.99
PTB.2020.107.15.35.59,PTB,2020.107.15.35.59,unlabelled,,,,,0,0,0.0,0.0,,,5.635000228881836,-72.50599670410156,0.0,1.6,6.5395,-74.456333,260.0,237.94,114.75
PTB.2020.108.07.50.18,PTB,2020.108.07.50.18,unlabelled,,,,,0,0,0.0,0.0,,,5.059999942779541,-76.33899688720703,25.16,1.5,6.5395,-74.456333,260.0,265.03,231.98
PTB.2020.108.11.35.54,PTB,2020.108.11.35.54,unlabelled,,,,,0,0,0.0,0.0,,,5.896999835968018,-76.49800109863281,33.55,1.7,6.5395,-74.456333,260.0,236.86,252.66
PTB.2020.109.20.49.49,PTB,2020.109.20.49.49,unlabelled,,,,,0,0,0.0,0.0,,,5.863999843597412,-76.84300231933594,25.38,1.7,6.5395,-74.456333,260.0,274.5,254.34
PTB.2020.110.13.15.38,PTB,2020.110.13.15.38,unlabelled,,,,,0,0,0.0,0.0,,,7.046000003814697,-76.26399993896484,0.0,1.9,6.5395,-74.456333,260.0,207.53,285.76
PTB.2020.110.13.22.00,PTB,2020.110.13.22.00,unlabelled,,,,,0,0,0.0,0.0,,,7.013000011444092,-76.92500305175781,0.0,1.7,6.5395,-74.456333,260.0,277.88,281.01
PTB.2020.110.19.31.29,PTB,2020.110.19.31.29,unlabelled,,,,,0,0,0.0,0.0,,,6.367000102996826,-72.03900146484375,0.0,2.1,6.5395,-74.456333,260.0,268.08,93.94
PTB.2020.111.01.03.15,PTB,2020.111.01.03.15,unlabelled,,,,,0,0,0.0,0.0,,,5.616000175476074,-76.65399932861328,20.7,1.7,6.5395,-74.456333,260.0,263.84,247.35
PTB.2020.112.01.16.00,PTB,2020.112.01.16.00,unlabelled,,,,,0,0,0.0,0.0,-3.4,,6.896999835968018,-76.21199798583984,-0.11,1.7,6.5395,-74.456333,260.0,198.09,281.61
PTB.2020.112.19.54.42,PTB,2020.112.19.54.42,unlabelled,,,,,0,0,0.0,0.0,,,4.01200008392334,-75.7509994506836,1.23,2.6,6.5395,-74.456333,260.0,314.19,207.24
PTB.2020.112.22.02.53,PTB,2020.112.22.02.53,unlabelled,,,,,0,0,0.0,0.0,,,7.063000202178955,-77.20899963378906,14.24,2.6,6.5395,-74.456333,260.0,309.74,280.93
PTB.2020.113.03.07.15,PTB,2020.113.03.07.15,unlabelled,,,,,0,0,0.0,0.0,,,6.942999839782715,-76.72899627685547,25.83,1.7,6.5395,-74.456333,260.0,255.19,280.2
PTB.2020.113.20.01.38,PTB,2020.113.20.01.38,unlabelled,,,,,0,0,0.0,0.0,-0.83,,5.250999927520752,-76.5469970703125,21.25,2.0,6.5395,-74.456333,260.0,271.84,238.5
PTB.2020.114.00.52.35,PTB,2020.114.00.52.35,unlabelled,,,,,0,0,0.0,0.0,,,6.675000190734863,-76.46900177001953,18.59,1.5,6.5395,-74.456333,260.0,223.07,273.97
PTB.2020.114.03.13.09,PTB,2020.114.03.13.09,unlabelled,,,,,0,0,0.0,0.0,-1.16,,5.776000022888184,-73.53700256347656,1.92,1.5,6.5395,-74.456333,260.0,132.22,129.64
PTB.2020.114.03.33.59,PTB,2020.114.03.33.59,unlabelled,,,,,0,0,0.0,0.0,-2.23,,7.464000225067139,-76.95500183105469,18.61,2.0,6.5395,-74.456333,260.0,294.41,290.47
PTB.2020.114.18.00.10,PTB,2020.114.18.00.10,unlabelled,,,,,0,0,0.0,0.0,,,6.453999996185303,-76.75700378417969,21.16,1.5,6.5395,-74.456333,260.0,254.65,268.0
PTB.2020.115.17.01.01,PTB,2020.115.17.01.01,unlabelled,,,,,0,0,0.0,0.0,,,5.638999938964844,-76.86599731445312,5.9,2.0,6.5395,-74.456333,260.0,284.72,249.66
PTB.2020.116.05.58.55,PTB,2020.116.05.58.55,unlabelled,,,,,0,0,0.0,0.0,-0.66,,5.646999835968018,-73.39299774169922,2.78,1.5,6.5395,-74.456333,260.0,153.61,129.92
PTB.2020.117.20.33.52,PTB,2020.117.20.33.52,unlabelled,,,,,0,0,0.0,0.0,,,3.8529999256134033,-73.64099884033203,0.93,1.5,6.5395,-74.456333,260.0,310.53,163.04
PTB.2020.118.00.32.12,PTB,2020.118.00.32.12,unlabelled,,,,,0,0,0.0,0.0,,,7.190999984741211,-77.31800079345703,19.04,2.0,6.5395,-74.456333,260.0,324.39,283.0
PTB.2020.118.02.17.01,PTB,2020.118.02.17.01,unlabelled,,,,,0,0,0.0,0.0,,,7.400000095367432,-72.6969985961914,0.85,1.5,6.5395,-74.456333,260.0,216.45,63.81
PTB.2020.118.02.57.42,PTB,2020.118.02.57.42,unlabelled,,,,,0,0,0.0,0.0,,,6.01800012588501,-76.37000274658203,8.16,1.5,6.5395,-74.456333,260.0,219.47,254.87
PTB.2020.118.15.42.55,PTB,2020.118.15.42.55,unlabelled,,,,,0,0,0.0,0.0,-0.41,,5.091000080108643,-73.10800170898438,0.0,1.6,6.5395,-74.456333,260.0,218.99,136.94
PTB.2020.118.23.28.20,PTB,2020.118.23.28.20,unlabelled,,,,,0,0,0.0,0.0,,,6.704999923706055,-76.75800323486328,15.8,1.8,6.5395,-74.456333,260.0,255.18,274.25
PTB.2020.119.07.48.28,PTB,2020.119.07.48.28,unlabelled,,,,,0,0,0.0,0.0,,,6.822999954223633,-72.0009994506836,0.0,1.8,6.5395,-74.456333,260.0,273.29,83.27
PTB.2020.119.20.47.06,PTB,2020.119.20.47.06,unlabelled,,,,,0,0,0.0,0.0,,,5.807000160217285,-76.36499786376953,22.69,1.7,6.5395,-74.456333,260.0,226.24,249.12
PTB.2020.119.23.02.34,PTB,2020.119.23.02.34,unlabelled,,,,,0,0,0.0,0.0,,,5.15500020980835,-72.98500061035156,0.0,3.0,6.5395,-74.456333,260.0,223.58,133.14
PTB.2020.120.03.12.49,PTB,2020.120.03.12.49,unlabelled,,,,,0,0,0.0,0.0,,,7.285999774932861,-77.08300018310547,16.51,2.5,6.5395,-74.456333,260.0,301.8,286.03
PTB.2020.120.05.02.21,PTB,2020.120.05.02.21,unlabelled,,,,,0,0,0.0,0.0,,,5.513000011444092,-72.78199768066406,3.6,1.7,6.5395,-74.456333,260.0,217.36,121.39
PTB.2020.120.11.41.48,PTB,2020.120.11.41.48,unlabelled,,,,,0,0,0.0,0.0,,,3.940000057220459,-75.55400085449219,3.59,1.5,6.5395,-74.456333,260.0,312.15,203.0
PTB.2020.120.14.03.20,PTB,2020.120.14.03.20,unlabelled,,,,,0,0,0.0,0.0,,,6.9079999923706055,-76.71199798583984,16.01,1.7,6.5395,-74.456333,260.0,252.69,279.41
PTB.2020.120.23.59.34,PTB,2020.120.23.59.34,unlabelled,,,,,0,0,0.0,0.0,,,6.566999912261963,-76.75399780273438,20.21,1.5,6.5395,-74.456333,260.0,254.13,270.82
PTB.2020.122.00.38.11,PTB,2020.122.00.38.11,unlabelled,,,,,0,0,0.0,0.0,,,6.872000217437744,-76.67500305175781,17.11,1.7,6.5395,-74.456333,260.0,248.04,278.65
PTB.2020.122.14.33.24,PTB,2020.122.14.33.24,unlabelled,,,,,0,0,0.0,0.0,-0.64,-1.38,7.135000228881836,-72.95700073242188,7.95,1.5,6.5395,-74.456333,260.0,178.33,68.24
PTB.2020.122.18.02.51,PTB,2020.122.18.02.51,unlabelled,,,,,0,0,0.0,0.0,,,5.13100004196167,-73.0260009765625,-0.16,1.7,6.5395,-74.456333,260.0,222.15,134.44
PTB.2020.122.20.57.38,PTB,2020.122.20.57.38,unlabelled,,,,,0,0,0.0,0.0,,,5.264999866485596,-72.88099670410156,0.04,1.5,6.5395,-74.456333,260.0,224.26,128.85
PTB.2020.123.04.58.44,PTB,2020.123.04.58.44,unlabelled,,,,,0,0,0.0,0.0,,,6.872000217437744,-76.73799896240234,0.0,1.5,6.5395,-74.456333,260.0,254.93,278.43
PTB.2020.123.05.18.27,PTB,2020.123.05.18.27,unlabelled,,,,,0,0,0.0,0.0,,,7.366000175476074,-77.11499786376953,20.65,1.9,6.5395,-74.456333,260.0,307.69,287.44
PTB.2020.123.14.31.05,PTB,2020.123.14.31.05,unlabelled,,,,,0,0,0.0,0.0,,,4.715000152587891,-74.78199768066406,15.59,1.6,6.5395,-74.456333,260.0,204.96,190.15
PTB.2020.124.20.48.16,PTB,2020.124.20.48.16,unlabelled,,,,,0,0,0.0,0.0,,,6.797999858856201,-76.677001953125,2.82,1.6,6.5395,-74.456333,260.0,247.2,276.77
PTB.2020.125.21.48.45,PTB,2020.125.21.48.45,unlabelled,,,,,0,0,0.0,0.0,,,6.5920000076293945,-76.71900177001953,4.05,1.5,6.5395,-74.456333,260.0,250.31,271.46
PTB.2020.125.23.45.20,PTB,2020.125.23.45.20,unlabelled,,,,,0,0,0.0,0.0,,,6.892000198364258,-76.68800354003906,11.69,1.6,6.5395,-74.456333,260.0,249.8,279.11
PTB.2020.126.05.04.23,PTB,2020.126.05.04.23,unlabelled,,,,,0,0,0.0,0.0,,,6.5279998779296875,-72.29199981689453,3.34,1.6,6.5395,-74.456333,260.0,239.38,90.18
PTB.2020.126.05.14.53,PTB,2020.126.05.14.53,unlabelled,,,,,0,0,0.0,0.0,,,7.073999881744385,-72.43000030517578,9.0,1.8,6.5395,-74.456333,260.0,231.66,75.1
PTB.2020.126.18.17.44,PTB,2020.126.18.17.44,unlabelled,,,,,0,0,0.0,0.0,,,3.555999994277954,-74.40799713134766,9.93,1.9,6.5395,-74.456333,260.0,329.97,179.07
PTB.2020.126.19.55.17,PTB,2020.126.19.55.17,unlabelled,,,,,0,0,0.0,0.0,,,5.105000019073486,-73.48699951171875,0.02,1.7,6.5395,-74.456333,260.0,191.54,145.86
PTB.2020.126.23.33.48,PTB,2020.126.23.33.48,unlabelled,,,,,0,0,0.0,0.0,,,6.8429999351501465,-76.68000030517578,20.11,1.5,6.5395,-74.456333,260.0,248.14,277.9
PTB.2020.127.08.57.56,PTB,2020.127.08.57.56,unlabelled,,,,,0,0,0.0,0.0,,,7.093999862670898,-77.04199981689453,3.0,1.9,6.5395,-74.456333,260.0,292.32,282.26
PTB.2020.127.11.30.42,PTB,2020.127.11.30.42,unlabelled,,,,,0,0,0.0,0.0,,,5.638000011444092,-72.87999725341797,21.97,1.5,6.5395,-74.456333,260.0,200.96,119.66
PTB.2020.127.18.55.29,PTB,2020.127.18.55.29,unlabelled,,,,,0,0,0.0,0.0,,,6.909999847412109,-76.2509994506836,-0.09,1.6,6.5395,-74.456333,260.0,202.6,281.77
PTB.2020.127.23.33.41,PTB,2020.127.23.33.41,unlabelled,,,,,0,0,0.0,0.0,,,6.8520002365112305,-76.96900177001953,3.77,1.8,6.5395,-74.456333,260.0,279.95,277.24
PTB.2020.128.07.40.53,PTB,2020.128.07.40.53,unlabelled,,,,,0,0,0.0,0.0,,,7.256999969482422,-77.35900115966797,14.13,2.0,6.5395,-74.456333,260.0,330.46,284.06
PTB.2020.128.15.16.07,PTB,2020.128.15.16.07,unlabelled,,,,,0,0,0.0,0.0,,,6.906000137329102,-76.38400268554688,8.51,1.9,6.5395,-74.456333,260.0,216.94,280.88
PTB.2020.129.04.54.13,PTB,2020.129.04.54.13,unlabelled,,,,,0,0,0.0,0.0,-4.0,,4.394000053405762,-75.97799682617188,7.13,2.2,6.5395,-74.456333,260.0,291.07,215.48
PTB.2020.129.07.27.44,PTB,2020.129.07.27.44,unlabelled,,,,,0,0,0.0,0.0,,,6.765999794006348,-76.78099822998047,23.0,1.8,6.5395,-74.456333,260.0,258.27,275.7
PTB.2020.129.08.46.15,PTB,2020.129.08.46.15,unlabelled,,,,,0,0,0.0,0.0,,,4.2220001220703125,-73.47000122070312,7.97,2.1,6.5395,-74.456333,260.0,278.62,156.85
PTB.2020.129.11.58.09,PTB,2020.129.11.58.09,unlabelled,,,,,0,0,0.0,0.0,,,6.857999801635742,-76.81400299072266,10.69,2.0,6.5395,-74.456333,260.0,263.04,277.83
PTB.2020.129.14.06.03,PTB,2020.129.14.06.03,unlabelled,,,,,0,0,0.0,0.0,,,6.445000171661377,-76.51699829101562,3.77,2.0,6.5395,-74.456333,260.0,228.17,267.49
PTB.2020.129.20.04.04,PTB,2020.129.20.04.04,unlabelled,,,,,0,0,0.0,0.0,,,6.823999881744385,-76.34300231933594,10.15,1.6,6.5395,-74.456333,260.0,210.96,278.69
PTB.2020.129.23.23.04,PTB,2020.129.23.23.04,unlabelled,,,,,0,0,0.0,0.0,,,5.39900016784668,-76.44499969482422,31.25,1.7,6.5395,-74.456333,260.0,253.75,240.3
PTB.2020.130.07.59.52,PTB,2020.130.07.59.52,unlabelled,,,,,0,0,0.0,0.0,-5.77,-3.55,6.90500020980835,-76.2040023803711,5.49,1.9,6.5395,-74.456333,260.0,197.4,281.92
PTB.2020.130.13.25.49,PTB,2020.130.13.25.49,unlabelled,,,,,0,0,0.0,0.0,,,6.697999954223633,-76.98799896240234,3.42,1.9,6.5395,-74.456333,260.0,280.51,273.73
PTB.2020.130.17.03.21,PTB,2020.130.17.03.21,unlabelled,,,,,0,0,0.0,0.0,,,5.742000102996826,-72.6510009765625,4.1,1.8,6.5395,-74.456333,260.0,218.42,113.72
PTB.2020.130.18.02.06,PTB,2020.130.18.02.06,unlabelled,,,,,0,0,0.0,0.0,,,7.083000183105469,-77.20800018310547,21.79,2.3,6.5395,-74.456333,260.0,310.05,281.34
PTB.2020.130.18.41.20,PTB,2020.130.18.41.20,unlabelled,,,,,0,0,0.0,0.0,,,6.98199987411499,-76.61199951171875,0.0,1.6,6.5395,-74.456333,260.0,243.28,281.73
PTB.2020.131.12.51.47,PTB,2020.131.12.51.47,unlabelled,,,,,0,0,0.0,0.0,,,6.789000034332275,-72.1500015258789,-0.01,2.5,6.5395,-74.456333,260.0,256.5,83.69
PTB.2020.132.01.21.45,PTB,2020.132.01.21.45,unlabelled,,,,,0,0,0.0,0.0,-1.21,,6.974999904632568,-76.25599670410156,-0.05,1.6,6.5395,-74.456333,260.0,204.7,283.71
PTB.2020.132.04.31.04,PTB,2020.132.04.31.04,unlabelled,,,,,0,0,0.0,0.0,,,5.53000020980835,-76.947998046875,14.42,1.9,6.5395,-74.456333,260.0,297.57,248.1
PTB.2020.132.06.16.21,PTB,2020.132.06.16.21,unlabelled,,,,,0,0,0.0,0.0,,,6.89300012588501,-76.11599731445312,0.0,1.7,6.5395,-74.456333,260.0,187.61,282.12
PTB.2020.132.09.53.42,PTB,2020.132.09.53.42,unlabelled,,,,,0,0,0.0,0.0,,,3.562000036239624,-74.41400146484375,16.05,1.7,6.5395,-74.456333,260.0,329.29,179.18
PTB.2020.133.15.10.06,PTB,2020.133.15.10.06,unlabelled,,,,,0,0,0.0,0.0,,,6.414999961853027,-76.48899841308594,3.24,1.6,6.5395,-74.456333,260.0,225.26,266.61
PTB.2020.133.20.45.08,PTB,2020.133.20.45.08,unlabelled,,,,,0,0,0.0,0.0,,,6.940999984741211,-76.20099639892578,2.54,1.7,6.5395,-74.456333,260.0,197.93,283.07
PTB.2020.134.04.37.22,PTB,2020.134.04.37.22,unlabelled,,,,,0,0,0.0,0.0,,,6.9720001220703125,-76.61100006103516,19.97,2.0,6.5395,-74.456333,260.0,242.96,281.48
PTB.2020.134.08.44.51,PTB,2020.134.08.44.51,unlabelled,,,,,0,0,0.0,0.0,,,3.5869998931884766,-74.40599822998047,15.59,1.6,6.5395,-74.456333,260.0,326.54,179.02
PTB.2020.134.15.28.52,PTB,2020.134.15.28.52,unlabelled,,,,,0,0,0.0,0.0,,,7.300000190734863,-77.3270034790039,22.97,2.6,6.5395,-74.456333,260.0,328.21,285.02
PTB.2020.134.17.41.39,PTB,2020.134.17.41.39,unlabelled,,,,,0,0,0.0,0.0,,,4.631999969482422,-76.6449966430664,23.6,2.5,6.5395,-74.456333,260.0,321.39,229.09
PTB.2020.134.21.01.29,PTB,2020.134.21.01.29,unlabelled,,,,,0,0,0.0,0.0,,,7.252999782562256,-76.22599792480469,8.96,1.5,6.5395,-74.456333,260.0,210.9,292.08
PTB.2020.135.03.06.56,PTB,2020.135.03.06.56,unlabelled,,,,,0,0,0.0,0.0,,,6.98199987411499,-76.56500244140625,24.52,1.6,6.5395,-74.456333,260.0,238.19,281.98
PTB.2020.136.11.42.53,PTB,2020.136.11.42.53,unlabelled,,,,,0,0,0.0,0.0,,,7.540999889373779,-72.41899871826172,-0.06,1.6,6.5395,-74.456333,260.0,250.87,63.68
PTB.2020.136.19.46.45,PTB,2020.136.19.46.45,unlabelled,,,,,0,0,0.0,0.0,,,6.861000061035156,-76.67400360107422,21.34,2.3,6.5395,-74.456333,260.0,247.76,278.38
PTB.2020.137.08.44.12,PTB,2020.137.08.44.12,unlabelled,,,,,0,0,0.0,0.0,,,6.90500020980835,-76.82599639892578,30.28,1.7,6.5395,-74.456333,260.0,265.09,278.91
PTB.2020.137.12.53.01,PTB,2020.137.12.53.01,unlabelled,,,,,0,0,0.0,0.0,,,5.164999961853027,-72.96600341796875,0.0,1.9,6.5395,-74.456333,260.0,224.37,132.57
PTB.2020.137.21.40.08,PTB,2020.137.21.40.08,unlabelled,,,,,0,0,0.0,0.0,,,7.165999889373779,-75.95500183105469,25.02,1.5,6.5395,-74.456333,260.0,179.55,292.79
PTB.2020.137.22.22.05,PTB,2020.137.22.22.05,unlabelled,,,,,0,0,0.0,0.0,-0.04,,7.201000213623047,-76.97200012207031,22.3,1.9,6.5395,-74.456333,260.0,287.51,284.89
PTB.2020.138.21.05.59,PTB,2020.138.21.05.59,unlabelled,,,,,0,0,0.0,0.0,,,7.006999969482422,-77.13300323486328,3.79,1.6,6.5395,-74.456333,260.0,300.38,280.07
PTB.2020.139.05.05.28,PTB,2020.139.05.05.28,unlabelled,,,,,0,0,0.0,0.0,,,4.580999851226807,-76.2030029296875,16.5,1.8,6.5395,-74.456333,260.0,290.44,221.87
PTB.2020.139.07.31.15,PTB,2020.139.07.31.15,unlabelled,,,,,0,0,0.0,0.0,,,5.166999816894531,-73.04399871826172,18.79,2.5,6.5395,-74.456333,260.0,217.94,134.07
PTB.2020.139.16.43.42,PTB,2020.139.16.43.42,unlabelled,,,,,0,0,0.0,0.0,,,6.744999885559082,-76.68499755859375,7.01,1.7,6.5395,-74.456333,260.0,247.48,275.4
PTB.2020.139.22.54.55,PTB,2020.139.22.54.55,unlabelled,,,,,0,0,0.0,0.0,,,3.9600000381469727,-74.0790023803711,3.77,1.7,6.5395,-74.456333,260.0,288.3,171.64
PTB.2020.140.04.04.17,PTB,2020.140.04.04.17,unlabelled,,,,,0,0,0.0,0.0,,,7.061999797821045,-72.3740005493164,-0.01,1.9,6.5395,-74.456333,260.0,237.32,75.79
PTB.2020.140.15.16.12,PTB,2020.140.15.16.12,unlabelled,,,,,0,0,0.0,0.0,,,6.293000221252441,-72.36799621582031,3.89,1.8,6.5395,-74.456333,260.0,232.63,96.61
PTB.2020.141.03.34.16,PTB,2020.141.03.34.16,unlabelled,,,,,0,0,0.0,0.0,,,7.0879998207092285,-76.24199676513672,0.0,1.6,6.5395,-74.456333,260.0,206.49,287.19
PTB.2020.141.06.44.28,PTB,2020.141.06.44.28,unlabelled,,,,,0,0,0.0,0.0,,,4.955999851226807,-72.27100372314453,15.78,1.7,6.5395,-74.456333,260.0,298.75,125.77
PTB.2020.141.09.08.39,PTB,2020.141.09.08.39,unlabelled,,,,,0,0,0.0,0.0,,,7.158999919891357,-76.76300048828125,37.14,2.1,6.5395,-74.456333,260.0,264.0,285.18
PTB.2020.142.03.12.00,PTB,2020.142.03.12.00,unlabelled,,,,,0,0,0.0,0.0,,,6.954999923706055,-76.28299713134766,0.0,2.1,6.5395,-74.456333,260.0,207.11,282.92
PTB.2020.142.08.29.50,PTB,2020.142.08.29.50,unlabelled,,,,,0,0,0.0,0.0,,,7.340000152587891,-77.2020034790039,30.94,1.8,6.5395,-74.456333,260.0,316.07,286.43
PTB.2020.142.10.44.26,PTB,2020.142.10.44.26,unlabelled,,,,,0,0,0.0,0.0,,,5.896999835968018,-76.6510009765625,7.41,1.8,6.5395,-74.456333,260.0,253.06,253.81
PTB.2020.142.15.54.13,PTB,2020.142.15.54.13,unlabelled,,,,,0,0,0.0,0.0,,,4.77400016784668,-74.76699829101562,11.41,1.6,6.5395,-74.456333,260.0,198.25,190.01
PTB.2020.143.08.20.25,PTB,2020.143.08.20.25,unlabelled,,,,,0,0,0.0,0.0,,,5.6620001792907715,-76.53600311279297,35.89,1.5,6.5395,-74.456333,260.0,249.82,247.26
PTB.2020.143.21.56.35,PTB,2020.143.21.56.35,unlabelled,,,,,0,0,0.0,0.0,,,6.940999984741211,-76.19599914550781,0.12,1.6,6.5395,-74.456333,260.0,197.39,283.1
PTB.2020.143.22.28.56,PTB,2020.143.22.28.56,unlabelled,,,,,0,0,0.0,0.0,,,6.935999870300293,-76.19400024414062,0.28,1.5,6.5395,-74.456333,260.0,197.05,282.96
PTB.2020.144.13.52.02,PTB,2020.144.13.52.02,unlabelled,,,,,0,0,0.0,0.0,,,6.857999801635742,-76.1510009765625,2.71,1.8,6.5395,-74.456333,260.0,190.65,280.74
PTB.2020.144.14.39.33,PTB,2020.144.14.39.33,unlabelled,,,,,0,0,0.0,0.0,,,6.814000129699707,-76.23500061035156,-0.11,1.8,6.5395,-74.456333,260.0,199.0,278.88
PTB.2020.144.15.01.41,PTB,2020.144.15.01.41,unlabelled,,,,,0,0,0.0,0.0,,,6.864999771118164,-76.9010009765625,2.44,2.3,6.5395,-74.456333,260.0,272.68,277.73
PTB.2020.145.01.24.05,PTB,2020.145.01.24.05,unlabelled,,,,,0,0,0.0,0.0,,,5.060999870300293,-73.28600311279297,0.0,2.4,6.5395,-74.456333,260.0,208.64,141.53
PTB.2020.145.03.24.15,PTB,2020.145.03.24.15,unlabelled,,,,,0,0,0.0,0.0,,,6.697999954223633,-71.96499633789062,0.0,1.8,6.5395,-74.456333,260.0,276.05,86.22
PTB.2020.145.13.03.05,PTB,2020.145.13.03.05,unlabelled,,,,,0,0,0.0,0.0,,,3.990999937057495,-75.9520034790039,3.4,1.8,6.5395,-74.456333,260.0,326.97,210.54
PTB.2020.145.22.13.51,PTB,2020.145.22.13.51,unlabelled,,,,,0,0,0.0,0.0,,,6.848999977111816,-76.7979965209961,31.3,1.8,6.5395,-74.456333,260.0,261.16,277.67
PTB.2020.146.01.13.59,PTB,2020.146.01.13.59,unlabelled,,,,,0,0,0.0,0.0,,,6.703000068664551,-76.9229965209961,42.58,1.8,6.5395,-74.456333,260.0,273.37,273.93
PTB.2020.147.02.25.25,PTB,2020.147.02.25.25,unlabelled,,,,,0,0,0.0,0.0,-1.38,-2.67,4.664999961853027,-73.48200225830078,0.0,1.8,6.5395,-74.456333,260.0,233.71,152.44
PTB.2020.147.08.10.44,PTB,2020.147.08.10.44,unlabelled,,,,,0,0,0.0,0.0,,,6.276000022888184,-72.52300262451172,0.0,1.8,6.5395,-74.456333,260.0,215.86,97.65
PTB.2020.148.08.58.52,PTB,2020.148.08.58.52,unlabelled,,,,,0,0,0.0,0.0,,,5.723999977111816,-72.55000305175781,3.39,1.5,6.5395,-74.456333,260.0,229.47,113.04
PTB.2020.148.16.24.17,PTB,2020.148.16.24.17,unlabelled,,,,,0,0,0.0,0.0,,,4.3520002365112305,-73.63700103759766,4.68,1.7,6.5395,-74.456333,260.0,258.38,159.39
PTB.2020.148.22.06.49,PTB,2020.148.22.06.49,unlabelled,,,,,0,0,0.0,0.0,,,7.577000141143799,-73.11399841308594,8.53,1.5,6.5395,-74.456333,260.0,187.5,52.19
PTB.2020.148.23.49.48,PTB,2020.148.23.49.48,unlabelled,,,,,0,0,0.0,0.0,,,7.0970001220703125,-72.15299987792969,26.66,1.5,6.5395,-74.456333,260.0,261.96,76.25
PTB.2020.149.06.02.53,PTB,2020.149.06.02.53,unlabelled,,,,,0,0,0.0,0.0,,,6.394999980926514,-71.93199920654297,14.85,1.7,6.5395,-74.456333,260.0,279.69,93.13
PTB.2020.149.18.03.25,PTB,2020.149.18.03.25,unlabelled,,,,,0,0,0.0,0.0,,,4.425000190734863,-73.66600036621094,13.83,1.5,6.5395,-74.456333,260.0,249.69,159.43
PTB.2020.150.11.47.38,PTB,2020.150.11.47.38,unlabelled,,,,,0,0,0.0,0.0,,,6.984000205993652,-76.31300354003906,0.01,2.4,6.5395,-74.456333,260.0,211.06,283.58
PTB.2020.150.19.56.41,PTB,2020.150.19.56.41,unlabelled,,,,,0,0,0.0,0.0,,,6.956999778747559,-77.13099670410156,0.51,1.9,6.5395,-74.456333,260.0,299.28,279.03
PTB.2020.151.01.57.51,PTB,2020.151.01.57.51,unlabelled,,,,,0,0,0.0,0.0,-3.67,,6.961999893188477,-76.1989974975586,0.41,1.7,6.5395,-74.456333,260.0,198.24,283.73
PTB.2020.151.02.31.56,PTB,2020.151.02.31.56,unlabelled,,,,,0,0,0.0,0.0,,,6.178999900817871,-72.31999969482422,3.99,2.1,6.5395,-74.456333,260.0,239.7,99.45
PTB.2020.151.05.32.04,PTB,2020.151.05.32.04,unlabelled,,,,,0,0,0.0,0.0,-4.71,,5.2779998779296875,-76.00299835205078,23.0,1.9,6.5395,-74.456333,260.0,220.89,230.92
PTB.2020.151.08.02.39,PTB,2020.151.08.02.39,unlabelled,,,,,0,0,0.0,0.0,,,5.991000175476074,-76.34500122070312,0.11,1.5,6.5395,-74.456333,260.0,217.62,253.92
PTB.2020.151.09.40.02,PTB,2020.151.09.40.02,unlabelled,,,,,0,0,0.0,0.0,,,6.879000186920166,-76.10099792480469,0.0,1.6,6.5395,-74.456333,260.0,185.67,281.76
PTB.2020.151.14.42.59,PTB,2020.151.14.42.59,unlabelled,,,,,0,0,0.0,0.0,,,5.711999893188477,-76.6259994506836,32.17,1.5,6.5395,-74.456333,260.0,257.0,249.26
PTB.2020.151.16.20.59,PTB,2020.151.16.20.59,unlabelled,,,,,0,0,0.0,0.0,,,5.811999797821045,-76.7770004272461,38.42,1.7,6.5395,-74.456333,260.0,269.15,252.74
PTB.2020.151.16.47.36,PTB,2020.151.16.47.36,unlabelled,,,,,0,0,0.0,0.0,,,6.788000106811523,-76.83899688720703,4.62,1.8,6.5395,-74.456333,260.0,264.89,276.09
PTB.2020.152.12.31.48,PTB,2020.152.12.31.48,unlabelled,,,,,0,0,0.0,0.0,,,7.315000057220459,-77.1259994506836,29.3,2.1,6.5395,-74.456333,260.0,307.24,286.37
PTB.2020.152.12.49.05,PTB,2020.152.12.49.05,unlabelled,,,,,0,0,0.0,0.0,,,4.999000072479248,-76.73699951171875,36.51,1.5,6.5395,-74.456333,260.0,304.68,236.12
PTB.2020.153.09.35.47,PTB,2020.153.09.35.47,unlabelled,,,,,0,0,0.0,0.0,,,4.23799991607666,-73.69000244140625,3.82,1.5,6.5395,-74.456333,260.0,268.31,161.51
PTB.2020.153.18.54.13,PTB,2020.153.18.54.13,unlabelled,,,,,0,0,0.0,0.0,,,7.120999813079834,-75.86199951171875,0.5,1.6,6.5395,-74.456333,260.0,168.16,292.57
PTB.2020.155.11.38.04,PTB,2020.155.11.38.04,unlabelled,,,,,0,0,0.0,0.0,,,5.840000152587891,-76.37799835205078,17.1,1.7,6.5395,-74.456333,260.0,226.31,250.12
PTB.2020.155.22.43.59,PTB,2020.155.22.43.59,unlabelled,,,,,0,0,0.0,0.0,-2.42,-0.63,7.5229997634887695,-72.82499694824219,4.33,1.6,6.5395,-74.456333,260.0,210.52,58.79
PTB.2020.156.07.51.34,PTB,2020.156.07.51.34,unlabelled,,,,,0,0,0.0,0.0,,,6.809999942779541,-76.09400177001953,0.0,1.6,6.5395,-74.456333,260.0,183.53,279.48
PTB.2020.156.15.20.29,PTB,2020.156.15.20.29,unlabelled,,,,,0,0,0.0,0.0,,,5.730000019073486,-72.90899658203125,0.01,1.6,6.5395,-74.456333,260.0,193.25,117.51
PTB.2020.157.01.24.30,PTB,2020.157.01.24.30,unlabelled,,,,,0,0,0.0,0.0,,,4.379000186920166,-75.7030029296875,3.53,1.9,6.5395,-74.456333,260.0,275.98,210.1
PTB.2020.157.04.11.05,PTB,2020.157.04.11.05,unlabelled,,,,,0,0,0.0,0.0,,,7.105000019073486,-77.28399658203125,3.28,1.8,6.5395,-74.456333,260.0,318.75,281.48
PTB.2020.157.12.18.38,PTB,2020.157.12.18.38,unlabelled,,,,,0,0,0.0,0.0,,,4.563000202178955,-76.72799682617188,19.2,1.7,6.5395,-74.456333,260.0,333.35,229.14
PTB.2020.157.18.21.06,PTB,2020.157.18.21.06,unlabelled,,,,,0,0,0.0,0.0,,,5.130000114440918,-72.93299865722656,0.0,1.7,6.5395,-74.456333,260.0,229.69,132.66
PTB.2020.158.05.05.59,PTB,2020.158.05.05.59,unlabelled,,,,,0,0,0.0,0.0,,,7.084000110626221,-72.50399780273438,-0.12,1.8,6.5395,-74.456333,260.0,224.05,74.3
PTB.2020.158.08.05.15,PTB,2020.158.08.05.15,unlabelled,,,,,0,0,0.0,0.0,,,6.85099983215332,-76.35099792480469,35.2,1.5,6.5395,-74.456333,260.0,212.3,279.45
PTB.2020.158.12.00.42,PTB,2020.158.12.00.42,unlabelled,,,,,0,0,0.0,0.0,-1.76,-2.64,5.4770002365112305,-72.6729965209961,3.84,1.8,6.5395,-74.456333,260.0,229.75,120.66
PTB.2020.159.02.44.29,PTB,2020.159.02.44.29,unlabelled,,,,,0,0,0.0,0.0,,,3.5380001068115234,-74.45700073242188,41.54,1.5,6.5395,-74.456333,260.0,331.92,180.01
PTB.2020.160.09.45.37,PTB,2020.160.09.45.37,unlabelled,,,,,0,0,0.0,0.0,,,5.117000102996826,-73.06700134277344,0.0,2.3,6.5395,-74.456333,260.0,220.04,135.56
PTB.2020.160.09.58.25,PTB,2020.160.09.58.25,unlabelled,,,,,0,0,0.0,0.0,,,6.807000160217285,-76.09500122070312,0.0,1.8,6.5395,-74.456333,260.0,183.59,279.37
PTB.2020.160.11.11.53,PTB,2020.160.11.11.53,unlabelled,,,,,0,0,0.0,0.0,,,7.525000095367432,-72.81800079345703,4.24,1.5,6.5395,-74.456333,260.0,211.29,58.85
PTB.2020.161.04.40.05,PTB,2020.161.04.40.05,unlabelled,,,,,0,0,0.0,0.0,,,6.992000102996826,-72.41799926757812,0.0,1.6,6.5395,-74.456333,260.0,230.83,77.36
PTB.2020.161.06.47.41,PTB,2020.161.06.47.41,unlabelled,,,,,0,0,0.0,0.0,,,6.954999923706055,-76.83499908447266,31.78,1.9,6.5395,-74.456333,260.0,266.95,280.05
PTB.2020.161.09.53.44,PTB,2020.161.09.53.44,unlabelled,,,,,0,0,0.0,0.0,,,6.520999908447266,-76.84100341796875,5.19,1.8,6.5395,-74.456333,260.0,263.76,269.69
PTB.2020.161.17.22.39,PTB,2020.161.17.22.39,unlabelled,,,,,0,0,0.0,0.0,,,5.788000106811523,-73.35700225830078,3.86,1.5,6.5395,-74.456333,260.0,147.35,124.27
PTB.2020.162.06.45.25,PTB,2020.162.06.45.25,unlabelled,,,,,0,0,0.0,0.0,,,7.263000011444092,-77.05599975585938,31.46,2.1,6.5395,-74.456333,260.0,298.24,285.72
PTB.2020.162.07.01.31,PTB,2020.162.07.01.31,unlabelled,,,,,0,0,0.0,0.0,,,6.388999938964844,-76.92400360107422,37.88,1.7,6.5395,-74.456333,260.0,273.47,266.65
PTB.2020.162.13.21.22,PTB,2020.162.13.21.22,unlabelled,,,,,0,0,0.0,0.0,,,5.65500020980835,-76.54499816894531,24.0,1.7,6.5395,-74.456333,260.0,251.04,247.18
PTB.2020.162.17.46.53,PTB,2020.162.17.46.53,unlabelled,,,,,0,0,0.0,0.0,,,3.6630001068115234,-73.93900299072266,-0.04,1.5,6.5395,-74.456333,260.0,323.22,169.75
PTB.2020.163.23.44.46,PTB,2020.163.23.44.46,unlabelled,,,,,0,0,0.0,0.0,,,6.499000072479248,-76.6520004272461,15.65,1.7,6.5395,-74.456333,260.0,242.89,269.07
PTB.2020.164.11.57.34,PTB,2020.164.11.57.34,unlabelled,,,,,0,0,0.0,0.0,,,3.571000099182129,-74.44999694824219,32.15,1.2,6.5395,-74.456333,260.0,328.27,179.88
PTB.2020.164.16.31.51,PTB,2020.164.16.31.51,unlabelled,,,,,0,0,0.0,0.0,,,6.7779998779296875,-76.63800048828125,1.2,1.5,6.5395,-74.456333,260.0,242.67,276.37
PTB.2020.165.05.32.15,PTB,2020.165.05.32.15,unlabelled,,,,,0,0,0.0,0.0,-0.59,,7.203000068664551,-77.2249984741211,21.86,3.0,6.5395,-74.456333,260.0,314.68,283.65
PTB.2020.165.09.38.46,PTB,2020.165.09.38.46,unlabelled,,,,,0,0,0.0,0.0,,,6.913000106811523,-71.80000305175781,2.31,1.6,6.5395,-74.456333,260.0,296.57,81.84
PTB.2020.169.00.41.41,PTB,2020.169.00.41.41,unlabelled,,,,,0,0,0.0,0.0,-1.16,,7.242000102996826,-76.16600036621094,-0.01,1.7,6.5395,-74.456333,260.0,204.3,292.45
PTB.2020.169.10.13.13,PTB,2020.169.10.13.13,unlabelled,,,,,0,0,0.0,0.0,,,7.111000061035156,-72.2020034790039,0.0,1.9,6.5395,-74.456333,260.0,257.07,75.64
PTB.2020.169.11.10.01,PTB,2020.169.11.10.01,unlabelled,,,,,0,0,0.0,0.0,,,7.044000148773193,-71.8270034790039,1.75,2.1,6.5395,-74.456333,260.0,295.96,78.98
PTB.2020.169.11.15.59,PTB,2020.169.11.15.59,unlabelled,,,,,0,0,0.0,0.0,,,3.947000026702881,-73.65599822998047,26.15,1.6,6.5395,-74.456333,260.0,300.1,162.77
PTB.2020.169.17.16.24,PTB,2020.169.17.16.24,unlabelled,,,,,0,0,0.0,0.0,,,5.77400016784668,-72.51200103759766,-0.22,1.6,6.5395,-74.456333,260.0,231.25,111.37
PTB.2020.169.22.44.28,PTB,2020.169.22.44.28,unlabelled,,,,,0,0,0.0,0.0,,,7.232999801635742,-76.15899658203125,-0.22,1.5,6.5395,-74.456333,260.0,203.21,292.27
PTB.2020.169.23.40.24,PTB,2020.169.23.40.24,unlabelled,,,,,0,0,0.0,0.0,,,6.959000110626221,-76.52200317382812,16.93,2.1,6.5395,-74.456333,260.0,233.03,281.6
PTB.2020.171.03.19.40,PTB,2020.171.03.19.40,unlabelled,,,,,0,0,0.0,0.0,,,4.822000026702881,-76.80999755859375,22.27,1.6,6.5395,-74.456333,260.0,322.57,234.05
PTB.2020.171.04.48.03,PTB,2020.171.04.48.03,unlabelled,,,,,0,0,0.0,0.0,,,7.00600004196167,-76.63700103759766,31.87,1.5,6.5395,-74.456333,260.0,246.53,282.21
PTB.2020.171.11.47.36,PTB,2020.171.11.47.36,unlabelled,,,,,0,0,0.0,0.0,,,4.936999797821045,-73.21700286865234,28.22,1.8,6.5395,-74.456333,260.0,224.16,142.17
PTB.2020.171.15.54.29,PTB,2020.171.15.54.29,unlabelled,,,,,0,0,0.0,0.0,,,7.232999801635742,-76.52799987792969,20.53,1.6,6.5395,-74.456333,260.0,241.47,288.64
PTB.2020.171.23.10.31,PTB,2020.171.23.10.31,unlabelled,,,,,0,0,0.0,0.0,,,7.229000091552734,-76.2770004272461,-0.01,1.6,6.5395,-74.456333,260.0,215.19,290.86
PTB.2020.172.10.03.14,PTB,2020.172.10.03.14,unlabelled,,,,,0,0,0.0,0.0,,,4.513000011444092,-73.59500122070312,-0.15,1.8,6.5395,-74.456333,260.0,243.57,156.89
PTB.2020.173.09.29.28,PTB,2020.173.09.29.28,unlabelled,,,,,0,0,0.0,0.0,,,5.974999904632568,-72.2040023803711,14.54,1.8,6.5395,-74.456333,260.0,256.94,103.94
PTB.2020.173.15.02.22,PTB,2020.173.15.02.22,unlabelled,,,,,0,0,0.0,0.0,-3.85,-0.31,7.084000110626221,-76.11900329589844,-0.21,1.6,6.5395,-74.456333,260.0,193.4,288.24
PTB.2020.173.19.47.27,PTB,2020.173.19.47.27,unlabelled,,,,,0,0,0.0,0.0,-8.69,,7.123000144958496,-75.96499633789062,15.19,1.6,6.5395,-74.456333,260.0,178.81,291.24
PTB.2020.173.20.38.30,PTB,2020.173.20.38.30,unlabelled,,,,,0,0,0.0,0.0,,,5.561999797821045,-76.45800018310547,18.61,1.5,6.5395,-74.456333,260.0,246.55,244.1
PTB.2020.174.17.02.29,PTB,2020.174.17.02.29,unlabelled,,,,,0,0,0.0,0.0,,,5.015999794006348,-73.18800354003906,-0.01,2.1,6.5395,-74.456333,260.0,219.36,140.11
PTB.2020.174.19.39.40,PTB,2020.174.19.39.40,unlabelled,,,,,0,0,0.0,0.0,,,6.914999961853027,-76.24199676513672,-0.04,1.5,6.5395,-74.456333,260.0,201.74,281.98
PTB.2020.175.20.21.48,PTB,2020.175.20.21.48,unlabelled,,,,,0,0,0.0,0.0,,,7.1539998054504395,-73.02999877929688,24.11,1.6,6.5395,-74.456333,260.0,171.68,66.6
PTB.2020.176.08.19.08,PTB,2020.176.08.19.08,unlabelled,,,,,0,0,0.0,0.0,-1.14,-2.29,6.763999938964844,-76.7699966430664,18.88,1.9,6.5395,-74.456333,260.0,257.04,275.68
PTB.2020.176.16.41.07,PTB,2020.176.16.41.07,unlabelled,,,,,0,0,0.0,0.0,,,5.76200008392334,-72.57099914550781,10.72,1.6,6.5395,-74.456333,260.0,225.69,112.29
PTB.2020.176.20.34.46,PTB,2020.176.20.34.46,unlabelled,,,,,0,0,0.0,0.0,,,6.099999904632568,-72.4749984741211,3.78,1.8,6.5395,-74.456333,260.0,224.55,102.39
PTB.2020.177.10.08.29,PTB,2020.177.10.08.29,unlabelled,,,,,0,0,0.0,0.0,,,5.000999927520752,-72.8499984741211,0.0,1.9,6.5395,-74.456333,260.0,246.17,133.64
PTB.2020.177.23.50.31,PTB,2020.177.23.50.31,unlabelled,,,,,0,0,0.0,0.0,-3.31,,7.177999973297119,-76.23699951171875,-0.03,1.7,6.5395,-74.456333,260.0,209.1,289.84
PTB.2020.178.01.30.44,PTB,2020.178.01.30.44,unlabelled,,,,,0,0,0.0,0.0,-1.53,-0.15,4.543000221252441,-74.91899871826172,22.98,1.5,6.5395,-74.456333,260.0,226.66,193.1
PTB.2020.178.01.40.17,PTB,2020.178.01.40.17,unlabelled,,,,,0,0,0.0,0.0,,,4.185999870300293,-76.31400299072266,31.66,1.5,6.5395,-74.456333,260.0,331.85,218.44
PTB.2020.178.01.54.47,PTB,2020.178.01.54.47,unlabelled,,,,,0,0,0.0,0.0,-3.8,,4.560999870300293,-74.9000015258789,3.0,1.8,6.5395,-74.456333,260.0,224.25,192.69
PTB.2020.178.22.11.44,PTB,2020.178.22.11.44,unlabelled,,,,,0,0,0.0,0.0,,,6.822999954223633,-76.22799682617188,-0.03,2.0,6.5395,-74.456333,260.0,198.38,279.2
PTB.2020.178.23.20.04,PTB,2020.178.23.20.04,unlabelled,,,,,0,0,0.0,0.0,,,6.886000156402588,-76.12100219726562,-0.09,1.5,6.5395,-74.456333,260.0,187.99,281.86
PTB.2020.179.08.47.59,PTB,2020.179.08.47.59,unlabelled,,,,,0,0,0.0,0.0,,,3.8989999294281006,-73.60399627685547,1.4,1.6,6.5395,-74.456333,260.0,306.9,162.03
PTB.2020.179.16.56.50,PTB,2020.179.16.56.50,unlabelled,,,,,0,0,0.0,0.0,,,3.871000051498413,-74.01100158691406,4.81,1.5,6.5395,-74.456333,260.0,299.19,170.48
PTB.2020.179.21.32.47,PTB,2020.179.21.32.47,unlabelled,,,,,0,0,0.0,0.0,,,6.9720001220703125,-76.25,19.69,1.6,6.5395,-74.456333,260.0,203.98,283.67
PTB.2020.179.23.26.01,PTB,2020.179.23.26.01,unlabelled,,,,,0,0,0.0,0.0,,,4.697999954223633,-75.16500091552734,3.4,1.8,6.5395,-74.456333,260.0,218.25,201.12
PTB.2020.180.01.55.25,PTB,2020.180.01.55.25,unlabelled,,,,,0,0,0.0,0.0,,,6.992000102996826,-76.7020034790039,18.99,1.5,6.5395,-74.456333,260.0,253.25,281.53
PTB.2020.180.15.20.29,PTB,2020.180.15.20.29,unlabelled,,,,,0,0,0.0,0.0,,,6.894999980926514,-76.1780014038086,19.67,1.5,6.5395,-74.456333,260.0,194.37,281.77
PTB.2020.181.04.01.24,PTB,2020.181.04.01.24,unlabelled,,,,,0,0,0.0,0.0,,,7.159999847412109,-76.33200073242188,-0.06,1.8,6.5395,-74.456333,260.0,218.38,288.42
PTB.2020.181.04.21.07,PTB,2020.181.04.21.07,unlabelled,,,,,0,0,0.0,0.0,,,7.229000091552734,-76.85700225830078,22.75,1.5,6.5395,-74.456333,260.0,276.07,286.18
PTB.2020.181.06.11.03,PTB,2020.181.06.11.03,unlabelled,,,,,0,0,0.0,0.0,,,3.5260000228881836,-74.4000015258789,33.28,1.5,6.5395,-74.456333,260.0,333.3,178.92
PTB.2020.182.00.43.13,PTB,2020.182.00.43.13,unlabelled,,,,,0,0,0.0,0.0,,,3.8440001010894775,-74.00900268554688,3.39,2.0,6.5395,-74.456333,260.0,302.17,170.53
PTB.2020.182.20.30.35,PTB,2020.182.20.30.35,unlabelled,,,,,0,0,0.0,0.0,,,6.9720001220703125,-76.2699966430664,9.26,1.7,6.5395,-74.456333,260.0,206.13,283.52
PTB.2020.184.10.10.21,PTB,2020.184.10.10.21,unlabelled,,,,,0,0,0.0,0.0,,,7.158999919891357,-72.55699920654297,0.05,1.6,6.5395,-74.456333,260.0,220.83,71.81
PTB.2020.184.13.04.55,PTB,2020.184.13.04.55,unlabelled,,,,,0,0,0.0,0.0,,,6.578999996185303,-76.7760009765625,9.88,2.2,6.5395,-74.456333,260.0,256.58,271.11
PTB.2020.185.05.04.38,PTB,2020.185.05.04.38,unlabelled,,,,,0,0,0.0,0.0,,,3.86299991607666,-75.5,3.99,1.6,6.5395,-74.456333,260.0,317.79,201.4
PTB.2020.185.17.07.12,PTB,2020.185.17.07.12,unlabelled,,,,,0,0,0.0,0.0,,,5.938000202178955,-75.8219985961914,25.7,1.5,6.5395,-74.456333,260.0,165.12,246.32
PTB.2020.186.02.52.40,PTB,2020.186.02.52.40,unlabelled,,,,,0,0,0.0,0.0,,,6.818999767303467,-76.16699981689453,0.0,1.5,6.5395,-74.456333,260.0,191.66,279.38
PTB.2020.186.03.33.02,PTB,2020.186.03.33.02,unlabelled,,,,,0,0,0.0,0.0,-2.87,,6.813000202178955,-76.12699890136719,0.0,2.0,6.5395,-74.456333,260.0,187.18,279.4
PTB.2020.186.15.52.56,PTB,2020.186.15.52.56,unlabelled,,,,,0,0,0.0,0.0,,,6.918000221252441,-76.21800231933594,0.0,1.5,6.5395,-74.456333,260.0,199.21,282.23
PTB.2020.186.18.05.53,PTB,2020.186.18.05.53,unlabelled,,,,,0,0,0.0,0.0,,,7.51800012588501,-73.07499694824219,4.63,1.6,6.5395,-74.456333,260.0,187.09,54.58
PTB.2020.187.20.47.28,PTB,2020.187.20.47.28,unlabelled,,,,,0,0,0.0,0.0,,,5.771999835968018,-76.72200012207031,32.86,1.6,6.5395,-74.456333,260.0,264.74,251.42
PTB.2020.188.20.17.09,PTB,2020.188.20.17.09,unlabelled,,,,,0,0,0.0,0.0,,,3.6500000953674316,-74.1520004272461,15.71,1.5,6.5395,-74.456333,260.0,321.31,173.96
PTB.2020.189.07.22.45,PTB,2020.189.07.22.45,unlabelled,,,,,0,0,0.0,0.0,,,4.920000076293945,-76.87300109863281,26.6,1.6,6.5395,-74.456333,260.0,322.06,236.34
PTB.2020.189.15.21.13,PTB,2020.189.15.21.13,unlabelled,,,,,0,0,0.0,0.0,,,3.86299991607666,-75.66600036621094,3.93,2.1,6.5395,-74.456333,260.0,324.94,204.43
PTB.2020.190.00.16.00,PTB,2020.190.00.16.00,unlabelled,,,,,0,0,0.0,0.0,,,7.078000068664551,-77.06600189208984,5.0,1.8,6.5395,-74.456333,260.0,294.55,281.82
PTB.2020.190.02.50.47,PTB,2020.190.02.50.47,unlabelled,,,,,0,0,0.0,0.0,,,3.8610000610351562,-75.68099975585938,3.81,2.4,6.5395,-74.456333,260.0,325.83,204.68
PTB.2020.190.05.38.20,PTB,2020.190.05.38.20,unlabelled,,,,,0,0,0.0,0.0,,,6.072000026702881,-72.41600036621094,1.42,1.7,6.5395,-74.456333,260.0,231.61,102.78
PTB.2020.190.06.29.49,PTB,2020.190.06.29.49,unlabelled,,,,,0,0,0.0,0.0,,,6.005000114440918,-72.625,0.92,1.5,6.5395,-74.456333,260.0,211.09,106.16
PTB.2020.190.10.09.22,PTB,2020.190.10.09.22,unlabelled,,,,,0,0,0.0,0.0,,,4.546000003814697,-76.21600341796875,13.12,1.5,6.5395,-74.456333,260.0,294.3,221.58
PTB.2020.190.14.24.59,PTB,2020.190.14.24.59,unlabelled,,,,,0,0,0.0,0.0,,,6.922999858856201,-76.24500274658203,0.04,1.5,6.5395,-74.456333,260.0,202.25,282.21
PTB.2020.190.17.52.14,PTB,2020.190.17.52.14,unlabelled,,,,,0,0,0.0,0.0,,,5.236999988555908,-72.91200256347656,4.62,1.7,6.5395,-74.456333,260.0,223.59,130.02
PTB.2020.190.18.56.06,PTB,2020.190.18.56.06,unlabelled,,,,,0,0,0.0,0.0,,,6.910999774932861,-76.20600128173828,0.08,1.5,6.5395,-74.456333,260.0,197.76,282.09
PTB.2020.190.19.39.59,PTB,2020.190.19.39.59,unlabelled,,,,,0,0,0.0,0.0,,,6.932000160217285,-76.19999694824219,-0.11,1.5,6.5395,-74.456333,260.0,197.6,282.79
PTB.2020.191.00.19.45,PTB,2020.191.00.19.45,unlabelled,,,,,0,0,0.0,0.0,,,6.8379998207092285,-76.58899688720703,0.01,1.7,6.5395,-74.456333,260.0,238.1,278.09
PTB.2020.191.05.15.37,PTB,2020.191.05.15.37,unlabelled,,,,,0,0,0.0,0.0,,,6.2789998054504395,-77.3270034790039,20.41,1.9,6.5395,-74.456333,260.0,318.88,264.98
PTB.2020.191.11.48.20,PTB,2020.191.11.48.20,unlabelled,,,,,0,0,0.0,0.0,,,6.206999778747559,-76.75499725341797,29.97,1.5,6.5395,-74.456333,260.0,256.96,261.9
PTB.2020.191.12.57.55,PTB,2020.191.12.57.55,unlabelled,,,,,0,0,0.0,0.0,,,6.90500020980835,-76.23999786376953,0.0,2.7,6.5395,-74.456333,260.0,201.3,281.69
PTB.2020.192.05.49.31,PTB,2020.192.05.49.31,unlabelled,,,,,0,0,0.0,0.0,,,6.705999851226807,-76.80999755859375,4.51,1.6,6.5395,-74.456333,260.0,260.92,274.18
PTB.2020.192.21.12.20,PTB,2020.192.21.12.20,unlabelled,,,,,0,0,0.0,0.0,,,6.781000137329102,-76.57099914550781,0.0,1.9,6.5395,-74.456333,260.0,235.35,276.64
PTB.2020.193.09.12.50,PTB,2020.193.09.12.50,unlabelled,,,,,0,0,0.0,0.0,,,4.835000038146973,-76.70999908447266,39.64,1.9,6.5395,-74.456333,260.0,312.81,233.06
PTB.2020.193.10.04.27,PTB,2020.193.10.04.27,unlabelled,,,,,0,0,0.0,0.0,,,6.789000034332275,-76.08699798583984,0.0,1.8,6.5395,-74.456333,260.0,182.41,278.79
PTB.2020.193.13.11.06,PTB,2020.193.13.11.06,unlabelled,,,,,0,0,0.0,0.0,,,5.52400016784668,-72.51599884033203,17.23,1.7,6.5395,-74.456333,260.0,242.39,117.5
PTB.2020.193.15.09.21,PTB,2020.193.15.09.21,unlabelled,,,,,0,0,0.0,0.0,,,6.955999851226807,-76.23899841308594,14.04,2.2,6.5395,-74.456333,260.0,202.39,283.26
PTB.2020.193.22.21.55,PTB,2020.193.22.21.55,unlabelled,,,,,0,0,0.0,0.0,,,3.874000072479248,-75.66200256347656,4.13,1.9,6.5395,-74.456333,260.0,323.65,204.45
PTB.2020.193.22.26.35,PTB,2020.193.22.26.35,unlabelled,,,,,0,0,0.0,0.0,,,5.997000217437744,-72.49199676513672,3.33,1.6,6.5395,-74.456333,260.0,225.5,105.32
PTB.2020.194.05.08.07,PTB,2020.194.05.08.07,unlabelled,,,,,0,0,0.0,0.0,-2.57,,6.959000110626221,-76.16899871826172,10.53,1.8,6.5395,-74.456333,260.0,194.94,283.87
PTB.2020.194.18.02.15,PTB,2020.194.18.02.15,unlabelled,,,,,0,0,0.0,0.0,,,6.960999965667725,-76.29000091552734,0.0,1.5,6.5395,-74.456333,260.0,208.01,283.06
PTB.2020.194.21.05.26,PTB,2020.194.21.05.26,unlabelled,,,,,0,0,0.0,0.0,,,5.13700008392334,-76.50900268554688,31.06,2.3,6.5395,-74.456333,260.0,275.19,235.8
PTB.2020.194.22.35.00,PTB,2020.194.22.35.00,unlabelled,,,,,0,0,0.0,0.0,,,6.817999839782715,-76.20600128173828,-0.01,1.6,6.5395,-74.456333,260.0,195.9,279.15
PTB.2020.195.00.31.36,PTB,2020.195.00.31.36,unlabelled,,,,,0,0,0.0,0.0,,,6.89900016784668,-76.1989974975586,0.11,1.9,6.5395,-74.456333,260.0,196.73,281.76
PTB.2020.195.21.31.45,PTB,2020.195.21.31.45,unlabelled,,,,,0,0,0.0,0.0,,,7.099999904632568,-76.10800170898438,6.6,1.5,6.5395,-74.456333,260.0,192.81,288.85
PTB.2020.195.23.09.03,PTB,2020.195.23.09.03,unlabelled,,,,,0,0,0.0,0.0,,,7.083000183105469,-76.79399871826172,18.68,1.8,6.5395,-74.456333,260.0,265.3,283.23
PTB.2020.196.00.36.44,PTB,2020.196.00.36.44,unlabelled,,,,,0,0,0.0,0.0,,,6.942999839782715,-76.19300079345703,6.4,1.6,6.5395,-74.456333,260.0,197.11,283.19
PTB.2020.196.01.00.56,PTB,2020.196.01.00.56,unlabelled,,,,,0,0,0.0,0.0,,,7.064000129699707,-76.11399841308594,17.77,1.7,6.5395,-74.456333,260.0,192.2,287.66
PTB.2020.196.14.53.19,PTB,2020.196.14.53.19,unlabelled,,,,,0,0,0.0,0.0,,,6.934999942779541,-76.21600341796875,0.04,1.5,6.5395,-74.456333,260.0,199.4,282.77
PTB.2020.196.15.12.52,PTB,2020.196.15.12.52,unlabelled,,,,,0,0,0.0,0.0,,,5.015999794006348,-72.87300109863281,15.71,1.8,6.5395,-74.456333,260.0,243.18,133.77
PTB.2020.197.20.39.54,PTB,2020.197.20.39.54,unlabelled,,,,,0,0,0.0,0.0,,,5.791999816894531,-76.46600341796875,17.0,1.5,6.5395,-74.456333,260.0,237.29,249.72
PTB.2020.198.01.46.30,PTB,2020.198.01.46.30,unlabelled,,,,,0,0,0.0,0.0,,,7.370999813079834,-71.82599639892578,4.61,1.7,6.5395,-74.456333,260.0,304.86,72.29
PTB.2020.198.03.15.01,PTB,2020.198.03.15.01,unlabelled,,,,,0,0,0.0,0.0,,,6.020999908447266,-72.73799896240234,20.09,1.6,6.5395,-74.456333,260.0,198.6,106.69
PTB.2020.198.10.58.58,PTB,2020.198.10.58.58,unlabelled,,,,,0,0,0.0,0.0,,,4.2870001792907715,-75.08699798583984,1.79,1.5,6.5395,-74.456333,260.0,258.71,195.7
PTB.2020.198.18.16.07,PTB,2020.198.18.16.07,unlabelled,,,,,0,0,0.0,0.0,,,4.801000118255615,-74.81199645996094,7.2,2.1,6.5395,-74.456333,260.0,196.25,191.6
PTB.2020.198.19.45.28,PTB,2020.198.19.45.28,unlabelled,,,,,0,0,0.0,0.0,,,5.158999919891357,-76.6729965209961,17.92,2.0,6.5395,-74.456333,260.0,289.08,238.24
PTB.2020.199.21.27.01,PTB,2020.199.21.27.01,unlabelled,,,,,0,0,0.0,0.0,,,7.078000068664551,-76.8010025024414,20.84,1.7,6.5395,-74.456333,260.0,265.93,283.08
PTB.2020.201.18.14.54,PTB,2020.201.18.14.54,unlabelled,,,,,0,0,0.0,0.0,,,4.686999797821045,-76.4489974975586,9.29,1.5,6.5395,-74.456333,260.0,301.16,227.24
PTB.2020.202.03.29.27,PTB,2020.202.03.29.27,unlabelled,,,,,0,0,0.0,0.0,,,4.526000022888184,-73.43699645996094,-0.05,1.6,6.5395,-74.456333,260.0,249.67,153.05
PTB.2020.202.10.54.31,PTB,2020.202.10.54.31,unlabelled,,,,,0,0,0.0,0.0,,,4.488999843597412,-76.13200378417969,27.71,2.2,6.5395,-74.456333,260.0,293.07,219.4
PTB.2020.203.09.16.32,PTB,2020.203.09.16.32,unlabelled,,,,,0,0,0.0,0.0,,,3.8289999961853027,-73.65699768066406,0.45,1.5,6.5395,-74.456333,260.0,312.56,163.49
PTB.2020.203.10.33.04,PTB,2020.203.10.33.04,unlabelled,,,,,0,0,0.0,0.0,,,7.26200008392334,-72.66799926757812,1.98,1.7,6.5395,-74.456333,260.0,213.18,67.88
PTB.2020.203.19.54.15,PTB,2020.203.19.54.15,unlabelled,,,,,0,0,0.0,0.0,,,4.761000156402588,-76.3239974975586,21.1,2.0,6.5395,-74.456333,260.0,285.46,226.55
PTB.2020.203.23.04.18,PTB,2020.203.23.04.18,unlabelled,,,,,0,0,0.0,0.0,,,4.435999870300293,-73.73500061035156,0.02,1.8,6.5395,-74.456333,260.0,245.96,161.0
PTB.2020.204.02.41.54,PTB,2020.204.02.41.54,unlabelled,,,,,0,0,0.0,0.0,,,6.738999843597412,-76.34300231933594,14.84,1.5,6.5395,-74.456333,260.0,209.79,276.15
PTB.2020.204.06.27.37,PTB,2020.204.06.27.37,unlabelled,,,,,0,0,0.0,0.0,,,6.956999778747559,-76.33799743652344,10.72,2.9,6.5395,-74.456333,260.0,213.09,282.62
PTB.2020.204.08.05.09,PTB,2020.204.08.05.09,unlabelled,,,,,0,0,0.0,0.0,,,5.0960001945495605,-74.84100341796875,8.0,1.6,6.5395,-74.456333,260.0,165.22,194.96
PTB.2020.204.09.24.24,PTB,2020.204.09.24.24,unlabelled,,,,,0,0,0.0,0.0,,,6.961999893188477,-76.29199981689453,0.0,1.7,6.5395,-74.456333,260.0,208.25,283.07
PTB.2020.204.16.11.24,PTB,2020.204.16.11.24,unlabelled,,,,,0,0,0.0,0.0,,,5.046999931335449,-75.9520034790039,13.46,1.6,6.5395,-74.456333,260.0,233.84,225.18
PTB.2020.204.16.55.56,PTB,2020.204.16.55.56,unlabelled,,,,,0,0,0.0,0.0,-1.07,,6.129000186920166,-76.8479995727539,5.65,2.3,6.5395,-74.456333,260.0,268.49,260.4
PTB.2020.204.22.05.16,PTB,2020.204.22.05.16,unlabelled,,,,,0,0,0.0,0.0,,,6.889999866485596,-76.17400360107422,0.0,1.5,6.5395,-74.456333,260.0,193.82,281.64
PTB.2020.205.03.35.47,PTB,2020.205.03.35.47,unlabelled,,,,,0,0,0.0,0.0,,,7.336999893188477,-72.4520034790039,0.0,1.5,6.5395,-74.456333,260.0,238.41,68.17
PTB.2020.205.04.37.37,PTB,2020.205.04.37.37,unlabelled,,,,,0,0,0.0,0.0,,,7.389999866485596,-72.40899658203125,-0.01,1.6,6.5395,-74.456333,260.0,245.01,67.3
PTB.2020.205.11.11.36,PTB,2020.205.11.11.36,unlabelled,,,,,0,0,0.0,0.0,,,7.093999862670898,-76.99800109863281,15.07,2.2,6.5395,-74.456333,260.0,287.56,282.46
PTB.2020.206.01.04.19,PTB,2020.206.01.04.19,unlabelled,,,,,0,0,0.0,0.0,-4.6,,6.979000091552734,-76.24500274658203,14.8,1.4,6.5395,-74.456333,260.0,203.62,283.91
PTB.2020.206.03.36.09,PTB,2020.206.03.36.09,unlabelled,,,,,0,0,0.0,0.0,,,7.572999954223633,-72.78700256347656,2.47,1.6,6.5395,-74.456333,260.0,216.97,58.11
PTB.2020.206.13.36.37,PTB,2020.206.13.36.37,unlabelled,,,,,0,0,0.0,0.0,-2.44,,6.948999881744385,-76.24299621582031,-0.15,1.5,6.5395,-74.456333,260.0,202.65,283.02
PTB.2020.206.15.42.18,PTB,2020.206.15.42.18,unlabelled,,,,,0,0,0.0,0.0,-1.28,,6.939000129699707,-76.24199676513672,-0.11,1.5,6.5395,-74.456333,260.0,202.3,282.72
PTB.2020.206.17.53.26,PTB,2020.206.17.53.26,unlabelled,,,,,0,0,0.0,0.0,,,6.941999912261963,-76.21900177001953,-0.2,1.5,6.5395,-74.456333,260.0,199.89,282.97
PTB.2020.206.18.54.12,PTB,2020.206.18.54.12,unlabelled,,,,,0,0,0.0,0.0,,,6.684000015258789,-73.13200378417969,32.68,1.5,6.5395,-74.456333,260.0,147.32,83.7
PTB.2020.207.12.49.53,PTB,2020.207.12.49.53,unlabelled,,,,,0,0,0.0,0.0,,,6.757999897003174,-73.00299835205078,34.79,1.8,6.5395,-74.456333,260.0,162.51,81.37
PTB.2020.207.13.16.12,PTB,2020.207.13.16.12,unlabelled,,,,,0,0,0.0,0.0,,,6.883999824523926,-76.6240005493164,-0.23,1.5,6.5395,-74.456333,260.0,242.67,279.16
PTB.2020.207.21.00.35,PTB,2020.207.21.00.35,unlabelled,,,,,0,0,0.0,0.0,-2.8,,6.104000091552734,-76.03299713134766,21.9,1.6,6.5395,-74.456333,260.0,180.98,254.65
PTB.2020.208.06.20.26,PTB,2020.208.06.20.26,unlabelled,,,,,0,0,0.0,0.0,,,6.988999843597412,-77.0719985961914,20.19,1.7,6.5395,-74.456333,260.0,293.4,279.91
PTB.2020.208.16.13.26,PTB,2020.208.16.13.26,unlabelled,,,,,0,0,0.0,0.0,,,4.561999797821045,-76.62200164794922,3.28,2.1,6.5395,-74.456333,260.0,324.65,227.77
PTB.2020.208.18.00.37,PTB,2020.208.18.00.37,unlabelled,,,,,0,0,0.0,0.0,,,7.14300012588501,-77.05799865722656,31.97,1.9,6.5395,-74.456333,260.0,295.21,283.22
PTB.2020.208.21.23.47,PTB,2020.208.21.23.47,unlabelled,,,,,0,0,0.0,0.0,,,3.6010000705718994,-74.4280014038086,17.22,1.6,6.5395,-74.456333,260.0,324.96,179.44
PTB.2020.209.02.01.51,PTB,2020.209.02.01.51,unlabelled,,,,,0,0,0.0,0.0,,,7.539999961853027,-72.08699798583984,0.0,2.4,6.5395,-74.456333,260.0,284.2,66.95
PTB.2020.209.04.53.39,PTB,2020.209.04.53.39,unlabelled,,,,,0,0,0.0,0.0,,,5.956999778747559,-72.15399932861328,19.44,1.8,6.5395,-74.456333,260.0,262.8,104.06
PTB.2020.210.18.35.20,PTB,2020.210.18.35.20,unlabelled,,,,,0,0,0.0,0.0,,,4.256999969482422,-76.2979965209961,19.85,1.5,6.5395,-74.456333,260.0,324.6,219.05
PTB.2020.211.20.56.50,PTB,2020.211.20.56.50,unlabelled,,,,,0,0,0.0,0.0,,,3.5910000801086426,-74.38400268554688,39.3,1.5,6.5395,-74.456333,260.0,326.15,178.59
PTB.2020.212.17.40.03,PTB,2020.212.17.40.03,unlabelled,,,,,0,0,0.0,0.0,,,6.888999938964844,-76.67500305175781,12.25,1.6,6.5395,-74.456333,260.0,248.32,279.08
PTB.2020.212.20.31.19,PTB,2020.212.20.31.19,unlabelled,,,,,0,0,0.0,0.0,-0.53,,6.814000129699707,-76.64700317382812,19.09,1.6,6.5395,-74.456333,260.0,244.12,277.27
PTB.2020.212.22.12.11,PTB,2020.212.22.12.11,unlabelled,,,,,0,0,0.0,0.0,-1.49,,7.117000102996826,-76.37000274658203,5.17,1.5,6.5395,-74.456333,260.0,220.96,286.91
PTB.2020.212.22.24.32,PTB,2020.212.22.24.32,unlabelled,,,,,0,0,0.0,0.0,,,7.019999980926514,-76.2249984741211,11.71,1.5,6.5395,-74.456333,260.0,202.61,285.31
PTB.2020.213.01.11.08,PTB,2020.213.01.11.08,unlabelled,,,,,0,0,0.0,0.0,,,5.945000171661377,-76.52100372314453,23.44,2.1,6.5395,-74.456333,260.0,237.75,254.06
PTB.2020.213.03.37.10,PTB,2020.213.03.37.10,unlabelled,,,,,0,0,0.0,0.0,,,6.953000068664551,-76.29399871826172,1.29,1.5,6.5395,-74.456333,260.0,208.24,282.79
PTB.2020.213.07.16.33,PTB,2020.213.07.16.33,unlabelled,,,,,0,0,0.0,0.0,,,3.5829999446868896,-74.44000244140625,13.5,1.7,6.5395,-74.456333,260.0,326.94,179.68
PTB.2020.213.18.15.20,PTB,2020.213.18.15.20,unlabelled,,,,,0,0,0.0,0.0,,,5.609000205993652,-76.30000305175781,1.11,1.7,6.5395,-74.456333,260.0,228.56,243.34
PTB.2020.214.12.47.09,PTB,2020.214.12.47.09,unlabelled,,,,,0,0,0.0,0.0,,,5.511000156402588,-72.60900115966797,23.45,1.5,6.5395,-74.456333,260.0,234.01,118.98
PTB.2020.214.21.31.36,PTB,2020.214.21.31.36,unlabelled,,,,,0,0,0.0,0.0,,,4.752999782562256,-74.6729965209961,8.98,1.6,6.5395,-74.456333,260.0,199.01,186.94
PTB.2020.215.06.28.27,PTB,2020.215.06.28.27,unlabelled,,,,,0,0,0.0,0.0,,,6.800000190734863,-76.20600128173828,0.85,1.6,6.5395,-74.456333,260.0,195.6,278.57
PTB.2020.215.08.25.33,PTB,2020.215.08.25.33,unlabelled,,,,,0,0,0.0,0.0,,,4.564000129699707,-76.35199737548828,19.44,1.6,6.5395,-74.456333,260.0,303.05,223.97
PTB.2020.215.08.29.43,PTB,2020.215.08.29.43,unlabelled,,,,,0,0,0.0,0.0,,,5.998000144958496,-72.59500122070312,0.0,1.6,6.5395,-74.456333,260.0,214.5,106.11
PTB.2020.215.09.04.33,PTB,2020.215.09.04.33,unlabelled,,,,,0,0,0.0,0.0,,,6.348999977111816,-76.76599884033203,19.67,1.9,6.5395,-74.456333,260.0,256.36,265.42
PTB.2020.216.02.55.00,PTB,2020.216.02.55.00,unlabelled,,,,,0,0,0.0,0.0,,,3.8949999809265137,-74.0739974975586,-0.01,1.9,6.5395,-74.456333,260.0,295.49,171.73
PTB.2020.216.14.50.22,PTB,2020.216.14.50.22,unlabelled,,,,,0,0,0.0,0.0,,,4.047999858856201,-75.40799713134766,11.29,1.7,6.5395,-74.456333,260.0,295.02,201.0
PTB.2020.217.01.09.30,PTB,2020.217.01.09.30,unlabelled,,,,,0,0,0.0,0.0,,,6.7220001220703125,-76.58899688720703,0.0,2.1,6.5395,-74.456333,260.0,236.69,275.01
PTB.2020.217.02.02.01,PTB,2020.217.02.02.01,unlabelled,,,,,0,0,0.0,0.0,,,4.710999965667725,-74.76899719238281,6.59,1.8,6.5395,-74.456333,260.0,205.15,189.74
PTB.2020.217.09.58.08,PTB,2020.217.09.58.08,unlabelled,,,,,0,0,0.0,0.0,,,7.619999885559082,-75.33000183105469,19.61,1.9,6.5395,-74.456333,260.0,153.61,321.12
PTB.2020.217.20.46.34,PTB,2020.217.20.46.34,unlabelled,,,,,0,0,0.0,0.0,,,6.620999813079834,-76.89199829101562,21.88,1.9,6.5395,-74.456333,260.0,269.51,272.06
PTB.2020.218.02.33.01,PTB,2020.218.02.33.01,unlabelled,,,,,0,0,0.0,0.0,,,5.798999786376953,-72.447998046875,3.59,2.9,6.5395,-74.456333,260.0,236.88,110.11
PTB.2020.219.01.21.04,PTB,2020.219.01.21.04,unlabelled,,,,,0,0,0.0,0.0,,,6.811999797821045,-76.22000122070312,-0.02,1.6,6.5395,-74.456333,260.0,197.32,278.89
PTB.2020.220.04.58.46,PTB,2020.220.04.58.46,unlabelled,,,,,0,0,0.0,0.0,,,7.170000076293945,-72.2300033569336,21.4,1.5,6.5395,-74.456333,260.0,255.76,74.05
PTB.2020.220.05.03.08,PTB,2020.220.05.03.08,unlabelled,,,,,0,0,0.0,0.0,,,7.304999828338623,-76.0469970703125,0.0,1.7,6.5395,-74.456333,260.0,195.11,295.81
PTB.2020.220.05.11.40,PTB,2020.220.05.11.40,unlabelled,,,,,0,0,0.0,0.0,-0.51,,7.072999954223633,-75.90499877929688,11.01,1.5,6.5395,-74.456333,260.0,170.66,290.31
PTB.2020.220.14.07.37,PTB,2020.220.14.07.37,unlabelled,,,,,0,0,0.0,0.0,-2.22,-0.65,6.931000232696533,-76.13099670410156,-0.09,1.5,6.5395,-74.456333,260.0,190.14,283.26
PTB.2020.220.20.43.59,PTB,2020.220.20.43.59,unlabelled,,,,,0,0,0.0,0.0,,,6.791999816894531,-76.23600006103516,4.52,1.7,6.5395,-74.456333,260.0,198.75,278.18
PTB.2020.221.09.29.13,PTB,2020.221.09.29.13,unlabelled,,,,,0,0,0.0,0.0,,,4.468999862670898,-76.59300231933594,18.17,1.5,6.5395,-74.456333,260.0,329.36,226.07
PTB.2020.221.21.06.05,PTB,2020.221.21.06.05,unlabelled,,,,,0,0,0.0,0.0,,,3.621000051498413,-74.21900177001953,7.46,1.9,6.5395,-74.456333,260.0,323.81,175.33
PTB.2020.222.17.38.21,PTB,2020.222.17.38.21,unlabelled,,,,,0,0,0.0,0.0,,,6.795000076293945,-76.59700012207031,2.91,1.8,6.5395,-74.456333,260.0,238.38,276.93
PTB.2020.223.13.13.02,PTB,2020.223.13.13.02,unlabelled,,,,,0,0,0.0,0.0,,,6.85699987411499,-76.58699798583984,27.03,1.5,6.5395,-74.456333,260.0,238.18,278.6
PTB.2020.223.13.46.48,PTB,2020.223.13.46.48,unlabelled,,,,,0,0,0.0,0.0,,,7.392000198364258,-72.10299682617188,0.99,2.6,6.5395,-74.456333,260.0,276.61,69.93
PTB.2020.225.14.09.19,PTB,2020.225.14.09.19,unlabelled,,,,,0,0,0.0,0.0,,,4.348999977111816,-75.23999786376953,12.96,2.3,6.5395,-74.456333,260.0,257.33,199.76
PTB.2020.225.22.18.22,PTB,2020.225.22.18.22,unlabelled,,,,,0,0,0.0,0.0,,,3.556999921798706,-74.4010009765625,4.74,2.4,6.5395,-74.456333,260.0,329.87,178.93
PTB.2020.226.14.05.44,PTB,2020.226.14.05.44,unlabelled,,,,,0,0,0.0,0.0,,,3.941999912261963,-74.05500030517578,3.96,1.9,6.5395,-74.456333,260.0,290.67,171.18
PTB.2020.226.14.08.22,PTB,2020.226.14.08.22,unlabelled,,,,,0,0,0.0,0.0,,,3.941999912261963,-74.05699920654297,4.0,1.7,6.5395,-74.456333,260.0,290.63,171.22
PTB.2020.227.00.42.38,PTB,2020.227.00.42.38,unlabelled,,,,,0,0,0.0,0.0,,,3.677999973297119,-74.19599914550781,8.15,1.5,6.5395,-74.456333,260.0,317.75,174.78
PTB.2020.228.00.13.08,PTB,2020.228.00.13.08,unlabelled,,,,,0,0,0.0,0.0,,,6.9770002365112305,-76.69999694824219,22.28,1.6,6.5395,-74.456333,260.0,252.71,281.17
PTB.2020.230.16.41.20,PTB,2020.230.16.41.20,unlabelled,,,,,0,0,0.0,0.0,,,4.646999835968018,-73.41799926757812,1.48,1.6,6.5395,-74.456333,260.0,238.81,151.15
PTB.2020.231.14.00.58,PTB,2020.231.14.00.58,unlabelled,,,,,0,0,0.0,0.0,,,6.6579999923706055,-76.89700317382812,13.19,2.6,6.5395,-74.456333,260.0,270.22,272.92
PTB.2020.231.21.16.10,PTB,2020.231.21.16.10,unlabelled,,,,,0,0,0.0,0.0,,,5.118000030517578,-73.06800079345703,3.56,1.7,6.5395,-74.456333,260.0,219.89,135.56
PTB.2020.231.23.46.27,PTB,2020.231.23.46.27,unlabelled,,,,,0,0,0.0,0.0,,,7.301000118255615,-76.30699920654297,0.14,1.9,6.5395,-74.456333,260.0,221.18,292.49
PTB.2020.233.17.47.25,PTB,2020.233.17.47.25,unlabelled,,,,,0,0,0.0,0.0,-0.24,,5.876999855041504,-73.0009994506836,-0.2,1.5,6.5395,-74.456333,260.0,176.94,114.38
PTB.2020.235.19.04.08,PTB,2020.235.19.04.08,unlabelled,,,,,0,0,0.0,0.0,,,6.932000160217285,-76.19100189208984,8.11,1.6,6.5395,-74.456333,260.0,196.63,282.85
PTB.2020.236.21.22.52,PTB,2020.236.21.22.52,unlabelled,,,,,0,0,0.0,0.0,,,5.169000148773193,-72.61199951171875,0.07,1.6,6.5395,-74.456333,260.0,254.33,126.48
PTB.2020.239.13.12.11,PTB,2020.239.13.12.11,unlabelled,,,,,0,0,0.0,0.0,,,4.232999801635742,-75.5469970703125,7.91,1.5,6.5395,-74.456333,260.0,282.25,205.41
PTB.2020.240.01.13.06,PTB,2020.240.01.13.06,unlabelled,,,,,0,0,0.0,0.0,,,6.989999771118164,-76.6510009765625,0.0,1.5,6.5395,-74.456333,260.0,247.68,281.73
PTB.2020.241.01.21.12,PTB,2020.241.01.21.12,unlabelled,,,,,0,0,0.0,0.0,,,5.5320000648498535,-72.677001953125,1.07,1.7,6.5395,-74.456333,260.0,226.31,119.4
PTB.2020.241.02.07.22,PTB,2020.241.02.07.22,unlabelled,,,,,0,0,0.0,0.0,-2.65,,5.520999908447266,-72.6969985961914,4.35,1.6,6.5395,-74.456333,260.0,224.99,119.95
PTB.2020.241.20.22.25,PTB,2020.241.20.22.25,unlabelled,,,,,0,0,0.0,0.0,,,6.651000022888184,-76.71700286865234,8.67,2.1,6.5395,-74.456333,260.0,250.31,272.95
PTB.2020.242.16.49.59,PTB,2020.242.16.49.59,unlabelled,,,,,0,0,0.0,0.0,,,3.5759999752044678,-74.41600036621094,31.8,1.5,6.5395,-74.456333,260.0,327.74,179.22
PTB.2020.243.00.27.01,PTB,2020.243.00.27.01,unlabelled,,,,,0,0,0.0,0.0,,,6.783999919891357,-76.67400360107422,3.25,2.4,6.5395,-74.456333,260.0,246.7,276.42
PTB.2020.243.01.00.33,PTB,2020.243.01.00.33,unlabelled,,,,,0,0,0.0,0.0,,,6.736999988555908,-72.10299682617188,0.0,2.1,6.5395,-74.456333,260.0,261.14,85.07
PTB.2020.243.01.27.01,PTB,2020.243.01.27.01,unlabelled,,,,,0,0,0.0,0.0,,,7.190000057220459,-76.22599792480469,32.66,1.5,6.5395,-74.456333,260.0,208.4,290.3
PTB.2020.244.00.25.25,PTB,2020.244.00.25.25,unlabelled,,,,,0,0,0.0,0.0,,,6.809999942779541,-76.22899627685547,-0.01,1.5,6.5395,-74.456333,260.0,198.27,278.78
PTB.2020.244.15.05.29,PTB,2020.244.15.05.29,unlabelled,,,,,0,0,0.0,0.0,,,4.795000076293945,-74.87300109863281,-0.01,1.6,6.5395,-74.456333,260.0,198.36,193.48
PTB.2020.244.23.34.06,PTB,2020.244.23.34.06,unlabelled,,,,,0,0,0.0,0.0,,,5.181000232696533,-72.96600341796875,-0.05,2.8,6.5395,-74.456333,260.0,223.17,132.23
PTB.2020.245.21.26.43,PTB,2020.245.21.26.43,unlabelled,,,,,0,0,0.0,0.0,,,7.35699987411499,-71.95099639892578,0.0,2.2,6.5395,-74.456333,260.0,291.24,71.77
PTB.2020.245.21.35.06,PTB,2020.245.21.35.06,unlabelled,,,,,0,0,0.0,0.0,,,7.34499979019165,-72.22100067138672,0.0,2.3,6.5395,-74.456333,260.0,262.59,70.04
PTB.2020.245.21.36.25,PTB,2020.245.21.36.25,unlabelled,,,,,0,0,0.0,0.0,,,4.710000038146973,-74.81400299072266,27.72,1.8,6.5395,-74.456333,260.0,206.16,191.1
PTB.2020.246.03.51.19,PTB,2020.246.03.51.19,unlabelled,,,,,0,0,0.0,0.0,,,5.459000110626221,-76.32099914550781,29.29,1.5,6.5395,-74.456333,260.0,238.53,240.04
PTB.2020.246.07.30.16,PTB,2020.246.07.30.16,unlabelled,,,,,0,0,0.0,0.0,,,7.085999965667725,-76.22899627685547,0.0,1.5,6.5395,-74.456333,260.0,205.06,287.25
PTB.2020.246.20.59.41,PTB,2020.246.20.59.41,unlabelled,,,,,0,0,0.0,0.0,,,7.309999942779541,-72.68299865722656,4.03,1.8,6.5395,-74.456333,260.0,213.7,66.4
PTB.2020.248.02.54.44,PTB,2020.248.02.54.44,unlabelled,,,,,0,0,0.0,0.0,,,6.920000076293945,-76.60600280761719,16.35,1.5,6.5395,-74.456333,260.0,241.36,280.17
PTB.2020.248.14.06.27,PTB,2020.248.14.06.27,unlabelled,,,,,0,0,0.0,0.0,,,5.320000171661377,-76.01100158691406,28.93,2.0,6.5395,-74.456333,260.0,218.68,232.01
PTB.2020.248.18.49.47,PTB,2020.248.18.49.47,unlabelled,,,,,0,0,0.0,0.0,,,7.184999942779541,-76.2249984741211,-0.03,1.5,6.5395,-74.456333,260.0,208.11,290.16
PTB.2020.250.00.10.40,PTB,2020.250.00.10.40,unlabelled,,,,,0,0,0.0,0.0,,,6.790999889373779,-76.71099853515625,3.93,2.3,6.5395,-74.456333,260.0,250.85,276.5
PTB.2020.250.07.06.51,PTB,2020.250.07.06.51,unlabelled,,,,,0,0,0.0,0.0,,,7.660999774932861,-72.3740005493164,0.0,2.1,6.5395,-74.456333,260.0,261.34,61.54
PTB.2020.250.09.45.30,PTB,2020.250.09.45.30,unlabelled,,,,,0,0,0.0,0.0,,,4.9770002365112305,-72.947998046875,0.0,1.8,6.5395,-74.456333,260.0,240.34,135.89
PTB.2020.250.10.07.09,PTB,2020.250.10.07.09,unlabelled,,,,,0,0,0.0,0.0,,,7.1570000648498535,-76.95500183105469,26.66,2.1,6.5395,-74.456333,260.0,284.5,284.04
PTB.2020.251.04.23.43,PTB,2020.251.04.23.43,unlabelled,,,,,0,0,0.0,0.0,,,7.186999797821045,-76.24700164794922,0.01,1.9,6.5395,-74.456333,260.0,210.47,290.0
PTB.2020.251.06.53.48,PTB,2020.251.06.53.48,unlabelled,,,,,0,0,0.0,0.0,-0.12,,6.99399995803833,-76.50599670410156,30.0,1.5,6.5395,-74.456333,260.0,232.1,282.63
PTB.2020.251.09.29.49,PTB,2020.251.09.29.49,unlabelled,,,,,0,0,0.0,0.0,,,5.013999938964844,-73.36599731445312,0.0,2.2,6.5395,-74.456333,260.0,207.47,144.35
PTB.2020.251.15.03.28,PTB,2020.251.15.03.28,unlabelled,,,,,0,0,0.0,0.0,,,5.067999839782715,-73.39399719238281,0.0,1.6,6.5395,-74.456333,260.0,200.8,144.08
PTB.2020.252.00.15.16,PTB,2020.252.00.15.16,unlabelled,,,,,0,0,0.0,0.0,,,6.13100004196167,-72.4020004272461,3.47,2.1,6.5395,-74.456333,260.0,231.75,101.13
PTB.2020.253.02.44.47,PTB,2020.253.02.44.47,unlabelled,,,,,0,0,0.0,0.0,,,5.993000030517578,-76.81600189208984,23.55,1.5,6.5395,-74.456333,260.0,268.02,257.1
PTB.2020.254.09.06.53,PTB,2020.254.09.06.53,unlabelled,,,,,0,0,0.0,0.0,,,4.461999893188477,-76.49400329589844,15.78,1.6,6.5395,-74.456333,260.0,322.11,224.61
PTB.2020.254.13.18.55,PTB,2020.254.13.18.55,unlabelled,,,,,0,0,0.0,0.0,,,6.879000186920166,-76.78299713134766,23.99,1.6,6.5395,-74.456333,260.0,259.97,278.44
PTB.2020.255.09.14.49,PTB,2020.255.09.14.49,unlabelled,,,,,0,0,0.0,0.0,,,6.818999767303467,-76.34500122070312,20.9,1.6,6.5395,-74.456333,260.0,211.1,278.53
PTB.2020.256.10.13.01,PTB,2020.256.10.13.01,unlabelled,,,,,0,0,0.0,0.0,-0.18,,7.058000087738037,-76.73500061035156,24.65,1.8,6.5395,-74.456333,260.0,258.33,282.96
PTB.2020.256.17.58.25,PTB,2020.256.17.58.25,unlabelled,,,,,0,0,0.0,0.0,,,6.940000057220459,-72.35800170898438,30.97,1.5,6.5395,-74.456333,260.0,236.17,79.07
PTB.2020.257.00.59.32,PTB,2020.257.00.59.32,unlabelled,,,,,0,0,0.0,0.0,,,7.197999954223633,-72.24800109863281,0.0,1.6,6.5395,-74.456333,260.0,254.71,73.26
PTB.2020.257.03.28.52,PTB,2020.257.03.28.52,unlabelled,,,,,0,0,0.0,0.0,,,6.834000110626221,-76.69100189208984,0.0,2.2,6.5395,-74.456333,260.0,249.22,277.64
PTB.2020.258.02.37.54,PTB,2020.258.02.37.54,unlabelled,,,,,0,0,0.0,0.0,,,4.341000080108643,-75.21099853515625,16.71,1.8,6.5395,-74.456333,260.0,257.1,199.02
PTB.2020.258.05.49.13,PTB,2020.258.05.49.13,unlabelled,,,,,0,0,0.0,0.0,,,7.019000053405762,-76.81099700927734,24.46,2.3,6.5395,-74.456333,260.0,265.64,281.65
PTB.2020.258.10.16.59,PTB,2020.258.10.16.59,unlabelled,,,,,0,0,0.0,0.0,,,3.5439999103546143,-74.23899841308594,15.98,1.7,6.5395,-74.456333,260.0,332.13,175.83
PTB.2020.259.20.34.53,PTB,2020.259.20.34.53,unlabelled,,,,,0,0,0.0,0.0,,,6.5370001792907715,-73.20999908447266,0.07,1.6,6.5395,-74.456333,260.0,137.85,90.04
PTB.2020.260.00.44.38,PTB,2020.260.00.44.38,unlabelled,,,,,0,0,0.0,0.0,,,6.60099983215332,-76.66999816894531,13.69,1.7,6.5395,-74.456333,260.0,244.91,271.72
PTB.2020.260.00.59.16,PTB,2020.260.00.59.16,unlabelled,,,,,0,0,0.0,0.0,,,6.507999897003174,-72.59100341796875,4.07,1.5,6.5395,-74.456333,260.0,206.34,90.86
PTB.2020.260.07.42.24,PTB,2020.260.07.42.24,unlabelled,,,,,0,0,0.0,0.0,,,7.508999824523926,-72.48600006103516,0.03,1.5,6.5395,-74.456333,260.0,242.67,63.66
PTB.2020.260.17.04.29,PTB,2020.260.17.04.29,unlabelled,,,,,0,0,0.0,0.0,-1.48,,4.585999965667725,-76.11799621582031,2.42,2.7,6.5395,-74.456333,260.0,283.83,220.52
PTB.2020.260.21.13.47,PTB,2020.260.21.13.47,unlabelled,,,,,0,0,0.0,0.0,,,6.895999908447266,-76.20099639892578,0.0,1.8,6.5395,-74.456333,260.0,196.88,281.65
PTB.2020.261.08.05.34,PTB,2020.261.08.05.34,unlabelled,,,,,0,0,0.0,0.0,-1.42,-1.27,6.933000087738037,-76.25599670410156,4.16,1.6,6.5395,-74.456333,260.0,203.67,282.44
PTB.2020.262.08.40.47,PTB,2020.262.08.40.47,unlabelled,,,,,0,0,0.0,0.0,,,6.050000190734863,-72.53299713134766,27.1,1.5,6.5395,-74.456333,260.0,219.6,104.16
PTB.2020.262.12.17.52,PTB,2020.262.12.17.52,unlabelled,,,,,0,0,0.0,0.0,-0.86,,7.281000137329102,-77.12799835205078,18.52,2.8,6.5395,-74.456333,260.0,306.44,285.68
PTB.2020.262.12.46.00,PTB,2020.262.12.46.00,unlabelled,,,,,0,0,0.0,0.0,,,6.181000232696533,-76.5260009765625,15.54,1.6,6.5395,-74.456333,260.0,232.39,260.29
PTB.2020.262.20.38.11,PTB,2020.262.20.38.11,unlabelled,,,,,0,0,0.0,0.0,,,3.572000026702881,-74.43499755859375,34.25,1.8,6.5395,-74.456333,260.0,328.16,179.59
PTB.2020.262.22.40.19,PTB,2020.262.22.40.19,unlabelled,,,,,0,0,0.0,0.0,,,6.5279998779296875,-72.62699890136719,2.99,2.0,6.5395,-74.456333,260.0,202.33,90.26
PTB.2020.263.14.47.50,PTB,2020.263.14.47.50,unlabelled,,,,,0,0,0.0,0.0,-1.92,-0.43,6.633999824523926,-72.69499969482422,-0.03,1.7,6.5395,-74.456333,260.0,195.07,86.83
PTB.2020.263.19.45.36,PTB,2020.263.19.45.36,unlabelled,,,,,0,0,0.0,0.0,-0.31,-5.25,6.821000099182129,-76.2699966430664,2.87,1.8,6.5395,-74.456333,260.0,202.94,278.93
PTB.2020.263.20.22.18,PTB,2020.263.20.22.18,unlabelled,,,,,0,0,0.0,0.0,-4.89,,7.1519999504089355,-77.12999725341797,16.72,1.9,6.5395,-74.456333,260.0,303.18,283.07
PTB.2020.263.20.57.21,PTB,2020.263.20.57.21,unlabelled,,,,,0,0,0.0,0.0,,,6.151000022888184,-72.12100219726562,20.88,1.9,6.5395,-74.456333,260.0,261.93,99.31
PTB.2020.264.01.13.34,PTB,2020.264.01.13.34,unlabelled,,,,,0,0,0.0,0.0,,,5.076000213623047,-73.02200317382812,0.0,1.6,6.5395,-74.456333,260.0,226.77,135.46
PTB.2020.264.17.45.46,PTB,2020.264.17.45.46,unlabelled,,,,,0,0,0.0,0.0,,,5.013999938964844,-74.76499938964844,6.93,1.9,6.5395,-74.456333,260.0,172.13,191.47
PTB.2020.264.20.51.54,PTB,2020.264.20.51.54,unlabelled,,,,,0,0,0.0,0.0,,,6.857999801635742,-76.6500015258789,0.0,1.8,6.5395,-74.456333,260.0,245.09,278.39
PTB.2020.265.09.10.11,PTB,2020.265.09.10.11,unlabelled,,,,,0,0,0.0,0.0,,,6.942999839782715,-71.88200378417969,0.0,2.2,6.5395,-74.456333,260.0,288.08,80.94
PTB.2020.265.14.37.36,PTB,2020.265.14.37.36,unlabelled,,,,,0,0,0.0,0.0,,,3.924999952316284,-75.71900177001953,0.0,2.0,6.5395,-74.456333,260.0,321.22,205.89
PTB.2020.266.17.02.23,PTB,2020.266.17.02.23,unlabelled,,,,,0,0,0.0,0.0,-1.65,-5.53,6.122000217437744,-76.58999633789062,37.84,1.6,6.5395,-74.456333,260.0,240.55,259.05
PTB.2020.266.17.26.55,PTB,2020.266.17.26.55,unlabelled,,,,,0,0,0.0,0.0,-6.77,,6.622000217437744,-76.66400146484375,4.65,1.9,6.5395,-74.456333,260.0,244.32,272.27
PTB.2020.267.13.38.14,PTB,2020.267.13.38.14,unlabelled,,,,,0,0,0.0,0.0,,,6.789000034332275,-72.09400177001953,3.27,1.9,6.5395,-74.456333,260.0,262.66,83.83
PTB.2020.268.02.17.00,PTB,2020.268.02.17.00,unlabelled,,,,,0,0,0.0,0.0,,,6.447000026702881,-76.79299926757812,5.6,1.5,6.5395,-74.456333,260.0,258.66,267.87
PTB.2020.268.16.44.14,PTB,2020.268.16.44.14,unlabelled,,,,,0,0,0.0,0.0,,,4.39300012588501,-76.49299621582031,39.94,1.7,6.5395,-74.456333,260.0,327.53,223.66
PTB.2020.269.03.01.01,PTB,2020.269.03.01.01,unlabelled,,,,,0,0,0.0,0.0,,,4.952000141143799,-72.99800109863281,-0.01,1.6,6.5395,-74.456333,260.0,238.56,137.31
PTB.2020.269.08.58.08,PTB,2020.269.08.58.08,unlabelled,,,,,0,0,0.0,0.0,,,5.960000038146973,-72.48999786376953,-0.07,2.6,6.5395,-74.456333,260.0,226.84,106.3
PTB.2020.269.14.35.02,PTB,2020.269.14.35.02,unlabelled,,,,,0,0,0.0,0.0,,,7.192999839782715,-76.96499633789062,14.1,1.9,6.5395,-74.456333,260.0,286.54,284.76
PTB.2020.269.19.13.08,PTB,2020.269.19.13.08,unlabelled,,,,,0,0,0.0,0.0,,,7.64900016784668,-72.7229995727539,5.89,2.0,6.5395,-74.456333,260.0,227.42,57.24
PTB.2020.269.19.13.14,PTB,2020.269.19.13.14,unlabelled,,,,,0,0,0.0,0.0,,,7.633999824523926,-72.7770004272461,3.48,1.9,6.5395,-74.456333,260.0,221.52,56.78
PTB.2020.271.02.51.15,PTB,2020.271.02.51.15,unlabelled,,,,,0,0,0.0,0.0,,,6.241000175476074,-76.51899719238281,1.14,1.6,6.5395,-74.456333,260.0,230.57,261.88
PTB.2020.271.04.45.09,PTB,2020.271.04.45.09,unlabelled,,,,,0,0,0.0,0.0,,,7.050000190734863,-76.9749984741211,30.0,2.0,6.5395,-74.456333,260.0,284.09,281.61
PTB.2020.272.05.51.19,PTB,2020.272.05.51.19,unlabelled,,,,,0,0,0.0,0.0,-2.24,,7.000999927520752,-72.31500244140625,0.0,1.7,6.5395,-74.456333,260.0,242.16,77.71
PTB.2020.272.17.59.31,PTB,2020.272.17.59.31,unlabelled,,,,,0,0,0.0,0.0,,,4.124000072479248,-73.72799682617188,2.92,1.7,6.5395,-74.456333,260.0,279.05,163.15
PTB.2020.273.07.14.33,PTB,2020.273.07.14.33,unlabelled,,,,,0,0,0.0,0.0,-2.7,,4.34499979019165,-76.05799865722656,1.39,2.6,6.5395,-74.456333,260.0,300.66,216.26
PTB.2020.273.10.39.51,PTB,2020.273.10.39.51,unlabelled,,,,,0,0,0.0,0.0,,,5.3420000076293945,-72.93699645996094,0.0,1.8,6.5395,-74.456333,260.0,214.1,128.13
PTB.2020.274.05.13.07,PTB,2020.274.05.13.07,unlabelled,,,,,0,0,0.0,0.0,,,5.572000026702881,-72.65899658203125,33.6,1.5,6.5395,-74.456333,260.0,225.91,118.17
PTB.2020.274.10.56.25,PTB,2020.274.10.56.25,unlabelled,,,,,0,0,0.0,0.0,-6.44,,4.677999973297119,-76.63700103759766,10.0,2.3,6.5395,-74.456333,260.0,317.39,229.68
PTB.2020.275.07.49.52,PTB,2020.275.07.49.52,unlabelled,,,,,0,0,0.0,0.0,-1.86,-2.28,5.568999767303467,-72.71099853515625,33.15,2.0,6.5395,-74.456333,260.0,221.02,118.96
PTB.2020.275.16.59.26,PTB,2020.275.16.59.26,unlabelled,,,,,0,0,0.0,0.0,-3.53,,5.526000022888184,-72.81500244140625,22.53,1.7,6.5395,-74.456333,260.0,213.49,121.58
PTB.2020.276.06.45.15,PTB,2020.276.06.45.15,unlabelled,,,,,0,0,0.0,0.0,,,7.214000225067139,-72.12200164794922,16.45,2.0,6.5395,-74.456333,260.0,268.56,73.74
PTB.2020.276.16.29.36,PTB,2020.276.16.29.36,unlabelled,,,,,0,0,0.0,0.0,,,6.681000232696533,-76.65699768066406,9.22,2.1,6.5395,-74.456333,260.0,243.86,273.81
PTB.2020.276.22.11.55,PTB,2020.276.22.11.55,unlabelled,,,,,0,0,0.0,0.0,,,5.874000072479248,-74.91699981689453,3.48,1.7,6.5395,-74.456333,260.0,89.53,214.74
PTB.2020.277.22.34.25,PTB,2020.277.22.34.25,unlabelled,,,,,0,0,0.0,0.0,,,5.577000141143799,-76.67900085449219,32.73,2.0,6.5395,-74.456333,260.0,268.09,246.73
PTB.2020.278.19.59.26,PTB,2020.278.19.59.26,unlabelled,,,,,0,0,0.0,0.0,,,5.166999816894531,-73.0719985961914,12.93,1.7,6.5395,-74.456333,260.0,215.73,134.64
PTB.2020.279.04.26.53,PTB,2020.279.04.26.53,unlabelled,,,,,0,0,0.0,0.0,,,5.171000003814697,-73.03700256347656,17.38,2.0,6.5395,-74.456333,260.0,218.19,133.84
PTB.2020.279.04.59.11,PTB,2020.279.04.59.11,unlabelled,,,,,0,0,0.0,0.0,,,7.019999980926514,-72.13200378417969,13.0,1.6,6.5395,-74.456333,260.0,262.38,78.18
PTB.2020.279.07.42.55,PTB,2020.279.07.42.55,unlabelled,,,,,0,0,0.0,0.0,,,5.388999938964844,-72.96900177001953,19.26,1.6,6.5395,-74.456333,260.0,208.1,127.61
PTB.2020.279.18.34.21,PTB,2020.279.18.34.21,unlabelled,,,,,0,0,0.0,0.0,,,3.869999885559082,-73.62999725341797,24.41,1.9,6.5395,-74.456333,260.0,309.09,162.72
PTB.2020.279.18.55.44,PTB,2020.279.18.55.44,unlabelled,,,,,0,0,0.0,0.0,,,3.950000047683716,-73.55799865722656,25.54,1.5,6.5395,-74.456333,260.0,303.18,160.78
PTB.2020.281.00.38.46,PTB,2020.281.00.38.46,unlabelled,,,,,0,0,0.0,0.0,-2.71,,4.883999824523926,-74.83200073242188,21.13,1.6,6.5395,-74.456333,260.0,187.74,192.82
PTB.2020.281.06.23.36,PTB,2020.281.06.23.36,unlabelled,,,,,0,0,0.0,0.0,,,4.870999813079834,-76.10199737548828,26.99,1.6,6.5395,-74.456333,260.0,259.37,224.74
PTB.2020.281.06.40.36,PTB,2020.281.06.40.36,unlabelled,,,,,0,0,0.0,0.0,-3.42,,5.059000015258789,-73.27200317382812,18.79,1.8,6.5395,-74.456333,260.0,209.78,141.24
PTB.2020.282.00.55.14,PTB,2020.282.00.55.14,unlabelled,,,,,0,0,0.0,0.0,,,5.13100004196167,-73.0780029296875,16.45,2.1,6.5395,-74.456333,260.0,218.08,135.51
PTB.2020.283.17.02.44,PTB,2020.283.17.02.44,unlabelled,,,,,0,0,0.0,0.0,,,6.295000076293945,-76.96800231933594,36.6,2.5,6.5395,-74.456333,260.0,279.17,264.58
PTB.2020.284.13.38.24,PTB,2020.284.13.38.24,unlabelled,,,,,0,0,0.0,0.0,,,6.831999778747559,-76.13800048828125,26.41,2.4,6.5395,-74.456333,260.0,188.73,279.97
PTB.2020.284.20.11.17,PTB,2020.284.20.11.17,unlabelled,,,,,0,0,0.0,0.0,,,5.126999855041504,-73.05400085449219,3.61,1.8,6.5395,-74.456333,260.0,220.27,135.09
PTB.2020.284.22.31.32,PTB,2020.284.22.31.32,unlabelled,,,,,0,0,0.0,0.0,,,3.8610000610351562,-73.65299987792969,20.66,1.5,6.5395,-74.456333,260.0,309.3,163.23
PTB.2020.285.06.51.18,PTB,2020.285.06.51.18,unlabelled,,,,,0,0,0.0,0.0,,,6.547999858856201,-71.9990005493164,21.0,1.8,6.5395,-74.456333,260.0,271.78,89.66
PTB.2020.286.07.37.36,PTB,2020.286.07.37.36,unlabelled,,,,,0,0,0.0,0.0,,,5.8979997634887695,-76.60600280761719,20.62,1.5,6.5395,-74.456333,260.0,248.25,253.51
PTB.2020.286.21.17.31,PTB,2020.286.21.17.31,unlabelled,,,,,0,0,0.0,0.0,,,4.53000020980835,-75.86199951171875,35.66,1.5,6.5395,-74.456333,260.0,271.36,215.1
PTB.2020.287.03.34.43,PTB,2020.287.03.34.43,unlabelled,,,,,0,0,0.0,0.0,,,4.480999946594238,-73.2249984741211,28.63,1.8,6.5395,-74.456333,260.0,265.39,149.0
PTB.2020.288.21.58.16,PTB,2020.288.21.58.16,unlabelled,,,,,0,0,0.0,0.0,,,5.859000205993652,-74.81500244140625,-0.02,1.7,6.5395,-74.456333,260.0,85.08,207.83
PTB.2020.290.01.17.09,PTB,2020.290.01.17.09,unlabelled,,,,,0,0,0.0,0.0,,,7.572000026702881,-72.99099731445312,8.7,1.6,6.5395,-74.456333,260.0,198.11,54.72
PTB.2020.290.16.56.50,PTB,2020.290.16.56.50,unlabelled,,,,,0,0,0.0,0.0,,,7.502999782562256,-73.30000305175781,19.47,2.0,6.5395,-74.456333,260.0,166.36,50.1
PTB.2020.290.21.55.13,PTB,2020.290.21.55.13,unlabelled,,,,,0,0,0.0,0.0,,,5.616000175476074,-76.34500122070312,27.93,2.1,6.5395,-74.456333,260.0,232.68,244.07
PTB.2020.291.08.51.03,PTB,2020.291.08.51.03,unlabelled,,,,,0,0,0.0,0.0,,,7.110000133514404,-76.23500061035156,8.33,1.6,6.5395,-74.456333,260.0,206.48,287.9
PTB.2020.291.12.29.45,PTB,2020.291.12.29.45,unlabelled,,,,,0,0,0.0,0.0,,,7.052999973297119,-76.22100067138672,9.81,1.6,6.5395,-74.456333,260.0,203.17,286.33
PTB.2020.291.14.39.04,PTB,2020.291.14.39.04,unlabelled,,,,,0,0,0.0,0.0,,,6.304999828338623,-72.30400085449219,1.72,1.5,6.5395,-74.456333,260.0,239.51,96.09
PTB.2020.291.16.38.43,PTB,2020.291.16.38.43,unlabelled,,,,,0,0,0.0,0.0,,,6.127999782562256,-76.4219970703125,35.94,1.9,6.5395,-74.456333,260.0,222.2,258.29
PTB.2020.291.17.50.37,PTB,2020.291.17.50.37,unlabelled,,,,,0,0,0.0,0.0,,,7.322999954223633,-75.20500183105469,28.71,1.6,6.5395,-74.456333,260.0,119.8,316.37
PTB.2020.291.20.44.35,PTB,2020.291.20.44.35,unlabelled,,,,,0,0,0.0,0.0,,,5.21999979019165,-73.05500030517578,12.93,2.0,6.5395,-74.456333,260.0,213.01,133.16
PTB.2020.292.14.09.41,PTB,2020.292.14.09.41,unlabelled,,,,,0,0,0.0,0.0,,,3.615999937057495,-74.43699645996094,41.05,2.1,6.5395,-74.456333,260.0,323.3,179.62
PTB.2020.292.17.05.09,PTB,2020.292.17.05.09,unlabelled,,,,,0,0,0.0,0.0,,,5.500999927520752,-76.48600006103516,33.84,1.7,6.5395,-74.456333,260.0,252.35,243.04
PTB.2020.293.01.30.55,PTB,2020.293.01.30.55,unlabelled,,,,,0,0,0.0,0.0,,,5.3429999351501465,-72.90899658203125,16.21,1.5,6.5395,-74.456333,260.0,216.47,127.6
PTB.2020.294.22.37.02,PTB,2020.294.22.37.02,unlabelled,,,,,0,0,0.0,0.0,,,5.310999870300293,-72.58300018310547,11.05,1.6,6.5395,-74.456333,260.0,247.96,123.12
PTB.2020.295.14.11.35,PTB,2020.295.14.11.35,unlabelled,,,,,0,0,0.0,0.0,,,5.499000072479248,-76.54499816894531,20.13,1.6,6.5395,-74.456333,260.0,258.28,243.66
PTB.2020.295.17.24.18,PTB,2020.295.17.24.18,unlabelled,,,,,0,0,0.0,0.0,,,6.854000091552734,-76.2760009765625,15.98,2.2,6.5395,-74.456333,260.0,204.18,279.91
PTB.2020.295.23.20.23,PTB,2020.295.23.20.23,unlabelled,,,,,0,0,0.0,0.0,,,7.318999767303467,-71.86100006103516,1.38,2.2,6.5395,-74.456333,260.0,299.49,73.12
PTB.2020.297.15.36.44,PTB,2020.297.15.36.44,unlabelled,,,,,0,0,0.0,0.0,,,5.25,-72.34300231933594,13.16,1.9,6.5395,-74.456333,260.0,274.04,121.24
PTB.2020.297.16.19.00,PTB,2020.297.16.19.00,unlabelled,,,,,0,0,0.0,0.0,,,5.067999839782715,-73.2030029296875,0.0,1.5,6.5395,-74.456333,260.0,213.89,139.47
PTB.2020.298.05.56.54,PTB,2020.298.05.56.54,unlabelled,,,,,0,0,0.0,0.0,,,7.363999843597412,-77.25599670410156,20.78,1.7,6.5395,-74.456333,260.0,322.54,286.59
PTB.2020.298.13.36.29,PTB,2020.298.13.36.29,unlabelled,,,,,0,0,0.0,0.0,-2.52,-7.99,6.7870001792907715,-76.18599700927734,0.0,1.5,6.5395,-74.456333,260.0,193.2,278.24
PTB.2020.298.16.05.39,PTB,2020.298.16.05.39,unlabelled,,,,,0,0,0.0,0.0,-0.14,-4.41,5.89900016784668,-74.63899993896484,3.57,1.5,6.5395,-74.456333,260.0,73.66,195.94
PTB.2020.298.18.20.04,PTB,2020.298.18.20.04,unlabelled,,,,,0,0,0.0,0.0,,,5.160999774932861,-73.01300048828125,2.49,2.2,6.5395,-74.456333,260.0,220.88,133.57
PTB.2020.299.01.26.21,PTB,2020.299.01.26.21,unlabelled,,,,,0,0,0.0,0.0,-1.36,,4.573999881744385,-74.70099639892578,34.96,1.5,6.5395,-74.456333,260.0,219.04,187.12
PTB.2020.299.03.46.25,PTB,2020.299.03.46.25,unlabelled,,,,,0,0,0.0,0.0,,,6.697000026702881,-77.08699798583984,31.96,1.9,6.5395,-74.456333,260.0,291.43,273.58
PTB.2020.299.08.07.35,PTB,2020.299.08.07.35,unlabelled,,,,,0,0,0.0,0.0,-1.07,,6.89300012588501,-76.09600067138672,0.0,1.5,6.5395,-74.456333,260.0,185.45,282.26
PTB.2020.299.09.21.00,PTB,2020.299.09.21.00,unlabelled,,,,,0,0,0.0,0.0,,,5.473999977111816,-72.81300354003906,15.98,1.8,6.5395,-74.456333,260.0,216.76,122.84
PTB.2020.299.12.08.55,PTB,2020.299.12.08.55,unlabelled,,,,,0,0,0.0,0.0,-2.15,-0.77,4.770999908447266,-74.77400207519531,24.88,1.7,6.5395,-74.456333,260.0,198.71,190.22
PTB.2020.300.01.38.22,PTB,2020.300.01.38.22,unlabelled,,,,,0,0,0.0,0.0,-2.05,-0.26,6.715000152587891,-73.01699829101562,0.05,1.5,6.5395,-74.456333,260.0,160.34,82.96
PTB.2020.300.17.17.13,PTB,2020.300.17.17.13,unlabelled,,,,,0,0,0.0,0.0,,,3.947000026702881,-73.64399719238281,25.23,1.5,6.5395,-74.456333,260.0,300.5,162.52
PTB.2020.300.23.42.00,PTB,2020.300.23.42.00,unlabelled,,,,,0,0,0.0,0.0,,,5.110000133514404,-73.20999908447266,15.98,1.8,6.5395,-74.456333,260.0,209.86,138.81
PTB.2020.301.09.58.10,PTB,2020.301.09.58.10,unlabelled,,,,,0,0,0.0,0.0,,,5.684000015258789,-72.66100311279297,16.91,1.9,6.5395,-74.456333,260.0,220.1,115.36
PTB.2020.301.16.41.57,PTB,2020.301.16.41.57,unlabelled,,,,,0,0,0.0,0.0,,,3.5350000858306885,-74.52400207519531,20.2,1.2,6.5395,-74.456333,260.0,332.33,181.3
PTB.2020.301.22.09.57,PTB,2020.301.22.09.57,unlabelled,,,,,0,0,0.0,0.0,,,5.810999870300293,-76.76200103759766,38.08,1.6,6.5395,-74.456333,260.0,267.6,252.61
PTB.2020.302.02.06.03,PTB,2020.302.02.06.03,unlabelled,,,,,0,0,0.0,0.0,,,6.2870001792907715,-72.13500213623047,22.77,1.6,6.5395,-74.456333,260.0,258.32,96.08
PTB.2020.302.06.55.56,PTB,2020.302.06.55.56,unlabelled,,,,,0,0,0.0,0.0,,,7.001999855041504,-72.2959976196289,21.84,1.7,6.5395,-74.456333,260.0,244.24,77.79
PTB.2020.302.21.57.55,PTB,2020.302.21.57.55,unlabelled,,,,,0,0,0.0,0.0,,,4.816999912261963,-76.74700164794922,16.25,1.6,6.5395,-74.456333,260.0,317.28,233.22
PTB.2020.303.05.13.40,PTB,2020.303.05.13.40,unlabelled,,,,,0,0,0.0,0.0,,,7.190000057220459,-77.00299835205078,31.37,1.8,6.5395,-74.456333,260.0,290.52,284.49
PTB.2020.303.05.50.56,PTB,2020.303.05.50.56,unlabelled,,,,,0,0,0.0,0.0,,,7.284999847412109,-77.18399810791016,16.89,1.8,6.5395,-74.456333,260.0,312.52,285.46
PTB.2020.303.07.06.11,PTB,2020.303.07.06.11,unlabelled,,,,,0,0,0.0,0.0,-1.18,,6.8379998207092285,-76.20999908447266,0.0,1.9,6.5395,-74.456333,260.0,196.69,279.76
PTB.2020.303.07.48.32,PTB,2020.303.07.48.32,unlabelled,,,,,0,0,0.0,0.0,,,6.781000137329102,-76.1259994506836,0.0,1.6,6.5395,-74.456333,260.0,186.54,278.33
PTB.2020.303.22.47.10,PTB,2020.303.22.47.10,unlabelled,,,,,0,0,0.0,0.0,,,5.831999778747559,-74.8740005493164,0.04,1.7,6.5395,-74.456333,260.0,90.88,210.6
PTB.2020.304.04.51.01,PTB,2020.304.04.51.01,unlabelled,,,,,0,0,0.0,0.0,-6.61,,4.734000205993652,-74.68099975585938,28.05,1.6,6.5395,-74.456333,260.0,201.21,187.12
PTB.2020.304.07.36.59,PTB,2020.304.07.36.59,unlabelled,,,,,0,0,0.0,0.0,,,4.796000003814697,-76.64800262451172,15.25,1.5,6.5395,-74.456333,260.0,310.03,231.66
PTB.2020.304.15.26.19,PTB,2020.304.15.26.19,unlabelled,,,,,0,0,0.0,0.0,,,5.248000144958496,-73.2249984741211,4.1,1.9,6.5395,-74.456333,260.0,197.46,136.26
PTB.2020.304.23.29.41,PTB,2020.304.23.29.41,unlabelled,,,,,0,0,0.0,0.0,,,3.5420000553131104,-74.28600311279297,6.07,1.9,6.5395,-74.456333,260.0,332.01,176.73
PTB.2020.305.02.44.42,PTB,2020.305.02.44.42,unlabelled,,,,,0,0,0.0,0.0,,,3.5510001182556152,-74.27899932861328,12.99,1.9,6.5395,-74.456333,260.0,331.06,176.59
PTB.2020.306.00.14.17,PTB,2020.306.00.14.17,unlabelled,,,,,0,0,0.0,0.0,,,6.692999839782715,-71.96499633789062,22.3,2.0,6.5395,-74.456333,260.0,276.02,86.33
PTB.2020.306.05.07.10,PTB,2020.306.05.07.10,unlabelled,,,,,0,0,0.0,0.0,,,5.199999809265137,-73.0,15.39,2.0,6.5395,-74.456333,260.0,218.98,132.49
PTB.2020.306.05.51.14,PTB,2020.306.05.51.14,unlabelled,,,,,0,0,0.0,0.0,,,6.807000160217285,-76.86599731445312,23.12,1.8,6.5395,-74.456333,260.0,268.07,276.47
PTB.2020.307.19.01.55,PTB,2020.307.19.01.55,unlabelled,,,,,0,0,0.0,0.0,,,7.491000175476074,-76.0199966430664,0.0,1.5,6.5395,-74.456333,260.0,202.29,301.44
PTB.2020.308.06.51.17,PTB,2020.308.06.51.17,unlabelled,,,,,0,0,0.0,0.0,,,3.552000045776367,-74.28099822998047,9.82,1.8,6.5395,-74.456333,260.0,330.94,176.62
PTB.2020.308.09.03.30,PTB,2020.308.09.03.30,unlabelled,,,,,0,0,0.0,0.0,,,5.77400016784668,-72.78500366210938,20.16,1.5,6.5395,-74.456333,260.0,203.43,114.5
PTB.2020.308.10.40.46,PTB,2020.308.10.40.46,unlabelled,,,,,0,0,0.0,0.0,,,4.171999931335449,-75.90299987792969,12.93,1.5,6.5395,-74.456333,260.0,307.0,211.56
PTB.2020.308.14.51.26,PTB,2020.308.14.51.26,unlabelled,,,,,0,0,0.0,0.0,,,5.190999984741211,-73.09400177001953,19.14,1.8,6.5395,-74.456333,260.0,212.13,134.6
PTB.2020.309.03.38.30,PTB,2020.309.03.38.30,unlabelled,,,,,0,0,0.0,0.0,-9.17,,6.243000030517578,-76.94300079345703,30.98,2.1,6.5395,-74.456333,260.0,277.05,263.34
PTB.2020.310.12.17.12,PTB,2020.310.12.17.12,unlabelled,,,,,0,0,0.0,0.0,,,6.964000225067139,-72.18000030517578,4.53,1.7,6.5395,-74.456333,260.0,255.99,79.3
PTB.2020.312.09.33.49,PTB,2020.312.09.33.49,unlabelled,,,,,0,0,0.0,0.0,,,6.449999809265137,-76.48799896240234,11.26,1.8,6.5395,-74.456333,260.0,224.94,267.59
PTB.2020.313.03.00.37,PTB,2020.313.03.00.37,unlabelled,,,,,0,0,0.0,0.0,,,6.998000144958496,-71.9489974975586,14.47,1.9,6.5395,-74.456333,260.0,281.78,79.49
PTB.2020.313.14.39.32,PTB,2020.313.14.39.32,unlabelled,,,,,0,0,0.0,0.0,,,6.839000225067139,-76.73999786376953,3.32,1.9,6.5395,-74.456333,260.0,254.66,277.61
PTB.2020.313.16.04.37,PTB,2020.313.16.04.37,unlabelled,,,,,0,0,0.0,0.0,,,6.804999828338623,-76.7770004272461,0.0,2.4,6.5395,-74.456333,260.0,258.27,276.66
PTB.2020.313.23.39.35,PTB,2020.313.23.39.35,unlabelled,,,,,0,0,0.0,0.0,,,7.186999797821045,-77.10700225830078,11.26,1.9,6.5395,-74.456333,260.0,301.59,283.89
PTB.2020.314.07.30.08,PTB,2020.314.07.30.08,unlabelled,,,,,0,0,0.0,0.0,,,6.921999931335449,-72.12000274658203,0.0,1.5,6.5395,-74.456333,260.0,261.74,80.56
PTB.2020.314.18.34.46,PTB,2020.314.18.34.46,unlabelled,,,,,0,0,0.0,0.0,,,6.840000152587891,-76.90699768066406,19.81,2.0,6.5395,-74.456333,260.0,272.99,277.13
PTB.2020.315.07.31.27,PTB,2020.315.07.31.27,unlabelled,,,,,0,0,0.0,0.0,,,3.5439999103546143,-74.28299713134766,8.77,1.6,6.5395,-74.456333,260.0,331.81,176.67
PTB.2020.316.17.44.56,PTB,2020.316.17.44.56,unlabelled,,,,,0,0,0.0,0.0,-0.58,,5.618000030517578,-74.97100067138672,22.3,1.5,6.5395,-74.456333,260.0,116.75,209.24
PTB.2020.316.22.43.18,PTB,2020.316.22.43.18,unlabelled,,,,,0,0,0.0,0.0,,,6.785999774932861,-76.16100311279297,0.0,1.5,6.5395,-74.456333,260.0,190.45,278.33
PTB.2020.317.15.24.43,PTB,2020.317.15.24.43,unlabelled,,,,,0,0,0.0,0.0,,,4.445000171661377,-73.19499969482422,0.0,1.6,6.5395,-74.456333,260.0,270.52,148.83
PTB.2020.318.05.51.19,PTB,2020.318.05.51.19,unlabelled,,,,,0,0,0.0,0.0,,,5.63700008392334,-76.43499755859375,26.76,1.9,6.5395,-74.456333,260.0,240.69,245.61
PTB.2020.318.09.30.28,PTB,2020.318.09.30.28,unlabelled,,,,,0,0,0.0,0.0,,,7.1519999504089355,-76.90699768066406,19.48,1.8,6.5395,-74.456333,260.0,279.21,284.18
PTB.2020.318.12.39.05,PTB,2020.318.12.39.05,unlabelled,,,,,0,0,0.0,0.0,,,6.752999782562256,-76.6969985961914,1.0,2.0,6.5395,-74.456333,260.0,248.89,275.57
PTB.2020.319.22.44.47,PTB,2020.319.22.44.47,unlabelled,,,,,0,0,0.0,0.0,,,6.673999786376953,-77.19300079345703,0.0,2.0,6.5395,-74.456333,260.0,303.0,272.97
PTB.2020.320.05.53.36,PTB,2020.320.05.53.36,unlabelled,,,,,0,0,0.0,0.0,,,7.079999923706055,-72.2969970703125,16.33,1.8,6.5395,-74.456333,260.0,246.06,75.81
PTB.2020.321.18.19.33,PTB,2020.321.18.19.33,unlabelled,,,,,0,0,0.0,0.0,,,6.182000160217285,-76.69599914550781,24.77,1.7,6.5395,-74.456333,260.0,250.93,261.06
PTB.2020.323.13.24.33,PTB,2020.323.13.24.33,unlabelled,,,,,0,0,0.0,0.0,,,5.7769999504089355,-72.53500366210938,22.54,2.1,6.5395,-74.456333,260.0,228.76,111.52
PTB.2020.324.03.51.45,PTB,2020.324.03.51.45,unlabelled,,,,,0,0,0.0,0.0,,,6.854000091552734,-76.62300109863281,0.0,1.8,6.5395,-74.456333,260.0,242.07,278.39
PTB.2020.325.17.54.26,PTB,2020.325.17.54.26,unlabelled,,,,,0,0,0.0,0.0,,,4.809999942779541,-73.36699676513672,3.85,1.8,6.5395,-74.456333,260.0,226.14,147.69
PTB.2020.326.03.56.49,PTB,2020.326.03.56.49,unlabelled,,,,,0,0,0.0,0.0,,,7.413000106811523,-77.03600311279297,22.63,1.8,6.5395,-74.456333,260.0,300.98,288.87
PTB.2020.326.09.22.28,PTB,2020.326.09.22.28,unlabelled,,,,,0,0,0.0,0.0,,,7.202000141143799,-77.12899780273438,20.87,2.3,6.5395,-74.456333,260.0,304.35,284.09
PTB.2020.326.10.00.06,PTB,2020.326.10.00.06,unlabelled,,,,,0,0,0.0,0.0,,,4.833000183105469,-73.17400360107422,19.26,1.8,6.5395,-74.456333,260.0,236.2,142.96
PTB.2020.326.16.43.48,PTB,2020.326.16.43.48,unlabelled,,,,,0,0,0.0,0.0,,,5.10099983215332,-73.06199645996094,2.98,1.8,6.5395,-74.456333,260.0,221.7,135.78
PTB.2020.326.20.28.27,PTB,2020.326.20.28.27,unlabelled,,,,,0,0,0.0,0.0,,,3.868000030517578,-75.52799987792969,16.04,2.2,6.5395,-74.456333,260.0,318.42,201.96
PTB.2020.327.14.32.43,PTB,2020.327.14.32.43,unlabelled,,,,,0,0,0.0,0.0,,,3.8450000286102295,-73.72899627685547,11.64,1.6,6.5395,-74.456333,260.0,308.68,164.82
PTB.2020.327.18.41.54,PTB,2020.327.18.41.54,unlabelled,,,,,0,0,0.0,0.0,,,5.711999893188477,-72.6050033569336,0.0,1.7,6.5395,-74.456333,260.0,224.42,113.96
PTB.2020.327.19.06.05,PTB,2020.327.19.06.05,unlabelled,,,,,0,0,0.0,0.0,,,6.869999885559082,-76.63899993896484,0.0,1.8,6.5395,-74.456333,260.0,244.07,278.74
PTB.2020.328.16.20.57,PTB,2020.328.16.20.57,unlabelled,,,,,0,0,0.0,0.0,,,3.9000000953674316,-75.51100158691406,2.93,1.5,6.5395,-74.456333,260.0,314.43,201.88
PTB.2020.329.03.42.07,PTB,2020.329.03.42.07,unlabelled,,,,,0,0,0.0,0.0,,,6.486000061035156,-71.84700012207031,0.0,2.2,6.5395,-74.456333,260.0,288.67,91.03
PTB.2020.329.10.37.59,PTB,2020.329.10.37.59,unlabelled,,,,,0,0,0.0,0.0,,,4.791999816894531,-74.60199737548828,27.52,1.7,6.5395,-74.456333,260.0,193.92,184.78
PTB.2020.329.15.38.58,PTB,2020.329.15.38.58,unlabelled,,,,,0,0,0.0,0.0,,,4.197000026702881,-75.83599853515625,16.33,1.5,6.5395,-74.456333,260.0,300.8,210.62
PTB.2020.330.02.26.02,PTB,2020.330.02.26.02,unlabelled,,,,,0,0,0.0,0.0,-0.05,-0.23,6.571000099182129,-76.31900024414062,0.32,1.6,6.5395,-74.456333,260.0,206.03,271.08
PTB.2020.330.02.50.15,PTB,2020.330.02.50.15,unlabelled,,,,,0,0,0.0,0.0,,,6.468999862670898,-71.99400329589844,2.83,1.8,6.5395,-74.456333,260.0,272.46,91.5
PTB.2020.330.23.49.24,PTB,2020.330.23.49.24,unlabelled,,,,,0,0,0.0,0.0,,,6.361999988555908,-71.97000122070312,0.0,1.9,6.5395,-74.456333,260.0,275.74,93.94
PTB.2020.331.01.08.08,PTB,2020.331.01.08.08,unlabelled,,,,,0,0,0.0,0.0,,,4.999000072479248,-74.4729995727539,33.26,1.6,6.5395,-74.456333,260.0,170.37,180.62
PTB.2020.331.19.21.29,PTB,2020.331.19.21.29,unlabelled,,,,,0,0,0.0,0.0,-0.57,-1.54,7.073999881744385,-75.96399688720703,14.83,1.5,6.5395,-74.456333,260.0,176.83,289.62
PTB.2020.332.06.08.11,PTB,2020.332.06.08.11,unlabelled,,,,,0,0,0.0,0.0,,,5.323999881744385,-72.6510009765625,5.9,1.5,6.5395,-74.456333,260.0,240.89,123.82
PTB.2020.332.20.04.10,PTB,2020.332.20.04.10,unlabelled,,,,,0,0,0.0,0.0,,,6.355000019073486,-75.88200378417969,0.0,1.8,6.5395,-74.456333,260.0,159.02,262.71
PTB.2020.332.20.57.33,PTB,2020.332.20.57.33,unlabelled,,,,,0,0,0.0,0.0,,,4.078000068664551,-75.41999816894531,3.71,1.5,6.5395,-74.456333,260.0,292.41,201.47
PTB.2020.333.00.44.28,PTB,2020.333.00.44.28,unlabelled,,,,,0,0,0.0,0.0,-2.0,,5.538000106811523,-76.54299926757812,24.18,2.0,6.5395,-74.456333,260.0,256.18,244.5
PTB.2020.333.00.53.37,PTB,2020.333.00.53.37,unlabelled,,,,,0,0,0.0,0.0,,,5.547999858856201,-76.7040023803711,18.8,1.7,6.5395,-74.456333,260.0,271.91,246.34
PTB.2020.334.20.52.28,PTB,2020.334.20.52.28,unlabelled,,,,,0,0,0.0,0.0,,,5.591000080108643,-76.5510025024414,11.87,1.5,6.5395,-74.456333,260.0,254.5,245.77
PTB.2020.334.21.54.56,PTB,2020.334.21.54.56,unlabelled,,,,,0,0,0.0,0.0,,,4.939000129699707,-76.72699737548828,31.97,1.5,6.5395,-74.456333,260.0,307.54,234.98
PTB.2020.336.03.24.55,PTB,2020.336.03.24.55,unlabelled,,,,,0,0,0.0,0.0,,,3.9170000553131104,-75.06900024414062,22.71,1.7,6.5395,-74.456333,260.0,297.85,193.21
PTB.2020.338.01.55.41,PTB,2020.338.01.55.41,unlabelled,,,,,0,0,0.0,0.0,,,7.125999927520752,-77.0250015258789,25.69,1.8,6.5395,-74.456333,260.0,291.24,283.02
PTB.2020.339.20.06.06,PTB,2020.339.20.06.06,unlabelled,,,,,0,0,0.0,0.0,,,6.861999988555908,-76.31300354003906,-0.06,1.6,6.5395,-74.456333,260.0,208.36,279.96
PTB.2020.339.23.29.49,PTB,2020.339.23.29.49,unlabelled,,,,,0,0,0.0,0.0,,,7.132999897003174,-76.30999755859375,0.31,1.5,6.5395,-74.456333,260.0,215.15,287.87
PTB.2020.340.10.11.02,PTB,2020.340.10.11.02,unlabelled,,,,,0,0,0.0,0.0,,,5.735000133514404,-72.55400085449219,5.5,1.6,6.5395,-74.456333,260.0,228.58,112.8
PTB.2020.340.22.23.09,PTB,2020.340.22.23.09,unlabelled,,,,,0,0,0.0,0.0,,,6.90500020980835,-72.18199920654297,4.87,1.5,6.5395,-74.456333,260.0,254.68,80.74
PTB.2020.341.16.27.17,PTB,2020.341.16.27.17,unlabelled,,,,,0,0,0.0,0.0,,,6.98799991607666,-77.12100219726562,7.86,2.2,6.5395,-74.456333,260.0,298.72,279.71
PTB.2020.342.09.22.49,PTB,2020.342.09.22.49,unlabelled,,,,,0,0,0.0,0.0,,,7.01200008392334,-72.25,15.86,1.5,6.5395,-74.456333,260.0,249.44,77.78
PTB.2020.342.18.26.44,PTB,2020.342.18.26.44,unlabelled,,,,,0,0,0.0,0.0,,,7.551000118255615,-77.26799774169922,20.75,1.7,6.5395,-74.456333,260.0,330.17,289.97
PTB.2020.343.23.52.36,PTB,2020.343.23.52.36,unlabelled,,,,,0,0,0.0,0.0,-0.34,-1.67,5.460999965667725,-72.6760025024414,15.98,1.9,6.5395,-74.456333,260.0,230.38,121.08
PTB.2020.344.19.47.06,PTB,2020.344.19.47.06,unlabelled,,,,,0,0,0.0,0.0,,,7.0970001220703125,-72.38099670410156,-0.01,1.6,6.5395,-74.456333,260.0,237.54,74.84
PTB.2020.344.22.35.04,PTB,2020.344.22.35.04,unlabelled,,,,,0,0,0.0,0.0,,,7.166999816894531,-76.625,25.82,2.0,6.5395,-74.456333,260.0,249.54,286.27
PTB.2020.345.07.27.08,PTB,2020.345.07.27.08,unlabelled,,,,,0,0,0.0,0.0,,,4.461999893188477,-76.20700073242188,19.02,1.6,6.5395,-74.456333,260.0,300.68,220.27
PTB.2020.345.07.29.02,PTB,2020.345.07.29.02,unlabelled,,,,,0,0,0.0,0.0,,,4.447000026702881,-76.2239990234375,22.54,1.6,6.5395,-74.456333,260.0,303.16,220.34
PTB.2020.345.14.47.36,PTB,2020.345.14.47.36,unlabelled,,,,,0,0,0.0,0.0,,,7.083000183105469,-77.08300018310547,39.88,2.5,6.5395,-74.456333,260.0,296.5,281.85
PTB.2020.345.15.44.44,PTB,2020.345.15.44.44,unlabelled,,,,,0,0,0.0,0.0,,,7.326000213623047,-77.23300170898438,24.75,2.0,6.5395,-74.456333,260.0,318.94,285.99
PTB.2020.345.20.43.58,PTB,2020.345.20.43.58,unlabelled,,,,,0,0,0.0,0.0,,,7.0920000076293945,-76.34200286865234,21.0,1.5,6.5395,-74.456333,260.0,217.21,286.45
PTB.2020.345.23.21.47,PTB,2020.345.23.21.47,unlabelled,,,,,0,0,0.0,0.0,-0.22,-0.17,6.508999824523926,-76.60700225830078,26.05,1.9,6.5395,-74.456333,260.0,237.89,269.31
PTB.2020.345.23.59.10,PTB,2020.345.23.59.10,unlabelled,,,,,0,0,0.0,0.0,,,5.454999923706055,-75.86799621582031,30.04,2.4,6.5395,-74.456333,260.0,197.0,232.57
PTB.2020.346.06.23.16,PTB,2020.346.06.23.16,unlabelled,,,,,0,0,0.0,0.0,,,5.629000186920166,-76.55899810791016,24.0,1.6,6.5395,-74.456333,260.0,253.6,246.72
PTB.2020.347.04.20.10,PTB,2020.347.04.20.10,unlabelled,,,,,0,0,0.0,0.0,,,5.11899995803833,-72.71199798583984,0.0,1.6,6.5395,-74.456333,260.0,248.98,129.03
PTB.2020.347.16.39.46,PTB,2020.347.16.39.46,unlabelled,,,,,0,0,0.0,0.0,,,5.480000019073486,-76.44499969482422,36.37,1.8,6.5395,-74.456333,260.0,249.4,242.09
PTB.2020.347.20.35.16,PTB,2020.347.20.35.16,unlabelled,,,,,0,0,0.0,0.0,,,7.0879998207092285,-77.15599822998047,13.93,2.1,6.5395,-74.456333,260.0,304.52,281.65
PTB.2020.348.04.27.49,PTB,2020.348.04.27.49,unlabelled,,,,,0,0,0.0,0.0,,,6.650000095367432,-72.00599670410156,0.27,1.6,6.5395,-74.456333,260.0,271.25,87.28
PTB.2020.348.11.31.19,PTB,2020.348.11.31.19,unlabelled,,,,,0,0,0.0,0.0,,,6.494999885559082,-76.68800354003906,15.36,1.5,6.5395,-74.456333,260.0,246.88,268.98
PTB.2020.349.08.16.37,PTB,2020.349.08.16.37,unlabelled,,,,,0,0,0.0,0.0,,,5.048999786376953,-73.27100372314453,0.0,1.7,6.5395,-74.456333,260.0,210.72,141.4
PTB.2020.349.12.39.35,PTB,2020.349.12.39.35,unlabelled,,,,,0,0,0.0,0.0,,,6.910999774932861,-76.31099700927734,22.54,1.8,6.5395,-74.456333,260.0,209.12,281.44
PTB.2020.349.16.01.43,PTB,2020.349.16.01.43,unlabelled,,,,,0,0,0.0,0.0,,,4.590000152587891,-76.6520004272461,0.0,1.8,6.5395,-74.456333,260.0,325.05,228.56
PTB.2020.349.18.54.24,PTB,2020.349.18.54.24,unlabelled,,,,,0,0,0.0,0.0,,,6.89900016784668,-76.22100067138672,18.09,1.4,6.5395,-74.456333,260.0,199.11,281.62
PTB.2020.350.00.18.58,PTB,2020.350.00.18.58,unlabelled,,,,,0,0,0.0,0.0,-0.53,-0.46,7.123000144958496,-76.0469970703125,0.0,1.6,6.5395,-74.456333,260.0,187.29,290.25
PTB.2020.350.04.40.52,PTB,2020.350.04.40.52,unlabelled,,,,,0,0,0.0,0.0,,,4.480999946594238,-74.99800109863281,24.41,1.5,6.5395,-74.456333,260.0,235.42,194.8
PTB.2020.350.09.36.03,PTB,2020.350.09.36.03,unlabelled,,,,,0,0,0.0,0.0,,,7.085999965667725,-76.4219970703125,25.2,1.5,6.5395,-74.456333,260.0,225.53,285.66
PTB.2020.350.14.15.39,PTB,2020.350.14.15.39,unlabelled,,,,,0,0,0.0,0.0,,,6.859000205993652,-76.80899810791016,8.57,2.1,6.5395,-74.456333,260.0,262.51,277.87
PTB.2020.350.19.10.27,PTB,2020.350.19.10.27,unlabelled,,,,,0,0,0.0,0.0,,,6.7729997634887695,-76.65799713134766,17.62,1.7,6.5395,-74.456333,260.0,244.81,276.18
PTB.2020.351.05.56.03,PTB,2020.351.05.56.03,unlabelled,,,,,0,0,0.0,0.0,,,4.89900016784668,-76.79900360107422,36.02,1.8,6.5395,-74.456333,260.0,316.61,235.16
PTB.2020.351.18.00.57,PTB,2020.351.18.00.57,unlabelled,,,,,0,0,0.0,0.0,,,5.614999771118164,-76.52100372314453,30.06,1.8,6.5395,-74.456333,260.0,250.38,246.01
PTB.2020.351.20.24.48,PTB,2020.351.20.24.48,unlabelled,,,,,0,0,0.0,0.0,,,5.377999782562256,-72.8759994506836,13.05,2.0,6.5395,-74.456333,260.0,217.06,126.2
PTB.2020.352.19.18.57,PTB,2020.352.19.18.57,unlabelled,,,,,0,0,0.0,0.0,,,6.548999786376953,-73.05000305175781,-0.06,1.5,6.5395,-74.456333,260.0,155.54,89.53
PTB.2020.353.10.08.58,PTB,2020.353.10.08.58,unlabelled,,,,,0,0,0.0,0.0,,,6.867000102996826,-76.93199920654297,17.3,1.9,6.5395,-74.456333,260.0,276.1,277.68
PTB.2020.353.16.19.11,PTB,2020.353.16.19.11,unlabelled,,,,,0,0,0.0,0.0,,,6.75600004196167,-76.71900177001953,3.79,1.8,6.5395,-74.456333,260.0,251.34,275.6
PTB.2020.353.16.26.32,PTB,2020.353.16.26.32,unlabelled,,,,,0,0,0.0,0.0,,,4.511000156402588,-73.66600036621094,-0.2,1.5,6.5395,-74.456333,260.0,240.81,158.64
PTB.2020.353.23.48.40,PTB,2020.353.23.48.40,unlabelled,,,,,0,0,0.0,0.0,,,5.031000137329102,-72.64299774169922,0.14,1.6,6.5395,-74.456333,260.0,261.08,129.62
PTB.2020.354.09.22.02,PTB,2020.354.09.22.02,unlabelled,,,,,0,0,0.0,0.0,,,6.435999870300293,-76.90399932861328,19.52,1.6,6.5395,-74.456333,260.0,270.98,267.72
PTB.2020.355.00.41.15,PTB,2020.355.00.41.15,unlabelled,,,,,0,0,0.0,0.0,,,4.0320000648498535,-75.24099731445312,24.82,2.0,6.5395,-74.456333,260.0,290.61,197.45
PTB.2020.355.09.11.52,PTB,2020.355.09.11.52,unlabelled,,,,,0,0,0.0,0.0,,,6.959000110626221,-76.99500274658203,0.95,1.9,6.5395,-74.456333,260.0,284.47,279.53
PTB.2020.355.23.04.52,PTB,2020.355.23.04.52,unlabelled,,,,,0,0,0.0,0.0,,,6.86899995803833,-76.83799743652344,14.41,1.7,6.5395,-74.456333,260.0,265.83,278.02
PTB.2020.356.04.05.13,PTB,2020.356.04.05.13,unlabelled,,,,,0,0,0.0,0.0,,,7.23199987411499,-76.95700073242188,36.95,2.1,6.5395,-74.456333,260.0,286.79,285.64
PTB.2020.356.07.58.28,PTB,2020.356.07.58.28,unlabelled,,,,,0,0,0.0,0.0,,,6.706999778747559,-76.99099731445312,0.1,1.7,6.5395,-74.456333,260.0,280.9,273.93
PTB.2020.357.16.37.30,PTB,2020.357.16.37.30,unlabelled,,,,,0,0,0.0,0.0,,,6.455999851226807,-72.23100280761719,10.12,3.0,6.5395,-74.456333,260.0,246.31,92.02
PTB.2020.357.20.01.47,PTB,2020.357.20.01.47,unlabelled,,,,,0,0,0.0,0.0,,,5.894999980926514,-74.87999725341797,12.43,2.0,6.5395,-74.456333,260.0,85.31,213.36
PTB.2020.357.23.49.54,PTB,2020.357.23.49.54,unlabelled,,,,,0,0,0.0,0.0,,,4.373000144958496,-73.82599639892578,7.3,1.5,6.5395,-74.456333,260.0,249.56,163.71
PTB.2020.358.20.51.05,PTB,2020.358.20.51.05,unlabelled,,,,,0,0,0.0,0.0,,,6.625999927520752,-72.36499786376953,26.52,2.0,6.5395,-74.456333,260.0,231.48,87.51
PTB.2020.359.01.23.22,PTB,2020.359.01.23.22,unlabelled,,,,,0,0,0.0,0.0,,,6.2829999923706055,-72.2030029296875,20.2,1.9,6.5395,-74.456333,260.0,250.89,96.37
PTB.2020.360.14.56.04,PTB,2020.360.14.56.04,unlabelled,,,,,0,0,0.0,0.0,,,5.736999988555908,-72.70099639892578,-0.02,1.7,6.5395,-74.456333,260.0,213.6,114.45
PTB.2020.360.22.42.52,PTB,2020.360.22.42.52,unlabelled,,,,,0,0,0.0,0.0,,,5.5970001220703125,-72.72100067138672,10.82,2.2,6.5395,-74.456333,260.0,218.55,118.39
PTB.2020.361.04.59.56,PTB,2020.361.04.59.56,unlabelled,,,,,0,0,0.0,0.0,-1.23,,5.804999828338623,-73.10900115966797,0.07,1.5,6.5395,-74.456333,260.0,169.81,118.5
PTB.2020.361.07.54.40,PTB,2020.361.07.54.40,unlabelled,,,,,0,0,0.0,0.0,,,4.835999965667725,-76.76000213623047,37.89,1.7,6.5395,-74.456333,260.0,317.18,233.68
PTB.2020.361.14.39.13,PTB,2020.361.14.39.13,unlabelled,,,,,0,0,0.0,0.0,,,6.7829999923706055,-76.56099700927734,0.03,1.6,6.5395,-74.456333,260.0,234.27,276.72
PTB.2020.361.19.13.10,PTB,2020.361.19.13.10,unlabelled,,,,,0,0,0.0,0.0,,,4.855999946594238,-76.53500366210938,39.88,1.8,6.5395,-74.456333,260.0,296.1,231.15
PTB.2020.362.05.37.22,PTB,2020.362.05.37.22,unlabelled,,,,,0,0,0.0,0.0,,,4.48799991607666,-75.71099853515625,3.68,1.7,6.5395,-74.456333,260.0,266.07,211.56
PTB.2020.362.06.00.23,PTB,2020.362.06.00.23,unlabelled,,,,,0,0,0.0,0.0,,,5.489999771118164,-76.22699737548828,35.53,1.9,6.5395,-74.456333,260.0,227.81,239.47
PTB.2020.363.12.59.19,PTB,2020.363.12.59.19,unlabelled,,,,,0,0,0.0,0.0,,,6.73799991607666,-76.71800231933594,16.96,1.7,6.5395,-74.456333,260.0,251.05,275.15
PTB.2020.364.17.43.42,PTB,2020.364.17.43.42,unlabelled,,,,,0,0,0.0,0.0,,,6.796999931335449,-76.70999908447266,32.62,1.9,6.5395,-74.456333,260.0,250.81,276.65
PTB.2020.365.03.50.48,PTB,2020.365.03.50.48,unlabelled,,,,,0,0,0.0,0.0,,,6.9070000648498535,-76.5739974975586,24.18,2.0,6.5395,-74.456333,260.0,237.63,279.97
PTB.2020.366.21.50.31,PTB,2020.366.21.50.31,unlabelled,,,,,0,0,0.0,0.0,,,5.9070000648498535,-74.88800048828125,0.0,1.8,6.5395,-74.456333,260.0,84.7,214.36
PTB.2020.366.22.27.23,PTB,2020.366.22.27.23,unlabelled,,,,,0,0,0.0,0.0,-1.2,,6.948999881744385,-76.68599700927734,25.12,1.9,6.5395,-74.456333,260.0,250.62,280.54
PTB.2021.001.13.40.42,PTB,2021.001.13.40.42,unlabelled,,,,,0,0,0.0,0.0,,,7.073999881744385,-76.19599914550781,15.51,1.5,6.5395,-74.456333,260.0,201.18,287.19
PTB.2021.001.22.04.35,PTB,2021.001.22.04.35,unlabelled,,,,,0,0,0.0,0.0,,,6.9670000076293945,-72.30000305175781,11.41,1.9,6.5395,-74.456333,260.0,243.03,78.66
PTB.2021.001.22.14.24,PTB,2021.001.22.14.24,unlabelled,,,,,0,0,0.0,0.0,,,6.809999942779541,-76.80999755859375,15.51,1.7,6.5395,-74.456333,260.0,261.96,276.69
PTB.2021.003.00.14.30,PTB,2021.003.00.14.30,unlabelled,,,,,0,0,0.0,0.0,,,6.435999870300293,-76.6719970703125,26.17,1.7,6.5395,-74.456333,260.0,245.34,267.45
PTB.2021.003.00.18.30,PTB,2021.003.00.18.30,unlabelled,,,,,0,0,0.0,0.0,,,6.974999904632568,-76.21499633789062,16.68,2.0,6.5395,-74.456333,260.0,200.3,284.02
PTB.2021.003.08.07.50,PTB,2021.003.08.07.50,unlabelled,,,,,0,0,0.0,0.0,,,7.438000202178955,-76.08100128173828,22.07,1.5,6.5395,-74.456333,260.0,205.19,299.06
PTB.2021.003.09.04.38,PTB,2021.003.09.04.38,unlabelled,,,,,0,0,0.0,0.0,,,6.710999965667725,-76.69599914550781,30.86,1.7,6.5395,-74.456333,260.0,248.39,274.51
PTB.2021.003.13.23.58,PTB,2021.003.13.23.58,unlabelled,,,,,0,0,0.0,0.0,,,6.936999797821045,-72.31099700927734,8.58,1.8,6.5395,-74.456333,260.0,241.22,79.38
PTB.2021.003.17.19.54,PTB,2021.003.17.19.54,unlabelled,,,,,0,0,0.0,0.0,,,6.755000114440918,-76.69499969482422,36.6,2.1,6.5395,-74.456333,260.0,248.69,275.63
PTB.2021.005.02.55.52,PTB,2021.005.02.55.52,unlabelled,,,,,0,0,0.0,0.0,,,6.921999931335449,-76.65599822998047,17.62,3.2,6.5395,-74.456333,260.0,246.84,280.0
PTB.2021.005.04.57.24,PTB,2021.005.04.57.24,unlabelled,,,,,0,0,0.0,0.0,,,7.228000164031982,-72.50700378417969,20.55,1.7,6.5395,-74.456333,260.0,228.5,70.42
PTB.2021.005.09.15.48,PTB,2021.005.09.15.48,unlabelled,,,,,0,0,0.0,0.0,,,6.951000213623047,-76.33000183105469,22.54,1.5,6.5395,-74.456333,260.0,212.08,282.5
PTB.2021.005.18.13.43,PTB,2021.005.18.13.43,unlabelled,,,,,0,0,0.0,0.0,,,6.873000144958496,-76.69400024414062,15.98,2.2,6.5395,-74.456333,260.0,250.14,278.61
PTB.2021.005.23.29.47,PTB,2021.005.23.29.47,unlabelled,,,,,0,0,0.0,0.0,-2.73,,6.860000133514404,-76.34400177001953,19.26,1.7,6.5395,-74.456333,260.0,211.7,279.75
PTB.2021.006.06.49.52,PTB,2021.006.06.49.52,unlabelled,,,,,0,0,0.0,0.0,,,4.440999984741211,-75.6719970703125,13.69,1.5,6.5395,-74.456333,260.0,268.32,210.2
PTB.2021.006.08.42.55,PTB,2021.006.08.42.55,unlabelled,,,,,0,0,0.0,0.0,,,7.081999778747559,-72.06800079345703,1.4,2.0,6.5395,-74.456333,260.0,270.73,77.06
PTB.2021.006.15.31.47,PTB,2021.006.15.31.47,unlabelled,,,,,0,0,0.0,0.0,,,6.849999904632568,-76.7040023803711,0.0,2.7,6.5395,-74.456333,260.0,250.88,278.0
PTB.2021.007.06.31.37,PTB,2021.007.06.31.37,unlabelled,,,,,0,0,0.0,0.0,,,5.164000034332275,-72.9990005493164,4.31,1.5,6.5395,-74.456333,260.0,221.77,133.23
PTB.2021.007.16.21.57,PTB,2021.007.16.21.57,unlabelled,,,,,0,0,0.0,0.0,,,6.908999919891357,-76.26799774169922,14.34,1.9,6.5395,-74.456333,260.0,204.42,281.64
PTB.2021.008.00.33.14,PTB,2021.008.00.33.14,unlabelled,,,,,0,0,0.0,0.0,-0.23,-0.08,6.90500020980835,-76.28500366210938,19.73,1.7,6.5395,-74.456333,260.0,206.18,281.41
PTB.2021.008.01.09.06,PTB,2021.008.01.09.06,unlabelled,,,,,0,0,0.0,0.0,,,6.979000091552734,-76.25299835205078,16.21,1.6,6.5395,-74.456333,260.0,204.48,283.86
PTB.2021.008.13.47.59,PTB,2021.008.13.47.59,unlabelled,,,,,0,0,0.0,0.0,,,4.578999996185303,-76.66999816894531,21.56,1.5,6.5395,-74.456333,260.0,327.35,228.64
PTB.2021.009.02.10.30,PTB,2021.009.02.10.30,unlabelled,,,,,0,0,0.0,0.0,,,7.47599983215332,-72.15899658203125,0.0,1.8,6.5395,-74.456333,260.0,274.15,67.67
PTB.2021.010.05.36.01,PTB,2021.010.05.36.01,unlabelled,,,,,0,0,0.0,0.0,-2.46,,7.408999919891357,-77.2979965209961,39.88,2.5,6.5395,-74.456333,260.0,328.4,287.2
PTB.2021.010.14.13.05,PTB,2021.010.14.13.05,unlabelled,,,,,0,0,0.0,0.0,,,6.714000225067139,-76.71399688720703,25.12,2.0,6.5395,-74.456333,260.0,250.4,274.55
PTB.2021.011.02.49.48,PTB,2021.011.02.49.48,unlabelled,,,,,0,0,0.0,0.0,,,7.10699987411499,-76.96800231933594,22.38,1.6,6.5395,-74.456333,260.0,284.63,282.89
PTB.2021.011.14.49.46,PTB,2021.011.14.49.46,unlabelled,,,,,0,0,0.0,0.0,,,7.182000160217285,-76.6780014038086,18.93,1.5,6.5395,-74.456333,260.0,255.63,286.27
PTB.2021.012.01.56.12,PTB,2021.012.01.56.12,unlabelled,,,,,0,0,0.0,0.0,,,6.789000034332275,-76.82599639892578,23.94,1.7,6.5395,-74.456333,260.0,263.47,276.15
PTB.2021.012.03.58.13,PTB,2021.012.03.58.13,unlabelled,,,,,0,0,0.0,0.0,,,7.019000053405762,-76.61599731445312,20.46,1.5,6.5395,-74.456333,260.0,244.56,282.65
PTB.2021.013.13.12.36,PTB,2021.013.13.12.36,unlabelled,,,,,0,0,0.0,0.0,,,5.085999965667725,-72.96700286865234,3.45,1.5,6.5395,-74.456333,260.0,230.31,134.18
PTB.2021.013.14.28.05,PTB,2021.013.14.28.05,unlabelled,,,,,0,0,0.0,0.0,,,6.875,-76.48799896240234,13.16,1.6,6.5395,-74.456333,260.0,227.67,279.5
PTB.2021.013.14.38.35,PTB,2021.013.14.38.35,unlabelled,,,,,0,0,0.0,0.0,,,7.0,-76.25599670410156,8.48,1.5,6.5395,-74.456333,260.0,205.36,284.46
PTB.2021.015.01.00.15,PTB,2021.015.01.00.15,unlabelled,,,,,0,0,0.0,0.0,,,7.15500020980835,-76.0530014038086,35.2,1.5,6.5395,-74.456333,260.0,189.15,291.19
PTB.2021.015.05.29.19,PTB,2021.015.05.29.19,unlabelled,,,,,0,0,0.0,0.0,,,7.109000205993652,-76.7249984741211,2.56,1.8,6.5395,-74.456333,260.0,258.56,284.23
PTB.2021.015.20.31.43,PTB,2021.015.20.31.43,unlabelled,,,,,0,0,0.0,0.0,,,4.364999771118164,-75.00399780273438,23.71,1.5,6.5395,-74.456333,260.0,248.01,194.19
PTB.2021.015.23.06.32,PTB,2021.015.23.06.32,unlabelled,,,,,0,0,0.0,0.0,,,6.718999862670898,-71.85700225830078,37.0,1.7,6.5395,-74.456333,260.0,288.12,85.9
PTB.2021.016.18.34.01,PTB,2021.016.18.34.01,unlabelled,,,,,0,0,0.0,0.0,,,4.894999980926514,-76.74400329589844,37.42,2.4,6.5395,-74.456333,260.0,311.9,234.45
PTB.2021.017.01.37.03,PTB,2021.017.01.37.03,unlabelled,,,,,0,0,0.0,0.0,,,5.321000099182129,-76.6050033569336,19.63,2.0,6.5395,-74.456333,260.0,273.42,240.59
PTB.2021.017.18.47.06,PTB,2021.017.18.47.06,unlabelled,,,,,0,0,0.0,0.0,,,3.5369999408721924,-74.5009994506836,14.8,1.7,6.5395,-74.456333,260.0,332.06,180.86
PTB.2021.018.21.12.50,PTB,2021.018.21.12.50,unlabelled,,,,,0,0,0.0,0.0,,,4.400000095367432,-73.78900146484375,10.88,1.7,6.5395,-74.456333,260.0,247.88,162.61
PTB.2021.019.01.03.43,PTB,2021.019.01.03.43,unlabelled,,,,,0,0,0.0,0.0,,,5.135000228881836,-72.87000274658203,-0.21,2.1,6.5395,-74.456333,260.0,234.49,131.4
PTB.2021.019.04.22.46,PTB,2021.019.04.22.46,unlabelled,,,,,0,0,0.0,0.0,,,7.544000148773193,-76.91200256347656,27.65,2.2,6.5395,-74.456333,260.0,293.17,292.41
PTB.2021.019.14.06.20,PTB,2021.019.14.06.20,unlabelled,,,,,0,0,0.0,0.0,,,5.1539998054504395,-73.08399963378906,13.63,1.7,6.5395,-74.456333,260.0,215.8,135.16
PTB.2021.019.17.40.45,PTB,2021.019.17.40.45,unlabelled,,,,,0,0,0.0,0.0,,,5.7769999504089355,-72.9990005493164,12.7,1.5,6.5395,-74.456333,260.0,182.01,117.52
PTB.2021.020.02.08.14,PTB,2021.020.02.08.14,unlabelled,,,,,0,0,0.0,0.0,,,6.946000099182129,-71.802001953125,13.05,2.4,6.5395,-74.456333,260.0,296.87,81.14
PTB.2021.020.12.23.41,PTB,2021.020.12.23.41,unlabelled,,,,,0,0,0.0,0.0,,,7.24399995803833,-75.20899963378906,32.85,1.6,6.5395,-74.456333,260.0,113.97,313.17
PTB.2021.020.17.28.28,PTB,2021.020.17.28.28,unlabelled,,,,,0,0,0.0,0.0,,,5.458000183105469,-76.12300109863281,19.81,1.5,6.5395,-74.456333,260.0,219.89,237.14
PTB.2021.021.20.53.12,PTB,2021.021.20.53.12,unlabelled,,,,,0,0,0.0,0.0,,,7.554999828338623,-73.11900329589844,19.96,1.9,6.5395,-74.456333,260.0,185.59,52.68
PTB.2021.022.16.42.55,PTB,2021.022.16.42.55,unlabelled,,,,,0,0,0.0,0.0,,,6.867000102996826,-76.58100128173828,5.0,1.9,6.5395,-74.456333,260.0,237.69,278.89
PTB.2021.023.14.21.30,PTB,2021.023.14.21.30,unlabelled,,,,,0,0,0.0,0.0,,,6.873000144958496,-76.38700103759766,18.79,1.5,6.5395,-74.456333,260.0,216.62,279.91
PTB.2021.023.17.31.54,PTB,2021.023.17.31.54,unlabelled,,,,,0,0,0.0,0.0,,,6.196000099182129,-72.19300079345703,17.38,3.0,6.5395,-74.456333,260.0,253.27,98.5
PTB.2021.023.21.50.59,PTB,2021.023.21.50.59,unlabelled,,,,,0,0,0.0,0.0,-4.72,,6.857999801635742,-76.26699829101562,16.21,1.7,6.5395,-74.456333,260.0,203.27,280.08
PTB.2021.024.00.10.51,PTB,2021.024.00.10.51,unlabelled,,,,,0,0,0.0,0.0,-10.13,-0.86,6.0960001945495605,-74.21499633789062,15.79,1.9,6.5395,-74.456333,260.0,55.84,151.42
PTB.2021.024.01.06.01,PTB,2021.024.01.06.01,unlabelled,,,,,0,0,0.0,0.0,,,5.474999904632568,-76.13400268554688,20.43,1.5,6.5395,-74.456333,260.0,219.9,237.72
PTB.2021.024.04.17.17,PTB,2021.024.04.17.17,unlabelled,,,,,0,0,0.0,0.0,,,5.809999942779541,-76.84300231933594,36.02,1.6,6.5395,-74.456333,260.0,276.19,253.15
PTB.2021.025.01.44.06,PTB,2021.025.01.44.06,unlabelled,,,,,0,0,0.0,0.0,-8.05,,6.131999969482422,-76.58599853515625,36.13,2.3,6.5395,-74.456333,260.0,239.9,259.29
PTB.2021.026.00.46.54,PTB,2021.026.00.46.54,unlabelled,,,,,0,0,0.0,0.0,,,6.9770002365112305,-76.2229995727539,15.04,1.5,6.5395,-74.456333,260.0,201.21,284.02
PTB.2021.026.22.37.04,PTB,2021.026.22.37.04,unlabelled,,,,,0,0,0.0,0.0,,,5.72599983215332,-76.68599700927734,35.9,1.9,6.5395,-74.456333,260.0,262.68,250.09
PTB.2021.027.13.08.17,PTB,2021.027.13.08.17,unlabelled,,,,,0,0,0.0,0.0,,,4.835999965667725,-75.7020034790039,24.77,1.5,6.5395,-74.456333,260.0,233.51,216.29
PTB.2021.028.15.33.06,PTB,2021.028.15.33.06,unlabelled,,,,,0,0,0.0,0.0,,,5.714000225067139,-76.64399719238281,32.97,1.6,6.5395,-74.456333,260.0,258.78,249.46
PTB.2021.029.00.28.45,PTB,2021.029.00.28.45,unlabelled,,,,,0,0,0.0,0.0,,,7.204999923706055,-76.97599792480469,2.0,1.7,6.5395,-74.456333,260.0,288.05,284.95
PTB.2021.029.17.37.18,PTB,2021.029.17.37.18,unlabelled,,,,,0,0,0.0,0.0,,,4.704999923706055,-76.84500122070312,36.95,1.9,6.5395,-74.456333,260.0,333.44,232.65
PTB.2021.029.22.38.37,PTB,2021.029.22.38.37,unlabelled,,,,,0,0,0.0,0.0,,,4.59499979019165,-76.6989974975586,17.27,2.0,6.5395,-74.456333,260.0,328.6,229.24
PTB.2021.029.23.21.43,PTB,2021.029.23.21.43,unlabelled,,,,,0,0,0.0,0.0,,,5.281000137329102,-74.8030014038086,18.98,1.5,6.5395,-74.456333,260.0,144.37,195.44
PTB.2021.030.15.30.37,PTB,2021.030.15.30.37,unlabelled,,,,,0,0,0.0,0.0,,,4.7230000495910645,-76.75900268554688,39.18,2.0,6.5395,-74.456333,260.0,324.69,231.9
PTB.2021.030.19.35.02,PTB,2021.030.19.35.02,unlabelled,,,,,0,0,0.0,0.0,,,7.0980000495910645,-76.82499694824219,22.21,1.8,6.5395,-74.456333,260.0,269.01,283.41
PTB.2021.030.22.19.08,PTB,2021.030.22.19.08,unlabelled,,,,,0,0,0.0,0.0,,,6.901000022888184,-76.697998046875,12.31,2.0,6.5395,-74.456333,260.0,251.04,279.29
PTB.2021.031.18.15.44,PTB,2021.031.18.15.44,unlabelled,,,,,0,0,0.0,0.0,,,3.566999912261963,-74.40699768066406,25.35,2.6,6.5395,-74.456333,260.0,328.75,179.04
PTB.2021.032.13.36.49,PTB,2021.032.13.36.49,unlabelled,,,,,0,0,0.0,0.0,-3.45,,6.49399995803833,-76.7030029296875,28.47,2.3,6.5395,-74.456333,260.0,248.54,268.97
PTB.2021.032.14.24.27,PTB,2021.032.14.24.27,unlabelled,,,,,0,0,0.0,0.0,,,4.4710001945495605,-73.51499938964844,26.05,2.2,6.5395,-74.456333,260.0,251.4,155.44
PTB.2021.032.16.33.53,PTB,2021.032.16.33.53,unlabelled,,,,,0,0,0.0,0.0,-2.85,,6.86299991607666,-76.34100341796875,11.44,1.8,6.5395,-74.456333,260.0,211.43,279.85
PTB.2021.033.02.35.26,PTB,2021.033.02.35.26,unlabelled,,,,,0,0,0.0,0.0,,,7.10099983215332,-72.12799835205078,0.94,1.8,6.5395,-74.456333,260.0,264.75,76.3
PTB.2021.033.14.55.27,PTB,2021.033.14.55.27,unlabelled,,,,,0,0,0.0,0.0,,,7.703000068664551,-74.14299774169922,10.73,1.5,6.5395,-74.456333,260.0,133.25,15.04
PTB.2021.034.13.06.17,PTB,2021.034.13.06.17,unlabelled,,,,,0,0,0.0,0.0,,,4.039999961853027,-75.73300170898438,23.36,1.7,6.5395,-74.456333,260.0,310.52,207.17
PTB.2021.034.19.07.44,PTB,2021.034.19.07.44,unlabelled,,,,,0,0,0.0,0.0,,,6.632999897003174,-76.76200103759766,28.0,1.9,6.5395,-74.456333,260.0,255.19,272.45
PTB.2021.034.19.12.55,PTB,2021.034.19.12.55,unlabelled,,,,,0,0,0.0,0.0,,,3.5309998989105225,-74.4469985961914,21.07,2.0,6.5395,-74.456333,260.0,332.69,179.82
PTB.2021.034.19.47.07,PTB,2021.034.19.47.07,unlabelled,,,,,0,0,0.0,0.0,,,7.046999931335449,-76.0270004272461,16.38,1.5,6.5395,-74.456333,260.0,182.47,288.01
PTB.2021.034.21.18.43,PTB,2021.034.21.18.43,unlabelled,,,,,0,0,0.0,0.0,,,6.808000087738037,-75.9540023803711,26.83,1.8,6.5395,-74.456333,260.0,168.24,280.25
PTB.2021.035.18.52.40,PTB,2021.035.18.52.40,unlabelled,,,,,0,0,0.0,0.0,,,5.263999938964844,-72.5510025024414,0.0,1.8,6.5395,-74.456333,260.0,253.79,123.66
PTB.2021.036.18.25.46,PTB,2021.036.18.25.46,unlabelled,,,,,0,0,0.0,0.0,,,4.817999839782715,-73.4729995727539,19.02,1.5,6.5395,-74.456333,260.0,219.33,150.17
PTB.2021.037.03.00.47,PTB,2021.037.03.00.47,unlabelled,,,,,0,0,0.0,0.0,,,7.103000164031982,-72.08300018310547,3.47,1.7,6.5395,-74.456333,260.0,269.64,76.5
PTB.2021.037.17.46.37,PTB,2021.037.17.46.37,unlabelled,,,,,0,0,0.0,0.0,,,7.086999893188477,-76.17900085449219,-0.04,1.7,6.5395,-74.456333,260.0,199.81,287.74
PTB.2021.037.19.08.50,PTB,2021.037.19.08.50,unlabelled,,,,,0,0,0.0,0.0,,,5.372000217437744,-76.4010009765625,27.7,1.7,6.5395,-74.456333,260.0,251.06,239.16
PTB.2021.038.21.08.03,PTB,2021.038.21.08.03,unlabelled,,,,,0,0,0.0,0.0,,,5.540999889373779,-76.44999694824219,27.81,1.6,6.5395,-74.456333,260.0,246.79,243.53
PTB.2021.039.17.21.28,PTB,2021.039.17.21.28,unlabelled,,,,,0,0,0.0,0.0,,,4.964000225067139,-74.87300109863281,21.51,1.5,6.5395,-74.456333,260.0,180.24,194.86
PTB.2021.040.16.24.39,PTB,2021.040.16.24.39,unlabelled,,,,,0,0,0.0,0.0,,,5.485000133514404,-72.71700286865234,11.99,3.3,6.5395,-74.456333,260.0,225.12,121.11
PTB.2021.043.17.45.30,PTB,2021.043.17.45.30,unlabelled,,,,,0,0,0.0,0.0,,,6.894000053405762,-76.11399841308594,0.0,1.6,6.5395,-74.456333,260.0,187.42,282.17
PTB.2021.044.01.45.44,PTB,2021.044.01.45.44,unlabelled,,,,,0,0,0.0,0.0,,,4.7769999504089355,-73.37999725341797,15.86,1.6,6.5395,-74.456333,260.0,228.48,148.49
PTB.2021.044.14.38.28,PTB,2021.044.14.38.28,unlabelled,,,,,0,0,0.0,0.0,,,5.4070000648498535,-72.74800109863281,0.0,2.4,6.5395,-74.456333,260.0,226.85,123.42
PTB.2021.045.00.26.12,PTB,2021.045.00.26.12,unlabelled,,,,,0,0,0.0,0.0,,,6.197000026702881,-72.35199737548828,21.72,1.7,6.5395,-74.456333,260.0,235.88,99.12
PTB.2021.045.15.11.44,PTB,2021.045.15.11.44,unlabelled,,,,,0,0,0.0,0.0,,,7.13700008392334,-76.94000244140625,0.35,2.1,6.5395,-74.456333,260.0,282.37,283.68
PTB.2021.045.20.38.50,PTB,2021.045.20.38.50,unlabelled,,,,,0,0,0.0,0.0,,,3.98799991607666,-75.65899658203125,15.98,1.5,6.5395,-74.456333,260.0,312.06,205.35
PTB.2021.045.21.34.07,PTB,2021.045.21.34.07,unlabelled,,,,,0,0,0.0,0.0,-7.44,-1.17,6.247000217437744,-76.11199951171875,17.48,1.6,6.5395,-74.456333,260.0,186.0,260.08
PTB.2021.045.23.55.38,PTB,2021.045.23.55.38,unlabelled,,,,,0,0,0.0,0.0,,,3.9089999198913574,-73.49299621582031,8.5,1.5,6.5395,-74.456333,260.0,309.87,159.79
PTB.2021.046.14.52.10,PTB,2021.046.14.52.10,unlabelled,,,,,0,0,0.0,0.0,,,6.86899995803833,-77.09400177001953,39.88,2.8,6.5395,-74.456333,260.0,293.9,277.27
PTB.2021.046.22.34.30,PTB,2021.046.22.34.30,unlabelled,,,,,0,0,0.0,0.0,,,6.479000091552734,-76.55400085449219,15.98,1.6,6.5395,-74.456333,260.0,232.11,268.47
PTB.2021.048.15.01.27,PTB,2021.048.15.01.27,unlabelled,,,,,0,0,0.0,0.0,,,6.921999931335449,-76.84700012207031,24.3,2.0,6.5395,-74.456333,260.0,267.67,279.23
PTB.2021.048.23.45.33,PTB,2021.048.23.45.33,unlabelled,,,,,0,0,0.0,0.0,-4.88,,6.888999938964844,-76.34600067138672,21.02,1.8,6.5395,-74.456333,260.0,212.47,280.59
PTB.2021.049.22.16.41,PTB,2021.049.22.16.41,unlabelled,,,,,0,0,0.0,0.0,,,4.5229997634887695,-73.34600067138672,13.98,1.9,6.5395,-74.456333,260.0,254.68,151.06
PTB.2021.051.15.40.42,PTB,2021.051.15.40.42,unlabelled,,,,,0,0,0.0,0.0,,,3.555999994277954,-74.48200225830078,24.88,1.3,6.5395,-74.456333,260.0,329.94,180.5
PTB.2021.051.18.43.25,PTB,2021.051.18.43.25,unlabelled,,,,,0,0,0.0,0.0,,,5.201000213623047,-76.81099700927734,27.16,1.6,6.5395,-74.456333,260.0,299.83,240.54
PTB.2021.057.18.36.31,PTB,2021.057.18.36.31,unlabelled,,,,,0,0,0.0,0.0,,,4.617000102996826,-73.74400329589844,29.34,1.5,6.5395,-74.456333,260.0,226.77,159.6
PTB.2021.059.20.01.50,PTB,2021.059.20.01.50,unlabelled,,,,,0,0,0.0,0.0,,,5.40500020980835,-76.75199890136719,14.71,2.1,6.5395,-74.456333,260.0,283.45,243.85
PTB.2021.060.13.41.07,PTB,2021.060.13.41.07,unlabelled,,,,,0,0,0.0,0.0,,,4.242000102996826,-75.72000122070312,15.98,1.5,6.5395,-74.456333,260.0,290.11,208.93
PTB.2021.060.18.29.39,PTB,2021.060.18.29.39,unlabelled,,,,,0,0,0.0,0.0,,,5.168000221252441,-73.1259994506836,28.81,1.9,6.5395,-74.456333,260.0,211.44,135.76
PTB.2021.060.23.02.13,PTB,2021.060.23.02.13,unlabelled,,,,,0,0,0.0,0.0,,,6.360000133514404,-76.08599853515625,15.41,2.2,6.5395,-74.456333,260.0,181.36,263.81
PTB.2021.061.15.49.09,PTB,2021.061.15.49.09,unlabelled,,,,,0,0,0.0,0.0,,,4.802999973297119,-73.25900268554688,5.41,1.7,6.5395,-74.456333,260.0,233.38,145.31
PTB.2021.062.18.20.21,PTB,2021.062.18.20.21,unlabelled,,,,,0,0,0.0,0.0,,,5.538000106811523,-76.41899871826172,37.54,1.7,6.5395,-74.456333,260.0,243.87,243.1
PTB.2021.062.23.28.59,PTB,2021.062.23.28.59,unlabelled,,,,,0,0,0.0,0.0,-0.05,,4.192999839782715,-73.56600189208984,20.61,3.2,6.5395,-74.456333,260.0,277.61,159.14
PTB.2021.062.23.38.43,PTB,2021.062.23.38.43,unlabelled,,,,,0,0,0.0,0.0,,,4.2270002365112305,-73.62999725341797,16.45,1.7,6.5395,-74.456333,260.0,271.63,160.26
PTB.2021.063.18.23.57,PTB,2021.063.18.23.57,unlabelled,,,,,0,0,0.0,0.0,,,7.1479997634887695,-77.25299835205078,18.74,2.5,6.5395,-74.456333,260.0,316.36,282.45
PTB.2021.065.15.27.28,PTB,2021.065.15.27.28,unlabelled,,,,,0,0,0.0,0.0,-2.73,-10.91,5.644000053405762,-72.88500213623047,16.33,1.5,6.5395,-74.456333,260.0,200.15,119.57
PTB.2021.065.17.25.53,PTB,2021.065.17.25.53,unlabelled,,,,,0,0,0.0,0.0,,,6.046000003814697,-76.74099731445312,31.36,2.1,6.5395,-74.456333,260.0,258.63,257.94
PTB.2021.065.21.36.39,PTB,2021.065.21.36.39,unlabelled,,,,,0,0,0.0,0.0,,,5.708000183105469,-72.73100280761719,18.67,1.8,6.5395,-74.456333,260.0,211.96,115.62
PTB.2021.065.22.03.30,PTB,2021.065.22.03.30,unlabelled,,,,,0,0,0.0,0.0,,,6.0370001792907715,-72.58000183105469,0.0,1.6,6.5395,-74.456333,260.0,214.93,104.88
PTB.2021.066.20.50.27,PTB,2021.066.20.50.27,unlabelled,,,,,0,0,0.0,0.0,,,4.875,-76.55899810791016,38.01,2.3,6.5395,-74.456333,260.0,296.86,231.79
PTB.2021.066.23.59.04,PTB,2021.066.23.59.04,unlabelled,,,,,0,0,0.0,0.0,,,3.7119998931884766,-74.01699829101562,7.01,1.9,6.5395,-74.456333,260.0,316.45,171.12
PTB.2021.067.13.28.14,PTB,2021.067.13.28.14,unlabelled,,,,,0,0,0.0,0.0,,,6.788000106811523,-76.2249984741211,11.83,1.8,6.5395,-74.456333,260.0,197.49,278.1
PTB.2021.067.15.20.49,PTB,2021.067.15.20.49,unlabelled,,,,,0,0,0.0,0.0,,,6.748000144958496,-76.27300262451172,5.27,1.5,6.5395,-74.456333,260.0,202.2,276.65
PTB.2021.067.21.17.03,PTB,2021.067.21.17.03,unlabelled,,,,,0,0,0.0,0.0,,,6.881999969482422,-76.35199737548828,0.65,1.6,6.5395,-74.456333,260.0,212.98,280.35
PTB.2021.068.22.41.57,PTB,2021.068.22.41.57,unlabelled,,,,,0,0,0.0,0.0,,,4.6579999923706055,-76.72899627685547,36.95,2.1,6.5395,-74.456333,260.0,326.63,230.55
PTB.2021.069.12.12.06,PTB,2021.069.12.12.06,unlabelled,,,,,0,0,0.0,0.0,,,7.456999778747559,-76.3550033569336,25.82,1.5,6.5395,-74.456333,260.0,233.04,295.92
PTB.2021.069.15.30.31,PTB,2021.069.15.30.31,unlabelled,,,,,0,0,0.0,0.0,,,6.883999824523926,-76.61699676513672,3.79,1.5,6.5395,-74.456333,260.0,241.9,279.19
PTB.2021.069.21.09.46,PTB,2021.069.21.09.46,unlabelled,,,,,0,0,0.0,0.0,,,4.863999843597412,-72.88400268554688,15.98,2.1,6.5395,-74.456333,260.0,254.29,136.69
PTB.2021.069.21.50.10,PTB,2021.069.21.50.10,unlabelled,,,,,0,0,0.0,0.0,,,7.322999954223633,-77.11499786376953,15.37,1.7,6.5395,-74.456333,260.0,306.32,286.59
PTB.2021.072.17.30.12,PTB,2021.072.17.30.12,unlabelled,,,,,0,0,0.0,0.0,,,6.440000057220459,-76.55699920654297,24.77,1.5,6.5395,-74.456333,260.0,232.62,267.41
PTB.2021.072.18.38.10,PTB,2021.072.18.38.10,unlabelled,,,,,0,0,0.0,0.0,,,5.447000026702881,-76.03700256347656,35.9,1.5,6.5395,-74.456333,260.0,212.65,235.47
PTB.2021.072.22.30.14,PTB,2021.072.22.30.14,unlabelled,,,,,0,0,0.0,0.0,,,5.144000053405762,-73.02899932861328,14.1,1.7,6.5395,-74.456333,260.0,220.91,134.24
PTB.2021.074.15.02.17,PTB,2021.074.15.02.17,unlabelled,,,,,0,0,0.0,0.0,,,6.0269999504089355,-72.70800018310547,15.8,1.6,6.5395,-74.456333,260.0,201.59,106.23
PTB.2021.075.22.47.31,PTB,2021.075.22.47.31,unlabelled,,,,,0,0,0.0,0.0,,,6.013000011444092,-76.73300170898438,36.48,1.8,6.5395,-74.456333,260.0,258.57,257.11
PTB.2021.076.14.02.48,PTB,2021.076.14.02.48,unlabelled,,,,,0,0,0.0,0.0,,,5.50600004196167,-76.8479995727539,10.0,1.7,6.5395,-74.456333,260.0,288.39,246.78
PTB.2021.076.23.47.40,PTB,2021.076.23.47.40,unlabelled,,,,,0,0,0.0,0.0,,,6.736999988555908,-76.88500213623047,16.55,1.8,6.5395,-74.456333,260.0,269.44,274.79
PTB.2021.076.23.55.09,PTB,2021.076.23.55.09,unlabelled,,,,,0,0,0.0,0.0,,,5.616000175476074,-76.42400360107422,30.98,1.7,6.5395,-74.456333,260.0,240.57,244.99
PTB.2021.078.07.54.47,PTB,2021.078.07.54.47,unlabelled,,,,,0,0,0.0,0.0,,,4.605000019073486,-76.58100128173828,40.6,1.6,6.5395,-74.456333,260.0,318.08,227.84
PTB.2021.080.03.46.46,PTB,2021.080.03.46.46,unlabelled,,,,,0,0,0.0,0.0,,,7.49399995803833,-77.06199645996094,36.48,1.7,6.5395,-74.456333,260.0,306.64,290.29
PTB.2021.080.04.42.57,PTB,2021.080.04.42.57,unlabelled,,,,,0,0,0.0,0.0,,,6.053999900817871,-76.89299774169922,34.73,2.3,6.5395,-74.456333,260.0,274.92,258.87
PTB.2021.080.08.53.54,PTB,2021.080.08.53.54,unlabelled,,,,,0,0,0.0,0.0,,,5.5929999351501465,-72.70800018310547,15.27,1.5,6.5395,-74.456333,260.0,220.03,118.31
PTB.2021.081.16.59.42,PTB,2021.081.16.59.42,unlabelled,,,,,0,0,0.0,0.0,,,5.314000129699707,-76.40899658203125,37.42,1.7,6.5395,-74.456333,260.0,255.17,238.02
PTB.2021.081.19.10.09,PTB,2021.081.19.10.09,unlabelled,,,,,0,0,0.0,0.0,,,6.743000030517578,-76.4489974975586,11.88,1.6,6.5395,-74.456333,260.0,221.49,275.95
PTB.2021.082.04.16.29,PTB,2021.082.04.16.29,unlabelled,,,,,0,0,0.0,0.0,,,7.09499979019165,-76.87899780273438,20.98,1.9,6.5395,-74.456333,260.0,274.75,283.06
PTB.2021.082.04.35.20,PTB,2021.082.04.35.20,unlabelled,,,,,0,0,0.0,0.0,,,7.4710001945495605,-71.90899658203125,5.27,1.7,6.5395,-74.456333,260.0,299.72,69.75
PTB.2021.082.06.41.28,PTB,2021.082.06.41.28,unlabelled,,,,,0,0,0.0,0.0,,,6.519000053405762,-71.92400360107422,0.24,1.7,6.5395,-74.456333,260.0,280.09,90.32
PTB.2021.082.12.27.30,PTB,2021.082.12.27.30,unlabelled,,,,,0,0,0.0,0.0,,,7.414000034332275,-71.98300170898438,6.49,1.8,6.5395,-74.456333,260.0,289.91,70.37
PTB.2021.083.01.21.02,PTB,2021.083.01.21.02,unlabelled,,,,,0,0,0.0,0.0,,,4.410999774932861,-75.28099822998047,13.93,1.5,6.5395,-74.456333,260.0,252.49,201.26
PTB.2021.084.00.30.32,PTB,2021.084.00.30.32,unlabelled,,,,,0,0,0.0,0.0,,,7.046999931335449,-76.21499633789062,14.1,1.6,6.5395,-74.456333,260.0,202.35,286.21
PTB.2021.084.00.30.38,PTB,2021.084.00.30.38,unlabelled,,,,,0,0,0.0,0.0,,,7.4070000648498535,-71.93299865722656,0.0,1.8,6.5395,-74.456333,260.0,294.87,70.86
PTB.2021.084.10.06.44,PTB,2021.084.10.06.44,unlabelled,,,,,0,0,0.0,0.0,,,6.910999774932861,-76.67900085449219,22.77,1.7,6.5395,-74.456333,260.0,249.15,279.62
PTB.2021.084.12.46.56,PTB,2021.084.12.46.56,unlabelled,,,,,0,0,0.0,0.0,,,4.703999996185303,-73.13300323486328,-0.02,1.6,6.5395,-74.456333,260.0,250.38,144.09
PTB.2021.085.01.50.42,PTB,2021.085.01.50.42,unlabelled,,,,,0,0,0.0,0.0,,,7.434999942779541,-72.04499816894531,0.0,1.5,6.5395,-74.456333,260.0,284.25,69.47
PTB.2021.085.06.07.41,PTB,2021.085.06.07.41,unlabelled,,,,,0,0,0.0,0.0,-0.92,-1.26,7.13100004196167,-77.14199829101562,38.95,2.2,6.5395,-74.456333,260.0,303.98,282.58
PTB.2021.085.14.06.17,PTB,2021.085.14.06.17,unlabelled,,,,,0,0,0.0,0.0,,,3.9590001106262207,-73.93000030517578,23.71,1.9,6.5395,-74.456333,260.0,291.26,168.42
PTB.2021.085.18.34.30,PTB,2021.085.18.34.30,unlabelled,,,,,0,0,0.0,0.0,,,7.336999893188477,-72.06099700927734,0.0,1.7,6.5395,-74.456333,260.0,279.01,71.43
PTB.2021.085.19.31.12,PTB,2021.085.19.31.12,unlabelled,,,,,0,0,0.0,0.0,,,4.301000118255615,-73.99299621582031,15.74,1.6,6.5395,-74.456333,260.0,252.81,168.26
PTB.2021.085.23.27.24,PTB,2021.085.23.27.24,unlabelled,,,,,0,0,0.0,0.0,,,4.482999801635742,-75.38400268554688,4.2,2.0,6.5395,-74.456333,260.0,249.57,204.37
PTB.2021.086.09.07.33,PTB,2021.086.09.07.33,unlabelled,,,,,0,0,0.0,0.0,-0.35,-2.15,3.558000087738037,-74.38099670410156,3.17,1.8,6.5395,-74.456333,260.0,329.81,178.55
PTB.2021.086.11.19.44,PTB,2021.086.11.19.44,unlabelled,,,,,0,0,0.0,0.0,,,6.872000217437744,-76.81700134277344,3.48,1.8,6.5395,-74.456333,260.0,263.58,278.16
PTB.2021.087.05.51.20,PTB,2021.087.05.51.20,unlabelled,,,,,0,0,0.0,0.0,,,5.973999977111816,-72.46199798583984,17.85,2.5,6.5395,-74.456333,260.0,229.38,105.71
PTB.2021.087.06.48.07,PTB,2021.087.06.48.07,unlabelled,,,,,0,0,0.0,0.0,-0.11,-5.45,4.482999801635742,-73.54299926757812,33.26,2.2,6.5395,-74.456333,260.0,248.92,155.96
PTB.2021.087.07.14.06,PTB,2021.087.07.14.06,unlabelled,,,,,0,0,0.0,0.0,,,4.40500020980835,-75.27200317382812,13.81,1.6,6.5395,-74.456333,260.0,252.76,200.99
PTB.2021.087.10.25.35,PTB,2021.087.10.25.35,unlabelled,,,,,0,0,0.0,0.0,,,4.60699987411499,-73.39700317382812,15.39,1.6,6.5395,-74.456333,260.0,243.81,151.17
PTB.2021.087.16.43.48,PTB,2021.087.16.43.48,unlabelled,,,,,0,0,0.0,0.0,,,5.126999855041504,-73.01200103759766,2.46,1.8,6.5395,-74.456333,260.0,223.57,134.24
PTB.2021.087.20.47.16,PTB,2021.087.20.47.16,unlabelled,,,,,0,0,0.0,0.0,,,6.951000213623047,-76.73300170898438,0.0,1.9,6.5395,-74.456333,260.0,255.78,280.38
PTB.2021.087.23.22.20,PTB,2021.087.23.22.20,unlabelled,,,,,0,0,0.0,0.0,,,5.263999938964844,-73.09600067138672,0.0,1.7,6.5395,-74.456333,260.0,206.36,133.05
PTB.2021.088.03.00.15,PTB,2021.088.03.00.15,unlabelled,,,,,0,0,0.0,0.0,,,5.091000080108643,-73.0479965209961,0.0,4.0,6.5395,-74.456333,260.0,223.57,135.69
PTB.2021.088.03.18.30,PTB,2021.088.03.18.30,unlabelled,,,,,0,0,0.0,0.0,-1.72,-0.02,5.169000148773193,-73.05899810791016,16.68,2.0,6.5395,-74.456333,260.0,216.6,134.33
PTB.2021.088.07.38.56,PTB,2021.088.07.38.56,unlabelled,,,,,0,0,0.0,0.0,,,5.105000019073486,-73.05799865722656,0.0,1.6,6.5395,-74.456333,260.0,221.69,135.62
PTB.2021.088.13.02.01,PTB,2021.088.13.02.01,unlabelled,,,,,0,0,0.0,0.0,,,5.203999996185303,-73.06199645996094,0.0,1.5,6.5395,-74.456333,260.0,213.66,133.65
PTB.2021.088.14.21.06,PTB,2021.088.14.21.06,unlabelled,,,,,0,0,0.0,0.0,,,5.166999816894531,-73.08200073242188,12.23,1.7,6.5395,-74.456333,260.0,214.94,134.85
PTB.2021.089.14.21.36,PTB,2021.089.14.21.36,unlabelled,,,,,0,0,0.0,0.0,,,5.1570000648498535,-73.24199676513672,0.0,1.6,6.5395,-74.456333,260.0,203.61,138.6
PTB.2021.089.18.22.28,PTB,2021.089.18.22.28,unlabelled,,,,,0,0,0.0,0.0,,,3.7009999752044678,-74.2229995727539,16.8,2.4,6.5395,-74.456333,260.0,314.95,175.28
PTB.2021.090.09.54.13,PTB,2021.090.09.54.13,unlabelled,,,,,0,0,0.0,0.0,,,4.546000003814697,-74.88200378417969,11.94,1.5,6.5395,-74.456333,260.0,225.44,192.1
PTB.2021.091.00.12.45,PTB,2021.091.00.12.45,unlabelled,,,,,0,0,0.0,0.0,,,4.747000217437744,-73.43699645996094,0.0,1.6,6.5395,-74.456333,260.0,228.13,150.28
PTB.2021.091.01.26.06,PTB,2021.091.01.26.06,unlabelled,,,,,0,0,0.0,0.0,,,6.90500020980835,-76.66899871826172,13.85,1.5,6.5395,-74.456333,260.0,247.95,279.51
PTB.2021.091.16.33.13,PTB,2021.091.16.33.13,unlabelled,,,,,0,0,0.0,0.0,,,6.909999847412109,-76.24099731445312,0.03,1.5,6.5395,-74.456333,260.0,201.52,281.83
PTB.2021.091.18.12.04,PTB,2021.091.18.12.04,unlabelled,,,,,0,0,0.0,0.0,,,5.116000175476074,-73.03299713134766,15.98,2.4,6.5395,-74.456333,260.0,222.77,134.89
PTB.2021.091.19.54.35,PTB,2021.091.19.54.35,unlabelled,,,,,0,0,0.0,0.0,-2.99,,5.130000114440918,-73.00700378417969,0.0,1.7,6.5395,-74.456333,260.0,223.73,134.08
PTB.2021.091.21.57.28,PTB,2021.091.21.57.28,unlabelled,,,,,0,0,0.0,0.0,,,6.598999977111816,-76.88800048828125,0.0,2.1,6.5395,-74.456333,260.0,269.01,271.54
PTB.2021.092.06.48.09,PTB,2021.092.06.48.09,unlabelled,,,,,0,0,0.0,0.0,,,7.39900016784668,-71.8759994506836,17.76,2.0,6.5395,-74.456333,260.0,300.56,71.41
PTB.2021.092.23.50.21,PTB,2021.092.23.50.21,unlabelled,,,,,0,0,0.0,0.0,,,7.322000026702881,-77.14900207519531,17.56,1.8,6.5395,-74.456333,260.0,309.9,286.37
PTB.2021.093.01.56.06,PTB,2021.093.01.56.06,unlabelled,,,,,0,0,0.0,0.0,,,7.229000091552734,-77.16200256347656,11.91,2.2,6.5395,-74.456333,260.0,308.6,284.46
PTB.2021.093.02.31.16,PTB,2021.093.02.31.16,unlabelled,,,,,0,0,0.0,0.0,-6.35,,6.7870001792907715,-73.20500183105469,0.03,1.5,6.5395,-74.456333,260.0,141.04,78.74
PTB.2021.093.03.28.11,PTB,2021.093.03.28.11,unlabelled,,,,,0,0,0.0,0.0,-3.08,,7.261000156402588,-77.16100311279297,18.39,2.5,6.5395,-74.456333,260.0,309.38,285.11
PTB.2021.093.04.20.43,PTB,2021.093.04.20.43,unlabelled,,,,,0,0,0.0,0.0,,,7.301000118255615,-77.12799835205078,12.77,2.8,6.5395,-74.456333,260.0,307.03,286.08
PTB.2021.093.06.27.29,PTB,2021.093.06.27.29,unlabelled,,,,,0,0,0.0,0.0,-3.19,,7.26800012588501,-77.30000305175781,29.88,2.4,6.5395,-74.456333,260.0,324.44,284.55
PTB.2021.093.07.12.43,PTB,2021.093.07.12.43,unlabelled,,,,,0,0,0.0,0.0,,,7.255000114440918,-77.10800170898438,20.56,1.9,6.5395,-74.456333,260.0,303.55,285.27
PTB.2021.093.09.19.42,PTB,2021.093.09.19.42,unlabelled,,,,,0,0,0.0,0.0,,,7.379000186920166,-77.08300018310547,7.42,2.2,6.5395,-74.456333,260.0,304.74,287.89
PTB.2021.093.18.26.38,PTB,2021.093.18.26.38,unlabelled,,,,,0,0,0.0,0.0,,,7.138999938964844,-76.90899658203125,15.47,1.9,6.5395,-74.456333,260.0,279.09,283.89
PTB.2021.093.20.27.20,PTB,2021.093.20.27.20,unlabelled,,,,,0,0,0.0,0.0,,,6.565999984741211,-72.72799682617188,0.01,1.7,6.5395,-74.456333,260.0,191.17,89.02
PTB.2021.093.21.45.27,PTB,2021.093.21.45.27,unlabelled,,,,,0,0,0.0,0.0,,,7.294000148773193,-77.13300323486328,14.01,1.9,6.5395,-74.456333,260.0,307.35,285.91
PTB.2021.094.04.38.53,PTB,2021.094.04.38.53,unlabelled,,,,,0,0,0.0,0.0,-2.74,-0.09,7.090000152587891,-75.99299621582031,27.68,1.5,6.5395,-74.456333,260.0,180.44,289.81
PTB.2021.094.06.53.43,PTB,2021.094.06.53.43,unlabelled,,,,,0,0,0.0,0.0,,,7.039999961853027,-76.22200012207031,17.15,1.5,6.5395,-74.456333,260.0,202.88,285.94
PTB.2021.094.18.53.14,PTB,2021.094.18.53.14,unlabelled,,,,,0,0,0.0,0.0,,,6.632999897003174,-72.27400207519531,0.89,1.9,6.5395,-74.456333,260.0,241.56,87.42
PTB.2021.094.19.00.09,PTB,2021.094.19.00.09,unlabelled,,,,,0,0,0.0,0.0,,,7.22599983215332,-77.18499755859375,20.01,2.0,6.5395,-74.456333,260.0,310.99,284.29
PTB.2021.095.00.46.28,PTB,2021.095.00.46.28,unlabelled,,,,,0,0,0.0,0.0,,,4.414000034332275,-73.55899810791016,0.01,4.4,6.5395,-74.456333,260.0,255.21,157.02
PTB.2021.095.07.17.55,PTB,2021.095.07.17.55,unlabelled,,,,,0,0,0.0,0.0,,,4.447999954223633,-75.68900299072266,3.57,1.6,6.5395,-74.456333,260.0,268.61,210.63
PTB.2021.095.14.20.30,PTB,2021.095.14.20.30,unlabelled,,,,,0,0,0.0,0.0,,,4.63700008392334,-75.12899780273438,19.14,1.5,6.5395,-74.456333,260.0,223.2,199.54
PTB.2021.095.17.17.21,PTB,2021.095.17.17.21,unlabelled,,,,,0,0,0.0,0.0,,,3.7739999294281006,-74.00900268554688,11.76,1.5,6.5395,-74.456333,260.0,309.81,170.77
PTB.2021.095.18.15.58,PTB,2021.095.18.15.58,unlabelled,,,,,0,0,0.0,0.0,,,6.089000225067139,-72.37100219726562,13.05,2.0,6.5395,-74.456333,260.0,236.06,102.07
PTB.2021.096.00.19.52,PTB,2021.096.00.19.52,unlabelled,,,,,0,0,0.0,0.0,,,6.883999824523926,-76.20099639892578,22.3,1.5,6.5395,-74.456333,260.0,196.62,281.27
PTB.2021.096.14.15.05,PTB,2021.096.14.15.05,unlabelled,,,,,0,0,0.0,0.0,,,4.605999946594238,-76.5719985961914,19.73,1.7,6.5395,-74.456333,260.0,317.27,227.74
PTB.2021.097.05.56.14,PTB,2021.097.05.56.14,unlabelled,,,,,0,0,0.0,0.0,,,7.2129998207092285,-77.03299713134766,21.3,1.7,6.5395,-74.456333,260.0,294.36,284.81
PTB.2021.097.10.35.25,PTB,2021.097.10.35.25,unlabelled,,,,,0,0,0.0,0.0,,,7.025000095367432,-76.9800033569336,17.07,2.0,6.5395,-74.456333,260.0,284.1,281.04
PTB.2021.098.14.51.57,PTB,2021.098.14.51.57,unlabelled,,,,,0,0,0.0,0.0,,,6.689000129699707,-72.27300262451172,15.98,2.3,6.5395,-74.456333,260.0,242.01,85.96
PTB.2021.098.16.15.24,PTB,2021.098.16.15.24,unlabelled,,,,,0,0,0.0,0.0,,,7.49399995803833,-76.61199951171875,27.58,2.0,6.5395,-74.456333,260.0,260.52,294.03
PTB.2021.099.08.02.39,PTB,2021.099.08.02.39,unlabelled,,,,,0,0,0.0,0.0,,,7.380000114440918,-77.15299987792969,20.0,1.7,6.5395,-74.456333,260.0,312.15,287.48
PTB.2021.100.00.25.58,PTB,2021.100.00.25.58,unlabelled,,,,,0,0,0.0,0.0,,,6.119999885559082,-72.41500091552734,3.58,1.7,6.5395,-74.456333,260.0,230.58,101.49
PTB.2021.101.10.01.58,PTB,2021.101.10.01.58,unlabelled,,,,,0,0,0.0,0.0,-5.2,,6.626999855041504,-76.6050033569336,18.2,1.7,6.5395,-74.456333,260.0,237.82,272.45
PTB.2021.101.18.02.28,PTB,2021.101.18.02.28,unlabelled,,,,,0,0,0.0,0.0,,,7.1620001792907715,-76.8550033569336,18.43,2.2,6.5395,-74.456333,260.0,273.92,284.7
PTB.2021.102.05.36.47,PTB,2021.102.05.36.47,unlabelled,,,,,0,0,0.0,0.0,,,6.669000148773193,-76.64399719238281,27.11,1.5,6.5395,-74.456333,260.0,242.35,273.51
PTB.2021.102.06.11.25,PTB,2021.102.06.11.25,unlabelled,,,,,0,0,0.0,0.0,,,5.182000160217285,-72.71499633789062,11.76,1.8,6.5395,-74.456333,260.0,244.38,127.81
PTB.2021.102.12.19.05,PTB,2021.102.12.19.05,unlabelled,,,,,0,0,0.0,0.0,,,7.461999893188477,-71.85199737548828,2.61,1.8,6.5395,-74.456333,260.0,305.31,70.32
PTB.2021.102.15.32.04,PTB,2021.102.15.32.04,unlabelled,,,,,0,0,0.0,0.0,,,4.466000080108643,-74.7969970703125,28.79,1.6,6.5395,-74.456333,260.0,232.38,189.37
PTB.2021.103.00.45.49,PTB,2021.103.00.45.49,unlabelled,,,,,0,0,0.0,0.0,,,7.084000110626221,-76.98600006103516,5.91,2.0,6.5395,-74.456333,260.0,286.04,282.3
PTB.2021.103.08.25.52,PTB,2021.103.08.25.52,unlabelled,,,,,0,0,0.0,0.0,,,3.678999900817871,-73.9219970703125,13.4,1.8,6.5395,-74.456333,260.0,321.82,169.37
PTB.2021.103.12.23.15,PTB,2021.103.12.23.15,unlabelled,,,,,0,0,0.0,0.0,,,6.867000102996826,-76.18000030517578,21.13,1.8,6.5395,-74.456333,260.0,193.99,280.86
PTB.2021.104.00.43.20,PTB,2021.104.00.43.20,unlabelled,,,,,0,0,0.0,0.0,,,6.8520002365112305,-72.14399719238281,21.84,1.7,6.5395,-74.456333,260.0,257.99,82.17
PTB.2021.104.14.56.09,PTB,2021.104.14.56.09,unlabelled,,,,,0,0,0.0,0.0,,,4.168000221252441,-76.29299926757812,19.02,2.3,6.5395,-74.456333,260.0,331.98,217.91
PTB.2021.104.15.52.57,PTB,2021.104.15.52.57,unlabelled,,,,,0,0,0.0,0.0,,,4.589000225067139,-74.93800354003906,24.88,1.7,6.5395,-74.456333,260.0,222.2,193.92
PTB.2021.104.22.36.29,PTB,2021.104.22.36.29,unlabelled,,,,,0,0,0.0,0.0,,,6.890999794006348,-77.15599822998047,3.65,2.1,6.5395,-74.456333,260.0,301.0,277.58
PTB.2021.105.04.04.03,PTB,2021.105.04.04.03,unlabelled,,,,,0,0,0.0,0.0,,,3.9159998893737793,-73.66799926757812,16.68,1.8,6.5395,-74.456333,260.0,302.99,163.2
PTB.2021.105.19.21.05,PTB,2021.105.19.21.05,unlabelled,,,,,0,0,0.0,0.0,,,5.624000072479248,-76.84600067138672,31.21,1.9,6.5395,-74.456333,260.0,283.24,249.19
PTB.2021.106.09.16.18,PTB,2021.106.09.16.18,unlabelled,,,,,0,0,0.0,0.0,,,5.478000164031982,-76.74199676513672,16.45,2.4,6.5395,-74.456333,260.0,278.95,245.24
PTB.2021.109.05.51.04,PTB,2021.109.05.51.04,unlabelled,,,,,0,0,0.0,0.0,-11.37,,7.451000213623047,-76.10600280761719,17.38,1.8,6.5395,-74.456333,260.0,208.3,299.04
PTB.2021.109.15.40.30,PTB,2021.109.15.40.30,unlabelled,,,,,0,0,0.0,0.0,,,6.635000228881836,-76.66500091552734,29.45,1.8,6.5395,-74.456333,260.0,244.48,272.6
PTB.2021.109.19.43.53,PTB,2021.109.19.43.53,unlabelled,,,,,0,0,0.0,0.0,-0.04,-3.16,6.89300012588501,-76.24299621582031,12.58,1.8,6.5395,-74.456333,260.0,201.37,281.3
PTB.2021.110.06.16.01,PTB,2021.110.06.16.01,unlabelled,,,,,0,0,0.0,0.0,,,5.619999885559082,-72.81099700927734,11.29,1.7,6.5395,-74.456333,260.0,208.6,119.09
PTB.2021.110.13.16.41,PTB,2021.110.13.16.41,unlabelled,,,,,0,0,0.0,0.0,,,6.570000171661377,-72.0790023803711,12.93,2.0,6.5395,-74.456333,260.0,262.95,89.13
PTB.2021.112.08.12.28,PTB,2021.112.08.12.28,unlabelled,,,,,0,0,0.0,0.0,,,7.116000175476074,-77.0479965209961,14.59,1.9,6.5395,-74.456333,260.0,293.48,282.7
PTB.2021.112.13.16.02,PTB,2021.112.13.16.02,unlabelled,,,,,0,0,0.0,0.0,,,3.950000047683716,-74.02200317382812,15.98,1.9,6.5395,-74.456333,260.0,290.38,170.43
PTB.2021.112.18.20.37,PTB,2021.112.18.20.37,unlabelled,,,,,0,0,0.0,0.0,,,7.331999778747559,-77.04499816894531,39.88,2.2,6.5395,-74.456333,260.0,299.2,287.19
PTB.2021.113.14.05.53,PTB,2021.113.14.05.53,unlabelled,,,,,0,0,0.0,0.0,,,3.5299999713897705,-74.51799774169922,18.96,2.0,6.5395,-74.456333,260.0,332.87,181.18
PTB.2021.113.23.54.45,PTB,2021.113.23.54.45,unlabelled,,,,,0,0,0.0,0.0,,,7.396999835968018,-76.51699829101562,15.39,1.5,6.5395,-74.456333,260.0,246.66,292.73
PTB.2021.114.00.14.44,PTB,2021.114.00.14.44,unlabelled,,,,,0,0,0.0,0.0,,,6.868000030517578,-76.30699920654297,26.17,2.1,6.5395,-74.456333,260.0,207.82,280.17
PTB.2021.114.05.01.09,PTB,2021.114.05.01.09,unlabelled,,,,,0,0,0.0,0.0,,,6.267000198364258,-72.40899658203125,26.38,1.5,6.5395,-74.456333,260.0,228.49,97.46
PTB.2021.114.05.30.36,PTB,2021.114.05.30.36,unlabelled,,,,,0,0,0.0,0.0,,,7.224999904632568,-72.79499816894531,6.13,1.5,6.5395,-74.456333,260.0,198.65,67.47
PTB.2021.114.18.05.18,PTB,2021.114.18.05.18,unlabelled,,,,,0,0,0.0,0.0,,,6.919000148773193,-76.7020034790039,33.67,1.9,6.5395,-74.456333,260.0,251.8,279.72
PTB.2021.115.01.02.55,PTB,2021.115.01.02.55,unlabelled,,,,,0,0,0.0,0.0,,,6.64900016784668,-76.6719970703125,21.71,1.9,6.5395,-74.456333,260.0,245.32,272.96
PTB.2021.115.07.54.03,PTB,2021.115.07.54.03,unlabelled,,,,,0,0,0.0,0.0,,,7.117000102996826,-76.25800323486328,18.79,1.5,6.5395,-74.456333,260.0,209.14,287.89
PTB.2021.116.09.48.00,PTB,2021.116.09.48.00,unlabelled,,,,,0,0,0.0,0.0,,,5.531000137329102,-76.8550033569336,30.51,2.2,6.5395,-74.456333,260.0,288.01,247.35
PTB.2021.116.10.39.33,PTB,2021.116.10.39.33,unlabelled,,,,,0,0,0.0,0.0,-1.22,,5.499000072479248,-76.83399963378906,29.57,2.1,6.5395,-74.456333,260.0,287.28,246.52
PTB.2021.116.14.57.25,PTB,2021.116.14.57.25,unlabelled,,,,,0,0,0.0,0.0,,,6.857999801635742,-76.27400207519531,18.79,1.7,6.5395,-74.456333,260.0,204.03,280.05
PTB.2021.117.05.44.49,PTB,2021.117.05.44.49,unlabelled,,,,,0,0,0.0,0.0,,,6.859000205993652,-76.22599792480469,16.17,1.5,6.5395,-74.456333,260.0,198.83,280.34
PTB.2021.117.08.15.50,PTB,2021.117.08.15.50,unlabelled,,,,,0,0,0.0,0.0,,,6.741000175476074,-72.07499694824219,15.86,1.7,6.5395,-74.456333,260.0,264.26,85.03
PTB.2021.118.06.23.53,PTB,2021.118.06.23.53,unlabelled,,,,,0,0,0.0,0.0,-1.46,,7.307000160217285,-72.70099639892578,11.76,1.6,6.5395,-74.456333,260.0,211.74,66.26
PTB.2021.118.07.40.19,PTB,2021.118.07.40.19,unlabelled,,,,,0,0,0.0,0.0,,,3.552000045776367,-74.39900207519531,27.93,1.6,6.5395,-74.456333,260.0,330.43,178.89
PTB.2021.118.09.53.30,PTB,2021.118.09.53.30,unlabelled,,,,,0,0,0.0,0.0,,,5.499000072479248,-76.55599975585938,11.14,1.5,6.5395,-74.456333,260.0,259.37,243.78
PTB.2021.118.22.27.53,PTB,2021.118.22.27.53,unlabelled,,,,,0,0,0.0,0.0,,,3.571000099182129,-74.47799682617188,35.9,2.1,6.5395,-74.456333,260.0,328.27,180.42
PTB.2021.119.09.08.26,PTB,2021.119.09.08.26,unlabelled,,,,,0,0,0.0,0.0,,,6.6529998779296875,-72.00599670410156,21.13,2.1,6.5395,-74.456333,260.0,271.27,87.21
PTB.2021.119.19.27.50,PTB,2021.119.19.27.50,unlabelled,,,,,0,0,0.0,0.0,,,6.875,-76.552001953125,24.55,1.6,6.5395,-74.456333,260.0,234.65,279.22
PTB.2021.120.09.04.43,PTB,2021.120.09.04.43,unlabelled,,,,,0,0,0.0,0.0,,,7.146999835968018,-72.30599975585938,19.14,1.6,6.5395,-74.456333,260.0,246.99,74.09
PTB.2021.120.10.34.32,PTB,2021.120.10.34.32,unlabelled,,,,,0,0,0.0,0.0,,,7.178999900817871,-72.27300262451172,16.09,1.6,6.5395,-74.456333,260.0,251.47,73.54
PTB.2021.120.14.15.21,PTB,2021.120.14.15.21,unlabelled,,,,,0,0,0.0,0.0,,,7.013000011444092,-77.13200378417969,13.0,1.9,6.5395,-74.456333,260.0,300.39,280.2
PTB.2021.120.22.55.36,PTB,2021.120.22.55.36,unlabelled,,,,,0,0,0.0,0.0,,,6.7270002365112305,-72.01100158691406,0.57,1.8,6.5395,-74.456333,260.0,271.2,85.47
PTB.2021.121.02.30.08,PTB,2021.121.02.30.08,unlabelled,,,,,0,0,0.0,0.0,,,6.706999778747559,-76.8489990234375,20.23,2.1,6.5395,-74.456333,260.0,265.23,274.14
PTB.2021.122.06.51.54,PTB,2021.122.06.51.54,unlabelled,,,,,0,0,0.0,0.0,-3.36,,5.965000152587891,-72.30000305175781,29.34,1.9,6.5395,-74.456333,260.0,246.93,104.79
PTB.2021.122.12.12.13,PTB,2021.122.12.12.13,unlabelled,,,,,0,0,0.0,0.0,-6.79,-2.6,7.0929999351501465,-76.21099853515625,14.8,1.7,6.5395,-74.456333,260.0,203.39,287.62
PTB.2021.122.15.19.28,PTB,2021.122.15.19.28,unlabelled,,,,,0,0,0.0,0.0,,,6.802999973297119,-76.75800323486328,22.54,1.6,6.5395,-74.456333,260.0,256.16,276.66
PTB.2021.123.05.03.28,PTB,2021.123.05.03.28,unlabelled,,,,,0,0,0.0,0.0,,,7.340000152587891,-71.96399688720703,31.09,1.5,6.5395,-74.456333,260.0,289.3,72.03
PTB.2021.123.18.16.32,PTB,2021.123.18.16.32,unlabelled,,,,,0,0,0.0,0.0,,,4.461999893188477,-76.19000244140625,15.98,1.7,6.5395,-74.456333,260.0,299.47,219.99
PTB.2021.124.00.37.31,PTB,2021.124.00.37.31,unlabelled,,,,,0,0,0.0,0.0,,,6.757999897003174,-76.72599792480469,26.64,1.9,6.5395,-74.456333,260.0,252.13,275.63
PTB.2021.124.14.28.12,PTB,2021.124.14.28.12,unlabelled,,,,,0,0,0.0,0.0,,,6.836999893188477,-76.30400085449219,19.02,1.3,6.5395,-74.456333,260.0,206.92,279.26
PTB.2021.125.08.11.42,PTB,2021.125.08.11.42,unlabelled,,,,,0,0,0.0,0.0,,,7.211999893188477,-76.19100189208984,17.62,1.5,6.5395,-74.456333,260.0,205.64,291.3
PTB.2021.125.10.44.20,PTB,2021.125.10.44.20,unlabelled,,,,,0,0,0.0,0.0,,,6.553999900817871,-72.0270004272461,18.09,2.1,6.5395,-74.456333,260.0,268.68,89.52
PTB.2021.125.18.27.26,PTB,2021.125.18.27.26,unlabelled,,,,,0,0,0.0,0.0,,,5.331999778747559,-72.96900177001953,17.85,3.2,6.5395,-74.456333,260.0,212.02,128.96
PTB.2021.125.21.20.32,PTB,2021.125.21.20.32,unlabelled,,,,,0,0,0.0,0.0,,,4.2270002365112305,-73.72000122070312,26.29,2.2,6.5395,-74.456333,260.0,268.43,162.26
PTB.2021.126.07.55.06,PTB,2021.126.07.55.06,unlabelled,,,,,0,0,0.0,0.0,,,6.922999858856201,-76.56900024414062,36.95,1.7,6.5395,-74.456333,260.0,237.39,280.41
PTB.2021.127.17.50.26,PTB,2021.127.17.50.26,unlabelled,,,,,0,0,0.0,0.0,,,7.368000030517578,-76.26699829101562,24.88,1.5,6.5395,-74.456333,260.0,220.07,294.71
PTB.2021.127.17.56.20,PTB,2021.127.17.56.20,unlabelled,,,,,0,0,0.0,0.0,,,6.936999797821045,-76.375,23.48,1.6,6.5395,-74.456333,260.0,216.63,281.82
PTB.2021.128.05.10.03,PTB,2021.128.05.10.03,unlabelled,,,,,0,0,0.0,0.0,,,5.426000118255615,-73.18900299072266,5.07,1.5,6.5395,-74.456333,260.0,186.68,131.2
PTB.2021.128.07.59.23,PTB,2021.128.07.59.23,unlabelled,,,,,0,0,0.0,0.0,-3.28,,6.796000003814697,-76.75199890136719,32.27,2.2,6.5395,-74.456333,260.0,255.41,276.51
PTB.2021.128.11.25.43,PTB,2021.128.11.25.43,unlabelled,,,,,0,0,0.0,0.0,,,4.633999824523926,-74.59500122070312,24.18,1.5,6.5395,-74.456333,260.0,211.28,184.18
PTB.2021.128.14.33.12,PTB,2021.128.14.33.12,unlabelled,,,,,0,0,0.0,0.0,,,4.13100004196167,-75.14299774169922,17.97,1.7,6.5395,-74.456333,260.0,277.0,195.98
PTB.2021.128.17.12.22,PTB,2021.128.17.12.22,unlabelled,,,,,0,0,0.0,0.0,,,6.8520002365112305,-76.14700317382812,16.21,1.8,6.5395,-74.456333,260.0,190.1,280.57
PTB.2021.129.06.02.03,PTB,2021.129.06.02.03,unlabelled,,,,,0,0,0.0,0.0,,,4.36299991607666,-73.81800079345703,11.99,1.6,6.5395,-74.456333,260.0,250.87,163.59
PTB.2021.130.04.13.35,PTB,2021.130.04.13.35,unlabelled,,,,,0,0,0.0,0.0,,,4.735000133514404,-74.61000061035156,25.12,1.6,6.5395,-74.456333,260.0,200.28,184.88
PTB.2021.130.04.49.51,PTB,2021.130.04.49.51,unlabelled,,,,,0,0,0.0,0.0,,,5.440000057220459,-72.57599639892578,30.27,2.0,6.5395,-74.456333,260.0,241.09,120.19
PTB.2021.130.08.31.42,PTB,2021.130.08.31.42,unlabelled,,,,,0,0,0.0,0.0,,,6.6529998779296875,-76.68000030517578,18.03,1.6,6.5395,-74.456333,260.0,246.23,273.05
PTB.2021.130.22.04.48,PTB,2021.130.22.04.48,unlabelled,,,,,0,0,0.0,0.0,,,5.889999866485596,-72.36299896240234,3.54,2.3,6.5395,-74.456333,260.0,242.55,107.11
PTB.2021.132.15.14.12,PTB,2021.132.15.14.12,unlabelled,,,,,0,0,0.0,0.0,,,6.9720001220703125,-72.18599700927734,0.0,2.2,6.5395,-74.456333,260.0,255.51,79.08
PTB.2021.132.23.23.24,PTB,2021.132.23.23.24,unlabelled,,,,,0,0,0.0,0.0,,,7.190000057220459,-75.88500213623047,15.98,1.5,6.5395,-74.456333,260.0,173.52,294.58
PTB.2021.132.23.37.08,PTB,2021.132.23.37.08,unlabelled,,,,,0,0,0.0,0.0,,,3.7239999771118164,-74.13099670410156,-0.04,1.5,6.5395,-74.456333,260.0,313.43,173.38
PTB.2021.133.09.46.47,PTB,2021.133.09.46.47,unlabelled,,,,,0,0,0.0,0.0,,,6.809999942779541,-76.26899719238281,-0.02,2.5,6.5395,-74.456333,260.0,202.65,278.59
PTB.2021.133.09.49.37,PTB,2021.133.09.49.37,unlabelled,,,,,0,0,0.0,0.0,,,6.857999801635742,-76.26100158691406,20.9,2.3,6.5395,-74.456333,260.0,202.62,280.12
PTB.2021.133.17.45.28,PTB,2021.133.17.45.28,unlabelled,,,,,0,0,0.0,0.0,,,5.6579999923706055,-76.69000244140625,8.91,1.6,6.5395,-74.456333,260.0,265.77,248.6
PTB.2021.133.22.36.44,PTB,2021.133.22.36.44,unlabelled,,,,,0,0,0.0,0.0,,,5.572000026702881,-76.5479965209961,11.18,1.6,6.5395,-74.456333,260.0,255.07,245.31
PTB.2021.134.07.02.22,PTB,2021.134.07.02.22,unlabelled,,,,,0,0,0.0,0.0,,,6.927999973297119,-73.85700225830078,14.83,1.5,6.5395,-74.456333,260.0,78.97,57.01
PTB.2021.134.08.19.01,PTB,2021.134.08.19.01,unlabelled,,,,,0,0,0.0,0.0,,,7.120999813079834,-76.30400085449219,5.03,1.5,6.5395,-74.456333,260.0,214.12,287.59
PTB.2021.134.16.44.13,PTB,2021.134.16.44.13,unlabelled,,,,,0,0,0.0,0.0,,,6.164000034332275,-72.4000015258789,-0.15,1.7,6.5395,-74.456333,260.0,231.27,100.23
PTB.2021.135.02.27.09,PTB,2021.135.02.27.09,unlabelled,,,,,0,0,0.0,0.0,,,6.064000129699707,-72.3949966430664,4.81,1.5,6.5395,-74.456333,260.0,234.07,102.87
PTB.2021.135.07.05.26,PTB,2021.135.07.05.26,unlabelled,,,,,0,0,0.0,0.0,,,7.051000118255615,-76.34500122070312,0.23,1.5,6.5395,-74.456333,260.0,216.31,285.27
PTB.2021.135.08.31.21,PTB,2021.135.08.31.21,unlabelled,,,,,0,0,0.0,0.0,,,3.947000026702881,-74.10399627685547,0.0,1.8,6.5395,-74.456333,260.0,289.34,172.22
PTB.2021.135.18.56.39,PTB,2021.135.18.56.39,unlabelled,,,,,0,0,0.0,0.0,,,7.184999942779541,-72.30999755859375,13.05,1.7,6.5395,-74.456333,260.0,247.74,73.13
PTB.2021.136.05.03.15,PTB,2021.136.05.03.15,unlabelled,,,,,0,0,0.0,0.0,,,7.063000202178955,-72.28399658203125,5.31,1.9,6.5395,-74.456333,260.0,247.01,76.32
PTB.2021.136.09.45.38,PTB,2021.136.09.45.38,unlabelled,,,,,0,0,0.0,0.0,,,7.3979997634887695,-72.51200103759766,13.16,1.6,6.5395,-74.456333,260.0,234.89,66.04
PTB.2021.136.10.24.04,PTB,2021.136.10.24.04,unlabelled,,,,,0,0,0.0,0.0,,,6.703000068664551,-76.70800018310547,30.39,1.5,6.5395,-74.456333,260.0,249.65,274.28
PTB.2021.136.20.29.36,PTB,2021.136.20.29.36,unlabelled,,,,,0,0,0.0,0.0,,,3.632999897003174,-74.1259994506836,7.95,1.6,6.5395,-74.456333,260.0,323.49,173.48
PTB.2021.137.00.38.54,PTB,2021.137.00.38.54,unlabelled,,,,,0,0,0.0,0.0,,,3.562999963760376,-74.24299621582031,12.23,1.5,6.5395,-74.456333,260.0,330.0,175.88
PTB.2021.137.01.09.28,PTB,2021.137.01.09.28,unlabelled,,,,,0,0,0.0,0.0,,,5.9120001792907715,-72.53199768066406,28.59,1.5,6.5395,-74.456333,260.0,223.98,107.94
PTB.2021.137.08.14.03,PTB,2021.137.08.14.03,unlabelled,,,,,0,0,0.0,0.0,,,6.380000114440918,-72.43800354003906,15.98,2.2,6.5395,-74.456333,260.0,223.96,94.4
PTB.2021.137.20.47.25,PTB,2021.137.20.47.25,unlabelled,,,,,0,0,0.0,0.0,,,5.948999881744385,-72.55500030517578,22.89,1.8,6.5395,-74.456333,260.0,220.31,107.14
PTB.2021.138.09.43.13,PTB,2021.138.09.43.13,unlabelled,,,,,0,0,0.0,0.0,,,6.835000038146973,-76.28399658203125,15.98,1.5,6.5395,-74.456333,260.0,204.7,279.29
PTB.2021.139.01.53.47,PTB,2021.139.01.53.47,unlabelled,,,,,0,0,0.0,0.0,,,7.0879998207092285,-76.97200012207031,10.33,2.2,6.5395,-74.456333,260.0,284.62,282.45
PTB.2021.139.08.12.38,PTB,2021.139.08.12.38,unlabelled,,,,,0,0,0.0,0.0,-2.91,,6.695000171661377,-76.71199798583984,32.62,1.8,6.5395,-74.456333,260.0,250.03,274.07
PTB.2021.139.17.37.52,PTB,2021.139.17.37.52,unlabelled,,,,,0,0,0.0,0.0,,,6.818999767303467,-76.52300262451172,35.59,1.5,6.5395,-74.456333,260.0,230.59,277.82
PTB.2021.139.20.41.58,PTB,2021.139.20.41.58,unlabelled,,,,,0,0,0.0,0.0,,,4.484000205993652,-75.39399719238281,2.78,2.5,6.5395,-74.456333,260.0,249.93,204.61
PTB.2021.140.06.53.44,PTB,2021.140.06.53.44,unlabelled,,,,,0,0,0.0,0.0,-3.12,,3.6389999389648438,-74.1259994506836,24.88,1.6,6.5395,-74.456333,260.0,322.83,173.47
PTB.2021.140.08.33.57,PTB,2021.140.08.33.57,unlabelled,,,,,0,0,0.0,0.0,-4.65,,4.357999801635742,-73.79000091552734,11.93,1.5,6.5395,-74.456333,260.0,252.29,162.95
PTB.2021.140.16.04.51,PTB,2021.140.16.04.51,unlabelled,,,,,0,0,0.0,0.0,,,4.136000156402588,-73.83499908447266,13.87,2.4,6.5395,-74.456333,260.0,274.56,165.44
PTB.2021.141.07.28.16,PTB,2021.141.07.28.16,unlabelled,,,,,0,0,0.0,0.0,,,5.892000198364258,-76.11299896240234,18.73,1.6,6.5395,-74.456333,260.0,196.83,248.76
PTB.2021.141.13.31.20,PTB,2021.141.13.31.20,unlabelled,,,,,0,0,0.0,0.0,,,6.333000183105469,-77.26499938964844,11.76,2.0,6.5395,-74.456333,260.0,311.54,265.95
PTB.2021.142.12.43.44,PTB,2021.142.12.43.44,unlabelled,,,,,0,0,0.0,0.0,,,5.781000137329102,-72.62300109863281,15.74,1.4,6.5395,-74.456333,260.0,219.57,112.36
PTB.2021.142.16.54.32,PTB,2021.142.16.54.32,unlabelled,,,,,0,0,0.0,0.0,,,4.083000183105469,-74.99400329589844,27.7,1.5,6.5395,-74.456333,260.0,278.11,192.4
PTB.2021.143.11.27.31,PTB,2021.143.11.27.31,unlabelled,,,,,0,0,0.0,0.0,-3.41,,7.310999870300293,-72.05999755859375,23.24,1.7,6.5395,-74.456333,260.0,278.23,72.0
PTB.2021.143.18.56.04,PTB,2021.143.18.56.04,unlabelled,,,,,0,0,0.0,0.0,-0.94,,7.557000160217285,-77.04000091552734,21.91,2.2,6.5395,-74.456333,260.0,306.83,291.67
PTB.2021.145.01.17.07,PTB,2021.145.01.17.07,unlabelled,,,,,0,0,0.0,0.0,,,5.177999973297119,-72.94400024414062,0.0,1.6,6.5395,-74.456333,260.0,225.2,131.88
PTB.2021.145.06.00.06,PTB,2021.145.06.00.06,unlabelled,,,,,0,0,0.0,0.0,,,7.710000038146973,-73.12899780273438,19.32,1.5,6.5395,-74.456333,260.0,195.59,48.48
PTB.2021.145.16.16.42,PTB,2021.145.16.16.42,unlabelled,,,,,0,0,0.0,0.0,,,6.901000022888184,-76.21399688720703,13.63,1.5,6.5395,-74.456333,260.0,198.4,281.73
PTB.2021.145.18.59.41,PTB,2021.145.18.59.41,unlabelled,,,,,0,0,0.0,0.0,,,7.2129998207092285,-77.09600067138672,23.74,2.3,6.5395,-74.456333,260.0,301.1,284.48
PTB.2021.146.06.48.17,PTB,2021.146.06.48.17,unlabelled,,,,,0,0,0.0,0.0,,,7.367000102996826,-71.99199676513672,15.86,1.6,6.5395,-74.456333,260.0,287.29,71.28
PTB.2021.146.16.10.06,PTB,2021.146.16.10.06,unlabelled,,,,,0,0,0.0,0.0,,,6.4710001945495605,-72.04199981689453,15.98,2.5,6.5395,-74.456333,260.0,267.15,91.49
PTB.2021.146.22.29.17,PTB,2021.146.22.29.17,unlabelled,,,,,0,0,0.0,0.0,,,5.580999851226807,-76.85399627685547,34.14,2.2,6.5395,-74.456333,260.0,285.8,248.36
PTB.2021.146.22.43.09,PTB,2021.146.22.43.09,unlabelled,,,,,0,0,0.0,0.0,,,4.36899995803833,-73.73100280761719,11.93,2.2,6.5395,-74.456333,260.0,253.12,161.45
PTB.2021.147.10.46.12,PTB,2021.147.10.46.12,unlabelled,,,,,0,0,0.0,0.0,-0.24,,3.9179999828338623,-74.85700225830078,27.09,1.6,6.5395,-74.456333,260.0,293.28,188.73
PTB.2021.147.14.32.55,PTB,2021.147.14.32.55,unlabelled,,,,,0,0,0.0,0.0,,,7.718999862670898,-72.77400207519531,18.03,1.6,6.5395,-74.456333,260.0,227.05,54.83
PTB.2021.147.14.35.14,PTB,2021.147.14.35.14,unlabelled,,,,,0,0,0.0,0.0,,,7.2230000495910645,-76.9530029296875,36.02,2.3,6.5395,-74.456333,260.0,286.1,285.47
PTB.2021.149.08.37.44,PTB,2021.149.08.37.44,unlabelled,,,,,0,0,0.0,0.0,,,6.01200008392334,-72.35299682617188,19.02,1.6,6.5395,-74.456333,260.0,239.95,103.95
PTB.2021.149.08.54.38,PTB,2021.149.08.54.38,unlabelled,,,,,0,0,0.0,0.0,-0.53,-0.1,7.179999828338623,-75.89900207519531,15.51,1.5,6.5395,-74.456333,260.0,174.48,294.04
PTB.2021.150.08.07.37,PTB,2021.150.08.07.37,unlabelled,,,,,0,0,0.0,0.0,,,7.1539998054504395,-77.26599884033203,26.63,2.2,6.5395,-74.456333,260.0,317.9,282.51
PTB.2021.150.09.08.54,PTB,2021.150.09.08.54,unlabelled,,,,,0,0,0.0,0.0,,,6.828000068664551,-76.71399688720703,9.21,1.6,6.5395,-74.456333,260.0,251.66,277.41
PTB.2021.150.11.12.33,PTB,2021.150.11.12.33,unlabelled,,,,,0,0,0.0,0.0,,,7.038000106811523,-76.75900268554688,27.93,2.5,6.5395,-74.456333,260.0,260.45,282.35
PTB.2021.150.12.45.42,PTB,2021.150.12.45.42,unlabelled,,,,,0,0,0.0,0.0,,,7.080999851226807,-76.63099670410156,16.45,1.9,6.5395,-74.456333,260.0,247.73,284.12
PTB.2021.150.20.02.50,PTB,2021.150.20.02.50,unlabelled,,,,,0,0,0.0,0.0,,,6.474999904632568,-72.30999755859375,15.98,3.0,6.5395,-74.456333,260.0,237.51,91.6
PTB.2021.151.14.47.53,PTB,2021.151.14.47.53,unlabelled,,,,,0,0,0.0,0.0,,,7.4039998054504395,-72.86399841308594,11.76,1.6,6.5395,-74.456333,260.0,200.25,61.39
PTB.2021.151.18.32.57,PTB,2021.151.18.32.57,unlabelled,,,,,0,0,0.0,0.0,,,6.567999839782715,-76.31900024414062,30.98,1.8,6.5395,-74.456333,260.0,206.03,270.98
PTB.2021.152.09.53.03,PTB,2021.152.09.53.03,unlabelled,,,,,0,0,0.0,0.0,,,5.808000087738037,-72.56999969482422,1.03,1.8,6.5395,-74.456333,260.0,223.9,111.08
PTB.2021.152.18.37.48,PTB,2021.152.18.37.48,unlabelled,,,,,0,0,0.0,0.0,,,5.853000164031982,-72.61599731445312,22.54,1.8,6.5395,-74.456333,260.0,217.36,110.34
PTB.2021.153.03.18.03,PTB,2021.153.03.18.03,unlabelled,,,,,0,0,0.0,0.0,,,5.7829999923706055,-72.60600280761719,18.79,1.6,6.5395,-74.456333,260.0,221.22,112.12
PTB.2021.153.08.51.23,PTB,2021.153.08.51.23,unlabelled,,,,,0,0,0.0,0.0,,,6.564000129699707,-71.86799621582031,32.68,1.7,6.5395,-74.456333,260.0,286.28,89.31
PTB.2021.154.10.40.03,PTB,2021.154.10.40.03,unlabelled,,,,,0,0,0.0,0.0,,,6.841000080108643,-76.2509994506836,0.13,1.7,6.5395,-74.456333,260.0,201.21,279.64
PTB.2021.155.16.18.58,PTB,2021.155.16.18.58,unlabelled,,,,,0,0,0.0,0.0,,,6.5970001220703125,-76.76499938964844,9.71,1.6,6.5395,-74.456333,260.0,255.4,271.56
PTB.2021.155.18.57.13,PTB,2021.155.18.57.13,unlabelled,,,,,0,0,0.0,0.0,,,6.270999908447266,-72.41799926757812,13.05,2.0,6.5395,-74.456333,260.0,227.45,97.39
PTB.2021.156.03.21.17,PTB,2021.156.03.21.17,unlabelled,,,,,0,0,0.0,0.0,,,5.656000137329102,-72.62799835205078,30.78,1.5,6.5395,-74.456333,260.0,224.73,115.67
PTB.2021.157.00.45.51,PTB,2021.157.00.45.51,unlabelled,,,,,0,0,0.0,0.0,,,5.4070000648498535,-76.6240005493164,30.44,1.7,6.5395,-74.456333,260.0,270.71,242.56
PTB.2021.157.23.22.47,PTB,2021.157.23.22.47,unlabelled,,,,,0,0,0.0,0.0,,,6.86299991607666,-76.24299621582031,0.0,1.7,6.5395,-74.456333,260.0,200.75,280.37
PTB.2021.159.08.23.06,PTB,2021.159.08.23.06,unlabelled,,,,,0,0,0.0,0.0,,,4.380000114440918,-73.81600189208984,15.04,1.6,6.5395,-74.456333,260.0,249.13,163.42
PTB.2021.159.18.39.26,PTB,2021.159.18.39.26,unlabelled,,,,,0,0,0.0,0.0,,,7.214000225067139,-73.80599975585938,28.87,1.4,6.5395,-74.456333,260.0,103.59,43.9
PTB.2021.160.07.20.21,PTB,2021.160.07.20.21,unlabelled,,,,,0,0,0.0,0.0,,,6.745999813079834,-72.0199966430664,0.74,1.9,6.5395,-74.456333,260.0,270.37,85.01
PTB.2021.160.11.53.53,PTB,2021.160.11.53.53,unlabelled,,,,,0,0,0.0,0.0,,,7.211999893188477,-76.12100219726562,0.0,1.7,6.5395,-74.456333,260.0,198.45,292.11
PTB.2021.161.05.13.52,PTB,2021.161.05.13.52,unlabelled,,,,,0,0,0.0,0.0,,,5.706999778747559,-72.71299743652344,19.02,1.8,6.5395,-74.456333,260.0,213.8,115.41
PTB.2021.161.19.18.45,PTB,2021.161.19.18.45,unlabelled,,,,,0,0,0.0,0.0,,,7.059000015258789,-76.39700317382812,23.48,2.4,6.5395,-74.456333,260.0,222.08,285.11
PTB.2021.161.21.56.20,PTB,2021.161.21.56.20,unlabelled,,,,,0,0,0.0,0.0,,,4.547999858856201,-76.64399719238281,36.02,1.7,6.5395,-74.456333,260.0,327.49,227.85
PTB.2021.162.02.26.18,PTB,2021.162.02.26.18,unlabelled,,,,,0,0,0.0,0.0,,,6.690000057220459,-76.61399841308594,35.55,1.8,6.5395,-74.456333,260.0,239.18,274.11
PTB.2021.163.04.00.10,PTB,2021.163.04.00.10,unlabelled,,,,,0,0,0.0,0.0,,,7.073999881744385,-76.41699981689453,21.6,1.7,6.5395,-74.456333,260.0,224.65,285.37
PTB.2021.163.07.55.52,PTB,2021.163.07.55.52,unlabelled,,,,,0,0,0.0,0.0,,,6.943999767303467,-72.18599700927734,13.05,1.6,6.5395,-74.456333,260.0,254.95,79.76
PTB.2021.163.09.24.35,PTB,2021.163.09.24.35,unlabelled,,,,,0,0,0.0,0.0,-2.2,,4.326000213623047,-73.8489990234375,13.22,2.5,6.5395,-74.456333,260.0,253.86,164.6
PTB.2021.163.18.37.49,PTB,2021.163.18.37.49,unlabelled,,,,,0,0,0.0,0.0,,,5.172999858856201,-73.00499725341797,21.13,1.9,6.5395,-74.456333,260.0,220.61,133.16
PTB.2021.164.01.32.17,PTB,2021.164.01.32.17,unlabelled,,,,,0,0,0.0,0.0,,,5.706999778747559,-72.61399841308594,19.02,1.7,6.5395,-74.456333,260.0,223.74,114.2
PTB.2021.164.12.50.41,PTB,2021.164.12.50.41,unlabelled,,,,,0,0,0.0,0.0,,,5.6529998779296875,-76.74800109863281,38.83,1.9,6.5395,-74.456333,260.0,271.96,248.99
PTB.2021.165.04.12.00,PTB,2021.165.04.12.00,unlabelled,,,,,0,0,0.0,0.0,,,6.633999824523926,-76.96499633789062,5.0,1.8,6.5395,-74.456333,260.0,277.63,272.3
PTB.2021.165.05.14.41,PTB,2021.165.05.14.41,unlabelled,,,,,0,0,0.0,0.0,-2.25,-3.26,6.548999786376953,-72.22799682617188,8.95,1.8,6.5395,-74.456333,260.0,246.45,89.63
PTB.2021.165.07.47.21,PTB,2021.165.07.47.21,unlabelled,,,,,0,0,0.0,0.0,-0.1,,6.857999801635742,-76.5780029296875,18.08,1.8,6.5395,-74.456333,260.0,237.21,278.66
PTB.2021.165.08.12.12,PTB,2021.165.08.12.12,unlabelled,,,,,0,0,0.0,0.0,-1.94,,7.357999801635742,-77.1780014038086,36.83,2.0,6.5395,-74.456333,260.0,314.09,286.91
PTB.2021.166.01.12.48,PTB,2021.166.01.12.48,unlabelled,,,,,0,0,0.0,0.0,,,7.135000228881836,-76.02200317382812,7.7,1.5,6.5395,-74.456333,260.0,185.16,290.93
PTB.2021.166.10.08.45,PTB,2021.166.10.08.45,unlabelled,,,,,0,0,0.0,0.0,,,7.215000152587891,-76.34100341796875,16.88,1.5,6.5395,-74.456333,260.0,221.29,289.84
PTB.2021.166.17.21.29,PTB,2021.166.17.21.29,unlabelled,,,,,0,0,0.0,0.0,,,6.572999954223633,-76.8030014038086,27.75,2.0,6.5395,-74.456333,260.0,259.56,270.95
PTB.2021.167.03.35.25,PTB,2021.167.03.35.25,unlabelled,,,,,0,0,0.0,0.0,,,7.125999927520752,-76.92500305175781,16.07,1.9,6.5395,-74.456333,260.0,280.47,283.52
PTB.2021.167.04.30.27,PTB,2021.167.04.30.27,unlabelled,,,,,0,0,0.0,0.0,-0.85,-0.93,5.264999866485596,-76.60199737548828,30.04,1.8,6.5395,-74.456333,260.0,276.25,239.44
PTB.2021.168.07.59.45,PTB,2021.168.07.59.45,unlabelled,,,,,0,0,0.0,0.0,-3.61,-1.96,7.135000228881836,-76.23600006103516,13.52,1.6,6.5395,-74.456333,260.0,207.44,288.61
PTB.2021.169.07.27.14,PTB,2021.169.07.27.14,unlabelled,,,,,0,0,0.0,0.0,,,6.790999889373779,-71.95700073242188,0.0,1.6,6.5395,-74.456333,260.0,277.75,84.11
PTB.2021.169.22.13.05,PTB,2021.169.22.13.05,unlabelled,,,,,0,0,0.0,0.0,,,7.065000057220459,-76.22000122070312,13.0,1.5,6.5395,-74.456333,260.0,203.43,286.7
PTB.2021.170.03.27.25,PTB,2021.170.03.27.25,unlabelled,,,,,0,0,0.0,0.0,,,7.223999977111816,-77.09700012207031,15.49,1.9,6.5395,-74.456333,260.0,301.51,284.7
PTB.2021.170.09.07.58,PTB,2021.170.09.07.58,unlabelled,,,,,0,0,0.0,0.0,,,5.179999828338623,-76.7229995727539,29.1,2.4,6.5395,-74.456333,260.0,292.59,239.2
PTB.2021.170.09.26.01,PTB,2021.170.09.26.01,unlabelled,,,,,0,0,0.0,0.0,,,6.909999847412109,-76.66699981689453,21.02,1.6,6.5395,-74.456333,260.0,247.82,279.65
PTB.2021.170.09.54.15,PTB,2021.170.09.54.15,unlabelled,,,,,0,0,0.0,0.0,,,4.547999858856201,-76.66100311279297,33.2,1.6,6.5395,-74.456333,260.0,328.89,228.08
PTB.2021.170.15.11.59,PTB,2021.170.15.11.59,unlabelled,,,,,0,0,0.0,0.0,,,5.659999847412109,-72.71099853515625,0.0,1.6,6.5395,-74.456333,260.0,216.3,116.63
PTB.2021.170.18.29.24,PTB,2021.170.18.29.24,unlabelled,,,,,0,0,0.0,0.0,,,6.817999839782715,-76.34200286865234,20.43,1.7,6.5395,-74.456333,260.0,210.76,278.51
PTB.2021.170.19.31.51,PTB,2021.170.19.31.51,unlabelled,,,,,0,0,0.0,0.0,,,5.01200008392334,-74.12100219726562,2.58,1.5,6.5395,-74.456333,260.0,172.95,167.58
PTB.2021.170.21.06.48,PTB,2021.170.21.06.48,unlabelled,,,,,0,0,0.0,0.0,,,7.317999839782715,-77.24600219726562,12.5,2.0,6.5395,-74.456333,260.0,320.08,285.77
PTB.2021.170.22.23.28,PTB,2021.170.22.23.28,unlabelled,,,,,0,0,0.0,0.0,,,7.017000198364258,-76.50199890136719,19.02,2.0,6.5395,-74.456333,260.0,232.22,283.26
PTB.2021.171.03.56.14,PTB,2021.171.03.56.14,unlabelled,,,,,0,0,0.0,0.0,,,6.543000221252441,-76.93099975585938,21.88,1.6,6.5395,-74.456333,260.0,273.7,270.22
PTB.2021.171.07.27.59,PTB,2021.171.07.27.59,unlabelled,,,,,0,0,0.0,0.0,-0.92,-1.37,5.9629998207092285,-75.84300231933594,32.85,1.5,6.5395,-74.456333,260.0,166.17,247.52
PTB.2021.171.16.44.06,PTB,2021.171.16.44.06,unlabelled,,,,,0,0,0.0,0.0,,,7.125999927520752,-72.98799896240234,14.32,1.7,6.5395,-74.456333,260.0,174.78,68.13
PTB.2021.172.07.50.18,PTB,2021.172.07.50.18,unlabelled,,,,,0,0,0.0,0.0,,,3.9539999961853027,-75.4520034790039,26.29,1.6,6.5395,-74.456333,260.0,306.48,201.16
PTB.2021.172.07.59.38,PTB,2021.172.07.59.38,unlabelled,,,,,0,0,0.0,0.0,,,4.822000026702881,-73.19100189208984,19.49,1.7,6.5395,-74.456333,260.0,236.05,143.51
PTB.2021.172.15.19.02,PTB,2021.172.15.19.02,unlabelled,,,,,0,0,0.0,0.0,,,6.933000087738037,-72.04499816894531,14.67,1.7,6.5395,-74.456333,260.0,270.12,80.59
PTB.2021.173.03.43.50,PTB,2021.173.03.43.50,unlabelled,,,,,0,0,0.0,0.0,,,7.263000011444092,-72.72899627685547,7.54,1.8,6.5395,-74.456333,260.0,206.99,67.16
PTB.2021.173.07.14.35,PTB,2021.173.07.14.35,unlabelled,,,,,0,0,0.0,0.0,,,6.9710001945495605,-76.36199951171875,22.77,1.8,6.5395,-74.456333,260.0,216.01,282.87
PTB.2021.173.09.05.33,PTB,2021.173.09.05.33,unlabelled,,,,,0,0,0.0,0.0,,,6.870999813079834,-76.302001953125,16.45,1.5,6.5395,-74.456333,260.0,207.33,280.29
PTB.2021.173.19.21.53,PTB,2021.173.19.21.53,unlabelled,,,,,0,0,0.0,0.0,,,4.861999988555908,-73.4219970703125,10.35,1.8,6.5395,-74.456333,260.0,218.04,148.25
PTB.2021.174.15.52.00,PTB,2021.174.15.52.00,unlabelled,,,,,0,0,0.0,0.0,,,3.630000114440918,-74.05599975585938,21.13,2.2,6.5395,-74.456333,260.0,324.79,172.13
PTB.2021.174.16.51.01,PTB,2021.174.16.51.01,unlabelled,,,,,0,0,0.0,0.0,,,7.144000053405762,-77.1449966430664,31.41,1.9,6.5395,-74.456333,260.0,304.61,282.84
PTB.2021.174.18.43.13,PTB,2021.174.18.43.13,unlabelled,,,,,0,0,0.0,0.0,,,6.855999946594238,-76.59500122070312,19.02,1.5,6.5395,-74.456333,260.0,239.04,278.54
PTB.2021.174.21.41.36,PTB,2021.174.21.41.36,unlabelled,,,,,0,0,0.0,0.0,,,7.138000011444092,-76.177001953125,25.35,1.6,6.5395,-74.456333,260.0,201.38,289.29
PTB.2021.175.06.46.25,PTB,2021.175.06.46.25,unlabelled,,,,,0,0,0.0,0.0,,,7.065999984741211,-76.10199737548828,9.41,1.7,6.5395,-74.456333,260.0,191.0,287.84
PTB.2021.175.11.23.06,PTB,2021.175.11.23.06,unlabelled,,,,,0,0,0.0,0.0,,,6.964000225067139,-76.2490005493164,15.04,1.6,6.5395,-74.456333,260.0,203.67,283.43
PTB.2021.176.00.13.32,PTB,2021.176.00.13.32,unlabelled,,,,,0,0,0.0,0.0,,,5.997000217437744,-72.51799774169922,17.71,1.5,6.5395,-74.456333,260.0,222.72,105.52
PTB.2021.176.00.55.03,PTB,2021.176.00.55.03,unlabelled,,,,,0,0,0.0,0.0,,,7.073999881744385,-76.02200317382812,28.87,1.8,6.5395,-74.456333,260.0,182.88,288.95
PTB.2021.176.06.13.05,PTB,2021.176.06.13.05,unlabelled,,,,,0,0,0.0,0.0,,,6.900000095367432,-76.57499694824219,31.09,1.6,6.5395,-74.456333,260.0,237.61,279.78
PTB.2021.177.04.30.58,PTB,2021.177.04.30.58,unlabelled,,,,,0,0,0.0,0.0,,,3.6470000743865967,-73.9000015258789,9.88,1.5,6.5395,-74.456333,260.0,325.75,169.06
PTB.2021.177.12.46.55,PTB,2021.177.12.46.55,unlabelled,,,,,0,0,0.0,0.0,,,5.357999801635742,-72.9990005493164,15.98,1.9,6.5395,-74.456333,260.0,207.62,128.92
PTB.2021.177.18.31.35,PTB,2021.177.18.31.35,unlabelled,,,,,0,0,0.0,0.0,,,5.291999816894531,-72.86900329589844,2.01,1.7,6.5395,-74.456333,260.0,223.44,128.04
PTB.2021.177.20.51.38,PTB,2021.177.20.51.38,unlabelled,,,,,0,0,0.0,0.0,-9.83,,5.375,-72.89600372314453,12.93,1.8,6.5395,-74.456333,260.0,215.48,126.62
PTB.2021.177.22.26.33,PTB,2021.177.22.26.33,unlabelled,,,,,0,0,0.0,0.0,,,6.269999980926514,-72.37300109863281,14.48,1.8,6.5395,-74.456333,260.0,232.4,97.25
PTB.2021.178.08.51.48,PTB,2021.178.08.51.48,unlabelled,,,,,0,0,0.0,0.0,,,5.581999778747559,-72.74299621582031,11.05,1.8,6.5395,-74.456333,260.0,217.22,119.08
PTB.2021.179.04.14.56,PTB,2021.179.04.14.56,unlabelled,,,,,0,0,0.0,0.0,,,7.064000129699707,-72.24099731445312,1.55,1.8,6.5395,-74.456333,260.0,251.66,76.54
PTB.2021.179.05.52.23,PTB,2021.179.05.52.23,unlabelled,,,,,0,0,0.0,0.0,,,7.111000061035156,-76.30400085449219,14.29,1.5,6.5395,-74.456333,260.0,213.79,287.3
PTB.2021.179.14.03.56,PTB,2021.179.14.03.56,unlabelled,,,,,0,0,0.0,0.0,,,6.9730000495910645,-76.26200103759766,23.48,1.3,6.5395,-74.456333,260.0,205.29,283.61
PTB.2021.180.02.58.11,PTB,2021.180.02.58.11,unlabelled,,,,,0,0,0.0,0.0,,,5.965000152587891,-76.5199966430664,26.99,1.8,6.5395,-74.456333,260.0,237.04,254.57
PTB.2021.180.12.54.21,PTB,2021.180.12.54.21,unlabelled,,,,,0,0,0.0,0.0,,,6.927999973297119,-76.34500122070312,15.98,1.4,6.5395,-74.456333,260.0,213.18,281.74
PTB.2021.180.18.45.21,PTB,2021.180.18.45.21,unlabelled,,,,,0,0,0.0,0.0,,,7.2270002365112305,-77.10900115966797,11.24,1.9,6.5395,-74.456333,260.0,302.88,284.69
PTB.2021.180.21.25.15,PTB,2021.180.21.25.15,unlabelled,,,,,0,0,0.0,0.0,,,4.638000011444092,-76.64099884033203,37.07,1.8,6.5395,-74.456333,260.0,320.62,229.13
PTB.2021.181.02.01.04,PTB,2021.181.02.01.04,unlabelled,,,,,0,0,0.0,0.0,,,6.809000015258789,-76.39700317382812,13.05,2.2,6.5395,-74.456333,260.0,216.64,278.02
PTB.2021.181.02.09.14,PTB,2021.181.02.09.14,unlabelled,,,,,0,0,0.0,0.0,,,6.815999984741211,-76.48100280761719,14.1,1.6,6.5395,-74.456333,260.0,225.94,277.89
PTB.2021.181.13.27.01,PTB,2021.181.13.27.01,unlabelled,,,,,0,0,0.0,0.0,,,4.664999961853027,-74.71199798583984,27.7,1.8,6.5395,-74.456333,260.0,209.22,187.79
PTB.2021.182.19.51.07,PTB,2021.182.19.51.07,unlabelled,,,,,0,0,0.0,0.0,,,6.956999778747559,-76.4020004272461,20.55,1.7,6.5395,-74.456333,260.0,220.0,282.23
PTB.2021.182.20.07.54,PTB,2021.182.20.07.54,unlabelled,,,,,0,0,0.0,0.0,,,6.940999984741211,-76.43499755859375,22.54,1.6,6.5395,-74.456333,260.0,223.21,281.59
PTB.2021.182.21.13.25,PTB,2021.182.21.13.25,unlabelled,,,,,0,0,0.0,0.0,,,5.5970001220703125,-76.73200225830078,24.65,1.9,6.5395,-74.456333,260.0,272.62,247.65
PTB.2021.182.23.43.14,PTB,2021.182.23.43.14,unlabelled,,,,,0,0,0.0,0.0,,,6.811999797821045,-76.38099670410156,9.41,1.7,6.5395,-74.456333,260.0,214.93,278.17
PTB.2021.183.00.02.50,PTB,2021.183.00.02.50,unlabelled,,,,,0,0,0.0,0.0,,,6.811999797821045,-76.24099731445312,6.13,1.5,6.5395,-74.456333,260.0,199.62,278.79
PTB.2021.183.21.13.36,PTB,2021.183.21.13.36,unlabelled,,,,,0,0,0.0,0.0,,,6.951000213623047,-76.1500015258789,14.57,1.5,6.5395,-74.456333,260.0,192.69,283.76
PTB.2021.183.22.01.35,PTB,2021.183.22.01.35,unlabelled,,,,,0,0,0.0,0.0,,,7.269999980926514,-77.03500366210938,27.21,1.9,6.5395,-74.456333,260.0,296.22,285.98
PTB.2021.184.12.10.53,PTB,2021.184.12.10.53,unlabelled,,,,,0,0,0.0,0.0,,,5.579999923706055,-75.99199676513672,31.68,1.7,6.5395,-74.456333,260.0,200.4,238.11
PTB.2021.184.12.59.17,PTB,2021.184.12.59.17,unlabelled,,,,,0,0,0.0,0.0,,,7.690000057220459,-73.31800079345703,9.05,1.7,6.5395,-74.456333,260.0,178.89,44.59
PTB.2021.184.14.00.06,PTB,2021.184.14.00.06,unlabelled,,,,,0,0,0.0,0.0,,,6.986999988555908,-72.30899810791016,15.98,2.0,6.5395,-74.456333,260.0,242.49,78.1
PTB.2021.184.15.13.16,PTB,2021.184.15.13.16,unlabelled,,,,,0,0,0.0,0.0,,,6.854000091552734,-76.14700317382812,15.51,1.6,6.5395,-74.456333,260.0,190.14,280.64
PTB.2021.184.15.49.56,PTB,2021.184.15.49.56,unlabelled,,,,,0,0,0.0,0.0,-0.57,,6.857999801635742,-76.1709976196289,13.57,2.0,6.5395,-74.456333,260.0,192.83,280.62
PTB.2021.184.16.05.28,PTB,2021.184.16.05.28,unlabelled,,,,,0,0,0.0,0.0,,,6.860000133514404,-76.23100280761719,20.9,1.9,6.5395,-74.456333,260.0,199.39,280.34
PTB.2021.184.16.31.55,PTB,2021.184.16.31.55,unlabelled,,,,,0,0,0.0,0.0,,,6.860000133514404,-76.1989974975586,19.49,1.8,6.5395,-74.456333,260.0,195.91,280.52
PTB.2021.184.18.32.02,PTB,2021.184.18.32.02,unlabelled,,,,,0,0,0.0,0.0,,,6.860000133514404,-77.12300109863281,6.97,1.8,6.5395,-74.456333,260.0,296.96,277.01
PTB.2021.185.03.47.22,PTB,2021.185.03.47.22,unlabelled,,,,,0,0,0.0,0.0,,,6.609000205993652,-72.03399658203125,20.66,2.2,6.5395,-74.456333,260.0,268.0,88.22
PTB.2021.185.04.53.31,PTB,2021.185.04.53.31,unlabelled,,,,,0,0,0.0,0.0,,,5.0970001220703125,-73.0459976196289,15.98,2.5,6.5395,-74.456333,260.0,223.25,135.53
PTB.2021.185.09.56.14,PTB,2021.185.09.56.14,unlabelled,,,,,0,0,0.0,0.0,,,4.506999969482422,-75.96399688720703,25.82,1.5,6.5395,-74.456333,260.0,280.04,216.7
PTB.2021.185.12.30.55,PTB,2021.185.12.30.55,unlabelled,,,,,0,0,0.0,0.0,,,6.986000061035156,-71.83499908447266,0.0,2.7,6.5395,-74.456333,260.0,293.96,80.18
PTB.2021.185.22.55.27,PTB,2021.185.22.55.27,unlabelled,,,,,0,0,0.0,0.0,,,6.311999797821045,-72.08300018310547,21.13,1.8,6.5395,-74.456333,260.0,263.75,95.34
PTB.2021.186.03.05.07,PTB,2021.186.03.05.07,unlabelled,,,,,0,0,0.0,0.0,,,7.302000045776367,-77.00800323486328,35.55,1.8,6.5395,-74.456333,260.0,294.33,286.8
PTB.2021.186.03.07.13,PTB,2021.186.03.07.13,unlabelled,,,,,0,0,0.0,0.0,,,3.937000036239624,-75.88700103759766,31.68,1.5,6.5395,-74.456333,260.0,328.6,208.93
PTB.2021.186.07.32.45,PTB,2021.186.07.32.45,unlabelled,,,,,0,0,0.0,0.0,,,5.952000141143799,-72.5199966430664,17.38,1.9,6.5395,-74.456333,260.0,223.91,106.76
PTB.2021.186.08.26.02,PTB,2021.186.08.26.02,unlabelled,,,,,0,0,0.0,0.0,,,6.894999980926514,-77.0469970703125,11.0,1.8,6.5395,-74.456333,260.0,289.11,277.97
PTB.2021.186.11.49.24,PTB,2021.186.11.49.24,unlabelled,,,,,0,0,0.0,0.0,,,5.920000076293945,-76.01399993896484,29.0,1.8,6.5395,-74.456333,260.0,185.5,248.41
PTB.2021.186.18.00.56,PTB,2021.186.18.00.56,unlabelled,,,,,0,0,0.0,0.0,,,4.4079999923706055,-75.41699981689453,14.98,1.7,6.5395,-74.456333,260.0,258.63,204.35
PTB.2021.187.03.03.26,PTB,2021.187.03.03.26,unlabelled,,,,,0,0,0.0,0.0,,,7.026000022888184,-72.27899932861328,10.35,2.2,6.5395,-74.456333,260.0,246.63,77.27
PTB.2021.187.05.56.39,PTB,2021.187.05.56.39,unlabelled,,,,,0,0,0.0,0.0,,,6.945000171661377,-76.24400329589844,0.0,1.4,6.5395,-74.456333,260.0,202.66,282.89
PTB.2021.187.06.55.59,PTB,2021.187.06.55.59,unlabelled,,,,,0,0,0.0,0.0,,,5.116000175476074,-72.84500122070312,11.05,2.0,6.5395,-74.456333,260.0,237.96,131.33
PTB.2021.187.15.51.22,PTB,2021.187.15.51.22,unlabelled,,,,,0,0,0.0,0.0,,,4.486000061035156,-75.64600372314453,18.73,1.5,6.5395,-74.456333,260.0,262.57,210.19
PTB.2021.187.17.10.39,PTB,2021.187.17.10.39,unlabelled,,,,,0,0,0.0,0.0,,,6.056000232696533,-72.5199966430664,22.07,1.6,6.5395,-74.456333,260.0,220.83,103.9
PTB.2021.188.07.12.09,PTB,2021.188.07.12.09,unlabelled,,,,,0,0,0.0,0.0,,,5.980000019073486,-72.36000061035156,15.04,1.8,6.5395,-74.456333,260.0,240.09,104.82
PTB.2021.188.07.25.59,PTB,2021.188.07.25.59,unlabelled,,,,,0,0,0.0,0.0,,,6.864999771118164,-76.1500015258789,18.55,1.7,6.5395,-74.456333,260.0,190.69,280.98
PTB.2021.188.08.09.19,PTB,2021.188.08.09.19,unlabelled,,,,,0,0,0.0,0.0,,,6.880000114440918,-76.16699981689453,21.54,2.5,6.5395,-74.456333,260.0,192.85,281.36
PTB.2021.189.10.21.41,PTB,2021.189.10.21.41,unlabelled,,,,,0,0,0.0,0.0,,,5.797999858856201,-76.66699981689453,35.66,2.1,6.5395,-74.456333,260.0,258.05,251.59
PTB.2021.189.10.51.01,PTB,2021.189.10.51.01,unlabelled,,,,,0,0,0.0,0.0,,,5.8520002365112305,-76.64299774169922,37.42,1.8,6.5395,-74.456333,260.0,253.67,252.68
PTB.2021.189.11.29.08,PTB,2021.189.11.29.08,unlabelled,,,,,0,0,0.0,0.0,,,6.574999809265137,-76.9729995727539,14.43,2.1,6.5395,-74.456333,260.0,278.36,270.95
PTB.2021.189.11.55.09,PTB,2021.189.11.55.09,unlabelled,,,,,0,0,0.0,0.0,,,6.948999881744385,-76.58100128173828,30.51,1.9,6.5395,-74.456333,260.0,239.22,281.04
PTB.2021.191.02.33.02,PTB,2021.191.02.33.02,unlabelled,,,,,0,0,0.0,0.0,,,5.624000072479248,-76.33000183105469,18.79,2.2,6.5395,-74.456333,260.0,230.8,244.08
PTB.2021.191.04.31.54,PTB,2021.191.04.31.54,unlabelled,,,,,0,0,0.0,0.0,,,7.072000026702881,-76.87799835205078,14.68,1.9,6.5395,-74.456333,260.0,274.09,282.55
PTB.2021.191.05.15.22,PTB,2021.191.05.15.22,unlabelled,,,,,0,0,0.0,0.0,,,7.164000034332275,-72.13700103759766,0.0,1.8,6.5395,-74.456333,260.0,265.49,74.79
PTB.2021.191.15.38.29,PTB,2021.191.15.38.29,unlabelled,,,,,0,0,0.0,0.0,,,5.000999927520752,-72.98300170898438,17.27,2.2,6.5395,-74.456333,260.0,235.74,136.12
PTB.2021.191.22.34.59,PTB,2021.191.22.34.59,unlabelled,,,,,0,0,0.0,0.0,,,4.247000217437744,-75.31800079345703,1.48,2.5,6.5395,-74.456333,260.0,270.9,200.68
PTB.2021.192.05.01.39,PTB,2021.192.05.01.39,unlabelled,,,,,0,0,0.0,0.0,,,5.019000053405762,-75.85700225830078,22.07,1.6,6.5395,-74.456333,260.0,228.78,222.77
PTB.2021.193.06.16.33,PTB,2021.193.06.16.33,unlabelled,,,,,0,0,0.0,0.0,,,7.184999942779541,-76.61799621582031,15.39,1.9,6.5395,-74.456333,260.0,249.36,286.76
PTB.2021.193.15.55.28,PTB,2021.193.15.55.28,unlabelled,,,,,0,0,0.0,0.0,,,7.160999774932861,-76.19400024414062,26.29,2.9,6.5395,-74.456333,260.0,203.99,289.79
PTB.2021.193.21.46.14,PTB,2021.193.21.46.14,unlabelled,,,,,0,0,0.0,0.0,,,6.9710001945495605,-76.13700103759766,7.07,1.5,6.5395,-74.456333,260.0,191.83,284.5
PTB.2021.194.00.44.05,PTB,2021.194.00.44.05,unlabelled,,,,,0,0,0.0,0.0,,,5.611999988555908,-76.50700378417969,26.52,1.7,6.5395,-74.456333,260.0,249.1,245.8
PTB.2021.194.02.24.20,PTB,2021.194.02.24.20,unlabelled,,,,,0,0,0.0,0.0,,,3.614000082015991,-74.56900024414062,19.02,1.8,6.5395,-74.456333,260.0,323.75,182.22
PTB.2021.194.07.06.08,PTB,2021.194.07.06.08,unlabelled,,,,,0,0,0.0,0.0,,,4.739999771118164,-73.40899658203125,12.93,1.8,6.5395,-74.456333,260.0,230.35,149.7
PTB.2021.194.19.21.37,PTB,2021.194.19.21.37,unlabelled,,,,,0,0,0.0,0.0,,,7.349999904632568,-76.26799774169922,22.89,1.6,6.5395,-74.456333,260.0,219.35,294.23
PTB.2021.194.23.21.16,PTB,2021.194.23.21.16,unlabelled,,,,,0,0,0.0,0.0,,,6.001999855041504,-73.97799682617188,0.57,1.8,6.5395,-74.456333,260.0,79.59,138.29
PTB.2021.195.09.13.41,PTB,2021.195.09.13.41,unlabelled,,,,,0,0,0.0,0.0,,,5.021999835968018,-73.32499694824219,19.14,1.8,6.5395,-74.456333,260.0,209.43,143.19
PTB.2021.195.09.24.38,PTB,2021.195.09.24.38,unlabelled,,,,,0,0,0.0,0.0,,,3.5840001106262207,-74.40299987792969,19.26,2.5,6.5395,-74.456333,260.0,326.88,178.96
PTB.2021.196.11.43.36,PTB,2021.196.11.43.36,unlabelled,,,,,0,0,0.0,0.0,,,6.586999893188477,-71.89399719238281,27.7,1.6,6.5395,-74.456333,260.0,283.43,88.79
PTB.2021.196.16.41.29,PTB,2021.196.16.41.29,unlabelled,,,,,0,0,0.0,0.0,,,5.923999786376953,-72.17500305175781,28.05,1.9,6.5395,-74.456333,260.0,261.48,104.96
PTB.2021.197.03.21.52,PTB,2021.197.03.21.52,unlabelled,,,,,0,0,0.0,0.0,,,7.265999794006348,-72.197998046875,5.55,1.6,6.5395,-74.456333,260.0,262.2,72.02
PTB.2021.197.05.13.09,PTB,2021.197.05.13.09,unlabelled,,,,,0,0,0.0,0.0,,,3.821000099182129,-73.66400146484375,15.27,1.7,6.5395,-74.456333,260.0,313.19,163.67
PTB.2021.197.06.02.34,PTB,2021.197.06.02.34,unlabelled,,,,,0,0,0.0,0.0,,,6.88100004196167,-71.84600067138672,6.91,1.6,6.5395,-74.456333,260.0,291.06,82.39
PTB.2021.197.11.24.25,PTB,2021.197.11.24.25,unlabelled,,,,,0,0,0.0,0.0,,,6.763999938964844,-76.81400299072266,16.61,1.8,6.5395,-74.456333,260.0,261.88,275.58
PTB.2021.197.15.06.25,PTB,2021.197.15.06.25,unlabelled,,,,,0,0,0.0,0.0,-1.4,,7.071000099182129,-72.09600067138672,26.64,2.1,6.5395,-74.456333,260.0,267.45,77.17
PTB.2021.197.18.27.48,PTB,2021.197.18.27.48,unlabelled,,,,,0,0,0.0,0.0,,,7.074999809265137,-72.0999984741211,13.05,1.9,6.5395,-74.456333,260.0,267.12,77.05
PTB.2021.197.18.46.42,PTB,2021.197.18.46.42,unlabelled,,,,,0,0,0.0,0.0,,,7.089000225067139,-72.06600189208984,10.9,1.5,6.5395,-74.456333,260.0,271.12,76.91
PTB.2021.198.04.41.10,PTB,2021.198.04.41.10,unlabelled,,,,,0,0,0.0,0.0,,,6.86299991607666,-76.37000274658203,19.02,1.9,6.5395,-74.456333,260.0,214.59,279.71
PTB.2021.198.13.18.50,PTB,2021.198.13.18.50,unlabelled,,,,,0,0,0.0,0.0,,,7.039999961853027,-72.2770004272461,26.52,2.4,6.5395,-74.456333,260.0,247.19,76.93
PTB.2021.198.13.34.18,PTB,2021.198.13.34.18,unlabelled,,,,,0,0,0.0,0.0,,,7.10099983215332,-72.08499908447266,2.79,1.8,6.5395,-74.456333,260.0,269.37,76.53
PTB.2021.198.14.10.57,PTB,2021.198.14.10.57,unlabelled,,,,,0,0,0.0,0.0,,,7.045000076293945,-72.12300109863281,23.01,2.0,6.5395,-74.456333,260.0,263.92,77.63
PTB.2021.198.14.20.28,PTB,2021.198.14.20.28,unlabelled,,,,,0,0,0.0,0.0,,,7.070000171661377,-72.09500122070312,25.35,2.2,6.5395,-74.456333,260.0,267.53,77.19
PTB.2021.198.16.24.48,PTB,2021.198.16.24.48,unlabelled,,,,,0,0,0.0,0.0,,,5.795000076293945,-72.56999969482422,18.44,2.0,6.5395,-74.456333,260.0,224.42,111.42
PTB.2021.198.16.27.38,PTB,2021.198.16.27.38,unlabelled,,,,,0,0,0.0,0.0,,,7.0289998054504395,-76.0510025024414,26.64,1.7,6.5395,-74.456333,260.0,184.41,287.16
PTB.2021.198.18.43.22,PTB,2021.198.18.43.22,unlabelled,,,,,0,0,0.0,0.0,,,4.065999984741211,-75.05599975585938,15.27,1.6,6.5395,-74.456333,260.0,281.49,193.69
PTB.2021.198.23.26.19,PTB,2021.198.23.26.19,unlabelled,,,,,0,0,0.0,0.0,,,7.251999855041504,-77.05400085449219,15.69,1.9,6.5395,-74.456333,260.0,297.71,285.5
PTB.2021.199.10.37.55,PTB,2021.199.10.37.55,unlabelled,,,,,0,0,0.0,0.0,,,7.11299991607666,-72.02300262451172,10.0,1.5,6.5395,-74.456333,260.0,276.34,76.59
PTB.2021.200.07.52.38,PTB,2021.200.07.52.38,unlabelled,,,,,0,0,0.0,0.0,,,3.6619999408721924,-74.22200012207031,13.16,1.8,6.5395,-74.456333,260.0,319.26,175.32
PTB.2021.200.13.29.00,PTB,2021.200.13.29.00,unlabelled,,,,,0,0,0.0,0.0,,,7.541999816894531,-72.88099670410156,10.82,2.0,6.5395,-74.456333,260.0,206.36,57.41
PTB.2021.200.14.10.56,PTB,2021.200.14.10.56,unlabelled,,,,,0,0,0.0,0.0,,,6.875,-76.61199951171875,20.66,1.5,6.5395,-74.456333,260.0,241.21,278.97
PTB.2021.200.14.37.31,PTB,2021.200.14.37.31,unlabelled,,,,,0,0,0.0,0.0,,,7.105999946594238,-72.0250015258789,0.0,1.7,6.5395,-74.456333,260.0,275.95,76.74
PTB.2021.201.05.53.32,PTB,2021.201.05.53.32,unlabelled,,,,,0,0,0.0,0.0,,,5.172999858856201,-72.98500061035156,2.32,1.5,6.5395,-74.456333,260.0,222.22,132.77
PTB.2021.201.21.22.16,PTB,2021.201.21.22.16,unlabelled,,,,,0,0,0.0,0.0,,,6.708000183105469,-76.59200286865234,20.65,1.8,6.5395,-74.456333,260.0,236.9,274.63
PTB.2021.202.08.31.00,PTB,2021.202.08.31.00,unlabelled,,,,,0,0,0.0,0.0,-1.71,,6.931000232696533,-76.78399658203125,4.46,1.7,6.5395,-74.456333,260.0,260.95,279.69
PTB.2021.202.09.36.59,PTB,2021.202.09.36.59,unlabelled,,,,,0,0,0.0,0.0,,,6.913000106811523,-76.80000305175781,4.28,1.8,6.5395,-74.456333,260.0,262.38,279.19
PTB.2021.202.15.09.25,PTB,2021.202.15.09.25,unlabelled,,,,,0,0,0.0,0.0,,,4.335000038146973,-73.84600067138672,15.51,2.0,6.5395,-74.456333,260.0,252.99,164.46
PTB.2021.202.15.38.22,PTB,2021.202.15.38.22,unlabelled,,,,,0,0,0.0,0.0,-3.02,-5.55,4.486999988555908,-75.39299774169922,3.81,4.0,6.5395,-74.456333,260.0,249.58,204.62
PTB.2021.203.14.43.34,PTB,2021.203.14.43.34,unlabelled,,,,,0,0,0.0,0.0,,,7.169000148773193,-76.53299713134766,34.02,1.6,6.5395,-74.456333,260.0,239.86,286.99
PTB.2021.203.17.56.59,PTB,2021.203.17.56.59,unlabelled,,,,,0,0,0.0,0.0,,,6.892000198364258,-76.1969985961914,9.43,1.6,6.5395,-74.456333,260.0,196.36,281.55
PTB.2021.205.07.56.31,PTB,2021.205.07.56.31,unlabelled,,,,,0,0,0.0,0.0,,,6.078999996185303,-72.34700012207031,17.62,1.6,6.5395,-74.456333,260.0,238.89,102.19
PTB.2021.205.13.04.00,PTB,2021.205.13.04.00,unlabelled,,,,,0,0,0.0,0.0,,,4.8470001220703125,-75.33799743652344,3.97,3.2,6.5395,-74.456333,260.0,211.11,207.6
PTB.2021.205.23.22.18,PTB,2021.205.23.22.18,unlabelled,,,,,0,0,0.0,0.0,,,5.1529998779296875,-73.0530014038086,5.22,1.5,6.5395,-74.456333,260.0,218.31,134.54
PTB.2021.206.23.42.20,PTB,2021.206.23.42.20,unlabelled,,,,,0,0,0.0,0.0,,,6.758999824523926,-72.0199966430664,9.88,1.6,6.5395,-74.456333,260.0,270.49,84.71
PTB.2021.207.00.59.22,PTB,2021.207.00.59.22,unlabelled,,,,,0,0,0.0,0.0,,,5.5329999923706055,-72.93699645996094,13.4,1.6,6.5395,-74.456333,260.0,201.69,123.41
PTB.2021.207.03.45.17,PTB,2021.207.03.45.17,unlabelled,,,,,0,0,0.0,0.0,,,6.130000114440918,-72.35299682617188,17.62,1.6,6.5395,-74.456333,260.0,237.09,100.89
PTB.2021.208.00.55.29,PTB,2021.208.00.55.29,unlabelled,,,,,0,0,0.0,0.0,,,5.1479997634887695,-73.08200073242188,19.26,1.8,6.5395,-74.456333,260.0,216.43,135.24
PTB.2021.209.01.23.53,PTB,2021.209.01.23.53,unlabelled,,,,,0,0,0.0,0.0,,,4.008999824523926,-74.18000030517578,19.02,1.7,6.5395,-74.456333,260.0,281.5,173.74
PTB.2021.210.09.10.02,PTB,2021.210.09.10.02,unlabelled,,,,,0,0,0.0,0.0,,,5.64300012588501,-74.80000305175781,1.72,1.8,6.5395,-74.456333,260.0,106.19,201.01
PTB.2021.210.15.16.52,PTB,2021.210.15.16.52,unlabelled,,,,,0,0,0.0,0.0,-4.35,,6.849999904632568,-76.25700378417969,21.84,1.5,6.5395,-74.456333,260.0,202.03,279.89
PTB.2021.210.22.16.34,PTB,2021.210.22.16.34,unlabelled,,,,,0,0,0.0,0.0,,,5.169000148773193,-73.08699798583984,15.98,1.7,6.5395,-74.456333,260.0,214.39,134.91
PTB.2021.212.03.22.40,PTB,2021.212.03.22.40,unlabelled,,,,,0,0,0.0,0.0,,,6.8480000495910645,-76.2239990234375,18.55,2.3,6.5395,-74.456333,260.0,198.4,280.0
PTB.2021.212.14.55.55,PTB,2021.212.14.55.55,unlabelled,,,,,0,0,0.0,0.0,,,6.114999771118164,-72.36799621582031,14.8,1.7,6.5395,-74.456333,260.0,235.79,101.37
PTB.2021.212.16.30.36,PTB,2021.212.16.30.36,unlabelled,,,,,0,0,0.0,0.0,,,6.860000133514404,-76.25199890136719,20.2,1.8,6.5395,-74.456333,260.0,201.68,280.23
PTB.2021.212.19.32.35,PTB,2021.212.19.32.35,unlabelled,,,,,0,0,0.0,0.0,,,6.754000186920166,-76.70500183105469,31.8,2.0,6.5395,-74.456333,260.0,249.78,275.58
PTB.2021.213.03.21.14,PTB,2021.213.03.21.14,unlabelled,,,,,0,0,0.0,0.0,,,5.369999885559082,-72.85600280761719,16.21,1.5,6.5395,-74.456333,260.0,219.37,126.04
PTB.2021.214.00.44.49,PTB,2021.214.00.44.49,unlabelled,,,,,0,0,0.0,0.0,,,7.0320000648498535,-76.51699829101562,12.79,1.6,6.5395,-74.456333,260.0,234.22,283.57
PTB.2021.214.05.33.42,PTB,2021.214.05.33.42,unlabelled,,,,,0,0,0.0,0.0,,,6.879000186920166,-76.69599914550781,12.01,1.6,6.5395,-74.456333,260.0,250.45,278.75
PTB.2021.214.07.00.48,PTB,2021.214.07.00.48,unlabelled,,,,,0,0,0.0,0.0,,,6.948999881744385,-76.65399932861328,25.59,1.8,6.5395,-74.456333,260.0,247.15,280.69
PTB.2021.214.18.02.08,PTB,2021.214.18.02.08,unlabelled,,,,,0,0,0.0,0.0,,,6.936999797821045,-76.39399719238281,36.37,1.6,6.5395,-74.456333,260.0,218.68,281.71
PTB.2021.214.22.45.25,PTB,2021.214.22.45.25,unlabelled,,,,,0,0,0.0,0.0,,,5.552000045776367,-72.91999816894531,13.16,1.5,6.5395,-74.456333,260.0,202.12,122.62
PTB.2021.215.05.28.21,PTB,2021.215.05.28.21,unlabelled,,,,,0,0,0.0,0.0,,,4.380000114440918,-75.43499755859375,11.7,1.8,6.5395,-74.456333,260.0,262.28,204.47
PTB.2021.215.08.17.16,PTB,2021.215.08.17.16,unlabelled,,,,,0,0,0.0,0.0,,,4.367000102996826,-73.76200103759766,26.52,1.8,6.5395,-74.456333,260.0,252.26,162.21
PTB.2021.215.11.05.59,PTB,2021.215.11.05.59,unlabelled,,,,,0,0,0.0,0.0,,,6.168000221252441,-72.3550033569336,0.0,1.5,6.5395,-74.456333,260.0,236.09,99.9
PTB.2021.215.17.32.20,PTB,2021.215.17.32.20,unlabelled,,,,,0,0,0.0,0.0,,,4.683000087738037,-76.76399993896484,39.77,2.0,6.5395,-74.456333,260.0,327.88,231.35
PTB.2021.216.14.02.25,PTB,2021.216.14.02.25,unlabelled,,,,,0,0,0.0,0.0,,,6.945000171661377,-75.94000244140625,12.93,1.8,6.5395,-74.456333,260.0,170.05,285.38
PTB.2021.217.06.01.37,PTB,2021.217.06.01.37,unlabelled,,,,,0,0,0.0,0.0,,,4.980000019073486,-73.18399810791016,8.36,1.6,6.5395,-74.456333,260.0,222.71,140.68
PTB.2021.217.09.01.39,PTB,2021.217.09.01.39,unlabelled,,,,,0,0,0.0,0.0,-1.64,-0.43,6.8480000495910645,-76.69599914550781,23.95,1.9,6.5395,-74.456333,260.0,249.97,277.97
PTB.2021.217.15.07.10,PTB,2021.217.15.07.10,unlabelled,,,,,0,0,0.0,0.0,,,3.6600000858306885,-74.13600158691406,9.82,2.2,6.5395,-74.456333,260.0,320.4,173.62
PTB.2021.217.22.19.55,PTB,2021.217.22.19.55,unlabelled,,,,,0,0,0.0,0.0,,,3.8889999389648438,-74.0009994506836,12.93,1.5,6.5395,-74.456333,260.0,297.42,170.21
PTB.2021.218.00.31.59,PTB,2021.218.00.31.59,unlabelled,,,,,0,0,0.0,0.0,,,7.0920000076293945,-76.68900299072266,5.36,1.5,6.5395,-74.456333,260.0,254.24,284.04
PTB.2021.218.01.45.13,PTB,2021.218.01.45.13,unlabelled,,,,,0,0,0.0,0.0,,,6.795000076293945,-76.73200225830078,25.59,2.6,6.5395,-74.456333,260.0,253.21,276.54
PTB.2021.218.13.47.27,PTB,2021.218.13.47.27,unlabelled,,,,,0,0,0.0,0.0,,,7.394000053405762,-76.94000244140625,39.65,2.4,6.5395,-74.456333,260.0,290.26,289.15
PTB.2021.219.05.46.28,PTB,2021.219.05.46.28,unlabelled,,,,,0,0,0.0,0.0,-7.85,-1.32,6.921999931335449,-75.96800231933594,23.71,1.5,6.5395,-74.456333,260.0,172.4,284.29
PTB.2021.219.06.47.58,PTB,2021.219.06.47.58,unlabelled,,,,,0,0,0.0,0.0,,,5.659999847412109,-76.74400329589844,0.27,1.6,6.5395,-74.456333,260.0,271.26,249.11
PTB.2021.219.09.28.18,PTB,2021.219.09.28.18,unlabelled,,,,,0,0,0.0,0.0,,,3.937999963760376,-73.5459976196289,25.23,1.8,6.5395,-74.456333,260.0,304.87,160.63
PTB.2021.219.15.17.59,PTB,2021.219.15.17.59,unlabelled,,,,,0,0,0.0,0.0,,,3.556999921798706,-74.56099700927734,25.06,2.0,6.5395,-74.456333,260.0,330.02,182.02
PTB.2021.220.04.17.07,PTB,2021.220.04.17.07,unlabelled,,,,,0,0,0.0,0.0,,,6.270999908447266,-76.8550033569336,5.46,1.5,6.5395,-74.456333,260.0,267.02,263.75
PTB.2021.220.23.29.30,PTB,2021.220.23.29.30,unlabelled,,,,,0,0,0.0,0.0,,,7.118000030517578,-72.23699951171875,13.05,2.0,6.5395,-74.456333,260.0,253.52,75.25
PTB.2021.221.00.24.01,PTB,2021.221.00.24.01,unlabelled,,,,,0,0,0.0,0.0,,,7.059999942779541,-72.1709976196289,0.16,1.7,6.5395,-74.456333,260.0,259.1,77.03
PTB.2021.221.02.24.04,PTB,2021.221.02.24.04,unlabelled,,,,,0,0,0.0,0.0,,,5.25600004196167,-73.10199737548828,3.57,1.5,6.5395,-74.456333,260.0,206.49,133.35
PTB.2021.222.13.49.53,PTB,2021.222.13.49.53,unlabelled,,,,,0,0,0.0,0.0,,,5.381999969482422,-73.16200256347656,11.64,1.6,6.5395,-74.456333,260.0,192.15,131.7
PTB.2021.223.08.49.00,PTB,2021.223.08.49.00,unlabelled,,,,,0,0,0.0,0.0,,,7.271999835968018,-76.99199676513672,31.43,1.6,6.5395,-74.456333,260.0,291.71,286.27
PTB.2021.223.13.41.35,PTB,2021.223.13.41.35,unlabelled,,,,,0,0,0.0,0.0,,,4.415999889373779,-73.78500366210938,0.0,2.6,6.5395,-74.456333,260.0,246.33,162.39
PTB.2021.224.17.14.00,PTB,2021.224.17.14.00,unlabelled,,,,,0,0,0.0,0.0,,,6.985000133514404,-76.375,24.88,1.8,6.5395,-74.456333,260.0,217.76,283.19
PTB.2021.224.22.13.09,PTB,2021.224.22.13.09,unlabelled,,,,,0,0,0.0,0.0,,,6.964000225067139,-76.29000091552734,18.32,1.9,6.5395,-74.456333,260.0,208.08,283.15
PTB.2021.225.03.09.40,PTB,2021.225.03.09.40,unlabelled,,,,,0,0,0.0,0.0,,,7.052999973297119,-76.93699645996094,0.0,1.6,6.5395,-74.456333,260.0,280.04,281.84
PTB.2021.225.11.35.18,PTB,2021.225.11.35.18,unlabelled,,,,,0,0,0.0,0.0,,,6.855999946594238,-76.19499969482422,13.73,1.7,6.5395,-74.456333,260.0,195.4,280.42
PTB.2021.225.15.21.23,PTB,2021.225.15.21.23,unlabelled,,,,,0,0,0.0,0.0,,,4.3460001945495605,-73.81400299072266,6.6,1.7,6.5395,-74.456333,260.0,252.79,163.61
PTB.2021.226.01.03.11,PTB,2021.226.01.03.11,unlabelled,,,,,0,0,0.0,0.0,,,7.006999969482422,-76.55699920654297,-0.01,1.8,6.5395,-74.456333,260.0,237.91,282.67
PTB.2021.226.07.27.24,PTB,2021.226.07.27.24,unlabelled,,,,,0,0,0.0,0.0,,,5.375,-74.75399780273438,32.21,1.8,6.5395,-74.456333,260.0,132.93,194.37
PTB.2021.226.08.52.14,PTB,2021.226.08.52.14,unlabelled,,,,,0,0,0.0,0.0,,,5.289000034332275,-73.08100128173828,17.73,1.6,6.5395,-74.456333,260.0,205.71,132.17
PTB.2021.226.11.49.25,PTB,2021.226.11.49.25,unlabelled,,,,,0,0,0.0,0.0,-5.82,,7.204999923706055,-76.1989974975586,9.65,1.8,6.5395,-74.456333,260.0,206.19,291.02
PTB.2021.226.14.39.07,PTB,2021.226.14.39.07,unlabelled,,,,,0,0,0.0,0.0,,,4.716000080108643,-74.83799743652344,19.02,2.6,6.5395,-74.456333,260.0,206.04,191.86
PTB.2021.226.15.31.19,PTB,2021.226.15.31.19,unlabelled,,,,,0,0,0.0,0.0,,,4.710000038146973,-74.86399841308594,25.12,1.5,6.5395,-74.456333,260.0,207.29,192.6
PTB.2021.226.23.56.01,PTB,2021.226.23.56.01,unlabelled,,,,,0,0,0.0,0.0,,,4.7210001945495605,-74.8550033569336,22.07,1.5,6.5395,-74.456333,260.0,205.89,192.41
PTB.2021.227.03.38.47,PTB,2021.227.03.38.47,unlabelled,,,,,0,0,0.0,0.0,,,7.0960001945495605,-77.1780014038086,20.6,2.3,6.5395,-74.456333,260.0,307.08,281.72
PTB.2021.227.23.08.13,PTB,2021.227.23.08.13,unlabelled,,,,,0,0,0.0,0.0,,,6.931000232696533,-76.20899963378906,11.64,1.7,6.5395,-74.456333,260.0,198.55,282.7
PTB.2021.227.23.31.14,PTB,2021.227.23.31.14,unlabelled,,,,,0,0,0.0,0.0,,,6.926000118255615,-76.20999908447266,11.76,1.8,6.5395,-74.456333,260.0,198.54,282.53
PTB.2021.229.01.55.55,PTB,2021.229.01.55.55,unlabelled,,,,,0,0,0.0,0.0,,,6.849999904632568,-76.26300048828125,20.43,2.3,6.5395,-74.456333,260.0,202.68,279.86
PTB.2021.229.02.52.00,PTB,2021.229.02.52.00,unlabelled,,,,,0,0,0.0,0.0,,,6.841000080108643,-76.2760009765625,19.26,1.5,6.5395,-74.456333,260.0,203.94,279.51
PTB.2021.229.07.59.01,PTB,2021.229.07.59.01,unlabelled,,,,,0,0,0.0,0.0,,,5.881999969482422,-76.47599792480469,30.86,1.9,6.5395,-74.456333,260.0,235.05,252.09
PTB.2021.229.18.29.41,PTB,2021.229.18.29.41,unlabelled,,,,,0,0,0.0,0.0,-10.54,,6.860000133514404,-76.28199768066406,17.62,1.8,6.5395,-74.456333,260.0,204.94,280.06
PTB.2021.229.20.43.30,PTB,2021.229.20.43.30,unlabelled,,,,,0,0,0.0,0.0,,,6.242000102996826,-72.39600372314453,15.98,1.7,6.5395,-74.456333,260.0,230.3,98.1
PTB.2021.230.16.20.35,PTB,2021.230.16.20.35,unlabelled,,,,,0,0,0.0,0.0,,,4.716000080108643,-74.84500122070312,25.82,1.5,6.5395,-74.456333,260.0,206.2,192.07
PTB.2021.231.04.53.29,PTB,2021.231.04.53.29,unlabelled,,,,,0,0,0.0,0.0,,,5.2210001945495605,-76.53900146484375,16.38,1.7,6.5395,-74.456333,260.0,272.85,237.81
PTB.2021.231.12.42.59,PTB,2021.231.12.42.59,unlabelled,,,,,0,0,0.0,0.0,,,4.053999900817871,-73.9540023803711,10.59,1.7,6.5395,-74.456333,260.0,280.44,168.52
PTB.2021.232.17.46.23,PTB,2021.232.17.46.23,unlabelled,,,,,0,0,0.0,0.0,-1.2,,6.451000213623047,-76.6520004272461,4.77,1.7,6.5395,-74.456333,260.0,243.06,267.82
PTB.2021.232.18.54.02,PTB,2021.232.18.54.02,unlabelled,,,,,0,0,0.0,0.0,,,3.5940001010894775,-74.20899963378906,12.93,1.8,6.5395,-74.456333,260.0,326.88,175.18
PTB.2021.233.16.40.40,PTB,2021.233.16.40.40,unlabelled,,,,,0,0,0.0,0.0,,,6.432000160217285,-76.75399780273438,26.64,2.0,6.5395,-74.456333,260.0,254.43,267.45
PTB.2021.234.21.17.23,PTB,2021.234.21.17.23,unlabelled,,,,,0,0,0.0,0.0,,,6.28000020980835,-76.98100280761719,31.81,1.8,6.5395,-74.456333,260.0,280.77,264.28
PTB.2021.234.22.13.03,PTB,2021.234.22.13.03,unlabelled,,,,,0,0,0.0,0.0,,,5.441999912261963,-75.95500183105469,32.15,2.1,6.5395,-74.456333,260.0,205.57,233.9
PTB.2021.236.03.55.22,PTB,2021.236.03.55.22,unlabelled,,,,,0,0,0.0,0.0,,,7.2230000495910645,-76.7249984741211,29.45,1.6,6.5395,-74.456333,260.0,261.88,286.91
PTB.2021.236.06.15.09,PTB,2021.236.06.15.09,unlabelled,,,,,0,0,0.0,0.0,,,6.767000198364258,-76.23500061035156,19.02,1.5,6.5395,-74.456333,260.0,198.28,277.39
PTB.2021.236.07.05.50,PTB,2021.236.07.05.50,unlabelled,,,,,0,0,0.0,0.0,,,6.998000144958496,-76.23600006103516,17.38,1.8,6.5395,-74.456333,260.0,203.17,284.56
PTB.2021.236.16.45.29,PTB,2021.236.16.45.29,unlabelled,,,,,0,0,0.0,0.0,,,6.770999908447266,-76.58899688720703,37.42,1.8,6.5395,-74.456333,260.0,237.2,276.32
PTB.2021.236.18.59.44,PTB,2021.236.18.59.44,unlabelled,,,,,0,0,0.0,0.0,,,7.078000068664551,-76.34600067138672,15.41,1.8,6.5395,-74.456333,260.0,217.21,286.02
PTB.2021.237.02.42.33,PTB,2021.237.02.42.33,unlabelled,,,,,0,0,0.0,0.0,,,7.001999855041504,-76.23600006103516,11.29,1.6,6.5395,-74.456333,260.0,203.28,284.68
PTB.2021.237.02.42.52,PTB,2021.237.02.42.52,unlabelled,,,,,0,0,0.0,0.0,,,6.986000061035156,-76.20500183105469,10.23,1.6,6.5395,-74.456333,260.0,199.52,284.43
PTB.2021.237.09.22.40,PTB,2021.237.09.22.40,unlabelled,,,,,0,0,0.0,0.0,,,6.953999996185303,-76.2040023803711,24.65,1.5,6.5395,-74.456333,260.0,198.57,283.45
PTB.2021.238.02.42.14,PTB,2021.238.02.42.14,unlabelled,,,,,0,0,0.0,0.0,,,7.085000038146973,-77.13300323486328,26.33,1.8,6.5395,-74.456333,260.0,301.96,281.68
PTB.2021.238.03.58.56,PTB,2021.238.03.58.56,unlabelled,,,,,0,0,0.0,0.0,,,6.388000011444092,-77.34300231933594,19.02,2.4,6.5395,-74.456333,260.0,319.75,267.16
PTB.2021.242.00.11.30,PTB,2021.242.00.11.30,unlabelled,,,,,0,0,0.0,0.0,,,5.186999797821045,-73.02100372314453,15.39,1.7,6.5395,-74.456333,260.0,218.25,133.18
PTB.2021.242.02.37.35,PTB,2021.242.02.37.35,unlabelled,,,,,0,0,0.0,0.0,,,7.0279998779296875,-76.72699737548828,22.07,1.5,6.5395,-74.456333,260.0,256.76,282.28
PTB.2021.242.10.03.50,PTB,2021.242.10.03.50,unlabelled,,,,,0,0,0.0,0.0,-1.46,,6.9070000648498535,-76.22899627685547,12.93,1.5,6.5395,-74.456333,260.0,200.15,281.82
PTB.2021.242.11.28.10,PTB,2021.242.11.28.10,unlabelled,,,,,0,0,0.0,0.0,,,6.883999824523926,-76.16699981689453,5.66,1.6,6.5395,-74.456333,260.0,192.93,281.49
PTB.2021.242.13.26.52,PTB,2021.242.13.26.52,unlabelled,,,,,0,0,0.0,0.0,,,6.702000141143799,-76.72699737548828,38.01,2.8,6.5395,-74.456333,260.0,251.74,274.22
PTB.2021.243.09.35.24,PTB,2021.243.09.35.24,unlabelled,,,,,0,0,0.0,0.0,,,7.34499979019165,-72.26399993896484,0.0,1.6,6.5395,-74.456333,260.0,258.13,69.68
PTB.2021.243.23.18.42,PTB,2021.243.23.18.42,unlabelled,,,,,0,0,0.0,0.0,-4.82,,6.664999961853027,-76.66999816894531,15.16,1.8,6.5395,-74.456333,260.0,245.19,273.37
PTB.2021.244.13.10.21,PTB,2021.244.13.10.21,unlabelled,,,,,0,0,0.0,0.0,,,6.409999847412109,-71.98699951171875,13.87,1.9,6.5395,-74.456333,260.0,273.52,92.86
PTB.2021.244.20.37.53,PTB,2021.244.20.37.53,unlabelled,,,,,0,0,0.0,0.0,,,5.385000228881836,-74.81199645996094,20.43,1.6,6.5395,-74.456333,260.0,133.61,197.16
PTB.2021.246.20.50.12,PTB,2021.246.20.50.12,unlabelled,,,,,0,0,0.0,0.0,,,4.539999961853027,-74.93399810791016,29.67,1.6,6.5395,-74.456333,260.0,227.36,193.49
PTB.2021.247.01.17.04,PTB,2021.247.01.17.04,unlabelled,,,,,0,0,0.0,0.0,,,7.284999847412109,-72.74600219726562,0.3,1.5,6.5395,-74.456333,260.0,206.21,66.33
PTB.2021.247.01.25.14,PTB,2021.247.01.25.14,unlabelled,,,,,0,0,0.0,0.0,,,6.864999771118164,-72.2249984741211,22.36,1.7,6.5395,-74.456333,260.0,249.32,81.57
PTB.2021.247.01.27.19,PTB,2021.247.01.27.19,unlabelled,,,,,0,0,0.0,0.0,-3.4,-1.22,6.923999786376953,-76.21900177001953,13.87,1.7,6.5395,-74.456333,260.0,199.46,282.41
PTB.2021.248.06.18.13,PTB,2021.248.06.18.13,unlabelled,,,,,0,0,0.0,0.0,,,6.49399995803833,-76.80400085449219,31.95,2.0,6.5395,-74.456333,260.0,259.71,269.02
PTB.2021.248.13.12.46,PTB,2021.248.13.12.46,unlabelled,,,,,0,0,0.0,0.0,,,5.4029998779296875,-72.76499938964844,6.95,1.5,6.5395,-74.456333,260.0,225.53,123.78
PTB.2021.248.15.21.46,PTB,2021.248.15.21.46,unlabelled,,,,,0,0,0.0,0.0,,,5.419000148773193,-72.83499908447266,19.26,1.5,6.5395,-74.456333,260.0,218.12,124.53
PTB.2021.248.23.20.56,PTB,2021.248.23.20.56,unlabelled,,,,,0,0,0.0,0.0,,,5.323999881744385,-72.72100067138672,0.0,1.6,6.5395,-74.456333,260.0,234.49,124.88
PTB.2021.249.22.25.21,PTB,2021.249.22.25.21,unlabelled,,,,,0,0,0.0,0.0,,,7.284999847412109,-76.48799896240234,0.0,2.2,6.5395,-74.456333,260.0,239.19,290.28
PTB.2021.250.08.53.18,PTB,2021.250.08.53.18,unlabelled,,,,,0,0,0.0,0.0,,,5.658999919891357,-76.05400085449219,36.68,1.7,6.5395,-74.456333,260.0,201.88,241.25
PTB.2021.251.04.51.57,PTB,2021.251.04.51.57,unlabelled,,,,,0,0,0.0,0.0,,,6.041999816894531,-72.54199981689453,11.64,1.5,6.5395,-74.456333,260.0,218.86,104.45
PTB.2021.251.07.17.46,PTB,2021.251.07.17.46,unlabelled,,,,,0,0,0.0,0.0,,,7.058000087738037,-71.83300018310547,4.16,1.6,6.5395,-74.456333,260.0,295.6,78.66
PTB.2021.251.23.30.00,PTB,2021.251.23.30.00,unlabelled,,,,,0,0,0.0,0.0,,,6.933000087738037,-72.16200256347656,16.09,1.5,6.5395,-74.456333,260.0,257.36,80.13
PTB.2021.252.23.41.03,PTB,2021.252.23.41.03,unlabelled,,,,,0,0,0.0,0.0,,,4.38100004196167,-73.69100189208984,-0.01,2.1,6.5395,-74.456333,260.0,253.31,160.4
PTB.2021.253.08.32.49,PTB,2021.253.08.32.49,unlabelled,,,,,0,0,0.0,0.0,,,7.25600004196167,-77.05999755859375,20.16,1.9,6.5395,-74.456333,260.0,298.46,285.55
PTB.2021.254.07.36.59,PTB,2021.254.07.36.59,unlabelled,,,,,0,0,0.0,0.0,,,7.229000091552734,-76.99099731445312,19.64,2.4,6.5395,-74.456333,260.0,290.33,285.38
PTB.2021.255.12.34.02,PTB,2021.255.12.34.02,unlabelled,,,,,0,0,0.0,0.0,,,6.948999881744385,-76.68499755859375,3.23,1.6,6.5395,-74.456333,260.0,250.51,280.54
PTB.2021.255.15.25.47,PTB,2021.255.15.25.47,unlabelled,,,,,0,0,0.0,0.0,,,6.75600004196167,-76.53600311279297,4.67,1.9,6.5395,-74.456333,260.0,231.2,276.06
PTB.2021.255.17.07.17,PTB,2021.255.17.07.17,unlabelled,,,,,0,0,0.0,0.0,,,6.446000099182129,-72.93099975585938,9.18,1.5,6.5395,-74.456333,260.0,169.03,93.42
PTB.2021.256.02.26.43,PTB,2021.256.02.26.43,unlabelled,,,,,0,0,0.0,0.0,,,3.884000062942505,-74.09700012207031,21.13,1.7,6.5395,-74.456333,260.0,296.34,172.26
PTB.2021.256.04.46.08,PTB,2021.256.04.46.08,unlabelled,,,,,0,0,0.0,0.0,,,5.2220001220703125,-76.08899688720703,33.09,1.6,6.5395,-74.456333,260.0,232.19,231.22
PTB.2021.256.21.45.53,PTB,2021.256.21.45.53,unlabelled,,,,,0,0,0.0,0.0,,,6.215000152587891,-72.37200164794922,14.8,1.5,6.5395,-74.456333,260.0,233.38,98.73
PTB.2021.257.01.54.43,PTB,2021.257.01.54.43,unlabelled,,,,,0,0,0.0,0.0,,,4.434999942779541,-73.61799621582031,23.71,2.0,6.5395,-74.456333,260.0,250.58,158.2
PTB.2021.258.04.41.02,PTB,2021.258.04.41.02,unlabelled,,,,,0,0,0.0,0.0,,,7.02400016784668,-71.86900329589844,27.58,1.6,6.5395,-74.456333,260.0,290.99,79.24
PTB.2021.259.05.09.33,PTB,2021.259.05.09.33,unlabelled,,,,,0,0,0.0,0.0,,,4.873000144958496,-74.447998046875,20.43,1.5,6.5395,-74.456333,260.0,184.29,179.71
PTB.2021.259.10.47.45,PTB,2021.259.10.47.45,unlabelled,,,,,0,0,0.0,0.0,,,3.569000005722046,-74.25399780273438,12.23,1.5,6.5395,-74.456333,260.0,329.25,176.08
PTB.2021.259.17.11.05,PTB,2021.259.17.11.05,unlabelled,,,,,0,0,0.0,0.0,,,7.486999988555908,-76.94599914550781,4.32,1.5,6.5395,-74.456333,260.0,294.37,291.0
PTB.2021.260.01.37.26,PTB,2021.260.01.37.26,unlabelled,,,,,0,0,0.0,0.0,,,4.090000152587891,-75.46600341796875,18.32,0.7,6.5395,-74.456333,260.0,293.08,202.5
PTB.2021.261.14.38.31,PTB,2021.261.14.38.31,unlabelled,,,,,0,0,0.0,0.0,,,5.618000030517578,-72.8489990234375,32.85,1.7,6.5395,-74.456333,260.0,205.04,119.71
PTB.2021.262.12.47.15,PTB,2021.262.12.47.15,unlabelled,,,,,0,0,0.0,0.0,,,5.1020002365112305,-72.91600036621094,15.98,1.8,6.5395,-74.456333,260.0,233.17,132.9
PTB.2021.262.18.40.55,PTB,2021.262.18.40.55,unlabelled,,,,,0,0,0.0,0.0,,,6.716000080108643,-76.98799896240234,0.0,1.8,6.5395,-74.456333,260.0,280.63,274.13
PTB.2021.263.21.03.56,PTB,2021.263.21.03.56,unlabelled,,,,,0,0,0.0,0.0,,,5.578000068664551,-72.81700134277344,3.51,1.7,6.5395,-74.456333,260.0,210.33,120.28
PTB.2021.264.05.19.39,PTB,2021.264.05.19.39,unlabelled,,,,,0,0,0.0,0.0,,,5.322999954223633,-76.52200317382812,30.34,1.7,6.5395,-74.456333,260.0,265.35,239.65
PTB.2021.264.09.37.09,PTB,2021.264.09.37.09,unlabelled,,,,,0,0,0.0,0.0,,,3.7929999828338623,-75.62300109863281,22.36,2.3,6.5395,-74.456333,260.0,330.11,203.12
PTB.2021.264.13.17.23,PTB,2021.264.13.17.23,unlabelled,,,,,0,0,0.0,0.0,,,3.7909998893737793,-75.64199829101562,17.62,2.0,6.5395,-74.456333,260.0,331.14,203.44
PTB.2021.265.14.48.04,PTB,2021.265.14.48.04,unlabelled,,,,,0,0,0.0,0.0,,,4.3420000076293945,-73.87999725341797,8.95,1.7,6.5395,-74.456333,260.0,251.26,165.25
PTB.2021.265.17.03.28,PTB,2021.265.17.03.28,unlabelled,,,,,0,0,0.0,0.0,,,7.436999797821045,-72.09600067138672,4.75,1.6,6.5395,-74.456333,260.0,279.06,69.02
PTB.2021.266.03.14.42,PTB,2021.266.03.14.42,unlabelled,,,,,0,0,0.0,0.0,,,4.709000110626221,-76.64399719238281,37.89,1.7,6.5395,-74.456333,260.0,315.77,230.24
PTB.2021.266.14.04.59,PTB,2021.266.14.04.59,unlabelled,,,,,0,0,0.0,0.0,,,6.886000156402588,-76.24099731445312,0.0,1.6,6.5395,-74.456333,260.0,201.0,281.09
PTB.2021.266.17.39.19,PTB,2021.266.17.39.19,unlabelled,,,,,0,0,0.0,0.0,,,5.817999839782715,-72.51699829101562,15.86,1.5,6.5395,-74.456333,260.0,228.99,110.29
PTB.2021.266.23.04.55,PTB,2021.266.23.04.55,unlabelled,,,,,0,0,0.0,0.0,,,4.925000190734863,-76.68800354003906,31.33,2.4,6.5395,-74.456333,260.0,304.92,234.28
PTB.2021.267.03.08.38,PTB,2021.267.03.08.38,unlabelled,,,,,0,0,0.0,0.0,,,3.572999954223633,-74.46499633789062,32.62,1.7,6.5395,-74.456333,260.0,328.05,180.17
PTB.2021.267.06.49.21,PTB,2021.267.06.49.21,unlabelled,,,,,0,0,0.0,0.0,,,4.034999847412109,-75.78700256347656,4.54,1.5,6.5395,-74.456333,260.0,313.78,208.1
PTB.2021.267.20.05.18,PTB,2021.267.20.05.18,unlabelled,,,,,0,0,0.0,0.0,,,5.297999858856201,-72.74099731445312,27.46,3.1,6.5395,-74.456333,260.0,234.36,125.77
PTB.2021.268.04.15.45,PTB,2021.268.04.15.45,unlabelled,,,,,0,0,0.0,0.0,,,4.181000232696533,-76.27999877929688,0.0,1.5,6.5395,-74.456333,260.0,329.96,217.86
PTB.2021.268.20.37.55,PTB,2021.268.20.37.55,unlabelled,,,,,0,0,0.0,0.0,,,6.586999893188477,-76.80799865722656,38.06,2.1,6.5395,-74.456333,260.0,260.13,271.29
PTB.2021.269.11.35.37,PTB,2021.269.11.35.37,unlabelled,,,,,0,0,0.0,0.0,,,5.341000080108643,-76.39099884033203,32.62,1.9,6.5395,-74.456333,260.0,251.9,238.36
PTB.2021.269.12.03.14,PTB,2021.269.12.03.14,unlabelled,,,,,0,0,0.0,0.0,,,7.054999828338623,-77.02799987792969,8.4,2.0,6.5395,-74.456333,260.0,289.94,281.49
PTB.2021.269.18.11.38,PTB,2021.269.18.11.38,unlabelled,,,,,0,0,0.0,0.0,,,5.863999843597412,-72.59500122070312,10.59,1.8,6.5395,-74.456333,260.0,219.12,109.83
PTB.2021.270.00.56.17,PTB,2021.270.00.56.17,unlabelled,,,,,0,0,0.0,0.0,,,7.348999977111816,-72.49299621582031,21.13,1.9,6.5395,-74.456333,260.0,234.71,67.46
PTB.2021.270.01.28.23,PTB,2021.270.01.28.23,unlabelled,,,,,0,0,0.0,0.0,,,7.485000133514404,-72.44599914550781,18.79,1.7,6.5395,-74.456333,260.0,245.5,64.67
PTB.2021.270.03.14.16,PTB,2021.270.03.14.16,unlabelled,,,,,0,0,0.0,0.0,,,4.247000217437744,-76.22799682617188,21.95,1.6,6.5395,-74.456333,260.0,320.65,217.85
PTB.2021.270.05.12.27,PTB,2021.270.05.12.27,unlabelled,,,,,0,0,0.0,0.0,,,7.145999908447266,-76.33799743652344,11.75,1.7,6.5395,-74.456333,260.0,218.53,287.98
PTB.2021.270.05.27.37,PTB,2021.270.05.27.37,unlabelled,,,,,0,0,0.0,0.0,,,4.511000156402588,-76.14700317382812,15.98,2.2,6.5395,-74.456333,260.0,292.25,219.95
PTB.2021.270.15.08.16,PTB,2021.270.15.08.16,unlabelled,,,,,0,0,0.0,0.0,-0.24,,5.677000045776367,-76.54399871826172,21.6,2.3,6.5395,-74.456333,260.0,250.0,247.69
PTB.2021.271.03.29.56,PTB,2021.271.03.29.56,unlabelled,,,,,0,0,0.0,0.0,,,6.811999797821045,-76.62699890136719,15.98,1.6,6.5395,-74.456333,260.0,241.89,277.28
PTB.2021.271.06.51.49,PTB,2021.271.06.51.49,unlabelled,,,,,0,0,0.0,0.0,-0.16,-1.18,6.5920000076293945,-72.0739974975586,14.8,1.8,6.5395,-74.456333,260.0,263.54,88.6
PTB.2021.271.21.14.51,PTB,2021.271.21.14.51,unlabelled,,,,,0,0,0.0,0.0,,,6.076000213623047,-76.5459976196289,31.06,1.8,6.5395,-74.456333,260.0,236.83,257.62
PTB.2021.272.05.01.49,PTB,2021.272.05.01.49,unlabelled,,,,,0,0,0.0,0.0,,,5.619999885559082,-76.76899719238281,13.31,1.5,6.5395,-74.456333,260.0,275.46,248.46
PTB.2021.272.05.57.36,PTB,2021.272.05.57.36,unlabelled,,,,,0,0,0.0,0.0,,,7.301000118255615,-72.48899841308594,0.0,1.7,6.5395,-74.456333,260.0,233.16,68.71
PTB.2021.272.07.51.02,PTB,2021.272.07.51.02,unlabelled,,,,,0,0,0.0,0.0,,,5.9029998779296875,-73.94499969482422,11.95,2.0,6.5395,-74.456333,260.0,90.31,141.17
PTB.2021.273.21.26.33,PTB,2021.273.21.26.33,unlabelled,,,,,0,0,0.0,0.0,,,6.828999996185303,-76.19400024414062,15.98,1.5,6.5395,-74.456333,260.0,194.78,279.56
PTB.2021.274.09.46.59,PTB,2021.274.09.46.59,unlabelled,,,,,0,0,0.0,0.0,,,4.0960001945495605,-75.51699829101562,27.93,1.5,6.5395,-74.456333,260.0,294.68,203.56
PTB.2021.274.19.06.34,PTB,2021.274.19.06.34,unlabelled,,,,,0,0,0.0,0.0,,,4.26800012588501,-73.61000061035156,1.66,1.5,6.5395,-74.456333,260.0,268.13,159.48
PTB.2021.275.11.26.40,PTB,2021.275.11.26.40,unlabelled,,,,,0,0,0.0,0.0,,,4.5879998207092285,-76.33100128173828,0.0,1.7,6.5395,-74.456333,260.0,299.52,224.0
PTB.2021.275.12.48.36,PTB,2021.275.12.48.36,unlabelled,,,,,0,0,0.0,0.0,,,5.697999954223633,-73.05500030517578,11.52,2.2,6.5395,-74.456333,260.0,180.89,120.89
PTB.2021.276.00.16.03,PTB,2021.276.00.16.03,unlabelled,,,,,0,0,0.0,0.0,,,7.123000144958496,-76.04000091552734,0.0,1.5,6.5395,-74.456333,260.0,186.56,290.33
PTB.2021.276.17.14.40,PTB,2021.276.17.14.40,unlabelled,,,,,0,0,0.0,0.0,,,5.814000129699707,-72.49600219726562,15.39,1.6,6.5395,-74.456333,260.0,231.32,110.19
PTB.2021.277.03.50.58,PTB,2021.277.03.50.58,unlabelled,,,,,0,0,0.0,0.0,,,5.922999858856201,-75.52400207519531,34.49,1.6,6.5395,-74.456333,260.0,136.41,240.07
PTB.2021.277.13.10.15,PTB,2021.277.13.10.15,unlabelled,,,,,0,0,0.0,0.0,,,5.22599983215332,-72.87899780273438,24.18,2.2,6.5395,-74.456333,260.0,227.17,129.66
PTB.2021.278.05.57.17,PTB,2021.278.05.57.17,unlabelled,,,,,0,0,0.0,0.0,,,7.2270002365112305,-76.20099639892578,15.98,1.7,6.5395,-74.456333,260.0,207.27,291.62
PTB.2021.280.06.18.25,PTB,2021.280.06.18.25,unlabelled,,,,,0,0,0.0,0.0,,,5.5279998779296875,-76.31800079345703,31.09,1.7,6.5395,-74.456333,260.0,234.5,241.61
PTB.2021.280.08.36.09,PTB,2021.280.08.36.09,unlabelled,,,,,0,0,0.0,0.0,,,5.863999843597412,-75.48100280761719,6.37,1.5,6.5395,-74.456333,260.0,135.8,236.68
PTB.2021.280.10.33.31,PTB,2021.280.10.33.31,unlabelled,,,,,0,0,0.0,0.0,,,5.875999927520752,-75.47699737548828,8.01,1.5,6.5395,-74.456333,260.0,134.7,237.05
PTB.2021.280.21.35.41,PTB,2021.280.21.35.41,unlabelled,,,,,0,0,0.0,0.0,,,6.8520002365112305,-76.21800231933594,20.2,1.7,6.5395,-74.456333,260.0,197.82,280.16
PTB.2021.280.22.57.52,PTB,2021.280.22.57.52,unlabelled,,,,,0,0,0.0,0.0,,,7.309000015258789,-76.197998046875,13.4,2.3,6.5395,-74.456333,260.0,210.45,293.95
PTB.2021.280.23.40.32,PTB,2021.280.23.40.32,unlabelled,,,,,0,0,0.0,0.0,,,6.960000038146973,-76.31900024414062,19.02,2.1,6.5395,-74.456333,260.0,211.11,282.83
PTB.2021.281.04.39.38,PTB,2021.281.04.39.38,unlabelled,,,,,0,0,0.0,0.0,,,4.7270002365112305,-74.62100219726562,34.49,1.6,6.5395,-74.456333,260.0,201.26,185.21
PTB.2021.281.04.58.33,PTB,2021.281.04.58.33,unlabelled,,,,,0,0,0.0,0.0,,,7.071000099182129,-72.11199951171875,10.75,1.9,6.5395,-74.456333,260.0,265.72,77.08
PTB.2021.281.12.58.36,PTB,2021.281.12.58.36,unlabelled,,,,,0,0,0.0,0.0,,,5.872000217437744,-75.51499938964844,2.62,2.0,6.5395,-74.456333,260.0,138.48,237.85
PTB.2021.281.23.14.33,PTB,2021.281.23.14.33,unlabelled,,,,,0,0,0.0,0.0,,,3.986999988555908,-75.5530014038086,16.04,1.9,6.5395,-74.456333,260.0,307.33,203.35
PTB.2021.282.10.04.31,PTB,2021.282.10.04.31,unlabelled,,,,,0,0,0.0,0.0,,,5.672999858856201,-72.8270034790039,15.06,1.7,6.5395,-74.456333,260.0,204.23,117.89
PTB.2021.282.11.19.37,PTB,2021.282.11.19.37,unlabelled,,,,,0,0,0.0,0.0,,,7.01800012588501,-72.18599700927734,4.73,2.0,6.5395,-74.456333,260.0,256.49,77.96
PTB.2021.282.11.24.11,PTB,2021.282.11.24.11,unlabelled,,,,,0,0,0.0,0.0,,,7.0289998054504395,-72.16500091552734,3.0,2.0,6.5395,-74.456333,260.0,259.01,77.8
PTB.2021.282.19.29.31,PTB,2021.282.19.29.31,unlabelled,,,,,0,0,0.0,0.0,,,7.10099983215332,-72.37899780273438,13.05,1.6,6.5395,-74.456333,260.0,237.87,74.75
PTB.2021.283.11.43.03,PTB,2021.283.11.43.03,unlabelled,,,,,0,0,0.0,0.0,,,3.638000011444092,-75.07499694824219,19.61,1.6,6.5395,-74.456333,260.0,328.11,192.1
PTB.2021.284.05.26.00,PTB,2021.284.05.26.00,unlabelled,,,,,0,0,0.0,0.0,,,5.198999881744385,-76.0459976196289,34.96,1.6,6.5395,-74.456333,260.0,230.14,229.98
PTB.2021.284.07.56.49,PTB,2021.284.07.56.49,unlabelled,,,,,0,0,0.0,0.0,,,7.105999946594238,-73.04499816894531,0.0,1.5,6.5395,-74.456333,260.0,168.11,68.04
PTB.2021.284.10.43.24,PTB,2021.284.10.43.24,unlabelled,,,,,0,0,0.0,0.0,,,4.451000213623047,-75.62699890136719,14.39,1.9,6.5395,-74.456333,260.0,264.89,209.38
PTB.2021.284.22.10.14,PTB,2021.284.22.10.14,unlabelled,,,,,0,0,0.0,0.0,,,3.6429998874664307,-75.03800201416016,26.99,1.5,6.5395,-74.456333,260.0,326.73,191.41
PTB.2021.285.05.34.18,PTB,2021.285.05.34.18,unlabelled,,,,,0,0,0.0,0.0,,,6.364999771118164,-75.93199920654297,0.0,2.3,6.5395,-74.456333,260.0,164.37,263.34
PTB.2021.285.05.37.27,PTB,2021.285.05.37.27,unlabelled,,,,,0,0,0.0,0.0,,,7.394999980926514,-74.0009994506836,0.01,1.5,6.5395,-74.456333,260.0,107.16,27.98
PTB.2021.285.07.08.00,PTB,2021.285.07.08.00,unlabelled,,,,,0,0,0.0,0.0,,,5.943999767303467,-72.7699966430664,24.88,1.5,6.5395,-74.456333,260.0,197.89,109.34
PTB.2021.285.09.49.34,PTB,2021.285.09.49.34,unlabelled,,,,,0,0,0.0,0.0,,,5.956999778747559,-76.38800048828125,37.07,2.1,6.5395,-74.456333,260.0,223.26,253.34
PTB.2021.285.11.46.06,PTB,2021.285.11.46.06,unlabelled,,,,,0,0,0.0,0.0,,,3.6070001125335693,-74.41799926757812,22.07,1.5,6.5395,-74.456333,260.0,324.31,179.25
PTB.2021.286.02.33.46,PTB,2021.286.02.33.46,unlabelled,,,,,0,0,0.0,0.0,,,6.821000099182129,-71.89099884033203,27.58,1.5,6.5395,-74.456333,260.0,285.35,83.59
PTB.2021.287.05.20.03,PTB,2021.287.05.20.03,unlabelled,,,,,0,0,0.0,0.0,,,5.14900016784668,-73.02100372314453,13.05,1.8,6.5395,-74.456333,260.0,221.16,133.97
PTB.2021.287.06.53.09,PTB,2021.287.06.53.09,unlabelled,,,,,0,0,0.0,0.0,,,7.375999927520752,-77.18900299072266,16.81,1.6,6.5395,-74.456333,260.0,315.82,287.19
PTB.2021.287.12.05.35,PTB,2021.287.12.05.35,unlabelled,,,,,0,0,0.0,0.0,,,4.570000171661377,-73.5510025024414,17.62,2.0,6.5395,-74.456333,260.0,239.78,155.23
PTB.2021.287.21.09.37,PTB,2021.287.21.09.37,unlabelled,,,,,0,0,0.0,0.0,,,4.88100004196167,-74.80699920654297,32.85,1.7,6.5395,-74.456333,260.0,187.47,191.98
PTB.2021.288.01.26.31,PTB,2021.288.01.26.31,unlabelled,,,,,0,0,0.0,0.0,,,7.258999824523926,-77.0790023803711,20.15,2.0,6.5395,-74.456333,260.0,300.58,285.51
PTB.2021.288.01.29.28,PTB,2021.288.01.29.28,unlabelled,,,,,0,0,0.0,0.0,,,3.5959999561309814,-74.36199951171875,14.63,1.8,6.5395,-74.456333,260.0,325.67,178.15
PTB.2021.288.15.10.04,PTB,2021.288.15.10.04,unlabelled,,,,,0,0,0.0,0.0,,,4.635000228881836,-75.53700256347656,15.8,1.9,6.5395,-74.456333,260.0,242.26,209.67
PTB.2021.288.15.32.05,PTB,2021.288.15.32.05,unlabelled,,,,,0,0,0.0,0.0,,,4.632999897003174,-75.5459976196289,16.04,1.7,6.5395,-74.456333,260.0,242.95,209.85
PTB.2021.289.08.20.12,PTB,2021.289.08.20.12,unlabelled,,,,,0,0,0.0,0.0,,,5.880000114440918,-75.50399780273438,6.13,1.9,6.5395,-74.456333,260.0,136.98,237.89
PTB.2021.289.14.04.50,PTB,2021.289.14.04.50,unlabelled,,,,,0,0,0.0,0.0,,,6.73199987411499,-76.60900115966797,8.1,2.1,6.5395,-74.456333,260.0,238.99,275.23
PTB.2021.289.14.18.00,PTB,2021.289.14.18.00,unlabelled,,,,,0,0,0.0,0.0,,,6.923999786376953,-76.79499816894531,0.0,1.5,6.5395,-74.456333,260.0,262.03,279.47
PTB.2021.290.10.14.16,PTB,2021.290.10.14.16,unlabelled,,,,,0,0,0.0,0.0,,,6.570000171661377,-72.19200134277344,15.98,1.6,6.5395,-74.456333,260.0,250.45,89.1
PTB.2021.290.15.43.56,PTB,2021.290.15.43.56,unlabelled,,,,,0,0,0.0,0.0,,,6.709000110626221,-76.6259994506836,10.48,1.9,6.5395,-74.456333,260.0,240.66,274.59
PTB.2021.290.19.19.07,PTB,2021.290.19.19.07,unlabelled,,,,,0,0,0.0,0.0,,,6.2230000495910645,-72.88099670410156,26.05,1.7,6.5395,-74.456333,260.0,177.77,101.27
PTB.2021.291.03.41.44,PTB,2021.291.03.41.44,unlabelled,,,,,0,0,0.0,0.0,,,6.8470001220703125,-76.69400024414062,1.31,2.0,6.5395,-74.456333,260.0,249.74,277.96
PTB.2021.291.04.14.23,PTB,2021.291.04.14.23,unlabelled,,,,,0,0,0.0,0.0,,,6.894000053405762,-76.49700164794922,0.61,1.5,6.5395,-74.456333,260.0,229.0,279.98
PTB.2021.292.22.45.39,PTB,2021.292.22.45.39,unlabelled,,,,,0,0,0.0,0.0,,,5.202000141143799,-72.62300109863281,1.0,1.5,6.5395,-74.456333,260.0,251.18,125.98
PTB.2021.293.02.02.10,PTB,2021.293.02.02.10,unlabelled,,,,,0,0,0.0,0.0,,,5.824999809265137,-76.78900146484375,2.43,1.8,6.5395,-74.456333,260.0,269.99,253.11
PTB.2021.293.03.53.30,PTB,2021.293.03.53.30,unlabelled,,,,,0,0,0.0,0.0,,,6.53000020980835,-76.76799774169922,5.1,1.6,6.5395,-74.456333,260.0,255.67,269.9
PTB.2021.293.07.39.39,PTB,2021.293.07.39.39,unlabelled,,,,,0,0,0.0,0.0,,,5.538000106811523,-73.03299713134766,-0.05,1.5,6.5395,-74.456333,260.0,192.6,125.03
PTB.2021.293.12.18.45,PTB,2021.293.12.18.45,unlabelled,,,,,0,0,0.0,0.0,,,6.804999828338623,-72.13600158691406,22.17,1.8,6.5395,-74.456333,260.0,258.23,83.34
PTB.2021.294.03.24.39,PTB,2021.294.03.24.39,unlabelled,,,,,0,0,0.0,0.0,-1.03,-1.82,6.48199987411499,-72.22200012207031,21.37,2.1,6.5395,-74.456333,260.0,247.21,91.35
PTB.2021.294.04.58.29,PTB,2021.294.04.58.29,unlabelled,,,,,0,0,0.0,0.0,,,6.026000022888184,-73.54199981689453,20.2,1.5,6.5395,-74.456333,260.0,116.02,119.25
PTB.2021.294.15.44.12,PTB,2021.294.15.44.12,unlabelled,,,,,0,0,0.0,0.0,,,3.5969998836517334,-74.48400115966797,26.99,2.2,6.5395,-74.456333,260.0,325.41,180.54
PTB.2021.295.15.41.28,PTB,2021.295.15.41.28,unlabelled,,,,,0,0,0.0,0.0,,,5.610000133514404,-72.45800018310547,21.6,2.0,6.5395,-74.456333,260.0,243.93,114.81
PTB.2021.295.15.42.05,PTB,2021.295.15.42.05,unlabelled,,,,,0,0,0.0,0.0,,,5.59499979019165,-72.45800018310547,20.43,2.3,6.5395,-74.456333,260.0,244.63,115.17
PTB.2021.296.03.31.22,PTB,2021.296.03.31.22,unlabelled,,,,,0,0,0.0,0.0,,,5.744999885559082,-72.53299713134766,26.76,1.5,6.5395,-74.456333,260.0,230.3,112.32
PTB.2021.296.03.47.15,PTB,2021.296.03.47.15,unlabelled,,,,,0,0,0.0,0.0,,,4.879000186920166,-73.27200317382812,19.26,1.5,6.5395,-74.456333,260.0,225.67,144.4
PTB.2021.296.19.44.17,PTB,2021.296.19.44.17,unlabelled,,,,,0,0,0.0,0.0,,,4.488999843597412,-75.39800262451172,3.89,2.2,6.5395,-74.456333,260.0,249.61,204.76
PTB.2021.297.06.48.28,PTB,2021.297.06.48.28,unlabelled,,,,,0,0,0.0,0.0,,,4.4720001220703125,-76.11399841308594,93.67,1.5,6.5395,-74.456333,260.0,293.27,218.86
PTB.2021.297.06.58.37,PTB,2021.297.06.58.37,unlabelled,,,,,0,0,0.0,0.0,,,3.809999942779541,-73.65799713134766,13.16,1.9,6.5395,-74.456333,260.0,314.55,163.62
PTB.2021.297.12.37.06,PTB,2021.297.12.37.06,unlabelled,,,,,0,0,0.0,0.0,,,7.361999988555908,-71.88500213623047,6.98,1.7,6.5395,-74.456333,260.0,298.35,72.1
PTB.2021.297.19.44.15,PTB,2021.297.19.44.15,unlabelled,,,,,0,0,0.0,0.0,,,6.931000232696533,-77.14399719238281,10.34,1.8,6.5395,-74.456333,260.0,300.28,278.45
PTB.2021.298.04.56.56,PTB,2021.298.04.56.56,unlabelled,,,,,0,0,0.0,0.0,,,7.122000217437744,-77.1719970703125,18.09,1.9,6.5395,-74.456333,260.0,307.01,282.27
PTB.2021.298.09.41.27,PTB,2021.298.09.41.27,unlabelled,,,,,0,0,0.0,0.0,,,7.206999778747559,-72.3010025024414,4.61,1.5,6.5395,-74.456333,260.0,249.39,72.66
PTB.2021.299.08.01.09,PTB,2021.299.08.01.09,unlabelled,,,,,0,0,0.0,0.0,,,6.056000232696533,-72.5009994506836,16.91,2.7,6.5395,-74.456333,260.0,222.87,103.77
PTB.2021.299.13.49.08,PTB,2021.299.13.49.08,unlabelled,,,,,0,0,0.0,0.0,,,6.921999931335449,-72.16000366210938,4.05,2.1,6.5395,-74.456333,260.0,257.38,80.41
PTB.2021.299.14.03.54,PTB,2021.299.14.03.54,unlabelled,,,,,0,0,0.0,0.0,,,4.822000026702881,-72.77200317382812,0.0,1.8,6.5395,-74.456333,260.0,266.24,135.42
PTB.2021.300.07.27.52,PTB,2021.300.07.27.52,unlabelled,,,,,0,0,0.0,0.0,,,6.452000141143799,-76.5979995727539,3.99,1.7,6.5395,-74.456333,260.0,237.09,267.78
PTB.2021.300.18.38.53,PTB,2021.300.18.38.53,unlabelled,,,,,0,0,0.0,0.0,,,6.468999862670898,-75.99199676513672,4.72,1.9,6.5395,-74.456333,260.0,170.04,267.46
PTB.2021.300.23.51.37,PTB,2021.300.23.51.37,unlabelled,,,,,0,0,0.0,0.0,,,3.5480000972747803,-74.41400146484375,19.02,1.5,6.5395,-74.456333,260.0,330.84,179.19
PTB.2021.301.00.52.08,PTB,2021.301.00.52.08,unlabelled,,,,,0,0,0.0,0.0,,,6.918000221252441,-72.21199798583984,0.0,1.5,6.5395,-74.456333,260.0,251.63,80.29
PTB.2021.301.08.25.04,PTB,2021.301.08.25.04,unlabelled,,,,,0,0,0.0,0.0,,,7.071000099182129,-72.16899871826172,3.87,1.7,6.5395,-74.456333,260.0,259.58,76.78
PTB.2021.301.08.44.39,PTB,2021.301.08.44.39,unlabelled,,,,,0,0,0.0,0.0,,,4.767000198364258,-73.37699890136719,16.45,1.7,6.5395,-74.456333,260.0,229.6,148.56
PTB.2021.301.12.51.04,PTB,2021.301.12.51.04,unlabelled,,,,,0,0,0.0,0.0,,,3.7139999866485596,-74.36000061035156,31.8,1.6,6.5395,-74.456333,260.0,312.64,178.04
PTB.2021.301.21.51.21,PTB,2021.301.21.51.21,unlabelled,,,,,0,0,0.0,0.0,,,4.105000019073486,-75.49099731445312,24.41,1.8,6.5395,-74.456333,260.0,292.62,203.12
PTB.2021.302.13.03.27,PTB,2021.302.13.03.27,unlabelled,,,,,0,0,0.0,0.0,,,7.202000141143799,-72.53299713134766,37.4,1.6,6.5395,-74.456333,260.0,224.85,70.87
PTB.2021.302.17.15.19,PTB,2021.302.17.15.19,unlabelled,,,,,0,0,0.0,0.0,,,5.886000156402588,-72.97100067138672,0.03,1.8,6.5395,-74.456333,260.0,179.57,113.65
PTB.2021.303.09.43.13,PTB,2021.303.09.43.13,unlabelled,,,,,0,0,0.0,0.0,,,4.6529998779296875,-75.56800079345703,16.68,1.5,6.5395,-74.456333,260.0,242.26,210.61
PTB.2021.303.10.00.18,PTB,2021.303.10.00.18,unlabelled,,,,,0,0,0.0,0.0,,,4.690000057220459,-76.81199645996094,3.16,2.0,6.5395,-74.456333,260.0,331.57,232.04
PTB.2021.303.12.54.25,PTB,2021.303.12.54.25,unlabelled,,,,,0,0,0.0,0.0,,,4.665999889373779,-75.59300231933594,3.65,2.3,6.5395,-74.456333,260.0,242.45,211.35
PTB.2021.305.22.14.07,PTB,2021.305.22.14.07,unlabelled,,,,,0,0,0.0,0.0,,,6.071000099182129,-72.47699737548828,18.32,2.2,6.5395,-74.456333,260.0,225.06,103.2
PTB.2021.306.08.09.28,PTB,2021.306.08.09.28,unlabelled,,,,,0,0,0.0,0.0,,,5.28000020980835,-76.89800262451172,32.0,1.9,6.5395,-74.456333,260.0,304.13,242.87
PTB.2021.306.10.06.34,PTB,2021.306.10.06.34,unlabelled,,,,,0,0,0.0,0.0,,,5.1519999504089355,-73.08000183105469,13.16,1.7,6.5395,-74.456333,260.0,216.27,135.12
PTB.2021.306.13.53.48,PTB,2021.306.13.53.48,unlabelled,,,,,0,0,0.0,0.0,,,6.941999912261963,-72.16600036621094,3.9,1.6,6.5395,-74.456333,260.0,257.09,79.9
PTB.2021.306.17.37.49,PTB,2021.306.17.37.49,unlabelled,,,,,0,0,0.0,0.0,,,4.552000045776367,-73.17900085449219,16.33,1.6,6.5395,-74.456333,260.0,261.41,147.16
PTB.2021.306.20.45.32,PTB,2021.306.20.45.32,unlabelled,,,,,0,0,0.0,0.0,,,6.9670000076293945,-76.72799682617188,18.66,2.0,6.5395,-74.456333,260.0,255.55,280.79
PTB.2021.307.15.35.21,PTB,2021.307.15.35.21,unlabelled,,,,,0,0,0.0,0.0,,,4.796999931335449,-75.19499969482422,19.02,1.5,6.5395,-74.456333,260.0,209.35,203.05
PTB.2021.308.05.48.53,PTB,2021.308.05.48.53,unlabelled,,,,,0,0,0.0,0.0,,,3.946000099182129,-73.677001953125,19.96,1.6,6.5395,-74.456333,260.0,299.53,163.2
PTB.2021.308.06.36.08,PTB,2021.308.06.36.08,unlabelled,,,,,0,0,0.0,0.0,,,6.603000164031982,-76.91400146484375,4.77,1.6,6.5395,-74.456333,260.0,271.89,271.62
PTB.2021.308.15.29.10,PTB,2021.308.15.29.10,unlabelled,,,,,0,0,0.0,0.0,,,7.39300012588501,-76.16699981689453,17.62,1.7,6.5395,-74.456333,260.0,211.29,296.64
PTB.2021.309.14.13.43,PTB,2021.309.14.13.43,unlabelled,,,,,0,0,0.0,0.0,,,7.218999862670898,-72.25,23.83,1.7,6.5395,-74.456333,260.0,255.17,72.74
PTB.2021.309.15.25.49,PTB,2021.309.15.25.49,unlabelled,,,,,0,0,0.0,0.0,,,6.609000205993652,-76.59100341796875,15.58,1.5,6.5395,-74.456333,260.0,236.2,271.99
PTB.2021.309.20.29.37,PTB,2021.309.20.29.37,unlabelled,,,,,0,0,0.0,0.0,,,4.631999969482422,-75.55999755859375,16.04,1.6,6.5395,-74.456333,260.0,243.82,210.16
PTB.2021.310.19.27.06,PTB,2021.310.19.27.06,unlabelled,,,,,0,0,0.0,0.0,,,4.980999946594238,-76.26599884033203,3.51,1.7,6.5395,-74.456333,260.0,264.34,229.4
PTB.2021.311.01.22.38,PTB,2021.311.01.22.38,unlabelled,,,,,0,0,0.0,0.0,,,5.669000148773193,-72.61000061035156,15.98,1.7,6.5395,-74.456333,260.0,225.91,115.12
PTB.2021.311.02.06.34,PTB,2021.311.02.06.34,unlabelled,,,,,0,0,0.0,0.0,-4.47,,3.5880000591278076,-74.44400024414062,29.39,2.7,6.5395,-74.456333,260.0,326.39,179.76
PTB.2021.312.04.36.05,PTB,2021.312.04.36.05,unlabelled,,,,,0,0,0.0,0.0,,,6.702000141143799,-76.552001953125,6.5,1.6,6.5395,-74.456333,260.0,232.44,274.55
PTB.2021.312.05.32.30,PTB,2021.312.05.32.30,unlabelled,,,,,0,0,0.0,0.0,,,6.994999885559082,-72.18599700927734,21.95,2.3,6.5395,-74.456333,260.0,255.99,78.52
PTB.2021.312.21.01.20,PTB,2021.312.21.01.20,unlabelled,,,,,0,0,0.0,0.0,,,7.232999801635742,-77.10800170898438,40.12,3.0,6.5395,-74.456333,260.0,302.93,284.82
PTB.2021.313.04.26.54,PTB,2021.313.04.26.54,unlabelled,,,,,0,0,0.0,0.0,,,6.6570000648498535,-72.0459976196289,14.1,1.6,6.5395,-74.456333,260.0,266.87,87.07
PTB.2021.313.05.53.07,PTB,2021.313.05.53.07,unlabelled,,,,,0,0,0.0,0.0,,,6.551000118255615,-72.20899963378906,18.79,1.5,6.5395,-74.456333,260.0,248.56,89.58
PTB.2021.314.03.47.18,PTB,2021.314.03.47.18,unlabelled,,,,,0,0,0.0,0.0,,,3.5940001010894775,-74.38800048828125,21.6,1.5,6.5395,-74.456333,260.0,325.81,178.66
PTB.2021.314.13.59.13,PTB,2021.314.13.59.13,unlabelled,,,,,0,0,0.0,0.0,,,3.8289999961853027,-73.81900024414062,4.74,2.6,6.5395,-74.456333,260.0,307.95,166.71
PTB.2021.314.15.14.07,PTB,2021.314.15.14.07,unlabelled,,,,,0,0,0.0,0.0,,,4.664999961853027,-75.52799987792969,12.05,1.8,6.5395,-74.456333,260.0,238.88,209.86
PTB.2021.316.09.46.40,PTB,2021.316.09.46.40,unlabelled,,,,,0,0,0.0,0.0,,,6.492000102996826,-72.4209976196289,26.23,1.6,6.5395,-74.456333,260.0,225.18,91.22
PTB.2021.316.14.12.26,PTB,2021.316.14.12.26,unlabelled,,,,,0,0,0.0,0.0,-2.66,,4.63100004196167,-76.54000091552734,0.03,1.6,6.5395,-74.456333,260.0,312.78,227.67
PTB.2021.316.19.05.36,PTB,2021.316.19.05.36,unlabelled,,,,,0,0,0.0,0.0,,,6.427000045776367,-76.81400299072266,20.22,1.9,6.5395,-74.456333,260.0,261.08,267.4
PTB.2021.317.11.25.41,PTB,2021.317.11.25.41,unlabelled,,,,,0,0,0.0,0.0,,,7.675000190734863,-73.89900207519531,13.79,2.3,6.5395,-74.456333,260.0,139.86,26.08
PTB.2021.318.21.51.46,PTB,2021.318.21.51.46,unlabelled,,,,,0,0,0.0,0.0,,,6.181000232696533,-72.30599975585938,28.83,1.5,6.5395,-74.456333,260.0,241.19,99.34
PTB.2021.321.00.37.00,PTB,2021.321.00.37.00,unlabelled,,,,,0,0,0.0,0.0,,,4.769000053405762,-73.38899993896484,12.93,1.6,6.5395,-74.456333,260.0,228.72,148.82
PTB.2021.321.07.31.09,PTB,2021.321.07.31.09,unlabelled,,,,,0,0,0.0,0.0,,,4.492000102996826,-73.36799621582031,16.21,1.5,6.5395,-74.456333,260.0,256.53,151.91
PTB.2021.321.08.44.08,PTB,2021.321.08.44.08,unlabelled,,,,,0,0,0.0,0.0,,,5.46999979019165,-72.77400207519531,11.1,1.5,6.5395,-74.456333,260.0,220.63,122.33
PTB.2021.323.18.35.24,PTB,2021.323.18.35.24,unlabelled,,,,,0,0,0.0,0.0,-8.14,-0.59,6.804999828338623,-76.1780014038086,0.0,1.6,6.5395,-74.456333,260.0,192.62,278.87
PTB.2021.324.06.14.58,PTB,2021.324.06.14.58,unlabelled,,,,,0,0,0.0,0.0,,,3.5390000343322754,-74.22799682617188,8.42,2.6,6.5395,-74.456333,260.0,332.77,175.63
PTB.2021.324.17.00.25,PTB,2021.324.17.00.25,unlabelled,,,,,0,0,0.0,0.0,,,3.875,-73.61799621582031,22.42,1.5,6.5395,-74.456333,260.0,308.96,162.45
PTB.2021.325.02.58.01,PTB,2021.325.02.58.01,unlabelled,,,,,0,0,0.0,0.0,,,6.465000152587891,-71.87100219726562,20.9,1.7,6.5395,-74.456333,260.0,286.08,91.5
PTB.2021.325.05.40.43,PTB,2021.325.05.40.43,unlabelled,,,,,0,0,0.0,0.0,-0.76,-6.6,4.881999969482422,-74.53500366210938,30.33,1.6,6.5395,-74.456333,260.0,183.5,182.73
PTB.2021.325.06.23.07,PTB,2021.325.06.23.07,unlabelled,,,,,0,0,0.0,0.0,,,6.7769999504089355,-76.85099792480469,31.83,1.7,6.5395,-74.456333,260.0,266.09,275.8
PTB.2021.325.18.56.24,PTB,2021.325.18.56.24,unlabelled,,,,,0,0,0.0,0.0,,,5.386000156402588,-76.7040023803711,36.95,2.3,6.5395,-74.456333,260.0,279.65,242.98
PTB.2021.326.14.46.09,PTB,2021.326.14.46.09,unlabelled,,,,,0,0,0.0,0.0,,,3.700000047683716,-74.26000213623047,9.41,2.1,6.5395,-74.456333,260.0,314.75,176.03
PTB.2021.326.20.35.59,PTB,2021.326.20.35.59,unlabelled,,,,,0,0,0.0,0.0,,,4.710000038146973,-75.85800170898438,28.87,1.9,6.5395,-74.456333,260.0,255.04,217.58
PTB.2021.327.06.06.03,PTB,2021.327.06.06.03,unlabelled,,,,,0,0,0.0,0.0,,,5.5879998207092285,-72.44000244140625,0.0,1.7,6.5395,-74.456333,260.0,246.77,115.13
PTB.2021.327.07.10.59,PTB,2021.327.07.10.59,unlabelled,,,,,0,0,0.0,0.0,,,5.985000133514404,-76.45800018310547,18.05,2.2,6.5395,-74.456333,260.0,229.83,254.64
PTB.2021.328.18.39.16,PTB,2021.328.18.39.16,unlabelled,,,,,0,0,0.0,0.0,,,5.4079999923706055,-74.9219970703125,12.04,1.7,6.5395,-74.456333,260.0,135.33,202.42
PTB.2021.329.03.28.03,PTB,2021.329.03.28.03,unlabelled,,,,,0,0,0.0,0.0,-2.11,-1.06,7.613999843597412,-74.69100189208984,9.07,1.6,6.5395,-74.456333,260.0,121.63,347.71
PTB.2021.330.11.38.08,PTB,2021.330.11.38.08,unlabelled,,,,,0,0,0.0,0.0,,,5.883999824523926,-76.97000122070312,18.41,1.8,6.5395,-74.456333,260.0,287.48,255.53
PTB.2021.330.16.17.23,PTB,2021.330.16.17.23,unlabelled,,,,,0,0,0.0,0.0,,,6.750999927520752,-76.31400299072266,0.0,2.3,6.5395,-74.456333,260.0,206.74,276.6
PTB.2021.331.09.46.20,PTB,2021.331.09.46.20,unlabelled,,,,,0,0,0.0,0.0,,,6.7210001945495605,-76.37899780273438,0.0,1.6,6.5395,-74.456333,260.0,213.55,275.5
PTB.2021.331.11.06.57,PTB,2021.331.11.06.57,unlabelled,,,,,0,0,0.0,0.0,,,3.571000099182129,-74.46700286865234,36.13,1.5,6.5395,-74.456333,260.0,328.27,180.21
PTB.2021.333.07.53.53,PTB,2021.333.07.53.53,unlabelled,,,,,0,0,0.0,0.0,,,3.6989998817443848,-74.19499969482422,14.22,4.2,6.5395,-74.456333,260.0,315.45,174.72
PTB.2021.333.10.58.08,PTB,2021.333.10.58.08,unlabelled,,,,,0,0,0.0,0.0,,,5.296000003814697,-74.86499786376953,30.04,1.5,6.5395,-74.456333,260.0,144.77,198.24
PTB.2021.333.13.59.05,PTB,2021.333.13.59.05,unlabelled,,,,,0,0,0.0,0.0,,,5.1479997634887695,-73.14800262451172,12.93,1.7,6.5395,-74.456333,260.0,211.36,136.65
PTB.2021.334.01.52.47,PTB,2021.334.01.52.47,unlabelled,,,,,0,0,0.0,0.0,-1.08,,3.677999973297119,-74.20099639892578,14.98,1.9,6.5395,-74.456333,260.0,317.7,174.88
PTB.2021.334.10.24.30,PTB,2021.334.10.24.30,unlabelled,,,,,0,0,0.0,0.0,,,4.7179999351501465,-73.41899871826172,10.82,1.9,6.5395,-74.456333,260.0,231.91,150.24
PTB.2021.335.00.30.40,PTB,2021.335.00.30.40,unlabelled,,,,,0,0,0.0,0.0,,,5.758999824523926,-76.10600280761719,10.17,1.5,6.5395,-74.456333,260.0,201.96,244.79
PTB.2021.335.09.41.25,PTB,2021.335.09.41.25,unlabelled,,,,,0,0,0.0,0.0,,,4.3460001945495605,-75.50599670410156,14.75,1.9,6.5395,-74.456333,260.0,269.01,205.67
PTB.2021.335.11.06.38,PTB,2021.335.11.06.38,unlabelled,,,,,0,0,0.0,0.0,,,5.730000019073486,-76.00800323486328,64.02,1.4,6.5395,-74.456333,260.0,193.68,242.55
PTB.2021.336.08.14.06,PTB,2021.336.08.14.06,unlabelled,,,,,0,0,0.0,0.0,,,5.629000186920166,-72.44100189208984,17.85,1.8,6.5395,-74.456333,260.0,244.76,114.18
PTB.2021.337.09.55.45,PTB,2021.337.09.55.45,unlabelled,,,,,0,0,0.0,0.0,-0.36,-0.77,5.497000217437744,-72.70800018310547,11.76,1.5,6.5395,-74.456333,260.0,225.29,120.68
PTB.2021.337.19.17.08,PTB,2021.337.19.17.08,unlabelled,,,,,0,0,0.0,0.0,,,7.164999961853027,-75.74700164794922,22.07,1.9,6.5395,-74.456333,260.0,158.54,295.94
PTB.2021.338.10.56.47,PTB,2021.338.10.56.47,unlabelled,,,,,0,0,0.0,0.0,,,6.360000133514404,-76.61599731445312,32.27,1.8,6.5395,-74.456333,260.0,239.72,265.37
PTB.2021.338.16.45.34,PTB,2021.338.16.45.34,unlabelled,,,,,0,0,0.0,0.0,,,5.765999794006348,-75.9010009765625,27.23,1.7,6.5395,-74.456333,260.0,181.34,241.93
PTB.2021.339.09.25.07,PTB,2021.339.09.25.07,unlabelled,,,,,0,0,0.0,0.0,,,5.840000152587891,-76.822998046875,29.1,1.5,6.5395,-74.456333,260.0,273.11,253.68
PTB.2021.340.05.23.14,PTB,2021.340.05.23.14,unlabelled,,,,,0,0,0.0,0.0,,,7.0329999923706055,-77.09700012207031,26.5,2.1,6.5395,-74.456333,260.0,296.97,280.74
PTB.2021.340.20.04.15,PTB,2021.340.20.04.15,unlabelled,,,,,0,0,0.0,0.0,-5.22,,5.781000137329102,-72.9540023803711,17.38,1.5,6.5395,-74.456333,260.0,186.24,116.69
PTB.2021.341.15.01.15,PTB,2021.341.15.01.15,unlabelled,,,,,0,0,0.0,0.0,,,7.24399995803833,-77.20500183105469,11.97,2.2,6.5395,-74.456333,260.0,313.61,284.55
PTB.2021.342.16.11.58,PTB,2021.342.16.11.58,unlabelled,,,,,0,0,0.0,0.0,,,5.763000011444092,-76.73999786376953,33.67,1.7,6.5395,-74.456333,260.0,266.95,251.36
PTB.2021.342.22.50.26,PTB,2021.342.22.50.26,unlabelled,,,,,0,0,0.0,0.0,-5.19,,5.760000228881836,-73.23400115966797,11.29,1.6,6.5395,-74.456333,260.0,160.42,122.44
PTB.2021.342.22.54.46,PTB,2021.342.22.54.46,unlabelled,,,,,0,0,0.0,0.0,,,4.38700008392334,-73.66100311279297,18.96,3.6,6.5395,-74.456333,260.0,253.82,159.64
PTB.2021.342.23.06.43,PTB,2021.342.23.06.43,unlabelled,,,,,0,0,0.0,0.0,,,4.431000232696533,-73.63899993896484,15.51,1.5,6.5395,-74.456333,260.0,250.14,158.73
PTB.2021.342.23.32.43,PTB,2021.342.23.32.43,unlabelled,,,,,0,0,0.0,0.0,,,4.419000148773193,-73.6240005493164,8.27,1.3,6.5395,-74.456333,260.0,251.98,158.49
PTB.2021.343.00.16.01,PTB,2021.343.00.16.01,unlabelled,,,,,0,0,0.0,0.0,,,4.414000034332275,-73.66200256347656,18.85,2.3,6.5395,-74.456333,260.0,250.99,159.43
PTB.2021.343.00.18.24,PTB,2021.343.00.18.24,unlabelled,,,,,0,0,0.0,0.0,,,4.423999786376953,-73.93499755859375,15.51,1.6,6.5395,-74.456333,260.0,240.97,166.1
PTB.2021.343.00.19.41,PTB,2021.343.00.19.41,unlabelled,,,,,0,0,0.0,0.0,,,4.420000076293945,-73.64900207519531,13.16,1.8,6.5395,-74.456333,260.0,250.88,159.07
PTB.2021.343.00.30.05,PTB,2021.343.00.30.05,unlabelled,,,,,0,0,0.0,0.0,,,4.40500020980835,-73.65599822998047,14.1,1.6,6.5395,-74.456333,260.0,252.15,159.37
PTB.2021.343.01.29.37,PTB,2021.343.01.29.37,unlabelled,,,,,0,0,0.0,0.0,,,4.389999866485596,-73.64099884033203,21.37,1.8,6.5395,-74.456333,260.0,254.29,159.15
PTB.2021.343.03.55.51,PTB,2021.343.03.55.51,unlabelled,,,,,0,0,0.0,0.0,,,4.4019999504089355,-73.66600036621094,15.92,1.5,6.5395,-74.456333,260.0,252.08,159.63
PTB.2021.343.03.59.35,PTB,2021.343.03.59.35,unlabelled,,,,,0,0,0.0,0.0,,,4.4039998054504395,-73.64299774169922,17.56,2.2,6.5395,-74.456333,260.0,252.77,159.07
PTB.2021.344.00.52.29,PTB,2021.344.00.52.29,unlabelled,,,,,0,0,0.0,0.0,,,5.876999855041504,-76.69000244140625,30.86,1.6,6.5395,-74.456333,260.0,257.83,253.61
PTB.2021.344.09.25.54,PTB,2021.344.09.25.54,unlabelled,,,,,0,0,0.0,0.0,-0.69,-0.13,7.289999961853027,-72.0739974975586,0.51,2.0,6.5395,-74.456333,260.0,276.05,72.36
PTB.2021.344.09.30.10,PTB,2021.344.09.30.10,unlabelled,,,,,0,0,0.0,0.0,,,3.5940001010894775,-74.41600036621094,25.12,1.8,6.5395,-74.456333,260.0,325.75,179.21
PTB.2021.344.14.56.59,PTB,2021.344.14.56.59,unlabelled,,,,,0,0,0.0,0.0,,,6.066999912261963,-72.50499725341797,26.21,1.5,6.5395,-74.456333,260.0,222.15,103.5
PTB.2021.344.15.21.54,PTB,2021.344.15.21.54,unlabelled,,,,,0,0,0.0,0.0,,,5.499000072479248,-72.70600128173828,2.85,1.5,6.5395,-74.456333,260.0,225.36,120.61
PTB.2021.344.17.37.50,PTB,2021.344.17.37.50,unlabelled,,,,,0,0,0.0,0.0,,,4.392000198364258,-73.66200256347656,17.85,2.4,6.5395,-74.456333,260.0,253.27,159.62
PTB.2021.344.17.39.36,PTB,2021.344.17.39.36,unlabelled,,,,,0,0,0.0,0.0,,,4.419000148773193,-73.6449966430664,16.04,1.7,6.5395,-74.456333,260.0,251.14,158.98
PTB.2021.344.18.09.02,PTB,2021.344.18.09.02,unlabelled,,,,,0,0,0.0,0.0,,,4.427000045776367,-73.66000366210938,16.97,1.6,6.5395,-74.456333,260.0,249.72,159.27
PTB.2021.344.22.22.45,PTB,2021.344.22.22.45,unlabelled,,,,,0,0,0.0,0.0,,,4.408999919891357,-73.64900207519531,15.04,1.8,6.5395,-74.456333,260.0,252.01,159.17
PTB.2021.344.23.12.04,PTB,2021.344.23.12.04,unlabelled,,,,,0,0,0.0,0.0,,,3.5399999618530273,-74.27300262451172,11.93,1.8,6.5395,-74.456333,260.0,332.32,176.48
PTB.2021.345.06.56.30,PTB,2021.345.06.56.30,unlabelled,,,,,0,0,0.0,0.0,,,6.644999980926514,-76.72100067138672,4.02,1.5,6.5395,-74.456333,260.0,250.72,272.8
PTB.2021.346.01.20.34,PTB,2021.346.01.20.34,unlabelled,,,,,0,0,0.0,0.0,,,3.5959999561309814,-74.38500213623047,25.7,2.0,6.5395,-74.456333,260.0,325.6,178.6
PTB.2021.346.04.30.38,PTB,2021.346.04.30.38,unlabelled,,,,,0,0,0.0,0.0,,,6.822999954223633,-76.94200134277344,28.44,2.0,6.5395,-74.456333,260.0,276.62,276.65
PTB.2021.346.16.46.27,PTB,2021.346.16.46.27,unlabelled,,,,,0,0,0.0,0.0,,,3.7639999389648438,-74.08599853515625,22.77,1.5,6.5395,-74.456333,260.0,309.66,172.36
PTB.2021.349.09.50.36,PTB,2021.349.09.50.36,unlabelled,,,,,0,0,0.0,0.0,-0.27,,6.690999984741211,-76.68299865722656,16.18,1.7,6.5395,-74.456333,260.0,246.8,274.02
PTB.2021.350.10.03.42,PTB,2021.350.10.03.42,unlabelled,,,,,0,0,0.0,0.0,,,4.401000022888184,-76.18000030517578,0.11,2.0,6.5395,-74.456333,260.0,303.98,219.01
PTB.2021.351.04.52.53,PTB,2021.351.04.52.53,unlabelled,,,,,0,0,0.0,0.0,,,5.138000011444092,-73.04199981689453,14.57,1.7,6.5395,-74.456333,260.0,220.35,134.62
PTB.2021.351.06.17.35,PTB,2021.351.06.17.35,unlabelled,,,,,0,0,0.0,0.0,,,6.75600004196167,-76.83699798583984,1.95,1.5,6.5395,-74.456333,260.0,264.33,275.33
PTB.2021.352.07.38.55,PTB,2021.352.07.38.55,unlabelled,,,,,0,0,0.0,0.0,,,3.8269999027252197,-74.06700134277344,14.34,2.0,6.5395,-74.456333,260.0,303.05,171.79
PTB.2021.352.23.00.57,PTB,2021.352.23.00.57,unlabelled,,,,,0,0,0.0,0.0,,,6.006999969482422,-76.70099639892578,0.0,1.8,6.5395,-74.456333,260.0,255.27,256.79
PTB.2021.353.09.26.52,PTB,2021.353.09.26.52,unlabelled,,,,,0,0,0.0,0.0,,,5.269000053405762,-72.81700134277344,18.32,1.5,6.5395,-74.456333,260.0,229.55,127.65
PTB.2021.354.07.21.06,PTB,2021.354.07.21.06,unlabelled,,,,,0,0,0.0,0.0,,,6.519999980926514,-76.72000122070312,0.09,1.6,6.5395,-74.456333,260.0,250.38,269.64
PTB.2021.354.21.55.47,PTB,2021.354.21.55.47,unlabelled,,,,,0,0,0.0,0.0,,,6.557000160217285,-72.13899993896484,32.84,1.6,6.5395,-74.456333,260.0,256.3,89.44
PTB.2021.355.05.47.25,PTB,2021.355.05.47.25,unlabelled,,,,,0,0,0.0,0.0,,,6.0980000495910645,-76.02899932861328,33.55,1.6,6.5395,-74.456333,260.0,180.73,254.41
PTB.2021.355.07.49.21,PTB,2021.355.07.49.21,unlabelled,,,,,0,0,0.0,0.0,,,4.434999942779541,-73.58999633789062,12.93,1.5,6.5395,-74.456333,260.0,251.75,157.54
PTB.2021.355.08.34.56,PTB,2021.355.08.34.56,unlabelled,,,,,0,0,0.0,0.0,,,7.306000232696533,-77.22100067138672,21.0,1.6,6.5395,-74.456333,260.0,317.07,285.67
PTB.2021.355.23.55.01,PTB,2021.355.23.55.01,unlabelled,,,,,0,0,0.0,0.0,,,4.625,-76.32099914550781,28.16,2.0,6.5395,-74.456333,260.0,295.81,224.39
PTB.2021.356.02.47.21,PTB,2021.356.02.47.21,unlabelled,,,,,0,0,0.0,0.0,,,7.252999782562256,-77.24800109863281,3.54,2.2,6.5395,-74.456333,260.0,318.46,284.51
PTB.2021.356.23.35.32,PTB,2021.356.23.35.32,unlabelled,,,,,0,0,0.0,0.0,,,5.001999855041504,-74.677001953125,26.52,1.5,6.5395,-74.456333,260.0,171.77,188.19
PTB.2021.357.03.51.45,PTB,2021.357.03.51.45,unlabelled,,,,,0,0,0.0,0.0,,,4.60099983215332,-75.91600036621094,33.26,2.0,6.5395,-74.456333,260.0,268.53,217.11
PTB.2021.357.05.21.13,PTB,2021.357.05.21.13,unlabelled,,,,,0,0,0.0,0.0,,,5.270999908447266,-73.60800170898438,15.98,1.5,6.5395,-74.456333,260.0,168.83,146.15
PTB.2021.357.08.57.32,PTB,2021.357.08.57.32,unlabelled,,,,,0,0,0.0,0.0,,,6.75600004196167,-76.93199920654297,18.92,1.7,6.5395,-74.456333,260.0,274.79,275.14
PTB.2021.357.09.42.35,PTB,2021.357.09.42.35,unlabelled,,,,,0,0,0.0,0.0,-0.79,,6.875999927520752,-76.62100219726562,0.0,1.5,6.5395,-74.456333,260.0,242.21,278.96
PTB.2021.357.23.35.22,PTB,2021.357.23.35.22,unlabelled,,,,,0,0,0.0,0.0,,,6.013000011444092,-72.64900207519531,26.17,1.7,6.5395,-74.456333,260.0,208.3,106.13
PTB.2021.358.03.00.47,PTB,2021.358.03.00.47,unlabelled,,,,,0,0,0.0,0.0,,,6.9770002365112305,-76.1500015258789,12.93,1.6,6.5395,-74.456333,260.0,193.39,284.59
PTB.2021.358.03.07.06,PTB,2021.358.03.07.06,unlabelled,,,,,0,0,0.0,0.0,,,6.875,-76.16500091552734,25.82,1.8,6.5395,-74.456333,260.0,192.52,281.21
PTB.2021.358.03.19.51,PTB,2021.358.03.19.51,unlabelled,,,,,0,0,0.0,0.0,-1.51,,6.872000217437744,-76.197998046875,-0.04,1.7,6.5395,-74.456333,260.0,196.04,280.91
PTB.2021.358.03.21.14,PTB,2021.358.03.21.14,unlabelled,,,,,0,0,0.0,0.0,,,6.947000026702881,-76.16500091552734,26.52,2.3,6.5395,-74.456333,260.0,194.2,283.52
PTB.2021.358.03.57.56,PTB,2021.358.03.57.56,unlabelled,,,,,0,0,0.0,0.0,,,6.958000183105469,-76.16100311279297,22.54,2.8,6.5395,-74.456333,260.0,194.06,283.9
PTB.2021.358.12.46.57,PTB,2021.358.12.46.57,unlabelled,,,,,0,0,0.0,0.0,,,3.571000099182129,-74.44999694824219,32.15,1.2,6.5395,-74.456333,260.0,328.27,179.88
PTB.2021.360.00.13.28,PTB,2021.360.00.13.28,unlabelled,,,,,0,0,0.0,0.0,,,7.173999786376953,-76.88800048828125,4.33,1.8,6.5395,-74.456333,260.0,277.78,284.78
PTB.2021.360.01.08.50,PTB,2021.360.01.08.50,unlabelled,,,,,0,0,0.0,0.0,,,6.578999996185303,-73.04000091552734,17.85,1.5,6.5395,-74.456333,260.0,156.7,88.32
PTB.2021.360.09.46.26,PTB,2021.360.09.46.26,unlabelled,,,,,0,0,0.0,0.0,,,6.839000225067139,-76.23799896240234,0.0,1.6,6.5395,-74.456333,260.0,199.76,279.65
PTB.2021.360.12.07.33,PTB,2021.360.12.07.33,unlabelled,,,,,0,0,0.0,0.0,,,7.4720001220703125,-72.52100372314453,20.2,1.9,6.5395,-74.456333,260.0,237.41,64.14
PTB.2021.360.13.07.20,PTB,2021.360.13.07.20,unlabelled,,,,,0,0,0.0,0.0,,,3.7160000801086426,-73.95700073242188,8.59,1.6,6.5395,-74.456333,260.0,317.1,169.92
PTB.2021.361.14.51.38,PTB,2021.361.14.51.38,unlabelled,,,,,0,0,0.0,0.0,,,4.392000198364258,-73.80699920654297,13.4,1.5,6.5395,-74.456333,260.0,248.14,163.11
PTB.2021.361.16.29.23,PTB,2021.361.16.29.23,unlabelled,,,,,0,0,0.0,0.0,,,5.744999885559082,-76.17500305175781,16.45,1.8,6.5395,-74.456333,260.0,209.54,245.3
PTB.2021.361.19.07.22,PTB,2021.361.19.07.22,unlabelled,,,,,0,0,0.0,0.0,,,5.859000205993652,-73.09500122070312,13.16,1.5,6.5395,-74.456333,260.0,168.41,116.47
PTB.2021.362.02.16.55,PTB,2021.362.02.16.55,unlabelled,,,,,0,0,0.0,0.0,,,4.671999931335449,-76.33799743652344,31.2,2.1,6.5395,-74.456333,260.0,293.44,225.37
PTB.2021.362.05.29.11,PTB,2021.362.05.29.11,unlabelled,,,,,0,0,0.0,0.0,,,3.6010000705718994,-74.63500213623047,25.12,1.5,6.5395,-74.456333,260.0,325.55,183.5
PTB.2021.362.09.07.56,PTB,2021.362.09.07.56,unlabelled,,,,,0,0,0.0,0.0,,,3.5420000553131104,-74.18599700927734,16.91,1.8,6.5395,-74.456333,260.0,332.83,174.82
PTB.2021.362.18.07.55,PTB,2021.362.18.07.55,unlabelled,,,,,0,0,0.0,0.0,,,6.2829999923706055,-72.01000213623047,26.2,1.5,6.5395,-74.456333,260.0,272.11,95.85
PTB.2021.363.02.14.03,PTB,2021.363.02.14.03,unlabelled,,,,,0,0,0.0,0.0,,,6.710000038146973,-76.6969985961914,0.0,2.0,6.5395,-74.456333,260.0,248.49,274.48
PTB.2021.363.18.59.27,PTB,2021.363.18.59.27,unlabelled,,,,,0,0,0.0,0.0,,,4.293000221252441,-73.66699981689453,4.99,1.7,6.5395,-74.456333,260.0,263.38,160.56
PTB.2021.364.01.09.06,PTB,2021.364.01.09.06,unlabelled,,,,,0,0,0.0,0.0,,,3.575000047683716,-74.39900207519531,26.05,1.7,6.5395,-74.456333,260.0,327.89,178.89
PTB.2021.364.06.35.50,PTB,2021.364.06.35.50,unlabelled,,,,,0,0,0.0,0.0,-4.4,,5.943999767303467,-72.5260009765625,15.98,1.5,6.5395,-74.456333,260.0,223.54,107.03
PTB.2021.365.00.12.30,PTB,2021.365.00.12.30,unlabelled,,,,,0,0,0.0,0.0,,,6.271999835968018,-72.36499786376953,0.01,1.5,6.5395,-74.456333,260.0,233.25,97.17
PTB.2021.365.01.00.39,PTB,2021.365.01.00.39,unlabelled,,,,,0,0,0.0,0.0,,,3.8399999141693115,-73.66999816894531,10.82,1.5,6.5395,-74.456333,260.0,310.99,163.68
PTB.2021.365.06.30.08,PTB,2021.365.06.30.08,unlabelled,,,,,0,0,0.0,0.0,-1.73,-5.8,5.059999942779541,-72.9530029296875,15.86,1.6,6.5395,-74.456333,260.0,233.43,134.42
PTB.2021.365.06.39.27,PTB,2021.365.06.39.27,unlabelled,,,,,0,0,0.0,0.0,,,5.019000053405762,-72.9219970703125,17.15,2.0,6.5395,-74.456333,260.0,239.06,134.62
PTB.2021.365.06.47.02,PTB,2021.365.06.47.02,unlabelled,,,,,0,0,0.0,0.0,,,5.1479997634887695,-73.07599639892578,12.93,1.5,6.5395,-74.456333,260.0,216.9,135.12
PTB.2021.365.12.15.47,PTB,2021.365.12.15.47,unlabelled,,,,,0,0,0.0,0.0,,,6.883999824523926,-76.1729965209961,0.0,1.6,6.5395,-74.456333,260.0,193.58,281.45
PTB.2021.365.12.45.03,PTB,2021.365.12.45.03,unlabelled,,,,,0,0,0.0,0.0,,,3.5390000343322754,-74.26200103759766,9.18,1.5,6.5395,-74.456333,260.0,332.5,176.28
PTB.2022.001.10.39.13,PTB,2022.001.10.39.13,unlabelled,,,,,0,0,0.0,0.0,,,5.622000217437744,-72.65899658203125,25.12,1.5,6.5395,-74.456333,260.0,223.34,116.92
PTB.2022.001.11.38.47,PTB,2022.001.11.38.47,unlabelled,,,,,0,0,0.0,0.0,,,6.109000205993652,-72.41100311279297,15.98,1.6,6.5395,-74.456333,260.0,231.26,101.77
PTB.2022.001.12.16.00,PTB,2022.001.12.16.00,unlabelled,,,,,0,0,0.0,0.0,,,3.5880000591278076,-74.46099853515625,22.07,1.6,6.5395,-74.456333,260.0,326.39,180.09
PTB.2022.001.12.21.46,PTB,2022.001.12.21.46,unlabelled,,,,,0,0,0.0,0.0,,,5.166999816894531,-72.62699890136719,16.21,1.6,6.5395,-74.456333,260.0,253.13,126.74
PTB.2022.001.20.44.37,PTB,2022.001.20.44.37,unlabelled,,,,,0,0,0.0,0.0,,,5.072000026702881,-72.9010009765625,15.98,1.7,6.5395,-74.456333,260.0,236.66,133.21
PTB.2022.001.22.52.01,PTB,2022.001.22.52.01,unlabelled,,,,,0,0,0.0,0.0,,,5.355999946594238,-72.66500091552734,32.62,1.6,6.5395,-74.456333,260.0,237.63,123.32
PTB.2022.002.08.30.29,PTB,2022.002.08.30.29,unlabelled,,,,,0,0,0.0,0.0,,,6.660999774932861,-72.06600189208984,19.02,1.8,6.5395,-74.456333,260.0,264.68,86.95
PTB.2022.002.11.04.14,PTB,2022.002.11.04.14,unlabelled,,,,,0,0,0.0,0.0,,,3.5840001106262207,-74.43299865722656,30.27,1.5,6.5395,-74.456333,260.0,326.84,179.55
PTB.2022.002.18.58.08,PTB,2022.002.18.58.08,unlabelled,,,,,0,0,0.0,0.0,-2.74,,6.961999893188477,-72.21499633789062,15.98,2.0,6.5395,-74.456333,260.0,252.15,79.19
PTB.2022.003.02.54.10,PTB,2022.003.02.54.10,unlabelled,,,,,0,0,0.0,0.0,,,6.019999980926514,-76.75,25.12,1.9,6.5395,-74.456333,260.0,260.23,257.37
PTB.2022.003.03.06.13,PTB,2022.003.03.06.13,unlabelled,,,,,0,0,0.0,0.0,,,6.015999794006348,-72.33799743652344,19.02,1.6,6.5395,-74.456333,260.0,241.45,103.76
PTB.2022.003.13.22.00,PTB,2022.003.13.22.00,unlabelled,,,,,0,0,0.0,0.0,,,6.947000026702881,-76.33899688720703,20.43,2.1,6.5395,-74.456333,260.0,212.96,282.33
PTB.2022.003.16.30.35,PTB,2022.003.16.30.35,unlabelled,,,,,0,0,0.0,0.0,,,3.9800000190734863,-75.64399719238281,19.26,1.9,6.5395,-74.456333,260.0,312.16,205.0
PTB.2022.003.17.44.16,PTB,2022.003.17.44.16,unlabelled,,,,,0,0,0.0,0.0,,,7.047999858856201,-75.97200012207031,6.83,1.9,6.5395,-74.456333,260.0,176.73,288.64
PTB.2022.003.19.20.30,PTB,2022.003.19.20.30,unlabelled,,,,,0,0,0.0,0.0,,,3.5339999198913574,-74.26799774169922,12.05,2.4,6.5395,-74.456333,260.0,333.01,176.4
PTB.2022.003.19.23.04,PTB,2022.003.19.23.04,unlabelled,,,,,0,0,0.0,0.0,,,5.611999988555908,-76.35800170898438,12.93,1.8,6.5395,-74.456333,260.0,234.17,244.13
PTB.2022.004.13.23.23,PTB,2022.004.13.23.23,unlabelled,,,,,0,0,0.0,0.0,,,5.110000133514404,-73.16999816894531,16.91,1.6,6.5395,-74.456333,260.0,212.8,137.91
PTB.2022.004.13.25.20,PTB,2022.004.13.25.20,unlabelled,,,,,0,0,0.0,0.0,,,5.127999782562256,-73.20899963378906,25.23,1.6,6.5395,-74.456333,260.0,208.44,138.43
PTB.2022.004.21.28.28,PTB,2022.004.21.28.28,unlabelled,,,,,0,0,0.0,0.0,,,5.079999923706055,-73.23600006103516,17.62,2.2,6.5395,-74.456333,260.0,210.51,139.99
PTB.2022.004.22.33.51,PTB,2022.004.22.33.51,unlabelled,,,,,0,0,0.0,0.0,,,5.177000045776367,-73.55699920654297,3.78,1.5,6.5395,-74.456333,260.0,180.61,146.49
PTB.2022.005.20.18.19,PTB,2022.005.20.18.19,unlabelled,,,,,0,0,0.0,0.0,,,5.105999946594238,-73.2959976196289,16.21,1.9,6.5395,-74.456333,260.0,204.07,140.91
PTB.2022.006.09.29.43,PTB,2022.006.09.29.43,unlabelled,,,,,0,0,0.0,0.0,,,6.797999858856201,-76.66899871826172,8.87,1.7,6.5395,-74.456333,260.0,246.32,276.79
PTB.2022.006.09.40.07,PTB,2022.006.09.40.07,unlabelled,,,,,0,0,0.0,0.0,-0.82,,3.5950000286102295,-74.34100341796875,18.96,2.8,6.5395,-74.456333,260.0,325.86,177.75
PTB.2022.006.18.08.35,PTB,2022.006.18.08.35,unlabelled,,,,,0,0,0.0,0.0,,,4.228000164031982,-73.72899627685547,29.04,2.3,6.5395,-74.456333,260.0,268.02,162.46
PTB.2022.006.20.27.22,PTB,2022.006.20.27.22,unlabelled,,,,,0,0,0.0,0.0,,,7.4019999504089355,-75.01899719238281,0.03,1.6,6.5395,-74.456333,260.0,113.86,326.94
PTB.2022.007.08.39.13,PTB,2022.007.08.39.13,unlabelled,,,,,0,0,0.0,0.0,,,6.72599983215332,-76.78500366210938,13.0,1.5,6.5395,-74.456333,260.0,258.33,274.71
PTB.2022.007.14.35.39,PTB,2022.007.14.35.39,unlabelled,,,,,0,0,0.0,0.0,,,4.431000232696533,-73.65799713134766,17.62,2.0,6.5395,-74.456333,260.0,249.38,159.18
PTB.2022.007.21.33.42,PTB,2022.007.21.33.42,unlabelled,,,,,0,0,0.0,0.0,,,7.331999778747559,-72.18000030517578,4.3,1.7,6.5395,-74.456333,260.0,266.39,70.66
PTB.2022.007.22.26.51,PTB,2022.007.22.26.51,unlabelled,,,,,0,0,0.0,0.0,-3.32,,6.900000095367432,-76.10800170898438,0.0,1.9,6.5395,-74.456333,260.0,186.91,282.41
PTB.2022.007.22.42.51,PTB,2022.007.22.42.51,unlabelled,,,,,0,0,0.0,0.0,,,6.618000030517578,-75.97599792480469,13.06,1.5,6.5395,-74.456333,260.0,168.29,273.04
PTB.2022.008.02.26.52,PTB,2022.008.02.26.52,unlabelled,,,,,0,0,0.0,0.0,,,6.077000141143799,-72.39399719238281,16.21,1.6,6.5395,-74.456333,260.0,233.86,102.52
PTB.2022.008.03.12.00,PTB,2022.008.03.12.00,unlabelled,,,,,0,0,0.0,0.0,,,6.646999835968018,-72.10199737548828,23.71,1.6,6.5395,-74.456333,260.0,260.63,87.25
PTB.2022.008.06.07.21,PTB,2022.008.06.07.21,unlabelled,,,,,0,0,0.0,0.0,,,4.255000114440918,-73.74299621582031,13.93,1.5,6.5395,-74.456333,260.0,264.71,162.59
PTB.2022.008.09.12.07,PTB,2022.008.09.12.07,unlabelled,,,,,0,0,0.0,0.0,,,3.8440001010894775,-73.697998046875,15.51,1.5,6.5395,-74.456333,260.0,309.71,164.21
PTB.2022.008.11.39.15,PTB,2022.008.11.39.15,unlabelled,,,,,0,0,0.0,0.0,,,7.171000003814697,-77.11900329589844,19.1,1.7,6.5395,-74.456333,260.0,302.47,283.51
PTB.2022.008.17.48.07,PTB,2022.008.17.48.07,unlabelled,,,,,0,0,0.0,0.0,,,7.328000068664551,-77.13200378417969,22.7,1.9,6.5395,-74.456333,260.0,308.28,286.59
PTB.2022.008.19.21.47,PTB,2022.008.19.21.47,unlabelled,,,,,0,0,0.0,0.0,,,3.578000068664551,-74.40499877929688,19.02,1.5,6.5395,-74.456333,260.0,327.54,179.0
PTB.2022.008.23.48.13,PTB,2022.008.23.48.13,unlabelled,,,,,0,0,0.0,0.0,,,5.054999828338623,-73.18699645996094,10.12,1.7,6.5395,-74.456333,260.0,216.13,139.36
PTB.2022.009.01.42.26,PTB,2022.009.01.42.26,unlabelled,,,,,0,0,0.0,0.0,,,6.002999782562256,-72.5260009765625,15.98,1.5,6.5395,-74.456333,260.0,221.69,105.42
PTB.2022.009.06.48.49,PTB,2022.009.06.48.49,unlabelled,,,,,0,0,0.0,0.0,,,3.8269999027252197,-75.52200317382812,19.02,1.5,6.5395,-74.456333,260.0,322.38,201.55
PTB.2022.009.08.52.17,PTB,2022.009.08.52.17,unlabelled,,,,,0,0,0.0,0.0,,,5.557000160217285,-73.04399871826172,19.02,2.0,6.5395,-74.456333,260.0,190.39,124.72
PTB.2022.009.08.56.48,PTB,2022.009.08.56.48,unlabelled,,,,,0,0,0.0,0.0,,,5.546000003814697,-73.06099700927734,15.98,1.5,6.5395,-74.456333,260.0,189.56,125.35
PTB.2022.009.09.32.03,PTB,2022.009.09.32.03,unlabelled,,,,,0,0,0.0,0.0,,,5.545000076293945,-73.12999725341797,18.91,1.5,6.5395,-74.456333,260.0,183.45,126.76
PTB.2022.009.11.41.58,PTB,2022.009.11.41.58,unlabelled,,,,,0,0,0.0,0.0,,,4.581999778747559,-73.50499725341797,0.0,1.5,6.5395,-74.456333,260.0,240.77,153.99
PTB.2022.009.15.22.52,PTB,2022.009.15.22.52,unlabelled,,,,,0,0,0.0,0.0,,,7.265999794006348,-72.10800170898438,16.8,1.7,6.5395,-74.456333,260.0,271.68,72.66
PTB.2022.009.17.13.59,PTB,2022.009.17.13.59,unlabelled,,,,,0,0,0.0,0.0,,,6.885000228881836,-76.25,-0.25,1.8,6.5395,-74.456333,260.0,201.96,281.01
PTB.2022.010.01.56.36,PTB,2022.010.01.56.36,unlabelled,,,,,0,0,0.0,0.0,-3.92,-2.78,5.671000003814697,-72.99500274658203,15.98,1.6,6.5395,-74.456333,260.0,188.12,120.62
PTB.2022.010.08.27.56,PTB,2022.010.08.27.56,unlabelled,,,,,0,0,0.0,0.0,,,5.059000015258789,-73.16100311279297,12.93,1.5,6.5395,-74.456333,260.0,217.68,138.71
PTB.2022.010.18.32.10,PTB,2022.010.18.32.10,unlabelled,,,,,0,0,0.0,0.0,,,6.236000061035156,-72.59300231933594,25.35,1.8,6.5395,-74.456333,260.0,208.86,99.14
PTB.2022.010.23.38.02,PTB,2022.010.23.38.02,unlabelled,,,,,0,0,0.0,0.0,,,6.311999797821045,-72.55400085449219,23.95,1.8,6.5395,-74.456333,260.0,211.94,96.71
PTB.2022.012.09.29.34,PTB,2022.012.09.29.34,unlabelled,,,,,0,0,0.0,0.0,,,4.591000080108643,-73.36900329589844,0.0,1.7,6.5395,-74.456333,260.0,246.86,150.74
PTB.2022.012.10.03.16,PTB,2022.012.10.03.16,unlabelled,,,,,0,0,0.0,0.0,,,5.499000072479248,-72.83899688720703,19.02,1.5,6.5395,-74.456333,260.0,212.84,122.64
PTB.2022.013.01.43.41,PTB,2022.013.01.43.41,unlabelled,,,,,0,0,0.0,0.0,,,6.593999862670898,-76.78299713134766,9.93,2.1,6.5395,-74.456333,260.0,257.39,271.47
PTB.2022.013.02.04.46,PTB,2022.013.02.04.46,unlabelled,,,,,0,0,0.0,0.0,,,4.418000221252441,-76.23400115966797,23.95,2.0,6.5395,-74.456333,260.0,306.33,220.11
PTB.2022.013.10.31.35,PTB,2022.013.10.31.35,unlabelled,,,,,0,0,0.0,0.0,,,6.421999931335449,-76.68299865722656,0.64,1.5,6.5395,-74.456333,260.0,246.64,267.11
PTB.2022.013.17.47.26,PTB,2022.013.17.47.26,unlabelled,,,,,0,0,0.0,0.0,,,4.4029998779296875,-76.19599914550781,33.79,1.5,6.5395,-74.456333,260.0,304.93,219.3
PTB.2022.014.02.15.52,PTB,2022.014.02.15.52,unlabelled,,,,,0,0,0.0,0.0,,,6.913000106811523,-76.13200378417969,0.0,1.5,6.5395,-74.456333,260.0,189.81,282.67
PTB.2022.014.05.56.56,PTB,2022.014.05.56.56,unlabelled,,,,,0,0,0.0,0.0,,,6.005000114440918,-72.4219970703125,15.98,1.6,6.5395,-74.456333,260.0,232.74,104.6
PTB.2022.014.07.13.03,PTB,2022.014.07.13.03,unlabelled,,,,,0,0,0.0,0.0,,,6.01800012588501,-72.4260025024414,17.15,1.9,6.5395,-74.456333,260.0,231.95,104.28
PTB.2022.014.18.30.32,PTB,2022.014.18.30.32,unlabelled,,,,,0,0,0.0,0.0,,,7.323999881744385,-73.11000061035156,21.13,1.5,6.5395,-74.456333,260.0,172.23,59.67
PTB.2022.015.03.55.48,PTB,2022.015.03.55.48,unlabelled,,,,,0,0,0.0,0.0,,,4.005000114440918,-74.04399871826172,12.99,1.9,6.5395,-74.456333,260.0,283.98,170.72
PTB.2022.015.08.33.46,PTB,2022.015.08.33.46,unlabelled,,,,,0,0,0.0,0.0,,,7.329999923706055,-77.08999633789062,20.0,1.8,6.5395,-74.456333,260.0,303.89,286.87
PTB.2022.015.11.30.23,PTB,2022.015.11.30.23,unlabelled,,,,,0,0,0.0,0.0,,,5.770999908447266,-72.5469970703125,19.61,1.6,6.5395,-74.456333,260.0,227.78,111.8
PTB.2022.016.09.15.49,PTB,2022.016.09.15.49,unlabelled,,,,,0,0,0.0,0.0,,,5.085999965667725,-76.7959976196289,0.0,1.5,6.5395,-74.456333,260.0,304.92,238.31
PTB.2022.016.10.28.05,PTB,2022.016.10.28.05,unlabelled,,,,,0,0,0.0,0.0,,,6.560999870300293,-76.54100036621094,0.71,1.8,6.5395,-74.456333,260.0,230.57,270.71
PTB.2022.016.12.19.53,PTB,2022.016.12.19.53,unlabelled,,,,,0,0,0.0,0.0,,,5.443999767303467,-76.44499969482422,30.27,1.6,6.5395,-74.456333,260.0,251.3,241.29
PTB.2022.017.22.12.31,PTB,2022.017.22.12.31,unlabelled,,,,,0,0,0.0,0.0,,,3.6419999599456787,-74.34200286865234,18.96,2.1,6.5395,-74.456333,260.0,320.67,177.73
PTB.2022.018.17.25.02,PTB,2022.018.17.25.02,unlabelled,,,,,0,0,0.0,0.0,,,4.88100004196167,-72.84700012207031,17.62,1.9,6.5395,-74.456333,260.0,255.76,135.73
PTB.2022.018.21.02.35,PTB,2022.018.21.02.35,unlabelled,,,,,0,0,0.0,0.0,,,7.054999828338623,-76.63600158691406,1.96,1.8,6.5395,-74.456333,260.0,247.6,283.44
PTB.2022.019.00.27.21,PTB,2022.019.00.27.21,unlabelled,,,,,0,0,0.0,0.0,,,4.415999889373779,-75.68199920654297,17.15,1.8,6.5395,-74.456333,260.0,271.27,210.11
PTB.2022.019.05.02.42,PTB,2022.019.05.02.42,unlabelled,,,,,0,0,0.0,0.0,-8.6,,5.730000019073486,-76.78800201416016,34.02,2.4,6.5395,-74.456333,260.0,273.17,251.0
PTB.2022.019.08.01.32,PTB,2022.019.08.01.32,unlabelled,,,,,0,0,0.0,0.0,,,4.459000110626221,-74.76000213623047,31.15,2.1,6.5395,-74.456333,260.0,232.52,188.34
PTB.2022.019.08.03.48,PTB,2022.019.08.03.48,unlabelled,,,,,0,0,0.0,0.0,-2.97,,4.466000080108643,-74.77100372314453,35.84,2.2,6.5395,-74.456333,260.0,231.93,188.66
PTB.2022.019.22.24.01,PTB,2022.019.22.24.01,unlabelled,,,,,0,0,0.0,0.0,,,4.433000087738037,-75.81600189208984,15.98,1.6,6.5395,-74.456333,260.0,277.42,212.96
PTB.2022.021.02.44.28,PTB,2022.021.02.44.28,unlabelled,,,,,0,0,0.0,0.0,,,4.492000102996826,-73.47000122070312,23.95,1.6,6.5395,-74.456333,260.0,251.42,154.18
PTB.2022.021.22.13.49,PTB,2022.021.22.13.49,unlabelled,,,,,0,0,0.0,0.0,,,5.9120001792907715,-72.57599639892578,19.02,1.9,6.5395,-74.456333,260.0,219.36,108.34
PTB.2022.022.07.10.08,PTB,2022.022.07.10.08,unlabelled,,,,,0,0,0.0,0.0,,,6.796000003814697,-76.23500061035156,1.31,1.6,6.5395,-74.456333,260.0,198.7,278.31
PTB.2022.022.07.39.56,PTB,2022.022.07.39.56,unlabelled,,,,,0,0,0.0,0.0,,,6.73199987411499,-76.14700317382812,0.0,1.5,6.5395,-74.456333,260.0,188.16,276.59
PTB.2022.022.07.59.02,PTB,2022.022.07.59.02,unlabelled,,,,,0,0,0.0,0.0,,,5.513999938964844,-72.61699676513672,28.63,3.5,6.5395,-74.456333,260.0,233.08,119.02
PTB.2022.022.08.43.20,PTB,2022.022.08.43.20,unlabelled,,,,,0,0,0.0,0.0,,,6.235000133514404,-76.87200164794922,30.61,1.5,6.5395,-74.456333,260.0,269.37,262.95
PTB.2022.022.15.27.02,PTB,2022.022.15.27.02,unlabelled,,,,,0,0,0.0,0.0,,,4.480999946594238,-76.2770004272461,24.18,1.8,6.5395,-74.456333,260.0,304.16,221.64
PTB.2022.022.18.54.46,PTB,2022.022.18.54.46,unlabelled,,,,,0,0,0.0,0.0,,,4.445000171661377,-76.26200103759766,28.16,1.6,6.5395,-74.456333,260.0,306.07,220.91
PTB.2022.022.22.05.40,PTB,2022.022.22.05.40,unlabelled,,,,,0,0,0.0,0.0,,,3.687999963760376,-74.25199890136719,15.98,1.5,6.5395,-74.456333,260.0,316.14,175.88
PTB.2022.023.20.19.29,PTB,2022.023.20.19.29,unlabelled,,,,,0,0,0.0,0.0,,,7.01800012588501,-73.96499633789062,9.77,1.8,6.5395,-74.456333,260.0,75.83,45.72
PTB.2022.024.04.01.18,PTB,2022.024.04.01.18,unlabelled,,,,,0,0,0.0,0.0,,,6.067999839782715,-72.21700286865234,17.27,2.0,6.5395,-74.456333,260.0,253.21,101.76
PTB.2022.024.07.04.57,PTB,2022.024.07.04.57,unlabelled,,,,,0,0,0.0,0.0,,,6.591000080108643,-77.22000122070312,0.0,1.5,6.5395,-74.456333,260.0,305.7,271.23
PTB.2022.024.12.34.35,PTB,2022.024.12.34.35,unlabelled,,,,,0,0,0.0,0.0,,,6.999000072479248,-72.322998046875,0.86,1.7,6.5395,-74.456333,260.0,241.25,77.72
PTB.2022.024.14.24.51,PTB,2022.024.14.24.51,unlabelled,,,,,0,0,0.0,0.0,,,5.271999835968018,-73.04900360107422,16.42,1.7,6.5395,-74.456333,260.0,209.6,131.9
PTB.2022.024.16.44.46,PTB,2022.024.16.44.46,unlabelled,,,,,0,0,0.0,0.0,,,5.613999843597412,-72.81099700927734,17.85,1.7,6.5395,-74.456333,260.0,208.92,119.24
PTB.2022.025.07.56.23,PTB,2022.025.07.56.23,unlabelled,,,,,0,0,0.0,0.0,,,3.875999927520752,-73.64700317382812,13.4,1.5,6.5395,-74.456333,260.0,307.9,163.02
PTB.2022.025.17.41.01,PTB,2022.025.17.41.01,unlabelled,,,,,0,0,0.0,0.0,,,7.295000076293945,-72.13099670410156,6.03,1.9,6.5395,-74.456333,260.0,270.22,71.85
PTB.2022.027.00.07.30,PTB,2022.027.00.07.30,unlabelled,,,,,0,0,0.0,0.0,,,6.11899995803833,-76.8010025024414,12.18,1.5,6.5395,-74.456333,260.0,263.56,259.97
PTB.2022.027.11.18.08,PTB,2022.027.11.18.08,unlabelled,,,,,0,0,0.0,0.0,,,7.697000026702881,-74.9990005493164,23.95,1.8,6.5395,-74.456333,260.0,141.35,334.94
PTB.2022.028.07.03.02,PTB,2022.028.07.03.02,unlabelled,,,,,0,0,0.0,0.0,,,5.23799991607666,-72.55999755859375,13.05,1.8,6.5395,-74.456333,260.0,254.58,124.33
PTB.2022.028.08.58.27,PTB,2022.028.08.58.27,unlabelled,,,,,0,0,0.0,0.0,,,3.5880000591278076,-74.44100189208984,23.01,1.8,6.5395,-74.456333,260.0,326.39,179.7
PTB.2022.029.02.10.33,PTB,2022.029.02.10.33,unlabelled,,,,,0,0,0.0,0.0,,,4.23199987411499,-75.36599731445312,15.74,1.5,6.5395,-74.456333,260.0,274.37,201.6
PTB.2022.030.03.31.39,PTB,2022.030.03.31.39,unlabelled,,,,,0,0,0.0,0.0,,,6.945000171661377,-76.64099884033203,0.0,1.9,6.5395,-74.456333,260.0,245.65,280.65
PTB.2022.030.05.31.10,PTB,2022.030.05.31.10,unlabelled,,,,,0,0,0.0,0.0,,,4.697999954223633,-74.89299774169922,24.94,2.0,6.5395,-74.456333,260.0,209.31,193.39
PTB.2022.030.07.51.02,PTB,2022.030.07.51.02,unlabelled,,,,,0,0,0.0,0.0,,,4.545000076293945,-76.1500015258789,31.68,1.7,6.5395,-74.456333,260.0,289.59,220.48
PTB.2022.030.13.44.42,PTB,2022.030.13.44.42,unlabelled,,,,,0,0,0.0,0.0,,,4.820000171661377,-74.78900146484375,25.12,1.6,6.5395,-74.456333,260.0,193.69,190.99
PTB.2022.030.21.35.48,PTB,2022.030.21.35.48,unlabelled,,,,,0,0,0.0,0.0,-1.57,-3.98,7.4070000648498535,-73.24600219726562,17.16,1.5,6.5395,-74.456333,260.0,164.59,54.27
PTB.2022.031.06.06.28,PTB,2022.031.06.06.28,unlabelled,,,,,0,0,0.0,0.0,,,5.741000175476074,-72.6510009765625,17.38,1.7,6.5395,-74.456333,260.0,218.46,113.74
PTB.2022.031.18.19.58,PTB,2022.031.18.19.58,unlabelled,,,,,0,0,0.0,0.0,,,5.439000129699707,-76.33699798583984,28.3,1.9,6.5395,-74.456333,260.0,241.17,239.8
PTB.2022.032.01.31.39,PTB,2022.032.01.31.39,unlabelled,,,,,0,0,0.0,0.0,,,7.429999828338623,-77.14399719238281,29.0,2.2,6.5395,-74.456333,260.0,312.88,288.51
PTB.2022.032.15.44.15,PTB,2022.032.15.44.15,unlabelled,,,,,0,0,0.0,0.0,,,4.177999973297119,-73.78500366210938,15.45,2.1,6.5395,-74.456333,260.0,271.54,164.06
PTB.2022.033.04.37.57,PTB,2022.033.04.37.57,unlabelled,,,,,0,0,0.0,0.0,,,7.593999862670898,-77.12999725341797,38.94,1.5,6.5395,-74.456333,260.0,317.57,291.7
PTB.2022.033.06.04.00,PTB,2022.033.06.04.00,unlabelled,,,,,0,0,0.0,0.0,,,7.122000217437744,-76.84200286865234,4.24,1.6,6.5395,-74.456333,260.0,271.45,283.87
PTB.2022.033.16.10.02,PTB,2022.033.16.10.02,unlabelled,,,,,0,0,0.0,0.0,,,7.116000175476074,-77.18399810791016,30.0,1.8,6.5395,-74.456333,260.0,308.17,282.1
PTB.2022.033.22.44.59,PTB,2022.033.22.44.59,unlabelled,,,,,0,0,0.0,0.0,,,5.559000015258789,-72.59300231933594,32.62,1.6,6.5395,-74.456333,260.0,233.04,117.63
PTB.2022.034.23.29.52,PTB,2022.034.23.29.52,unlabelled,,,,,0,0,0.0,0.0,,,6.324999809265137,-72.59500122070312,19.49,1.6,6.5395,-74.456333,260.0,207.27,96.47
PTB.2022.035.20.44.16,PTB,2022.035.20.44.16,unlabelled,,,,,0,0,0.0,0.0,,,4.703000068664551,-74.62200164794922,19.27,1.7,6.5395,-74.456333,260.0,203.92,185.17
PTB.2022.036.01.26.21,PTB,2022.036.01.26.21,unlabelled,,,,,0,0,0.0,0.0,,,4.849999904632568,-73.31300354003906,15.51,1.8,6.5395,-74.456333,260.0,225.71,145.81
PTB.2022.036.14.18.33,PTB,2022.036.14.18.33,unlabelled,,,,,0,0,0.0,0.0,,,6.71999979019165,-72.1520004272461,0.0,1.8,6.5395,-74.456333,260.0,255.59,85.39
PTB.2022.036.19.12.23,PTB,2022.036.19.12.23,unlabelled,,,,,0,0,0.0,0.0,,,7.084000110626221,-76.08799743652344,0.0,1.8,6.5395,-74.456333,260.0,190.15,288.56
PTB.2022.037.03.00.59,PTB,2022.037.03.00.59,unlabelled,,,,,0,0,0.0,0.0,,,3.555999994277954,-74.43099975585938,35.9,1.6,6.5395,-74.456333,260.0,329.94,179.51
PTB.2022.037.06.47.15,PTB,2022.037.06.47.15,unlabelled,,,,,0,0,0.0,0.0,-1.47,,6.920000076293945,-76.10800170898438,0.1,1.7,6.5395,-74.456333,260.0,187.39,283.07
PTB.2022.037.11.39.53,PTB,2022.037.11.39.53,unlabelled,,,,,0,0,0.0,0.0,,,6.646999835968018,-76.7509994506836,1.84,1.7,6.5395,-74.456333,260.0,254.04,272.81
PTB.2022.038.03.39.21,PTB,2022.038.03.39.21,unlabelled,,,,,0,0,0.0,0.0,,,6.375999927520752,-72.93699645996094,19.02,2.7,6.5395,-74.456333,260.0,169.04,96.05
PTB.2022.038.07.58.12,PTB,2022.038.07.58.12,unlabelled,,,,,0,0,0.0,0.0,,,3.697999954223633,-74.13700103759766,23.24,1.5,6.5395,-74.456333,260.0,316.21,173.56
PTB.2022.038.16.30.56,PTB,2022.038.16.30.56,unlabelled,,,,,0,0,0.0,0.0,,,6.296000003814697,-72.48200225830078,18.67,1.5,6.5395,-74.456333,260.0,220.07,96.92
PTB.2022.038.22.30.10,PTB,2022.038.22.30.10,unlabelled,,,,,0,0,0.0,0.0,,,5.879000186920166,-74.88500213623047,0.0,1.6,6.5395,-74.456333,260.0,87.1,213.03
PTB.2022.039.00.43.19,PTB,2022.039.00.43.19,unlabelled,,,,,0,0,0.0,0.0,,,5.331999778747559,-76.40499877929688,38.24,1.5,6.5395,-74.456333,260.0,253.74,238.35
PTB.2022.039.06.53.17,PTB,2022.039.06.53.17,unlabelled,,,,,0,0,0.0,0.0,,,7.486999988555908,-72.91200256347656,2.47,1.5,6.5395,-74.456333,260.0,200.24,58.35
PTB.2022.039.21.22.14,PTB,2022.039.21.22.14,unlabelled,,,,,0,0,0.0,0.0,,,5.326000213623047,-72.99700164794922,14.57,1.8,6.5395,-74.456333,260.0,210.04,129.63
PTB.2022.040.02.16.59,PTB,2022.040.02.16.59,unlabelled,,,,,0,0,0.0,0.0,,,6.855999946594238,-76.76899719238281,4.82,1.7,6.5395,-74.456333,260.0,258.08,277.93
PTB.2022.040.17.59.15,PTB,2022.040.17.59.15,unlabelled,,,,,0,0,0.0,0.0,,,5.01200008392334,-76.36299896240234,27.35,1.8,6.5395,-74.456333,260.0,270.42,231.44
PTB.2022.040.21.46.54,PTB,2022.040.21.46.54,unlabelled,,,,,0,0,0.0,0.0,,,6.314000129699707,-76.59100341796875,33.09,2.8,6.5395,-74.456333,260.0,237.46,264.09
PTB.2022.041.06.17.47,PTB,2022.041.06.17.47,unlabelled,,,,,0,0,0.0,0.0,,,4.38700008392334,-73.6510009765625,15.33,1.9,6.5395,-74.456333,260.0,254.21,159.41
PTB.2022.041.11.32.51,PTB,2022.041.11.32.51,unlabelled,,,,,0,0,0.0,0.0,,,6.809999942779541,-76.18000030517578,0.0,1.5,6.5395,-74.456333,260.0,192.92,279.02
PTB.2022.042.09.39.10,PTB,2022.042.09.39.10,unlabelled,,,,,0,0,0.0,0.0,,,5.216000080108643,-73.13400268554688,34.96,1.8,6.5395,-74.456333,260.0,207.03,134.92
PTB.2022.043.05.02.26,PTB,2022.043.05.02.26,unlabelled,,,,,0,0,0.0,0.0,,,4.355000019073486,-73.89299774169922,10.53,1.9,6.5395,-74.456333,260.0,249.51,165.48
PTB.2022.043.15.28.38,PTB,2022.043.15.28.38,unlabelled,,,,,0,0,0.0,0.0,,,6.886000156402588,-76.2699966430664,25.12,1.8,6.5395,-74.456333,260.0,204.15,280.92
PTB.2022.044.00.04.15,PTB,2022.044.00.04.15,unlabelled,,,,,0,0,0.0,0.0,,,7.071000099182129,-77.08799743652344,31.5,1.8,6.5395,-74.456333,260.0,296.78,281.58
PTB.2022.044.10.47.00,PTB,2022.044.10.47.00,unlabelled,,,,,0,0,0.0,0.0,,,7.4039998054504395,-76.16600036621094,15.74,1.9,6.5395,-74.456333,260.0,211.73,296.94
PTB.2022.044.16.05.40,PTB,2022.044.16.05.40,unlabelled,,,,,0,0,0.0,0.0,,,7.307000160217285,-76.66500091552734,1.71,1.7,6.5395,-74.456333,260.0,258.42,289.31
PTB.2022.045.00.07.13,PTB,2022.045.00.07.13,unlabelled,,,,,0,0,0.0,0.0,,,6.857999801635742,-76.64600372314453,32.62,2.0,6.5395,-74.456333,260.0,244.65,278.4
PTB.2022.045.01.21.12,PTB,2022.045.01.21.12,unlabelled,,,,,0,0,0.0,0.0,,,4.377999782562256,-76.0739974975586,32.15,1.7,6.5395,-74.456333,260.0,298.78,216.95
PTB.2022.045.03.22.25,PTB,2022.045.03.22.25,unlabelled,,,,,0,0,0.0,0.0,,,6.952000141143799,-77.11599731445312,6.69,1.8,6.5395,-74.456333,260.0,297.55,278.97
PTB.2022.045.10.05.11,PTB,2022.045.10.05.11,unlabelled,,,,,0,0,0.0,0.0,,,4.604000091552734,-73.55799865722656,24.18,1.7,6.5395,-74.456333,260.0,236.05,155.02
PTB.2022.045.15.34.28,PTB,2022.045.15.34.28,unlabelled,,,,,0,0,0.0,0.0,,,4.986999988555908,-73.19100189208984,15.98,1.8,6.5395,-74.456333,260.0,221.62,140.71
PTB.2022.045.16.28.49,PTB,2022.045.16.28.49,unlabelled,,,,,0,0,0.0,0.0,,,7.5329999923706055,-72.81199645996094,3.7,1.7,6.5395,-74.456333,260.0,212.31,58.74
PTB.2022.046.04.16.43,PTB,2022.046.04.16.43,unlabelled,,,,,0,0,0.0,0.0,,,5.104000091552734,-73.01599884033203,16.68,1.6,6.5395,-74.456333,260.0,225.04,134.79
PTB.2022.046.07.42.36,PTB,2022.046.07.42.36,unlabelled,,,,,0,0,0.0,0.0,,,6.8480000495910645,-76.31199645996094,16.45,1.3,6.5395,-74.456333,260.0,207.99,279.55
PTB.2022.046.09.48.11,PTB,2022.046.09.48.11,unlabelled,,,,,0,0,0.0,0.0,,,6.432000160217285,-76.58100128173828,11.07,1.7,6.5395,-74.456333,260.0,235.31,267.22
PTB.2022.047.09.19.19,PTB,2022.047.09.19.19,unlabelled,,,,,0,0,0.0,0.0,,,5.96999979019165,-72.58999633789062,19.14,1.6,6.5395,-74.456333,260.0,215.92,106.86
PTB.2022.047.12.21.05,PTB,2022.047.12.21.05,unlabelled,,,,,0,0,0.0,0.0,,,5.309999942779541,-73.00399780273438,23.36,2.0,6.5395,-74.456333,260.0,210.59,130.14
PTB.2022.048.04.47.32,PTB,2022.048.04.47.32,unlabelled,,,,,0,0,0.0,0.0,,,7.553999900817871,-72.11000061035156,4.39,1.7,6.5395,-74.456333,260.0,282.47,66.46
PTB.2022.048.05.57.17,PTB,2022.048.05.57.17,unlabelled,,,,,0,0,0.0,0.0,,,6.9720001220703125,-77.06500244140625,16.0,1.6,6.5395,-74.456333,260.0,292.33,279.57
PTB.2022.048.06.55.49,PTB,2022.048.06.55.49,unlabelled,,,,,0,0,0.0,0.0,,,5.813000202178955,-72.66799926757812,21.6,1.9,6.5395,-74.456333,260.0,213.61,111.99
PTB.2022.048.10.19.03,PTB,2022.048.10.19.03,unlabelled,,,,,0,0,0.0,0.0,,,7.294000148773193,-76.21299743652344,24.41,2.0,6.5395,-74.456333,260.0,211.31,293.36
PTB.2022.048.11.58.02,PTB,2022.048.11.58.02,unlabelled,,,,,0,0,0.0,0.0,,,6.627999782562256,-76.59500122070312,23.95,1.7,6.5395,-74.456333,260.0,236.72,272.49
PTB.2022.048.14.25.30,PTB,2022.048.14.25.30,unlabelled,,,,,0,0,0.0,0.0,,,6.988999843597412,-77.21299743652344,30.0,2.2,6.5395,-74.456333,260.0,308.78,279.42
PTB.2022.048.17.46.39,PTB,2022.048.17.46.39,unlabelled,,,,,0,0,0.0,0.0,,,5.613999843597412,-72.49299621582031,16.68,1.8,6.5395,-74.456333,260.0,240.23,115.11
PTB.2022.048.20.31.50,PTB,2022.048.20.31.50,unlabelled,,,,,0,0,0.0,0.0,,,3.569000005722046,-73.97100067138672,10.35,1.5,6.5395,-74.456333,260.0,332.87,170.67
PTB.2022.049.08.48.10,PTB,2022.049.08.48.10,unlabelled,,,,,0,0,0.0,0.0,,,5.315000057220459,-72.96700286865234,22.07,1.5,6.5395,-74.456333,260.0,213.38,129.31
PTB.2022.049.15.47.52,PTB,2022.049.15.47.52,unlabelled,,,,,0,0,0.0,0.0,,,3.73799991607666,-74.03299713134766,12.7,2.0,6.5395,-74.456333,260.0,313.33,171.36
PTB.2022.050.00.25.12,PTB,2022.050.00.25.12,unlabelled,,,,,0,0,0.0,0.0,,,6.993000030517578,-76.62699890136719,17.97,1.5,6.5395,-74.456333,260.0,245.15,281.93
PTB.2022.051.02.58.20,PTB,2022.051.02.58.20,unlabelled,,,,,0,0,0.0,0.0,,,6.520999908447266,-72.06300354003906,0.0,1.8,6.5395,-74.456333,260.0,264.71,90.31
PTB.2022.051.07.12.26,PTB,2022.051.07.12.26,unlabelled,,,,,0,0,0.0,0.0,,,5.329999923706055,-73.39800262451172,17.62,1.8,6.5395,-74.456333,260.0,177.83,138.72
PTB.2022.051.08.15.30,PTB,2022.051.08.15.30,unlabelled,,,,,0,0,0.0,0.0,,,6.572999954223633,-76.53299713134766,26.05,1.5,6.5395,-74.456333,260.0,229.7,271.04
PTB.2022.051.17.06.05,PTB,2022.051.17.06.05,unlabelled,,,,,0,0,0.0,0.0,,,7.505000114440918,-73.88300323486328,13.51,1.7,6.5395,-74.456333,260.0,124.15,30.65
PTB.2022.051.17.39.50,PTB,2022.051.17.39.50,unlabelled,,,,,0,0,0.0,0.0,-9.04,,6.960000038146973,-76.68399810791016,24.18,1.9,6.5395,-74.456333,260.0,250.63,280.82
PTB.2022.052.06.00.16,PTB,2022.052.06.00.16,unlabelled,,,,,0,0,0.0,0.0,,,5.8379998207092285,-72.58200073242188,15.51,2.0,6.5395,-74.456333,260.0,221.47,110.4
PTB.2022.052.09.46.01,PTB,2022.052.09.46.01,unlabelled,,,,,0,0,0.0,0.0,,,7.2769999504089355,-72.61100006103516,11.76,1.7,6.5395,-74.456333,260.0,219.64,68.09
PTB.2022.052.11.47.22,PTB,2022.052.11.47.22,unlabelled,,,,,0,0,0.0,0.0,,,6.9730000495910645,-76.30899810791016,24.18,1.6,6.5395,-74.456333,260.0,210.35,283.28
PTB.2022.052.12.43.10,PTB,2022.052.12.43.10,unlabelled,,,,,0,0,0.0,0.0,,,6.875999927520752,-76.68800354003906,22.42,2.1,6.5395,-74.456333,260.0,249.53,278.71
PTB.2022.052.13.09.29,PTB,2022.052.13.09.29,unlabelled,,,,,0,0,0.0,0.0,,,4.418000221252441,-73.65399932861328,15.51,1.9,6.5395,-74.456333,260.0,250.89,159.2
PTB.2022.053.00.46.13,PTB,2022.053.00.46.13,unlabelled,,,,,0,0,0.0,0.0,,,7.289999961853027,-77.05500030517578,37.07,2.0,6.5395,-74.456333,260.0,298.94,286.27
PTB.2022.053.07.58.32,PTB,2022.053.07.58.32,unlabelled,,,,,0,0,0.0,0.0,,,6.770999908447266,-72.31099700927734,15.86,1.6,6.5395,-74.456333,260.0,238.6,83.72
PTB.2022.053.08.49.42,PTB,2022.053.08.49.42,unlabelled,,,,,0,0,0.0,0.0,,,7.224999904632568,-73.80599975585938,26.79,1.6,6.5395,-74.456333,260.0,104.47,43.44
PTB.2022.053.09.59.12,PTB,2022.053.09.59.12,unlabelled,,,,,0,0,0.0,0.0,,,3.8350000381469727,-73.68000030517578,9.94,1.6,6.5395,-74.456333,260.0,311.21,163.91
PTB.2022.053.12.05.51,PTB,2022.053.12.05.51,unlabelled,,,,,0,0,0.0,0.0,,,4.364999771118164,-75.31300354003906,24.88,1.8,6.5395,-74.456333,260.0,258.53,201.59
PTB.2022.054.03.53.57,PTB,2022.054.03.53.57,unlabelled,,,,,0,0,0.0,0.0,,,6.693999767303467,-76.69000244140625,16.33,1.6,6.5395,-74.456333,260.0,247.6,274.09
PTB.2022.054.04.08.55,PTB,2022.054.04.08.55,unlabelled,,,,,0,0,0.0,0.0,,,6.854000091552734,-76.25700378417969,20.66,1.7,6.5395,-74.456333,260.0,202.11,280.01
PTB.2022.054.04.18.16,PTB,2022.054.04.18.16,unlabelled,,,,,0,0,0.0,0.0,,,6.849999904632568,-76.21199798583984,19.26,1.5,6.5395,-74.456333,260.0,197.13,280.13
PTB.2022.054.08.19.52,PTB,2022.054.08.19.52,unlabelled,,,,,0,0,0.0,0.0,,,7.318999767303467,-76.95999908447266,37.19,2.0,6.5395,-74.456333,260.0,289.8,287.45
PTB.2022.054.11.10.12,PTB,2022.054.11.10.12,unlabelled,,,,,0,0,0.0,0.0,,,4.558000087738037,-76.15799713134766,25.35,1.7,6.5395,-74.456333,260.0,289.07,220.8
PTB.2022.054.17.20.16,PTB,2022.054.17.20.16,unlabelled,,,,,0,0,0.0,0.0,,,7.47599983215332,-76.56999969482422,24.65,1.7,6.5395,-74.456333,260.0,255.48,294.04
PTB.2022.054.18.33.38,PTB,2022.054.18.33.38,unlabelled,,,,,0,0,0.0,0.0,,,7.4730000495910645,-76.64199829101562,25.23,1.7,6.5395,-74.456333,260.0,262.64,293.28
PTB.2022.054.20.24.19,PTB,2022.054.20.24.19,unlabelled,,,,,0,0,0.0,0.0,,,5.943999767303467,-72.47699737548828,13.87,2.3,6.5395,-74.456333,260.0,228.73,106.62
PTB.2022.055.01.44.06,PTB,2022.055.01.44.06,unlabelled,,,,,0,0,0.0,0.0,,,6.986999988555908,-76.31800079345703,21.6,1.5,6.5395,-74.456333,260.0,211.67,283.63
PTB.2022.055.01.55.07,PTB,2022.055.01.55.07,unlabelled,,,,,0,0,0.0,0.0,,,6.961999893188477,-72.96900177001953,10.35,1.5,6.5395,-74.456333,260.0,170.94,74.05
PTB.2022.055.02.33.59,PTB,2022.055.02.33.59,unlabelled,,,,,0,0,0.0,0.0,,,7.057000160217285,-76.5989990234375,28.16,1.8,6.5395,-74.456333,260.0,243.67,283.71
PTB.2022.055.04.09.21,PTB,2022.055.04.09.21,unlabelled,,,,,0,0,0.0,0.0,,,6.548999786376953,-72.875,15.98,1.6,6.5395,-74.456333,260.0,174.9,89.57
PTB.2022.055.04.47.47,PTB,2022.055.04.47.47,unlabelled,,,,,0,0,0.0,0.0,,,6.938000202178955,-76.25800323486328,26.0,1.5,6.5395,-74.456333,260.0,204.0,282.58
PTB.2022.055.06.42.27,PTB,2022.055.06.42.27,unlabelled,,,,,0,0,0.0,0.0,,,6.921999931335449,-76.33899688720703,15.51,1.6,6.5395,-74.456333,260.0,212.4,281.6
PTB.2022.055.07.55.28,PTB,2022.055.07.55.28,unlabelled,,,,,0,0,0.0,0.0,,,6.843999862670898,-76.14299774169922,12.23,1.5,6.5395,-74.456333,260.0,189.5,280.33
PTB.2022.055.14.39.49,PTB,2022.055.14.39.49,unlabelled,,,,,0,0,0.0,0.0,,,5.743000030517578,-77.30899810791016,26.92,1.9,6.5395,-74.456333,260.0,327.8,254.57
PTB.2022.056.00.42.41,PTB,2022.056.00.42.41,unlabelled,,,,,0,0,0.0,0.0,,,5.294000148773193,-72.98200225830078,19.02,1.5,6.5395,-74.456333,260.0,213.59,130.08
PTB.2022.056.03.19.44,PTB,2022.056.03.19.44,unlabelled,,,,,0,0,0.0,0.0,,,6.813000202178955,-76.8219985961914,2.66,1.6,6.5395,-74.456333,260.0,263.31,276.73
PTB.2022.056.04.16.40,PTB,2022.056.04.16.40,unlabelled,,,,,0,0,0.0,0.0,,,7.454999923706055,-73.10099792480469,2.44,1.6,6.5395,-74.456333,260.0,180.77,55.86
PTB.2022.056.06.41.44,PTB,2022.056.06.41.44,unlabelled,,,,,0,0,0.0,0.0,,,6.885000228881836,-76.36699676513672,13.98,1.5,6.5395,-74.456333,260.0,214.67,280.36
PTB.2022.056.08.22.02,PTB,2022.056.08.22.02,unlabelled,,,,,0,0,0.0,0.0,,,5.910999774932861,-72.49600219726562,20.55,1.8,6.5395,-74.456333,260.0,227.81,107.66
PTB.2022.056.22.45.06,PTB,2022.056.22.45.06,unlabelled,,,,,0,0,0.0,0.0,,,6.951000213623047,-76.28700256347656,17.85,1.5,6.5395,-74.456333,260.0,207.44,282.78
PTB.2022.057.09.32.20,PTB,2022.057.09.32.20,unlabelled,,,,,0,0,0.0,0.0,-1.15,,6.0329999923706055,-76.6259994506836,36.84,2.3,6.5395,-74.456333,260.0,246.53,256.99
PTB.2022.057.14.15.20,PTB,2022.057.14.15.20,unlabelled,,,,,0,0,0.0,0.0,,,5.563000202178955,-76.572998046875,13.87,1.6,6.5395,-74.456333,260.0,258.01,245.37
PTB.2022.057.18.22.20,PTB,2022.057.18.22.20,unlabelled,,,,,0,0,0.0,0.0,,,5.960999965667725,-76.53500366210938,33.55,2.0,6.5395,-74.456333,260.0,238.76,254.57
PTB.2022.057.19.37.47,PTB,2022.057.19.37.47,unlabelled,,,,,0,0,0.0,0.0,,,7.301000118255615,-76.17400360107422,19.02,1.7,6.5395,-74.456333,260.0,207.67,294.03
PTB.2022.058.05.28.20,PTB,2022.058.05.28.20,unlabelled,,,,,0,0,0.0,0.0,,,5.120999813079834,-73.10099792480469,14.57,1.5,6.5395,-74.456333,260.0,217.11,136.19
PTB.2022.060.09.54.13,PTB,2022.060.09.54.13,unlabelled,,,,,0,0,0.0,0.0,,,6.254000186920166,-77.177001953125,0.0,1.5,6.5395,-74.456333,260.0,302.64,264.16
PTB.2022.061.11.03.15,PTB,2022.061.11.03.15,unlabelled,,,,,0,0,0.0,0.0,,,3.619999885559082,-74.10399627685547,9.24,3.5,6.5395,-74.456333,260.0,325.2,173.08
PTB.2022.061.11.45.59,PTB,2022.061.11.45.59,unlabelled,,,,,0,0,0.0,0.0,,,3.624000072479248,-74.10900115966797,10.06,2.0,6.5395,-74.456333,260.0,324.7,173.17
PTB.2022.061.22.11.21,PTB,2022.061.22.11.21,unlabelled,,,,,0,0,0.0,0.0,,,5.866000175476074,-72.48600006103516,17.38,1.8,6.5395,-74.456333,260.0,230.43,108.75
PTB.2022.061.23.19.12,PTB,2022.061.23.19.12,unlabelled,,,,,0,0,0.0,0.0,,,6.979000091552734,-76.65599822998047,23.24,1.7,6.5395,-74.456333,260.0,247.98,281.43
PTB.2022.062.06.09.42,PTB,2022.062.06.09.42,unlabelled,,,,,0,0,0.0,0.0,,,3.5360000133514404,-74.35199737548828,21.89,1.8,6.5395,-74.456333,260.0,332.34,178.0
PTB.2022.062.12.12.13,PTB,2022.062.12.12.13,unlabelled,,,,,0,0,0.0,0.0,,,4.801000118255615,-74.64399719238281,32.85,1.8,6.5395,-74.456333,260.0,193.37,186.18
PTB.2022.062.15.27.21,PTB,2022.062.15.27.21,unlabelled,,,,,0,0,0.0,0.0,,,3.8380000591278076,-73.7020034790039,11.29,1.5,6.5395,-74.456333,260.0,310.22,164.33
PTB.2022.063.01.10.38,PTB,2022.063.01.10.38,unlabelled,,,,,0,0,0.0,0.0,,,6.034999847412109,-72.50299835205078,13.16,1.8,6.5395,-74.456333,260.0,223.23,104.36
PTB.2022.063.19.07.49,PTB,2022.063.19.07.49,unlabelled,,,,,0,0,0.0,0.0,,,5.171000003814697,-73.08200073242188,19.02,1.8,6.5395,-74.456333,260.0,214.63,134.77
PTB.2022.063.20.10.43,PTB,2022.063.20.10.43,unlabelled,,,,,0,0,0.0,0.0,,,5.659999847412109,-72.4540023803711,13.16,2.5,6.5395,-74.456333,260.0,242.04,113.58
PTB.2022.064.04.04.54,PTB,2022.064.04.04.54,unlabelled,,,,,0,0,0.0,0.0,,,7.053999900817871,-76.2959976196289,10.23,1.5,6.5395,-74.456333,260.0,211.17,285.74
PTB.2022.064.10.17.26,PTB,2022.064.10.17.26,unlabelled,,,,,0,0,0.0,0.0,,,6.978000164031982,-76.98799896240234,3.11,1.6,6.5395,-74.456333,260.0,284.05,279.98
PTB.2022.064.10.50.55,PTB,2022.064.10.50.55,unlabelled,,,,,0,0,0.0,0.0,,,7.265999794006348,-72.10800170898438,16.8,1.7,6.5395,-74.456333,260.0,271.68,72.66
PTB.2022.064.21.15.12,PTB,2022.064.21.15.12,unlabelled,,,,,0,0,0.0,0.0,,,4.502999782562256,-76.60199737548828,34.02,2.1,6.5395,-74.456333,260.0,327.47,226.66
PTB.2022.065.00.37.03,PTB,2022.065.00.37.03,unlabelled,,,,,0,0,0.0,0.0,,,5.306000232696533,-72.59400177001953,13.05,1.9,6.5395,-74.456333,260.0,247.24,123.39
PTB.2022.065.01.51.08,PTB,2022.065.01.51.08,unlabelled,,,,,0,0,0.0,0.0,,,4.735000133514404,-73.4000015258789,15.98,2.1,6.5395,-74.456333,260.0,231.33,149.56
PTB.2022.065.03.44.34,PTB,2022.065.03.44.34,unlabelled,,,,,0,0,0.0,0.0,,,7.160999774932861,-77.24700164794922,31.62,2.0,6.5395,-74.456333,260.0,316.02,282.73
PTB.2022.065.08.31.05,PTB,2022.065.08.31.05,unlabelled,,,,,0,0,0.0,0.0,,,6.452000141143799,-76.78900146484375,20.43,1.6,6.5395,-74.456333,260.0,258.2,267.98
PTB.2022.065.08.35.22,PTB,2022.065.08.35.22,unlabelled,,,,,0,0,0.0,0.0,,,7.14900016784668,-72.1500015258789,4.0,1.5,6.5395,-74.456333,260.0,263.68,75.05
PTB.2022.065.21.13.05,PTB,2022.065.21.13.05,unlabelled,,,,,0,0,0.0,0.0,,,6.843999862670898,-76.71499633789062,19.96,1.8,6.5395,-74.456333,260.0,251.99,277.81
PTB.2022.066.02.17.46,PTB,2022.066.02.17.46,unlabelled,,,,,0,0,0.0,0.0,,,6.6529998779296875,-72.9219970703125,14.57,1.6,6.5395,-74.456333,260.0,170.14,85.68
PTB.2022.067.04.00.28,PTB,2022.067.04.00.28,unlabelled,,,,,0,0,0.0,0.0,,,5.995999813079834,-72.64900207519531,10.23,1.5,6.5395,-74.456333,260.0,208.83,106.63
PTB.2022.067.09.21.40,PTB,2022.067.09.21.40,unlabelled,,,,,0,0,0.0,0.0,,,7.205999851226807,-72.07499694824219,7.0,1.5,6.5395,-74.456333,260.0,273.32,74.21
PTB.2022.067.10.59.31,PTB,2022.067.10.59.31,unlabelled,,,,,0,0,0.0,0.0,,,7.129000186920166,-76.18599700927734,15.98,1.9,6.5395,-74.456333,260.0,201.99,288.93
PTB.2022.067.11.57.28,PTB,2022.067.11.57.28,unlabelled,,,,,0,0,0.0,0.0,,,7.375999927520752,-77.08300018310547,39.77,2.5,6.5395,-74.456333,260.0,304.64,287.83
PTB.2022.068.09.33.10,PTB,2022.068.09.33.10,unlabelled,,,,,0,0,0.0,0.0,,,6.872000217437744,-76.90799713134766,20.77,1.6,6.5395,-74.456333,260.0,273.55,277.87
PTB.2022.068.11.41.13,PTB,2022.068.11.41.13,unlabelled,,,,,0,0,0.0,0.0,,,6.863999843597412,-76.65799713134766,1.49,1.7,6.5395,-74.456333,260.0,246.06,278.51
PTB.2022.068.19.22.37,PTB,2022.068.19.22.37,unlabelled,,,,,0,0,0.0,0.0,,,7.035999774932861,-76.64800262451172,13.16,1.6,6.5395,-74.456333,260.0,248.42,282.9
PTB.2022.068.21.03.24,PTB,2022.068.21.03.24,unlabelled,,,,,0,0,0.0,0.0,,,6.827000141143799,-76.31600189208984,9.88,1.7,6.5395,-74.456333,260.0,208.06,278.9
PTB.2022.069.01.04.18,PTB,2022.069.01.04.18,unlabelled,,,,,0,0,0.0,0.0,,,6.830999851226807,-76.71299743652344,19.02,1.7,6.5395,-74.456333,260.0,251.59,277.49
PTB.2022.069.16.23.19,PTB,2022.069.16.23.19,unlabelled,,,,,0,0,0.0,0.0,,,6.913000106811523,-75.96600341796875,19.49,1.7,6.5395,-74.456333,260.0,171.94,283.99
PTB.2022.070.02.46.31,PTB,2022.070.02.46.31,unlabelled,,,,,0,0,0.0,0.0,,,6.849999904632568,-76.2760009765625,18.79,1.6,6.5395,-74.456333,260.0,204.1,279.79
PTB.2022.070.07.46.39,PTB,2022.070.07.46.39,unlabelled,,,,,0,0,0.0,0.0,,,7.21999979019165,-72.18299865722656,0.0,1.6,6.5395,-74.456333,260.0,262.28,73.19
PTB.2022.070.08.52.10,PTB,2022.070.08.52.10,unlabelled,,,,,0,0,0.0,0.0,,,7.218999862670898,-76.91000366210938,36.95,1.7,6.5395,-74.456333,260.0,281.41,285.63
PTB.2022.070.09.38.38,PTB,2022.070.09.38.38,unlabelled,,,,,0,0,0.0,0.0,,,6.839000225067139,-76.25700378417969,18.09,1.6,6.5395,-74.456333,260.0,201.83,279.55
PTB.2022.070.17.17.18,PTB,2022.070.17.17.18,unlabelled,,,,,0,0,0.0,0.0,,,7.540999889373779,-76.96399688720703,36.95,1.7,6.5395,-74.456333,260.0,298.38,291.94
PTB.2022.070.17.47.45,PTB,2022.070.17.47.45,unlabelled,,,,,0,0,0.0,0.0,,,7.263999938964844,-73.7490005493164,0.0,1.6,6.5395,-74.456333,260.0,111.94,44.25
PTB.2022.071.06.57.32,PTB,2022.071.06.57.32,unlabelled,,,,,0,0,0.0,0.0,,,6.718999862670898,-76.68000030517578,37.54,1.9,6.5395,-74.456333,260.0,246.69,274.74
PTB.2022.071.09.29.13,PTB,2022.071.09.29.13,unlabelled,,,,,0,0,0.0,0.0,,,6.918000221252441,-75.98300170898438,26.05,1.6,6.5395,-74.456333,260.0,173.9,284.02
PTB.2022.071.10.19.34,PTB,2022.071.10.19.34,unlabelled,,,,,0,0,0.0,0.0,,,6.736000061035156,-76.7249984741211,33.79,1.7,6.5395,-74.456333,260.0,251.8,275.08
PTB.2022.071.16.13.20,PTB,2022.071.16.13.20,unlabelled,,,,,0,0,0.0,0.0,,,7.296999931335449,-76.87000274658203,22.53,1.8,6.5395,-74.456333,260.0,279.59,287.58
PTB.2022.071.19.49.01,PTB,2022.071.19.49.01,unlabelled,,,,,0,0,0.0,0.0,,,7.13100004196167,-73.44499969482422,30.35,1.5,6.5395,-74.456333,260.0,129.52,59.61
PTB.2022.072.12.42.15,PTB,2022.072.12.42.15,unlabelled,,,,,0,0,0.0,0.0,,,4.644000053405762,-76.7699966430664,25.48,1.6,6.5395,-74.456333,260.0,331.12,230.84
PTB.2022.072.15.03.22,PTB,2022.072.15.03.22,unlabelled,,,,,0,0,0.0,0.0,,,6.9070000648498535,-76.46900177001953,21.84,1.5,6.5395,-74.456333,260.0,226.2,280.47
PTB.2022.072.23.02.17,PTB,2022.072.23.02.17,unlabelled,,,,,0,0,0.0,0.0,,,6.742000102996826,-76.6760025024414,24.18,2.0,6.5395,-74.456333,260.0,246.46,275.34
PTB.2022.074.04.56.10,PTB,2022.074.04.56.10,unlabelled,,,,,0,0,0.0,0.0,,,6.631999969482422,-76.33399963378906,31.91,1.5,6.5395,-74.456333,260.0,207.9,272.93
PTB.2022.074.08.27.19,PTB,2022.074.08.27.19,unlabelled,,,,,0,0,0.0,0.0,,,3.5880000591278076,-74.48200225830078,38.24,1.7,6.5395,-74.456333,260.0,326.4,180.5
PTB.2022.074.16.11.13,PTB,2022.074.16.11.13,unlabelled,,,,,0,0,0.0,0.0,,,3.755000114440918,-75.15799713134766,32.15,1.8,6.5395,-74.456333,260.0,317.59,194.21
PTB.2022.074.23.43.02,PTB,2022.074.23.43.02,unlabelled,,,,,0,0,0.0,0.0,,,6.859000205993652,-76.26399993896484,18.67,1.6,6.5395,-74.456333,260.0,202.96,280.13
PTB.2022.075.01.40.58,PTB,2022.075.01.40.58,unlabelled,,,,,0,0,0.0,0.0,,,3.8340001106262207,-73.61699676513672,25.59,1.5,6.5395,-74.456333,260.0,313.32,162.68
PTB.2022.075.04.26.13,PTB,2022.075.04.26.13,unlabelled,,,,,0,0,0.0,0.0,,,6.86899995803833,-76.26300048828125,23.71,1.7,6.5395,-74.456333,260.0,203.05,280.44
PTB.2022.075.09.48.42,PTB,2022.075.09.48.42,unlabelled,,,,,0,0,0.0,0.0,,,5.394999980926514,-72.61599731445312,13.05,1.7,6.5395,-74.456333,260.0,239.87,121.75
PTB.2022.075.14.39.21,PTB,2022.075.14.39.21,unlabelled,,,,,0,0,0.0,0.0,,,5.123000144958496,-73.05899810791016,16.45,1.7,6.5395,-74.456333,260.0,220.19,135.28
PTB.2022.075.19.33.22,PTB,2022.075.19.33.22,unlabelled,,,,,0,0,0.0,0.0,,,6.875,-76.677001953125,14.57,2.2,6.5395,-74.456333,260.0,248.31,278.72
PTB.2022.075.23.36.54,PTB,2022.075.23.36.54,unlabelled,,,,,0,0,0.0,0.0,,,3.569000005722046,-74.45600128173828,25.59,1.7,6.5395,-74.456333,260.0,328.49,179.99
PTB.2022.076.03.40.42,PTB,2022.076.03.40.42,unlabelled,,,,,0,0,0.0,0.0,,,6.830999851226807,-76.18399810791016,19.26,1.9,6.5395,-74.456333,260.0,193.72,279.68
PTB.2022.076.09.15.55,PTB,2022.076.09.15.55,unlabelled,,,,,0,0,0.0,0.0,,,6.8379998207092285,-76.16100311279297,21.02,1.6,6.5395,-74.456333,260.0,191.35,280.03
PTB.2022.076.15.24.14,PTB,2022.076.15.24.14,unlabelled,,,,,0,0,0.0,0.0,,,7.26200008392334,-77.03900146484375,23.36,2.3,6.5395,-74.456333,260.0,296.4,285.79
PTB.2022.076.16.17.08,PTB,2022.076.16.17.08,unlabelled,,,,,0,0,0.0,0.0,,,6.546000003814697,-76.86100006103516,32.73,2.1,6.5395,-74.456333,260.0,265.96,270.29
PTB.2022.076.19.28.53,PTB,2022.076.19.28.53,unlabelled,,,,,0,0,0.0,0.0,,,5.85099983215332,-72.89199829101562,13.16,1.7,6.5395,-74.456333,260.0,189.13,113.65
PTB.2022.077.06.47.04,PTB,2022.077.06.47.04,unlabelled,,,,,0,0,0.0,0.0,,,6.841000080108643,-76.13700103759766,19.26,1.5,6.5395,-74.456333,260.0,188.79,280.27
PTB.2022.077.09.08.18,PTB,2022.077.09.08.18,unlabelled,,,,,0,0,0.0,0.0,,,5.251999855041504,-72.72200012207031,36.94,1.6,6.5395,-74.456333,260.0,239.07,126.46
PTB.2022.077.09.27.16,PTB,2022.077.09.27.16,unlabelled,,,,,0,0,0.0,0.0,,,6.788000106811523,-76.29499816894531,21.13,1.6,6.5395,-74.456333,260.0,205.15,277.8
PTB.2022.077.14.04.13,PTB,2022.077.14.04.13,unlabelled,,,,,0,0,0.0,0.0,,,6.918000221252441,-76.27899932861328,34.92,1.8,6.5395,-74.456333,260.0,205.81,281.84
PTB.2022.078.05.48.40,PTB,2022.078.05.48.40,unlabelled,,,,,0,0,0.0,0.0,,,3.5880000591278076,-74.7229995727539,20.66,1.6,6.5395,-74.456333,260.0,327.72,185.19
PTB.2022.078.10.53.55,PTB,2022.078.10.53.55,unlabelled,,,,,0,0,0.0,0.0,,,7.36299991607666,-76.28099822998047,18.67,1.5,6.5395,-74.456333,260.0,221.25,294.42
PTB.2022.079.18.36.52,PTB,2022.079.18.36.52,unlabelled,,,,,0,0,0.0,0.0,,,7.3379998207092285,-76.2760009765625,17.73,2.0,6.5395,-74.456333,260.0,219.62,293.82
PTB.2022.080.03.53.47,PTB,2022.080.03.53.47,unlabelled,,,,,0,0,0.0,0.0,,,5.105999946594238,-76.74600219726562,36.6,1.5,6.5395,-74.456333,260.0,299.05,238.11
PTB.2022.080.07.41.14,PTB,2022.080.07.41.14,unlabelled,,,,,0,0,0.0,0.0,,,6.269999980926514,-72.51100158691406,15.98,1.6,6.5395,-74.456333,260.0,217.26,97.78
PTB.2022.080.11.18.00,PTB,2022.080.11.18.00,unlabelled,,,,,0,0,0.0,0.0,,,6.857999801635742,-76.25199890136719,19.26,1.5,6.5395,-74.456333,260.0,201.64,280.16
PTB.2022.080.11.35.40,PTB,2022.080.11.35.40,unlabelled,,,,,0,0,0.0,0.0,,,6.849999904632568,-76.24600219726562,19.02,1.4,6.5395,-74.456333,260.0,200.83,279.95
PTB.2022.080.13.59.03,PTB,2022.080.13.59.03,unlabelled,,,,,0,0,0.0,0.0,,,6.760000228881836,-76.72200012207031,3.98,2.1,6.5395,-74.456333,260.0,251.71,275.69
PTB.2022.080.16.01.25,PTB,2022.080.16.01.25,unlabelled,,,,,0,0,0.0,0.0,,,6.8480000495910645,-76.24600219726562,18.79,1.6,6.5395,-74.456333,260.0,200.8,279.89
PTB.2022.081.10.45.32,PTB,2022.081.10.45.32,unlabelled,,,,,0,0,0.0,0.0,-1.51,-2.8,5.789000034332275,-72.69100189208984,11.52,1.9,6.5395,-74.456333,260.0,212.28,112.92
PTB.2022.081.13.42.45,PTB,2022.081.13.42.45,unlabelled,,,,,0,0,0.0,0.0,,,4.317999839782715,-73.50700378417969,19.26,1.6,6.5395,-74.456333,260.0,267.24,156.77
PTB.2022.082.03.23.15,PTB,2022.082.03.23.15,unlabelled,,,,,0,0,0.0,0.0,,,7.692999839782715,-72.53700256347656,19.61,1.6,6.5395,-74.456333,260.0,247.44,58.85
PTB.2022.082.15.53.34,PTB,2022.082.15.53.34,unlabelled,,,,,0,0,0.0,0.0,,,6.808000087738037,-76.71199798583984,23.01,1.9,6.5395,-74.456333,260.0,251.17,276.92
PTB.2022.082.17.32.39,PTB,2022.082.17.32.39,unlabelled,,,,,0,0,0.0,0.0,,,6.459000110626221,-76.64900207519531,16.09,1.6,6.5395,-74.456333,260.0,242.69,268.02
PTB.2022.083.03.05.33,PTB,2022.083.03.05.33,unlabelled,,,,,0,0,0.0,0.0,,,5.394000053405762,-72.67900085449219,15.98,1.5,6.5395,-74.456333,260.0,234.03,122.68
PTB.2022.083.06.45.15,PTB,2022.083.06.45.15,unlabelled,,,,,0,0,0.0,0.0,,,7.486999988555908,-74.03199768066406,9.17,2.1,6.5395,-74.456333,260.0,114.8,24.08
PTB.2022.083.16.56.41,PTB,2022.083.16.56.41,unlabelled,,,,,0,0,0.0,0.0,,,6.620999813079834,-72.10600280761719,19.49,2.1,6.5395,-74.456333,260.0,260.08,87.88
PTB.2022.083.17.31.17,PTB,2022.083.17.31.17,unlabelled,,,,,0,0,0.0,0.0,,,5.880000114440918,-74.88400268554688,1.89,1.5,6.5395,-74.456333,260.0,86.94,213.01
PTB.2022.084.04.31.50,PTB,2022.084.04.31.50,unlabelled,,,,,0,0,0.0,0.0,,,6.895999908447266,-76.63600158691406,12.93,1.8,6.5395,-74.456333,260.0,244.19,279.42
PTB.2022.084.13.42.19,PTB,2022.084.13.42.19,unlabelled,,,,,0,0,0.0,0.0,,,5.474999904632568,-76.60600280761719,21.95,2.0,6.5395,-74.456333,260.0,265.51,243.8
PTB.2022.085.03.56.25,PTB,2022.085.03.56.25,unlabelled,,,,,0,0,0.0,0.0,,,5.5320000648498535,-77.08999633789062,29.13,1.7,6.5395,-74.456333,260.0,312.12,249.23
PTB.2022.085.07.48.37,PTB,2022.085.07.48.37,unlabelled,,,,,0,0,0.0,0.0,-0.84,-1.85,6.857999801635742,-76.27999877929688,23.24,1.9,6.5395,-74.456333,260.0,204.69,280.01
PTB.2022.085.18.03.49,PTB,2022.085.18.03.49,unlabelled,,,,,0,0,0.0,0.0,,,7.4679999351501465,-71.87699890136719,2.3,1.9,6.5395,-74.456333,260.0,302.93,70.03
PTB.2022.086.00.02.37,PTB,2022.086.00.02.37,unlabelled,,,,,0,0,0.0,0.0,,,6.172999858856201,-72.48400115966797,12.93,1.8,6.5395,-74.456333,260.0,221.95,100.41
PTB.2022.086.01.21.56,PTB,2022.086.01.21.56,unlabelled,,,,,0,0,0.0,0.0,,,4.410999774932861,-73.677001953125,12.7,1.5,6.5395,-74.456333,260.0,250.72,159.81
PTB.2022.086.10.30.40,PTB,2022.086.10.30.40,unlabelled,,,,,0,0,0.0,0.0,,,6.866000175476074,-77.05899810791016,2.25,1.6,6.5395,-74.456333,260.0,290.02,277.3
PTB.2022.086.15.24.38,PTB,2022.086.15.24.38,unlabelled,,,,,0,0,0.0,0.0,,,4.933000087738037,-73.0989990234375,7.66,1.8,6.5395,-74.456333,260.0,232.73,139.69
PTB.2022.087.12.46.25,PTB,2022.087.12.46.25,unlabelled,,,,,0,0,0.0,0.0,,,3.9709999561309814,-73.99199676513672,15.51,1.5,6.5395,-74.456333,260.0,288.66,169.71
PTB.2022.137.17.30.35,PTB,2022.137.17.30.35,unlabelled,,,,,0,0,0.0,0.0,,,6.890999794006348,-76.96900177001953,3.27,1.8,6.5395,-74.456333,260.0,280.51,278.11
PTB.2022.137.19.30.08,PTB,2022.137.19.30.08,unlabelled,,,,,0,0,0.0,0.0,,,6.324999809265137,-72.47899627685547,15.98,1.7,6.5395,-74.456333,260.0,220.02,96.08
PTB.2022.138.06.22.27,PTB,2022.138.06.22.27,unlabelled,,,,,0,0,0.0,0.0,,,7.485000133514404,-73.02899932861328,19.02,1.5,6.5395,-74.456333,260.0,189.22,56.37
PTB.2022.139.13.26.01,PTB,2022.139.13.26.01,unlabelled,,,,,0,0,0.0,0.0,,,7.377999782562256,-72.12000274658203,0.0,2.1,6.5395,-74.456333,260.0,274.32,70.1
PTB.2022.139.14.56.56,PTB,2022.139.14.56.56,unlabelled,,,,,0,0,0.0,0.0,,,7.394000053405762,-72.12200164794922,0.0,1.5,6.5395,-74.456333,260.0,274.71,69.74
PTB.2022.140.17.14.33,PTB,2022.140.17.14.33,unlabelled,,,,,0,0,0.0,0.0,,,7.296000003814697,-76.19300079345703,25.82,1.8,6.5395,-74.456333,260.0,209.37,293.66
PTB.2022.140.23.56.01,PTB,2022.140.23.56.01,unlabelled,,,,,0,0,0.0,0.0,,,3.7170000076293945,-73.97699737548828,14.1,1.8,6.5395,-74.456333,260.0,316.61,170.31
PTB.2022.141.05.04.43,PTB,2022.141.05.04.43,unlabelled,,,,,0,0,0.0,0.0,,,6.939000129699707,-76.23799896240234,17.62,1.5,6.5395,-74.456333,260.0,201.87,282.75
PTB.2022.141.10.09.00,PTB,2022.141.10.09.00,unlabelled,,,,,0,0,0.0,0.0,-1.09,,7.418000221252441,-76.86900329589844,39.3,2.0,6.5395,-74.456333,260.0,283.75,290.17
PTB.2022.141.11.53.04,PTB,2022.141.11.53.04,unlabelled,,,,,0,0,0.0,0.0,,,6.604000091552734,-76.84500122070312,12.37,1.6,6.5395,-74.456333,260.0,264.27,271.68
PTB.2022.142.12.27.12,PTB,2022.142.12.27.12,unlabelled,,,,,0,0,0.0,0.0,,,7.426000118255615,-72.9000015258789,20.2,1.5,6.5395,-74.456333,260.0,197.95,60.22
PTB.2022.142.14.55.57,PTB,2022.142.14.55.57,unlabelled,,,,,0,0,0.0,0.0,,,5.26800012588501,-73.0,6.95,1.6,6.5395,-74.456333,260.0,213.95,131.01
PTB.2022.142.17.01.28,PTB,2022.142.17.01.28,unlabelled,,,,,0,0,0.0,0.0,,,7.038000106811523,-72.12300109863281,12.93,2.1,6.5395,-74.456333,260.0,263.76,77.8
PTB.2022.143.01.25.49,PTB,2022.143.01.25.49,unlabelled,,,,,0,0,0.0,0.0,-2.85,,6.7270002365112305,-76.6709976196289,37.07,2.2,6.5395,-74.456333,260.0,245.77,274.97
PTB.2022.143.06.45.33,PTB,2022.143.06.45.33,unlabelled,,,,,0,0,0.0,0.0,,,6.421999931335449,-72.04499816894531,15.98,2.2,6.5395,-74.456333,260.0,267.04,92.65
PTB.2022.143.15.54.17,PTB,2022.143.15.54.17,unlabelled,,,,,0,0,0.0,0.0,,,3.828000068664551,-73.64399719238281,14.45,1.9,6.5395,-74.456333,260.0,313.08,163.24
PTB.2022.143.20.44.20,PTB,2022.143.20.44.20,unlabelled,,,,,0,0,0.0,0.0,,,6.210999965667725,-72.37899780273438,19.02,1.7,6.5395,-74.456333,260.0,232.68,98.87
PTB.2022.144.11.27.59,PTB,2022.144.11.27.59,unlabelled,,,,,0,0,0.0,0.0,,,5.8379998207092285,-72.53700256347656,15.98,2.0,6.5395,-74.456333,260.0,226.14,109.96
PTB.2022.146.05.44.03,PTB,2022.146.05.44.03,unlabelled,,,,,0,0,0.0,0.0,,,6.790999889373779,-76.2239990234375,0.0,1.8,6.5395,-74.456333,260.0,197.42,278.2
PTB.2022.146.07.45.25,PTB,2022.146.07.45.25,unlabelled,,,,,0,0,0.0,0.0,,,5.22599983215332,-73.01200103759766,20.2,1.6,6.5395,-74.456333,260.0,216.05,132.17
PTB.2022.146.07.47.58,PTB,2022.146.07.47.58,unlabelled,,,,,0,0,0.0,0.0,,,5.684000015258789,-73.37899780273438,21.6,1.6,6.5395,-74.456333,260.0,152.22,128.37
PTB.2022.146.08.21.51,PTB,2022.146.08.21.51,unlabelled,,,,,0,0,0.0,0.0,-1.63,,5.406000137329102,-73.29199981689453,19.02,1.9,6.5395,-74.456333,260.0,179.81,134.13
PTB.2022.147.03.38.46,PTB,2022.147.03.38.46,unlabelled,,,,,0,0,0.0,0.0,,,3.5450000762939453,-74.50800323486328,34.61,1.5,6.5395,-74.456333,260.0,331.19,180.99
PTB.2022.147.08.11.39,PTB,2022.147.08.11.39,unlabelled,,,,,0,0,0.0,0.0,,,7.302000045776367,-77.24800109863281,20.0,1.9,6.5395,-74.456333,260.0,319.83,285.45
PTB.2022.147.23.51.52,PTB,2022.147.23.51.52,unlabelled,,,,,0,0,0.0,0.0,,,3.5969998836517334,-74.15799713134766,27.93,1.5,6.5395,-74.456333,260.0,327.07,174.18
PTB.2022.149.03.35.51,PTB,2022.149.03.35.51,unlabelled,,,,,0,0,0.0,0.0,,,3.559000015258789,-74.18000030517578,24.59,2.6,6.5395,-74.456333,260.0,331.01,174.68
PTB.2022.150.10.41.40,PTB,2022.150.10.41.40,unlabelled,,,,,0,0,0.0,0.0,,,5.369999885559082,-75.95700073242188,30.04,1.8,6.5395,-74.456333,260.0,210.56,232.18
PTB.2022.150.12.57.06,PTB,2022.150.12.57.06,unlabelled,,,,,0,0,0.0,0.0,,,4.947000026702881,-73.26200103759766,8.71,1.8,6.5395,-74.456333,260.0,220.26,143.02
PTB.2022.151.17.24.56,PTB,2022.151.17.24.56,unlabelled,,,,,0,0,0.0,0.0,,,7.192999839782715,-77.06500244140625,18.42,2.2,6.5395,-74.456333,260.0,297.24,284.23
PTB.2022.152.06.06.41,PTB,2022.152.06.06.41,unlabelled,,,,,0,0,0.0,0.0,,,6.706999778747559,-76.83899688720703,1.89,1.6,6.5395,-74.456333,260.0,264.13,274.16
PTB.2022.152.16.33.40,PTB,2022.152.16.33.40,unlabelled,,,,,0,0,0.0,0.0,,,5.861999988555908,-74.83300018310547,1.55,1.6,6.5395,-74.456333,260.0,85.74,209.11
PTB.2022.153.03.15.46,PTB,2022.153.03.15.46,unlabelled,,,,,0,0,0.0,0.0,,,5.7870001792907715,-72.23999786376953,31.91,2.7,6.5395,-74.456333,260.0,259.03,108.62
PTB.2022.153.09.12.32,PTB,2022.153.09.12.32,unlabelled,,,,,0,0,0.0,0.0,,,4.373000144958496,-73.80799865722656,6.78,2.0,6.5395,-74.456333,260.0,250.12,163.27
PTB.2022.153.11.39.37,PTB,2022.153.11.39.37,unlabelled,,,,,0,0,0.0,0.0,-2.64,-1.37,6.769999980926514,-76.30699920654297,0.01,2.0,6.5395,-74.456333,260.0,206.22,277.21
PTB.2022.154.05.05.55,PTB,2022.154.05.05.55,unlabelled,,,,,0,0,0.0,0.0,-2.29,-0.24,6.000999927520752,-72.98100280761719,-0.13,1.6,6.5395,-74.456333,260.0,173.78,109.96
PTB.2022.155.08.52.49,PTB,2022.155.08.52.49,unlabelled,,,,,0,0,0.0,0.0,,,6.939000129699707,-76.79000091552734,27.0,1.7,6.5395,-74.456333,260.0,261.75,279.85
PTB.2022.155.12.06.11,PTB,2022.155.12.06.11,unlabelled,,,,,0,0,0.0,0.0,,,7.504000186920166,-73.04399871826172,13.87,2.0,6.5395,-74.456333,260.0,189.02,55.56
PTB.2022.156.21.22.00,PTB,2022.156.21.22.00,unlabelled,,,,,0,0,0.0,0.0,,,7.394000053405762,-71.9749984741211,2.86,2.0,6.5395,-74.456333,260.0,290.02,70.84
PTB.2022.158.06.35.36,PTB,2022.158.06.35.36,unlabelled,,,,,0,0,0.0,0.0,,,4.690999984741211,-75.5469970703125,7.13,2.0,6.5395,-74.456333,260.0,237.46,210.64
PTB.2022.158.23.18.00,PTB,2022.158.23.18.00,unlabelled,,,,,0,0,0.0,0.0,,,4.321000099182129,-75.98200225830078,23.62,1.5,6.5395,-74.456333,260.0,297.95,214.65
PTB.2022.159.00.45.58,PTB,2022.159.00.45.58,unlabelled,,,,,0,0,0.0,0.0,,,6.84499979019165,-76.22899627685547,0.0,1.5,6.5395,-74.456333,260.0,198.89,279.88
PTB.2022.159.08.29.14,PTB,2022.159.08.29.14,unlabelled,,,,,0,0,0.0,0.0,,,7.574999809265137,-76.93399810791016,40.23,1.9,6.5395,-74.456333,260.0,296.72,292.85
PTB.2022.160.00.34.12,PTB,2022.160.00.34.12,unlabelled,,,,,0,0,0.0,0.0,,,3.5390000343322754,-74.21800231933594,24.41,1.7,6.5395,-74.456333,260.0,332.86,175.43
PTB.2022.160.04.37.27,PTB,2022.160.04.37.27,unlabelled,,,,,0,0,0.0,0.0,,,6.843999862670898,-76.73600006103516,11.2,1.7,6.5395,-74.456333,260.0,254.29,277.74
PTB.2022.160.06.20.49,PTB,2022.160.06.20.49,unlabelled,,,,,0,0,0.0,0.0,,,6.85699987411499,-76.2490005493164,0.0,1.5,6.5395,-74.456333,260.0,201.29,280.15
PTB.2022.160.07.19.49,PTB,2022.160.07.19.49,unlabelled,,,,,0,0,0.0,0.0,,,3.5859999656677246,-74.45800018310547,26.29,1.5,6.5395,-74.456333,260.0,326.61,180.03
PTB.2022.161.20.42.17,PTB,2022.161.20.42.17,unlabelled,,,,,0,0,0.0,0.0,,,6.670000076293945,-72.96399688720703,18.33,1.5,6.5395,-74.456333,260.0,165.66,84.92
PTB.2022.163.00.53.30,PTB,2022.163.00.53.30,unlabelled,,,,,0,0,0.0,0.0,,,6.881999969482422,-76.23100280761719,20.2,2.6,6.5395,-74.456333,260.0,199.83,281.03
PTB.2022.163.01.01.11,PTB,2022.163.01.01.11,unlabelled,,,,,0,0,0.0,0.0,-1.38,,6.84499979019165,-76.15399932861328,0.0,1.9,6.5395,-74.456333,260.0,190.72,280.3
PTB.2022.163.01.13.27,PTB,2022.163.01.13.27,unlabelled,,,,,0,0,0.0,0.0,,,6.914999961853027,-76.21399688720703,23.48,1.7,6.5395,-74.456333,260.0,198.71,282.16
PTB.2022.163.01.29.43,PTB,2022.163.01.29.43,unlabelled,,,,,0,0,0.0,0.0,,,6.873000144958496,-76.20099639892578,20.66,1.6,6.5395,-74.456333,260.0,196.39,280.93
PTB.2022.163.03.44.26,PTB,2022.163.03.44.26,unlabelled,,,,,0,0,0.0,0.0,-1.61,,6.85099983215332,-76.177001953125,0.0,1.6,6.5395,-74.456333,260.0,193.34,280.36
PTB.2022.163.05.02.08,PTB,2022.163.05.02.08,unlabelled,,,,,0,0,0.0,0.0,-0.03,-1.44,6.922999858856201,-76.20899963378906,9.77,1.5,6.5395,-74.456333,260.0,198.36,282.45
PTB.2022.163.07.12.45,PTB,2022.163.07.12.45,unlabelled,,,,,0,0,0.0,0.0,-1.33,-2.15,6.894000053405762,-76.21399688720703,15.98,1.7,6.5395,-74.456333,260.0,198.24,281.51
PTB.2022.163.07.53.24,PTB,2022.163.07.53.24,unlabelled,,,,,0,0,0.0,0.0,,,6.834000110626221,-76.14700317382812,0.0,1.5,6.5395,-74.456333,260.0,189.75,279.98
PTB.2022.163.15.08.35,PTB,2022.163.15.08.35,unlabelled,,,,,0,0,0.0,0.0,,,6.0,-72.49500274658203,17.73,2.2,6.5395,-74.456333,260.0,225.09,105.26
PTB.2022.163.15.46.16,PTB,2022.163.15.46.16,unlabelled,,,,,0,0,0.0,0.0,,,6.054999828338623,-76.91799926757812,32.27,2.3,6.5395,-74.456333,260.0,277.61,259.01
PTB.2022.164.06.49.59,PTB,2022.164.06.49.59,unlabelled,,,,,0,0,0.0,0.0,,,4.044000148773193,-74.09400177001953,18.14,1.9,6.5395,-74.456333,260.0,278.87,171.7
PTB.2022.164.13.50.06,PTB,2022.164.13.50.06,unlabelled,,,,,0,0,0.0,0.0,,,4.368000030517578,-73.63500213623047,36.54,2.4,6.5395,-74.456333,260.0,256.8,159.2
PTB.2022.164.17.44.29,PTB,2022.164.17.44.29,unlabelled,,,,,0,0,0.0,0.0,,,4.545000076293945,-73.57099914550781,26.52,1.9,6.5395,-74.456333,260.0,241.39,155.98
PTB.2022.164.19.44.01,PTB,2022.164.19.44.01,unlabelled,,,,,0,0,0.0,0.0,,,7.330999851226807,-76.64900207519531,15.0,1.8,6.5395,-74.456333,260.0,257.64,289.99
PTB.2022.165.05.32.23,PTB,2022.165.05.32.23,unlabelled,,,,,0,0,0.0,0.0,,,5.047999858856201,-74.7249984741211,33.67,1.5,6.5395,-74.456333,260.0,167.6,190.24
PTB.2022.165.06.39.07,PTB,2022.165.06.39.07,unlabelled,,,,,0,0,0.0,0.0,,,6.916999816894531,-76.34400177001953,18.91,1.6,6.5395,-74.456333,260.0,212.83,281.42
PTB.2022.165.12.28.24,PTB,2022.165.12.28.24,unlabelled,,,,,0,0,0.0,0.0,,,7.139999866485596,-77.11699676513672,3.75,1.9,6.5395,-74.456333,260.0,301.49,282.88
PTB.2022.165.18.27.57,PTB,2022.165.18.27.57,unlabelled,,,,,0,0,0.0,0.0,,,3.944999933242798,-73.89800262451172,37.17,1.6,6.5395,-74.456333,260.0,293.51,167.8
PTB.2022.165.22.20.05,PTB,2022.165.22.20.05,unlabelled,,,,,0,0,0.0,0.0,,,6.767000198364258,-72.0459976196289,15.04,2.1,6.5395,-74.456333,260.0,267.71,84.47
PTB.2022.167.01.42.00,PTB,2022.167.01.42.00,unlabelled,,,,,0,0,0.0,0.0,,,7.257999897003174,-77.3550033569336,19.48,1.9,6.5395,-74.456333,260.0,330.06,284.1
PTB.2022.167.21.59.46,PTB,2022.167.21.59.46,unlabelled,,,,,0,0,0.0,0.0,,,5.568999767303467,-72.6760025024414,16.21,1.8,6.5395,-74.456333,260.0,224.41,118.47
PTB.2022.168.02.30.35,PTB,2022.168.02.30.35,unlabelled,,,,,0,0,0.0,0.0,,,6.910999774932861,-76.25900268554688,24.88,1.6,6.5395,-74.456333,260.0,203.49,281.75
PTB.2022.168.04.33.27,PTB,2022.168.04.33.27,unlabelled,,,,,0,0,0.0,0.0,,,5.7829999923706055,-77.33799743652344,28.49,1.6,6.5395,-74.456333,260.0,329.73,255.46
PTB.2022.168.04.48.05,PTB,2022.168.04.48.05,unlabelled,,,,,0,0,0.0,0.0,,,7.360000133514404,-72.38400268554688,13.16,1.6,6.5395,-74.456333,260.0,246.33,68.26
PTB.2022.168.08.45.41,PTB,2022.168.08.45.41,unlabelled,,,,,0,0,0.0,0.0,,,6.798999786376953,-76.1760025024414,0.0,1.5,6.5395,-74.456333,260.0,192.3,278.68
PTB.2022.169.03.00.00,PTB,2022.169.03.00.00,unlabelled,,,,,0,0,0.0,0.0,,,5.993000030517578,-72.0479965209961,26.99,1.8,6.5395,-74.456333,260.0,273.27,102.64
PTB.2022.169.09.04.50,PTB,2022.169.09.04.50,unlabelled,,,,,0,0,0.0,0.0,,,6.053999900817871,-72.43699645996094,15.98,1.8,6.5395,-74.456333,260.0,229.8,103.4
PTB.2022.169.11.21.42,PTB,2022.169.11.21.42,unlabelled,,,,,0,0,0.0,0.0,,,7.193999767303467,-72.20700073242188,15.39,1.8,6.5395,-74.456333,260.0,258.93,73.64
PTB.2022.169.22.32.35,PTB,2022.169.22.32.35,unlabelled,,,,,0,0,0.0,0.0,-2.99,-1.01,6.896999835968018,-76.19200134277344,14.92,1.7,6.5395,-74.456333,260.0,195.93,281.74
PTB.2022.170.08.30.48,PTB,2022.170.08.30.48,unlabelled,,,,,0,0,0.0,0.0,-0.42,,5.052999973297119,-72.81500244140625,18.32,2.2,6.5395,-74.456333,260.0,245.08,132.04
PTB.2022.170.22.39.28,PTB,2022.170.22.39.28,unlabelled,,,,,0,0,0.0,0.0,,,4.3520002365112305,-75.52400207519531,15.98,1.8,6.5395,-74.456333,260.0,269.29,206.12
PTB.2022.171.11.16.13,PTB,2022.171.11.16.13,unlabelled,,,,,0,0,0.0,0.0,,,5.984000205993652,-72.36799621582031,16.68,2.4,6.5395,-74.456333,260.0,239.12,104.77
PTB.2022.171.11.17.35,PTB,2022.171.11.17.35,unlabelled,,,,,0,0,0.0,0.0,,,6.004000186920166,-72.44400024414062,15.86,1.8,6.5395,-74.456333,260.0,230.42,104.78
PTB.2022.173.04.54.47,PTB,2022.173.04.54.47,unlabelled,,,,,0,0,0.0,0.0,,,7.03000020980835,-77.08799743652344,3.38,2.4,6.5395,-74.456333,260.0,295.93,280.72
PTB.2022.173.07.56.24,PTB,2022.173.07.56.24,unlabelled,,,,,0,0,0.0,0.0,,,5.310999870300293,-76.66400146484375,22.3,1.7,6.5395,-74.456333,260.0,279.66,241.05
PTB.2022.174.02.00.51,PTB,2022.174.02.00.51,unlabelled,,,,,0,0,0.0,0.0,,,6.514999866485596,-76.69100189208984,4.3,1.7,6.5395,-74.456333,260.0,247.18,269.5
PTB.2022.174.04.22.55,PTB,2022.174.04.22.55,unlabelled,,,,,0,0,0.0,0.0,,,6.895999908447266,-76.25700378417969,15.98,1.6,6.5395,-74.456333,260.0,202.95,281.31
PTB.2022.174.11.49.50,PTB,2022.174.11.49.50,unlabelled,,,,,0,0,0.0,0.0,,,5.459000110626221,-77.11299896240234,37.07,2.1,6.5395,-74.456333,260.0,317.47,248.03
PTB.2022.174.19.30.50,PTB,2022.174.19.30.50,unlabelled,,,,,0,0,0.0,0.0,,,7.208000183105469,-72.1969985961914,15.98,2.3,6.5395,-74.456333,260.0,260.42,73.38
PTB.2022.174.23.02.13,PTB,2022.174.23.02.13,unlabelled,,,,,0,0,0.0,0.0,,,7.368000030517578,-72.30799865722656,12.03,1.5,6.5395,-74.456333,260.0,254.47,68.77
PTB.2022.175.11.45.53,PTB,2022.175.11.45.53,unlabelled,,,,,0,0,0.0,0.0,,,6.9679999351501465,-72.29000091552734,4.41,1.5,6.5395,-74.456333,260.0,244.14,78.68
PTB.2022.175.16.07.54,PTB,2022.175.16.07.54,unlabelled,,,,,0,0,0.0,0.0,,,4.8520002365112305,-73.37699890136719,7.54,1.7,6.5395,-74.456333,260.0,221.63,147.3
PTB.2022.175.20.11.38,PTB,2022.175.20.11.38,unlabelled,,,,,0,0,0.0,0.0,,,6.789000034332275,-76.19499969482422,0.0,1.8,6.5395,-74.456333,260.0,194.22,278.27
PTB.2022.175.20.13.24,PTB,2022.175.20.13.24,unlabelled,,,,,0,0,0.0,0.0,,,6.800000190734863,-76.20800018310547,0.0,1.7,6.5395,-74.456333,260.0,195.81,278.56
PTB.2022.176.00.22.34,PTB,2022.176.00.22.34,unlabelled,,,,,0,0,0.0,0.0,,,6.164999961853027,-76.50800323486328,28.05,1.5,6.5395,-74.456333,260.0,230.74,259.77
PTB.2022.176.05.36.28,PTB,2022.176.05.36.28,unlabelled,,,,,0,0,0.0,0.0,,,3.5989999771118164,-74.4520034790039,24.88,2.8,6.5395,-74.456333,260.0,325.17,179.92
PTB.2022.176.08.27.16,PTB,2022.176.08.27.16,unlabelled,,,,,0,0,0.0,0.0,,,3.634999990463257,-74.4800033569336,38.01,1.5,6.5395,-74.456333,260.0,321.2,180.47
PTB.2022.176.10.42.16,PTB,2022.176.10.42.16,unlabelled,,,,,0,0,0.0,0.0,-2.45,,4.951000213623047,-73.12899780273438,13.63,1.9,6.5395,-74.456333,260.0,229.07,140.0
PTB.2022.176.13.11.13,PTB,2022.176.13.11.13,unlabelled,,,,,0,0,0.0,0.0,,,3.6029999256134033,-74.41799926757812,12.77,1.5,6.5395,-74.456333,260.0,324.76,179.25
PTB.2022.177.03.45.58,PTB,2022.177.03.45.58,unlabelled,,,,,0,0,0.0,0.0,,,4.711999893188477,-74.8740005493164,34.73,1.6,6.5395,-74.456333,260.0,207.32,192.92
PTB.2022.177.04.04.01,PTB,2022.177.04.04.01,unlabelled,,,,,0,0,0.0,0.0,,,3.9539999961853027,-75.13300323486328,26.52,1.5,6.5395,-74.456333,260.0,295.59,194.73
PTB.2022.177.09.22.54,PTB,2022.177.09.22.54,unlabelled,,,,,0,0,0.0,0.0,,,7.333000183105469,-77.14399719238281,23.88,2.3,6.5395,-74.456333,260.0,309.7,286.62
PTB.2022.177.14.12.11,PTB,2022.177.14.12.11,unlabelled,,,,,0,0,0.0,0.0,,,6.9710001945495605,-76.67900085449219,16.05,1.8,6.5395,-74.456333,260.0,250.31,281.12
PTB.2022.179.04.45.09,PTB,2022.179.04.45.09,unlabelled,,,,,0,0,0.0,0.0,,,5.98199987411499,-72.43699645996094,16.45,1.8,6.5395,-74.456333,260.0,231.81,105.31
PTB.2022.180.02.10.17,PTB,2022.180.02.10.17,unlabelled,,,,,0,0,0.0,0.0,,,6.718999862670898,-72.02899932861328,10.12,1.6,6.5395,-74.456333,260.0,269.15,85.63
PTB.2022.180.03.04.32,PTB,2022.180.03.04.32,unlabelled,,,,,0,0,0.0,0.0,,,7.0879998207092285,-76.20600128173828,-0.18,1.5,6.5395,-74.456333,260.0,202.69,287.52
PTB.2022.180.18.01.18,PTB,2022.180.18.01.18,unlabelled,,,,,0,0,0.0,0.0,,,5.0320000648498535,-74.71600341796875,32.68,1.7,6.5395,-74.456333,260.0,169.17,189.8
PTB.2022.181.03.19.52,PTB,2022.181.03.19.52,unlabelled,,,,,0,0,0.0,0.0,-1.31,,5.525000095367432,-77.04100036621094,34.02,2.6,6.5395,-74.456333,260.0,307.35,248.73
PTB.2022.182.00.27.31,PTB,2022.182.00.27.31,unlabelled,,,,,0,0,0.0,0.0,,,6.796999931335449,-76.88200378417969,2.02,1.7,6.5395,-74.456333,260.0,269.72,276.2
PTB.2022.182.06.03.35,PTB,2022.182.06.03.35,unlabelled,,,,,0,0,0.0,0.0,,,6.8420000076293945,-72.27200317382812,14.92,2.1,6.5395,-74.456333,260.0,243.82,81.99
PTB.2022.182.06.41.16,PTB,2022.182.06.41.16,unlabelled,,,,,0,0,0.0,0.0,,,5.4720001220703125,-77.12200164794922,21.84,2.3,6.5395,-74.456333,260.0,317.85,248.34
PTB.2022.182.07.19.00,PTB,2022.182.07.19.00,unlabelled,,,,,0,0,0.0,0.0,,,7.193999767303467,-76.97599792480469,17.94,1.7,6.5395,-74.456333,260.0,287.74,284.72
PTB.2022.182.14.53.25,PTB,2022.182.14.53.25,unlabelled,,,,,0,0,0.0,0.0,,,5.348999977111816,-76.99400329589844,0.0,1.9,6.5395,-74.456333,260.0,310.29,245.03
PTB.2022.182.19.47.18,PTB,2022.182.19.47.18,unlabelled,,,,,0,0,0.0,0.0,,,6.644000053405762,-76.7959976196289,30.86,1.5,6.5395,-74.456333,260.0,259.0,272.69
PTB.2022.182.23.22.33,PTB,2022.182.23.22.33,unlabelled,,,,,0,0,0.0,0.0,,,6.8520002365112305,-76.2760009765625,11.75,1.5,6.5395,-74.456333,260.0,204.14,279.85
PTB.2022.183.13.23.20,PTB,2022.183.13.23.20,unlabelled,,,,,0,0,0.0,0.0,,,6.447999954223633,-73.28099822998047,32.38,2.2,6.5395,-74.456333,260.0,130.4,94.38
PTB.2022.184.08.21.18,PTB,2022.184.08.21.18,unlabelled,,,,,0,0,0.0,0.0,,,5.039000034332275,-72.95700073242188,22.58,1.5,6.5395,-74.456333,260.0,234.75,134.9
PTB.2022.184.21.32.19,PTB,2022.184.21.32.19,unlabelled,,,,,0,0,0.0,0.0,,,5.355999946594238,-76.47599792480469,34.02,2.0,6.5395,-74.456333,260.0,259.11,239.77
PTB.2022.185.02.56.16,PTB,2022.185.02.56.16,unlabelled,,,,,0,0,0.0,0.0,,,5.709000110626221,-72.64900207519531,13.87,1.7,6.5395,-74.456333,260.0,220.12,114.56
PTB.2022.185.04.38.16,PTB,2022.185.04.38.16,unlabelled,,,,,0,0,0.0,0.0,,,5.119999885559082,-73.04000091552734,0.89,1.6,6.5395,-74.456333,260.0,221.91,134.95
PTB.2022.185.06.03.43,PTB,2022.185.06.03.43,unlabelled,,,,,0,0,0.0,0.0,-5.13,-0.08,6.849999904632568,-76.77400207519531,20.06,2.0,6.5395,-74.456333,260.0,258.54,277.77
PTB.2022.185.09.15.57,PTB,2022.185.09.15.57,unlabelled,,,,,0,0,0.0,0.0,,,6.798999786376953,-76.25299835205078,0.59,1.5,6.5395,-74.456333,260.0,200.72,278.32
PTB.2022.186.14.17.54,PTB,2022.186.14.17.54,unlabelled,,,,,0,0,0.0,0.0,,,6.0920000076293945,-72.37899780273438,15.98,1.9,6.5395,-74.456333,260.0,235.12,102.03
PTB.2022.187.00.03.08,PTB,2022.187.00.03.08,unlabelled,,,,,0,0,0.0,0.0,,,6.886000156402588,-72.3239974975586,13.16,1.5,6.5395,-74.456333,260.0,238.85,80.64
PTB.2022.188.05.53.43,PTB,2022.188.05.53.43,unlabelled,,,,,0,0,0.0,0.0,,,4.642000198364258,-75.5469970703125,14.86,1.7,6.5395,-74.456333,260.0,242.14,209.99
PTB.2022.189.14.11.51,PTB,2022.189.14.11.51,unlabelled,,,,,0,0,0.0,0.0,,,7.204999923706055,-72.2040023803711,15.98,2.2,6.5395,-74.456333,260.0,259.59,73.4
PTB.2022.189.15.46.44,PTB,2022.189.15.46.44,unlabelled,,,,,0,0,0.0,0.0,-0.95,,4.639999866485596,-75.56900024414062,16.97,1.8,6.5395,-74.456333,260.0,243.56,210.46
PTB.2022.189.15.46.57,PTB,2022.189.15.46.57,unlabelled,,,,,0,0,0.0,0.0,,,4.64900016784668,-75.5459976196289,13.4,2.5,6.5395,-74.456333,260.0,241.41,210.06
PTB.2022.189.15.53.50,PTB,2022.189.15.53.50,unlabelled,,,,,0,0,0.0,0.0,,,4.60699987411499,-75.5790023803711,17.56,1.6,6.5395,-74.456333,260.0,247.27,210.26
PTB.2022.189.15.55.44,PTB,2022.189.15.55.44,unlabelled,,,,,0,0,0.0,0.0,,,4.639999866485596,-75.5510025024414,16.04,1.7,6.5395,-74.456333,260.0,242.55,210.06
PTB.2022.189.15.59.30,PTB,2022.189.15.59.30,unlabelled,,,,,0,0,0.0,0.0,,,4.629000186920166,-75.56199645996094,17.32,1.5,6.5395,-74.456333,260.0,244.22,210.16
PTB.2022.189.16.01.35,PTB,2022.189.16.01.35,unlabelled,,,,,0,0,0.0,0.0,,,4.642000198364258,-75.55899810791016,16.62,1.7,6.5395,-74.456333,260.0,242.81,210.26
PTB.2022.189.18.11.14,PTB,2022.189.18.11.14,unlabelled,,,,,0,0,0.0,0.0,,,5.158999919891357,-73.15899658203125,15.98,1.6,6.5395,-74.456333,260.0,209.63,136.67
PTB.2022.189.22.43.29,PTB,2022.189.22.43.29,unlabelled,,,,,0,0,0.0,0.0,,,5.289999961853027,-73.18699645996094,19.02,1.5,6.5395,-74.456333,260.0,197.1,134.44
PTB.2022.190.01.05.37,PTB,2022.190.01.05.37,unlabelled,,,,,0,0,0.0,0.0,,,5.118000030517578,-73.18900299072266,23.95,1.5,6.5395,-74.456333,260.0,210.74,138.17
PTB.2022.190.06.14.06,PTB,2022.190.06.14.06,unlabelled,,,,,0,0,0.0,0.0,,,7.067999839782715,-72.53199768066406,5.43,1.7,6.5395,-74.456333,260.0,220.6,74.52
PTB.2022.190.08.35.38,PTB,2022.190.08.35.38,unlabelled,,,,,0,0,0.0,0.0,,,4.6479997634887695,-75.55699920654297,15.68,2.0,6.5395,-74.456333,260.0,242.12,210.3
PTB.2022.190.19.14.49,PTB,2022.190.19.14.49,unlabelled,,,,,0,0,0.0,0.0,-1.99,,4.64900016784668,-75.5780029296875,16.27,2.1,6.5395,-74.456333,260.0,243.21,210.79
PTB.2022.190.23.48.24,PTB,2022.190.23.48.24,unlabelled,,,,,0,0,0.0,0.0,,,4.327000141143799,-73.84100341796875,12.99,2.4,6.5395,-74.456333,260.0,253.99,164.4
PTB.2022.191.17.42.51,PTB,2022.191.17.42.51,unlabelled,,,,,0,0,0.0,0.0,,,6.677999973297119,-76.677001953125,3.64,2.4,6.5395,-74.456333,260.0,246.05,273.7
PTB.2022.191.19.46.02,PTB,2022.191.19.46.02,unlabelled,,,,,0,0,0.0,0.0,,,7.4670000076293945,-76.35299682617188,0.0,1.7,6.5395,-74.456333,260.0,233.32,296.19
PTB.2022.192.05.34.04,PTB,2022.192.05.34.04,unlabelled,,,,,0,0,0.0,0.0,,,6.614999771118164,-73.02899932861328,14.8,1.9,6.5395,-74.456333,260.0,158.07,86.89
PTB.2022.193.07.48.23,PTB,2022.193.07.48.23,unlabelled,,,,,0,0,0.0,0.0,,,6.732999801635742,-72.06800079345703,12.93,1.8,6.5395,-74.456333,260.0,264.96,85.23
PTB.2022.193.11.22.42,PTB,2022.193.11.22.42,unlabelled,,,,,0,0,0.0,0.0,,,6.936999797821045,-76.31700134277344,15.98,1.7,6.5395,-74.456333,260.0,210.35,282.17
PTB.2022.194.11.15.34,PTB,2022.194.11.15.34,unlabelled,,,,,0,0,0.0,0.0,,,5.241000175476074,-72.5999984741211,7.77,2.1,6.5395,-74.456333,260.0,250.75,124.84
PTB.2022.196.13.19.22,PTB,2022.196.13.19.22,unlabelled,,,,,0,0,0.0,0.0,,,5.7870001792907715,-72.32599639892578,19.96,1.6,6.5395,-74.456333,260.0,250.04,109.32
PTB.2022.197.02.18.54,PTB,2022.197.02.18.54,unlabelled,,,,,0,0,0.0,0.0,,,4.142000198364258,-73.85800170898438,12.99,1.7,6.5395,-74.456333,260.0,273.29,165.93
PTB.2022.197.08.16.20,PTB,2022.197.08.16.20,unlabelled,,,,,0,0,0.0,0.0,,,7.4730000495910645,-72.23200225830078,17.27,1.5,6.5395,-74.456333,260.0,266.57,67.08
PTB.2022.197.11.44.06,PTB,2022.197.11.44.06,unlabelled,,,,,0,0,0.0,0.0,,,7.754000186920166,-72.79100036621094,14.34,2.0,6.5395,-74.456333,260.0,227.77,53.76
PTB.2022.197.16.24.33,PTB,2022.197.16.24.33,unlabelled,,,,,0,0,0.0,0.0,,,6.589000225067139,-76.96199798583984,1.98,2.2,6.5395,-74.456333,260.0,277.17,271.27
PTB.2022.198.04.09.03,PTB,2022.198.04.09.03,unlabelled,,,,,0,0,0.0,0.0,,,6.002999782562256,-76.48400115966797,33.79,2.1,6.5395,-74.456333,260.0,232.09,255.3
PTB.2022.198.05.22.06,PTB,2022.198.05.22.06,unlabelled,,,,,0,0,0.0,0.0,,,6.031000137329102,-72.32499694824219,16.91,1.7,6.5395,-74.456333,260.0,242.45,103.29
PTB.2022.198.06.38.50,PTB,2022.198.06.38.50,unlabelled,,,,,0,0,0.0,0.0,,,5.499000072479248,-72.81099700927734,15.74,1.8,6.5395,-74.456333,260.0,215.45,122.19
PTB.2022.198.17.15.40,PTB,2022.198.17.15.40,unlabelled,,,,,0,0,0.0,0.0,-0.28,-1.44,7.104000091552734,-76.03099822998047,26.82,1.7,6.5395,-74.456333,260.0,184.91,289.82
PTB.2022.199.06.50.47,PTB,2022.199.06.50.47,unlabelled,,,,,0,0,0.0,0.0,,,4.636000156402588,-75.56999969482422,15.51,1.7,6.5395,-74.456333,260.0,243.99,210.43
PTB.2022.199.07.11.21,PTB,2022.199.07.11.21,unlabelled,,,,,0,0,0.0,0.0,-2.88,-12.69,5.142000198364258,-74.68800354003906,27.93,1.5,6.5395,-74.456333,260.0,156.66,189.44
PTB.2022.199.20.54.19,PTB,2022.199.20.54.19,unlabelled,,,,,0,0,0.0,0.0,,,7.198999881744385,-72.7300033569336,12.93,1.5,6.5395,-74.456333,260.0,204.27,68.98
PTB.2022.199.23.19.39,PTB,2022.199.23.19.39,unlabelled,,,,,0,0,0.0,0.0,,,6.355999946594238,-77.28399658203125,4.14,1.9,6.5395,-74.456333,260.0,313.45,266.45
PTB.2022.200.05.30.30,PTB,2022.200.05.30.30,unlabelled,,,,,0,0,0.0,0.0,,,4.715000152587891,-73.4800033569336,16.09,1.5,6.5395,-74.456333,260.0,228.92,151.75
PTB.2022.201.07.29.12,PTB,2022.201.07.29.12,unlabelled,,,,,0,0,0.0,0.0,,,4.435999870300293,-73.57099914550781,31.86,2.2,6.5395,-74.456333,260.0,252.45,157.09
PTB.2022.201.11.50.40,PTB,2022.201.11.50.40,unlabelled,,,,,0,0,0.0,0.0,,,7.48199987411499,-72.2020034790039,15.86,2.0,6.5395,-74.456333,260.0,270.01,67.16
PTB.2022.201.12.01.24,PTB,2022.201.12.01.24,unlabelled,,,,,0,0,0.0,0.0,,,7.480999946594238,-72.18800354003906,25.82,2.4,6.5395,-74.456333,260.0,271.4,67.3
PTB.2022.201.12.43.14,PTB,2022.201.12.43.14,unlabelled,,,,,0,0,0.0,0.0,,,7.261000156402588,-72.19300079345703,12.23,1.8,6.5395,-74.456333,260.0,262.56,72.17
PTB.2022.202.02.32.04,PTB,2022.202.02.32.04,unlabelled,,,,,0,0,0.0,0.0,,,6.322000026702881,-76.60299682617188,33.67,1.7,6.5395,-74.456333,260.0,238.69,264.34
PTB.2022.203.05.05.37,PTB,2022.203.05.05.37,unlabelled,,,,,0,0,0.0,0.0,,,5.7870001792907715,-72.625,20.43,1.7,6.5395,-74.456333,260.0,219.11,112.22
PTB.2022.203.08.02.06,PTB,2022.203.08.02.06,unlabelled,,,,,0,0,0.0,0.0,,,4.99399995803833,-72.69400024414062,10.35,2.3,6.5395,-74.456333,260.0,259.44,131.11
PTB.2022.204.07.43.47,PTB,2022.204.07.43.47,unlabelled,,,,,0,0,0.0,0.0,,,6.5269999504089355,-76.72599792480469,35.78,2.0,6.5395,-74.456333,260.0,251.03,269.81
PTB.2022.204.10.32.23,PTB,2022.204.10.32.23,unlabelled,,,,,0,0,0.0,0.0,,,6.913000106811523,-76.27799987792969,11.99,0.9,6.5395,-74.456333,260.0,205.59,281.7
PTB.2022.204.20.56.17,PTB,2022.204.20.56.17,unlabelled,,,,,0,0,0.0,0.0,,,7.1529998779296875,-76.3290023803711,21.13,1.8,6.5395,-74.456333,260.0,217.82,288.26
PTB.2022.205.09.29.53,PTB,2022.205.09.29.53,unlabelled,,,,,0,0,0.0,0.0,,,6.5960001945495605,-71.98600006103516,16.91,2.1,6.5395,-74.456333,260.0,273.27,88.55
PTB.2022.205.16.30.34,PTB,2022.205.16.30.34,unlabelled,,,,,0,0,0.0,0.0,,,6.945000171661377,-76.34100341796875,23.71,1.6,6.5395,-74.456333,260.0,213.13,282.26
PTB.2022.206.04.21.10,PTB,2022.206.04.21.10,unlabelled,,,,,0,0,0.0,0.0,,,6.793000221252441,-76.97200012207031,17.08,1.6,6.5395,-74.456333,260.0,279.57,275.9
PTB.2022.206.05.00.54,PTB,2022.206.05.00.54,unlabelled,,,,,0,0,0.0,0.0,,,6.13100004196167,-76.9010009765625,33.67,2.0,6.5395,-74.456333,260.0,274.23,260.65
PTB.2022.206.07.49.16,PTB,2022.206.07.49.16,unlabelled,,,,,0,0,0.0,0.0,,,3.6050000190734863,-74.43499755859375,28.34,1.9,6.5395,-74.456333,260.0,324.52,179.58
PTB.2022.206.15.10.48,PTB,2022.206.15.10.48,unlabelled,,,,,0,0,0.0,0.0,,,6.982999801635742,-76.31999969482422,16.45,1.7,6.5395,-74.456333,260.0,211.79,283.5
PTB.2022.206.16.04.09,PTB,2022.206.16.04.09,unlabelled,,,,,0,0,0.0,0.0,,,4.631999969482422,-75.53500366210938,13.22,1.5,6.5395,-74.456333,260.0,242.44,209.59
PTB.2022.207.00.10.34,PTB,2022.207.00.10.34,unlabelled,,,,,0,0,0.0,0.0,,,3.571000099182129,-74.37999725341797,28.16,1.5,6.5395,-74.456333,260.0,328.38,178.52
PTB.2022.207.17.12.07,PTB,2022.207.17.12.07,unlabelled,,,,,0,0,0.0,0.0,,,4.78000020980835,-75.9729995727539,18.89,1.5,6.5395,-74.456333,260.0,257.07,220.89
PTB.2022.207.19.45.02,PTB,2022.207.19.45.02,unlabelled,,,,,0,0,0.0,0.0,-7.13,,7.3470001220703125,-76.13999938964844,12.93,2.0,6.5395,-74.456333,260.0,206.38,295.74
PTB.2022.208.01.10.32,PTB,2022.208.01.10.32,unlabelled,,,,,0,0,0.0,0.0,,,6.835000038146973,-76.67400360107422,3.0,2.1,6.5395,-74.456333,260.0,247.37,277.72
PTB.2022.208.05.25.15,PTB,2022.208.05.25.15,unlabelled,,,,,0,0,0.0,0.0,,,4.421999931335449,-76.11900329589844,39.18,1.7,6.5395,-74.456333,260.0,297.95,218.28
PTB.2022.208.13.40.50,PTB,2022.208.13.40.50,unlabelled,,,,,0,0,0.0,0.0,,,7.166999816894531,-76.23500061035156,13.11,1.5,6.5395,-74.456333,260.0,208.48,289.55
PTB.2022.208.14.15.19,PTB,2022.208.14.15.19,unlabelled,,,,,0,0,0.0,0.0,,,6.859000205993652,-76.28600311279297,18.67,1.5,6.5395,-74.456333,260.0,205.36,280.01
PTB.2022.208.23.47.14,PTB,2022.208.23.47.14,unlabelled,,,,,0,0,0.0,0.0,,,7.192999839782715,-73.79900360107422,35.0,1.7,6.5395,-74.456333,260.0,102.48,45.11
PTB.2022.208.23.57.01,PTB,2022.208.23.57.01,unlabelled,,,,,0,0,0.0,0.0,,,5.354000091552734,-71.79399871826172,0.0,1.6,6.5395,-74.456333,260.0,322.62,113.83
PTB.2022.209.03.54.32,PTB,2022.209.03.54.32,unlabelled,,,,,0,0,0.0,0.0,,,7.113999843597412,-72.24500274658203,10.12,1.6,6.5395,-74.456333,260.0,252.55,75.3
PTB.2022.209.10.52.09,PTB,2022.209.10.52.09,unlabelled,,,,,0,0,0.0,0.0,,,7.02400016784668,-72.25399780273438,11.64,1.7,6.5395,-74.456333,260.0,249.28,77.46
PTB.2022.210.23.30.41,PTB,2022.210.23.30.41,unlabelled,,,,,0,0,0.0,0.0,,,5.395999908447266,-76.4530029296875,22.77,2.1,6.5395,-74.456333,260.0,254.68,240.34
PTB.2022.211.00.37.20,PTB,2022.211.00.37.20,unlabelled,,,,,0,0,0.0,0.0,,,5.190000057220459,-73.03700256347656,22.07,1.5,6.5395,-74.456333,260.0,216.74,133.44
PTB.2022.211.05.15.31,PTB,2022.211.05.15.31,unlabelled,,,,,0,0,0.0,0.0,,,7.348999977111816,-77.25399780273438,18.77,1.7,6.5395,-74.456333,260.0,321.86,286.32
PTB.2022.211.07.05.22,PTB,2022.211.07.05.22,unlabelled,,,,,0,0,0.0,0.0,,,4.638000011444092,-75.53800201416016,14.42,2.2,6.5395,-74.456333,260.0,242.03,209.73
PTB.2022.211.09.07.25,PTB,2022.211.09.07.25,unlabelled,,,,,0,0,0.0,0.0,,,4.626999855041504,-75.53800201416016,12.99,1.6,6.5395,-74.456333,260.0,243.09,209.59
PTB.2022.211.14.25.52,PTB,2022.211.14.25.52,unlabelled,,,,,0,0,0.0,0.0,,,3.8469998836517334,-73.69499969482422,13.69,1.5,6.5395,-74.456333,260.0,309.48,164.14
PTB.2022.211.18.33.59,PTB,2022.211.18.33.59,unlabelled,,,,,0,0,0.0,0.0,,,4.9770002365112305,-73.31300354003906,17.15,1.7,6.5395,-74.456333,260.0,214.22,143.7
PTB.2022.212.05.56.54,PTB,2022.212.05.56.54,unlabelled,,,,,0,0,0.0,0.0,,,3.680999994277954,-74.20099639892578,12.93,1.6,6.5395,-74.456333,260.0,317.37,174.87
PTB.2022.213.00.56.20,PTB,2022.213.00.56.20,unlabelled,,,,,0,0,0.0,0.0,,,6.958000183105469,-76.19300079345703,17.85,1.6,6.5395,-74.456333,260.0,197.49,283.65
PTB.2022.213.07.17.26,PTB,2022.213.07.17.26,unlabelled,,,,,0,0,0.0,0.0,,,6.854000091552734,-76.16699981689453,15.98,1.6,6.5395,-74.456333,260.0,192.31,280.52
PTB.2022.213.08.33.51,PTB,2022.213.08.33.51,unlabelled,,,,,0,0,0.0,0.0,,,6.8480000495910645,-76.17500305175781,18.79,1.5,6.5395,-74.456333,260.0,193.06,280.28
PTB.2022.213.09.15.44,PTB,2022.213.09.15.44,unlabelled,,,,,0,0,0.0,0.0,,,4.361999988555908,-73.8219985961914,9.82,2.1,6.5395,-74.456333,260.0,250.85,163.69
PTB.2022.214.01.39.55,PTB,2022.214.01.39.55,unlabelled,,,,,0,0,0.0,0.0,,,5.579999923706055,-77.28199768066406,5.25,2.2,6.5395,-74.456333,260.0,330.31,251.42
PTB.2022.214.08.42.00,PTB,2022.214.08.42.00,unlabelled,,,,,0,0,0.0,0.0,,,7.019000053405762,-76.24500274658203,9.41,1.6,6.5395,-74.456333,260.0,204.72,285.12
PTB.2022.214.20.24.03,PTB,2022.214.20.24.03,unlabelled,,,,,0,0,0.0,0.0,,,6.836999893188477,-76.27200317382812,17.38,1.5,6.5395,-74.456333,260.0,203.43,279.41
PTB.2022.215.04.01.19,PTB,2022.215.04.01.19,unlabelled,,,,,0,0,0.0,0.0,,,6.868000030517578,-76.99500274658203,0.0,1.7,6.5395,-74.456333,260.0,283.02,277.52
PTB.2022.215.06.17.59,PTB,2022.215.06.17.59,unlabelled,,,,,0,0,0.0,0.0,,,5.085000038146973,-74.48100280761719,19.02,1.5,6.5395,-74.456333,260.0,160.87,180.97
PTB.2022.215.07.53.45,PTB,2022.215.07.53.45,unlabelled,,,,,0,0,0.0,0.0,,,6.9120001792907715,-76.97200012207031,30.99,1.5,6.5395,-74.456333,260.0,281.16,278.57
PTB.2022.215.20.53.47,PTB,2022.215.20.53.47,unlabelled,,,,,0,0,0.0,0.0,,,3.5940001010894775,-74.4010009765625,21.37,1.6,6.5395,-74.456333,260.0,325.78,178.92
PTB.2022.216.18.23.45,PTB,2022.216.18.23.45,unlabelled,,,,,0,0,0.0,0.0,,,3.8529999256134033,-73.66999816894531,8.89,1.6,6.5395,-74.456333,260.0,309.61,163.61
PTB.2022.217.00.56.47,PTB,2022.217.00.56.47,unlabelled,,,,,0,0,0.0,0.0,,,5.993000030517578,-72.46700286865234,15.98,1.9,6.5395,-74.456333,260.0,228.28,105.24
PTB.2022.217.23.34.50,PTB,2022.217.23.34.50,unlabelled,,,,,0,0,0.0,0.0,,,7.135000228881836,-77.05000305175781,34.14,2.4,6.5395,-74.456333,260.0,294.15,283.09
PTB.2022.218.02.24.22,PTB,2022.218.02.24.22,unlabelled,,,,,0,0,0.0,0.0,,,6.794000148773193,-72.16899871826172,0.0,1.5,6.5395,-74.456333,260.0,254.48,83.52
PTB.2022.218.16.18.54,PTB,2022.218.16.18.54,unlabelled,,,,,0,0,0.0,0.0,,,6.690999984741211,-76.94499969482422,32.0,1.9,6.5395,-74.456333,260.0,275.71,273.63
PTB.2022.219.03.02.56,PTB,2022.219.03.02.56,unlabelled,,,,,0,0,0.0,0.0,,,7.2170000076293945,-77.28299713134766,30.0,1.7,6.5395,-74.456333,260.0,321.27,283.65
PTB.2022.219.08.35.28,PTB,2022.219.08.35.28,unlabelled,,,,,0,0,0.0,0.0,,,7.210000038146973,-72.35199737548828,26.76,1.5,6.5395,-74.456333,260.0,244.11,72.19
PTB.2022.219.15.30.09,PTB,2022.219.15.30.09,unlabelled,,,,,0,0,0.0,0.0,,,7.209000110626221,-77.31999969482422,10.96,2.1,6.5395,-74.456333,260.0,325.05,283.34
PTB.2022.219.16.42.10,PTB,2022.219.16.42.10,unlabelled,,,,,0,0,0.0,0.0,,,3.561000108718872,-74.47100067138672,40.12,1.5,6.5395,-74.456333,260.0,329.38,180.28
PTB.2022.220.03.03.45,PTB,2022.220.03.03.45,unlabelled,,,,,0,0,0.0,0.0,,,4.646999835968018,-75.52200317382812,13.93,1.7,6.5395,-74.456333,260.0,240.29,209.48
PTB.2022.220.04.02.21,PTB,2022.220.04.02.21,unlabelled,,,,,0,0,0.0,0.0,,,6.980999946594238,-76.23200225830078,22.77,1.5,6.5395,-74.456333,260.0,202.28,284.07
PTB.2022.220.14.28.47,PTB,2022.220.14.28.47,unlabelled,,,,,0,0,0.0,0.0,,,4.640999794006348,-75.55000305175781,15.8,1.9,6.5395,-74.456333,260.0,242.4,210.05
PTB.2022.220.22.27.57,PTB,2022.220.22.27.57,unlabelled,,,,,0,0,0.0,0.0,,,7.232999801635742,-72.22899627685547,16.68,1.8,6.5395,-74.456333,260.0,257.84,72.56
PTB.2022.222.03.29.34,PTB,2022.222.03.29.34,unlabelled,,,,,0,0,0.0,0.0,,,6.0920000076293945,-72.3550033569336,15.98,2.3,6.5395,-74.456333,260.0,237.72,101.9
PTB.2022.222.06.23.42,PTB,2022.222.06.23.42,unlabelled,,,,,0,0,0.0,0.0,,,6.929999828338623,-76.72100067138672,3.85,1.6,6.5395,-74.456333,260.0,254.07,279.92
PTB.2022.222.08.38.07,PTB,2022.222.08.38.07,unlabelled,,,,,0,0,0.0,0.0,,,5.172999858856201,-73.07599639892578,12.23,1.9,6.5395,-74.456333,260.0,214.95,134.6
PTB.2022.223.00.12.11,PTB,2022.223.00.12.11,unlabelled,,,,,0,0,0.0,0.0,,,6.834000110626221,-76.65399932861328,26.64,1.6,6.5395,-74.456333,260.0,245.16,277.76
PTB.2022.223.05.27.15,PTB,2022.223.05.27.15,unlabelled,,,,,0,0,0.0,0.0,,,7.007999897003174,-71.79399871826172,6.76,1.9,6.5395,-74.456333,260.0,298.84,79.86
PTB.2022.223.09.10.42,PTB,2022.223.09.10.42,unlabelled,,,,,0,0,0.0,0.0,,,4.380000114440918,-73.78399658203125,9.18,1.5,6.5395,-74.456333,260.0,250.16,162.64
PTB.2022.223.15.26.50,PTB,2022.223.15.26.50,unlabelled,,,,,0,0,0.0,0.0,,,3.9200000762939453,-73.9749984741211,15.98,1.6,6.5395,-74.456333,260.0,294.55,169.54
PTB.2022.224.05.09.40,PTB,2022.224.05.09.40,unlabelled,,,,,0,0,0.0,0.0,,,7.070000171661377,-72.37300109863281,15.98,1.6,6.5395,-74.456333,260.0,237.65,75.59
PTB.2022.224.06.41.38,PTB,2022.224.06.41.38,unlabelled,,,,,0,0,0.0,0.0,,,5.232999801635742,-73.12699890136719,0.0,1.6,6.5395,-74.456333,260.0,206.26,134.39
PTB.2022.224.17.38.31,PTB,2022.224.17.38.31,unlabelled,,,,,0,0,0.0,0.0,-3.81,,6.7789998054504395,-76.70500183105469,25.7,2.1,6.5395,-74.456333,260.0,250.05,276.21
PTB.2022.225.01.35.58,PTB,2022.225.01.35.58,unlabelled,,,,,0,0,0.0,0.0,,,4.343999862670898,-73.70600128173828,10.29,1.5,6.5395,-74.456333,260.0,256.63,161.06
PTB.2022.225.02.05.54,PTB,2022.225.02.05.54,unlabelled,,,,,0,0,0.0,0.0,,,6.843999862670898,-72.06900024414062,12.93,1.7,6.5395,-74.456333,260.0,266.1,82.59
PTB.2022.225.03.44.53,PTB,2022.225.03.44.53,unlabelled,,,,,0,0,0.0,0.0,-3.65,,5.421000003814697,-72.72799682617188,16.21,2.0,6.5395,-74.456333,260.0,227.85,122.79
PTB.2022.225.04.02.10,PTB,2022.225.04.02.10,unlabelled,,,,,0,0,0.0,0.0,,,5.584000110626221,-72.23200225830078,37.87,1.6,6.5395,-74.456333,260.0,267.95,113.1
PTB.2022.225.04.20.21,PTB,2022.225.04.20.21,unlabelled,,,,,0,0,0.0,0.0,,,5.360000133514404,-72.72799682617188,24.18,1.5,6.5395,-74.456333,260.0,231.59,124.19
PTB.2022.225.04.29.39,PTB,2022.225.04.29.39,unlabelled,,,,,0,0,0.0,0.0,-2.31,-4.13,5.394000053405762,-72.7300033569336,13.16,2.0,6.5395,-74.456333,260.0,229.3,123.44
PTB.2022.225.05.19.24,PTB,2022.225.05.19.24,unlabelled,,,,,0,0,0.0,0.0,-1.62,,5.410999774932861,-72.73400115966797,13.16,1.6,6.5395,-74.456333,260.0,227.9,123.11
PTB.2022.225.05.23.55,PTB,2022.225.05.23.55,unlabelled,,,,,0,0,0.0,0.0,,,5.369999885559082,-72.7300033569336,15.98,1.5,6.5395,-74.456333,260.0,230.78,123.99
PTB.2022.225.05.38.10,PTB,2022.225.05.38.10,unlabelled,,,,,0,0,0.0,0.0,,,5.395999908447266,-72.72599792480469,22.07,1.5,6.5395,-74.456333,260.0,229.55,123.33
PTB.2022.225.05.49.07,PTB,2022.225.05.49.07,unlabelled,,,,,0,0,0.0,0.0,,,5.377999782562256,-72.73899841308594,13.05,1.6,6.5395,-74.456333,260.0,229.46,123.95
PTB.2022.225.05.59.28,PTB,2022.225.05.59.28,unlabelled,,,,,0,0,0.0,0.0,,,5.379000186920166,-72.71900177001953,19.02,2.8,6.5395,-74.456333,260.0,231.24,123.62
PTB.2022.225.07.43.56,PTB,2022.225.07.43.56,unlabelled,,,,,0,0,0.0,0.0,,,5.423999786376953,-72.69200134277344,28.05,1.5,6.5395,-74.456333,260.0,231.03,122.18
PTB.2022.225.20.19.25,PTB,2022.225.20.19.25,unlabelled,,,,,0,0,0.0,0.0,,,6.736000061035156,-71.93299865722656,15.98,1.8,6.5395,-74.456333,260.0,279.87,85.4
PTB.2022.226.10.10.08,PTB,2022.226.10.10.08,unlabelled,,,,,0,0,0.0,0.0,,,5.802000045776367,-72.56500244140625,15.98,1.6,6.5395,-74.456333,260.0,224.66,111.18
PTB.2022.227.06.08.13,PTB,2022.227.06.08.13,unlabelled,,,,,0,0,0.0,0.0,,,5.922999858856201,-72.50299835205078,26.52,1.9,6.5395,-74.456333,260.0,226.66,107.4
PTB.2022.227.13.46.17,PTB,2022.227.13.46.17,unlabelled,,,,,0,0,0.0,0.0,-3.95,,5.406000137329102,-72.70800018310547,29.57,1.7,6.5395,-74.456333,260.0,230.61,122.83
PTB.2022.228.00.59.49,PTB,2022.228.00.59.49,unlabelled,,,,,0,0,0.0,0.0,,,5.923999786376953,-76.77100372314453,33.2,1.8,6.5395,-74.456333,260.0,265.04,255.25
PTB.2022.229.08.39.17,PTB,2022.229.08.39.17,unlabelled,,,,,0,0,0.0,0.0,,,4.635000228881836,-75.54100036621094,13.84,2.0,6.5395,-74.456333,260.0,242.48,209.76
PTB.2022.229.08.44.09,PTB,2022.229.08.44.09,unlabelled,,,,,0,0,0.0,0.0,,,4.631999969482422,-75.54399871826172,14.19,1.7,6.5395,-74.456333,260.0,242.93,209.79
PTB.2022.229.08.51.04,PTB,2022.229.08.51.04,unlabelled,,,,,0,0,0.0,0.0,,,4.63700008392334,-75.54000091552734,14.6,1.8,6.5395,-74.456333,260.0,242.23,209.77
PTB.2022.229.08.54.14,PTB,2022.229.08.54.14,unlabelled,,,,,0,0,0.0,0.0,,,4.635000228881836,-75.53199768066406,14.86,1.6,6.5395,-74.456333,260.0,241.99,209.56
PTB.2022.229.09.16.15,PTB,2022.229.09.16.15,unlabelled,,,,,0,0,0.0,0.0,,,4.631999969482422,-75.54199981689453,13.69,1.5,6.5395,-74.456333,260.0,242.82,209.75
PTB.2022.229.22.11.18,PTB,2022.229.22.11.18,unlabelled,,,,,0,0,0.0,0.0,,,5.085999965667725,-73.18399810791016,5.55,1.5,6.5395,-74.456333,260.0,213.76,138.69
PTB.2022.230.08.51.03,PTB,2022.230.08.51.03,unlabelled,,,,,0,0,0.0,0.0,,,6.910999774932861,-72.16400146484375,15.98,1.6,6.5395,-74.456333,260.0,256.74,80.66
PTB.2022.230.12.04.23,PTB,2022.230.12.04.23,unlabelled,,,,,0,0,0.0,0.0,,,5.379000186920166,-72.71900177001953,19.02,2.8,6.5395,-74.456333,260.0,231.24,123.62
PTB.2022.230.21.43.46,PTB,2022.230.21.43.46,unlabelled,,,,,0,0,0.0,0.0,,,4.572000026702881,-73.53900146484375,7.07,1.7,6.5395,-74.456333,260.0,240.14,154.91
PTB.2022.230.22.18.16,PTB,2022.230.22.18.16,unlabelled,,,,,0,0,0.0,0.0,,,6.951000213623047,-76.34500122070312,21.84,1.6,6.5395,-74.456333,260.0,213.7,282.41
PTB.2022.231.00.05.24,PTB,2022.231.00.05.24,unlabelled,,,,,0,0,0.0,0.0,,,4.668000221252441,-73.51699829101562,14.34,1.6,6.5395,-74.456333,260.0,231.65,153.26
PTB.2022.231.00.12.36,PTB,2022.231.00.12.36,unlabelled,,,,,0,0,0.0,0.0,,,4.651000022888184,-73.48500061035156,15.98,2.6,6.5395,-74.456333,260.0,234.93,152.69
PTB.2022.231.04.00.27,PTB,2022.231.04.00.27,unlabelled,,,,,0,0,0.0,0.0,-2.81,,4.942999839782715,-74.81300354003906,28.87,1.9,6.5395,-74.456333,260.0,180.92,192.63
PTB.2022.231.06.52.16,PTB,2022.231.06.52.16,unlabelled,,,,,0,0,0.0,0.0,,,6.210999965667725,-72.79100036621094,13.87,2.5,6.5395,-74.456333,260.0,187.79,101.06
PTB.2022.231.08.37.04,PTB,2022.231.08.37.04,unlabelled,,,,,0,0,0.0,0.0,,,6.888000011444092,-76.19300079345703,21.37,1.5,6.5395,-74.456333,260.0,195.84,281.45
PTB.2022.232.01.04.20,PTB,2022.232.01.04.20,unlabelled,,,,,0,0,0.0,0.0,,,5.2170000076293945,-73.08100128173828,13.52,1.8,6.5395,-74.456333,260.0,211.15,133.77
PTB.2022.232.14.26.17,PTB,2022.232.14.26.17,unlabelled,,,,,0,0,0.0,0.0,,,5.833000183105469,-73.4209976196289,0.0,1.5,6.5395,-74.456333,260.0,138.69,124.23
PTB.2022.232.20.59.11,PTB,2022.232.20.59.11,unlabelled,,,,,0,0,0.0,0.0,,,4.948999881744385,-74.81300354003906,26.76,1.7,6.5395,-74.456333,260.0,180.27,192.68
PTB.2022.233.02.48.58,PTB,2022.233.02.48.58,unlabelled,,,,,0,0,0.0,0.0,,,7.431000232696533,-77.09300231933594,28.57,1.7,6.5395,-74.456333,260.0,307.57,288.85
PTB.2022.233.03.13.01,PTB,2022.233.03.13.01,unlabelled,,,,,0,0,0.0,0.0,-1.03,,6.951000213623047,-76.22899627685547,14.57,1.7,6.5395,-74.456333,260.0,201.19,283.18
PTB.2022.234.23.16.49,PTB,2022.234.23.16.49,unlabelled,,,,,0,0,0.0,0.0,,,6.978000164031982,-76.23100280761719,20.55,1.6,6.5395,-74.456333,260.0,202.1,283.99
PTB.2022.235.19.13.17,PTB,2022.235.19.13.17,unlabelled,,,,,0,0,0.0,0.0,,,4.616000175476074,-75.5469970703125,10.7,1.5,6.5395,-74.456333,260.0,244.64,209.66
PTB.2022.236.01.06.03,PTB,2022.236.01.06.03,unlabelled,,,,,0,0,0.0,0.0,,,4.764999866485596,-76.60399627685547,22.27,1.6,6.5395,-74.456333,260.0,308.4,230.6
PTB.2022.237.02.55.31,PTB,2022.237.02.55.31,unlabelled,,,,,0,0,0.0,0.0,,,3.9820001125335693,-73.95099639892578,17.56,2.5,6.5395,-74.456333,260.0,288.31,168.77
PTB.2022.237.10.59.47,PTB,2022.237.10.59.47,unlabelled,,,,,0,0,0.0,0.0,,,5.395999908447266,-72.69999694824219,29.8,1.7,6.5395,-74.456333,260.0,231.96,122.94
PTB.2022.237.12.03.20,PTB,2022.237.12.03.20,unlabelled,,,,,0,0,0.0,0.0,,,4.013999938964844,-75.5510025024414,21.84,1.5,6.5395,-74.456333,260.0,304.5,203.54
PTB.2022.238.04.42.12,PTB,2022.238.04.42.12,unlabelled,,,,,0,0,0.0,0.0,,,5.363999843597412,-76.46099853515625,22.07,2.0,6.5395,-74.456333,260.0,257.22,239.75
PTB.2022.238.15.03.50,PTB,2022.238.15.03.50,unlabelled,,,,,0,0,0.0,0.0,,,4.855999946594238,-73.27400207519531,21.13,1.9,6.5395,-74.456333,260.0,227.62,144.81
PTB.2022.238.15.08.07,PTB,2022.238.15.08.07,unlabelled,,,,,0,0,0.0,0.0,,,4.7179999351501465,-75.16699981689453,19.02,1.5,6.5395,-74.456333,260.0,216.27,201.38
PTB.2022.238.15.20.43,PTB,2022.238.15.20.43,unlabelled,,,,,0,0,0.0,0.0,,,6.833000183105469,-71.91999816894531,22.54,2.5,6.5395,-74.456333,260.0,282.31,83.25
PTB.2022.238.17.39.24,PTB,2022.238.17.39.24,unlabelled,,,,,0,0,0.0,0.0,,,4.586999893188477,-74.96399688720703,19.02,1.6,6.5395,-74.456333,260.0,223.12,194.63
PTB.2022.239.05.48.51,PTB,2022.239.05.48.51,unlabelled,,,,,0,0,0.0,0.0,,,6.945000171661377,-72.052001953125,23.24,1.8,6.5395,-74.456333,260.0,269.57,80.28
PTB.2022.239.06.52.41,PTB,2022.239.06.52.41,unlabelled,,,,,0,0,0.0,0.0,,,7.552999973297119,-72.36399841308594,18.32,1.5,6.5395,-74.456333,260.0,256.91,64.01
PTB.2022.239.17.33.42,PTB,2022.239.17.33.42,unlabelled,,,,,0,0,0.0,0.0,,,6.880000114440918,-76.26499938964844,24.18,1.6,6.5395,-74.456333,260.0,203.48,280.77
PTB.2022.240.01.30.42,PTB,2022.240.01.30.42,unlabelled,,,,,0,0,0.0,0.0,,,3.5980000495910645,-74.5,32.44,2.2,6.5395,-74.456333,260.0,325.32,180.85
PTB.2022.240.04.34.02,PTB,2022.240.04.34.02,unlabelled,,,,,0,0,0.0,0.0,,,7.182000160217285,-76.7239990234375,26.52,2.1,6.5395,-74.456333,260.0,260.52,285.96
PTB.2022.240.21.47.41,PTB,2022.240.21.47.41,unlabelled,,,,,0,0,0.0,0.0,,,6.322999954223633,-72.05999755859375,22.07,2.4,6.5395,-74.456333,260.0,266.17,95.03
PTB.2022.241.03.56.59,PTB,2022.241.03.56.59,unlabelled,,,,,0,0,0.0,0.0,,,3.9730000495910645,-73.95600128173828,15.98,1.8,6.5395,-74.456333,260.0,289.18,168.92
PTB.2022.241.04.33.59,PTB,2022.241.04.33.59,unlabelled,,,,,0,0,0.0,0.0,,,6.849999904632568,-76.30599975585938,18.32,1.7,6.5395,-74.456333,260.0,207.37,279.64
PTB.2022.241.06.07.54,PTB,2022.241.06.07.54,unlabelled,,,,,0,0,0.0,0.0,,,6.8480000495910645,-76.33200073242188,19.02,1.8,6.5395,-74.456333,260.0,210.17,279.45
PTB.2022.241.11.17.42,PTB,2022.241.11.17.42,unlabelled,,,,,0,0,0.0,0.0,,,5.160999774932861,-74.59400177001953,27.46,1.6,6.5395,-74.456333,260.0,153.2,185.72
PTB.2022.241.11.56.00,PTB,2022.241.11.56.00,unlabelled,,,,,0,0,0.0,0.0,,,5.033999919891357,-73.4729995727539,28.59,1.6,6.5395,-74.456333,260.0,198.94,146.76
PTB.2022.241.13.47.48,PTB,2022.241.13.47.48,unlabelled,,,,,0,0,0.0,0.0,,,6.953999996185303,-76.23600006103516,15.51,1.7,6.5395,-74.456333,260.0,202.02,283.22
PTB.2022.241.21.27.50,PTB,2022.241.21.27.50,unlabelled,,,,,0,0,0.0,0.0,,,5.019000053405762,-73.23400115966797,15.98,2.4,6.5395,-74.456333,260.0,215.87,141.1
PTB.2022.242.03.17.27,PTB,2022.242.03.17.27,unlabelled,,,,,0,0,0.0,0.0,,,7.156000137329102,-76.8759994506836,22.34,1.6,6.5395,-74.456333,260.0,276.0,284.44
PTB.2022.242.15.51.00,PTB,2022.242.15.51.00,unlabelled,,,,,0,0,0.0,0.0,,,7.63100004196167,-73.75199890136719,10.0,1.9,6.5395,-74.456333,260.0,143.62,32.76
PTB.2022.242.20.27.51,PTB,2022.242.20.27.51,unlabelled,,,,,0,0,0.0,0.0,,,6.271999835968018,-72.10900115966797,20.9,2.0,6.5395,-74.456333,260.0,261.36,96.37
PTB.2022.242.22.25.24,PTB,2022.242.22.25.24,unlabelled,,,,,0,0,0.0,0.0,-0.55,-4.49,6.702000141143799,-73.03099822998047,13.57,1.6,6.5395,-74.456333,260.0,158.64,83.41
PTB.2022.243.05.20.26,PTB,2022.243.05.20.26,unlabelled,,,,,0,0,0.0,0.0,,,3.5409998893737793,-74.55500030517578,29.63,2.3,6.5395,-74.456333,260.0,331.76,181.89
PTB.2022.243.08.00.55,PTB,2022.243.08.00.55,unlabelled,,,,,0,0,0.0,0.0,,,3.680999994277954,-74.60800170898438,25.35,1.5,6.5395,-74.456333,260.0,316.55,183.05
PTB.2022.243.09.35.17,PTB,2022.243.09.35.17,unlabelled,,,,,0,0,0.0,0.0,,,6.968999862670898,-76.24400329589844,18.67,1.6,6.5395,-74.456333,260.0,203.26,283.62
PTB.2022.243.18.04.28,PTB,2022.243.18.04.28,unlabelled,,,,,0,0,0.0,0.0,-1.46,-0.17,5.659999847412109,-72.62100219726562,13.16,1.9,6.5395,-74.456333,260.0,225.24,115.48
PTB.2022.243.21.39.17,PTB,2022.243.21.39.17,unlabelled,,,,,0,0,0.0,0.0,,,6.517000198364258,-76.54000091552734,25.23,1.9,6.5395,-74.456333,260.0,230.47,269.5
PTB.2022.244.09.46.19,PTB,2022.244.09.46.19,unlabelled,,,,,0,0,0.0,0.0,,,6.689000129699707,-72.04000091552734,13.16,1.8,6.5395,-74.456333,260.0,267.72,86.32
PTB.2022.244.09.53.50,PTB,2022.244.09.53.50,unlabelled,,,,,0,0,0.0,0.0,-2.03,,5.984000205993652,-76.55000305175781,33.32,1.8,6.5395,-74.456333,260.0,239.69,255.27
PTB.2022.244.09.57.06,PTB,2022.244.09.57.06,unlabelled,,,,,0,0,0.0,0.0,,,6.681000232696533,-72.0510025024414,12.93,2.0,6.5395,-74.456333,260.0,266.45,86.5
PTB.2022.244.15.37.09,PTB,2022.244.15.37.09,unlabelled,,,,,0,0,0.0,0.0,,,7.017000198364258,-76.58799743652344,13.4,1.5,6.5395,-74.456333,260.0,241.49,282.76
PTB.2022.244.19.05.00,PTB,2022.244.19.05.00,unlabelled,,,,,0,0,0.0,0.0,,,6.381999969482422,-71.82599639892578,17.92,1.8,6.5395,-74.456333,260.0,291.48,93.28
PTB.2022.245.07.39.46,PTB,2022.245.07.39.46,unlabelled,,,,,0,0,0.0,0.0,,,5.1529998779296875,-73.23100280761719,15.86,1.6,6.5395,-74.456333,260.0,204.75,138.43
PTB.2022.245.14.39.47,PTB,2022.245.14.39.47,unlabelled,,,,,0,0,0.0,0.0,,,4.622000217437744,-73.08799743652344,6.72,1.5,6.5395,-74.456333,260.0,260.66,144.37
PTB.2022.245.18.11.17,PTB,2022.245.18.11.17,unlabelled,,,,,0,0,0.0,0.0,,,6.703999996185303,-72.0459976196289,9.88,1.6,6.5395,-74.456333,260.0,267.16,85.96
PTB.2022.245.19.48.20,PTB,2022.245.19.48.20,unlabelled,,,,,0,0,0.0,0.0,,,6.438000202178955,-72.4540023803711,5.42,1.7,6.5395,-74.456333,260.0,221.76,92.79
PTB.2022.246.03.28.34,PTB,2022.246.03.28.34,unlabelled,,,,,0,0,0.0,0.0,,,7.2779998779296875,-77.1259994506836,31.42,1.7,6.5395,-74.456333,260.0,306.14,285.63
PTB.2022.246.08.44.57,PTB,2022.246.08.44.57,unlabelled,,,,,0,0,0.0,0.0,,,6.695000171661377,-76.69000244140625,33.32,1.8,6.5395,-74.456333,260.0,247.6,274.11
PTB.2022.246.10.29.36,PTB,2022.246.10.29.36,unlabelled,,,,,0,0,0.0,0.0,,,6.929999828338623,-76.2979965209961,24.65,1.6,6.5395,-74.456333,260.0,208.14,282.08
PTB.2022.247.00.51.02,PTB,2022.247.00.51.02,unlabelled,,,,,0,0,0.0,0.0,,,5.201000213623047,-76.85299682617188,28.51,1.9,6.5395,-74.456333,260.0,303.89,240.98
PTB.2022.247.07.18.28,PTB,2022.247.07.18.28,unlabelled,,,,,0,0,0.0,0.0,,,4.229000091552734,-75.93900299072266,19.96,1.7,6.5395,-74.456333,260.0,303.78,212.82
PTB.2022.247.17.26.51,PTB,2022.247.17.26.51,unlabelled,,,,,0,0,0.0,0.0,,,6.849999904632568,-76.67900085449219,33.09,3.0,6.5395,-74.456333,260.0,248.14,278.08
PTB.2022.248.06.52.49,PTB,2022.248.06.52.49,unlabelled,,,,,0,0,0.0,0.0,,,6.681000232696533,-76.47799682617188,10.12,1.5,6.5395,-74.456333,260.0,224.11,274.12
PTB.2022.248.19.31.50,PTB,2022.248.19.31.50,unlabelled,,,,,0,0,0.0,0.0,,,7.019999980926514,-71.87999725341797,0.0,2.0,6.5395,-74.456333,260.0,289.72,79.28
PTB.2022.249.08.52.38,PTB,2022.249.08.52.38,unlabelled,,,,,0,0,0.0,0.0,,,7.052999973297119,-72.21700286865234,15.98,1.6,6.5395,-74.456333,260.0,253.97,76.95
PTB.2022.250.03.40.26,PTB,2022.250.03.40.26,unlabelled,,,,,0,0,0.0,0.0,,,5.9120001792907715,-76.6719970703125,34.49,2.4,6.5395,-74.456333,260.0,254.83,254.32
PTB.2022.250.05.19.28,PTB,2022.250.05.19.28,unlabelled,,,,,0,0,0.0,0.0,,,4.818999767303467,-74.61599731445312,31.39,1.7,6.5395,-74.456333,260.0,191.08,185.32
PTB.2022.251.11.53.41,PTB,2022.251.11.53.41,unlabelled,,,,,0,0,0.0,0.0,,,3.8369998931884766,-73.66200256347656,11.7,1.7,6.5395,-74.456333,260.0,311.55,163.54
PTB.2022.251.20.36.22,PTB,2022.251.20.36.22,unlabelled,,,,,0,0,0.0,0.0,,,7.202000141143799,-77.03900146484375,12.39,1.7,6.5395,-74.456333,260.0,294.7,284.55
PTB.2022.252.01.52.26,PTB,2022.252.01.52.26,unlabelled,,,,,0,0,0.0,0.0,,,4.538000106811523,-73.28700256347656,13.63,1.7,6.5395,-74.456333,260.0,256.47,149.6
PTB.2022.252.05.38.52,PTB,2022.252.05.38.52,unlabelled,,,,,0,0,0.0,0.0,,,5.4120001792907715,-76.69100189208984,30.86,1.9,6.5395,-74.456333,260.0,277.06,243.37
PTB.2022.252.06.49.14,PTB,2022.252.06.49.14,unlabelled,,,,,0,0,0.0,0.0,,,6.985000133514404,-75.94499969482422,16.91,2.0,6.5395,-74.456333,260.0,171.79,286.75
PTB.2022.252.16.56.33,PTB,2022.252.16.56.33,unlabelled,,,,,0,0,0.0,0.0,,,6.785999774932861,-76.70999908447266,30.66,1.8,6.5395,-74.456333,260.0,250.68,276.37
PTB.2022.252.21.59.53,PTB,2022.252.21.59.53,unlabelled,,,,,0,0,0.0,0.0,-2.37,-1.58,7.206999778747559,-75.05999755859375,1.56,1.5,6.5395,-74.456333,260.0,99.5,317.93
PTB.2022.253.11.24.38,PTB,2022.253.11.24.38,unlabelled,,,,,0,0,0.0,0.0,-0.18,-0.15,6.815999984741211,-76.33799743652344,30.04,1.9,6.5395,-74.456333,260.0,210.29,278.47
PTB.2022.253.17.22.57,PTB,2022.253.17.22.57,unlabelled,,,,,0,0,0.0,0.0,,,5.7210001945495605,-72.60700225830078,16.33,1.5,6.5395,-74.456333,260.0,223.82,113.75
PTB.2022.253.17.27.10,PTB,2022.253.17.27.10,unlabelled,,,,,0,0,0.0,0.0,,,6.335999965667725,-72.00199890136719,18.55,2.0,6.5395,-74.456333,260.0,272.43,94.6
PTB.2022.254.08.55.16,PTB,2022.254.08.55.16,unlabelled,,,,,0,0,0.0,0.0,-2.95,-1.18,5.539999961853027,-72.41799926757812,11.05,2.4,6.5395,-74.456333,260.0,251.27,115.99
PTB.2022.254.19.07.44,PTB,2022.254.19.07.44,unlabelled,,,,,0,0,0.0,0.0,,,6.7270002365112305,-76.64099884033203,24.88,1.6,6.5395,-74.456333,260.0,242.47,275.03
PTB.2022.254.23.46.09,PTB,2022.254.23.46.09,unlabelled,,,,,0,0,0.0,0.0,,,5.434999942779541,-72.43399810791016,29.0,1.5,6.5395,-74.456333,260.0,255.05,118.5
PTB.2022.255.03.16.45,PTB,2022.255.03.16.45,unlabelled,,,,,0,0,0.0,0.0,,,5.329999923706055,-75.90599822998047,35.66,2.0,6.5395,-74.456333,260.0,208.94,230.27
PTB.2022.255.06.36.13,PTB,2022.255.06.36.13,unlabelled,,,,,0,0,0.0,0.0,,,4.781000137329102,-76.32499694824219,21.69,1.5,6.5395,-74.456333,260.0,284.02,226.89
PTB.2022.256.00.48.05,PTB,2022.256.00.48.05,unlabelled,,,,,0,0,0.0,0.0,-3.0,-3.01,7.218999862670898,-76.1510009765625,31.33,1.5,6.5395,-74.456333,260.0,201.81,291.96
PTB.2022.256.05.46.06,PTB,2022.256.05.46.06,unlabelled,,,,,0,0,0.0,0.0,,,3.5989999771118164,-74.44599914550781,37.54,1.7,6.5395,-74.456333,260.0,325.17,179.8
PTB.2022.256.06.30.30,PTB,2022.256.06.30.30,unlabelled,,,,,0,0,0.0,0.0,-4.56,,7.313000202178955,-77.05999755859375,37.07,2.7,6.5395,-74.456333,260.0,300.18,286.71
PTB.2022.256.11.27.51,PTB,2022.256.11.27.51,unlabelled,,,,,0,0,0.0,0.0,,,7.263000011444092,-76.80599975585938,26.76,1.5,6.5395,-74.456333,260.0,271.73,287.26
PTB.2022.256.17.21.49,PTB,2022.256.17.21.49,unlabelled,,,,,0,0,0.0,0.0,,,5.863999843597412,-73.81300354003906,19.02,1.7,6.5395,-74.456333,260.0,103.2,136.34
PTB.2022.257.02.34.43,PTB,2022.257.02.34.43,unlabelled,,,,,0,0,0.0,0.0,,,7.105999946594238,-76.71099853515625,28.63,1.7,6.5395,-74.456333,260.0,256.98,284.24
PTB.2022.257.18.26.00,PTB,2022.257.18.26.00,unlabelled,,,,,0,0,0.0,0.0,,,7.453000068664551,-72.31900024414062,15.98,1.6,6.5395,-74.456333,260.0,256.86,66.71
PTB.2022.258.00.59.50,PTB,2022.258.00.59.50,unlabelled,,,,,0,0,0.0,0.0,,,7.004000186920166,-76.67500305175781,18.55,1.5,6.5395,-74.456333,260.0,250.59,281.96
PTB.2022.258.03.08.32,PTB,2022.258.03.08.32,unlabelled,,,,,0,0,0.0,0.0,,,6.986999988555908,-76.41000366210938,15.27,1.5,6.5395,-74.456333,260.0,221.57,283.02
PTB.2022.258.15.31.54,PTB,2022.258.15.31.54,unlabelled,,,,,0,0,0.0,0.0,,,6.291999816894531,-76.91100311279297,37.42,2.4,6.5395,-74.456333,260.0,272.93,264.38
PTB.2022.258.18.31.48,PTB,2022.258.18.31.48,unlabelled,,,,,0,0,0.0,0.0,,,6.257999897003174,-76.98799896240234,37.42,2.0,6.5395,-74.456333,260.0,281.8,263.8
PTB.2022.259.00.05.38,PTB,2022.259.00.05.38,unlabelled,,,,,0,0,0.0,0.0,,,5.551000118255615,-76.6709976196289,15.86,1.6,6.5395,-74.456333,260.0,268.44,246.09
PTB.2022.260.03.57.26,PTB,2022.260.03.57.26,unlabelled,,,,,0,0,0.0,0.0,,,7.328999996185303,-77.0989990234375,36.95,2.0,6.5395,-74.456333,260.0,304.81,286.8
PTB.2022.260.10.41.41,PTB,2022.260.10.41.41,unlabelled,,,,,0,0,0.0,0.0,-0.8,-4.29,6.948999881744385,-76.29199981689453,9.41,1.6,6.5395,-74.456333,260.0,207.93,282.69
PTB.2022.260.22.00.36,PTB,2022.260.22.00.36,unlabelled,,,,,0,0,0.0,0.0,,,6.926000118255615,-72.15899658203125,15.98,2.0,6.5395,-74.456333,260.0,257.56,80.31
PTB.2022.261.02.43.21,PTB,2022.261.02.43.21,unlabelled,,,,,0,0,0.0,0.0,,,5.011000156402588,-74.11799621582031,2.34,1.9,6.5395,-74.456333,260.0,173.13,167.48
PTB.2022.261.16.01.30,PTB,2022.261.16.01.30,unlabelled,,,,,0,0,0.0,0.0,,,4.617000102996826,-75.53600311279297,13.34,1.6,6.5395,-74.456333,260.0,243.94,209.42
PTB.2022.261.17.09.11,PTB,2022.261.17.09.11,unlabelled,,,,,0,0,0.0,0.0,,,5.752999782562256,-73.17400360107422,13.63,1.7,6.5395,-74.456333,260.0,166.46,121.43
PTB.2022.262.05.38.04,PTB,2022.262.05.38.04,unlabelled,,,,,0,0,0.0,0.0,,,4.633999824523926,-74.63300323486328,26.29,1.5,6.5395,-74.456333,260.0,211.63,185.32
PTB.2022.262.07.28.38,PTB,2022.262.07.28.38,unlabelled,,,,,0,0,0.0,0.0,,,6.994999885559082,-76.33799743652344,13.52,1.5,6.5395,-74.456333,260.0,214.03,283.72
PTB.2022.262.09.48.58,PTB,2022.262.09.48.58,unlabelled,,,,,0,0,0.0,0.0,,,7.409999847412109,-76.6969985961914,20.55,1.6,6.5395,-74.456333,260.0,265.65,291.38
PTB.2022.262.11.02.32,PTB,2022.262.11.02.32,unlabelled,,,,,0,0,0.0,0.0,,,7.006999969482422,-77.00499725341797,31.21,2.0,6.5395,-74.456333,260.0,286.45,280.55
PTB.2022.262.15.31.34,PTB,2022.262.15.31.34,unlabelled,,,,,0,0,0.0,0.0,,,6.2179999351501465,-76.65599822998047,32.02,1.6,6.5395,-74.456333,260.0,245.94,261.81
PTB.2022.263.04.31.31,PTB,2022.263.04.31.31,unlabelled,,,,,0,0,0.0,0.0,-1.96,,5.421000003814697,-72.67400360107422,11.76,1.6,6.5395,-74.456333,260.0,232.89,121.98
PTB.2022.263.07.18.06,PTB,2022.263.07.18.06,unlabelled,,,,,0,0,0.0,0.0,,,6.9710001945495605,-76.26799774169922,8.48,1.4,6.5395,-74.456333,260.0,205.89,283.51
PTB.2022.264.04.44.41,PTB,2022.264.04.44.41,unlabelled,,,,,0,0,0.0,0.0,,,5.992000102996826,-77.0199966430664,35.08,1.7,6.5395,-74.456333,260.0,290.08,258.09
PTB.2022.264.07.31.50,PTB,2022.264.07.31.50,unlabelled,,,,,0,0,0.0,0.0,,,5.3470001220703125,-76.73699951171875,30.51,2.3,6.5395,-74.456333,260.0,284.88,242.55
PTB.2022.264.12.41.02,PTB,2022.264.12.41.02,unlabelled,,,,,0,0,0.0,0.0,,,6.813000202178955,-76.18199920654297,15.39,1.5,6.5395,-74.456333,260.0,193.19,279.11
PTB.2022.264.16.14.15,PTB,2022.264.16.14.15,unlabelled,,,,,0,0,0.0,0.0,,,7.40500020980835,-72.06900024414062,10.7,1.5,6.5395,-74.456333,260.0,280.63,69.92
PTB.2022.265.07.04.57,PTB,2022.265.07.04.57,unlabelled,,,,,0,0,0.0,0.0,,,4.495999813079834,-75.97799682617188,18.38,1.5,6.5395,-74.456333,260.0,281.95,216.8
PTB.2022.265.07.34.54,PTB,2022.265.07.34.54,unlabelled,,,,,0,0,0.0,0.0,,,6.855999946594238,-76.29100036621094,21.84,1.2,6.5395,-74.456333,260.0,205.85,279.9
PTB.2022.266.01.36.02,PTB,2022.266.01.36.02,unlabelled,,,,,0,0,0.0,0.0,,,6.918000221252441,-76.38099670410156,10.12,1.7,6.5395,-74.456333,260.0,216.86,281.24
PTB.2022.266.08.33.55,PTB,2022.266.08.33.55,unlabelled,,,,,0,0,0.0,0.0,-0.65,-0.25,6.811999797821045,-76.33300018310547,27.23,1.9,6.5395,-74.456333,260.0,209.68,278.37
PTB.2022.266.15.46.03,PTB,2022.266.15.46.03,unlabelled,,,,,0,0,0.0,0.0,-10.57,,6.01200008392334,-72.5199966430664,15.04,1.8,6.5395,-74.456333,260.0,222.07,105.12
PTB.2022.267.06.58.44,PTB,2022.267.06.58.44,unlabelled,,,,,0,0,0.0,0.0,,,3.9030001163482666,-74.84100341796875,24.65,1.5,6.5395,-74.456333,260.0,294.66,188.34
PTB.2022.267.11.31.27,PTB,2022.267.11.31.27,unlabelled,,,,,0,0,0.0,0.0,,,6.517000198364258,-76.7760009765625,28.98,1.7,6.5395,-74.456333,260.0,256.57,269.58
PTB.2022.268.01.50.28,PTB,2022.268.01.50.28,unlabelled,,,,,0,0,0.0,0.0,,,5.609000205993652,-75.9739990234375,20.04,1.8,6.5395,-74.456333,260.0,197.01,238.59
PTB.2022.268.07.27.04,PTB,2022.268.07.27.04,unlabelled,,,,,0,0,0.0,0.0,-0.96,,5.201000213623047,-73.09100341796875,12.93,2.4,6.5395,-74.456333,260.0,211.59,134.32
PTB.2022.269.05.13.38,PTB,2022.269.05.13.38,unlabelled,,,,,0,0,0.0,0.0,-2.57,,7.176000118255615,-76.98500061035156,39.88,2.2,6.5395,-74.456333,260.0,288.22,284.28
PTB.2022.269.10.28.53,PTB,2022.269.10.28.53,unlabelled,,,,,0,0,0.0,0.0,-4.32,,4.170000076293945,-75.48500061035156,21.19,2.6,6.5395,-74.456333,260.0,285.76,203.56
PTB.2022.269.17.30.25,PTB,2022.269.17.30.25,unlabelled,,,,,0,0,0.0,0.0,,,3.555999994277954,-74.20099639892578,21.84,2.6,6.5395,-74.456333,260.0,331.14,175.08
PTB.2022.270.00.17.51,PTB,2022.270.00.17.51,unlabelled,,,,,0,0,0.0,0.0,,,7.235000133514404,-76.86599731445312,36.6,2.0,6.5395,-74.456333,260.0,277.2,286.25
PTB.2022.270.09.53.34,PTB,2022.270.09.53.34,unlabelled,,,,,0,0,0.0,0.0,,,7.195000171661377,-77.24299621582031,40.35,2.0,6.5395,-74.456333,260.0,316.41,283.41
PTB.2022.270.10.22.48,PTB,2022.270.10.22.48,unlabelled,,,,,0,0,0.0,0.0,,,4.173999786376953,-75.48300170898438,19.02,1.9,6.5395,-74.456333,260.0,285.26,203.56
PTB.2022.270.21.41.54,PTB,2022.270.21.41.54,unlabelled,,,,,0,0,0.0,0.0,-3.4,-6.79,6.961999893188477,-76.2750015258789,30.45,1.1,6.5395,-74.456333,260.0,206.42,283.19
PTB.2022.270.23.26.46,PTB,2022.270.23.26.46,unlabelled,,,,,0,0,0.0,0.0,-6.39,-5.96,7.059000015258789,-76.3219985961914,14.8,1.8,6.5395,-74.456333,260.0,214.09,285.68
PTB.2022.271.11.15.49,PTB,2022.271.11.15.49,unlabelled,,,,,0,0,0.0,0.0,,,6.495999813079834,-76.73899841308594,5.0,1.6,6.5395,-74.456333,260.0,252.52,269.04
PTB.2022.271.16.39.08,PTB,2022.271.16.39.08,unlabelled,,,,,0,0,0.0,0.0,,,6.74399995803833,-76.74199676513672,32.62,2.0,6.5395,-74.456333,260.0,253.75,275.24
PTB.2022.271.16.46.49,PTB,2022.271.16.46.49,unlabelled,,,,,0,0,0.0,0.0,,,4.671999931335449,-76.22100067138672,15.98,1.5,6.5395,-74.456333,260.0,284.38,223.52
PTB.2022.273.03.12.10,PTB,2022.273.03.12.10,unlabelled,,,,,0,0,0.0,0.0,,,6.849999904632568,-76.21600341796875,23.24,1.7,6.5395,-74.456333,260.0,197.57,280.11
PTB.2022.273.11.40.49,PTB,2022.273.11.40.49,unlabelled,,,,,0,0,0.0,0.0,,,3.618000030517578,-74.15799713134766,27.93,1.9,6.5395,-74.456333,260.0,324.76,174.14
PTB.2022.317.16.27.30,PTB,2022.317.16.27.30,unlabelled,,,,,0,0,0.0,0.0,,,7.697000026702881,-72.70700073242188,18.61,2.0,6.5395,-74.456333,260.0,231.79,56.37
PTB.2022.317.22.34.38,PTB,2022.317.22.34.38,unlabelled,,,,,0,0,0.0,0.0,,,5.072000026702881,-73.27200317382812,18.32,1.6,6.5395,-74.456333,260.0,208.66,140.99
PTB.2022.318.00.05.08,PTB,2022.318.00.05.08,unlabelled,,,,,0,0,0.0,0.0,,,6.656000137329102,-76.69999694824219,27.58,2.0,6.5395,-74.456333,260.0,248.45,273.1
PTB.2022.318.03.47.12,PTB,2022.318.03.47.12,unlabelled,,,,,0,0,0.0,0.0,,,6.690999984741211,-72.01599884033203,15.98,1.6,6.5395,-74.456333,260.0,270.38,86.31
PTB.2022.318.19.34.58,PTB,2022.318.19.34.58,unlabelled,,,,,0,0,0.0,0.0,,,6.118000030517578,-72.625,13.63,1.6,6.5395,-74.456333,260.0,207.92,102.85
PTB.2022.319.01.17.15,PTB,2022.319.01.17.15,unlabelled,,,,,0,0,0.0,0.0,,,5.13100004196167,-73.2300033569336,4.39,1.6,6.5395,-74.456333,260.0,206.65,138.85
PTB.2022.319.02.16.38,PTB,2022.319.02.16.38,unlabelled,,,,,0,0,0.0,0.0,,,5.039999961853027,-73.22699737548828,21.6,1.9,6.5395,-74.456333,260.0,214.56,140.55
PTB.2022.319.05.49.10,PTB,2022.319.05.49.10,unlabelled,,,,,0,0,0.0,0.0,,,5.1539998054504395,-73.11000061035156,15.74,1.7,6.5395,-74.456333,260.0,213.79,135.71
PTB.2022.319.08.15.10,PTB,2022.319.08.15.10,unlabelled,,,,,0,0,0.0,0.0,,,4.077000141143799,-74.09300231933594,16.04,1.7,6.5395,-74.456333,260.0,275.27,171.57
PTB.2022.319.13.15.41,PTB,2022.319.13.15.41,unlabelled,,,,,0,0,0.0,0.0,,,6.818999767303467,-76.75299835205078,11.0,1.7,6.5395,-74.456333,260.0,255.81,277.07
PTB.2022.319.20.12.07,PTB,2022.319.20.12.07,unlabelled,,,,,0,0,0.0,0.0,,,7.584000110626221,-73.36699676513672,28.66,1.6,6.5395,-74.456333,260.0,166.81,46.11
PTB.2022.320.00.56.45,PTB,2022.320.00.56.45,unlabelled,,,,,0,0,0.0,0.0,,,7.017000198364258,-72.16600036621094,24.88,2.7,6.5395,-74.456333,260.0,258.64,78.09
PTB.2022.320.02.11.33,PTB,2022.320.02.11.33,unlabelled,,,,,0,0,0.0,0.0,,,4.5289998054504395,-74.05000305175781,5.72,1.8,6.5395,-74.456333,260.0,226.84,168.53
PTB.2022.320.09.16.30,PTB,2022.320.09.16.30,unlabelled,,,,,0,0,0.0,0.0,,,6.736000061035156,-72.08000183105469,15.98,1.6,6.5395,-74.456333,260.0,263.67,85.14
PTB.2022.320.22.25.59,PTB,2022.320.22.25.59,unlabelled,,,,,0,0,0.0,0.0,,,7.519000053405762,-72.19000244140625,21.13,2.0,6.5395,-74.456333,260.0,272.83,66.47
PTB.2022.321.04.44.34,PTB,2022.321.04.44.34,unlabelled,,,,,0,0,0.0,0.0,,,5.408999919891357,-77.04299926757812,29.22,1.8,6.5395,-74.456333,260.0,312.49,246.56
PTB.2022.321.05.25.26,PTB,2022.321.05.25.26,unlabelled,,,,,0,0,0.0,0.0,,,3.821000099182129,-75.67400360107422,15.98,1.9,6.5395,-74.456333,260.0,329.54,204.24
PTB.2022.321.11.51.59,PTB,2022.321.11.51.59,unlabelled,,,,,0,0,0.0,0.0,,,5.283999919891357,-74.77100372314453,19.02,1.7,6.5395,-74.456333,260.0,143.15,194.1
PTB.2022.321.12.38.42,PTB,2022.321.12.38.42,unlabelled,,,,,0,0,0.0,0.0,,,7.363999843597412,-72.2249984741211,1.45,1.9,6.5395,-74.456333,260.0,262.89,69.57
PTB.2022.321.18.08.01,PTB,2022.321.18.08.01,unlabelled,,,,,0,0,0.0,0.0,,,6.4019999504089355,-72.59300231933594,13.05,1.6,6.5395,-74.456333,260.0,206.67,94.11
PTB.2022.321.18.59.00,PTB,2022.321.18.59.00,unlabelled,,,,,0,0,0.0,0.0,,,6.811999797821045,-76.7760009765625,0.0,1.8,6.5395,-74.456333,260.0,258.25,276.84
PTB.2022.321.20.38.14,PTB,2022.321.20.38.14,unlabelled,,,,,0,0,0.0,0.0,,,4.673999786376953,-73.36799621582031,9.18,1.5,6.5395,-74.456333,260.0,238.95,149.64
PTB.2022.321.22.43.25,PTB,2022.321.22.43.25,unlabelled,,,,,0,0,0.0,0.0,,,4.932000160217285,-72.94100189208984,22.77,2.2,6.5395,-74.456333,260.0,244.48,136.57
PTB.2022.322.03.42.15,PTB,2022.322.03.42.15,unlabelled,,,,,0,0,0.0,0.0,,,6.9120001792907715,-76.76000213623047,4.69,1.7,6.5395,-74.456333,260.0,258.0,279.32
PTB.2022.322.03.48.20,PTB,2022.322.03.48.20,unlabelled,,,,,0,0,0.0,0.0,-6.41,-21.2,7.561999797821045,-73.15899658203125,3.22,1.6,6.5395,-74.456333,260.0,182.57,51.65
PTB.2022.322.05.49.43,PTB,2022.322.05.49.43,unlabelled,,,,,0,0,0.0,0.0,,,6.880000114440918,-76.32499694824219,8.95,1.5,6.5395,-74.456333,260.0,210.01,280.44
PTB.2022.322.15.28.42,PTB,2022.322.15.28.42,unlabelled,,,,,0,0,0.0,0.0,,,5.051000118255615,-74.56400299072266,32.32,1.9,6.5395,-74.456333,260.0,165.04,184.15
PTB.2022.322.19.39.42,PTB,2022.322.19.39.42,unlabelled,,,,,0,0,0.0,0.0,,,6.622000217437744,-71.98999786376953,21.95,1.9,6.5395,-74.456333,260.0,272.91,87.94
PTB.2022.323.02.42.19,PTB,2022.323.02.42.19,unlabelled,,,,,0,0,0.0,0.0,,,6.985000133514404,-76.23799896240234,17.38,1.6,6.5395,-74.456333,260.0,203.03,284.15
PTB.2022.323.03.48.31,PTB,2022.323.03.48.31,unlabelled,,,,,0,0,0.0,0.0,,,6.958000183105469,-76.25299835205078,15.98,1.5,6.5395,-74.456333,260.0,203.95,283.22
PTB.2022.323.09.17.43,PTB,2022.323.09.17.43,unlabelled,,,,,0,0,0.0,0.0,-14.82,,7.63700008392334,-72.35299682617188,12.7,1.5,6.5395,-74.456333,260.0,262.15,62.29
PTB.2022.323.17.58.25,PTB,2022.323.17.58.25,unlabelled,,,,,0,0,0.0,0.0,,,6.676000118255615,-76.5,24.41,1.6,6.5395,-74.456333,260.0,226.5,273.94
PTB.2022.324.00.36.32,PTB,2022.324.00.36.32,unlabelled,,,,,0,0,0.0,0.0,,,5.9019999504089355,-76.43199920654297,32.62,1.7,6.5395,-74.456333,260.0,229.73,252.24
PTB.2022.324.12.50.59,PTB,2022.324.12.50.59,unlabelled,,,,,0,0,0.0,0.0,,,4.701000213623047,-76.13999938964844,22.54,1.7,6.5395,-74.456333,260.0,275.91,222.62
PTB.2022.324.13.04.11,PTB,2022.324.13.04.11,unlabelled,,,,,0,0,0.0,0.0,,,4.671999931335449,-76.14800262451172,16.04,1.9,6.5395,-74.456333,260.0,278.88,222.31
PTB.2022.324.16.44.42,PTB,2022.324.16.44.42,unlabelled,,,,,0,0,0.0,0.0,,,4.693999767303467,-76.13500213623047,18.96,1.7,6.5395,-74.456333,260.0,276.11,222.43
PTB.2022.325.05.01.17,PTB,2022.325.05.01.17,unlabelled,,,,,0,0,0.0,0.0,,,4.710000038146973,-76.11100006103516,16.04,1.7,6.5395,-74.456333,260.0,273.01,222.26
PTB.2022.325.05.20.59,PTB,2022.325.05.20.59,unlabelled,,,,,0,0,0.0,0.0,,,5.119999885559082,-72.88899993896484,13.05,1.7,6.5395,-74.456333,260.0,234.03,132.04
PTB.2022.325.07.48.50,PTB,2022.325.07.48.50,unlabelled,,,,,0,0,0.0,0.0,,,6.816999912261963,-76.70099639892578,15.86,1.6,6.5395,-74.456333,260.0,250.08,277.18
PTB.2022.325.09.33.23,PTB,2022.325.09.33.23,unlabelled,,,,,0,0,0.0,0.0,,,5.781000137329102,-76.84600067138672,27.46,2.1,6.5395,-74.456333,260.0,277.47,252.53
PTB.2022.325.12.38.56,PTB,2022.325.12.38.56,unlabelled,,,,,0,0,0.0,0.0,,,5.6539998054504395,-76.53800201416016,24.41,2.2,6.5395,-74.456333,260.0,250.37,247.09
PTB.2022.325.18.01.58,PTB,2022.325.18.01.58,unlabelled,,,,,0,0,0.0,0.0,,,4.710000038146973,-76.12100219726562,85.59,1.8,6.5395,-74.456333,260.0,273.75,222.44
PTB.2022.325.19.09.09,PTB,2022.325.19.09.09,unlabelled,,,,,0,0,0.0,0.0,,,6.86899995803833,-76.28500366210938,19.26,1.8,6.5395,-74.456333,260.0,205.44,280.32
PTB.2022.326.04.12.13,PTB,2022.326.04.12.13,unlabelled,,,,,0,0,0.0,0.0,,,4.353000164031982,-73.81700134277344,14.98,2.0,6.5395,-74.456333,260.0,251.96,163.64
PTB.2022.326.06.51.29,PTB,2022.326.06.51.29,unlabelled,,,,,0,0,0.0,0.0,,,6.815000057220459,-76.875,0.0,1.6,6.5395,-74.456333,260.0,269.16,276.64
PTB.2022.326.08.16.24,PTB,2022.326.08.16.24,unlabelled,,,,,0,0,0.0,0.0,,,6.333000183105469,-76.9530029296875,32.38,2.1,6.5395,-74.456333,260.0,277.13,265.41
PTB.2022.326.09.36.46,PTB,2022.326.09.36.46,unlabelled,,,,,0,0,0.0,0.0,,,5.614999771118164,-77.11100006103516,32.27,2.0,6.5395,-74.456333,260.0,311.14,250.96
PTB.2022.326.17.38.22,PTB,2022.326.17.38.22,unlabelled,,,,,0,0,0.0,0.0,,,5.614999771118164,-77.10700225830078,36.95,2.0,6.5395,-74.456333,260.0,310.72,250.93
PTB.2022.326.19.56.24,PTB,2022.326.19.56.24,unlabelled,,,,,0,0,0.0,0.0,,,4.75,-74.822998046875,28.16,1.5,6.5395,-74.456333,260.0,202.02,191.62
PTB.2022.327.01.42.17,PTB,2022.327.01.42.17,unlabelled,,,,,0,0,0.0,0.0,,,7.004000186920166,-76.23799896240234,17.62,1.5,6.5395,-74.456333,260.0,203.55,284.72
PTB.2022.327.03.08.29,PTB,2022.327.03.08.29,unlabelled,,,,,0,0,0.0,0.0,,,6.775000095367432,-76.75199890136719,19.61,1.6,6.5395,-74.456333,260.0,255.17,275.99
PTB.2022.327.12.47.29,PTB,2022.327.12.47.29,unlabelled,,,,,0,0,0.0,0.0,,,5.335999965667725,-76.63400268554688,23.01,1.7,6.5395,-74.456333,260.0,275.41,241.22
PTB.2022.327.17.51.46,PTB,2022.327.17.51.46,unlabelled,,,,,0,0,0.0,0.0,,,5.270999908447266,-72.81700134277344,22.07,1.7,6.5395,-74.456333,260.0,229.41,127.61
PTB.2022.328.04.34.05,PTB,2022.328.04.34.05,unlabelled,,,,,0,0,0.0,0.0,,,5.210000038146973,-72.84700012207031,0.0,1.7,6.5395,-74.456333,260.0,231.03,129.44
PTB.2022.329.03.42.41,PTB,2022.329.03.42.41,unlabelled,,,,,0,0,0.0,0.0,,,6.843999862670898,-76.15799713134766,21.6,1.5,6.5395,-74.456333,260.0,191.14,280.25
PTB.2022.329.04.02.58,PTB,2022.329.04.02.58,unlabelled,,,,,0,0,0.0,0.0,,,6.8480000495910645,-76.18199920654297,16.68,1.6,6.5395,-74.456333,260.0,193.83,280.24
PTB.2022.329.11.05.49,PTB,2022.329.11.05.49,unlabelled,,,,,0,0,0.0,0.0,,,7.070000171661377,-76.21499633789062,16.68,1.7,6.5395,-74.456333,260.0,203.06,286.9
PTB.2022.329.17.50.57,PTB,2022.329.17.50.57,unlabelled,,,,,0,0,0.0,0.0,,,5.376999855041504,-72.9010009765625,19.02,1.9,6.5395,-74.456333,260.0,214.9,126.66
PTB.2022.329.21.32.02,PTB,2022.329.21.32.02,unlabelled,,,,,0,0,0.0,0.0,,,6.860000133514404,-76.61699676513672,19.02,1.8,6.5395,-74.456333,260.0,241.51,278.56
PTB.2022.330.02.29.12,PTB,2022.330.02.29.12,unlabelled,,,,,0,0,0.0,0.0,,,3.562000036239624,-74.24800109863281,10.53,1.5,6.5395,-74.456333,260.0,330.07,175.98
PTB.2022.330.08.29.06,PTB,2022.330.08.29.06,unlabelled,,,,,0,0,0.0,0.0,,,5.2769999504089355,-76.48200225830078,35.66,1.6,6.5395,-74.456333,260.0,264.2,238.21
PTB.2022.331.09.43.36,PTB,2022.331.09.43.36,unlabelled,,,,,0,0,0.0,0.0,,,5.385000228881836,-75.87899780273438,8.54,2.5,6.5395,-74.456333,260.0,202.76,231.05
PTB.2022.331.17.04.35,PTB,2022.331.17.04.35,unlabelled,,,,,0,0,0.0,0.0,,,3.6500000953674316,-73.9469985961914,10.82,1.7,6.5395,-74.456333,260.0,324.48,169.95
PTB.2022.331.20.10.39,PTB,2022.331.20.10.39,unlabelled,,,,,0,0,0.0,0.0,,,6.88100004196167,-75.77999877929688,15.86,1.5,6.5395,-74.456333,260.0,151.14,284.55
PTB.2022.332.10.43.48,PTB,2022.332.10.43.48,unlabelled,,,,,0,0,0.0,0.0,,,7.718999862670898,-72.93099975585938,29.92,1.7,6.5395,-74.456333,260.0,213.08,52.16
PTB.2022.332.13.48.46,PTB,2022.332.13.48.46,unlabelled,,,,,0,0,0.0,0.0,,,6.875,-76.26499938964844,10.12,1.5,6.5395,-74.456333,260.0,203.38,280.62
PTB.2022.332.14.03.09,PTB,2022.332.14.03.09,unlabelled,,,,,0,0,0.0,0.0,,,5.716000080108643,-76.53900146484375,32.73,1.5,6.5395,-74.456333,260.0,247.86,248.56
PTB.2022.332.15.15.09,PTB,2022.332.15.15.09,unlabelled,,,,,0,0,0.0,0.0,-13.92,,6.896999835968018,-76.26399993896484,18.2,2.5,6.5395,-74.456333,260.0,203.73,281.29
PTB.2022.333.04.20.14,PTB,2022.333.04.20.14,unlabelled,,,,,0,0,0.0,0.0,,,5.291999816894531,-72.56099700927734,15.98,2.4,6.5395,-74.456333,260.0,251.15,123.22
PTB.2022.333.05.07.47,PTB,2022.333.05.07.47,unlabelled,,,,,0,0,0.0,0.0,,,4.998000144958496,-72.91400146484375,0.0,1.7,6.5395,-74.456333,260.0,241.33,134.86
PTB.2022.333.08.13.46,PTB,2022.333.08.13.46,unlabelled,,,,,0,0,0.0,0.0,,,6.406000137329102,-76.73999786376953,25.23,2.2,6.5395,-74.456333,260.0,253.04,266.78
PTB.2022.333.20.37.48,PTB,2022.333.20.37.48,unlabelled,,,,,0,0,0.0,0.0,,,7.201000213623047,-76.0530014038086,19.02,1.7,6.5395,-74.456333,260.0,191.03,292.61
PTB.2022.334.03.57.08,PTB,2022.334.03.57.08,unlabelled,,,,,0,0,0.0,0.0,,,3.8929998874664307,-75.64600372314453,15.98,2.4,6.5395,-74.456333,260.0,321.0,204.32
PTB.2022.334.08.42.06,PTB,2022.334.08.42.06,unlabelled,,,,,0,0,0.0,0.0,,,3.5840001106262207,-74.41799926757812,30.27,1.6,6.5395,-74.456333,260.0,326.86,179.25
PTB.2022.334.11.15.10,PTB,2022.334.11.15.10,unlabelled,,,,,0,0,0.0,0.0,,,5.406000137329102,-72.48400115966797,9.88,2.3,6.5395,-74.456333,260.0,251.79,119.75
PTB.2022.334.14.59.26,PTB,2022.334.14.59.26,unlabelled,,,,,0,0,0.0,0.0,,,6.833000183105469,-76.16699981689453,12.7,1.6,6.5395,-74.456333,260.0,191.91,279.84
PTB.2022.335.01.25.13,PTB,2022.335.01.25.13,unlabelled,,,,,0,0,0.0,0.0,,,4.546999931335449,-76.1729965209961,19.02,1.6,6.5395,-74.456333,260.0,291.08,220.89
PTB.2022.335.04.39.30,PTB,2022.335.04.39.30,unlabelled,,,,,0,0,0.0,0.0,,,6.761000156402588,-76.71199798583984,33.32,2.4,6.5395,-74.456333,260.0,250.62,275.74
PTB.2022.335.04.40.10,PTB,2022.335.04.40.10,unlabelled,,,,,0,0,0.0,0.0,,,6.936999797821045,-76.63899993896484,19.49,2.4,6.5395,-74.456333,260.0,245.28,280.45
PTB.2022.335.07.36.44,PTB,2022.335.07.36.44,unlabelled,,,,,0,0,0.0,0.0,,,6.51200008392334,-76.7239990234375,29.45,1.7,6.5395,-74.456333,260.0,250.83,269.43
PTB.2022.335.08.20.01,PTB,2022.335.08.20.01,unlabelled,,,,,0,0,0.0,0.0,,,5.50600004196167,-76.63500213623047,23.24,1.5,6.5395,-74.456333,260.0,266.9,244.76
PTB.2022.335.12.40.37,PTB,2022.335.12.40.37,unlabelled,,,,,0,0,0.0,0.0,,,4.636000156402588,-76.61499786376953,39.88,2.2,6.5395,-74.456333,260.0,318.6,228.76
PTB.2022.335.16.32.13,PTB,2022.335.16.32.13,unlabelled,,,,,0,0,0.0,0.0,,,5.6020002365112305,-72.84200286865234,13.05,1.9,6.5395,-74.456333,260.0,206.6,120.03
PTB.2022.336.01.50.40,PTB,2022.336.01.50.40,unlabelled,,,,,0,0,0.0,0.0,,,7.228000164031982,-77.0469970703125,36.95,3.4,6.5395,-74.456333,260.0,296.28,285.04
PTB.2022.336.02.12.12,PTB,2022.336.02.12.12,unlabelled,,,,,0,0,0.0,0.0,,,7.255000114440918,-76.93800354003906,33.91,1.9,6.5395,-74.456333,260.0,285.46,286.24
PTB.2022.336.03.14.15,PTB,2022.336.03.14.15,unlabelled,,,,,0,0,0.0,0.0,,,7.1570000648498535,-77.00499725341797,2.85,1.8,6.5395,-74.456333,260.0,289.86,283.78
PTB.2022.336.04.41.49,PTB,2022.336.04.41.49,unlabelled,,,,,0,0,0.0,0.0,,,6.921999931335449,-76.26399993896484,16.68,1.5,6.5395,-74.456333,260.0,204.28,282.06
PTB.2022.336.15.36.34,PTB,2022.336.15.36.34,unlabelled,,,,,0,0,0.0,0.0,,,7.215000152587891,-77.03399658203125,37.42,2.4,6.5395,-74.456333,260.0,294.52,284.84
PTB.2022.336.22.14.23,PTB,2022.336.22.14.23,unlabelled,,,,,0,0,0.0,0.0,,,5.883999824523926,-74.8759994506836,-0.01,1.7,6.5395,-74.456333,260.0,86.09,212.67
PTB.2022.336.23.47.08,PTB,2022.336.23.47.08,unlabelled,,,,,0,0,0.0,0.0,,,7.228000164031982,-76.97599792480469,6.95,1.8,6.5395,-74.456333,260.0,288.7,285.44
PTB.2022.337.00.26.21,PTB,2022.337.00.26.21,unlabelled,,,,,0,0,0.0,0.0,,,6.698999881744385,-76.7040023803711,22.89,1.8,6.5395,-74.456333,260.0,249.18,274.19
PTB.2022.337.02.40.10,PTB,2022.337.02.40.10,unlabelled,,,,,0,0,0.0,0.0,,,6.011000156402588,-76.20099639892578,16.09,1.8,6.5395,-74.456333,260.0,201.71,253.25
PTB.2022.337.08.12.28,PTB,2022.337.08.12.28,unlabelled,,,,,0,0,0.0,0.0,,,4.764999866485596,-74.64399719238281,35.2,1.5,6.5395,-74.456333,260.0,197.33,186.06
PTB.2022.337.09.21.30,PTB,2022.337.09.21.30,unlabelled,,,,,0,0,0.0,0.0,,,7.517000198364258,-73.19200134277344,16.08,1.5,6.5395,-74.456333,260.0,176.64,52.19
PTB.2022.337.10.46.59,PTB,2022.337.10.46.59,unlabelled,,,,,0,0,0.0,0.0,,,6.275000095367432,-72.34500122070312,18.2,2.0,6.5395,-74.456333,260.0,235.4,97.02
PTB.2022.337.13.04.22,PTB,2022.337.13.04.22,unlabelled,,,,,0,0,0.0,0.0,,,7.210999965667725,-77.02300262451172,14.03,2.4,6.5395,-74.456333,260.0,293.24,284.82
PTB.2022.337.15.30.16,PTB,2022.337.15.30.16,unlabelled,,,,,0,0,0.0,0.0,,,3.934999942779541,-74.04399871826172,12.05,2.1,6.5395,-74.456333,260.0,291.62,170.96
PTB.2022.337.17.38.01,PTB,2022.337.17.38.01,unlabelled,,,,,0,0,0.0,0.0,,,7.181000232696533,-77.00599670410156,15.61,2.1,6.5395,-74.456333,260.0,290.6,284.28
PTB.2022.337.22.53.37,PTB,2022.337.22.53.37,unlabelled,,,,,0,0,0.0,0.0,,,4.76200008392334,-73.39700317382812,0.0,1.6,6.5395,-74.456333,260.0,228.93,149.11
PTB.2022.338.06.22.12,PTB,2022.338.06.22.12,unlabelled,,,,,0,0,0.0,0.0,,,7.159999847412109,-76.15899658203125,21.95,1.6,6.5395,-74.456333,260.0,200.31,290.13
PTB.2022.338.15.09.49,PTB,2022.338.15.09.49,unlabelled,,,,,0,0,0.0,0.0,,,7.2170000076293945,-77.07599639892578,17.48,2.2,6.5395,-74.456333,260.0,299.07,284.66
PTB.2022.339.01.00.16,PTB,2022.339.01.00.16,unlabelled,,,,,0,0,0.0,0.0,,,4.823999881744385,-74.58899688720703,34.49,1.5,6.5395,-74.456333,260.0,190.28,184.44
PTB.2022.339.04.12.13,PTB,2022.339.04.12.13,unlabelled,,,,,0,0,0.0,0.0,,,3.5439999103546143,-74.42500305175781,14.82,1.5,6.5395,-74.456333,260.0,331.27,179.4
PTB.2022.339.05.53.50,PTB,2022.339.05.53.50,unlabelled,,,,,0,0,0.0,0.0,,,6.190999984741211,-72.447998046875,2.23,1.8,6.5395,-74.456333,260.0,225.51,99.73
PTB.2022.339.06.10.43,PTB,2022.339.06.10.43,unlabelled,,,,,0,0,0.0,0.0,,,6.770999908447266,-76.70899963378906,28.52,1.4,6.5395,-74.456333,260.0,250.4,276.0
PTB.2022.339.13.37.19,PTB,2022.339.13.37.19,unlabelled,,,,,0,0,0.0,0.0,,,6.796999931335449,-72.19999694824219,12.93,2.1,6.5395,-74.456333,260.0,251.11,83.36
PTB.2022.339.20.19.24,PTB,2022.339.20.19.24,unlabelled,,,,,0,0,0.0,0.0,,,7.061999797821045,-77.05000305175781,19.24,2.1,6.5395,-74.456333,260.0,292.47,281.55
PTB.2022.339.23.53.45,PTB,2022.339.23.53.45,unlabelled,,,,,0,0,0.0,0.0,,,5.677000045776367,-72.7959976196289,15.98,1.5,6.5395,-74.456333,260.0,207.06,117.34
PTB.2022.339.23.53.46,PTB,2022.339.23.53.46,unlabelled,,,,,0,0,0.0,0.0,,,5.6529998779296875,-72.83300018310547,14.51,1.7,6.5395,-74.456333,260.0,204.69,118.53
PTB.2022.340.06.51.18,PTB,2022.340.06.51.18,unlabelled,,,,,0,0,0.0,0.0,,,4.559999942779541,-75.88800048828125,29.14,1.5,6.5395,-74.456333,260.0,270.33,216.0
PTB.2022.340.07.39.15,PTB,2022.340.07.39.15,unlabelled,,,,,0,0,0.0,0.0,,,7.142000198364258,-76.94100189208984,21.59,1.7,6.5395,-74.456333,260.0,282.6,283.78
PTB.2022.340.07.43.47,PTB,2022.340.07.43.47,unlabelled,,,,,0,0,0.0,0.0,,,6.197999954223633,-72.00599670410156,16.21,1.8,6.5395,-74.456333,260.0,273.72,97.79
PTB.2022.340.20.02.45,PTB,2022.340.20.02.45,unlabelled,,,,,0,0,0.0,0.0,,,4.714000225067139,-74.83399963378906,30.98,2.5,6.5395,-74.456333,260.0,206.16,191.73
PTB.2022.341.02.55.29,PTB,2022.341.02.55.29,unlabelled,,,,,0,0,0.0,0.0,,,4.377999782562256,-75.19200134277344,21.31,2.0,6.5395,-74.456333,260.0,252.55,198.87
PTB.2022.341.05.58.56,PTB,2022.341.05.58.56,unlabelled,,,,,0,0,0.0,0.0,,,7.046999931335449,-76.28600311279297,9.65,1.7,6.5395,-74.456333,260.0,209.9,285.62
PTB.2022.341.07.51.20,PTB,2022.341.07.51.20,unlabelled,,,,,0,0,0.0,0.0,,,7.041999816894531,-76.29000091552734,9.88,1.7,6.5395,-74.456333,260.0,210.18,285.44
PTB.2022.341.22.17.49,PTB,2022.341.22.17.49,unlabelled,,,,,0,0,0.0,0.0,,,5.361000061035156,-72.927001953125,14.92,1.7,6.5395,-74.456333,260.0,213.68,127.5
PTB.2022.341.22.54.44,PTB,2022.341.22.54.44,unlabelled,,,,,0,0,0.0,0.0,,,7.438000202178955,-71.8949966430664,30.74,1.9,6.5395,-74.456333,260.0,299.96,70.5
PTB.2022.342.04.26.43,PTB,2022.342.04.26.43,unlabelled,,,,,0,0,0.0,0.0,,,7.421999931335449,-76.89900207519531,36.48,1.8,6.5395,-74.456333,260.0,287.01,290.02
PTB.2022.342.14.39.13,PTB,2022.342.14.39.13,unlabelled,,,,,0,0,0.0,0.0,,,6.995999813079834,-76.90299987792969,5.13,1.9,6.5395,-74.456333,260.0,275.15,280.72
PTB.2022.342.17.56.21,PTB,2022.342.17.56.21,unlabelled,,,,,0,0,0.0,0.0,,,6.86299991607666,-76.2699966430664,19.02,1.6,6.5395,-74.456333,260.0,203.69,280.22
PTB.2022.343.00.44.02,PTB,2022.343.00.44.02,unlabelled,,,,,0,0,0.0,0.0,,,4.078999996185303,-75.4540023803711,16.97,1.9,6.5395,-74.456333,260.0,293.7,202.17
PTB.2022.343.07.32.06,PTB,2022.343.07.32.06,unlabelled,,,,,0,0,0.0,0.0,,,7.168000221252441,-77.09200286865234,11.24,1.7,6.5395,-74.456333,260.0,299.49,283.57
PTB.2022.343.18.26.52,PTB,2022.343.18.26.52,unlabelled,,,,,0,0,0.0,0.0,,,5.4770002365112305,-76.96700286865234,24.31,2.4,6.5395,-74.456333,260.0,301.77,247.22
PTB.2022.343.20.03.08,PTB,2022.343.20.03.08,unlabelled,,,,,0,0,0.0,0.0,,,6.940999984741211,-77.06099700927734,36.13,2.9,6.5395,-74.456333,260.0,291.36,278.92
PTB.2022.343.20.45.44,PTB,2022.343.20.45.44,unlabelled,,,,,0,0,0.0,0.0,,,7.160999774932861,-76.4020004272461,15.98,1.5,6.5395,-74.456333,260.0,225.77,287.84
PTB.2022.344.04.20.18,PTB,2022.344.04.20.18,unlabelled,,,,,0,0,0.0,0.0,,,7.006999969482422,-76.73300170898438,12.46,2.4,6.5395,-74.456333,260.0,256.93,281.74
PTB.2022.345.06.36.45,PTB,2022.345.06.36.45,unlabelled,,,,,0,0,0.0,0.0,,,5.8470001220703125,-73.18900299072266,10.12,1.5,6.5395,-74.456333,260.0,159.8,118.56
PTB.2022.345.21.47.50,PTB,2022.345.21.47.50,unlabelled,,,,,0,0,0.0,0.0,,,4.190999984741211,-73.71700286865234,11.11,2.1,6.5395,-74.456333,260.0,272.33,162.45
PTB.2022.346.01.01.11,PTB,2022.346.01.01.11,unlabelled,,,,,0,0,0.0,0.0,,,4.599999904632568,-76.6510009765625,31.45,1.5,6.5395,-74.456333,260.0,324.23,228.7
PTB.2022.346.04.00.01,PTB,2022.346.04.00.01,unlabelled,,,,,0,0,0.0,0.0,,,6.833000183105469,-76.21800231933594,15.27,1.7,6.5395,-74.456333,260.0,197.47,279.56
PTB.2022.346.21.00.32,PTB,2022.346.21.00.32,unlabelled,,,,,0,0,0.0,0.0,,,4.373000144958496,-73.84200286865234,12.99,1.9,6.5395,-74.456333,260.0,249.06,164.11
PTB.2022.347.02.38.02,PTB,2022.347.02.38.02,unlabelled,,,,,0,0,0.0,0.0,,,7.138000011444092,-75.93900299072266,34.49,1.7,6.5395,-74.456333,260.0,176.74,292.08
PTB.2022.347.13.17.52,PTB,2022.347.13.17.52,unlabelled,,,,,0,0,0.0,0.0,,,7.359000205993652,-76.2979965209961,27.58,1.9,6.5395,-74.456333,260.0,222.78,294.11
PTB.2022.347.14.16.33,PTB,2022.347.14.16.33,unlabelled,,,,,0,0,0.0,0.0,,,7.122000217437744,-76.21499633789062,16.33,1.5,6.5395,-74.456333,260.0,204.79,288.44
PTB.2022.347.16.32.59,PTB,2022.347.16.32.59,unlabelled,,,,,0,0,0.0,0.0,,,6.7829999923706055,-76.33599853515625,23.36,1.5,6.5395,-74.456333,260.0,209.58,277.49
PTB.2022.348.07.04.39,PTB,2022.348.07.04.39,unlabelled,,,,,0,0,0.0,0.0,,,6.752999782562256,-71.93299865722656,25.12,2.1,6.5395,-74.456333,260.0,280.02,85.02
PTB.2022.348.07.25.49,PTB,2022.348.07.25.49,unlabelled,,,,,0,0,0.0,0.0,,,5.695000171661377,-76.98799896240234,40.23,1.8,6.5395,-74.456333,260.0,295.38,251.71
PTB.2022.348.12.40.13,PTB,2022.348.12.40.13,unlabelled,,,,,0,0,0.0,0.0,,,7.427999973297119,-76.94499969482422,36.6,1.8,6.5395,-74.456333,260.0,292.02,289.81
PTB.2022.348.13.05.06,PTB,2022.348.13.05.06,unlabelled,,,,,0,0,0.0,0.0,,,5.3470001220703125,-75.91400146484375,29.34,2.1,6.5395,-74.456333,260.0,208.42,230.83
PTB.2022.349.00.26.16,PTB,2022.349.00.26.16,unlabelled,,,,,0,0,0.0,0.0,,,6.630000114440918,-76.77100372314453,37.07,2.3,6.5395,-74.456333,260.0,256.17,272.37
PTB.2022.349.07.28.00,PTB,2022.349.07.28.00,unlabelled,,,,,0,0,0.0,0.0,,,3.696000099182129,-74.00599670410156,12.99,1.5,6.5395,-74.456333,260.0,318.38,170.96
PTB.2022.349.17.37.46,PTB,2022.349.17.37.46,unlabelled,,,,,0,0,0.0,0.0,,,3.9639999866485596,-75.5790023803711,17.27,1.6,6.5395,-74.456333,260.0,310.81,203.66
PTB.2022.349.18.10.10,PTB,2022.349.18.10.10,unlabelled,,,,,0,0,0.0,0.0,,,5.678999900817871,-72.64199829101562,13.16,2.1,6.5395,-74.456333,260.0,222.23,115.25
PTB.2022.349.18.46.38,PTB,2022.349.18.46.38,unlabelled,,,,,0,0,0.0,0.0,,,5.958000183105469,-74.29299926757812,14.36,1.5,6.5395,-74.456333,260.0,66.8,164.29
PTB.2022.349.20.13.03,PTB,2022.349.20.13.03,unlabelled,,,,,0,0,0.0,0.0,,,6.914999961853027,-76.65299987792969,12.93,1.7,6.5395,-74.456333,260.0,246.38,279.83
PTB.2022.349.21.19.22,PTB,2022.349.21.19.22,unlabelled,,,,,0,0,0.0,0.0,,,6.809999942779541,-76.19300079345703,2.39,2.2,6.5395,-74.456333,260.0,194.34,278.95
PTB.2022.349.23.22.02,PTB,2022.349.23.22.02,unlabelled,,,,,0,0,0.0,0.0,,,6.814000129699707,-76.73899841308594,24.01,2.0,6.5395,-74.456333,260.0,254.21,276.99
PTB.2022.350.04.32.16,PTB,2022.350.04.32.16,unlabelled,,,,,0,0,0.0,0.0,,,4.179999828338623,-75.53800201416016,16.62,1.5,6.5395,-74.456333,260.0,287.14,204.73
PTB.2022.350.06.04.02,PTB,2022.350.06.04.02,unlabelled,,,,,0,0,0.0,0.0,,,5.13100004196167,-73.375,20.17,1.7,6.5395,-74.456333,260.0,196.47,142.39
PTB.2022.350.12.27.39,PTB,2022.350.12.27.39,unlabelled,,,,,0,0,0.0,0.0,,,3.611999988555908,-74.35900115966797,21.02,2.1,6.5395,-74.456333,260.0,323.91,178.09
PTB.2022.350.19.20.21,PTB,2022.350.19.20.21,unlabelled,,,,,0,0,0.0,0.0,,,7.293000221252441,-77.06199645996094,19.84,2.3,6.5395,-74.456333,260.0,299.78,286.29
PTB.2022.350.23.44.53,PTB,2022.350.23.44.53,unlabelled,,,,,0,0,0.0,0.0,,,6.883999824523926,-76.30400085449219,22.07,1.6,6.5395,-74.456333,260.0,207.8,280.67
PTB.2022.351.04.32.54,PTB,2022.351.04.32.54,unlabelled,,,,,0,0,0.0,0.0,,,7.15500020980835,-77.11000061035156,20.0,1.9,6.5395,-74.456333,260.0,301.1,283.22
PTB.2022.351.10.11.45,PTB,2022.351.10.11.45,unlabelled,,,,,0,0,0.0,0.0,,,6.867000102996826,-76.29499816894531,23.24,1.5,6.5395,-74.456333,260.0,206.49,280.21
PTB.2022.351.12.50.01,PTB,2022.351.12.50.01,unlabelled,,,,,0,0,0.0,0.0,,,6.822000026702881,-76.27999877929688,19.49,2.0,6.5395,-74.456333,260.0,204.05,278.91
PTB.2022.351.15.06.40,PTB,2022.351.15.06.40,unlabelled,,,,,0,0,0.0,0.0,,,5.104000091552734,-76.66300201416016,28.63,1.8,6.5395,-74.456333,260.0,291.41,237.11
PTB.2022.351.16.17.28,PTB,2022.351.16.17.28,unlabelled,,,,,0,0,0.0,0.0,,,6.370999813079834,-76.8030014038086,0.0,2.0,6.5395,-74.456333,260.0,260.25,266.03
PTB.2022.351.18.05.49,PTB,2022.351.18.05.49,unlabelled,,,,,0,0,0.0,0.0,,,3.7909998893737793,-74.03900146484375,29.1,1.6,6.5395,-74.456333,260.0,307.44,171.32
PTB.2022.351.19.40.46,PTB,2022.351.19.40.46,unlabelled,,,,,0,0,0.0,0.0,,,7.234000205993652,-76.39399719238281,23.53,1.7,6.5395,-74.456333,260.0,227.51,289.84
PTB.2022.351.22.54.54,PTB,2022.351.22.54.54,unlabelled,,,,,0,0,0.0,0.0,,,7.409999847412109,-77.0270004272461,32.27,1.9,6.5395,-74.456333,260.0,299.93,288.87
PTB.2022.352.00.02.15,PTB,2022.352.00.02.15,unlabelled,,,,,0,0,0.0,0.0,,,4.505000114440918,-73.5469970703125,0.01,2.4,6.5395,-74.456333,260.0,246.51,155.83
PTB.2022.352.00.18.20,PTB,2022.352.00.18.20,unlabelled,,,,,0,0,0.0,0.0,,,7.208000183105469,-76.81600189208984,31.45,1.5,6.5395,-74.456333,260.0,271.08,285.97
PTB.2022.352.03.03.31,PTB,2022.352.03.03.31,unlabelled,,,,,0,0,0.0,0.0,,,6.869999885559082,-77.15299987792969,15.97,1.8,6.5395,-74.456333,260.0,300.38,277.15
PTB.2022.352.04.43.57,PTB,2022.352.04.43.57,unlabelled,,,,,0,0,0.0,0.0,,,5.138000011444092,-73.1729965209961,2.67,1.5,6.5395,-74.456333,260.0,210.28,137.41
PTB.2022.352.05.08.05,PTB,2022.352.05.08.05,unlabelled,,,,,0,0,0.0,0.0,,,5.366000175476074,-72.83699798583984,13.87,1.8,6.5395,-74.456333,260.0,221.33,125.81
PTB.2022.352.07.00.40,PTB,2022.352.07.00.40,unlabelled,,,,,0,0,0.0,0.0,,,7.535999774932861,-72.27200317382812,15.98,1.6,6.5395,-74.456333,260.0,265.31,65.33
PTB.2022.352.09.26.09,PTB,2022.352.09.26.09,unlabelled,,,,,0,0,0.0,0.0,,,7.335999965667725,-72.59400177001953,16.97,1.5,6.5395,-74.456333,260.0,223.86,66.72
PTB.2022.352.11.10.42,PTB,2022.352.11.10.42,unlabelled,,,,,0,0,0.0,0.0,,,6.86899995803833,-76.67900085449219,19.49,1.5,6.5395,-74.456333,260.0,248.43,278.56
PTB.2022.352.14.51.39,PTB,2022.352.14.51.39,unlabelled,,,,,0,0,0.0,0.0,,,5.46999979019165,-72.7750015258789,13.87,1.7,6.5395,-74.456333,260.0,220.54,122.34
PTB.2022.353.03.14.49,PTB,2022.353.03.14.49,unlabelled,,,,,0,0,0.0,0.0,,,6.4629998207092285,-72.32499694824219,13.16,1.6,6.5395,-74.456333,260.0,235.9,91.93
PTB.2022.353.09.56.39,PTB,2022.353.09.56.39,unlabelled,,,,,0,0,0.0,0.0,,,6.99399995803833,-76.26799774169922,16.86,1.5,6.5395,-74.456333,260.0,206.49,284.19
PTB.2022.353.13.52.53,PTB,2022.353.13.52.53,unlabelled,,,,,0,0,0.0,0.0,,,7.301000118255615,-72.18399810791016,20.9,2.0,6.5395,-74.456333,260.0,264.87,71.33
PTB.2022.353.18.42.10,PTB,2022.353.18.42.10,unlabelled,,,,,0,0,0.0,0.0,,,7.539999961853027,-76.89399719238281,16.21,1.9,6.5395,-74.456333,260.0,291.17,292.48
PTB.2022.354.20.13.17,PTB,2022.354.20.13.17,unlabelled,,,,,0,0,0.0,0.0,,,4.934000015258789,-73.23400115966797,10.9,1.6,6.5395,-74.456333,260.0,223.28,142.61
PTB.2022.354.20.55.39,PTB,2022.354.20.55.39,unlabelled,,,,,0,0,0.0,0.0,,,6.0879998207092285,-72.4489974975586,16.68,1.7,6.5395,-74.456333,260.0,227.65,102.56
PTB.2022.354.22.21.32,PTB,2022.354.22.21.32,unlabelled,,,,,0,0,0.0,0.0,,,5.211999893188477,-72.93699645996094,13.16,1.5,6.5395,-74.456333,260.0,223.29,131.03
PTB.2022.355.02.19.09,PTB,2022.355.02.19.09,unlabelled,,,,,0,0,0.0,0.0,,,5.190999984741211,-73.0979995727539,26.17,1.9,6.5395,-74.456333,260.0,211.81,134.68
PTB.2022.355.02.26.12,PTB,2022.355.02.26.12,unlabelled,,,,,0,0,0.0,0.0,,,5.176000118255615,-73.13800048828125,10.12,1.7,6.5395,-74.456333,260.0,209.88,135.86
PTB.2022.355.09.27.51,PTB,2022.355.09.27.51,unlabelled,,,,,0,0,0.0,0.0,,,7.254000186920166,-76.9749984741211,30.98,2.0,6.5395,-74.456333,260.0,289.36,286.0
PTB.2022.355.09.38.30,PTB,2022.355.09.38.30,unlabelled,,,,,0,0,0.0,0.0,,,7.1479997634887695,-76.1449966430664,10.12,1.6,6.5395,-74.456333,260.0,198.41,289.93
PTB.2022.355.11.34.39,PTB,2022.355.11.34.39,unlabelled,,,,,0,0,0.0,0.0,,,6.857999801635742,-76.302001953125,20.2,1.7,6.5395,-74.456333,260.0,207.08,279.9
PTB.2022.355.23.42.21,PTB,2022.355.23.42.21,unlabelled,,,,,0,0,0.0,0.0,,,7.25600004196167,-76.97799682617188,37.54,2.4,6.5395,-74.456333,260.0,289.74,286.02
PTB.2022.356.00.18.20,PTB,2022.356.00.18.20,unlabelled,,,,,0,0,0.0,0.0,,,3.697999954223633,-74.18099975585938,18.38,1.5,6.5395,-74.456333,260.0,315.7,174.44
PTB.2022.356.02.26.54,PTB,2022.356.02.26.54,unlabelled,,,,,0,0,0.0,0.0,,,7.309000015258789,-76.9739990234375,28.16,1.8,6.5395,-74.456333,260.0,290.96,287.16
PTB.2022.356.19.49.15,PTB,2022.356.19.49.15,unlabelled,,,,,0,0,0.0,0.0,,,5.195000171661377,-77.06900024414062,15.54,1.6,6.5395,-74.456333,260.0,325.29,242.94
PTB.2022.357.07.10.24,PTB,2022.357.07.10.24,unlabelled,,,,,0,0,0.0,0.0,,,5.443999767303467,-72.7509994506836,20.66,1.5,6.5395,-74.456333,260.0,224.33,122.59
PTB.2022.357.08.51.53,PTB,2022.357.08.51.53,unlabelled,,,,,0,0,0.0,0.0,,,6.4629998207092285,-76.74600219726562,27.93,1.5,6.5395,-74.456333,260.0,253.4,268.22
PTB.2022.357.15.55.06,PTB,2022.357.15.55.06,unlabelled,,,,,0,0,0.0,0.0,,,6.605999946594238,-71.84100341796875,37.88,1.7,6.5395,-74.456333,260.0,289.33,88.39
PTB.2022.358.02.41.28,PTB,2022.358.02.41.28,unlabelled,,,,,0,0,0.0,0.0,,,5.781000137329102,-72.56500244140625,17.85,1.6,6.5395,-74.456333,260.0,225.51,111.73
PTB.2022.358.05.27.01,PTB,2022.358.05.27.01,unlabelled,,,,,0,0,0.0,0.0,,,7.4029998779296875,-72.68499755859375,8.65,1.7,6.5395,-74.456333,260.0,217.79,63.89
PTB.2022.358.07.12.51,PTB,2022.358.07.12.51,unlabelled,,,,,0,0,0.0,0.0,,,6.203000068664551,-72.31999969482422,13.05,1.7,6.5395,-74.456333,260.0,239.27,98.83
PTB.2022.358.23.30.06,PTB,2022.358.23.30.06,unlabelled,,,,,0,0,0.0,0.0,,,5.14900016784668,-72.62000274658203,0.0,2.6,6.5395,-74.456333,260.0,254.95,127.0
PTB.2022.359.00.36.27,PTB,2022.359.00.36.27,unlabelled,,,,,0,0,0.0,0.0,,,5.243000030517578,-72.71700286865234,11.05,1.6,6.5395,-74.456333,260.0,240.11,126.57
PTB.2022.359.02.09.59,PTB,2022.359.02.09.59,unlabelled,,,,,0,0,0.0,0.0,,,6.895999908447266,-76.7750015258789,34.26,1.5,6.5395,-74.456333,260.0,259.37,278.88
PTB.2022.359.08.28.12,PTB,2022.359.08.28.12,unlabelled,,,,,0,0,0.0,0.0,,,4.849999904632568,-73.34300231933594,15.74,1.7,6.5395,-74.456333,260.0,223.86,146.51
PTB.2022.359.09.55.51,PTB,2022.359.09.55.51,unlabelled,,,,,0,0,0.0,0.0,,,6.736999988555908,-76.69999694824219,28.05,1.7,6.5395,-74.456333,260.0,249.06,275.16
PTB.2022.359.12.21.33,PTB,2022.359.12.21.33,unlabelled,,,,,0,0,0.0,0.0,,,6.9679999351501465,-76.62999725341797,14.8,1.5,6.5395,-74.456333,260.0,244.93,281.28
PTB.2022.359.15.27.08,PTB,2022.359.15.27.08,unlabelled,,,,,0,0,0.0,0.0,,,6.992000102996826,-76.197998046875,31.0,1.5,6.5395,-74.456333,260.0,198.94,284.67
PTB.2022.360.01.37.10,PTB,2022.360.01.37.10,unlabelled,,,,,0,0,0.0,0.0,,,6.883999824523926,-76.30400085449219,22.07,1.6,6.5395,-74.456333,260.0,207.8,280.67
PTB.2022.360.01.52.51,PTB,2022.360.01.52.51,unlabelled,,,,,0,0,0.0,0.0,,,4.577000141143799,-73.22899627685547,12.93,1.6,6.5395,-74.456333,260.0,256.11,147.87
PTB.2022.360.02.19.22,PTB,2022.360.02.19.22,unlabelled,,,,,0,0,0.0,0.0,,,6.668000221252441,-76.80999755859375,34.96,1.7,6.5395,-74.456333,260.0,260.67,273.26
PTB.2022.360.04.26.26,PTB,2022.360.04.26.26,unlabelled,,,,,0,0,0.0,0.0,,,6.839000225067139,-76.31900024414062,15.98,1.2,6.5395,-74.456333,260.0,208.59,279.24
PTB.2022.360.05.30.36,PTB,2022.360.05.30.36,unlabelled,,,,,0,0,0.0,0.0,,,6.864999771118164,-76.40399932861328,3.09,1.6,6.5395,-74.456333,260.0,218.33,279.6
PTB.2022.360.06.48.21,PTB,2022.360.06.48.21,unlabelled,,,,,0,0,0.0,0.0,,,6.914999961853027,-76.51599884033203,14.1,1.8,6.5395,-74.456333,260.0,231.47,280.45
PTB.2022.360.12.58.21,PTB,2022.360.12.58.21,unlabelled,,,,,0,0,0.0,0.0,,,5.585999965667725,-76.08899688720703,27.93,1.5,6.5395,-74.456333,260.0,209.25,239.83
PTB.2022.361.04.20.45,PTB,2022.361.04.20.45,unlabelled,,,,,0,0,0.0,0.0,,,6.833000183105469,-76.20099639892578,21.37,1.6,6.5395,-74.456333,260.0,195.61,279.65
PTB.2022.361.06.14.31,PTB,2022.361.06.14.31,unlabelled,,,,,0,0,0.0,0.0,,,6.932000160217285,-76.64099884033203,21.13,1.8,6.5395,-74.456333,260.0,245.4,280.32
PTB.2022.361.07.03.59,PTB,2022.361.07.03.59,unlabelled,,,,,0,0,0.0,0.0,,,4.381999969482422,-75.17900085449219,20.37,1.5,6.5395,-74.456333,260.0,251.67,198.59
PTB.2022.361.08.27.38,PTB,2022.361.08.27.38,unlabelled,,,,,0,0,0.0,0.0,,,4.306000232696533,-75.23999786376953,15.98,1.7,6.5395,-74.456333,260.0,261.81,199.41
PTB.2022.361.12.33.48,PTB,2022.361.12.33.48,unlabelled,,,,,0,0,0.0,0.0,,,6.886000156402588,-76.63999938964844,14.57,1.6,6.5395,-74.456333,260.0,244.45,279.15
PTB.2022.361.13.01.57,PTB,2022.361.13.01.57,unlabelled,,,,,0,0,0.0,0.0,,,4.925000190734863,-76.99299621582031,23.24,1.8,6.5395,-74.456333,260.0,332.9,237.7
PTB.2022.361.23.41.36,PTB,2022.361.23.41.36,unlabelled,,,,,0,0,0.0,0.0,,,7.164999961853027,-76.10399627685547,16.21,1.5,6.5395,-74.456333,260.0,194.81,290.9
PTB.2022.362.00.38.34,PTB,2022.362.00.38.34,unlabelled,,,,,0,0,0.0,0.0,,,3.5969998836517334,-74.38999938964844,19.02,1.6,6.5395,-74.456333,260.0,325.47,178.7
PTB.2022.362.01.33.52,PTB,2022.362.01.33.52,unlabelled,,,,,0,0,0.0,0.0,,,4.729000091552734,-73.43599700927734,12.93,1.7,6.5395,-74.456333,260.0,229.92,150.5
PTB.2022.362.04.35.34,PTB,2022.362.04.35.34,unlabelled,,,,,0,0,0.0,0.0,,,7.043000221252441,-72.26699829101562,4.12,1.5,6.5395,-74.456333,260.0,248.34,76.92
PTB.2022.362.09.26.38,PTB,2022.362.09.26.38,unlabelled,,,,,0,0,0.0,0.0,,,6.854000091552734,-72.24299621582031,13.16,1.8,6.5395,-74.456333,260.0,247.18,81.78
PTB.2022.362.22.18.20,PTB,2022.362.22.18.20,unlabelled,,,,,0,0,0.0,0.0,,,6.849999904632568,-76.25900268554688,17.15,1.6,6.5395,-74.456333,260.0,202.25,279.88
PTB.2022.363.02.33.21,PTB,2022.363.02.33.21,unlabelled,,,,,0,0,0.0,0.0,,,6.03000020980835,-72.39299774169922,13.05,1.8,6.5395,-74.456333,260.0,235.17,103.75
PTB.2022.363.10.01.48,PTB,2022.363.10.01.48,unlabelled,,,,,0,0,0.0,0.0,,,5.139999866485596,-73.05899810791016,10.12,1.9,6.5395,-74.456333,260.0,218.86,134.93
PTB.2022.363.23.27.26,PTB,2022.363.23.27.26,unlabelled,,,,,0,0,0.0,0.0,,,5.942999839782715,-74.88999938964844,0.0,1.6,6.5395,-74.456333,260.0,81.58,216.06
PTB.2022.364.00.23.59,PTB,2022.364.00.23.59,unlabelled,,,,,0,0,0.0,0.0,,,6.921000003814697,-72.01499938964844,11.17,1.7,6.5395,-74.456333,260.0,273.18,80.97
PTB.2022.364.22.00.02,PTB,2022.364.22.00.02,unlabelled,,,,,0,0,0.0,0.0,,,6.876999855041504,-71.82599639892578,8.3,2.2,6.5395,-74.456333,260.0,293.2,82.53
PTB.2022.365.04.01.17,PTB,2022.365.04.01.17,unlabelled,,,,,0,0,0.0,0.0,,,7.150000095367432,-76.99600219726562,37.77,1.9,6.5395,-74.456333,260.0,288.72,283.67
PTB.2022.365.07.02.11,PTB,2022.365.07.02.11,unlabelled,,,,,0,0,0.0,0.0,,,6.855999946594238,-71.9000015258789,0.0,1.5,6.5395,-74.456333,260.0,284.8,82.79
PTB.2023.001.01.55.14,PTB,2023.001.01.55.14,unlabelled,,,,,0,0,0.0,0.0,,,6.822000026702881,-76.32499694824219,16.45,1.5,6.5395,-74.456333,260.0,208.96,278.71
PTB.2023.001.04.22.05,PTB,2023.001.04.22.05,unlabelled,,,,,0,0,0.0,0.0,,,3.933000087738037,-75.572998046875,18.73,2.5,6.5395,-74.456333,260.0,313.69,203.3
PTB.2023.001.04.34.43,PTB,2023.001.04.34.43,unlabelled,,,,,0,0,0.0,0.0,,,7.547999858856201,-71.96700286865234,0.0,1.6,6.5395,-74.456333,260.0,296.78,67.78
PTB.2023.001.05.50.11,PTB,2023.001.05.50.11,unlabelled,,,,,0,0,0.0,0.0,-15.79,,6.315999984741211,-73.1510009765625,14.1,1.8,6.5395,-74.456333,260.0,146.5,99.64
PTB.2023.001.06.28.20,PTB,2023.001.06.28.20,unlabelled,,,,,0,0,0.0,0.0,,,6.998000144958496,-76.53399658203125,9.41,1.7,6.5395,-74.456333,260.0,235.21,282.57
PTB.2023.001.07.11.57,PTB,2023.001.07.11.57,unlabelled,,,,,0,0,0.0,0.0,,,7.019999980926514,-77.11799621582031,33.2,1.8,6.5395,-74.456333,260.0,299.0,280.39
PTB.2023.002.08.21.15,PTB,2023.002.08.21.15,unlabelled,,,,,0,0,0.0,0.0,,,7.006999969482422,-76.66899871826172,18.55,1.8,6.5395,-74.456333,260.0,250.01,282.06
PTB.2023.002.09.19.27,PTB,2023.002.09.19.27,unlabelled,,,,,0,0,0.0,0.0,,,6.644999980926514,-71.80799865722656,10.83,1.6,6.5395,-74.456333,260.0,293.11,87.57
PTB.2023.002.14.34.06,PTB,2023.002.14.34.06,unlabelled,,,,,0,0,0.0,0.0,,,6.843999862670898,-76.19400024414062,25.12,1.7,6.5395,-74.456333,260.0,195.06,280.04
PTB.2023.002.14.44.47,PTB,2023.002.14.44.47,unlabelled,,,,,0,0,0.0,0.0,,,6.843999862670898,-76.2030029296875,24.88,1.5,6.5395,-74.456333,260.0,196.04,279.99
PTB.2023.002.17.24.04,PTB,2023.002.17.24.04,unlabelled,,,,,0,0,0.0,0.0,,,5.906000137329102,-73.05899810791016,8.71,1.6,6.5395,-74.456333,260.0,169.77,114.3
PTB.2023.003.09.22.03,PTB,2023.003.09.22.03,unlabelled,,,,,0,0,0.0,0.0,,,7.2820000648498535,-72.10700225830078,20.9,2.1,6.5395,-74.456333,260.0,272.31,72.31
PTB.2023.003.13.52.02,PTB,2023.003.13.52.02,unlabelled,,,,,0,0,0.0,0.0,,,6.827000141143799,-76.62899780273438,19.02,1.9,6.5395,-74.456333,260.0,242.32,277.66
PTB.2023.004.02.53.27,PTB,2023.004.02.53.27,unlabelled,,,,,0,0,0.0,0.0,,,4.769000053405762,-76.55799865722656,38.71,2.1,6.5395,-74.456333,260.0,304.2,230.05
PTB.2023.004.11.28.09,PTB,2023.004.11.28.09,unlabelled,,,,,0,0,0.0,0.0,,,5.369999885559082,-72.9219970703125,15.74,1.8,6.5395,-74.456333,260.0,213.51,127.2
PTB.2023.004.12.21.37,PTB,2023.004.12.21.37,unlabelled,,,,,0,0,0.0,0.0,,,6.843999862670898,-76.30999755859375,19.26,1.6,6.5395,-74.456333,260.0,207.7,279.44
PTB.2023.004.22.22.39,PTB,2023.004.22.22.39,unlabelled,,,,,0,0,0.0,0.0,,,3.691999912261963,-74.1989974975586,16.68,1.5,6.5395,-74.456333,260.0,316.18,174.81
PTB.2023.005.03.45.54,PTB,2023.005.03.45.54,unlabelled,,,,,0,0,0.0,0.0,,,5.285999774932861,-74.80599975585938,19.02,1.5,6.5395,-74.456333,260.0,143.93,195.62
PTB.2023.005.13.00.08,PTB,2023.005.13.00.08,unlabelled,,,,,0,0,0.0,0.0,,,7.323999881744385,-72.11100006103516,3.49,1.5,6.5395,-74.456333,260.0,273.32,71.35
PTB.2023.005.15.26.41,PTB,2023.005.15.26.41,unlabelled,,,,,0,0,0.0,0.0,,,3.8340001106262207,-73.61299896240234,19.49,1.6,6.5395,-74.456333,260.0,313.45,162.61
PTB.2023.005.18.45.59,PTB,2023.005.18.45.59,unlabelled,,,,,0,0,0.0,0.0,,,6.953999996185303,-76.25199890136719,10.59,1.8,6.5395,-74.456333,260.0,203.74,283.11
PTB.2023.006.01.56.01,PTB,2023.006.01.56.01,unlabelled,,,,,0,0,0.0,0.0,,,3.677999973297119,-73.84300231933594,12.17,1.7,6.5395,-74.456333,260.0,323.66,167.84
PTB.2023.006.09.08.38,PTB,2023.006.09.08.38,unlabelled,,,,,0,0,0.0,0.0,,,6.942999839782715,-76.26799774169922,22.3,1.7,6.5395,-74.456333,260.0,205.2,282.67
PTB.2023.006.10.54.10,PTB,2023.006.10.54.10,unlabelled,,,,,0,0,0.0,0.0,,,6.728000164031982,-76.70999908447266,38.31,1.6,6.5395,-74.456333,260.0,250.08,274.91
PTB.2023.006.19.33.06,PTB,2023.006.19.33.06,unlabelled,,,,,0,0,0.0,0.0,,,6.211999893188477,-72.08999633789062,22.35,3.0,6.5395,-74.456333,260.0,264.29,97.74
PTB.2023.007.00.31.40,PTB,2023.007.00.31.40,unlabelled,,,,,0,0,0.0,0.0,,,4.232999801635742,-75.6969985961914,15.33,1.7,6.5395,-74.456333,260.0,289.76,208.39
PTB.2023.008.01.12.29,PTB,2023.008.01.12.29,unlabelled,,,,,0,0,0.0,0.0,,,4.4770002365112305,-73.36199951171875,14.57,1.7,6.5395,-74.456333,260.0,258.31,151.95
PTB.2023.008.03.23.03,PTB,2023.008.03.23.03,unlabelled,,,,,0,0,0.0,0.0,,,6.823999881744385,-76.18099975585938,17.15,1.5,6.5395,-74.456333,260.0,193.27,279.47
PTB.2023.008.11.54.43,PTB,2023.008.11.54.43,unlabelled,,,,,0,0,0.0,0.0,,,3.5490000247955322,-74.2249984741211,21.89,1.7,6.5395,-74.456333,260.0,331.69,175.55
PTB.2023.008.18.30.49,PTB,2023.008.18.30.49,unlabelled,,,,,0,0,0.0,0.0,,,5.376999855041504,-72.69100189208984,15.98,1.5,6.5395,-74.456333,260.0,233.95,123.24
PTB.2023.008.21.44.34,PTB,2023.008.21.44.34,unlabelled,,,,,0,0,0.0,0.0,,,7.004000186920166,-76.3499984741211,10.12,1.7,6.5395,-74.456333,260.0,215.55,283.9
PTB.2023.009.08.30.17,PTB,2023.009.08.30.17,unlabelled,,,,,0,0,0.0,0.0,,,5.1020002365112305,-73.32599639892578,15.98,1.7,6.5395,-74.456333,260.0,202.34,141.72
PTB.2023.009.16.50.57,PTB,2023.009.16.50.57,unlabelled,,,,,0,0,0.0,0.0,,,7.308000087738037,-76.9749984741211,36.95,2.0,6.5395,-74.456333,260.0,291.03,287.13
PTB.2023.009.20.56.34,PTB,2023.009.20.56.34,unlabelled,,,,,0,0,0.0,0.0,,,7.210999965667725,-73.7959976196289,29.0,1.5,6.5395,-74.456333,260.0,104.12,44.46
PTB.2023.009.21.34.36,PTB,2023.009.21.34.36,unlabelled,,,,,0,0,0.0,0.0,,,6.980999946594238,-72.19599914550781,15.98,1.9,6.5395,-74.456333,260.0,254.61,78.81
PTB.2023.010.06.10.24,PTB,2023.010.06.10.24,unlabelled,,,,,0,0,0.0,0.0,,,6.886000156402588,-76.31700134277344,24.88,1.5,6.5395,-74.456333,260.0,209.26,280.66
PTB.2023.010.11.06.15,PTB,2023.010.11.06.15,unlabelled,,,,,0,0,0.0,0.0,,,6.943999767303467,-74.97100067138672,21.31,1.5,6.5395,-74.456333,260.0,72.38,308.2
PTB.2023.010.13.07.05,PTB,2023.010.13.07.05,unlabelled,,,,,0,0,0.0,0.0,-22.03,,6.664999961853027,-76.84500122070312,28.05,2.4,6.5395,-74.456333,260.0,264.52,273.14
PTB.2023.010.14.05.44,PTB,2023.010.14.05.44,unlabelled,,,,,0,0,0.0,0.0,,,5.960999965667725,-72.55599975585938,15.98,1.7,6.5395,-74.456333,260.0,219.81,106.82
PTB.2023.010.16.27.06,PTB,2023.010.16.27.06,unlabelled,,,,,0,0,0.0,0.0,,,6.434999942779541,-71.95899963378906,15.98,3.2,6.5395,-74.456333,260.0,276.47,92.25
PTB.2023.010.21.09.26,PTB,2023.010.21.09.26,unlabelled,,,,,0,0,0.0,0.0,,,5.480000019073486,-76.66100311279297,22.54,1.5,6.5395,-74.456333,260.0,270.74,244.48
PTB.2023.010.21.15.31,PTB,2023.010.21.15.31,unlabelled,,,,,0,0,0.0,0.0,,,5.484000205993652,-76.68699645996094,24.3,1.5,6.5395,-74.456333,260.0,273.15,244.82
PTB.2023.011.02.39.32,PTB,2023.011.02.39.32,unlabelled,,,,,0,0,0.0,0.0,,,5.560999870300293,-72.64700317382812,20.25,1.6,6.5395,-74.456333,260.0,227.66,118.28
PTB.2023.011.05.52.24,PTB,2023.011.05.52.24,unlabelled,,,,,0,0,0.0,0.0,,,6.715000152587891,-76.9010009765625,33.67,1.6,6.5395,-74.456333,260.0,271.03,274.25
PTB.2023.011.11.43.42,PTB,2023.011.11.43.42,unlabelled,,,,,0,0,0.0,0.0,,,7.507999897003174,-72.30999755859375,13.87,1.5,6.5395,-74.456333,260.0,260.21,65.57
PTB.2023.011.14.14.02,PTB,2023.011.14.14.02,unlabelled,,,,,0,0,0.0,0.0,,,3.9260001182556152,-74.0469970703125,13.81,1.9,6.5395,-74.456333,260.0,292.55,171.06
PTB.2023.011.23.00.47,PTB,2023.011.23.00.47,unlabelled,,,,,0,0,0.0,0.0,,,4.359000205993652,-72.74199676513672,0.0,2.4,6.5395,-74.456333,260.0,306.97,141.68
PTB.2023.011.23.10.50,PTB,2023.011.23.10.50,unlabelled,,,,,0,0,0.0,0.0,,,7.160999774932861,-76.21199798583984,14.1,1.5,6.5395,-74.456333,260.0,205.87,289.61
PTB.2023.012.05.04.36,PTB,2023.012.05.04.36,unlabelled,,,,,0,0,0.0,0.0,,,6.885000228881836,-71.99099731445312,0.0,1.8,6.5395,-74.456333,260.0,275.24,81.88
PTB.2023.012.07.22.23,PTB,2023.012.07.22.23,unlabelled,,,,,0,0,0.0,0.0,,,6.302000045776367,-73.78099822998047,34.25,1.5,6.5395,-74.456333,260.0,79.19,109.33
PTB.2023.012.08.42.19,PTB,2023.012.08.42.19,unlabelled,,,,,0,0,0.0,0.0,,,6.118000030517578,-72.35700225830078,19.49,2.1,6.5395,-74.456333,260.0,236.91,101.23
PTB.2023.012.12.27.08,PTB,2023.012.12.27.08,unlabelled,,,,,0,0,0.0,0.0,,,6.980999946594238,-76.28500366210938,7.07,1.6,6.5395,-74.456333,260.0,207.97,283.68
PTB.2023.012.13.16.26,PTB,2023.012.13.16.26,unlabelled,,,,,0,0,0.0,0.0,,,4.473999977111816,-75.39399719238281,3.2,2.1,6.5395,-74.456333,260.0,250.93,204.51
PTB.2023.012.14.44.33,PTB,2023.012.14.44.33,unlabelled,,,,,0,0,0.0,0.0,,,6.926000118255615,-76.32099914550781,12.93,1.6,6.5395,-74.456333,260.0,210.54,281.82
PTB.2023.012.15.34.36,PTB,2023.012.15.34.36,unlabelled,,,,,0,0,0.0,0.0,,,6.992000102996826,-76.62999725341797,18.79,1.6,6.5395,-74.456333,260.0,245.45,281.89
PTB.2023.012.15.40.31,PTB,2023.012.15.40.31,unlabelled,,,,,0,0,0.0,0.0,,,3.693000078201294,-73.65499877929688,18.96,2.9,6.5395,-74.456333,260.0,327.07,164.2
PTB.2023.012.16.17.31,PTB,2023.012.16.17.31,unlabelled,,,,,0,0,0.0,0.0,,,5.160999774932861,-74.75800323486328,24.65,1.6,6.5395,-74.456333,260.0,156.06,192.38
PTB.2023.012.20.24.33,PTB,2023.012.20.24.33,unlabelled,,,,,0,0,0.0,0.0,,,7.208000183105469,-73.80699920654297,29.63,1.7,6.5395,-74.456333,260.0,103.03,44.11
PTB.2023.013.03.45.58,PTB,2023.013.03.45.58,unlabelled,,,,,0,0,0.0,0.0,,,6.943999767303467,-76.38899993896484,13.52,1.3,6.5395,-74.456333,260.0,218.3,281.94
PTB.2023.013.07.59.07,PTB,2023.013.07.59.07,unlabelled,,,,,0,0,0.0,0.0,,,7.264999866485596,-75.91899871826172,32.38,1.8,6.5395,-74.456333,260.0,180.47,296.48
PTB.2023.013.10.52.19,PTB,2023.013.10.52.19,unlabelled,,,,,0,0,0.0,0.0,,,7.5929999351501465,-72.78199768066406,10.06,2.3,6.5395,-74.456333,260.0,218.61,57.69
PTB.2023.013.12.50.53,PTB,2023.013.12.50.53,unlabelled,,,,,0,0,0.0,0.0,,,4.699999809265137,-76.62699890136719,39.77,1.8,6.5395,-74.456333,260.0,314.97,229.88
PTB.2023.013.13.01.33,PTB,2023.013.13.01.33,unlabelled,,,,,0,0,0.0,0.0,,,7.065999984741211,-77.05500030517578,39.18,2.1,6.5395,-74.456333,260.0,293.1,281.61
PTB.2023.014.08.20.38,PTB,2023.014.08.20.38,unlabelled,,,,,0,0,0.0,0.0,,,6.960000038146973,-72.21700286865234,16.21,2.0,6.5395,-74.456333,260.0,251.89,79.23
PTB.2023.015.00.51.21,PTB,2023.015.00.51.21,unlabelled,,,,,0,0,0.0,0.0,,,7.172999858856201,-72.1729965209961,7.89,1.6,6.5395,-74.456333,260.0,261.92,74.35
PTB.2023.015.05.44.42,PTB,2023.015.05.44.42,unlabelled,,,,,0,0,0.0,0.0,,,7.002999782562256,-72.11799621582031,2.96,1.5,6.5395,-74.456333,260.0,263.53,78.65
PTB.2023.015.09.28.17,PTB,2023.015.09.28.17,unlabelled,,,,,0,0,0.0,0.0,,,6.763999938964844,-72.36000061035156,16.09,1.5,6.5395,-74.456333,260.0,233.13,83.77
PTB.2023.015.11.29.40,PTB,2023.015.11.29.40,unlabelled,,,,,0,0,0.0,0.0,,,6.934999942779541,-76.26399993896484,17.21,2.4,6.5395,-74.456333,260.0,204.58,282.45
PTB.2023.015.13.36.42,PTB,2023.015.13.36.42,unlabelled,,,,,0,0,0.0,0.0,,,5.816999912261963,-72.5739974975586,16.21,1.6,6.5395,-74.456333,260.0,223.13,110.88
PTB.2023.015.17.06.38,PTB,2023.015.17.06.38,unlabelled,,,,,0,0,0.0,0.0,,,5.318999767303467,-73.18099975585938,0.0,1.5,6.5395,-74.456333,260.0,195.34,133.64
PTB.2023.015.18.34.28,PTB,2023.015.18.34.28,unlabelled,,,,,0,0,0.0,0.0,,,6.271999835968018,-76.60800170898438,31.68,1.6,6.5395,-74.456333,260.0,239.87,263.04
PTB.2023.015.21.28.56,PTB,2023.015.21.28.56,unlabelled,,,,,0,0,0.0,0.0,,,5.613999843597412,-72.61000061035156,9.88,1.8,6.5395,-74.456333,260.0,228.58,116.5
PTB.2023.015.21.34.25,PTB,2023.015.21.34.25,unlabelled,,,,,0,0,0.0,0.0,,,5.559000015258789,-72.62699890136719,10.12,1.7,6.5395,-74.456333,260.0,229.71,118.07
PTB.2023.015.21.52.02,PTB,2023.015.21.52.02,unlabelled,,,,,0,0,0.0,0.0,,,6.73199987411499,-76.77300262451172,21.48,2.2,6.5395,-74.456333,260.0,257.06,274.88
PTB.2023.015.23.53.10,PTB,2023.015.23.53.10,unlabelled,,,,,0,0,0.0,0.0,,,6.986000061035156,-76.26100158691406,11.64,2.0,6.5395,-74.456333,260.0,205.53,284.01
PTB.2023.016.06.10.42,PTB,2023.016.06.10.42,unlabelled,,,,,0,0,0.0,0.0,,,6.769000053405762,-76.73400115966797,22.3,1.7,6.5395,-74.456333,260.0,253.13,275.89
PTB.2023.016.07.09.52,PTB,2023.016.07.09.52,unlabelled,,,,,0,0,0.0,0.0,,,7.177999973297119,-76.33200073242188,21.6,1.5,6.5395,-74.456333,260.0,219.01,288.92
PTB.2023.016.07.29.28,PTB,2023.016.07.29.28,unlabelled,,,,,0,0,0.0,0.0,,,6.918000221252441,-76.63600158691406,25.12,1.8,6.5395,-74.456333,260.0,244.59,279.98
PTB.2023.016.08.02.49,PTB,2023.016.08.02.49,unlabelled,,,,,0,0,0.0,0.0,,,6.920000076293945,-75.99600219726562,26.29,1.7,6.5395,-74.456333,260.0,175.35,283.97
PTB.2023.016.10.30.55,PTB,2023.016.10.30.55,unlabelled,,,,,0,0,0.0,0.0,,,6.73799991607666,-76.7249984741211,22.77,1.9,6.5395,-74.456333,260.0,251.82,275.13
PTB.2023.016.10.33.13,PTB,2023.016.10.33.13,unlabelled,,,,,0,0,0.0,0.0,,,4.455999851226807,-73.74299621582031,12.93,1.5,6.5395,-74.456333,260.0,243.58,161.03
PTB.2023.016.12.23.17,PTB,2023.016.12.23.17,unlabelled,,,,,0,0,0.0,0.0,,,5.419000148773193,-76.6259994506836,30.98,1.6,6.5395,-74.456333,260.0,270.29,242.83
PTB.2023.016.16.56.18,PTB,2023.016.16.56.18,unlabelled,,,,,0,0,0.0,0.0,,,7.177999973297119,-76.23500061035156,17.38,2.2,6.5395,-74.456333,260.0,208.89,289.86
PTB.2023.017.01.53.08,PTB,2023.017.01.53.08,unlabelled,,,,,0,0,0.0,0.0,,,5.135000228881836,-73.0989990234375,15.98,1.8,6.5395,-74.456333,260.0,216.14,135.87
PTB.2023.017.08.04.57,PTB,2023.017.08.04.57,unlabelled,,,,,0,0,0.0,0.0,,,6.956999778747559,-76.27999877929688,0.17,1.5,6.5395,-74.456333,260.0,206.83,283.0
PTB.2023.017.15.48.48,PTB,2023.017.15.48.48,unlabelled,,,,,0,0,0.0,0.0,,,6.870999813079834,-76.23500061035156,15.98,1.9,6.5395,-74.456333,260.0,200.04,280.66
PTB.2023.018.07.03.17,PTB,2023.018.07.03.17,unlabelled,,,,,0,0,0.0,0.0,,,6.88100004196167,-72.21900177001953,20.23,1.6,6.5395,-74.456333,260.0,250.23,81.19
PTB.2023.018.08.38.07,PTB,2023.018.08.38.07,unlabelled,,,,,0,0,0.0,0.0,,,4.071000099182129,-75.40599822998047,19.79,1.7,6.5395,-74.456333,260.0,292.57,201.13
PTB.2023.018.09.27.37,PTB,2023.018.09.27.37,unlabelled,,,,,0,0,0.0,0.0,,,6.9730000495910645,-76.26399993896484,10.88,1.6,6.5395,-74.456333,260.0,205.51,283.6
PTB.2023.018.10.03.54,PTB,2023.018.10.03.54,unlabelled,,,,,0,0,0.0,0.0,,,6.811999797821045,-76.64199829101562,23.24,1.6,6.5395,-74.456333,260.0,243.54,277.23
PTB.2023.018.12.58.28,PTB,2023.018.12.58.28,unlabelled,,,,,0,0,0.0,0.0,,,7.214000225067139,-76.42900085449219,4.46,1.5,6.5395,-74.456333,260.0,230.43,289.0
PTB.2023.018.16.19.07,PTB,2023.018.16.19.07,unlabelled,,,,,0,0,0.0,0.0,,,6.820000171661377,-76.78800201416016,12.93,1.6,6.5395,-74.456333,260.0,259.67,277.0
PTB.2023.018.16.54.04,PTB,2023.018.16.54.04,unlabelled,,,,,0,0,0.0,0.0,,,7.178999900817871,-77.04900360107422,36.72,2.1,6.5395,-74.456333,260.0,295.16,284.02
PTB.2023.018.21.34.07,PTB,2023.018.21.34.07,unlabelled,,,,,0,0,0.0,0.0,,,6.923999786376953,-76.37699890136719,12.7,1.6,6.5395,-74.456333,260.0,216.56,281.44
PTB.2023.018.23.06.10,PTB,2023.018.23.06.10,unlabelled,,,,,0,0,0.0,0.0,,,7.466000080108643,-77.31900024414062,19.23,2.0,6.5395,-74.456333,260.0,332.49,288.12
PTB.2023.018.23.31.46,PTB,2023.018.23.31.46,unlabelled,,,,,0,0,0.0,0.0,,,6.9029998779296875,-76.38800048828125,9.18,1.5,6.5395,-74.456333,260.0,217.31,280.77
PTB.2023.019.05.48.18,PTB,2023.019.05.48.18,unlabelled,,,,,0,0,0.0,0.0,,,6.873000144958496,-76.20099639892578,20.66,1.6,6.5395,-74.456333,260.0,196.39,280.93
PTB.2023.019.05.51.57,PTB,2023.019.05.51.57,unlabelled,,,,,0,0,0.0,0.0,,,6.86299991607666,-76.18000030517578,22.36,2.2,6.5395,-74.456333,260.0,193.9,280.73
PTB.2023.019.09.38.35,PTB,2023.019.09.38.35,unlabelled,,,,,0,0,0.0,0.0,,,5.089000225067139,-72.97100067138672,13.63,1.7,6.5395,-74.456333,260.0,229.76,134.2
PTB.2023.019.14.10.36,PTB,2023.019.14.10.36,unlabelled,,,,,0,0,0.0,0.0,,,6.910999774932861,-76.27799987792969,12.46,1.6,6.5395,-74.456333,260.0,205.55,281.64
PTB.2023.019.17.36.34,PTB,2023.019.17.36.34,unlabelled,,,,,0,0,0.0,0.0,,,6.879000186920166,-76.83699798583984,34.48,1.5,6.5395,-74.456333,260.0,265.88,278.26
PTB.2023.019.21.41.50,PTB,2023.019.21.41.50,unlabelled,,,,,0,0,0.0,0.0,,,6.434999942779541,-76.73100280761719,15.98,1.5,6.5395,-74.456333,260.0,251.87,267.5
PTB.2023.020.03.20.37,PTB,2023.020.03.20.37,unlabelled,,,,,0,0,0.0,0.0,,,5.451000213623047,-76.94000244140625,0.0,1.7,6.5395,-74.456333,260.0,300.17,246.49
PTB.2023.020.06.37.01,PTB,2023.020.06.37.01,unlabelled,,,,,0,0,0.0,0.0,,,6.894000053405762,-76.80699920654297,36.84,1.5,6.5395,-74.456333,260.0,262.83,278.71
PTB.2023.020.10.38.05,PTB,2023.020.10.38.05,unlabelled,,,,,0,0,0.0,0.0,,,5.986000061035156,-76.59300231933594,35.66,1.5,6.5395,-74.456333,260.0,244.24,255.6
PTB.2023.020.16.28.49,PTB,2023.020.16.28.49,unlabelled,,,,,0,0,0.0,0.0,,,5.09499979019165,-75.67900085449219,16.04,1.8,6.5395,-74.456333,260.0,209.41,220.35
PTB.2023.020.19.50.10,PTB,2023.020.19.50.10,unlabelled,,,,,0,0,0.0,0.0,,,6.864999771118164,-76.03199768066406,27.23,1.7,6.5395,-74.456333,260.0,177.89,281.77
PTB.2023.021.01.19.56,PTB,2023.021.01.19.56,unlabelled,,,,,0,0,0.0,0.0,,,5.3429999351501465,-72.9520034790039,15.98,1.5,6.5395,-74.456333,260.0,212.72,128.38
PTB.2023.021.01.24.32,PTB,2023.021.01.24.32,unlabelled,,,,,0,0,0.0,0.0,,,5.366000175476074,-72.96299743652344,15.98,1.5,6.5395,-74.456333,260.0,210.19,128.05
PTB.2023.021.01.33.25,PTB,2023.021.01.33.25,unlabelled,,,,,0,0,0.0,0.0,,,5.379000186920166,-72.9280014038086,13.16,1.9,6.5395,-74.456333,260.0,212.38,127.1
PTB.2023.021.03.41.01,PTB,2023.021.03.41.01,unlabelled,,,,,0,0,0.0,0.0,,,5.38100004196167,-72.93499755859375,13.16,1.5,6.5395,-74.456333,260.0,211.63,127.17
PTB.2023.021.03.42.41,PTB,2023.021.03.42.41,unlabelled,,,,,0,0,0.0,0.0,,,5.353000164031982,-72.94300079345703,12.93,1.6,6.5395,-74.456333,260.0,212.82,127.98
PTB.2023.021.05.47.41,PTB,2023.021.05.47.41,unlabelled,,,,,0,0,0.0,0.0,,,7.052000045776367,-75.88200378417969,16.09,1.7,6.5395,-74.456333,260.0,167.48,289.86
PTB.2023.021.11.03.52,PTB,2023.021.11.03.52,unlabelled,,,,,0,0,0.0,0.0,,,6.071000099182129,-72.51100158691406,23.01,1.5,6.5395,-74.456333,260.0,221.4,103.43
PTB.2023.021.12.10.01,PTB,2023.021.12.10.01,unlabelled,,,,,0,0,0.0,0.0,,,4.489999771118164,-75.39900207519531,4.5,3.0,6.5395,-74.456333,260.0,249.55,204.79
PTB.2023.021.13.01.58,PTB,2023.021.13.01.58,unlabelled,,,,,0,0,0.0,0.0,,,5.392000198364258,-73.10299682617188,2.48,1.5,6.5395,-74.456333,260.0,196.35,130.19
PTB.2023.021.17.43.46,PTB,2023.021.17.43.46,unlabelled,,,,,0,0,0.0,0.0,,,6.843999862670898,-76.20700073242188,22.3,1.8,6.5395,-74.456333,260.0,196.47,279.97
PTB.2023.022.02.09.09,PTB,2023.022.02.09.09,unlabelled,,,,,0,0,0.0,0.0,,,6.948999881744385,-76.79900360107422,38.71,1.7,6.5395,-74.456333,260.0,262.92,280.05
PTB.2023.022.07.34.09,PTB,2023.022.07.34.09,unlabelled,,,,,0,0,0.0,0.0,,,6.698999881744385,-72.03199768066406,21.95,2.1,6.5395,-74.456333,260.0,268.67,86.1
PTB.2023.022.12.20.37,PTB,2023.022.12.20.37,unlabelled,,,,,0,0,0.0,0.0,-16.51,,6.841000080108643,-76.20500183105469,20.43,2.2,6.5395,-74.456333,260.0,196.2,279.89
PTB.2023.023.00.08.55,PTB,2023.023.00.08.55,unlabelled,,,,,0,0,0.0,0.0,,,6.876999855041504,-76.65499877929688,27.23,1.5,6.5395,-74.456333,260.0,245.94,278.86
PTB.2023.023.07.10.58,PTB,2023.023.07.10.58,unlabelled,,,,,0,0,0.0,0.0,,,5.999000072479248,-76.38800048828125,21.37,2.4,6.5395,-74.456333,260.0,221.95,254.48
PTB.2023.023.14.29.19,PTB,2023.023.14.29.19,unlabelled,,,,,0,0,0.0,0.0,,,4.361000061035156,-73.75800323486328,11.76,1.7,6.5395,-74.456333,260.0,253.03,162.16
PTB.2023.023.15.08.48,PTB,2023.023.15.08.48,unlabelled,,,,,0,0,0.0,0.0,-12.21,-11.39,6.690999984741211,-75.94100189208984,17.62,2.0,6.5395,-74.456333,260.0,165.03,275.91
PTB.2023.024.01.19.27,PTB,2023.024.01.19.27,unlabelled,,,,,0,0,0.0,0.0,,,5.7170000076293945,-74.37100219726562,28.16,1.5,6.5395,-74.456333,260.0,91.45,174.07
PTB.2023.024.02.44.14,PTB,2023.024.02.44.14,unlabelled,,,,,0,0,0.0,0.0,,,6.943999767303467,-77.0790023803711,36.48,1.8,6.5395,-74.456333,260.0,293.38,278.92
PTB.2023.024.07.38.42,PTB,2023.024.07.38.42,unlabelled,,,,,0,0,0.0,0.0,,,4.348999977111816,-73.80999755859375,19.61,1.9,6.5395,-74.456333,260.0,252.6,163.5
PTB.2023.024.08.09.16,PTB,2023.024.08.09.16,unlabelled,,,,,0,0,0.0,0.0,,,6.6620001792907715,-77.24299621582031,1.0,1.6,6.5395,-74.456333,260.0,308.46,272.68
PTB.2023.024.09.19.16,PTB,2023.024.09.19.16,unlabelled,,,,,0,0,0.0,0.0,,,6.741000175476074,-76.72200012207031,31.8,1.5,6.5395,-74.456333,260.0,251.52,275.21
PTB.2023.024.17.54.47,PTB,2023.024.17.54.47,unlabelled,,,,,0,0,0.0,0.0,,,4.38700008392334,-73.61000061035156,29.45,1.8,6.5395,-74.456333,260.0,255.84,158.45
PTB.2023.024.20.59.26,PTB,2023.024.20.59.26,unlabelled,,,,,0,0,0.0,0.0,,,4.28000020980835,-76.2509994506836,23.48,1.6,6.5395,-74.456333,260.0,319.35,218.61
PTB.2023.025.02.01.19,PTB,2023.025.02.01.19,unlabelled,,,,,0,0,0.0,0.0,,,7.235000133514404,-76.92400360107422,22.94,1.7,6.5395,-74.456333,260.0,283.37,285.9
PTB.2023.025.02.14.05,PTB,2023.025.02.14.05,unlabelled,,,,,0,0,0.0,0.0,,,7.229000091552734,-76.84400177001953,37.07,1.7,6.5395,-74.456333,260.0,274.68,286.26
PTB.2023.025.07.39.22,PTB,2023.025.07.39.22,unlabelled,,,,,0,0,0.0,0.0,,,4.843999862670898,-73.48799896240234,1.45,1.5,6.5395,-74.456333,260.0,216.01,150.18
PTB.2023.025.07.43.11,PTB,2023.025.07.43.11,unlabelled,,,,,0,0,0.0,0.0,,,6.822000026702881,-76.68699645996094,19.02,1.6,6.5395,-74.456333,260.0,248.61,277.35
PTB.2023.025.10.19.30,PTB,2023.025.10.19.30,unlabelled,,,,,0,0,0.0,0.0,,,3.6540000438690186,-74.28800201416016,13.16,1.5,6.5395,-74.456333,260.0,319.63,176.64
PTB.2023.025.15.08.41,PTB,2023.025.15.08.41,unlabelled,,,,,0,0,0.0,0.0,,,7.3520002365112305,-77.00199890136719,34.02,2.1,6.5395,-74.456333,260.0,295.32,287.86
PTB.2023.025.17.06.27,PTB,2023.025.17.06.27,unlabelled,,,,,0,0,0.0,0.0,,,5.357999801635742,-72.93699645996094,14.57,2.2,6.5395,-74.456333,260.0,213.0,127.75
PTB.2023.026.00.07.32,PTB,2023.026.00.07.32,unlabelled,,,,,0,0,0.0,0.0,,,6.894000053405762,-76.38099670410156,17.85,1.5,6.5395,-74.456333,260.0,216.37,280.55
PTB.2023.026.02.38.05,PTB,2023.026.02.38.05,unlabelled,,,,,0,0,0.0,0.0,,,5.38100004196167,-72.93699645996094,13.63,1.8,6.5395,-74.456333,260.0,211.45,127.21
PTB.2023.026.02.56.54,PTB,2023.026.02.56.54,unlabelled,,,,,0,0,0.0,0.0,,,5.376999855041504,-72.94599914550781,11.76,1.9,6.5395,-74.456333,260.0,210.93,127.47
PTB.2023.026.02.59.28,PTB,2023.026.02.59.28,unlabelled,,,,,0,0,0.0,0.0,,,5.38700008392334,-72.947998046875,13.16,1.5,6.5395,-74.456333,260.0,210.08,127.27
PTB.2023.026.03.01.23,PTB,2023.026.03.01.23,unlabelled,,,,,0,0,0.0,0.0,,,5.372000217437744,-72.98200225830078,13.87,1.5,6.5395,-74.456333,260.0,208.13,128.26
PTB.2023.026.03.19.33,PTB,2023.026.03.19.33,unlabelled,,,,,0,0,0.0,0.0,,,5.440000057220459,-72.92500305175781,30.53,1.7,6.5395,-74.456333,260.0,208.63,125.56
PTB.2023.026.03.22.59,PTB,2023.026.03.22.59,unlabelled,,,,,0,0,0.0,0.0,,,5.381999969482422,-72.9489974975586,13.05,1.5,6.5395,-74.456333,260.0,210.33,127.41
PTB.2023.026.04.38.14,PTB,2023.026.04.38.14,unlabelled,,,,,0,0,0.0,0.0,,,5.366000175476074,-72.947998046875,10.35,1.9,6.5395,-74.456333,260.0,211.5,127.77
PTB.2023.026.10.15.35,PTB,2023.026.10.15.35,unlabelled,,,,,0,0,0.0,0.0,-10.93,,6.882999897003174,-76.29100036621094,23.77,2.1,6.5395,-74.456333,260.0,206.37,280.71
PTB.2023.026.10.30.34,PTB,2023.026.10.30.34,unlabelled,,,,,0,0,0.0,0.0,,,6.443999767303467,-76.81600189208984,6.12,1.5,6.5395,-74.456333,260.0,261.22,267.82
PTB.2023.026.11.07.06,PTB,2023.026.11.07.06,unlabelled,,,,,0,0,0.0,0.0,,,5.39900016784668,-76.68199920654297,20.55,2.0,6.5395,-74.456333,260.0,276.82,243.02
PTB.2023.026.15.19.53,PTB,2023.026.15.19.53,unlabelled,,,,,0,0,0.0,0.0,,,4.461999893188477,-76.27300262451172,30.51,1.7,6.5395,-74.456333,260.0,305.45,221.32
PTB.2023.026.15.24.47,PTB,2023.026.15.24.47,unlabelled,,,,,0,0,0.0,0.0,,,6.9710001945495605,-76.37999725341797,10.12,1.8,6.5395,-74.456333,260.0,217.95,282.76
PTB.2023.026.17.39.50,PTB,2023.026.17.39.50,unlabelled,,,,,0,0,0.0,0.0,,,5.366000175476074,-72.9219970703125,18.32,2.1,6.5395,-74.456333,260.0,213.78,127.29
PTB.2023.027.05.35.53,PTB,2023.027.05.35.53,unlabelled,,,,,0,0,0.0,0.0,-14.39,,7.09499979019165,-76.16100311279297,2.14,1.6,6.5395,-74.456333,260.0,198.19,288.16
PTB.2023.027.12.13.11,PTB,2023.027.12.13.11,unlabelled,,,,,0,0,0.0,0.0,,,6.672999858856201,-71.9540023803711,3.22,1.6,6.5395,-74.456333,260.0,277.11,86.8
PTB.2023.027.20.24.22,PTB,2023.027.20.24.22,unlabelled,,,,,0,0,0.0,0.0,,,3.6659998893737793,-74.29199981689453,12.99,1.7,6.5395,-74.456333,260.0,318.28,176.71
PTB.2023.027.21.28.08,PTB,2023.027.21.28.08,unlabelled,,,,,0,0,0.0,0.0,,,6.901000022888184,-72.13099670410156,14.8,1.9,6.5395,-74.456333,260.0,260.18,81.03
PTB.2023.027.22.49.57,PTB,2023.027.22.49.57,unlabelled,,,,,0,0,0.0,0.0,,,7.372000217437744,-72.08699798583984,13.05,1.5,6.5395,-74.456333,260.0,277.54,70.49
PTB.2023.028.04.16.18,PTB,2023.028.04.16.18,unlabelled,,,,,0,0,0.0,0.0,,,7.107999801635742,-75.90699768066406,32.38,1.6,6.5395,-74.456333,260.0,172.23,291.49
PTB.2023.028.09.42.27,PTB,2023.028.09.42.27,unlabelled,,,,,0,0,0.0,0.0,,,7.388999938964844,-77.01399993896484,29.92,2.0,6.5395,-74.456333,260.0,297.83,288.54
PTB.2023.028.18.03.33,PTB,2023.028.18.03.33,unlabelled,,,,,0,0,0.0,0.0,,,6.420000076293945,-72.29100036621094,15.98,1.7,6.5395,-74.456333,260.0,239.88,93.04
PTB.2023.028.20.15.51,PTB,2023.028.20.15.51,unlabelled,,,,,0,0,0.0,0.0,,,5.822999954223633,-74.23500061035156,20.12,1.9,6.5395,-74.456333,260.0,82.94,162.81
PTB.2023.029.02.50.49,PTB,2023.029.02.50.49,unlabelled,,,,,0,0,0.0,0.0,,,3.5329999923706055,-74.2300033569336,14.51,1.9,6.5395,-74.456333,260.0,333.41,175.67
PTB.2023.029.03.23.54,PTB,2023.029.03.23.54,unlabelled,,,,,0,0,0.0,0.0,,,5.22599983215332,-73.19100189208984,18.09,1.5,6.5395,-74.456333,260.0,201.82,135.96
PTB.2023.029.09.24.44,PTB,2023.029.09.24.44,unlabelled,,,,,0,0,0.0,0.0,,,7.7220001220703125,-73.31600189208984,29.01,1.5,6.5395,-74.456333,260.0,181.57,43.86
PTB.2023.029.11.28.41,PTB,2023.029.11.28.41,unlabelled,,,,,0,0,0.0,0.0,-7.59,,7.211999893188477,-75.947998046875,35.66,1.7,6.5395,-74.456333,260.0,180.86,294.37
PTB.2023.029.15.14.55,PTB,2023.029.15.14.55,unlabelled,,,,,0,0,0.0,0.0,,,7.559999942779541,-74.42500305175781,7.2,2.1,6.5395,-74.456333,260.0,112.91,1.75
PTB.2023.029.15.26.56,PTB,2023.029.15.26.56,unlabelled,,,,,0,0,0.0,0.0,,,6.3429999351501465,-76.84700012207031,8.54,1.8,6.5395,-74.456333,260.0,265.35,265.44
PTB.2023.029.21.50.05,PTB,2023.029.21.50.05,unlabelled,,,,,0,0,0.0,0.0,,,5.158999919891357,-73.12899780273438,12.93,1.8,6.5395,-74.456333,260.0,211.93,136.01
PTB.2023.030.05.01.40,PTB,2023.030.05.01.40,unlabelled,,,,,0,0,0.0,0.0,,,7.073999881744385,-77.12999725341797,37.77,1.9,6.5395,-74.456333,260.0,301.4,281.47
PTB.2023.030.06.44.14,PTB,2023.030.06.44.14,unlabelled,,,,,0,0,0.0,0.0,,,6.2210001945495605,-72.40299987792969,4.64,1.5,6.5395,-74.456333,260.0,229.88,98.7
PTB.2023.030.10.16.31,PTB,2023.030.10.16.31,unlabelled,,,,,0,0,0.0,0.0,,,7.13100004196167,-76.4260025024414,32.27,1.5,6.5395,-74.456333,260.0,227.33,286.84
PTB.2023.031.02.06.33,PTB,2023.031.02.06.33,unlabelled,,,,,0,0,0.0,0.0,,,5.179999828338623,-73.13600158691406,13.16,1.5,6.5395,-74.456333,260.0,209.72,135.73
PTB.2023.031.09.30.58,PTB,2023.031.09.30.58,unlabelled,,,,,0,0,0.0,0.0,,,7.105999946594238,-76.29499816894531,15.98,1.7,6.5395,-74.456333,260.0,212.68,287.24
PTB.2023.031.11.41.57,PTB,2023.031.11.41.57,unlabelled,,,,,0,0,0.0,0.0,,,7.130000114440918,-76.20099639892578,-0.23,1.5,6.5395,-74.456333,260.0,203.6,288.81
PTB.2023.031.13.49.34,PTB,2023.031.13.49.34,unlabelled,,,,,0,0,0.0,0.0,,,4.327000141143799,-75.68800354003906,12.75,1.6,6.5395,-74.456333,260.0,280.16,209.22
PTB.2023.031.23.40.35,PTB,2023.031.23.40.35,unlabelled,,,,,0,0,0.0,0.0,,,7.001999855041504,-76.65799713134766,16.21,1.6,6.5395,-74.456333,260.0,248.71,282.0
PTB.2023.032.02.49.44,PTB,2023.032.02.49.44,unlabelled,,,,,0,0,0.0,0.0,,,7.070000171661377,-76.05500030517578,33.09,1.5,6.5395,-74.456333,260.0,186.2,288.46
PTB.2023.032.03.28.05,PTB,2023.032.03.28.05,unlabelled,,,,,0,0,0.0,0.0,,,7.051000118255615,-75.88899993896484,23.71,1.7,6.5395,-74.456333,260.0,168.17,289.74
PTB.2023.032.04.53.32,PTB,2023.032.04.53.32,unlabelled,,,,,0,0,0.0,0.0,,,5.6539998054504395,-76.5530014038086,23.48,1.8,6.5395,-74.456333,260.0,251.9,247.24
PTB.2023.032.05.49.39,PTB,2023.032.05.49.39,unlabelled,,,,,0,0,0.0,0.0,,,6.284999847412109,-72.28900146484375,16.68,1.7,6.5395,-74.456333,260.0,241.41,96.57
PTB.2023.032.14.56.32,PTB,2023.032.14.56.32,unlabelled,,,,,0,0,0.0,0.0,,,7.133999824523926,-76.10600280761719,12.93,1.9,6.5395,-74.456333,260.0,193.83,289.92
PTB.2023.032.16.55.40,PTB,2023.032.16.55.40,unlabelled,,,,,0,0,0.0,0.0,,,6.2779998779296875,-72.30999755859375,15.98,1.5,6.5395,-74.456333,260.0,239.2,96.82
PTB.2023.032.23.48.31,PTB,2023.032.23.48.31,unlabelled,,,,,0,0,0.0,0.0,,,6.428999900817871,-76.77799987792969,24.41,2.3,6.5395,-74.456333,260.0,257.09,267.41
PTB.2023.032.23.56.07,PTB,2023.032.23.56.07,unlabelled,,,,,0,0,0.0,0.0,,,6.677000045776367,-72.13099670410156,31.8,1.8,6.5395,-74.456333,260.0,257.6,86.48
PTB.2023.033.01.58.41,PTB,2023.033.01.58.41,unlabelled,,,,,0,0,0.0,0.0,-7.29,,6.5370001792907715,-76.76399993896484,36.37,2.7,6.5395,-74.456333,260.0,255.23,270.07
PTB.2023.033.05.46.05,PTB,2023.033.05.46.05,unlabelled,,,,,0,0,0.0,0.0,,,6.927000045776367,-76.39299774169922,13.05,1.5,6.5395,-74.456333,260.0,218.36,281.43
PTB.2023.033.07.07.48,PTB,2023.033.07.07.48,unlabelled,,,,,0,0,0.0,0.0,,,6.577000141143799,-76.74199676513672,8.79,1.6,6.5395,-74.456333,260.0,252.82,271.07
PTB.2023.033.10.46.48,PTB,2023.033.10.46.48,unlabelled,,,,,0,0,0.0,0.0,,,4.296999931335449,-75.0790023803711,23.3,2.0,6.5395,-74.456333,260.0,257.41,195.58
PTB.2023.034.02.38.10,PTB,2023.034.02.38.10,unlabelled,,,,,0,0,0.0,0.0,,,3.941999912261963,-74.10299682617188,19.26,1.6,6.5395,-74.456333,260.0,289.9,172.22
PTB.2023.034.09.37.31,PTB,2023.034.09.37.31,unlabelled,,,,,0,0,0.0,0.0,,,7.165999889373779,-77.18099975585938,26.17,1.8,6.5395,-74.456333,260.0,309.02,283.12
PTB.2023.034.12.26.30,PTB,2023.034.12.26.30,unlabelled,,,,,0,0,0.0,0.0,,,7.339000225067139,-76.2969970703125,16.91,1.5,6.5395,-74.456333,260.0,221.79,293.6
PTB.2023.034.20.15.01,PTB,2023.034.20.15.01,unlabelled,,,,,0,0,0.0,0.0,,,3.5920000076293945,-74.43499755859375,23.95,1.7,6.5395,-74.456333,260.0,325.95,179.58
PTB.2023.035.03.21.32,PTB,2023.035.03.21.32,unlabelled,,,,,0,0,0.0,0.0,,,6.801000118255615,-76.66999816894531,19.96,1.8,6.5395,-74.456333,260.0,246.47,276.87
PTB.2023.035.04.30.45,PTB,2023.035.04.30.45,unlabelled,,,,,0,0,0.0,0.0,,,6.771999835968018,-72.05699920654297,23.95,1.6,6.5395,-74.456333,260.0,266.55,84.33
PTB.2023.035.09.11.02,PTB,2023.035.09.11.02,unlabelled,,,,,0,0,0.0,0.0,,,7.2220001220703125,-76.98400115966797,35.43,1.8,6.5395,-74.456333,260.0,289.38,285.27
PTB.2023.035.12.02.58,PTB,2023.035.12.02.58,unlabelled,,,,,0,0,0.0,0.0,,,6.3480000495910645,-76.89299774169922,15.0,1.8,6.5395,-74.456333,260.0,270.38,265.65
PTB.2023.035.12.19.51,PTB,2023.035.12.19.51,unlabelled,,,,,0,0,0.0,0.0,,,6.823999881744385,-76.28900146484375,15.98,1.6,6.5395,-74.456333,260.0,205.06,278.93
PTB.2023.035.17.43.04,PTB,2023.035.17.43.04,unlabelled,,,,,0,0,0.0,0.0,,,5.499000072479248,-72.5719985961914,17.38,1.6,6.5395,-74.456333,260.0,238.24,118.78
PTB.2023.035.18.25.22,PTB,2023.035.18.25.22,unlabelled,,,,,0,0,0.0,0.0,-1.05,-3.66,7.366000175476074,-75.71099853515625,32.38,2.0,6.5395,-74.456333,260.0,166.06,303.47
PTB.2023.036.02.46.36,PTB,2023.036.02.46.36,unlabelled,,,,,0,0,0.0,0.0,,,6.414000034332275,-72.11900329589844,16.21,1.8,6.5395,-74.456333,260.0,258.91,92.94
PTB.2023.036.06.28.51,PTB,2023.036.06.28.51,unlabelled,,,,,0,0,0.0,0.0,,,4.482999801635742,-73.25299835205078,19.96,2.2,6.5395,-74.456333,260.0,263.62,149.56
PTB.2023.036.07.05.51,PTB,2023.036.07.05.51,unlabelled,,,,,0,0,0.0,0.0,,,7.138000011444092,-76.27400207519531,14.34,1.5,6.5395,-74.456333,260.0,211.53,288.34
PTB.2023.036.11.03.41,PTB,2023.036.11.03.41,unlabelled,,,,,0,0,0.0,0.0,,,3.809999942779541,-73.66000366210938,13.16,1.6,6.5395,-74.456333,260.0,314.48,163.66
PTB.2023.037.00.56.24,PTB,2023.037.00.56.24,unlabelled,,,,,0,0,0.0,0.0,,,7.349999904632568,-72.02200317382812,8.83,1.7,6.5395,-74.456333,260.0,283.55,71.43
PTB.2023.037.00.58.11,PTB,2023.037.00.58.11,unlabelled,,,,,0,0,0.0,0.0,,,7.367000102996826,-72.0270004272461,11.17,1.6,6.5395,-74.456333,260.0,283.62,71.03
PTB.2023.037.01.40.58,PTB,2023.037.01.40.58,unlabelled,,,,,0,0,0.0,0.0,,,7.354000091552734,-72.14900207519531,0.0,1.7,6.5395,-74.456333,260.0,270.42,70.41
PTB.2023.037.03.37.15,PTB,2023.037.03.37.15,unlabelled,,,,,0,0,0.0,0.0,,,7.295000076293945,-72.08200073242188,15.86,2.2,6.5395,-74.456333,260.0,275.38,72.2
PTB.2023.037.03.53.10,PTB,2023.037.03.53.10,unlabelled,,,,,0,0,0.0,0.0,,,6.951000213623047,-76.28900146484375,13.63,1.5,6.5395,-74.456333,260.0,207.66,282.77
PTB.2023.037.05.21.11,PTB,2023.037.05.21.11,unlabelled,,,,,0,0,0.0,0.0,,,5.635000228881836,-72.68299865722656,10.59,1.5,6.5395,-74.456333,260.0,220.31,116.91
PTB.2023.037.05.29.55,PTB,2023.037.05.29.55,unlabelled,,,,,0,0,0.0,0.0,,,6.711999893188477,-76.6969985961914,26.05,1.5,6.5395,-74.456333,260.0,248.51,274.53
PTB.2023.037.06.34.15,PTB,2023.037.06.34.15,unlabelled,,,,,0,0,0.0,0.0,,,7.320000171661377,-72.05799865722656,20.66,1.7,6.5395,-74.456333,260.0,278.74,71.82
PTB.2023.037.08.10.22,PTB,2023.037.08.10.22,unlabelled,,,,,0,0,0.0,0.0,,,7.310999870300293,-72.09600067138672,23.95,1.9,6.5395,-74.456333,260.0,274.44,71.75
PTB.2023.037.08.39.58,PTB,2023.037.08.39.58,unlabelled,,,,,0,0,0.0,0.0,,,6.989999771118164,-76.27899932861328,15.98,1.6,6.5395,-74.456333,260.0,207.56,283.99
PTB.2023.037.10.34.15,PTB,2023.037.10.34.15,unlabelled,,,,,0,0,0.0,0.0,,,5.269999980926514,-73.24299621582031,0.0,1.5,6.5395,-74.456333,260.0,194.32,136.19
PTB.2023.037.11.23.34,PTB,2023.037.11.23.34,unlabelled,,,,,0,0,0.0,0.0,,,6.974999904632568,-76.17400360107422,15.98,2.3,6.5395,-74.456333,260.0,195.9,284.33
PTB.2023.037.12.23.11,PTB,2023.037.12.23.11,unlabelled,,,,,0,0,0.0,0.0,,,5.144999980926514,-72.66200256347656,0.5,2.4,6.5395,-74.456333,260.0,251.53,127.72
PTB.2023.037.16.19.12,PTB,2023.037.16.19.12,unlabelled,,,,,0,0,0.0,0.0,,,3.7939999103546143,-74.79399871826172,21.48,2.8,6.5395,-74.456333,260.0,305.91,187.05
PTB.2023.038.00.53.12,PTB,2023.038.00.53.12,unlabelled,,,,,0,0,0.0,0.0,,,4.386000156402588,-74.19100189208984,21.37,1.5,6.5395,-74.456333,260.0,239.95,172.95
PTB.2023.038.06.59.31,PTB,2023.038.06.59.31,unlabelled,,,,,0,0,0.0,0.0,,,6.955999851226807,-72.07099914550781,22.77,1.6,6.5395,-74.456333,260.0,267.7,79.95
PTB.2023.038.13.33.58,PTB,2023.038.13.33.58,unlabelled,,,,,0,0,0.0,0.0,,,7.386000156402588,-72.01000213623047,0.0,1.5,6.5395,-74.456333,260.0,286.08,70.75
PTB.2023.038.18.27.16,PTB,2023.038.18.27.16,unlabelled,,,,,0,0,0.0,0.0,,,5.14900016784668,-73.072998046875,13.05,1.9,6.5395,-74.456333,260.0,217.06,135.03
PTB.2023.039.00.13.51,PTB,2023.039.00.13.51,unlabelled,,,,,0,0,0.0,0.0,,,7.0920000076293945,-76.97699737548828,36.95,2.3,6.5395,-74.456333,260.0,285.25,282.52
PTB.2023.039.01.47.30,PTB,2023.039.01.47.30,unlabelled,,,,,0,0,0.0,0.0,,,7.120999813079834,-76.90399932861328,35.43,1.6,6.5395,-74.456333,260.0,278.09,283.51
PTB.2023.039.01.59.58,PTB,2023.039.01.59.58,unlabelled,,,,,0,0,0.0,0.0,,,7.117000102996826,-76.8949966430664,34.02,1.8,6.5395,-74.456333,260.0,277.02,283.47
PTB.2023.039.09.16.25,PTB,2023.039.09.16.25,unlabelled,,,,,0,0,0.0,0.0,,,4.357999801635742,-73.7760009765625,10.23,1.5,6.5395,-74.456333,260.0,252.75,162.61
PTB.2023.039.12.04.27,PTB,2023.039.12.04.27,unlabelled,,,,,0,0,0.0,0.0,,,4.197000026702881,-74.4800033569336,25.7,1.5,6.5395,-74.456333,260.0,259.06,180.58
PTB.2023.039.12.59.48,PTB,2023.039.12.59.48,unlabelled,,,,,0,0,0.0,0.0,,,4.748000144958496,-76.66300201416016,36.6,2.6,6.5395,-74.456333,260.0,314.65,231.09
PTB.2023.039.16.00.06,PTB,2023.039.16.00.06,unlabelled,,,,,0,0,0.0,0.0,,,6.923999786376953,-76.2509994506836,19.02,1.9,6.5395,-74.456333,260.0,202.92,282.2
PTB.2023.039.22.01.56,PTB,2023.039.22.01.56,unlabelled,,,,,0,0,0.0,0.0,,,7.0,-76.23799896240234,17.62,2.2,6.5395,-74.456333,260.0,203.44,284.6
PTB.2023.039.22.19.14,PTB,2023.039.22.19.14,unlabelled,,,,,0,0,0.0,0.0,,,5.044000148773193,-75.66999816894531,12.99,1.5,6.5395,-74.456333,260.0,213.12,219.17
PTB.2023.039.23.25.32,PTB,2023.039.23.25.32,unlabelled,,,,,0,0,0.0,0.0,,,3.6019999980926514,-74.18699645996094,14.39,2.4,6.5395,-74.456333,260.0,326.21,174.73
PTB.2023.040.08.36.38,PTB,2023.040.08.36.38,unlabelled,,,,,0,0,0.0,0.0,,,4.38700008392334,-75.30799865722656,18.03,1.6,6.5395,-74.456333,260.0,256.06,201.67
PTB.2023.040.11.04.24,PTB,2023.040.11.04.24,unlabelled,,,,,0,0,0.0,0.0,,,4.3379998207092285,-75.28600311279297,20.02,1.8,6.5395,-74.456333,260.0,260.23,200.73
PTB.2023.040.14.43.28,PTB,2023.040.14.43.28,unlabelled,,,,,0,0,0.0,0.0,,,5.254000186920166,-72.61699676513672,12.93,1.9,6.5395,-74.456333,260.0,248.38,124.82
PTB.2023.040.16.12.39,PTB,2023.040.16.12.39,unlabelled,,,,,0,0,0.0,0.0,,,6.953999996185303,-76.28099822998047,0.0,1.1,6.5395,-74.456333,260.0,206.87,282.91
PTB.2023.040.18.38.55,PTB,2023.040.18.38.55,unlabelled,,,,,0,0,0.0,0.0,,,6.165999889373779,-76.58100128173828,28.68,1.9,6.5395,-74.456333,260.0,238.67,260.15
PTB.2023.040.20.24.08,PTB,2023.040.20.24.08,unlabelled,,,,,0,0,0.0,0.0,,,6.460000038146973,-76.6760025024414,13.47,1.5,6.5395,-74.456333,260.0,245.67,268.08
PTB.2023.041.09.43.54,PTB,2023.041.09.43.54,unlabelled,,,,,0,0,0.0,0.0,,,6.914999961853027,-76.37899780273438,11.29,1.6,6.5395,-74.456333,260.0,216.58,281.17
PTB.2023.041.16.04.11,PTB,2023.041.16.04.11,unlabelled,,,,,0,0,0.0,0.0,,,4.373000144958496,-73.6520004272461,28.87,1.6,6.5395,-74.456333,260.0,255.62,159.55
PTB.2023.042.03.07.55,PTB,2023.042.03.07.55,unlabelled,,,,,0,0,0.0,0.0,,,4.658999919891357,-73.23400115966797,37.07,2.2,6.5395,-74.456333,260.0,248.16,146.87
PTB.2023.042.18.28.11,PTB,2023.042.18.28.11,unlabelled,,,,,0,0,0.0,0.0,,,4.140999794006348,-76.01200103759766,15.98,1.5,6.5395,-74.456333,260.0,316.35,213.1
PTB.2023.042.22.32.26,PTB,2023.042.22.32.26,unlabelled,,,,,0,0,0.0,0.0,,,6.449999809265137,-76.64099884033203,6.18,1.6,6.5395,-74.456333,260.0,241.85,267.78
PTB.2023.042.23.25.04,PTB,2023.042.23.25.04,unlabelled,,,,,0,0,0.0,0.0,,,6.869999885559082,-76.10399627685547,-0.05,1.6,6.5395,-74.456333,260.0,185.8,281.44
PTB.2023.043.00.32.04,PTB,2023.043.00.32.04,unlabelled,,,,,0,0,0.0,0.0,,,6.820000171661377,-76.66500091552734,27.23,1.6,6.5395,-74.456333,260.0,246.17,277.37
PTB.2023.043.03.06.27,PTB,2023.043.03.06.27,unlabelled,,,,,0,0,0.0,0.0,,,5.1579999923706055,-73.24299621582031,12.58,1.6,6.5395,-74.456333,260.0,203.46,138.6
PTB.2023.043.05.28.39,PTB,2023.043.05.28.39,unlabelled,,,,,0,0,0.0,0.0,,,7.163000106811523,-77.32599639892578,26.55,1.9,6.5395,-74.456333,260.0,324.59,282.43
PTB.2023.043.06.26.12,PTB,2023.043.06.26.12,unlabelled,,,,,0,0,0.0,0.0,,,6.809999942779541,-76.66500091552734,29.34,1.4,6.5395,-74.456333,260.0,246.04,277.11
PTB.2023.043.09.34.03,PTB,2023.043.09.34.03,unlabelled,,,,,0,0,0.0,0.0,,,6.901000022888184,-76.1729965209961,28.87,1.5,6.5395,-74.456333,260.0,193.96,281.99
PTB.2023.043.10.46.21,PTB,2023.043.10.46.21,unlabelled,,,,,0,0,0.0,0.0,,,6.901000022888184,-76.74500274658203,34.26,1.6,6.5395,-74.456333,260.0,256.17,279.11
PTB.2023.043.16.58.43,PTB,2023.043.16.58.43,unlabelled,,,,,0,0,0.0,0.0,,,5.64300012588501,-72.6510009765625,8.95,1.8,6.5395,-74.456333,260.0,223.08,116.29
PTB.2023.044.12.53.47,PTB,2023.044.12.53.47,unlabelled,,,,,0,0,0.0,0.0,,,7.013000011444092,-76.64600372314453,21.37,2.3,6.5395,-74.456333,260.0,247.66,282.33
PTB.2023.044.12.55.29,PTB,2023.044.12.55.29,unlabelled,,,,,0,0,0.0,0.0,,,7.020999908447266,-76.61100006103516,14.1,1.9,6.5395,-74.456333,260.0,244.07,282.73
PTB.2023.044.14.19.37,PTB,2023.044.14.19.37,unlabelled,,,,,0,0,0.0,0.0,,,5.875999927520752,-72.59700012207031,15.98,1.7,6.5395,-74.456333,260.0,218.46,109.52
PTB.2023.045.03.08.54,PTB,2023.045.03.08.54,unlabelled,,,,,0,0,0.0,0.0,,,4.673999786376953,-74.83200073242188,25.12,1.9,6.5395,-74.456333,260.0,210.45,191.43
PTB.2023.045.10.11.33,PTB,2023.045.10.11.33,unlabelled,,,,,0,0,0.0,0.0,,,6.966000080108643,-76.28500366210938,6.37,1.6,6.5395,-74.456333,260.0,207.59,283.24
PTB.2023.045.10.34.22,PTB,2023.045.10.34.22,unlabelled,,,,,0,0,0.0,0.0,,,3.5920000076293945,-74.43699645996094,25.41,1.8,6.5395,-74.456333,260.0,325.95,179.62
PTB.2023.046.01.17.09,PTB,2023.046.01.17.09,unlabelled,,,,,0,0,0.0,0.0,,,6.854000091552734,-76.65699768066406,17.62,1.8,6.5395,-74.456333,260.0,245.79,278.26
PTB.2023.046.23.15.02,PTB,2023.046.23.15.02,unlabelled,,,,,0,0,0.0,0.0,,,6.961999893188477,-76.68800354003906,10.12,1.8,6.5395,-74.456333,260.0,251.1,280.85
PTB.2023.047.07.14.58,PTB,2023.047.07.14.58,unlabelled,,,,,0,0,0.0,0.0,,,7.309999942779541,-76.04900360107422,0.7,1.5,6.5395,-74.456333,260.0,195.55,295.93
PTB.2023.047.18.12.27,PTB,2023.047.18.12.27,unlabelled,,,,,0,0,0.0,0.0,-9.82,,6.545000076293945,-76.36399841308594,29.57,2.0,6.5395,-74.456333,260.0,210.99,270.27
PTB.2023.047.21.27.26,PTB,2023.047.21.27.26,unlabelled,,,,,0,0,0.0,0.0,,,6.697000026702881,-76.77899932861328,31.69,1.6,6.5395,-74.456333,260.0,257.44,274.01
PTB.2023.047.23.20.31,PTB,2023.047.23.20.31,unlabelled,,,,,0,0,0.0,0.0,,,6.736000061035156,-76.73300170898438,33.36,1.5,6.5395,-74.456333,260.0,252.69,275.06
PTB.2023.048.05.31.22,PTB,2023.048.05.31.22,unlabelled,,,,,0,0,0.0,0.0,,,6.875,-76.3270034790039,15.74,1.7,6.5395,-74.456333,260.0,210.13,280.28
PTB.2023.048.11.38.34,PTB,2023.048.11.38.34,unlabelled,,,,,0,0,0.0,0.0,,,6.8520002365112305,-76.31700134277344,15.04,1.5,6.5395,-74.456333,260.0,208.61,279.64
PTB.2023.048.14.10.01,PTB,2023.048.14.10.01,unlabelled,,,,,0,0,0.0,0.0,,,6.959000110626221,-76.18099975585938,11.41,1.5,6.5395,-74.456333,260.0,196.23,283.78
PTB.2023.048.19.56.50,PTB,2023.048.19.56.50,unlabelled,,,,,0,0,0.0,0.0,,,7.105999946594238,-76.0270004272461,36.37,1.8,6.5395,-74.456333,260.0,184.57,289.93
PTB.2023.048.21.13.56,PTB,2023.048.21.13.56,unlabelled,,,,,0,0,0.0,0.0,,,7.126999855041504,-76.0270004272461,34.49,1.7,6.5395,-74.456333,260.0,185.37,290.61
PTB.2023.049.11.51.19,PTB,2023.049.11.51.19,unlabelled,,,,,0,0,0.0,0.0,,,7.439000129699707,-73.36900329589844,33.97,1.5,6.5395,-74.456333,260.0,155.98,50.31
PTB.2023.049.15.20.48,PTB,2023.049.15.20.48,unlabelled,,,,,0,0,0.0,0.0,,,3.744999885559082,-74.14099884033203,16.15,1.9,6.5395,-74.456333,260.0,311.0,173.53
PTB.2023.049.23.25.00,PTB,2023.049.23.25.00,unlabelled,,,,,0,0,0.0,0.0,,,5.00600004196167,-73.2249984741211,19.96,3.9,6.5395,-74.456333,260.0,217.62,141.13
PTB.2023.050.00.09.05,PTB,2023.050.00.09.05,unlabelled,,,,,0,0,0.0,0.0,,,7.054999828338623,-76.66300201416016,26.05,1.5,6.5395,-74.456333,260.0,250.5,283.28
PTB.2023.050.05.33.15,PTB,2023.050.05.33.15,unlabelled,,,,,0,0,0.0,0.0,,,5.519000053405762,-73.5009994506836,12.93,1.7,6.5395,-74.456333,260.0,154.67,136.81
PTB.2023.050.06.56.13,PTB,2023.050.06.56.13,unlabelled,,,,,0,0,0.0,0.0,,,6.551000118255615,-71.96900177001953,10.12,1.7,6.5395,-74.456333,260.0,275.1,89.59
PTB.2023.050.15.31.36,PTB,2023.050.15.31.36,unlabelled,,,,,0,0,0.0,0.0,,,6.526000022888184,-77.08100128173828,30.98,2.4,6.5395,-74.456333,260.0,290.3,269.85
PTB.2023.050.20.16.25,PTB,2023.050.20.16.25,unlabelled,,,,,0,0,0.0,0.0,,,7.1020002365112305,-74.24099731445312,30.0,1.9,6.5395,-74.456333,260.0,66.61,20.93
PTB.2023.050.22.52.51,PTB,2023.050.22.52.51,unlabelled,,,,,0,0,0.0,0.0,,,7.061999797821045,-76.84100341796875,31.21,1.8,6.5395,-74.456333,260.0,269.86,282.5
PTB.2023.051.00.25.09,PTB,2023.051.00.25.09,unlabelled,,,,,0,0,0.0,0.0,,,6.577000141143799,-73.32599639892578,25.12,1.6,6.5395,-74.456333,260.0,125.08,88.04
PTB.2023.051.03.37.44,PTB,2023.051.03.37.44,unlabelled,,,,,0,0,0.0,0.0,,,7.265999794006348,-77.14199829101562,31.16,1.9,6.5395,-74.456333,260.0,307.49,285.3
PTB.2023.051.05.56.04,PTB,2023.051.05.56.04,unlabelled,,,,,0,0,0.0,0.0,,,4.243000030517578,-75.69499969482422,15.86,1.5,6.5395,-74.456333,260.0,288.68,208.46
PTB.2023.051.08.03.41,PTB,2023.051.08.03.41,unlabelled,,,,,0,0,0.0,0.0,,,6.876999855041504,-76.69200134277344,17.62,1.6,6.5395,-74.456333,260.0,249.98,278.72
PTB.2023.051.15.35.22,PTB,2023.051.15.35.22,unlabelled,,,,,0,0,0.0,0.0,,,6.611000061035156,-76.40899658203125,19.49,1.6,6.5395,-74.456333,260.0,216.09,272.21
PTB.2023.052.01.33.57,PTB,2023.052.01.33.57,unlabelled,,,,,0,0,0.0,0.0,,,5.60099983215332,-76.53900146484375,22.07,1.6,6.5395,-74.456333,260.0,252.83,245.88
PTB.2023.052.04.32.03,PTB,2023.052.04.32.03,unlabelled,,,,,0,0,0.0,0.0,,,6.703999996185303,-76.8290023803711,35.66,1.5,6.5395,-74.456333,260.0,263.0,274.1
PTB.2023.052.05.34.12,PTB,2023.052.05.34.12,unlabelled,,,,,0,0,0.0,0.0,,,7.328999996185303,-77.00499725341797,35.08,1.8,6.5395,-74.456333,260.0,294.87,287.37
PTB.2023.052.05.58.14,PTB,2023.052.05.58.14,unlabelled,,,,,0,0,0.0,0.0,,,6.974999904632568,-76.23400115966797,17.38,1.6,6.5395,-74.456333,260.0,202.34,283.87
PTB.2023.052.08.46.07,PTB,2023.052.08.46.07,unlabelled,,,,,0,0,0.0,0.0,,,5.63100004196167,-72.77899932861328,11.05,1.6,6.5395,-74.456333,260.0,211.11,118.33
PTB.2023.052.12.10.29,PTB,2023.052.12.10.29,unlabelled,,,,,0,0,0.0,0.0,,,6.0329999923706055,-72.41100311279297,0.0,1.5,6.5395,-74.456333,260.0,233.15,103.79
PTB.2023.053.02.57.52,PTB,2023.053.02.57.52,unlabelled,,,,,0,0,0.0,0.0,,,7.64900016784668,-74.02200317382812,22.12,1.5,6.5395,-74.456333,260.0,131.75,21.33
PTB.2023.053.10.21.48,PTB,2023.053.10.21.48,unlabelled,,,,,0,0,0.0,0.0,,,6.883999824523926,-76.26899719238281,14.86,1.8,6.5395,-74.456333,260.0,204.0,280.87
PTB.2023.053.12.33.47,PTB,2023.053.12.33.47,unlabelled,,,,,0,0,0.0,0.0,,,6.660999774932861,-72.23500061035156,33.09,2.2,6.5395,-74.456333,260.0,246.02,86.74
PTB.2023.053.21.03.15,PTB,2023.053.21.03.15,unlabelled,,,,,0,0,0.0,0.0,,,6.52400016784668,-76.75299835205078,29.8,2.0,6.5395,-74.456333,260.0,254.02,269.74
PTB.2023.054.00.34.21,PTB,2023.054.00.34.21,unlabelled,,,,,0,0,0.0,0.0,,,5.715000152587891,-72.61000061035156,10.12,1.5,6.5395,-74.456333,260.0,223.78,113.94
PTB.2023.054.00.43.08,PTB,2023.054.00.43.08,unlabelled,,,,,0,0,0.0,0.0,,,5.211999893188477,-73.09300231933594,10.82,1.5,6.5395,-74.456333,260.0,210.58,134.13
PTB.2023.054.01.02.58,PTB,2023.054.01.02.58,unlabelled,,,,,0,0,0.0,0.0,,,5.241000175476074,-74.55699920654297,5.0,1.5,6.5395,-74.456333,260.0,144.03,184.44
PTB.2023.054.02.52.34,PTB,2023.054.02.52.34,unlabelled,,,,,0,0,0.0,0.0,,,6.209000110626221,-72.44999694824219,19.19,1.6,6.5395,-74.456333,260.0,224.96,99.24
PTB.2023.054.03.00.51,PTB,2023.054.03.00.51,unlabelled,,,,,0,0,0.0,0.0,,,5.098999977111816,-72.81999969482422,19.49,1.9,6.5395,-74.456333,260.0,241.28,131.23
PTB.2023.054.10.55.24,PTB,2023.054.10.55.24,unlabelled,,,,,0,0,0.0,0.0,,,6.9730000495910645,-76.75,29.8,2.9,6.5395,-74.456333,260.0,258.06,280.84
PTB.2023.054.11.19.06,PTB,2023.054.11.19.06,unlabelled,,,,,0,0,0.0,0.0,,,6.980999946594238,-76.6989974975586,21.37,1.7,6.5395,-74.456333,260.0,252.69,281.27
PTB.2023.055.04.51.34,PTB,2023.055.04.51.34,unlabelled,,,,,0,0,0.0,0.0,,,6.85099983215332,-76.2979965209961,18.67,1.5,6.5395,-74.456333,260.0,206.52,279.71
PTB.2023.055.09.40.09,PTB,2023.055.09.40.09,unlabelled,,,,,0,0,0.0,0.0,,,3.6070001125335693,-74.39900207519531,28.63,1.3,6.5395,-74.456333,260.0,324.35,178.87
PTB.2023.055.10.18.55,PTB,2023.055.10.18.55,unlabelled,,,,,0,0,0.0,0.0,,,6.8420000076293945,-76.69200134277344,28.05,1.5,6.5395,-74.456333,260.0,249.44,277.84
PTB.2023.055.12.11.05,PTB,2023.055.12.11.05,unlabelled,,,,,0,0,0.0,0.0,,,6.822000026702881,-77.00599670410156,34.26,2.1,6.5395,-74.456333,260.0,283.64,276.47
PTB.2023.055.23.48.33,PTB,2023.055.23.48.33,unlabelled,,,,,0,0,0.0,0.0,,,7.230999946594238,-77.02300262451172,21.49,1.7,6.5395,-74.456333,260.0,293.8,285.24
PTB.2023.056.01.17.36,PTB,2023.056.01.17.36,unlabelled,,,,,0,0,0.0,0.0,,,6.9679999351501465,-76.24199676513672,15.04,1.2,6.5395,-74.456333,260.0,203.02,283.6
PTB.2023.056.05.48.55,PTB,2023.056.05.48.55,unlabelled,,,,,0,0,0.0,0.0,,,6.99399995803833,-77.10800170898438,11.19,1.7,6.5395,-74.456333,260.0,297.42,279.88
PTB.2023.056.09.43.27,PTB,2023.056.09.43.27,unlabelled,,,,,0,0,0.0,0.0,,,7.065999984741211,-72.10099792480469,15.98,2.0,6.5395,-74.456333,260.0,266.79,77.26
PTB.2023.056.13.51.38,PTB,2023.056.13.51.38,unlabelled,,,,,0,0,0.0,0.0,,,4.679999828338623,-73.44499969482422,8.01,1.5,6.5395,-74.456333,260.0,234.17,151.36
PTB.2023.057.00.29.38,PTB,2023.057.00.29.38,unlabelled,,,,,0,0,0.0,0.0,,,4.613999843597412,-75.06300354003906,19.67,2.3,6.5395,-74.456333,260.0,223.29,197.55
PTB.2023.057.02.28.02,PTB,2023.057.02.28.02,unlabelled,,,,,0,0,0.0,0.0,,,6.275000095367432,-72.34500122070312,18.2,2.0,6.5395,-74.456333,260.0,235.4,97.02
PTB.2023.057.06.02.07,PTB,2023.057.06.02.07,unlabelled,,,,,0,0,0.0,0.0,,,7.218999862670898,-77.0250015258789,39.77,2.1,6.5395,-74.456333,260.0,293.67,284.98
PTB.2023.057.06.09.11,PTB,2023.057.06.09.11,unlabelled,,,,,0,0,0.0,0.0,,,6.9029998779296875,-72.18099975585938,13.63,1.8,6.5395,-74.456333,260.0,254.75,80.79
PTB.2023.057.11.48.48,PTB,2023.057.11.48.48,unlabelled,,,,,0,0,0.0,0.0,,,3.5889999866485596,-74.44599914550781,24.36,1.7,6.5395,-74.456333,260.0,326.28,179.8
PTB.2023.057.20.23.28,PTB,2023.057.20.23.28,unlabelled,,,,,0,0,0.0,0.0,,,6.859000205993652,-76.7229995727539,16.33,1.6,6.5395,-74.456333,260.0,253.09,278.16
PTB.2023.058.03.07.30,PTB,2023.058.03.07.30,unlabelled,,,,,0,0,0.0,0.0,,,5.181000232696533,-73.04499816894531,0.0,2.2,6.5395,-74.456333,260.0,216.79,133.79
PTB.2023.058.03.54.38,PTB,2023.058.03.54.38,unlabelled,,,,,0,0,0.0,0.0,,,6.466000080108643,-76.81800079345703,32.27,1.6,6.5395,-74.456333,260.0,261.35,268.35
PTB.2023.058.15.53.01,PTB,2023.058.15.53.01,unlabelled,,,,,0,0,0.0,0.0,,,4.697000026702881,-73.4729995727539,13.4,1.9,6.5395,-74.456333,260.0,231.05,151.82
PTB.2023.058.17.40.42,PTB,2023.058.17.40.42,unlabelled,,,,,0,0,0.0,0.0,,,6.736999988555908,-76.68299865722656,36.95,2.2,6.5395,-74.456333,260.0,247.19,275.2
PTB.2023.058.18.41.19,PTB,2023.058.18.41.19,unlabelled,,,,,0,0,0.0,0.0,,,4.688000202178955,-73.48699951171875,15.86,2.1,6.5395,-74.456333,260.0,231.2,152.27
PTB.2023.058.19.25.20,PTB,2023.058.19.25.20,unlabelled,,,,,0,0,0.0,0.0,,,4.697000026702881,-73.40399932861328,16.45,2.3,6.5395,-74.456333,260.0,234.75,150.17
PTB.2023.058.19.27.43,PTB,2023.058.19.27.43,unlabelled,,,,,0,0,0.0,0.0,,,4.672999858856201,-73.47899627685547,16.27,2.3,6.5395,-74.456333,260.0,233.08,152.27
PTB.2023.058.19.35.33,PTB,2023.058.19.35.33,unlabelled,,,,,0,0,0.0,0.0,,,4.683000087738037,-73.47000122070312,16.04,2.6,6.5395,-74.456333,260.0,232.57,151.93
PTB.2023.058.19.38.53,PTB,2023.058.19.38.53,unlabelled,,,,,0,0,0.0,0.0,,,4.705999851226807,-73.4729995727539,12.93,1.6,6.5395,-74.456333,260.0,230.17,151.7
PTB.2023.058.21.17.39,PTB,2023.058.21.17.39,unlabelled,,,,,0,0,0.0,0.0,,,6.934999942779541,-76.35099792480469,15.04,1.7,6.5395,-74.456333,260.0,213.98,281.9
PTB.2023.058.21.33.00,PTB,2023.058.21.33.00,unlabelled,,,,,0,0,0.0,0.0,,,4.701000213623047,-73.48300170898438,15.98,1.7,6.5395,-74.456333,260.0,230.14,152.01
PTB.2023.059.22.52.10,PTB,2023.059.22.52.10,unlabelled,,,,,0,0,0.0,0.0,,,4.276000022888184,-75.43299865722656,19.08,1.6,6.5395,-74.456333,260.0,272.71,203.43
PTB.2023.061.00.48.13,PTB,2023.061.00.48.13,unlabelled,,,,,0,0,0.0,0.0,,,3.5869998931884766,-74.40799713134766,25.76,1.9,6.5395,-74.456333,260.0,326.54,179.06
PTB.2023.061.02.56.56,PTB,2023.061.02.56.56,unlabelled,,,,,0,0,0.0,0.0,,,5.984000205993652,-72.4729995727539,15.98,1.5,6.5395,-74.456333,260.0,227.91,105.53
PTB.2023.061.09.26.35,PTB,2023.061.09.26.35,unlabelled,,,,,0,0,0.0,0.0,,,6.953999996185303,-76.35600280761719,19.02,1.7,6.5395,-74.456333,260.0,214.96,282.42
PTB.2023.061.09.56.47,PTB,2023.061.09.56.47,unlabelled,,,,,0,0,0.0,0.0,,,4.7170000076293945,-76.8280029296875,36.95,1.6,6.5395,-74.456333,260.0,331.13,232.63
PTB.2023.061.20.56.16,PTB,2023.061.20.56.16,unlabelled,,,,,0,0,0.0,0.0,,,6.919000148773193,-76.3550033569336,22.42,1.9,6.5395,-74.456333,260.0,214.07,281.42
PTB.2023.061.21.32.12,PTB,2023.061.21.32.12,unlabelled,,,,,0,0,0.0,0.0,,,4.461999893188477,-73.48699951171875,30.98,1.5,6.5395,-74.456333,260.0,253.61,154.89
PTB.2023.061.21.53.11,PTB,2023.061.21.53.11,unlabelled,,,,,0,0,0.0,0.0,,,6.550000190734863,-72.2249984741211,13.05,2.3,6.5395,-74.456333,260.0,246.79,89.6
PTB.2023.062.02.09.30,PTB,2023.062.02.09.30,unlabelled,,,,,0,0,0.0,0.0,,,5.685999870300293,-72.93099975585938,16.91,2.1,6.5395,-74.456333,260.0,193.43,119.12
PTB.2023.062.15.07.42,PTB,2023.062.15.07.42,unlabelled,,,,,0,0,0.0,0.0,,,6.966000080108643,-76.7760009765625,37.22,1.6,6.5395,-74.456333,260.0,260.75,280.56
PTB.2023.063.04.04.02,PTB,2023.063.04.04.02,unlabelled,,,,,0,0,0.0,0.0,,,7.145999908447266,-77.07099914550781,38.48,2.7,6.5395,-74.456333,260.0,296.68,283.22
PTB.2023.063.14.33.26,PTB,2023.063.14.33.26,unlabelled,,,,,0,0,0.0,0.0,,,6.577000141143799,-76.76599884033203,33.79,1.7,6.5395,-74.456333,260.0,255.47,271.06
PTB.2023.064.07.47.21,PTB,2023.064.07.47.21,unlabelled,,,,,0,0,0.0,0.0,,,6.52400016784668,-76.76200103759766,23.95,1.7,6.5395,-74.456333,260.0,255.02,269.75
PTB.2023.064.09.31.25,PTB,2023.064.09.31.25,unlabelled,,,,,0,0,0.0,0.0,,,6.630000114440918,-72.56199645996094,15.98,1.9,6.5395,-74.456333,260.0,209.73,87.16
PTB.2023.064.15.17.19,PTB,2023.064.15.17.19,unlabelled,,,,,0,0,0.0,0.0,,,6.867000102996826,-72.90299987792969,10.59,1.6,6.5395,-74.456333,260.0,175.52,78.0
PTB.2023.064.17.25.17,PTB,2023.064.17.25.17,unlabelled,,,,,0,0,0.0,0.0,,,6.841000080108643,-76.64399719238281,15.98,1.7,6.5395,-74.456333,260.0,244.17,277.98
PTB.2023.065.02.49.23,PTB,2023.065.02.49.23,unlabelled,,,,,0,0,0.0,0.0,,,7.014999866485596,-76.29199981689453,22.07,1.4,6.5395,-74.456333,260.0,209.63,284.63
PTB.2023.065.22.01.21,PTB,2023.065.22.01.21,unlabelled,,,,,0,0,0.0,0.0,,,7.51200008392334,-76.92400360107422,26.52,3.1,6.5395,-74.456333,260.0,293.09,291.67
PTB.2023.065.22.28.07,PTB,2023.065.22.28.07,unlabelled,,,,,0,0,0.0,0.0,,,5.709000110626221,-72.62100219726562,11.29,2.3,6.5395,-74.456333,260.0,222.94,114.23
PTB.2023.066.01.58.32,PTB,2023.066.01.58.32,unlabelled,,,,,0,0,0.0,0.0,,,5.13100004196167,-73.10800170898438,12.93,1.6,6.5395,-74.456333,260.0,215.77,136.14
PTB.2023.066.05.19.58,PTB,2023.066.05.19.58,unlabelled,,,,,0,0,0.0,0.0,,,7.519999980926514,-76.98100280761719,18.2,1.7,6.5395,-74.456333,260.0,299.28,291.39
PTB.2023.066.06.11.33,PTB,2023.066.06.11.33,unlabelled,,,,,0,0,0.0,0.0,,,7.546000003814697,-76.91799926757812,38.48,1.6,6.5395,-74.456333,260.0,293.87,292.4
PTB.2023.066.07.25.13,PTB,2023.066.07.25.13,unlabelled,,,,,0,0,0.0,0.0,,,4.954999923706055,-73.36000061035156,5.43,1.6,6.5395,-74.456333,260.0,213.19,145.22
PTB.2023.066.11.18.03,PTB,2023.066.11.18.03,unlabelled,,,,,0,0,0.0,0.0,,,7.526000022888184,-72.625,12.34,1.8,6.5395,-74.456333,260.0,229.87,61.56
PTB.2023.066.11.41.43,PTB,2023.066.11.41.43,unlabelled,,,,,0,0,0.0,0.0,,,7.019000053405762,-77.06800079345703,34.73,3.0,6.5395,-74.456333,260.0,293.54,280.56
PTB.2023.066.17.52.15,PTB,2023.066.17.52.15,unlabelled,,,,,0,0,0.0,0.0,,,5.813000202178955,-74.15899658203125,0.0,1.6,6.5395,-74.456333,260.0,86.82,157.71
PTB.2023.066.21.01.31,PTB,2023.066.21.01.31,unlabelled,,,,,0,0,0.0,0.0,,,6.4120001792907715,-77.18199920654297,8.48,2.0,6.5395,-74.456333,260.0,301.83,267.48
PTB.2023.066.23.37.13,PTB,2023.066.23.37.13,unlabelled,,,,,0,0,0.0,0.0,,,7.263000011444092,-76.26599884033203,24.88,1.7,6.5395,-74.456333,260.0,215.41,291.91
PTB.2023.067.04.04.10,PTB,2023.067.04.04.10,unlabelled,,,,,0,0,0.0,0.0,,,4.173999786376953,-75.23300170898438,28.11,1.8,6.5395,-74.456333,260.0,275.38,198.25
PTB.2023.067.06.16.03,PTB,2023.067.06.16.03,unlabelled,,,,,0,0,0.0,0.0,,,5.747000217437744,-74.3949966430664,26.05,1.5,6.5395,-74.456333,260.0,87.9,175.57
PTB.2023.067.13.12.11,PTB,2023.067.13.12.11,unlabelled,,,,,0,0,0.0,0.0,,,6.660999774932861,-72.11900329589844,15.51,3.1,6.5395,-74.456333,260.0,258.83,86.89
PTB.2023.067.19.02.05,PTB,2023.067.19.02.05,unlabelled,,,,,0,0,0.0,0.0,,,3.803999900817871,-74.51000213623047,28.4,1.5,6.5395,-74.456333,260.0,302.56,181.13
PTB.2023.067.22.30.05,PTB,2023.067.22.30.05,unlabelled,,,,,0,0,0.0,0.0,,,6.4079999923706055,-76.75900268554688,8.86,1.8,6.5395,-74.456333,260.0,255.12,266.86
PTB.2023.068.12.51.42,PTB,2023.068.12.51.42,unlabelled,,,,,0,0,0.0,0.0,,,6.920000076293945,-76.63400268554688,15.98,1.5,6.5395,-74.456333,260.0,244.41,280.04
PTB.2023.068.13.37.03,PTB,2023.068.13.37.03,unlabelled,,,,,0,0,0.0,0.0,,,7.10099983215332,-72.22000122070312,16.33,1.9,6.5395,-74.456333,260.0,254.88,75.77
PTB.2023.068.15.36.40,PTB,2023.068.15.36.40,unlabelled,,,,,0,0,0.0,0.0,,,6.821000099182129,-76.11799621582031,4.61,1.5,6.5395,-74.456333,260.0,186.35,279.71
PTB.2023.069.08.39.49,PTB,2023.069.08.39.49,unlabelled,,,,,0,0,0.0,0.0,,,5.760000228881836,-72.61399841308594,31.17,1.5,6.5395,-74.456333,260.0,221.39,112.81
PTB.2023.069.14.35.46,PTB,2023.069.14.35.46,unlabelled,,,,,0,0,0.0,0.0,,,6.892000198364258,-76.64900207519531,24.41,1.7,6.5395,-74.456333,260.0,245.54,279.26
PTB.2023.069.19.03.19,PTB,2023.069.19.03.19,unlabelled,,,,,0,0,0.0,0.0,,,4.2820000648498535,-75.10399627685547,19.02,1.5,6.5395,-74.456333,260.0,259.76,196.07
PTB.2023.069.19.51.23,PTB,2023.069.19.51.23,unlabelled,,,,,0,0,0.0,0.0,,,4.0370001792907715,-74.20800018310547,24.24,1.9,6.5395,-74.456333,260.0,278.1,174.31
PTB.2023.069.23.26.25,PTB,2023.069.23.26.25,unlabelled,,,,,0,0,0.0,0.0,,,7.310999870300293,-76.54100036621094,32.15,1.5,6.5395,-74.456333,260.0,245.67,290.45
PTB.2023.070.04.10.17,PTB,2023.070.04.10.17,unlabelled,,,,,0,0,0.0,0.0,,,7.197000026702881,-76.87000274658203,38.48,1.7,6.5395,-74.456333,260.0,276.5,285.39
PTB.2023.070.04.48.16,PTB,2023.070.04.48.16,unlabelled,,,,,0,0,0.0,0.0,,,7.310999870300293,-76.13099670410156,23.48,1.9,6.5395,-74.456333,260.0,203.79,294.85
PTB.2023.070.08.22.24,PTB,2023.070.08.22.24,unlabelled,,,,,0,0,0.0,0.0,,,6.876999855041504,-76.60399627685547,20.9,1.6,6.5395,-74.456333,260.0,240.37,279.06
PTB.2023.070.15.37.29,PTB,2023.070.15.37.29,unlabelled,,,,,0,0,0.0,0.0,,,6.340000152587891,-76.7030029296875,29.34,2.2,6.5395,-74.456333,260.0,249.51,265.05
PTB.2023.071.10.25.28,PTB,2023.071.10.25.28,unlabelled,,,,,0,0,0.0,0.0,,,6.61899995803833,-73.3219985961914,27.46,2.2,6.5395,-74.456333,260.0,125.76,85.93
PTB.2023.072.02.10.49,PTB,2023.072.02.10.49,unlabelled,,,,,0,0,0.0,0.0,,,5.25,-72.98999786376953,19.02,2.1,6.5395,-74.456333,260.0,216.1,131.21
PTB.2023.072.20.08.41,PTB,2023.072.20.08.41,unlabelled,,,,,0,0,0.0,0.0,,,7.241000175476074,-72.1969985961914,15.98,1.9,6.5395,-74.456333,260.0,261.48,72.61
PTB.2023.072.21.17.35,PTB,2023.072.21.17.35,unlabelled,,,,,0,0,0.0,0.0,,,7.208000183105469,-76.13700103759766,18.32,2.1,6.5395,-74.456333,260.0,199.93,291.8
PTB.2023.073.02.44.15,PTB,2023.073.02.44.15,unlabelled,,,,,0,0,0.0,0.0,,,4.394000053405762,-75.4540023803711,15.92,1.6,6.5395,-74.456333,260.0,261.75,205.03
PTB.2023.073.03.18.30,PTB,2023.073.03.18.30,unlabelled,,,,,0,0,0.0,0.0,,,6.61299991607666,-76.64199829101562,21.84,1.5,6.5395,-74.456333,260.0,241.85,272.05
PTB.2023.073.10.24.02,PTB,2023.073.10.24.02,unlabelled,,,,,0,0,0.0,0.0,,,5.741000175476074,-74.24500274658203,13.16,2.1,6.5395,-74.456333,260.0,91.35,165.15
PTB.2023.074.03.16.07,PTB,2023.074.03.16.07,unlabelled,,,,,0,0,0.0,0.0,,,7.001999855041504,-77.0979995727539,39.88,2.1,6.5395,-74.456333,260.0,296.48,280.09
PTB.2023.074.05.59.39,PTB,2023.074.05.59.39,unlabelled,,,,,0,0,0.0,0.0,,,4.508999824523926,-76.18399810791016,19.02,1.6,6.5395,-74.456333,260.0,295.06,220.54
PTB.2023.074.14.28.55,PTB,2023.074.14.28.55,unlabelled,,,,,0,0,0.0,0.0,,,7.324999809265137,-75.96199798583984,29.76,1.7,6.5395,-74.456333,260.0,187.7,297.66
PTB.2023.074.14.29.42,PTB,2023.074.14.29.42,unlabelled,,,,,0,0,0.0,0.0,,,4.620999813079834,-75.07099914550781,23.48,1.5,6.5395,-74.456333,260.0,222.82,197.83
PTB.2023.074.16.37.43,PTB,2023.074.16.37.43,unlabelled,,,,,0,0,0.0,0.0,,,6.074999809265137,-72.36000061035156,16.91,2.7,6.5395,-74.456333,260.0,237.58,102.37
PTB.2023.074.18.32.39,PTB,2023.074.18.32.39,unlabelled,,,,,0,0,0.0,0.0,,,6.940000057220459,-76.37999725341797,13.05,1.6,6.5395,-74.456333,260.0,217.23,281.88
PTB.2023.074.18.42.03,PTB,2023.074.18.42.03,unlabelled,,,,,0,0,0.0,0.0,,,6.776000022888184,-76.63500213623047,21.13,1.9,6.5395,-74.456333,260.0,242.32,276.32
PTB.2023.074.18.56.42,PTB,2023.074.18.56.42,unlabelled,,,,,0,0,0.0,0.0,,,3.7219998836517334,-74.17900085449219,16.04,1.6,6.5395,-74.456333,260.0,313.08,174.35
PTB.2023.074.22.59.03,PTB,2023.074.22.59.03,unlabelled,,,,,0,0,0.0,0.0,,,5.9629998207092285,-72.43699645996094,22.07,2.4,6.5395,-74.456333,260.0,232.38,105.81
PTB.2023.075.02.01.52,PTB,2023.075.02.01.52,unlabelled,,,,,0,0,0.0,0.0,,,6.184000015258789,-72.36199951171875,0.0,2.1,6.5395,-74.456333,260.0,235.02,99.51
PTB.2023.075.02.51.57,PTB,2023.075.02.51.57,unlabelled,,,,,0,0,0.0,0.0,,,5.874000072479248,-72.49400329589844,15.27,1.7,6.5395,-74.456333,260.0,229.3,108.61
PTB.2023.075.08.49.23,PTB,2023.075.08.49.23,unlabelled,,,,,0,0,0.0,0.0,,,7.013999938964844,-76.322998046875,13.69,1.5,6.5395,-74.456333,260.0,212.92,284.38
PTB.2023.075.10.24.32,PTB,2023.075.10.24.32,unlabelled,,,,,0,0,0.0,0.0,,,6.11299991607666,-72.35299682617188,18.32,1.9,6.5395,-74.456333,260.0,237.46,101.34
PTB.2023.075.10.56.07,PTB,2023.075.10.56.07,unlabelled,,,,,0,0,0.0,0.0,,,4.063000202178955,-74.01499938964844,17.79,1.5,6.5395,-74.456333,260.0,278.2,169.85
PTB.2023.075.11.26.48,PTB,2023.075.11.26.48,unlabelled,,,,,0,0,0.0,0.0,,,3.9719998836517334,-75.96700286865234,13.05,1.5,6.5395,-74.456333,260.0,329.62,210.61
PTB.2023.075.13.51.47,PTB,2023.075.13.51.47,unlabelled,,,,,0,0,0.0,0.0,,,5.734000205993652,-74.26799774169922,11.76,1.6,6.5395,-74.456333,260.0,91.48,166.82
PTB.2023.076.18.16.23,PTB,2023.076.18.16.23,unlabelled,,,,,0,0,0.0,0.0,,,4.8520002365112305,-74.77899932861328,27.93,1.7,6.5395,-74.456333,260.0,190.0,190.86
PTB.2023.076.18.44.45,PTB,2023.076.18.44.45,unlabelled,,,,,0,0,0.0,0.0,,,4.855000019073486,-74.7760009765625,27.99,3.5,6.5395,-74.456333,260.0,189.62,190.78
PTB.2023.076.22.15.45,PTB,2023.076.22.15.45,unlabelled,,,,,0,0,0.0,0.0,,,5.75600004196167,-74.23500061035156,16.04,2.5,6.5395,-74.456333,260.0,90.04,164.2
PTB.2023.076.22.33.48,PTB,2023.076.22.33.48,unlabelled,,,,,0,0,0.0,0.0,,,5.724999904632568,-74.21800231933594,15.39,1.5,6.5395,-74.456333,260.0,93.86,163.66
PTB.2023.076.23.22.34,PTB,2023.076.23.22.34,unlabelled,,,,,0,0,0.0,0.0,,,5.741000175476074,-74.24299621582031,9.41,1.5,6.5395,-74.456333,260.0,91.41,165.02
PTB.2023.077.02.31.46,PTB,2023.077.02.31.46,unlabelled,,,,,0,0,0.0,0.0,,,6.581999778747559,-72.23100280761719,17.7,1.6,6.5395,-74.456333,260.0,246.16,88.78
PTB.2023.077.09.12.26,PTB,2023.077.09.12.26,unlabelled,,,,,0,0,0.0,0.0,,,6.961999893188477,-76.2699966430664,7.54,1.6,6.5395,-74.456333,260.0,205.88,283.22
PTB.2023.077.11.16.58,PTB,2023.077.11.16.58,unlabelled,,,,,0,0,0.0,0.0,,,6.769000053405762,-76.70099639892578,26.99,1.7,6.5395,-74.456333,260.0,249.5,275.97
PTB.2023.077.12.48.43,PTB,2023.077.12.48.43,unlabelled,,,,,0,0,0.0,0.0,,,5.488999843597412,-76.7030029296875,27.23,1.6,6.5395,-74.456333,260.0,274.52,245.09
PTB.2023.077.14.43.00,PTB,2023.077.14.43.00,unlabelled,,,,,0,0,0.0,0.0,,,5.968999862670898,-72.5739974975586,12.93,2.5,6.5395,-74.456333,260.0,217.65,106.75
PTB.2023.077.15.25.08,PTB,2023.077.15.25.08,unlabelled,,,,,0,0,0.0,0.0,,,5.965000152587891,-72.58399963378906,12.93,2.2,6.5395,-74.456333,260.0,216.72,106.94
PTB.2023.077.16.49.06,PTB,2023.077.16.49.06,unlabelled,,,,,0,0,0.0,0.0,,,5.546999931335449,-73.70899963378906,18.67,1.9,6.5395,-74.456333,260.0,137.45,142.95
PTB.2023.078.00.49.12,PTB,2023.078.00.49.12,unlabelled,,,,,0,0,0.0,0.0,,,7.328999996185303,-74.12899780273438,-0.02,2.3,6.5395,-74.456333,260.0,94.51,22.49
PTB.2023.078.02.25.29,PTB,2023.078.02.25.29,unlabelled,,,,,0,0,0.0,0.0,,,4.565999984741211,-76.16899871826172,20.2,1.7,6.5395,-74.456333,260.0,289.2,221.09
PTB.2023.078.10.06.29,PTB,2023.078.10.06.29,unlabelled,,,,,0,0,0.0,0.0,,,5.743000030517578,-74.23200225830078,12.93,1.6,6.5395,-74.456333,260.0,91.52,164.24
PTB.2023.078.10.41.55,PTB,2023.078.10.41.55,unlabelled,,,,,0,0,0.0,0.0,,,6.830999851226807,-76.73400115966797,34.73,2.2,6.5395,-74.456333,260.0,253.89,277.43
PTB.2023.078.15.18.27,PTB,2023.078.15.18.27,unlabelled,,,,,0,0,0.0,0.0,,,7.651000022888184,-74.10199737548828,9.46,2.1,6.5395,-74.456333,260.0,129.0,17.64
PTB.2023.078.23.45.25,PTB,2023.078.23.45.25,unlabelled,,,,,0,0,0.0,0.0,,,3.934000015258789,-75.57499694824219,15.92,1.5,6.5395,-74.456333,260.0,313.68,203.34
PTB.2023.079.02.38.13,PTB,2023.079.02.38.13,unlabelled,,,,,0,0,0.0,0.0,,,4.610000133514404,-76.12899780273438,34.73,1.5,6.5395,-74.456333,260.0,282.61,221.06
PTB.2023.079.14.03.06,PTB,2023.079.14.03.06,unlabelled,,,,,0,0,0.0,0.0,,,4.925000190734863,-73.02999877929688,10.23,1.7,6.5395,-74.456333,260.0,238.4,138.42
PTB.2023.079.18.18.56,PTB,2023.079.18.18.56,unlabelled,,,,,0,0,0.0,0.0,,,6.994999885559082,-76.22100067138672,18.96,1.7,6.5395,-74.456333,260.0,201.48,284.58
PTB.2023.079.18.31.01,PTB,2023.079.18.31.01,unlabelled,,,,,0,0,0.0,0.0,,,5.163000106811523,-74.13099670410156,13.16,1.5,6.5395,-74.456333,260.0,156.43,166.67
PTB.2023.079.21.39.14,PTB,2023.079.21.39.14,unlabelled,,,,,0,0,0.0,0.0,,,5.14900016784668,-74.14399719238281,18.2,1.6,6.5395,-74.456333,260.0,157.61,167.31
PTB.2023.079.23.16.03,PTB,2023.079.23.16.03,unlabelled,,,,,0,0,0.0,0.0,,,6.7779998779296875,-73.9209976196289,22.61,1.5,6.5395,-74.456333,260.0,64.8,65.95
PTB.2023.079.23.31.32,PTB,2023.079.23.31.32,unlabelled,,,,,0,0,0.0,0.0,,,7.063000202178955,-72.1729965209961,15.86,1.7,6.5395,-74.456333,260.0,258.96,76.95
PTB.2023.080.01.47.31,PTB,2023.080.01.47.31,unlabelled,,,,,0,0,0.0,0.0,,,4.831999778747559,-74.7959976196289,30.0,1.5,6.5395,-74.456333,260.0,192.54,191.29
PTB.2023.080.02.09.13,PTB,2023.080.02.09.13,unlabelled,,,,,0,0,0.0,0.0,,,6.9730000495910645,-72.89800262451172,18.79,1.7,6.5395,-74.456333,260.0,178.82,74.36
PTB.2023.080.10.00.18,PTB,2023.080.10.00.18,unlabelled,,,,,0,0,0.0,0.0,,,4.026000022888184,-74.08999633789062,18.73,1.5,6.5395,-74.456333,260.0,280.9,171.67
PTB.2023.080.15.32.44,PTB,2023.080.15.32.44,unlabelled,,,,,0,0,0.0,0.0,,,4.624000072479248,-74.72200012207031,22.01,1.6,6.5395,-74.456333,260.0,213.86,187.92
PTB.2023.080.23.29.54,PTB,2023.080.23.29.54,unlabelled,,,,,0,0,0.0,0.0,,,6.960000038146973,-76.37699890136719,16.91,2.0,6.5395,-74.456333,260.0,217.37,282.46
PTB.2023.080.23.34.31,PTB,2023.080.23.34.31,unlabelled,,,,,0,0,0.0,0.0,,,6.9770002365112305,-76.38200378417969,14.57,1.9,6.5395,-74.456333,260.0,218.31,282.92
PTB.2023.081.02.23.29,PTB,2023.081.02.23.29,unlabelled,,,,,0,0,0.0,0.0,,,6.943999767303467,-76.37999725341797,17.73,1.6,6.5395,-74.456333,260.0,217.32,281.99
PTB.2023.081.02.39.48,PTB,2023.081.02.39.48,unlabelled,,,,,0,0,0.0,0.0,,,4.690999984741211,-74.96399688720703,26.76,1.5,6.5395,-74.456333,260.0,212.01,195.41
PTB.2023.081.04.16.15,PTB,2023.081.04.16.15,unlabelled,,,,,0,0,0.0,0.0,,,6.909999847412109,-76.38899993896484,15.57,2.5,6.5395,-74.456333,260.0,217.57,280.97
PTB.2023.081.04.23.26,PTB,2023.081.04.23.26,unlabelled,,,,,0,0,0.0,0.0,,,6.942999839782715,-76.38099670410156,13.4,1.7,6.5395,-74.456333,260.0,217.41,281.96
PTB.2023.081.04.26.23,PTB,2023.081.04.26.23,unlabelled,,,,,0,0,0.0,0.0,,,7.085000038146973,-76.33200073242188,19.86,1.7,6.5395,-74.456333,260.0,215.93,286.33
PTB.2023.081.14.45.47,PTB,2023.081.14.45.47,unlabelled,,,,,0,0,0.0,0.0,,,5.4629998207092285,-76.68599700927734,29.34,2.3,6.5395,-74.456333,260.0,274.06,244.37
PTB.2023.081.15.26.38,PTB,2023.081.15.26.38,unlabelled,,,,,0,0,0.0,0.0,,,5.400000095367432,-76.45099639892578,29.1,1.5,6.5395,-74.456333,260.0,254.27,240.4
PTB.2023.081.20.16.37,PTB,2023.081.20.16.37,unlabelled,,,,,0,0,0.0,0.0,,,5.744999885559082,-72.73200225830078,22.07,2.8,6.5395,-74.456333,260.0,210.11,114.62
PTB.2023.082.02.25.47,PTB,2023.082.02.25.47,unlabelled,,,,,0,0,0.0,0.0,,,7.578999996185303,-73.5739974975586,15.1,1.6,6.5395,-74.456333,260.0,150.73,40.24
PTB.2023.082.07.11.25,PTB,2023.082.07.11.25,unlabelled,,,,,0,0,0.0,0.0,,,6.790999889373779,-76.62699890136719,22.54,1.8,6.5395,-74.456333,260.0,241.62,276.74
PTB.2023.082.11.40.08,PTB,2023.082.11.40.08,unlabelled,,,,,0,0,0.0,0.0,,,6.692999839782715,-76.72000122070312,15.98,1.7,6.5395,-74.456333,260.0,250.9,274.01
PTB.2023.082.17.00.55,PTB,2023.082.17.00.55,unlabelled,,,,,0,0,0.0,0.0,,,6.505000114440918,-76.74199676513672,15.98,1.5,6.5395,-74.456333,260.0,252.83,269.27
PTB.2023.082.22.39.10,PTB,2023.082.22.39.10,unlabelled,,,,,0,0,0.0,0.0,,,7.433000087738037,-71.93900299072266,27.34,1.5,6.5395,-74.456333,260.0,295.19,70.29
PTB.2023.082.23.44.03,PTB,2023.082.23.44.03,unlabelled,,,,,0,0,0.0,0.0,,,6.7230000495910645,-75.95600128173828,15.98,1.5,6.5395,-74.456333,260.0,167.07,277.06
PTB.2023.083.01.25.52,PTB,2023.083.01.25.52,unlabelled,,,,,0,0,0.0,0.0,,,6.934000015258789,-76.37300109863281,23.3,1.9,6.5395,-74.456333,260.0,216.34,281.75
PTB.2023.083.06.16.01,PTB,2023.083.06.16.01,unlabelled,,,,,0,0,0.0,0.0,,,7.171999931335449,-75.87100219726562,33.55,1.5,6.5395,-74.456333,260.0,171.29,294.18
PTB.2023.083.15.15.05,PTB,2023.083.15.15.05,unlabelled,,,,,0,0,0.0,0.0,,,7.053999900817871,-72.14299774169922,13.98,1.6,6.5395,-74.456333,260.0,261.97,77.32
PTB.2023.083.19.05.56,PTB,2023.083.19.05.56,unlabelled,,,,,0,0,0.0,0.0,,,6.955999851226807,-76.66000366210938,12.93,1.9,6.5395,-74.456333,260.0,247.94,280.83
PTB.2023.083.20.28.07,PTB,2023.083.20.28.07,unlabelled,,,,,0,0,0.0,0.0,,,7.6479997634887695,-75.552001953125,35.66,1.8,6.5395,-74.456333,260.0,172.28,315.43
PTB.2023.084.01.00.27,PTB,2023.084.01.00.27,unlabelled,,,,,0,0,0.0,0.0,,,5.6479997634887695,-74.55000305175781,15.98,2.4,6.5395,-74.456333,260.0,99.13,186.01
PTB.2023.084.06.55.50,PTB,2023.084.06.55.50,unlabelled,,,,,0,0,0.0,0.0,,,6.965000152587891,-76.23799896240234,12.75,1.8,6.5395,-74.456333,260.0,202.51,283.54
PTB.2023.084.06.56.14,PTB,2023.084.06.56.14,unlabelled,,,,,0,0,0.0,0.0,,,6.966000080108643,-76.2509994506836,13.63,2.8,6.5395,-74.456333,260.0,203.93,283.48
PTB.2023.084.06.57.30,PTB,2023.084.06.57.30,unlabelled,,,,,0,0,0.0,0.0,,,6.992000102996826,-76.27899932861328,1.79,1.3,6.5395,-74.456333,260.0,207.62,284.05
PTB.2023.084.12.16.49,PTB,2023.084.12.16.49,unlabelled,,,,,0,0,0.0,0.0,,,6.519000053405762,-72.44499969482422,4.25,1.5,6.5395,-74.456333,260.0,222.47,90.47
PTB.2023.084.12.26.52,PTB,2023.084.12.26.52,unlabelled,,,,,0,0,0.0,0.0,,,5.997000217437744,-72.4729995727539,15.98,1.7,6.5395,-74.456333,260.0,227.52,105.18
PTB.2023.084.12.27.45,PTB,2023.084.12.27.45,unlabelled,,,,,0,0,0.0,0.0,,,6.9629998207092285,-76.26399993896484,9.36,1.2,6.5395,-74.456333,260.0,205.26,283.29
PTB.2023.084.12.59.06,PTB,2023.084.12.59.06,unlabelled,,,,,0,0,0.0,0.0,,,4.033999919891357,-74.10900115966797,16.86,1.9,6.5395,-74.456333,260.0,279.73,172.07
PTB.2023.085.01.42.18,PTB,2023.085.01.42.18,unlabelled,,,,,0,0,0.0,0.0,,,5.544000148773193,-72.61299896240234,19.78,1.6,6.5395,-74.456333,260.0,231.87,118.25
PTB.2023.085.01.53.12,PTB,2023.085.01.53.12,unlabelled,,,,,0,0,0.0,0.0,,,6.9679999351501465,-76.24099731445312,13.69,2.3,6.5395,-74.456333,260.0,202.91,283.61
PTB.2023.085.03.41.57,PTB,2023.085.03.41.57,unlabelled,,,,,0,0,0.0,0.0,,,6.940000057220459,-75.73200225830078,21.66,2.3,6.5395,-74.456333,260.0,147.82,287.51
PTB.2023.085.04.07.16,PTB,2023.085.04.07.16,unlabelled,,,,,0,0,0.0,0.0,,,6.026000022888184,-75.81900024414062,27.93,1.5,6.5395,-74.456333,260.0,161.12,249.44
PTB.2023.085.05.28.11,PTB,2023.085.05.28.11,unlabelled,,,,,0,0,0.0,0.0,,,4.698999881744385,-74.84500122070312,29.8,1.8,6.5395,-74.456333,260.0,208.04,191.97
PTB.2023.085.20.07.58,PTB,2023.085.20.07.58,unlabelled,,,,,0,0,0.0,0.0,,,6.961999893188477,-76.26799774169922,10.41,1.8,6.5395,-74.456333,260.0,205.66,283.24
PTB.2023.086.00.28.13,PTB,2023.086.00.28.13,unlabelled,,,,,0,0,0.0,0.0,,,7.192999839782715,-76.22899627685547,15.04,1.8,6.5395,-74.456333,260.0,208.83,290.35
PTB.2023.086.22.20.20,PTB,2023.086.22.20.20,unlabelled,,,,,0,0,0.0,0.0,,,6.492000102996826,-76.7750015258789,5.51,1.6,6.5395,-74.456333,260.0,256.51,268.96
PTB.2023.087.01.57.24,PTB,2023.087.01.57.24,unlabelled,,,,,0,0,0.0,0.0,,,6.695000171661377,-76.8290023803711,30.27,1.6,6.5395,-74.456333,260.0,262.94,273.89
PTB.2023.087.01.58.15,PTB,2023.087.01.58.15,unlabelled,,,,,0,0,0.0,0.0,,,7.288000106811523,-76.93499755859375,29.1,1.7,6.5395,-74.456333,260.0,286.16,286.96
PTB.2023.087.05.23.25,PTB,2023.087.05.23.25,unlabelled,,,,,0,0,0.0,0.0,,,6.821000099182129,-76.41999816894531,21.12,1.6,6.5395,-74.456333,260.0,219.34,278.27
PTB.2023.087.05.34.15,PTB,2023.087.05.34.15,unlabelled,,,,,0,0,0.0,0.0,,,7.071000099182129,-77.2699966430664,9.77,1.9,6.5395,-74.456333,260.0,316.53,280.87
PTB.2023.088.01.56.47,PTB,2023.088.01.56.47,unlabelled,,,,,0,0,0.0,0.0,,,5.110000133514404,-73.12699890136719,15.74,1.7,6.5395,-74.456333,260.0,216.02,136.97
PTB.2023.088.02.48.01,PTB,2023.088.02.48.01,unlabelled,,,,,0,0,0.0,0.0,,,6.99399995803833,-76.39299774169922,19.96,2.3,6.5395,-74.456333,260.0,219.92,283.32
PTB.2023.088.04.17.42,PTB,2023.088.04.17.42,unlabelled,,,,,0,0,0.0,0.0,,,6.9679999351501465,-76.41000366210938,20.43,2.4,6.5395,-74.456333,260.0,221.12,282.49
PTB.2023.088.09.12.14,PTB,2023.088.09.12.14,unlabelled,,,,,0,0,0.0,0.0,,,6.710999965667725,-76.7770004272461,32.27,1.7,6.5395,-74.456333,260.0,257.32,274.36
PTB.2023.088.09.30.50,PTB,2023.088.09.30.50,unlabelled,,,,,0,0,0.0,0.0,,,6.885000228881836,-76.3030014038086,9.45,1.7,6.5395,-74.456333,260.0,207.71,280.71
PTB.2023.088.16.00.50,PTB,2023.088.16.00.50,unlabelled,,,,,0,0,0.0,0.0,,,5.1020002365112305,-72.7979965209961,30.0,1.6,6.5395,-74.456333,260.0,242.9,130.79
PTB.2023.088.22.32.41,PTB,2023.088.22.32.41,unlabelled,,,,,0,0,0.0,0.0,,,6.861000061035156,-76.11399841308594,0.0,1.5,6.5395,-74.456333,260.0,186.69,281.07
PTB.2023.089.10.25.47,PTB,2023.089.10.25.47,unlabelled,,,,,0,0,0.0,0.0,,,6.820000171661377,-76.41899871826172,19.76,1.8,6.5395,-74.456333,260.0,219.22,278.25
PTB.2023.089.10.33.21,PTB,2023.089.10.33.21,unlabelled,,,,,0,0,0.0,0.0,,,3.8350000381469727,-73.68399810791016,14.98,1.7,6.5395,-74.456333,260.0,311.09,163.99
PTB.2023.089.18.06.56,PTB,2023.089.18.06.56,unlabelled,,,,,0,0,0.0,0.0,,,5.170000076293945,-73.08999633789062,9.77,2.3,6.5395,-74.456333,260.0,214.08,134.95
PTB.2023.089.20.46.03,PTB,2023.089.20.46.03,unlabelled,,,,,0,0,0.0,0.0,,,4.875,-75.33799743652344,3.09,3.1,6.5395,-74.456333,260.0,208.37,207.99
PTB.2023.090.00.46.02,PTB,2023.090.00.46.02,unlabelled,,,,,0,0,0.0,0.0,,,5.070000171661377,-74.69400024414062,35.66,1.6,6.5395,-74.456333,260.0,164.62,189.21
PTB.2023.090.05.45.12,PTB,2023.090.05.45.12,unlabelled,,,,,0,0,0.0,0.0,,,4.236000061035156,-75.10600280761719,35.96,1.9,6.5395,-74.456333,260.0,264.71,195.82
PTB.2023.090.08.45.21,PTB,2023.090.08.45.21,unlabelled,,,,,0,0,0.0,0.0,,,6.920000076293945,-76.697998046875,21.13,1.6,6.5395,-74.456333,260.0,251.38,279.77
PTB.2023.090.08.45.49,PTB,2023.090.08.45.49,unlabelled,,,,,0,0,0.0,0.0,,,6.921999931335449,-76.65799713134766,17.62,1.8,6.5395,-74.456333,260.0,247.06,279.99
PTB.2023.090.23.50.34,PTB,2023.090.23.50.34,unlabelled,,,,,0,0,0.0,0.0,,,5.9670000076293945,-72.53500366210938,22.54,1.9,6.5395,-74.456333,260.0,221.84,106.48
PTB.2023.091.02.03.13,PTB,2023.091.02.03.13,unlabelled,,,,,0,0,0.0,0.0,,,6.836999893188477,-73.58899688720703,0.05,1.9,6.5395,-74.456333,260.0,101.39,71.01
PTB.2023.091.21.51.17,PTB,2023.091.21.51.17,unlabelled,,,,,0,0,0.0,0.0,,,6.160999774932861,-76.83300018310547,31.8,1.9,6.5395,-74.456333,260.0,266.27,261.09
PTB.2023.092.01.42.49,PTB,2023.092.01.42.49,unlabelled,,,,,0,0,0.0,0.0,,,4.973999977111816,-72.42900085449219,20.0,1.9,6.5395,-74.456333,260.0,283.53,127.53
PTB.2023.092.11.48.49,PTB,2023.092.11.48.49,unlabelled,,,,,0,0,0.0,0.0,,,4.861000061035156,-74.78399658203125,28.05,1.8,6.5395,-74.456333,260.0,189.13,191.08
PTB.2023.092.19.03.42,PTB,2023.092.19.03.42,unlabelled,,,,,0,0,0.0,0.0,,,5.177999973297119,-74.67500305175781,28.16,1.5,6.5395,-74.456333,260.0,152.5,189.15
PTB.2023.092.19.59.25,PTB,2023.092.19.59.25,unlabelled,,,,,0,0,0.0,0.0,,,4.988999843597412,-74.70899963378906,11.22,1.5,6.5395,-74.456333,260.0,173.73,189.28
PTB.2023.093.16.17.09,PTB,2023.093.16.17.09,unlabelled,,,,,0,0,0.0,0.0,,,5.610000133514404,-72.69200134277344,-0.01,2.2,6.5395,-74.456333,260.0,220.7,117.66
PTB.2023.093.20.05.17,PTB,2023.093.20.05.17,unlabelled,,,,,0,0,0.0,0.0,,,5.609000205993652,-74.63300323486328,24.12,2.4,6.5395,-74.456333,260.0,104.74,190.77
PTB.2023.094.02.42.02,PTB,2023.094.02.42.02,unlabelled,,,,,0,0,0.0,0.0,,,4.581999778747559,-76.69100189208984,36.95,1.5,6.5395,-74.456333,260.0,328.87,228.95
PTB.2023.094.19.35.33,PTB,2023.094.19.35.33,unlabelled,,,,,0,0,0.0,0.0,,,5.71999979019165,-72.63400268554688,15.98,1.8,6.5395,-74.456333,260.0,221.13,114.09
PTB.2023.094.22.40.57,PTB,2023.094.22.40.57,unlabelled,,,,,0,0,0.0,0.0,,,5.004000186920166,-74.76899719238281,23.78,1.8,6.5395,-74.456333,260.0,173.3,191.54
PTB.2023.095.01.19.42,PTB,2023.095.01.19.42,unlabelled,,,,,0,0,0.0,0.0,,,6.7270002365112305,-75.90499877929688,15.98,1.6,6.5395,-74.456333,260.0,161.53,277.46
PTB.2023.095.03.47.02,PTB,2023.095.03.47.02,unlabelled,,,,,0,0,0.0,0.0,,,4.492000102996826,-76.17500305175781,22.07,1.5,6.5395,-74.456333,260.0,295.86,220.15
PTB.2023.095.04.24.27,PTB,2023.095.04.24.27,unlabelled,,,,,0,0,0.0,0.0,,,4.874000072479248,-75.34400177001953,3.88,3.1,6.5395,-74.456333,260.0,208.78,208.14
PTB.2023.095.05.16.28,PTB,2023.095.05.16.28,unlabelled,,,,,0,0,0.0,0.0,,,4.879000186920166,-75.33799743652344,3.45,3.0,6.5395,-74.456333,260.0,207.98,208.05
PTB.2023.095.07.16.37,PTB,2023.095.07.16.37,unlabelled,,,,,0,0,0.0,0.0,,,4.879000186920166,-75.33999633789062,3.99,3.9,6.5395,-74.456333,260.0,208.09,208.11
PTB.2023.095.10.28.38,PTB,2023.095.10.28.38,unlabelled,,,,,0,0,0.0,0.0,,,5.888000011444092,-77.31099700927734,26.92,1.8,6.5395,-74.456333,260.0,324.03,257.31
PTB.2023.095.15.51.54,PTB,2023.095.15.51.54,unlabelled,,,,,0,0,0.0,0.0,,,6.834000110626221,-73.5479965209961,18.16,1.8,6.5395,-74.456333,260.0,105.58,71.98
PTB.2023.096.16.11.21,PTB,2023.096.16.11.21,unlabelled,,,,,0,0,0.0,0.0,,,6.822000026702881,-76.7020034790039,30.04,2.0,6.5395,-74.456333,260.0,250.26,277.3
PTB.2023.096.16.13.17,PTB,2023.096.16.13.17,unlabelled,,,,,0,0,0.0,0.0,,,6.826000213623047,-76.71800231933594,30.39,2.3,6.5395,-74.456333,260.0,252.07,277.35
PTB.2023.096.20.24.56,PTB,2023.096.20.24.56,unlabelled,,,,,0,0,0.0,0.0,,,6.960000038146973,-76.35800170898438,23.95,2.4,6.5395,-74.456333,260.0,215.32,282.58
PTB.2023.097.01.20.46,PTB,2023.097.01.20.46,unlabelled,,,,,0,0,0.0,0.0,,,6.966000080108643,-76.35399627685547,22.07,1.8,6.5395,-74.456333,260.0,215.03,282.78
PTB.2023.097.13.52.02,PTB,2023.097.13.52.02,unlabelled,,,,,0,0,0.0,0.0,,,3.8459999561309814,-73.677001953125,9.82,1.5,6.5395,-74.456333,260.0,310.13,163.79
PTB.2023.097.21.05.58,PTB,2023.097.21.05.58,unlabelled,,,,,0,0,0.0,0.0,,,7.6539998054504395,-72.23100280761719,34.49,2.3,6.5395,-74.456333,260.0,275.0,63.24
PTB.2023.098.01.41.37,PTB,2023.098.01.41.37,unlabelled,,,,,0,0,0.0,0.0,,,6.521999835968018,-76.35099792480469,15.98,2.6,6.5395,-74.456333,260.0,209.56,269.58
PTB.2023.098.01.47.34,PTB,2023.098.01.47.34,unlabelled,,,,,0,0,0.0,0.0,,,7.201000213623047,-77.3280029296875,20.0,2.2,6.5395,-74.456333,260.0,325.71,283.15
PTB.2023.098.04.23.23,PTB,2023.098.04.23.23,unlabelled,,,,,0,0,0.0,0.0,,,7.302000045776367,-76.55000305175781,0.01,1.5,6.5395,-74.456333,260.0,246.26,290.15
PTB.2023.098.08.31.21,PTB,2023.098.08.31.21,unlabelled,,,,,0,0,0.0,0.0,,,5.363999843597412,-74.41300201416016,29.34,1.6,6.5395,-74.456333,260.0,130.08,177.88
PTB.2023.098.13.04.30,PTB,2023.098.13.04.30,unlabelled,,,,,0,0,0.0,0.0,,,7.204999923706055,-76.49099731445312,27.93,1.9,6.5395,-74.456333,260.0,236.62,288.24
PTB.2023.098.17.47.50,PTB,2023.098.17.47.50,unlabelled,,,,,0,0,0.0,0.0,,,3.9660000801086426,-75.56999969482422,18.96,1.7,6.5395,-74.456333,260.0,310.21,203.5
PTB.2023.099.08.19.16,PTB,2023.099.08.19.16,unlabelled,,,,,0,0,0.0,0.0,,,7.183000087738037,-72.33499908447266,-0.04,1.5,6.5395,-74.456333,260.0,245.03,72.99
PTB.2023.099.11.32.13,PTB,2023.099.11.32.13,unlabelled,,,,,0,0,0.0,0.0,,,6.697999954223633,-72.01200103759766,1.98,1.8,6.5395,-74.456333,260.0,270.87,86.15
PTB.2023.100.04.07.14,PTB,2023.100.04.07.14,unlabelled,,,,,0,0,0.0,0.0,,,6.938000202178955,-76.427001953125,3.94,1.8,6.5395,-74.456333,260.0,222.28,281.55
PTB.2023.100.05.35.49,PTB,2023.100.05.35.49,unlabelled,,,,,0,0,0.0,0.0,,,5.460999965667725,-76.40599822998047,21.6,1.5,6.5395,-74.456333,260.0,246.61,241.18
PTB.2023.100.18.42.22,PTB,2023.100.18.42.22,unlabelled,,,,,0,0,0.0,0.0,,,3.5899999141693115,-74.4489974975586,25.06,2.1,6.5395,-74.456333,260.0,326.17,179.86
PTB.2023.101.01.23.46,PTB,2023.101.01.23.46,unlabelled,,,,,0,0,0.0,0.0,,,7.0920000076293945,-72.2030029296875,17.27,1.9,6.5395,-74.456333,260.0,256.46,76.09
PTB.2023.101.07.53.11,PTB,2023.101.07.53.11,unlabelled,,,,,0,0,0.0,0.0,,,5.7129998207092285,-72.36699676513672,-0.02,1.6,6.5395,-74.456333,260.0,248.67,111.45
PTB.2023.101.18.41.00,PTB,2023.101.18.41.00,unlabelled,,,,,0,0,0.0,0.0,,,6.074999809265137,-72.59500122070312,15.98,1.7,6.5395,-74.456333,260.0,212.27,103.9
PTB.2023.102.03.23.04,PTB,2023.102.03.23.04,unlabelled,,,,,0,0,0.0,0.0,,,7.077000141143799,-76.2229995727539,24.77,1.5,6.5395,-74.456333,260.0,204.13,287.03
PTB.2023.102.20.14.38,PTB,2023.102.20.14.38,unlabelled,,,,,0,0,0.0,0.0,,,5.150000095367432,-73.08200073242188,11.76,1.7,6.5395,-74.456333,260.0,216.27,135.2
PTB.2023.103.04.13.20,PTB,2023.103.04.13.20,unlabelled,,,,,0,0,0.0,0.0,,,6.9120001792907715,-76.30999755859375,13.34,1.5,6.5395,-74.456333,260.0,209.04,281.47
PTB.2023.103.16.11.49,PTB,2023.103.16.11.49,unlabelled,,,,,0,0,0.0,0.0,,,7.269000053405762,-76.96499633789062,30.04,2.0,6.5395,-74.456333,260.0,288.75,286.37
PTB.2023.103.18.22.20,PTB,2023.103.18.22.20,unlabelled,,,,,0,0,0.0,0.0,,,6.982999801635742,-76.375,19.73,1.9,6.5395,-74.456333,260.0,217.71,283.13
PTB.2023.104.02.07.42,PTB,2023.104.02.07.42,unlabelled,,,,,0,0,0.0,0.0,,,7.129000186920166,-72.26399993896484,0.94,1.5,6.5395,-74.456333,260.0,250.94,74.81
PTB.2023.104.02.32.09,PTB,2023.104.02.32.09,unlabelled,,,,,0,0,0.0,0.0,,,5.5289998054504395,-74.46499633789062,31.45,2.0,6.5395,-74.456333,260.0,111.75,180.49
PTB.2023.104.04.05.17,PTB,2023.104.04.05.17,unlabelled,,,,,0,0,0.0,0.0,,,6.953999996185303,-76.69200134277344,27.93,2.2,6.5395,-74.456333,260.0,251.38,280.64
PTB.2023.104.09.27.24,PTB,2023.104.09.27.24,unlabelled,,,,,0,0,0.0,0.0,,,6.8379998207092285,-76.48799896240234,30.0,1.5,6.5395,-74.456333,260.0,227.05,278.48
PTB.2023.104.10.21.17,PTB,2023.104.10.21.17,unlabelled,,,,,0,0,0.0,0.0,,,6.835000038146973,-76.7509994506836,16.91,2.4,6.5395,-74.456333,260.0,255.81,277.47
PTB.2023.104.19.21.05,PTB,2023.104.19.21.05,unlabelled,,,,,0,0,0.0,0.0,,,7.593999862670898,-75.21600341796875,6.72,1.5,6.5395,-74.456333,260.0,143.68,324.3
PTB.2023.105.00.16.15,PTB,2023.105.00.16.15,unlabelled,,,,,0,0,0.0,0.0,,,5.823999881744385,-74.19499969482422,-0.12,1.5,6.5395,-74.456333,260.0,84.25,159.91
PTB.2023.105.00.48.54,PTB,2023.105.00.48.54,unlabelled,,,,,0,0,0.0,0.0,,,5.9079999923706055,-72.58899688720703,24.41,1.5,6.5395,-74.456333,260.0,218.13,108.57
PTB.2023.105.06.19.54,PTB,2023.105.06.19.54,unlabelled,,,,,0,0,0.0,0.0,,,4.732999801635742,-74.76499938964844,30.68,2.3,6.5395,-74.456333,260.0,202.68,189.73
PTB.2023.105.09.08.39,PTB,2023.105.09.08.39,unlabelled,,,,,0,0,0.0,0.0,,,5.677999973297119,-72.82099914550781,26.64,1.5,6.5395,-74.456333,260.0,204.56,117.67
PTB.2023.105.10.51.57,PTB,2023.105.10.51.57,unlabelled,,,,,0,0,0.0,0.0,,,3.864000082015991,-73.9749984741211,18.96,2.3,6.5395,-74.456333,260.0,300.64,169.75
PTB.2023.105.23.01.18,PTB,2023.105.23.01.18,unlabelled,,,,,0,0,0.0,0.0,,,6.86899995803833,-76.22599792480469,0.0,1.7,6.5395,-74.456333,260.0,199.02,280.65
PTB.2023.106.14.34.40,PTB,2023.106.14.34.40,unlabelled,,,,,0,0,0.0,0.0,,,5.90500020980835,-72.51300048828125,0.0,1.8,6.5395,-74.456333,260.0,226.22,107.96
PTB.2023.106.23.22.53,PTB,2023.106.23.22.53,unlabelled,,,,,0,0,0.0,0.0,,,6.953999996185303,-76.25499725341797,25.12,1.9,6.5395,-74.456333,260.0,204.06,283.09
PTB.2023.106.23.50.46,PTB,2023.106.23.50.46,unlabelled,,,,,0,0,0.0,0.0,,,4.080999851226807,-74.8219985961914,29.8,1.9,6.5395,-74.456333,260.0,274.87,188.5
PTB.2023.107.03.56.39,PTB,2023.107.03.56.39,unlabelled,,,,,0,0,0.0,0.0,,,5.086999893188477,-73.24400329589844,19.73,1.7,6.5395,-74.456333,260.0,209.35,140.04
PTB.2023.107.06.06.01,PTB,2023.107.06.06.01,unlabelled,,,,,0,0,0.0,0.0,,,7.251999855041504,-77.20700073242188,36.84,1.8,6.5395,-74.456333,260.0,314.05,284.69
PTB.2023.107.14.14.56,PTB,2023.107.14.14.56,unlabelled,,,,,0,0,0.0,0.0,,,4.703999996185303,-74.62300109863281,34.02,1.5,6.5395,-74.456333,260.0,203.82,185.21
PTB.2023.108.11.12.12,PTB,2023.108.11.12.12,unlabelled,,,,,0,0,0.0,0.0,,,7.0920000076293945,-72.38700103759766,10.23,2.0,6.5395,-74.456333,260.0,236.76,74.92
PTB.2023.108.15.43.52,PTB,2023.108.15.43.52,unlabelled,,,,,0,0,0.0,0.0,,,3.9189999103546143,-75.19499969482422,39.24,2.6,6.5395,-74.456333,260.0,301.13,195.81
PTB.2023.108.16.59.52,PTB,2023.108.16.59.52,unlabelled,,,,,0,0,0.0,0.0,,,4.840000152587891,-74.79199981689453,25.06,1.6,6.5395,-74.456333,260.0,191.58,191.21
PTB.2023.109.08.45.33,PTB,2023.109.08.45.33,unlabelled,,,,,0,0,0.0,0.0,,,5.810999870300293,-76.33599853515625,4.02,1.6,6.5395,-74.456333,260.0,223.09,248.93
PTB.2023.109.15.10.44,PTB,2023.109.15.10.44,unlabelled,,,,,0,0,0.0,0.0,,,6.998000144958496,-72.20600128173828,27.23,3.9,6.5395,-74.456333,260.0,253.89,78.35
PTB.2023.109.15.19.08,PTB,2023.109.15.19.08,unlabelled,,,,,0,0,0.0,0.0,,,6.985000133514404,-72.2490005493164,22.07,2.7,6.5395,-74.456333,260.0,248.94,78.46
PTB.2023.109.15.57.11,PTB,2023.109.15.57.11,unlabelled,,,,,0,0,0.0,0.0,,,6.986999988555908,-72.26200103759766,22.3,2.8,6.5395,-74.456333,260.0,247.58,78.34
PTB.2023.109.19.15.19,PTB,2023.109.19.15.19,unlabelled,,,,,0,0,0.0,0.0,,,5.6579999923706055,-72.65899658203125,12.93,1.8,6.5395,-74.456333,260.0,221.55,116.01
PTB.2023.110.01.08.51,PTB,2023.110.01.08.51,unlabelled,,,,,0,0,0.0,0.0,,,5.060999870300293,-73.23400115966797,20.2,1.7,6.5395,-74.456333,260.0,212.27,140.31
PTB.2023.110.09.06.26,PTB,2023.110.09.06.26,unlabelled,,,,,0,0,0.0,0.0,,,5.078000068664551,-73.19499969482422,16.68,1.8,6.5395,-74.456333,260.0,213.62,139.1
PTB.2023.110.19.48.28,PTB,2023.110.19.48.28,unlabelled,,,,,0,0,0.0,0.0,,,6.989999771118164,-72.27300262451172,21.13,3.0,6.5395,-74.456333,260.0,246.45,78.21
PTB.2023.110.20.43.52,PTB,2023.110.20.43.52,unlabelled,,,,,0,0,0.0,0.0,,,5.543000221252441,-77.03399658203125,23.36,1.7,6.5395,-74.456333,260.0,305.9,249.02
PTB.2023.111.04.24.49,PTB,2023.111.04.24.49,unlabelled,,,,,0,0,0.0,0.0,,,7.7270002365112305,-76.58599853515625,35.18,1.5,6.5395,-74.456333,260.0,269.42,299.3
PTB.2023.111.07.43.53,PTB,2023.111.07.43.53,unlabelled,,,,,0,0,0.0,0.0,,,5.3420000076293945,-73.42500305175781,24.87,1.7,6.5395,-74.456333,260.0,174.86,139.17
PTB.2023.111.12.52.17,PTB,2023.111.12.52.17,unlabelled,,,,,0,0,0.0,0.0,,,5.821000099182129,-72.5199966430664,23.48,2.4,6.5395,-74.456333,260.0,228.56,110.24
PTB.2023.112.10.48.46,PTB,2023.112.10.48.46,unlabelled,,,,,0,0,0.0,0.0,,,6.982999801635742,-76.67500305175781,18.32,1.8,6.5395,-74.456333,260.0,250.13,281.44
PTB.2023.112.11.11.58,PTB,2023.112.11.11.58,unlabelled,,,,,0,0,0.0,0.0,,,4.791999816894531,-76.65599822998047,24.49,1.6,6.5395,-74.456333,260.0,311.0,231.7
PTB.2023.112.11.28.36,PTB,2023.112.11.28.36,unlabelled,,,,,0,0,0.0,0.0,,,4.197999954223633,-75.46600341796875,19.02,2.1,6.5395,-74.456333,260.0,282.08,203.42
PTB.2023.113.02.06.06,PTB,2023.113.02.06.06,unlabelled,,,,,0,0,0.0,0.0,,,7.270999908447266,-76.42900085449219,16.91,1.5,6.5395,-74.456333,260.0,232.54,290.47
PTB.2023.113.04.40.59,PTB,2023.113.04.40.59,unlabelled,,,,,0,0,0.0,0.0,,,6.998000144958496,-76.28299713134766,8.48,1.5,6.5395,-74.456333,260.0,208.2,284.2
PTB.2023.113.05.40.31,PTB,2023.113.05.40.31,unlabelled,,,,,0,0,0.0,0.0,,,4.050000190734863,-74.08399963378906,18.14,1.5,6.5395,-74.456333,260.0,278.37,171.46
PTB.2023.113.08.40.31,PTB,2023.113.08.40.31,unlabelled,,,,,0,0,0.0,0.0,,,6.6529998779296875,-76.77999877929688,25.82,1.8,6.5395,-74.456333,260.0,257.27,272.93
PTB.2023.113.18.35.29,PTB,2023.113.18.35.29,unlabelled,,,,,0,0,0.0,0.0,,,6.834000110626221,-72.39199829101562,1.33,1.6,6.5395,-74.456333,260.0,230.56,81.76
PTB.2023.114.00.37.00,PTB,2023.114.00.37.00,unlabelled,,,,,0,0,0.0,0.0,,,6.21999979019165,-73.41100311279297,24.77,2.3,6.5395,-74.456333,260.0,120.93,106.93
PTB.2023.114.01.55.21,PTB,2023.114.01.55.21,unlabelled,,,,,0,0,0.0,0.0,,,5.395999908447266,-76.72699737548828,28.32,1.8,6.5395,-74.456333,260.0,281.42,243.42
PTB.2023.114.05.13.52,PTB,2023.114.05.13.52,unlabelled,,,,,0,0,0.0,0.0,,,7.718999862670898,-72.58399963378906,17.27,1.5,6.5395,-74.456333,260.0,244.52,57.65
PTB.2023.114.11.47.17,PTB,2023.114.11.47.17,unlabelled,,,,,0,0,0.0,0.0,,,7.1479997634887695,-75.65399932861328,15.98,1.6,6.5395,-74.456333,260.0,148.5,297.02
PTB.2023.114.22.07.09,PTB,2023.114.22.07.09,unlabelled,,,,,0,0,0.0,0.0,,,5.4029998779296875,-72.8290023803711,28.52,1.5,6.5395,-74.456333,260.0,219.68,124.81
PTB.2023.114.22.35.10,PTB,2023.114.22.35.10,unlabelled,,,,,0,0,0.0,0.0,,,4.895999908447266,-75.28600311279297,3.22,1.7,6.5395,-74.456333,260.0,203.66,206.87
PTB.2023.115.06.51.09,PTB,2023.115.06.51.09,unlabelled,,,,,0,0,0.0,0.0,,,5.497000217437744,-72.7020034790039,12.93,1.8,6.5395,-74.456333,260.0,225.86,120.6
PTB.2023.115.10.04.23,PTB,2023.115.10.04.23,unlabelled,,,,,0,0,0.0,0.0,,,7.0879998207092285,-72.322998046875,14.92,1.5,6.5395,-74.456333,260.0,243.49,75.45
PTB.2023.115.15.25.11,PTB,2023.115.15.25.11,unlabelled,,,,,0,0,0.0,0.0,,,7.548999786376953,-74.26699829101562,4.45,2.4,6.5395,-74.456333,260.0,113.58,10.6
PTB.2023.115.16.28.38,PTB,2023.115.16.28.38,unlabelled,,,,,0,0,0.0,0.0,,,6.209000110626221,-76.69499969482422,15.68,1.6,6.5395,-74.456333,260.0,250.36,261.73
PTB.2023.115.23.58.10,PTB,2023.115.23.58.10,unlabelled,,,,,0,0,0.0,0.0,,,6.205999851226807,-76.2969970703125,28.87,1.8,6.5395,-74.456333,260.0,206.96,259.84
PTB.2023.116.07.26.52,PTB,2023.116.07.26.52,unlabelled,,,,,0,0,0.0,0.0,,,5.9079999923706055,-73.82499694824219,26.9,1.6,6.5395,-74.456333,260.0,98.79,134.95
PTB.2023.116.08.44.51,PTB,2023.116.08.44.51,unlabelled,,,,,0,0,0.0,0.0,,,7.35699987411499,-76.2040023803711,21.3,1.5,6.5395,-74.456333,260.0,213.24,295.19
PTB.2023.116.12.06.49,PTB,2023.116.12.06.49,unlabelled,,,,,0,0,0.0,0.0,,,4.382999897003174,-73.64099884033203,6.43,1.6,6.5395,-74.456333,260.0,255.02,159.21
PTB.2023.116.23.23.18,PTB,2023.116.23.23.18,unlabelled,,,,,0,0,0.0,0.0,,,5.59499979019165,-76.51000213623047,26.99,1.6,6.5395,-74.456333,260.0,250.18,245.44
PTB.2023.117.11.57.47,PTB,2023.117.11.57.47,unlabelled,,,,,0,0,0.0,0.0,,,7.360000133514404,-72.1259994506836,19.49,2.1,6.5395,-74.456333,260.0,273.03,70.45
PTB.2023.118.00.58.54,PTB,2023.118.00.58.54,unlabelled,,,,,0,0,0.0,0.0,,,4.050000190734863,-74.08499908447266,16.04,2.0,6.5395,-74.456333,260.0,278.36,171.48
PTB.2023.118.01.36.58,PTB,2023.118.01.36.58,unlabelled,,,,,0,0,0.0,0.0,,,7.441999912261963,-76.677001953125,0.06,1.5,6.5395,-74.456333,260.0,264.9,292.27
PTB.2023.118.06.05.06,PTB,2023.118.06.05.06,unlabelled,,,,,0,0,0.0,0.0,,,6.886000156402588,-76.36699676513672,0.0,1.6,6.5395,-74.456333,260.0,214.69,280.39
PTB.2023.118.22.12.28,PTB,2023.118.22.12.28,unlabelled,,,,,0,0,0.0,0.0,,,6.835000038146973,-76.81800079345703,34.26,1.9,6.5395,-74.456333,260.0,263.16,277.27
PTB.2023.119.02.14.14,PTB,2023.119.02.14.14,unlabelled,,,,,0,0,0.0,0.0,,,7.004000186920166,-76.70500183105469,10.12,1.9,6.5395,-74.456333,260.0,253.84,281.81
PTB.2023.119.06.13.38,PTB,2023.119.06.13.38,unlabelled,,,,,0,0,0.0,0.0,,,4.494999885559082,-75.68000030517578,14.63,1.6,6.5395,-74.456333,260.0,263.63,211.01
PTB.2023.119.06.40.50,PTB,2023.119.06.40.50,unlabelled,,,,,0,0,0.0,0.0,,,7.068999767303467,-76.302001953125,20.78,1.8,6.5395,-74.456333,260.0,212.26,286.12
PTB.2023.119.07.26.05,PTB,2023.119.07.26.05,unlabelled,,,,,0,0,0.0,0.0,,,6.61899995803833,-73.41500091552734,14.48,1.7,6.5395,-74.456333,260.0,115.5,85.57
PTB.2023.120.01.00.52,PTB,2023.120.01.00.52,unlabelled,,,,,0,0,0.0,0.0,,,6.855000019073486,-76.2040023803711,0.0,1.5,6.5395,-74.456333,260.0,196.36,280.34
PTB.2023.216.09.04.36,PTB,2023.216.09.04.36,unlabelled,,,,,0,0,0.0,0.0,,,5.988999843597412,-72.58699798583984,0.0,1.5,6.5395,-74.456333,260.0,215.63,106.3
PTB.2023.216.20.38.06,PTB,2023.216.20.38.06,unlabelled,,,,,0,0,0.0,0.0,,,6.895999908447266,-76.79900360107422,20.66,1.5,6.5395,-74.456333,260.0,261.99,278.79
PTB.2023.217.04.15.24,PTB,2023.217.04.15.24,unlabelled,,,,,0,0,0.0,0.0,,,5.6479997634887695,-73.33899688720703,15.98,2.0,6.5395,-74.456333,260.0,158.17,128.5
PTB.2023.217.04.43.15,PTB,2023.217.04.43.15,unlabelled,,,,,0,0,0.0,0.0,,,7.203000068664551,-76.90899658203125,27.93,1.5,6.5395,-74.456333,260.0,280.83,285.29
PTB.2023.217.05.17.14,PTB,2023.217.05.17.14,unlabelled,,,,,0,0,0.0,0.0,,,6.985000133514404,-76.27799987792969,20.02,2.0,6.5395,-74.456333,260.0,207.32,283.85
PTB.2023.217.05.41.30,PTB,2023.217.05.41.30,unlabelled,,,,,0,0,0.0,0.0,,,5.449999809265137,-73.70500183105469,7.61,1.5,6.5395,-74.456333,260.0,146.41,145.34
PTB.2023.218.04.09.45,PTB,2023.218.04.09.45,unlabelled,,,,,0,0,0.0,0.0,,,4.349999904632568,-73.83399963378906,9.36,2.8,6.5395,-74.456333,260.0,251.75,164.07
PTB.2023.218.11.31.16,PTB,2023.218.11.31.16,unlabelled,,,,,0,0,0.0,0.0,,,6.966000080108643,-76.2979965209961,7.07,1.4,6.5395,-74.456333,260.0,208.99,283.15
PTB.2023.218.15.05.59,PTB,2023.218.15.05.59,unlabelled,,,,,0,0,0.0,0.0,,,4.605999946594238,-74.99800109863281,22.54,1.7,6.5395,-74.456333,260.0,222.08,195.71
PTB.2023.218.18.49.13,PTB,2023.218.18.49.13,unlabelled,,,,,0,0,0.0,0.0,,,5.224999904632568,-72.58200073242188,16.33,2.3,6.5395,-74.456333,260.0,253.4,124.91
PTB.2023.218.18.54.38,PTB,2023.218.18.54.38,unlabelled,,,,,0,0,0.0,0.0,,,6.89900016784668,-71.85099792480469,25.82,2.2,6.5395,-74.456333,260.0,290.78,81.99
PTB.2023.219.14.35.13,PTB,2023.219.14.35.13,unlabelled,,,,,0,0,0.0,0.0,,,6.468999862670898,-76.63099670410156,33.32,2.2,6.5395,-74.456333,260.0,240.66,268.27
PTB.2023.219.16.37.24,PTB,2023.219.16.37.24,unlabelled,,,,,0,0,0.0,0.0,,,6.921999931335449,-76.35199737548828,-0.05,1.6,6.5395,-74.456333,260.0,213.81,281.52
PTB.2023.219.17.04.28,PTB,2023.219.17.04.28,unlabelled,,,,,0,0,0.0,0.0,,,6.427000045776367,-76.64900207519531,6.96,1.7,6.5395,-74.456333,260.0,242.85,267.19
PTB.2023.219.20.01.22,PTB,2023.219.20.01.22,unlabelled,,,,,0,0,0.0,0.0,,,7.169000148773193,-76.16899871826172,7.07,1.5,6.5395,-74.456333,260.0,201.69,290.29
PTB.2023.220.00.03.38,PTB,2023.220.00.03.38,unlabelled,,,,,0,0,0.0,0.0,,,7.13100004196167,-76.26899719238281,19.49,1.8,6.5395,-74.456333,260.0,210.77,288.19
PTB.2023.220.01.03.12,PTB,2023.220.01.03.12,unlabelled,,,,,0,0,0.0,0.0,,,6.758999824523926,-76.69300079345703,28.63,1.5,6.5395,-74.456333,260.0,248.51,275.73
PTB.2023.220.07.25.40,PTB,2023.220.07.25.40,unlabelled,,,,,0,0,0.0,0.0,,,5.86299991607666,-72.55500030517578,2.65,1.6,6.5395,-74.456333,260.0,223.33,109.47
PTB.2023.220.08.58.23,PTB,2023.220.08.58.23,unlabelled,,,,,0,0,0.0,0.0,,,7.1479997634887695,-77.10099792480469,34.02,2.2,6.5395,-74.456333,260.0,299.96,283.12
PTB.2023.220.12.17.34,PTB,2023.220.12.17.34,unlabelled,,,,,0,0,0.0,0.0,,,6.986999988555908,-76.28700256347656,16.74,1.8,6.5395,-74.456333,260.0,208.34,283.85
PTB.2023.220.14.06.00,PTB,2023.220.14.06.00,unlabelled,,,,,0,0,0.0,0.0,,,4.168000221252441,-74.99600219726562,38.54,3.2,6.5395,-74.456333,260.0,268.98,192.87
PTB.2023.220.20.19.02,PTB,2023.220.20.19.02,unlabelled,,,,,0,0,0.0,0.0,,,6.796999931335449,-76.69499969482422,36.13,2.4,6.5395,-74.456333,260.0,249.16,276.69
PTB.2023.220.21.00.18,PTB,2023.220.21.00.18,unlabelled,,,,,0,0,0.0,0.0,,,7.300000190734863,-73.8280029296875,24.89,1.5,6.5395,-74.456333,260.0,109.07,39.51
PTB.2023.221.09.44.21,PTB,2023.221.09.44.21,unlabelled,,,,,0,0,0.0,0.0,,,4.8470001220703125,-74.62300109863281,23.48,1.7,6.5395,-74.456333,260.0,188.07,185.64
PTB.2023.221.13.22.25,PTB,2023.221.13.22.25,unlabelled,,,,,0,0,0.0,0.0,,,6.995999813079834,-76.29199981689453,18.32,1.8,6.5395,-74.456333,260.0,209.12,284.08
PTB.2023.222.08.35.00,PTB,2023.222.08.35.00,unlabelled,,,,,0,0,0.0,0.0,,,7.283999919891357,-76.77400207519531,22.3,2.1,6.5395,-74.456333,260.0,269.04,287.96
PTB.2023.223.10.25.29,PTB,2023.223.10.25.29,unlabelled,,,,,0,0,0.0,0.0,,,7.265999794006348,-77.2490005493164,36.95,1.8,6.5395,-74.456333,260.0,318.92,284.76
PTB.2023.223.15.33.49,PTB,2023.223.15.33.49,unlabelled,,,,,0,0,0.0,0.0,,,4.236999988555908,-75.13899993896484,18.96,2.0,6.5395,-74.456333,260.0,265.62,196.58
PTB.2023.223.17.05.45,PTB,2023.223.17.05.45,unlabelled,,,,,0,0,0.0,0.0,,,7.010000228881836,-76.27300262451172,19.55,2.1,6.5395,-74.456333,260.0,207.46,284.63
PTB.2023.223.18.35.54,PTB,2023.223.18.35.54,unlabelled,,,,,0,0,0.0,0.0,,,7.370999813079834,-75.55500030517578,35.2,1.6,6.5395,-74.456333,260.0,152.3,307.21
PTB.2023.224.18.56.14,PTB,2023.224.18.56.14,unlabelled,,,,,0,0,0.0,0.0,,,7.361999988555908,-75.54399871826172,33.09,1.6,6.5395,-74.456333,260.0,150.73,307.18
PTB.2023.224.19.14.55,PTB,2023.224.19.14.55,unlabelled,,,,,0,0,0.0,0.0,,,7.026000022888184,-72.02200317382812,17.15,2.2,6.5395,-74.456333,260.0,274.43,78.55
PTB.2023.224.19.41.25,PTB,2023.224.19.41.25,unlabelled,,,,,0,0,0.0,0.0,,,7.2270002365112305,-76.25499725341797,15.74,1.6,6.5395,-74.456333,260.0,212.83,291.04
PTB.2023.224.20.31.07,PTB,2023.224.20.31.07,unlabelled,,,,,0,0,0.0,0.0,,,7.267000198364258,-77.33599853515625,34.96,1.9,6.5395,-74.456333,260.0,328.26,284.36
PTB.2023.224.22.45.23,PTB,2023.224.22.45.23,unlabelled,,,,,0,0,0.0,0.0,,,6.863999843597412,-76.68800354003906,30.86,1.9,6.5395,-74.456333,260.0,249.34,278.4
PTB.2023.225.00.26.30,PTB,2023.225.00.26.30,unlabelled,,,,,0,0,0.0,0.0,,,7.741000175476074,-72.28199768066406,0.0,1.5,6.5395,-74.456333,260.0,274.48,60.92
PTB.2023.225.13.35.29,PTB,2023.225.13.35.29,unlabelled,,,,,0,0,0.0,0.0,,,6.9770002365112305,-76.2959976196289,16.21,1.8,6.5395,-74.456333,260.0,209.05,283.49
PTB.2023.225.14.11.40,PTB,2023.225.14.11.40,unlabelled,,,,,0,0,0.0,0.0,,,7.156000137329102,-77.3479995727539,30.0,1.8,6.5395,-74.456333,260.0,326.81,282.21
PTB.2023.226.01.39.33,PTB,2023.226.01.39.33,unlabelled,,,,,0,0,0.0,0.0,,,4.688000202178955,-74.6510009765625,25.06,2.0,6.5395,-74.456333,260.0,205.88,186.02
PTB.2023.226.16.10.16,PTB,2023.226.16.10.16,unlabelled,,,,,0,0,0.0,0.0,,,7.375,-75.5459976196289,34.96,1.9,6.5395,-74.456333,260.0,151.78,307.57
PTB.2023.226.18.20.31,PTB,2023.226.18.20.31,unlabelled,,,,,0,0,0.0,0.0,,,7.368000030517578,-75.56800079345703,35.43,2.3,6.5395,-74.456333,260.0,153.25,306.78
PTB.2023.226.22.13.00,PTB,2023.226.22.13.00,unlabelled,,,,,0,0,0.0,0.0,,,7.368000030517578,-75.53099822998047,33.09,1.6,6.5395,-74.456333,260.0,149.99,307.72
PTB.2023.226.22.55.39,PTB,2023.226.22.55.39,unlabelled,,,,,0,0,0.0,0.0,,,7.380000114440918,-75.58200073242188,31.33,1.5,6.5395,-74.456333,260.0,155.28,306.84
PTB.2023.227.03.21.04,PTB,2023.227.03.21.04,unlabelled,,,,,0,0,0.0,0.0,,,5.14900016784668,-73.09400177001953,13.05,1.8,6.5395,-74.456333,260.0,215.42,135.47
PTB.2023.227.04.20.33,PTB,2023.227.04.20.33,unlabelled,,,,,0,0,0.0,0.0,,,6.988999843597412,-76.28099822998047,18.38,1.6,6.5395,-74.456333,260.0,207.75,283.95
PTB.2023.227.08.01.45,PTB,2023.227.08.01.45,unlabelled,,,,,0,0,0.0,0.0,,,6.186999797821045,-72.32599639892578,3.0,1.7,6.5395,-74.456333,260.0,238.9,99.27
PTB.2023.227.11.30.45,PTB,2023.227.11.30.45,unlabelled,,,,,0,0,0.0,0.0,,,6.250999927520752,-72.33100128173828,3.43,1.7,6.5395,-74.456333,260.0,237.28,97.61
PTB.2023.227.22.07.10,PTB,2023.227.22.07.10,unlabelled,,,,,0,0,0.0,0.0,,,5.188000202178955,-72.89900207519531,31.91,2.3,6.5395,-74.456333,260.0,228.21,130.83
PTB.2023.228.06.32.58,PTB,2023.228.06.32.58,unlabelled,,,,,0,0,0.0,0.0,,,5.590000152587891,-73.09100341796875,19.02,1.5,6.5395,-74.456333,260.0,184.04,124.71
PTB.2023.228.08.11.32,PTB,2023.228.08.11.32,unlabelled,,,,,0,0,0.0,0.0,,,4.189000129699707,-74.9990005493164,36.37,1.6,6.5395,-74.456333,260.0,266.8,193.06
PTB.2023.228.09.37.37,PTB,2023.228.09.37.37,unlabelled,,,,,0,0,0.0,0.0,,,6.9710001945495605,-76.69000244140625,14.57,1.6,6.5395,-74.456333,260.0,251.5,281.07
PTB.2023.228.11.59.34,PTB,2023.228.11.59.34,unlabelled,,,,,0,0,0.0,0.0,,,7.288000106811523,-72.1969985961914,19.73,1.5,6.5395,-74.456333,260.0,263.05,71.53
PTB.2023.228.13.26.02,PTB,2023.228.13.26.02,unlabelled,,,,,0,0,0.0,0.0,,,6.958000183105469,-76.69000244140625,24.41,2.6,6.5395,-74.456333,260.0,251.24,280.75
PTB.2023.228.14.56.56,PTB,2023.228.14.56.56,unlabelled,,,,,0,0,0.0,0.0,,,5.688000202178955,-72.9219970703125,19.73,1.6,6.5395,-74.456333,260.0,194.19,118.92
PTB.2023.228.17.27.03,PTB,2023.228.17.27.03,unlabelled,,,,,0,0,0.0,0.0,,,7.335000038146973,-76.24299621582031,12.93,1.5,6.5395,-74.456333,260.0,216.16,294.12
PTB.2023.228.23.16.57,PTB,2023.228.23.16.57,unlabelled,,,,,0,0,0.0,0.0,,,6.99399995803833,-76.2750015258789,15.74,1.9,6.5395,-74.456333,260.0,207.24,284.14
PTB.2023.229.03.01.43,PTB,2023.229.03.01.43,unlabelled,,,,,0,0,0.0,0.0,,,6.872000217437744,-76.28199768066406,22.13,1.7,6.5395,-74.456333,260.0,205.17,280.43
PTB.2023.229.03.02.09,PTB,2023.229.03.02.09,unlabelled,,,,,0,0,0.0,0.0,,,6.883999824523926,-76.28500366210938,23.95,1.5,6.5395,-74.456333,260.0,205.74,280.78
PTB.2023.229.07.56.56,PTB,2023.229.07.56.56,unlabelled,,,,,0,0,0.0,0.0,,,5.89300012588501,-72.61799621582031,0.0,1.5,6.5395,-74.456333,260.0,215.64,109.26
PTB.2023.229.13.25.57,PTB,2023.229.13.25.57,unlabelled,,,,,0,0,0.0,0.0,,,6.10099983215332,-72.53800201416016,21.45,1.8,6.5395,-74.456333,260.0,217.73,102.76
PTB.2023.229.17.04.58,PTB,2023.229.17.04.58,unlabelled,,,,,0,0,0.0,0.0,,,4.421999931335449,-73.63300323486328,12.99,6.1,6.5395,-74.456333,260.0,251.31,158.67
PTB.2023.229.17.14.05,PTB,2023.229.17.14.05,unlabelled,,,,,0,0,0.0,0.0,-4.17,,4.255000114440918,-73.77799987792969,11.46,3.4,6.5395,-74.456333,260.0,263.58,163.39
PTB.2023.229.17.14.34,PTB,2023.229.17.14.34,unlabelled,,,,,0,0,0.0,0.0,-4.14,,4.263000011444092,-73.75,16.74,4.0,6.5395,-74.456333,260.0,263.63,162.69
PTB.2023.229.17.17.26,PTB,2023.229.17.17.26,unlabelled,,,,,0,0,0.0,0.0,,,4.265999794006348,-73.75199890136719,12.87,5.6,6.5395,-74.456333,260.0,263.25,162.72
PTB.2023.229.17.22.32,PTB,2023.229.17.22.32,unlabelled,,,,,0,0,0.0,0.0,,,4.309999942779541,-73.74500274658203,13.63,2.8,6.5395,-74.456333,260.0,258.84,162.23
PTB.2023.229.17.23.19,PTB,2023.229.17.23.19,unlabelled,,,,,0,0,0.0,0.0,,,4.426000118255615,-73.68399810791016,7.71,2.8,6.5395,-74.456333,260.0,248.9,159.85
PTB.2023.229.17.26.07,PTB,2023.229.17.26.07,unlabelled,,,,,0,0,0.0,0.0,,,4.258999824523926,-73.7300033569336,14.8,2.9,6.5395,-74.456333,260.0,264.72,162.26
PTB.2023.229.17.29.27,PTB,2023.229.17.29.27,unlabelled,,,,,0,0,0.0,0.0,,,4.271999835968018,-73.75199890136719,12.05,2.3,6.5395,-74.456333,260.0,262.62,162.67
PTB.2023.229.17.30.29,PTB,2023.229.17.30.29,unlabelled,,,,,0,0,0.0,0.0,,,4.25,-73.79000091552734,13.93,2.3,6.5395,-74.456333,260.0,263.73,163.71
PTB.2023.229.17.31.28,PTB,2023.229.17.31.28,unlabelled,,,,,0,0,0.0,0.0,,,4.36299991607666,-73.72100067138672,15.57,2.4,6.5395,-74.456333,260.0,254.11,161.26
PTB.2023.229.17.37.03,PTB,2023.229.17.37.03,unlabelled,,,,,0,0,0.0,0.0,,,4.271999835968018,-73.73400115966797,17.21,2.2,6.5395,-74.456333,260.0,263.22,162.26
PTB.2023.229.17.53.19,PTB,2023.229.17.53.19,unlabelled,,,,,0,0,0.0,0.0,,,4.379000186920166,-73.6709976196289,16.04,2.5,6.5395,-74.456333,260.0,254.27,159.95
PTB.2023.229.17.53.51,PTB,2023.229.17.53.51,unlabelled,,,,,0,0,0.0,0.0,,,4.3420000076293945,-73.70999908447266,12.52,2.3,6.5395,-74.456333,260.0,256.7,161.17
PTB.2023.229.17.54.54,PTB,2023.229.17.54.54,unlabelled,,,,,0,0,0.0,0.0,,,4.379000186920166,-73.69599914550781,6.54,1.8,6.5395,-74.456333,260.0,253.34,160.54
PTB.2023.229.17.56.45,PTB,2023.229.17.56.45,unlabelled,,,,,0,0,0.0,0.0,,,4.458000183105469,-73.6709976196289,7.54,1.8,6.5395,-74.456333,260.0,246.08,159.25
PTB.2023.229.17.59.31,PTB,2023.229.17.59.31,unlabelled,,,,,0,0,0.0,0.0,,,4.210000038146973,-73.76899719238281,12.93,1.5,6.5395,-74.456333,260.0,268.63,163.49
PTB.2023.229.18.00.35,PTB,2023.229.18.00.35,unlabelled,,,,,0,0,0.0,0.0,,,4.39900016784668,-73.69200134277344,10.82,1.7,6.5395,-74.456333,260.0,251.4,160.27
PTB.2023.229.18.07.23,PTB,2023.229.18.07.23,unlabelled,,,,,0,0,0.0,0.0,,,4.263999938964844,-73.78500366210938,10.53,1.8,6.5395,-74.456333,260.0,262.4,163.5
PTB.2023.229.18.07.59,PTB,2023.229.18.07.59,unlabelled,,,,,0,0,0.0,0.0,,,4.264999866485596,-73.78500366210938,14.86,2.0,6.5395,-74.456333,260.0,262.3,163.49
PTB.2023.229.18.08.40,PTB,2023.229.18.08.40,unlabelled,,,,,0,0,0.0,0.0,,,4.324999809265137,-73.74199676513672,15.92,2.4,6.5395,-74.456333,260.0,257.37,162.05
PTB.2023.229.18.08.58,PTB,2023.229.18.08.58,unlabelled,,,,,0,0,0.0,0.0,,,4.368000030517578,-73.7040023803711,11.7,2.2,6.5395,-74.456333,260.0,254.19,160.82
PTB.2023.229.18.10.43,PTB,2023.229.18.10.43,unlabelled,,,,,0,0,0.0,0.0,,,4.324999809265137,-73.73100280761719,14.51,1.8,6.5395,-74.456333,260.0,257.74,161.79
PTB.2023.229.18.14.02,PTB,2023.229.18.14.02,unlabelled,,,,,0,0,0.0,0.0,,,4.461999893188477,-73.677001953125,15.04,1.5,6.5395,-74.456333,260.0,245.43,159.36
PTB.2023.229.18.26.27,PTB,2023.229.18.26.27,unlabelled,,,,,0,0,0.0,0.0,,,4.236000061035156,-73.73699951171875,1.44,1.7,6.5395,-74.456333,260.0,266.91,162.59
PTB.2023.229.18.26.29,PTB,2023.229.18.26.29,unlabelled,,,,,0,0,0.0,0.0,,,4.389999866485596,-73.70500183105469,12.46,1.7,6.5395,-74.456333,260.0,251.86,160.66
PTB.2023.229.18.35.35,PTB,2023.229.18.35.35,unlabelled,,,,,0,0,0.0,0.0,,,4.3420000076293945,-73.70500183105469,19.08,1.6,6.5395,-74.456333,260.0,256.88,161.05
PTB.2023.229.18.38.58,PTB,2023.229.18.38.58,unlabelled,,,,,0,0,0.0,0.0,,,4.415999889373779,-73.61799621582031,14.86,2.0,6.5395,-74.456333,260.0,252.53,158.37
PTB.2023.229.18.53.57,PTB,2023.229.18.53.57,unlabelled,,,,,0,0,0.0,0.0,,,4.372000217437744,-73.76799774169922,10.83,1.5,6.5395,-74.456333,260.0,251.54,162.31
PTB.2023.229.18.54.27,PTB,2023.229.18.54.27,unlabelled,,,,,0,0,0.0,0.0,,,4.343999862670898,-73.73899841308594,12.93,1.6,6.5395,-74.456333,260.0,255.47,161.83
PTB.2023.229.18.56.40,PTB,2023.229.18.56.40,unlabelled,,,,,0,0,0.0,0.0,,,4.201000213623047,-73.78500366210938,13.05,1.5,6.5395,-74.456333,260.0,269.09,163.92
PTB.2023.229.19.04.43,PTB,2023.229.19.04.43,unlabelled,,,,,0,0,0.0,0.0,,,4.386000156402588,-73.68399810791016,12.87,2.0,6.5395,-74.456333,260.0,253.05,160.19
PTB.2023.229.19.11.33,PTB,2023.229.19.11.33,unlabelled,,,,,0,0,0.0,0.0,,,4.396999835968018,-73.65499877929688,16.5,2.4,6.5395,-74.456333,260.0,253.02,159.41
PTB.2023.229.19.12.52,PTB,2023.229.19.12.52,unlabelled,,,,,0,0,0.0,0.0,,,4.315999984741211,-73.72200012207031,15.92,2.8,6.5395,-74.456333,260.0,259.0,161.65
PTB.2023.229.19.46.28,PTB,2023.229.19.46.28,unlabelled,,,,,0,0,0.0,0.0,,,4.269999980926514,-73.75299835205078,14.51,1.7,6.5395,-74.456333,260.0,262.8,162.71
PTB.2023.229.19.51.24,PTB,2023.229.19.51.24,unlabelled,,,,,0,0,0.0,0.0,,,4.267000198364258,-73.79399871826172,11.0,1.5,6.5395,-74.456333,260.0,261.8,163.68
PTB.2023.229.19.52.03,PTB,2023.229.19.52.03,unlabelled,,,,,0,0,0.0,0.0,,,4.269999980926514,-73.76000213623047,18.03,1.8,6.5395,-74.456333,260.0,262.57,162.87
PTB.2023.229.19.53.53,PTB,2023.229.19.53.53,unlabelled,,,,,0,0,0.0,0.0,,,4.492000102996826,-73.57499694824219,14.86,2.6,6.5395,-74.456333,260.0,246.58,156.62
PTB.2023.229.20.12.04,PTB,2023.229.20.12.04,unlabelled,,,,,0,0,0.0,0.0,,,4.258999824523926,-73.78500366210938,10.29,1.9,6.5395,-74.456333,260.0,262.93,163.53
PTB.2023.229.20.16.43,PTB,2023.229.20.16.43,unlabelled,,,,,0,0,0.0,0.0,,,4.361999988555908,-73.72000122070312,15.8,1.5,6.5395,-74.456333,260.0,254.25,161.24
PTB.2023.229.20.19.27,PTB,2023.229.20.19.27,unlabelled,,,,,0,0,0.0,0.0,,,4.409999847412109,-73.67500305175781,15.68,3.3,6.5395,-74.456333,260.0,250.9,159.77
PTB.2023.229.20.20.15,PTB,2023.229.20.20.15,unlabelled,,,,,0,0,0.0,0.0,,,4.460999965667725,-73.65399932861328,9.36,2.4,6.5395,-74.456333,260.0,246.44,158.81
PTB.2023.229.20.39.50,PTB,2023.229.20.39.50,unlabelled,,,,,0,0,0.0,0.0,,,4.4019999504089355,-73.66100311279297,-0.05,1.6,6.5395,-74.456333,260.0,252.27,159.51
PTB.2023.229.20.40.16,PTB,2023.229.20.40.16,unlabelled,,,,,0,0,0.0,0.0,,,4.2729997634887695,-73.76200103759766,19.2,2.6,6.5395,-74.456333,260.0,262.18,162.9
PTB.2023.229.20.42.28,PTB,2023.229.20.42.28,unlabelled,,,,,0,0,0.0,0.0,,,4.421999931335449,-73.63200378417969,2.77,1.5,6.5395,-74.456333,260.0,251.35,158.65
PTB.2023.229.20.49.56,PTB,2023.229.20.49.56,unlabelled,,,,,0,0,0.0,0.0,,,4.302000045776367,-73.72599792480469,14.28,2.1,6.5395,-74.456333,260.0,260.33,161.85
PTB.2023.229.21.34.48,PTB,2023.229.21.34.48,unlabelled,,,,,0,0,0.0,0.0,,,4.390999794006348,-73.7040023803711,13.22,1.6,6.5395,-74.456333,260.0,251.79,160.63
PTB.2023.229.21.41.49,PTB,2023.229.21.41.49,unlabelled,,,,,0,0,0.0,0.0,,,6.7270002365112305,-76.69000244140625,33.09,1.8,6.5395,-74.456333,260.0,247.87,274.93
PTB.2023.229.21.52.32,PTB,2023.229.21.52.32,unlabelled,,,,,0,0,0.0,0.0,,,4.36299991607666,-73.677001953125,19.02,2.4,6.5395,-74.456333,260.0,255.71,160.22
PTB.2023.229.22.30.09,PTB,2023.229.22.30.09,unlabelled,,,,,0,0,0.0,0.0,,,4.270999908447266,-73.74700164794922,14.04,2.7,6.5395,-74.456333,260.0,262.89,162.57
PTB.2023.229.23.13.14,PTB,2023.229.23.13.14,unlabelled,,,,,0,0,0.0,0.0,,,4.3979997634887695,-73.69400024414062,13.81,1.7,6.5395,-74.456333,260.0,251.43,160.33
PTB.2023.229.23.27.39,PTB,2023.229.23.27.39,unlabelled,,,,,0,0,0.0,0.0,,,4.48199987411499,-73.66000366210938,14.63,1.5,6.5395,-74.456333,260.0,244.04,158.76
PTB.2023.229.23.29.58,PTB,2023.229.23.29.58,unlabelled,,,,,0,0,0.0,0.0,,,4.4770002365112305,-73.63700103759766,9.88,1.5,6.5395,-74.456333,260.0,245.48,158.25
PTB.2023.229.23.38.55,PTB,2023.229.23.38.55,unlabelled,,,,,0,0,0.0,0.0,,,4.416999816894531,-73.63800048828125,12.99,2.0,6.5395,-74.456333,260.0,251.62,158.84
PTB.2023.230.00.18.16,PTB,2023.230.00.18.16,unlabelled,,,,,0,0,0.0,0.0,,,4.258999824523926,-73.7239990234375,3.33,1.5,6.5395,-74.456333,260.0,264.92,162.12
PTB.2023.230.00.45.41,PTB,2023.230.00.45.41,unlabelled,,,,,0,0,0.0,0.0,,,4.23799991607666,-73.7959976196289,14.28,1.6,6.5395,-74.456333,260.0,264.82,163.92
PTB.2023.230.01.11.08,PTB,2023.230.01.11.08,unlabelled,,,,,0,0,0.0,0.0,,,4.495999813079834,-73.58200073242188,20.61,2.4,6.5395,-74.456333,260.0,245.87,156.75
PTB.2023.230.01.15.33,PTB,2023.230.01.15.33,unlabelled,,,,,0,0,0.0,0.0,,,4.420000076293945,-73.61399841308594,12.87,5.1,6.5395,-74.456333,260.0,252.28,158.24
PTB.2023.230.01.17.30,PTB,2023.230.01.17.30,unlabelled,,,,,0,0,0.0,0.0,,,4.408999919891357,-73.7750015258789,21.37,3.0,6.5395,-74.456333,260.0,247.4,162.2
PTB.2023.230.01.28.07,PTB,2023.230.01.28.07,unlabelled,,,,,0,0,0.0,0.0,,,4.335999965667725,-73.75,16.39,1.6,6.5395,-74.456333,260.0,255.94,162.16
PTB.2023.230.02.57.15,PTB,2023.230.02.57.15,unlabelled,,,,,0,0,0.0,0.0,,,4.39900016784668,-73.68000030517578,10.41,1.6,6.5395,-74.456333,260.0,251.85,159.99
PTB.2023.230.03.00.35,PTB,2023.230.03.00.35,unlabelled,,,,,0,0,0.0,0.0,,,4.400000095367432,-73.65599822998047,14.16,2.8,6.5395,-74.456333,260.0,252.67,159.41
PTB.2023.230.03.04.37,PTB,2023.230.03.04.37,unlabelled,,,,,0,0,0.0,0.0,,,4.4039998054504395,-73.677001953125,8.45,1.0,6.5395,-74.456333,260.0,251.45,159.87
PTB.2023.230.03.31.39,PTB,2023.230.03.31.39,unlabelled,,,,,0,0,0.0,0.0,,,4.379000186920166,-73.6780014038086,12.87,2.1,6.5395,-74.456333,260.0,254.01,160.11
PTB.2023.230.03.32.49,PTB,2023.230.03.32.49,unlabelled,,,,,0,0,0.0,0.0,,,4.571000099182129,-73.5459976196289,12.99,2.1,6.5395,-74.456333,260.0,239.92,155.09
PTB.2023.230.04.01.51,PTB,2023.230.04.01.51,unlabelled,,,,,0,0,0.0,0.0,,,4.21999979019165,-73.78299713134766,12.05,1.6,6.5395,-74.456333,260.0,267.13,163.75
PTB.2023.230.04.21.31,PTB,2023.230.04.21.31,unlabelled,,,,,0,0,0.0,0.0,,,4.321000099182129,-73.73999786376953,14.98,2.9,6.5395,-74.456333,260.0,257.85,162.03
PTB.2023.230.04.34.10,PTB,2023.230.04.34.10,unlabelled,,,,,0,0,0.0,0.0,,,4.3420000076293945,-73.71499633789062,13.11,2.7,6.5395,-74.456333,260.0,256.52,161.28
PTB.2023.230.04.42.58,PTB,2023.230.04.42.58,unlabelled,,,,,0,0,0.0,0.0,,,4.377999782562256,-73.68199920654297,11.46,1.7,6.5395,-74.456333,260.0,253.96,160.21
PTB.2023.230.05.34.58,PTB,2023.230.05.34.58,unlabelled,,,,,0,0,0.0,0.0,,,7.360000133514404,-75.49700164794922,2.69,1.5,6.5395,-74.456333,260.0,146.49,308.34
PTB.2023.230.06.11.57,PTB,2023.230.06.11.57,unlabelled,,,,,0,0,0.0,0.0,-3.94,,4.376999855041504,-73.68499755859375,19.08,2.5,6.5395,-74.456333,260.0,253.95,160.29
PTB.2023.230.06.12.07,PTB,2023.230.06.12.07,unlabelled,,,,,0,0,0.0,0.0,-5.74,-0.24,4.434000015258789,-73.68800354003906,17.32,2.7,6.5395,-74.456333,260.0,247.91,159.88
PTB.2023.230.07.17.05,PTB,2023.230.07.17.05,unlabelled,,,,,0,0,0.0,0.0,,,4.409999847412109,-73.63999938964844,12.75,1.8,6.5395,-74.456333,260.0,252.27,158.95
PTB.2023.230.08.22.14,PTB,2023.230.08.22.14,unlabelled,,,,,0,0,0.0,0.0,,,4.248000144958496,-73.68299865722656,15.8,1.8,6.5395,-74.456333,260.0,267.5,161.28
PTB.2023.230.08.22.33,PTB,2023.230.08.22.33,unlabelled,,,,,0,0,0.0,0.0,,,4.321000099182129,-73.73600006103516,14.63,1.3,6.5395,-74.456333,260.0,257.99,161.94
PTB.2023.230.08.24.41,PTB,2023.230.08.24.41,unlabelled,,,,,0,0,0.0,0.0,,,4.383999824523926,-73.68599700927734,14.34,2.5,6.5395,-74.456333,260.0,253.19,160.26
PTB.2023.230.08.33.16,PTB,2023.230.08.33.16,unlabelled,,,,,0,0,0.0,0.0,,,4.375999927520752,-73.7020034790039,11.58,1.6,6.5395,-74.456333,260.0,253.43,160.7
PTB.2023.230.09.19.48,PTB,2023.230.09.19.48,unlabelled,,,,,0,0,0.0,0.0,,,4.229000091552734,-73.76899719238281,17.91,1.8,6.5395,-74.456333,260.0,266.62,163.36
PTB.2023.230.09.38.25,PTB,2023.230.09.38.25,unlabelled,,,,,0,0,0.0,0.0,,,4.289000034332275,-73.75800323486328,13.87,3.2,6.5395,-74.456333,260.0,260.62,162.69
PTB.2023.230.10.50.37,PTB,2023.230.10.50.37,unlabelled,,,,,0,0,0.0,0.0,,,4.395999908447266,-73.65899658203125,16.74,2.1,6.5395,-74.456333,260.0,252.97,159.52
PTB.2023.230.11.12.00,PTB,2023.230.11.12.00,unlabelled,,,,,0,0,0.0,0.0,,,4.269000053405762,-73.7249984741211,16.04,1.7,6.5395,-74.456333,260.0,263.84,162.07
PTB.2023.230.11.30.27,PTB,2023.230.11.30.27,unlabelled,,,,,0,0,0.0,0.0,,,4.359000205993652,-73.66999816894531,15.57,1.9,6.5395,-74.456333,260.0,256.39,160.09
PTB.2023.230.12.06.34,PTB,2023.230.12.06.34,unlabelled,,,,,0,0,0.0,0.0,,,4.46999979019165,-73.58499908447266,16.15,2.8,6.5395,-74.456333,260.0,248.39,157.08
PTB.2023.230.12.49.50,PTB,2023.230.12.49.50,unlabelled,,,,,0,0,0.0,0.0,,,4.245999813079834,-73.76399993896484,13.4,2.0,6.5395,-74.456333,260.0,264.98,163.13
PTB.2023.230.13.21.44,PTB,2023.230.13.21.44,unlabelled,,,,,0,0,0.0,0.0,,,4.25600004196167,-73.79000091552734,14.75,1.5,6.5395,-74.456333,260.0,263.09,163.67
PTB.2023.230.13.45.37,PTB,2023.230.13.45.37,unlabelled,,,,,0,0,0.0,0.0,,,7.066999912261963,-72.2760009765625,1.0,1.5,6.5395,-74.456333,260.0,247.97,76.27
PTB.2023.230.13.54.33,PTB,2023.230.13.54.33,unlabelled,,,,,0,0,0.0,0.0,,,4.050000190734863,-76.02200317382812,17.38,1.8,6.5395,-74.456333,260.0,325.43,212.3
PTB.2023.230.19.47.43,PTB,2023.230.19.47.43,unlabelled,,,,,0,0,0.0,0.0,,,4.314000129699707,-73.74700164794922,19.02,1.9,6.5395,-74.456333,260.0,258.35,162.25
PTB.2023.230.20.47.16,PTB,2023.230.20.47.16,unlabelled,,,,,0,0,0.0,0.0,,,4.4029998779296875,-73.65599822998047,18.09,2.1,6.5395,-74.456333,260.0,252.36,159.39
PTB.2023.230.20.59.49,PTB,2023.230.20.59.49,unlabelled,,,,,0,0,0.0,0.0,,,4.298999786376953,-73.73100280761719,16.5,2.2,6.5395,-74.456333,260.0,260.48,161.99
PTB.2023.230.23.10.31,PTB,2023.230.23.10.31,unlabelled,,,,,0,0,0.0,0.0,,,7.73199987411499,-72.6709976196289,9.71,1.8,6.5395,-74.456333,260.0,237.24,56.12
PTB.2023.231.00.19.01,PTB,2023.231.00.19.01,unlabelled,,,,,0,0,0.0,0.0,,,4.395999908447266,-73.66300201416016,14.51,2.3,6.5395,-74.456333,260.0,252.81,159.61
PTB.2023.231.01.01.37,PTB,2023.231.01.01.37,unlabelled,,,,,0,0,0.0,0.0,,,6.1479997634887695,-72.58499908447266,13.05,2.0,6.5395,-74.456333,260.0,211.53,101.71
PTB.2023.231.02.04.44,PTB,2023.231.02.04.44,unlabelled,,,,,0,0,0.0,0.0,,,4.431000232696533,-73.59600067138672,0.01,2.6,6.5395,-74.456333,260.0,251.9,157.72
PTB.2023.231.02.44.23,PTB,2023.231.02.44.23,unlabelled,,,,,0,0,0.0,0.0,,,4.265999794006348,-73.74099731445312,15.45,1.5,6.5395,-74.456333,260.0,263.62,162.46
PTB.2023.231.04.34.10,PTB,2023.231.04.34.10,unlabelled,,,,,0,0,0.0,0.0,,,6.934000015258789,-77.13099670410156,20.97,1.6,6.5395,-74.456333,260.0,298.9,278.55
PTB.2023.231.07.36.07,PTB,2023.231.07.36.07,unlabelled,,,,,0,0,0.0,0.0,,,4.309000015258789,-73.73200225830078,16.04,1.9,6.5395,-74.456333,260.0,259.39,161.94
PTB.2023.231.09.57.24,PTB,2023.231.09.57.24,unlabelled,,,,,0,0,0.0,0.0,,,6.974999904632568,-76.21299743652344,18.14,1.7,6.5395,-74.456333,260.0,200.08,284.03
PTB.2023.231.11.27.36,PTB,2023.231.11.27.36,unlabelled,,,,,0,0,0.0,0.0,,,4.300000190734863,-73.73899841308594,16.04,3.0,6.5395,-74.456333,260.0,260.1,162.17
PTB.2023.231.11.41.53,PTB,2023.231.11.41.53,unlabelled,,,,,0,0,0.0,0.0,,,5.2129998207092285,-73.1449966430664,13.05,1.7,6.5395,-74.456333,260.0,206.41,135.22
PTB.2023.231.11.56.45,PTB,2023.231.11.56.45,unlabelled,,,,,0,0,0.0,0.0,,,4.250999927520752,-73.73100280761719,15.92,2.8,6.5395,-74.456333,260.0,265.53,162.34
PTB.2023.231.12.04.40,PTB,2023.231.12.04.40,unlabelled,,,,,0,0,0.0,0.0,,,4.401000022888184,-73.68399810791016,13.11,1.5,6.5395,-74.456333,260.0,251.49,160.07
PTB.2023.231.15.56.58,PTB,2023.231.15.56.58,unlabelled,,,,,0,0,0.0,0.0,,,4.508999824523926,-73.56900024414062,15.04,1.8,6.5395,-74.456333,260.0,245.12,156.31
PTB.2023.231.16.10.32,PTB,2023.231.16.10.32,unlabelled,,,,,0,0,0.0,0.0,,,4.65500020980835,-73.4020004272461,19.02,1.5,6.5395,-74.456333,260.0,238.9,150.68
PTB.2023.231.16.58.37,PTB,2023.231.16.58.37,unlabelled,,,,,0,0,0.0,0.0,,,4.64900016784668,-73.38300323486328,19.26,1.8,6.5395,-74.456333,260.0,240.51,150.31
PTB.2023.231.17.03.14,PTB,2023.231.17.03.14,unlabelled,,,,,0,0,0.0,0.0,,,4.642000198364258,-73.4020004272461,19.02,1.6,6.5395,-74.456333,260.0,240.16,150.84
PTB.2023.231.17.56.23,PTB,2023.231.17.56.23,unlabelled,,,,,0,0,0.0,0.0,,,4.396999835968018,-73.7030029296875,12.23,1.6,6.5395,-74.456333,260.0,251.2,160.55
PTB.2023.231.18.42.07,PTB,2023.231.18.42.07,unlabelled,,,,,0,0,0.0,0.0,,,4.613999843597412,-73.38099670410156,18.14,2.0,6.5395,-74.456333,260.0,243.99,150.72
PTB.2023.231.18.46.45,PTB,2023.231.18.46.45,unlabelled,,,,,0,0,0.0,0.0,,,7.73199987411499,-73.88800048828125,0.0,1.5,6.5395,-74.456333,260.0,146.06,25.42
PTB.2023.231.21.46.38,PTB,2023.231.21.46.38,unlabelled,,,,,0,0,0.0,0.0,,,4.285999774932861,-73.75700378417969,15.45,2.2,6.5395,-74.456333,260.0,260.97,162.69
PTB.2023.231.22.43.02,PTB,2023.231.22.43.02,unlabelled,,,,,0,0,0.0,0.0,,,7.0279998779296875,-77.0780029296875,31.21,2.0,6.5395,-74.456333,260.0,294.8,280.71
PTB.2023.231.22.53.17,PTB,2023.231.22.53.17,unlabelled,,,,,0,0,0.0,0.0,,,4.377999782562256,-73.68699645996094,16.74,2.4,6.5395,-74.456333,260.0,253.78,160.33
PTB.2023.231.22.53.34,PTB,2023.231.22.53.34,unlabelled,,,,,0,0,0.0,0.0,,,4.4670000076293945,-73.61199951171875,10.88,2.1,6.5395,-74.456333,260.0,247.55,157.75
PTB.2023.232.01.43.57,PTB,2023.232.01.43.57,unlabelled,,,,,0,0,0.0,0.0,,,4.4730000495910645,-73.62899780273438,13.46,1.7,6.5395,-74.456333,260.0,246.22,158.1
PTB.2023.232.02.10.07,PTB,2023.232.02.10.07,unlabelled,,,,,0,0,0.0,0.0,,,4.317999839782715,-73.73799896240234,16.74,2.9,6.5395,-74.456333,260.0,258.24,162.01
PTB.2023.232.04.46.30,PTB,2023.232.04.46.30,unlabelled,,,,,0,0,0.0,0.0,,,4.381999969482422,-73.68800354003906,17.32,2.5,6.5395,-74.456333,260.0,253.32,160.32
PTB.2023.232.05.30.32,PTB,2023.232.05.30.32,unlabelled,,,,,0,0,0.0,0.0,,,7.056000232696533,-76.44599914550781,11.67,1.5,6.5395,-74.456333,260.0,227.24,284.67
PTB.2023.232.05.55.29,PTB,2023.232.05.55.29,unlabelled,,,,,0,0,0.0,0.0,,,4.261000156402588,-73.75800323486328,16.45,2.3,6.5395,-74.456333,260.0,263.58,162.89
PTB.2023.232.06.45.59,PTB,2023.232.06.45.59,unlabelled,,,,,0,0,0.0,0.0,,,4.364999771118164,-73.697998046875,11.99,1.6,6.5395,-74.456333,260.0,254.73,160.7
PTB.2023.232.07.37.52,PTB,2023.232.07.37.52,unlabelled,,,,,0,0,0.0,0.0,,,4.291999816894531,-73.75199890136719,16.62,2.2,6.5395,-74.456333,260.0,260.51,162.53
PTB.2023.232.08.41.35,PTB,2023.232.08.41.35,unlabelled,,,,,0,0,0.0,0.0,,,5.448999881744385,-73.86699676513672,4.18,1.5,6.5395,-74.456333,260.0,137.11,151.55
PTB.2023.232.09.17.23,PTB,2023.232.09.17.23,unlabelled,,,,,0,0,0.0,0.0,,,4.355999946594238,-73.70500183105469,10.03,1.9,6.5395,-74.456333,260.0,255.41,160.94
PTB.2023.232.09.19.21,PTB,2023.232.09.19.21,unlabelled,,,,,0,0,0.0,0.0,,,4.355999946594238,-73.697998046875,15.98,2.1,6.5395,-74.456333,260.0,255.67,160.77
PTB.2023.232.09.36.13,PTB,2023.232.09.36.13,unlabelled,,,,,0,0,0.0,0.0,,,6.86299991607666,-76.30000305175781,19.26,1.7,6.5395,-74.456333,260.0,206.96,280.06
PTB.2023.232.13.09.26,PTB,2023.232.13.09.26,unlabelled,,,,,0,0,0.0,0.0,,,4.39300012588501,-73.66799926757812,18.26,2.1,6.5395,-74.456333,260.0,252.93,159.76
PTB.2023.232.13.09.29,PTB,2023.232.13.09.29,unlabelled,,,,,0,0,0.0,0.0,,,4.39300012588501,-73.71600341796875,15.8,2.0,6.5395,-74.456333,260.0,251.15,160.9
PTB.2023.232.16.20.06,PTB,2023.232.16.20.06,unlabelled,,,,,0,0,0.0,0.0,,,4.460000038146973,-73.62799835205078,14.86,1.9,6.5395,-74.456333,260.0,247.6,158.2
PTB.2023.232.16.54.03,PTB,2023.232.16.54.03,unlabelled,,,,,0,0,0.0,0.0,,,6.860000133514404,-76.29299926757812,19.02,1.5,6.5395,-74.456333,260.0,206.14,280.01
PTB.2023.232.17.10.41,PTB,2023.232.17.10.41,unlabelled,,,,,0,0,0.0,0.0,,,5.125,-73.10800170898438,19.02,1.6,6.5395,-74.456333,260.0,216.25,136.26
PTB.2023.232.19.17.55,PTB,2023.232.19.17.55,unlabelled,,,,,0,0,0.0,0.0,,,4.283999919891357,-73.73500061035156,15.51,1.9,6.5395,-74.456333,260.0,261.92,162.19
PTB.2023.232.19.25.42,PTB,2023.232.19.25.42,unlabelled,,,,,0,0,0.0,0.0,,,7.394000053405762,-76.1510009765625,15.98,1.7,6.5395,-74.456333,260.0,209.76,296.88
PTB.2023.232.21.19.54,PTB,2023.232.21.19.54,unlabelled,,,,,0,0,0.0,0.0,,,4.252999782562256,-73.77899932861328,12.64,1.6,6.5395,-74.456333,260.0,263.76,163.43
PTB.2023.233.02.19.31,PTB,2023.233.02.19.31,unlabelled,,,,,0,0,0.0,0.0,,,5.997000217437744,-72.4020004272461,19.73,2.3,6.5395,-74.456333,260.0,235.11,104.67
PTB.2023.233.02.28.13,PTB,2023.233.02.28.13,unlabelled,,,,,0,0,0.0,0.0,,,4.302000045776367,-73.74299621582031,16.62,2.7,6.5395,-74.456333,260.0,259.75,162.25
PTB.2023.233.05.59.20,PTB,2023.233.05.59.20,unlabelled,,,,,0,0,0.0,0.0,-3.77,,4.434000015258789,-73.66300201416016,12.05,1.7,6.5395,-74.456333,260.0,248.88,159.28
PTB.2023.233.06.52.21,PTB,2023.233.06.52.21,unlabelled,,,,,0,0,0.0,0.0,,,7.256999969482422,-73.89700317382812,28.35,1.5,6.5395,-74.456333,260.0,100.59,37.89
PTB.2023.233.09.39.48,PTB,2023.233.09.39.48,unlabelled,,,,,0,0,0.0,0.0,,,4.38700008392334,-73.68099975585938,12.17,1.9,6.5395,-74.456333,260.0,253.06,160.11
PTB.2023.233.10.03.45,PTB,2023.233.10.03.45,unlabelled,,,,,0,0,0.0,0.0,,,4.385000228881836,-73.68000030517578,18.14,2.4,6.5395,-74.456333,260.0,253.31,160.11
PTB.2023.233.10.46.05,PTB,2023.233.10.46.05,unlabelled,,,,,0,0,0.0,0.0,,,4.260000228881836,-73.76599884033203,18.96,2.0,6.5395,-74.456333,260.0,263.43,163.08
PTB.2023.233.14.05.38,PTB,2023.233.14.05.38,unlabelled,,,,,0,0,0.0,0.0,,,4.478000164031982,-73.65399932861328,14.16,1.5,6.5395,-74.456333,260.0,244.69,158.65
PTB.2023.233.14.53.27,PTB,2023.233.14.53.27,unlabelled,,,,,0,0,0.0,0.0,,,4.410999774932861,-73.66600036621094,11.23,1.7,6.5395,-74.456333,260.0,251.14,159.55
PTB.2023.233.16.27.12,PTB,2023.233.16.27.12,unlabelled,,,,,0,0,0.0,0.0,,,4.433000087738037,-73.62999725341797,14.98,2.0,6.5395,-74.456333,260.0,250.3,158.5
PTB.2023.234.02.31.25,PTB,2023.234.02.31.25,unlabelled,,,,,0,0,0.0,0.0,,,5.620999813079834,-72.8479995727539,18.91,1.8,6.5395,-74.456333,260.0,204.97,119.62
PTB.2023.234.02.33.29,PTB,2023.234.02.33.29,unlabelled,,,,,0,0,0.0,0.0,,,7.138999938964844,-77.05000305175781,37.42,1.5,6.5395,-74.456333,260.0,294.25,283.17
PTB.2023.234.02.38.07,PTB,2023.234.02.38.07,unlabelled,,,,,0,0,0.0,0.0,,,5.609000205993652,-72.91100311279297,10.0,1.9,6.5395,-74.456333,260.0,199.63,120.94
PTB.2023.234.02.51.28,PTB,2023.234.02.51.28,unlabelled,,,,,0,0,0.0,0.0,,,5.577000141143799,-72.96199798583984,19.61,1.8,6.5395,-74.456333,260.0,196.71,122.68
PTB.2023.234.02.52.42,PTB,2023.234.02.52.42,unlabelled,,,,,0,0,0.0,0.0,,,5.578999996185303,-72.97699737548828,13.28,1.7,6.5395,-74.456333,260.0,195.19,122.89
PTB.2023.234.03.39.48,PTB,2023.234.03.39.48,unlabelled,,,,,0,0,0.0,0.0,,,6.857999801635742,-76.18399810791016,17.85,1.5,6.5395,-74.456333,260.0,194.24,280.55
PTB.2023.234.03.41.01,PTB,2023.234.03.41.01,unlabelled,,,,,0,0,0.0,0.0,,,5.598999977111816,-72.87899780273438,15.98,2.0,6.5395,-74.456333,260.0,203.24,120.69
PTB.2023.234.04.21.55,PTB,2023.234.04.21.55,unlabelled,,,,,0,0,0.0,0.0,,,5.645999908447266,-72.81900024414062,20.66,1.7,6.5395,-74.456333,260.0,206.43,118.51
PTB.2023.234.06.53.20,PTB,2023.234.06.53.20,unlabelled,,,,,0,0,0.0,0.0,,,4.2779998779296875,-73.7509994506836,15.33,1.9,6.5395,-74.456333,260.0,262.02,162.61
PTB.2023.234.07.43.01,PTB,2023.234.07.43.01,unlabelled,,,,,0,0,0.0,0.0,,,6.931000232696533,-76.26000213623047,12.99,1.8,6.5395,-74.456333,260.0,204.05,282.35
PTB.2023.234.08.09.59,PTB,2023.234.08.09.59,unlabelled,,,,,0,0,0.0,0.0,,,4.3429999351501465,-73.72200012207031,12.99,1.7,6.5395,-74.456333,260.0,256.17,161.44
PTB.2023.234.09.50.55,PTB,2023.234.09.50.55,unlabelled,,,,,0,0,0.0,0.0,,,4.441999912261963,-73.63400268554688,11.82,1.8,6.5395,-74.456333,260.0,249.21,158.51
PTB.2023.234.10.23.09,PTB,2023.234.10.23.09,unlabelled,,,,,0,0,0.0,0.0,,,4.489999771118164,-73.56400299072266,17.32,3.5,6.5395,-74.456333,260.0,247.27,156.39
PTB.2023.234.15.15.59,PTB,2023.234.15.15.59,unlabelled,,,,,0,0,0.0,0.0,,,6.460000038146973,-76.73799896240234,3.57,1.8,6.5395,-74.456333,260.0,252.52,268.13
PTB.2023.234.20.08.16,PTB,2023.234.20.08.16,unlabelled,,,,,0,0,0.0,0.0,,,3.5490000247955322,-74.49600219726562,18.96,2.6,6.5395,-74.456333,260.0,330.73,180.76
PTB.2023.234.21.43.12,PTB,2023.234.21.43.12,unlabelled,,,,,0,0,0.0,0.0,,,7.599999904632568,-73.71399688720703,5.43,1.5,6.5395,-74.456333,260.0,143.11,34.92
PTB.2023.235.10.54.41,PTB,2023.235.10.54.41,unlabelled,,,,,0,0,0.0,0.0,,,5.639999866485596,-73.00900268554688,13.05,1.7,6.5395,-74.456333,260.0,188.58,121.76
PTB.2023.235.18.26.33,PTB,2023.235.18.26.33,unlabelled,,,,,0,0,0.0,0.0,,,7.038000106811523,-76.3030014038086,18.55,1.7,6.5395,-74.456333,260.0,211.45,285.22
PTB.2023.235.22.57.31,PTB,2023.235.22.57.31,unlabelled,,,,,0,0,0.0,0.0,,,6.9679999351501465,-76.28099822998047,22.77,1.8,6.5395,-74.456333,260.0,207.21,283.33
PTB.2023.236.00.25.22,PTB,2023.236.00.25.22,unlabelled,,,,,0,0,0.0,0.0,,,4.47599983215332,-73.63300323486328,10.67,1.8,6.5395,-74.456333,260.0,245.75,158.17
PTB.2023.236.00.55.00,PTB,2023.236.00.55.00,unlabelled,,,,,0,0,0.0,0.0,,,4.413000106811523,-73.6760025024414,9.91,1.6,6.5395,-74.456333,260.0,250.55,159.77
PTB.2023.236.06.59.08,PTB,2023.236.06.59.08,unlabelled,,,,,0,0,0.0,0.0,,,4.394999980926514,-73.66000366210938,12.52,2.6,6.5395,-74.456333,260.0,253.03,159.55
PTB.2023.236.12.22.56,PTB,2023.236.12.22.56,unlabelled,,,,,0,0,0.0,0.0,,,4.271999835968018,-73.77400207519531,15.42,2.9,6.5395,-74.456333,260.0,261.9,163.18
PTB.2023.236.20.40.34,PTB,2023.236.20.40.34,unlabelled,,,,,0,0,0.0,0.0,,,6.9679999351501465,-76.2509994506836,19.49,2.0,6.5395,-74.456333,260.0,203.98,283.54
PTB.2023.236.21.13.53,PTB,2023.236.21.13.53,unlabelled,,,,,0,0,0.0,0.0,,,6.960000038146973,-76.22100067138672,17.38,1.5,6.5395,-74.456333,260.0,200.55,283.51
PTB.2023.236.22.14.09,PTB,2023.236.22.14.09,unlabelled,,,,,0,0,0.0,0.0,,,7.005000114440918,-76.2750015258789,17.21,1.9,6.5395,-74.456333,260.0,207.54,284.47
PTB.2023.237.02.01.31,PTB,2023.237.02.01.31,unlabelled,,,,,0,0,0.0,0.0,,,7.006999969482422,-76.29399871826172,15.98,1.5,6.5395,-74.456333,260.0,209.62,284.39
PTB.2023.237.03.50.30,PTB,2023.237.03.50.30,unlabelled,,,,,0,0,0.0,0.0,,,6.941999912261963,-76.2979965209961,21.07,1.6,6.5395,-74.456333,260.0,208.41,282.44
PTB.2023.237.04.26.03,PTB,2023.237.04.26.03,unlabelled,,,,,0,0,0.0,0.0,,,5.61899995803833,-72.90799713134766,-0.01,1.9,6.5395,-74.456333,260.0,199.35,120.62
PTB.2023.237.04.26.07,PTB,2023.237.04.26.07,unlabelled,,,,,0,0,0.0,0.0,,,4.265999794006348,-73.74400329589844,12.72,2.2,6.5395,-74.456333,260.0,263.52,162.53
PTB.2023.237.07.56.51,PTB,2023.237.07.56.51,unlabelled,,,,,0,0,0.0,0.0,,,4.414000034332275,-73.65399932861328,10.79,2.0,6.5395,-74.456333,260.0,251.3,159.24
PTB.2023.237.12.23.16,PTB,2023.237.12.23.16,unlabelled,,,,,0,0,0.0,0.0,,,4.502999782562256,-73.5979995727539,11.0,2.0,6.5395,-74.456333,260.0,244.46,157.06
PTB.2023.237.14.51.32,PTB,2023.237.14.51.32,unlabelled,,,,,0,0,0.0,0.0,,,6.998000144958496,-76.23600006103516,17.38,1.8,6.5395,-74.456333,260.0,203.17,284.56
PTB.2023.237.20.21.38,PTB,2023.237.20.21.38,unlabelled,,,,,0,0,0.0,0.0,,,7.354000091552734,-76.12699890136719,19.02,3.0,6.5395,-74.456333,260.0,205.42,296.11
PTB.2023.237.22.23.46,PTB,2023.237.22.23.46,unlabelled,,,,,0,0,0.0,0.0,,,4.38100004196167,-73.68800354003906,13.02,2.9,6.5395,-74.456333,260.0,253.43,160.33
PTB.2023.238.01.36.54,PTB,2023.238.01.36.54,unlabelled,,,,,0,0,0.0,0.0,,,4.341000080108643,-73.71299743652344,13.02,2.4,6.5395,-74.456333,260.0,256.7,161.25
PTB.2023.238.03.34.20,PTB,2023.238.03.34.20,unlabelled,,,,,0,0,0.0,0.0,,,4.416999816894531,-73.72699737548828,4.7,2.4,6.5395,-74.456333,260.0,248.24,160.96
PTB.2023.238.15.54.02,PTB,2023.238.15.54.02,unlabelled,,,,,0,0,0.0,0.0,,,5.622000217437744,-72.84100341796875,15.98,1.8,6.5395,-74.456333,260.0,205.59,119.48
PTB.2023.238.22.40.54,PTB,2023.238.22.40.54,unlabelled,,,,,0,0,0.0,0.0,,,6.849999904632568,-76.33200073242188,16.45,1.5,6.5395,-74.456333,260.0,210.21,279.51
PTB.2023.239.04.09.56,PTB,2023.239.04.09.56,unlabelled,,,,,0,0,0.0,0.0,,,5.114999771118164,-74.82099914550781,30.45,2.0,6.5395,-74.456333,260.0,162.62,194.4
PTB.2023.239.05.50.08,PTB,2023.239.05.50.08,unlabelled,,,,,0,0,0.0,0.0,,,4.4029998779296875,-73.66300201416016,10.09,1.5,6.5395,-74.456333,260.0,252.09,159.55
PTB.2023.239.08.57.43,PTB,2023.239.08.57.43,unlabelled,,,,,0,0,0.0,0.0,,,4.5279998779296875,-75.64299774169922,12.49,2.4,6.5395,-74.456333,260.0,258.39,210.65
PTB.2023.239.20.50.39,PTB,2023.239.20.50.39,unlabelled,,,,,0,0,0.0,0.0,,,4.355999946594238,-73.70500183105469,10.03,1.9,6.5395,-74.456333,260.0,255.41,160.94
PTB.2023.239.21.44.52,PTB,2023.239.21.44.52,unlabelled,,,,,0,0,0.0,0.0,,,5.3379998207092285,-76.69000244140625,10.06,2.3,6.5395,-74.456333,260.0,280.75,241.87
PTB.2023.239.21.45.11,PTB,2023.239.21.45.11,unlabelled,,,,,0,0,0.0,0.0,,,5.375999927520752,-76.76499938964844,5.6,5.8,6.5395,-74.456333,260.0,286.17,243.4
PTB.2023.239.21.48.40,PTB,2023.239.21.48.40,unlabelled,,,,,0,0,0.0,0.0,,,5.216000080108643,-76.66899871826172,0.86,3.4,6.5395,-74.456333,260.0,285.41,239.27
PTB.2023.239.21.50.09,PTB,2023.239.21.50.09,unlabelled,,,,,0,0,0.0,0.0,,,5.329999923706055,-76.63899993896484,0.0,3.3,6.5395,-74.456333,260.0,276.22,241.15
PTB.2023.239.21.58.43,PTB,2023.239.21.58.43,unlabelled,,,,,0,0,0.0,0.0,,,5.4070000648498535,-76.68199920654297,5.68,2.2,6.5395,-74.456333,260.0,276.42,243.18
PTB.2023.239.22.09.07,PTB,2023.239.22.09.07,unlabelled,,,,,0,0,0.0,0.0,,,5.349999904632568,-76.6729965209961,0.0,2.0,6.5395,-74.456333,260.0,278.46,241.93
PTB.2023.239.22.16.02,PTB,2023.239.22.16.02,unlabelled,,,,,0,0,0.0,0.0,,,5.355999946594238,-76.6780014038086,0.0,2.3,6.5395,-74.456333,260.0,278.64,242.1
PTB.2023.239.22.22.18,PTB,2023.239.22.22.18,unlabelled,,,,,0,0,0.0,0.0,,,5.323999881744385,-76.79399871826172,15.8,2.3,6.5395,-74.456333,260.0,291.66,242.68
PTB.2023.239.22.23.51,PTB,2023.239.22.23.51,unlabelled,,,,,0,0,0.0,0.0,,,5.348999977111816,-76.70600128173828,18.21,1.8,6.5395,-74.456333,260.0,281.74,242.26
PTB.2023.239.22.25.37,PTB,2023.239.22.25.37,unlabelled,,,,,0,0,0.0,0.0,,,5.293000221252441,-76.72599792480469,17.39,1.8,6.5395,-74.456333,260.0,286.64,241.38
PTB.2023.239.23.15.13,PTB,2023.239.23.15.13,unlabelled,,,,,0,0,0.0,0.0,,,6.980999946594238,-76.22100067138672,17.85,1.7,6.5395,-74.456333,260.0,201.1,284.15
PTB.2023.239.23.47.18,PTB,2023.239.23.47.18,unlabelled,,,,,0,0,0.0,0.0,,,5.330999851226807,-76.69000244140625,2.29,1.8,6.5395,-74.456333,260.0,281.12,241.73
PTB.2023.239.23.58.30,PTB,2023.239.23.58.30,unlabelled,,,,,0,0,0.0,0.0,,,5.348999977111816,-76.66899871826172,3.93,1.6,6.5395,-74.456333,260.0,278.13,241.87
PTB.2023.240.00.44.47,PTB,2023.240.00.44.47,unlabelled,,,,,0,0,0.0,0.0,,,5.3470001220703125,-76.66799926757812,1.0,2.6,6.5395,-74.456333,260.0,278.13,241.82
PTB.2023.240.01.20.41,PTB,2023.240.01.20.41,unlabelled,,,,,0,0,0.0,0.0,,,5.355000019073486,-76.66699981689453,0.0,2.1,6.5395,-74.456333,260.0,277.62,241.96
PTB.2023.240.02.01.34,PTB,2023.240.02.01.34,unlabelled,,,,,0,0,0.0,0.0,,,5.206999778747559,-76.66100311279297,0.0,2.2,6.5395,-74.456333,260.0,285.16,239.0
PTB.2023.240.02.08.38,PTB,2023.240.02.08.38,unlabelled,,,,,0,0,0.0,0.0,,,5.366000175476074,-76.6719970703125,0.0,2.1,6.5395,-74.456333,260.0,277.53,242.24
PTB.2023.240.02.41.55,PTB,2023.240.02.41.55,unlabelled,,,,,0,0,0.0,0.0,,,5.343999862670898,-76.62699890136719,0.01,1.7,6.5395,-74.456333,260.0,274.31,241.3
PTB.2023.240.02.45.35,PTB,2023.240.02.45.35,unlabelled,,,,,0,0,0.0,0.0,,,4.422999858856201,-73.66000366210938,12.14,2.2,6.5395,-74.456333,260.0,250.13,159.3
PTB.2023.240.03.25.18,PTB,2023.240.03.25.18,unlabelled,,,,,0,0,0.0,0.0,,,5.4079999923706055,-76.7030029296875,0.0,1.9,6.5395,-74.456333,260.0,278.44,243.42
PTB.2023.240.04.11.38,PTB,2023.240.04.11.38,unlabelled,,,,,0,0,0.0,0.0,,,5.353000164031982,-76.68399810791016,16.22,2.1,6.5395,-74.456333,260.0,279.38,242.11
PTB.2023.240.04.52.37,PTB,2023.240.04.52.37,unlabelled,,,,,0,0,0.0,0.0,,,5.34499979019165,-76.7040023803711,9.76,1.6,6.5395,-74.456333,260.0,281.75,242.16
PTB.2023.240.04.54.52,PTB,2023.240.04.54.52,unlabelled,,,,,0,0,0.0,0.0,,,5.329999923706055,-76.7020034790039,21.25,1.7,6.5395,-74.456333,260.0,282.34,241.84
PTB.2023.240.04.57.41,PTB,2023.240.04.57.41,unlabelled,,,,,0,0,0.0,0.0,,,5.381999969482422,-76.70899963378906,10.6,2.1,6.5395,-74.456333,260.0,280.34,242.95
PTB.2023.240.05.06.55,PTB,2023.240.05.06.55,unlabelled,,,,,0,0,0.0,0.0,,,5.3379998207092285,-76.63800048828125,0.0,1.7,6.5395,-74.456333,260.0,275.69,241.3
PTB.2023.240.05.24.31,PTB,2023.240.05.24.31,unlabelled,,,,,0,0,0.0,0.0,,,5.357999801635742,-76.6989974975586,3.98,1.8,6.5395,-74.456333,260.0,280.59,242.37
PTB.2023.240.05.44.12,PTB,2023.240.05.44.12,unlabelled,,,,,0,0,0.0,0.0,,,5.3480000495910645,-76.70600128173828,4.23,2.0,6.5395,-74.456333,260.0,281.79,242.24
PTB.2023.240.06.03.50,PTB,2023.240.06.03.50,unlabelled,,,,,0,0,0.0,0.0,,,5.335000038146973,-76.75599670410156,0.2,2.3,6.5395,-74.456333,260.0,287.36,242.51
PTB.2023.240.07.32.13,PTB,2023.240.07.32.13,unlabelled,,,,,0,0,0.0,0.0,,,5.355999946594238,-76.71499633789062,0.25,1.9,6.5395,-74.456333,260.0,282.26,242.5
PTB.2023.240.07.40.05,PTB,2023.240.07.40.05,unlabelled,,,,,0,0,0.0,0.0,,,5.355999946594238,-76.63899993896484,0.0,1.7,6.5395,-74.456333,260.0,274.83,241.68
PTB.2023.240.08.04.13,PTB,2023.240.08.04.13,unlabelled,,,,,0,0,0.0,0.0,,,6.929999828338623,-76.34100341796875,17.38,2.2,6.5395,-74.456333,260.0,212.79,281.82
PTB.2023.240.09.19.00,PTB,2023.240.09.19.00,unlabelled,,,,,0,0,0.0,0.0,,,5.35099983215332,-76.67500305175781,16.25,1.5,6.5395,-74.456333,260.0,278.61,241.97
PTB.2023.240.10.18.02,PTB,2023.240.10.18.02,unlabelled,,,,,0,0,0.0,0.0,-3.2,,5.310999870300293,-76.68900299072266,0.0,2.5,6.5395,-74.456333,260.0,282.09,241.33
PTB.2023.240.10.51.28,PTB,2023.240.10.51.28,unlabelled,,,,,0,0,0.0,0.0,,,5.321000099182129,-76.70800018310547,16.85,2.0,6.5395,-74.456333,260.0,283.4,241.73
PTB.2023.240.11.23.24,PTB,2023.240.11.23.24,unlabelled,,,,,0,0,0.0,0.0,,,7.052999973297119,-76.13600158691406,30.0,1.5,6.5395,-74.456333,260.0,194.16,287.1
PTB.2023.240.15.14.13,PTB,2023.240.15.14.13,unlabelled,,,,,0,0,0.0,0.0,,,5.333000183105469,-76.6709976196289,0.0,2.8,6.5395,-74.456333,260.0,279.16,241.57
PTB.2023.240.15.17.43,PTB,2023.240.15.17.43,unlabelled,,,,,0,0,0.0,0.0,,,5.38700008392334,-76.73899841308594,0.0,2.7,6.5395,-74.456333,260.0,283.05,243.36
PTB.2023.240.15.35.16,PTB,2023.240.15.35.16,unlabelled,,,,,0,0,0.0,0.0,,,5.3480000495910645,-76.68399810791016,-0.2,1.8,6.5395,-74.456333,260.0,279.64,242.01
PTB.2023.240.16.32.26,PTB,2023.240.16.32.26,unlabelled,,,,,0,0,0.0,0.0,,,5.349999904632568,-76.7249984741211,0.0,2.3,6.5395,-74.456333,260.0,283.55,242.48
PTB.2023.240.16.45.43,PTB,2023.240.16.45.43,unlabelled,,,,,0,0,0.0,0.0,,,5.335000038146973,-76.68399810791016,0.0,2.3,6.5395,-74.456333,260.0,280.32,241.75
PTB.2023.240.17.14.17,PTB,2023.240.17.14.17,unlabelled,,,,,0,0,0.0,0.0,,,5.355000019073486,-76.68199920654297,2.17,1.9,6.5395,-74.456333,260.0,279.08,242.13
PTB.2023.240.17.22.27,PTB,2023.240.17.22.27,unlabelled,,,,,0,0,0.0,0.0,,,5.322999954223633,-76.68299865722656,2.84,2.2,6.5395,-74.456333,260.0,280.86,241.5
PTB.2023.240.17.47.46,PTB,2023.240.17.47.46,unlabelled,,,,,0,0,0.0,0.0,,,5.3460001945495605,-76.71099853515625,11.34,1.7,6.5395,-74.456333,260.0,282.39,242.26
PTB.2023.240.19.16.16,PTB,2023.240.19.16.16,unlabelled,,,,,0,0,0.0,0.0,,,5.317999839782715,-76.65299987792969,8.87,2.5,6.5395,-74.456333,260.0,278.22,241.07
PTB.2023.240.21.17.30,PTB,2023.240.21.17.30,unlabelled,,,,,0,0,0.0,0.0,,,5.3480000495910645,-76.6709976196289,0.0,2.2,6.5395,-74.456333,260.0,278.37,241.87
PTB.2023.240.22.09.31,PTB,2023.240.22.09.31,unlabelled,,,,,0,0,0.0,0.0,,,6.876999855041504,-72.21299743652344,15.98,2.0,6.5395,-74.456333,260.0,250.82,81.31
PTB.2023.241.01.35.38,PTB,2023.241.01.35.38,unlabelled,,,,,0,0,0.0,0.0,,,4.738999843597412,-76.08699798583984,18.73,2.8,6.5395,-74.456333,260.0,268.84,222.3
PTB.2023.241.02.09.04,PTB,2023.241.02.09.04,unlabelled,,,,,0,0,0.0,0.0,,,5.339000225067139,-76.64199829101562,4.83,1.8,6.5395,-74.456333,260.0,276.03,241.37
PTB.2023.241.02.20.24,PTB,2023.241.02.20.24,unlabelled,,,,,0,0,0.0,0.0,,,5.311999797821045,-76.65699768066406,3.41,1.6,6.5395,-74.456333,260.0,278.93,241.0
PTB.2023.241.02.50.56,PTB,2023.241.02.50.56,unlabelled,,,,,0,0,0.0,0.0,,,4.7230000495910645,-76.10099792480469,11.76,1.5,6.5395,-74.456333,260.0,271.2,222.29
PTB.2023.241.04.02.27,PTB,2023.241.04.02.27,unlabelled,,,,,0,0,0.0,0.0,,,5.3429999351501465,-76.65299987792969,4.0,1.7,6.5395,-74.456333,260.0,276.88,241.57
PTB.2023.241.04.10.54,PTB,2023.241.04.10.54,unlabelled,,,,,0,0,0.0,0.0,,,5.309000015258789,-76.71399688720703,11.78,1.8,6.5395,-74.456333,260.0,284.62,241.56
PTB.2023.241.11.04.48,PTB,2023.241.11.04.48,unlabelled,,,,,0,0,0.0,0.0,-3.0,,5.369999885559082,-76.6760025024414,8.83,1.9,6.5395,-74.456333,260.0,277.72,242.36
PTB.2023.241.11.20.26,PTB,2023.241.11.20.26,unlabelled,,,,,0,0,0.0,0.0,,,4.379000186920166,-73.68699645996094,14.48,2.4,6.5395,-74.456333,260.0,253.67,160.32
PTB.2023.241.11.22.49,PTB,2023.241.11.22.49,unlabelled,,,,,0,0,0.0,0.0,,,5.386000156402588,-76.6709976196289,0.0,1.9,6.5395,-74.456333,260.0,276.4,242.63
PTB.2023.241.11.57.10,PTB,2023.241.11.57.10,unlabelled,,,,,0,0,0.0,0.0,,,6.857999801635742,-76.41899871826172,2.32,1.6,6.5395,-74.456333,260.0,219.84,279.33
PTB.2023.241.14.29.23,PTB,2023.241.14.29.23,unlabelled,,,,,0,0,0.0,0.0,,,5.34499979019165,-76.677001953125,0.0,1.9,6.5395,-74.456333,260.0,279.12,241.87
PTB.2023.241.15.38.16,PTB,2023.241.15.38.16,unlabelled,,,,,0,0,0.0,0.0,,,5.285999774932861,-76.65899658203125,28.16,2.0,6.5395,-74.456333,260.0,280.54,240.51
PTB.2023.241.17.07.14,PTB,2023.241.17.07.14,unlabelled,,,,,0,0,0.0,0.0,,,5.318999767303467,-76.69300079345703,9.16,1.9,6.5395,-74.456333,260.0,282.05,241.53
PTB.2023.241.17.43.02,PTB,2023.241.17.43.02,unlabelled,,,,,0,0,0.0,0.0,,,7.1529998779296875,-72.2249984741211,15.98,1.6,6.5395,-74.456333,260.0,255.79,74.49
PTB.2023.241.18.53.27,PTB,2023.241.18.53.27,unlabelled,,,,,0,0,0.0,0.0,,,5.318999767303467,-76.7300033569336,2.31,2.0,6.5395,-74.456333,260.0,285.65,241.92
PTB.2023.241.19.51.39,PTB,2023.241.19.51.39,unlabelled,,,,,0,0,0.0,0.0,,,5.585000038146973,-73.06400299072266,15.39,1.5,6.5395,-74.456333,260.0,186.81,124.33
PTB.2023.241.21.03.18,PTB,2023.241.21.03.18,unlabelled,,,,,0,0,0.0,0.0,,,4.276000022888184,-73.7770004272461,14.8,1.7,6.5395,-74.456333,260.0,261.38,163.23
PTB.2023.242.00.06.01,PTB,2023.242.00.06.01,unlabelled,,,,,0,0,0.0,0.0,,,5.242000102996826,-76.72100067138672,3.56,2.1,6.5395,-74.456333,260.0,288.92,240.34
PTB.2023.242.05.13.25,PTB,2023.242.05.13.25,unlabelled,,,,,0,0,0.0,0.0,,,5.302000045776367,-76.74800109863281,11.48,2.5,6.5395,-74.456333,260.0,288.3,241.78
PTB.2023.242.07.55.51,PTB,2023.242.07.55.51,unlabelled,,,,,0,0,0.0,0.0,,,5.309999942779541,-72.94499969482422,13.05,1.8,6.5395,-74.456333,260.0,215.62,129.01
PTB.2023.242.08.42.41,PTB,2023.242.08.42.41,unlabelled,,,,,0,0,0.0,0.0,,,5.313000202178955,-76.67500305175781,1.06,2.5,6.5395,-74.456333,260.0,280.62,241.22
PTB.2023.242.08.54.53,PTB,2023.242.08.54.53,unlabelled,,,,,0,0,0.0,0.0,,,5.326000213623047,-76.70800018310547,0.0,2.1,6.5395,-74.456333,260.0,283.14,241.83
PTB.2023.242.09.25.30,PTB,2023.242.09.25.30,unlabelled,,,,,0,0,0.0,0.0,,,5.348999977111816,-76.66300201416016,0.0,1.8,6.5395,-74.456333,260.0,277.54,241.8
PTB.2023.242.10.37.47,PTB,2023.242.10.37.47,unlabelled,,,,,0,0,0.0,0.0,,,6.041999816894531,-72.5719985961914,16.33,1.7,6.5395,-74.456333,260.0,215.64,104.68
PTB.2023.242.16.04.30,PTB,2023.242.16.04.30,unlabelled,,,,,0,0,0.0,0.0,,,5.357999801635742,-76.68299865722656,0.0,2.0,6.5395,-74.456333,260.0,279.02,242.2
PTB.2023.242.21.36.03,PTB,2023.242.21.36.03,unlabelled,,,,,0,0,0.0,0.0,,,4.39900016784668,-73.677001953125,10.82,1.2,6.5395,-74.456333,260.0,251.97,159.92
PTB.2023.242.23.39.16,PTB,2023.242.23.39.16,unlabelled,,,,,0,0,0.0,0.0,,,6.843999862670898,-76.25399780273438,11.99,1.6,6.5395,-74.456333,260.0,201.59,279.72
PTB.2023.243.01.07.44,PTB,2023.243.01.07.44,unlabelled,,,,,0,0,0.0,0.0,,,5.361999988555908,-76.6969985961914,0.0,2.5,6.5395,-74.456333,260.0,280.19,242.43
PTB.2023.243.01.08.46,PTB,2023.243.01.08.46,unlabelled,,,,,0,0,0.0,0.0,,,5.276000022888184,-74.60199737548828,28.98,1.5,6.5395,-74.456333,260.0,140.65,186.59
PTB.2023.243.07.47.51,PTB,2023.243.07.47.51,unlabelled,,,,,0,0,0.0,0.0,,,6.948999881744385,-77.18900299072266,34.02,2.1,6.5395,-74.456333,260.0,305.48,278.68
PTB.2023.243.14.06.53,PTB,2023.243.14.06.53,unlabelled,,,,,0,0,0.0,0.0,,,6.90500020980835,-76.6449966430664,15.98,2.0,6.5395,-74.456333,260.0,245.33,279.61
PTB.2023.243.20.29.44,PTB,2023.243.20.29.44,unlabelled,,,,,0,0,0.0,0.0,,,6.995999813079834,-76.30899810791016,9.88,1.8,6.5395,-74.456333,260.0,210.94,283.95
PTB.2023.244.02.08.13,PTB,2023.244.02.08.13,unlabelled,,,,,0,0,0.0,0.0,,,4.388999938964844,-73.68000030517578,16.06,2.5,6.5395,-74.456333,260.0,252.89,160.07
PTB.2023.244.03.37.20,PTB,2023.244.03.37.20,unlabelled,,,,,0,0,0.0,0.0,,,5.335000038146973,-76.72200012207031,20.85,1.5,6.5395,-74.456333,260.0,284.03,242.15
PTB.2023.244.07.22.11,PTB,2023.244.07.22.11,unlabelled,,,,,0,0,0.0,0.0,,,4.539999961853027,-76.68599700927734,37.89,1.5,6.5395,-74.456333,260.0,331.54,228.28
PTB.2023.244.08.19.30,PTB,2023.244.08.19.30,unlabelled,,,,,0,0,0.0,0.0,,,4.309999942779541,-72.93099975585938,21.37,2.4,6.5395,-74.456333,260.0,298.93,145.49
PTB.2023.244.08.22.22,PTB,2023.244.08.22.22,unlabelled,,,,,0,0,0.0,0.0,,,5.328000068664551,-76.67400360107422,0.0,2.3,6.5395,-74.456333,260.0,279.72,241.5
PTB.2023.244.11.49.26,PTB,2023.244.11.49.26,unlabelled,,,,,0,0,0.0,0.0,,,6.73799991607666,-72.06999969482422,15.98,2.2,6.5395,-74.456333,260.0,264.79,85.11
PTB.2023.244.13.40.13,PTB,2023.244.13.40.13,unlabelled,,,,,0,0,0.0,0.0,,,5.354000091552734,-76.70600128173828,0.59,2.1,6.5395,-74.456333,260.0,281.48,242.36
PTB.2023.244.20.42.14,PTB,2023.244.20.42.14,unlabelled,,,,,0,0,0.0,0.0,,,5.35699987411499,-76.71099853515625,2.13,1.9,6.5395,-74.456333,260.0,281.82,242.47
PTB.2023.245.00.00.43,PTB,2023.245.00.00.43,unlabelled,,,,,0,0,0.0,0.0,,,4.394999980926514,-73.66600036621094,14.28,2.6,6.5395,-74.456333,260.0,252.8,159.69
PTB.2023.245.00.39.57,PTB,2023.245.00.39.57,unlabelled,,,,,0,0,0.0,0.0,,,5.75600004196167,-73.32499694824219,18.1,1.7,6.5395,-74.456333,260.0,152.27,124.62
PTB.2023.245.01.21.10,PTB,2023.245.01.21.10,unlabelled,,,,,0,0,0.0,0.0,,,7.3420000076293945,-72.0479965209961,31.33,1.6,6.5395,-74.456333,260.0,280.55,71.42
PTB.2023.245.06.24.22,PTB,2023.245.06.24.22,unlabelled,,,,,0,0,0.0,0.0,,,5.340000152587891,-76.60299682617188,-0.14,1.5,6.5395,-74.456333,260.0,272.2,240.95
PTB.2023.245.07.33.29,PTB,2023.245.07.33.29,unlabelled,,,,,0,0,0.0,0.0,-1.78,,5.36299991607666,-76.69999694824219,0.0,2.6,6.5395,-74.456333,260.0,280.43,242.48
PTB.2023.245.13.35.45,PTB,2023.245.13.35.45,unlabelled,,,,,0,0,0.0,0.0,,,4.364999771118164,-73.69400024414062,13.02,2.3,6.5395,-74.456333,260.0,254.87,160.6
PTB.2023.245.19.29.21,PTB,2023.245.19.29.21,unlabelled,,,,,0,0,0.0,0.0,,,6.867000102996826,-76.1500015258789,15.98,1.6,6.5395,-74.456333,260.0,190.73,281.04
PTB.2023.246.03.25.54,PTB,2023.246.03.25.54,unlabelled,,,,,0,0,0.0,0.0,,,5.824999809265137,-76.43399810791016,15.98,1.7,6.5395,-74.456333,260.0,232.7,250.26
PTB.2023.246.05.26.57,PTB,2023.246.05.26.57,unlabelled,,,,,0,0,0.0,0.0,,,6.875999927520752,-76.76499938964844,36.02,2.1,6.5395,-74.456333,260.0,257.95,278.43
PTB.2023.246.07.50.26,PTB,2023.246.07.50.26,unlabelled,,,,,0,0,0.0,0.0,,,5.320000171661377,-76.68499755859375,16.02,1.6,6.5395,-74.456333,260.0,281.22,241.46
PTB.2023.246.08.55.08,PTB,2023.246.08.55.08,unlabelled,,,,,0,0,0.0,0.0,,,7.379000186920166,-77.01599884033203,28.06,1.6,6.5395,-74.456333,260.0,297.7,288.32
PTB.2023.246.16.49.19,PTB,2023.246.16.49.19,unlabelled,,,,,0,0,0.0,0.0,,,4.267000198364258,-73.7750015258789,13.66,1.6,6.5395,-74.456333,260.0,262.4,163.24
PTB.2023.246.18.46.34,PTB,2023.246.18.46.34,unlabelled,,,,,0,0,0.0,0.0,,,4.23799991607666,-75.73100280761719,13.69,1.8,6.5395,-74.456333,260.0,291.08,209.1
PTB.2023.246.22.02.15,PTB,2023.246.22.02.15,unlabelled,,,,,0,0,0.0,0.0,,,7.1479997634887695,-76.23500061035156,15.74,1.6,6.5395,-74.456333,260.0,207.8,289.0
PTB.2023.247.03.35.03,PTB,2023.247.03.35.03,unlabelled,,,,,0,0,0.0,0.0,,,5.331999778747559,-76.68900299072266,18.22,1.5,6.5395,-74.456333,260.0,280.97,241.74
PTB.2023.247.05.57.54,PTB,2023.247.05.57.54,unlabelled,,,,,0,0,0.0,0.0,,,4.415999889373779,-73.66899871826172,11.55,1.5,6.5395,-74.456333,260.0,250.51,159.58
PTB.2023.247.05.59.02,PTB,2023.247.05.59.02,unlabelled,,,,,0,0,0.0,0.0,,,4.303999900817871,-73.75299835205078,15.07,1.9,6.5395,-74.456333,260.0,259.21,162.47
PTB.2023.247.08.54.56,PTB,2023.247.08.54.56,unlabelled,,,,,0,0,0.0,0.0,,,7.300000190734863,-77.15499877929688,31.8,1.7,6.5395,-74.456333,260.0,309.87,285.91
PTB.2023.247.12.11.16,PTB,2023.247.12.11.16,unlabelled,,,,,0,0,0.0,0.0,,,6.23199987411499,-76.93800354003906,-0.01,1.7,6.5395,-74.456333,260.0,276.65,263.08
PTB.2023.247.15.04.13,PTB,2023.247.15.04.13,unlabelled,,,,,0,0,0.0,0.0,,,4.626999855041504,-74.64399719238281,31.45,1.5,6.5395,-74.456333,260.0,212.51,185.62
PTB.2023.247.16.13.04,PTB,2023.247.16.13.04,unlabelled,,,,,0,0,0.0,0.0,,,6.953999996185303,-76.19499969482422,15.27,1.6,6.5395,-74.456333,260.0,197.61,283.51
PTB.2023.247.18.25.14,PTB,2023.247.18.25.14,unlabelled,,,,,0,0,0.0,0.0,,,4.369999885559082,-73.68699645996094,13.43,2.4,6.5395,-74.456333,260.0,254.61,160.4
PTB.2023.248.03.40.46,PTB,2023.248.03.40.46,unlabelled,,,,,0,0,0.0,0.0,,,4.383999824523926,-73.68399810791016,15.01,2.2,6.5395,-74.456333,260.0,253.26,160.21
PTB.2023.248.07.19.02,PTB,2023.248.07.19.02,unlabelled,,,,,0,0,0.0,0.0,,,6.127999782562256,-76.87899780273438,37.07,2.0,6.5395,-74.456333,260.0,271.89,260.5
PTB.2023.248.08.08.07,PTB,2023.248.08.08.07,unlabelled,,,,,0,0,0.0,0.0,,,6.114999771118164,-76.81199645996094,19.02,1.6,6.5395,-74.456333,260.0,264.84,259.92
PTB.2023.248.11.32.09,PTB,2023.248.11.32.09,unlabelled,,,,,0,0,0.0,0.0,,,6.78000020980835,-76.6760025024414,27.46,1.8,6.5395,-74.456333,260.0,246.87,276.31
PTB.2023.248.12.09.32,PTB,2023.248.12.09.32,unlabelled,,,,,0,0,0.0,0.0,,,4.243000030517578,-73.76100158691406,14.31,2.4,6.5395,-74.456333,260.0,265.39,163.09
PTB.2023.248.19.07.28,PTB,2023.248.19.07.28,unlabelled,,,,,0,0,0.0,0.0,,,4.245999813079834,-73.76799774169922,12.14,1.8,6.5395,-74.456333,260.0,264.85,163.23
PTB.2023.249.01.00.04,PTB,2023.249.01.00.04,unlabelled,,,,,0,0,0.0,0.0,,,6.914999961853027,-76.33399963378906,23.95,2.0,6.5395,-74.456333,260.0,211.7,281.42
PTB.2023.249.04.38.39,PTB,2023.249.04.38.39,unlabelled,,,,,0,0,0.0,0.0,,,6.920000076293945,-76.35800170898438,22.77,1.6,6.5395,-74.456333,260.0,214.41,281.43
PTB.2023.249.05.50.53,PTB,2023.249.05.50.53,unlabelled,,,,,0,0,0.0,0.0,,,6.994999885559082,-76.29100036621094,17.73,1.6,6.5395,-74.456333,260.0,208.98,284.05
PTB.2023.249.09.55.59,PTB,2023.249.09.55.59,unlabelled,,,,,0,0,0.0,0.0,,,5.368000030517578,-76.72699737548828,0.64,2.1,6.5395,-74.456333,260.0,282.83,242.86
PTB.2023.249.16.01.30,PTB,2023.249.16.01.30,unlabelled,,,,,0,0,0.0,0.0,,,4.735000133514404,-74.86199951171875,24.88,1.9,6.5395,-74.456333,260.0,204.55,192.71
PTB.2023.249.17.27.33,PTB,2023.249.17.27.33,unlabelled,,,,,0,0,0.0,0.0,,,4.5320000648498535,-73.33799743652344,12.23,1.5,6.5395,-74.456333,260.0,254.24,150.77
PTB.2023.249.19.20.58,PTB,2023.249.19.20.58,unlabelled,,,,,0,0,0.0,0.0,,,6.172999858856201,-76.74600219726562,17.15,1.9,6.5395,-74.456333,260.0,256.55,261.04
PTB.2023.249.19.56.53,PTB,2023.249.19.56.53,unlabelled,,,,,0,0,0.0,0.0,,,4.260000228881836,-73.76899719238281,15.42,2.3,6.5395,-74.456333,260.0,263.33,163.15
PTB.2023.249.20.57.11,PTB,2023.249.20.57.11,unlabelled,,,,,0,0,0.0,0.0,,,7.459000110626221,-74.78700256347656,17.23,1.7,6.5395,-74.456333,260.0,108.05,340.26
PTB.2023.250.02.56.12,PTB,2023.250.02.56.12,unlabelled,,,,,0,0,0.0,0.0,,,5.757999897003174,-72.67400360107422,18.55,2.7,6.5395,-74.456333,260.0,215.37,113.56
PTB.2023.250.06.30.06,PTB,2023.250.06.30.06,unlabelled,,,,,0,0,0.0,0.0,,,5.377999782562256,-76.69200134277344,-0.25,2.2,6.5395,-74.456333,260.0,278.87,242.69
PTB.2023.250.11.57.27,PTB,2023.250.11.57.27,unlabelled,,,,,0,0,0.0,0.0,,,5.335999965667725,-76.6709976196289,10.44,1.7,6.5395,-74.456333,260.0,279.01,241.63
PTB.2023.250.12.29.00,PTB,2023.250.12.29.00,unlabelled,,,,,0,0,0.0,0.0,,,4.316999912261963,-73.74500274658203,16.3,2.5,6.5395,-74.456333,260.0,258.11,162.18
PTB.2023.250.16.44.22,PTB,2023.250.16.44.22,unlabelled,,,,,0,0,0.0,0.0,,,6.631999969482422,-71.99299621582031,15.04,2.2,6.5395,-74.456333,260.0,272.61,87.71
PTB.2023.250.16.49.28,PTB,2023.250.16.49.28,unlabelled,,,,,0,0,0.0,0.0,,,6.644999980926514,-71.96499633789062,15.98,1.9,6.5395,-74.456333,260.0,275.76,87.43
PTB.2023.250.17.18.59,PTB,2023.250.17.18.59,unlabelled,,,,,0,0,0.0,0.0,,,6.894000053405762,-76.78199768066406,36.6,1.7,6.5395,-74.456333,260.0,260.1,278.8
PTB.2023.251.01.12.38,PTB,2023.251.01.12.38,unlabelled,,,,,0,0,0.0,0.0,,,5.534999847412109,-72.7750015258789,18.55,2.4,6.5395,-74.456333,260.0,216.76,120.74
PTB.2023.251.11.11.02,PTB,2023.251.11.11.02,unlabelled,,,,,0,0,0.0,0.0,,,6.997000217437744,-76.12300109863281,26.52,1.9,6.5395,-74.456333,260.0,191.07,285.45
PTB.2023.251.14.19.08,PTB,2023.251.14.19.08,unlabelled,,,,,0,0,0.0,0.0,,,4.84499979019165,-74.83000183105469,25.64,2.0,6.5395,-74.456333,260.0,191.9,192.48
PTB.2023.251.15.38.31,PTB,2023.251.15.38.31,unlabelled,,,,,0,0,0.0,0.0,,,5.340000152587891,-76.6760025024414,18.71,2.2,6.5395,-74.456333,260.0,279.28,241.76
PTB.2023.251.18.06.26,PTB,2023.251.18.06.26,unlabelled,,,,,0,0,0.0,0.0,,,6.895999908447266,-76.64199829101562,15.98,1.9,6.5395,-74.456333,260.0,244.84,279.39
PTB.2023.252.02.13.21,PTB,2023.252.02.13.21,unlabelled,,,,,0,0,0.0,0.0,,,5.323999881744385,-76.71900177001953,7.62,3.2,6.5395,-74.456333,260.0,284.32,241.91
PTB.2023.252.03.01.31,PTB,2023.252.03.01.31,unlabelled,,,,,0,0,0.0,0.0,,,5.171000003814697,-72.99700164794922,17.38,1.7,6.5395,-74.456333,260.0,221.4,133.04
PTB.2023.252.05.09.54,PTB,2023.252.05.09.54,unlabelled,,,,,0,0,0.0,0.0,,,5.283999919891357,-76.7040023803711,-0.14,1.9,6.5395,-74.456333,260.0,284.99,240.96
PTB.2023.252.12.04.26,PTB,2023.252.12.04.26,unlabelled,,,,,0,0,0.0,0.0,,,6.763999938964844,-73.04299926757812,138.57,1.5,6.5395,-74.456333,260.0,158.24,80.89
PTB.2023.252.18.32.19,PTB,2023.252.18.32.19,unlabelled,,,,,0,0,0.0,0.0,,,4.177000045776367,-73.8010025024414,14.54,2.6,6.5395,-74.456333,260.0,271.16,164.43
PTB.2023.252.20.56.44,PTB,2023.252.20.56.44,unlabelled,,,,,0,0,0.0,0.0,,,4.881999969482422,-72.9209976196289,-0.11,2.2,6.5395,-74.456333,260.0,250.04,137.06
PTB.2023.252.22.56.32,PTB,2023.252.22.56.32,unlabelled,,,,,0,0,0.0,0.0,,,5.298999786376953,-76.66500091552734,16.96,1.9,6.5395,-74.456333,260.0,280.41,240.83
PTB.2023.252.22.56.51,PTB,2023.252.22.56.51,unlabelled,,,,,0,0,0.0,0.0,,,4.156000137329102,-73.88800048828125,16.01,2.5,6.5395,-74.456333,260.0,271.0,166.53
PTB.2023.253.02.53.07,PTB,2023.253.02.53.07,unlabelled,,,,,0,0,0.0,0.0,,,5.317999839782715,-76.71099853515625,5.2,3.4,6.5395,-74.456333,260.0,283.85,241.7
PTB.2023.253.05.11.09,PTB,2023.253.05.11.09,unlabelled,,,,,0,0,0.0,0.0,,,5.321000099182129,-76.75900268554688,32.0,2.0,6.5395,-74.456333,260.0,288.38,242.27
PTB.2023.253.06.33.52,PTB,2023.253.06.33.52,unlabelled,,,,,0,0,0.0,0.0,,,7.3429999351501465,-76.13300323486328,24.47,2.2,6.5395,-74.456333,260.0,205.49,295.72
PTB.2023.253.20.28.35,PTB,2023.253.20.28.35,unlabelled,,,,,0,0,0.0,0.0,,,4.254000186920166,-73.7699966430664,16.59,2.3,6.5395,-74.456333,260.0,263.94,163.22
PTB.2023.253.20.46.33,PTB,2023.253.20.46.33,unlabelled,,,,,0,0,0.0,0.0,,,6.961999893188477,-76.21900177001953,17.62,1.3,6.5395,-74.456333,260.0,200.39,283.59
PTB.2023.254.00.43.05,PTB,2023.254.00.43.05,unlabelled,,,,,0,0,0.0,0.0,,,4.561999797821045,-73.53700256347656,15.92,2.1,6.5395,-74.456333,260.0,241.24,154.98
PTB.2023.254.02.34.00,PTB,2023.254.02.34.00,unlabelled,,,,,0,0,0.0,0.0,,,6.888000011444092,-76.69000244140625,28.87,1.8,6.5395,-74.456333,260.0,249.95,279.0
PTB.2023.254.04.00.18,PTB,2023.254.04.00.18,unlabelled,,,,,0,0,0.0,0.0,,,6.864999771118164,-76.28099822998047,22.36,1.7,6.5395,-74.456333,260.0,204.93,280.22
PTB.2023.254.12.36.50,PTB,2023.254.12.36.50,unlabelled,,,,,0,0,0.0,0.0,,,5.386000156402588,-72.82099914550781,17.73,1.8,6.5395,-74.456333,260.0,221.49,125.08
PTB.2023.254.14.00.39,PTB,2023.254.14.00.39,unlabelled,,,,,0,0,0.0,0.0,,,3.7890000343322754,-75.55599975585938,33.79,1.5,6.5395,-74.456333,260.0,327.68,201.9
PTB.2023.254.16.56.56,PTB,2023.254.16.56.56,unlabelled,,,,,0,0,0.0,0.0,,,4.395999908447266,-73.69100189208984,8.54,0.6,6.5395,-74.456333,260.0,251.75,160.28
PTB.2023.254.16.57.03,PTB,2023.254.16.57.03,unlabelled,,,,,0,0,0.0,0.0,,,4.401000022888184,-73.677001953125,14.6,2.4,6.5395,-74.456333,260.0,251.76,159.9
PTB.2023.254.19.00.49,PTB,2023.254.19.00.49,unlabelled,,,,,0,0,0.0,0.0,,,7.761000156402588,-72.78099822998047,4.67,1.5,6.5395,-74.456333,260.0,229.11,53.77
PTB.2023.254.20.40.08,PTB,2023.254.20.40.08,unlabelled,,,,,0,0,0.0,0.0,,,5.301000118255615,-76.69000244140625,11.42,1.9,6.5395,-74.456333,260.0,282.72,241.14
PTB.2023.255.14.19.19,PTB,2023.255.14.19.19,unlabelled,,,,,0,0,0.0,0.0,,,5.7129998207092285,-72.65299987792969,26.99,1.8,6.5395,-74.456333,260.0,219.54,114.5
PTB.2023.256.03.52.29,PTB,2023.256.03.52.29,unlabelled,,,,,0,0,0.0,0.0,,,6.11899995803833,-72.54199981689453,5.0,1.6,6.5395,-74.456333,260.0,216.86,102.28
PTB.2023.256.04.16.22,PTB,2023.256.04.16.22,unlabelled,,,,,0,0,0.0,0.0,,,6.7270002365112305,-71.99800109863281,12.98,1.6,6.5395,-74.456333,260.0,272.63,85.5
PTB.2023.256.06.43.59,PTB,2023.256.06.43.59,unlabelled,,,,,0,0,0.0,0.0,,,6.940000057220459,-71.8219985961914,29.45,2.4,6.5395,-74.456333,260.0,294.59,81.2
PTB.2023.256.11.03.52,PTB,2023.256.11.03.52,unlabelled,,,,,0,0,0.0,0.0,,,6.901000022888184,-71.85900115966797,35.9,4.0,6.5395,-74.456333,260.0,289.93,81.92
PTB.2023.256.12.18.21,PTB,2023.256.12.18.21,unlabelled,,,,,0,0,0.0,0.0,,,5.295000076293945,-76.68199920654297,24.97,1.5,6.5395,-74.456333,260.0,282.27,240.94
PTB.2023.256.15.02.15,PTB,2023.256.15.02.15,unlabelled,,,,,0,0,0.0,0.0,-2.46,,5.318999767303467,-76.66899871826172,17.89,2.6,6.5395,-74.456333,260.0,279.72,241.27
PTB.2023.256.15.42.02,PTB,2023.256.15.42.02,unlabelled,,,,,0,0,0.0,0.0,,,6.660999774932861,-72.08300018310547,12.93,1.9,6.5395,-74.456333,260.0,262.8,86.93
PTB.2023.256.16.59.37,PTB,2023.256.16.59.37,unlabelled,,,,,0,0,0.0,0.0,,,6.757999897003174,-71.9749984741211,10.0,1.8,6.5395,-74.456333,260.0,275.44,84.82
PTB.2023.256.18.33.00,PTB,2023.256.18.33.00,unlabelled,,,,,0,0,0.0,0.0,,,5.2729997634887695,-76.73400115966797,30.79,1.8,6.5395,-74.456333,260.0,288.49,241.08
PTB.2023.256.19.00.44,PTB,2023.256.19.00.44,unlabelled,,,,,0,0,0.0,0.0,,,4.533999919891357,-76.19000244140625,15.98,1.6,6.5395,-74.456333,260.0,293.4,220.99
PTB.2023.257.07.37.12,PTB,2023.257.07.37.12,unlabelled,,,,,0,0,0.0,0.0,,,6.965000152587891,-76.26499938964844,20.84,2.1,6.5395,-74.456333,260.0,205.41,283.35
PTB.2023.257.07.47.25,PTB,2023.257.07.47.25,unlabelled,,,,,0,0,0.0,0.0,,,5.26800012588501,-76.71199798583984,18.47,1.8,6.5395,-74.456333,260.0,286.63,240.74
PTB.2023.257.07.52.29,PTB,2023.257.07.52.29,unlabelled,,,,,0,0,0.0,0.0,,,4.4039998054504395,-73.6760025024414,15.33,2.0,6.5395,-74.456333,260.0,251.49,159.85
PTB.2023.257.11.44.21,PTB,2023.257.11.44.21,unlabelled,,,,,0,0,0.0,0.0,,,4.267000198364258,-73.75499725341797,11.61,1.8,6.5395,-74.456333,260.0,263.05,162.78
PTB.2023.257.12.53.22,PTB,2023.257.12.53.22,unlabelled,,,,,0,0,0.0,0.0,,,4.4710001945495605,-73.62799835205078,10.18,1.5,6.5395,-74.456333,260.0,246.47,158.09
PTB.2023.257.14.28.56,PTB,2023.257.14.28.56,unlabelled,,,,,0,0,0.0,0.0,,,5.327000141143799,-76.73500061035156,22.63,3.0,6.5395,-74.456333,260.0,285.72,242.13
PTB.2023.257.14.29.23,PTB,2023.257.14.29.23,unlabelled,,,,,0,0,0.0,0.0,,,5.250999927520752,-76.71700286865234,30.0,2.7,6.5395,-74.456333,260.0,288.04,240.47
PTB.2023.257.14.37.02,PTB,2023.257.14.37.02,unlabelled,,,,,0,0,0.0,0.0,,,5.294000148773193,-76.73200225830078,38.48,2.1,6.5395,-74.456333,260.0,287.17,241.46
PTB.2023.257.14.41.35,PTB,2023.257.14.41.35,unlabelled,,,,,0,0,0.0,0.0,,,5.326000213623047,-76.71499633789062,30.98,2.3,6.5395,-74.456333,260.0,283.82,241.9
PTB.2023.257.14.44.40,PTB,2023.257.14.44.40,unlabelled,,,,,0,0,0.0,0.0,,,5.316999912261963,-76.66400146484375,26.29,1.5,6.5395,-74.456333,260.0,279.34,241.17
PTB.2023.257.14.47.33,PTB,2023.257.14.47.33,unlabelled,,,,,0,0,0.0,0.0,,,5.2729997634887695,-76.73699951171875,27.07,1.7,6.5395,-74.456333,260.0,288.78,241.11
PTB.2023.257.14.51.55,PTB,2023.257.14.51.55,unlabelled,,,,,0,0,0.0,0.0,,,5.296000003814697,-76.74099731445312,37.07,2.4,6.5395,-74.456333,260.0,287.94,241.59
PTB.2023.257.14.52.59,PTB,2023.257.14.52.59,unlabelled,,,,,0,0,0.0,0.0,,,5.316999912261963,-76.76200103759766,34.02,1.8,6.5395,-74.456333,260.0,288.88,242.22
PTB.2023.257.14.56.22,PTB,2023.257.14.56.22,unlabelled,,,,,0,0,0.0,0.0,,,5.270999908447266,-76.73999786376953,27.23,2.2,6.5395,-74.456333,260.0,289.17,241.1
PTB.2023.257.15.07.01,PTB,2023.257.15.07.01,unlabelled,,,,,0,0,0.0,0.0,,,5.297999858856201,-76.74500274658203,26.52,2.4,6.5395,-74.456333,260.0,288.22,241.68
PTB.2023.257.15.16.32,PTB,2023.257.15.16.32,unlabelled,,,,,0,0,0.0,0.0,,,5.294000148773193,-76.74500274658203,28.63,2.1,6.5395,-74.456333,260.0,288.43,241.6
PTB.2023.257.15.18.12,PTB,2023.257.15.18.12,unlabelled,,,,,0,0,0.0,0.0,,,5.283999919891357,-76.75800323486328,24.65,1.9,6.5395,-74.456333,260.0,290.23,241.54
PTB.2023.257.16.02.05,PTB,2023.257.16.02.05,unlabelled,,,,,0,0,0.0,0.0,,,5.288000106811523,-76.73799896240234,30.74,2.3,6.5395,-74.456333,260.0,288.07,241.41
PTB.2023.257.17.07.10,PTB,2023.257.17.07.10,unlabelled,,,,,0,0,0.0,0.0,,,4.3379998207092285,-75.08000183105469,20.49,1.7,6.5395,-74.456333,260.0,253.07,195.88
PTB.2023.257.18.11.21,PTB,2023.257.18.11.21,unlabelled,,,,,0,0,0.0,0.0,,,5.281000137329102,-76.74700164794922,27.46,2.4,6.5395,-74.456333,260.0,289.32,241.37
PTB.2023.257.18.45.47,PTB,2023.257.18.45.47,unlabelled,,,,,0,0,0.0,0.0,,,5.2769999504089355,-76.74500274658203,30.04,1.8,6.5395,-74.456333,260.0,289.34,241.27
PTB.2023.257.22.39.35,PTB,2023.257.22.39.35,unlabelled,,,,,0,0,0.0,0.0,,,5.310999870300293,-76.72100067138672,22.77,2.0,6.5395,-74.456333,260.0,285.2,241.67
PTB.2023.257.23.14.38,PTB,2023.257.23.14.38,unlabelled,,,,,0,0,0.0,0.0,,,5.2729997634887695,-76.69999694824219,20.43,2.0,6.5395,-74.456333,260.0,285.2,240.71
PTB.2023.258.00.16.08,PTB,2023.258.00.16.08,unlabelled,,,,,0,0,0.0,0.0,,,5.2789998054504395,-76.79100036621094,18.51,1.5,6.5395,-74.456333,260.0,293.7,241.79
PTB.2023.258.00.24.21,PTB,2023.258.00.24.21,unlabelled,,,,,0,0,0.0,0.0,,,5.281000137329102,-76.7300033569336,25.59,2.2,6.5395,-74.456333,260.0,287.67,241.19
PTB.2023.258.01.01.26,PTB,2023.258.01.01.26,unlabelled,,,,,0,0,0.0,0.0,,,5.307000160217285,-76.76000213623047,30.74,1.8,6.5395,-74.456333,260.0,289.21,242.01
PTB.2023.258.03.04.41,PTB,2023.258.03.04.41,unlabelled,,,,,0,0,0.0,0.0,,,5.302000045776367,-76.72000122070312,24.77,2.0,6.5395,-74.456333,260.0,285.58,241.49
PTB.2023.258.05.29.29,PTB,2023.258.05.29.29,unlabelled,,,,,0,0,0.0,0.0,,,4.570000171661377,-76.68499755859375,19.83,2.0,6.5395,-74.456333,260.0,329.25,228.7
PTB.2023.258.06.37.02,PTB,2023.258.06.37.02,unlabelled,,,,,0,0,0.0,0.0,,,6.934999942779541,-71.83599853515625,19.02,1.9,6.5395,-74.456333,260.0,292.98,81.26
PTB.2023.258.09.57.25,PTB,2023.258.09.57.25,unlabelled,,,,,0,0,0.0,0.0,,,5.7769999504089355,-73.7490005493164,6.84,1.6,6.5395,-74.456333,260.0,115.06,137.09
PTB.2023.258.11.00.28,PTB,2023.258.11.00.28,unlabelled,,,,,0,0,0.0,0.0,,,5.315000057220459,-76.74099731445312,34.02,2.1,6.5395,-74.456333,260.0,286.93,241.96
PTB.2023.258.14.25.12,PTB,2023.258.14.25.12,unlabelled,,,,,0,0,0.0,0.0,,,6.010000228881836,-72.34700012207031,18.09,1.7,6.5395,-74.456333,260.0,240.64,103.97
PTB.2023.258.15.40.57,PTB,2023.258.15.40.57,unlabelled,,,,,0,0,0.0,0.0,,,5.285999774932861,-76.76399993896484,27.23,2.2,6.5395,-74.456333,260.0,290.7,241.64
PTB.2023.258.16.17.50,PTB,2023.258.16.17.50,unlabelled,,,,,0,0,0.0,0.0,,,6.9679999351501465,-76.2770004272461,18.32,2.0,6.5395,-74.456333,260.0,206.78,283.35
PTB.2023.258.16.18.52,PTB,2023.258.16.18.52,unlabelled,,,,,0,0,0.0,0.0,,,6.9679999351501465,-76.26000213623047,19.73,2.0,6.5395,-74.456333,260.0,204.95,283.47
PTB.2023.258.20.57.23,PTB,2023.258.20.57.23,unlabelled,,,,,0,0,0.0,0.0,,,5.309000015258789,-76.73799896240234,37.07,2.0,6.5395,-74.456333,260.0,286.96,241.81
PTB.2023.258.23.34.40,PTB,2023.258.23.34.40,unlabelled,,,,,0,0,0.0,0.0,,,4.313000202178955,-73.74800109863281,15.07,1.9,6.5395,-74.456333,260.0,258.43,162.28
PTB.2023.259.03.40.37,PTB,2023.259.03.40.37,unlabelled,,,,,0,0,0.0,0.0,,,4.1620001792907715,-73.88400268554688,15.98,2.2,6.5395,-74.456333,260.0,270.46,166.41
PTB.2023.259.07.18.15,PTB,2023.259.07.18.15,unlabelled,,,,,0,0,0.0,0.0,,,6.953000068664551,-76.66799926757812,28.05,2.2,6.5395,-74.456333,260.0,248.75,280.72
PTB.2023.259.08.08.25,PTB,2023.259.08.08.25,unlabelled,,,,,0,0,0.0,0.0,,,6.9710001945495605,-76.2770004272461,9.24,1.2,6.5395,-74.456333,260.0,206.86,283.44
PTB.2023.259.09.07.05,PTB,2023.259.09.07.05,unlabelled,,,,,0,0,0.0,0.0,,,4.284999847412109,-73.7490005493164,13.02,1.7,6.5395,-74.456333,260.0,261.34,162.51
PTB.2023.259.13.09.54,PTB,2023.259.13.09.54,unlabelled,,,,,0,0,0.0,0.0,,,6.676000118255615,-76.68399810791016,30.04,1.9,6.5395,-74.456333,260.0,246.81,273.63
PTB.2023.259.13.49.42,PTB,2023.259.13.49.42,unlabelled,,,,,0,0,0.0,0.0,,,4.263999938964844,-73.75700378417969,15.01,3.0,6.5395,-74.456333,260.0,263.3,162.85
PTB.2023.259.13.59.55,PTB,2023.259.13.59.55,unlabelled,,,,,0,0,0.0,0.0,,,5.281000137329102,-76.74700164794922,27.46,2.4,6.5395,-74.456333,260.0,289.32,241.37
PTB.2023.259.19.37.44,PTB,2023.259.19.37.44,unlabelled,,,,,0,0,0.0,0.0,,,7.574999809265137,-74.78199768066406,12.45,1.5,6.5395,-74.456333,260.0,120.04,342.58
PTB.2023.259.19.45.35,PTB,2023.259.19.45.35,unlabelled,,,,,0,0,0.0,0.0,,,5.285999774932861,-76.74500274658203,30.51,2.1,6.5395,-74.456333,260.0,288.86,241.44
PTB.2023.259.21.33.47,PTB,2023.259.21.33.47,unlabelled,,,,,0,0,0.0,0.0,,,5.314000129699707,-76.60099792480469,20.08,1.6,6.5395,-74.456333,260.0,273.42,240.4
PTB.2023.259.22.32.37,PTB,2023.259.22.32.37,unlabelled,,,,,0,0,0.0,0.0,,,6.553999900817871,-76.18199920654297,15.98,1.7,6.5395,-74.456333,260.0,190.86,270.58
PTB.2023.259.23.33.54,PTB,2023.259.23.33.54,unlabelled,,,,,0,0,0.0,0.0,,,5.315000057220459,-76.72599792480469,23.71,2.4,6.5395,-74.456333,260.0,285.47,241.8
PTB.2023.260.04.49.26,PTB,2023.260.04.49.26,unlabelled,,,,,0,0,0.0,0.0,,,5.302999973297119,-76.74299621582031,26.99,1.6,6.5395,-74.456333,260.0,287.76,241.75
PTB.2023.260.06.43.33,PTB,2023.260.06.43.33,unlabelled,,,,,0,0,0.0,0.0,,,4.2820000648498535,-73.75499725341797,16.97,2.4,6.5395,-74.456333,260.0,261.46,162.67
PTB.2023.260.08.59.07,PTB,2023.260.08.59.07,unlabelled,,,,,0,0,0.0,0.0,,,5.2829999923706055,-76.73799896240234,30.0,1.7,6.5395,-74.456333,260.0,288.34,241.31
PTB.2023.260.12.12.10,PTB,2023.260.12.12.10,unlabelled,,,,,0,0,0.0,0.0,,,5.285999774932861,-76.73400115966797,34.73,2.5,6.5395,-74.456333,260.0,287.79,241.33
PTB.2023.260.12.44.58,PTB,2023.260.12.44.58,unlabelled,,,,,0,0,0.0,0.0,,,5.289000034332275,-76.75399780273438,25.7,1.9,6.5395,-74.456333,260.0,289.57,241.6
PTB.2023.260.14.22.19,PTB,2023.260.14.22.19,unlabelled,,,,,0,0,0.0,0.0,,,4.364999771118164,-73.69100189208984,15.57,2.9,6.5395,-74.456333,260.0,254.98,160.53
PTB.2023.260.17.55.28,PTB,2023.260.17.55.28,unlabelled,,,,,0,0,0.0,0.0,,,5.302999973297119,-76.69999694824219,26.76,1.7,6.5395,-74.456333,260.0,283.58,241.29
PTB.2023.260.18.58.03,PTB,2023.260.18.58.03,unlabelled,,,,,0,0,0.0,0.0,,,6.889999866485596,-77.03900146484375,35.43,1.9,6.5395,-74.456333,260.0,288.16,277.88
PTB.2023.260.19.10.49,PTB,2023.260.19.10.49,unlabelled,,,,,0,0,0.0,0.0,,,6.973999977111816,-76.2770004272461,19.08,2.4,6.5395,-74.456333,260.0,206.93,283.53
PTB.2023.260.19.50.19,PTB,2023.260.19.50.19,unlabelled,,,,,0,0,0.0,0.0,,,5.300000190734863,-76.71499633789062,24.41,2.2,6.5395,-74.456333,260.0,285.2,241.39
PTB.2023.260.21.12.56,PTB,2023.260.21.12.56,unlabelled,,,,,0,0,0.0,0.0,,,6.034999847412109,-72.7229995727539,17.38,1.7,6.5395,-74.456333,260.0,199.75,106.12
PTB.2023.260.21.28.08,PTB,2023.260.21.28.08,unlabelled,,,,,0,0,0.0,0.0,,,3.8380000591278076,-75.66799926757812,16.04,1.9,6.5395,-74.456333,260.0,327.55,204.27
PTB.2023.261.00.19.05,PTB,2023.261.00.19.05,unlabelled,,,,,0,0,0.0,0.0,,,4.335999965667725,-73.72000122070312,15.3,2.7,6.5395,-74.456333,260.0,256.97,161.45
PTB.2023.261.01.02.05,PTB,2023.261.01.02.05,unlabelled,,,,,0,0,0.0,0.0,,,5.3470001220703125,-76.66400146484375,27.46,2.0,6.5395,-74.456333,260.0,277.74,241.77
PTB.2023.261.02.09.50,PTB,2023.261.02.09.50,unlabelled,,,,,0,0,0.0,0.0,,,4.288000106811523,-73.7509994506836,15.89,2.1,6.5395,-74.456333,260.0,260.96,162.54
PTB.2023.261.04.16.59,PTB,2023.261.04.16.59,unlabelled,,,,,0,0,0.0,0.0,,,5.304999828338623,-76.65299987792969,23.24,1.9,6.5395,-74.456333,260.0,278.92,240.81
PTB.2023.261.15.03.44,PTB,2023.261.15.03.44,unlabelled,,,,,0,0,0.0,0.0,,,5.316999912261963,-76.76000213623047,32.62,1.7,6.5395,-74.456333,260.0,288.69,242.2
PTB.2023.261.18.59.59,PTB,2023.261.18.59.59,unlabelled,,,,,0,0,0.0,0.0,,,6.811999797821045,-76.28800201416016,27.93,1.5,6.5395,-74.456333,260.0,204.76,278.57
PTB.2023.262.01.10.39,PTB,2023.262.01.10.39,unlabelled,,,,,0,0,0.0,0.0,,,6.992000102996826,-76.73300170898438,32.85,1.5,6.5395,-74.456333,260.0,256.61,281.38
PTB.2023.262.03.53.02,PTB,2023.262.03.53.02,unlabelled,,,,,0,0,0.0,0.0,,,5.743000030517578,-72.52899932861328,23.01,1.8,6.5395,-74.456333,260.0,230.79,112.33
PTB.2023.262.04.53.14,PTB,2023.262.04.53.14,unlabelled,,,,,0,0,0.0,0.0,,,5.209000110626221,-75.85800170898438,18.73,2.6,6.5395,-74.456333,260.0,213.87,226.61
PTB.2023.262.10.54.38,PTB,2023.262.10.54.38,unlabelled,,,,,0,0,0.0,0.0,,,6.550000190734863,-76.75900268554688,28.05,1.7,6.5395,-74.456333,260.0,254.68,270.39
PTB.2023.262.11.26.25,PTB,2023.262.11.26.25,unlabelled,,,,,0,0,0.0,0.0,,,6.982999801635742,-76.96499633789062,30.27,2.0,6.5395,-74.456333,260.0,281.64,280.18
PTB.2023.263.04.39.53,PTB,2023.263.04.39.53,unlabelled,,,,,0,0,0.0,0.0,,,6.676000118255615,-73.00499725341797,11.46,1.8,6.5395,-74.456333,260.0,161.2,84.54
PTB.2023.263.17.57.10,PTB,2023.263.17.57.10,unlabelled,,,,,0,0,0.0,0.0,,,3.9560000896453857,-75.61199951171875,16.91,2.0,6.5395,-74.456333,260.0,313.1,204.21
PTB.2023.263.18.05.22,PTB,2023.263.18.05.22,unlabelled,,,,,0,0,0.0,0.0,,,3.9000000953674316,-75.69000244140625,4.43,1.6,6.5395,-74.456333,260.0,322.33,205.16
PTB.2023.264.05.52.31,PTB,2023.264.05.52.31,unlabelled,,,,,0,0,0.0,0.0,,,4.8480000495910645,-72.93099975585938,19.49,1.7,6.5395,-74.456333,260.0,252.07,137.83
PTB.2023.264.08.49.46,PTB,2023.264.08.49.46,unlabelled,,,,,0,0,0.0,0.0,,,5.28000020980835,-76.75,30.67,1.7,6.5395,-74.456333,260.0,289.66,241.38
PTB.2023.264.18.04.55,PTB,2023.264.18.04.55,unlabelled,,,,,0,0,0.0,0.0,,,5.285999774932861,-76.71299743652344,32.85,1.9,6.5395,-74.456333,260.0,285.75,241.1
PTB.2023.264.22.53.21,PTB,2023.264.22.53.21,unlabelled,,,,,0,0,0.0,0.0,,,7.11899995803833,-76.3280029296875,2.91,1.6,6.5395,-74.456333,260.0,216.58,287.32
PTB.2023.264.22.58.51,PTB,2023.264.22.58.51,unlabelled,,,,,0,0,0.0,0.0,,,7.139999866485596,-76.25900268554688,22.3,2.0,6.5395,-74.456333,260.0,210.03,288.54
PTB.2023.264.23.45.57,PTB,2023.264.23.45.57,unlabelled,,,,,0,0,0.0,0.0,,,7.129000186920166,-76.24800109863281,20.43,1.9,6.5395,-74.456333,260.0,208.49,288.33
PTB.2023.265.03.38.56,PTB,2023.265.03.38.56,unlabelled,,,,,0,0,0.0,0.0,,,6.458000183105469,-71.99500274658203,12.93,1.7,6.5395,-74.456333,260.0,272.39,91.76
PTB.2023.265.05.48.10,PTB,2023.265.05.48.10,unlabelled,,,,,0,0,0.0,0.0,,,5.316999912261963,-76.66200256347656,26.52,2.1,6.5395,-74.456333,260.0,279.15,241.15
PTB.2023.265.08.14.49,PTB,2023.265.08.14.49,unlabelled,,,,,0,0,0.0,0.0,,,6.870999813079834,-76.63600158691406,10.12,1.5,6.5395,-74.456333,260.0,243.76,278.78
PTB.2023.266.06.18.49,PTB,2023.266.06.18.49,unlabelled,,,,,0,0,0.0,0.0,,,4.3480000495910645,-73.81600189208984,4.99,1.6,6.5395,-74.456333,260.0,252.52,163.65
PTB.2023.266.11.03.13,PTB,2023.266.11.03.13,unlabelled,,,,,0,0,0.0,0.0,,,6.5980000495910645,-76.76000213623047,27.46,1.7,6.5395,-74.456333,260.0,254.85,271.59
PTB.2023.266.12.34.45,PTB,2023.266.12.34.45,unlabelled,,,,,0,0,0.0,0.0,,,4.249000072479248,-73.77100372314453,12.99,1.7,6.5395,-74.456333,260.0,264.43,163.27
PTB.2023.266.17.21.21,PTB,2023.266.17.21.21,unlabelled,,,,,0,0,0.0,0.0,,,6.798999786376953,-72.06300354003906,0.0,1.8,6.5395,-74.456333,260.0,266.18,83.67
PTB.2023.266.20.42.54,PTB,2023.266.20.42.54,unlabelled,,,,,0,0,0.0,0.0,,,4.544000148773193,-74.37999725341797,15.8,1.9,6.5395,-74.456333,260.0,220.83,177.8
PTB.2023.266.22.28.58,PTB,2023.266.22.28.58,unlabelled,,,,,0,0,0.0,0.0,,,5.085000038146973,-73.13600158691406,14.1,2.0,6.5395,-74.456333,260.0,217.38,137.66
PTB.2023.267.06.47.10,PTB,2023.267.06.47.10,unlabelled,,,,,0,0,0.0,0.0,,,4.340000152587891,-73.71299743652344,16.45,3.5,6.5395,-74.456333,260.0,256.8,161.25
PTB.2023.267.12.03.37,PTB,2023.267.12.03.37,unlabelled,,,,,0,0,0.0,0.0,,,5.296000003814697,-76.73600006103516,34.02,2.1,6.5395,-74.456333,260.0,287.45,241.54
PTB.2023.267.18.10.34,PTB,2023.267.18.10.34,unlabelled,,,,,0,0,0.0,0.0,,,4.414999961853027,-73.6719970703125,10.26,1.6,6.5395,-74.456333,260.0,250.5,159.66
PTB.2023.267.21.04.47,PTB,2023.267.21.04.47,unlabelled,,,,,0,0,0.0,0.0,,,5.7729997634887695,-72.4990005493164,19.02,2.3,6.5395,-74.456333,260.0,232.63,111.26
PTB.2023.267.22.40.53,PTB,2023.267.22.40.53,unlabelled,,,,,0,0,0.0,0.0,,,6.908999919891357,-76.62799835205078,17.85,1.7,6.5395,-74.456333,260.0,243.55,279.78
PTB.2023.268.08.25.11,PTB,2023.268.08.25.11,unlabelled,,,,,0,0,0.0,0.0,,,6.590000152587891,-76.68299865722656,27.93,1.5,6.5395,-74.456333,260.0,246.32,271.43
PTB.2023.268.13.46.58,PTB,2023.268.13.46.58,unlabelled,,,,,0,0,0.0,0.0,,,5.172999858856201,-72.72100067138672,19.02,2.6,6.5395,-74.456333,260.0,244.47,128.09
PTB.2023.268.20.19.59,PTB,2023.268.20.19.59,unlabelled,,,,,0,0,0.0,0.0,,,6.875999927520752,-76.28099822998047,20.08,1.6,6.5395,-74.456333,260.0,205.14,280.56
PTB.2023.268.22.03.26,PTB,2023.268.22.03.26,unlabelled,,,,,0,0,0.0,0.0,,,4.439000129699707,-73.55999755859375,11.26,1.5,6.5395,-74.456333,260.0,252.63,156.8
PTB.2023.269.07.34.43,PTB,2023.269.07.34.43,unlabelled,,,,,0,0,0.0,0.0,,,6.127999782562256,-76.83999633789062,27.93,1.9,6.5395,-74.456333,260.0,267.64,260.34
PTB.2023.269.23.19.40,PTB,2023.269.23.19.40,unlabelled,,,,,0,0,0.0,0.0,,,4.554999828338623,-74.37200164794922,19.9,1.7,6.5395,-74.456333,260.0,219.65,177.56
PTB.2023.269.23.57.29,PTB,2023.269.23.57.29,unlabelled,,,,,0,0,0.0,0.0,,,6.39300012588501,-72.86799621582031,16.21,1.5,6.5395,-74.456333,260.0,176.44,95.18
PTB.2023.270.00.29.56,PTB,2023.270.00.29.56,unlabelled,,,,,0,0,0.0,0.0,,,6.739999771118164,-76.70800018310547,29.57,1.5,6.5395,-74.456333,260.0,249.97,275.22
PTB.2023.270.02.59.23,PTB,2023.270.02.59.23,unlabelled,,,,,0,0,0.0,0.0,,,7.091000080108643,-76.94599914550781,34.49,2.1,6.5395,-74.456333,260.0,281.88,282.64
PTB.2023.270.04.45.02,PTB,2023.270.04.45.02,unlabelled,,,,,0,0,0.0,0.0,,,4.261000156402588,-73.7699966430664,13.31,1.8,6.5395,-74.456333,260.0,263.2,163.17
PTB.2023.270.10.41.44,PTB,2023.270.10.41.44,unlabelled,,,,,0,0,0.0,0.0,,,6.558000087738037,-71.98899841308594,17.38,2.5,6.5395,-74.456333,260.0,272.89,89.43
PTB.2023.270.10.56.30,PTB,2023.270.10.56.30,unlabelled,,,,,0,0,0.0,0.0,,,7.1479997634887695,-76.19000244140625,11.52,1.5,6.5395,-74.456333,260.0,203.1,289.45
PTB.2023.270.16.42.52,PTB,2023.270.16.42.52,unlabelled,,,,,0,0,0.0,0.0,,,4.25,-73.7770004272461,13.93,1.6,6.5395,-74.456333,260.0,264.14,163.41
PTB.2023.270.20.46.54,PTB,2023.270.20.46.54,unlabelled,,,,,0,0,0.0,0.0,,,6.013000011444092,-75.84400177001953,28.98,1.5,6.5395,-74.456333,260.0,164.22,249.31
PTB.2023.271.00.39.54,PTB,2023.271.00.39.54,unlabelled,,,,,0,0,0.0,0.0,,,6.951000213623047,-76.31900024414062,18.32,1.5,6.5395,-74.456333,260.0,210.89,282.57
PTB.2023.271.08.08.04,PTB,2023.271.08.08.04,unlabelled,,,,,0,0,0.0,0.0,,,4.373000144958496,-73.68399810791016,13.49,2.7,6.5395,-74.456333,260.0,254.41,160.3
PTB.2023.271.15.24.44,PTB,2023.271.15.24.44,unlabelled,,,,,0,0,0.0,0.0,-0.64,,7.355999946594238,-77.0,34.02,2.8,6.5395,-74.456333,260.0,295.24,287.96
PTB.2023.272.00.08.05,PTB,2023.272.00.08.05,unlabelled,,,,,0,0,0.0,0.0,,,5.105999946594238,-73.06500244140625,19.49,2.2,6.5395,-74.456333,260.0,221.07,135.74
PTB.2023.272.00.12.28,PTB,2023.272.00.12.28,unlabelled,,,,,0,0,0.0,0.0,,,5.275000095367432,-76.69300079345703,19.73,1.7,6.5395,-74.456333,260.0,284.42,240.67
PTB.2023.272.05.29.15,PTB,2023.272.05.29.15,unlabelled,,,,,0,0,0.0,0.0,,,5.13700008392334,-73.62300109863281,6.98,1.5,6.5395,-74.456333,260.0,180.48,149.2
PTB.2023.272.05.46.57,PTB,2023.272.05.46.57,unlabelled,,,,,0,0,0.0,0.0,,,7.008999824523926,-76.26200103759766,19.73,1.5,6.5395,-74.456333,260.0,206.25,284.69
PTB.2023.272.06.22.24,PTB,2023.272.06.22.24,unlabelled,,,,,0,0,0.0,0.0,,,7.192999839782715,-73.78900146484375,23.81,2.1,6.5395,-74.456333,260.0,103.26,45.54
PTB.2023.272.15.50.42,PTB,2023.272.15.50.42,unlabelled,,,,,0,0,0.0,0.0,,,5.125,-73.02899932861328,16.91,1.9,6.5395,-74.456333,260.0,222.38,134.62
PTB.2023.274.02.32.46,PTB,2023.274.02.32.46,unlabelled,,,,,0,0,0.0,0.0,,,5.2729997634887695,-76.72100067138672,15.98,1.9,6.5395,-74.456333,260.0,287.23,240.94
PTB.2023.274.03.43.14,PTB,2023.274.03.43.14,unlabelled,,,,,0,0,0.0,0.0,,,5.296000003814697,-76.68299865722656,25.82,2.2,6.5395,-74.456333,260.0,282.31,240.97
PTB.2023.274.03.51.02,PTB,2023.274.03.51.02,unlabelled,,,,,0,0,0.0,0.0,,,5.293000221252441,-76.6729965209961,27.11,2.5,6.5395,-74.456333,260.0,281.51,240.8
PTB.2023.274.14.27.24,PTB,2023.274.14.27.24,unlabelled,,,,,0,0,0.0,0.0,,,6.960000038146973,-76.25499725341797,13.4,1.3,6.5395,-74.456333,260.0,204.21,283.27
PTB.2023.274.14.40.50,PTB,2023.274.14.40.50,unlabelled,,,,,0,0,0.0,0.0,,,6.908999919891357,-76.14099884033203,0.98,1.5,6.5395,-74.456333,260.0,190.68,282.47
PTB.2023.274.21.05.00,PTB,2023.274.21.05.00,unlabelled,,,,,0,0,0.0,0.0,,,4.254000186920166,-75.9000015258789,19.2,1.9,6.5395,-74.456333,260.0,299.12,212.41
PTB.2023.274.22.24.53,PTB,2023.274.22.24.53,unlabelled,,,,,0,0,0.0,0.0,,,7.689000129699707,-74.26000213623047,8.09,1.6,6.5395,-74.456333,260.0,128.96,9.67
PTB.2023.274.22.45.21,PTB,2023.274.22.45.21,unlabelled,,,,,0,0,0.0,0.0,,,7.235000133514404,-77.05000305175781,37.54,2.0,6.5395,-74.456333,260.0,296.79,285.17
PTB.2023.275.08.49.40,PTB,2023.275.08.49.40,unlabelled,,,,,0,0,0.0,0.0,,,6.572999954223633,-76.7490005493164,15.98,1.7,6.5395,-74.456333,260.0,253.59,270.97
PTB.2023.275.11.39.37,PTB,2023.275.11.39.37,unlabelled,,,,,0,0,0.0,0.0,,,6.927999973297119,-76.22899627685547,8.24,1.3,6.5395,-74.456333,260.0,200.63,282.47
PTB.2023.275.15.33.04,PTB,2023.275.15.33.04,unlabelled,,,,,0,0,0.0,0.0,,,7.289000034332275,-72.20500183105469,16.09,1.7,6.5395,-74.456333,260.0,262.25,71.44
PTB.2023.275.15.56.45,PTB,2023.275.15.56.45,unlabelled,,,,,0,0,0.0,0.0,,,5.223999977111816,-74.54100036621094,34.96,1.7,6.5395,-74.456333,260.0,145.78,183.69
PTB.2023.275.17.57.43,PTB,2023.275.17.57.43,unlabelled,,,,,0,0,0.0,0.0,,,6.864999771118164,-76.322998046875,19.26,1.9,6.5395,-74.456333,260.0,209.5,280.0
PTB.2023.275.21.01.42,PTB,2023.275.21.01.42,unlabelled,,,,,0,0,0.0,0.0,,,6.940000057220459,-76.26200103759766,14.28,1.4,6.5395,-74.456333,260.0,204.48,282.61
PTB.2023.275.21.18.32,PTB,2023.275.21.18.32,unlabelled,,,,,0,0,0.0,0.0,,,6.936999797821045,-76.25900268554688,15.21,2.9,6.5395,-74.456333,260.0,204.09,282.54
PTB.2023.275.22.44.12,PTB,2023.275.22.44.12,unlabelled,,,,,0,0,0.0,0.0,,,6.926000118255615,-76.26599884033203,15.98,2.1,6.5395,-74.456333,260.0,204.59,282.16
PTB.2023.275.22.45.34,PTB,2023.275.22.45.34,unlabelled,,,,,0,0,0.0,0.0,,,6.940999984741211,-76.25800323486328,7.13,1.2,6.5395,-74.456333,260.0,204.07,282.67
PTB.2023.275.22.52.47,PTB,2023.275.22.52.47,unlabelled,,,,,0,0,0.0,0.0,,,6.948999881744385,-76.2760009765625,15.21,2.4,6.5395,-74.456333,260.0,206.21,282.79
PTB.2023.275.23.59.16,PTB,2023.275.23.59.16,unlabelled,,,,,0,0,0.0,0.0,,,4.465000152587891,-73.61199951171875,14.63,2.9,6.5395,-74.456333,260.0,247.75,157.77
PTB.2023.276.00.10.03,PTB,2023.276.00.10.03,unlabelled,,,,,0,0,0.0,0.0,,,6.940999984741211,-76.18399810791016,11.76,1.6,6.5395,-74.456333,260.0,196.09,283.19
PTB.2023.276.02.39.04,PTB,2023.276.02.39.04,unlabelled,,,,,0,0,0.0,0.0,,,4.085999965667725,-73.98899841308594,8.42,1.5,6.5395,-74.456333,260.0,276.22,169.17
PTB.2023.276.03.34.10,PTB,2023.276.03.34.10,unlabelled,,,,,0,0,0.0,0.0,,,5.2220001220703125,-76.62699890136719,28.88,1.5,6.5395,-74.456333,260.0,281.08,238.89
PTB.2023.276.03.38.48,PTB,2023.276.03.38.48,unlabelled,,,,,0,0,0.0,0.0,,,6.932000160217285,-76.26599884033203,15.33,1.7,6.5395,-74.456333,260.0,204.72,282.35
PTB.2023.276.05.33.11,PTB,2023.276.05.33.11,unlabelled,,,,,0,0,0.0,0.0,,,7.189000129699707,-76.30400085449219,19.96,1.5,6.5395,-74.456333,260.0,216.48,289.49
PTB.2023.276.05.55.55,PTB,2023.276.05.55.55,unlabelled,,,,,0,0,0.0,0.0,,,4.353000164031982,-73.81999969482422,6.28,1.8,6.5395,-74.456333,260.0,251.87,163.71
PTB.2023.276.06.09.31,PTB,2023.276.06.09.31,unlabelled,,,,,0,0,0.0,0.0,,,7.4039998054504395,-72.14099884033203,23.95,1.7,6.5395,-74.456333,260.0,273.13,69.37
PTB.2023.276.07.44.11,PTB,2023.276.07.44.11,unlabelled,,,,,0,0,0.0,0.0,,,6.926000118255615,-76.26300048828125,13.46,2.0,6.5395,-74.456333,260.0,204.26,282.18
PTB.2023.276.07.56.45,PTB,2023.276.07.56.45,unlabelled,,,,,0,0,0.0,0.0,,,6.931000232696533,-76.26499938964844,13.57,1.7,6.5395,-74.456333,260.0,204.59,282.32
PTB.2023.276.08.25.46,PTB,2023.276.08.25.46,unlabelled,,,,,0,0,0.0,0.0,,,6.931000232696533,-76.27300262451172,13.98,1.8,6.5395,-74.456333,260.0,205.46,282.27
PTB.2023.276.13.11.07,PTB,2023.276.13.11.07,unlabelled,,,,,0,0,0.0,0.0,,,6.965000152587891,-76.24299621582031,13.81,1.6,6.5395,-74.456333,260.0,203.05,283.5
PTB.2023.276.16.51.54,PTB,2023.276.16.51.54,unlabelled,,,,,0,0,0.0,0.0,,,6.947000026702881,-76.23400115966797,13.4,1.5,6.5395,-74.456333,260.0,201.63,283.02
PTB.2023.276.17.21.10,PTB,2023.276.17.21.10,unlabelled,,,,,0,0,0.0,0.0,,,5.289999961853027,-76.73600006103516,25.12,2.6,6.5395,-74.456333,260.0,287.77,241.43
PTB.2023.276.17.52.46,PTB,2023.276.17.52.46,unlabelled,,,,,0,0,0.0,0.0,,,6.966000080108643,-76.26799774169922,15.51,1.7,6.5395,-74.456333,260.0,205.76,283.36
PTB.2023.277.03.40.30,PTB,2023.277.03.40.30,unlabelled,,,,,0,0,0.0,0.0,,,6.931000232696533,-76.27100372314453,7.52,1.6,6.5395,-74.456333,260.0,205.24,282.28
PTB.2023.277.20.00.18,PTB,2023.277.20.00.18,unlabelled,,,,,0,0,0.0,0.0,,,4.3520002365112305,-73.70500183105469,14.37,3.0,6.5395,-74.456333,260.0,255.83,160.97
PTB.2023.277.20.50.33,PTB,2023.277.20.50.33,unlabelled,,,,,0,0,0.0,0.0,,,6.86299991607666,-76.1709976196289,21.84,1.9,6.5395,-74.456333,260.0,192.93,280.79
PTB.2023.277.22.34.00,PTB,2023.277.22.34.00,unlabelled,,,,,0,0,0.0,0.0,,,5.863999843597412,-72.60199737548828,0.0,1.8,6.5395,-74.456333,260.0,218.4,109.9
PTB.2023.278.04.47.08,PTB,2023.278.04.47.08,unlabelled,,,,,0,0,0.0,0.0,,,6.932000160217285,-76.36599731445312,15.98,1.8,6.5395,-74.456333,260.0,215.54,281.73
PTB.2023.278.05.31.56,PTB,2023.278.05.31.56,unlabelled,,,,,0,0,0.0,0.0,-0.49,-1.92,6.047999858856201,-72.48400115966797,15.98,1.8,6.5395,-74.456333,260.0,224.91,103.88
PTB.2023.278.10.44.34,PTB,2023.278.10.44.34,unlabelled,,,,,0,0,0.0,0.0,,,5.019999980926514,-74.73400115966797,27.99,1.8,6.5395,-74.456333,260.0,170.83,190.39
PTB.2023.278.12.21.25,PTB,2023.278.12.21.25,unlabelled,,,,,0,0,0.0,0.0,,,6.833000183105469,-76.32099914550781,27.46,1.8,6.5395,-74.456333,260.0,208.71,279.05
PTB.2023.278.14.53.57,PTB,2023.278.14.53.57,unlabelled,,,,,0,0,0.0,0.0,,,3.565000057220459,-74.33499908447266,9.41,1.5,6.5395,-74.456333,260.0,329.2,177.65
PTB.2023.278.21.54.57,PTB,2023.278.21.54.57,unlabelled,,,,,0,0,0.0,0.0,,,5.90500020980835,-72.58799743652344,0.0,1.9,6.5395,-74.456333,260.0,218.35,108.64
PTB.2023.279.01.50.44,PTB,2023.279.01.50.44,unlabelled,,,,,0,0,0.0,0.0,,,4.360000133514404,-73.69499969482422,14.98,2.2,6.5395,-74.456333,260.0,255.36,160.67
PTB.2023.279.04.22.54,PTB,2023.279.04.22.54,unlabelled,,,,,0,0,0.0,0.0,,,6.730999946594238,-76.66699981689453,26.29,1.7,6.5395,-74.456333,260.0,245.37,275.08
PTB.2023.279.05.06.11,PTB,2023.279.05.06.11,unlabelled,,,,,0,0,0.0,0.0,,,4.498000144958496,-76.42500305175781,33.09,2.0,6.5395,-74.456333,260.0,313.92,224.12
PTB.2023.279.21.52.45,PTB,2023.279.21.52.45,unlabelled,,,,,0,0,0.0,0.0,,,5.238999843597412,-76.72100067138672,15.98,1.9,6.5395,-74.456333,260.0,289.09,240.29
PTB.2023.280.00.54.56,PTB,2023.280.00.54.56,unlabelled,,,,,0,0,0.0,0.0,,,5.264999866485596,-76.7300033569336,15.98,2.0,6.5395,-74.456333,260.0,288.53,240.88
PTB.2023.280.01.09.32,PTB,2023.280.01.09.32,unlabelled,,,,,0,0,0.0,0.0,,,5.196000099182129,-76.74600219726562,0.0,1.8,6.5395,-74.456333,260.0,293.87,239.75
PTB.2023.280.05.51.23,PTB,2023.280.05.51.23,unlabelled,,,,,0,0,0.0,0.0,,,5.258999824523926,-76.677001953125,13.05,1.8,6.5395,-74.456333,260.0,283.76,240.18
PTB.2023.280.10.38.59,PTB,2023.280.10.38.59,unlabelled,,,,,0,0,0.0,0.0,,,4.817999839782715,-73.49600219726562,0.98,1.8,6.5395,-74.456333,260.0,218.08,150.75
PTB.2023.281.00.17.49,PTB,2023.281.00.17.49,unlabelled,,,,,0,0,0.0,0.0,,,6.942999839782715,-76.28900146484375,18.55,1.6,6.5395,-74.456333,260.0,207.47,282.53
PTB.2023.281.09.04.39,PTB,2023.281.09.04.39,unlabelled,,,,,0,0,0.0,0.0,,,5.182000160217285,-73.04199981689453,17.85,2.1,6.5395,-74.456333,260.0,216.95,133.71
PTB.2023.281.09.10.38,PTB,2023.281.09.10.38,unlabelled,,,,,0,0,0.0,0.0,,,5.119999885559082,-73.03700256347656,20.61,2.8,6.5395,-74.456333,260.0,222.14,134.89
PTB.2023.281.09.12.14,PTB,2023.281.09.12.14,unlabelled,,,,,0,0,0.0,0.0,,,5.182000160217285,-73.08399963378906,17.62,2.3,6.5395,-74.456333,260.0,213.61,134.58
PTB.2023.281.09.13.25,PTB,2023.281.09.13.25,unlabelled,,,,,0,0,0.0,0.0,,,5.192999839782715,-73.10099792480469,15.98,2.0,6.5395,-74.456333,260.0,211.42,134.7
PTB.2023.281.09.23.13,PTB,2023.281.09.23.13,unlabelled,,,,,0,0,0.0,0.0,,,5.166999816894531,-73.03099822998047,13.16,1.7,6.5395,-74.456333,260.0,218.98,133.8
PTB.2023.281.09.25.43,PTB,2023.281.09.25.43,unlabelled,,,,,0,0,0.0,0.0,,,5.185999870300293,-73.10800170898438,13.87,1.9,6.5395,-74.456333,260.0,211.42,135.0
PTB.2023.281.09.36.45,PTB,2023.281.09.36.45,unlabelled,,,,,0,0,0.0,0.0,,,5.176000118255615,-73.0780029296875,15.98,2.1,6.5395,-74.456333,260.0,214.55,134.58
PTB.2023.281.10.19.40,PTB,2023.281.10.19.40,unlabelled,,,,,0,0,0.0,0.0,,,5.1620001792907715,-73.08399963378906,0.0,1.6,6.5395,-74.456333,260.0,215.18,134.99
PTB.2023.281.13.13.19,PTB,2023.281.13.13.19,unlabelled,,,,,0,0,0.0,0.0,,,5.169000148773193,-73.08699798583984,15.98,1.7,6.5395,-74.456333,260.0,214.39,134.91
PTB.2023.281.23.53.46,PTB,2023.281.23.53.46,unlabelled,,,,,0,0,0.0,0.0,,,4.2779998779296875,-73.74800109863281,13.19,1.8,6.5395,-74.456333,260.0,262.12,162.54
PTB.2023.282.05.27.11,PTB,2023.282.05.27.11,unlabelled,,,,,0,0,0.0,0.0,,,6.9710001945495605,-76.61100006103516,15.98,1.5,6.5395,-74.456333,260.0,242.93,281.45
PTB.2023.282.06.44.54,PTB,2023.282.06.44.54,unlabelled,,,,,0,0,0.0,0.0,,,4.763999938964844,-73.40699768066406,14.75,1.5,6.5395,-74.456333,260.0,228.17,149.32
PTB.2023.282.16.29.57,PTB,2023.282.16.29.57,unlabelled,,,,,0,0,0.0,0.0,,,7.216000080108643,-76.98400115966797,38.48,1.8,6.5395,-74.456333,260.0,289.21,285.14
PTB.2023.282.18.25.20,PTB,2023.282.18.25.20,unlabelled,,,,,0,0,0.0,0.0,,,7.02400016784668,-76.34700012207031,9.77,1.7,6.5395,-74.456333,260.0,215.76,284.49
PTB.2023.283.02.51.24,PTB,2023.283.02.51.24,unlabelled,,,,,0,0,0.0,0.0,,,7.366000175476074,-76.87799835205078,29.48,1.6,6.5395,-74.456333,260.0,282.79,289.0
PTB.2023.283.15.24.15,PTB,2023.283.15.24.15,unlabelled,,,,,0,0,0.0,0.0,,,6.7230000495910645,-76.93499755859375,34.02,1.8,6.5395,-74.456333,260.0,274.84,274.38
PTB.2023.283.17.22.23,PTB,2023.283.17.22.23,unlabelled,,,,,0,0,0.0,0.0,,,6.997000217437744,-72.24500274658203,24.61,1.7,6.5395,-74.456333,260.0,249.64,78.18
PTB.2023.284.03.35.43,PTB,2023.284.03.35.43,unlabelled,,,,,0,0,0.0,0.0,-2.68,,6.860000133514404,-76.17500305175781,22.3,1.6,6.5395,-74.456333,260.0,193.3,280.67
PTB.2023.284.17.33.32,PTB,2023.284.17.33.32,unlabelled,,,,,0,0,0.0,0.0,,,7.388999938964844,-72.6510009765625,12.29,1.9,6.5395,-74.456333,260.0,220.51,64.68
PTB.2023.285.04.57.33,PTB,2023.285.04.57.33,unlabelled,,,,,0,0,0.0,0.0,,,7.0,-76.29199981689453,16.68,1.5,6.5395,-74.456333,260.0,209.22,284.19
PTB.2023.286.00.25.04,PTB,2023.286.00.25.04,unlabelled,,,,,0,0,0.0,0.0,,,6.164000034332275,-72.447998046875,25.01,1.6,6.5395,-74.456333,260.0,226.05,100.47
PTB.2023.286.21.35.15,PTB,2023.286.21.35.15,unlabelled,,,,,0,0,0.0,0.0,,,6.248000144958496,-72.52300262451172,16.09,2.6,6.5395,-74.456333,260.0,216.3,98.46
PTB.2023.286.21.37.46,PTB,2023.286.21.37.46,unlabelled,,,,,0,0,0.0,0.0,,,6.228000164031982,-72.45899963378906,16.09,1.7,6.5395,-74.456333,260.0,223.64,98.75
PTB.2023.287.02.23.34,PTB,2023.287.02.23.34,unlabelled,,,,,0,0,0.0,0.0,,,6.855000019073486,-76.17400360107422,21.48,1.8,6.5395,-74.456333,260.0,193.09,280.51
PTB.2023.287.02.24.13,PTB,2023.287.02.24.13,unlabelled,,,,,0,0,0.0,0.0,,,6.841000080108643,-76.1709976196289,19.49,2.0,6.5395,-74.456333,260.0,192.49,280.07
PTB.2023.287.02.30.43,PTB,2023.287.02.30.43,unlabelled,,,,,0,0,0.0,0.0,,,7.058000087738037,-72.21600341796875,13.05,1.5,6.5395,-74.456333,260.0,254.2,76.83
PTB.2023.287.05.17.14,PTB,2023.287.05.17.14,unlabelled,,,,,0,0,0.0,0.0,,,6.989999771118164,-76.28099822998047,14.1,1.4,6.5395,-74.456333,260.0,207.78,283.98
PTB.2023.287.08.09.07,PTB,2023.287.08.09.07,unlabelled,,,,,0,0,0.0,0.0,,,6.195000171661377,-72.43699645996094,27.17,1.5,6.5395,-74.456333,260.0,226.64,99.56
PTB.2023.287.09.51.51,PTB,2023.287.09.51.51,unlabelled,,,,,0,0,0.0,0.0,,,6.242000102996826,-72.52799987792969,15.74,2.0,6.5395,-74.456333,260.0,215.86,98.66
PTB.2023.287.11.30.36,PTB,2023.287.11.30.36,unlabelled,,,,,0,0,0.0,0.0,,,6.89900016784668,-71.82499694824219,9.0,1.9,6.5395,-74.456333,260.0,293.62,82.07
PTB.2023.287.11.45.15,PTB,2023.287.11.45.15,unlabelled,,,,,0,0,0.0,0.0,,,4.372000217437744,-75.427001953125,9.24,2.2,6.5395,-74.456333,260.0,262.72,204.22
PTB.2023.287.15.19.14,PTB,2023.287.15.19.14,unlabelled,,,,,0,0,0.0,0.0,,,4.4629998207092285,-74.89800262451172,29.86,2.1,6.5395,-74.456333,260.0,234.79,192.05
PTB.2023.287.23.45.49,PTB,2023.287.23.45.49,unlabelled,,,,,0,0,0.0,0.0,,,5.329999923706055,-76.7239990234375,35.43,1.7,6.5395,-74.456333,260.0,284.49,242.08
PTB.2023.288.01.03.22,PTB,2023.288.01.03.22,unlabelled,,,,,0,0,0.0,0.0,,,5.294000148773193,-74.48100280761719,31.45,1.8,6.5395,-74.456333,260.0,137.76,181.14
PTB.2023.288.08.40.36,PTB,2023.288.08.40.36,unlabelled,,,,,0,0,0.0,0.0,,,6.242000102996826,-72.4209976196289,21.06,1.6,6.5395,-74.456333,260.0,227.56,98.2
PTB.2023.289.04.16.11,PTB,2023.289.04.16.11,unlabelled,,,,,0,0,0.0,0.0,,,5.1539998054504395,-73.0199966430664,15.98,1.6,6.5395,-74.456333,260.0,220.85,133.85
PTB.2023.289.10.26.36,PTB,2023.289.10.26.36,unlabelled,,,,,0,0,0.0,0.0,,,7.482999801635742,-72.12999725341797,26.52,2.0,6.5395,-74.456333,260.0,277.41,67.77
PTB.2023.290.05.43.34,PTB,2023.290.05.43.34,unlabelled,,,,,0,0,0.0,0.0,,,5.376999855041504,-76.77300262451172,36.6,1.8,6.5395,-74.456333,260.0,286.91,243.5
PTB.2023.290.16.21.28,PTB,2023.290.16.21.28,unlabelled,,,,,0,0,0.0,0.0,,,5.224999904632568,-76.70700073242188,32.73,2.2,6.5395,-74.456333,260.0,288.52,239.87
PTB.2023.290.21.10.39,PTB,2023.290.21.10.39,unlabelled,,,,,0,0,0.0,0.0,,,7.741000175476074,-72.37000274658203,20.43,1.6,6.5395,-74.456333,260.0,266.02,59.91
PTB.2023.290.21.12.42,PTB,2023.290.21.12.42,unlabelled,,,,,0,0,0.0,0.0,,,7.758999824523926,-74.04000091552734,0.0,1.9,6.5395,-74.456333,260.0,142.49,18.8
PTB.2023.291.16.12.55,PTB,2023.291.16.12.55,unlabelled,,,,,0,0,0.0,0.0,,,7.625,-74.04100036621094,12.39,1.7,6.5395,-74.456333,260.0,128.52,20.89
PTB.2023.291.21.56.51,PTB,2023.291.21.56.51,unlabelled,,,,,0,0,0.0,0.0,,,5.986999988555908,-76.8740005493164,35.55,2.2,6.5395,-74.456333,260.0,274.42,257.27
PTB.2023.292.09.50.52,PTB,2023.292.09.50.52,unlabelled,,,,,0,0,0.0,0.0,,,6.953999996185303,-76.30899810791016,13.16,1.7,6.5395,-74.456333,260.0,209.89,282.72
PTB.2023.292.14.45.55,PTB,2023.292.14.45.55,unlabelled,,,,,0,0,0.0,0.0,,,6.929999828338623,-76.35800170898438,12.7,1.6,6.5395,-74.456333,260.0,214.63,281.72
PTB.2023.293.02.51.12,PTB,2023.293.02.51.12,unlabelled,,,,,0,0,0.0,0.0,,,6.9730000495910645,-76.29000091552734,14.28,1.5,6.5395,-74.456333,260.0,208.31,283.41
PTB.2023.293.05.17.48,PTB,2023.293.05.17.48,unlabelled,,,,,0,0,0.0,0.0,,,5.408999919891357,-72.4469985961914,16.09,1.8,6.5395,-74.456333,260.0,255.19,119.23
PTB.2023.293.05.23.55,PTB,2023.293.05.23.55,unlabelled,,,,,0,0,0.0,0.0,,,6.951000213623047,-76.76499938964844,15.04,1.6,6.5395,-74.456333,260.0,259.26,280.24
PTB.2023.293.09.01.02,PTB,2023.293.09.01.02,unlabelled,,,,,0,0,0.0,0.0,,,7.1570000648498535,-77.18000030517578,40.12,2.6,6.5395,-74.456333,260.0,308.69,282.94
PTB.2023.293.15.41.13,PTB,2023.293.15.41.13,unlabelled,,,,,0,0,0.0,0.0,,,4.538000106811523,-73.55599975585938,11.7,1.8,6.5395,-74.456333,260.0,242.78,155.69
PTB.2023.293.15.44.09,PTB,2023.293.15.44.09,unlabelled,,,,,0,0,0.0,0.0,,,5.355999946594238,-76.66600036621094,31.45,3.1,6.5395,-74.456333,260.0,277.47,241.97
PTB.2023.293.16.21.32,PTB,2023.293.16.21.32,unlabelled,,,,,0,0,0.0,0.0,,,5.843999862670898,-73.06999969482422,0.0,1.5,6.5395,-74.456333,260.0,171.63,116.55
PTB.2023.293.23.41.50,PTB,2023.293.23.41.50,unlabelled,,,,,0,0,0.0,0.0,,,7.072000026702881,-72.37799835205078,20.2,2.3,6.5395,-74.456333,260.0,237.17,75.5
PTB.2023.294.01.30.58,PTB,2023.294.01.30.58,unlabelled,,,,,0,0,0.0,0.0,,,7.181000232696533,-72.3740005493164,28.73,1.5,6.5395,-74.456333,260.0,240.84,72.75
PTB.2023.294.06.27.20,PTB,2023.294.06.27.20,unlabelled,,,,,0,0,0.0,0.0,-5.39,-0.43,6.927999973297119,-76.36199951171875,24.88,1.9,6.5395,-74.456333,260.0,215.02,281.64
PTB.2023.294.06.58.01,PTB,2023.294.06.58.01,unlabelled,,,,,0,0,0.0,0.0,,,6.482999801635742,-72.00199890136719,3.67,1.8,6.5395,-74.456333,260.0,271.54,91.18
PTB.2023.294.14.22.48,PTB,2023.294.14.22.48,unlabelled,,,,,0,0,0.0,0.0,,,7.033999919891357,-76.30699920654297,34.26,1.6,6.5395,-74.456333,260.0,211.76,285.07
PTB.2023.295.03.14.57,PTB,2023.295.03.14.57,unlabelled,,,,,0,0,0.0,0.0,,,4.863999843597412,-75.2509994506836,4.72,3.0,6.5395,-74.456333,260.0,205.13,205.45
PTB.2023.295.13.14.23,PTB,2023.295.13.14.23,unlabelled,,,,,0,0,0.0,0.0,,,7.171000003814697,-71.90299987792969,1.94,1.7,6.5395,-74.456333,260.0,290.73,75.95
PTB.2023.295.13.37.56,PTB,2023.295.13.37.56,unlabelled,,,,,0,0,0.0,0.0,,,4.8480000495910645,-75.2249984741211,3.9,3.2,6.5395,-74.456333,260.0,205.52,204.51
PTB.2023.295.16.23.17,PTB,2023.295.16.23.17,unlabelled,,,,,0,0,0.0,0.0,,,6.872000217437744,-71.82599639892578,0.15,1.7,6.5395,-74.456333,260.0,293.13,82.64
PTB.2023.295.23.31.10,PTB,2023.295.23.31.10,unlabelled,,,,,0,0,0.0,0.0,,,6.271999835968018,-72.56300354003906,14.57,2.1,6.5395,-74.456333,260.0,211.54,97.93
PTB.2023.296.00.03.45,PTB,2023.296.00.03.45,unlabelled,,,,,0,0,0.0,0.0,,,7.26200008392334,-77.03399658203125,36.02,2.0,6.5395,-74.456333,260.0,295.87,285.82
PTB.2023.296.00.48.48,PTB,2023.296.00.48.48,unlabelled,,,,,0,0,0.0,0.0,,,7.182000160217285,-76.20500183105469,19.02,1.6,6.5395,-74.456333,260.0,205.92,290.29
PTB.2023.296.01.54.45,PTB,2023.296.01.54.45,unlabelled,,,,,0,0,0.0,0.0,,,5.3520002365112305,-72.8759994506836,20.08,2.3,6.5395,-74.456333,260.0,218.78,126.8
PTB.2023.296.02.19.16,PTB,2023.296.02.19.16,unlabelled,,,,,0,0,0.0,0.0,,,6.923999786376953,-76.35800170898438,23.95,1.8,6.5395,-74.456333,260.0,214.5,281.54
PTB.2023.296.06.09.33,PTB,2023.296.06.09.33,unlabelled,,,,,0,0,0.0,0.0,,,5.366000175476074,-72.97100067138672,13.16,1.5,6.5395,-74.456333,260.0,209.49,128.2
PTB.2023.296.06.41.29,PTB,2023.296.06.41.29,unlabelled,,,,,0,0,0.0,0.0,,,5.439000129699707,-72.9469985961914,22.19,1.7,6.5395,-74.456333,260.0,206.72,125.98
PTB.2023.296.07.41.09,PTB,2023.296.07.41.09,unlabelled,,,,,0,0,0.0,0.0,,,7.078000068664551,-76.29000091552734,16.68,1.5,6.5395,-74.456333,260.0,211.26,286.48
PTB.2023.296.08.06.49,PTB,2023.296.08.06.49,unlabelled,,,,,0,0,0.0,0.0,,,5.368000030517578,-72.83200073242188,12.93,2.2,6.5395,-74.456333,260.0,221.65,125.68
PTB.2023.296.09.22.10,PTB,2023.296.09.22.10,unlabelled,,,,,0,0,0.0,0.0,,,7.133999824523926,-76.65499877929688,24.41,1.7,6.5395,-74.456333,260.0,251.76,285.27
PTB.2023.296.10.48.07,PTB,2023.296.10.48.07,unlabelled,,,,,0,0,0.0,0.0,,,6.198999881744385,-72.53399658203125,30.0,1.6,6.5395,-74.456333,260.0,215.99,99.93
PTB.2023.296.11.29.34,PTB,2023.296.11.29.34,unlabelled,,,,,0,0,0.0,0.0,,,5.38100004196167,-72.79399871826172,15.98,2.1,6.5395,-74.456333,260.0,224.25,124.75
PTB.2023.296.12.31.50,PTB,2023.296.12.31.50,unlabelled,,,,,0,0,0.0,0.0,,,5.3480000495910645,-72.86299896240234,13.98,2.1,6.5395,-74.456333,260.0,220.19,126.67
PTB.2023.296.12.42.38,PTB,2023.296.12.42.38,unlabelled,,,,,0,0,0.0,0.0,,,5.363999843597412,-72.86399841308594,15.98,1.9,6.5395,-74.456333,260.0,219.05,126.32
PTB.2023.296.19.44.56,PTB,2023.296.19.44.56,unlabelled,,,,,0,0,0.0,0.0,,,6.9679999351501465,-76.23999786376953,15.98,1.7,6.5395,-74.456333,260.0,202.8,283.62
PTB.2023.297.04.04.22,PTB,2023.297.04.04.22,unlabelled,,,,,0,0,0.0,0.0,,,7.459000110626221,-72.79100036621094,15.98,1.5,6.5395,-74.456333,260.0,210.24,60.97
PTB.2023.297.13.37.10,PTB,2023.297.13.37.10,unlabelled,,,,,0,0,0.0,0.0,,,7.204999923706055,-76.33200073242188,10.05,1.7,6.5395,-74.456333,260.0,219.98,289.66
PTB.2023.297.15.10.08,PTB,2023.297.15.10.08,unlabelled,,,,,0,0,0.0,0.0,,,5.34499979019165,-72.86000061035156,16.68,2.5,6.5395,-74.456333,260.0,220.66,126.69
PTB.2023.297.15.41.59,PTB,2023.297.15.41.59,unlabelled,,,,,0,0,0.0,0.0,,,5.353000164031982,-72.84100341796875,12.93,2.4,6.5395,-74.456333,260.0,221.82,126.18
PTB.2023.297.16.21.11,PTB,2023.297.16.21.11,unlabelled,,,,,0,0,0.0,0.0,,,3.5420000553131104,-74.4010009765625,23.48,1.6,6.5395,-74.456333,260.0,331.53,178.94
PTB.2023.297.16.37.24,PTB,2023.297.16.37.24,unlabelled,,,,,0,0,0.0,0.0,,,5.375,-72.97799682617188,10.59,2.3,6.5395,-74.456333,260.0,208.27,128.11
PTB.2023.297.16.41.16,PTB,2023.297.16.41.16,unlabelled,,,,,0,0,0.0,0.0,,,5.361999988555908,-72.87300109863281,15.98,2.3,6.5395,-74.456333,260.0,218.38,126.52
PTB.2023.297.16.41.44,PTB,2023.297.16.41.44,unlabelled,,,,,0,0,0.0,0.0,,,5.385000228881836,-72.83699798583984,26.52,2.3,6.5395,-74.456333,260.0,220.1,125.37
PTB.2023.297.17.01.07,PTB,2023.297.17.01.07,unlabelled,,,,,0,0,0.0,0.0,,,5.3979997634887695,-73.15699768066406,12.93,1.6,6.5395,-74.456333,260.0,191.39,131.2
PTB.2023.297.21.20.42,PTB,2023.297.21.20.42,unlabelled,,,,,0,0,0.0,0.0,,,5.099999904632568,-75.88999938964844,19.55,2.0,6.5395,-74.456333,260.0,224.83,225.0
PTB.2023.298.05.05.33,PTB,2023.298.05.05.33,unlabelled,,,,,0,0,0.0,0.0,,,7.006999969482422,-76.25299835205078,16.04,1.6,6.5395,-74.456333,260.0,205.24,284.7
PTB.2023.298.05.10.42,PTB,2023.298.05.10.42,unlabelled,,,,,0,0,0.0,0.0,,,7.020999908447266,-76.23200225830078,18.55,1.8,6.5395,-74.456333,260.0,203.39,285.28
PTB.2023.298.07.20.23,PTB,2023.298.07.20.23,unlabelled,,,,,0,0,0.0,0.0,-3.26,,4.8470001220703125,-74.55500030517578,22.01,1.5,6.5395,-74.456333,260.0,187.48,183.35
PTB.2023.298.07.50.39,PTB,2023.298.07.50.39,unlabelled,,,,,0,0,0.0,0.0,,,6.992000102996826,-76.3479995727539,28.87,1.5,6.5395,-74.456333,260.0,215.03,283.57
PTB.2023.298.11.15.06,PTB,2023.298.11.15.06,unlabelled,,,,,0,0,0.0,0.0,,,6.964000225067139,-76.2490005493164,15.04,1.6,6.5395,-74.456333,260.0,203.67,283.43
PTB.2023.298.11.27.07,PTB,2023.298.11.27.07,unlabelled,,,,,0,0,0.0,0.0,,,7.093999862670898,-76.30999755859375,6.23,1.7,6.5395,-74.456333,260.0,213.88,286.77
PTB.2023.298.12.05.18,PTB,2023.298.12.05.18,unlabelled,,,,,0,0,0.0,0.0,,,6.988999843597412,-76.2509994506836,14.86,1.6,6.5395,-74.456333,260.0,204.53,284.17
PTB.2023.298.14.05.53,PTB,2023.298.14.05.53,unlabelled,,,,,0,0,0.0,0.0,,,5.297999858856201,-76.74099731445312,37.07,1.9,6.5395,-74.456333,260.0,287.83,241.63
PTB.2023.298.21.12.23,PTB,2023.298.21.12.23,unlabelled,,,,,0,0,0.0,0.0,,,6.956999778747559,-76.38099670410156,14.92,1.4,6.5395,-74.456333,260.0,217.73,282.35
PTB.2023.299.04.27.00,PTB,2023.299.04.27.00,unlabelled,,,,,0,0,0.0,0.0,,,7.269999980926514,-72.68699645996094,6.95,1.6,6.5395,-74.456333,260.0,211.57,67.45
PTB.2023.299.04.49.45,PTB,2023.299.04.49.45,unlabelled,,,,,0,0,0.0,0.0,,,6.973999977111816,-76.24700164794922,15.92,1.6,6.5395,-74.456333,260.0,203.71,283.75
PTB.2023.299.06.05.04,PTB,2023.299.06.05.04,unlabelled,,,,,0,0,0.0,0.0,,,6.2270002365112305,-72.30699920654297,20.0,1.6,6.5395,-74.456333,260.0,240.29,98.15
PTB.2023.299.08.30.17,PTB,2023.299.08.30.17,unlabelled,,,,,0,0,0.0,0.0,,,5.706999778747559,-73.3219985961914,17.85,1.6,6.5395,-74.456333,260.0,155.69,126.19
PTB.2023.299.15.27.50,PTB,2023.299.15.27.50,unlabelled,,,,,0,0,0.0,0.0,,,6.998000144958496,-76.26000213623047,15.04,1.7,6.5395,-74.456333,260.0,205.74,284.37
PTB.2023.299.15.40.15,PTB,2023.299.15.40.15,unlabelled,,,,,0,0,0.0,0.0,,,6.24399995803833,-72.41600036621094,0.0,1.7,6.5395,-74.456333,260.0,228.08,98.12
PTB.2023.299.16.22.28,PTB,2023.299.16.22.28,unlabelled,,,,,0,0,0.0,0.0,,,4.994999885559082,-72.91699981689453,15.92,2.1,6.5395,-74.456333,260.0,241.33,134.97
PTB.2023.299.18.01.31,PTB,2023.299.18.01.31,unlabelled,,,,,0,0,0.0,0.0,,,7.086999893188477,-76.3499984741211,16.45,1.5,6.5395,-74.456333,260.0,217.9,286.24
PTB.2023.299.21.22.28,PTB,2023.299.21.22.28,unlabelled,,,,,0,0,0.0,0.0,,,4.160999774932861,-73.88600158691406,12.99,1.7,6.5395,-74.456333,260.0,270.51,166.46
PTB.2023.299.21.35.39,PTB,2023.299.21.35.39,unlabelled,,,,,0,0,0.0,0.0,,,7.107999801635742,-76.24600219726562,13.87,1.8,6.5395,-74.456333,260.0,207.57,287.74
PTB.2023.299.22.45.01,PTB,2023.299.22.45.01,unlabelled,,,,,0,0,0.0,0.0,,,7.0229997634887695,-76.25599670410156,17.62,1.7,6.5395,-74.456333,260.0,206.0,285.15
PTB.2023.299.23.54.29,PTB,2023.299.23.54.29,unlabelled,,,,,0,0,0.0,0.0,,,6.9670000076293945,-76.25399780273438,14.98,1.8,6.5395,-74.456333,260.0,204.28,283.49
PTB.2023.299.23.55.01,PTB,2023.299.23.55.01,unlabelled,,,,,0,0,0.0,0.0,,,6.991000175476074,-76.25199890136719,11.11,1.3,6.5395,-74.456333,260.0,204.69,284.22
PTB.2023.300.00.05.37,PTB,2023.300.00.05.37,unlabelled,,,,,0,0,0.0,0.0,,,6.953999996185303,-76.25,14.63,1.6,6.5395,-74.456333,260.0,203.53,283.12
PTB.2023.300.00.30.17,PTB,2023.300.00.30.17,unlabelled,,,,,0,0,0.0,0.0,,,4.245999813079834,-73.77200317382812,13.02,1.5,6.5395,-74.456333,260.0,264.72,163.32
PTB.2023.300.01.07.36,PTB,2023.300.01.07.36,unlabelled,,,,,0,0,0.0,0.0,-0.47,-1.17,6.958000183105469,-76.25700378417969,9.82,1.9,6.5395,-74.456333,260.0,204.38,283.19
PTB.2023.300.01.21.01,PTB,2023.300.01.21.01,unlabelled,,,,,0,0,0.0,0.0,,,4.892000198364258,-73.18900299072266,32.15,1.6,6.5395,-74.456333,260.0,230.0,142.32
PTB.2023.300.01.23.03,PTB,2023.300.01.23.03,unlabelled,,,,,0,0,0.0,0.0,,,6.814000129699707,-76.65699768066406,32.38,1.8,6.5395,-74.456333,260.0,245.21,277.24
PTB.2023.300.01.45.18,PTB,2023.300.01.45.18,unlabelled,,,,,0,0,0.0,0.0,,,6.955999851226807,-76.2509994506836,13.63,1.6,6.5395,-74.456333,260.0,203.68,283.17
PTB.2023.300.03.29.52,PTB,2023.300.03.29.52,unlabelled,,,,,0,0,0.0,0.0,,,5.169000148773193,-73.10399627685547,16.91,1.7,6.5395,-74.456333,260.0,213.07,135.27
PTB.2023.300.03.34.03,PTB,2023.300.03.34.03,unlabelled,,,,,0,0,0.0,0.0,,,6.369999885559082,-73.11199951171875,35.15,1.5,6.5395,-74.456333,260.0,149.88,97.11
PTB.2023.300.04.58.57,PTB,2023.300.04.58.57,unlabelled,,,,,0,0,0.0,0.0,,,6.958000183105469,-76.26899719238281,12.05,1.5,6.5395,-74.456333,260.0,205.67,283.11
PTB.2023.300.06.29.41,PTB,2023.300.06.29.41,unlabelled,,,,,0,0,0.0,0.0,,,6.86899995803833,-76.27400207519531,25.35,1.6,6.5395,-74.456333,260.0,204.24,280.38
PTB.2023.300.06.32.58,PTB,2023.300.06.32.58,unlabelled,,,,,0,0,0.0,0.0,,,7.085000038146973,-76.18800354003906,25.35,1.5,6.5395,-74.456333,260.0,200.7,287.59
PTB.2023.300.08.19.01,PTB,2023.300.08.19.01,unlabelled,,,,,0,0,0.0,0.0,,,6.9770002365112305,-76.34700012207031,22.07,1.6,6.5395,-74.456333,260.0,214.54,283.14
PTB.2023.300.10.50.06,PTB,2023.300.10.50.06,unlabelled,,,,,0,0,0.0,0.0,,,4.406000137329102,-73.66999816894531,13.96,2.8,6.5395,-74.456333,260.0,251.51,159.69
PTB.2023.300.15.49.02,PTB,2023.300.15.49.02,unlabelled,,,,,0,0,0.0,0.0,,,5.197000026702881,-73.18299865722656,8.01,1.6,6.5395,-74.456333,260.0,204.75,136.41
PTB.2023.301.04.42.23,PTB,2023.301.04.42.23,unlabelled,,,,,0,0,0.0,0.0,,,4.281000137329102,-73.74199676513672,16.27,2.6,6.5395,-74.456333,260.0,262.0,162.38
PTB.2023.301.08.13.21,PTB,2023.301.08.13.21,unlabelled,,,,,0,0,0.0,0.0,,,6.988999843597412,-76.25,13.46,1.5,6.5395,-74.456333,260.0,204.42,284.18
PTB.2023.301.13.59.35,PTB,2023.301.13.59.35,unlabelled,,,,,0,0,0.0,0.0,,,7.126999855041504,-77.09600067138672,37.77,3.1,6.5395,-74.456333,260.0,298.92,282.71
PTB.2023.301.14.58.46,PTB,2023.301.14.58.46,unlabelled,,,,,0,0,0.0,0.0,,,6.932000160217285,-76.35600280761719,25.12,1.8,6.5395,-74.456333,260.0,214.46,281.79
PTB.2023.302.04.42.30,PTB,2023.302.04.42.30,unlabelled,,,,,0,0,0.0,0.0,,,6.182000160217285,-72.58899688720703,14.45,1.7,6.5395,-74.456333,260.0,210.35,100.73
PTB.2023.302.05.14.41,PTB,2023.302.05.14.41,unlabelled,,,,,0,0,0.0,0.0,,,6.961999893188477,-76.36399841308594,15.74,1.6,6.5395,-74.456333,260.0,216.01,282.6
PTB.2023.302.06.23.19,PTB,2023.302.06.23.19,unlabelled,,,,,0,0,0.0,0.0,,,7.052999973297119,-76.26899719238281,23.71,1.8,6.5395,-74.456333,260.0,208.27,285.93
PTB.2023.302.06.37.57,PTB,2023.302.06.37.57,unlabelled,,,,,0,0,0.0,0.0,,,6.951000213623047,-76.28900146484375,13.63,1.5,6.5395,-74.456333,260.0,207.66,282.77
PTB.2023.303.06.21.32,PTB,2023.303.06.21.32,unlabelled,,,,,0,0,0.0,0.0,,,5.364999771118164,-76.6989974975586,36.48,1.5,6.5395,-74.456333,260.0,280.23,242.51
PTB.2023.303.07.14.20,PTB,2023.303.07.14.20,unlabelled,,,,,0,0,0.0,0.0,,,5.165999889373779,-73.0510025024414,16.8,1.7,6.5395,-74.456333,260.0,217.46,134.23
PTB.2023.303.18.33.39,PTB,2023.303.18.33.39,unlabelled,,,,,0,0,0.0,0.0,,,5.309000015258789,-76.73799896240234,37.07,2.0,6.5395,-74.456333,260.0,286.96,241.81
PTB.2023.303.18.34.31,PTB,2023.303.18.34.31,unlabelled,,,,,0,0,0.0,0.0,,,6.985000133514404,-76.27400207519531,21.43,2.5,6.5395,-74.456333,260.0,206.89,283.88
PTB.2023.303.22.38.49,PTB,2023.303.22.38.49,unlabelled,,,,,0,0,0.0,0.0,,,6.955999851226807,-76.2959976196289,15.98,1.9,6.5395,-74.456333,260.0,208.53,282.87
PTB.2023.304.01.52.45,PTB,2023.304.01.52.45,unlabelled,,,,,0,0,0.0,0.0,,,4.38100004196167,-73.68699645996094,11.26,2.0,6.5395,-74.456333,260.0,253.46,160.31
PTB.2023.304.03.08.44,PTB,2023.304.03.08.44,unlabelled,,,,,0,0,0.0,0.0,,,6.9710001945495605,-76.28700256347656,10.12,1.8,6.5395,-74.456333,260.0,207.93,283.37
PTB.2023.304.04.18.31,PTB,2023.304.04.18.31,unlabelled,,,,,0,0,0.0,0.0,,,7.017000198364258,-76.28299713134766,19.73,1.6,6.5395,-74.456333,260.0,208.72,284.76
PTB.2023.304.04.23.53,PTB,2023.304.04.23.53,unlabelled,,,,,0,0,0.0,0.0,,,5.72599983215332,-76.95700073242188,39.88,1.8,6.5395,-74.456333,260.0,291.04,252.13
PTB.2023.304.04.46.03,PTB,2023.304.04.46.03,unlabelled,,,,,0,0,0.0,0.0,,,4.810999870300293,-74.6760025024414,24.94,1.7,6.5395,-74.456333,260.0,192.69,187.27
PTB.2023.304.05.23.12,PTB,2023.304.05.23.12,unlabelled,,,,,0,0,0.0,0.0,,,6.9710001945495605,-76.2959976196289,15.27,1.7,6.5395,-74.456333,260.0,208.9,283.31
PTB.2023.304.07.35.17,PTB,2023.304.07.35.17,unlabelled,,,,,0,0,0.0,0.0,-1.3,,7.026000022888184,-76.31099700927734,17.62,1.8,6.5395,-74.456333,260.0,211.97,284.81
PTB.2023.304.16.49.06,PTB,2023.304.16.49.06,unlabelled,,,,,0,0,0.0,0.0,,,7.2170000076293945,-71.9209976196289,3.0,1.5,6.5395,-74.456333,260.0,290.06,74.88
PTB.2023.305.00.02.29,PTB,2023.305.00.02.29,unlabelled,,,,,0,0,0.0,0.0,,,6.7870001792907715,-76.66600036621094,34.14,1.7,6.5395,-74.456333,260.0,245.86,276.52
PTB.2023.305.03.41.35,PTB,2023.305.03.41.35,unlabelled,,,,,0,0,0.0,0.0,,,6.763000011444092,-76.63099670410156,28.63,2.2,6.5395,-74.456333,260.0,241.73,275.99
PTB.2023.305.06.22.41,PTB,2023.305.06.22.41,unlabelled,,,,,0,0,0.0,0.0,,,7.679999828338623,-72.81199645996094,5.2,1.5,6.5395,-74.456333,260.0,221.14,55.13
PTB.2023.305.17.43.03,PTB,2023.305.17.43.03,unlabelled,,,,,0,0,0.0,0.0,,,3.8550000190734863,-75.63099670410156,16.21,1.5,6.5395,-74.456333,260.0,324.17,203.74
PTB.2023.305.23.23.06,PTB,2023.305.23.23.06,unlabelled,,,,,0,0,0.0,0.0,,,6.9770002365112305,-76.22100067138672,18.09,1.3,6.5395,-74.456333,260.0,201.0,284.03
PTB.2023.306.00.07.45,PTB,2023.306.00.07.45,unlabelled,,,,,0,0,0.0,0.0,,,6.854000091552734,-76.28900146484375,20.43,1.8,6.5395,-74.456333,260.0,205.59,279.85
PTB.2023.306.04.41.25,PTB,2023.306.04.41.25,unlabelled,,,,,0,0,0.0,0.0,-6.53,,5.538000106811523,-74.68299865722656,19.96,1.5,6.5395,-74.456333,260.0,113.56,192.78
PTB.2023.306.09.57.26,PTB,2023.306.09.57.26,unlabelled,,,,,0,0,0.0,0.0,,,4.645999908447266,-74.61000061035156,22.01,1.6,6.5395,-74.456333,260.0,210.08,184.66
PTB.2023.306.23.29.54,PTB,2023.306.23.29.54,unlabelled,,,,,0,0,0.0,0.0,,,4.263999938964844,-73.75700378417969,15.01,3.0,6.5395,-74.456333,260.0,263.3,162.85
PTB.2023.307.00.56.57,PTB,2023.307.00.56.57,unlabelled,,,,,0,0,0.0,0.0,,,6.995999813079834,-76.63300323486328,12.93,1.7,6.5395,-74.456333,260.0,245.87,281.98
PTB.2023.307.09.18.44,PTB,2023.307.09.18.44,unlabelled,,,,,0,0,0.0,0.0,,,7.326000213623047,-75.63400268554688,32.62,1.5,6.5395,-74.456333,260.0,156.53,303.83
PTB.2023.308.05.29.29,PTB,2023.308.05.29.29,unlabelled,,,,,0,0,0.0,0.0,,,4.400000095367432,-73.68299865722656,10.26,1.5,6.5395,-74.456333,260.0,251.64,160.05
PTB.2023.308.08.47.01,PTB,2023.308.08.47.01,unlabelled,,,,,0,0,0.0,0.0,,,6.723999977111816,-76.81999969482422,13.05,1.6,6.5395,-74.456333,260.0,262.17,274.6
PTB.2023.308.12.30.56,PTB,2023.308.12.30.56,unlabelled,,,,,0,0,0.0,0.0,,,6.986000061035156,-76.2770004272461,19.9,2.0,6.5395,-74.456333,260.0,207.24,283.89
PTB.2023.308.20.11.56,PTB,2023.308.20.11.56,unlabelled,,,,,0,0,0.0,0.0,,,5.806000232696533,-72.19000244140625,3.56,2.1,6.5395,-74.456333,260.0,263.62,107.8
PTB.2023.309.13.07.13,PTB,2023.309.13.07.13,unlabelled,,,,,0,0,0.0,0.0,,,5.21999979019165,-75.20700073242188,15.21,1.5,6.5395,-74.456333,260.0,167.93,209.71
PTB.2023.309.17.52.41,PTB,2023.309.17.52.41,unlabelled,,,,,0,0,0.0,0.0,,,5.110000133514404,-73.03299713134766,13.4,2.5,6.5395,-74.456333,260.0,223.24,135.01
PTB.2023.310.01.03.41,PTB,2023.310.01.03.41,unlabelled,,,,,0,0,0.0,0.0,,,6.533999919891357,-71.85600280761719,0.0,2.4,6.5395,-74.456333,260.0,287.6,89.97
PTB.2023.310.02.00.04,PTB,2023.310.02.00.04,unlabelled,,,,,0,0,0.0,0.0,,,4.039000034332275,-75.6719970703125,5.2,1.5,6.5395,-74.456333,260.0,307.6,206.04
PTB.2023.310.05.05.52,PTB,2023.310.05.05.52,unlabelled,,,,,0,0,0.0,0.0,-0.05,,6.815999984741211,-76.63099670410156,22.3,2.1,6.5395,-74.456333,260.0,242.39,277.37
PTB.2023.310.15.53.48,PTB,2023.310.15.53.48,unlabelled,,,,,0,0,0.0,0.0,,,6.908999919891357,-72.11399841308594,13.16,1.8,6.5395,-74.456333,260.0,262.17,80.9
PTB.2023.311.01.54.16,PTB,2023.311.01.54.16,unlabelled,,,,,0,0,0.0,0.0,,,7.026000022888184,-76.69100189208984,29.57,2.3,6.5395,-74.456333,260.0,252.82,282.42
PTB.2023.311.02.47.32,PTB,2023.311.02.47.32,unlabelled,,,,,0,0,0.0,0.0,,,6.99399995803833,-76.28299713134766,15.74,1.8,6.5395,-74.456333,260.0,208.1,284.08
PTB.2023.311.04.20.11,PTB,2023.311.04.20.11,unlabelled,,,,,0,0,0.0,0.0,,,6.979000091552734,-76.29000091552734,19.73,1.6,6.5395,-74.456333,260.0,208.46,283.59
PTB.2023.311.09.44.34,PTB,2023.311.09.44.34,unlabelled,,,,,0,0,0.0,0.0,,,6.929999828338623,-76.6729965209961,28.4,1.6,6.5395,-74.456333,260.0,248.84,280.12
PTB.2023.311.09.48.56,PTB,2023.311.09.48.56,unlabelled,,,,,0,0,0.0,0.0,,,5.815000057220459,-76.83100128173828,30.27,2.4,6.5395,-74.456333,260.0,274.76,253.18
PTB.2023.311.10.09.58,PTB,2023.311.10.09.58,unlabelled,,,,,0,0,0.0,0.0,,,4.929999828338623,-73.2760009765625,10.59,1.5,6.5395,-74.456333,260.0,220.84,143.64
PTB.2023.311.15.25.57,PTB,2023.311.15.25.57,unlabelled,,,,,0,0,0.0,0.0,,,6.9730000495910645,-76.23600006103516,15.74,1.6,6.5395,-74.456333,260.0,202.5,283.8
PTB.2023.311.20.04.23,PTB,2023.311.20.04.23,unlabelled,,,,,0,0,0.0,0.0,,,4.449999809265137,-73.63600158691406,9.36,1.7,6.5395,-74.456333,260.0,248.3,158.48
PTB.2023.311.22.58.15,PTB,2023.311.22.58.15,unlabelled,,,,,0,0,0.0,0.0,,,3.5429999828338623,-74.20999908447266,22.01,1.7,6.5395,-74.456333,260.0,332.49,175.28
PTB.2023.312.05.14.35,PTB,2023.312.05.14.35,unlabelled,,,,,0,0,0.0,0.0,,,6.973999977111816,-76.27799987792969,17.27,2.5,6.5395,-74.456333,260.0,207.04,283.53
PTB.2023.312.06.30.06,PTB,2023.312.06.30.06,unlabelled,,,,,0,0,0.0,0.0,,,6.966000080108643,-76.21900177001953,15.74,2.0,6.5395,-74.456333,260.0,200.49,283.71
PTB.2023.312.08.50.24,PTB,2023.312.08.50.24,unlabelled,,,,,0,0,0.0,0.0,,,3.7170000076293945,-74.19400024414062,13.11,2.1,6.5395,-74.456333,260.0,313.47,174.66
PTB.2023.312.11.11.28,PTB,2023.312.11.11.28,unlabelled,,,,,0,0,0.0,0.0,,,3.9749999046325684,-75.3010025024414,8.54,1.6,6.5395,-74.456333,260.0,298.65,198.31
PTB.2023.312.20.38.14,PTB,2023.312.20.38.14,unlabelled,,,,,0,0,0.0,0.0,,,5.1620001792907715,-75.49500274658203,7.95,2.1,6.5395,-74.456333,260.0,190.88,217.11
PTB.2023.313.04.59.50,PTB,2023.313.04.59.50,unlabelled,,,,,0,0,0.0,0.0,,,5.163000106811523,-75.49800109863281,7.22,1.8,6.5395,-74.456333,260.0,190.99,217.21
PTB.2023.313.06.05.11,PTB,2023.313.06.05.11,unlabelled,,,,,0,0,0.0,0.0,,,6.9710001945495605,-76.23799896240234,12.52,1.9,6.5395,-74.456333,260.0,202.66,283.72
PTB.2023.313.15.15.56,PTB,2023.313.15.15.56,unlabelled,,,,,0,0,0.0,0.0,,,6.806000232696533,-76.33399963378906,25.47,2.0,6.5395,-74.456333,260.0,209.7,278.19
PTB.2023.313.18.26.47,PTB,2023.313.18.26.47,unlabelled,,,,,0,0,0.0,0.0,,,6.979000091552734,-76.21499633789062,15.04,1.9,6.5395,-74.456333,260.0,200.4,284.14
PTB.2023.313.18.48.03,PTB,2023.313.18.48.03,unlabelled,,,,,0,0,0.0,0.0,,,6.98199987411499,-76.23500061035156,16.33,1.6,6.5395,-74.456333,260.0,202.63,284.08
PTB.2023.313.20.19.22,PTB,2023.313.20.19.22,unlabelled,,,,,0,0,0.0,0.0,,,6.296000003814697,-74.01899719238281,31.81,1.6,6.5395,-74.456333,260.0,55.37,119.08
PTB.2023.313.20.38.05,PTB,2023.313.20.38.05,unlabelled,,,,,0,0,0.0,0.0,,,6.986999988555908,-76.23200225830078,16.21,1.9,6.5395,-74.456333,260.0,202.44,284.25
PTB.2023.313.23.14.20,PTB,2023.313.23.14.20,unlabelled,,,,,0,0,0.0,0.0,,,3.8559999465942383,-73.70099639892578,14.86,1.6,6.5395,-74.456333,260.0,308.34,164.21
PTB.2023.314.00.58.25,PTB,2023.314.00.58.25,unlabelled,,,,,0,0,0.0,0.0,,,7.51200008392334,-72.2249984741211,13.87,1.7,6.5395,-74.456333,260.0,268.97,66.3
PTB.2023.314.06.10.41,PTB,2023.314.06.10.41,unlabelled,,,,,0,0,0.0,0.0,,,4.673999786376953,-76.73100280761719,40.12,2.0,6.5395,-74.456333,260.0,325.67,230.81
PTB.2023.314.11.06.24,PTB,2023.314.11.06.24,unlabelled,,,,,0,0,0.0,0.0,,,7.026000022888184,-76.16100311279297,9.88,1.5,6.5395,-74.456333,260.0,195.97,286.03
PTB.2023.314.13.35.17,PTB,2023.314.13.35.17,unlabelled,,,,,0,0,0.0,0.0,-0.44,-1.35,6.880000114440918,-76.302001953125,19.96,1.7,6.5395,-74.456333,260.0,207.51,280.56
PTB.2023.314.15.00.52,PTB,2023.314.15.00.52,unlabelled,,,,,0,0,0.0,0.0,,,4.421000003814697,-74.01699829101562,1.59,1.5,6.5395,-74.456333,260.0,239.28,168.24
PTB.2023.314.18.32.10,PTB,2023.314.18.32.10,unlabelled,,,,,0,0,0.0,0.0,,,6.9730000495910645,-76.20800018310547,15.27,1.5,6.5395,-74.456333,260.0,199.49,284.01
PTB.2023.315.01.46.13,PTB,2023.315.01.46.13,unlabelled,,,,,0,0,0.0,0.0,,,7.473999977111816,-72.56999969482422,15.27,1.6,6.5395,-74.456333,260.0,232.64,63.51
PTB.2023.315.04.29.51,PTB,2023.315.04.29.51,unlabelled,,,,,0,0,0.0,0.0,,,5.331999778747559,-76.6510009765625,32.38,1.9,6.5395,-74.456333,260.0,277.28,241.33
PTB.2023.315.08.05.48,PTB,2023.315.08.05.48,unlabelled,,,,,0,0,0.0,0.0,,,6.9710001945495605,-76.28700256347656,10.12,1.8,6.5395,-74.456333,260.0,207.93,283.37
PTB.2023.315.10.49.17,PTB,2023.315.10.49.17,unlabelled,,,,,0,0,0.0,0.0,,,5.348999977111816,-76.76399993896484,37.07,2.4,6.5395,-74.456333,260.0,287.43,242.86
PTB.2023.315.16.51.17,PTB,2023.315.16.51.17,unlabelled,,,,,0,0,0.0,0.0,,,7.370999813079834,-76.16200256347656,12.93,1.5,6.5395,-74.456333,260.0,209.72,296.11
PTB.2023.316.03.22.45,PTB,2023.316.03.22.45,unlabelled,,,,,0,0,0.0,0.0,,,6.980999946594238,-76.26000213623047,10.88,1.8,6.5395,-74.456333,260.0,205.29,283.86
PTB.2023.316.11.50.29,PTB,2023.316.11.50.29,unlabelled,,,,,0,0,0.0,0.0,-0.86,,6.798999786376953,-76.68199920654297,21.6,1.7,6.5395,-74.456333,260.0,247.76,276.78
PTB.2023.316.13.18.45,PTB,2023.316.13.18.45,unlabelled,,,,,0,0,0.0,0.0,,,4.385000228881836,-73.67400360107422,8.74,1.7,6.5395,-74.456333,260.0,253.54,159.97
PTB.2023.316.16.38.58,PTB,2023.316.16.38.58,unlabelled,,,,,0,0,0.0,0.0,,,5.946000099182129,-72.43900299072266,24.65,2.0,6.5395,-74.456333,260.0,232.69,106.27
PTB.2023.316.22.16.47,PTB,2023.316.22.16.47,unlabelled,,,,,0,0,0.0,0.0,,,4.296000003814697,-73.75499725341797,14.66,2.5,6.5395,-74.456333,260.0,259.98,162.57
PTB.2023.317.12.10.13,PTB,2023.317.12.10.13,unlabelled,,,,,0,0,0.0,0.0,,,5.821000099182129,-72.4540023803711,12.44,2.1,6.5395,-74.456333,260.0,235.42,109.62
PTB.2023.318.00.17.46,PTB,2023.318.00.17.46,unlabelled,,,,,0,0,0.0,0.0,,,3.9679999351501465,-75.51399993896484,17.91,2.3,6.5395,-74.456333,260.0,307.59,202.46
PTB.2023.318.15.14.50,PTB,2023.318.15.14.50,unlabelled,,,,,0,0,0.0,0.0,,,6.966000080108643,-76.37699890136719,13.63,1.8,6.5395,-74.456333,260.0,217.51,282.64
PTB.2023.318.22.08.53,PTB,2023.318.22.08.53,unlabelled,,,,,0,0,0.0,0.0,,,7.006999969482422,-76.26200103759766,19.02,1.7,6.5395,-74.456333,260.0,206.2,284.63
PTB.2023.318.22.27.00,PTB,2023.318.22.27.00,unlabelled,,,,,0,0,0.0,0.0,,,5.7769999504089355,-76.33300018310547,12.93,1.5,6.5395,-74.456333,260.0,224.17,248.01
